timestamp,bpm,beat_phase,meter_beats,beat_in_bar,is_downbeat,lm_0_x,lm_0_y,lm_1_x,lm_1_y,lm_2_x,lm_2_y,lm_3_x,lm_3_y,lm_4_x,lm_4_y,lm_5_x,lm_5_y,lm_6_x,lm_6_y,lm_7_x,lm_7_y,lm_8_x,lm_8_y,lm_9_x,lm_9_y,lm_10_x,lm_10_y,lm_11_x,lm_11_y,lm_12_x,lm_12_y,lm_13_x,lm_13_y,lm_14_x,lm_14_y,lm_15_x,lm_15_y,lm_16_x,lm_16_y,lm_17_x,lm_17_y,lm_18_x,lm_18_y,lm_19_x,lm_19_y,lm_20_x,lm_20_y,right_shoulder_x,right_shoulder_y,right_shoulder_conf,right_elbow_x,right_elbow_y,right_elbow_conf,right_wrist_x,right_wrist_y,right_wrist_conf,wrist_x,wrist_y,raw_wrist_x,raw_wrist_y,hand_scale_px,confidence,tracking_mode,dynamics_intensity,dynamics_raw_intensity,dynamics_span_px,dynamics_reference_span_px
167244.911638,120.0,0.0000,3,1,1,0.64375,0.85139,0.61094,0.84583,0.58672,0.83333,0.56797,0.82917,0.55547,0.81944,0.60313,0.75556,0.58203,0.77500,0.57031,0.80139,0.56094,0.82917,0.62344,0.76389,0.60703,0.78333,0.59141,0.81528,0.57969,0.84444,0.64297,0.78750,0.63516,0.80278,0.62187,0.83056,0.61250,0.85833,0.65859,0.82222,0.65859,0.84028,0.65234,0.86389,0.64609,0.88333,0.61090,0.69333,0.9998,0.75708,0.89671,0.9569,0.65730,0.82660,0.9927,0.65631,0.67493,0.64375,0.85139,67.14,0.9988,live,0.4241,0.4756,206.67,434.50
167244.978890,120.0,0.1340,3,1,1,0.65938,0.83472,0.62656,0.82917,0.60156,0.80833,0.58281,0.79722,0.56719,0.78611,0.61641,0.73194,0.59297,0.73750,0.58047,0.76111,0.57188,0.78194,0.63438,0.73472,0.61172,0.73750,0.59609,0.76528,0.58437,0.79028,0.65312,0.75278,0.64141,0.75556,0.62734,0.78194,0.61562,0.80694,0.66953,0.78333,0.66797,0.79722,0.66250,0.81806,0.65625,0.83611,0.61072,0.69310,0.9998,0.76557,0.88988,0.9569,0.65699,0.81663,0.9918,0.65692,0.70689,0.65938,0.83472,71.91,0.9990,live,0.4409,0.5176,224.72,434.13
167245.047632,120.0,0.2715,3,1,1,0.68750,0.78194,0.66406,0.78056,0.64219,0.76944,0.62656,0.76111,0.61719,0.75000,0.67109,0.70278,0.64922,0.70139,0.63438,0.71944,0.62500,0.73611,0.68906,0.70972,0.66875,0.70694,0.65391,0.72639,0.64375,0.74583,0.70469,0.73056,0.69531,0.73472,0.68516,0.75000,0.67734,0.76667,0.71562,0.75972,0.71719,0.76667,0.71484,0.77917,0.71172,0.79167,0.61008,0.69513,0.9998,0.76938,0.88615,0.9568,0.69819,0.81733,0.9900,0.66304,0.72190,0.68750,0.78194,55.60,0.9967,live,0.4604,0.5493,231.85,422.07
167245.110513,120.0,0.3973,3,1,1,0.68750,0.78194,0.66406,0.78056,0.64219,0.76944,0.62656,0.76111,0.61719,0.75000,0.67109,0.70278,0.64922,0.70139,0.63438,0.71944,0.62500,0.73611,0.68906,0.70972,0.66875,0.70694,0.65391,0.72639,0.64375,0.74583,0.70469,0.73056,0.69531,0.73472,0.68516,0.75000,0.67734,0.76667,0.71562,0.75972,0.71719,0.76667,0.71484,0.77917,0.71172,0.79167,0.60996,0.70319,0.9999,0.76843,0.89690,0.9546,0.76172,0.81748,0.9906,0.66304,0.72190,0.68750,0.78194,55.60,0.5980,hold,0.4604,0.5493,231.85,422.07
167245.177729,120.0,0.5317,3,1,1,0.78906,0.75000,0.76562,0.73333,0.75781,0.70139,0.76250,0.68194,0.77344,0.67361,0.79531,0.68056,0.80078,0.63750,0.80469,0.64583,0.80781,0.66806,0.82031,0.69306,0.83672,0.64861,0.84062,0.65833,0.84141,0.68056,0.83906,0.71111,0.85938,0.67361,0.86797,0.68194,0.87031,0.70278,0.85313,0.73472,0.87187,0.71250,0.88359,0.71389,0.88984,0.72500,0.60878,0.70334,0.9999,0.76803,0.87255,0.9511,0.79822,0.79759,0.9910,0.68824,0.72752,0.78906,0.75000,68.57,0.8820,live,0.4536,0.4022,169.22,420.79
167245.243082,120.0,0.6624,3,1,1,0.80469,0.75417,0.78281,0.72500,0.77656,0.68750,0.79141,0.66389,0.80703,0.64167,0.81797,0.64722,0.82812,0.61667,0.83672,0.62500,0.84219,0.64722,0.84219,0.65833,0.85781,0.62361,0.86797,0.63194,0.87266,0.65694,0.85938,0.67639,0.87813,0.65000,0.89141,0.65694,0.89922,0.67778,0.87031,0.70139,0.89062,0.69028,0.90391,0.69167,0.91406,0.70278,0.60875,0.70354,0.9999,0.76898,0.87169,0.9489,0.80529,0.74534,0.9915,0.71153,0.73285,0.80469,0.75417,83.16,0.8077,live,0.4482,0.4238,182.31,430.17
167245.311205,120.0,0.7986,3,1,1,0.80937,0.73333,0.78672,0.70833,0.77969,0.67222,0.79453,0.65000,0.80781,0.62639,0.81875,0.63889,0.82969,0.60556,0.83750,0.61389,0.84453,0.63611,0.84219,0.64861,0.85938,0.60972,0.86953,0.62083,0.87344,0.64722,0.86016,0.66528,0.88047,0.63750,0.89297,0.64583,0.89609,0.66944,0.87109,0.69028,0.89453,0.67361,0.90703,0.67639,0.91172,0.69167,0.60923,0.70342,0.9999,0.76878,0.87131,0.9475,0.80647,0.72682,0.9919,0.73110,0.73294,0.80937,0.73333,76.13,0.8438,live,0.4482,0.4464,193.46,433.36
167245.381941,120.0,0.9401,3,1,1,0.80391,0.73056,0.78125,0.70694,0.77266,0.67222,0.78438,0.64861,0.80000,0.62917,0.81172,0.63889,0.82266,0.60556,0.83047,0.61389,0.83672,0.63472,0.83516,0.64722,0.85234,0.60972,0.86172,0.62222,0.86406,0.65139,0.85313,0.66528,0.87422,0.63333,0.88672,0.64444,0.88984,0.67222,0.86562,0.68750,0.88750,0.66944,0.90000,0.67500,0.90469,0.69306,0.60921,0.70536,0.9999,0.76095,0.87124,0.9433,0.80500,0.73053,0.9922,0.74566,0.73247,0.80391,0.73056,75.27,0.8436,live,0.4237,0.3122,135.97,435.56
167245.445548,120.0,0.0673,3,2,0,0.79609,0.72361,0.77344,0.70278,0.76250,0.66944,0.77187,0.64444,0.78516,0.62222,0.80078,0.63194,0.80859,0.59861,0.81641,0.60694,0.82422,0.62639,0.82422,0.64028,0.83906,0.60278,0.84922,0.61667,0.85391,0.64583,0.84219,0.65556,0.86094,0.62500,0.87266,0.63889,0.87734,0.66667,0.85547,0.67778,0.87578,0.65972,0.88750,0.66806,0.89297,0.68611,0.60930,0.70532,0.9999,0.76250,0.87255,0.9428,0.80149,0.71659,0.9926,0.75575,0.73070,0.79609,0.72361,74.12,0.8601,live,0.4027,0.3068,133.96,436.66
167245.508335,120.0,0.1929,3,2,0,0.79531,0.68611,0.77266,0.67639,0.75938,0.64861,0.76094,0.63056,0.76406,0.61250,0.78281,0.58750,0.78672,0.54444,0.79063,0.55694,0.79688,0.58194,0.80781,0.59028,0.81875,0.54722,0.82578,0.56389,0.83203,0.59583,0.82891,0.60278,0.84297,0.56944,0.85313,0.58472,0.85859,0.61667,0.84609,0.62500,0.86094,0.60833,0.86953,0.61528,0.87500,0.63472,0.60955,0.70585,0.9999,0.76289,0.87257,0.9429,0.79851,0.69357,0.9932,0.76366,0.72178,0.79531,0.68611,76.87,0.8626,live,0.3890,0.3267,143.62,439.61
167245.580257,120.0,0.3367,3,2,0,0.76016,0.60556,0.74766,0.57639,0.73984,0.53611,0.74062,0.50556,0.74453,0.48056,0.75625,0.46528,0.76172,0.42222,0.76875,0.44028,0.77422,0.46944,0.77187,0.46667,0.77812,0.41250,0.78438,0.43333,0.78750,0.46667,0.78594,0.48056,0.79219,0.43333,0.80078,0.44722,0.80547,0.47361,0.80000,0.50556,0.81094,0.47639,0.82031,0.47778,0.82734,0.48889,0.60956,0.70335,0.9999,0.77621,0.83801,0.9450,0.77659,0.58847,0.9938,0.76296,0.69853,0.76016,0.60556,88.38,0.8394,live,0.3714,0.2911,131.16,450.49
167245.644735,120.0,0.4657,3,2,0,0.72188,0.47361,0.69219,0.43611,0.68047,0.38194,0.67969,0.33750,0.67500,0.30556,0.70312,0.34444,0.70078,0.30556,0.69844,0.28472,0.69609,0.26667,0.72188,0.34306,0.72422,0.29444,0.72344,0.26806,0.72109,0.25000,0.73906,0.35000,0.74453,0.30556,0.74453,0.28333,0.74141,0.26806,0.75547,0.36667,0.76484,0.33611,0.76719,0.31667,0.76641,0.30139,0.60799,0.69491,0.9999,0.77667,0.75442,0.9482,0.74013,0.46229,0.9944,0.75474,0.65355,0.72188,0.47361,86.78,0.9301,live,0.3598,0.3071,140.91,458.91
167245.709611,120.0,0.5954,3,2,0,0.70156,0.41667,0.67109,0.36389,0.66094,0.30972,0.65938,0.26528,0.65625,0.22778,0.68125,0.29444,0.67734,0.25139,0.67422,0.22500,0.67188,0.19861,0.69453,0.29028,0.69375,0.25000,0.69141,0.21944,0.68984,0.19167,0.70781,0.29028,0.71016,0.25278,0.70781,0.21667,0.70547,0.18472,0.72266,0.29444,0.72656,0.25833,0.72578,0.23194,0.72578,0.20694,0.60694,0.67267,0.9999,0.77276,0.68208,0.9520,0.70076,0.36282,0.9949,0.74411,0.60617,0.70156,0.41667,82.06,0.8542,live,0.3467,0.2870,132.85,462.93
167245.779422,120.0,0.7351,3,2,0,0.67422,0.35972,0.64453,0.31528,0.63359,0.26528,0.63125,0.22361,0.62813,0.19167,0.65391,0.23750,0.65000,0.20139,0.64766,0.18194,0.64453,0.16250,0.66563,0.23333,0.66484,0.19722,0.66172,0.17500,0.65938,0.15556,0.67734,0.23472,0.67969,0.19861,0.67812,0.17222,0.67656,0.14861,0.69141,0.24028,0.69453,0.20278,0.69375,0.18056,0.69375,0.15972,0.60677,0.67272,0.9999,0.76309,0.65105,0.9546,0.67213,0.32620,0.9954,0.73013,0.55688,0.67422,0.35972,80.06,0.9498,live,0.3397,0.3081,143.25,465.02
167245.842926,120.0,0.8621,3,2,0,0.65938,0.32639,0.62891,0.29028,0.61250,0.24722,0.60781,0.20694,0.60469,0.17500,0.62813,0.20417,0.61797,0.16528,0.61250,0.13889,0.60781,0.11389,0.64297,0.19444,0.63906,0.15278,0.63594,0.12500,0.63203,0.10000,0.65781,0.19444,0.65703,0.15556,0.65312,0.12500,0.64766,0.09861,0.67344,0.20139,0.67422,0.16389,0.67109,0.14028,0.66563,0.11806,0.60421,0.67343,0.9998,0.75274,0.62903,0.9569,0.66035,0.31607,0.9958,0.71598,0.51078,0.65938,0.32639,85.94,0.9145,live,0.3448,0.3679,173.31,471.10
167245.909891,120.0,0.9960,3,2,0,0.65234,0.32222,0.62266,0.29861,0.60547,0.25833,0.60078,0.21806,0.59766,0.18750,0.62344,0.20833,0.61406,0.16667,0.60703,0.14444,0.59922,0.12500,0.63984,0.19861,0.63359,0.15000,0.62578,0.12361,0.61719,0.10556,0.65547,0.19861,0.65234,0.15000,0.64609,0.12500,0.63672,0.10556,0.67031,0.20694,0.67109,0.16667,0.66641,0.14306,0.65938,0.12500,0.60187,0.67416,0.9998,0.74689,0.63540,0.9593,0.65491,0.32714,0.9962,0.70325,0.47307,0.65234,0.32222,81.63,0.9488,live,0.3597,0.4277,202.46,473.34
167245.981043,120.0,0.1383,3,3,0,0.64922,0.35833,0.62109,0.33750,0.60469,0.29722,0.60000,0.25972,0.59688,0.22778,0.62266,0.24583,0.61406,0.20278,0.60703,0.18056,0.59844,0.16389,0.63984,0.23889,0.63516,0.18750,0.62734,0.16111,0.61719,0.14444,0.65547,0.24167,0.65469,0.19028,0.64844,0.16389,0.64062,0.14722,0.67109,0.25278,0.67344,0.21250,0.66953,0.19028,0.66250,0.17361,0.59990,0.67704,0.9998,0.74687,0.64529,0.9604,0.65356,0.35351,0.9965,0.69244,0.45012,0.64922,0.35833,79.47,0.9096,live,0.3796,0.4703,222.79,473.76
167246.042145,120.0,0.2605,3,3,0,0.64922,0.35833,0.62109,0.33750,0.60469,0.29722,0.60000,0.25972,0.59688,0.22778,0.62266,0.24583,0.61406,0.20278,0.60703,0.18056,0.59844,0.16389,0.63984,0.23889,0.63516,0.18750,0.62734,0.16111,0.61719,0.14444,0.65547,0.24167,0.65469,0.19028,0.64844,0.16389,0.64062,0.14722,0.67109,0.25278,0.67344,0.21250,0.66953,0.19028,0.66250,0.17361,0.59894,0.67716,0.9998,0.74722,0.74410,0.9618,0.65431,0.42261,0.9969,0.69244,0.45012,0.64922,0.35833,79.47,0.5458,hold,0.3796,0.4703,222.79,473.76
167246.112930,120.0,0.4021,3,3,0,0.64609,0.60139,0.61875,0.59306,0.59453,0.55556,0.58281,0.52361,0.57812,0.49583,0.60313,0.49444,0.59375,0.44028,0.58984,0.46389,0.59062,0.49306,0.62422,0.49306,0.61719,0.42917,0.61250,0.46528,0.61328,0.50000,0.64687,0.50000,0.64219,0.43750,0.63750,0.47222,0.63672,0.50556,0.66953,0.51389,0.66797,0.46944,0.66328,0.49444,0.66328,0.52083,0.59644,0.67739,0.9998,0.74774,0.81020,0.9632,0.65043,0.57736,0.9971,0.68317,0.48038,0.64609,0.60139,83.36,0.7053,live,0.3890,0.4318,205.96,476.92
167246.181052,120.0,0.5383,3,3,0,0.64141,0.75278,0.61094,0.74583,0.58594,0.72361,0.57188,0.70833,0.57188,0.69306,0.60313,0.65000,0.58594,0.64861,0.57969,0.68472,0.58047,0.71806,0.62656,0.65278,0.61250,0.65694,0.60547,0.69583,0.60391,0.73194,0.64766,0.67083,0.64062,0.68472,0.63516,0.72222,0.63047,0.75417,0.66406,0.70000,0.66406,0.71944,0.66016,0.74722,0.65547,0.77083,0.60047,0.67712,0.9998,0.75315,0.86095,0.9634,0.65298,0.76040,0.9963,0.67482,0.53486,0.64141,0.75278,74.23,0.9881,live,0.3890,0.3776,178.66,473.14
167246.245421,120.0,0.6671,3,3,0,0.62266,0.78889,0.60078,0.78611,0.58359,0.78194,0.57109,0.78333,0.56016,0.78333,0.60313,0.71806,0.58594,0.73472,0.57656,0.76528,0.56875,0.79306,0.62422,0.72500,0.61094,0.75278,0.59688,0.79306,0.58516,0.82222,0.64219,0.74444,0.63438,0.77500,0.62266,0.81111,0.61328,0.83611,0.65547,0.76944,0.65312,0.78889,0.64609,0.81667,0.63828,0.83611,0.61160,0.69006,0.9998,0.75426,0.90020,0.9617,0.65446,0.81607,0.9950,0.66439,0.58566,0.62266,0.78889,55.91,0.9756,live,0.3788,0.3324,151.78,456.62
167246.310250,120.0,0.7967,3,3,0,0.62656,0.82778,0.60703,0.82083,0.58672,0.81250,0.57109,0.81667,0.56406,0.82639,0.60938,0.75278,0.58906,0.76944,0.57734,0.80000,0.56875,0.82639,0.63125,0.76250,0.61328,0.78472,0.59844,0.82222,0.58672,0.85417,0.64922,0.78611,0.63750,0.80833,0.62187,0.85000,0.60938,0.88194,0.66172,0.81667,0.65938,0.84306,0.65156,0.87361,0.64453,0.89583,0.61212,0.68994,0.9998,0.75466,0.90268,0.9621,0.65527,0.84037,0.9949,0.65682,0.63409,0.62656,0.82778,58.17,0.9947,live,0.3788,0.3658,162.32,443.70
167246.377252,120.0,0.9307,3,3,0,0.62969,0.85139,0.60625,0.84306,0.58359,0.83056,0.56641,0.82500,0.56016,0.82639,0.60547,0.75694,0.58594,0.77361,0.57656,0.80972,0.57109,0.84306,0.63047,0.76528,0.61484,0.78333,0.60156,0.82500,0.59141,0.85694,0.65078,0.78889,0.64062,0.80556,0.62422,0.85278,0.60938,0.88611,0.66406,0.82083,0.66328,0.85278,0.65391,0.89028,0.64375,0.91389,0.61181,0.69614,0.9999,0.76362,0.90045,0.9625,0.65663,0.83820,0.9945,0.65140,0.67755,0.62969,0.85139,68.48,0.9907,live,0.3893,0.4372,192.27,439.77
167246.445601,120.0,0.0674,3,1,1,0.63906,0.83472,0.61406,0.82361,0.59062,0.80694,0.57266,0.80139,0.56953,0.80694,0.61250,0.74306,0.59609,0.75972,0.58359,0.79028,0.57422,0.81806,0.63672,0.75556,0.62187,0.77361,0.60703,0.81250,0.59531,0.84444,0.65625,0.78194,0.64531,0.79722,0.63047,0.83611,0.61719,0.86806,0.67109,0.81667,0.66953,0.83889,0.66016,0.87083,0.65078,0.89306,0.61304,0.69553,0.9999,0.76479,0.89862,0.9625,0.65720,0.83450,0.9941,0.64893,0.70898,0.63906,0.83472,66.54,0.9896,live,0.4016,0.4574,198.93,434.90
167246.513906,120.0,0.2040,3,1,1,0.66953,0.83472,0.63906,0.82778,0.61562,0.80556,0.60000,0.79306,0.58359,0.78056,0.63984,0.74028,0.62187,0.73889,0.60859,0.76528,0.59844,0.79167,0.66172,0.75278,0.64922,0.75139,0.63359,0.78333,0.62266,0.81111,0.67969,0.77778,0.67422,0.77778,0.65938,0.80833,0.64609,0.83333,0.69219,0.81250,0.69063,0.82222,0.68203,0.84861,0.67422,0.86667,0.61290,0.69273,0.9999,0.76450,0.90205,0.9629,0.67414,0.83603,0.9941,0.65305,0.73413,0.66953,0.83472,63.92,0.9976,live,0.4183,0.4943,211.93,428.74
167246.579294,120.0,0.3348,3,1,1,0.73047,0.76806,0.70469,0.75694,0.68516,0.74583,0.66641,0.74722,0.64922,0.74722,0.71797,0.72083,0.69141,0.72917,0.67266,0.74306,0.65703,0.75278,0.73203,0.73889,0.70078,0.74583,0.67812,0.76389,0.66016,0.77639,0.74219,0.76111,0.71797,0.77222,0.69844,0.78472,0.68203,0.79306,0.74922,0.78611,0.73438,0.79722,0.72031,0.80556,0.70625,0.81111,0.60929,0.69488,0.9999,0.76331,0.90225,0.9603,0.71477,0.84392,0.9926,0.66853,0.74092,0.73047,0.76806,36.92,0.9550,live,0.4396,0.5364,216.65,403.87
167246.642809,120.0,0.4618,3,1,1,0.83984,0.78750,0.81406,0.75556,0.78672,0.73333,0.76406,0.72778,0.74844,0.73611,0.80312,0.74028,0.78828,0.74722,0.78359,0.75694,0.78281,0.76111,0.81484,0.76389,0.81172,0.77361,0.81641,0.78333,0.82422,0.79028,0.82812,0.78889,0.82969,0.80833,0.83828,0.82083,0.84922,0.83194,0.83828,0.81389,0.84219,0.82917,0.84766,0.83889,0.85547,0.84722,0.60640,0.69619,0.9999,0.74785,0.88518,0.9610,0.78229,0.83470,0.9931,0.70280,0.75023,0.83984,0.78750,45.72,0.8220,live,0.4560,0.5309,206.17,388.32
167246.708986,120.0,0.5942,3,1,1,0.78281,0.79861,0.81406,0.81806,0.84922,0.82500,0.87578,0.83056,0.89844,0.84306,0.85469,0.79167,0.88203,0.78750,0.89141,0.81111,0.89766,0.84722,0.83984,0.77222,0.86484,0.75694,0.87500,0.77917,0.87813,0.81528,0.81719,0.75833,0.83516,0.73333,0.84609,0.74722,0.85313,0.77639,0.79141,0.74722,0.78906,0.72500,0.79219,0.72917,0.79609,0.74722,0.60429,0.69685,0.9999,0.73341,0.90498,0.9559,0.80465,0.82915,0.9930,0.78281,0.79861,0.78281,0.79861,73.32,0.9478,live,0.5045,0.7253,286.13,394.51
167246.778835,120.0,0.7339,3,1,1,0.79219,0.83194,0.77578,0.79028,0.77891,0.74861,0.80078,0.74167,0.82578,0.74722,0.82422,0.72361,0.84609,0.71389,0.85625,0.73889,0.86328,0.77639,0.84453,0.74861,0.87266,0.73472,0.88438,0.76250,0.88984,0.80278,0.85703,0.77500,0.88516,0.76528,0.89766,0.79167,0.90391,0.82639,0.86250,0.80417,0.88516,0.80000,0.89609,0.81806,0.90312,0.84028,0.60316,0.69745,0.9999,0.73094,0.91223,0.9535,0.80695,0.82599,0.9930,0.72067,0.76657,0.79219,0.83194,86.55,0.9550,live,0.5261,0.6247,255.79,409.48
167246.847359,120.0,0.8709,3,1,1,0.79531,0.82222,0.77656,0.78611,0.77578,0.74861,0.79844,0.74583,0.82188,0.75000,0.82266,0.71111,0.84453,0.71111,0.85391,0.74028,0.86250,0.77500,0.84688,0.73194,0.87344,0.73056,0.88281,0.76250,0.88672,0.80000,0.86250,0.75833,0.88906,0.75972,0.90000,0.78889,0.90391,0.82222,0.87031,0.78611,0.89141,0.79583,0.90000,0.81806,0.90312,0.84167,0.60179,0.69716,0.9999,0.72762,0.90540,0.9471,0.82026,0.82496,0.9930,0.73560,0.77770,0.79531,0.82222,90.22,0.9921,live,0.5196,0.4898,208.33,425.30
167246.911539,120.0,0.9993,3,1,1,0.78984,0.80972,0.77109,0.76667,0.77109,0.72639,0.79531,0.72639,0.81875,0.73472,0.81250,0.68472,0.83437,0.68611,0.84609,0.71667,0.85625,0.75278,0.83828,0.70417,0.86562,0.70417,0.87813,0.73889,0.88438,0.77917,0.85547,0.73056,0.88047,0.73194,0.89219,0.76250,0.89766,0.79861,0.86406,0.76111,0.88594,0.77083,0.89453,0.79306,0.89844,0.81944,0.60081,0.69501,0.9999,0.72766,0.89077,0.9421,0.81118,0.81325,0.9932,0.74645,0.78411,0.78984,0.80972,94.95,0.9916,live,0.5042,0.4344,192.27,442.63
167246.982960,120.0,0.1421,3,2,0,0.78203,0.72222,0.75547,0.69583,0.74844,0.65694,0.76484,0.65000,0.78281,0.65833,0.79141,0.60000,0.80547,0.58333,0.81406,0.61528,0.82344,0.65417,0.81953,0.61528,0.83984,0.59444,0.84766,0.63056,0.85234,0.67361,0.83906,0.64167,0.85859,0.62639,0.86719,0.66111,0.87109,0.69722,0.85078,0.67361,0.86719,0.66667,0.87109,0.69167,0.87422,0.71806,0.60068,0.68596,0.9999,0.72852,0.86557,0.9385,0.80537,0.73120,0.9935,0.75357,0.77173,0.78203,0.72222,91.73,0.9780,live,0.4858,0.4020,183.12,455.56
167247.082566,120.0,0.3414,3,2,0,0.78203,0.72222,0.75547,0.69583,0.74844,0.65694,0.76484,0.65000,0.78281,0.65833,0.79141,0.60000,0.80547,0.58333,0.81406,0.61528,0.82344,0.65417,0.81953,0.61528,0.83984,0.59444,0.84766,0.63056,0.85234,0.67361,0.83906,0.64167,0.85859,0.62639,0.86719,0.66111,0.87109,0.69722,0.85078,0.67361,0.86719,0.66667,0.87109,0.69167,0.87422,0.71806,0.59902,0.67859,0.9999,0.75628,0.78423,0.9431,0.75076,0.49792,0.9941,0.75357,0.77173,0.78203,0.72222,91.73,0.5868,hold,0.4858,0.4020,183.12,455.56
167247.146503,120.0,0.4692,3,2,0,0.68984,0.38472,0.66406,0.35139,0.64922,0.30694,0.65078,0.26528,0.66094,0.23472,0.67500,0.25278,0.67031,0.20556,0.66328,0.18194,0.65625,0.16389,0.69375,0.24861,0.69297,0.19583,0.68750,0.16944,0.67969,0.15556,0.71094,0.25556,0.71250,0.20417,0.70625,0.17917,0.69688,0.16528,0.72813,0.27083,0.73359,0.22639,0.72734,0.20139,0.71719,0.18889,0.59612,0.66700,0.9999,0.75499,0.70503,0.9471,0.70548,0.36769,0.9946,0.74082,0.69433,0.68984,0.38472,89.94,0.9709,live,0.4619,0.3531,164.42,465.65
167247.213579,120.0,0.6034,3,2,0,0.66953,0.33472,0.63984,0.28472,0.62578,0.23750,0.62656,0.19444,0.62969,0.16111,0.64687,0.19444,0.63906,0.15139,0.63203,0.12500,0.62656,0.10000,0.66172,0.18750,0.65859,0.14028,0.65234,0.10833,0.64609,0.07917,0.67656,0.18889,0.67578,0.14444,0.66953,0.11389,0.66172,0.09028,0.69297,0.19722,0.69453,0.15556,0.68906,0.13194,0.68125,0.11389,0.59541,0.66725,0.9999,0.73950,0.63317,0.9498,0.66584,0.30459,0.9951,0.72656,0.62241,0.66953,0.33472,93.51,0.9245,live,0.4403,0.3418,163.05,477.10
167247.279509,120.0,0.7352,3,2,0,0.65078,0.29167,0.62031,0.25278,0.60469,0.20833,0.60156,0.16667,0.60469,0.13333,0.62187,0.15833,0.61328,0.12083,0.60625,0.09722,0.59922,0.07361,0.63750,0.14861,0.63281,0.10139,0.62500,0.07639,0.61641,0.05556,0.65234,0.14861,0.65078,0.10000,0.64375,0.07639,0.63438,0.06111,0.66875,0.15694,0.67109,0.11667,0.66484,0.09444,0.65469,0.07778,0.59562,0.66779,0.9999,0.73175,0.60172,0.9531,0.65109,0.28179,0.9956,0.71141,0.55626,0.65078,0.29167,91.74,0.9621,live,0.4340,0.4054,196.98,485.90
167247.346195,120.0,0.8686,3,2,0,0.63984,0.27639,0.61172,0.25000,0.59297,0.20833,0.58906,0.16667,0.59375,0.13611,0.61328,0.15833,0.60391,0.12083,0.59609,0.10000,0.58750,0.08194,0.62734,0.14861,0.62109,0.10278,0.61250,0.07917,0.60313,0.06111,0.64219,0.14861,0.63984,0.10139,0.63281,0.07778,0.62344,0.06389,0.65781,0.15556,0.65938,0.11667,0.65469,0.09583,0.64531,0.08056,0.59477,0.67315,0.9999,0.72248,0.59881,0.9549,0.64425,0.27950,0.9960,0.69709,0.50029,0.63984,0.27639,82.99,0.9750,live,0.4340,0.4448,216.76,487.34
167247.412970,120.0,0.0022,3,3,0,0.63281,0.29583,0.60469,0.27361,0.58828,0.23333,0.58516,0.19444,0.58750,0.16528,0.60859,0.18472,0.60078,0.14583,0.59141,0.12500,0.58281,0.10833,0.62266,0.17500,0.61719,0.12917,0.60781,0.10417,0.59844,0.08750,0.63672,0.17639,0.63516,0.12778,0.62813,0.10417,0.61875,0.08750,0.65234,0.18333,0.65391,0.14444,0.64844,0.12222,0.63906,0.10833,0.59479,0.67328,0.9999,0.72265,0.61823,0.9560,0.64470,0.30096,0.9963,0.68424,0.45939,0.63281,0.29583,78.64,0.9777,live,0.4486,0.5151,250.07,485.48
167247.483282,120.0,0.1428,3,3,0,0.62891,0.34167,0.60313,0.32639,0.58516,0.28750,0.58047,0.24861,0.58516,0.22222,0.60547,0.23750,0.59844,0.19167,0.58906,0.17361,0.57969,0.16389,0.62031,0.22917,0.61484,0.17639,0.60703,0.15417,0.59844,0.14722,0.63516,0.23194,0.63203,0.18194,0.62578,0.15833,0.61719,0.14722,0.65156,0.24167,0.65312,0.20000,0.64844,0.17639,0.64062,0.16111,0.59199,0.66939,0.9998,0.72317,0.65663,0.9583,0.64199,0.32343,0.9967,0.67317,0.43585,0.62891,0.34167,74.80,0.9577,live,0.4693,0.5634,271.04,481.08
167247.547084,120.0,0.2704,3,3,0,0.63281,0.46389,0.60469,0.44306,0.58516,0.40278,0.57656,0.36667,0.58437,0.33611,0.60313,0.34028,0.59844,0.29167,0.59141,0.27083,0.58516,0.27361,0.62109,0.33194,0.61875,0.27500,0.61250,0.26111,0.60547,0.27500,0.63906,0.33611,0.63750,0.27778,0.63125,0.26111,0.62578,0.27083,0.65625,0.35000,0.65781,0.30139,0.65234,0.27500,0.64687,0.27222,0.59163,0.66794,0.9998,0.72821,0.76707,0.9603,0.64024,0.43196,0.9970,0.66510,0.44146,0.63281,0.46389,87.16,0.9423,live,0.4837,0.5493,267.03,486.10
167247.611968,120.0,0.4002,3,3,0,0.63750,0.61250,0.60938,0.59722,0.58437,0.55833,0.57266,0.52917,0.57891,0.50417,0.59922,0.49583,0.59219,0.43889,0.58750,0.46806,0.58828,0.50278,0.62187,0.49583,0.61719,0.43333,0.61094,0.46806,0.61094,0.50694,0.64453,0.50417,0.64062,0.44167,0.63438,0.47222,0.63359,0.50833,0.66719,0.51944,0.66328,0.47083,0.65781,0.48889,0.65781,0.51806,0.59662,0.66850,0.9999,0.73929,0.87343,0.9623,0.64370,0.61584,0.9972,0.65958,0.47567,0.63750,0.61250,87.32,0.9271,live,0.4748,0.4345,213.19,490.64
167247.681666,120.0,0.5396,3,3,0,0.64141,0.76528,0.61328,0.76111,0.58984,0.73750,0.58047,0.72222,0.58437,0.70694,0.61016,0.65139,0.60469,0.66389,0.60078,0.70278,0.60078,0.73472,0.63516,0.65833,0.63828,0.66111,0.63281,0.70278,0.63047,0.74167,0.65625,0.67639,0.66094,0.68333,0.65391,0.72222,0.64766,0.75417,0.67266,0.70278,0.68125,0.71111,0.67812,0.74167,0.67344,0.76667,0.60766,0.67483,0.9999,0.74386,0.91448,0.9602,0.64493,0.77731,0.9964,0.65595,0.53359,0.64141,0.76528,79.25,0.9800,live,0.4687,0.4408,215.50,488.82
167247.742903,120.0,0.6620,3,3,0,0.64687,0.79167,0.62422,0.79444,0.60156,0.79722,0.58984,0.81111,0.59141,0.81944,0.62734,0.72639,0.61406,0.73194,0.60156,0.77361,0.59219,0.80972,0.65078,0.73750,0.63828,0.74722,0.62344,0.79306,0.61016,0.83333,0.67109,0.75972,0.66484,0.77083,0.65078,0.81389,0.63750,0.84722,0.68437,0.78750,0.68672,0.81111,0.68125,0.84167,0.67422,0.86250,0.60796,0.67623,0.9999,0.74217,0.91378,0.9594,0.66034,0.83372,0.9962,0.65413,0.58520,0.64687,0.79167,56.47,0.9927,live,0.4687,0.4602,216.68,470.82
167247.810041,120.0,0.7963,3,3,0,0.65391,0.86250,0.62813,0.85417,0.60234,0.83889,0.58516,0.83750,0.58828,0.83472,0.62734,0.75694,0.61016,0.75556,0.59766,0.79306,0.58828,0.83194,0.65312,0.76389,0.63750,0.76944,0.62187,0.81806,0.60938,0.85556,0.67422,0.78750,0.66406,0.79306,0.64844,0.83889,0.63281,0.87361,0.68828,0.82083,0.69063,0.83750,0.68516,0.86806,0.67578,0.89028,0.61092,0.67855,0.9999,0.74408,0.92617,0.9577,0.67635,0.85220,0.9956,0.65409,0.64066,0.65391,0.86250,74.52,0.9918,live,0.4514,0.3723,174.22,467.98
167247.879030,120.0,0.9343,3,3,0,0.66250,0.87917,0.63125,0.86528,0.60469,0.84028,0.58594,0.83056,0.58359,0.81528,0.62578,0.75278,0.60781,0.74583,0.59375,0.78333,0.58359,0.82083,0.65156,0.76111,0.63672,0.75556,0.61719,0.80278,0.60391,0.84028,0.67266,0.78611,0.66328,0.78333,0.64531,0.82361,0.62969,0.85694,0.68828,0.82083,0.68672,0.82222,0.67969,0.84861,0.67188,0.86944,0.61206,0.67864,0.9999,0.74396,0.92638,0.9547,0.68159,0.85104,0.9952,0.65577,0.68836,0.66250,0.87917,83.95,0.9971,live,0.4448,0.4151,196.06,472.26
167247.944323,120.0,0.0649,3,1,1,0.65781,0.84722,0.62734,0.84167,0.60156,0.82083,0.58359,0.81250,0.58125,0.79583,0.62813,0.73611,0.60859,0.73194,0.59453,0.76250,0.58281,0.79444,0.65156,0.74583,0.63516,0.74306,0.61641,0.78611,0.60313,0.82222,0.67109,0.76944,0.66172,0.76389,0.64375,0.80000,0.62891,0.83333,0.68594,0.80417,0.68516,0.80694,0.67656,0.83194,0.66719,0.85278,0.61417,0.68202,0.9999,0.74384,0.93425,0.9546,0.67514,0.83175,0.9948,0.65618,0.72014,0.65781,0.84722,74.57,0.9956,live,0.4448,0.4517,211.96,469.28
167248.010116,120.0,0.1965,3,1,1,0.66641,0.84722,0.63828,0.83611,0.61250,0.81389,0.59609,0.79861,0.60000,0.78333,0.64062,0.72222,0.62266,0.72222,0.61016,0.75694,0.60313,0.78750,0.66406,0.73333,0.65078,0.72917,0.63281,0.76944,0.62344,0.80417,0.68359,0.75972,0.67656,0.75278,0.65938,0.78472,0.64687,0.81250,0.69844,0.79583,0.69922,0.79444,0.69141,0.81250,0.68437,0.82778,0.61396,0.68759,0.9999,0.74396,0.93399,0.9542,0.67573,0.82453,0.9949,0.65822,0.74555,0.66641,0.84722,81.04,0.9949,live,0.4512,0.4802,226.30,471.31
167248.077782,120.0,0.3318,3,1,1,0.68672,0.86667,0.66250,0.84444,0.64219,0.80833,0.63594,0.78194,0.65469,0.77778,0.67656,0.71250,0.68437,0.72083,0.67891,0.75556,0.67422,0.77222,0.69766,0.72639,0.70625,0.73056,0.69688,0.76667,0.68906,0.78333,0.71406,0.75417,0.72031,0.75556,0.71094,0.78750,0.70391,0.80278,0.72344,0.78750,0.72734,0.78889,0.72188,0.80833,0.71641,0.81806,0.61354,0.68798,0.9999,0.74468,0.92838,0.9542,0.70948,0.84317,0.9943,0.66392,0.76978,0.68672,0.86667,92.08,0.9853,live,0.4604,0.5024,241.66,481.06
167248.143870,120.0,0.4640,3,1,1,0.68672,0.86667,0.66250,0.84444,0.64219,0.80833,0.63594,0.78194,0.65469,0.77778,0.67656,0.71250,0.68437,0.72083,0.67891,0.75556,0.67422,0.77222,0.69766,0.72639,0.70625,0.73056,0.69688,0.76667,0.68906,0.78333,0.71406,0.75417,0.72031,0.75556,0.71094,0.78750,0.70391,0.80278,0.72344,0.78750,0.72734,0.78889,0.72188,0.80833,0.71641,0.81806,0.61302,0.69752,0.9999,0.74473,0.91158,0.9529,0.77357,0.83250,0.9942,0.66392,0.76978,0.68672,0.86667,92.08,0.5912,hold,0.4604,0.5024,241.66,481.06
167248.214150,120.0,0.6045,3,1,1,0.82656,0.74583,0.84219,0.76806,0.85938,0.78750,0.87266,0.80278,0.88906,0.81389,0.88125,0.75417,0.90469,0.78056,0.92031,0.80278,0.93281,0.82361,0.88047,0.74722,0.90156,0.77500,0.91406,0.79861,0.92656,0.81944,0.87187,0.74583,0.89062,0.76806,0.90312,0.79167,0.91563,0.81111,0.85938,0.74861,0.86875,0.76111,0.87656,0.77361,0.88516,0.78472,0.60599,0.69720,0.9999,0.73220,0.89221,0.9452,0.82384,0.82752,0.9935,0.82656,0.74583,0.82656,0.74583,52.40,0.6496,live,0.4863,0.6044,278.67,461.06
167248.275510,120.0,0.7272,3,1,1,0.84062,0.79167,0.87969,0.81667,0.91719,0.81528,0.94531,0.81111,0.96797,0.81528,0.92188,0.77500,0.94609,0.77222,0.95937,0.79444,0.96953,0.82222,0.91250,0.75556,0.93750,0.74861,0.95000,0.77500,0.95781,0.80833,0.89609,0.74167,0.91953,0.73056,0.93047,0.75556,0.93672,0.78889,0.87500,0.73472,0.89062,0.72917,0.90078,0.74861,0.90781,0.77500,0.60370,0.69702,0.9999,0.73849,0.88063,0.9434,0.86303,0.82242,0.9919,0.82937,0.75500,0.84062,0.79167,81.77,0.9905,live,0.5079,0.6060,281.53,464.60
167248.347897,120.0,0.8720,3,1,1,0.85625,0.83056,0.83828,0.80278,0.83672,0.76944,0.85703,0.75972,0.88203,0.75833,0.87344,0.71250,0.88750,0.68889,0.90156,0.71111,0.91563,0.74583,0.89844,0.72778,0.92109,0.70278,0.93594,0.72778,0.94688,0.76250,0.91484,0.75000,0.93828,0.72917,0.95391,0.75278,0.96406,0.78472,0.92500,0.77778,0.94688,0.76667,0.96016,0.77917,0.96953,0.79722,0.60379,0.69930,0.9999,0.74464,0.88053,0.9433,0.86018,0.80205,0.9919,0.73041,0.78721,0.85625,0.83056,89.07,0.9780,live,0.5079,0.5242,247.94,472.98
167248.411197,120.0,0.9986,3,1,1,0.84453,0.80139,0.82656,0.77500,0.82266,0.74028,0.84297,0.73194,0.86406,0.72778,0.86094,0.68889,0.87422,0.66667,0.88594,0.68472,0.89766,0.71111,0.88438,0.70000,0.90703,0.67361,0.91953,0.69306,0.92812,0.72500,0.90156,0.72083,0.92656,0.70278,0.94063,0.72222,0.94844,0.75139,0.91172,0.75000,0.93516,0.74028,0.94766,0.75278,0.95469,0.77083,0.60370,0.69936,0.9999,0.74463,0.87543,0.9409,0.84710,0.78324,0.9921,0.75323,0.79005,0.84453,0.80139,86.21,0.9890,live,0.5079,0.4892,233.97,478.30
167248.482436,120.0,0.1411,3,2,0,0.83906,0.75972,0.82031,0.75417,0.81406,0.72500,0.82109,0.71111,0.82812,0.69722,0.84141,0.65417,0.85156,0.61111,0.85938,0.62778,0.86797,0.65556,0.86484,0.65694,0.88125,0.61528,0.89219,0.64028,0.89922,0.67222,0.88438,0.67222,0.90078,0.63889,0.91484,0.66111,0.92188,0.69306,0.89766,0.69583,0.91484,0.68056,0.92734,0.69028,0.93359,0.70694,0.60374,0.69977,0.9999,0.75167,0.87131,0.9432,0.83731,0.74477,0.9927,0.77040,0.78398,0.83906,0.75972,80.77,0.9716,live,0.5019,0.4746,227.34,479.05
167248.547520,120.0,0.2713,3,2,0,0.79531,0.65972,0.77187,0.62917,0.75781,0.58472,0.76016,0.55556,0.77031,0.53611,0.78906,0.51667,0.79453,0.46944,0.80234,0.49028,0.80859,0.52222,0.81797,0.52639,0.83125,0.47778,0.83750,0.50417,0.83906,0.54167,0.84062,0.54583,0.85391,0.50139,0.86094,0.52083,0.86094,0.55417,0.85781,0.57500,0.87187,0.54722,0.87969,0.55556,0.88438,0.57639,0.60362,0.69577,0.9999,0.75143,0.84499,0.9447,0.81619,0.65622,0.9933,0.77538,0.75913,0.79531,0.65972,100.43,0.9117,live,0.4922,0.4483,221.40,493.87
167248.614812,120.0,0.4059,3,2,0,0.74922,0.52639,0.72500,0.49028,0.71484,0.44167,0.71562,0.40000,0.71641,0.36389,0.74453,0.39306,0.74062,0.35000,0.73672,0.32917,0.73359,0.31667,0.76484,0.39167,0.77031,0.34444,0.76953,0.32222,0.76484,0.31667,0.78203,0.40139,0.79297,0.35694,0.78906,0.33472,0.78047,0.32639,0.79844,0.41944,0.81172,0.38611,0.80937,0.36528,0.79922,0.35556,0.60373,0.68858,0.9999,0.76665,0.80196,0.9487,0.77532,0.49906,0.9940,0.77015,0.71258,0.74922,0.52639,91.57,0.9367,live,0.4824,0.4375,219.00,500.54
167248.678357,120.0,0.5329,3,2,0,0.71094,0.39583,0.68125,0.36528,0.66563,0.31944,0.66406,0.27361,0.65938,0.23611,0.68750,0.27222,0.68125,0.22222,0.67578,0.19722,0.67109,0.17639,0.70781,0.26667,0.70547,0.20972,0.70078,0.18333,0.69375,0.16667,0.72578,0.27083,0.72578,0.21389,0.71875,0.18611,0.71016,0.17083,0.74219,0.28194,0.74453,0.23472,0.73828,0.20833,0.72969,0.19167,0.60208,0.66885,0.9999,0.76485,0.70002,0.9515,0.71990,0.37191,0.9945,0.75831,0.64923,0.71094,0.39583,87.15,0.7065,live,0.4536,0.3224,162.25,503.22
167248.746917,120.0,0.6701,3,2,0,0.68281,0.34583,0.65469,0.29861,0.63984,0.25000,0.63594,0.20694,0.63203,0.17222,0.65625,0.21111,0.64844,0.16944,0.64297,0.14444,0.63750,0.11944,0.67188,0.20417,0.66953,0.15694,0.66563,0.12639,0.66172,0.10000,0.68594,0.20417,0.68594,0.15972,0.68281,0.12639,0.67734,0.10000,0.70234,0.21111,0.70391,0.16806,0.69844,0.14306,0.69141,0.12361,0.60008,0.66656,0.9998,0.75752,0.64991,0.9548,0.68293,0.30874,0.9949,0.74321,0.58855,0.68281,0.34583,91.23,0.9093,live,0.4401,0.3787,192.60,508.52
167248.811338,120.0,0.7989,3,2,0,0.66875,0.30278,0.63750,0.26389,0.61953,0.22222,0.61328,0.18056,0.60938,0.14583,0.63516,0.17361,0.62578,0.13472,0.61875,0.11111,0.61172,0.08750,0.65000,0.16250,0.64375,0.11806,0.63672,0.09167,0.62813,0.06806,0.66406,0.16111,0.66094,0.11667,0.65469,0.09167,0.64531,0.07083,0.68047,0.16806,0.67969,0.12917,0.67500,0.10556,0.66719,0.08611,0.60001,0.66765,0.9998,0.74475,0.60481,0.9576,0.66261,0.28285,0.9954,0.72832,0.53140,0.66875,0.30278,90.64,0.9342,live,0.4401,0.4422,226.75,512.76
167248.877953,120.0,0.9321,3,2,0,0.65703,0.28194,0.62891,0.25417,0.61172,0.21250,0.60469,0.17361,0.60156,0.14167,0.62891,0.16806,0.61875,0.12917,0.61094,0.10833,0.60391,0.08750,0.64297,0.15694,0.63516,0.11111,0.62656,0.08611,0.61797,0.06667,0.65781,0.15417,0.65312,0.10556,0.64609,0.08333,0.63672,0.06528,0.67266,0.15833,0.67188,0.11944,0.66563,0.09583,0.65625,0.07917,0.59944,0.66619,0.9998,0.73744,0.60284,0.9592,0.66063,0.27592,0.9958,0.71406,0.48151,0.65703,0.28194,82.25,0.9639,live,0.4401,0.4616,235.61,510.45
167248.943709,120.0,0.0636,3,3,0,0.65312,0.29444,0.62500,0.27083,0.60938,0.23194,0.60391,0.19167,0.60078,0.15694,0.62813,0.18472,0.61953,0.14583,0.61094,0.12222,0.60313,0.10417,0.64297,0.17500,0.63594,0.12778,0.62656,0.10278,0.61719,0.08472,0.65703,0.17361,0.65391,0.12639,0.64609,0.10139,0.63594,0.08333,0.67266,0.17917,0.67266,0.13889,0.66641,0.11667,0.65703,0.10139,0.59655,0.66972,0.9998,0.73003,0.62023,0.9599,0.65349,0.30346,0.9962,0.70187,0.44409,0.65312,0.29444,79.01,0.9632,live,0.4556,0.5261,266.27,506.08
167249.011610,120.0,0.1994,3,3,0,0.64922,0.33889,0.62266,0.32222,0.60703,0.28056,0.60156,0.24167,0.59844,0.20833,0.62500,0.23056,0.61875,0.18472,0.61016,0.16528,0.60078,0.15417,0.64062,0.22361,0.63516,0.16944,0.62813,0.14444,0.61875,0.13333,0.65625,0.22639,0.65312,0.17361,0.64687,0.15000,0.63906,0.13750,0.67188,0.23889,0.67344,0.19722,0.66875,0.17500,0.66172,0.15833,0.59572,0.67349,0.9998,0.73038,0.62247,0.9606,0.64932,0.32664,0.9965,0.69134,0.42305,0.64922,0.33889,76.40,0.9055,live,0.4748,0.5621,281.25,500.35
167249.079499,120.0,0.3352,3,3,0,0.64844,0.46250,0.62187,0.44167,0.60313,0.40000,0.59375,0.36389,0.59219,0.33056,0.62187,0.33889,0.61797,0.27778,0.61172,0.26806,0.60703,0.28194,0.63828,0.33472,0.63594,0.26944,0.62969,0.27361,0.62578,0.29722,0.65469,0.34028,0.65312,0.27917,0.64687,0.28750,0.64375,0.31111,0.67188,0.35278,0.67031,0.30556,0.66484,0.30417,0.66094,0.32083,0.59443,0.67101,0.9998,0.73058,0.74395,0.9632,0.65029,0.43118,0.9968,0.68276,0.43094,0.64844,0.46250,84.37,0.9346,live,0.4919,0.5701,285.63,501.06
167249.142486,120.0,0.4612,3,3,0,0.64922,0.63472,0.62187,0.61944,0.59453,0.58056,0.57812,0.55139,0.57734,0.52222,0.60703,0.51944,0.59688,0.47778,0.59297,0.51250,0.59375,0.54722,0.62813,0.51944,0.62031,0.46806,0.61641,0.50972,0.61719,0.55278,0.65000,0.52917,0.64375,0.48194,0.63906,0.52500,0.63828,0.56389,0.67109,0.54444,0.66875,0.51806,0.66563,0.54861,0.66563,0.57639,0.60063,0.66488,0.9998,0.74040,0.85248,0.9640,0.65507,0.62777,0.9971,0.67605,0.47170,0.64922,0.63472,85.26,0.9913,live,0.5013,0.5442,273.34,502.31
167249.215637,120.0,0.6075,3,3,0,0.64609,0.77361,0.61719,0.75833,0.59375,0.72778,0.58047,0.71111,0.58516,0.69722,0.61250,0.65417,0.59844,0.65833,0.59062,0.68750,0.58906,0.71250,0.63672,0.65833,0.62344,0.65694,0.61328,0.69583,0.61172,0.72778,0.65781,0.67778,0.64922,0.69028,0.63984,0.73056,0.63516,0.75556,0.67422,0.70556,0.67109,0.72917,0.66328,0.75556,0.65781,0.76944,0.61007,0.67598,0.9999,0.76080,0.90073,0.9639,0.65636,0.78430,0.9960,0.67006,0.53208,0.64609,0.77361,82.01,0.9910,live,0.4823,0.3955,198.19,501.09
167249.280672,120.0,0.7376,3,3,0,0.64453,0.81389,0.62031,0.80694,0.59844,0.78889,0.58359,0.77917,0.57266,0.76528,0.62109,0.72222,0.60156,0.71667,0.59062,0.74167,0.58594,0.76806,0.64219,0.73056,0.62578,0.72778,0.61094,0.76528,0.60391,0.79583,0.66094,0.75278,0.65156,0.75139,0.63750,0.78889,0.62813,0.81806,0.67578,0.78194,0.67344,0.78472,0.66328,0.81111,0.65547,0.83056,0.61022,0.68843,0.9999,0.76009,0.91471,0.9632,0.65728,0.81251,0.9959,0.66495,0.58844,0.64453,0.81389,65.22,0.9936,live,0.4529,0.3190,155.67,487.91
167249.347281,120.0,0.8708,3,3,0,0.65547,0.85000,0.62656,0.83750,0.60313,0.81389,0.58594,0.79861,0.57344,0.78056,0.62500,0.73611,0.60547,0.73056,0.59297,0.75556,0.58281,0.77917,0.64531,0.74167,0.62734,0.74444,0.61094,0.78194,0.60078,0.81111,0.66328,0.76389,0.65156,0.76806,0.63594,0.80556,0.62344,0.83472,0.67734,0.79444,0.67422,0.80278,0.66250,0.83194,0.65156,0.85417,0.61047,0.68875,0.9999,0.75595,0.91958,0.9629,0.65828,0.83505,0.9957,0.66306,0.64075,0.65547,0.85000,74.45,0.9953,live,0.4376,0.3678,177.61,482.96
167249.414776,120.0,0.0058,3,1,1,0.65625,0.83750,0.62734,0.82639,0.60313,0.80278,0.58594,0.78750,0.57656,0.77222,0.62578,0.73472,0.60625,0.72361,0.59453,0.74722,0.58750,0.77361,0.64687,0.74028,0.63047,0.73611,0.61406,0.77222,0.60469,0.80417,0.66563,0.75972,0.65625,0.75972,0.64062,0.79583,0.62891,0.82639,0.68125,0.78750,0.67891,0.79306,0.66797,0.82083,0.65703,0.84167,0.61165,0.69244,0.9999,0.75170,0.92167,0.9610,0.66111,0.83526,0.9954,0.66170,0.68010,0.65625,0.83750,70.84,0.9966,live,0.4376,0.4135,196.84,476.01
167249.478879,120.0,0.1340,3,1,1,0.66250,0.82778,0.63281,0.81111,0.60859,0.78611,0.59297,0.76667,0.59453,0.75556,0.63672,0.70694,0.62031,0.70972,0.60938,0.73611,0.60313,0.76389,0.65859,0.71528,0.64531,0.71944,0.63125,0.75417,0.62266,0.78333,0.67734,0.73889,0.66953,0.74028,0.65391,0.77222,0.64375,0.80000,0.69219,0.77083,0.69063,0.77222,0.68125,0.79583,0.67266,0.81528,0.61279,0.69208,0.9999,0.75910,0.91794,0.9614,0.66953,0.82412,0.9951,0.66186,0.70964,0.66250,0.82778,78.68,0.9975,live,0.4376,0.4472,212.65,475.54
167249.545143,120.0,0.2665,3,1,1,0.68281,0.81944,0.65625,0.79722,0.63672,0.76944,0.62656,0.74722,0.63125,0.72917,0.66719,0.69306,0.65625,0.69861,0.64609,0.70972,0.63906,0.72222,0.68594,0.69583,0.67656,0.70278,0.66641,0.71944,0.65781,0.73750,0.70234,0.71250,0.69375,0.72222,0.68359,0.73750,0.67500,0.75278,0.71484,0.74167,0.70781,0.75139,0.69844,0.75972,0.68984,0.76806,0.61272,0.69264,0.9999,0.75812,0.93107,0.9604,0.70035,0.83109,0.9947,0.66605,0.73160,0.68281,0.81944,80.50,0.9903,live,0.4440,0.4730,225.37,476.43
167249.614710,120.0,0.4056,3,1,1,0.68281,0.81944,0.65625,0.79722,0.63672,0.76944,0.62656,0.74722,0.63125,0.72917,0.66719,0.69306,0.65625,0.69861,0.64609,0.70972,0.63906,0.72222,0.68594,0.69583,0.67656,0.70278,0.66641,0.71944,0.65781,0.73750,0.70234,0.71250,0.69375,0.72222,0.68359,0.73750,0.67500,0.75278,0.71484,0.74167,0.70781,0.75139,0.69844,0.75972,0.68984,0.76806,0.61208,0.70045,0.9999,0.74749,0.93087,0.9574,0.74211,0.82053,0.9947,0.66605,0.73160,0.68281,0.81944,80.50,0.5942,hold,0.4440,0.4730,225.37,476.43
167249.680020,120.0,0.5363,3,1,1,0.77969,0.76528,0.81328,0.78194,0.84531,0.78472,0.86875,0.78611,0.89141,0.79444,0.84688,0.74861,0.87109,0.74722,0.88516,0.76667,0.89687,0.79306,0.83359,0.73333,0.85625,0.72639,0.87109,0.74722,0.88203,0.77778,0.81484,0.72361,0.83125,0.70972,0.84375,0.72639,0.85313,0.75694,0.79297,0.71806,0.79922,0.70278,0.80703,0.71111,0.81406,0.73194,0.60689,0.70113,0.9999,0.73089,0.92408,0.9475,0.79757,0.82420,0.9945,0.77969,0.76528,0.77969,0.76528,67.50,0.9536,live,0.4640,0.5553,259.79,467.86
167249.748763,120.0,0.6738,3,1,1,0.80859,0.82500,0.78828,0.78889,0.78672,0.75000,0.80391,0.73472,0.82812,0.73333,0.83047,0.71389,0.84922,0.69167,0.85938,0.71528,0.86797,0.75139,0.85234,0.73333,0.87656,0.70972,0.89062,0.73333,0.90156,0.76944,0.86562,0.75694,0.89062,0.73611,0.90547,0.75694,0.91406,0.78750,0.87266,0.78333,0.89453,0.77083,0.90859,0.78194,0.91953,0.79861,0.60425,0.70137,0.9999,0.73092,0.92147,0.9439,0.81766,0.82143,0.9944,0.69456,0.75028,0.80859,0.82500,83.06,0.9405,live,0.4640,0.4790,225.83,471.52
167249.814010,120.0,0.8042,3,1,1,0.81641,0.81806,0.79531,0.78611,0.79297,0.74861,0.81328,0.73750,0.83672,0.73056,0.83594,0.70694,0.85547,0.69722,0.86719,0.72222,0.87891,0.75278,0.86016,0.72222,0.88594,0.70833,0.89922,0.73611,0.90703,0.76944,0.87656,0.74444,0.90234,0.73194,0.91563,0.75694,0.92344,0.78611,0.88516,0.77083,0.90703,0.76944,0.91875,0.78611,0.92422,0.80417,0.60206,0.70143,0.9999,0.73095,0.90284,0.9390,0.82061,0.81961,0.9942,0.71893,0.76383,0.81641,0.81806,86.26,0.9848,live,0.4640,0.4734,225.83,477.04
167249.878761,120.0,0.9338,3,1,1,0.81328,0.80833,0.79297,0.77778,0.79063,0.73889,0.81250,0.73056,0.83672,0.72778,0.83281,0.69583,0.85313,0.68333,0.86562,0.70972,0.87813,0.74167,0.85625,0.71111,0.88203,0.69583,0.89609,0.72361,0.90391,0.75694,0.87344,0.73194,0.89766,0.71806,0.91250,0.74306,0.92109,0.77222,0.88281,0.75833,0.90469,0.75417,0.91641,0.77222,0.92188,0.79444,0.60122,0.70083,0.9999,0.73108,0.89471,0.9388,0.81806,0.81877,0.9945,0.73780,0.77273,0.81328,0.80833,87.01,0.9853,live,0.4555,0.4167,201.04,482.44
167249.948324,120.0,0.0729,3,2,0,0.80703,0.76944,0.78516,0.73889,0.78125,0.69722,0.80000,0.68056,0.82031,0.67222,0.82188,0.65694,0.83906,0.63333,0.85000,0.65417,0.86172,0.68194,0.84609,0.66806,0.87031,0.64028,0.88281,0.66806,0.89141,0.70417,0.86250,0.68472,0.88750,0.66528,0.90078,0.69306,0.90781,0.72639,0.87266,0.70833,0.89531,0.69861,0.90547,0.71528,0.91094,0.73750,0.60096,0.69545,0.9999,0.73187,0.88088,0.9404,0.80823,0.78179,0.9946,0.75164,0.77208,0.80703,0.76944,85.32,0.9572,live,0.4346,0.3397,165.10,485.98
167250.015686,120.0,0.2076,3,2,0,0.78594,0.68611,0.75859,0.65278,0.74687,0.60556,0.75781,0.58333,0.77656,0.57222,0.78672,0.55000,0.79688,0.51111,0.80625,0.53472,0.81406,0.56667,0.81406,0.56111,0.83125,0.51806,0.83984,0.54722,0.84375,0.58611,0.83437,0.58056,0.85234,0.54583,0.86328,0.57083,0.86875,0.60417,0.84922,0.60972,0.86484,0.59028,0.87344,0.60694,0.87734,0.62917,0.60268,0.69399,0.9999,0.74627,0.87495,0.9393,0.80724,0.67784,0.9948,0.75850,0.75488,0.78594,0.68611,95.92,0.9490,live,0.4135,0.3171,157.52,496.73
167250.083278,120.0,0.3428,3,2,0,0.74531,0.56667,0.72422,0.52917,0.71406,0.47917,0.71797,0.44028,0.72813,0.41250,0.74609,0.41667,0.74609,0.37083,0.74609,0.36667,0.74531,0.37778,0.76875,0.42083,0.77656,0.36944,0.77656,0.36667,0.77187,0.38194,0.78672,0.43750,0.79766,0.39306,0.79766,0.38750,0.79141,0.40139,0.80156,0.46667,0.81563,0.43333,0.81641,0.42361,0.81250,0.42639,0.60272,0.69353,0.9999,0.76323,0.83896,0.9423,0.76960,0.56832,0.9952,0.75587,0.71724,0.74531,0.56667,99.66,0.9712,live,0.3924,0.2964,150.85,508.87
167250.148600,120.0,0.4734,3,2,0,0.70937,0.44167,0.68203,0.40556,0.66719,0.36111,0.66719,0.32083,0.67266,0.29167,0.69297,0.30833,0.68984,0.26528,0.68672,0.24306,0.68359,0.22361,0.71250,0.30556,0.71641,0.25417,0.71328,0.22639,0.70859,0.20972,0.73047,0.31250,0.73594,0.26250,0.73125,0.23472,0.72344,0.22361,0.74766,0.32778,0.75625,0.28333,0.75156,0.25972,0.74219,0.24583,0.60181,0.68545,0.9999,0.76557,0.76836,0.9455,0.73440,0.42880,0.9956,0.74657,0.66213,0.70937,0.44167,90.82,0.9554,live,0.3691,0.2630,134.97,513.20
167250.215180,120.0,0.6066,3,2,0,0.68359,0.38611,0.65703,0.33472,0.64453,0.28472,0.64609,0.24028,0.64766,0.20694,0.66719,0.24722,0.66094,0.20556,0.65469,0.17917,0.64922,0.15278,0.68125,0.24306,0.68125,0.19722,0.67812,0.16528,0.67422,0.13889,0.69531,0.24583,0.69688,0.20139,0.69297,0.16806,0.68828,0.13889,0.71016,0.25556,0.71406,0.21528,0.71094,0.18889,0.70547,0.16667,0.59978,0.67359,0.9998,0.76111,0.68441,0.9488,0.68629,0.34728,0.9960,0.73397,0.60692,0.68359,0.38611,90.13,0.9459,live,0.3590,0.3129,161.64,516.50
167250.282971,120.0,0.7422,3,2,0,0.66641,0.33889,0.63828,0.29167,0.62422,0.24583,0.62109,0.20278,0.62266,0.16944,0.64141,0.20278,0.63438,0.16250,0.62813,0.13611,0.62344,0.11111,0.65703,0.19444,0.65312,0.14861,0.64687,0.12083,0.63984,0.09444,0.67109,0.19444,0.67109,0.15000,0.66563,0.12222,0.65781,0.10000,0.68672,0.20417,0.68984,0.16389,0.68594,0.14028,0.67812,0.12083,0.59930,0.67365,0.9998,0.74199,0.63577,0.9513,0.66488,0.31422,0.9964,0.72046,0.55332,0.66641,0.33889,91.55,0.9376,live,0.3590,0.3419,177.93,520.44
167250.347927,120.0,0.8721,3,2,0,0.65547,0.30139,0.62734,0.27083,0.61250,0.23056,0.61016,0.19028,0.61250,0.15833,0.63281,0.18611,0.62578,0.14861,0.61953,0.12639,0.61328,0.10694,0.64766,0.17639,0.64297,0.13194,0.63516,0.10833,0.62656,0.09028,0.66172,0.17639,0.66094,0.12917,0.65469,0.10417,0.64609,0.08750,0.67656,0.18333,0.67812,0.14583,0.67344,0.12222,0.66484,0.10417,0.59849,0.67343,0.9998,0.73526,0.62098,0.9528,0.65728,0.30325,0.9967,0.70746,0.50293,0.65547,0.30139,80.92,0.9684,live,0.3679,0.4083,210.80,516.25
167250.411660,120.0,0.9995,3,2,0,0.65156,0.30694,0.62266,0.28056,0.60859,0.24306,0.60547,0.20417,0.60703,0.17222,0.62969,0.19722,0.62187,0.16111,0.61484,0.13889,0.60859,0.11944,0.64453,0.18889,0.63984,0.14444,0.63203,0.11944,0.62266,0.10139,0.65859,0.18889,0.65781,0.14306,0.65078,0.11806,0.64141,0.10139,0.67344,0.19444,0.67422,0.15694,0.66953,0.13472,0.66016,0.11944,0.59812,0.67363,0.9998,0.73132,0.63725,0.9552,0.65444,0.31625,0.9970,0.69628,0.46373,0.65156,0.30694,77.76,0.9698,live,0.3850,0.4631,236.31,510.29
167250.481945,120.0,0.1401,3,3,0,0.65000,0.33889,0.62266,0.31667,0.60625,0.27778,0.60313,0.23889,0.60313,0.20694,0.62656,0.23056,0.61953,0.18889,0.61172,0.16667,0.60469,0.15000,0.64219,0.22222,0.63750,0.17500,0.62969,0.15000,0.62109,0.13194,0.65703,0.22361,0.65547,0.17639,0.64922,0.15000,0.64062,0.13194,0.67266,0.23194,0.67500,0.19167,0.67031,0.16944,0.66250,0.15417,0.59810,0.67452,0.9998,0.73142,0.65379,0.9563,0.65162,0.33102,0.9972,0.68703,0.43876,0.65000,0.33889,77.36,0.9435,live,0.4073,0.5088,256.83,504.76
167250.545462,120.0,0.2672,3,3,0,0.64844,0.37778,0.62031,0.36389,0.60391,0.33333,0.59766,0.30000,0.59844,0.27083,0.62187,0.28611,0.61641,0.23750,0.60859,0.21806,0.60156,0.21389,0.63828,0.27778,0.63359,0.22639,0.62734,0.20694,0.62187,0.20694,0.65391,0.28194,0.65078,0.23333,0.64609,0.21528,0.64062,0.21528,0.67031,0.29167,0.67031,0.25417,0.66719,0.23889,0.66328,0.23472,0.59741,0.67685,0.9998,0.73542,0.72009,0.9585,0.65375,0.38213,0.9975,0.67931,0.42657,0.64844,0.37778,69.39,0.5994,live,0.4318,0.5436,268.63,494.15
167250.611546,120.0,0.3993,3,3,0,0.65000,0.55278,0.62266,0.53889,0.60156,0.50000,0.59062,0.46528,0.59062,0.43611,0.61953,0.42917,0.61797,0.37222,0.61172,0.39306,0.61172,0.42361,0.63750,0.42917,0.63438,0.36667,0.62813,0.39722,0.62891,0.43056,0.65547,0.43472,0.65391,0.37500,0.64687,0.40556,0.64609,0.43750,0.67578,0.44722,0.67578,0.40278,0.66875,0.42222,0.66641,0.44861,0.59754,0.67924,0.9998,0.74322,0.82532,0.9604,0.65421,0.54207,0.9977,0.67345,0.45181,0.65000,0.55278,85.90,0.9661,live,0.4484,0.5240,260.25,496.70
167250.681491,120.0,0.5392,3,3,0,0.64531,0.67083,0.62187,0.67639,0.60000,0.66667,0.59062,0.66389,0.59297,0.65833,0.61406,0.59722,0.60781,0.60833,0.60547,0.64444,0.60625,0.67500,0.63828,0.59722,0.63672,0.61389,0.63516,0.65556,0.63438,0.69167,0.65938,0.61111,0.66172,0.62361,0.65859,0.66389,0.65547,0.69722,0.67734,0.63056,0.68672,0.64444,0.68437,0.67639,0.68203,0.70278,0.60791,0.66710,0.9998,0.75207,0.85523,0.9604,0.65823,0.69988,0.9969,0.66782,0.49561,0.64531,0.67083,63.71,0.9257,live,0.4563,0.4922,237.70,482.97
167250.748740,120.0,0.6737,3,3,0,0.64687,0.76528,0.62734,0.77361,0.60625,0.76667,0.59297,0.76944,0.58672,0.77500,0.62578,0.71944,0.61406,0.71528,0.60547,0.74583,0.60078,0.77083,0.64766,0.72222,0.63984,0.72222,0.63047,0.76389,0.62500,0.79722,0.66719,0.73611,0.66641,0.73611,0.65781,0.78333,0.64922,0.81389,0.68281,0.75556,0.69141,0.77361,0.68984,0.80694,0.68672,0.82778,0.60787,0.67541,0.9998,0.75379,0.89390,0.9602,0.65873,0.80161,0.9957,0.66363,0.54955,0.64687,0.76528,49.42,0.9942,live,0.4359,0.3431,158.02,460.60
167250.816797,120.0,0.8098,3,3,0,0.66094,0.83056,0.63516,0.82639,0.60938,0.80833,0.58984,0.80556,0.58906,0.80833,0.63359,0.74306,0.61641,0.74861,0.60391,0.78333,0.59531,0.81528,0.65781,0.75278,0.64219,0.75972,0.62734,0.80278,0.61641,0.83611,0.67734,0.77639,0.66719,0.78472,0.65234,0.82778,0.63984,0.85972,0.69141,0.80694,0.69297,0.81944,0.68750,0.84861,0.67969,0.87083,0.60763,0.67722,0.9998,0.75356,0.89053,0.9582,0.66575,0.83379,0.9943,0.66309,0.60575,0.66094,0.83056,64.47,0.9901,live,0.4166,0.3286,148.44,451.74
167250.882087,120.0,0.9404,3,3,0,0.66719,0.84722,0.63594,0.84167,0.60781,0.81806,0.58750,0.81250,0.58516,0.81111,0.62969,0.75139,0.61172,0.75417,0.59922,0.78472,0.58984,0.81806,0.65547,0.75833,0.63750,0.76528,0.62344,0.80556,0.61328,0.84306,0.67578,0.77917,0.66172,0.78889,0.64766,0.82917,0.63672,0.86389,0.69141,0.80833,0.68828,0.81944,0.68281,0.84861,0.67656,0.87361,0.60783,0.68741,0.9998,0.75582,0.89479,0.9585,0.67275,0.82751,0.9938,0.66391,0.65404,0.66719,0.84722,70.14,0.9963,live,0.4166,0.4006,179.49,448.04
167250.949809,120.0,0.0758,3,1,1,0.66719,0.84583,0.63359,0.83889,0.60547,0.81528,0.58672,0.80694,0.58437,0.80278,0.62891,0.74028,0.61094,0.74583,0.59844,0.77500,0.58984,0.80833,0.65469,0.74722,0.63906,0.75417,0.62344,0.79722,0.61250,0.83611,0.67500,0.77222,0.66484,0.77917,0.64844,0.81944,0.63594,0.85556,0.69063,0.80694,0.68750,0.81528,0.67969,0.84444,0.67188,0.86944,0.60719,0.68673,0.9999,0.75784,0.89340,0.9581,0.67252,0.82712,0.9927,0.66457,0.69240,0.66719,0.84583,74.17,0.9982,live,0.4166,0.4379,196.06,447.68
167251.015172,120.0,0.2066,3,1,1,0.67031,0.83472,0.64062,0.82917,0.61562,0.80278,0.59922,0.78750,0.59688,0.78056,0.64531,0.73472,0.62578,0.73056,0.61328,0.75972,0.60625,0.78889,0.66953,0.74583,0.65625,0.73750,0.63984,0.77778,0.62969,0.81250,0.68828,0.77083,0.68047,0.76250,0.66484,0.79583,0.65469,0.82639,0.70156,0.80556,0.69922,0.80694,0.69219,0.82778,0.68594,0.84444,0.60730,0.68700,0.9999,0.75909,0.90136,0.9567,0.67311,0.83252,0.9912,0.66572,0.72087,0.67031,0.83472,69.05,0.9972,live,0.4285,0.4826,214.10,443.67
167251.082212,120.0,0.3407,3,1,1,0.69141,0.82083,0.66484,0.80972,0.64141,0.78194,0.62891,0.76667,0.64297,0.76528,0.67578,0.71528,0.67266,0.71944,0.66328,0.74167,0.65781,0.76389,0.69922,0.72500,0.70234,0.72778,0.69141,0.75417,0.68359,0.78194,0.71797,0.74722,0.72031,0.75417,0.71094,0.77778,0.70391,0.79861,0.72891,0.77639,0.73125,0.78611,0.72578,0.80278,0.72031,0.81389,0.60792,0.68902,0.9999,0.75833,0.90323,0.9541,0.70566,0.83780,0.9895,0.67085,0.74086,0.69141,0.82083,71.75,0.9945,live,0.4439,0.5140,227.24,442.09
167251.147068,120.0,0.4704,3,1,1,0.80000,0.77639,0.77344,0.74028,0.74844,0.71111,0.72734,0.70417,0.71484,0.70972,0.77031,0.71806,0.75547,0.71389,0.74297,0.72500,0.73359,0.73333,0.78203,0.74306,0.78672,0.73333,0.76875,0.74306,0.75547,0.75417,0.79531,0.77083,0.80625,0.76389,0.79844,0.76944,0.79063,0.77361,0.80469,0.80139,0.81563,0.80000,0.81953,0.80556,0.82344,0.80556,0.60788,0.69763,0.9999,0.75082,0.91284,0.9504,0.75913,0.82644,0.9900,0.69668,0.74796,0.80000,0.77639,45.81,0.9386,live,0.4568,0.5154,217.52,422.03
167251.215536,120.0,0.6073,3,1,1,0.76562,0.76944,0.79609,0.79583,0.83203,0.79722,0.85938,0.79444,0.88125,0.79722,0.84453,0.76250,0.87031,0.74861,0.87813,0.77083,0.88203,0.80000,0.83203,0.74306,0.85938,0.72222,0.86484,0.75139,0.86562,0.78611,0.81328,0.72361,0.83750,0.70278,0.83984,0.73056,0.83906,0.76528,0.79063,0.70833,0.80312,0.69306,0.80781,0.71528,0.80859,0.74306,0.60391,0.69753,0.9999,0.72971,0.91043,0.9446,0.79459,0.82240,0.9901,0.76562,0.76944,0.76562,0.76944,80.47,0.9910,live,0.4738,0.5517,236.85,429.32
167251.281666,120.0,0.7396,3,1,1,0.79063,0.80417,0.77500,0.76944,0.76797,0.73333,0.78359,0.71667,0.80312,0.71250,0.80703,0.69028,0.82500,0.67222,0.83437,0.69306,0.84062,0.72083,0.83047,0.70278,0.85313,0.68333,0.86484,0.70694,0.86953,0.73889,0.84688,0.72222,0.86953,0.70694,0.88047,0.72778,0.88359,0.75556,0.85703,0.74722,0.87656,0.73333,0.88672,0.74306,0.89062,0.75972,0.60228,0.69746,0.9999,0.73158,0.88615,0.9458,0.79810,0.82029,0.9905,0.72975,0.76198,0.79063,0.80417,86.02,0.9779,live,0.4738,0.4677,205.65,439.74
167251.346137,120.0,0.8685,3,1,1,0.79844,0.78472,0.77656,0.76111,0.77266,0.72639,0.78984,0.71389,0.81016,0.70556,0.81563,0.68889,0.83281,0.67083,0.84141,0.69306,0.84844,0.72500,0.84062,0.70139,0.86484,0.68194,0.87422,0.70833,0.87813,0.74306,0.85781,0.72222,0.88281,0.70972,0.89375,0.73472,0.89687,0.76667,0.86641,0.74583,0.88906,0.74583,0.89922,0.76250,0.90312,0.78333,0.60191,0.69757,0.9999,0.73424,0.88577,0.9464,0.79681,0.81288,0.9911,0.74349,0.76652,0.79844,0.78472,80.35,0.9866,live,0.4738,0.4623,205.65,444.82
167251.416636,120.0,0.0095,3,2,0,0.80078,0.77917,0.77500,0.75556,0.76797,0.71944,0.78281,0.70833,0.80234,0.70139,0.81016,0.67917,0.82500,0.66250,0.83359,0.69028,0.84141,0.72222,0.83594,0.69444,0.85859,0.67639,0.86797,0.70694,0.87187,0.74306,0.85469,0.71667,0.87734,0.70417,0.88828,0.73056,0.89141,0.76389,0.86641,0.74167,0.88750,0.74167,0.89687,0.75972,0.89922,0.78333,0.60082,0.69844,0.9999,0.73553,0.87579,0.9460,0.79643,0.80326,0.9916,0.75495,0.76905,0.80078,0.77917,80.48,0.9680,live,0.4592,0.3925,176.40,449.39
167251.480619,120.0,0.1375,3,2,0,0.78984,0.76528,0.76562,0.73750,0.75391,0.70139,0.76484,0.68472,0.78125,0.67500,0.79297,0.65833,0.80547,0.63611,0.81484,0.65972,0.82422,0.68750,0.81953,0.67083,0.84062,0.64583,0.84922,0.67083,0.85469,0.70417,0.83906,0.69028,0.86016,0.67083,0.87187,0.69444,0.87656,0.72639,0.85078,0.71528,0.87031,0.71111,0.88047,0.72917,0.88438,0.75278,0.60282,0.70042,0.9999,0.74469,0.87612,0.9454,0.79589,0.78686,0.9921,0.76193,0.76830,0.78984,0.76528,81.38,0.9472,live,0.4378,0.3402,154.45,454.05
167251.545859,120.0,0.2679,3,2,0,0.76406,0.69722,0.73906,0.66806,0.72500,0.62639,0.73125,0.59861,0.74609,0.58472,0.76016,0.57500,0.76875,0.53056,0.77500,0.55417,0.78125,0.58472,0.78516,0.58472,0.80156,0.54306,0.80859,0.57222,0.81250,0.60694,0.80469,0.60139,0.82109,0.56944,0.83203,0.59722,0.83750,0.62917,0.81953,0.62361,0.83437,0.60556,0.84297,0.62222,0.84844,0.64444,0.60636,0.69705,0.9999,0.75136,0.87009,0.9470,0.79026,0.68789,0.9927,0.76235,0.75408,0.76406,0.69722,86.45,0.9478,live,0.4138,0.3048,140.75,461.81
167251.611789,120.0,0.3998,3,2,0,0.79141,0.75000,0.82344,0.77500,0.85781,0.77917,0.88281,0.77917,0.90469,0.78333,0.86328,0.74028,0.88984,0.72639,0.90078,0.75139,0.90625,0.78750,0.84766,0.72500,0.87109,0.69306,0.88125,0.72361,0.88359,0.76528,0.82500,0.71528,0.84062,0.67500,0.85156,0.69722,0.85781,0.73056,0.79922,0.71111,0.79453,0.68750,0.80078,0.69583,0.80703,0.71528,0.60539,0.69446,0.9999,0.76272,0.83312,0.9505,0.75114,0.56620,0.9934,0.77078,0.76556,0.79141,0.75000,70.22,0.5902,hold,0.4138,0.3048,140.75,461.81
167251.679833,120.0,0.5359,3,2,0,0.68359,0.43472,0.65391,0.40972,0.63750,0.36389,0.63359,0.31944,0.62891,0.28194,0.66094,0.31111,0.65391,0.25694,0.64766,0.22639,0.64141,0.20278,0.68047,0.30833,0.67812,0.25000,0.66875,0.22083,0.65859,0.20139,0.69688,0.31667,0.69922,0.26250,0.68750,0.23611,0.67500,0.22222,0.71250,0.33194,0.71875,0.28889,0.71016,0.26944,0.69844,0.26250,0.60417,0.67655,0.9999,0.76161,0.72727,0.9529,0.69088,0.42697,0.9940,0.74660,0.69021,0.68359,0.43472,83.78,0.8245,live,0.3910,0.2872,134.05,466.71
167251.749344,120.0,0.6749,3,2,0,0.65859,0.37917,0.62813,0.33472,0.61328,0.28750,0.60859,0.24444,0.60547,0.20972,0.63281,0.24444,0.62500,0.20139,0.62031,0.17639,0.61484,0.15139,0.64609,0.23889,0.64219,0.19583,0.63672,0.16667,0.63281,0.14167,0.65859,0.24167,0.65781,0.19861,0.65156,0.16806,0.64531,0.14167,0.67266,0.25000,0.67266,0.20972,0.66641,0.18750,0.65859,0.16806,0.59917,0.67419,0.9999,0.74870,0.66724,0.9558,0.66033,0.35541,0.9945,0.72900,0.62800,0.65859,0.37917,87.65,0.9020,live,0.3632,0.2366,112.11,473.82
167251.814635,120.0,0.8055,3,2,0,0.64219,0.33056,0.61172,0.29028,0.59688,0.25000,0.59141,0.21111,0.58750,0.17778,0.61406,0.20556,0.60391,0.16528,0.59531,0.13750,0.58828,0.11250,0.62734,0.19583,0.62031,0.14861,0.61250,0.11806,0.60391,0.09167,0.63906,0.19306,0.63672,0.14861,0.62891,0.12222,0.61875,0.10417,0.65312,0.20000,0.65469,0.15972,0.64844,0.13889,0.63984,0.12361,0.59825,0.67395,0.9999,0.74030,0.62784,0.9582,0.64924,0.32327,0.9950,0.71164,0.56851,0.64219,0.33056,85.24,0.9543,live,0.3582,0.3352,160.33,478.33
167251.882191,120.0,0.9406,3,2,0,0.63672,0.29722,0.60781,0.27361,0.59141,0.23472,0.58672,0.19722,0.58359,0.16528,0.61016,0.18472,0.60000,0.14583,0.59141,0.12500,0.58359,0.10556,0.62266,0.17361,0.61562,0.12778,0.60547,0.10278,0.59609,0.08472,0.63594,0.17222,0.63125,0.12500,0.62187,0.10139,0.61172,0.08611,0.64922,0.17778,0.64922,0.13750,0.64141,0.11806,0.62969,0.10556,0.59690,0.67334,0.9999,0.73308,0.61315,0.9598,0.64695,0.31027,0.9955,0.69665,0.51425,0.63672,0.29722,79.09,0.9627,live,0.3697,0.4223,201.81,477.88
167251.948312,120.0,0.0729,3,3,0,0.63594,0.30556,0.61016,0.28333,0.59531,0.24306,0.59141,0.20556,0.58828,0.17361,0.61328,0.19444,0.60469,0.15556,0.59609,0.13194,0.58906,0.11250,0.62734,0.18611,0.62031,0.14028,0.61172,0.11389,0.60156,0.09444,0.64062,0.18611,0.63828,0.13889,0.62891,0.11528,0.61797,0.09722,0.65469,0.19306,0.65547,0.15417,0.64844,0.13333,0.63750,0.12222,0.59648,0.67525,0.9999,0.73153,0.62915,0.9610,0.64787,0.32104,0.9959,0.68451,0.47251,0.63594,0.30556,77.32,0.9640,live,0.3922,0.4948,235.61,476.21
167252.017997,120.0,0.2122,3,3,0,0.64062,0.33889,0.61328,0.31944,0.59922,0.28056,0.59453,0.24306,0.59219,0.21111,0.61875,0.23056,0.61094,0.18472,0.60234,0.16250,0.59375,0.14583,0.63359,0.22500,0.62734,0.17222,0.61953,0.14583,0.61016,0.13056,0.64766,0.22639,0.64453,0.17361,0.63672,0.15000,0.62734,0.13611,0.66172,0.23750,0.66328,0.19583,0.65781,0.17361,0.64844,0.15833,0.59571,0.67834,0.9998,0.73243,0.64565,0.9610,0.64850,0.34437,0.9963,0.67573,0.44579,0.64062,0.33889,74.61,0.8994,live,0.4196,0.5443,257.32,472.78
167252.083780,120.0,0.3438,3,3,0,0.64531,0.44167,0.61797,0.41806,0.60078,0.37639,0.59375,0.33889,0.59141,0.30417,0.61953,0.32361,0.61484,0.26944,0.60859,0.24306,0.60234,0.23472,0.63672,0.31944,0.63359,0.26389,0.62813,0.24028,0.62187,0.23611,0.65312,0.32778,0.65156,0.27361,0.64766,0.25139,0.64141,0.24861,0.66953,0.34444,0.67031,0.30278,0.66641,0.27917,0.66094,0.26806,0.59573,0.67800,0.9998,0.74187,0.74230,0.9620,0.64823,0.40729,0.9966,0.66965,0.44497,0.64531,0.44167,80.54,0.8554,live,0.4399,0.5321,252.22,474.03
167252.147971,120.0,0.4722,3,3,0,0.65312,0.59028,0.62422,0.57917,0.60156,0.53889,0.59141,0.50556,0.58359,0.48056,0.61250,0.47917,0.60313,0.42361,0.60000,0.45417,0.60078,0.48472,0.63359,0.48056,0.63047,0.41806,0.62500,0.45556,0.62422,0.49028,0.65469,0.49028,0.65234,0.43611,0.64687,0.46944,0.64531,0.50139,0.67500,0.50694,0.67344,0.46389,0.66797,0.48611,0.66719,0.51250,0.59563,0.68400,0.9998,0.75191,0.81872,0.9630,0.64857,0.57246,0.9969,0.66634,0.47403,0.65312,0.59028,81.74,0.5663,live,0.4399,0.4292,204.29,476.00
167252.214428,120.0,0.6051,3,3,0,0.65000,0.74583,0.62344,0.73750,0.60156,0.70556,0.58828,0.68333,0.58516,0.67500,0.61797,0.64028,0.60547,0.62778,0.59922,0.65972,0.59688,0.69167,0.64062,0.64583,0.63203,0.63333,0.62578,0.67083,0.62187,0.70833,0.66094,0.66250,0.65938,0.66111,0.65312,0.70000,0.64687,0.73333,0.67734,0.68611,0.68281,0.69444,0.67969,0.72639,0.67500,0.75139,0.59917,0.67959,0.9998,0.75238,0.83224,0.9615,0.66533,0.74830,0.9952,0.66308,0.52839,0.65000,0.74583,74.41,0.9851,live,0.4399,0.4369,206.42,472.46
167252.280739,120.0,0.7377,3,3,0,0.64766,0.76528,0.62500,0.76528,0.60469,0.76250,0.59062,0.76250,0.58672,0.76667,0.62813,0.70694,0.61250,0.70833,0.60313,0.73333,0.59531,0.75833,0.64922,0.71806,0.63906,0.72639,0.62578,0.75833,0.61484,0.78889,0.66797,0.73889,0.66250,0.75556,0.65078,0.78889,0.64062,0.81528,0.68125,0.76389,0.68047,0.78056,0.67500,0.80556,0.66797,0.82361,0.60889,0.68601,0.9998,0.76348,0.89135,0.9611,0.66857,0.81823,0.9943,0.65999,0.57577,0.64766,0.76528,51.34,0.9954,live,0.4238,0.3504,158.65,452.72
167252.349689,120.0,0.8756,3,3,0,0.65156,0.82917,0.62891,0.82083,0.60703,0.80000,0.59141,0.79167,0.58437,0.78889,0.63281,0.74306,0.61406,0.74167,0.60156,0.76528,0.59141,0.79167,0.65547,0.75417,0.63906,0.75972,0.62266,0.79444,0.61016,0.82500,0.67344,0.77778,0.66328,0.78611,0.64687,0.82222,0.63281,0.85278,0.68594,0.80972,0.68359,0.82361,0.67422,0.85139,0.66406,0.87083,0.61047,0.68827,0.9998,0.76368,0.89487,0.9593,0.67380,0.84307,0.9931,0.65831,0.62645,0.65156,0.82917,62.53,0.9933,live,0.4073,0.3325,147.42,443.42
167252.417377,120.0,0.0110,3,1,1,0.65859,0.84583,0.63359,0.83333,0.61094,0.80972,0.59219,0.80139,0.58281,0.79306,0.63438,0.74861,0.61484,0.74583,0.60078,0.77083,0.58906,0.80000,0.65781,0.75972,0.63984,0.76250,0.62422,0.79861,0.61172,0.82917,0.67578,0.78611,0.66250,0.79028,0.64687,0.82639,0.63281,0.85556,0.68750,0.81944,0.68516,0.83056,0.67656,0.85694,0.66719,0.87639,0.61120,0.69009,0.9998,0.76307,0.89959,0.9589,0.67768,0.83928,0.9925,0.65836,0.67032,0.65859,0.84583,66.29,0.9934,live,0.4073,0.3871,169.52,437.94
167252.484069,120.0,0.1444,3,1,1,0.66719,0.84028,0.63750,0.83056,0.61250,0.80139,0.59531,0.78889,0.58984,0.78750,0.63672,0.75139,0.61797,0.74583,0.60625,0.76806,0.59688,0.79444,0.66172,0.76111,0.64687,0.75556,0.62969,0.78889,0.61719,0.82222,0.68125,0.78611,0.67109,0.78472,0.65312,0.81944,0.63750,0.85000,0.69375,0.81806,0.69297,0.82500,0.68359,0.85000,0.67344,0.86944,0.61099,0.68958,0.9999,0.75965,0.90121,0.9583,0.67970,0.83539,0.9923,0.66013,0.70431,0.66719,0.84028,64.33,0.9980,live,0.4131,0.4395,189.72,431.70
167252.550304,120.0,0.2768,3,1,1,0.68047,0.84722,0.65078,0.83472,0.62500,0.79722,0.60938,0.77500,0.62031,0.77361,0.65938,0.75556,0.65000,0.73472,0.63984,0.75556,0.63125,0.78333,0.68359,0.76944,0.68125,0.74306,0.66484,0.77361,0.65234,0.81111,0.70234,0.79444,0.70312,0.77500,0.68828,0.80556,0.67500,0.83333,0.71406,0.82639,0.71875,0.82500,0.71562,0.84444,0.71172,0.86111,0.61146,0.69497,0.9999,0.76017,0.91532,0.9569,0.69479,0.83950,0.9916,0.66420,0.73290,0.68047,0.84722,64.90,0.9989,live,0.4267,0.4887,208.51,426.63
167252.612162,120.0,0.4006,3,1,1,0.68047,0.84722,0.65078,0.83472,0.62500,0.79722,0.60938,0.77500,0.62031,0.77361,0.65938,0.75556,0.65000,0.73472,0.63984,0.75556,0.63125,0.78333,0.68359,0.76944,0.68125,0.74306,0.66484,0.77361,0.65234,0.81111,0.70234,0.79444,0.70312,0.77500,0.68828,0.80556,0.67500,0.83333,0.71406,0.82639,0.71875,0.82500,0.71562,0.84444,0.71172,0.86111,0.61152,0.70720,0.9999,0.76290,0.90783,0.9584,0.74376,0.84648,0.9916,0.66420,0.73290,0.68047,0.84722,64.90,0.5993,hold,0.4267,0.4887,208.51,426.63
167252.679483,120.0,0.5352,3,1,1,0.77344,0.76806,0.79531,0.79722,0.81719,0.81667,0.83203,0.83194,0.84609,0.84583,0.83047,0.79306,0.85469,0.80278,0.86094,0.82917,0.86172,0.85694,0.81953,0.77500,0.84141,0.78056,0.84609,0.80694,0.84297,0.83472,0.80156,0.75833,0.81563,0.75556,0.81875,0.77361,0.81641,0.79583,0.78047,0.74444,0.77734,0.73611,0.77656,0.74444,0.77422,0.75833,0.60593,0.70761,0.9999,0.73542,0.90260,0.9546,0.79632,0.83659,0.9917,0.77344,0.76806,0.77344,0.76806,56.64,0.9530,live,0.4690,0.6616,275.38,416.22
167252.749724,120.0,0.6757,3,1,1,0.78359,0.80139,0.77812,0.80694,0.78516,0.80139,0.80391,0.80417,0.82891,0.80417,0.82266,0.77083,0.85469,0.76528,0.87187,0.78889,0.88203,0.82222,0.83047,0.76806,0.85859,0.75278,0.86797,0.77917,0.87109,0.81667,0.82969,0.77222,0.85156,0.75000,0.86094,0.76667,0.86328,0.79583,0.82422,0.77917,0.84062,0.75833,0.84922,0.76528,0.85078,0.78333,0.60501,0.70914,0.9999,0.73446,0.90063,0.9457,0.80398,0.83572,0.9916,0.77547,0.77472,0.78359,0.80139,44.99,0.7104,live,0.4895,0.5826,232.27,398.67
167252.815059,120.0,0.8063,3,1,1,0.79453,0.84028,0.77109,0.80694,0.76406,0.76389,0.77656,0.74583,0.79688,0.74167,0.80859,0.73611,0.82109,0.71528,0.82734,0.73750,0.83125,0.77361,0.83047,0.75694,0.85156,0.72500,0.85859,0.75139,0.86328,0.79028,0.84609,0.78194,0.86719,0.75972,0.87891,0.78472,0.88359,0.81806,0.85469,0.81111,0.87500,0.80278,0.88594,0.81528,0.89219,0.83472,0.60281,0.70829,0.9999,0.73479,0.89470,0.9453,0.80870,0.83337,0.9920,0.69026,0.75437,0.79453,0.84028,78.13,0.9583,live,0.4895,0.5095,207.39,407.08
167252.882795,120.0,0.9418,3,1,1,0.78203,0.82083,0.76328,0.79028,0.75859,0.75000,0.77344,0.73333,0.79219,0.72361,0.80312,0.72500,0.81719,0.69861,0.82344,0.71806,0.82969,0.74722,0.82656,0.74306,0.85000,0.71528,0.85781,0.74028,0.85859,0.77222,0.84219,0.76667,0.86641,0.74722,0.87578,0.77083,0.87500,0.80139,0.85078,0.79028,0.87422,0.78194,0.88438,0.79583,0.88594,0.81806,0.60310,0.70894,0.9999,0.73814,0.89918,0.9472,0.79900,0.83200,0.9924,0.70862,0.76766,0.78203,0.82083,80.43,0.9580,live,0.4810,0.4424,184.09,416.14
167252.951857,120.0,0.0799,3,2,0,0.78203,0.80139,0.76094,0.77500,0.75234,0.73611,0.76484,0.71389,0.78203,0.70139,0.79531,0.70278,0.80859,0.67639,0.81563,0.69306,0.82109,0.72083,0.81953,0.71944,0.84062,0.68889,0.84766,0.70972,0.85078,0.74306,0.83594,0.74306,0.85938,0.72222,0.86953,0.74583,0.87109,0.77639,0.84609,0.76944,0.86797,0.76111,0.87734,0.77639,0.88047,0.79583,0.60315,0.70929,0.9999,0.73876,0.89574,0.9434,0.80314,0.82565,0.9927,0.72330,0.77441,0.78203,0.80139,78.76,0.9393,live,0.4658,0.3965,167.69,422.91
167253.017627,120.0,0.2115,3,2,0,0.78281,0.75000,0.75859,0.73750,0.74922,0.70833,0.75469,0.69167,0.76250,0.66806,0.78047,0.64861,0.79063,0.61250,0.79688,0.62639,0.80234,0.65139,0.80547,0.65694,0.82266,0.62083,0.82969,0.64167,0.83437,0.67361,0.82500,0.67222,0.84375,0.64583,0.85234,0.66944,0.85625,0.70139,0.83984,0.69444,0.85547,0.68611,0.86328,0.70417,0.86641,0.72778,0.60717,0.70925,0.9999,0.75258,0.87737,0.9447,0.79240,0.76142,0.9929,0.73520,0.76953,0.78281,0.75000,78.04,0.9093,live,0.4475,0.3644,156.10,428.35
167253.083484,120.0,0.3432,3,2,0,0.75078,0.63611,0.76484,0.60000,0.78047,0.55972,0.79609,0.52917,0.80703,0.51250,0.77500,0.48889,0.78203,0.44444,0.78125,0.46250,0.78047,0.48611,0.77266,0.48889,0.78125,0.44167,0.77891,0.46250,0.77656,0.49028,0.77031,0.50278,0.77734,0.45972,0.77812,0.48056,0.77734,0.50833,0.76797,0.52639,0.77656,0.50000,0.78125,0.50972,0.78359,0.52500,0.60723,0.70347,0.9999,0.77312,0.86055,0.9476,0.78183,0.63018,0.9935,0.73832,0.74284,0.75078,0.63611,82.64,0.5905,live,0.4314,0.3577,156.10,436.45
167253.150708,120.0,0.4776,3,2,0,0.71719,0.48056,0.68828,0.44444,0.67500,0.39306,0.67578,0.34722,0.67891,0.31389,0.70156,0.34444,0.69922,0.29861,0.69531,0.27778,0.69219,0.25972,0.72266,0.34306,0.72734,0.29167,0.72344,0.26528,0.71797,0.24861,0.73984,0.35000,0.74609,0.30139,0.73984,0.27639,0.73125,0.26250,0.75469,0.36389,0.76250,0.32500,0.75859,0.30417,0.75000,0.29167,0.60707,0.68263,0.9999,0.77571,0.77149,0.9500,0.73761,0.46441,0.9941,0.73409,0.69039,0.71719,0.48056,91.36,0.8052,live,0.4037,0.2775,124.83,449.85
167253.213130,120.0,0.6025,3,2,0,0.67656,0.34028,0.64766,0.31667,0.63281,0.27222,0.63125,0.23194,0.63047,0.20000,0.65391,0.23333,0.64766,0.18611,0.64297,0.15972,0.63828,0.13889,0.67266,0.22500,0.67109,0.16944,0.66406,0.13889,0.65625,0.11944,0.68906,0.22500,0.68984,0.17083,0.68203,0.14444,0.67266,0.12917,0.70391,0.23333,0.70937,0.19028,0.70391,0.16528,0.69453,0.14861,0.60620,0.68191,0.9999,0.77063,0.67576,0.9527,0.68573,0.34257,0.9947,0.72259,0.62036,0.67656,0.34028,78.50,0.7397,live,0.3930,0.3442,155.71,452.39
167253.281515,120.0,0.7393,3,2,0,0.65391,0.30417,0.62656,0.26944,0.61172,0.22917,0.60781,0.18889,0.60703,0.15694,0.62734,0.18472,0.61875,0.14444,0.61172,0.11944,0.60625,0.09722,0.64219,0.17361,0.63672,0.12917,0.62891,0.10139,0.62109,0.07639,0.65625,0.17361,0.65312,0.13194,0.64687,0.10278,0.63906,0.08056,0.67109,0.17917,0.67266,0.14306,0.66797,0.11806,0.66094,0.09861,0.60636,0.67745,0.9999,0.74401,0.61400,0.9552,0.65898,0.30250,0.9951,0.70885,0.55713,0.65391,0.30417,84.11,0.8650,live,0.3930,0.4162,190.89,458.67
167253.350928,120.0,0.8781,3,2,0,0.63672,0.27361,0.60859,0.24722,0.59297,0.21250,0.58906,0.17778,0.58828,0.14722,0.61016,0.16667,0.60078,0.13194,0.59375,0.10972,0.58672,0.09028,0.62344,0.15694,0.61719,0.11389,0.61016,0.08889,0.60234,0.06944,0.63750,0.15417,0.63438,0.10833,0.62734,0.08472,0.61875,0.06528,0.65156,0.15833,0.65234,0.12083,0.64766,0.10000,0.63906,0.08194,0.59966,0.66854,0.9998,0.72709,0.57547,0.9576,0.64501,0.27844,0.9956,0.69442,0.50042,0.63672,0.27361,77.09,0.9723,live,0.4032,0.4501,206.64,459.13
167253.416946,120.0,0.0101,3,3,0,0.62969,0.27778,0.60313,0.25694,0.58828,0.22083,0.58359,0.18611,0.58281,0.15694,0.60703,0.17639,0.59688,0.14306,0.58984,0.12083,0.58281,0.10278,0.62031,0.16528,0.61406,0.12083,0.60547,0.09722,0.59609,0.07917,0.63281,0.16250,0.62969,0.11806,0.62344,0.09306,0.61406,0.07639,0.64687,0.16667,0.64766,0.12917,0.64219,0.10694,0.63359,0.09028,0.59978,0.66967,0.9998,0.72381,0.59111,0.9585,0.64326,0.28792,0.9959,0.68148,0.45589,0.62969,0.27778,73.72,0.9655,live,0.4254,0.5263,240.60,457.11
167253.483457,120.0,0.1431,3,3,0,0.63125,0.30556,0.60469,0.28750,0.58984,0.25139,0.58594,0.21528,0.58437,0.18472,0.60859,0.20556,0.60000,0.16528,0.59219,0.14306,0.58437,0.12639,0.62344,0.19583,0.61797,0.14861,0.60938,0.12361,0.60078,0.10556,0.63750,0.19444,0.63516,0.14722,0.62734,0.12222,0.61719,0.10417,0.65156,0.19861,0.65234,0.15972,0.64687,0.13750,0.63828,0.12222,0.59963,0.67311,0.9999,0.72678,0.61755,0.9598,0.64569,0.31584,0.9963,0.67143,0.42583,0.63125,0.30556,73.44,0.9474,live,0.4537,0.5826,265.18,455.14
167253.550286,120.0,0.2768,3,3,0,0.62891,0.35000,0.60469,0.33750,0.58984,0.30417,0.58516,0.27083,0.58437,0.24028,0.60938,0.25417,0.60234,0.20833,0.59453,0.19028,0.58516,0.18194,0.62422,0.24861,0.62187,0.19722,0.61562,0.17361,0.60781,0.16528,0.63828,0.25278,0.63672,0.20833,0.63125,0.18611,0.62500,0.17222,0.65391,0.26389,0.65469,0.22639,0.65000,0.20556,0.64375,0.19167,0.59876,0.67327,0.9998,0.72836,0.68619,0.9601,0.64380,0.34550,0.9966,0.66293,0.41066,0.62891,0.35000,68.46,0.9090,live,0.4837,0.6205,279.11,449.81
167253.614864,120.0,0.4060,3,3,0,0.62031,0.29583,0.60000,0.31250,0.58281,0.33611,0.57812,0.37083,0.58125,0.39861,0.59453,0.29583,0.59531,0.30972,0.59766,0.33194,0.59844,0.35694,0.61562,0.29444,0.61875,0.31111,0.61875,0.33889,0.61797,0.36806,0.63438,0.30000,0.63672,0.31528,0.63594,0.34583,0.63359,0.37222,0.65000,0.30972,0.65469,0.32778,0.65469,0.35278,0.65312,0.37500,0.59855,0.67563,0.9998,0.73929,0.77753,0.9611,0.64602,0.48287,0.9969,0.65440,0.38770,0.62031,0.29583,37.52,0.9918,live,0.5223,0.6980,295.16,422.85
167253.681135,120.0,0.5385,3,3,0,0.62187,0.63611,0.63984,0.63750,0.65781,0.63472,0.66641,0.64444,0.67188,0.66111,0.64844,0.56250,0.65000,0.60972,0.64766,0.64028,0.64687,0.66389,0.62500,0.55139,0.62344,0.59861,0.62031,0.63472,0.61875,0.66250,0.60391,0.55556,0.60000,0.59167,0.59922,0.62083,0.59922,0.64306,0.58672,0.56944,0.58047,0.59306,0.58203,0.61528,0.58516,0.63333,0.60285,0.64365,0.9998,0.75006,0.84161,0.9615,0.64772,0.67706,0.9968,0.62187,0.63611,0.62187,0.63611,67.26,0.9904,live,0.5550,0.7038,295.98,420.53
167253.751176,120.0,0.6786,3,3,0,0.65703,0.79028,0.63125,0.79167,0.60859,0.78750,0.59141,0.78750,0.57734,0.79167,0.62500,0.71667,0.60469,0.72917,0.59375,0.76389,0.58906,0.79167,0.64531,0.72361,0.62578,0.74722,0.61406,0.78889,0.61094,0.81667,0.66484,0.74444,0.65156,0.76806,0.64141,0.80694,0.63750,0.83333,0.68125,0.76944,0.67266,0.79167,0.66484,0.81944,0.66094,0.83750,0.61262,0.67821,0.9998,0.75827,0.89384,0.9618,0.66251,0.80176,0.9959,0.65493,0.46821,0.65703,0.79028,58.29,0.9925,live,0.5550,0.5351,220.47,412.04
167253.814139,120.0,0.8045,3,3,0,0.66094,0.85278,0.63281,0.84722,0.60938,0.83889,0.59141,0.83333,0.58047,0.83056,0.62891,0.75694,0.60859,0.77222,0.59688,0.80278,0.58750,0.83056,0.64922,0.76528,0.63047,0.78750,0.61406,0.82778,0.60234,0.85972,0.66875,0.79028,0.65391,0.81250,0.63828,0.85139,0.62656,0.88194,0.68437,0.82361,0.67734,0.84028,0.66719,0.86806,0.65781,0.88889,0.61214,0.68390,0.9998,0.75329,0.90210,0.9604,0.67174,0.83833,0.9957,0.65613,0.54512,0.66094,0.85278,66.84,0.9977,live,0.5474,0.5130,210.68,410.71
167253.885475,120.0,0.9472,3,3,0,0.66953,0.87778,0.63438,0.86250,0.60859,0.83889,0.58984,0.82500,0.57891,0.81944,0.62734,0.75972,0.60625,0.76806,0.59375,0.79306,0.58203,0.81944,0.64844,0.77083,0.62891,0.78333,0.61250,0.82222,0.60000,0.85278,0.66797,0.79722,0.65312,0.80694,0.63594,0.84583,0.62422,0.87639,0.68437,0.83056,0.67500,0.84028,0.66406,0.86806,0.65391,0.89028,0.61152,0.68430,0.9998,0.75280,0.91841,0.9574,0.67739,0.85003,0.9950,0.65881,0.61166,0.66953,0.87778,77.57,0.9973,live,0.5358,0.4830,201.53,417.28
167253.949803,120.0,0.0758,3,1,1,0.65547,0.86528,0.62500,0.85139,0.60234,0.82778,0.58594,0.81111,0.57891,0.80556,0.62500,0.75000,0.60547,0.75278,0.59297,0.78333,0.58281,0.81389,0.64453,0.76111,0.62813,0.76806,0.61172,0.80833,0.60078,0.83889,0.66172,0.78611,0.65234,0.79306,0.63594,0.82917,0.62344,0.85972,0.67578,0.82083,0.67188,0.83056,0.66172,0.85556,0.65156,0.87361,0.61458,0.68961,0.9999,0.75873,0.93146,0.9567,0.67695,0.84768,0.9945,0.65814,0.66238,0.65547,0.86528,72.96,0.9984,live,0.5358,0.5205,218.49,419.74
167254.015652,120.0,0.2075,3,1,1,0.66484,0.85000,0.63438,0.83750,0.61094,0.81389,0.59453,0.79722,0.58281,0.78472,0.63281,0.73611,0.61328,0.73750,0.60000,0.75972,0.58906,0.78472,0.65391,0.74306,0.63672,0.74861,0.61953,0.78472,0.60781,0.81389,0.67188,0.76667,0.66094,0.77222,0.64375,0.80694,0.63203,0.83472,0.68750,0.79861,0.68203,0.80556,0.67031,0.83056,0.66094,0.85000,0.61425,0.69018,0.9998,0.75835,0.92182,0.9555,0.67698,0.84438,0.9936,0.65948,0.69990,0.66484,0.85000,75.04,0.9983,live,0.5358,0.5607,237.38,423.40
167254.084466,120.0,0.3452,3,1,1,0.68047,0.83056,0.65234,0.80833,0.62891,0.78611,0.61250,0.76528,0.61797,0.75278,0.66328,0.70972,0.64687,0.70972,0.63359,0.72778,0.62422,0.74583,0.68281,0.71806,0.66875,0.71667,0.65156,0.74028,0.63906,0.76528,0.69922,0.74167,0.69141,0.74722,0.67578,0.76667,0.66406,0.78750,0.71094,0.77500,0.71094,0.78611,0.70547,0.79722,0.69922,0.80833,0.61532,0.69143,0.9998,0.76268,0.93473,0.9544,0.69753,0.84275,0.9930,0.66368,0.72603,0.68047,0.83056,75.92,0.9984,live,0.5444,0.5838,249.41,427.25
167254.150167,120.0,0.4766,3,1,1,0.68047,0.83056,0.65234,0.80833,0.62891,0.78611,0.61250,0.76528,0.61797,0.75278,0.66328,0.70972,0.64687,0.70972,0.63359,0.72778,0.62422,0.74583,0.68281,0.71806,0.66875,0.71667,0.65156,0.74028,0.63906,0.76528,0.69922,0.74167,0.69141,0.74722,0.67578,0.76667,0.66406,0.78750,0.71094,0.77500,0.71094,0.78611,0.70547,0.79722,0.69922,0.80833,0.61297,0.69852,0.9998,0.75212,0.93576,0.9529,0.73104,0.83241,0.9929,0.66368,0.72603,0.68047,0.83056,75.92,0.5990,hold,0.5444,0.5838,249.41,427.25
167254.214858,120.0,0.6059,3,1,1,0.77266,0.80278,0.75469,0.75417,0.75234,0.70556,0.76172,0.68333,0.77969,0.68472,0.79922,0.69167,0.81250,0.65556,0.80547,0.66806,0.79609,0.69444,0.82031,0.71528,0.84297,0.67778,0.83125,0.69167,0.81641,0.71944,0.83594,0.74028,0.86172,0.70694,0.85625,0.71389,0.84141,0.73889,0.84609,0.77083,0.86875,0.75278,0.87266,0.75833,0.86484,0.77500,0.60888,0.70218,0.9998,0.73628,0.93152,0.9445,0.79147,0.79857,0.9928,0.68548,0.74138,0.77266,0.80278,88.54,0.8993,live,0.5559,0.6080,267.35,439.73
167254.285143,120.0,0.7465,3,1,1,0.79609,0.79306,0.77969,0.75139,0.77812,0.70417,0.79531,0.68056,0.81719,0.66944,0.82500,0.67917,0.84297,0.64861,0.84531,0.65972,0.84141,0.68611,0.84688,0.70000,0.86875,0.66944,0.87422,0.68611,0.86875,0.71528,0.86250,0.72500,0.88672,0.70139,0.89531,0.71250,0.89062,0.73889,0.87109,0.75417,0.89687,0.74444,0.90859,0.75278,0.91016,0.77083,0.60294,0.70073,0.9998,0.73157,0.92827,0.9412,0.80660,0.79709,0.9925,0.70760,0.75172,0.79609,0.79306,90.82,0.8574,live,0.5414,0.4752,214.97,452.36
167254.349908,120.0,0.8760,3,1,1,0.80156,0.78194,0.78438,0.74444,0.78203,0.70000,0.79922,0.67778,0.81875,0.66528,0.82734,0.67500,0.84297,0.64583,0.84688,0.65833,0.84766,0.68472,0.85000,0.69306,0.87187,0.65972,0.87813,0.67639,0.87578,0.70694,0.86562,0.71806,0.88984,0.69167,0.89766,0.70833,0.89453,0.73750,0.87422,0.74861,0.89766,0.73611,0.90781,0.74167,0.90938,0.75833,0.60284,0.70173,0.9999,0.73196,0.91972,0.9423,0.81493,0.78630,0.9929,0.72639,0.75776,0.80156,0.78194,87.25,0.9157,live,0.5328,0.4940,227.66,460.89
167254.416032,120.0,0.0083,3,2,0,0.79844,0.77083,0.77969,0.73611,0.77578,0.69306,0.79219,0.66944,0.81328,0.65972,0.81953,0.67083,0.83750,0.63611,0.83984,0.64722,0.83672,0.67361,0.84141,0.68611,0.86406,0.65000,0.86875,0.66667,0.86406,0.69583,0.85703,0.71111,0.88125,0.68056,0.88750,0.69444,0.88359,0.72222,0.86719,0.73889,0.89062,0.72222,0.90078,0.73194,0.90156,0.75000,0.60295,0.70333,0.9999,0.73343,0.91940,0.9421,0.80582,0.78547,0.9930,0.74080,0.76038,0.79844,0.77083,82.06,0.8837,live,0.4952,0.3240,150.53,464.66
167254.484807,120.0,0.1458,3,2,0,0.78594,0.75278,0.76875,0.71667,0.76328,0.67222,0.77734,0.64861,0.79453,0.63889,0.80703,0.64167,0.82109,0.60972,0.82422,0.62083,0.82422,0.64583,0.82891,0.65972,0.84922,0.62500,0.85234,0.64167,0.84922,0.67083,0.84453,0.68472,0.86719,0.65556,0.87109,0.66944,0.86719,0.69444,0.85547,0.71528,0.87656,0.69861,0.88594,0.70417,0.88828,0.71944,0.60302,0.70310,0.9999,0.74096,0.91404,0.9430,0.79875,0.78363,0.9932,0.74983,0.75886,0.78594,0.75278,86.42,0.9516,live,0.4668,0.3372,158.87,471.13
167254.551575,120.0,0.2794,3,2,0,0.78438,0.71667,0.77187,0.69861,0.76875,0.66944,0.77656,0.65139,0.78203,0.63056,0.78906,0.58889,0.79609,0.54306,0.79922,0.55417,0.79922,0.58194,0.81016,0.59722,0.82031,0.55000,0.82500,0.56667,0.82578,0.59722,0.82734,0.61528,0.83984,0.57500,0.84688,0.58889,0.84766,0.61944,0.84141,0.64028,0.85391,0.61806,0.86094,0.62361,0.86250,0.64167,0.60261,0.69933,0.9999,0.74225,0.88491,0.9441,0.79577,0.66521,0.9937,0.75674,0.75042,0.78438,0.71667,88.06,0.9621,live,0.4324,0.2759,131.88,478.00
167254.616050,120.0,0.4083,3,2,0,0.73984,0.58472,0.71875,0.54861,0.70781,0.50278,0.70781,0.46250,0.71250,0.42361,0.73672,0.44306,0.73750,0.39583,0.73828,0.39028,0.73828,0.40139,0.75859,0.44861,0.76641,0.39583,0.76875,0.39583,0.76641,0.41528,0.77656,0.46528,0.78594,0.42083,0.78828,0.42083,0.78438,0.43333,0.79219,0.49167,0.80391,0.46250,0.80625,0.45556,0.80234,0.45833,0.60233,0.69417,0.9999,0.76329,0.83884,0.9450,0.76294,0.57412,0.9941,0.75336,0.71728,0.73984,0.58472,94.22,0.9560,live,0.3999,0.2520,123.09,488.48
167254.684641,120.0,0.5455,3,2,0,0.69922,0.43889,0.67344,0.40694,0.65938,0.36111,0.65781,0.31944,0.65938,0.28472,0.68750,0.31944,0.68281,0.27361,0.67812,0.24861,0.67266,0.22917,0.70703,0.31528,0.71016,0.26250,0.70547,0.23194,0.69922,0.21111,0.72422,0.31944,0.72734,0.27083,0.72031,0.24444,0.71094,0.23056,0.73984,0.33194,0.75078,0.29167,0.74609,0.26667,0.73594,0.25278,0.60071,0.68271,0.9999,0.76295,0.76272,0.9485,0.71978,0.44066,0.9947,0.74253,0.66160,0.69922,0.43889,84.34,0.9144,live,0.3704,0.2358,115.66,490.59
167254.746069,120.0,0.6684,3,2,0,0.66641,0.33056,0.63750,0.30972,0.62109,0.26667,0.61875,0.22361,0.62187,0.19167,0.64531,0.22361,0.63828,0.17778,0.63125,0.15278,0.62422,0.13194,0.66328,0.21528,0.66016,0.16111,0.65078,0.13056,0.64219,0.10833,0.67812,0.21528,0.67734,0.16250,0.66797,0.13333,0.65859,0.11528,0.68984,0.22083,0.69141,0.17778,0.68516,0.15139,0.67656,0.13333,0.59644,0.67729,0.9998,0.75052,0.67099,0.9521,0.66658,0.33688,0.9952,0.72731,0.59539,0.66641,0.33056,76.56,0.5010,live,0.3704,0.2376,115.66,486.84
167254.818232,120.0,0.8127,3,2,0,0.64141,0.30000,0.61484,0.26667,0.60000,0.22639,0.59688,0.18889,0.59609,0.15556,0.61719,0.18056,0.60781,0.14306,0.60078,0.12083,0.59297,0.10278,0.63125,0.17083,0.62500,0.12500,0.61719,0.10000,0.60859,0.08056,0.64531,0.16806,0.64219,0.12361,0.63438,0.09722,0.62500,0.07778,0.66016,0.17361,0.66172,0.13333,0.65703,0.10972,0.64844,0.09167,0.59542,0.67155,0.9998,0.73402,0.60341,0.9538,0.64337,0.29597,0.9956,0.71013,0.53631,0.64141,0.30000,83.66,0.9264,live,0.3704,0.3543,173.15,488.66
167254.885347,120.0,0.9469,3,2,0,0.62656,0.27500,0.60078,0.25000,0.58672,0.21528,0.58203,0.18056,0.58203,0.15139,0.60313,0.17222,0.59453,0.14028,0.58594,0.11944,0.57812,0.10000,0.61641,0.15972,0.61016,0.11806,0.60234,0.09444,0.59297,0.07500,0.62969,0.15694,0.62656,0.11250,0.61953,0.08889,0.60938,0.07083,0.64375,0.16111,0.64531,0.12361,0.64062,0.10139,0.63203,0.08333,0.59549,0.67183,0.9998,0.72260,0.58780,0.9561,0.63943,0.29152,0.9960,0.69341,0.48405,0.62656,0.27500,75.34,0.9694,live,0.3836,0.4436,214.83,484.27
167254.951129,120.0,0.0785,3,3,0,0.62344,0.27500,0.59766,0.25556,0.58359,0.22083,0.57969,0.18611,0.57969,0.15556,0.60234,0.17778,0.59297,0.14444,0.58594,0.12361,0.57812,0.10556,0.61562,0.16667,0.60938,0.12361,0.60078,0.09861,0.59141,0.08056,0.62891,0.16389,0.62500,0.11944,0.61797,0.09583,0.60781,0.07778,0.64219,0.16667,0.64297,0.12917,0.63750,0.10694,0.62813,0.09028,0.59603,0.67251,0.9998,0.71688,0.59057,0.9580,0.63868,0.29029,0.9964,0.67942,0.44224,0.62344,0.27500,71.72,0.9619,live,0.4085,0.5222,249.52,477.79
167255.018146,120.0,0.2125,3,3,0,0.62891,0.30139,0.60313,0.28194,0.58828,0.24583,0.58359,0.21111,0.58281,0.17917,0.60781,0.20278,0.59844,0.16389,0.58984,0.14028,0.58281,0.12222,0.62266,0.19306,0.61641,0.14583,0.60781,0.11806,0.59922,0.09861,0.63672,0.19028,0.63359,0.14306,0.62500,0.11806,0.61484,0.10000,0.65000,0.19583,0.65234,0.15417,0.64609,0.13194,0.63672,0.11667,0.59562,0.67282,0.9998,0.71709,0.61710,0.9592,0.63918,0.31072,0.9967,0.66932,0.41407,0.62891,0.30139,72.31,0.9079,live,0.4387,0.5763,272.30,472.53
167255.086501,120.0,0.3492,3,3,0,0.63516,0.34722,0.61016,0.33611,0.59453,0.30278,0.58984,0.26667,0.58906,0.23333,0.61484,0.25417,0.60703,0.20556,0.59922,0.18611,0.58984,0.17500,0.63047,0.24861,0.62734,0.19444,0.62031,0.16667,0.61172,0.14861,0.64531,0.25278,0.64453,0.20417,0.63750,0.17639,0.62969,0.15556,0.66094,0.26389,0.66328,0.22222,0.65938,0.19861,0.65234,0.17917,0.59080,0.67264,0.9998,0.71868,0.69500,0.9597,0.64185,0.33186,0.9970,0.66248,0.40070,0.63516,0.34722,67.75,0.8301,live,0.4679,0.6010,279.21,464.60
167255.149071,120.0,0.4744,3,3,0,0.65234,0.52917,0.62422,0.50556,0.60469,0.46806,0.59297,0.42917,0.59219,0.39306,0.62422,0.41944,0.61875,0.35972,0.61328,0.33194,0.61016,0.32222,0.64219,0.41528,0.63828,0.35139,0.63359,0.32083,0.62813,0.31111,0.66016,0.41944,0.65859,0.36111,0.65312,0.33472,0.64687,0.32639,0.67734,0.43194,0.67891,0.38333,0.67500,0.35972,0.66953,0.35000,0.59095,0.66857,0.9998,0.72740,0.78452,0.9605,0.64469,0.49418,0.9972,0.66046,0.42639,0.65234,0.52917,78.85,0.6438,live,0.4921,0.6021,280.34,465.62
167255.217881,120.0,0.6120,3,3,0,0.66719,0.70694,0.63984,0.69722,0.61719,0.67222,0.60156,0.65278,0.59062,0.63333,0.62969,0.60694,0.62109,0.55417,0.61719,0.56806,0.61562,0.59722,0.65234,0.60417,0.64766,0.55000,0.64453,0.56111,0.64375,0.58750,0.67266,0.61528,0.67422,0.56806,0.67344,0.58333,0.67188,0.61111,0.69219,0.63333,0.69688,0.60417,0.69688,0.61667,0.69609,0.63889,0.60147,0.66869,0.9998,0.74525,0.90152,0.9610,0.65775,0.70857,0.9974,0.66180,0.48250,0.66719,0.70694,76.77,0.9042,live,0.4868,0.4628,215.23,465.02
167255.284050,120.0,0.7443,3,3,0,0.66328,0.81667,0.63516,0.80417,0.61250,0.76806,0.59922,0.74444,0.60547,0.74028,0.63672,0.71389,0.62813,0.67083,0.62031,0.68333,0.61484,0.71389,0.66016,0.71806,0.66172,0.66806,0.65703,0.68056,0.65234,0.71667,0.68125,0.73611,0.68750,0.69444,0.68359,0.71111,0.67734,0.74306,0.69922,0.76389,0.71328,0.73750,0.71172,0.74861,0.70391,0.77083,0.61024,0.67593,0.9998,0.74858,0.93697,0.9601,0.68260,0.81870,0.9968,0.66210,0.54934,0.66328,0.81667,74.99,0.9885,live,0.4868,0.4646,215.23,463.21
167255.351434,120.0,0.8791,3,3,0,0.66563,0.83889,0.63516,0.83056,0.61016,0.79028,0.59688,0.76667,0.60625,0.76667,0.64141,0.75139,0.63438,0.70833,0.62109,0.71528,0.60938,0.73750,0.66406,0.75972,0.66953,0.70278,0.65547,0.71111,0.64141,0.74306,0.68437,0.77917,0.69141,0.72778,0.68203,0.74306,0.66953,0.77222,0.70078,0.80556,0.71484,0.77500,0.71328,0.78333,0.70312,0.80417,0.61349,0.68569,0.9998,0.74963,0.94046,0.9598,0.68056,0.82756,0.9963,0.66280,0.60725,0.66563,0.83889,65.92,0.9867,live,0.4632,0.3554,161.73,455.08
167255.417357,120.0,0.0109,3,1,1,0.66250,0.83472,0.63203,0.82778,0.60859,0.78611,0.59453,0.76389,0.60000,0.76250,0.63359,0.75139,0.62578,0.70972,0.61406,0.71528,0.60313,0.74028,0.65781,0.75972,0.66406,0.70000,0.65078,0.70556,0.63906,0.73611,0.67891,0.77778,0.68672,0.72222,0.67812,0.73611,0.66484,0.76806,0.69688,0.80417,0.71328,0.76667,0.71094,0.77361,0.69922,0.79722,0.61661,0.68813,0.9998,0.75393,0.95038,0.9570,0.67928,0.83915,0.9952,0.66274,0.65274,0.66250,0.83472,65.87,0.9805,live,0.4571,0.4293,192.28,447.90
167255.485556,120.0,0.1473,3,1,1,0.66328,0.83333,0.63281,0.82222,0.60938,0.78194,0.59453,0.75972,0.60078,0.75694,0.63828,0.74028,0.62734,0.69444,0.61328,0.70556,0.60078,0.73194,0.65938,0.74861,0.66172,0.68889,0.64453,0.70000,0.63125,0.73056,0.67891,0.76806,0.68437,0.71111,0.67344,0.72500,0.66094,0.75556,0.69688,0.79444,0.71016,0.75694,0.70547,0.76250,0.69531,0.78333,0.61629,0.68805,0.9999,0.75340,0.94320,0.9583,0.67842,0.82684,0.9948,0.66285,0.68886,0.66328,0.83333,67.83,0.9840,live,0.4571,0.4715,208.89,442.99
167255.550957,120.0,0.2781,3,1,1,0.67188,0.82778,0.64297,0.81250,0.62031,0.77778,0.60703,0.75694,0.61016,0.74306,0.64922,0.72639,0.63984,0.69028,0.62578,0.70278,0.61328,0.72639,0.67109,0.73472,0.67109,0.68889,0.65625,0.70000,0.64219,0.72639,0.69063,0.75278,0.69609,0.70972,0.68594,0.72222,0.67344,0.75000,0.70781,0.78194,0.72188,0.75278,0.71719,0.75833,0.70625,0.77500,0.61752,0.68850,0.9999,0.75645,0.94114,0.9578,0.68926,0.83657,0.9945,0.66466,0.71664,0.67188,0.82778,71.79,0.9817,live,0.4681,0.5181,228.77,441.52
167255.617362,120.0,0.4110,3,1,1,0.70234,0.82639,0.67578,0.83611,0.65312,0.82500,0.64062,0.81389,0.63672,0.79861,0.67422,0.75139,0.67422,0.71528,0.67188,0.71389,0.67344,0.72361,0.69922,0.74583,0.70937,0.70278,0.70312,0.70000,0.69922,0.71944,0.72031,0.75556,0.73672,0.71806,0.73672,0.72083,0.73906,0.73889,0.73750,0.78056,0.75625,0.76528,0.76562,0.76111,0.77422,0.76667,0.61718,0.70369,0.9998,0.75172,0.96686,0.9544,0.71522,0.84931,0.9937,0.67219,0.73859,0.70234,0.82639,65.63,0.9746,live,0.4845,0.5593,243.75,435.79
167255.683454,120.0,0.5431,3,1,1,0.73828,0.86944,0.75547,0.83472,0.76797,0.79722,0.77578,0.76667,0.78672,0.74306,0.75156,0.74444,0.76953,0.71944,0.79063,0.72639,0.80937,0.73611,0.73828,0.74444,0.76406,0.72083,0.78750,0.72917,0.80781,0.73889,0.72500,0.75278,0.74609,0.72639,0.76797,0.73194,0.78984,0.74167,0.71016,0.76944,0.71641,0.74861,0.73281,0.74861,0.75313,0.75556,0.61558,0.71118,0.9998,0.73162,0.95747,0.9462,0.77690,0.83738,0.9935,0.73828,0.86944,0.73828,0.86944,79.52,0.8365,live,0.5410,0.7984,351.89,440.75
167255.752874,120.0,0.6820,3,1,1,0.77187,0.82361,0.80625,0.85139,0.84453,0.84028,0.87422,0.82361,0.89766,0.82639,0.85234,0.81250,0.87734,0.78611,0.88984,0.79444,0.89922,0.81528,0.84062,0.78889,0.86719,0.75278,0.87813,0.76389,0.88359,0.79444,0.82266,0.77222,0.84453,0.73194,0.85781,0.73750,0.86641,0.76111,0.79922,0.75972,0.80781,0.73333,0.81563,0.74444,0.82109,0.76667,0.60801,0.71079,0.9998,0.72669,0.94227,0.9385,0.80978,0.83630,0.9932,0.74500,0.86028,0.77187,0.82361,82.62,0.9718,live,0.5636,0.6667,298.26,447.35
167255.818257,120.0,0.8127,3,1,1,0.79375,0.85833,0.77344,0.82222,0.77266,0.78194,0.78750,0.76806,0.81016,0.76528,0.81719,0.75417,0.82578,0.72222,0.83281,0.74028,0.83906,0.77222,0.84141,0.76806,0.86094,0.72361,0.87109,0.73472,0.87656,0.76111,0.85703,0.78889,0.87813,0.76250,0.89062,0.76944,0.89531,0.79028,0.86641,0.82083,0.88828,0.80694,0.90312,0.80833,0.91250,0.81806,0.60452,0.71027,0.9998,0.72761,0.92970,0.9387,0.81299,0.83611,0.9933,0.69650,0.76254,0.79375,0.85833,86.49,0.9452,live,0.5636,0.5565,253.73,455.94
167255.886770,120.0,0.9498,3,1,1,0.78672,0.83194,0.76953,0.80278,0.76641,0.76528,0.78594,0.75139,0.80703,0.75417,0.80547,0.73056,0.82266,0.71389,0.83437,0.73056,0.84375,0.75417,0.82188,0.73750,0.84297,0.71528,0.85703,0.72639,0.86641,0.74722,0.83203,0.75278,0.84609,0.73194,0.84922,0.74444,0.85000,0.76667,0.83672,0.77500,0.84453,0.75833,0.84688,0.76528,0.84688,0.77917,0.60322,0.70933,0.9999,0.72764,0.92812,0.9367,0.80984,0.83440,0.9931,0.71455,0.77642,0.78672,0.83194,71.40,0.8480,live,0.5481,0.4776,216.16,452.64
167255.953721,120.0,0.0837,3,2,0,0.77578,0.80000,0.81172,0.81944,0.84922,0.79861,0.87656,0.77639,0.89766,0.77500,0.85547,0.76944,0.87813,0.73472,0.88594,0.74444,0.88906,0.76806,0.84297,0.74722,0.86641,0.70694,0.87500,0.72361,0.87734,0.75694,0.82422,0.73056,0.84375,0.68889,0.85313,0.70278,0.85781,0.73333,0.80000,0.71944,0.80391,0.69306,0.81016,0.70694,0.81406,0.73333,0.60327,0.70982,0.9999,0.72776,0.92977,0.9359,0.80584,0.83335,0.9930,0.75116,0.84822,0.77578,0.80000,85.93,0.9841,live,0.5249,0.4188,192.75,460.19
167256.017832,120.0,0.2119,3,2,0,0.78359,0.77639,0.76328,0.75833,0.75781,0.72639,0.76562,0.71389,0.77656,0.70417,0.78828,0.66389,0.79219,0.62500,0.79922,0.63611,0.80469,0.66667,0.81250,0.67222,0.82734,0.62222,0.83828,0.63333,0.84375,0.66389,0.83125,0.69306,0.85000,0.65556,0.86250,0.66944,0.86562,0.69722,0.84453,0.72083,0.86484,0.70139,0.87734,0.70694,0.88047,0.72361,0.60328,0.70601,0.9999,0.72822,0.92999,0.9359,0.80126,0.81895,0.9932,0.73978,0.78263,0.78359,0.77639,83.84,0.9085,live,0.4970,0.3702,172.28,465.34
167256.086854,120.0,0.3499,3,2,0,0.75469,0.69167,0.73594,0.65417,0.72500,0.60278,0.72422,0.56389,0.73203,0.54722,0.76328,0.53333,0.76875,0.48889,0.76797,0.49306,0.76484,0.51667,0.78672,0.54444,0.80078,0.49306,0.80234,0.49444,0.79844,0.51250,0.80469,0.56944,0.82109,0.52917,0.82266,0.53194,0.81719,0.54583,0.81953,0.60556,0.83750,0.57917,0.83828,0.57917,0.83281,0.58472,0.60347,0.69903,0.9999,0.74380,0.90375,0.9382,0.78906,0.69174,0.9937,0.74276,0.76444,0.75469,0.69167,105.15,0.9700,live,0.4655,0.3217,156.09,485.20
167256.149048,120.0,0.4743,3,2,0,0.72188,0.54583,0.69609,0.50972,0.68437,0.45694,0.68281,0.41250,0.68359,0.37500,0.71328,0.40694,0.71250,0.35694,0.71094,0.33056,0.70937,0.30556,0.73516,0.40833,0.74141,0.35694,0.74141,0.32639,0.73906,0.30139,0.75234,0.41806,0.76250,0.37361,0.75938,0.34861,0.75313,0.32639,0.76797,0.43472,0.77812,0.40139,0.77500,0.37917,0.76797,0.35972,0.60000,0.68895,0.9999,0.75519,0.82289,0.9422,0.74811,0.53652,0.9943,0.73858,0.72072,0.72188,0.54583,93.31,0.8679,live,0.4385,0.3159,156.09,494.16
167256.215769,120.0,0.6078,3,2,0,0.68125,0.39722,0.65234,0.37361,0.63594,0.32778,0.63281,0.28472,0.63203,0.25000,0.65859,0.27778,0.65234,0.22639,0.64687,0.19583,0.64141,0.17083,0.67812,0.27083,0.68047,0.21250,0.67500,0.17639,0.66797,0.15556,0.69453,0.27361,0.69922,0.21806,0.68984,0.19028,0.67812,0.17639,0.71016,0.28333,0.71641,0.23611,0.70859,0.21250,0.69766,0.20000,0.59630,0.67598,0.9999,0.75471,0.71939,0.9459,0.69443,0.38893,0.9948,0.72712,0.65602,0.68125,0.39722,84.48,0.8809,live,0.4264,0.3711,183.93,495.69
167256.284699,120.0,0.7456,3,2,0,0.65234,0.34861,0.62422,0.30694,0.60859,0.26250,0.60469,0.22083,0.60234,0.18750,0.62734,0.21806,0.61797,0.17639,0.61016,0.14861,0.60313,0.12361,0.64062,0.20972,0.63672,0.16250,0.63047,0.13056,0.62344,0.10417,0.65312,0.20833,0.65234,0.16528,0.64531,0.13194,0.63750,0.10694,0.66641,0.21528,0.66875,0.17361,0.66328,0.14861,0.65469,0.12917,0.59542,0.67644,0.9998,0.74472,0.63908,0.9494,0.65032,0.33129,0.9953,0.71216,0.59454,0.65234,0.34861,87.03,0.8617,live,0.4264,0.4084,203.72,498.87
167256.350870,120.0,0.8780,3,2,0,0.62891,0.31111,0.60000,0.27639,0.58281,0.23750,0.57812,0.20000,0.57422,0.16944,0.59844,0.19167,0.58750,0.15417,0.57891,0.13194,0.57109,0.11111,0.61172,0.17778,0.60469,0.13472,0.59609,0.10972,0.58672,0.09028,0.62578,0.17361,0.62187,0.13056,0.61328,0.10556,0.60313,0.09028,0.63984,0.17639,0.63984,0.13889,0.63203,0.11806,0.62187,0.10556,0.59550,0.67358,0.9998,0.73020,0.60906,0.9512,0.64276,0.31234,0.9957,0.69551,0.53785,0.62891,0.31111,86.26,0.9500,live,0.4369,0.4846,242.83,501.12
167256.415204,120.0,0.0066,3,3,0,0.61797,0.29167,0.59062,0.26944,0.57344,0.23472,0.56641,0.19861,0.56719,0.17222,0.58984,0.18750,0.57891,0.15417,0.56953,0.13333,0.56250,0.11667,0.60234,0.17639,0.59453,0.13333,0.58672,0.10972,0.57812,0.09306,0.61562,0.17222,0.61016,0.12917,0.60234,0.10833,0.59297,0.09444,0.62969,0.17361,0.62813,0.13750,0.62109,0.11667,0.61172,0.10417,0.59517,0.67393,0.9998,0.72030,0.60291,0.9526,0.63184,0.29701,0.9960,0.68000,0.48861,0.61797,0.29167,76.71,0.9636,live,0.4578,0.5531,274.47,496.22
167256.486007,120.0,0.1482,3,3,0,0.61641,0.30417,0.59062,0.28611,0.57422,0.25278,0.56797,0.21667,0.56641,0.18611,0.59141,0.20556,0.58047,0.17222,0.57188,0.15000,0.56406,0.13194,0.60547,0.19306,0.59766,0.15000,0.58906,0.12639,0.57969,0.11111,0.61875,0.19028,0.61484,0.14583,0.60625,0.12361,0.59531,0.10972,0.63281,0.19306,0.63281,0.15417,0.62500,0.13472,0.61406,0.12361,0.59304,0.67589,0.9998,0.71534,0.62061,0.9544,0.62995,0.31795,0.9964,0.66728,0.45173,0.61641,0.30417,73.89,0.9590,live,0.4875,0.6226,305.00,489.87
167256.550797,120.0,0.2778,3,3,0,0.61875,0.34306,0.59375,0.33194,0.57734,0.29722,0.57109,0.26111,0.56875,0.23056,0.59531,0.24583,0.58437,0.20556,0.57500,0.18611,0.56563,0.17083,0.60938,0.23472,0.60234,0.18611,0.59375,0.15972,0.58359,0.14306,0.62344,0.23333,0.61875,0.18611,0.61094,0.16250,0.60234,0.14861,0.63672,0.23889,0.63672,0.19722,0.63047,0.17639,0.62266,0.16389,0.59091,0.67319,0.9998,0.71706,0.62450,0.9548,0.63053,0.33564,0.9967,0.65758,0.42999,0.61875,0.34306,71.69,0.9521,live,0.5206,0.6714,324.08,482.70
167256.618091,120.0,0.4124,3,3,0,0.62344,0.46111,0.59688,0.44167,0.57891,0.40417,0.57109,0.37083,0.56953,0.33889,0.59688,0.34861,0.58906,0.29861,0.57969,0.27639,0.57109,0.27083,0.61250,0.34167,0.60703,0.28611,0.60000,0.26250,0.59141,0.26250,0.62813,0.34583,0.62500,0.29167,0.61875,0.26806,0.61172,0.26528,0.64375,0.35972,0.64531,0.31389,0.64062,0.28750,0.63359,0.27778,0.59034,0.67336,0.9998,0.72165,0.74654,0.9562,0.63483,0.44625,0.9970,0.65075,0.43622,0.62344,0.46111,78.25,0.9557,live,0.5271,0.5572,268.06,481.12
167256.683977,120.0,0.5442,3,3,0,0.77578,0.80000,0.81172,0.81944,0.84922,0.79861,0.87656,0.77639,0.89766,0.77500,0.85547,0.76944,0.87813,0.73472,0.88594,0.74444,0.88906,0.76806,0.84297,0.74722,0.86641,0.70694,0.87500,0.72361,0.87734,0.75694,0.82422,0.73056,0.84375,0.68889,0.85313,0.70278,0.85781,0.73333,0.80000,0.71944,0.80391,0.69306,0.81016,0.70694,0.81406,0.73333,0.59464,0.65399,0.9998,0.74460,0.82884,0.9578,0.63553,0.63145,0.9971,0.75116,0.84822,0.77578,0.80000,85.93,0.5905,hold,0.5271,0.5572,268.06,481.12
167256.750984,120.0,0.6782,3,3,0,0.64141,0.79444,0.61172,0.79028,0.58672,0.77500,0.57188,0.76528,0.57109,0.75556,0.59844,0.69167,0.58203,0.68611,0.57422,0.72361,0.57188,0.75833,0.62109,0.69444,0.61172,0.67222,0.60469,0.70833,0.60234,0.74583,0.64297,0.70972,0.64062,0.69861,0.63359,0.73889,0.62734,0.77500,0.66094,0.73750,0.66328,0.74583,0.65781,0.77500,0.65156,0.79861,0.60604,0.66952,0.9998,0.74513,0.90339,0.9573,0.64492,0.79722,0.9967,0.64888,0.50786,0.64141,0.79444,75.83,0.9937,live,0.5042,0.3998,191.08,477.98
167256.816511,120.0,0.8092,3,3,0,0.62578,0.83750,0.60313,0.82917,0.58672,0.82222,0.57656,0.82083,0.57266,0.81944,0.60859,0.75000,0.59297,0.75833,0.58281,0.78194,0.57344,0.80417,0.62813,0.75833,0.61797,0.77222,0.60625,0.80278,0.59609,0.82778,0.64609,0.78056,0.64062,0.79861,0.62969,0.82778,0.61953,0.85278,0.65938,0.80972,0.65625,0.82083,0.64766,0.84306,0.63906,0.86250,0.60780,0.67583,0.9998,0.74600,0.90612,0.9557,0.67189,0.84343,0.9960,0.64426,0.57379,0.62578,0.83750,62.29,0.9866,live,0.4703,0.3157,146.94,465.47
167256.885901,120.0,0.9480,3,3,0,0.63750,0.87083,0.61562,0.86250,0.59688,0.84306,0.58047,0.83750,0.56719,0.83472,0.61875,0.77361,0.59688,0.77361,0.58203,0.80139,0.57031,0.82639,0.64062,0.78333,0.62422,0.78333,0.60703,0.81528,0.59375,0.84167,0.65625,0.80972,0.65000,0.81250,0.63281,0.84306,0.61797,0.86667,0.66797,0.84306,0.66875,0.85972,0.65859,0.88333,0.64844,0.90000,0.61105,0.68609,0.9998,0.74803,0.91961,0.9540,0.67583,0.84945,0.9947,0.64291,0.63320,0.63750,0.87083,65.35,0.9934,live,0.4491,0.3527,161.06,456.67
167256.946541,120.0,0.0693,3,1,1,0.64766,0.87639,0.62187,0.86250,0.60078,0.83750,0.58281,0.82917,0.56719,0.82222,0.61875,0.77083,0.59766,0.76528,0.58125,0.78750,0.56875,0.81111,0.64062,0.78056,0.62422,0.76944,0.60625,0.80000,0.59375,0.82778,0.65781,0.80417,0.64687,0.80000,0.62969,0.83056,0.61719,0.85556,0.67109,0.83472,0.66875,0.84306,0.65859,0.86528,0.65000,0.88194,0.61164,0.68784,0.9998,0.75022,0.91672,0.9533,0.67370,0.85120,0.9936,0.64386,0.68184,0.64766,0.87639,69.45,0.9961,live,0.4491,0.4281,193.43,451.87
167257.017920,120.0,0.2121,3,1,1,0.65391,0.86111,0.62422,0.84583,0.59922,0.82500,0.58203,0.81250,0.58047,0.79861,0.62500,0.74861,0.60703,0.74444,0.59219,0.76389,0.57891,0.78750,0.64609,0.75833,0.63281,0.75000,0.61562,0.77917,0.60234,0.80694,0.66406,0.78333,0.65547,0.77917,0.63906,0.80556,0.62578,0.83056,0.67812,0.81667,0.67500,0.82083,0.66484,0.84167,0.65547,0.85694,0.61154,0.68991,0.9998,0.75016,0.92069,0.9506,0.67252,0.83838,0.9919,0.64587,0.71769,0.65391,0.86111,73.02,0.9986,live,0.4491,0.4653,209.48,450.22
167257.083627,120.0,0.3435,3,1,1,0.67031,0.85417,0.63906,0.83611,0.61406,0.81111,0.60000,0.79167,0.60469,0.78611,0.64297,0.74167,0.62891,0.73333,0.61562,0.75278,0.60469,0.77222,0.66484,0.75278,0.65625,0.73889,0.64219,0.76250,0.63125,0.78750,0.68281,0.77500,0.67969,0.76528,0.66641,0.78472,0.65469,0.80556,0.69531,0.80833,0.69844,0.80972,0.69297,0.82222,0.68594,0.83194,0.61140,0.69256,0.9998,0.75170,0.92822,0.9501,0.68390,0.84063,0.9913,0.65076,0.74499,0.67031,0.85417,72.49,0.9937,live,0.4602,0.5106,228.93,448.39
167257.148144,120.0,0.4725,3,1,1,0.67031,0.85417,0.63906,0.83611,0.61406,0.81111,0.60000,0.79167,0.60469,0.78611,0.64297,0.74167,0.62891,0.73333,0.61562,0.75278,0.60469,0.77222,0.66484,0.75278,0.65625,0.73889,0.64219,0.76250,0.63125,0.78750,0.68281,0.77500,0.67969,0.76528,0.66641,0.78472,0.65469,0.80556,0.69531,0.80833,0.69844,0.80972,0.69297,0.82222,0.68594,0.83194,0.61130,0.69758,0.9998,0.75037,0.93541,0.9491,0.71606,0.85936,0.9914,0.65076,0.74499,0.67031,0.85417,72.49,0.5962,hold,0.4602,0.5106,228.93,448.39
167257.215844,120.0,0.6079,3,1,1,0.67031,0.85417,0.63906,0.83611,0.61406,0.81111,0.60000,0.79167,0.60469,0.78611,0.64297,0.74167,0.62891,0.73333,0.61562,0.75278,0.60469,0.77222,0.66484,0.75278,0.65625,0.73889,0.64219,0.76250,0.63125,0.78750,0.68281,0.77500,0.67969,0.76528,0.66641,0.78472,0.65469,0.80556,0.69531,0.80833,0.69844,0.80972,0.69297,0.82222,0.68594,0.83194,0.61121,0.70599,0.9999,0.74100,0.93143,0.9479,0.78184,0.85007,0.9915,0.65076,0.74499,0.67031,0.85417,72.49,0.5962,hold,0.4602,0.5106,228.93,448.39
167257.283515,120.0,0.7433,3,1,1,0.79297,0.80694,0.78281,0.81389,0.78516,0.80139,0.79531,0.79444,0.80703,0.79444,0.82422,0.77917,0.84531,0.74861,0.85391,0.76528,0.85781,0.79583,0.83906,0.78056,0.86406,0.74722,0.87109,0.76667,0.87109,0.80139,0.84609,0.78750,0.87109,0.76111,0.88125,0.77778,0.88281,0.80833,0.84688,0.80139,0.86484,0.79444,0.87500,0.80833,0.87813,0.83333,0.60465,0.70550,0.9999,0.72751,0.92870,0.9406,0.80556,0.84195,0.9912,0.79297,0.80694,0.79297,0.80694,52.24,0.6212,live,0.4534,0.6677,288.56,432.19
167257.350360,120.0,0.8769,3,1,1,0.79375,0.84306,0.77500,0.80278,0.77578,0.76250,0.79609,0.75694,0.81875,0.76667,0.81875,0.73750,0.83437,0.71667,0.84375,0.74028,0.84922,0.77361,0.83984,0.75833,0.86484,0.72778,0.87578,0.74722,0.88047,0.77917,0.85313,0.78333,0.87813,0.76111,0.88984,0.77778,0.89375,0.80556,0.86016,0.81389,0.88281,0.80417,0.89453,0.81667,0.90156,0.83472,0.60367,0.70569,0.9999,0.72780,0.92334,0.9395,0.82031,0.83536,0.9916,0.67936,0.76460,0.79375,0.84306,82.82,0.9499,live,0.4898,0.6559,288.56,439.96
167257.418752,120.0,0.0137,3,2,0,0.78672,0.82222,0.76797,0.78750,0.76641,0.74722,0.78594,0.73750,0.80625,0.74028,0.81016,0.71389,0.82500,0.69861,0.83281,0.71944,0.83828,0.75000,0.83359,0.73056,0.85547,0.70417,0.86562,0.72222,0.87031,0.75556,0.84844,0.75694,0.87187,0.73750,0.88359,0.75556,0.88828,0.78333,0.85625,0.78611,0.87813,0.77917,0.88828,0.79028,0.89297,0.80833,0.60199,0.70628,0.9999,0.72565,0.92243,0.9357,0.79874,0.83384,0.9915,0.70083,0.77612,0.78672,0.82222,86.03,0.9675,live,0.4806,0.5104,229.22,449.11
167257.487709,120.0,0.1516,3,2,0,0.77578,0.78889,0.75781,0.75833,0.75391,0.71806,0.76953,0.70556,0.78672,0.70139,0.79375,0.68194,0.80547,0.65417,0.81094,0.67083,0.81641,0.69861,0.81719,0.69444,0.83672,0.66389,0.84453,0.68056,0.84766,0.71111,0.83203,0.71667,0.85469,0.69722,0.86484,0.71667,0.86875,0.74444,0.84141,0.74444,0.86172,0.73472,0.87187,0.74722,0.87656,0.76667,0.60151,0.70375,0.9999,0.72809,0.91126,0.9361,0.79728,0.82151,0.9918,0.71582,0.77868,0.77578,0.78889,83.07,0.9196,live,0.4722,0.4638,211.05,455.02
167257.554929,120.0,0.2861,3,2,0,0.75781,0.73194,0.73594,0.69583,0.72422,0.65000,0.73438,0.62083,0.75234,0.61667,0.76094,0.60556,0.76875,0.56111,0.77344,0.58194,0.77812,0.61111,0.78438,0.61528,0.80000,0.56806,0.80469,0.59028,0.80547,0.62222,0.80234,0.63472,0.81875,0.59583,0.82656,0.61806,0.82891,0.64722,0.81641,0.66111,0.83125,0.64028,0.83828,0.65139,0.84141,0.67083,0.60344,0.69319,0.9999,0.73778,0.89896,0.9392,0.79632,0.72609,0.9925,0.72422,0.76933,0.75781,0.73194,88.47,0.9507,live,0.4644,0.4287,198.95,464.12
167257.616863,120.0,0.4100,3,2,0,0.72422,0.60694,0.70078,0.57639,0.68828,0.53750,0.68984,0.50694,0.69453,0.48056,0.71484,0.46806,0.71484,0.41944,0.71875,0.43333,0.72266,0.45972,0.73672,0.47222,0.74219,0.41944,0.74453,0.43889,0.74531,0.46528,0.75547,0.48750,0.76250,0.44028,0.76484,0.45417,0.76406,0.47639,0.77266,0.51250,0.78047,0.47917,0.78125,0.48194,0.77969,0.49306,0.60379,0.69342,0.9999,0.75873,0.89609,0.9430,0.75790,0.62350,0.9932,0.72422,0.73685,0.72422,0.60694,92.92,0.9887,live,0.4562,0.4186,198.95,475.33
167257.687193,120.0,0.5506,3,2,0,0.68828,0.46944,0.65938,0.43889,0.64375,0.39583,0.64062,0.35000,0.64219,0.31389,0.67109,0.35694,0.66484,0.30139,0.65703,0.27639,0.64922,0.26528,0.69141,0.35139,0.69063,0.28889,0.68125,0.26389,0.67109,0.25833,0.70781,0.35556,0.71016,0.29861,0.70078,0.27361,0.68906,0.26806,0.72031,0.36806,0.72734,0.32500,0.72109,0.30417,0.71016,0.29861,0.60029,0.68251,0.9999,0.76199,0.78368,0.9473,0.70822,0.46242,0.9939,0.77203,0.73944,0.68828,0.46944,79.07,0.6188,live,0.4497,0.3239,153.93,475.21
167257.751583,120.0,0.6794,3,2,0,0.65234,0.35694,0.62500,0.33333,0.60859,0.29306,0.60391,0.25417,0.60469,0.22222,0.63047,0.24861,0.62109,0.20556,0.61328,0.18333,0.60469,0.16806,0.64531,0.24028,0.63984,0.18889,0.62969,0.16528,0.61875,0.15139,0.66016,0.24028,0.65703,0.19028,0.64766,0.16806,0.63594,0.15556,0.67422,0.24861,0.67578,0.20833,0.66875,0.18750,0.65859,0.17778,0.59834,0.68190,0.9999,0.75069,0.68594,0.9508,0.65925,0.36952,0.9944,0.70984,0.66087,0.65234,0.35694,76.56,0.8806,live,0.4370,0.3792,179.47,473.31
167257.819410,120.0,0.8150,3,2,0,0.62969,0.31944,0.60313,0.28333,0.58828,0.24444,0.58437,0.20694,0.58437,0.17500,0.60625,0.20139,0.59688,0.16528,0.58828,0.14306,0.58047,0.12361,0.61953,0.19167,0.61328,0.14861,0.60391,0.12361,0.59453,0.10417,0.63281,0.19028,0.62969,0.14722,0.62031,0.12222,0.60938,0.10833,0.64609,0.19583,0.64766,0.15694,0.64062,0.13611,0.62969,0.12361,0.59798,0.68147,0.9999,0.73693,0.62546,0.9540,0.64301,0.31402,0.9950,0.69381,0.59259,0.62969,0.31944,81.41,0.9352,live,0.4370,0.4463,212.06,475.13
167257.885058,120.0,0.9463,3,2,0,0.61875,0.30000,0.59062,0.26528,0.57734,0.22778,0.57266,0.19306,0.57344,0.16250,0.59609,0.19583,0.58750,0.16389,0.58125,0.14444,0.57500,0.12500,0.60703,0.18750,0.60234,0.15278,0.59688,0.13194,0.59141,0.11250,0.61797,0.18333,0.61562,0.15278,0.61016,0.12917,0.60469,0.10972,0.63047,0.18333,0.62891,0.15278,0.62422,0.13472,0.61797,0.11806,0.59774,0.68101,0.9998,0.71927,0.59146,0.9554,0.63200,0.29568,0.9954,0.67880,0.53407,0.61875,0.30000,73.26,0.9589,live,0.4370,0.4518,212.74,470.86
167257.954007,120.0,0.0842,3,3,0,0.61172,0.27917,0.58594,0.26111,0.57188,0.22917,0.56797,0.19444,0.56719,0.16667,0.59219,0.18889,0.58281,0.15833,0.57344,0.13889,0.56484,0.12222,0.60391,0.17778,0.59609,0.13889,0.58594,0.11667,0.57578,0.10139,0.61562,0.17361,0.61094,0.13194,0.60156,0.11111,0.59062,0.10000,0.62891,0.17361,0.62813,0.13889,0.62031,0.12222,0.60938,0.11389,0.59756,0.67526,0.9998,0.71332,0.58970,0.9564,0.62988,0.29223,0.9958,0.66538,0.48309,0.61172,0.27917,67.68,0.9762,live,0.4566,0.5460,252.84,463.09
167258.019499,120.0,0.2152,3,3,0,0.61406,0.30139,0.58906,0.28472,0.57422,0.25278,0.56953,0.21806,0.56875,0.18889,0.59375,0.21111,0.58359,0.17639,0.57422,0.15694,0.56641,0.14028,0.60625,0.20139,0.59922,0.15972,0.58984,0.13750,0.57969,0.12222,0.61953,0.19861,0.61484,0.15694,0.60547,0.13333,0.59531,0.11944,0.63281,0.20278,0.63203,0.16528,0.62578,0.14583,0.61641,0.13611,0.59269,0.67813,0.9998,0.71441,0.61583,0.9565,0.63000,0.31652,0.9961,0.65512,0.44675,0.61406,0.30139,67.00,0.9536,live,0.4858,0.6187,281.98,455.76
167258.082992,120.0,0.3422,3,3,0,0.61875,0.34306,0.59453,0.33472,0.57891,0.30278,0.57344,0.26944,0.57266,0.23889,0.59844,0.25417,0.58984,0.21389,0.58125,0.19583,0.57188,0.18472,0.61172,0.24583,0.60703,0.19583,0.59844,0.17500,0.58906,0.16667,0.62578,0.24722,0.62266,0.19861,0.61484,0.17639,0.60547,0.16944,0.64062,0.25556,0.64062,0.21528,0.63438,0.19583,0.62656,0.18611,0.59110,0.67006,0.9998,0.71792,0.66717,0.9577,0.63261,0.31763,0.9965,0.64785,0.42601,0.61875,0.34306,65.65,0.7907,live,0.5186,0.6682,299.57,448.33
167258.150395,120.0,0.4770,3,3,0,0.62578,0.48194,0.60078,0.46528,0.58359,0.42917,0.57344,0.39861,0.57422,0.36806,0.60156,0.36806,0.59609,0.31250,0.58828,0.29722,0.58359,0.30972,0.61797,0.36528,0.61406,0.30417,0.60703,0.29722,0.60234,0.31944,0.63594,0.37083,0.63438,0.30972,0.62656,0.30833,0.62187,0.33056,0.65234,0.38472,0.65234,0.33889,0.64453,0.33056,0.63984,0.34306,0.59119,0.67218,0.9998,0.73153,0.77642,0.9600,0.63598,0.46911,0.9968,0.64343,0.43720,0.62578,0.48194,79.04,0.9572,live,0.5437,0.6578,296.98,451.45
167258.215980,120.0,0.6082,3,3,0,0.62578,0.48194,0.60078,0.46528,0.58359,0.42917,0.57344,0.39861,0.57422,0.36806,0.60156,0.36806,0.59609,0.31250,0.58828,0.29722,0.58359,0.30972,0.61797,0.36528,0.61406,0.30417,0.60703,0.29722,0.60234,0.31944,0.63594,0.37083,0.63438,0.30972,0.62656,0.30833,0.62187,0.33056,0.65234,0.38472,0.65234,0.33889,0.64453,0.33056,0.63984,0.34306,0.59733,0.65132,0.9998,0.74627,0.84948,0.9614,0.64013,0.66153,0.9969,0.64343,0.43720,0.62578,0.48194,79.04,0.5743,hold,0.5437,0.6578,296.98,451.45
167258.285976,120.0,0.7482,3,3,0,0.63984,0.78194,0.61328,0.76389,0.59297,0.73333,0.58359,0.71250,0.58594,0.69861,0.61641,0.66667,0.60469,0.63889,0.59531,0.66389,0.59141,0.69306,0.63672,0.67639,0.63125,0.64444,0.61875,0.67639,0.61328,0.70972,0.65547,0.69861,0.65547,0.67083,0.64375,0.69722,0.63359,0.72500,0.67109,0.72917,0.67500,0.71806,0.66563,0.73611,0.65625,0.75417,0.60632,0.66605,0.9999,0.75704,0.91279,0.9621,0.64945,0.79145,0.9969,0.64271,0.50615,0.63984,0.78194,75.69,0.9915,live,0.5573,0.6195,279.87,451.77
167258.351946,120.0,0.8801,3,3,0,0.63984,0.81389,0.61719,0.79722,0.59531,0.76944,0.58203,0.75139,0.58594,0.73889,0.62891,0.70694,0.61406,0.69167,0.60156,0.70972,0.59062,0.73333,0.64922,0.71944,0.63984,0.70278,0.62266,0.72778,0.60859,0.75694,0.66563,0.74583,0.66172,0.73056,0.64453,0.75556,0.62969,0.78056,0.67656,0.77917,0.67891,0.77778,0.66953,0.79306,0.66016,0.80694,0.60599,0.68066,0.9999,0.75498,0.92505,0.9615,0.65470,0.81517,0.9965,0.64214,0.56769,0.63984,0.81389,70.18,0.9965,live,0.5120,0.3057,136.96,448.08
167258.417658,120.0,0.0115,3,1,1,0.64375,0.82500,0.61875,0.81528,0.59609,0.78333,0.58125,0.76944,0.58437,0.75278,0.62344,0.72083,0.61094,0.70417,0.59766,0.72639,0.58594,0.75556,0.64609,0.73056,0.63672,0.71250,0.62031,0.74583,0.60703,0.78056,0.66484,0.75139,0.66016,0.74028,0.64375,0.77222,0.62734,0.80000,0.67812,0.78056,0.68047,0.78333,0.67109,0.80694,0.65938,0.82639,0.60621,0.68760,0.9999,0.75349,0.92233,0.9597,0.65516,0.83439,0.9961,0.64246,0.61916,0.64375,0.82500,71.00,0.9960,live,0.4821,0.3457,153.99,445.43
167258.485691,120.0,0.1476,3,1,1,0.65156,0.82917,0.62344,0.81111,0.60000,0.78333,0.58594,0.76806,0.58516,0.75278,0.62969,0.71528,0.61484,0.70417,0.60156,0.71806,0.59062,0.73750,0.65156,0.72500,0.63984,0.71250,0.62344,0.74167,0.61016,0.77083,0.66875,0.74722,0.66250,0.73889,0.64531,0.76806,0.63047,0.79444,0.68203,0.78056,0.68203,0.78056,0.66953,0.80139,0.65703,0.81944,0.60736,0.69069,0.9999,0.75209,0.93120,0.9589,0.65900,0.83541,0.9956,0.64428,0.66116,0.65156,0.82917,73.97,0.9950,live,0.4648,0.3861,171.90,445.24
167258.550375,120.0,0.2770,3,1,1,0.66172,0.82500,0.63438,0.80278,0.61094,0.77222,0.59766,0.74861,0.60859,0.74167,0.64453,0.70972,0.63359,0.68889,0.61953,0.70972,0.60859,0.73333,0.66563,0.72500,0.65859,0.70417,0.64141,0.73194,0.62969,0.75972,0.68281,0.75000,0.67969,0.73194,0.66406,0.75833,0.65078,0.78333,0.69531,0.78056,0.70000,0.77361,0.69141,0.78889,0.68125,0.80417,0.60939,0.69086,0.9999,0.75224,0.93382,0.9581,0.67305,0.83413,0.9951,0.64777,0.69393,0.66172,0.82500,73.56,0.9961,live,0.4601,0.4388,195.18,444.78
167258.617267,120.0,0.4108,3,1,1,0.68516,0.82083,0.66016,0.79861,0.64141,0.76667,0.63359,0.74444,0.64609,0.73889,0.67812,0.71806,0.68203,0.69167,0.67188,0.69306,0.66016,0.70694,0.69766,0.73056,0.70703,0.70556,0.69453,0.71389,0.68281,0.73333,0.71250,0.75278,0.72266,0.73611,0.71328,0.74722,0.70312,0.76389,0.72188,0.78472,0.73125,0.77917,0.73047,0.78333,0.72656,0.78889,0.60921,0.69541,0.9999,0.75253,0.92590,0.9567,0.70648,0.83564,0.9938,0.65525,0.71931,0.68516,0.82083,67.24,0.9780,live,0.4601,0.4817,211.84,439.82
167258.683888,120.0,0.5440,3,1,1,0.68516,0.82083,0.66016,0.79861,0.64141,0.76667,0.63359,0.74444,0.64609,0.73889,0.67812,0.71806,0.68203,0.69167,0.67188,0.69306,0.66016,0.70694,0.69766,0.73056,0.70703,0.70556,0.69453,0.71389,0.68281,0.73333,0.71250,0.75278,0.72266,0.73611,0.71328,0.74722,0.70312,0.76389,0.72188,0.78472,0.73125,0.77917,0.73047,0.78333,0.72656,0.78889,0.60882,0.70004,0.9999,0.74041,0.94149,0.9518,0.75286,0.83052,0.9935,0.65525,0.71931,0.68516,0.82083,67.24,0.5868,hold,0.4601,0.4817,211.84,439.82
167258.751638,120.0,0.6795,3,1,1,0.77812,0.80833,0.79844,0.82083,0.82344,0.81528,0.83906,0.81389,0.84844,0.81806,0.84141,0.77778,0.86406,0.74722,0.87344,0.76111,0.87656,0.78611,0.83516,0.77222,0.86172,0.74583,0.87109,0.75972,0.87266,0.78611,0.82188,0.77083,0.84375,0.74444,0.85391,0.75833,0.85703,0.78333,0.80547,0.77222,0.80547,0.75833,0.80781,0.76389,0.80703,0.77917,0.60466,0.70050,0.9999,0.73087,0.92400,0.9446,0.80295,0.82602,0.9929,0.77812,0.80833,0.77812,0.80833,62.80,0.8285,live,0.4533,0.6446,278.63,432.26
167258.821248,120.0,0.8187,3,1,1,0.80391,0.84167,0.79063,0.80000,0.79297,0.75833,0.81250,0.75139,0.83516,0.75694,0.83594,0.73194,0.85234,0.70833,0.86094,0.72778,0.86484,0.76250,0.85625,0.75139,0.87891,0.72222,0.88906,0.74167,0.89062,0.77500,0.86797,0.77778,0.89141,0.75694,0.90312,0.77500,0.90625,0.80417,0.87344,0.80833,0.89375,0.80139,0.90625,0.81250,0.91172,0.83194,0.60273,0.70041,0.9999,0.73097,0.91335,0.9445,0.82174,0.82432,0.9931,0.68498,0.74378,0.80391,0.84167,86.88,0.9700,live,0.4850,0.6290,278.63,442.94
167258.886924,120.0,0.9501,3,1,1,0.80859,0.82083,0.79219,0.78611,0.79375,0.74861,0.81563,0.74583,0.83750,0.74861,0.83828,0.72639,0.85547,0.70556,0.86328,0.72083,0.86875,0.74722,0.86016,0.74306,0.88438,0.71528,0.89219,0.73333,0.89453,0.76250,0.87344,0.76528,0.89766,0.74861,0.90938,0.76389,0.91172,0.79028,0.87969,0.79444,0.90078,0.78889,0.91172,0.79722,0.91563,0.81389,0.60269,0.70281,0.9999,0.73134,0.91158,0.9426,0.82407,0.82268,0.9932,0.70970,0.75919,0.80859,0.82083,82.40,0.9503,live,0.4961,0.5468,245.59,449.12
167258.952690,120.0,0.0816,3,2,0,0.80625,0.81528,0.78672,0.78056,0.78672,0.73889,0.80625,0.73333,0.82656,0.73472,0.83047,0.71111,0.84609,0.69028,0.85391,0.70833,0.85938,0.73611,0.85234,0.72917,0.87500,0.70278,0.88281,0.72361,0.88438,0.75556,0.86719,0.75278,0.89062,0.73472,0.90078,0.75417,0.90156,0.78194,0.87500,0.78194,0.89609,0.77778,0.90625,0.78889,0.90859,0.80833,0.60192,0.70019,0.9999,0.73154,0.89081,0.9400,0.81411,0.80825,0.9933,0.72901,0.77041,0.80625,0.81528,83.61,0.9486,live,0.4961,0.4846,220.69,455.42
167259.017167,120.0,0.2106,3,2,0,0.79219,0.78889,0.77500,0.75694,0.77187,0.71806,0.78828,0.70556,0.80625,0.70417,0.81250,0.68472,0.82422,0.65833,0.83203,0.67361,0.83828,0.69861,0.83594,0.69861,0.85625,0.66667,0.86406,0.68472,0.86562,0.71528,0.85156,0.72222,0.87344,0.69861,0.88281,0.71667,0.88359,0.74444,0.85938,0.75139,0.87969,0.74306,0.88906,0.75417,0.89219,0.77083,0.60053,0.70027,0.9999,0.73130,0.89122,0.9404,0.80785,0.79982,0.9935,0.74165,0.77410,0.79219,0.78889,83.04,0.9493,live,0.4961,0.4792,220.69,460.56
167259.085490,120.0,0.3472,3,2,0,0.78047,0.72500,0.75703,0.69722,0.74375,0.65694,0.74687,0.63333,0.75547,0.61667,0.77578,0.60139,0.78516,0.55694,0.79297,0.57778,0.80000,0.60694,0.80078,0.61528,0.81719,0.56944,0.82500,0.59444,0.82812,0.62778,0.81875,0.63611,0.83594,0.59861,0.84688,0.62083,0.85000,0.65278,0.83125,0.66389,0.84609,0.64722,0.85547,0.65833,0.86094,0.67917,0.60152,0.69896,0.9999,0.74762,0.87154,0.9405,0.79441,0.71498,0.9938,0.74941,0.76428,0.78047,0.72500,83.73,0.8018,live,0.4847,0.4327,201.44,465.58
167259.157966,120.0,0.4922,3,2,0,0.73750,0.58889,0.71719,0.55417,0.70703,0.51250,0.70625,0.47778,0.71172,0.45000,0.73203,0.45556,0.73047,0.40694,0.73281,0.40694,0.73438,0.42083,0.75391,0.45972,0.76172,0.40972,0.76641,0.41389,0.76719,0.43333,0.77109,0.47361,0.78203,0.43333,0.78516,0.43889,0.78438,0.45833,0.78594,0.49444,0.79531,0.46528,0.79922,0.46528,0.80000,0.47639,0.60063,0.69785,0.9999,0.76721,0.83278,0.9443,0.75775,0.57924,0.9943,0.74703,0.72920,0.73750,0.58889,89.52,0.9564,live,0.4619,0.3582,169.84,474.16
167259.253109,120.0,0.6824,3,2,0,0.68203,0.37917,0.65703,0.35000,0.64297,0.30139,0.64219,0.25972,0.64687,0.23056,0.66719,0.26389,0.66172,0.21806,0.65547,0.18889,0.64922,0.16667,0.68437,0.25972,0.68437,0.20556,0.67812,0.17500,0.67031,0.15139,0.69922,0.26250,0.70234,0.21111,0.69531,0.18333,0.68672,0.16667,0.71406,0.27361,0.71875,0.22917,0.71328,0.20278,0.70391,0.18750,0.59852,0.67165,0.9999,0.76292,0.69043,0.9476,0.70032,0.37528,0.9948,0.73403,0.65920,0.68203,0.37917,79.49,0.9449,live,0.4396,0.3382,160.45,474.50
167259.318726,120.0,0.8137,3,2,0,0.66328,0.33472,0.63750,0.29306,0.62422,0.24861,0.62266,0.20972,0.62266,0.17778,0.64141,0.21389,0.63516,0.17083,0.62969,0.14444,0.62422,0.12083,0.65625,0.20556,0.65312,0.15833,0.64766,0.12639,0.64219,0.09722,0.66953,0.20556,0.66797,0.15972,0.66328,0.12639,0.65703,0.10000,0.68359,0.21111,0.68437,0.17083,0.68047,0.14444,0.67344,0.12361,0.59749,0.66324,0.9999,0.74917,0.63016,0.9509,0.66206,0.31316,0.9953,0.71988,0.59430,0.66328,0.33472,82.90,0.7631,live,0.4340,0.4083,194.84,477.24
167259.387954,120.0,0.9521,3,2,0,0.64609,0.29306,0.61953,0.25833,0.60625,0.22222,0.60234,0.18750,0.60234,0.15833,0.62422,0.19028,0.61719,0.15278,0.61094,0.12917,0.60547,0.10694,0.63906,0.18056,0.63438,0.13611,0.62734,0.10972,0.62031,0.08611,0.65234,0.17639,0.65078,0.13056,0.64297,0.10417,0.63438,0.08333,0.66641,0.17778,0.66641,0.14028,0.66094,0.11528,0.65234,0.09722,0.59717,0.66518,0.9999,0.74222,0.60129,0.9536,0.65348,0.28786,0.9957,0.70512,0.53405,0.64609,0.29306,75.59,0.8657,live,0.4285,0.4037,191.51,474.39
167259.449723,120.0,0.0757,3,3,0,0.63828,0.27222,0.61250,0.25000,0.59922,0.22222,0.59531,0.18889,0.59531,0.16250,0.61953,0.18889,0.60938,0.15417,0.60234,0.13333,0.59609,0.11389,0.63203,0.17639,0.62578,0.13750,0.61875,0.11250,0.61172,0.09167,0.64531,0.17222,0.64141,0.13194,0.63438,0.10833,0.62656,0.09028,0.65859,0.17222,0.65781,0.13889,0.65312,0.11667,0.64453,0.10000,0.59709,0.66619,0.9999,0.73663,0.59458,0.9565,0.65302,0.29186,0.9961,0.69175,0.48169,0.63828,0.27222,65.51,0.9277,live,0.4378,0.4802,223.10,464.64
167259.520295,120.0,0.2168,3,3,0,0.63750,0.28333,0.61172,0.26528,0.59844,0.23472,0.59609,0.20278,0.59609,0.17639,0.61953,0.20000,0.61016,0.16667,0.60313,0.14444,0.59766,0.12500,0.63359,0.19028,0.62734,0.15139,0.61953,0.12361,0.61172,0.10278,0.64609,0.18611,0.64297,0.14861,0.63594,0.12083,0.62813,0.09861,0.65938,0.18611,0.65938,0.15417,0.65312,0.13194,0.64531,0.11528,0.59675,0.66650,0.9998,0.72949,0.61231,0.9586,0.65086,0.30888,0.9965,0.68090,0.44202,0.63750,0.28333,64.70,0.9243,live,0.4597,0.5592,254.68,455.47
167259.584816,120.0,0.3459,3,3,0,0.63984,0.31806,0.61328,0.30556,0.59844,0.27222,0.59453,0.23750,0.59375,0.20972,0.61797,0.22917,0.60938,0.19028,0.60234,0.16806,0.59609,0.14861,0.63281,0.21944,0.62813,0.17500,0.62031,0.14861,0.61172,0.12778,0.64687,0.21944,0.64453,0.17500,0.63828,0.14861,0.63047,0.12778,0.66016,0.22639,0.66172,0.18889,0.65781,0.16528,0.65156,0.14861,0.59483,0.67110,0.9998,0.72773,0.62715,0.9600,0.64792,0.32977,0.9968,0.67269,0.41722,0.63984,0.31806,66.60,0.9159,live,0.4873,0.6130,275.08,448.76
167259.653295,120.0,0.4828,3,3,0,0.64141,0.42500,0.61406,0.40000,0.59688,0.36250,0.59062,0.32500,0.58984,0.29167,0.61562,0.31528,0.60859,0.26528,0.60000,0.23889,0.59141,0.22500,0.63125,0.31111,0.62969,0.25694,0.62422,0.22778,0.61719,0.21250,0.64609,0.31528,0.64531,0.26528,0.64219,0.23750,0.63594,0.22222,0.66094,0.32778,0.66406,0.28889,0.66250,0.26389,0.65781,0.24722,0.59502,0.67149,0.9998,0.73737,0.71819,0.9627,0.64533,0.38950,0.9971,0.66643,0.41878,0.64141,0.42500,75.42,0.9333,live,0.5084,0.6044,271.52,449.21
167259.719433,120.0,0.6151,3,3,0,0.64687,0.57639,0.61797,0.56389,0.59688,0.52778,0.58437,0.49583,0.57656,0.46667,0.61016,0.46528,0.60703,0.40278,0.60234,0.41667,0.60156,0.44583,0.62969,0.46250,0.62969,0.39583,0.62422,0.42222,0.62344,0.45417,0.64922,0.46944,0.64922,0.41111,0.64375,0.43750,0.64297,0.46528,0.66797,0.48056,0.66719,0.43472,0.66172,0.45000,0.66094,0.47361,0.59630,0.67790,0.9998,0.74783,0.82486,0.9632,0.64693,0.55832,0.9973,0.64687,0.57639,0.64687,0.57639,81.65,0.5440,live,0.4977,0.5443,247.18,454.09
167259.786213,120.0,0.7487,3,3,0,0.64062,0.74306,0.61250,0.72361,0.59141,0.69167,0.57969,0.67083,0.57031,0.65417,0.60703,0.62361,0.59297,0.59167,0.58125,0.61806,0.57500,0.65000,0.62734,0.62917,0.61719,0.59028,0.60391,0.62500,0.59844,0.66250,0.64687,0.64583,0.64297,0.61111,0.63203,0.64306,0.62500,0.67500,0.66484,0.67083,0.66406,0.65833,0.65703,0.67917,0.65234,0.69861,0.59964,0.66430,0.9998,0.75247,0.86193,0.9630,0.64824,0.73227,0.9967,0.66127,0.48363,0.64062,0.74306,80.47,0.9915,live,0.4858,0.4318,197.55,457.54
167259.851777,120.0,0.8798,3,3,0,0.62578,0.76944,0.60469,0.76111,0.58516,0.75000,0.57266,0.74167,0.56875,0.73333,0.61094,0.68889,0.59688,0.67639,0.58437,0.69861,0.57422,0.71944,0.62969,0.69861,0.61953,0.68472,0.60469,0.70694,0.59453,0.73056,0.64609,0.71944,0.64062,0.71111,0.62734,0.73333,0.61641,0.75556,0.66016,0.74722,0.66172,0.74444,0.65312,0.76111,0.64375,0.77778,0.60446,0.67100,0.9998,0.75447,0.90859,0.9623,0.64939,0.80665,0.9960,0.65417,0.54080,0.62578,0.76944,58.70,0.9937,live,0.4801,0.4540,201.99,444.90
167259.919686,80.0,0.0104,3,1,1,0.63672,0.82361,0.61172,0.80972,0.58906,0.78056,0.57266,0.76250,0.56953,0.74583,0.61328,0.72222,0.59766,0.70139,0.58281,0.71806,0.56953,0.73611,0.63359,0.73333,0.62109,0.70833,0.60391,0.73472,0.59062,0.76111,0.65078,0.75694,0.64453,0.73472,0.62656,0.76111,0.61094,0.78333,0.66406,0.78611,0.66406,0.77639,0.65234,0.79583,0.64062,0.81250,0.60915,0.68169,0.9998,0.75387,0.92995,0.9612,0.64961,0.82158,0.9958,0.65068,0.59736,0.63672,0.82361,66.97,0.9959,live,0.4539,0.3348,147.23,439.73
167259.984615,80.0,0.0970,3,1,1,0.63906,0.83472,0.61172,0.81250,0.58828,0.78333,0.57188,0.76111,0.56563,0.74306,0.61172,0.72500,0.59609,0.70139,0.58125,0.71667,0.56875,0.73472,0.63125,0.73472,0.61875,0.70833,0.60078,0.73611,0.58906,0.76250,0.64766,0.75556,0.64297,0.73194,0.62578,0.75833,0.61172,0.78194,0.66250,0.78472,0.66328,0.77361,0.65156,0.79028,0.63906,0.80556,0.61282,0.68424,0.9999,0.75503,0.93251,0.9606,0.65280,0.82447,0.9956,0.64836,0.64483,0.63906,0.83472,70.97,0.9963,live,0.4459,0.4092,179.26,438.06
167260.053232,80.0,0.1885,3,1,1,0.64766,0.82500,0.61719,0.80417,0.59375,0.77500,0.57969,0.75278,0.57109,0.73611,0.61875,0.71528,0.60234,0.69583,0.58828,0.70694,0.57578,0.72500,0.63672,0.72083,0.62500,0.70139,0.60938,0.72222,0.59688,0.74722,0.65391,0.74028,0.64687,0.72361,0.63203,0.74583,0.61953,0.76806,0.66875,0.76806,0.66875,0.76389,0.65781,0.77778,0.64766,0.79167,0.61488,0.68980,0.9998,0.75483,0.93524,0.9584,0.65471,0.81771,0.9953,0.64822,0.68087,0.64766,0.82500,71.76,0.9976,live,0.4459,0.4446,194.38,437.17
167260.117660,80.0,0.2744,3,1,1,0.66094,0.82500,0.63125,0.79861,0.60938,0.76667,0.59766,0.74028,0.59844,0.72639,0.64062,0.70278,0.62734,0.69028,0.61328,0.70000,0.60078,0.71528,0.65938,0.71111,0.64687,0.70000,0.63047,0.71389,0.61719,0.73194,0.67578,0.73194,0.67031,0.72222,0.65625,0.73750,0.64375,0.75556,0.68906,0.76389,0.68984,0.76111,0.68281,0.77222,0.67500,0.78194,0.61599,0.69592,0.9999,0.75516,0.94416,0.9566,0.66610,0.82429,0.9952,0.65076,0.70969,0.66094,0.82500,76.67,0.9978,live,0.4535,0.4880,214.69,439.90
167260.184947,80.0,0.3641,3,1,1,0.66094,0.82500,0.63125,0.79861,0.60938,0.76667,0.59766,0.74028,0.59844,0.72639,0.64062,0.70278,0.62734,0.69028,0.61328,0.70000,0.60078,0.71528,0.65938,0.71111,0.64687,0.70000,0.63047,0.71389,0.61719,0.73194,0.67578,0.73194,0.67031,0.72222,0.65625,0.73750,0.64375,0.75556,0.68906,0.76389,0.68984,0.76111,0.68281,0.77222,0.67500,0.78194,0.61576,0.70592,0.9999,0.75598,0.95596,0.9530,0.70853,0.84402,0.9948,0.65076,0.70969,0.66094,0.82500,76.67,0.5987,hold,0.4535,0.4880,214.69,439.90
167260.250715,80.0,0.4518,3,1,1,0.66094,0.82500,0.63125,0.79861,0.60938,0.76667,0.59766,0.74028,0.59844,0.72639,0.64062,0.70278,0.62734,0.69028,0.61328,0.70000,0.60078,0.71528,0.65938,0.71111,0.64687,0.70000,0.63047,0.71389,0.61719,0.73194,0.67578,0.73194,0.67031,0.72222,0.65625,0.73750,0.64375,0.75556,0.68906,0.76389,0.68984,0.76111,0.68281,0.77222,0.67500,0.78194,0.61565,0.71249,0.9999,0.74150,0.95497,0.9470,0.76419,0.84892,0.9943,0.65076,0.70969,0.66094,0.82500,76.67,0.5987,hold,0.4535,0.4880,214.69,439.90
167260.318105,80.0,0.5416,3,1,1,0.78203,0.81667,0.77891,0.82083,0.78828,0.80556,0.80078,0.80833,0.81250,0.82083,0.81797,0.76250,0.83984,0.72361,0.85000,0.73889,0.85313,0.77083,0.83047,0.77500,0.85391,0.73472,0.85938,0.75139,0.85703,0.78194,0.83672,0.79444,0.86094,0.76111,0.86797,0.77222,0.86406,0.79861,0.83828,0.82083,0.85469,0.80972,0.86328,0.81667,0.86328,0.83472,0.60970,0.71220,0.9998,0.73074,0.94654,0.9395,0.80288,0.84117,0.9941,0.67702,0.73109,0.78203,0.81667,62.66,0.6307,live,0.4472,0.4209,181.94,432.23
167260.383904,80.0,0.6294,3,1,1,0.79453,0.84861,0.77656,0.80694,0.77578,0.76528,0.79453,0.75139,0.81641,0.75278,0.81953,0.73889,0.83437,0.71528,0.84219,0.73194,0.84531,0.76111,0.84141,0.76111,0.86328,0.72917,0.87187,0.74583,0.87344,0.77361,0.85469,0.78750,0.87813,0.76389,0.88906,0.77778,0.89062,0.80278,0.86250,0.81944,0.88281,0.81250,0.89531,0.82083,0.90156,0.83611,0.60887,0.71172,0.9999,0.73149,0.93961,0.9404,0.81068,0.83872,0.9941,0.70052,0.75459,0.79453,0.84861,85.42,0.9318,live,0.4472,0.4668,206.26,441.86
167260.452956,80.0,0.7214,3,1,1,0.79375,0.83333,0.77656,0.80000,0.77578,0.76111,0.79297,0.74722,0.81250,0.74167,0.81875,0.73472,0.83437,0.70972,0.83984,0.72361,0.84375,0.74861,0.84141,0.75278,0.86406,0.72222,0.87266,0.73889,0.87266,0.76944,0.85625,0.77639,0.88047,0.75694,0.88984,0.77361,0.88906,0.80139,0.86406,0.80556,0.88594,0.79722,0.89687,0.80694,0.89766,0.82500,0.60736,0.71159,0.9999,0.73172,0.92043,0.9398,0.81003,0.83648,0.9936,0.71917,0.77034,0.79375,0.83333,82.87,0.9287,live,0.4414,0.3437,154.14,448.51
167260.521576,80.0,0.8129,3,1,1,0.78672,0.81667,0.76797,0.78472,0.76484,0.74306,0.78047,0.72500,0.79922,0.71944,0.80703,0.70972,0.81875,0.68750,0.82500,0.70278,0.82891,0.72917,0.83047,0.72917,0.85000,0.69722,0.85781,0.71250,0.85781,0.74444,0.84609,0.75417,0.86797,0.73194,0.87734,0.75000,0.87734,0.77917,0.85469,0.78472,0.87578,0.77361,0.88438,0.78611,0.88594,0.80694,0.60705,0.70943,0.9999,0.73223,0.91353,0.9387,0.80517,0.83420,0.9937,0.73268,0.77961,0.78672,0.81667,84.25,0.9185,live,0.4361,0.3190,145.27,455.35
167260.588573,80.0,0.9022,3,1,1,0.78672,0.76944,0.76641,0.75139,0.75938,0.72361,0.76406,0.71111,0.76953,0.69444,0.78984,0.66528,0.79766,0.62222,0.80078,0.63333,0.80156,0.65833,0.81250,0.67500,0.82891,0.63056,0.83359,0.65139,0.83359,0.68194,0.82969,0.69306,0.84844,0.66111,0.85547,0.68194,0.85547,0.71250,0.84141,0.71806,0.85703,0.70556,0.86484,0.71944,0.86562,0.73889,0.60658,0.70643,0.9999,0.73428,0.89651,0.9395,0.79991,0.76793,0.9941,0.74348,0.77757,0.78672,0.76944,76.51,0.9450,live,0.4312,0.3097,141.15,455.79
167260.651149,80.0,0.9857,3,1,1,0.75313,0.66250,0.78594,0.62500,0.80859,0.58194,0.81719,0.54861,0.81563,0.53611,0.78594,0.51250,0.78203,0.46250,0.78672,0.48889,0.79141,0.51806,0.76250,0.51667,0.75156,0.46806,0.75938,0.49583,0.76641,0.52639,0.74141,0.53056,0.73125,0.49861,0.74062,0.52222,0.74766,0.54722,0.72266,0.55139,0.71719,0.52639,0.72422,0.54167,0.72891,0.55972,0.60669,0.70142,0.9999,0.76213,0.89164,0.9416,0.78043,0.66090,0.9943,0.75313,0.66250,0.75313,0.66250,99.07,0.6319,live,0.4140,0.3356,158.56,472.42
167260.720685,80.0,0.0784,3,2,0,0.71484,0.49722,0.69063,0.45972,0.67891,0.41111,0.68047,0.37222,0.68516,0.34722,0.70703,0.36389,0.70469,0.32361,0.70156,0.30417,0.69844,0.28750,0.72656,0.36389,0.73125,0.31667,0.72891,0.29167,0.72422,0.27500,0.74375,0.37361,0.74922,0.32917,0.74531,0.30417,0.73672,0.28889,0.75859,0.39306,0.76953,0.35833,0.76875,0.33750,0.76172,0.32083,0.60149,0.69595,0.9999,0.76856,0.80685,0.9444,0.74148,0.49234,0.9948,0.73776,0.72150,0.71484,0.49722,89.14,0.9404,live,0.4109,0.2685,128.84,479.91
167260.785559,80.0,0.1649,3,2,0,0.67734,0.36528,0.65234,0.33472,0.63984,0.28750,0.63984,0.24583,0.64297,0.21250,0.66406,0.24722,0.65938,0.20417,0.65391,0.17778,0.64844,0.15694,0.68125,0.24167,0.68281,0.18889,0.67578,0.15972,0.66563,0.14167,0.69688,0.24583,0.70234,0.19306,0.69375,0.16667,0.68281,0.15278,0.71172,0.25833,0.71875,0.21389,0.71328,0.18750,0.70234,0.17222,0.59819,0.67349,0.9999,0.76666,0.68573,0.9480,0.69244,0.35984,0.9953,0.72567,0.65026,0.67734,0.36528,81.51,0.9485,live,0.3874,0.2802,134.77,481.01
167260.851294,80.0,0.2525,3,2,0,0.65938,0.32222,0.63203,0.28472,0.61719,0.24306,0.61562,0.20000,0.61641,0.16667,0.63594,0.20139,0.62813,0.15694,0.62187,0.13056,0.61562,0.10833,0.65156,0.19167,0.64687,0.14306,0.63828,0.11528,0.62969,0.09583,0.66563,0.19028,0.66406,0.14583,0.65625,0.11528,0.64687,0.09583,0.67969,0.19722,0.68125,0.15694,0.67578,0.13194,0.66797,0.11528,0.59731,0.67265,0.9998,0.74253,0.63117,0.9516,0.65631,0.31859,0.9957,0.71241,0.58465,0.65938,0.32222,84.08,0.6969,live,0.3812,0.3531,170.86,483.82
167260.917209,80.0,0.3404,3,2,0,0.63672,0.28750,0.61016,0.25833,0.59531,0.22083,0.59219,0.18333,0.59219,0.15417,0.61406,0.17639,0.60547,0.14167,0.59766,0.12083,0.59141,0.10139,0.62734,0.16667,0.62187,0.12361,0.61406,0.10139,0.60625,0.08333,0.64062,0.16528,0.63906,0.12083,0.63203,0.09861,0.62266,0.08333,0.65469,0.17083,0.65625,0.13333,0.65078,0.11250,0.64062,0.09722,0.59742,0.67154,0.9998,0.73084,0.60155,0.9547,0.64994,0.30488,0.9961,0.69728,0.52522,0.63672,0.28750,78.04,0.9595,live,0.3901,0.4304,207.45,481.95
167260.981921,80.0,0.4267,3,2,0,0.62734,0.27639,0.60078,0.25417,0.58594,0.21944,0.58203,0.18333,0.58359,0.15694,0.60547,0.18056,0.59609,0.14861,0.58828,0.12778,0.58203,0.10833,0.61875,0.17083,0.61250,0.13056,0.60469,0.10556,0.59609,0.08750,0.63203,0.16806,0.62813,0.12500,0.62109,0.10139,0.61250,0.08333,0.64531,0.17083,0.64531,0.13472,0.64062,0.11389,0.63203,0.09722,0.59627,0.67199,0.9998,0.72400,0.59350,0.9565,0.64419,0.29448,0.9965,0.68329,0.47545,0.62734,0.27639,70.53,0.9322,live,0.4095,0.4981,236.53,474.91
167261.054907,80.0,0.5240,3,2,0,0.62734,0.28056,0.60000,0.26250,0.58594,0.23056,0.58281,0.19583,0.58203,0.16806,0.60547,0.19028,0.59609,0.15833,0.58906,0.13750,0.58281,0.11806,0.61953,0.17917,0.61406,0.13889,0.60625,0.11389,0.59766,0.09583,0.63281,0.17639,0.62969,0.13611,0.62266,0.11111,0.61406,0.09306,0.64609,0.17778,0.64766,0.14444,0.64141,0.12361,0.63281,0.10833,0.59593,0.67242,0.9998,0.72439,0.59885,0.9582,0.64233,0.30504,0.9968,0.67210,0.43647,0.62734,0.28056,68.76,0.9592,live,0.4390,0.5732,267.94,467.42
167261.119746,80.0,0.6105,3,2,0,0.63047,0.31111,0.60547,0.29722,0.59062,0.25972,0.58594,0.22222,0.58516,0.19306,0.61094,0.21667,0.60156,0.17778,0.59375,0.15417,0.58672,0.13611,0.62578,0.20694,0.61953,0.16111,0.61172,0.13472,0.60234,0.11389,0.63906,0.20694,0.63672,0.16111,0.62891,0.13472,0.61953,0.11667,0.65312,0.21389,0.65469,0.17361,0.65000,0.15139,0.64141,0.13611,0.59314,0.67654,0.9998,0.72469,0.61733,0.9596,0.64212,0.31804,0.9970,0.66377,0.41140,0.63047,0.31111,69.37,0.9344,live,0.4726,0.6259,288.72,461.28
167261.188915,80.0,0.7027,3,2,0,0.63125,0.35417,0.60625,0.34306,0.59219,0.31389,0.58672,0.28333,0.58594,0.25417,0.61250,0.26528,0.60547,0.22222,0.59688,0.20417,0.58750,0.19306,0.62734,0.25972,0.62500,0.20972,0.61797,0.18472,0.60859,0.17361,0.64141,0.26389,0.63984,0.21806,0.63359,0.19306,0.62578,0.17917,0.65625,0.27500,0.65781,0.23750,0.65469,0.21528,0.64844,0.20139,0.59109,0.67658,0.9998,0.72506,0.70140,0.9599,0.64060,0.36284,0.9973,0.65727,0.39995,0.63125,0.35417,64.58,0.8643,live,0.4918,0.5791,262.02,452.43
167261.252611,80.0,0.7876,3,2,0,0.63984,0.52083,0.61406,0.50000,0.59609,0.46111,0.58672,0.42639,0.58516,0.39444,0.61562,0.40000,0.61172,0.34722,0.60625,0.32639,0.60234,0.32500,0.63281,0.39583,0.63281,0.33472,0.62813,0.31944,0.62344,0.32778,0.64922,0.40278,0.65078,0.34583,0.64531,0.33611,0.64062,0.34861,0.66563,0.41944,0.66797,0.37361,0.66250,0.36250,0.65703,0.37083,0.59114,0.68467,0.9998,0.73271,0.79157,0.9598,0.64302,0.50050,0.9975,0.65378,0.42413,0.63984,0.52083,82.11,0.9470,live,0.5038,0.5582,255.25,457.25
167261.320531,80.0,0.8782,3,2,0,0.63984,0.52083,0.61406,0.50000,0.59609,0.46111,0.58672,0.42639,0.58516,0.39444,0.61562,0.40000,0.61172,0.34722,0.60625,0.32639,0.60234,0.32500,0.63281,0.39583,0.63281,0.33472,0.62813,0.31944,0.62344,0.32778,0.64922,0.40278,0.65078,0.34583,0.64531,0.33611,0.64062,0.34861,0.66563,0.41944,0.66797,0.37361,0.66250,0.36250,0.65703,0.37083,0.60458,0.67760,0.9998,0.75400,0.89834,0.9592,0.64693,0.68760,0.9973,0.65378,0.42413,0.63984,0.52083,82.11,0.5682,hold,0.5038,0.5582,255.25,457.25
167261.389704,80.0,0.9704,3,2,0,0.64297,0.80417,0.61641,0.78194,0.59766,0.74306,0.58828,0.71667,0.58828,0.69444,0.61953,0.68333,0.61406,0.63750,0.60078,0.65278,0.58984,0.67917,0.63984,0.69028,0.63984,0.63611,0.62734,0.65139,0.61875,0.68333,0.65781,0.71111,0.66172,0.66389,0.65078,0.68333,0.64141,0.71111,0.67500,0.73889,0.68437,0.70833,0.67656,0.72083,0.66719,0.74167,0.61614,0.67967,0.9998,0.75149,0.95539,0.9550,0.66038,0.80688,0.9969,0.65162,0.50014,0.64297,0.80417,79.50,0.9926,live,0.4734,0.3352,154.08,459.62
167261.450730,80.0,0.0518,3,3,0,0.63594,0.83611,0.61172,0.81667,0.59297,0.78472,0.58437,0.76250,0.58750,0.74583,0.62266,0.72361,0.61406,0.69167,0.59922,0.70694,0.58672,0.72778,0.64141,0.73750,0.64141,0.69861,0.62422,0.71806,0.61172,0.74306,0.65938,0.76389,0.66406,0.72639,0.64844,0.74444,0.63359,0.76806,0.67344,0.79583,0.68359,0.77222,0.67344,0.78333,0.66172,0.80139,0.61440,0.68446,0.9998,0.75107,0.95334,0.9509,0.66220,0.83777,0.9962,0.64848,0.56733,0.63594,0.83611,73.36,0.9910,live,0.4497,0.3415,156.14,457.28
167261.521892,80.0,0.1467,3,3,0,0.63672,0.86389,0.61172,0.84306,0.59141,0.80556,0.57969,0.78333,0.58281,0.76528,0.61875,0.75417,0.61094,0.71667,0.59688,0.72917,0.58359,0.75139,0.63906,0.76667,0.63672,0.72222,0.61875,0.74306,0.60547,0.77083,0.65703,0.78889,0.65938,0.74722,0.64297,0.76944,0.62813,0.79583,0.67109,0.82083,0.67812,0.79861,0.66875,0.81250,0.65703,0.83056,0.61356,0.69106,0.9998,0.74113,0.96527,0.9460,0.65620,0.84040,0.9952,0.64613,0.62664,0.63672,0.86389,72.15,0.9945,live,0.4361,0.3742,170.00,454.36
167261.586637,80.0,0.2330,3,3,0,0.63828,0.86944,0.61094,0.84444,0.59062,0.80833,0.57891,0.78611,0.58203,0.76806,0.61797,0.75556,0.60938,0.72222,0.59531,0.73194,0.58281,0.75139,0.63906,0.76667,0.63594,0.72778,0.61953,0.74861,0.60625,0.77639,0.65703,0.79028,0.65781,0.75278,0.64219,0.77500,0.62656,0.80000,0.67188,0.82222,0.67734,0.80278,0.66641,0.81667,0.65391,0.83333,0.61350,0.69485,0.9998,0.73984,0.97130,0.9445,0.65582,0.84210,0.9950,0.64456,0.67520,0.63828,0.86944,74.73,0.9933,live,0.4361,0.4437,201.29,453.64
167261.654072,80.0,0.3229,3,3,0,0.63906,0.87083,0.61094,0.84583,0.59062,0.80972,0.57969,0.78611,0.58281,0.76667,0.61719,0.75833,0.61016,0.72361,0.59688,0.73472,0.58594,0.75556,0.63828,0.76944,0.63750,0.72778,0.62109,0.74722,0.60781,0.77778,0.65703,0.79306,0.65859,0.75556,0.64219,0.77500,0.62734,0.80139,0.67188,0.82500,0.67734,0.80417,0.66641,0.81667,0.65469,0.83333,0.61326,0.69611,0.9998,0.73585,0.96694,0.9434,0.65629,0.84491,0.9947,0.64346,0.71433,0.63906,0.87083,74.25,0.9941,live,0.4488,0.5066,229.30,452.66
167261.716674,80.0,0.4064,3,3,0,0.63906,0.87083,0.61172,0.84583,0.59062,0.81250,0.57734,0.78889,0.58047,0.77361,0.61875,0.76250,0.60938,0.73056,0.59531,0.74167,0.58359,0.76111,0.63906,0.77361,0.63594,0.73611,0.61875,0.75833,0.60547,0.78750,0.65703,0.79722,0.65781,0.76250,0.64141,0.78611,0.62656,0.81250,0.67188,0.82778,0.67578,0.81250,0.66406,0.82778,0.65156,0.84444,0.61326,0.69476,0.9998,0.73544,0.96734,0.9428,0.65654,0.84697,0.9945,0.64258,0.74563,0.63906,0.87083,71.77,0.9939,live,0.4681,0.5563,250.36,450.01
167261.786911,80.0,0.5000,3,3,0,0.64375,0.88056,0.61328,0.85694,0.58984,0.82083,0.57578,0.79722,0.57656,0.77778,0.61641,0.76806,0.60547,0.73472,0.59219,0.75000,0.58047,0.77361,0.63750,0.77917,0.63125,0.74306,0.61484,0.76944,0.60234,0.80139,0.65625,0.80000,0.65234,0.77083,0.63672,0.79583,0.62187,0.82361,0.67188,0.82778,0.67109,0.81667,0.66016,0.83611,0.64766,0.85417,0.61318,0.69457,0.9998,0.73540,0.96411,0.9410,0.65609,0.84940,0.9933,0.64282,0.77262,0.64375,0.88056,74.26,0.9928,live,0.4916,0.5984,268.97,449.48
167261.853220,80.0,0.5884,3,3,0,0.63672,0.88472,0.60859,0.85833,0.58672,0.82778,0.57344,0.80556,0.57500,0.78472,0.61406,0.76389,0.60234,0.73889,0.58828,0.75556,0.57578,0.77778,0.63438,0.77500,0.62656,0.74861,0.61094,0.77639,0.59844,0.80694,0.65234,0.79722,0.64766,0.77778,0.63203,0.80417,0.61797,0.83194,0.66641,0.82778,0.66641,0.82222,0.65469,0.84167,0.64297,0.85972,0.61307,0.69788,0.9998,0.73223,0.96757,0.9360,0.65600,0.84972,0.9918,0.64160,0.79504,0.63672,0.88472,76.98,0.9952,live,0.4916,0.4717,212.71,450.97
167261.917634,80.0,0.6743,3,3,0,0.63438,0.88333,0.60703,0.85972,0.58516,0.82639,0.57109,0.80417,0.57109,0.78611,0.61250,0.76806,0.60000,0.74028,0.58516,0.75556,0.57188,0.77778,0.63203,0.78056,0.62500,0.74861,0.60703,0.77500,0.59375,0.80556,0.65000,0.80278,0.64609,0.77778,0.62891,0.80556,0.61328,0.83333,0.66406,0.83333,0.66563,0.82361,0.65234,0.84306,0.63984,0.86111,0.61225,0.69781,0.9998,0.73230,0.96670,0.9349,0.65427,0.85215,0.9914,0.64015,0.81270,0.63438,0.88333,73.76,0.9955,live,0.4916,0.5012,225.52,449.96
167261.986754,80.0,0.7665,3,3,0,0.63516,0.88472,0.60625,0.86111,0.58437,0.82917,0.57031,0.80833,0.57031,0.79028,0.61172,0.76944,0.59922,0.74306,0.58437,0.75972,0.57109,0.78056,0.63203,0.78194,0.62422,0.75000,0.60547,0.77917,0.59219,0.80972,0.64922,0.80417,0.64531,0.77917,0.62734,0.80833,0.61172,0.83472,0.66406,0.83333,0.66484,0.82500,0.65078,0.84444,0.63672,0.86250,0.61218,0.69839,0.9998,0.73225,0.96867,0.9313,0.64778,0.85107,0.9908,0.63915,0.82710,0.63516,0.88472,73.99,0.9932,live,0.4976,0.5252,235.95,449.24
167262.051514,80.0,0.8528,3,3,0,0.63594,0.88611,0.60703,0.86389,0.58594,0.83194,0.57188,0.81250,0.56875,0.79444,0.61250,0.77083,0.59922,0.74444,0.58359,0.76250,0.57109,0.78611,0.63281,0.78194,0.62422,0.75139,0.60625,0.78194,0.59375,0.81389,0.64922,0.80417,0.64609,0.78194,0.62813,0.81111,0.61406,0.83750,0.66328,0.83611,0.66406,0.82778,0.65078,0.84861,0.63828,0.86667,0.61121,0.69828,0.9998,0.73223,0.96846,0.9294,0.65011,0.85376,0.9904,0.63851,0.83890,0.63594,0.88611,73.45,0.9934,live,0.4696,0.3417,153.14,448.21
167262.121960,80.0,0.9468,3,3,0,0.64141,0.88333,0.61328,0.86111,0.59062,0.83056,0.57500,0.80833,0.57812,0.79306,0.61875,0.76528,0.60391,0.74722,0.59062,0.76389,0.57969,0.78611,0.63984,0.77500,0.62813,0.75556,0.61250,0.78472,0.60156,0.81389,0.65703,0.79861,0.64922,0.78333,0.63281,0.81111,0.61953,0.83750,0.67109,0.83056,0.66875,0.82639,0.65703,0.84722,0.64531,0.86528,0.61101,0.69825,0.9998,0.73322,0.96828,0.9271,0.65512,0.85542,0.9901,0.63909,0.84779,0.64141,0.88333,75.85,0.9957,live,0.4349,0.2773,124.50,449.04
167262.186968,80.0,0.0334,3,1,1,0.65938,0.87500,0.62891,0.85139,0.60469,0.81806,0.59297,0.79028,0.60781,0.78472,0.63750,0.75694,0.62734,0.74167,0.61562,0.75972,0.60625,0.77778,0.65938,0.76806,0.65469,0.75000,0.63906,0.77083,0.62734,0.79583,0.67734,0.79306,0.67500,0.78056,0.66016,0.79861,0.64687,0.81944,0.68984,0.82500,0.69375,0.82083,0.68594,0.83194,0.67734,0.84167,0.61148,0.69994,0.9998,0.74029,0.97008,0.9237,0.66696,0.85582,0.9891,0.64315,0.85323,0.65938,0.87500,75.64,0.9956,live,0.3968,0.2229,100.21,449.62
167262.249317,80.0,0.1166,3,1,1,0.65938,0.87500,0.62891,0.85139,0.60469,0.81806,0.59297,0.79028,0.60781,0.78472,0.63750,0.75694,0.62734,0.74167,0.61562,0.75972,0.60625,0.77778,0.65938,0.76806,0.65469,0.75000,0.63906,0.77083,0.62734,0.79583,0.67734,0.79306,0.67500,0.78056,0.66016,0.79861,0.64687,0.81944,0.68984,0.82500,0.69375,0.82083,0.68594,0.83194,0.67734,0.84167,0.61106,0.70433,0.9998,0.74208,0.96949,0.9235,0.69894,0.85643,0.9890,0.64315,0.85323,0.65938,0.87500,75.64,0.5973,hold,0.3968,0.2229,100.21,449.62
167262.318943,80.0,0.2094,3,1,1,0.77031,0.80694,0.75156,0.78750,0.75078,0.76667,0.74062,0.76528,0.72969,0.76111,0.78672,0.76806,0.79609,0.75000,0.78203,0.75000,0.76484,0.76250,0.79922,0.79444,0.82266,0.77083,0.80469,0.76806,0.78281,0.78472,0.80703,0.82361,0.82656,0.80417,0.81563,0.79861,0.79609,0.80694,0.81094,0.85139,0.82500,0.84444,0.81875,0.84028,0.80234,0.84444,0.61008,0.70836,0.9998,0.73513,0.95792,0.9194,0.75908,0.85492,0.9888,0.66858,0.84397,0.77031,0.80694,50.42,0.9914,live,0.3544,0.1612,69.65,431.96
167262.388381,80.0,0.3020,3,1,1,0.77891,0.82222,0.76562,0.81806,0.76719,0.79306,0.77344,0.78333,0.77891,0.78056,0.80547,0.76250,0.81875,0.71806,0.81875,0.73472,0.81484,0.76250,0.82578,0.78333,0.85156,0.73611,0.85313,0.75556,0.84375,0.78056,0.83828,0.81111,0.86562,0.77361,0.86953,0.78333,0.86094,0.80000,0.84453,0.84167,0.86562,0.82500,0.87344,0.83194,0.87031,0.84167,0.60852,0.70691,0.9998,0.72879,0.93628,0.9154,0.79979,0.84013,0.9889,0.69064,0.83962,0.77891,0.82222,70.50,0.8799,live,0.3235,0.1829,78.80,430.89
167262.454504,80.0,0.3902,3,1,1,0.78438,0.85972,0.76953,0.81389,0.77109,0.76944,0.78906,0.75278,0.81016,0.75000,0.81016,0.74167,0.82109,0.71944,0.83203,0.72917,0.83906,0.75139,0.82891,0.76250,0.84219,0.74306,0.85234,0.75000,0.85859,0.76528,0.84219,0.78889,0.85703,0.77500,0.86875,0.77639,0.87422,0.78750,0.84922,0.82083,0.86641,0.81250,0.88125,0.80833,0.89219,0.80972,0.60590,0.70685,0.9998,0.72878,0.92907,0.9181,0.80796,0.83785,0.9895,0.70939,0.84364,0.78438,0.85972,86.22,0.7857,live,0.3042,0.2160,95.31,441.26
167262.520629,80.0,0.4783,3,1,1,0.78750,0.83611,0.77031,0.80139,0.77187,0.75694,0.79063,0.74028,0.81094,0.73889,0.81484,0.73056,0.82891,0.70278,0.83516,0.71250,0.83672,0.73750,0.83672,0.74861,0.85703,0.71667,0.86719,0.72500,0.86875,0.75139,0.85156,0.77361,0.87422,0.75000,0.88672,0.75972,0.88594,0.78333,0.85938,0.80417,0.88203,0.79583,0.89297,0.80000,0.89453,0.81528,0.60754,0.71058,0.9998,0.73076,0.93304,0.9199,0.80423,0.83804,0.9899,0.72501,0.84214,0.78750,0.83611,86.36,0.9018,live,0.2943,0.2493,112.31,450.49
167262.588674,80.0,0.5690,3,1,1,0.78359,0.82778,0.76719,0.79444,0.76641,0.75417,0.78359,0.73889,0.80391,0.73472,0.81016,0.72639,0.82266,0.69861,0.82734,0.71111,0.82812,0.73750,0.83203,0.74306,0.85234,0.70556,0.86016,0.71806,0.85938,0.74583,0.84609,0.76806,0.86953,0.74028,0.88047,0.75278,0.87813,0.77778,0.85469,0.79861,0.87813,0.78472,0.88828,0.79167,0.88750,0.80694,0.60679,0.71086,0.9998,0.73178,0.93360,0.9176,0.80477,0.83035,0.9901,0.73673,0.83927,0.78359,0.82778,84.51,0.9501,live,0.2943,0.2759,126.14,457.28
167262.652765,80.0,0.6545,3,1,1,0.78203,0.82778,0.76406,0.79583,0.76328,0.75417,0.77891,0.73750,0.79922,0.73056,0.80625,0.72500,0.81719,0.69722,0.82266,0.70972,0.82422,0.73472,0.82734,0.74028,0.84766,0.70278,0.85547,0.71250,0.85391,0.73889,0.84141,0.76528,0.86484,0.73889,0.87422,0.75000,0.87031,0.77361,0.85000,0.79583,0.87344,0.78194,0.88359,0.78750,0.88203,0.80139,0.60802,0.71099,0.9998,0.73285,0.93405,0.9206,0.80300,0.83058,0.9906,0.74579,0.83697,0.78203,0.82778,82.90,0.9421,live,0.2943,0.2966,137.08,462.09
167262.720910,80.0,0.7454,3,1,1,0.77812,0.82917,0.76172,0.79583,0.76094,0.75417,0.77578,0.73611,0.79531,0.73194,0.80234,0.72500,0.81484,0.69722,0.82031,0.70833,0.82109,0.73472,0.82422,0.74167,0.84531,0.70417,0.85313,0.71389,0.85078,0.74167,0.83906,0.76528,0.86328,0.74028,0.87187,0.75000,0.86797,0.77639,0.84766,0.79583,0.87187,0.78333,0.88125,0.78889,0.87969,0.80556,0.60781,0.71096,0.9998,0.73289,0.93483,0.9226,0.80205,0.82621,0.9910,0.75226,0.83541,0.77812,0.82917,84.22,0.9588,live,0.2943,0.3112,145.42,467.28
167262.788664,80.0,0.8357,3,1,1,0.77812,0.82917,0.76094,0.79722,0.75859,0.75694,0.77344,0.74028,0.79297,0.73472,0.80156,0.72639,0.81406,0.69583,0.81875,0.70833,0.82109,0.73611,0.82344,0.74167,0.84453,0.70417,0.85156,0.71667,0.85000,0.74444,0.83828,0.76528,0.86250,0.73889,0.87109,0.75278,0.86797,0.77917,0.84688,0.79444,0.87109,0.78472,0.88047,0.79306,0.87891,0.81250,0.60654,0.70864,0.9999,0.73245,0.93501,0.9251,0.80010,0.82646,0.9913,0.75743,0.83416,0.77812,0.82917,83.22,0.9391,live,0.2848,0.2419,113.95,471.13
167262.852950,80.0,0.9214,3,1,1,0.77578,0.81667,0.75781,0.78472,0.75469,0.74306,0.77031,0.72639,0.78984,0.72222,0.79688,0.71111,0.80937,0.68472,0.81406,0.69722,0.81484,0.72639,0.81953,0.72639,0.83906,0.69028,0.84766,0.70417,0.84688,0.73333,0.83516,0.75139,0.85781,0.72639,0.86797,0.74167,0.86562,0.76944,0.84453,0.78333,0.86719,0.77083,0.87656,0.78056,0.87578,0.80000,0.60782,0.70792,0.9999,0.73240,0.93568,0.9258,0.79918,0.82747,0.9916,0.76110,0.83066,0.77578,0.81667,84.45,0.9520,live,0.2786,0.2499,118.81,475.40
167262.919135,80.0,0.0097,3,2,0,0.77500,0.77778,0.75234,0.75139,0.74687,0.71250,0.76016,0.69583,0.77578,0.68750,0.78594,0.67222,0.79766,0.63750,0.80156,0.65139,0.80391,0.68056,0.80937,0.68333,0.82812,0.64306,0.83594,0.65833,0.83828,0.69028,0.82734,0.70417,0.84766,0.67361,0.85703,0.69167,0.85781,0.72222,0.83828,0.73056,0.85859,0.71806,0.86719,0.73194,0.86797,0.75417,0.60872,0.70569,0.9999,0.73689,0.93573,0.9272,0.79724,0.81347,0.9920,0.76388,0.82008,0.77500,0.77778,81.30,0.8744,live,0.2644,0.1998,95.26,476.89
167262.988573,80.0,0.1022,3,2,0,0.76250,0.70000,0.73672,0.66667,0.72578,0.61944,0.73281,0.59306,0.74922,0.58472,0.76328,0.57639,0.76953,0.53194,0.77422,0.55278,0.77969,0.58194,0.78828,0.58611,0.80391,0.53611,0.80859,0.55972,0.80859,0.59444,0.80703,0.60556,0.82344,0.56667,0.83125,0.59028,0.83359,0.62361,0.82031,0.63333,0.83516,0.61528,0.84141,0.62778,0.84375,0.64861,0.60805,0.69549,0.9999,0.74838,0.89067,0.9299,0.78530,0.68672,0.9927,0.76360,0.79607,0.76250,0.70000,87.33,0.9264,live,0.2458,0.1610,77.70,482.54
167263.052090,80.0,0.1869,3,2,0,0.73125,0.59028,0.71094,0.55417,0.70234,0.50694,0.70781,0.47917,0.71719,0.46250,0.72656,0.44583,0.73203,0.39861,0.73672,0.41944,0.73984,0.45139,0.74844,0.45139,0.75781,0.40000,0.76250,0.42361,0.76328,0.45972,0.76719,0.46528,0.77578,0.41944,0.78203,0.43750,0.78359,0.46944,0.78438,0.48889,0.79297,0.45694,0.79766,0.46389,0.80000,0.48472,0.60579,0.68931,0.9999,0.76300,0.84761,0.9328,0.75939,0.59508,0.9933,0.75713,0.75491,0.73125,0.59028,96.64,0.9267,live,0.2360,0.1914,94.58,494.21
167263.120884,80.0,0.2787,3,2,0,0.69688,0.47222,0.67266,0.43750,0.65938,0.39028,0.65781,0.34861,0.66094,0.31111,0.68750,0.34028,0.68672,0.29583,0.68047,0.27917,0.67344,0.27778,0.70703,0.34028,0.71094,0.29028,0.70625,0.27361,0.69688,0.27639,0.72422,0.35139,0.73125,0.30556,0.72734,0.28750,0.71797,0.28750,0.73984,0.37222,0.75000,0.33611,0.74766,0.31667,0.73828,0.30972,0.60198,0.67485,0.9999,0.76335,0.77027,0.9379,0.72290,0.47028,0.9939,0.74508,0.69837,0.69688,0.47222,88.27,0.9451,live,0.2360,0.2151,107.23,498.46
167263.186262,80.0,0.3658,3,2,0,0.67422,0.40833,0.64844,0.35556,0.63828,0.30556,0.63750,0.26528,0.63594,0.23056,0.66172,0.27083,0.65625,0.23056,0.65000,0.20556,0.64531,0.18333,0.67578,0.26806,0.67656,0.22778,0.67266,0.20000,0.66875,0.17639,0.68906,0.27361,0.69297,0.23750,0.68906,0.20556,0.68359,0.18056,0.70312,0.28611,0.71016,0.25278,0.70703,0.23056,0.70078,0.21250,0.59856,0.66448,0.9999,0.75881,0.67512,0.9414,0.67805,0.35590,0.9945,0.73091,0.64036,0.67422,0.40833,87.72,0.9436,live,0.2471,0.2975,149.30,501.81
167263.252873,80.0,0.4546,3,2,0,0.65078,0.34306,0.62266,0.29444,0.61016,0.24722,0.60938,0.20278,0.61016,0.16806,0.63125,0.21250,0.62813,0.17222,0.62500,0.14861,0.62187,0.12639,0.64531,0.20833,0.64766,0.16806,0.64687,0.14167,0.64531,0.11806,0.65938,0.21250,0.66328,0.17500,0.66250,0.14583,0.66016,0.12222,0.67344,0.22222,0.67891,0.18750,0.67578,0.16528,0.67109,0.14722,0.59664,0.66583,0.9999,0.74227,0.62126,0.9454,0.65472,0.30989,0.9950,0.71488,0.58090,0.65078,0.34306,85.17,0.9259,live,0.2719,0.3851,193.68,502.91
167263.318546,80.0,0.5422,3,2,0,0.63672,0.30000,0.60625,0.25556,0.59297,0.21250,0.59062,0.17083,0.59062,0.13611,0.61406,0.16944,0.60469,0.13333,0.59688,0.10972,0.58984,0.08611,0.62734,0.16111,0.62422,0.11944,0.61797,0.09028,0.61172,0.06667,0.64141,0.16250,0.64062,0.12222,0.63516,0.09583,0.62813,0.07500,0.65625,0.17361,0.65938,0.13472,0.65547,0.11389,0.64844,0.09861,0.59505,0.66375,0.9999,0.72654,0.58986,0.9492,0.64600,0.28721,0.9955,0.69925,0.52472,0.63672,0.30000,86.89,0.9712,live,0.3080,0.4722,238.50,505.12
167263.386371,80.0,0.6326,3,2,0,0.62891,0.26806,0.60078,0.24167,0.58516,0.19861,0.58203,0.15833,0.58203,0.12639,0.60625,0.15000,0.59844,0.11250,0.58984,0.09306,0.58125,0.07917,0.62031,0.14167,0.61719,0.09583,0.60781,0.07222,0.59688,0.06111,0.63438,0.14306,0.63359,0.09722,0.62578,0.07500,0.61562,0.06528,0.64922,0.15278,0.65234,0.11389,0.64531,0.09444,0.63516,0.08472,0.59530,0.66447,0.9998,0.71991,0.57330,0.9520,0.63747,0.27169,0.9959,0.68518,0.47339,0.62891,0.26806,80.87,0.9771,live,0.3523,0.5542,278.60,502.74
167263.452358,80.0,0.7206,3,2,0,0.62656,0.26667,0.60000,0.24028,0.58359,0.19722,0.57969,0.15694,0.57891,0.12361,0.60391,0.14861,0.59609,0.11389,0.58750,0.09444,0.57891,0.07917,0.61875,0.14028,0.61406,0.09583,0.60547,0.07361,0.59531,0.06111,0.63203,0.14306,0.63125,0.09722,0.62422,0.07639,0.61328,0.06667,0.64687,0.15139,0.64922,0.11389,0.64297,0.09306,0.63359,0.08333,0.59540,0.66433,0.9998,0.71452,0.56860,0.9537,0.63408,0.26532,0.9962,0.67346,0.43204,0.62656,0.26667,80.84,0.9689,live,0.4001,0.6182,309.46,500.61
167263.519965,80.0,0.8108,3,2,0,0.62578,0.26944,0.59922,0.24444,0.58437,0.20000,0.58047,0.15972,0.58047,0.12639,0.60547,0.15417,0.59766,0.11944,0.58906,0.10000,0.58125,0.08333,0.61953,0.14583,0.61562,0.10139,0.60703,0.07778,0.59766,0.06528,0.63359,0.14722,0.63281,0.10139,0.62500,0.07917,0.61484,0.07083,0.64844,0.15556,0.65000,0.11667,0.64375,0.09722,0.63438,0.08889,0.59423,0.66974,0.9998,0.71229,0.57508,0.9553,0.63757,0.26805,0.9965,0.66392,0.39952,0.62578,0.26944,79.58,0.9743,live,0.4412,0.6282,312.72,497.84
167263.588998,80.0,0.9028,3,2,0,0.62734,0.27500,0.60078,0.24861,0.58594,0.20694,0.58281,0.16667,0.58359,0.13333,0.60781,0.16111,0.60000,0.12361,0.59219,0.10417,0.58281,0.08889,0.62187,0.15278,0.61797,0.10833,0.61016,0.08333,0.60000,0.06944,0.63594,0.15417,0.63594,0.10972,0.62813,0.08750,0.61797,0.07639,0.65078,0.16250,0.65312,0.12361,0.64687,0.10417,0.63750,0.09306,0.59253,0.66850,0.9998,0.71240,0.58529,0.9568,0.63865,0.27680,0.9968,0.65661,0.37462,0.62734,0.27500,78.85,0.9789,live,0.4718,0.6113,302.54,494.87
167263.654419,80.0,0.9900,3,2,0,0.62969,0.28750,0.60234,0.26250,0.58828,0.21944,0.58594,0.17778,0.58672,0.14583,0.61172,0.17500,0.60391,0.13750,0.59609,0.11528,0.58750,0.10000,0.62578,0.16806,0.62187,0.12083,0.61406,0.09444,0.60469,0.07917,0.63984,0.16944,0.63984,0.12222,0.63203,0.09861,0.62266,0.08611,0.65391,0.17917,0.65703,0.14028,0.65156,0.11944,0.64219,0.10833,0.59252,0.67265,0.9998,0.71324,0.59649,0.9570,0.63885,0.28589,0.9970,0.65122,0.35720,0.62969,0.28750,77.09,0.9728,live,0.4871,0.5569,273.45,490.99
167263.721091,80.0,0.0789,3,3,0,0.63125,0.31528,0.60547,0.28889,0.59141,0.24722,0.58984,0.20833,0.59141,0.17500,0.61562,0.20417,0.60859,0.16389,0.60000,0.14167,0.59141,0.12639,0.63047,0.19861,0.62734,0.15000,0.61953,0.12500,0.61016,0.10833,0.64453,0.20139,0.64531,0.15139,0.63750,0.12778,0.62734,0.11389,0.65859,0.21250,0.66328,0.17083,0.65781,0.14861,0.64766,0.13472,0.59255,0.68360,0.9998,0.71325,0.63120,0.9577,0.63985,0.30636,0.9973,0.64723,0.34881,0.63125,0.31528,75.91,0.9681,live,0.4871,0.4842,235.67,486.73
167263.790350,80.0,0.1713,3,3,0,0.63281,0.36250,0.60781,0.34028,0.59453,0.29722,0.59297,0.25694,0.59609,0.22500,0.62031,0.25278,0.61562,0.20417,0.60703,0.18472,0.59609,0.17639,0.63594,0.25000,0.63672,0.19306,0.62813,0.16944,0.61562,0.16111,0.65078,0.25694,0.65391,0.20139,0.64609,0.17778,0.63516,0.16667,0.66484,0.27222,0.66875,0.22917,0.66328,0.20694,0.65312,0.19444,0.58701,0.68205,0.9998,0.71496,0.71963,0.9585,0.64000,0.35421,0.9975,0.64435,0.35155,0.63281,0.36250,74.31,0.9259,live,0.4704,0.3942,189.94,481.83
167263.853986,80.0,0.2561,3,3,0,0.63359,0.47778,0.60781,0.44861,0.59297,0.40000,0.58828,0.35833,0.59453,0.32500,0.61953,0.34583,0.61719,0.29444,0.61172,0.27083,0.60469,0.26528,0.63672,0.34167,0.63828,0.28333,0.63203,0.26528,0.62266,0.27083,0.65234,0.35000,0.65625,0.29306,0.64922,0.27778,0.63984,0.28611,0.66719,0.36528,0.67031,0.31944,0.66563,0.30556,0.65859,0.30972,0.58615,0.68058,0.9998,0.71791,0.80560,0.9590,0.63931,0.44627,0.9977,0.64219,0.37680,0.63359,0.47778,87.27,0.8993,live,0.4398,0.3003,146.20,486.84
167263.918184,80.0,0.3417,3,3,0,0.62344,0.61528,0.60078,0.58889,0.58437,0.54306,0.57578,0.50833,0.57500,0.48056,0.60938,0.47917,0.60859,0.41528,0.59453,0.42778,0.58906,0.45694,0.62578,0.48611,0.62813,0.41667,0.61094,0.43750,0.60469,0.47083,0.64141,0.50278,0.64453,0.44028,0.62734,0.46111,0.62031,0.49167,0.65781,0.52778,0.66016,0.48472,0.64766,0.49583,0.64141,0.52083,0.59096,0.67371,0.9998,0.72194,0.89348,0.9604,0.63424,0.60522,0.9979,0.63844,0.42449,0.62344,0.61528,85.18,0.9706,live,0.4153,0.3035,148.66,489.75
167263.987733,80.0,0.4345,3,3,0,0.61719,0.75833,0.59297,0.73056,0.57578,0.69167,0.56484,0.66528,0.55937,0.64306,0.59609,0.63472,0.58828,0.59028,0.57344,0.60694,0.56328,0.63333,0.61641,0.64444,0.61641,0.59167,0.60078,0.61389,0.59062,0.64722,0.63359,0.66667,0.63672,0.62500,0.62187,0.65000,0.61094,0.67778,0.64922,0.69722,0.64922,0.68333,0.63828,0.70278,0.63125,0.72222,0.60073,0.66994,0.9998,0.72238,0.94327,0.9609,0.62962,0.75542,0.9979,0.63419,0.49126,0.61719,0.75833,79.17,0.9857,live,0.3826,0.2341,114.22,487.98
167264.051019,80.0,0.5188,3,3,0,0.60781,0.78889,0.58437,0.77361,0.56406,0.75139,0.55391,0.73472,0.55547,0.72639,0.59609,0.68750,0.58437,0.66528,0.57031,0.68056,0.55859,0.70139,0.61562,0.70278,0.60859,0.67639,0.59141,0.69583,0.57812,0.72083,0.63203,0.72917,0.62969,0.70833,0.61172,0.72917,0.59688,0.75139,0.64531,0.76250,0.64687,0.75556,0.63516,0.77083,0.62344,0.78611,0.60479,0.67992,0.9998,0.72220,0.95273,0.9592,0.62847,0.81439,0.9977,0.62892,0.55079,0.60781,0.78889,67.98,0.9955,live,0.3725,0.3265,156.20,478.37
167264.124160,80.0,0.6164,3,3,0,0.61172,0.83472,0.58516,0.80694,0.56484,0.76944,0.55312,0.74444,0.55234,0.72500,0.59609,0.71528,0.58437,0.68611,0.56953,0.69861,0.55391,0.71667,0.61562,0.72917,0.60703,0.69722,0.58906,0.71806,0.57500,0.74028,0.63125,0.75417,0.62734,0.72917,0.60859,0.75417,0.59141,0.77639,0.64219,0.78889,0.64219,0.77778,0.62813,0.79583,0.61484,0.81250,0.60409,0.68264,0.9998,0.71892,0.93659,0.9565,0.62889,0.83371,0.9974,0.62548,0.60757,0.61172,0.83472,73.71,0.9950,live,0.3778,0.4019,190.52,474.04
167264.189676,80.0,0.7037,3,3,0,0.61094,0.83889,0.58437,0.80972,0.56172,0.77083,0.54844,0.74028,0.55156,0.72361,0.59375,0.71667,0.58281,0.68750,0.56719,0.69861,0.55312,0.71389,0.61250,0.73056,0.60391,0.69722,0.58437,0.71944,0.57031,0.74306,0.62891,0.75556,0.62422,0.72639,0.60469,0.75139,0.58828,0.77500,0.64141,0.79028,0.64062,0.77778,0.62578,0.79583,0.61250,0.81111,0.60369,0.68887,0.9998,0.71713,0.95627,0.9547,0.62818,0.82010,0.9973,0.62257,0.65384,0.61094,0.83889,75.49,0.9979,live,0.3948,0.4722,222.66,471.51
167264.252621,80.0,0.7876,3,3,0,0.61094,0.83472,0.58125,0.80556,0.55859,0.76806,0.54688,0.73889,0.54844,0.71944,0.59141,0.71111,0.57891,0.68472,0.56328,0.69306,0.54922,0.70972,0.61016,0.72222,0.60078,0.69444,0.58203,0.71250,0.56797,0.73472,0.62656,0.74722,0.62031,0.72361,0.60156,0.74722,0.58516,0.76944,0.63828,0.78056,0.63594,0.77222,0.62187,0.78889,0.60859,0.80556,0.60360,0.69050,0.9998,0.71658,0.95039,0.9536,0.62822,0.82689,0.9969,0.62024,0.69001,0.61094,0.83472,75.99,0.9983,live,0.4191,0.5299,248.84,469.64
167264.324117,80.0,0.8830,3,3,0,0.61016,0.83333,0.58203,0.80278,0.56016,0.76528,0.54688,0.73611,0.54453,0.71806,0.59062,0.71111,0.57812,0.68194,0.56250,0.69028,0.54766,0.70833,0.60938,0.72361,0.60078,0.68889,0.58125,0.70694,0.56641,0.73056,0.62500,0.74722,0.61875,0.71944,0.59922,0.74028,0.58359,0.76389,0.63750,0.78056,0.63516,0.76806,0.62109,0.78472,0.60781,0.80000,0.60344,0.69039,0.9998,0.71651,0.94867,0.9507,0.62765,0.82322,0.9966,0.61823,0.71868,0.61016,0.83333,75.06,0.9985,live,0.4463,0.5701,266.44,467.33
167264.390018,80.0,0.9708,3,3,0,0.61094,0.83333,0.58281,0.80417,0.56172,0.76667,0.54844,0.73889,0.54609,0.71944,0.59141,0.71528,0.57969,0.68333,0.56406,0.69306,0.55000,0.70972,0.60938,0.72639,0.60156,0.69028,0.58203,0.70972,0.56797,0.73472,0.62500,0.75000,0.62031,0.72083,0.60078,0.74306,0.58516,0.76667,0.63828,0.78194,0.63594,0.76944,0.62187,0.78611,0.60859,0.80139,0.60224,0.69092,0.9998,0.71613,0.94672,0.9494,0.62810,0.82460,0.9966,0.61677,0.74161,0.61094,0.83333,73.35,0.9982,live,0.4758,0.6099,283.05,464.06
167264.452121,80.0,0.0536,3,1,1,0.61797,0.82917,0.58906,0.80278,0.56641,0.76806,0.55391,0.74028,0.55703,0.72361,0.59766,0.70972,0.58594,0.68472,0.57109,0.69167,0.55781,0.70694,0.61562,0.72222,0.60859,0.69444,0.58984,0.71250,0.57656,0.73472,0.63203,0.74583,0.62656,0.72222,0.60859,0.74306,0.59375,0.76528,0.64453,0.77778,0.64297,0.76944,0.62969,0.78611,0.61719,0.80139,0.60216,0.69256,0.9998,0.71607,0.94846,0.9468,0.63325,0.82425,0.9959,0.61701,0.75912,0.61797,0.82917,73.65,0.9982,live,0.4983,0.6008,277.19,461.40
167264.519984,80.0,0.1441,3,1,1,0.63359,0.82639,0.60391,0.79861,0.58281,0.76528,0.57188,0.74028,0.57188,0.72222,0.61719,0.70139,0.60625,0.68194,0.59141,0.69167,0.57734,0.70694,0.63594,0.71389,0.62891,0.69306,0.61016,0.70833,0.59453,0.72639,0.65078,0.74028,0.65000,0.72222,0.63203,0.73889,0.61641,0.75972,0.66172,0.77500,0.66328,0.76944,0.65234,0.78194,0.64219,0.79444,0.60352,0.69257,0.9998,0.72086,0.95014,0.9467,0.63988,0.82082,0.9957,0.62033,0.77257,0.63359,0.82639,75.73,0.9965,live,0.4882,0.4424,203.77,460.56
167264.587634,80.0,0.2343,3,1,1,0.64844,0.81667,0.62578,0.79167,0.60703,0.75694,0.59922,0.72778,0.61484,0.72083,0.64141,0.70556,0.63672,0.68056,0.62500,0.69444,0.61641,0.70972,0.65938,0.71528,0.66250,0.68889,0.64609,0.70000,0.63281,0.71667,0.67422,0.73750,0.68281,0.72083,0.66953,0.73333,0.65781,0.74722,0.68437,0.76944,0.69219,0.76806,0.68828,0.77500,0.68281,0.78194,0.60685,0.69916,0.9998,0.72469,0.97018,0.9451,0.68337,0.84001,0.9956,0.62595,0.78139,0.64844,0.81667,70.93,0.9943,live,0.4832,0.4603,210.08,456.37
167264.653450,80.0,0.3221,3,1,1,0.69844,0.80833,0.67891,0.78750,0.66953,0.74722,0.66172,0.72917,0.66797,0.72778,0.69922,0.71528,0.70078,0.67222,0.68828,0.67917,0.67656,0.70278,0.71797,0.73194,0.73359,0.68611,0.71719,0.69861,0.70156,0.72639,0.73438,0.75694,0.75234,0.72083,0.73750,0.72917,0.71953,0.75556,0.74844,0.78750,0.76719,0.76389,0.75703,0.76528,0.74062,0.78194,0.60870,0.71263,0.9998,0.72648,1.00000,0.9437,0.70115,0.85384,0.9956,0.64045,0.78678,0.69844,0.80833,68.71,0.9580,live,0.4491,0.2938,132.54,451.08
167264.719989,80.0,0.4108,3,1,1,0.72734,0.82639,0.71016,0.79028,0.70000,0.74583,0.70234,0.71667,0.72031,0.71111,0.74609,0.70556,0.75547,0.66667,0.74531,0.67361,0.73594,0.70000,0.76641,0.72083,0.78828,0.68750,0.77969,0.68889,0.76641,0.71111,0.78125,0.74583,0.80234,0.71944,0.79844,0.72083,0.78984,0.73750,0.78906,0.77778,0.80703,0.76389,0.81094,0.75972,0.81094,0.76528,0.60796,0.71172,0.9998,0.72582,0.99186,0.9415,0.74813,0.84944,0.9953,0.65783,0.79470,0.72734,0.82639,85.83,0.9734,live,0.4250,0.3153,144.62,458.74
167264.788637,80.0,0.5023,3,1,1,0.75469,0.82500,0.73906,0.78056,0.73594,0.73333,0.75156,0.71250,0.77187,0.70833,0.78203,0.69722,0.79766,0.66806,0.80156,0.67639,0.79922,0.70139,0.80469,0.71667,0.82656,0.68750,0.83125,0.69306,0.82578,0.71528,0.82031,0.74167,0.84219,0.71944,0.84844,0.72222,0.84531,0.74167,0.82812,0.77500,0.84766,0.76250,0.85703,0.75972,0.86094,0.76667,0.60525,0.71058,0.9998,0.72427,0.95018,0.9385,0.78884,0.83402,0.9952,0.67720,0.80076,0.75469,0.82500,95.33,0.9728,live,0.3985,0.2774,131.05,472.33
167264.853056,80.0,0.5882,3,1,1,0.77578,0.81806,0.76406,0.77361,0.76562,0.72917,0.78438,0.70972,0.80469,0.70278,0.81016,0.69722,0.82656,0.66667,0.83203,0.67083,0.83047,0.69583,0.83203,0.71667,0.85313,0.68611,0.86016,0.69167,0.85625,0.71528,0.84609,0.74444,0.86953,0.72083,0.87891,0.72361,0.87500,0.74444,0.85391,0.77778,0.87734,0.76667,0.88750,0.76667,0.88750,0.77639,0.60411,0.71159,0.9999,0.72390,0.94712,0.9363,0.79450,0.82737,0.9952,0.69691,0.80422,0.77578,0.81806,96.19,0.9774,live,0.3711,0.2468,119.66,484.91
167264.916960,80.0,0.6734,3,1,1,0.78984,0.80972,0.77656,0.76667,0.77812,0.72222,0.79766,0.70556,0.81875,0.70417,0.82500,0.69583,0.84062,0.66667,0.84766,0.67361,0.85000,0.69722,0.84609,0.71528,0.86875,0.68194,0.87813,0.69028,0.87891,0.71528,0.85859,0.74167,0.88281,0.71944,0.89453,0.72639,0.89609,0.74722,0.86484,0.77500,0.88750,0.76528,0.90000,0.77083,0.90391,0.78472,0.60406,0.71147,0.9999,0.72772,0.93147,0.9373,0.79931,0.81428,0.9953,0.71550,0.80532,0.78984,0.80972,92.06,0.9638,live,0.3558,0.2859,140.94,493.01
167264.990628,80.0,0.7717,3,1,1,0.79766,0.80417,0.78203,0.76250,0.78359,0.71806,0.80625,0.70556,0.82812,0.70139,0.82969,0.69167,0.84531,0.66528,0.85313,0.67361,0.85703,0.69583,0.85156,0.70972,0.87500,0.67500,0.88359,0.68611,0.88359,0.71389,0.86484,0.73611,0.88906,0.71250,0.90078,0.72222,0.90234,0.74583,0.87031,0.76944,0.89297,0.76111,0.90391,0.76528,0.90781,0.77917,0.60395,0.71039,0.9999,0.73327,0.93017,0.9383,0.80633,0.80679,0.9952,0.73193,0.80509,0.79766,0.80417,90.10,0.9474,live,0.3462,0.3024,150.82,498.72
167265.054353,80.0,0.8566,3,1,1,0.79609,0.79306,0.78281,0.75139,0.78359,0.70833,0.80547,0.69583,0.82656,0.69167,0.82969,0.68472,0.84453,0.65694,0.85234,0.66389,0.85625,0.68611,0.85078,0.70139,0.87344,0.66667,0.88203,0.67500,0.88359,0.70139,0.86328,0.72500,0.88750,0.70139,0.89844,0.70833,0.90156,0.73194,0.87031,0.75833,0.89141,0.75000,0.90312,0.75417,0.90781,0.76806,0.60390,0.70899,0.9999,0.73556,0.91907,0.9375,0.80732,0.80256,0.9949,0.74476,0.80268,0.79609,0.79306,89.44,0.9475,live,0.3415,0.3199,161.02,503.27
167265.121999,80.0,0.9468,3,1,1,0.79375,0.77778,0.77969,0.73889,0.77969,0.69583,0.79922,0.68194,0.81953,0.67917,0.82578,0.66806,0.83906,0.64167,0.84609,0.65000,0.85078,0.67222,0.84688,0.68333,0.86719,0.65000,0.87656,0.65972,0.87734,0.68611,0.85938,0.70833,0.88203,0.68611,0.89375,0.69306,0.89609,0.71528,0.86641,0.74167,0.88750,0.73333,0.89922,0.73889,0.90391,0.75278,0.60493,0.70876,0.9999,0.74246,0.92076,0.9401,0.80547,0.79149,0.9948,0.75456,0.79770,0.79375,0.77778,89.00,0.9468,live,0.3415,0.3265,165.52,506.95
167265.190523,80.0,0.0382,3,2,0,0.79141,0.76111,0.77422,0.72361,0.77109,0.68056,0.78906,0.66389,0.80937,0.65833,0.81328,0.64722,0.82578,0.61528,0.83516,0.62361,0.84062,0.64722,0.83672,0.66111,0.85703,0.62639,0.86641,0.63611,0.86719,0.66389,0.85156,0.68611,0.87344,0.65833,0.88438,0.66944,0.88438,0.69306,0.86016,0.71806,0.88125,0.70694,0.89219,0.71389,0.89453,0.72917,0.60498,0.70432,0.9999,0.74535,0.90795,0.9411,0.80216,0.77077,0.9947,0.76193,0.79038,0.79141,0.76111,87.79,0.9386,live,0.3352,0.3064,156.07,509.33
167265.255367,80.0,0.1246,3,2,0,0.78125,0.72222,0.76250,0.68889,0.75625,0.65000,0.77031,0.63333,0.78828,0.62639,0.79766,0.61389,0.81016,0.58333,0.81406,0.59444,0.81484,0.62083,0.82109,0.62639,0.83906,0.58889,0.84609,0.60000,0.84453,0.62778,0.83672,0.65000,0.85938,0.61944,0.86641,0.63333,0.86328,0.65972,0.84688,0.67917,0.86875,0.66667,0.87734,0.67778,0.87578,0.69861,0.60533,0.70185,0.9999,0.75132,0.90036,0.9429,0.80058,0.72343,0.9948,0.76579,0.77675,0.78125,0.72222,83.68,0.9324,live,0.3243,0.2748,139.72,508.46
167265.318768,80.0,0.2092,3,2,0,0.77422,0.68056,0.75625,0.66389,0.74922,0.63194,0.75313,0.61667,0.75781,0.59861,0.77969,0.57361,0.78516,0.53056,0.78672,0.53611,0.78594,0.56250,0.79922,0.57917,0.81250,0.53194,0.81563,0.54028,0.81406,0.56944,0.81563,0.59722,0.83281,0.56111,0.83906,0.57222,0.83672,0.59861,0.82734,0.62361,0.84609,0.60694,0.85234,0.61389,0.85078,0.63194,0.60900,0.69924,0.9999,0.75995,0.89082,0.9447,0.78653,0.67720,0.9951,0.76748,0.75751,0.77422,0.68056,76.81,0.9677,live,0.3177,0.2875,144.52,502.75
167265.387874,80.0,0.3013,3,2,0,0.73984,0.60833,0.71953,0.57639,0.70859,0.53056,0.71094,0.49722,0.72422,0.49306,0.74062,0.47500,0.74531,0.42917,0.74766,0.43750,0.74766,0.46944,0.76484,0.48333,0.77656,0.42917,0.77812,0.43889,0.77344,0.47083,0.78359,0.50556,0.79688,0.45972,0.79844,0.46806,0.79375,0.49722,0.79922,0.53611,0.81406,0.50556,0.81563,0.50694,0.81172,0.52639,0.60896,0.69201,0.9999,0.76334,0.85636,0.9467,0.76703,0.62197,0.9954,0.76195,0.72768,0.73984,0.60833,92.64,0.9791,live,0.3059,0.2521,128.37,509.12
167265.451480,80.0,0.3861,3,2,0,0.71953,0.51389,0.69531,0.48056,0.68047,0.43333,0.67891,0.39583,0.69063,0.38194,0.71172,0.37639,0.71250,0.32917,0.71016,0.32500,0.70625,0.34306,0.73281,0.38194,0.74141,0.32639,0.73984,0.32639,0.73516,0.34722,0.75156,0.39861,0.76172,0.35139,0.76016,0.34861,0.75391,0.36667,0.76719,0.42639,0.77969,0.39167,0.77812,0.38472,0.77109,0.39306,0.60498,0.69112,0.9999,0.76551,0.80970,0.9495,0.74511,0.52101,0.9958,0.75347,0.68492,0.71953,0.51389,90.83,0.9771,live,0.2947,0.2438,125.19,513.42
167265.520841,80.0,0.4786,3,2,0,0.70078,0.45694,0.67578,0.40278,0.66406,0.35694,0.66406,0.31806,0.66719,0.28750,0.69063,0.30972,0.68750,0.26806,0.68203,0.24306,0.67656,0.22222,0.70859,0.30833,0.71094,0.26389,0.70703,0.23611,0.70078,0.21389,0.72422,0.31667,0.73047,0.27639,0.72656,0.24722,0.71875,0.22778,0.73984,0.33194,0.74844,0.29444,0.74609,0.27083,0.73750,0.25417,0.60340,0.67425,0.9999,0.76512,0.72340,0.9515,0.71838,0.41853,0.9962,0.74293,0.63932,0.70078,0.45694,95.55,0.9393,live,0.2858,0.2453,127.73,520.61
167265.588629,80.0,0.5690,3,2,0,0.67969,0.34028,0.65391,0.30972,0.63906,0.26389,0.63750,0.22222,0.64141,0.19028,0.66250,0.21389,0.65703,0.16944,0.65156,0.14444,0.64687,0.12361,0.68125,0.20972,0.67969,0.15694,0.67578,0.12639,0.67031,0.10417,0.69766,0.21667,0.70000,0.16389,0.69609,0.13750,0.68984,0.11944,0.71406,0.23194,0.71797,0.19167,0.71562,0.16528,0.70859,0.14583,0.59869,0.66704,0.9999,0.74931,0.66339,0.9549,0.68692,0.33330,0.9965,0.73028,0.57951,0.67969,0.34028,86.12,0.9460,live,0.2929,0.3254,169.25,520.14
167265.654427,80.0,0.6567,3,2,0,0.66719,0.31389,0.63984,0.26389,0.62578,0.21667,0.62422,0.17222,0.62734,0.13611,0.64766,0.18056,0.64219,0.14028,0.63984,0.11667,0.63828,0.09583,0.66172,0.17778,0.66094,0.13611,0.65938,0.11111,0.65781,0.09028,0.67578,0.18056,0.67734,0.14028,0.67500,0.11250,0.67266,0.08750,0.69063,0.18750,0.69297,0.14722,0.69219,0.12222,0.68984,0.10000,0.59435,0.66204,0.9999,0.73265,0.61149,0.9563,0.66735,0.27548,0.9968,0.71766,0.52639,0.66719,0.31389,87.12,0.9247,live,0.3113,0.3948,205.49,520.45
167265.720748,80.0,0.7451,3,2,0,0.65703,0.26250,0.62891,0.21806,0.61406,0.17361,0.61094,0.12917,0.61328,0.09306,0.63203,0.13333,0.62500,0.09167,0.62109,0.06389,0.61719,0.03611,0.64609,0.12500,0.64375,0.08194,0.64062,0.05139,0.63828,0.02639,0.66016,0.12639,0.65859,0.08472,0.65547,0.05417,0.65156,0.02639,0.67500,0.13472,0.67578,0.09583,0.67266,0.07083,0.66797,0.04861,0.59388,0.65794,0.9999,0.72489,0.57294,0.9585,0.65643,0.24478,0.9971,0.70554,0.47361,0.65703,0.26250,87.04,0.9537,live,0.3404,0.4733,246.45,520.67
167265.788617,80.0,0.8356,3,2,0,0.64609,0.22639,0.61875,0.19306,0.60391,0.15000,0.60156,0.10972,0.60234,0.07778,0.62500,0.10833,0.61797,0.06944,0.61094,0.04444,0.60547,0.01944,0.63906,0.09722,0.63438,0.04583,0.62734,0.01111,0.62109,0.00000,0.65234,0.09583,0.65000,0.04583,0.64453,0.01111,0.63750,0.00000,0.66719,0.10417,0.66875,0.06389,0.66328,0.03750,0.65469,0.01806,0.59346,0.65730,0.9999,0.71156,0.53647,0.9590,0.65197,0.22074,0.9973,0.69365,0.42417,0.64609,0.22639,82.19,0.9634,live,0.3766,0.5414,280.10,517.37
167265.856255,80.0,0.9258,3,2,0,0.63828,0.21250,0.61250,0.18611,0.59766,0.14583,0.59453,0.10556,0.59531,0.07361,0.61953,0.10556,0.61016,0.06806,0.60234,0.04444,0.59609,0.02222,0.63281,0.09444,0.62734,0.04583,0.62031,0.01806,0.61250,0.00000,0.64531,0.09306,0.64297,0.04444,0.63594,0.01528,0.62734,0.00000,0.65859,0.09861,0.66016,0.05833,0.65391,0.03333,0.64375,0.01528,0.59575,0.65337,0.9999,0.71098,0.52317,0.9595,0.64263,0.20967,0.9975,0.68257,0.38183,0.63828,0.21250,75.55,0.9523,live,0.4118,0.5719,291.50,509.68
167265.920813,80.0,0.0119,3,3,0,0.63203,0.21528,0.60703,0.19306,0.59297,0.15417,0.58984,0.11667,0.59062,0.08472,0.61328,0.11111,0.60547,0.07500,0.59766,0.05278,0.59062,0.03333,0.62656,0.10000,0.62109,0.05556,0.61328,0.02778,0.60469,0.00833,0.63906,0.09861,0.63672,0.05278,0.63047,0.02639,0.62187,0.00833,0.65312,0.10417,0.65391,0.06667,0.64844,0.04444,0.63984,0.02639,0.59566,0.65330,0.9999,0.70780,0.52015,0.9586,0.63881,0.20467,0.9976,0.67247,0.34852,0.63203,0.21528,74.43,0.9623,live,0.4438,0.5896,296.05,502.11
167265.992160,80.0,0.1070,3,3,0,0.62813,0.23194,0.60391,0.21111,0.58984,0.17222,0.58672,0.13472,0.58594,0.10417,0.61016,0.12778,0.60078,0.09028,0.59219,0.06806,0.58437,0.05000,0.62344,0.11806,0.61719,0.07361,0.60859,0.04583,0.59922,0.02639,0.63672,0.11667,0.63359,0.07083,0.62578,0.04306,0.61641,0.02222,0.65000,0.12361,0.65078,0.08333,0.64453,0.06111,0.63516,0.04444,0.59543,0.65380,0.9999,0.70929,0.54046,0.9582,0.63819,0.22612,0.9977,0.66360,0.32521,0.62813,0.23194,73.66,0.9739,live,0.4670,0.5726,283.39,494.89
167266.053720,80.0,0.1891,3,3,0,0.62266,0.26389,0.59844,0.24583,0.58281,0.20694,0.57891,0.16944,0.57812,0.13889,0.60313,0.15972,0.59375,0.11944,0.58437,0.09583,0.57578,0.07917,0.61719,0.15000,0.61016,0.10139,0.60156,0.07500,0.59141,0.05556,0.63125,0.15000,0.62734,0.10000,0.61953,0.07361,0.61016,0.05417,0.64531,0.15694,0.64687,0.11528,0.64141,0.09167,0.63281,0.07639,0.59529,0.66100,0.9998,0.71014,0.58450,0.9587,0.63771,0.24745,0.9979,0.65541,0.31294,0.62266,0.26389,74.42,0.9636,live,0.4787,0.5323,260.33,489.08
167266.124954,80.0,0.2841,3,3,0,0.61719,0.31111,0.59141,0.29722,0.57500,0.25972,0.56875,0.22500,0.56719,0.19444,0.59531,0.20556,0.58516,0.16111,0.57500,0.14306,0.56563,0.13472,0.60938,0.19722,0.60234,0.14583,0.59453,0.12222,0.58594,0.11389,0.62344,0.20000,0.61953,0.15000,0.61172,0.12778,0.60234,0.11806,0.63906,0.21111,0.63906,0.16944,0.63281,0.15000,0.62500,0.14167,0.59308,0.66766,0.9998,0.71048,0.64368,0.9587,0.63214,0.30616,0.9981,0.64777,0.31258,0.61719,0.31111,74.25,0.9291,live,0.4741,0.4532,219.31,483.85
167266.192006,80.0,0.3735,3,3,0,0.61719,0.41667,0.58984,0.40417,0.57031,0.36389,0.55937,0.33056,0.55859,0.29861,0.58672,0.30139,0.58047,0.24722,0.56953,0.23194,0.56172,0.24306,0.60391,0.29444,0.59766,0.23472,0.58672,0.22222,0.57891,0.24167,0.62031,0.29861,0.61719,0.23889,0.60625,0.23056,0.59922,0.24861,0.63750,0.31111,0.63672,0.26528,0.62813,0.25278,0.62109,0.26389,0.59158,0.66705,0.9998,0.71627,0.74322,0.9595,0.62911,0.41561,0.9982,0.64165,0.33339,0.61719,0.41667,81.76,0.9040,live,0.4564,0.3758,182.12,484.66
167266.253253,80.0,0.4552,3,3,0,0.61562,0.54306,0.58906,0.53194,0.56641,0.49306,0.55391,0.46111,0.54609,0.43472,0.58125,0.44167,0.57812,0.38889,0.57109,0.38472,0.56719,0.40417,0.60000,0.43750,0.59688,0.38056,0.58828,0.38750,0.58437,0.41528,0.61875,0.44306,0.61562,0.38611,0.60625,0.39722,0.60234,0.42361,0.63672,0.45417,0.63516,0.41389,0.62813,0.42500,0.62578,0.44722,0.59140,0.66655,0.9998,0.72204,0.79531,0.9578,0.61800,0.51678,0.9983,0.63644,0.37533,0.61562,0.54306,76.21,0.9558,live,0.4437,0.3859,185.76,481.37
167266.322476,80.0,0.5475,3,3,0,0.59531,0.52917,0.60078,0.54444,0.60156,0.55694,0.59141,0.57083,0.58047,0.58056,0.60313,0.50278,0.58594,0.51250,0.57422,0.54028,0.56641,0.56667,0.59375,0.49444,0.57578,0.50972,0.56406,0.54028,0.55703,0.57222,0.58516,0.49167,0.56875,0.50833,0.56016,0.53889,0.55547,0.56667,0.57812,0.49583,0.56406,0.51111,0.55625,0.53194,0.55234,0.55417,0.60354,0.66441,0.9998,0.73423,0.86533,0.9581,0.61753,0.63914,0.9983,0.62822,0.40609,0.59531,0.52917,27.87,0.8558,live,0.4382,0.2450,108.70,443.68
167266.391217,80.0,0.6391,3,3,0,0.60938,0.72500,0.57969,0.70278,0.55625,0.67361,0.53984,0.65139,0.53125,0.63750,0.58203,0.60694,0.56406,0.57917,0.54766,0.59722,0.53594,0.62083,0.60078,0.61528,0.58437,0.58333,0.56484,0.60833,0.55234,0.63611,0.61797,0.63472,0.60781,0.60556,0.58828,0.62917,0.57422,0.65278,0.63203,0.66389,0.62813,0.65278,0.61562,0.66944,0.60469,0.68611,0.60379,0.67450,0.9999,0.74139,0.90496,0.9590,0.61719,0.72394,0.9981,0.62445,0.46988,0.60938,0.72500,75.10,0.9929,live,0.4142,0.3048,135.51,444.50
167266.455316,80.0,0.7246,3,3,0,0.60625,0.75694,0.57734,0.73611,0.55469,0.70972,0.53906,0.69167,0.52422,0.68056,0.58203,0.63472,0.56094,0.61806,0.54375,0.63472,0.52812,0.65694,0.60000,0.64444,0.58047,0.62500,0.56094,0.65278,0.54688,0.67778,0.61641,0.66944,0.60313,0.64861,0.58359,0.67500,0.56953,0.70000,0.62969,0.70417,0.62500,0.69306,0.61172,0.70972,0.59922,0.72917,0.60471,0.67549,0.9999,0.74043,0.92532,0.9589,0.61789,0.75401,0.9979,0.62081,0.52729,0.60625,0.75694,75.50,0.9979,live,0.4142,0.3897,173.64,445.52
167266.521205,80.0,0.8124,3,3,0,0.60391,0.77083,0.57344,0.75278,0.55078,0.72361,0.53516,0.70278,0.51875,0.68889,0.57656,0.64028,0.55625,0.63333,0.53984,0.64861,0.52500,0.66806,0.59609,0.64722,0.57656,0.64167,0.55625,0.66806,0.54219,0.69306,0.61250,0.67222,0.59766,0.66667,0.57891,0.69167,0.56406,0.71528,0.62500,0.70694,0.61797,0.70972,0.60391,0.72917,0.59141,0.74722,0.60448,0.68425,0.9999,0.74028,0.91275,0.9594,0.61819,0.76910,0.9976,0.61743,0.57600,0.60391,0.77083,80.40,0.9990,live,0.4191,0.4415,198.66,449.95
167266.590344,80.0,0.9046,3,3,0,0.60547,0.77500,0.57422,0.75694,0.55000,0.72778,0.53359,0.70694,0.51875,0.69167,0.57578,0.65000,0.55469,0.63889,0.53906,0.65694,0.52578,0.67778,0.59453,0.65833,0.57500,0.64722,0.55625,0.67917,0.54375,0.70694,0.61094,0.68333,0.59688,0.67361,0.57734,0.70278,0.56406,0.72917,0.62422,0.71667,0.61719,0.71528,0.60234,0.73611,0.59062,0.75417,0.60562,0.68793,0.9999,0.74184,0.91594,0.9599,0.62041,0.77513,0.9973,0.61504,0.61580,0.60547,0.77500,77.41,0.9988,live,0.4342,0.5025,227.00,451.69
167266.655821,80.0,0.9919,3,3,0,0.60625,0.78056,0.57578,0.76111,0.55156,0.73194,0.53438,0.71111,0.52031,0.69583,0.57734,0.65833,0.55547,0.64583,0.53906,0.66389,0.52500,0.68611,0.59531,0.66806,0.57500,0.65556,0.55469,0.68611,0.54141,0.71389,0.61172,0.69167,0.59844,0.67917,0.57891,0.70833,0.56563,0.73472,0.62578,0.72639,0.61953,0.72222,0.60547,0.74306,0.59297,0.76111,0.60672,0.68972,0.9999,0.74349,0.91688,0.9596,0.62552,0.77905,0.9969,0.61328,0.64875,0.60625,0.78056,75.75,0.9986,live,0.4540,0.5443,246.04,452.03
167266.722620,80.0,0.0810,3,1,1,0.61250,0.78750,0.58203,0.76528,0.55703,0.73750,0.53906,0.71667,0.52734,0.70139,0.58281,0.66528,0.56250,0.65278,0.54609,0.66944,0.53203,0.69028,0.60156,0.67361,0.58203,0.65972,0.56328,0.69167,0.55078,0.72083,0.61797,0.69583,0.60547,0.68611,0.58672,0.71528,0.57266,0.74028,0.63125,0.72778,0.62578,0.72917,0.61250,0.75139,0.60000,0.76806,0.60755,0.69245,0.9999,0.74586,0.92733,0.9589,0.63135,0.78147,0.9966,0.61312,0.67650,0.61250,0.78750,76.22,0.9981,live,0.4779,0.5871,265.75,452.67
167266.788407,80.0,0.1687,3,1,1,0.62656,0.78889,0.59688,0.76806,0.57344,0.74028,0.55703,0.72083,0.54531,0.70556,0.59922,0.67778,0.58125,0.65833,0.56563,0.67222,0.55156,0.69167,0.61797,0.68611,0.60313,0.66389,0.58516,0.69028,0.57344,0.71528,0.63438,0.70694,0.62578,0.69028,0.60781,0.71528,0.59609,0.74028,0.64922,0.73611,0.64375,0.73194,0.63125,0.75000,0.62187,0.76528,0.60768,0.69226,0.9999,0.74553,0.92929,0.9575,0.63125,0.78511,0.9964,0.61581,0.69898,0.62656,0.78889,71.62,0.9957,live,0.4982,0.5906,265.74,449.91
167266.856714,80.0,0.2598,3,1,1,0.64609,0.78333,0.61719,0.75972,0.59453,0.73333,0.58281,0.71250,0.59219,0.70417,0.62891,0.65833,0.61328,0.65417,0.60078,0.66806,0.58906,0.68333,0.64844,0.66944,0.63516,0.66806,0.61797,0.68750,0.60469,0.70556,0.66406,0.69444,0.65781,0.69583,0.64453,0.71250,0.63281,0.72917,0.67422,0.72917,0.67422,0.73750,0.66875,0.75000,0.66172,0.75833,0.60788,0.69207,0.9999,0.74673,0.93756,0.9568,0.64984,0.79562,0.9962,0.62187,0.71585,0.64609,0.78333,76.25,0.9978,live,0.4795,0.3941,177.69,450.83
167266.920568,80.0,0.3449,3,1,1,0.68828,0.74306,0.67031,0.73056,0.65312,0.69583,0.63594,0.69444,0.63203,0.70833,0.67500,0.66667,0.66172,0.65139,0.64453,0.67222,0.62969,0.69861,0.69375,0.68194,0.69453,0.65000,0.67734,0.67083,0.66094,0.70000,0.71094,0.70417,0.71641,0.68056,0.70234,0.70417,0.68828,0.73056,0.72500,0.73333,0.73594,0.72639,0.72734,0.74583,0.71719,0.76528,0.61085,0.69495,0.9999,0.75525,0.94066,0.9571,0.69324,0.80149,0.9962,0.63515,0.72129,0.68828,0.74306,57.41,0.9930,live,0.4685,0.4182,183.20,438.06
167266.989364,80.0,0.4366,3,1,1,0.71797,0.77778,0.69219,0.75278,0.67500,0.71528,0.67031,0.69306,0.68437,0.69306,0.71250,0.66944,0.71641,0.63750,0.70781,0.65000,0.70078,0.67361,0.73203,0.68472,0.74844,0.65139,0.73828,0.66250,0.72734,0.68750,0.74687,0.70972,0.76406,0.68333,0.75781,0.69167,0.74922,0.71111,0.75625,0.74167,0.77344,0.72917,0.77422,0.72917,0.77187,0.73750,0.61345,0.69812,0.9999,0.75476,0.94099,0.9572,0.72621,0.80604,0.9958,0.65171,0.73259,0.71797,0.77778,69.89,0.9880,live,0.4685,0.4486,195.50,435.82
167267.057291,80.0,0.5272,3,1,1,0.74687,0.78889,0.72656,0.75278,0.71328,0.71250,0.71719,0.68472,0.73750,0.68472,0.75547,0.66250,0.76328,0.63194,0.75938,0.64583,0.75469,0.67083,0.77500,0.67500,0.79375,0.64583,0.78750,0.65417,0.77969,0.67917,0.78906,0.69444,0.80703,0.67083,0.80469,0.68056,0.80156,0.70139,0.79844,0.72083,0.81250,0.70694,0.81875,0.70556,0.82344,0.71250,0.61340,0.69801,0.9999,0.75004,0.93681,0.9561,0.78188,0.80202,0.9960,0.67075,0.74385,0.74687,0.78889,83.16,0.9763,live,0.4416,0.3193,141.58,443.39
167267.120634,80.0,0.6117,3,1,1,0.77031,0.78333,0.75313,0.74722,0.74531,0.70556,0.75625,0.68611,0.77500,0.68889,0.78906,0.66528,0.80234,0.63889,0.80078,0.65278,0.79609,0.67917,0.81016,0.68194,0.83437,0.65417,0.83359,0.66389,0.82656,0.68750,0.82344,0.70694,0.84609,0.68750,0.84922,0.69722,0.84609,0.71389,0.82969,0.73611,0.84766,0.72361,0.85547,0.72083,0.85859,0.72361,0.61030,0.69791,0.9999,0.74012,0.91319,0.9511,0.79399,0.80244,0.9957,0.69066,0.75175,0.77031,0.78333,83.37,0.9898,live,0.4264,0.3572,160.82,450.21
167267.189079,80.0,0.7029,3,1,1,0.78828,0.78056,0.77266,0.74861,0.76719,0.70972,0.78047,0.69167,0.79922,0.69167,0.80937,0.67500,0.82266,0.64444,0.82500,0.65417,0.82266,0.68194,0.83125,0.69028,0.85078,0.65694,0.85703,0.66806,0.85391,0.69583,0.84688,0.71528,0.86797,0.69028,0.87500,0.70139,0.87109,0.72500,0.85625,0.74444,0.87656,0.73056,0.88516,0.73472,0.88594,0.74861,0.60947,0.69782,0.9999,0.74138,0.90304,0.9501,0.80454,0.80407,0.9957,0.71018,0.75751,0.78828,0.78056,83.68,0.9669,live,0.4131,0.3522,160.76,456.43
167267.253911,80.0,0.7894,3,1,1,0.79922,0.78194,0.78047,0.75278,0.77578,0.71389,0.79063,0.69861,0.81016,0.69583,0.81641,0.68611,0.82969,0.65139,0.83516,0.66250,0.83516,0.69028,0.83906,0.70000,0.85938,0.66250,0.86719,0.67639,0.86484,0.70694,0.85547,0.72361,0.87734,0.69583,0.88594,0.71111,0.88203,0.73889,0.86484,0.75139,0.88750,0.73889,0.89531,0.75000,0.89219,0.76944,0.60675,0.69918,0.9999,0.74451,0.90149,0.9509,0.80456,0.80816,0.9956,0.72799,0.76239,0.79922,0.78194,78.76,0.8791,live,0.4048,0.3671,168.26,458.37
167267.324032,80.0,0.8829,3,1,1,0.80078,0.78056,0.78281,0.75278,0.77734,0.71389,0.79141,0.70139,0.81016,0.69722,0.81875,0.68194,0.83203,0.65139,0.83672,0.66528,0.83672,0.69306,0.84062,0.69722,0.86172,0.66250,0.86797,0.68194,0.86719,0.71250,0.85625,0.72083,0.87891,0.69583,0.88672,0.71250,0.88359,0.74028,0.86641,0.75000,0.88906,0.74028,0.89766,0.75278,0.89609,0.77222,0.60862,0.70253,0.9999,0.75074,0.90197,0.9487,0.80232,0.80842,0.9956,0.74255,0.76603,0.80078,0.78056,79.61,0.9032,live,0.3981,0.3674,169.25,460.69
167267.392656,80.0,0.9744,3,1,1,0.80078,0.77778,0.78125,0.75278,0.77500,0.71667,0.78750,0.70139,0.80703,0.69444,0.81641,0.68194,0.82891,0.65278,0.83359,0.66667,0.83516,0.69444,0.83828,0.69722,0.85859,0.66111,0.86562,0.67917,0.86484,0.70972,0.85469,0.71944,0.87578,0.69167,0.88359,0.70694,0.88047,0.73194,0.86406,0.74583,0.88594,0.73472,0.89453,0.74444,0.89375,0.76389,0.60904,0.70120,0.9999,0.75071,0.89804,0.9464,0.80177,0.81271,0.9954,0.75420,0.76838,0.80078,0.77778,76.93,0.9240,live,0.3981,0.3766,173.55,460.79
167267.453424,80.0,0.0554,3,2,0,0.79844,0.76806,0.77812,0.74444,0.77109,0.70694,0.78203,0.69028,0.80156,0.68750,0.81016,0.67639,0.82266,0.64306,0.82656,0.65556,0.82578,0.68333,0.83203,0.69028,0.85313,0.65139,0.85859,0.66944,0.85547,0.70000,0.84922,0.71250,0.87031,0.68194,0.87656,0.69722,0.87187,0.72500,0.85938,0.73889,0.88047,0.72361,0.88906,0.73472,0.88828,0.75556,0.60791,0.70022,0.9999,0.75057,0.89306,0.9460,0.80197,0.81268,0.9955,0.76304,0.76831,0.79844,0.76806,74.12,0.9143,live,0.3981,0.4023,184.62,458.87
167267.524790,80.0,0.1505,3,2,0,0.79141,0.75556,0.77266,0.72917,0.76484,0.69167,0.77422,0.67222,0.79063,0.66250,0.80312,0.65000,0.81172,0.61806,0.81406,0.63056,0.81563,0.65694,0.82500,0.66389,0.84297,0.62639,0.84688,0.64167,0.84531,0.67083,0.84141,0.68611,0.86016,0.65833,0.86562,0.67500,0.86250,0.70139,0.85156,0.71528,0.87031,0.70000,0.87734,0.71111,0.87578,0.73056,0.60795,0.69942,0.9999,0.75051,0.88542,0.9481,0.80011,0.80367,0.9957,0.76872,0.76576,0.79141,0.75556,79.08,0.9623,live,0.3858,0.3298,151.96,460.74
167267.591600,80.0,0.2396,3,2,0,0.78906,0.71667,0.76875,0.69306,0.75938,0.65694,0.76641,0.63889,0.77734,0.62778,0.79063,0.60556,0.79531,0.56667,0.80000,0.57639,0.80234,0.60278,0.81172,0.61528,0.82500,0.57083,0.83047,0.58472,0.83125,0.61389,0.82812,0.63472,0.84375,0.60000,0.85000,0.61528,0.84688,0.64444,0.84062,0.66111,0.85703,0.64444,0.86328,0.65556,0.86250,0.67639,0.60893,0.69568,0.9999,0.76115,0.87853,0.9501,0.79927,0.73093,0.9958,0.77279,0.75594,0.78906,0.71667,77.81,0.9414,live,0.3677,0.2856,131.80,461.47
167267.657396,80.0,0.3273,3,2,0,0.76641,0.64722,0.74297,0.61111,0.73047,0.56528,0.73438,0.53611,0.74687,0.52083,0.76484,0.51250,0.77031,0.46667,0.77187,0.48194,0.77187,0.50972,0.78750,0.52361,0.79844,0.46806,0.79844,0.48611,0.79688,0.51944,0.80625,0.54167,0.81641,0.49861,0.81797,0.51111,0.81563,0.53889,0.82188,0.56944,0.83203,0.53889,0.83281,0.54444,0.82969,0.56250,0.60969,0.69565,0.9999,0.77263,0.86654,0.9512,0.79435,0.64800,0.9960,0.77151,0.73420,0.76641,0.64722,91.04,0.9689,live,0.3428,0.2289,107.96,471.65
167267.719546,80.0,0.4102,3,2,0,0.74375,0.55000,0.72031,0.51806,0.70703,0.47639,0.70781,0.44167,0.71406,0.41389,0.73438,0.41806,0.73203,0.37083,0.73281,0.36389,0.73281,0.37778,0.75391,0.41944,0.75938,0.36806,0.75938,0.36667,0.75703,0.38750,0.77187,0.43333,0.77891,0.38750,0.77734,0.38056,0.77109,0.39583,0.78750,0.45694,0.79688,0.42500,0.79453,0.41389,0.78672,0.41667,0.60825,0.68979,0.9999,0.78132,0.81870,0.9535,0.76920,0.53749,0.9963,0.76596,0.69736,0.74375,0.55000,87.88,0.9720,live,0.3250,0.2444,116.90,478.32
167267.791137,80.0,0.5057,3,2,0,0.72969,0.49583,0.70234,0.44167,0.69063,0.39167,0.69063,0.34861,0.69219,0.31389,0.71484,0.35833,0.71016,0.31389,0.70469,0.28611,0.69922,0.26250,0.73125,0.35694,0.73125,0.31389,0.72578,0.28333,0.72031,0.25833,0.74531,0.36389,0.74844,0.32639,0.74375,0.29583,0.73828,0.26944,0.75859,0.37778,0.76484,0.34583,0.76406,0.32222,0.76016,0.30139,0.60422,0.67870,0.9999,0.77986,0.75593,0.9546,0.73699,0.44272,0.9966,0.75870,0.65705,0.72969,0.49583,87.81,0.8147,live,0.3032,0.2036,98.55,484.15
167267.859154,80.0,0.5964,3,2,0,0.69609,0.35972,0.66875,0.33333,0.65312,0.28889,0.65156,0.24444,0.65312,0.20972,0.67578,0.24444,0.66797,0.19861,0.66094,0.17639,0.65391,0.15972,0.69219,0.23750,0.69063,0.18611,0.68437,0.16111,0.67578,0.14583,0.70781,0.24167,0.70859,0.19167,0.70234,0.16806,0.69375,0.15556,0.72344,0.25278,0.72656,0.21250,0.72188,0.19028,0.71328,0.17778,0.60122,0.66893,0.9999,0.76983,0.67329,0.9560,0.71028,0.35165,0.9969,0.74618,0.59759,0.69609,0.35972,80.25,0.9552,live,0.2966,0.2664,128.92,483.83
167267.919728,80.0,0.6771,3,2,0,0.68047,0.31806,0.65312,0.27639,0.63828,0.23333,0.63594,0.19306,0.63672,0.15833,0.65859,0.18889,0.65000,0.15000,0.64297,0.12639,0.63594,0.10417,0.67266,0.18194,0.66875,0.13889,0.66328,0.10972,0.65703,0.08611,0.68672,0.18472,0.68437,0.14306,0.67891,0.11528,0.67109,0.09444,0.70156,0.19583,0.70391,0.15833,0.70000,0.13750,0.69219,0.12083,0.60085,0.66857,0.9999,0.75873,0.62601,0.9586,0.68551,0.28670,0.9972,0.73304,0.54168,0.68047,0.31806,85.73,0.9354,live,0.3063,0.3507,170.97,487.49
167267.987429,80.0,0.7674,3,2,0,0.67031,0.27639,0.63984,0.23750,0.62578,0.19583,0.62187,0.15556,0.62344,0.12222,0.64531,0.15417,0.63750,0.11667,0.62891,0.09444,0.62187,0.07222,0.65859,0.14444,0.65391,0.10139,0.64609,0.07500,0.63750,0.05417,0.67188,0.14444,0.67031,0.10000,0.66250,0.07500,0.65234,0.05833,0.68594,0.15139,0.68672,0.11111,0.67969,0.09028,0.66953,0.07639,0.60084,0.66862,0.9999,0.74681,0.58058,0.9601,0.67117,0.25935,0.9974,0.72049,0.48862,0.67031,0.27639,83.51,0.9260,live,0.3293,0.4339,212.25,489.12
167268.051970,80.0,0.8534,3,2,0,0.65938,0.24583,0.63281,0.22222,0.61719,0.18056,0.61406,0.14028,0.61484,0.10833,0.63594,0.13611,0.62891,0.10139,0.62109,0.08056,0.61250,0.06389,0.65000,0.12639,0.64453,0.08333,0.63672,0.05972,0.62734,0.04444,0.66250,0.12500,0.66094,0.08056,0.65234,0.05833,0.64219,0.04583,0.67656,0.13194,0.67656,0.09444,0.66875,0.07500,0.65781,0.06528,0.60264,0.66345,0.9999,0.73336,0.56245,0.9617,0.66832,0.24218,0.9976,0.70827,0.44006,0.65938,0.24583,77.08,0.9726,live,0.3628,0.5152,250.35,485.93
167268.119788,80.0,0.9439,3,2,0,0.65078,0.24167,0.62578,0.21667,0.61094,0.17639,0.60781,0.14028,0.60859,0.11111,0.63125,0.13472,0.62344,0.10139,0.61562,0.08333,0.60781,0.06806,0.64375,0.12639,0.63750,0.08472,0.62969,0.06250,0.62031,0.04722,0.65625,0.12639,0.65312,0.08333,0.64609,0.06111,0.63594,0.04722,0.66953,0.13194,0.66953,0.09583,0.66250,0.07639,0.65312,0.06528,0.59938,0.65926,0.9999,0.72716,0.55562,0.9631,0.65935,0.24401,0.9978,0.69677,0.40039,0.65078,0.24167,74.01,0.9669,live,0.4024,0.5832,280.49,480.90
167268.192128,80.0,0.0403,3,3,0,0.64844,0.24583,0.62266,0.22500,0.60781,0.18750,0.60391,0.15139,0.60547,0.12083,0.62656,0.14583,0.61875,0.11389,0.61094,0.09444,0.60391,0.07778,0.63984,0.13611,0.63359,0.09583,0.62500,0.07222,0.61641,0.05694,0.65234,0.13333,0.64844,0.09028,0.63984,0.06944,0.63047,0.05694,0.66641,0.13750,0.66484,0.10139,0.65703,0.08333,0.64687,0.07361,0.59944,0.66469,0.9999,0.72806,0.56994,0.9632,0.65703,0.24752,0.9979,0.68711,0.36947,0.64844,0.24583,72.42,0.9745,live,0.4375,0.5974,283.96,475.34
167268.255445,80.0,0.1247,3,3,0,0.64531,0.26250,0.61953,0.24167,0.60547,0.20556,0.60156,0.16806,0.60078,0.13750,0.62500,0.16111,0.61641,0.12639,0.60781,0.10694,0.59922,0.09306,0.63750,0.15278,0.63125,0.11111,0.62344,0.08750,0.61406,0.07083,0.65078,0.15139,0.64687,0.10833,0.63828,0.08611,0.62813,0.07361,0.66406,0.15694,0.66328,0.11806,0.65469,0.10139,0.64453,0.09306,0.59831,0.66308,0.9999,0.72595,0.57932,0.9635,0.65817,0.26278,0.9981,0.67875,0.34808,0.64531,0.26250,71.73,0.9769,live,0.4746,0.6433,302.30,469.94
167268.325208,80.0,0.2178,3,3,0,0.64141,0.29306,0.61641,0.27500,0.60078,0.23750,0.59609,0.20139,0.59609,0.17083,0.62031,0.19028,0.61250,0.15417,0.60313,0.13472,0.59375,0.12083,0.63359,0.18056,0.62734,0.13611,0.61797,0.11528,0.60859,0.10278,0.64687,0.18056,0.64375,0.13333,0.63438,0.11250,0.62422,0.10278,0.66172,0.18611,0.66016,0.14583,0.65234,0.12778,0.64219,0.12083,0.59585,0.66883,0.9999,0.72431,0.61025,0.9631,0.65361,0.28822,0.9982,0.67128,0.33707,0.64141,0.29306,73.69,0.9734,live,0.4879,0.5489,256.12,466.60
167268.392609,80.0,0.3076,3,3,0,0.63672,0.33750,0.61094,0.32639,0.59297,0.28889,0.58672,0.25139,0.58672,0.22222,0.61250,0.23611,0.60391,0.19583,0.59297,0.17917,0.58359,0.17500,0.62656,0.22500,0.62031,0.17500,0.61016,0.15833,0.60078,0.16250,0.64141,0.22500,0.63828,0.17222,0.62734,0.15694,0.61641,0.16389,0.65625,0.23472,0.65469,0.19167,0.64609,0.17917,0.63594,0.18472,0.59449,0.67055,0.9998,0.72483,0.65622,0.9644,0.64583,0.33944,0.9984,0.66437,0.33716,0.63672,0.33750,73.87,0.8760,live,0.4879,0.4632,214.82,463.79
167268.458591,80.0,0.3956,3,3,0,0.63672,0.33750,0.61094,0.32639,0.59297,0.28889,0.58672,0.25139,0.58672,0.22222,0.61250,0.23611,0.60391,0.19583,0.59297,0.17917,0.58359,0.17500,0.62656,0.22500,0.62031,0.17500,0.61016,0.15833,0.60078,0.16250,0.64141,0.22500,0.63828,0.17222,0.62734,0.15694,0.61641,0.16389,0.65625,0.23472,0.65469,0.19167,0.64609,0.17917,0.63594,0.18472,0.59444,0.67525,0.9998,0.72495,0.73665,0.9656,0.64410,0.42519,0.9985,0.66437,0.33716,0.63672,0.33750,73.87,0.5256,hold,0.4879,0.4632,214.82,463.79
167268.523463,80.0,0.4821,3,3,0,0.63203,0.55972,0.60625,0.54444,0.58516,0.50556,0.57422,0.47361,0.57344,0.44583,0.59844,0.44306,0.58828,0.38750,0.57891,0.40139,0.57734,0.43194,0.61562,0.44028,0.61094,0.38056,0.60078,0.40278,0.59922,0.43889,0.63281,0.44722,0.62891,0.39028,0.61875,0.41389,0.61719,0.44861,0.65156,0.45972,0.64687,0.42083,0.63828,0.43611,0.63594,0.46528,0.59373,0.67523,0.9998,0.73059,0.81415,0.9660,0.64265,0.55382,0.9986,0.65790,0.38167,0.63203,0.55972,82.04,0.9892,live,0.4523,0.2897,135.37,467.21
167268.590348,80.0,0.5713,3,3,0,0.63516,0.69167,0.60938,0.67778,0.58828,0.64444,0.57500,0.62083,0.56953,0.59444,0.59922,0.57778,0.58437,0.54583,0.57812,0.57222,0.57812,0.60278,0.61953,0.57639,0.61016,0.53472,0.60000,0.56944,0.59766,0.61111,0.64062,0.58750,0.63359,0.55278,0.62187,0.58750,0.61797,0.62361,0.65938,0.61111,0.65391,0.60556,0.64609,0.63194,0.64375,0.65694,0.60086,0.64191,0.9998,0.73512,0.86732,0.9644,0.64306,0.67744,0.9983,0.65335,0.44367,0.63516,0.69167,81.45,0.9953,live,0.4107,0.2215,104.08,469.79
167268.655216,80.0,0.6578,3,3,0,0.61016,0.62778,0.62734,0.66528,0.64062,0.70139,0.64375,0.72917,0.64062,0.74306,0.63516,0.66944,0.63203,0.70278,0.62344,0.72639,0.61562,0.74306,0.61641,0.65694,0.60938,0.69306,0.60000,0.72222,0.59375,0.74306,0.59844,0.65139,0.58984,0.68333,0.58203,0.71250,0.57734,0.73333,0.58437,0.65139,0.57500,0.68333,0.57031,0.70972,0.56875,0.73056,0.60411,0.66870,0.9999,0.74292,0.90593,0.9645,0.64332,0.77382,0.9979,0.61016,0.62778,0.61016,0.62778,42.44,0.5428,live,0.4079,0.2134,94.76,443.97
167268.722811,80.0,0.7479,3,3,0,0.63047,0.81111,0.60625,0.80139,0.58594,0.79028,0.57188,0.78333,0.56563,0.77500,0.60859,0.71250,0.58984,0.71250,0.57656,0.74167,0.56797,0.76806,0.62969,0.72361,0.61406,0.72500,0.59688,0.76111,0.58594,0.78750,0.64687,0.74861,0.63828,0.75278,0.62031,0.78750,0.60781,0.81389,0.65938,0.78333,0.65469,0.79167,0.64219,0.81528,0.63125,0.83194,0.60824,0.68449,0.9998,0.74237,0.93047,0.9598,0.64468,0.82208,0.9967,0.64877,0.51716,0.63047,0.81111,66.00,0.9985,live,0.4052,0.3164,138.63,438.21
167268.785797,80.0,0.8319,3,3,0,0.63438,0.83889,0.60781,0.82500,0.58672,0.80694,0.57031,0.79722,0.56172,0.78611,0.61094,0.72639,0.58984,0.72639,0.57422,0.75417,0.56250,0.78194,0.63125,0.73611,0.61250,0.73889,0.59531,0.77639,0.58359,0.80694,0.64766,0.76111,0.63672,0.76806,0.61953,0.80278,0.60625,0.83194,0.65938,0.79722,0.65312,0.80972,0.63906,0.83889,0.62734,0.86111,0.60930,0.69053,0.9998,0.74205,0.93143,0.9573,0.65114,0.83046,0.9963,0.64589,0.58151,0.63438,0.83889,71.16,0.9954,live,0.4052,0.4206,183.73,436.86
167268.858795,80.0,0.9292,3,3,0,0.63359,0.83333,0.60625,0.81944,0.58359,0.80139,0.56641,0.79028,0.56250,0.77917,0.60625,0.72222,0.58594,0.72361,0.57344,0.75139,0.56484,0.77917,0.62734,0.73194,0.61250,0.73333,0.59453,0.77083,0.58359,0.80139,0.64453,0.75694,0.63516,0.76389,0.61797,0.80139,0.60547,0.83056,0.65625,0.79167,0.65078,0.80556,0.63828,0.83472,0.62813,0.85694,0.60927,0.69899,0.9998,0.74180,0.93087,0.9564,0.65403,0.83956,0.9958,0.64343,0.63187,0.63359,0.83333,70.92,0.9984,live,0.4028,0.4942,215.22,435.50
167268.921716,80.0,0.0131,3,1,1,0.63984,0.83611,0.61016,0.82083,0.58672,0.80000,0.56875,0.78611,0.56406,0.77500,0.60938,0.72083,0.58906,0.71667,0.57422,0.74167,0.56328,0.76528,0.63047,0.73056,0.61328,0.72778,0.59531,0.76389,0.58359,0.79167,0.64687,0.75556,0.63750,0.75833,0.61875,0.79306,0.60547,0.82083,0.66016,0.78750,0.65391,0.79861,0.63984,0.82639,0.62813,0.84722,0.60920,0.69794,0.9998,0.73883,0.92962,0.9548,0.65428,0.83231,0.9954,0.64272,0.67272,0.63984,0.83611,73.26,0.9980,live,0.4312,0.5606,244.41,435.99
167268.987752,80.0,0.1012,3,1,1,0.64375,0.83750,0.61328,0.82222,0.58984,0.79861,0.57266,0.78333,0.56484,0.76528,0.61172,0.72361,0.59297,0.71389,0.57891,0.73889,0.56797,0.76250,0.63203,0.73194,0.61641,0.72361,0.59922,0.75972,0.58828,0.78889,0.65000,0.75417,0.64062,0.75000,0.62266,0.78611,0.61016,0.81528,0.66484,0.78472,0.65859,0.79167,0.64453,0.81944,0.63281,0.84028,0.60975,0.69835,0.9998,0.73656,0.93543,0.9527,0.65575,0.82540,0.9950,0.64292,0.70568,0.64375,0.83750,74.19,0.9955,live,0.4635,0.6103,266.77,437.09
167269.058865,80.0,0.1960,3,1,1,0.64844,0.83750,0.61797,0.81944,0.59453,0.79306,0.57812,0.77500,0.57734,0.75833,0.61875,0.71528,0.60156,0.70694,0.58828,0.72778,0.57734,0.75139,0.63906,0.72361,0.62344,0.71667,0.60703,0.75139,0.59766,0.78333,0.65781,0.74583,0.64687,0.74583,0.63047,0.77917,0.61875,0.80833,0.67188,0.77778,0.66563,0.78611,0.65234,0.81111,0.64219,0.83056,0.60899,0.69791,0.9998,0.73651,0.93167,0.9505,0.65577,0.82012,0.9945,0.64403,0.73204,0.64844,0.83750,78.17,0.9986,live,0.4833,0.5738,253.01,440.92
167269.122146,80.0,0.2803,3,1,1,0.65469,0.82917,0.62578,0.80972,0.60234,0.78472,0.58828,0.76528,0.59531,0.75556,0.63359,0.70833,0.61875,0.70139,0.60625,0.72083,0.59531,0.74306,0.65469,0.71944,0.64297,0.71389,0.62578,0.74306,0.61484,0.77222,0.67188,0.74583,0.66484,0.73889,0.64766,0.76806,0.63438,0.79722,0.68437,0.78056,0.68203,0.78056,0.66953,0.80278,0.65781,0.82222,0.60910,0.69742,0.9998,0.74044,0.93018,0.9506,0.66160,0.82863,0.9940,0.64616,0.75147,0.65469,0.82917,76.25,0.9990,live,0.5048,0.6027,266.96,442.91
167269.189922,80.0,0.3707,3,1,1,0.67188,0.82083,0.64687,0.80278,0.62500,0.77500,0.61406,0.75278,0.62656,0.74722,0.65703,0.70833,0.65000,0.69722,0.64062,0.71528,0.63359,0.73889,0.67969,0.71944,0.67734,0.70694,0.66328,0.72917,0.65234,0.75833,0.69688,0.74306,0.69766,0.73889,0.68281,0.76389,0.67031,0.78750,0.70781,0.77361,0.71172,0.78333,0.70625,0.80000,0.69922,0.81250,0.61387,0.69888,0.9998,0.74602,0.94958,0.9509,0.69084,0.83964,0.9940,0.65130,0.76534,0.67188,0.82083,73.57,0.9887,live,0.5048,0.5240,232.00,442.74
167269.255918,80.0,0.4587,3,1,1,0.72813,0.78333,0.71016,0.75694,0.70000,0.72639,0.68281,0.72639,0.66875,0.73750,0.72344,0.71944,0.72578,0.71111,0.71406,0.72917,0.70469,0.74444,0.73984,0.74722,0.75078,0.73333,0.73828,0.75278,0.72656,0.76806,0.75313,0.77500,0.76328,0.76528,0.75234,0.78333,0.74141,0.79583,0.76328,0.80139,0.76953,0.79722,0.76250,0.81250,0.75391,0.82361,0.61098,0.69878,0.9998,0.74375,0.94766,0.9526,0.71535,0.84076,0.9942,0.66667,0.76894,0.72813,0.78333,50.31,0.8555,live,0.4917,0.4318,183.85,425.83
167269.323825,80.0,0.5493,3,1,1,0.74922,0.77639,0.72656,0.75972,0.72500,0.74167,0.72578,0.73889,0.73359,0.74583,0.76797,0.72361,0.78984,0.70000,0.78516,0.71528,0.77422,0.73611,0.78750,0.75000,0.81719,0.72639,0.81094,0.74306,0.79766,0.76528,0.80000,0.77778,0.82969,0.75972,0.82891,0.77361,0.81406,0.79028,0.80703,0.80833,0.83047,0.79583,0.83359,0.80417,0.82500,0.81389,0.60863,0.70004,0.9998,0.72677,0.92801,0.9442,0.76689,0.83258,0.9941,0.68318,0.77043,0.74922,0.77639,63.47,0.9454,live,0.4655,0.3462,145.55,420.43
167269.393530,80.0,0.6422,3,1,1,0.77187,0.83472,0.75625,0.79583,0.75469,0.75278,0.77109,0.73333,0.79297,0.73333,0.79688,0.71667,0.80937,0.68472,0.81484,0.70278,0.81641,0.73472,0.81875,0.73611,0.83828,0.70278,0.84453,0.72083,0.84219,0.74861,0.83359,0.76250,0.85234,0.73750,0.86094,0.75278,0.85938,0.77639,0.84062,0.79306,0.85938,0.78333,0.86875,0.79306,0.87031,0.80972,0.60466,0.69911,0.9998,0.72464,0.92050,0.9392,0.79055,0.83152,0.9939,0.70092,0.78329,0.77187,0.83472,88.81,0.9188,live,0.4365,0.3043,132.04,433.92
167269.455343,80.0,0.7246,3,1,1,0.78594,0.80833,0.77344,0.76944,0.77266,0.72639,0.79375,0.71389,0.81484,0.72222,0.81250,0.69722,0.83437,0.68194,0.84297,0.69722,0.84531,0.72361,0.83203,0.71528,0.85781,0.69861,0.86641,0.71250,0.86875,0.73472,0.84297,0.73750,0.86719,0.72639,0.87500,0.73889,0.87578,0.75556,0.84844,0.76528,0.86719,0.75417,0.87578,0.75556,0.87891,0.76389,0.60336,0.70349,0.9999,0.73123,0.92061,0.9411,0.81724,0.82004,0.9941,0.71792,0.78830,0.78594,0.80833,82.30,0.9662,live,0.4184,0.3359,148.16,441.11
167269.521060,80.0,0.8122,3,1,1,0.80000,0.80833,0.78438,0.77083,0.78516,0.72778,0.80469,0.71528,0.82500,0.71528,0.82891,0.70139,0.84609,0.67500,0.85156,0.68889,0.85000,0.71667,0.85000,0.71944,0.87187,0.68889,0.87891,0.70278,0.87656,0.73194,0.86406,0.74444,0.88750,0.72222,0.89609,0.73611,0.89375,0.76250,0.87031,0.77361,0.89219,0.76528,0.90234,0.76944,0.90312,0.78333,0.60343,0.70365,0.9999,0.73123,0.91716,0.9390,0.81200,0.81978,0.9938,0.73434,0.79230,0.80000,0.80833,85.90,0.9686,live,0.4013,0.3233,145.49,450.02
167269.588233,80.0,0.9018,3,1,1,0.80469,0.80417,0.78750,0.76806,0.78672,0.72778,0.80625,0.71528,0.82734,0.71528,0.82969,0.69861,0.84531,0.67361,0.85156,0.69028,0.85313,0.71806,0.85234,0.71528,0.87500,0.68472,0.88203,0.70417,0.87969,0.73472,0.86719,0.74028,0.89141,0.71944,0.90078,0.73750,0.89766,0.76528,0.87500,0.76944,0.89766,0.76111,0.90625,0.77361,0.90469,0.79167,0.60358,0.70461,0.9999,0.73308,0.91686,0.9379,0.80853,0.81944,0.9940,0.74841,0.79468,0.80469,0.80417,85.38,0.9551,live,0.3845,0.3082,141.01,457.49
167269.656084,80.0,0.9923,3,1,1,0.80391,0.79722,0.78750,0.76389,0.78750,0.72361,0.80625,0.71111,0.82734,0.71250,0.82812,0.69722,0.84609,0.66806,0.85156,0.68194,0.85234,0.70833,0.85000,0.71389,0.87266,0.67917,0.87969,0.69722,0.87813,0.72639,0.86484,0.73889,0.88906,0.71389,0.89844,0.73194,0.89531,0.75833,0.87266,0.76667,0.89609,0.75833,0.90625,0.76806,0.90547,0.78611,0.60359,0.70424,0.9999,0.73324,0.90154,0.9380,0.80875,0.80722,0.9941,0.75951,0.79519,0.80391,0.79722,82.27,0.9443,live,0.3756,0.3349,154.65,461.82
167269.723454,80.0,0.0821,3,2,0,0.80234,0.79583,0.78516,0.76528,0.78359,0.72500,0.80156,0.71250,0.82266,0.70833,0.82656,0.69583,0.84297,0.66667,0.84844,0.68194,0.84844,0.70972,0.84844,0.71250,0.87031,0.67778,0.87734,0.69583,0.87578,0.72639,0.86250,0.73611,0.88672,0.71250,0.89531,0.72917,0.89219,0.75556,0.87109,0.76528,0.89453,0.75833,0.90391,0.76944,0.90312,0.78750,0.60361,0.70261,0.9999,0.73594,0.90143,0.9397,0.80741,0.80544,0.9944,0.76807,0.79532,0.80234,0.79583,82.27,0.9291,live,0.3663,0.3243,151.02,465.64
167269.792647,80.0,0.1743,3,2,0,0.79844,0.79167,0.77969,0.75833,0.77812,0.71667,0.79688,0.70417,0.81641,0.70139,0.81953,0.69306,0.83672,0.66250,0.84219,0.67639,0.84297,0.70278,0.84219,0.70972,0.86484,0.67361,0.87187,0.69028,0.87031,0.72083,0.85625,0.73333,0.88125,0.70833,0.88984,0.72361,0.88672,0.75000,0.86484,0.76111,0.88828,0.75278,0.89844,0.76111,0.89844,0.77917,0.60519,0.70364,0.9999,0.74303,0.90905,0.9427,0.80569,0.80567,0.9946,0.77415,0.79459,0.79844,0.79167,80.26,0.9245,live,0.3539,0.2970,138.88,467.55
167269.858208,80.0,0.2618,3,2,0,0.79141,0.78056,0.77187,0.75000,0.76875,0.70833,0.78359,0.69444,0.80312,0.68750,0.80937,0.67361,0.82109,0.64583,0.82812,0.65833,0.83047,0.68611,0.83203,0.68889,0.85156,0.65417,0.85938,0.67222,0.85781,0.70278,0.84766,0.71250,0.86953,0.68750,0.87891,0.70556,0.87500,0.73472,0.85625,0.74167,0.87813,0.72917,0.88750,0.74167,0.88672,0.76111,0.60534,0.70374,0.9999,0.74331,0.90727,0.9434,0.80438,0.80579,0.9948,0.77760,0.79178,0.79141,0.78056,82.36,0.9406,live,0.3369,0.2595,122.18,470.74
167269.922112,80.0,0.3470,3,2,0,0.77891,0.74583,0.76250,0.71806,0.75781,0.68194,0.76797,0.66528,0.77969,0.65417,0.79141,0.63472,0.79922,0.59861,0.80234,0.61111,0.80547,0.63750,0.81172,0.64722,0.82812,0.60833,0.83437,0.62361,0.83437,0.65278,0.82734,0.66806,0.84688,0.64028,0.85469,0.65556,0.85313,0.68194,0.83828,0.69722,0.85859,0.68889,0.86484,0.70000,0.86250,0.71667,0.60564,0.69952,0.9999,0.74577,0.88717,0.9453,0.79634,0.74583,0.9950,0.77786,0.78259,0.77891,0.74583,80.69,0.9238,live,0.3229,0.2594,122.51,472.35
167269.988168,80.0,0.4350,3,2,0,0.75391,0.67917,0.73125,0.64167,0.71953,0.59444,0.72344,0.56250,0.73750,0.55139,0.75156,0.54444,0.75547,0.49722,0.75938,0.51528,0.76328,0.54306,0.77578,0.55556,0.78672,0.50278,0.79063,0.52500,0.79063,0.55833,0.79531,0.57361,0.80547,0.53056,0.81016,0.55000,0.81094,0.57917,0.81250,0.60139,0.82188,0.57500,0.82422,0.58611,0.82422,0.60417,0.60749,0.69595,0.9999,0.76724,0.87908,0.9476,0.77720,0.67602,0.9953,0.77307,0.76191,0.75391,0.67917,93.02,0.9675,live,0.3026,0.2101,101.38,482.64
167270.055043,80.0,0.5242,3,2,0,0.72422,0.57917,0.70000,0.55139,0.68594,0.50833,0.68594,0.47222,0.69766,0.45417,0.71406,0.44444,0.71484,0.39861,0.71484,0.39861,0.71406,0.42222,0.73594,0.44722,0.74219,0.39167,0.74219,0.40000,0.73906,0.42917,0.75469,0.46111,0.76328,0.41250,0.76250,0.41667,0.75781,0.44444,0.77187,0.48472,0.78125,0.45139,0.77969,0.45139,0.77500,0.47083,0.60748,0.68801,0.9999,0.77677,0.83422,0.9508,0.75097,0.57342,0.9957,0.76330,0.72536,0.72422,0.57917,91.22,0.9829,live,0.2818,0.1872,91.78,490.40
167270.124229,80.0,0.6165,3,2,0,0.69844,0.48194,0.67109,0.45139,0.65469,0.40556,0.65234,0.36528,0.65938,0.33333,0.68203,0.35278,0.67812,0.30556,0.67109,0.28333,0.66328,0.27917,0.70156,0.35139,0.70469,0.30000,0.69922,0.28056,0.68984,0.28472,0.71953,0.36111,0.72500,0.31250,0.71953,0.29167,0.70859,0.29444,0.73594,0.38194,0.74453,0.34167,0.74062,0.32083,0.73047,0.31944,0.60622,0.68074,0.9999,0.77307,0.78693,0.9539,0.71967,0.47962,0.9961,0.75033,0.67668,0.69844,0.48194,87.02,0.9256,live,0.2651,0.1889,93.37,494.21
167270.190640,80.0,0.7050,3,2,0,0.67969,0.42917,0.65156,0.37500,0.63672,0.32639,0.63594,0.28472,0.64062,0.25417,0.66016,0.28472,0.65312,0.24722,0.64687,0.22222,0.64141,0.19861,0.67500,0.28194,0.67500,0.24028,0.67109,0.21389,0.66641,0.19306,0.68984,0.28750,0.69141,0.24722,0.68672,0.21944,0.67969,0.20000,0.70625,0.30139,0.71094,0.26389,0.70703,0.24167,0.70000,0.22500,0.60209,0.67373,0.9999,0.76404,0.70409,0.9562,0.68388,0.39276,0.9964,0.73620,0.62717,0.67969,0.42917,92.86,0.9503,live,0.2651,0.2636,132.29,501.76
167270.258204,80.0,0.7951,3,2,0,0.66719,0.37222,0.63594,0.32222,0.62187,0.27500,0.61953,0.22917,0.62187,0.19444,0.64219,0.23056,0.63359,0.18889,0.62813,0.16389,0.62344,0.13750,0.65625,0.22500,0.65391,0.18333,0.65156,0.15417,0.64844,0.12778,0.67031,0.22917,0.67031,0.18889,0.66641,0.15972,0.66094,0.13472,0.68672,0.24028,0.68906,0.20417,0.68516,0.18333,0.67891,0.16528,0.59731,0.67375,0.9999,0.74532,0.65267,0.9585,0.66550,0.34370,0.9968,0.72240,0.57618,0.66719,0.37222,92.37,0.9580,live,0.2787,0.3405,173.01,508.05
167270.323229,80.0,0.8818,3,2,0,0.65625,0.32778,0.62422,0.28056,0.60938,0.23472,0.60625,0.19028,0.60859,0.15694,0.62969,0.19167,0.62266,0.15139,0.61406,0.12778,0.60625,0.10417,0.64375,0.18333,0.63984,0.13750,0.63203,0.10833,0.62266,0.08750,0.65859,0.18333,0.65781,0.13889,0.65078,0.11250,0.63984,0.09722,0.67422,0.19306,0.67578,0.15139,0.67031,0.13056,0.66094,0.11806,0.59741,0.66937,0.9999,0.74051,0.63059,0.9609,0.65534,0.31167,0.9971,0.70917,0.52650,0.65625,0.32778,91.41,0.9732,live,0.3031,0.4145,212.58,512.90
167270.394301,80.0,0.9766,3,2,0,0.64922,0.30694,0.61797,0.26389,0.60391,0.22222,0.60234,0.18194,0.60391,0.15000,0.62500,0.18750,0.61953,0.15556,0.61641,0.13333,0.61328,0.11111,0.63906,0.17917,0.63594,0.14444,0.63281,0.12083,0.62891,0.10000,0.65234,0.17917,0.65156,0.14583,0.64766,0.11944,0.64219,0.09722,0.66719,0.18611,0.66641,0.15000,0.66250,0.13056,0.65703,0.11389,0.59454,0.67138,0.9999,0.73218,0.61344,0.9635,0.65153,0.29464,0.9973,0.69718,0.48259,0.64922,0.30694,82.08,0.9685,live,0.3351,0.4808,245.40,510.46
167270.457136,80.0,0.0603,3,3,0,0.64062,0.28889,0.61328,0.26528,0.59844,0.22083,0.59688,0.18056,0.59688,0.14722,0.61953,0.17222,0.61250,0.13611,0.60391,0.11528,0.59453,0.10139,0.63359,0.16528,0.62891,0.12222,0.61953,0.10000,0.61016,0.08611,0.64766,0.16806,0.64531,0.12222,0.63750,0.10139,0.62813,0.08750,0.66250,0.17639,0.66328,0.13889,0.65703,0.11944,0.64687,0.10833,0.59463,0.67137,0.9998,0.73004,0.61289,0.9647,0.64923,0.29796,0.9975,0.68587,0.44385,0.64062,0.28889,79.62,0.9806,live,0.3731,0.5465,276.80,506.53
167270.524001,80.0,0.1495,3,3,0,0.63984,0.30278,0.61250,0.28056,0.59688,0.23750,0.59375,0.19583,0.59531,0.16389,0.61797,0.18889,0.61016,0.15139,0.60234,0.13056,0.59297,0.11528,0.63203,0.18056,0.62734,0.13611,0.61875,0.11111,0.60859,0.09861,0.64609,0.18194,0.64375,0.13611,0.63594,0.11389,0.62656,0.10278,0.66172,0.19167,0.66250,0.15278,0.65625,0.13194,0.64609,0.12222,0.59379,0.67445,0.9998,0.72606,0.62864,0.9651,0.64996,0.31463,0.9977,0.67666,0.41564,0.63984,0.30278,79.00,0.9791,live,0.4056,0.5535,278.18,502.62
167270.593394,80.0,0.2420,3,3,0,0.63672,0.32917,0.61016,0.30556,0.59453,0.26389,0.59219,0.22361,0.59219,0.19306,0.61562,0.21528,0.60859,0.17639,0.59922,0.15694,0.58984,0.14306,0.63047,0.20694,0.62500,0.16111,0.61562,0.13750,0.60469,0.12500,0.64453,0.20833,0.64297,0.15972,0.63438,0.13750,0.62422,0.12778,0.66016,0.21806,0.66094,0.17639,0.65312,0.15694,0.64219,0.15139,0.59223,0.67675,0.9998,0.72448,0.63564,0.9653,0.64550,0.32615,0.9979,0.66867,0.39834,0.63672,0.32917,79.29,0.9744,live,0.4280,0.5302,264.78,499.40
167270.654771,80.0,0.3238,3,3,0,0.63281,0.36667,0.60625,0.34722,0.58906,0.30694,0.58516,0.26806,0.58672,0.23750,0.61094,0.25556,0.60313,0.21250,0.59375,0.19444,0.58359,0.18472,0.62578,0.24722,0.62031,0.19583,0.61016,0.17500,0.60000,0.16944,0.64062,0.25000,0.63984,0.19583,0.63047,0.17639,0.62031,0.17500,0.65703,0.26111,0.65781,0.21667,0.64922,0.19861,0.63750,0.19583,0.59212,0.67681,0.9998,0.72754,0.66870,0.9664,0.64374,0.35978,0.9981,0.66150,0.39201,0.63281,0.36667,78.11,0.9481,live,0.4502,0.5509,273.10,495.71
167270.725658,80.0,0.4184,3,3,0,0.62734,0.41806,0.60156,0.40694,0.58203,0.36806,0.57578,0.33056,0.57734,0.30000,0.60234,0.30694,0.59531,0.26389,0.58594,0.24861,0.57812,0.25000,0.61797,0.29722,0.61250,0.24444,0.60078,0.23333,0.59219,0.24722,0.63359,0.30139,0.63281,0.24722,0.62187,0.23889,0.61250,0.25556,0.65000,0.31667,0.65000,0.27361,0.64062,0.26806,0.63125,0.28194,0.59227,0.67841,0.9998,0.72785,0.75142,0.9666,0.63748,0.41042,0.9983,0.65467,0.39722,0.62734,0.41806,78.48,0.9492,live,0.4418,0.4037,198.90,492.73
167270.788856,80.0,0.5026,3,3,0,0.61797,0.43333,0.59609,0.42917,0.57891,0.41111,0.56797,0.40278,0.56406,0.38889,0.59375,0.35972,0.58594,0.32500,0.57500,0.32778,0.56719,0.34444,0.60938,0.35972,0.60469,0.31667,0.58906,0.32500,0.58047,0.35000,0.62500,0.36806,0.62266,0.33056,0.60703,0.34028,0.59844,0.36528,0.64141,0.38472,0.64062,0.35972,0.62969,0.36528,0.62187,0.38472,0.59214,0.67982,0.9998,0.73271,0.80446,0.9667,0.63488,0.51727,0.9984,0.64733,0.40444,0.61797,0.43333,56.31,0.9134,live,0.4418,0.4302,203.98,474.15
167270.858484,80.0,0.5955,3,3,0,0.61875,0.60972,0.59141,0.59583,0.57031,0.55833,0.55937,0.53056,0.55078,0.50833,0.58594,0.49583,0.57656,0.44167,0.56250,0.44861,0.55625,0.47361,0.60234,0.49444,0.59766,0.43194,0.58281,0.44583,0.57812,0.47639,0.61875,0.50278,0.61562,0.44583,0.60156,0.46250,0.59688,0.49306,0.63672,0.51806,0.63672,0.47778,0.62578,0.48889,0.62031,0.51250,0.59623,0.67733,0.9998,0.74835,0.86895,0.9666,0.63171,0.61054,0.9984,0.64161,0.44550,0.61875,0.60972,78.64,0.9756,live,0.4116,0.2740,129.82,473.87
167270.919265,80.0,0.6765,3,3,0,0.60234,0.65972,0.57578,0.64444,0.55703,0.62500,0.54844,0.60972,0.55078,0.59583,0.57500,0.54722,0.56016,0.55139,0.55312,0.58333,0.55156,0.61250,0.59531,0.54861,0.57969,0.56250,0.57188,0.59444,0.56953,0.62500,0.61484,0.56528,0.60234,0.57917,0.59453,0.60556,0.59062,0.63056,0.63203,0.59028,0.62734,0.61111,0.62031,0.62917,0.61484,0.64444,0.59959,0.67494,0.9998,0.74808,0.88612,0.9659,0.62999,0.69591,0.9982,0.63376,0.48834,0.60234,0.65972,77.71,0.9745,live,0.3895,0.2891,136.73,472.96
167270.992309,80.0,0.7739,3,3,0,0.60234,0.65972,0.57578,0.64444,0.55703,0.62500,0.54844,0.60972,0.55078,0.59583,0.57500,0.54722,0.56016,0.55139,0.55312,0.58333,0.55156,0.61250,0.59531,0.54861,0.57969,0.56250,0.57188,0.59444,0.56953,0.62500,0.61484,0.56528,0.60234,0.57917,0.59453,0.60556,0.59062,0.63056,0.63203,0.59028,0.62734,0.61111,0.62031,0.62917,0.61484,0.64444,0.60267,0.67866,0.9998,0.74777,0.92034,0.9654,0.63046,0.78237,0.9978,0.63376,0.48834,0.60234,0.65972,77.71,0.5847,hold,0.3895,0.2891,136.73,472.96
167271.055535,80.0,0.8582,3,3,0,0.60703,0.82083,0.58203,0.80417,0.56250,0.78333,0.54609,0.77083,0.53438,0.75972,0.58281,0.70972,0.56250,0.70417,0.54844,0.73056,0.53828,0.75694,0.60156,0.71806,0.58672,0.70833,0.56875,0.74167,0.55703,0.77083,0.61953,0.74167,0.61016,0.73611,0.59297,0.76667,0.58203,0.79444,0.63438,0.77500,0.63047,0.77222,0.61797,0.79444,0.60859,0.81389,0.60494,0.68494,0.9998,0.74740,0.92941,0.9649,0.63309,0.80838,0.9974,0.62841,0.55484,0.60703,0.82083,72.31,0.9966,live,0.3726,0.2955,138.40,468.27
167271.120808,80.0,0.9452,3,3,0,0.61797,0.84028,0.58906,0.82778,0.56641,0.81250,0.54922,0.80417,0.53281,0.79306,0.58281,0.72361,0.56172,0.73056,0.54688,0.75694,0.53594,0.78333,0.60234,0.73194,0.58203,0.74028,0.56563,0.77778,0.55625,0.80833,0.61953,0.75556,0.60547,0.76806,0.58828,0.80694,0.57656,0.83750,0.63359,0.79028,0.62344,0.80417,0.61016,0.83333,0.60000,0.85694,0.60981,0.68612,0.9998,0.74785,0.93549,0.9647,0.63324,0.82428,0.9969,0.62632,0.61193,0.61797,0.84028,74.45,0.9983,live,0.3726,0.3671,170.95,465.68
167271.188256,80.0,0.0352,3,1,1,0.61719,0.84722,0.58750,0.83611,0.56563,0.81667,0.54844,0.80556,0.53438,0.79861,0.58281,0.73194,0.56172,0.74167,0.54688,0.77083,0.53438,0.80000,0.60234,0.74306,0.58359,0.75139,0.56641,0.79028,0.55469,0.81944,0.61953,0.76944,0.60781,0.77639,0.58984,0.81389,0.57734,0.84306,0.63281,0.80556,0.62500,0.81250,0.61172,0.84167,0.60078,0.86389,0.60971,0.68755,0.9998,0.74355,0.93575,0.9628,0.63546,0.83819,0.9963,0.62450,0.65899,0.61719,0.84722,72.62,0.9990,live,0.3836,0.4336,200.37,462.09
167271.258205,80.0,0.1284,3,1,1,0.61953,0.84722,0.59219,0.83750,0.56875,0.81944,0.55078,0.80972,0.53828,0.80278,0.58672,0.73611,0.56484,0.74167,0.55000,0.76944,0.53906,0.79583,0.60547,0.74583,0.58672,0.75139,0.56875,0.78889,0.55703,0.81944,0.62266,0.77083,0.60938,0.77778,0.59062,0.81389,0.57891,0.84583,0.63594,0.80556,0.62734,0.81389,0.61406,0.84444,0.60391,0.86944,0.60955,0.69126,0.9998,0.74336,0.93194,0.9612,0.63556,0.83340,0.9952,0.62350,0.69663,0.61953,0.84722,70.65,0.9993,live,0.4008,0.4792,219.24,457.50
167271.325878,80.0,0.2187,3,1,1,0.62187,0.85000,0.59375,0.83611,0.57266,0.81806,0.55703,0.80556,0.55156,0.79861,0.59688,0.73472,0.57578,0.74028,0.56094,0.76528,0.55000,0.78889,0.61562,0.74444,0.59766,0.75000,0.58047,0.78333,0.56953,0.81111,0.63203,0.76944,0.62109,0.77917,0.60313,0.81250,0.59062,0.84028,0.64297,0.80417,0.63750,0.81528,0.62578,0.84028,0.61562,0.85972,0.60846,0.69170,0.9998,0.74261,0.93176,0.9605,0.63790,0.83162,0.9948,0.62318,0.72731,0.62187,0.85000,71.34,0.9991,live,0.4216,0.5166,234.51,453.96
167271.390986,80.0,0.3055,3,1,1,0.64375,0.84722,0.61641,0.83472,0.59375,0.81528,0.57891,0.80556,0.57656,0.79306,0.61641,0.74028,0.60000,0.73611,0.58672,0.76111,0.57734,0.78472,0.63672,0.75000,0.62578,0.74306,0.60781,0.77361,0.59609,0.79861,0.65391,0.77222,0.65078,0.76944,0.63516,0.79722,0.62344,0.81944,0.66563,0.80278,0.66406,0.81111,0.65391,0.83333,0.64609,0.84861,0.60840,0.69186,0.9998,0.74316,0.92974,0.9599,0.64950,0.83279,0.9943,0.62729,0.75129,0.64375,0.84722,68.77,0.9951,live,0.4345,0.4932,221.43,449.01
167271.458592,80.0,0.3956,3,1,1,0.66172,0.84444,0.63750,0.82778,0.61719,0.80417,0.61016,0.78194,0.62422,0.77778,0.64609,0.73333,0.63984,0.72917,0.63281,0.75139,0.63047,0.76667,0.66406,0.73889,0.66016,0.73194,0.64922,0.75556,0.64297,0.77222,0.67812,0.75833,0.67578,0.75556,0.66406,0.77639,0.65625,0.78889,0.68828,0.78611,0.68437,0.79444,0.67578,0.80972,0.66875,0.81806,0.61153,0.70354,0.9998,0.75110,0.93176,0.9601,0.69063,0.85097,0.9941,0.63418,0.76992,0.66172,0.84444,69.65,0.9903,live,0.4345,0.4564,203.23,445.27
167271.526833,80.0,0.4866,3,1,1,0.70625,0.82500,0.68516,0.80972,0.66875,0.77083,0.66094,0.75278,0.67891,0.75972,0.70000,0.72500,0.70312,0.71111,0.69219,0.74028,0.68437,0.76944,0.72266,0.74028,0.73438,0.71944,0.72109,0.75000,0.70859,0.77778,0.73906,0.76111,0.75391,0.74583,0.74141,0.77500,0.72891,0.79722,0.74922,0.78750,0.76172,0.78472,0.75625,0.80139,0.74922,0.81250,0.61090,0.70493,0.9999,0.75019,0.95709,0.9589,0.72246,0.85898,0.9941,0.64859,0.78094,0.70625,0.82500,68.91,0.9961,live,0.4240,0.3760,166.01,441.46
167271.592036,80.0,0.5735,3,1,1,0.73047,0.84722,0.71328,0.80417,0.70391,0.75972,0.71094,0.73333,0.73281,0.74167,0.74687,0.71389,0.75313,0.69444,0.74219,0.71389,0.73281,0.73889,0.76562,0.73333,0.78438,0.71111,0.77500,0.72500,0.76328,0.74861,0.77812,0.75972,0.79766,0.74167,0.79531,0.75278,0.79141,0.76944,0.78359,0.79306,0.79766,0.78889,0.80312,0.78750,0.80625,0.78750,0.60843,0.70935,0.9999,0.73210,0.95613,0.9562,0.75359,0.85562,0.9942,0.66497,0.79419,0.73047,0.84722,86.02,0.9867,live,0.4240,0.4006,180.45,450.41
167271.657127,80.0,0.6603,3,1,1,0.75313,0.83333,0.73906,0.79306,0.73516,0.74583,0.74922,0.72639,0.77187,0.73750,0.77969,0.71111,0.79375,0.68472,0.78906,0.69722,0.78047,0.72500,0.80000,0.73194,0.82109,0.70694,0.81563,0.71528,0.80312,0.73750,0.81406,0.75833,0.83594,0.73472,0.83594,0.74028,0.82891,0.75833,0.82109,0.78889,0.83906,0.77361,0.84531,0.77083,0.84609,0.77639,0.60492,0.70790,0.9999,0.72605,0.94935,0.9561,0.77162,0.85307,0.9942,0.68260,0.80202,0.75313,0.83333,89.66,0.9895,live,0.4088,0.3397,156.58,460.92
167271.722718,80.0,0.7478,3,1,1,0.77187,0.82222,0.75781,0.78056,0.76016,0.73472,0.77656,0.72222,0.79688,0.73194,0.80312,0.71111,0.81797,0.68333,0.81797,0.69444,0.81094,0.72222,0.82500,0.73194,0.84609,0.70417,0.84609,0.71528,0.83437,0.74028,0.83906,0.75833,0.86172,0.73889,0.86562,0.74583,0.85703,0.76944,0.84609,0.78889,0.86797,0.78056,0.87656,0.78194,0.87500,0.79444,0.60406,0.71020,0.9999,0.72544,0.94986,0.9528,0.79032,0.85200,0.9942,0.70045,0.80606,0.77187,0.82222,90.00,0.9850,live,0.3907,0.3080,144.90,470.41
167271.792277,80.0,0.8405,3,1,1,0.78125,0.81528,0.76719,0.77778,0.76875,0.73750,0.78594,0.72778,0.80625,0.73333,0.81328,0.71111,0.82734,0.68750,0.82891,0.70000,0.82266,0.72917,0.83359,0.73194,0.85547,0.70278,0.85781,0.71667,0.84844,0.74444,0.84688,0.75972,0.86953,0.73889,0.87500,0.74861,0.86641,0.77361,0.85313,0.79167,0.87422,0.78056,0.88359,0.78333,0.88125,0.79722,0.60360,0.71160,0.9999,0.72558,0.95026,0.9510,0.79407,0.84676,0.9943,0.71661,0.80790,0.78125,0.81528,86.55,0.9812,live,0.3748,0.3022,143.95,476.27
167271.858643,80.0,0.9290,3,1,1,0.78125,0.81667,0.76797,0.78056,0.76953,0.73889,0.78672,0.73056,0.80781,0.73750,0.81328,0.71389,0.82891,0.68889,0.83047,0.69861,0.82422,0.72778,0.83281,0.73472,0.85547,0.70278,0.85781,0.71806,0.85000,0.74861,0.84609,0.76111,0.86953,0.74028,0.87578,0.75000,0.86797,0.77500,0.85313,0.79306,0.87578,0.78333,0.88516,0.78472,0.88281,0.79722,0.60395,0.71171,0.9999,0.72602,0.94868,0.9491,0.79812,0.84190,0.9943,0.72954,0.80966,0.78125,0.81667,85.79,0.9805,live,0.3629,0.3088,148.49,480.89
167271.927171,80.0,0.0204,3,2,0,0.77812,0.81944,0.76562,0.78056,0.76719,0.73889,0.78438,0.73056,0.80469,0.73889,0.81172,0.71528,0.82656,0.69167,0.82656,0.70417,0.81875,0.73194,0.83125,0.73611,0.85234,0.70694,0.85391,0.71944,0.84453,0.75000,0.84375,0.76250,0.86719,0.74167,0.87266,0.75000,0.86562,0.77361,0.85078,0.79444,0.87344,0.78472,0.88281,0.78611,0.88125,0.79722,0.60368,0.71226,0.9999,0.72480,0.94817,0.9466,0.79613,0.84012,0.9942,0.73926,0.81161,0.77812,0.81944,86.92,0.9762,live,0.3531,0.3083,149.75,485.77
167271.988712,80.0,0.1024,3,2,0,0.77578,0.82083,0.76172,0.78472,0.76250,0.74306,0.77812,0.73056,0.79922,0.73889,0.80469,0.71667,0.81797,0.69167,0.81797,0.70417,0.81172,0.73333,0.82500,0.73611,0.84531,0.70556,0.84609,0.71944,0.83672,0.74861,0.83906,0.76389,0.86172,0.73750,0.86562,0.74861,0.85703,0.77361,0.84688,0.79444,0.86875,0.78333,0.87734,0.78472,0.87500,0.79861,0.60370,0.71166,0.9999,0.72513,0.94794,0.9484,0.79298,0.83905,0.9945,0.74656,0.81346,0.77578,0.82083,85.52,0.9768,live,0.3481,0.3253,159.09,489.05
167272.059330,80.0,0.1966,3,2,0,0.77031,0.81250,0.75391,0.77778,0.75313,0.73472,0.76953,0.72222,0.78828,0.72778,0.79375,0.70972,0.80859,0.68056,0.80937,0.69306,0.80469,0.72222,0.81563,0.72778,0.83594,0.69306,0.83828,0.70972,0.83125,0.74028,0.83047,0.75556,0.85313,0.72639,0.85781,0.73750,0.85078,0.76389,0.83984,0.78472,0.86172,0.76944,0.87109,0.77500,0.86875,0.79028,0.60385,0.71178,0.9999,0.72541,0.94778,0.9464,0.79077,0.83718,0.9944,0.75131,0.81327,0.77031,0.81250,83.81,0.9703,live,0.3344,0.2722,133.55,490.70
167272.123153,80.0,0.2817,3,2,0,0.76250,0.78611,0.74609,0.75139,0.74219,0.70694,0.75547,0.69028,0.77266,0.69306,0.78125,0.67639,0.79219,0.64167,0.79063,0.65278,0.78672,0.68056,0.80391,0.69306,0.82109,0.65694,0.82109,0.66944,0.81563,0.70000,0.81953,0.71667,0.83906,0.68611,0.84219,0.69583,0.83672,0.72222,0.83047,0.74722,0.84922,0.72778,0.85703,0.73194,0.85625,0.75000,0.60484,0.71051,0.9999,0.73373,0.93543,0.9471,0.78794,0.82953,0.9944,0.75355,0.80784,0.76250,0.78611,85.11,0.9652,live,0.3240,0.2766,136.37,493.10
167272.188481,80.0,0.3688,3,2,0,0.76406,0.74444,0.75938,0.72500,0.76328,0.69583,0.77187,0.67222,0.77969,0.64722,0.77422,0.62778,0.78047,0.58472,0.78516,0.58611,0.78281,0.61250,0.78984,0.63056,0.79844,0.58750,0.80234,0.59028,0.79922,0.61944,0.80391,0.64444,0.81328,0.60694,0.81797,0.60694,0.81484,0.63333,0.81563,0.66389,0.82578,0.63889,0.83125,0.63472,0.83047,0.65000,0.60553,0.70007,0.9999,0.74571,0.91684,0.9484,0.77821,0.72557,0.9946,0.75565,0.79516,0.76406,0.74444,80.07,0.9159,live,0.3085,0.2378,116.90,491.58
167272.256606,80.0,0.4596,3,2,0,0.72266,0.63611,0.70078,0.59306,0.68984,0.54444,0.68984,0.51111,0.70156,0.50417,0.72422,0.48333,0.72813,0.43889,0.72500,0.44722,0.72109,0.47222,0.74453,0.49444,0.75391,0.45139,0.75000,0.45972,0.74453,0.48333,0.76250,0.51528,0.77500,0.47639,0.77109,0.47639,0.76406,0.49306,0.77812,0.54583,0.79375,0.51528,0.79219,0.50417,0.78516,0.50694,0.60554,0.69270,0.9999,0.75662,0.89241,0.9505,0.75469,0.64174,0.9950,0.74905,0.76335,0.72266,0.63611,98.61,0.9853,live,0.2888,0.1990,100.23,503.59
167272.325831,80.0,0.5519,3,2,0,0.70469,0.57222,0.68359,0.51528,0.67734,0.46667,0.67812,0.42639,0.67734,0.38889,0.70391,0.43056,0.70234,0.38611,0.69531,0.35694,0.68750,0.33750,0.71875,0.43056,0.72031,0.38611,0.71250,0.35694,0.70312,0.33750,0.73359,0.43750,0.73828,0.39722,0.73125,0.36667,0.71953,0.34861,0.74687,0.45139,0.75703,0.41667,0.75469,0.39167,0.74609,0.37500,0.59834,0.69320,0.9999,0.75620,0.82971,0.9536,0.72325,0.53356,0.9955,0.74018,0.72512,0.70469,0.57222,91.25,0.9161,live,0.2654,0.1590,80.88,508.85
167272.391237,80.0,0.6391,3,2,0,0.68359,0.49861,0.66094,0.44167,0.65391,0.39028,0.65391,0.35139,0.65156,0.31806,0.67266,0.36528,0.66641,0.32222,0.66016,0.29583,0.65469,0.27222,0.68672,0.36389,0.68125,0.32639,0.67578,0.31250,0.66953,0.30278,0.70078,0.36806,0.70234,0.33056,0.69844,0.29722,0.69375,0.26944,0.71484,0.37639,0.72109,0.34306,0.71953,0.31806,0.71641,0.29583,0.59676,0.68243,0.9999,0.75517,0.77166,0.9555,0.68561,0.45005,0.9959,0.72886,0.67982,0.68359,0.49861,86.34,0.9439,live,0.2559,0.2126,108.42,509.96
167272.459230,80.0,0.7298,3,2,0,0.65781,0.40556,0.63281,0.35972,0.62031,0.31250,0.61875,0.27083,0.61953,0.23750,0.64219,0.26944,0.63672,0.22917,0.62891,0.20694,0.62109,0.19028,0.65703,0.26528,0.65391,0.22083,0.64609,0.19583,0.63594,0.17778,0.67188,0.27083,0.67266,0.22639,0.66641,0.19861,0.65625,0.18056,0.68672,0.28472,0.69297,0.24306,0.68984,0.21806,0.68203,0.19861,0.59615,0.67482,0.9998,0.74955,0.70746,0.9574,0.66232,0.39319,0.9963,0.71465,0.62497,0.65781,0.40556,88.40,0.9198,live,0.2610,0.2840,145.51,512.41
167272.520188,80.0,0.8111,3,2,0,0.64844,0.37361,0.62109,0.32917,0.60938,0.28194,0.60781,0.24028,0.60625,0.20556,0.62969,0.25278,0.62578,0.21667,0.62344,0.19583,0.62109,0.17500,0.64297,0.25000,0.64297,0.21389,0.64062,0.19028,0.63906,0.16944,0.65625,0.25139,0.65781,0.21667,0.65703,0.19028,0.65469,0.16667,0.67031,0.25972,0.67500,0.22361,0.67500,0.20139,0.67422,0.18056,0.59425,0.67558,0.9998,0.74043,0.66835,0.9596,0.65313,0.35917,0.9966,0.70141,0.57470,0.64844,0.37361,79.60,0.9445,live,0.2796,0.3648,185.40,508.24
167272.589836,80.0,0.9039,3,2,0,0.64297,0.34167,0.61484,0.29722,0.60234,0.25139,0.59922,0.21250,0.59922,0.18056,0.62187,0.21528,0.61484,0.18056,0.60781,0.15556,0.60078,0.13194,0.63594,0.20833,0.63203,0.16806,0.62422,0.14167,0.61562,0.11806,0.65000,0.20833,0.64922,0.16944,0.64297,0.14028,0.63438,0.11806,0.66406,0.21944,0.66719,0.17917,0.66406,0.15556,0.65781,0.13611,0.59141,0.67560,0.9998,0.73321,0.65401,0.9613,0.64836,0.33294,0.9969,0.68972,0.52809,0.64297,0.34167,84.37,0.9437,live,0.3080,0.4370,221.99,507.99
167272.654273,80.0,0.9898,3,2,0,0.63750,0.31528,0.61094,0.28472,0.59766,0.24167,0.59453,0.20278,0.59375,0.17083,0.61797,0.20000,0.61172,0.16111,0.60391,0.14167,0.59531,0.12917,0.63203,0.19306,0.62891,0.14583,0.61953,0.12361,0.60859,0.11111,0.64531,0.19444,0.64531,0.14583,0.63750,0.12361,0.62734,0.10833,0.65938,0.20278,0.66328,0.16250,0.65781,0.14028,0.64922,0.12361,0.58876,0.67453,0.9998,0.72483,0.64345,0.9626,0.64502,0.33074,0.9972,0.67928,0.48553,0.63750,0.31528,78.43,0.9697,live,0.3438,0.5073,255.42,503.50
167272.724021,80.0,0.0828,3,3,0,0.63438,0.31389,0.60938,0.28750,0.59609,0.24444,0.59219,0.20556,0.59141,0.17222,0.61641,0.20000,0.60938,0.16111,0.60234,0.14167,0.59375,0.12917,0.63047,0.19306,0.62578,0.14722,0.61719,0.12639,0.60625,0.11389,0.64375,0.19444,0.64297,0.14722,0.63516,0.12500,0.62500,0.11111,0.65703,0.20278,0.66094,0.16250,0.65547,0.14028,0.64609,0.12500,0.58891,0.67943,0.9998,0.72168,0.64000,0.9629,0.64263,0.32890,0.9974,0.67030,0.45120,0.63438,0.31389,77.36,0.9631,live,0.3796,0.5427,270.68,498.78
167272.794803,80.0,0.1772,3,3,0,0.63281,0.32361,0.60703,0.29861,0.59375,0.25556,0.59062,0.21667,0.59062,0.18333,0.61484,0.20972,0.60859,0.17222,0.60000,0.15278,0.59141,0.13889,0.62891,0.20278,0.62422,0.15833,0.61484,0.13750,0.60313,0.12639,0.64297,0.20417,0.64141,0.15833,0.63359,0.13611,0.62266,0.12222,0.65625,0.21250,0.65938,0.17361,0.65312,0.15139,0.64453,0.13611,0.58695,0.67764,0.9998,0.71837,0.64050,0.9639,0.64019,0.32872,0.9976,0.66280,0.42568,0.63281,0.32361,77.70,0.9756,live,0.4084,0.5396,267.01,494.87
167272.859720,80.0,0.2638,3,3,0,0.62969,0.34444,0.60469,0.31944,0.59062,0.27778,0.58750,0.23889,0.58594,0.20694,0.61250,0.23333,0.60625,0.19167,0.59766,0.17361,0.58750,0.16111,0.62578,0.22778,0.62266,0.18056,0.61328,0.15833,0.60234,0.14583,0.63984,0.22917,0.63906,0.18194,0.63125,0.15972,0.62187,0.14583,0.65391,0.24028,0.65781,0.20000,0.65234,0.17778,0.64375,0.16250,0.58658,0.67617,0.9998,0.71760,0.64848,0.9642,0.64022,0.33997,0.9978,0.65618,0.40943,0.62969,0.34444,75.38,0.9690,live,0.4273,0.5134,251.44,489.76
167272.928544,80.0,0.3555,3,3,0,0.62500,0.38333,0.60078,0.36250,0.58516,0.32083,0.58047,0.28194,0.57969,0.25000,0.60469,0.27083,0.59766,0.22917,0.58906,0.20972,0.57969,0.20000,0.62031,0.26528,0.61484,0.21667,0.60625,0.19583,0.59531,0.18889,0.63516,0.26944,0.63359,0.21806,0.62578,0.19861,0.61562,0.19306,0.65078,0.28194,0.65312,0.23889,0.64687,0.21806,0.63750,0.20833,0.58618,0.67629,0.9998,0.71811,0.68741,0.9644,0.63683,0.36471,0.9980,0.64994,0.40421,0.62500,0.38333,77.48,0.9619,live,0.4327,0.4574,222.67,486.77
167272.990353,80.0,0.4380,3,3,0,0.62109,0.42639,0.59609,0.41667,0.57812,0.38056,0.57031,0.34861,0.57188,0.31667,0.59688,0.31667,0.59375,0.26944,0.58359,0.26250,0.57578,0.27778,0.61328,0.31250,0.61250,0.26250,0.60469,0.26111,0.59844,0.28472,0.62969,0.31944,0.63047,0.27083,0.62266,0.26944,0.61641,0.29028,0.64609,0.33333,0.64687,0.29583,0.64062,0.28889,0.63516,0.30000,0.58657,0.67603,0.9998,0.72254,0.78974,0.9661,0.63440,0.44696,0.9982,0.64417,0.40865,0.62109,0.42639,76.46,0.8673,live,0.4390,0.4677,226.12,483.41
167273.060292,80.0,0.5312,3,3,0,0.62109,0.55694,0.59609,0.54167,0.57734,0.50139,0.56875,0.46944,0.56719,0.44167,0.59531,0.44028,0.59141,0.38194,0.58047,0.38750,0.57734,0.41389,0.61250,0.43889,0.61094,0.37778,0.59922,0.38750,0.59609,0.41806,0.62969,0.44583,0.62891,0.38750,0.61641,0.39861,0.61328,0.42639,0.64844,0.45972,0.64766,0.41806,0.63828,0.42361,0.63438,0.44583,0.59064,0.67856,0.9998,0.73517,0.83817,0.9657,0.63241,0.54659,0.9983,0.63956,0.43831,0.62109,0.55694,80.91,0.9858,live,0.4144,0.3020,146.07,483.66
167273.123994,80.0,0.6161,3,3,0,0.62500,0.69028,0.59766,0.66806,0.57656,0.62778,0.56406,0.59722,0.56406,0.56667,0.59453,0.56389,0.58594,0.51806,0.57969,0.54444,0.57891,0.57639,0.61328,0.56944,0.60781,0.51806,0.59844,0.55000,0.59609,0.58750,0.63203,0.58333,0.62891,0.53611,0.61875,0.56667,0.61484,0.60000,0.65078,0.60417,0.64766,0.57778,0.63984,0.59722,0.63672,0.62222,0.60003,0.64518,0.9998,0.74124,0.88616,0.9641,0.63298,0.69897,0.9981,0.63665,0.48870,0.62500,0.69028,83.79,0.9889,live,0.3813,0.2307,112.12,485.95
167273.188819,80.0,0.7026,3,3,0,0.61328,0.69861,0.59219,0.70000,0.57422,0.69444,0.56484,0.69444,0.56328,0.69028,0.59219,0.62917,0.58516,0.63194,0.57891,0.65556,0.57500,0.67917,0.61406,0.63611,0.60859,0.63889,0.59922,0.66944,0.59375,0.70278,0.63438,0.65278,0.62969,0.65694,0.62109,0.68611,0.61484,0.71667,0.65156,0.67639,0.65469,0.69028,0.64922,0.70972,0.64297,0.72778,0.60446,0.66267,0.9998,0.74188,0.93012,0.9644,0.63307,0.77124,0.9980,0.63197,0.53068,0.61328,0.69861,59.16,0.9551,live,0.3576,0.2494,117.28,470.23
167273.260691,80.0,0.7984,3,3,0,0.61250,0.76667,0.59375,0.76111,0.57500,0.75278,0.56406,0.74722,0.56563,0.74167,0.60156,0.69167,0.58828,0.68750,0.57500,0.70833,0.56406,0.73056,0.62109,0.70278,0.60859,0.70417,0.59453,0.73472,0.58516,0.76250,0.63750,0.72500,0.62891,0.72639,0.61484,0.75556,0.60391,0.78056,0.65000,0.75278,0.64766,0.75972,0.63906,0.78056,0.63047,0.79722,0.60544,0.67436,0.9998,0.73432,0.93585,0.9613,0.63889,0.82582,0.9975,0.62808,0.57788,0.61250,0.76667,57.03,0.9873,live,0.3471,0.2995,136.22,454.87
167273.328056,80.0,0.8882,3,3,0,0.62422,0.83750,0.59844,0.82361,0.57578,0.79583,0.56094,0.77639,0.55937,0.76111,0.60000,0.73472,0.58516,0.71111,0.57188,0.72778,0.56016,0.74722,0.62031,0.74306,0.60938,0.71806,0.59141,0.74861,0.57969,0.77500,0.63750,0.76528,0.62969,0.74583,0.61094,0.77500,0.59609,0.79861,0.65078,0.79444,0.64844,0.78472,0.63516,0.80694,0.62266,0.82361,0.60720,0.68373,0.9998,0.73356,0.94264,0.9597,0.63716,0.83143,0.9969,0.62731,0.62980,0.62422,0.83750,68.09,0.9927,live,0.3522,0.3754,168.66,449.31
167273.391547,80.0,0.9729,3,3,0,0.62266,0.85000,0.59375,0.82778,0.56875,0.79583,0.55391,0.77083,0.55781,0.75417,0.59688,0.73056,0.58281,0.70833,0.56953,0.72222,0.55703,0.74444,0.61641,0.73889,0.60391,0.71944,0.58828,0.75139,0.57734,0.77917,0.63438,0.76111,0.62500,0.74167,0.60859,0.77222,0.59609,0.79861,0.64844,0.79167,0.64531,0.78472,0.63281,0.80556,0.62031,0.82361,0.60677,0.68699,0.9998,0.72777,0.93893,0.9575,0.63862,0.83533,0.9961,0.62638,0.67384,0.62266,0.85000,76.31,0.9972,live,0.3686,0.4433,199.65,450.34
167273.458615,80.0,0.0623,3,1,1,0.62109,0.84861,0.59141,0.82361,0.56875,0.79306,0.55547,0.76944,0.55156,0.74861,0.59453,0.72639,0.58125,0.70278,0.56719,0.71528,0.55469,0.73611,0.61406,0.73472,0.60313,0.71250,0.58594,0.73889,0.57500,0.76528,0.63047,0.75694,0.62344,0.73750,0.60547,0.76389,0.59219,0.78889,0.64453,0.78750,0.64297,0.77639,0.62891,0.79306,0.61719,0.80972,0.60657,0.69013,0.9998,0.72704,0.94520,0.9556,0.63640,0.82609,0.9959,0.62532,0.70880,0.62109,0.84861,76.94,0.9979,live,0.3911,0.4933,222.83,451.69
167273.525258,80.0,0.1512,3,1,1,0.62031,0.84028,0.59219,0.81667,0.56875,0.78750,0.55391,0.76389,0.55156,0.74306,0.59531,0.72361,0.58125,0.70000,0.56719,0.71250,0.55312,0.73333,0.61406,0.73194,0.60313,0.70556,0.58594,0.73194,0.57344,0.75694,0.63047,0.75278,0.62187,0.72917,0.60469,0.75556,0.59062,0.77917,0.64453,0.78333,0.64062,0.77083,0.62734,0.78889,0.61641,0.80556,0.60648,0.69242,0.9998,0.73027,0.94394,0.9546,0.63659,0.82588,0.9953,0.62432,0.73509,0.62031,0.84028,73.99,0.9987,live,0.4167,0.5335,240.48,450.76
167273.588316,80.0,0.2352,3,1,1,0.62109,0.83472,0.59219,0.81250,0.56953,0.78194,0.55625,0.75833,0.55937,0.74306,0.59766,0.71806,0.58437,0.69444,0.57031,0.70694,0.55703,0.72639,0.61641,0.72778,0.60703,0.70000,0.58828,0.72361,0.57500,0.75139,0.63281,0.75139,0.62578,0.72639,0.60781,0.74861,0.59453,0.77222,0.64609,0.78194,0.64375,0.76944,0.63125,0.78472,0.62031,0.79861,0.60584,0.68659,0.9998,0.72822,0.94075,0.9520,0.63618,0.82224,0.9949,0.62367,0.75502,0.62109,0.83472,73.33,0.9984,live,0.4421,0.5579,250.76,449.47
167273.660355,80.0,0.3313,3,1,1,0.63047,0.83056,0.60234,0.80833,0.57969,0.77778,0.56875,0.75278,0.57109,0.73194,0.60469,0.71528,0.59609,0.69028,0.58203,0.70139,0.57031,0.72083,0.62500,0.72222,0.61953,0.69583,0.60391,0.71806,0.59219,0.74167,0.64219,0.74167,0.63906,0.71944,0.62344,0.74167,0.61094,0.76528,0.65703,0.76806,0.65547,0.76111,0.64453,0.77778,0.63359,0.79444,0.60739,0.68739,0.9998,0.72666,0.94667,0.9479,0.63779,0.81793,0.9944,0.62503,0.77013,0.63047,0.83056,75.26,0.9972,live,0.4421,0.4521,203.30,449.72
167273.722225,80.0,0.4138,3,1,1,0.64609,0.82500,0.61953,0.79861,0.59766,0.76667,0.58672,0.74028,0.59375,0.72500,0.63203,0.70278,0.62187,0.67917,0.60938,0.69167,0.59844,0.71111,0.65078,0.71250,0.64609,0.69028,0.62813,0.70833,0.61406,0.73056,0.66641,0.73750,0.66563,0.71667,0.65078,0.73194,0.63828,0.75139,0.67812,0.76944,0.68125,0.76111,0.67266,0.76944,0.66406,0.77917,0.61052,0.68898,0.9998,0.72945,0.95169,0.9472,0.66795,0.82630,0.9942,0.62924,0.78110,0.64609,0.82500,76.10,0.9982,live,0.4469,0.4687,211.18,450.54
167273.788521,80.0,0.5022,3,1,1,0.66875,0.81528,0.64453,0.78889,0.62891,0.75417,0.62266,0.72917,0.63594,0.72083,0.66172,0.70556,0.66484,0.67083,0.65391,0.68056,0.64453,0.69861,0.67891,0.71944,0.69297,0.68472,0.68047,0.69306,0.66719,0.71389,0.69219,0.74306,0.70547,0.71667,0.69766,0.72639,0.68906,0.74306,0.70078,0.77500,0.71406,0.76806,0.71562,0.76944,0.71406,0.77222,0.61855,0.69823,0.9998,0.74507,0.97670,0.9467,0.69379,0.84076,0.9942,0.63715,0.78794,0.66875,0.81528,67.66,0.9820,live,0.4417,0.4178,186.02,445.20
167273.856175,80.0,0.5924,3,1,1,0.70625,0.82083,0.71953,0.80139,0.72656,0.77639,0.72891,0.75278,0.73125,0.73333,0.72422,0.73056,0.72734,0.68889,0.73125,0.68472,0.73438,0.70000,0.70781,0.72500,0.71094,0.68056,0.71641,0.67639,0.72266,0.69167,0.69219,0.72917,0.69141,0.69583,0.69922,0.69028,0.71016,0.70417,0.67500,0.74444,0.66719,0.71944,0.67500,0.70972,0.68672,0.71528,0.60918,0.69772,0.9998,0.73858,0.96724,0.9466,0.71567,0.83755,0.9944,0.70625,0.82083,0.70625,0.82083,67.44,0.8978,live,0.4417,0.4641,204.38,440.33
167273.923727,80.0,0.6825,3,1,1,0.73906,0.81944,0.72188,0.78194,0.71484,0.73889,0.72188,0.70972,0.74062,0.70417,0.74844,0.70694,0.75938,0.67361,0.76094,0.67778,0.76094,0.69306,0.76875,0.72500,0.77812,0.70556,0.78438,0.70417,0.79063,0.70833,0.78438,0.74861,0.79609,0.73750,0.80625,0.73333,0.81484,0.73472,0.79609,0.77639,0.81172,0.76667,0.82266,0.76250,0.83203,0.76111,0.60681,0.69702,0.9998,0.72949,0.95401,0.9424,0.76375,0.82481,0.9943,0.66884,0.79306,0.73906,0.81944,79.49,0.9078,live,0.4324,0.3900,173.46,444.73
167273.995307,80.0,0.7779,3,1,1,0.75703,0.81806,0.74687,0.76944,0.74453,0.72222,0.75703,0.69722,0.77812,0.69444,0.78516,0.69028,0.80000,0.65972,0.80234,0.66111,0.79766,0.68194,0.80703,0.70833,0.82812,0.68056,0.83281,0.67639,0.82422,0.69444,0.82188,0.73333,0.84297,0.71111,0.85000,0.70556,0.84453,0.71944,0.83047,0.76250,0.84922,0.75139,0.85859,0.74583,0.86016,0.75139,0.60221,0.69934,0.9999,0.72649,0.94257,0.9401,0.77933,0.81722,0.9943,0.68647,0.79806,0.75703,0.81806,95.13,0.9801,live,0.4066,0.2891,132.96,459.85
167274.058990,80.0,0.8628,3,1,1,0.77656,0.80278,0.76328,0.76250,0.76250,0.71667,0.77734,0.69444,0.79844,0.68750,0.80547,0.68194,0.81953,0.64861,0.82422,0.65417,0.82109,0.68056,0.82734,0.70278,0.85000,0.66806,0.85469,0.67361,0.84766,0.69861,0.84141,0.72917,0.86484,0.70556,0.87109,0.71111,0.86328,0.73333,0.84922,0.76250,0.87187,0.74861,0.87969,0.74861,0.87578,0.76111,0.60154,0.70211,0.9999,0.72722,0.93201,0.9423,0.79166,0.80528,0.9944,0.70449,0.79900,0.77656,0.80278,92.40,0.9805,live,0.3802,0.2598,122.41,471.19
167274.122434,80.0,0.9474,3,1,1,0.78203,0.80000,0.76875,0.75833,0.76797,0.71528,0.78516,0.69722,0.80547,0.69028,0.81172,0.68750,0.82578,0.65417,0.82891,0.65833,0.82500,0.68194,0.83203,0.70417,0.85391,0.66667,0.85938,0.67361,0.85391,0.69722,0.84609,0.72917,0.86797,0.70556,0.87500,0.70972,0.86797,0.73056,0.85313,0.76250,0.87422,0.75000,0.88125,0.74722,0.87813,0.75556,0.60135,0.70209,0.9999,0.72749,0.92297,0.9424,0.79453,0.80565,0.9942,0.72000,0.79920,0.78203,0.80000,88.54,0.9493,live,0.3636,0.2882,137.89,478.40
167274.190381,80.0,0.0380,3,2,0,0.78203,0.79861,0.76875,0.75833,0.76797,0.71528,0.78438,0.70000,0.80469,0.69583,0.81250,0.68750,0.82656,0.65278,0.82969,0.65833,0.82578,0.68333,0.83281,0.70417,0.85469,0.66944,0.85938,0.67639,0.85391,0.70278,0.84609,0.73056,0.86953,0.70694,0.87656,0.71250,0.87109,0.73194,0.85391,0.76389,0.87578,0.75556,0.88438,0.75278,0.88281,0.75694,0.60131,0.70216,0.9999,0.72786,0.92363,0.9434,0.79230,0.80704,0.9944,0.73241,0.79908,0.78203,0.79861,88.70,0.9671,live,0.3510,0.2933,142.21,484.85
167274.259289,80.0,0.1299,3,2,0,0.77969,0.79722,0.76562,0.76111,0.76562,0.71667,0.78125,0.69861,0.80156,0.69444,0.80937,0.68889,0.82422,0.65417,0.82656,0.65972,0.82188,0.68472,0.82969,0.70694,0.85156,0.66944,0.85625,0.67639,0.84922,0.70278,0.84297,0.73333,0.86562,0.70694,0.87266,0.71250,0.86562,0.73472,0.85000,0.76528,0.87266,0.75278,0.88203,0.75417,0.87969,0.76528,0.60132,0.70142,0.9999,0.72907,0.92032,0.9448,0.79509,0.80722,0.9946,0.74186,0.79871,0.77969,0.79722,86.64,0.9766,live,0.3444,0.3148,153.93,489.05
167274.322786,80.0,0.2145,3,2,0,0.77578,0.79722,0.76094,0.76250,0.75938,0.71944,0.77344,0.69722,0.79297,0.69167,0.80312,0.68750,0.81484,0.65139,0.81797,0.65556,0.81563,0.68194,0.82422,0.70417,0.84453,0.66667,0.84844,0.67083,0.84141,0.69722,0.83750,0.72917,0.86016,0.70278,0.86641,0.70694,0.85859,0.72917,0.84531,0.76111,0.86641,0.75000,0.87578,0.75139,0.87422,0.76528,0.60052,0.70146,0.9999,0.72753,0.92246,0.9434,0.79440,0.80746,0.9946,0.74865,0.79841,0.77578,0.79722,86.52,0.9726,live,0.3353,0.2937,144.67,492.66
167274.396816,80.0,0.3132,3,2,0,0.76797,0.78611,0.75391,0.75000,0.74844,0.70556,0.75938,0.67917,0.77812,0.67361,0.79063,0.67083,0.80078,0.63333,0.80234,0.64028,0.79844,0.66806,0.81172,0.68611,0.83125,0.64722,0.83437,0.65417,0.82734,0.68056,0.82656,0.71250,0.84844,0.68194,0.85234,0.68889,0.84453,0.71250,0.83516,0.74583,0.85703,0.73333,0.86406,0.73472,0.86016,0.74583,0.60160,0.70096,0.9999,0.73526,0.91347,0.9449,0.79229,0.79818,0.9947,0.75251,0.79595,0.76797,0.78611,87.10,0.9742,live,0.3145,0.2196,108.96,496.26
167274.458519,80.0,0.3955,3,2,0,0.76094,0.75139,0.74375,0.71389,0.73750,0.66944,0.74531,0.64028,0.75859,0.62917,0.77422,0.62639,0.78125,0.58611,0.78516,0.58750,0.78438,0.61250,0.79453,0.64167,0.81016,0.59861,0.81328,0.60139,0.80781,0.62917,0.81016,0.66667,0.82891,0.63333,0.83047,0.63194,0.82109,0.65000,0.82188,0.70139,0.84297,0.68472,0.84453,0.67639,0.83516,0.68056,0.60534,0.69889,0.9999,0.74678,0.91243,0.9475,0.78150,0.75829,0.9950,0.75420,0.78704,0.76094,0.75139,87.23,0.9739,live,0.2974,0.2194,109.61,499.51
167274.526750,80.0,0.4865,3,2,0,0.73906,0.68056,0.72031,0.64028,0.71016,0.59028,0.71172,0.55139,0.72734,0.54722,0.74687,0.53472,0.75313,0.49028,0.75234,0.49722,0.75000,0.52639,0.76875,0.54722,0.78438,0.49861,0.78125,0.50694,0.77344,0.53472,0.78594,0.57222,0.80234,0.53194,0.79766,0.53611,0.78828,0.55833,0.79922,0.60694,0.81406,0.57639,0.81016,0.57361,0.80234,0.58472,0.60533,0.69252,0.9999,0.75273,0.90294,0.9493,0.76757,0.68318,0.9953,0.75117,0.76574,0.73906,0.68056,96.75,0.9888,live,0.2756,0.1767,89.97,509.23
167274.593834,80.0,0.5759,3,2,0,0.72109,0.61528,0.70312,0.55833,0.69609,0.50972,0.69688,0.47361,0.69922,0.43889,0.72969,0.46667,0.73125,0.42361,0.72344,0.40000,0.71406,0.38889,0.74531,0.47361,0.75156,0.42778,0.74297,0.40833,0.73047,0.40417,0.76016,0.48889,0.77031,0.45000,0.76328,0.43056,0.75000,0.42639,0.77187,0.51667,0.78594,0.48611,0.78047,0.46667,0.76719,0.45972,0.60223,0.69151,0.9999,0.75586,0.84873,0.9516,0.74424,0.57884,0.9956,0.74515,0.73565,0.72109,0.61528,93.83,0.9543,live,0.2602,0.1901,98.02,515.68
167274.658080,80.0,0.6616,3,2,0,0.69453,0.47917,0.67031,0.44444,0.65859,0.39722,0.65859,0.35556,0.66250,0.32083,0.68672,0.35556,0.68437,0.30694,0.67734,0.28611,0.66875,0.28056,0.70391,0.35556,0.70703,0.30278,0.70078,0.28333,0.68984,0.28056,0.72031,0.36667,0.72891,0.31667,0.72266,0.29722,0.71094,0.29444,0.73516,0.38611,0.74219,0.34861,0.73750,0.33472,0.72656,0.33333,0.59871,0.68376,0.9999,0.75559,0.78810,0.9553,0.71674,0.47962,0.9960,0.73503,0.68435,0.69453,0.47917,82.49,0.9506,live,0.2500,0.2033,104.33,513.19
167274.725995,80.0,0.7521,3,2,0,0.67734,0.42917,0.65234,0.37917,0.64062,0.32778,0.63984,0.28611,0.64062,0.25278,0.66563,0.29167,0.65859,0.24861,0.65156,0.22361,0.64375,0.20278,0.68047,0.28889,0.67656,0.24583,0.66719,0.21667,0.65703,0.19722,0.69375,0.29583,0.69609,0.25417,0.68828,0.22500,0.67812,0.20694,0.70859,0.30972,0.71406,0.27361,0.70859,0.25000,0.70000,0.23611,0.59635,0.67672,0.9999,0.75604,0.72666,0.9581,0.69096,0.39743,0.9964,0.72349,0.63332,0.67734,0.42917,88.14,0.9475,live,0.2500,0.2440,125.66,515.07
167274.790989,80.0,0.8388,3,2,0,0.66563,0.37500,0.63750,0.32639,0.62422,0.28056,0.62187,0.23750,0.62344,0.20278,0.64609,0.23889,0.63828,0.19861,0.63047,0.17361,0.62422,0.15000,0.65938,0.23333,0.65547,0.19028,0.64844,0.16111,0.64062,0.13889,0.67266,0.23611,0.67109,0.19444,0.66406,0.16667,0.65547,0.14861,0.68672,0.24722,0.68828,0.20833,0.68281,0.18611,0.67422,0.17222,0.59249,0.67072,0.9998,0.75292,0.68997,0.9603,0.66704,0.35409,0.9967,0.71192,0.58165,0.66563,0.37500,87.92,0.9494,live,0.2626,0.3202,165.39,516.57
167274.857356,80.0,0.9273,3,2,0,0.65703,0.33194,0.62813,0.28611,0.61406,0.24306,0.61016,0.20278,0.61094,0.16806,0.63359,0.20139,0.62656,0.16250,0.61797,0.14028,0.60938,0.11944,0.64766,0.19306,0.64453,0.14722,0.63672,0.12083,0.62656,0.10417,0.66094,0.19444,0.66094,0.14861,0.65234,0.12500,0.64062,0.11389,0.67500,0.20278,0.67656,0.16250,0.66953,0.14306,0.65938,0.13333,0.59218,0.67078,0.9999,0.73698,0.63323,0.9621,0.65280,0.32046,0.9970,0.70094,0.53171,0.65703,0.33194,87.05,0.9569,live,0.2863,0.3943,203.97,517.25
167274.922813,120.0,0.0219,3,3,0,0.64844,0.29861,0.62109,0.26667,0.60703,0.22361,0.60391,0.18333,0.60391,0.14861,0.62813,0.17917,0.62109,0.14306,0.61250,0.12361,0.60313,0.10694,0.64219,0.17083,0.63750,0.12500,0.62813,0.10278,0.61719,0.08750,0.65469,0.17083,0.65312,0.12500,0.64297,0.10417,0.63203,0.09306,0.66875,0.17917,0.66875,0.13889,0.66016,0.11944,0.64844,0.10833,0.59204,0.67172,0.9998,0.73206,0.61865,0.9634,0.65008,0.30562,0.9973,0.69044,0.48509,0.64844,0.29861,81.01,0.9639,live,0.3183,0.4639,238.23,513.51
167274.992866,120.0,0.1620,3,3,0,0.64297,0.28750,0.61719,0.25694,0.60313,0.21528,0.60000,0.17917,0.59922,0.14722,0.62422,0.17361,0.61719,0.13750,0.60859,0.11944,0.59922,0.10417,0.63750,0.16528,0.63281,0.12083,0.62344,0.10000,0.61250,0.08611,0.65078,0.16667,0.64844,0.12083,0.63984,0.10000,0.62813,0.09028,0.66406,0.17361,0.66484,0.13472,0.65625,0.11667,0.64453,0.10694,0.59135,0.67200,0.9998,0.72500,0.61486,0.9637,0.64713,0.29662,0.9975,0.68095,0.44557,0.64297,0.28750,77.76,0.9767,live,0.3564,0.5299,269.13,507.88
167275.061271,120.0,0.2988,3,3,0,0.63984,0.29444,0.61406,0.26944,0.60078,0.22639,0.59766,0.18750,0.59766,0.15556,0.62187,0.18194,0.61406,0.14722,0.60625,0.12639,0.59688,0.11111,0.63516,0.17361,0.63047,0.12917,0.62109,0.10694,0.60938,0.09444,0.64766,0.17500,0.64609,0.12778,0.63672,0.10694,0.62500,0.09722,0.66172,0.18194,0.66172,0.14167,0.65234,0.12222,0.64141,0.11528,0.58981,0.66992,0.9998,0.72326,0.62431,0.9633,0.64644,0.30848,0.9976,0.67273,0.41535,0.63984,0.29444,77.03,0.9712,live,0.3895,0.5405,271.53,502.39
167275.124074,120.0,0.4244,3,3,0,0.63516,0.31389,0.61016,0.28889,0.59688,0.24722,0.59375,0.20972,0.59297,0.17778,0.61875,0.20278,0.61172,0.16528,0.60156,0.14583,0.59141,0.13333,0.63125,0.19583,0.62578,0.15000,0.61484,0.12917,0.60313,0.11667,0.64453,0.19722,0.64219,0.14861,0.63203,0.12778,0.62031,0.11944,0.65859,0.20556,0.65859,0.16389,0.65000,0.14583,0.63828,0.14028,0.58983,0.67312,0.9998,0.72200,0.63419,0.9634,0.64406,0.32149,0.9978,0.66521,0.39506,0.63516,0.31389,75.62,0.9730,live,0.4241,0.5814,288.68,496.55
167275.194776,120.0,0.5658,3,3,0,0.62969,0.35278,0.60547,0.33333,0.58984,0.29167,0.58594,0.25417,0.58437,0.22222,0.61172,0.24028,0.60469,0.20000,0.59375,0.18194,0.58281,0.17222,0.62578,0.23333,0.62187,0.18194,0.61094,0.16111,0.59766,0.15833,0.63984,0.23611,0.64062,0.18194,0.63047,0.16528,0.61797,0.16667,0.65312,0.24861,0.65547,0.20556,0.64766,0.18750,0.63594,0.18750,0.58858,0.67351,0.9998,0.72196,0.66605,0.9641,0.64185,0.34513,0.9980,0.65811,0.38660,0.62969,0.35278,76.12,0.9624,live,0.4341,0.4797,235.91,491.77
167275.257172,120.0,0.6906,3,3,0,0.62813,0.39583,0.60000,0.39028,0.58125,0.35833,0.57344,0.32639,0.57422,0.29583,0.60000,0.29444,0.59297,0.24722,0.58203,0.23750,0.57344,0.24861,0.61406,0.28333,0.60781,0.23194,0.59531,0.22778,0.58672,0.24722,0.62969,0.28611,0.62578,0.23750,0.61250,0.23611,0.60313,0.25694,0.64687,0.29861,0.64453,0.26389,0.63438,0.26250,0.62578,0.27778,0.58860,0.67260,0.9998,0.72105,0.72671,0.9631,0.63687,0.40164,0.9982,0.65211,0.38845,0.62813,0.39583,74.61,0.8189,live,0.4445,0.4917,239.22,486.47
167275.326225,120.0,0.8287,3,3,0,0.62187,0.53056,0.59688,0.51806,0.57578,0.47639,0.56406,0.44167,0.56250,0.40833,0.59141,0.41250,0.58594,0.35694,0.57500,0.35694,0.56953,0.37917,0.60781,0.40833,0.60469,0.34861,0.59219,0.35833,0.58750,0.39028,0.62500,0.41389,0.62266,0.35833,0.60938,0.37222,0.60547,0.40139,0.64297,0.42778,0.64141,0.38889,0.63047,0.39722,0.62578,0.42083,0.58929,0.67038,0.9998,0.72773,0.79141,0.9629,0.63217,0.51284,0.9983,0.64606,0.41687,0.62187,0.53056,82.26,0.9875,live,0.4250,0.3361,163.79,487.32
167275.394146,120.0,0.9645,3,3,0,0.61016,0.51667,0.58594,0.51667,0.56563,0.51528,0.55547,0.52361,0.55156,0.53611,0.58281,0.47222,0.57344,0.48611,0.57031,0.51667,0.56953,0.54444,0.60703,0.47778,0.60078,0.49028,0.59453,0.52361,0.59141,0.55556,0.62969,0.49028,0.62500,0.50556,0.61797,0.53472,0.61328,0.56111,0.64922,0.50833,0.65156,0.52500,0.64531,0.54583,0.64062,0.56389,0.59551,0.64982,0.9998,0.74065,0.84556,0.9637,0.63261,0.64204,0.9982,0.63888,0.43683,0.61016,0.51667,53.74,0.9507,live,0.3990,0.2807,131.25,467.54
167275.459936,120.0,0.0961,3,1,1,0.62344,0.74861,0.59531,0.72917,0.57344,0.70000,0.56172,0.68056,0.55391,0.66389,0.59141,0.62361,0.57500,0.60278,0.56172,0.62917,0.55469,0.65694,0.61172,0.62917,0.59844,0.60556,0.58359,0.64167,0.57734,0.67639,0.63047,0.64722,0.62266,0.62361,0.60703,0.65556,0.59766,0.68472,0.64687,0.67500,0.64141,0.66944,0.63047,0.68889,0.62344,0.70833,0.59799,0.65682,0.9998,0.74739,0.90628,0.9647,0.63130,0.74331,0.9981,0.63579,0.49918,0.62344,0.74861,81.79,0.9913,live,0.3682,0.2277,107.07,470.32
167275.526606,120.0,0.2294,3,1,1,0.61484,0.78472,0.58984,0.77083,0.56797,0.75000,0.55391,0.73333,0.55312,0.71806,0.59297,0.67917,0.57891,0.65972,0.56563,0.68056,0.55547,0.70556,0.61250,0.69028,0.60156,0.66667,0.58594,0.69444,0.57578,0.72500,0.62969,0.71111,0.62266,0.69444,0.60703,0.72222,0.59531,0.74861,0.64453,0.74028,0.64219,0.73056,0.63203,0.75000,0.62266,0.76667,0.60044,0.67203,0.9998,0.74701,0.91465,0.9640,0.63214,0.79171,0.9974,0.63160,0.55629,0.61484,0.78472,69.52,0.9937,live,0.3552,0.2965,137.54,463.93
167275.594229,120.0,0.3647,3,1,1,0.62266,0.81667,0.59453,0.80000,0.57031,0.77361,0.55469,0.75694,0.55547,0.74167,0.59453,0.70417,0.57734,0.68472,0.56250,0.70556,0.55078,0.73056,0.61484,0.71111,0.59844,0.69028,0.58203,0.72500,0.57109,0.75417,0.63203,0.73194,0.62187,0.71528,0.60469,0.74861,0.59219,0.77778,0.64687,0.76250,0.64219,0.75417,0.62891,0.77917,0.61719,0.80000,0.60235,0.67937,0.9998,0.74481,0.91855,0.9628,0.63995,0.81463,0.9968,0.62981,0.60837,0.62266,0.81667,73.55,0.9972,live,0.3552,0.3661,168.86,461.22
167275.659613,120.0,0.4955,3,1,1,0.62656,0.82083,0.59609,0.80139,0.57031,0.77917,0.55391,0.76250,0.55312,0.74583,0.59609,0.70278,0.57656,0.69167,0.56250,0.70972,0.55078,0.73056,0.61484,0.71111,0.59766,0.69861,0.58125,0.73333,0.57109,0.76250,0.63203,0.73194,0.62109,0.72083,0.60469,0.75278,0.59219,0.78194,0.64609,0.76389,0.64219,0.75972,0.62969,0.78333,0.61719,0.80278,0.60221,0.68355,0.9998,0.74416,0.92269,0.9622,0.64127,0.81063,0.9965,0.62916,0.65086,0.62656,0.82083,74.90,0.9978,live,0.3689,0.4312,198.27,459.80
167275.724560,120.0,0.6253,3,1,1,0.62656,0.82083,0.59609,0.80000,0.57188,0.77500,0.55625,0.75417,0.55312,0.73889,0.59531,0.70278,0.57891,0.68611,0.56484,0.70417,0.55312,0.72778,0.61484,0.70972,0.60078,0.69306,0.58437,0.72778,0.57422,0.75972,0.63203,0.73056,0.62344,0.71667,0.60625,0.75000,0.59453,0.77917,0.64766,0.76111,0.64297,0.75556,0.62969,0.77917,0.61797,0.79861,0.60211,0.68674,0.9998,0.74365,0.91817,0.9610,0.64168,0.81406,0.9957,0.62864,0.68485,0.62656,0.82083,76.30,0.9968,live,0.3879,0.4744,218.03,459.56
167275.790397,120.0,0.7570,3,1,1,0.63047,0.81389,0.60000,0.79444,0.57500,0.76806,0.56016,0.74583,0.56250,0.73333,0.60000,0.70278,0.58516,0.68056,0.57109,0.69722,0.55937,0.71806,0.61953,0.70972,0.60703,0.68611,0.59062,0.71667,0.57969,0.74861,0.63750,0.72917,0.62734,0.70972,0.61094,0.73750,0.59922,0.76528,0.65312,0.75694,0.64844,0.74861,0.63516,0.76944,0.62422,0.78889,0.60396,0.68664,0.9998,0.74262,0.91838,0.9593,0.64365,0.81160,0.9953,0.62901,0.71066,0.63047,0.81389,73.48,0.9983,live,0.4111,0.5168,236.35,457.31
167275.856843,120.0,0.8899,3,1,1,0.63750,0.80556,0.60781,0.78333,0.58516,0.75556,0.57266,0.73472,0.57500,0.72222,0.61484,0.67917,0.60078,0.67083,0.58672,0.68750,0.57578,0.70833,0.63359,0.69028,0.62266,0.68056,0.60547,0.70694,0.59453,0.73333,0.65078,0.71389,0.64219,0.70278,0.62500,0.72917,0.61328,0.75556,0.66406,0.74722,0.66016,0.74028,0.64844,0.75972,0.63828,0.77778,0.60475,0.68737,0.9998,0.74327,0.92802,0.9587,0.64578,0.81181,0.9950,0.63071,0.72964,0.63750,0.80556,78.13,0.9987,live,0.4342,0.5396,247.49,458.69
167275.927479,120.0,0.0312,3,2,0,0.65469,0.80278,0.62656,0.77917,0.60313,0.74722,0.59062,0.72222,0.59922,0.70833,0.63438,0.68472,0.62344,0.65833,0.61016,0.67778,0.60000,0.70000,0.65469,0.69306,0.64766,0.66806,0.62891,0.69306,0.61562,0.71806,0.67109,0.71528,0.66953,0.69583,0.65234,0.71667,0.63906,0.73889,0.68437,0.74583,0.68750,0.73889,0.67656,0.75139,0.66563,0.76250,0.60963,0.68712,0.9999,0.74742,0.93592,0.9584,0.67136,0.82715,0.9948,0.63550,0.74427,0.65469,0.80278,75.36,0.9970,live,0.4432,0.4843,221.74,457.91
167275.989563,120.0,0.1554,3,2,0,0.67500,0.78889,0.64922,0.76806,0.63125,0.73611,0.62266,0.71389,0.63438,0.70278,0.66328,0.68750,0.66328,0.65972,0.65156,0.67083,0.63984,0.69028,0.68359,0.70000,0.69297,0.66806,0.67812,0.67917,0.66484,0.70000,0.69844,0.72361,0.70937,0.69583,0.70000,0.70556,0.68906,0.72500,0.70859,0.75694,0.72109,0.74167,0.72422,0.74028,0.72422,0.74167,0.61184,0.69268,0.9999,0.75072,0.95959,0.9597,0.69556,0.82105,0.9949,0.64340,0.75319,0.67500,0.78889,66.20,0.9859,live,0.4548,0.5072,228.56,450.62
167276.059415,120.0,0.2951,3,2,0,0.71016,0.80694,0.68594,0.77361,0.67031,0.73611,0.66797,0.70556,0.68437,0.69722,0.70703,0.68750,0.71406,0.65278,0.70781,0.66528,0.70391,0.68472,0.72266,0.70139,0.73984,0.66667,0.73203,0.67500,0.72578,0.69583,0.73516,0.72222,0.75078,0.69722,0.74844,0.70417,0.74609,0.72222,0.74219,0.75000,0.75469,0.73750,0.75703,0.73889,0.75938,0.74444,0.61011,0.69724,0.9999,0.73805,0.95450,0.9579,0.72075,0.83031,0.9950,0.65675,0.76394,0.71016,0.80694,71.35,0.9678,live,0.4548,0.4331,193.99,447.92
167276.127104,120.0,0.4304,3,2,0,0.75000,0.79861,0.72813,0.77361,0.71641,0.73194,0.72109,0.70694,0.73750,0.70000,0.75469,0.68611,0.76172,0.65417,0.75781,0.66667,0.75391,0.69028,0.77656,0.70000,0.79375,0.67083,0.78750,0.67778,0.77812,0.69722,0.79141,0.72500,0.81016,0.70000,0.80469,0.70556,0.79688,0.72083,0.80000,0.75694,0.81641,0.74861,0.82266,0.74306,0.82734,0.74306,0.60600,0.69864,0.9999,0.73160,0.94223,0.9541,0.76909,0.82888,0.9950,0.67540,0.77088,0.75000,0.79861,76.96,0.9768,live,0.4255,0.2923,131.43,449.58
167276.196352,120.0,0.5689,3,2,0,0.76562,0.80972,0.75156,0.76806,0.74844,0.72222,0.76484,0.70278,0.78594,0.70694,0.79219,0.68611,0.80937,0.65833,0.80937,0.67083,0.80469,0.69861,0.81250,0.70417,0.83672,0.67500,0.83672,0.68333,0.83047,0.70694,0.82578,0.73056,0.85000,0.70694,0.85391,0.71389,0.85234,0.73194,0.83281,0.76389,0.85078,0.75278,0.85859,0.75278,0.86172,0.75833,0.60471,0.70067,0.9999,0.72814,0.93733,0.9504,0.78723,0.82585,0.9948,0.69345,0.77865,0.76562,0.80972,90.16,0.9807,live,0.3973,0.2690,123.88,460.55
167276.263504,120.0,0.7032,3,2,0,0.77578,0.80278,0.76172,0.76389,0.76172,0.71944,0.77891,0.70278,0.80000,0.70417,0.80469,0.68889,0.82109,0.66111,0.82500,0.67083,0.82266,0.69861,0.82656,0.70833,0.85000,0.67639,0.85469,0.68611,0.84844,0.71389,0.84062,0.73750,0.86484,0.71250,0.87109,0.72222,0.86406,0.74583,0.84766,0.76944,0.87187,0.75556,0.87813,0.75833,0.87266,0.77222,0.59913,0.70059,0.9999,0.72547,0.92312,0.9486,0.78885,0.82337,0.9944,0.70991,0.78347,0.77578,0.80278,89.76,0.9636,live,0.3741,0.2680,125.95,469.91
167276.330052,120.0,0.8363,3,2,0,0.76953,0.76528,0.79531,0.75278,0.81719,0.71944,0.83203,0.69861,0.84375,0.69167,0.80625,0.66111,0.81797,0.63889,0.83203,0.65694,0.84375,0.67778,0.78984,0.65972,0.80312,0.64028,0.81953,0.65556,0.83125,0.67639,0.77109,0.67222,0.77812,0.64722,0.79375,0.65694,0.80625,0.67361,0.74922,0.69167,0.75078,0.66389,0.76328,0.66389,0.77578,0.67222,0.59918,0.69790,0.9999,0.72708,0.91129,0.9497,0.78838,0.80374,0.9947,0.75003,0.79839,0.76953,0.76528,76.03,0.9807,live,0.3741,0.3573,167.29,468.26
167276.395046,120.0,0.9663,3,2,0,0.76953,0.76528,0.79531,0.75278,0.81719,0.71944,0.83203,0.69861,0.84375,0.69167,0.80625,0.66111,0.81797,0.63889,0.83203,0.65694,0.84375,0.67778,0.78984,0.65972,0.80312,0.64028,0.81953,0.65556,0.83125,0.67639,0.77109,0.67222,0.77812,0.64722,0.79375,0.65694,0.80625,0.67361,0.74922,0.69167,0.75078,0.66389,0.76328,0.66389,0.77578,0.67222,0.60134,0.69643,0.9999,0.75631,0.89839,0.9526,0.76176,0.66498,0.9951,0.75003,0.79839,0.76953,0.76528,76.03,0.5884,hold,0.3741,0.3573,167.29,468.26
167276.458024,120.0,0.0923,3,3,0,0.68359,0.49722,0.65469,0.47361,0.63750,0.43056,0.63438,0.38889,0.63359,0.35278,0.66406,0.38889,0.65625,0.33472,0.64922,0.31111,0.64219,0.29722,0.68359,0.38333,0.67812,0.32778,0.66953,0.30417,0.66094,0.29444,0.70000,0.38611,0.69766,0.33472,0.68828,0.31250,0.67734,0.30556,0.71484,0.39583,0.71719,0.35694,0.71094,0.33750,0.70078,0.32917,0.59845,0.68584,0.9999,0.75286,0.80103,0.9556,0.69375,0.50188,0.9956,0.71381,0.72576,0.68359,0.49722,78.09,0.6342,live,0.3666,0.3324,155.64,468.29
167276.526700,120.0,0.2296,3,3,0,0.64609,0.38333,0.61875,0.35833,0.60313,0.31667,0.59844,0.27778,0.59922,0.24583,0.62578,0.26806,0.61875,0.22361,0.60938,0.20278,0.60000,0.18889,0.64141,0.26250,0.63672,0.21250,0.62656,0.18889,0.61562,0.17500,0.65625,0.26667,0.65625,0.21667,0.64687,0.19306,0.63594,0.17917,0.67109,0.28056,0.67344,0.23750,0.66719,0.21667,0.65859,0.20556,0.59306,0.67409,0.9999,0.73677,0.70904,0.9579,0.64853,0.39596,0.9960,0.70027,0.65727,0.64609,0.38333,78.38,0.9238,live,0.3666,0.3807,178.36,468.52
167276.592324,120.0,0.3609,3,3,0,0.62734,0.34861,0.60156,0.30972,0.58672,0.26667,0.58203,0.22778,0.58047,0.19306,0.60547,0.21806,0.59688,0.18194,0.58828,0.15972,0.57969,0.14167,0.61875,0.21111,0.61328,0.16806,0.60391,0.14306,0.59375,0.12500,0.63203,0.21389,0.62969,0.16944,0.62109,0.14583,0.61094,0.13056,0.64766,0.22361,0.65000,0.18472,0.64453,0.16389,0.63438,0.15000,0.59102,0.67380,0.9999,0.72266,0.65207,0.9601,0.63725,0.34845,0.9963,0.68568,0.59554,0.62734,0.34861,86.38,0.9729,live,0.3721,0.3976,188.64,474.50
167276.662333,120.0,0.5009,3,3,0,0.61875,0.32917,0.59375,0.30139,0.57812,0.25833,0.57344,0.22083,0.57422,0.18889,0.59844,0.21250,0.59062,0.17500,0.58125,0.15417,0.57188,0.14028,0.61172,0.20417,0.60625,0.15694,0.59531,0.13472,0.58437,0.12361,0.62500,0.20556,0.62266,0.15556,0.61328,0.13611,0.60234,0.12778,0.63906,0.21250,0.64062,0.17083,0.63203,0.15139,0.62109,0.14444,0.58980,0.67231,0.9998,0.71023,0.64294,0.9617,0.63126,0.33535,0.9967,0.67230,0.54226,0.61875,0.32917,79.58,0.9789,live,0.3846,0.4413,209.54,474.85
167276.726887,120.0,0.6300,3,3,0,0.61719,0.35139,0.59297,0.33750,0.57812,0.29861,0.57344,0.26250,0.57422,0.23333,0.59844,0.25278,0.59141,0.21250,0.58203,0.19167,0.57188,0.18056,0.61172,0.24583,0.60625,0.20139,0.59688,0.17639,0.58672,0.16250,0.62578,0.24722,0.62266,0.20139,0.61484,0.17778,0.60469,0.16389,0.63984,0.25556,0.64062,0.21528,0.63438,0.19444,0.62500,0.18194,0.58924,0.67009,0.9998,0.71048,0.67480,0.9619,0.63113,0.36104,0.9970,0.66128,0.50409,0.61719,0.35139,69.79,0.9510,live,0.4078,0.5136,240.43,468.12
167276.795168,120.0,0.7666,3,3,0,0.61875,0.44722,0.59609,0.43750,0.57812,0.40417,0.56797,0.37222,0.57109,0.34167,0.59141,0.33750,0.58516,0.28194,0.57578,0.27778,0.57109,0.29722,0.60781,0.33194,0.60156,0.27222,0.59219,0.27361,0.58750,0.30139,0.62422,0.33472,0.61953,0.27778,0.60859,0.28194,0.60469,0.30833,0.64141,0.34583,0.63828,0.30139,0.62891,0.29583,0.62344,0.31250,0.58997,0.67540,0.9998,0.72161,0.77500,0.9632,0.63218,0.43690,0.9972,0.65277,0.49272,0.61875,0.44722,78.35,0.9663,live,0.4316,0.5399,252.86,468.36
167276.860425,120.0,0.8971,3,3,0,0.62500,0.64306,0.59609,0.62500,0.57344,0.58889,0.56172,0.55833,0.56328,0.52778,0.58516,0.50556,0.57500,0.50972,0.57422,0.55000,0.57656,0.58056,0.60469,0.50139,0.59609,0.53056,0.59531,0.57083,0.59688,0.59583,0.62344,0.51389,0.61719,0.54722,0.61484,0.58472,0.61484,0.60833,0.64141,0.53333,0.63828,0.55833,0.63438,0.58611,0.63359,0.60139,0.59398,0.66951,0.9998,0.74138,0.85745,0.9645,0.63690,0.64532,0.9974,0.64722,0.52278,0.62500,0.64306,93.27,0.9796,live,0.4502,0.5350,256.43,479.31
167276.927392,120.0,0.0310,3,1,1,0.62344,0.71806,0.60078,0.73333,0.58281,0.74444,0.57344,0.75417,0.57109,0.76528,0.60156,0.70972,0.58828,0.71944,0.58125,0.74583,0.57812,0.76806,0.62187,0.71528,0.61250,0.72917,0.60469,0.76667,0.60156,0.79444,0.63984,0.72778,0.63750,0.74444,0.62969,0.77917,0.62500,0.80556,0.65391,0.74444,0.65625,0.76667,0.65078,0.79444,0.64687,0.81250,0.60225,0.68103,0.9998,0.74406,0.89546,0.9632,0.64414,0.79077,0.9961,0.64246,0.56184,0.62344,0.71806,36.59,0.9680,live,0.4734,0.5793,259.61,448.14
167276.990426,120.0,0.1571,3,1,1,0.65859,0.78889,0.63281,0.78750,0.60938,0.79028,0.59062,0.80417,0.57734,0.81944,0.61641,0.75556,0.59688,0.76250,0.58594,0.79028,0.57734,0.81944,0.63516,0.76806,0.61875,0.78194,0.60781,0.82083,0.59766,0.85139,0.65078,0.78611,0.64062,0.80972,0.62891,0.84583,0.62031,0.87222,0.66250,0.80694,0.65391,0.83333,0.64531,0.85833,0.63828,0.87778,0.60758,0.68951,0.9998,0.75135,0.91159,0.9614,0.66498,0.84343,0.9953,0.64569,0.60725,0.65859,0.78889,44.05,0.5381,live,0.4656,0.4484,191.04,426.08
167277.061445,120.0,0.2991,3,1,1,0.66875,0.81389,0.63984,0.81111,0.61484,0.81389,0.59844,0.82778,0.59531,0.83889,0.62578,0.76806,0.60391,0.77639,0.59062,0.80139,0.58203,0.82639,0.64141,0.77917,0.62344,0.79167,0.60703,0.82639,0.59609,0.85556,0.65703,0.80417,0.64531,0.82500,0.62969,0.85417,0.61797,0.87639,0.67031,0.83333,0.65938,0.85556,0.64844,0.87639,0.64062,0.89028,0.60819,0.69822,0.9998,0.75042,0.91813,0.9595,0.67919,0.85414,0.9945,0.65030,0.64858,0.66875,0.81389,48.79,0.9647,live,0.4431,0.3406,139.69,410.08
167277.125169,120.0,0.4266,3,1,1,0.66641,0.84722,0.63359,0.83750,0.61094,0.82083,0.59688,0.81250,0.59375,0.81389,0.62891,0.76250,0.61484,0.76528,0.60391,0.78333,0.59531,0.80556,0.64766,0.77361,0.63516,0.77083,0.62031,0.80278,0.60938,0.83611,0.66563,0.79583,0.66172,0.79861,0.64609,0.82917,0.63359,0.85833,0.68047,0.82639,0.67812,0.83194,0.66875,0.85278,0.66094,0.87361,0.60786,0.69747,0.9998,0.74957,0.92667,0.9562,0.68286,0.84748,0.9930,0.65352,0.68831,0.66641,0.84722,59.92,0.9846,live,0.4342,0.3938,159.08,404.01
167277.196494,120.0,0.5692,3,1,1,0.66953,0.84306,0.64375,0.82778,0.62344,0.80972,0.61250,0.79306,0.62187,0.78472,0.65000,0.73889,0.63984,0.73750,0.63125,0.75833,0.62500,0.77639,0.66641,0.74583,0.65781,0.74583,0.64609,0.76667,0.63750,0.78472,0.68047,0.76389,0.67266,0.76667,0.66016,0.78472,0.65000,0.80139,0.69219,0.79028,0.68594,0.80000,0.67734,0.81667,0.66875,0.82778,0.60817,0.69803,0.9998,0.75031,0.93218,0.9548,0.68938,0.84665,0.9923,0.65672,0.71926,0.66953,0.84306,65.61,0.9982,live,0.4342,0.4159,167.52,402.77
167277.259703,120.0,0.6956,3,1,1,0.66953,0.84306,0.64375,0.82778,0.62344,0.80972,0.61250,0.79306,0.62187,0.78472,0.65000,0.73889,0.63984,0.73750,0.63125,0.75833,0.62500,0.77639,0.66641,0.74583,0.65781,0.74583,0.64609,0.76667,0.63750,0.78472,0.68047,0.76389,0.67266,0.76667,0.66016,0.78472,0.65000,0.80139,0.69219,0.79028,0.68594,0.80000,0.67734,0.81667,0.66875,0.82778,0.60934,0.71180,0.9999,0.75012,0.96727,0.9549,0.73451,0.85210,0.9925,0.65672,0.71926,0.66953,0.84306,65.61,0.5989,hold,0.4342,0.4159,167.52,402.77
167277.322823,120.0,0.8219,3,1,1,0.76250,0.80833,0.74297,0.76806,0.74375,0.72639,0.75469,0.71528,0.77187,0.72778,0.78594,0.70278,0.80078,0.67500,0.79297,0.68333,0.78359,0.70556,0.80703,0.72361,0.83125,0.69306,0.81719,0.70139,0.80156,0.72778,0.82266,0.74722,0.84844,0.72083,0.83750,0.72361,0.81953,0.74722,0.83359,0.77639,0.85781,0.76528,0.85547,0.76528,0.84141,0.77639,0.60831,0.71044,0.9999,0.73280,0.95879,0.9497,0.79157,0.81964,0.9927,0.67788,0.73707,0.76250,0.80833,84.97,0.9542,live,0.4342,0.4371,181.68,415.61
167277.391086,120.0,0.9584,3,1,1,0.78359,0.80556,0.77500,0.75694,0.77969,0.71250,0.80000,0.69722,0.82109,0.69722,0.82344,0.69028,0.83984,0.66528,0.84531,0.67222,0.84531,0.69583,0.84375,0.70972,0.86406,0.68472,0.87187,0.69167,0.86875,0.71389,0.85625,0.73611,0.87734,0.71806,0.88672,0.72083,0.88438,0.73750,0.86250,0.76806,0.88359,0.76111,0.89531,0.76389,0.89844,0.77222,0.60611,0.70936,0.9999,0.73366,0.94927,0.9504,0.80494,0.80827,0.9928,0.69902,0.75077,0.78359,0.80556,95.11,0.9681,live,0.4387,0.4592,199.40,434.22
167277.461675,120.0,0.0996,3,2,0,0.79063,0.79306,0.77969,0.75000,0.78516,0.70278,0.80625,0.68889,0.82656,0.69028,0.82969,0.68194,0.84688,0.65556,0.85313,0.66250,0.85156,0.68611,0.84922,0.70278,0.87187,0.67083,0.87969,0.68056,0.87500,0.70833,0.86094,0.72917,0.88594,0.70694,0.89531,0.71389,0.89219,0.73472,0.86641,0.76111,0.88906,0.75417,0.90000,0.75694,0.90234,0.76806,0.60564,0.70874,0.9999,0.73249,0.94035,0.9490,0.80509,0.80391,0.9927,0.71734,0.75923,0.79063,0.79306,91.79,0.9812,live,0.4336,0.3825,171.42,448.20
167277.529289,120.0,0.2348,3,2,0,0.78359,0.78056,0.77187,0.74167,0.77500,0.69861,0.79297,0.68333,0.81328,0.68333,0.82031,0.67361,0.83750,0.64722,0.83984,0.65556,0.83594,0.68056,0.83906,0.69306,0.86328,0.66111,0.86641,0.67222,0.85938,0.69861,0.85078,0.71944,0.87656,0.69861,0.88203,0.70556,0.87500,0.72639,0.85547,0.75278,0.87891,0.74722,0.88906,0.75000,0.88984,0.75972,0.60368,0.70854,0.9999,0.73040,0.93714,0.9485,0.79837,0.80168,0.9930,0.73059,0.76349,0.78359,0.78056,87.98,0.9749,live,0.4289,0.2882,131.94,457.76
167277.595775,120.0,0.3678,3,2,0,0.77109,0.77222,0.75547,0.73333,0.75547,0.68750,0.77109,0.67222,0.78984,0.67083,0.80000,0.65833,0.81250,0.63056,0.81328,0.64167,0.80859,0.66806,0.82109,0.67778,0.84219,0.64722,0.84297,0.65694,0.83437,0.68194,0.83516,0.70417,0.85703,0.67917,0.86016,0.68889,0.85234,0.71250,0.84219,0.73750,0.86328,0.72639,0.87031,0.73194,0.86797,0.74861,0.60367,0.70801,0.9999,0.73357,0.93024,0.9494,0.79309,0.78475,0.9931,0.73869,0.76524,0.77109,0.77222,89.06,0.9634,live,0.4060,0.3018,140.91,466.95
167277.662214,120.0,0.5007,3,2,0,0.75938,0.73611,0.74531,0.70556,0.74141,0.67083,0.74766,0.65278,0.75703,0.63750,0.77187,0.63333,0.77812,0.59306,0.77500,0.60000,0.77109,0.62361,0.78984,0.64861,0.80469,0.60694,0.80078,0.61250,0.79375,0.63611,0.80469,0.67083,0.82188,0.63750,0.81953,0.64028,0.81250,0.66111,0.81563,0.69861,0.83437,0.67917,0.83516,0.67917,0.82891,0.69306,0.60388,0.69525,0.9999,0.74486,0.90239,0.9517,0.78232,0.72734,0.9935,0.74283,0.75941,0.75938,0.73611,74.95,0.9588,live,0.3821,0.2732,127.03,464.88
167277.725940,120.0,0.6281,3,2,0,0.72578,0.62639,0.70312,0.59306,0.68672,0.55694,0.68516,0.53333,0.69531,0.52361,0.71250,0.50000,0.71406,0.46250,0.71953,0.48472,0.72344,0.51250,0.73203,0.51250,0.74062,0.48472,0.74609,0.51250,0.74844,0.54306,0.74922,0.53056,0.75781,0.51111,0.76250,0.53611,0.76094,0.56250,0.76328,0.55417,0.77187,0.54028,0.77187,0.55417,0.76875,0.56944,0.60425,0.69434,0.9999,0.76425,0.87500,0.9546,0.75190,0.63911,0.9941,0.73942,0.73281,0.72578,0.62639,80.38,0.9727,live,0.3577,0.2464,115.08,466.97
167277.793526,120.0,0.7633,3,2,0,0.69219,0.48333,0.66875,0.45556,0.65234,0.41528,0.64531,0.37778,0.64375,0.34306,0.67578,0.36667,0.67266,0.31667,0.66328,0.29861,0.65312,0.29167,0.69141,0.36806,0.69141,0.31250,0.67969,0.30000,0.66719,0.30278,0.70625,0.37778,0.70781,0.32639,0.69375,0.31806,0.68047,0.32222,0.72109,0.39583,0.72109,0.35694,0.71094,0.34722,0.69922,0.34861,0.59984,0.68151,0.9999,0.76329,0.78338,0.9569,0.71521,0.48074,0.9946,0.72997,0.68291,0.69219,0.48333,76.08,0.9586,live,0.3417,0.2687,125.14,465.71
167277.860854,120.0,0.8979,3,2,0,0.66563,0.36667,0.63906,0.34167,0.62422,0.29861,0.61953,0.25833,0.61875,0.22639,0.64609,0.24861,0.63984,0.20556,0.63125,0.18333,0.62266,0.16667,0.66094,0.24444,0.65547,0.19444,0.64453,0.17222,0.63203,0.15972,0.67422,0.24861,0.67188,0.20000,0.66016,0.18056,0.64687,0.17083,0.68750,0.26111,0.68672,0.22083,0.67812,0.20556,0.66641,0.20000,0.59690,0.67201,0.9998,0.75371,0.68472,0.9594,0.66825,0.36562,0.9951,0.71710,0.61966,0.66563,0.36667,77.89,0.9004,live,0.3319,0.2871,133.78,465.91
167277.926215,120.0,0.0287,3,3,0,0.64844,0.32778,0.62187,0.28611,0.60859,0.24583,0.60391,0.20694,0.60313,0.17222,0.62813,0.20000,0.61953,0.16250,0.61016,0.14028,0.60156,0.11944,0.63984,0.19306,0.63359,0.15000,0.62266,0.12500,0.61172,0.10833,0.65156,0.19444,0.64766,0.15278,0.63750,0.12917,0.62500,0.11667,0.66406,0.20417,0.66563,0.16528,0.65859,0.14444,0.64844,0.13333,0.59568,0.66761,0.9998,0.74020,0.62620,0.9615,0.65120,0.32054,0.9956,0.70337,0.56129,0.64844,0.32778,82.64,0.9526,live,0.3319,0.3348,157.19,469.50
167277.993908,120.0,0.1640,3,3,0,0.63359,0.29028,0.60859,0.26111,0.59453,0.22361,0.58984,0.18889,0.58906,0.15833,0.61094,0.17917,0.60313,0.14444,0.59531,0.12500,0.58672,0.10833,0.62344,0.17083,0.61719,0.12778,0.60703,0.10694,0.59688,0.09444,0.63516,0.16944,0.63203,0.12361,0.62187,0.10694,0.61016,0.09861,0.64844,0.17639,0.64922,0.13889,0.64141,0.12083,0.63047,0.11250,0.59579,0.66830,0.9998,0.73129,0.60138,0.9636,0.64712,0.30991,0.9960,0.68942,0.50708,0.63359,0.29028,76.07,0.9664,live,0.3483,0.4232,198.05,467.93
167278.058013,120.0,0.2923,3,3,0,0.62422,0.28750,0.60000,0.26667,0.58594,0.22917,0.58203,0.19444,0.58047,0.16667,0.60469,0.18750,0.59531,0.15417,0.58672,0.13472,0.57812,0.11944,0.61641,0.17778,0.60781,0.13889,0.59766,0.11806,0.58672,0.10417,0.62813,0.17500,0.62187,0.13611,0.61172,0.11806,0.60078,0.10833,0.64062,0.17917,0.63906,0.14306,0.63047,0.12639,0.62109,0.11806,0.59384,0.66825,0.9998,0.72428,0.60136,0.9646,0.63877,0.30274,0.9963,0.67638,0.46317,0.62422,0.28750,70.75,0.9372,live,0.3765,0.5047,233.53,462.72
167278.125838,120.0,0.4279,3,3,0,0.61875,0.31250,0.59609,0.29583,0.58125,0.26111,0.57656,0.22778,0.57578,0.19861,0.60078,0.21667,0.59141,0.18194,0.58203,0.16250,0.57344,0.14861,0.61250,0.20694,0.60625,0.16250,0.59453,0.14306,0.58359,0.13472,0.62500,0.20556,0.62109,0.15972,0.61016,0.14167,0.59922,0.13611,0.63750,0.20972,0.63594,0.16944,0.62734,0.15278,0.61641,0.14861,0.59179,0.66923,0.9998,0.71861,0.62534,0.9656,0.63578,0.32264,0.9966,0.66485,0.43303,0.61875,0.31250,68.55,0.9581,live,0.4109,0.5677,259.18,456.55
167278.194846,120.0,0.5659,3,3,0,0.61172,0.35556,0.59062,0.34583,0.57578,0.31389,0.56953,0.28333,0.56875,0.25556,0.59453,0.26389,0.58672,0.22222,0.57578,0.20556,0.56563,0.20556,0.60625,0.25556,0.60000,0.20417,0.58672,0.19444,0.57500,0.20556,0.61953,0.25833,0.61641,0.20556,0.60234,0.19861,0.59141,0.21111,0.63281,0.26944,0.63203,0.22639,0.62109,0.21389,0.61016,0.21944,0.59086,0.66942,0.9998,0.71660,0.65607,0.9650,0.63048,0.32794,0.9969,0.65422,0.41754,0.61172,0.35556,64.67,0.9397,live,0.4473,0.6130,274.84,448.33
167278.263524,120.0,0.7033,3,3,0,0.61562,0.48333,0.59062,0.47222,0.57109,0.43750,0.55937,0.40417,0.55703,0.37500,0.58828,0.38056,0.58047,0.33194,0.56953,0.32083,0.56328,0.32639,0.60234,0.37361,0.59453,0.32500,0.58359,0.32222,0.57812,0.33611,0.61562,0.37500,0.60938,0.32778,0.59766,0.32917,0.59297,0.34583,0.62969,0.38056,0.62422,0.34028,0.61406,0.33750,0.60938,0.35000,0.58895,0.67579,0.9998,0.71814,0.77959,0.9641,0.62335,0.46885,0.9972,0.64650,0.43070,0.61562,0.48333,72.96,0.7842,live,0.4699,0.5732,256.26,447.06
167278.327110,120.0,0.8304,3,3,0,0.61484,0.64028,0.58437,0.62361,0.55859,0.59167,0.54531,0.56389,0.54766,0.53889,0.57344,0.50556,0.56016,0.52500,0.55703,0.56111,0.55937,0.59028,0.59375,0.50556,0.57969,0.54583,0.57891,0.58194,0.58281,0.60417,0.61250,0.52083,0.60156,0.55972,0.60078,0.59167,0.60391,0.61111,0.62969,0.54167,0.62422,0.56944,0.62109,0.59306,0.62109,0.60694,0.59405,0.65580,0.9998,0.73678,0.85058,0.9638,0.62291,0.64296,0.9971,0.64017,0.47261,0.61484,0.64028,90.32,0.9908,live,0.4699,0.4864,222.98,458.44
167278.395039,120.0,0.9663,3,3,0,0.61641,0.77222,0.59297,0.76111,0.56875,0.74861,0.55391,0.74028,0.55547,0.73056,0.58203,0.68056,0.57031,0.67500,0.56406,0.70417,0.56406,0.72639,0.60391,0.68889,0.59297,0.68194,0.58359,0.72083,0.58281,0.74583,0.62422,0.70972,0.61641,0.70694,0.60703,0.74306,0.60313,0.76667,0.64062,0.73750,0.63516,0.74861,0.62813,0.77083,0.62500,0.78472,0.60278,0.66761,0.9998,0.73923,0.91459,0.9625,0.62698,0.78019,0.9965,0.63542,0.53254,0.61641,0.77222,66.68,0.9949,live,0.4568,0.3969,179.20,451.44
167278.458427,120.0,0.0931,3,1,1,0.61641,0.80972,0.59453,0.80278,0.57578,0.79306,0.56172,0.78750,0.55781,0.78472,0.60156,0.71944,0.58359,0.72639,0.57031,0.75000,0.55937,0.77500,0.61953,0.73056,0.60156,0.74444,0.58594,0.78056,0.57500,0.80833,0.63438,0.75556,0.62500,0.76944,0.61016,0.80556,0.59922,0.83333,0.64609,0.78611,0.63906,0.79861,0.62891,0.82361,0.61953,0.84306,0.60618,0.68880,0.9998,0.73878,0.94064,0.9605,0.63646,0.81358,0.9953,0.63162,0.58797,0.61641,0.80972,60.25,0.9977,live,0.4490,0.4132,182.08,440.65
167278.524929,120.0,0.2261,3,1,1,0.63047,0.84861,0.60391,0.83056,0.58281,0.80972,0.56563,0.79722,0.55391,0.78472,0.60625,0.73194,0.58594,0.72917,0.56953,0.75000,0.55625,0.77083,0.62422,0.74167,0.60469,0.74583,0.58437,0.77639,0.57031,0.80000,0.63906,0.76667,0.62578,0.77639,0.60781,0.80694,0.59375,0.83056,0.64922,0.80139,0.64219,0.81250,0.62813,0.83611,0.61562,0.85556,0.60938,0.69443,0.9998,0.74525,0.93648,0.9593,0.64913,0.84320,0.9946,0.63139,0.64010,0.63047,0.84861,70.72,0.9955,live,0.4440,0.4214,184.85,438.69
167278.596890,120.0,0.3700,3,1,1,0.63281,0.83889,0.60313,0.82361,0.58047,0.80000,0.56328,0.78333,0.55625,0.76806,0.60547,0.72222,0.58516,0.72083,0.57031,0.74167,0.55859,0.76389,0.62344,0.73333,0.60391,0.73750,0.58516,0.76806,0.57266,0.79306,0.63984,0.75833,0.62656,0.76389,0.60938,0.79444,0.59766,0.82083,0.65156,0.79306,0.64531,0.79722,0.63125,0.82083,0.62031,0.84028,0.60901,0.69492,0.9998,0.74142,0.94503,0.9566,0.64855,0.82650,0.9941,0.63167,0.67986,0.63281,0.83889,71.68,0.9995,live,0.4440,0.4512,197.45,437.66
167278.658531,120.0,0.4933,3,1,1,0.64453,0.83056,0.61641,0.81111,0.59453,0.78889,0.57891,0.77361,0.57266,0.75972,0.61875,0.71944,0.60313,0.70972,0.58906,0.72500,0.57578,0.74444,0.63828,0.72917,0.62500,0.72222,0.60703,0.75000,0.59375,0.77361,0.65469,0.75278,0.64766,0.74861,0.62969,0.77639,0.61641,0.80139,0.66797,0.78333,0.66328,0.78472,0.65156,0.80139,0.64219,0.81528,0.60877,0.69448,0.9998,0.73982,0.94648,0.9527,0.64935,0.82914,0.9936,0.63424,0.71000,0.64453,0.83056,70.83,0.9978,live,0.4528,0.4927,214.88,436.14
167278.727401,120.0,0.6310,3,1,1,0.66406,0.82361,0.63828,0.79444,0.61953,0.77083,0.60938,0.75278,0.61719,0.74444,0.65547,0.69722,0.63984,0.69861,0.62656,0.71528,0.61719,0.73056,0.66875,0.70278,0.65000,0.70694,0.63516,0.72222,0.62422,0.73472,0.67969,0.72222,0.66250,0.73194,0.65078,0.74167,0.64141,0.75139,0.68750,0.75278,0.67734,0.76389,0.66953,0.77083,0.66172,0.77500,0.61558,0.69817,0.9998,0.74446,0.97444,0.9540,0.68607,0.83889,0.9936,0.64021,0.73272,0.66406,0.82361,73.83,0.9956,live,0.4655,0.5236,228.81,436.96
167278.791584,120.0,0.7594,3,1,1,0.70625,0.82361,0.71484,0.78194,0.71641,0.74583,0.71562,0.71528,0.71719,0.69444,0.70937,0.71944,0.71016,0.69028,0.72109,0.69167,0.73125,0.70000,0.69922,0.72361,0.70391,0.69583,0.71641,0.70000,0.72891,0.70972,0.68828,0.73194,0.69219,0.70694,0.70469,0.70694,0.71875,0.71528,0.67578,0.74583,0.67656,0.72361,0.68750,0.71806,0.70156,0.71806,0.61512,0.70728,0.9998,0.73499,0.97991,0.9504,0.72068,0.84502,0.9937,0.70625,0.82361,0.70625,0.82361,65.73,0.7872,live,0.5100,0.7125,307.68,431.85
167278.861269,120.0,0.8988,3,1,1,0.75156,0.81944,0.73516,0.77778,0.73359,0.73611,0.74531,0.72083,0.76250,0.72639,0.77656,0.70694,0.79063,0.67778,0.78828,0.69167,0.78203,0.71389,0.79766,0.72917,0.81953,0.69722,0.81172,0.71250,0.79844,0.73889,0.81250,0.75694,0.83750,0.73056,0.83359,0.73889,0.81953,0.76111,0.82188,0.78750,0.84375,0.77778,0.84766,0.78194,0.83984,0.79583,0.61191,0.70782,0.9998,0.72358,0.97118,0.9455,0.76929,0.83362,0.9938,0.66248,0.75007,0.75156,0.81944,87.45,0.9795,live,0.5395,0.6742,298.69,442.99
167278.924820,120.0,0.0259,3,2,0,0.76797,0.81250,0.75156,0.77778,0.75234,0.73472,0.76875,0.71806,0.78828,0.71528,0.79453,0.70694,0.81172,0.67361,0.81641,0.68472,0.81328,0.71389,0.81641,0.72500,0.83828,0.69028,0.84219,0.70556,0.83594,0.73333,0.83047,0.75000,0.85469,0.72639,0.86016,0.73750,0.85234,0.76389,0.83828,0.78194,0.86328,0.77222,0.87031,0.77917,0.86562,0.79583,0.60516,0.70578,0.9998,0.72221,0.94720,0.9425,0.79029,0.83163,0.9936,0.68358,0.76255,0.76797,0.81250,85.52,0.9695,live,0.5502,0.5987,270.28,451.41
167278.996656,120.0,0.1695,3,2,0,0.76953,0.80972,0.75469,0.77639,0.75469,0.73611,0.77031,0.72361,0.78984,0.71944,0.79688,0.70694,0.81172,0.67778,0.81563,0.68750,0.81406,0.71389,0.81719,0.72500,0.83906,0.69028,0.84375,0.70278,0.83828,0.73194,0.83125,0.75000,0.85469,0.72639,0.86016,0.73750,0.85234,0.76389,0.83984,0.78056,0.86328,0.77083,0.87109,0.77639,0.86641,0.79306,0.60442,0.70850,0.9999,0.72176,0.94711,0.9425,0.78930,0.82830,0.9936,0.70077,0.77199,0.76953,0.80972,84.23,0.9694,live,0.5278,0.4255,194.85,457.89
167279.060859,120.0,0.2979,3,2,0,0.76875,0.80833,0.75234,0.77639,0.75156,0.73611,0.76562,0.72083,0.78594,0.71667,0.79297,0.70694,0.80781,0.67639,0.81094,0.68750,0.80859,0.71528,0.81328,0.72361,0.83594,0.68889,0.83828,0.70417,0.83125,0.73472,0.82734,0.75000,0.85078,0.72222,0.85547,0.73611,0.84844,0.76389,0.83594,0.77917,0.85938,0.76806,0.86719,0.77639,0.86328,0.79444,0.60391,0.70728,0.9999,0.72212,0.94152,0.9408,0.78557,0.82650,0.9935,0.71436,0.77926,0.76875,0.80833,81.75,0.9625,live,0.4988,0.3671,169.52,461.80
167279.126386,120.0,0.4290,3,2,0,0.76094,0.80278,0.74375,0.76944,0.73984,0.72639,0.75313,0.70972,0.77187,0.70417,0.77969,0.69444,0.79531,0.66389,0.79766,0.67222,0.79375,0.69861,0.80156,0.71250,0.82266,0.67917,0.82578,0.69306,0.81953,0.72083,0.81641,0.73889,0.83906,0.71111,0.84375,0.72500,0.83750,0.75139,0.82578,0.76944,0.84844,0.75417,0.85547,0.76389,0.85156,0.78333,0.60391,0.70713,0.9999,0.72399,0.94251,0.9419,0.77961,0.82341,0.9935,0.72368,0.78396,0.76094,0.80278,82.81,0.9596,live,0.4696,0.3364,156.79,466.01
167279.194904,120.0,0.5660,3,2,0,0.75000,0.77222,0.73438,0.73889,0.72969,0.70000,0.73672,0.68194,0.74844,0.66944,0.76328,0.65972,0.76953,0.62083,0.77031,0.62917,0.77109,0.65694,0.78281,0.67500,0.79844,0.63472,0.80078,0.64722,0.79688,0.67639,0.79844,0.69861,0.81563,0.66806,0.81797,0.68194,0.81328,0.70694,0.80937,0.73056,0.82891,0.71389,0.83281,0.71944,0.82891,0.73611,0.60457,0.70701,0.9999,0.73034,0.93449,0.9455,0.77632,0.78895,0.9939,0.72894,0.78161,0.75000,0.77222,81.02,0.9805,live,0.4473,0.3456,161.91,468.42
167279.262290,120.0,0.7008,3,2,0,0.73125,0.69861,0.76094,0.65972,0.78125,0.62361,0.78828,0.59722,0.78594,0.58472,0.75469,0.56111,0.76328,0.52500,0.77266,0.55556,0.77891,0.59306,0.73594,0.56389,0.74062,0.51389,0.75156,0.53889,0.75938,0.57222,0.71719,0.57639,0.71562,0.52500,0.72578,0.53889,0.73438,0.56528,0.69766,0.59722,0.69375,0.55972,0.70312,0.56111,0.71328,0.57500,0.60667,0.70390,0.9999,0.75478,0.93377,0.9487,0.75565,0.70813,0.9944,0.71125,0.79861,0.73125,0.69861,90.71,0.9268,live,0.4162,0.2745,131.09,477.52
167279.326137,120.0,0.8285,3,2,0,0.69609,0.55417,0.66953,0.52361,0.65625,0.47917,0.65625,0.43750,0.66016,0.40139,0.68594,0.44028,0.68203,0.38889,0.67656,0.36667,0.67109,0.35278,0.70625,0.44028,0.70859,0.38889,0.70469,0.36667,0.69766,0.35556,0.72266,0.44861,0.72578,0.40278,0.72188,0.38194,0.71406,0.37083,0.73672,0.46250,0.74062,0.42639,0.73672,0.40833,0.72969,0.39861,0.60047,0.70121,0.9999,0.75114,0.84829,0.9507,0.71596,0.56629,0.9948,0.72237,0.73612,0.69609,0.55417,79.25,0.6642,live,0.3907,0.2746,131.09,477.28
167279.391616,120.0,0.9595,3,2,0,0.66484,0.44167,0.64062,0.41250,0.62734,0.37083,0.62578,0.33194,0.62891,0.29861,0.65391,0.32778,0.64844,0.28056,0.64141,0.25556,0.63281,0.23889,0.66953,0.32500,0.66875,0.26944,0.66094,0.24306,0.65000,0.22917,0.68359,0.33056,0.68516,0.27778,0.67500,0.25278,0.66406,0.24167,0.69766,0.34444,0.70234,0.30278,0.69609,0.27917,0.68594,0.26806,0.59257,0.68477,0.9998,0.74941,0.76842,0.9534,0.67358,0.44729,0.9953,0.71087,0.67723,0.66484,0.44167,76.58,0.9455,live,0.3666,0.2567,121.96,475.14
167279.459685,120.0,0.0956,3,3,0,0.64766,0.39861,0.62266,0.35417,0.60938,0.31250,0.60703,0.27361,0.60859,0.24028,0.62969,0.26944,0.62344,0.23056,0.61562,0.20833,0.60781,0.19028,0.64297,0.26528,0.63906,0.22222,0.63125,0.19583,0.62187,0.17500,0.65625,0.26806,0.65469,0.22500,0.64766,0.19722,0.63828,0.17778,0.67031,0.27917,0.67344,0.24167,0.66953,0.21806,0.66172,0.20000,0.59254,0.67686,0.9998,0.73941,0.70323,0.9573,0.64830,0.39410,0.9958,0.69823,0.62151,0.64766,0.39861,83.80,0.9020,live,0.3583,0.3204,153.29,478.47
167279.525698,120.0,0.2276,3,3,0,0.63438,0.35694,0.60781,0.32500,0.59453,0.28611,0.59062,0.24722,0.59219,0.21528,0.61250,0.24306,0.60547,0.20694,0.59766,0.18611,0.58984,0.16806,0.62578,0.23333,0.62187,0.19028,0.61328,0.16806,0.60313,0.15417,0.63906,0.23194,0.63828,0.18750,0.62891,0.16667,0.61797,0.15694,0.65312,0.23889,0.65469,0.20000,0.64687,0.17917,0.63594,0.16944,0.59266,0.67723,0.9998,0.72856,0.66408,0.9589,0.64423,0.36933,0.9962,0.68546,0.56860,0.63438,0.35694,79.18,0.9788,live,0.3583,0.3655,174.72,478.06
167279.592880,120.0,0.3620,3,3,0,0.62578,0.34444,0.60078,0.31806,0.58750,0.28056,0.58359,0.24306,0.58672,0.21528,0.60938,0.24028,0.60156,0.20694,0.59297,0.18750,0.58516,0.17083,0.62109,0.23194,0.61562,0.19167,0.60625,0.17083,0.59609,0.15417,0.63359,0.23056,0.63125,0.18750,0.62266,0.16806,0.61250,0.15556,0.64687,0.23611,0.64687,0.19861,0.63984,0.18056,0.62969,0.16944,0.58896,0.67688,0.9998,0.71628,0.65404,0.9592,0.63727,0.35452,0.9965,0.67352,0.52376,0.62578,0.34444,72.44,0.9707,live,0.3738,0.4446,210.22,472.85
167279.657486,120.0,0.4912,3,3,0,0.62187,0.35694,0.59766,0.33611,0.58437,0.29722,0.58203,0.26111,0.58281,0.23194,0.60625,0.25556,0.59844,0.22083,0.58984,0.20139,0.58203,0.18750,0.61875,0.24722,0.61328,0.20556,0.60391,0.18472,0.59453,0.17222,0.63047,0.24861,0.62813,0.20417,0.61875,0.18333,0.60938,0.17222,0.64375,0.25556,0.64453,0.21667,0.63750,0.19861,0.62734,0.18889,0.58752,0.67728,0.9998,0.71370,0.66993,0.9600,0.63366,0.37027,0.9968,0.66319,0.49040,0.62187,0.35694,70.24,0.9747,live,0.3981,0.5086,237.34,466.68
167279.730590,120.0,0.6374,3,3,0,0.62031,0.39444,0.59688,0.37917,0.58125,0.34028,0.57656,0.30278,0.57734,0.27500,0.60234,0.29167,0.59531,0.25139,0.58594,0.23472,0.57500,0.22361,0.61641,0.28333,0.61172,0.23472,0.60156,0.21389,0.58984,0.20833,0.62969,0.28611,0.62969,0.23472,0.61953,0.21806,0.60859,0.21389,0.64219,0.29583,0.64297,0.25278,0.63438,0.23472,0.62344,0.22917,0.58778,0.67761,0.9998,0.71489,0.70350,0.9602,0.63087,0.39087,0.9971,0.65462,0.47121,0.62031,0.39444,71.26,0.9496,live,0.4255,0.5502,254.20,461.99
167279.793583,120.0,0.7634,3,3,0,0.62031,0.39444,0.59688,0.37917,0.58125,0.34028,0.57656,0.30278,0.57734,0.27500,0.60234,0.29167,0.59531,0.25139,0.58594,0.23472,0.57500,0.22361,0.61641,0.28333,0.61172,0.23472,0.60156,0.21389,0.58984,0.20833,0.62969,0.28611,0.62969,0.23472,0.61953,0.21806,0.60859,0.21389,0.64219,0.29583,0.64297,0.25278,0.63438,0.23472,0.62344,0.22917,0.58883,0.67781,0.9998,0.72239,0.78031,0.9604,0.63010,0.46976,0.9973,0.65462,0.47121,0.62031,0.39444,71.26,0.5697,hold,0.4255,0.5502,254.20,461.99
167279.864882,120.0,0.9060,3,3,0,0.62187,0.61944,0.59453,0.60139,0.57188,0.57083,0.55859,0.54722,0.55312,0.52222,0.58672,0.49861,0.57812,0.46250,0.57188,0.48889,0.57188,0.51806,0.60391,0.49861,0.59688,0.46111,0.59141,0.49167,0.59219,0.52361,0.62109,0.50694,0.61562,0.47500,0.60938,0.50556,0.61016,0.53611,0.63828,0.52222,0.63438,0.49861,0.62813,0.51944,0.62734,0.54306,0.59827,0.68535,0.9998,0.74814,0.87483,0.9632,0.62968,0.61928,0.9975,0.64807,0.50086,0.62187,0.61944,82.29,0.9792,live,0.4312,0.4576,213.14,465.80
167279.926132,120.0,0.0285,3,1,1,0.62578,0.75278,0.60078,0.73472,0.57969,0.70278,0.56719,0.68194,0.56250,0.65833,0.59375,0.63750,0.58203,0.60556,0.57422,0.63333,0.57188,0.66389,0.61484,0.64028,0.60625,0.60417,0.59453,0.64167,0.59062,0.67639,0.63359,0.65556,0.62891,0.62361,0.61641,0.65694,0.60938,0.68750,0.65078,0.67917,0.64609,0.67500,0.63672,0.69444,0.63125,0.71111,0.60093,0.68524,0.9998,0.74634,0.89636,0.9628,0.63081,0.75377,0.9973,0.64361,0.55124,0.62578,0.75278,78.90,0.9937,live,0.4368,0.4623,215.74,466.72
167279.996076,120.0,0.1684,3,1,1,0.62422,0.79167,0.60234,0.77083,0.58437,0.74722,0.57422,0.72917,0.57500,0.71667,0.61328,0.67222,0.60078,0.65833,0.58750,0.67639,0.57578,0.69722,0.63047,0.68611,0.62031,0.66667,0.60234,0.69306,0.59062,0.72083,0.64609,0.71111,0.63984,0.69444,0.62344,0.71528,0.61094,0.73750,0.65859,0.74583,0.65703,0.73611,0.64531,0.75139,0.63438,0.76389,0.60794,0.68533,0.9998,0.74466,0.94087,0.9602,0.64473,0.80810,0.9966,0.63973,0.59933,0.62422,0.79167,74.28,0.9972,live,0.4092,0.2835,131.59,464.19
167280.058501,120.0,0.2932,3,1,1,0.63438,0.82361,0.60938,0.80139,0.58906,0.76806,0.57734,0.74583,0.57969,0.72778,0.61641,0.70139,0.60469,0.67917,0.59062,0.69444,0.57812,0.71667,0.63516,0.71111,0.62422,0.68611,0.60703,0.71250,0.59531,0.74028,0.65156,0.73333,0.64375,0.71389,0.62500,0.73889,0.61094,0.76111,0.66406,0.76389,0.66172,0.75278,0.64687,0.77083,0.63438,0.78611,0.60772,0.69212,0.9998,0.74348,0.95002,0.9585,0.64819,0.82019,0.9962,0.63866,0.64418,0.63438,0.82361,76.29,0.9965,live,0.3923,0.3151,146.03,463.42
167280.124362,120.0,0.4250,3,1,1,0.64062,0.82639,0.61328,0.80278,0.59062,0.77222,0.57969,0.74861,0.58516,0.73750,0.62187,0.70000,0.60703,0.68472,0.59219,0.69583,0.57812,0.71389,0.63984,0.71111,0.62656,0.69167,0.60859,0.71667,0.59531,0.74306,0.65547,0.73333,0.64687,0.71528,0.62734,0.73889,0.61328,0.76250,0.66797,0.76667,0.66406,0.75556,0.65000,0.77222,0.63750,0.78750,0.60808,0.69234,0.9998,0.74163,0.94463,0.9549,0.64982,0.83212,0.9954,0.63905,0.68062,0.64062,0.82639,77.16,0.9985,live,0.3847,0.3501,162.24,463.36
167280.193713,120.0,0.5637,3,1,1,0.64766,0.81944,0.62031,0.79444,0.60078,0.76250,0.59062,0.74167,0.59297,0.72222,0.63125,0.69861,0.62109,0.67083,0.60625,0.68472,0.59375,0.70556,0.64922,0.70972,0.64219,0.68194,0.62344,0.70278,0.61016,0.72639,0.66406,0.73333,0.66094,0.70556,0.64453,0.72500,0.63203,0.74722,0.67656,0.76389,0.67812,0.74444,0.66641,0.75694,0.65469,0.77361,0.61116,0.69264,0.9998,0.74080,0.95120,0.9535,0.65767,0.83115,0.9952,0.64077,0.70839,0.64766,0.81944,74.42,0.9982,live,0.3847,0.3764,173.63,461.33
167280.261435,120.0,0.6991,3,1,1,0.66641,0.80833,0.64219,0.78056,0.62500,0.74861,0.61875,0.72639,0.62969,0.71250,0.66016,0.68889,0.65547,0.66389,0.64219,0.67639,0.63047,0.69583,0.67812,0.70139,0.68047,0.67500,0.66328,0.68472,0.64922,0.70417,0.69141,0.72500,0.69609,0.70417,0.68281,0.71389,0.67109,0.72917,0.70000,0.75833,0.70937,0.75000,0.70703,0.75000,0.70312,0.75139,0.62136,0.69266,0.9998,0.74573,0.96726,0.9540,0.68853,0.82843,0.9951,0.64590,0.72838,0.66641,0.80833,73.08,0.9950,live,0.3847,0.4062,186.28,458.59
167280.329494,120.0,0.8352,3,1,1,0.70078,0.77361,0.70312,0.79861,0.71172,0.80972,0.71484,0.80694,0.71875,0.80694,0.76250,0.77500,0.79375,0.75833,0.78359,0.75417,0.76641,0.76528,0.75547,0.73750,0.78281,0.71389,0.76172,0.71111,0.74297,0.72917,0.74219,0.71111,0.75781,0.68194,0.73750,0.68194,0.72031,0.70139,0.72422,0.69722,0.72578,0.67222,0.71016,0.67639,0.69688,0.69583,0.61866,0.70658,0.9998,0.73869,0.97014,0.9506,0.72061,0.83366,0.9949,0.70078,0.77361,0.70078,0.77361,72.68,0.9850,live,0.4070,0.5084,231.79,455.89
167280.394363,120.0,0.9650,3,1,1,0.75859,0.82222,0.74453,0.77917,0.74219,0.73056,0.75625,0.71111,0.77734,0.71528,0.79063,0.70139,0.80469,0.67222,0.79297,0.68333,0.78047,0.70833,0.81094,0.72500,0.83359,0.69306,0.82422,0.70000,0.80937,0.72500,0.82344,0.75556,0.85078,0.73056,0.84531,0.73194,0.83047,0.75000,0.82969,0.79167,0.85703,0.78472,0.85859,0.77639,0.84922,0.77917,0.61833,0.71076,0.9998,0.72324,0.96750,0.9390,0.77110,0.82784,0.9940,0.66844,0.74715,0.75859,0.82222,92.18,0.9900,live,0.4153,0.4531,211.87,467.55
167280.461172,120.0,0.0986,3,2,0,0.78047,0.82917,0.76719,0.78472,0.76953,0.73750,0.78750,0.71806,0.80937,0.71667,0.81563,0.71250,0.83047,0.68194,0.83594,0.68611,0.83437,0.70972,0.83672,0.73333,0.85859,0.70000,0.86328,0.70556,0.85703,0.72917,0.85000,0.76111,0.87344,0.73889,0.88047,0.73750,0.87187,0.75694,0.85703,0.79583,0.87969,0.78333,0.88906,0.78056,0.88594,0.78889,0.61392,0.71248,0.9998,0.72250,0.96520,0.9362,0.79620,0.82422,0.9930,0.69085,0.76355,0.78047,0.82917,93.99,0.9811,live,0.4201,0.4422,211.87,479.12
167280.525424,120.0,0.2271,3,2,0,0.77891,0.83194,0.77266,0.77917,0.77422,0.73333,0.79219,0.71250,0.81250,0.71528,0.81797,0.71250,0.83047,0.68472,0.83828,0.68194,0.83984,0.69861,0.83750,0.73194,0.85625,0.70972,0.86406,0.70417,0.86172,0.71806,0.85078,0.75833,0.87031,0.74167,0.87891,0.73333,0.87500,0.74028,0.85781,0.79028,0.87656,0.78333,0.88750,0.77361,0.88984,0.77361,0.61035,0.71217,0.9998,0.72217,0.96422,0.9287,0.80645,0.82233,0.9924,0.70846,0.77723,0.77891,0.83194,96.14,0.9856,live,0.4126,0.3782,185.63,490.85
167280.594307,120.0,0.3648,3,2,0,0.78359,0.81111,0.76875,0.77222,0.76875,0.72500,0.78438,0.70278,0.80469,0.70000,0.81484,0.69722,0.82891,0.66250,0.83203,0.66528,0.82891,0.69167,0.83594,0.71667,0.85547,0.67778,0.85938,0.68056,0.85313,0.70556,0.84922,0.74167,0.87266,0.71528,0.87734,0.71528,0.86953,0.73333,0.85781,0.77639,0.87891,0.76250,0.88672,0.75694,0.88438,0.76250,0.60920,0.71207,0.9998,0.72520,0.96349,0.9294,0.80201,0.82173,0.9923,0.72348,0.78401,0.78359,0.81111,91.04,0.9837,live,0.4004,0.3451,171.67,497.49
167280.663290,120.0,0.5028,3,2,0,0.77500,0.79306,0.75859,0.75000,0.75469,0.70139,0.76953,0.67917,0.78828,0.67361,0.80000,0.66806,0.81016,0.63472,0.81406,0.63750,0.81328,0.66250,0.82188,0.68472,0.83984,0.64722,0.84375,0.65000,0.83828,0.67639,0.83750,0.70972,0.85703,0.68194,0.86094,0.68194,0.85313,0.70278,0.84688,0.74444,0.86719,0.72917,0.87266,0.72639,0.86641,0.73750,0.60887,0.71199,0.9998,0.72832,0.96303,0.9288,0.79414,0.79631,0.9925,0.73379,0.78582,0.77500,0.79306,93.44,0.9740,live,0.3793,0.2831,142.97,505.07
167280.726244,120.0,0.6287,3,2,0,0.76406,0.74722,0.75000,0.71528,0.74687,0.67778,0.75313,0.65694,0.75938,0.63889,0.77891,0.61250,0.78594,0.56667,0.78828,0.57639,0.78672,0.60417,0.79766,0.62361,0.81094,0.57500,0.81328,0.58333,0.80781,0.60972,0.81250,0.64583,0.82891,0.60278,0.83047,0.60556,0.82344,0.62778,0.82422,0.67500,0.84219,0.65278,0.84297,0.65139,0.83594,0.66250,0.60968,0.70364,0.9998,0.73612,0.93923,0.9283,0.79158,0.72973,0.9928,0.73984,0.77810,0.76406,0.74722,91.00,0.9814,live,0.3599,0.2716,138.52,509.98
167280.795027,120.0,0.7663,3,2,0,0.72578,0.62917,0.70391,0.58611,0.69297,0.54444,0.69297,0.51250,0.69766,0.48889,0.73047,0.49722,0.73516,0.45694,0.72734,0.44167,0.71719,0.43889,0.75000,0.50417,0.75781,0.46111,0.75000,0.44444,0.73672,0.44444,0.76641,0.51944,0.77734,0.48056,0.76953,0.46389,0.75469,0.46111,0.78125,0.54444,0.79297,0.51528,0.78828,0.50000,0.77578,0.49306,0.60966,0.70310,0.9999,0.75718,0.90809,0.9325,0.75884,0.63327,0.9934,0.73703,0.74831,0.72578,0.62917,89.33,0.9646,live,0.3397,0.2478,127.16,513.10
167280.860446,120.0,0.8971,3,2,0,0.69297,0.49306,0.66641,0.46528,0.65000,0.41806,0.64766,0.37361,0.65078,0.33750,0.68281,0.37917,0.67734,0.32361,0.66953,0.29722,0.66094,0.28056,0.70156,0.37500,0.70234,0.31806,0.69453,0.29167,0.68359,0.28056,0.71719,0.38056,0.71953,0.32917,0.70937,0.30556,0.69688,0.29444,0.73047,0.39306,0.73594,0.35278,0.72891,0.33194,0.71875,0.32222,0.60342,0.68956,0.9998,0.75441,0.82142,0.9364,0.71719,0.49803,0.9940,0.72822,0.69726,0.69297,0.49306,79.27,0.6748,live,0.3268,0.2676,136.10,508.61
167280.925859,120.0,0.0279,3,3,0,0.66172,0.38750,0.63516,0.35972,0.61953,0.31806,0.61641,0.27778,0.61875,0.24583,0.64531,0.27639,0.63906,0.22917,0.63203,0.20556,0.62422,0.18889,0.66172,0.27083,0.65781,0.21806,0.64844,0.19167,0.63672,0.17500,0.67578,0.27361,0.67500,0.22222,0.66484,0.19722,0.65312,0.18333,0.68906,0.28472,0.69297,0.24167,0.68594,0.22361,0.67656,0.21528,0.59679,0.67722,0.9998,0.74419,0.71950,0.9410,0.66468,0.39242,0.9945,0.71492,0.63531,0.66172,0.38750,76.22,0.7804,live,0.3187,0.2821,141.76,502.45
167280.996906,120.0,0.1700,3,3,0,0.63984,0.34861,0.61484,0.31111,0.60156,0.27222,0.59922,0.23472,0.60000,0.20139,0.62500,0.22917,0.61797,0.19167,0.61016,0.16944,0.60156,0.15000,0.63828,0.22222,0.63516,0.17639,0.62500,0.15000,0.61406,0.13194,0.65078,0.22222,0.65078,0.17778,0.64062,0.15278,0.62891,0.13889,0.66328,0.23056,0.66719,0.19028,0.66016,0.16806,0.64922,0.15556,0.59549,0.67772,0.9998,0.72742,0.66719,0.9439,0.65074,0.34862,0.9950,0.69990,0.57797,0.63984,0.34861,79.56,0.9500,live,0.3187,0.3249,162.26,499.44
167281.063365,120.0,0.3030,3,3,0,0.62734,0.32778,0.60313,0.29028,0.59141,0.25278,0.58828,0.21667,0.58984,0.18750,0.61328,0.21806,0.60469,0.18472,0.59609,0.16111,0.58906,0.14028,0.62500,0.20972,0.61875,0.17083,0.61016,0.14583,0.60156,0.12361,0.63672,0.20694,0.63359,0.17083,0.62578,0.14444,0.61641,0.12500,0.64922,0.21111,0.64922,0.17361,0.64297,0.15417,0.63359,0.13889,0.59511,0.67758,0.9998,0.71975,0.64476,0.9465,0.64137,0.32497,0.9955,0.68539,0.52793,0.62734,0.32778,75.22,0.9560,live,0.3337,0.4017,198.33,493.67
167281.127141,120.0,0.4305,3,3,0,0.62109,0.31111,0.59844,0.28472,0.58594,0.25139,0.58281,0.21806,0.58516,0.18889,0.60938,0.21389,0.60234,0.18056,0.59375,0.16111,0.58594,0.14444,0.62187,0.20417,0.61562,0.16389,0.60625,0.14306,0.59609,0.12778,0.63359,0.20139,0.63047,0.16111,0.62187,0.14028,0.61094,0.12917,0.64531,0.20556,0.64687,0.17083,0.63984,0.15139,0.62891,0.14167,0.59526,0.68370,0.9998,0.71344,0.64226,0.9469,0.63793,0.32823,0.9959,0.67253,0.48457,0.62109,0.31111,69.27,0.9676,live,0.3603,0.4819,233.38,484.30
167281.197587,120.0,0.5714,3,3,0,0.61953,0.33611,0.59609,0.31250,0.58437,0.27639,0.58047,0.24306,0.58281,0.21389,0.60781,0.23889,0.59922,0.20278,0.59062,0.18194,0.58281,0.16528,0.61953,0.23056,0.61406,0.18750,0.60391,0.16528,0.59531,0.15000,0.63203,0.22917,0.62969,0.18333,0.61953,0.16111,0.60938,0.15000,0.64531,0.23333,0.64687,0.19306,0.63906,0.17361,0.62813,0.16528,0.59092,0.68337,0.9998,0.71284,0.66196,0.9482,0.63444,0.34594,0.9963,0.66193,0.45488,0.61953,0.33611,69.20,0.9604,live,0.3932,0.5426,258.30,476.01
167281.258656,120.0,0.6935,3,3,0,0.61875,0.37778,0.59609,0.36389,0.58203,0.32917,0.57656,0.29444,0.57812,0.26528,0.60547,0.28333,0.59844,0.23889,0.58906,0.21944,0.57891,0.20972,0.61875,0.27639,0.61562,0.22361,0.60547,0.20417,0.59453,0.20417,0.63281,0.27917,0.63359,0.22639,0.62344,0.20694,0.61094,0.20694,0.64609,0.29028,0.64766,0.24861,0.63906,0.22917,0.62813,0.22361,0.59106,0.67910,0.9998,0.71344,0.71404,0.9483,0.63271,0.36490,0.9966,0.65330,0.43946,0.61875,0.37778,66.85,0.8776,live,0.4276,0.5843,272.88,467.02
167281.330551,120.0,0.8373,3,3,0,0.61562,0.34722,0.59531,0.35000,0.57500,0.33750,0.56250,0.34306,0.55625,0.34444,0.59453,0.31528,0.59141,0.30833,0.59141,0.32639,0.59219,0.35139,0.61484,0.31944,0.61484,0.31667,0.61562,0.34583,0.61562,0.37639,0.63125,0.32917,0.63281,0.32917,0.63359,0.35972,0.63281,0.38889,0.64375,0.34028,0.64687,0.34583,0.64922,0.36944,0.64922,0.39167,0.59164,0.68335,0.9998,0.73318,0.80338,0.9501,0.63694,0.50286,0.9969,0.64576,0.42101,0.61562,0.34722,39.34,0.9870,live,0.4584,0.5987,263.03,439.30
167281.395447,120.0,0.9671,3,3,0,0.63438,0.65833,0.60859,0.64306,0.58359,0.61111,0.56797,0.58472,0.57812,0.57222,0.59688,0.53889,0.59219,0.50278,0.59062,0.53611,0.59062,0.57083,0.61875,0.54306,0.61484,0.50278,0.61172,0.54306,0.61094,0.58333,0.63984,0.55556,0.63750,0.51944,0.63281,0.55972,0.62891,0.59583,0.65938,0.57500,0.65781,0.56111,0.65391,0.59028,0.65156,0.61528,0.59725,0.63497,0.9998,0.74143,0.86214,0.9514,0.63877,0.67176,0.9969,0.64348,0.46847,0.63438,0.65833,84.00,0.9981,live,0.4671,0.5068,226.55,447.06
167281.464143,120.0,0.1045,3,1,1,0.63438,0.65833,0.60859,0.64306,0.58359,0.61111,0.56797,0.58472,0.57812,0.57222,0.59688,0.53889,0.59219,0.50278,0.59062,0.53611,0.59062,0.57083,0.61875,0.54306,0.61484,0.50278,0.61172,0.54306,0.61094,0.58333,0.63984,0.55556,0.63750,0.51944,0.63281,0.55972,0.62891,0.59583,0.65938,0.57500,0.65781,0.56111,0.65391,0.59028,0.65156,0.61528,0.60842,0.65496,0.9998,0.74724,0.91762,0.9519,0.64812,0.78460,0.9955,0.64348,0.46847,0.63438,0.65833,84.00,0.5988,hold,0.4671,0.5068,226.55,447.06
167281.527070,120.0,0.2304,3,1,1,0.62891,0.79167,0.60703,0.78333,0.58594,0.76667,0.57188,0.75972,0.56719,0.75000,0.61328,0.70417,0.59844,0.69583,0.58281,0.71806,0.57031,0.74028,0.63281,0.71528,0.61875,0.71111,0.60078,0.74167,0.58750,0.76667,0.64922,0.74028,0.64141,0.73750,0.62344,0.76806,0.61016,0.79167,0.66016,0.77222,0.65938,0.77500,0.64844,0.79583,0.63750,0.81111,0.61012,0.67714,0.9998,0.74570,0.93997,0.9510,0.65288,0.81281,0.9949,0.64057,0.53311,0.62891,0.79167,60.29,0.9966,live,0.4391,0.3117,136.16,436.82
167281.595917,120.0,0.3681,3,1,1,0.63281,0.84028,0.60625,0.82361,0.58359,0.80000,0.56719,0.78472,0.56016,0.76944,0.60938,0.72361,0.59141,0.71250,0.57578,0.73333,0.56250,0.75556,0.62969,0.73333,0.61250,0.72222,0.59219,0.75417,0.57891,0.78056,0.64609,0.75694,0.63594,0.75000,0.61641,0.78194,0.60156,0.80556,0.65859,0.78889,0.65547,0.78889,0.64219,0.81250,0.62969,0.83194,0.61146,0.68959,0.9998,0.74523,0.94166,0.9503,0.65532,0.83367,0.9943,0.63902,0.59455,0.63281,0.84028,73.62,0.9961,live,0.4207,0.3367,147.26,437.41
167281.663902,120.0,0.5040,3,1,1,0.63672,0.84167,0.60781,0.82222,0.58437,0.79583,0.56719,0.77917,0.56016,0.76250,0.61094,0.71667,0.59141,0.70833,0.57656,0.72639,0.56250,0.74722,0.63047,0.72639,0.61250,0.72083,0.59219,0.75417,0.57891,0.78056,0.64687,0.75000,0.63594,0.74722,0.61641,0.77778,0.60313,0.80278,0.65938,0.78611,0.65547,0.78472,0.64219,0.80694,0.63047,0.82500,0.61204,0.69544,0.9998,0.74478,0.94723,0.9477,0.65533,0.83194,0.9938,0.63856,0.64397,0.63672,0.84167,77.07,0.9978,live,0.4129,0.3776,166.32,440.42
167281.725693,120.0,0.6276,3,1,1,0.64609,0.82778,0.61719,0.80556,0.59375,0.78194,0.57812,0.76389,0.57500,0.74861,0.62266,0.71250,0.60547,0.70278,0.59062,0.71944,0.57734,0.73889,0.64141,0.72361,0.62813,0.71389,0.60859,0.74167,0.59453,0.76528,0.65781,0.74583,0.65078,0.73750,0.63281,0.76389,0.61797,0.79028,0.67031,0.77639,0.66953,0.77500,0.65781,0.79306,0.64687,0.80972,0.61414,0.70186,0.9998,0.74611,0.95695,0.9468,0.65862,0.83232,0.9935,0.64006,0.68073,0.64609,0.82778,72.04,0.9970,live,0.4129,0.4369,191.99,439.44
167281.797287,120.0,0.7708,3,1,1,0.66250,0.81806,0.63672,0.79167,0.61484,0.76389,0.60625,0.73750,0.62422,0.73194,0.65547,0.70000,0.64297,0.69306,0.63125,0.70556,0.62344,0.71667,0.67344,0.70972,0.66641,0.70417,0.65234,0.71806,0.64141,0.73333,0.68672,0.73333,0.68594,0.73194,0.67344,0.74306,0.66406,0.75694,0.69453,0.76667,0.69844,0.76944,0.69453,0.77500,0.68984,0.78056,0.61975,0.70277,0.9998,0.74792,0.97486,0.9465,0.68831,0.85071,0.9936,0.64455,0.70820,0.66250,0.81806,72.31,0.9984,live,0.4243,0.4762,208.93,438.77
167281.860305,120.0,0.8968,3,1,1,0.66250,0.81806,0.63672,0.79167,0.61484,0.76389,0.60625,0.73750,0.62422,0.73194,0.65547,0.70000,0.64297,0.69306,0.63125,0.70556,0.62344,0.71667,0.67344,0.70972,0.66641,0.70417,0.65234,0.71806,0.64141,0.73333,0.68672,0.73333,0.68594,0.73194,0.67344,0.74306,0.66406,0.75694,0.69453,0.76667,0.69844,0.76944,0.69453,0.77500,0.68984,0.78056,0.61945,0.71000,0.9998,0.74478,0.98810,0.9422,0.71633,0.86147,0.9932,0.64455,0.70820,0.66250,0.81806,72.31,0.5990,hold,0.4243,0.4762,208.93,438.77
167281.928487,120.0,0.0332,3,2,0,0.75000,0.81389,0.73125,0.78750,0.73203,0.75139,0.73672,0.73611,0.74766,0.73889,0.77266,0.72917,0.79063,0.69028,0.78750,0.69583,0.77969,0.71667,0.79375,0.75139,0.82188,0.71389,0.81094,0.72361,0.79531,0.74583,0.80937,0.77778,0.83750,0.74444,0.83125,0.74722,0.81250,0.76528,0.82109,0.80833,0.84375,0.79306,0.84609,0.79306,0.83359,0.80139,0.61765,0.71554,0.9998,0.73548,0.99423,0.9383,0.76213,0.85462,0.9933,0.66564,0.72933,0.75000,0.81389,78.67,0.9403,live,0.4393,0.5075,224.69,442.76
167281.997917,120.0,0.1721,3,2,0,0.77031,0.82778,0.75234,0.79167,0.75156,0.74722,0.76797,0.72917,0.78906,0.73194,0.79766,0.72083,0.81250,0.69028,0.81641,0.70000,0.81328,0.73056,0.81953,0.74167,0.84297,0.70972,0.84531,0.72361,0.83672,0.75000,0.83359,0.76944,0.85859,0.74583,0.86328,0.75694,0.85469,0.78056,0.84141,0.80139,0.86562,0.79306,0.87344,0.80139,0.86875,0.81667,0.61577,0.72102,0.9998,0.73458,0.98915,0.9266,0.78572,0.84847,0.9928,0.68658,0.74902,0.77031,0.82778,86.64,0.9493,live,0.4341,0.3698,167.17,452.01
167282.063115,120.0,0.3025,3,2,0,0.76797,0.81944,0.75391,0.78472,0.75391,0.74306,0.77109,0.73056,0.79063,0.73333,0.80000,0.71389,0.81563,0.68750,0.81797,0.69722,0.81484,0.72500,0.82031,0.73333,0.84375,0.70417,0.84688,0.71667,0.84062,0.74583,0.83437,0.76111,0.85938,0.73889,0.86484,0.75139,0.85703,0.77778,0.84219,0.79306,0.86562,0.78472,0.87344,0.79306,0.86953,0.80972,0.61183,0.71722,0.9998,0.72883,0.97407,0.9249,0.78914,0.84581,0.9929,0.70285,0.76311,0.76797,0.81944,88.26,0.9807,live,0.4281,0.4009,184.92,461.32
167282.126952,120.0,0.4301,3,2,0,0.76562,0.81528,0.74766,0.78056,0.74531,0.73889,0.76016,0.72222,0.78047,0.71944,0.79063,0.70833,0.80625,0.67639,0.80625,0.68611,0.80078,0.71389,0.81250,0.72639,0.83516,0.69028,0.83516,0.70556,0.82734,0.73472,0.82656,0.75417,0.85156,0.72500,0.85469,0.73889,0.84609,0.76528,0.83516,0.78611,0.86016,0.77639,0.86641,0.78333,0.86172,0.80000,0.60866,0.71612,0.9998,0.72898,0.96322,0.9233,0.78312,0.83051,0.9929,0.71541,0.77354,0.76562,0.81528,85.62,0.9641,live,0.4281,0.4258,199.11,467.60
167282.195766,120.0,0.5678,3,2,0,0.75469,0.80417,0.73828,0.76806,0.73359,0.72222,0.74609,0.70278,0.76484,0.70417,0.77656,0.68889,0.78906,0.65972,0.78906,0.66667,0.78438,0.69306,0.79844,0.70833,0.81875,0.67361,0.81797,0.68472,0.81016,0.71250,0.81328,0.73472,0.83516,0.70694,0.83750,0.71667,0.82969,0.74167,0.82266,0.76806,0.84375,0.75278,0.85078,0.75972,0.84688,0.77778,0.60783,0.71144,0.9998,0.72944,0.95045,0.9239,0.77656,0.81872,0.9928,0.72326,0.77967,0.75469,0.80417,87.32,0.9707,live,0.4163,0.3622,171.82,474.36
167282.261632,120.0,0.6995,3,2,0,0.74922,0.76528,0.73281,0.74028,0.72500,0.70694,0.72891,0.68889,0.73594,0.67083,0.75391,0.65139,0.75938,0.60694,0.76250,0.61667,0.76250,0.64444,0.77422,0.66389,0.78672,0.61667,0.78984,0.62917,0.78672,0.65694,0.78984,0.68611,0.80625,0.64861,0.80859,0.65833,0.80234,0.68056,0.80234,0.71806,0.82031,0.70000,0.82266,0.69861,0.81563,0.70694,0.60981,0.70963,0.9999,0.74076,0.94636,0.9283,0.77372,0.79325,0.9932,0.72846,0.77679,0.74922,0.76528,79.09,0.9686,live,0.3986,0.3182,150.95,474.38
167282.329386,120.0,0.8350,3,2,0,0.71172,0.66806,0.68984,0.63194,0.67656,0.58750,0.67656,0.55694,0.68984,0.56111,0.70859,0.52083,0.71250,0.47222,0.71016,0.48194,0.70781,0.50694,0.72813,0.53333,0.73672,0.48472,0.73281,0.49444,0.72813,0.51806,0.74531,0.55417,0.75625,0.51389,0.75156,0.51944,0.74375,0.53611,0.75938,0.58472,0.77187,0.55556,0.76875,0.55417,0.76016,0.56111,0.61124,0.70822,0.9999,0.76129,0.93842,0.9324,0.74595,0.67454,0.9937,0.72511,0.75504,0.71172,0.66806,92.63,0.9933,live,0.3711,0.2460,119.09,484.15
167282.398958,120.0,0.9741,3,2,0,0.68437,0.53333,0.65703,0.50278,0.64297,0.45556,0.64141,0.41250,0.64219,0.37361,0.67109,0.40972,0.66563,0.35833,0.65859,0.33472,0.65000,0.31944,0.68906,0.40833,0.68750,0.35417,0.68047,0.32778,0.66953,0.31111,0.70469,0.41528,0.70625,0.36806,0.69766,0.34167,0.68672,0.32361,0.71875,0.43056,0.72266,0.39306,0.71719,0.37361,0.70703,0.35972,0.60399,0.69806,0.9999,0.75783,0.83764,0.9359,0.69551,0.54174,0.9942,0.71696,0.71070,0.68437,0.53333,82.43,0.8662,live,0.3394,0.1947,94.50,485.40
167282.464364,120.0,0.1050,3,3,0,0.65703,0.42222,0.63047,0.39583,0.61719,0.35139,0.61641,0.31389,0.62109,0.28194,0.64297,0.30972,0.63828,0.26528,0.63047,0.24167,0.62109,0.22500,0.65859,0.30556,0.65547,0.25556,0.64609,0.22917,0.63359,0.21111,0.67188,0.31111,0.67188,0.26111,0.66172,0.23472,0.64922,0.21944,0.68516,0.32500,0.68906,0.28472,0.68359,0.26389,0.67344,0.25139,0.59789,0.67976,0.9999,0.75359,0.76074,0.9404,0.66246,0.42567,0.9948,0.70498,0.65300,0.65703,0.42222,75.21,0.8874,live,0.3238,0.2526,121.58,481.30
167282.529235,120.0,0.2347,3,3,0,0.64062,0.38472,0.61562,0.34583,0.60234,0.30694,0.60000,0.26806,0.60234,0.23750,0.62422,0.26528,0.61719,0.22778,0.60938,0.20556,0.60234,0.18472,0.63750,0.25833,0.63281,0.21389,0.62500,0.18750,0.61562,0.16528,0.65000,0.25972,0.64766,0.21528,0.63906,0.18889,0.62891,0.17083,0.66250,0.26806,0.66484,0.22917,0.65938,0.20417,0.65000,0.18889,0.59263,0.67480,0.9999,0.74220,0.69933,0.9433,0.64701,0.38880,0.9953,0.69211,0.59935,0.64062,0.38472,79.30,0.9531,live,0.3181,0.2922,140.46,480.64
167282.593336,120.0,0.3629,3,3,0,0.62969,0.36389,0.60234,0.32222,0.59062,0.28611,0.58828,0.25000,0.58984,0.21944,0.61328,0.25417,0.60547,0.21944,0.59688,0.19583,0.58906,0.17083,0.62500,0.24444,0.62031,0.20417,0.61250,0.17500,0.60469,0.15139,0.63594,0.24167,0.63438,0.20278,0.62656,0.17500,0.61719,0.15278,0.64844,0.24444,0.64922,0.20833,0.64375,0.18750,0.63594,0.17083,0.59129,0.67606,0.9998,0.72814,0.67959,0.9471,0.63530,0.36154,0.9957,0.67962,0.55226,0.62969,0.36389,75.69,0.9543,live,0.3269,0.3671,175.26,477.47
167282.662995,120.0,0.5022,3,3,0,0.62031,0.34722,0.59609,0.32500,0.58203,0.28750,0.57891,0.25139,0.58281,0.22500,0.60625,0.24722,0.59844,0.21250,0.58906,0.19306,0.58047,0.17639,0.61875,0.23750,0.61328,0.19444,0.60234,0.17083,0.59219,0.15694,0.63047,0.23611,0.62813,0.19028,0.61719,0.16806,0.60547,0.15833,0.64297,0.23889,0.64375,0.20000,0.63516,0.18056,0.62344,0.17083,0.59109,0.67397,0.9998,0.72166,0.68083,0.9495,0.63384,0.36388,0.9961,0.66776,0.51125,0.62031,0.34722,70.96,0.9647,live,0.3476,0.4420,208.29,471.26
167282.730282,120.0,0.6368,3,3,0,0.61484,0.37778,0.59219,0.35972,0.57734,0.32222,0.57344,0.28750,0.57422,0.25833,0.59922,0.27639,0.59062,0.23750,0.58125,0.21806,0.57188,0.20417,0.61172,0.26806,0.60547,0.22083,0.59609,0.19861,0.58594,0.18472,0.62500,0.26806,0.62109,0.21944,0.61172,0.19583,0.60078,0.18333,0.63828,0.27361,0.63828,0.23194,0.63047,0.21250,0.62031,0.20417,0.59056,0.67443,0.9998,0.71773,0.70046,0.9502,0.62704,0.37553,0.9965,0.65718,0.48456,0.61484,0.37778,71.40,0.9709,live,0.3743,0.4961,231.24,466.12
167282.798560,120.0,0.7733,3,3,0,0.61250,0.40972,0.58828,0.40694,0.57031,0.38056,0.56172,0.35556,0.56328,0.32778,0.58359,0.31389,0.57734,0.27361,0.56797,0.26528,0.56250,0.27500,0.59922,0.30278,0.59141,0.25694,0.58281,0.25694,0.57891,0.27917,0.61484,0.30556,0.61016,0.26111,0.60078,0.26389,0.59609,0.28472,0.63047,0.31667,0.62891,0.28333,0.62109,0.28056,0.61484,0.29444,0.59063,0.67885,0.9998,0.72576,0.76793,0.9522,0.62074,0.39112,0.9968,0.64824,0.46959,0.61250,0.40972,72.00,0.9191,live,0.4020,0.5278,243.85,462.03
167282.862276,120.0,0.9008,3,3,0,0.61562,0.57917,0.59062,0.57083,0.56641,0.53611,0.55234,0.50556,0.55078,0.48194,0.58125,0.47639,0.57891,0.43056,0.57656,0.45000,0.57734,0.47639,0.59766,0.47361,0.59297,0.42500,0.59062,0.45278,0.59219,0.48056,0.61484,0.47639,0.60938,0.43194,0.60625,0.46250,0.60703,0.49028,0.63203,0.48333,0.62813,0.44722,0.62422,0.46806,0.62344,0.49167,0.59680,0.67837,0.9998,0.74190,0.83706,0.9523,0.61873,0.56497,0.9970,0.64172,0.49150,0.61562,0.57917,75.70,0.9717,live,0.4200,0.5023,231.59,461.09
167282.931869,120.0,0.0400,3,1,1,0.62187,0.72917,0.59453,0.71667,0.57109,0.69306,0.55703,0.67639,0.55078,0.66111,0.58359,0.62500,0.56953,0.60000,0.56250,0.62639,0.56172,0.65556,0.60469,0.62500,0.59297,0.59444,0.58437,0.63056,0.58125,0.66528,0.62422,0.63750,0.62031,0.61111,0.60938,0.64444,0.60234,0.67500,0.64219,0.65972,0.63906,0.66111,0.63125,0.68472,0.62578,0.70417,0.59788,0.67560,0.9998,0.74228,0.86589,0.9528,0.62243,0.70733,0.9968,0.63775,0.53904,0.62187,0.72917,75.79,0.9925,live,0.4200,0.4367,201.04,460.33
167282.998308,120.0,0.1728,3,1,1,0.62187,0.75694,0.59922,0.75139,0.57578,0.74167,0.56094,0.73611,0.55703,0.72778,0.60000,0.66944,0.58203,0.66250,0.56875,0.68333,0.55781,0.70556,0.61875,0.67778,0.60234,0.67222,0.58750,0.70000,0.57812,0.72500,0.63750,0.69861,0.62656,0.69306,0.61250,0.72083,0.60156,0.74444,0.65234,0.72639,0.64922,0.72778,0.63906,0.74722,0.62969,0.76250,0.60629,0.68011,0.9998,0.74532,0.93239,0.9515,0.63044,0.78952,0.9965,0.63457,0.58262,0.62187,0.75694,62.35,0.9958,live,0.4257,0.4514,203.12,449.98
167283.062016,120.0,0.3003,3,1,1,0.62813,0.81111,0.60078,0.79167,0.57891,0.76667,0.56328,0.75139,0.55547,0.73472,0.60313,0.69722,0.58594,0.67917,0.57188,0.69583,0.55781,0.71806,0.62187,0.70556,0.60703,0.68750,0.58984,0.71528,0.57656,0.74028,0.63906,0.72639,0.63047,0.71250,0.61406,0.74167,0.60078,0.76667,0.65234,0.75556,0.64922,0.75139,0.63750,0.77361,0.62656,0.79167,0.60714,0.68341,0.9998,0.74521,0.93531,0.9497,0.63961,0.80564,0.9958,0.63328,0.62832,0.62813,0.81111,72.69,0.9975,live,0.4136,0.3587,160.81,448.32
167283.131632,120.0,0.4395,3,1,1,0.63047,0.81528,0.60313,0.79722,0.57891,0.77222,0.56250,0.75556,0.55781,0.74167,0.60313,0.70278,0.58672,0.68611,0.57188,0.70417,0.55859,0.72361,0.62344,0.71111,0.60781,0.69306,0.59062,0.72361,0.57812,0.75139,0.64141,0.73056,0.63125,0.71667,0.61484,0.74722,0.60156,0.77222,0.65547,0.75972,0.65234,0.75833,0.63984,0.78056,0.62891,0.79722,0.60812,0.68811,0.9998,0.74503,0.93312,0.9491,0.64083,0.80577,0.9954,0.63272,0.66571,0.63047,0.81528,73.39,0.9974,live,0.4009,0.3430,153.44,447.36
167283.196611,120.0,0.5695,3,1,1,0.64141,0.80833,0.61094,0.79028,0.58594,0.76806,0.56875,0.75278,0.56641,0.74028,0.61328,0.69167,0.59609,0.68472,0.58203,0.70278,0.56875,0.72361,0.63359,0.70000,0.61875,0.69306,0.60156,0.72222,0.58906,0.74861,0.65078,0.72083,0.64062,0.71528,0.62422,0.74583,0.61094,0.77361,0.66484,0.75139,0.66094,0.75139,0.65000,0.77361,0.63906,0.79167,0.61044,0.69127,0.9998,0.74869,0.93312,0.9494,0.64788,0.81070,0.9950,0.63446,0.69423,0.64141,0.80833,74.90,0.9975,live,0.3962,0.3750,167.85,447.61
167283.265259,120.0,0.7067,3,1,1,0.65703,0.80556,0.62891,0.78194,0.60703,0.75833,0.59375,0.74444,0.59297,0.73611,0.63750,0.68611,0.62187,0.66944,0.60703,0.69028,0.59609,0.71389,0.65625,0.69583,0.64687,0.68333,0.62813,0.70833,0.61484,0.73194,0.67266,0.71944,0.66953,0.70833,0.65391,0.72778,0.64141,0.74861,0.68516,0.75139,0.68828,0.75000,0.67891,0.76250,0.66953,0.77222,0.61739,0.69234,0.9998,0.75143,0.94796,0.9502,0.67386,0.82299,0.9948,0.63897,0.71650,0.65703,0.80556,74.66,0.9948,live,0.3962,0.4032,180.51,447.65
167283.328943,120.0,0.8341,3,1,1,0.68359,0.75278,0.67188,0.72361,0.67109,0.69722,0.66563,0.69722,0.65938,0.71111,0.70937,0.68889,0.72188,0.67361,0.70312,0.68056,0.68672,0.69306,0.72266,0.71667,0.74297,0.70000,0.72031,0.70972,0.70234,0.72083,0.73281,0.74583,0.75156,0.73472,0.73281,0.74167,0.71406,0.75139,0.73984,0.77778,0.75391,0.77639,0.74219,0.78056,0.72813,0.78472,0.61759,0.70157,0.9999,0.74952,0.97922,0.9507,0.70312,0.83046,0.9950,0.64790,0.72375,0.68359,0.75278,65.53,0.9726,live,0.3962,0.4209,185.66,441.12
167283.399845,120.0,0.9759,3,1,1,0.73828,0.79306,0.72344,0.75972,0.72344,0.71944,0.72813,0.70278,0.73984,0.70972,0.76719,0.68889,0.77969,0.65694,0.76875,0.65972,0.75547,0.68194,0.78594,0.70972,0.81094,0.67917,0.79453,0.68333,0.77578,0.70694,0.80000,0.73750,0.82734,0.71250,0.81719,0.71111,0.79766,0.73194,0.80937,0.77083,0.83359,0.76389,0.83437,0.76111,0.82266,0.77083,0.61707,0.70760,0.9999,0.73456,0.97548,0.9487,0.76428,0.81771,0.9950,0.66597,0.73761,0.73828,0.79306,85.39,0.9715,live,0.3962,0.4053,182.24,449.67
167283.464185,120.0,0.1046,3,2,0,0.76875,0.81111,0.75625,0.76667,0.75859,0.72361,0.77734,0.70833,0.79766,0.70694,0.80312,0.69028,0.81797,0.66528,0.82656,0.66806,0.82891,0.68750,0.82500,0.71250,0.84609,0.68750,0.85469,0.69028,0.85156,0.71250,0.83828,0.74167,0.85938,0.72361,0.87031,0.72500,0.86953,0.74306,0.84531,0.77639,0.86484,0.76944,0.87734,0.76944,0.88125,0.77917,0.61153,0.70979,0.9999,0.72656,0.97318,0.9451,0.78728,0.81184,0.9948,0.68653,0.75231,0.76875,0.81111,95.49,0.9810,live,0.3901,0.3624,168.30,464.46
167283.528939,120.0,0.2341,3,2,0,0.77969,0.80278,0.76875,0.76250,0.77266,0.72083,0.79219,0.70833,0.81328,0.70694,0.81953,0.69028,0.83516,0.66250,0.84219,0.66806,0.84219,0.69167,0.83828,0.71111,0.86172,0.68056,0.86953,0.68889,0.86641,0.71389,0.85000,0.73889,0.87500,0.71667,0.88438,0.72222,0.88203,0.74167,0.85391,0.77361,0.87656,0.76389,0.88750,0.76528,0.88984,0.77639,0.60929,0.71009,0.9999,0.72751,0.96903,0.9431,0.80174,0.80538,0.9947,0.70516,0.76241,0.77969,0.80278,91.83,0.9855,live,0.3901,0.3910,185.64,474.84
167283.598821,120.0,0.3739,3,2,0,0.77656,0.79861,0.76641,0.75694,0.76875,0.71528,0.78750,0.70417,0.80781,0.70139,0.81563,0.68194,0.82969,0.65556,0.83516,0.65833,0.83516,0.67778,0.83516,0.70278,0.85703,0.67361,0.86406,0.67778,0.86094,0.70139,0.84688,0.73056,0.87031,0.71250,0.87969,0.71528,0.87734,0.73194,0.85234,0.76667,0.87422,0.75694,0.88359,0.75694,0.88438,0.76528,0.60862,0.70989,0.9999,0.72818,0.96592,0.9413,0.79455,0.80468,0.9946,0.71944,0.76965,0.77656,0.79861,94.09,0.9870,live,0.3757,0.3101,150.59,485.61
167283.663213,120.0,0.5027,3,2,0,0.77109,0.78889,0.75938,0.74861,0.76094,0.70694,0.77812,0.69306,0.79766,0.68611,0.80469,0.67222,0.81875,0.64028,0.82344,0.64306,0.82109,0.66667,0.82500,0.69028,0.84688,0.65694,0.85234,0.66250,0.84531,0.68750,0.83750,0.71806,0.86016,0.69444,0.86719,0.69583,0.86094,0.71528,0.84375,0.75417,0.86562,0.74167,0.87500,0.74306,0.87344,0.75556,0.60860,0.70827,0.9999,0.72829,0.96527,0.9406,0.79392,0.80296,0.9945,0.72977,0.77350,0.77109,0.78889,91.75,0.9821,live,0.3615,0.2969,146.47,493.40
167283.733582,120.0,0.6434,3,2,0,0.75859,0.77361,0.74531,0.72917,0.74375,0.68333,0.75859,0.66528,0.77656,0.65833,0.78672,0.64444,0.79766,0.61250,0.79922,0.61389,0.79766,0.63889,0.80781,0.66250,0.82812,0.62778,0.83047,0.62639,0.82422,0.65000,0.82188,0.69028,0.84375,0.66389,0.84766,0.65972,0.83984,0.67639,0.82969,0.72639,0.85234,0.71111,0.85781,0.70556,0.85234,0.71250,0.60925,0.70804,0.9999,0.73309,0.95861,0.9407,0.79132,0.76225,0.9948,0.73554,0.77352,0.75859,0.77361,94.84,0.9818,live,0.3471,0.2814,141.41,502.47
167283.795161,120.0,0.7666,3,2,0,0.74844,0.72917,0.73984,0.69722,0.74297,0.66250,0.75156,0.64167,0.76094,0.61528,0.77187,0.60694,0.77500,0.56111,0.76875,0.55694,0.76094,0.57083,0.78672,0.61250,0.79531,0.56806,0.78984,0.55972,0.78047,0.57222,0.80000,0.63056,0.81250,0.59583,0.80625,0.58194,0.79531,0.58611,0.81250,0.65694,0.82500,0.63750,0.81953,0.62083,0.80859,0.61528,0.61025,0.70175,0.9999,0.74476,0.95224,0.9388,0.77687,0.70985,0.9950,0.73812,0.76465,0.74844,0.72917,87.64,0.9679,live,0.3361,0.2859,144.44,505.28
167283.866167,120.0,0.9086,3,2,0,0.71250,0.60417,0.68984,0.56111,0.68047,0.51389,0.68281,0.47361,0.68359,0.43611,0.71172,0.46528,0.71094,0.41806,0.70469,0.39583,0.69766,0.38056,0.72969,0.46806,0.73438,0.41806,0.72891,0.39444,0.72031,0.37778,0.74453,0.48056,0.75234,0.43611,0.74687,0.41111,0.73594,0.39306,0.75781,0.50278,0.76875,0.46944,0.76562,0.44861,0.75625,0.43194,0.61014,0.70081,0.9999,0.76127,0.87894,0.9416,0.74147,0.58874,0.9954,0.73299,0.73255,0.71250,0.60417,89.64,0.9573,live,0.3183,0.2375,120.91,509.19
167283.929652,120.0,0.0355,3,3,0,0.68281,0.46111,0.65859,0.42917,0.64531,0.38194,0.64453,0.33889,0.64609,0.30556,0.67422,0.34167,0.66953,0.29444,0.66328,0.26667,0.65625,0.24722,0.69141,0.33750,0.69375,0.28056,0.68672,0.25139,0.67656,0.23472,0.70547,0.34306,0.71016,0.28889,0.70078,0.26250,0.68828,0.25000,0.71797,0.35694,0.72500,0.31389,0.71875,0.29306,0.70781,0.28194,0.59960,0.68505,0.9999,0.75209,0.78926,0.9445,0.69784,0.46118,0.9959,0.72296,0.67826,0.68281,0.46111,80.23,0.9314,live,0.3020,0.2274,115.03,505.85
167283.999780,120.0,0.1758,3,3,0,0.66094,0.40972,0.63438,0.35694,0.62344,0.31111,0.62422,0.27083,0.62422,0.23889,0.64453,0.27778,0.64062,0.23333,0.63438,0.20833,0.62813,0.18750,0.65938,0.27222,0.65781,0.22500,0.65156,0.19444,0.64453,0.16944,0.67266,0.27361,0.67344,0.22917,0.66719,0.19861,0.65781,0.17778,0.68672,0.28333,0.69063,0.24306,0.68594,0.21944,0.67812,0.20278,0.59926,0.68258,0.9998,0.75123,0.72091,0.9482,0.66198,0.38398,0.9962,0.71055,0.62456,0.66094,0.40972,86.82,0.8595,live,0.3020,0.2788,141.53,507.65
167284.064527,120.0,0.3053,3,3,0,0.64141,0.36250,0.61562,0.31944,0.60234,0.28056,0.59922,0.24306,0.59844,0.20972,0.62500,0.24028,0.61719,0.20417,0.60938,0.18194,0.60078,0.16111,0.63828,0.23333,0.63516,0.18750,0.62578,0.16111,0.61562,0.14167,0.65078,0.23194,0.65078,0.18611,0.64062,0.16111,0.62891,0.14583,0.66328,0.23750,0.66563,0.19722,0.65703,0.17639,0.64531,0.16389,0.59466,0.67783,0.9998,0.73574,0.67790,0.9508,0.65172,0.35856,0.9966,0.69672,0.57214,0.64141,0.36250,81.71,0.9536,live,0.3020,0.3053,154.37,505.57
167284.129722,120.0,0.4357,3,3,0,0.62813,0.34444,0.60234,0.31528,0.58906,0.27778,0.58594,0.24028,0.58516,0.21111,0.61016,0.23889,0.60156,0.20417,0.59375,0.18333,0.58594,0.16528,0.62266,0.22917,0.61797,0.18472,0.60859,0.16250,0.59844,0.14583,0.63516,0.22639,0.63359,0.18056,0.62422,0.15833,0.61406,0.14722,0.64844,0.23056,0.65078,0.19306,0.64297,0.17222,0.63203,0.16250,0.59413,0.67838,0.9998,0.72864,0.66030,0.9538,0.63984,0.35734,0.9969,0.68300,0.52660,0.62813,0.34444,74.52,0.9499,live,0.3167,0.3836,191.26,498.56
167284.196045,120.0,0.5683,3,3,0,0.62031,0.36528,0.59609,0.33889,0.58203,0.30139,0.57734,0.26389,0.57656,0.23333,0.60469,0.26111,0.59688,0.22222,0.58750,0.20139,0.57891,0.18611,0.61719,0.25278,0.61250,0.20833,0.60313,0.18194,0.59375,0.16389,0.63047,0.25417,0.62891,0.20833,0.62031,0.18333,0.61016,0.16667,0.64297,0.26111,0.64531,0.22222,0.63906,0.20000,0.62969,0.18750,0.58957,0.67763,0.9998,0.71770,0.69199,0.9548,0.63317,0.37364,0.9972,0.67047,0.49434,0.62031,0.36528,72.03,0.9704,live,0.3400,0.4461,218.87,490.59
167284.263341,120.0,0.7029,3,3,0,0.61562,0.40972,0.59219,0.39444,0.57656,0.35556,0.57109,0.31806,0.57031,0.28611,0.60000,0.30556,0.59375,0.25972,0.58437,0.24306,0.57344,0.23472,0.61406,0.29861,0.61094,0.24583,0.60313,0.22361,0.59219,0.21667,0.62813,0.30278,0.62813,0.25139,0.62031,0.23056,0.60938,0.22361,0.64219,0.31389,0.64375,0.27361,0.63672,0.25278,0.62578,0.24444,0.59001,0.67994,0.9998,0.71975,0.74879,0.9561,0.62767,0.39068,0.9974,0.65950,0.47742,0.61562,0.40972,72.23,0.9736,live,0.3665,0.4874,235.75,483.72
167284.328915,120.0,0.8341,3,3,0,0.61719,0.52778,0.59297,0.51111,0.57266,0.46944,0.56016,0.43333,0.56094,0.39861,0.59219,0.40556,0.58750,0.34306,0.57578,0.34028,0.57109,0.36389,0.60859,0.40417,0.60781,0.33889,0.59609,0.34583,0.59062,0.37639,0.62500,0.40972,0.62422,0.35278,0.61250,0.36111,0.60859,0.38889,0.64219,0.42083,0.64062,0.37639,0.63125,0.37639,0.62813,0.39722,0.59053,0.68600,0.9998,0.73188,0.82970,0.9560,0.62934,0.51983,0.9975,0.65104,0.48749,0.61719,0.52778,82.91,0.9758,live,0.3897,0.4956,240.57,485.37
167284.398853,120.0,0.9739,3,3,0,0.62031,0.67917,0.59531,0.66667,0.57109,0.62917,0.55625,0.61111,0.55937,0.59722,0.58359,0.56111,0.57500,0.51389,0.57109,0.55694,0.57031,0.59722,0.60469,0.56667,0.59922,0.51389,0.59375,0.55972,0.59219,0.60417,0.62500,0.58056,0.62266,0.53472,0.61719,0.57639,0.61328,0.61389,0.64375,0.60000,0.64375,0.58194,0.64141,0.60972,0.64062,0.63611,0.59432,0.64308,0.9998,0.73458,0.86070,0.9551,0.63175,0.67919,0.9974,0.64489,0.52582,0.62031,0.67917,81.73,0.9978,live,0.3994,0.4435,215.55,485.97
167284.465950,120.0,0.1081,3,1,1,0.62031,0.79722,0.59531,0.79028,0.57578,0.77917,0.56406,0.77500,0.55391,0.77083,0.59141,0.69861,0.57578,0.69583,0.56484,0.72361,0.55781,0.75278,0.61250,0.70556,0.60313,0.69306,0.59219,0.72500,0.58594,0.75556,0.63125,0.72639,0.62813,0.71528,0.61719,0.74306,0.60859,0.76806,0.64844,0.75556,0.65078,0.74722,0.64297,0.76806,0.63516,0.78750,0.60138,0.66237,0.9998,0.73862,0.90912,0.9553,0.63378,0.78784,0.9971,0.63998,0.58010,0.62031,0.79722,69.35,0.9863,live,0.4100,0.4584,218.91,477.59
167284.531420,120.0,0.2391,3,1,1,0.61875,0.83472,0.59609,0.82361,0.57656,0.81111,0.56250,0.80556,0.55469,0.80139,0.60000,0.72639,0.58047,0.73056,0.56641,0.75556,0.55547,0.77917,0.62031,0.73472,0.60469,0.74167,0.58672,0.77639,0.57344,0.80278,0.63750,0.75972,0.62891,0.76944,0.61250,0.80139,0.59922,0.82778,0.65000,0.79583,0.64687,0.80417,0.63594,0.82778,0.62500,0.84722,0.60980,0.67647,0.9998,0.74687,0.92470,0.9550,0.64190,0.82683,0.9958,0.63573,0.63103,0.61875,0.83472,70.92,0.9974,live,0.3921,0.3104,146.30,471.34
167284.595082,120.0,0.3664,3,1,1,0.63047,0.85694,0.60234,0.84028,0.58125,0.82083,0.56484,0.81111,0.54922,0.80417,0.60391,0.73472,0.58203,0.73194,0.56563,0.75972,0.55312,0.78472,0.62344,0.74306,0.60313,0.74583,0.58359,0.78056,0.57109,0.80694,0.63984,0.76667,0.62734,0.77222,0.61016,0.80694,0.59766,0.83194,0.65078,0.80000,0.64375,0.81111,0.63047,0.83750,0.62031,0.85556,0.60942,0.69263,0.9998,0.74625,0.93370,0.9551,0.64211,0.83440,0.9956,0.63468,0.67621,0.63047,0.85694,75.40,0.9985,live,0.3921,0.3688,172.97,469.07
167284.664810,120.0,0.5058,3,1,1,0.63047,0.84722,0.60313,0.83333,0.58281,0.81389,0.56641,0.80417,0.55234,0.80000,0.60469,0.73056,0.58437,0.72917,0.56953,0.75139,0.55703,0.77361,0.62344,0.73750,0.60625,0.73889,0.58750,0.77361,0.57500,0.79861,0.63984,0.76250,0.63047,0.76389,0.61328,0.79583,0.60000,0.82083,0.65234,0.79722,0.65000,0.80000,0.63828,0.82361,0.62656,0.84028,0.61125,0.69596,0.9998,0.74643,0.93461,0.9547,0.64622,0.83752,0.9952,0.63384,0.71041,0.63047,0.84722,73.25,0.9989,live,0.3921,0.3849,179.17,465.52
167284.729016,120.0,0.6343,3,1,1,0.64297,0.83472,0.61562,0.82083,0.59297,0.80139,0.57734,0.78889,0.56953,0.77778,0.61562,0.72639,0.59922,0.71944,0.58516,0.74167,0.57266,0.76389,0.63594,0.73472,0.62344,0.72500,0.60625,0.75694,0.59531,0.78333,0.65391,0.75556,0.64766,0.74861,0.63125,0.77778,0.61875,0.80278,0.66797,0.78472,0.66641,0.78750,0.65469,0.80694,0.64453,0.82222,0.61404,0.69768,0.9998,0.74645,0.94754,0.9542,0.65451,0.83911,0.9949,0.63566,0.73527,0.64297,0.83472,71.32,0.9976,live,0.3981,0.4252,196.04,461.01
167284.798675,120.0,0.7736,3,1,1,0.66250,0.82222,0.63750,0.80278,0.61406,0.78056,0.60469,0.76111,0.61875,0.75417,0.64844,0.70278,0.63594,0.69861,0.62422,0.71667,0.61719,0.72917,0.66484,0.70556,0.65078,0.70278,0.63672,0.71806,0.62656,0.73056,0.67891,0.72222,0.66797,0.72778,0.65625,0.74167,0.64844,0.75139,0.68984,0.75000,0.68125,0.76111,0.67344,0.77222,0.66641,0.77778,0.62143,0.70316,0.9998,0.75609,0.96926,0.9543,0.69306,0.85000,0.9948,0.64103,0.75266,0.66250,0.82222,74.39,0.9927,live,0.4052,0.4374,200.88,459.25
167284.865788,120.0,0.9078,3,1,1,0.66250,0.82222,0.63750,0.80278,0.61406,0.78056,0.60469,0.76111,0.61875,0.75417,0.64844,0.70278,0.63594,0.69861,0.62422,0.71667,0.61719,0.72917,0.66484,0.70556,0.65078,0.70278,0.63672,0.71806,0.62656,0.73056,0.67891,0.72222,0.66797,0.72778,0.65625,0.74167,0.64844,0.75139,0.68984,0.75000,0.68125,0.76111,0.67344,0.77222,0.66641,0.77778,0.61806,0.71226,0.9998,0.74909,0.98673,0.9516,0.72604,0.84198,0.9948,0.64103,0.75266,0.66250,0.82222,74.39,0.5956,hold,0.4052,0.4374,200.88,459.25
167284.930282,120.0,0.0368,3,2,0,0.74766,0.81806,0.72578,0.78889,0.72031,0.75000,0.72500,0.73333,0.74141,0.73333,0.76094,0.71667,0.77344,0.67500,0.77266,0.69306,0.76719,0.71806,0.78516,0.73611,0.80781,0.69167,0.79766,0.71528,0.78438,0.74583,0.80234,0.76250,0.82734,0.72778,0.82109,0.74306,0.80547,0.76806,0.81484,0.79306,0.83594,0.77639,0.83672,0.78472,0.82578,0.79722,0.61515,0.71216,0.9998,0.73570,0.98152,0.9487,0.76596,0.84632,0.9949,0.66236,0.76574,0.74766,0.81806,81.78,0.9719,live,0.4052,0.3813,176.56,463.02
167284.999890,120.0,0.1760,3,2,0,0.75625,0.81667,0.73906,0.78333,0.73516,0.74444,0.74687,0.72917,0.76719,0.72500,0.77891,0.70694,0.79375,0.67500,0.79375,0.68889,0.78750,0.71667,0.80156,0.72500,0.82266,0.69028,0.82344,0.70833,0.81484,0.73750,0.81719,0.75139,0.84062,0.72222,0.84375,0.74028,0.83516,0.76806,0.82656,0.78194,0.85000,0.76944,0.85547,0.77917,0.84922,0.79722,0.60998,0.71185,0.9998,0.72528,0.96630,0.9390,0.77490,0.84365,0.9946,0.68113,0.77593,0.75625,0.81667,86.72,0.9740,live,0.3910,0.3265,153.44,469.90
167285.065735,120.0,0.3077,3,2,0,0.75938,0.80833,0.74297,0.77778,0.73906,0.73889,0.75078,0.72222,0.77031,0.71806,0.78125,0.70278,0.79453,0.66806,0.79453,0.67778,0.78984,0.70694,0.80234,0.71806,0.82109,0.68056,0.82266,0.69722,0.81719,0.72778,0.81719,0.74167,0.83984,0.71250,0.84297,0.72778,0.83516,0.75556,0.82734,0.77222,0.85078,0.75972,0.85625,0.76667,0.85078,0.78611,0.60762,0.70949,0.9999,0.72687,0.96044,0.9377,0.78004,0.83719,0.9947,0.69678,0.78241,0.75938,0.80833,83.57,0.9815,live,0.3839,0.3514,166.46,473.68
167285.132466,120.0,0.4412,3,2,0,0.75781,0.80139,0.74062,0.77222,0.73594,0.73333,0.74609,0.71389,0.76562,0.70972,0.77734,0.69444,0.78984,0.65972,0.78906,0.67083,0.78359,0.69861,0.79922,0.70972,0.81875,0.67083,0.81953,0.68611,0.81328,0.71806,0.81484,0.73472,0.83672,0.70417,0.83906,0.71944,0.83203,0.74861,0.82500,0.76528,0.84688,0.75000,0.85234,0.75972,0.84844,0.77917,0.60748,0.70819,0.9999,0.72748,0.95540,0.9378,0.77418,0.83058,0.9948,0.70899,0.78620,0.75781,0.80139,83.74,0.9858,live,0.3618,0.2611,124.60,477.13
167285.198368,120.0,0.5730,3,2,0,0.75234,0.78889,0.73516,0.75833,0.72891,0.71806,0.73984,0.70000,0.75859,0.69306,0.76953,0.67917,0.78047,0.64444,0.77969,0.65694,0.77656,0.68611,0.79063,0.69444,0.81094,0.65694,0.81016,0.67222,0.80391,0.70278,0.80625,0.71944,0.82969,0.68889,0.83047,0.70278,0.82266,0.73056,0.81719,0.75000,0.83906,0.73194,0.84375,0.74028,0.83906,0.75972,0.60696,0.70805,0.9999,0.72818,0.95261,0.9367,0.77177,0.81292,0.9945,0.71766,0.78674,0.75234,0.78889,83.23,0.9839,live,0.3419,0.2512,120.55,479.80
167285.264522,120.0,0.7053,3,2,0,0.74219,0.76111,0.72500,0.73056,0.71797,0.69167,0.72656,0.67222,0.73750,0.65972,0.75313,0.64444,0.76016,0.60694,0.76172,0.61528,0.76094,0.64167,0.77344,0.65833,0.78750,0.61528,0.78906,0.62361,0.78516,0.65000,0.78906,0.68194,0.80781,0.64861,0.80937,0.65417,0.80312,0.67222,0.80078,0.71528,0.82188,0.70278,0.82578,0.69722,0.81953,0.69861,0.60696,0.70508,0.9999,0.73502,0.93659,0.9397,0.76962,0.76940,0.9947,0.72257,0.78162,0.74219,0.76111,82.68,0.9906,live,0.3275,0.2619,126.17,481.76
167285.331720,120.0,0.8397,3,2,0,0.71797,0.68194,0.69688,0.64306,0.68516,0.59861,0.68906,0.57083,0.69922,0.55972,0.71250,0.53194,0.71641,0.48750,0.72031,0.50694,0.72344,0.54028,0.73359,0.54028,0.74297,0.49583,0.74844,0.52083,0.74844,0.55694,0.75156,0.55972,0.76094,0.52083,0.76562,0.54167,0.76562,0.57361,0.76641,0.58750,0.77578,0.56111,0.77969,0.57361,0.77891,0.59444,0.60723,0.70085,0.9999,0.75472,0.93081,0.9433,0.74136,0.68521,0.9950,0.72165,0.76168,0.71797,0.68194,95.99,0.9706,live,0.3077,0.2174,107.21,493.06
167285.397515,120.0,0.9713,3,2,0,0.68984,0.53472,0.66172,0.50972,0.64531,0.46528,0.64297,0.42083,0.64219,0.38194,0.67344,0.42500,0.66641,0.36389,0.65938,0.33889,0.65156,0.32639,0.69375,0.42083,0.68984,0.35972,0.68203,0.33194,0.67266,0.31944,0.71094,0.42361,0.71016,0.37083,0.70156,0.34444,0.69063,0.33194,0.72422,0.43056,0.72422,0.39028,0.71719,0.37083,0.70625,0.36111,0.59810,0.69123,0.9999,0.75306,0.83523,0.9467,0.69948,0.54658,0.9955,0.68984,0.53472,0.68984,0.53472,78.99,0.6129,live,0.3291,0.4265,209.33,490.76
167285.464208,120.0,0.1046,3,3,0,0.65547,0.41250,0.62734,0.38750,0.61250,0.34306,0.61016,0.30278,0.61172,0.26944,0.63672,0.30000,0.63047,0.25278,0.62266,0.22778,0.61406,0.20972,0.65312,0.29444,0.64844,0.24167,0.63906,0.21389,0.62969,0.19444,0.66719,0.29861,0.66641,0.24722,0.65625,0.21944,0.64609,0.20278,0.68125,0.30972,0.68281,0.26528,0.67656,0.24167,0.66641,0.22639,0.59381,0.67607,0.9999,0.74773,0.73727,0.9505,0.65429,0.41603,0.9959,0.70841,0.69184,0.65547,0.41250,77.00,0.7559,live,0.3427,0.4046,197.14,487.31
167285.529642,120.0,0.2355,3,3,0,0.63359,0.36806,0.60703,0.32639,0.59297,0.28333,0.58984,0.24444,0.59062,0.21111,0.61562,0.24861,0.60703,0.20972,0.59922,0.18472,0.59219,0.16111,0.62813,0.24028,0.62344,0.19583,0.61562,0.16667,0.60781,0.14167,0.63984,0.23889,0.63750,0.19583,0.62969,0.16528,0.62109,0.14306,0.65234,0.24444,0.65391,0.20556,0.64766,0.18194,0.63828,0.16389,0.59314,0.67730,0.9999,0.73346,0.66559,0.9534,0.64008,0.36066,0.9962,0.69345,0.62709,0.63359,0.36806,80.14,0.8819,live,0.3539,0.4052,197.14,486.53
167285.599357,120.0,0.3749,3,3,0,0.62266,0.32639,0.59531,0.29583,0.58047,0.25833,0.57578,0.21944,0.57578,0.18750,0.60078,0.21944,0.59219,0.18333,0.58281,0.16250,0.57500,0.14306,0.61328,0.20694,0.60703,0.16528,0.59688,0.14167,0.58672,0.12500,0.62578,0.20278,0.62187,0.15972,0.61250,0.13611,0.60078,0.12222,0.63828,0.20556,0.63906,0.16944,0.63125,0.15000,0.62031,0.13750,0.59199,0.67539,0.9999,0.72280,0.64284,0.9558,0.63811,0.33239,0.9966,0.67929,0.56695,0.62266,0.32639,76.77,0.9481,live,0.3609,0.3925,189.72,483.42
167285.663789,120.0,0.5038,3,3,0,0.61797,0.31528,0.59219,0.29028,0.57734,0.25417,0.57266,0.21944,0.57344,0.19028,0.59922,0.21528,0.58984,0.18194,0.58047,0.16111,0.57188,0.14444,0.61172,0.20556,0.60469,0.16250,0.59375,0.14028,0.58359,0.12500,0.62422,0.20278,0.62031,0.15694,0.61016,0.13611,0.59922,0.12361,0.63672,0.20556,0.63594,0.16528,0.62813,0.14583,0.61719,0.13472,0.59110,0.67439,0.9999,0.71481,0.63804,0.9562,0.63565,0.33243,0.9968,0.66702,0.51661,0.61797,0.31528,71.59,0.9589,live,0.3740,0.4342,207.08,476.96
167285.733718,120.0,0.6437,3,3,0,0.62031,0.33889,0.59531,0.31667,0.58047,0.28056,0.57578,0.24444,0.57578,0.21389,0.60156,0.23889,0.59297,0.20139,0.58437,0.18056,0.57656,0.16389,0.61484,0.23056,0.60859,0.18611,0.59922,0.16111,0.58906,0.14444,0.62734,0.22917,0.62422,0.18333,0.61484,0.15972,0.60547,0.14306,0.64062,0.23472,0.64062,0.19583,0.63438,0.17500,0.62500,0.16250,0.59053,0.67592,0.9998,0.71127,0.65527,0.9560,0.63210,0.33972,0.9971,0.65768,0.48107,0.62031,0.33889,70.92,0.9360,live,0.3967,0.4997,235.23,470.79
167285.800977,120.0,0.7782,3,3,0,0.62031,0.38472,0.59766,0.37222,0.58281,0.33472,0.57656,0.29861,0.57656,0.26806,0.60469,0.28333,0.59766,0.23889,0.58828,0.22083,0.57812,0.21111,0.61875,0.27778,0.61562,0.22500,0.60781,0.20417,0.59688,0.19722,0.63203,0.28194,0.63203,0.23194,0.62422,0.21111,0.61406,0.20278,0.64609,0.29444,0.64766,0.25417,0.64141,0.23333,0.63203,0.22222,0.59062,0.67781,0.9998,0.71286,0.72017,0.9579,0.63268,0.35674,0.9974,0.65021,0.46180,0.62031,0.38472,69.80,0.9409,live,0.4214,0.5343,248.20,464.55
167285.867537,120.0,0.9113,3,3,0,0.61562,0.35417,0.59375,0.35417,0.57422,0.34028,0.56484,0.34028,0.56094,0.33889,0.59531,0.31250,0.59297,0.30833,0.59297,0.32778,0.59297,0.35278,0.61484,0.31944,0.61484,0.31944,0.61484,0.34722,0.61406,0.38056,0.63203,0.33056,0.63359,0.33194,0.63281,0.36250,0.63125,0.39306,0.64531,0.34583,0.64922,0.35139,0.65000,0.37500,0.64922,0.39722,0.59130,0.67821,0.9998,0.72929,0.81558,0.9573,0.63529,0.50823,0.9975,0.64329,0.44027,0.61562,0.35417,42.89,0.9737,live,0.4488,0.5736,252.21,439.68
167285.935557,120.0,0.0473,3,1,1,0.62656,0.67778,0.60000,0.66111,0.57578,0.62500,0.56250,0.60139,0.56719,0.58333,0.58984,0.55417,0.58125,0.53472,0.57656,0.57361,0.57500,0.60972,0.61172,0.55694,0.60781,0.52500,0.60078,0.56667,0.59766,0.60972,0.63281,0.57083,0.63125,0.54028,0.62422,0.57778,0.61875,0.61389,0.65078,0.59306,0.65078,0.58611,0.64766,0.61528,0.64531,0.64028,0.60188,0.65630,0.9998,0.75114,0.87864,0.9585,0.63814,0.69529,0.9976,0.63995,0.48777,0.62656,0.67778,85.25,0.9971,live,0.4488,0.4488,201.22,448.30
167286.002028,120.0,0.1803,3,1,1,0.62656,0.78750,0.60000,0.76944,0.57734,0.74722,0.56328,0.73056,0.56250,0.72222,0.60156,0.66528,0.58516,0.65278,0.57188,0.67639,0.56328,0.70139,0.62109,0.67361,0.60703,0.66111,0.59297,0.69583,0.58516,0.72639,0.63906,0.69583,0.63047,0.68333,0.61641,0.71250,0.60469,0.73889,0.65391,0.72778,0.65078,0.72361,0.63906,0.74306,0.62813,0.75972,0.60871,0.66950,0.9999,0.74938,0.92293,0.9574,0.63916,0.78618,0.9970,0.63727,0.54772,0.62656,0.78750,78.02,0.9914,live,0.4488,0.4498,202.73,450.68
167286.066225,120.0,0.3087,3,1,1,0.62813,0.82083,0.60234,0.79722,0.58047,0.77083,0.56484,0.75278,0.56250,0.74028,0.60859,0.70278,0.59219,0.68333,0.57734,0.69861,0.56484,0.72222,0.62734,0.71250,0.61328,0.69306,0.59531,0.71806,0.58281,0.74444,0.64375,0.73472,0.63359,0.71944,0.61562,0.74583,0.60156,0.76944,0.65703,0.76667,0.65234,0.75833,0.63828,0.77778,0.62656,0.79583,0.60832,0.67520,0.9998,0.74683,0.93991,0.9544,0.63955,0.81473,0.9965,0.63544,0.60234,0.62813,0.82083,74.39,0.9973,live,0.4295,0.3413,153.64,450.16
167286.133761,120.0,0.4437,3,1,1,0.63047,0.82778,0.60391,0.80417,0.58203,0.77778,0.56797,0.75972,0.56094,0.74583,0.60703,0.71111,0.59297,0.69028,0.57812,0.70417,0.56484,0.72361,0.62578,0.72083,0.61250,0.70000,0.59375,0.72778,0.58047,0.75417,0.64219,0.74167,0.63516,0.72083,0.61797,0.74861,0.60234,0.77361,0.65703,0.77083,0.65391,0.76389,0.64062,0.78333,0.62734,0.80000,0.60983,0.68221,0.9999,0.74573,0.94472,0.9529,0.63939,0.80803,0.9962,0.63445,0.64743,0.63047,0.82778,74.20,0.9955,live,0.4162,0.3555,159.82,449.56
167286.201004,120.0,0.5782,3,1,1,0.63750,0.82222,0.60938,0.80000,0.58750,0.77500,0.57266,0.75833,0.56406,0.74722,0.61328,0.70417,0.59844,0.68889,0.58359,0.70556,0.57031,0.72639,0.63203,0.71389,0.61875,0.69861,0.60000,0.72361,0.58594,0.75000,0.64844,0.73611,0.64062,0.72222,0.62266,0.75000,0.60859,0.77361,0.66328,0.76667,0.65938,0.76250,0.64609,0.78056,0.63438,0.79722,0.60954,0.68349,0.9999,0.74167,0.94076,0.9532,0.64396,0.81428,0.9959,0.63506,0.68239,0.63750,0.82222,74.72,0.9977,live,0.4162,0.3988,179.24,449.42
167286.266470,120.0,0.7092,3,1,1,0.65156,0.81806,0.62344,0.79306,0.60078,0.76806,0.58828,0.75000,0.59062,0.73750,0.63125,0.69444,0.61797,0.68056,0.60313,0.69583,0.58984,0.71667,0.65078,0.70556,0.63984,0.69306,0.62187,0.71667,0.60938,0.74028,0.66719,0.72917,0.66172,0.71667,0.64609,0.74028,0.63281,0.76250,0.67969,0.76250,0.68047,0.75694,0.66953,0.76944,0.65938,0.78056,0.61246,0.68672,0.9999,0.74283,0.95273,0.9526,0.65555,0.82066,0.9954,0.63836,0.70952,0.65156,0.81806,76.64,0.9980,live,0.4162,0.4352,196.13,450.67
167286.333117,120.0,0.8425,3,1,1,0.67500,0.79861,0.68906,0.77639,0.69375,0.75139,0.68516,0.73056,0.67422,0.71806,0.68281,0.70000,0.67344,0.69167,0.66875,0.69583,0.66797,0.70278,0.66406,0.70417,0.65312,0.69444,0.65312,0.69861,0.65859,0.70694,0.64687,0.71806,0.63672,0.71111,0.64062,0.71389,0.64922,0.72222,0.63203,0.73750,0.62266,0.72917,0.62656,0.72917,0.63438,0.73194,0.61690,0.69671,0.9999,0.74637,0.97831,0.9538,0.69622,0.83294,0.9954,0.67500,0.79861,0.67500,0.79861,70.49,0.9708,live,0.4471,0.5883,263.17,447.34
167286.399447,120.0,0.9751,3,1,1,0.71953,0.77361,0.70703,0.76806,0.70859,0.75000,0.70859,0.72639,0.71484,0.71667,0.76250,0.73750,0.78906,0.71667,0.77891,0.71111,0.76016,0.72361,0.77266,0.73889,0.80391,0.71528,0.78516,0.71111,0.76484,0.72639,0.77656,0.74444,0.80078,0.71528,0.78125,0.70972,0.76016,0.72639,0.77656,0.76111,0.79531,0.73750,0.78438,0.73194,0.76797,0.74028,0.61600,0.70321,0.9999,0.73691,0.97072,0.9524,0.74349,0.82721,0.9954,0.65459,0.72234,0.71953,0.77361,57.90,0.7497,live,0.4755,0.6045,263.17,435.34
167286.466208,120.0,0.1086,3,2,0,0.74687,0.82778,0.73516,0.78194,0.73516,0.73750,0.75156,0.71944,0.77422,0.71944,0.77969,0.70000,0.79531,0.67083,0.79922,0.68750,0.79375,0.71806,0.80000,0.72361,0.82188,0.69167,0.82656,0.70694,0.81875,0.73194,0.81406,0.75139,0.83594,0.72778,0.84375,0.73889,0.83672,0.75972,0.82031,0.78611,0.84219,0.77222,0.85234,0.78056,0.85313,0.79583,0.61345,0.70289,0.9999,0.72710,0.96726,0.9511,0.77661,0.82046,0.9955,0.67305,0.74343,0.74687,0.82778,95.49,0.9593,live,0.4947,0.5824,263.17,451.86
167286.532266,120.0,0.2408,3,2,0,0.76328,0.81667,0.74766,0.78056,0.74687,0.73611,0.76328,0.71944,0.78516,0.71944,0.79219,0.70417,0.80859,0.67361,0.81172,0.68611,0.80781,0.71528,0.81328,0.72222,0.83750,0.68750,0.84141,0.70000,0.83437,0.72778,0.82734,0.74861,0.85234,0.72639,0.85938,0.73750,0.85234,0.76389,0.83437,0.78194,0.85859,0.77083,0.86719,0.77639,0.86328,0.79167,0.60895,0.70267,0.9999,0.72661,0.96664,0.9516,0.78397,0.81978,0.9954,0.69110,0.75807,0.76328,0.81667,88.65,0.9674,live,0.4947,0.5098,235.26,461.46
167286.599333,120.0,0.3749,3,2,0,0.76328,0.80972,0.74766,0.77639,0.74609,0.73611,0.76172,0.72222,0.78203,0.72222,0.79141,0.70139,0.80859,0.67361,0.80859,0.68611,0.80391,0.71389,0.81250,0.71806,0.83516,0.68472,0.83750,0.70000,0.82969,0.72917,0.82656,0.74444,0.85078,0.71806,0.85547,0.73333,0.84844,0.75972,0.83437,0.77500,0.85938,0.76389,0.86719,0.77361,0.86328,0.79167,0.60883,0.70567,0.9999,0.72683,0.96458,0.9529,0.78520,0.82295,0.9955,0.70553,0.76840,0.76328,0.80972,86.98,0.9796,live,0.4833,0.4315,202.26,468.71
167286.667512,120.0,0.5113,3,2,0,0.76172,0.80833,0.74531,0.77500,0.74297,0.73611,0.75781,0.72083,0.77734,0.71806,0.78672,0.70139,0.80312,0.67083,0.80469,0.68333,0.80078,0.71250,0.80781,0.71806,0.83047,0.68194,0.83281,0.69722,0.82656,0.72778,0.82188,0.74444,0.84688,0.71528,0.85156,0.72917,0.84453,0.75556,0.83047,0.77500,0.85547,0.76111,0.86328,0.76944,0.86094,0.78750,0.60882,0.70562,0.9999,0.72790,0.96016,0.9517,0.78106,0.82166,0.9954,0.71677,0.77639,0.76172,0.80833,84.87,0.9745,live,0.4539,0.3199,151.50,473.57
167286.730175,120.0,0.6366,3,2,0,0.75781,0.79583,0.73984,0.76389,0.73516,0.72361,0.74922,0.70694,0.76875,0.70278,0.77734,0.68889,0.79219,0.65556,0.79297,0.66806,0.78984,0.69722,0.79922,0.70417,0.82031,0.66806,0.82344,0.68333,0.81719,0.71250,0.81484,0.72917,0.83828,0.70000,0.84219,0.71528,0.83437,0.74167,0.82422,0.75972,0.84688,0.74444,0.85391,0.75556,0.85078,0.77500,0.60616,0.70444,0.9999,0.72820,0.94139,0.9508,0.78031,0.81411,0.9956,0.72498,0.78028,0.75781,0.79583,83.31,0.9649,live,0.4323,0.3335,158.99,476.72
167286.802139,120.0,0.7805,3,2,0,0.75000,0.76250,0.73359,0.73611,0.72656,0.70139,0.73203,0.68472,0.74062,0.66806,0.75703,0.65000,0.76172,0.60694,0.76484,0.61667,0.76641,0.64444,0.77734,0.66111,0.79141,0.61528,0.79531,0.62917,0.79453,0.65972,0.79375,0.68056,0.81094,0.64722,0.81797,0.66250,0.81641,0.68889,0.80547,0.71111,0.82344,0.69722,0.83047,0.70278,0.82969,0.71806,0.60619,0.69627,0.9999,0.73343,0.91330,0.9491,0.77823,0.77212,0.9957,0.72998,0.77672,0.75000,0.76250,79.64,0.9778,live,0.4049,0.2803,133.68,476.86
167286.866966,120.0,0.9102,3,2,0,0.71797,0.65833,0.69531,0.62083,0.68125,0.57917,0.68281,0.54861,0.69531,0.53611,0.71094,0.50417,0.71328,0.45417,0.71406,0.46806,0.71562,0.49861,0.73203,0.51389,0.73828,0.46111,0.73984,0.47639,0.73984,0.50278,0.75078,0.53194,0.75781,0.48889,0.75781,0.49722,0.75547,0.51667,0.76719,0.55833,0.77500,0.52500,0.77422,0.52639,0.77109,0.53611,0.60620,0.68741,0.9999,0.74962,0.90085,0.9509,0.74679,0.66799,0.9960,0.72758,0.75305,0.71797,0.65833,98.62,0.9929,live,0.3728,0.2263,111.03,490.64
167286.931872,120.0,0.0400,3,3,0,0.68984,0.50556,0.66094,0.47500,0.64531,0.43056,0.64297,0.38333,0.64687,0.34583,0.67344,0.39167,0.66719,0.33194,0.66094,0.30278,0.65391,0.28194,0.69297,0.38750,0.69219,0.32500,0.68437,0.29444,0.67578,0.27778,0.70937,0.39167,0.71016,0.33472,0.70156,0.30694,0.69141,0.29306,0.72266,0.40278,0.72969,0.36250,0.72422,0.33889,0.71562,0.32500,0.59635,0.68771,0.9999,0.74932,0.81750,0.9533,0.70031,0.51198,0.9963,0.67797,0.74000,0.68984,0.50556,79.58,0.6327,live,0.3465,0.2270,111.03,489.06
167287.001503,120.0,0.1792,3,3,0,0.66484,0.44306,0.63672,0.39028,0.62500,0.34306,0.62500,0.29861,0.62656,0.26111,0.64687,0.31528,0.64375,0.26944,0.64062,0.24444,0.63750,0.22083,0.66094,0.31250,0.66094,0.26806,0.65859,0.24028,0.65547,0.21667,0.67344,0.31389,0.67578,0.27222,0.67266,0.24167,0.66797,0.21667,0.68750,0.31667,0.68906,0.28056,0.68594,0.25556,0.68125,0.23611,0.59345,0.67771,0.9999,0.74295,0.73262,0.9544,0.65669,0.40695,0.9966,0.71503,0.69105,0.66484,0.44306,84.12,0.7780,live,0.3198,0.1979,97.15,490.94
167287.066804,120.0,0.3098,3,3,0,0.64219,0.38472,0.61719,0.34028,0.60391,0.29722,0.60234,0.25694,0.60391,0.22500,0.62500,0.26250,0.61797,0.22361,0.61250,0.19861,0.60703,0.17500,0.63672,0.25833,0.63438,0.21528,0.62891,0.18889,0.62266,0.16667,0.64844,0.25833,0.64922,0.21806,0.64375,0.18889,0.63750,0.16667,0.66094,0.26389,0.66328,0.22500,0.65859,0.20139,0.65078,0.18472,0.59197,0.67831,0.9998,0.73560,0.69297,0.9572,0.64705,0.35966,0.9970,0.70046,0.62978,0.64219,0.38472,79.56,0.9386,live,0.3090,0.2599,127.18,489.31
167287.134280,120.0,0.4448,3,3,0,0.63203,0.34861,0.60625,0.31944,0.59219,0.28194,0.58906,0.24444,0.59219,0.21667,0.61406,0.24306,0.60703,0.20833,0.59922,0.18750,0.59062,0.17083,0.62734,0.23333,0.62187,0.19167,0.61250,0.16944,0.60313,0.15278,0.63984,0.23056,0.63750,0.18750,0.62891,0.16528,0.61875,0.15278,0.65312,0.23333,0.65391,0.19583,0.64687,0.17639,0.63672,0.16528,0.59157,0.67792,0.9998,0.72334,0.67354,0.9571,0.64075,0.35427,0.9972,0.68678,0.57355,0.63203,0.34861,75.10,0.9720,live,0.3139,0.3364,163.06,484.66
167287.200148,120.0,0.5765,3,3,0,0.63281,0.35694,0.60547,0.33611,0.59062,0.29861,0.58750,0.26111,0.59062,0.23194,0.61328,0.25833,0.60547,0.22361,0.59766,0.20139,0.58984,0.18333,0.62656,0.24861,0.62109,0.20556,0.61172,0.18194,0.60234,0.16528,0.63984,0.24722,0.63672,0.20417,0.62891,0.18056,0.61797,0.16528,0.65312,0.25139,0.65391,0.21528,0.64609,0.19444,0.63516,0.18194,0.58940,0.67741,0.9998,0.72057,0.68970,0.9580,0.64229,0.36837,0.9974,0.67598,0.53023,0.63281,0.35694,71.31,0.9629,live,0.3301,0.4036,192.85,477.85
167287.266983,120.0,0.7102,3,3,0,0.63516,0.39583,0.61016,0.37778,0.59453,0.34028,0.58984,0.30139,0.59141,0.26944,0.61562,0.29444,0.60781,0.25278,0.60000,0.23333,0.59141,0.21806,0.62969,0.28750,0.62422,0.24028,0.61562,0.21528,0.60625,0.19861,0.64297,0.29028,0.63984,0.24167,0.63203,0.21806,0.62266,0.20417,0.65781,0.29861,0.65781,0.25694,0.65156,0.23611,0.64297,0.22083,0.58959,0.67702,0.9998,0.72142,0.71954,0.9584,0.64024,0.39542,0.9977,0.66782,0.50335,0.63516,0.39583,71.33,0.9483,live,0.3526,0.4550,214.68,471.87
167287.332811,120.0,0.8419,3,3,0,0.63750,0.49861,0.61172,0.47500,0.59453,0.43333,0.58672,0.39722,0.58984,0.36389,0.61562,0.37361,0.61172,0.31667,0.60469,0.29722,0.59844,0.30139,0.63203,0.36944,0.63047,0.30833,0.62344,0.29722,0.61562,0.31111,0.64766,0.37639,0.64687,0.31944,0.63984,0.30556,0.63203,0.31667,0.66250,0.39306,0.66328,0.34722,0.65781,0.32639,0.65156,0.32500,0.58956,0.67694,0.9998,0.72374,0.78346,0.9587,0.64359,0.48027,0.9978,0.66175,0.50240,0.63750,0.49861,82.90,0.9519,live,0.3709,0.4547,215.96,474.93
167287.400118,120.0,0.9765,3,3,0,0.63750,0.49861,0.61172,0.47500,0.59453,0.43333,0.58672,0.39722,0.58984,0.36389,0.61562,0.37361,0.61172,0.31667,0.60469,0.29722,0.59844,0.30139,0.63203,0.36944,0.63047,0.30833,0.62344,0.29722,0.61562,0.31111,0.64766,0.37639,0.64687,0.31944,0.63984,0.30556,0.63203,0.31667,0.66250,0.39306,0.66328,0.34722,0.65781,0.32639,0.65156,0.32500,0.59622,0.67104,0.9998,0.74376,0.86759,0.9584,0.64587,0.63886,0.9976,0.66175,0.50240,0.63750,0.49861,82.90,0.5711,hold,0.3709,0.4547,215.96,474.93
167287.466671,120.0,0.1096,3,1,1,0.64375,0.77639,0.61875,0.77083,0.59688,0.75139,0.58594,0.74167,0.58672,0.73472,0.61562,0.67222,0.60313,0.68056,0.59453,0.71389,0.58984,0.74444,0.63906,0.67639,0.63203,0.67500,0.62422,0.71389,0.61797,0.74861,0.65859,0.69306,0.65703,0.69861,0.64922,0.73750,0.63984,0.76667,0.67266,0.72083,0.67734,0.73333,0.67266,0.76389,0.66563,0.78611,0.60643,0.68197,0.9998,0.75548,0.91443,0.9590,0.66156,0.79619,0.9968,0.65815,0.55720,0.64375,0.77639,72.72,0.9864,live,0.3812,0.4277,201.16,470.30
167287.535599,120.0,0.2474,3,1,1,0.64687,0.82361,0.62500,0.81667,0.60234,0.80139,0.58594,0.79722,0.58594,0.79167,0.62891,0.73611,0.61172,0.72222,0.59922,0.75139,0.58906,0.78333,0.64922,0.74444,0.63594,0.73194,0.61953,0.76944,0.60938,0.80278,0.66719,0.76806,0.66094,0.75972,0.64453,0.79583,0.63203,0.82639,0.67969,0.79722,0.67969,0.79722,0.66875,0.82083,0.65859,0.84028,0.60750,0.68816,0.9998,0.75502,0.93161,0.9561,0.66204,0.84181,0.9962,0.65590,0.61048,0.64687,0.82361,62.18,0.9975,live,0.3736,0.3390,155.49,458.63
167287.602794,120.0,0.3818,3,1,1,0.65625,0.85694,0.62813,0.84306,0.60547,0.81250,0.58984,0.79861,0.58437,0.78611,0.62813,0.75278,0.61250,0.72639,0.59922,0.74722,0.58672,0.77639,0.65000,0.76111,0.63672,0.73611,0.62109,0.76944,0.60859,0.80000,0.66797,0.78056,0.66094,0.76389,0.64375,0.79722,0.62891,0.82639,0.68203,0.80694,0.68203,0.80139,0.67031,0.82639,0.65781,0.84722,0.60838,0.68935,0.9998,0.74480,0.93224,0.9564,0.66270,0.83560,0.9961,0.65597,0.65977,0.65625,0.85694,70.19,0.9948,live,0.3566,0.2793,126.86,454.13
167287.665098,120.0,0.5064,3,1,1,0.65625,0.84861,0.62734,0.82917,0.60547,0.80417,0.58984,0.78889,0.58203,0.77500,0.62969,0.73611,0.61484,0.71944,0.60078,0.73750,0.58906,0.76111,0.65000,0.74444,0.63828,0.72917,0.62109,0.75972,0.60859,0.79028,0.66641,0.76667,0.66094,0.75556,0.64375,0.78611,0.62969,0.81250,0.68047,0.79722,0.67969,0.79583,0.66797,0.81667,0.65625,0.83472,0.60992,0.69311,0.9998,0.74589,0.93519,0.9557,0.66344,0.82879,0.9956,0.65602,0.69754,0.65625,0.84861,72.51,0.9966,live,0.3566,0.3356,151.64,451.84
167287.735569,120.0,0.6474,3,1,1,0.65703,0.83611,0.63047,0.81667,0.60703,0.79306,0.59141,0.77639,0.59453,0.75972,0.63594,0.71667,0.62109,0.71250,0.60859,0.73056,0.59688,0.75278,0.65703,0.72639,0.64453,0.72361,0.62969,0.75278,0.61797,0.77917,0.67500,0.75000,0.66641,0.74583,0.65078,0.77639,0.63672,0.80278,0.68828,0.78333,0.68516,0.78333,0.67422,0.80556,0.66406,0.82361,0.61343,0.69302,0.9998,0.74688,0.93727,0.9540,0.66922,0.84139,0.9949,0.65623,0.72526,0.65703,0.83611,76.68,0.9981,live,0.3566,0.3589,162.50,452.83
167287.801453,120.0,0.7791,3,1,1,0.67266,0.82361,0.64687,0.80417,0.62422,0.77639,0.61172,0.75417,0.62422,0.74444,0.65703,0.71667,0.65078,0.69722,0.63828,0.71528,0.62813,0.73611,0.67812,0.72917,0.67891,0.70417,0.66016,0.72361,0.64687,0.75000,0.69531,0.75139,0.69688,0.73472,0.68047,0.75417,0.66719,0.77500,0.70781,0.78194,0.71406,0.77361,0.70781,0.78472,0.70078,0.79444,0.61683,0.69388,0.9998,0.75283,0.95060,0.9547,0.69595,0.84599,0.9949,0.65951,0.74493,0.67266,0.82361,70.55,0.9887,live,0.3626,0.3901,175.28,449.29
167287.864379,120.0,0.9050,3,1,1,0.70859,0.83333,0.71875,0.79722,0.71953,0.76389,0.71719,0.73194,0.72188,0.71111,0.71250,0.70833,0.71094,0.68472,0.71953,0.69306,0.72734,0.70694,0.69922,0.71528,0.70078,0.68750,0.71172,0.69722,0.72344,0.71111,0.68594,0.72639,0.68516,0.70139,0.69609,0.70417,0.70937,0.71250,0.67266,0.74722,0.66641,0.72639,0.67656,0.72222,0.69141,0.72361,0.61467,0.71031,0.9998,0.74909,0.96838,0.9501,0.71596,0.84743,0.9939,0.70859,0.83333,0.70859,0.83333,77.84,0.8303,live,0.3961,0.5486,247.63,451.42
167287.934890,120.0,0.0460,3,2,0,0.74844,0.81528,0.73203,0.77778,0.73438,0.73333,0.74375,0.71806,0.75703,0.72778,0.77656,0.70833,0.78750,0.67361,0.78281,0.68472,0.77734,0.71250,0.79688,0.72917,0.82031,0.69444,0.80937,0.70556,0.79453,0.73333,0.81250,0.75556,0.83750,0.73056,0.83359,0.73194,0.81719,0.75278,0.82266,0.78750,0.84688,0.77917,0.84922,0.77778,0.83750,0.78750,0.61372,0.70961,0.9998,0.73007,0.96323,0.9448,0.77396,0.82322,0.9938,0.67730,0.75900,0.74844,0.81528,87.95,0.9832,live,0.4069,0.4558,209.95,460.58
167288.000912,120.0,0.1781,3,2,0,0.77187,0.81528,0.75469,0.77778,0.75625,0.73194,0.77656,0.71944,0.79766,0.71667,0.80156,0.70556,0.81641,0.68056,0.82266,0.69306,0.82344,0.72083,0.82422,0.72500,0.84688,0.69444,0.85156,0.71111,0.84766,0.73889,0.83750,0.75000,0.86172,0.72917,0.86875,0.74444,0.86328,0.76944,0.84453,0.78194,0.86797,0.77222,0.87656,0.77917,0.87422,0.79583,0.61041,0.70914,0.9998,0.72435,0.96043,0.9442,0.78719,0.82124,0.9939,0.69621,0.77025,0.77187,0.81528,88.71,0.9566,live,0.4142,0.4475,209.95,469.18
167288.065730,120.0,0.3077,3,2,0,0.77109,0.81389,0.75781,0.77639,0.76016,0.73472,0.77891,0.72222,0.79922,0.72083,0.80234,0.70833,0.81953,0.68194,0.82422,0.69167,0.82344,0.71806,0.82344,0.72639,0.84766,0.69444,0.85313,0.70833,0.84844,0.73611,0.83750,0.75139,0.86250,0.72917,0.87031,0.74167,0.86484,0.76667,0.84453,0.78194,0.86875,0.77361,0.87734,0.77917,0.87500,0.79583,0.60536,0.70878,0.9999,0.72383,0.95693,0.9424,0.79447,0.81986,0.9940,0.71119,0.77898,0.77109,0.81389,87.57,0.9715,live,0.4194,0.4434,211.04,475.93
167288.134914,120.0,0.4461,3,2,0,0.76953,0.81111,0.75391,0.77639,0.75547,0.73472,0.77266,0.72222,0.79219,0.71806,0.79922,0.70694,0.81328,0.67917,0.81797,0.69028,0.81797,0.71528,0.81953,0.72361,0.84141,0.68750,0.84688,0.70139,0.84219,0.72778,0.83281,0.74722,0.85781,0.72361,0.86484,0.73611,0.86016,0.76250,0.83984,0.77917,0.86484,0.76806,0.87344,0.77500,0.87109,0.79167,0.60556,0.71030,0.9999,0.72467,0.95698,0.9391,0.78474,0.82010,0.9936,0.72286,0.78541,0.76953,0.81111,85.08,0.9607,live,0.4121,0.3789,181.91,480.07
167288.198174,120.0,0.5726,3,2,0,0.76250,0.80556,0.74609,0.77083,0.74453,0.72778,0.76016,0.70972,0.78047,0.70417,0.78672,0.69722,0.80078,0.66528,0.80312,0.67361,0.80078,0.70000,0.80781,0.71389,0.82891,0.67639,0.83359,0.68889,0.82891,0.71944,0.82266,0.73750,0.84531,0.70972,0.85234,0.72083,0.84609,0.74722,0.83125,0.76806,0.85469,0.75556,0.86328,0.76250,0.86016,0.78056,0.60531,0.71007,0.9999,0.72495,0.95318,0.9416,0.78412,0.81658,0.9938,0.73079,0.78944,0.76250,0.80556,85.08,0.9649,live,0.3965,0.3255,157.44,483.72
167288.269131,120.0,0.7145,3,2,0,0.75313,0.78056,0.73516,0.74444,0.73125,0.70417,0.74297,0.68611,0.75859,0.67778,0.77031,0.66667,0.78125,0.63056,0.78203,0.64167,0.78125,0.67083,0.79219,0.68194,0.81016,0.64583,0.81094,0.65417,0.80703,0.68333,0.80703,0.70556,0.82656,0.67778,0.82891,0.68611,0.82344,0.71111,0.81719,0.73750,0.83828,0.72222,0.84375,0.72500,0.84062,0.74167,0.60540,0.70618,0.9999,0.72765,0.93701,0.9414,0.78244,0.79960,0.9939,0.73525,0.78766,0.75313,0.78056,84.54,0.9723,live,0.3724,0.2623,127.62,486.54
167288.331521,120.0,0.8393,3,2,0,0.73828,0.71528,0.71328,0.68472,0.69766,0.64306,0.69922,0.61389,0.70703,0.59306,0.72891,0.59167,0.73672,0.55000,0.74219,0.56806,0.74609,0.59861,0.75234,0.60278,0.76484,0.55833,0.77344,0.58194,0.77578,0.61806,0.77109,0.62361,0.78438,0.58750,0.79297,0.60972,0.79531,0.64167,0.78594,0.65139,0.79922,0.63056,0.80547,0.64167,0.80703,0.66250,0.60588,0.69005,0.9999,0.74938,0.92752,0.9434,0.76446,0.71672,0.9941,0.73586,0.77318,0.73828,0.71528,83.48,0.9547,live,0.3526,0.2626,128.24,488.26
167288.402332,120.0,0.9809,3,2,0,0.70703,0.60139,0.68281,0.56806,0.66797,0.52500,0.66406,0.48889,0.67109,0.46111,0.69453,0.46528,0.69063,0.41389,0.68672,0.40139,0.68359,0.40694,0.71406,0.46806,0.71875,0.40833,0.71484,0.40694,0.71016,0.42222,0.73203,0.48194,0.73828,0.43194,0.73203,0.42917,0.72422,0.44444,0.74844,0.50556,0.75547,0.46667,0.75156,0.45694,0.74375,0.46250,0.60580,0.68685,0.9999,0.76131,0.88183,0.9470,0.72462,0.61260,0.9947,0.73009,0.73882,0.70703,0.60139,89.39,0.9612,live,0.3260,0.2049,101.24,494.03
167288.465581,120.0,0.1074,3,3,0,0.67656,0.45694,0.64844,0.42917,0.63359,0.38333,0.63125,0.34167,0.63281,0.30694,0.65859,0.33611,0.65234,0.28472,0.64687,0.25833,0.64062,0.23889,0.67734,0.33333,0.67734,0.27917,0.67109,0.25278,0.66250,0.23611,0.69375,0.34028,0.69688,0.29028,0.68828,0.26528,0.67812,0.25417,0.70937,0.35556,0.71328,0.31389,0.70703,0.29444,0.69688,0.28472,0.59875,0.67812,0.9999,0.75969,0.76125,0.9503,0.68399,0.45291,0.9952,0.71939,0.68245,0.67656,0.45694,82.43,0.8666,live,0.3065,0.2175,107.48,494.10
167288.531314,120.0,0.2389,3,3,0,0.65859,0.40278,0.62969,0.35417,0.61562,0.30972,0.61406,0.26528,0.61719,0.22917,0.63672,0.27500,0.63047,0.23056,0.62734,0.20417,0.62344,0.17778,0.65078,0.26944,0.65000,0.22500,0.64766,0.19583,0.64453,0.16944,0.66406,0.27083,0.66563,0.23056,0.66172,0.19861,0.65703,0.17361,0.67812,0.27778,0.68125,0.24167,0.67734,0.21806,0.67109,0.20000,0.59777,0.67867,0.9998,0.75727,0.69656,0.9531,0.65863,0.37734,0.9956,0.70723,0.62651,0.65859,0.40278,84.78,0.8320,live,0.3019,0.2807,139.21,495.85
167288.595652,120.0,0.3675,3,3,0,0.64531,0.35972,0.61641,0.31389,0.60313,0.27222,0.59922,0.23194,0.60156,0.20000,0.62344,0.23472,0.61562,0.19722,0.60781,0.17083,0.60156,0.14444,0.63594,0.22500,0.63203,0.18056,0.62500,0.15139,0.61719,0.12639,0.64922,0.22361,0.64766,0.18194,0.63984,0.15417,0.63047,0.13611,0.66328,0.23056,0.66406,0.19167,0.65859,0.17083,0.64922,0.15694,0.59518,0.67812,0.9998,0.73801,0.66314,0.9557,0.65026,0.35940,0.9960,0.69485,0.57316,0.64531,0.35972,84.72,0.9573,live,0.3070,0.3304,164.33,497.35
167288.666755,120.0,0.5097,3,3,0,0.63750,0.33889,0.61172,0.30972,0.59688,0.27083,0.59219,0.23333,0.59531,0.20278,0.61875,0.22917,0.61094,0.19306,0.60313,0.17222,0.59531,0.15417,0.63203,0.21944,0.62656,0.17361,0.61797,0.15139,0.60859,0.13611,0.64531,0.21806,0.64297,0.17222,0.63438,0.15139,0.62344,0.14167,0.65859,0.22361,0.65938,0.18333,0.65156,0.16389,0.64062,0.15417,0.59318,0.67827,0.9998,0.72834,0.66068,0.9566,0.64676,0.35296,0.9964,0.68338,0.52630,0.63750,0.33889,76.82,0.9683,live,0.3251,0.4078,201.01,492.98
167288.735210,120.0,0.6466,3,3,0,0.63594,0.36389,0.61250,0.33889,0.59766,0.30139,0.59297,0.26528,0.59453,0.23333,0.61875,0.25833,0.61094,0.21806,0.60313,0.19861,0.59453,0.18194,0.63281,0.25000,0.62813,0.20278,0.61953,0.17917,0.61016,0.16389,0.64609,0.25000,0.64375,0.20139,0.63516,0.17917,0.62578,0.16667,0.66016,0.25833,0.66094,0.21667,0.65469,0.19722,0.64453,0.18750,0.59296,0.67935,0.9998,0.72609,0.69099,0.9571,0.64227,0.36570,0.9967,0.67389,0.49382,0.63594,0.36389,74.07,0.9652,live,0.3505,0.4663,227.14,487.15
167288.797164,120.0,0.7706,3,3,0,0.63672,0.40972,0.61250,0.39722,0.59688,0.36111,0.59141,0.32500,0.59297,0.29306,0.61875,0.31111,0.61172,0.26528,0.60313,0.24722,0.59375,0.24028,0.63281,0.30278,0.62813,0.25139,0.62031,0.22917,0.61250,0.22639,0.64766,0.30556,0.64531,0.25556,0.63750,0.23611,0.62813,0.23333,0.66328,0.31528,0.66328,0.27639,0.65625,0.25694,0.64687,0.25278,0.59306,0.68170,0.9998,0.73143,0.76477,0.9585,0.64425,0.39284,0.9970,0.66645,0.47700,0.63672,0.40972,71.22,0.9180,live,0.3782,0.5039,241.86,479.98
167288.864293,120.0,0.9048,3,3,0,0.62734,0.37222,0.60781,0.38056,0.59062,0.39028,0.58437,0.42083,0.58594,0.44861,0.60547,0.34861,0.60469,0.35139,0.60547,0.37639,0.60547,0.40417,0.62734,0.35139,0.62891,0.35556,0.62813,0.39028,0.62578,0.42639,0.64687,0.36111,0.65000,0.36944,0.64687,0.40833,0.64297,0.44167,0.66172,0.37639,0.66641,0.39306,0.66406,0.42083,0.66094,0.44444,0.59528,0.69021,0.9998,0.74707,0.84666,0.9597,0.64806,0.55103,0.9972,0.65863,0.45604,0.62734,0.37222,41.65,0.9876,live,0.4129,0.5713,258.42,452.36
167288.935423,120.0,0.0471,3,1,1,0.64297,0.72639,0.61875,0.71528,0.59688,0.69167,0.58359,0.67361,0.57891,0.65000,0.60625,0.60417,0.59609,0.58194,0.59297,0.61667,0.59375,0.65000,0.62734,0.60417,0.62187,0.57778,0.61641,0.62222,0.61562,0.66111,0.64766,0.61806,0.64687,0.60139,0.64141,0.64306,0.63672,0.67778,0.66641,0.64306,0.66641,0.65278,0.66016,0.68194,0.65703,0.70278,0.60159,0.66504,0.9998,0.75018,0.86666,0.9585,0.64833,0.71582,0.9961,0.65550,0.51011,0.64297,0.72639,84.76,0.9977,live,0.4268,0.4898,224.88,459.10
167289.003582,120.0,0.1834,3,1,1,0.64297,0.72639,0.61875,0.71528,0.59688,0.69167,0.58359,0.67361,0.57891,0.65000,0.60625,0.60417,0.59609,0.58194,0.59297,0.61667,0.59375,0.65000,0.62734,0.60417,0.62187,0.57778,0.61641,0.62222,0.61562,0.66111,0.64766,0.61806,0.64687,0.60139,0.64141,0.64306,0.63672,0.67778,0.66641,0.64306,0.66641,0.65278,0.66016,0.68194,0.65703,0.70278,0.60596,0.68593,0.9998,0.75116,0.90802,0.9592,0.64911,0.79903,0.9940,0.65550,0.51011,0.64297,0.72639,84.76,0.5986,hold,0.4268,0.4898,224.88,459.10
167289.064813,120.0,0.3059,3,1,1,0.63750,0.82917,0.61641,0.82083,0.59922,0.80972,0.58359,0.80417,0.56875,0.80139,0.62109,0.73750,0.59922,0.73194,0.58750,0.75833,0.57734,0.78333,0.63906,0.74444,0.62109,0.74583,0.60391,0.78056,0.59141,0.80833,0.65391,0.76944,0.64375,0.77778,0.62734,0.81111,0.61484,0.83750,0.66328,0.80278,0.65859,0.81667,0.64687,0.83889,0.63672,0.85556,0.61154,0.69267,0.9998,0.75088,0.93111,0.9577,0.65215,0.83960,0.9934,0.65190,0.57392,0.63750,0.82917,59.99,0.9986,live,0.4268,0.4125,184.49,447.21
167289.133626,120.0,0.4435,3,1,1,0.64297,0.85972,0.61562,0.84444,0.59453,0.82222,0.57891,0.80694,0.56797,0.79306,0.61719,0.74028,0.59844,0.73472,0.58437,0.75694,0.57266,0.78056,0.63672,0.74583,0.61797,0.74861,0.60078,0.78056,0.58984,0.80417,0.65312,0.76806,0.64141,0.77500,0.62422,0.80694,0.61094,0.83194,0.66484,0.80000,0.65938,0.81389,0.64687,0.83611,0.63594,0.85278,0.61260,0.69211,0.9998,0.74866,0.93055,0.9561,0.65269,0.82921,0.9934,0.65011,0.63108,0.64297,0.85972,75.11,0.9984,live,0.4056,0.3092,138.42,447.62
167289.204352,120.0,0.5849,3,1,1,0.64766,0.84583,0.62031,0.83333,0.59688,0.81111,0.57969,0.79722,0.57344,0.78194,0.61953,0.74167,0.60234,0.72917,0.58828,0.75139,0.57656,0.77639,0.63984,0.74861,0.62578,0.73611,0.60859,0.77222,0.59688,0.80278,0.65703,0.77083,0.64922,0.76111,0.63203,0.79306,0.61953,0.82083,0.67109,0.80000,0.66953,0.80139,0.65703,0.82361,0.64609,0.84028,0.61426,0.69615,0.9998,0.74864,0.94025,0.9536,0.65333,0.83208,0.9927,0.64962,0.67403,0.64766,0.84583,69.18,0.9977,live,0.3986,0.3669,162.79,443.72
167289.264340,120.0,0.7049,3,1,1,0.66016,0.83889,0.63203,0.81944,0.61016,0.79722,0.59766,0.78194,0.59766,0.77361,0.63906,0.72917,0.62500,0.71806,0.61250,0.73750,0.60313,0.75833,0.65859,0.74028,0.65078,0.72361,0.63359,0.75278,0.62266,0.78056,0.67578,0.76389,0.67266,0.75139,0.65625,0.77500,0.64531,0.80000,0.68828,0.79444,0.68906,0.78889,0.68047,0.80278,0.67188,0.81528,0.61446,0.69620,0.9998,0.74983,0.93921,0.9544,0.66494,0.83897,0.9927,0.65173,0.70700,0.66016,0.83889,70.32,0.9961,live,0.3986,0.4212,185.78,441.10
167289.336629,120.0,0.8495,3,1,1,0.66016,0.83889,0.63203,0.81944,0.61016,0.79722,0.59766,0.78194,0.59766,0.77361,0.63906,0.72917,0.62500,0.71806,0.61250,0.73750,0.60313,0.75833,0.65859,0.74028,0.65078,0.72361,0.63359,0.75278,0.62266,0.78056,0.67578,0.76389,0.67266,0.75139,0.65625,0.77500,0.64531,0.80000,0.68828,0.79444,0.68906,0.78889,0.68047,0.80278,0.67188,0.81528,0.61498,0.70138,0.9998,0.75007,0.94950,0.9546,0.70491,0.83924,0.9927,0.65173,0.70700,0.66016,0.83889,70.32,0.5977,hold,0.3986,0.4212,185.78,441.10
167289.430475,120.0,0.0372,3,2,0,0.76172,0.80278,0.74844,0.77778,0.74844,0.74722,0.75469,0.73056,0.76797,0.72917,0.79609,0.72639,0.82031,0.69444,0.82266,0.70000,0.81875,0.71806,0.81484,0.74444,0.84219,0.71250,0.84141,0.71944,0.83125,0.74167,0.82656,0.76528,0.85391,0.73889,0.85547,0.74306,0.84531,0.76389,0.83516,0.79028,0.85781,0.77500,0.86484,0.78056,0.86094,0.79444,0.60995,0.70414,0.9998,0.73061,0.94657,0.9498,0.79027,0.81256,0.9928,0.67373,0.72616,0.76172,0.80278,78.18,0.9208,live,0.3986,0.4430,196.91,444.46
167289.503545,120.0,0.1833,3,2,0,0.78906,0.82361,0.77734,0.77778,0.77812,0.73194,0.79688,0.71389,0.81953,0.70833,0.81875,0.69444,0.83125,0.66667,0.84297,0.68333,0.85078,0.71389,0.83984,0.70972,0.85781,0.67639,0.87109,0.69028,0.87813,0.71806,0.85313,0.73472,0.87109,0.70556,0.88594,0.71528,0.89375,0.73750,0.85938,0.76806,0.87734,0.75417,0.89219,0.75833,0.90391,0.76944,0.60884,0.70460,0.9999,0.73216,0.94254,0.9484,0.80675,0.80793,0.9930,0.69679,0.74565,0.78906,0.82361,94.46,0.8822,live,0.3986,0.3921,180.01,459.14
167289.570407,120.0,0.3170,3,2,0,0.80000,0.79444,0.78750,0.75417,0.79063,0.70833,0.81250,0.69028,0.83516,0.68750,0.83125,0.67639,0.84766,0.65278,0.85781,0.66250,0.86484,0.68611,0.85234,0.69167,0.87344,0.65833,0.88516,0.66528,0.88984,0.68889,0.86484,0.71389,0.88828,0.68889,0.90000,0.69444,0.90391,0.71389,0.87187,0.74306,0.89375,0.73333,0.90625,0.73611,0.91172,0.74861,0.60699,0.70484,0.9999,0.73272,0.94029,0.9458,0.80794,0.79433,0.9932,0.71744,0.75541,0.80000,0.79444,90.92,0.9318,live,0.3986,0.3341,156.87,469.51
167289.634373,120.0,0.4450,3,2,0,0.79688,0.78472,0.78281,0.74306,0.78516,0.69861,0.80703,0.68194,0.82891,0.67917,0.82734,0.67083,0.84141,0.64444,0.85078,0.65000,0.85703,0.67222,0.84844,0.68333,0.86875,0.65000,0.87969,0.65556,0.88203,0.68056,0.86172,0.70556,0.88359,0.68194,0.89531,0.68611,0.89922,0.70833,0.86875,0.73472,0.88984,0.72361,0.90156,0.72639,0.90703,0.74028,0.60774,0.70446,0.9999,0.73966,0.93872,0.9451,0.80850,0.78884,0.9933,0.73332,0.76127,0.79688,0.78472,89.55,0.9507,live,0.3918,0.3607,172.26,477.64
167289.698395,120.0,0.5730,3,2,0,0.78906,0.77639,0.77344,0.73750,0.77266,0.69306,0.79219,0.67500,0.81250,0.66944,0.81484,0.65694,0.82734,0.63056,0.83594,0.64167,0.84297,0.66528,0.83594,0.67083,0.85469,0.63472,0.86406,0.64306,0.86719,0.66944,0.85000,0.69306,0.87031,0.66667,0.88125,0.67222,0.88516,0.69167,0.85781,0.72361,0.87813,0.71250,0.88828,0.71389,0.89375,0.72500,0.60722,0.70275,0.9999,0.73876,0.93360,0.9419,0.80319,0.76414,0.9934,0.74447,0.76429,0.78906,0.77639,89.45,0.9475,live,0.3787,0.3192,154.72,484.73
167289.768160,120.0,0.7125,3,2,0,0.77969,0.73889,0.76172,0.70694,0.75781,0.66389,0.77187,0.64444,0.78750,0.63194,0.79609,0.61944,0.80625,0.58472,0.81250,0.59583,0.81641,0.62222,0.81797,0.63056,0.83359,0.58889,0.84297,0.59861,0.84609,0.62639,0.83281,0.65278,0.85078,0.61944,0.86172,0.62778,0.86406,0.65278,0.84297,0.68333,0.86250,0.66389,0.87266,0.66806,0.87578,0.68194,0.60680,0.70116,0.9999,0.73993,0.91892,0.9421,0.79848,0.74699,0.9937,0.75151,0.75921,0.77969,0.73889,86.65,0.9003,live,0.3642,0.2980,145.72,488.94
167289.834282,120.0,0.8448,3,2,0,0.75625,0.66528,0.79141,0.63472,0.81563,0.59444,0.82812,0.56528,0.83203,0.55556,0.80469,0.53056,0.80937,0.49306,0.81484,0.51667,0.81953,0.54861,0.78281,0.52639,0.78594,0.47500,0.79063,0.49306,0.79453,0.52500,0.76016,0.53333,0.75703,0.48889,0.76250,0.50556,0.76875,0.53472,0.73672,0.54861,0.73125,0.52222,0.73828,0.53750,0.74453,0.55972,0.60679,0.69670,0.9999,0.75045,0.89058,0.9434,0.79167,0.66478,0.9942,0.75625,0.66528,0.75625,0.66528,99.09,0.7994,live,0.3530,0.3022,151.60,501.61
167289.901745,120.0,0.9797,3,2,0,0.72266,0.52222,0.70234,0.48889,0.69297,0.44583,0.69453,0.40833,0.69766,0.37778,0.72344,0.40417,0.72188,0.36528,0.71797,0.34444,0.71250,0.32778,0.74141,0.40417,0.74453,0.36111,0.74062,0.33889,0.73359,0.32083,0.75703,0.41111,0.76250,0.37361,0.75859,0.35139,0.75078,0.33333,0.77109,0.42639,0.78203,0.39583,0.78047,0.37500,0.77344,0.35833,0.60412,0.69663,0.9999,0.75846,0.83377,0.9459,0.74644,0.53465,0.9947,0.74574,0.71182,0.72266,0.52222,82.29,0.8470,live,0.3353,0.2545,127.44,500.67
167289.965742,120.0,0.1077,3,3,0,0.68906,0.40139,0.66406,0.37083,0.65078,0.32500,0.65000,0.28333,0.65312,0.25139,0.67656,0.28333,0.67344,0.23889,0.66797,0.21389,0.66172,0.19444,0.69375,0.27917,0.69609,0.22917,0.69063,0.20278,0.68359,0.18750,0.70937,0.28472,0.71250,0.23611,0.70625,0.20972,0.69766,0.19583,0.72344,0.29722,0.73125,0.25556,0.72578,0.23194,0.71719,0.21944,0.59951,0.68152,0.9999,0.75735,0.73869,0.9502,0.70555,0.39735,0.9952,0.73441,0.64973,0.68906,0.40139,80.62,0.9308,live,0.3233,0.2688,134.02,498.63
167290.036931,120.0,0.2501,3,3,0,0.66875,0.35694,0.64297,0.31250,0.62969,0.26806,0.62969,0.22639,0.63125,0.19444,0.65000,0.23472,0.64375,0.19167,0.63750,0.16667,0.63125,0.14444,0.66563,0.22639,0.66250,0.18056,0.65469,0.15139,0.64609,0.12917,0.67891,0.22500,0.67812,0.18194,0.66875,0.15278,0.65938,0.13333,0.69141,0.22917,0.69297,0.18750,0.68594,0.16389,0.67656,0.15000,0.59602,0.68067,0.9999,0.73734,0.65327,0.9530,0.66126,0.33779,0.9957,0.72128,0.59117,0.66875,0.35694,83.73,0.6815,live,0.3178,0.2926,146.04,499.08
167290.102300,120.0,0.3808,3,3,0,0.65000,0.31806,0.62422,0.27778,0.61094,0.24028,0.60859,0.20278,0.60938,0.17222,0.62969,0.20278,0.62344,0.16667,0.61641,0.14583,0.60859,0.12500,0.64453,0.19306,0.64062,0.15139,0.63281,0.12639,0.62344,0.10833,0.65781,0.19167,0.65703,0.14861,0.64844,0.12361,0.63828,0.10833,0.67031,0.19583,0.67188,0.15833,0.66563,0.13611,0.65547,0.11944,0.59580,0.67301,0.9998,0.73449,0.62845,0.9557,0.65747,0.30839,0.9961,0.70702,0.53655,0.65000,0.31806,80.31,0.8970,live,0.3261,0.3637,180.78,497.02
167290.167352,120.0,0.5109,3,3,0,0.64141,0.29861,0.61484,0.26806,0.60313,0.23333,0.60078,0.19722,0.60234,0.16806,0.62344,0.19722,0.61641,0.16389,0.60938,0.14444,0.60234,0.12778,0.63672,0.18750,0.63203,0.14861,0.62500,0.12639,0.61641,0.10972,0.64922,0.18611,0.64766,0.14444,0.64062,0.12361,0.63125,0.11111,0.66250,0.18889,0.66328,0.15278,0.65703,0.13194,0.64844,0.11806,0.59402,0.67324,0.9998,0.72595,0.61710,0.9582,0.65204,0.31314,0.9964,0.69390,0.48896,0.64141,0.29861,72.65,0.9622,live,0.3459,0.4364,213.70,489.68
167290.231524,120.0,0.6393,3,3,0,0.64062,0.31250,0.61484,0.28750,0.60156,0.25417,0.59844,0.21944,0.59922,0.19028,0.62344,0.21806,0.61562,0.18333,0.60781,0.16250,0.60078,0.14444,0.63672,0.20833,0.63125,0.16944,0.62344,0.14444,0.61406,0.12778,0.64922,0.20694,0.64687,0.16667,0.63906,0.14306,0.63047,0.12639,0.66250,0.20972,0.66406,0.17500,0.65781,0.15556,0.64844,0.14028,0.59314,0.67345,0.9998,0.72168,0.62864,0.9610,0.64375,0.32204,0.9967,0.68324,0.45367,0.64062,0.31250,69.03,0.9632,live,0.3744,0.5043,242.39,480.62
167290.302625,120.0,0.7815,3,3,0,0.64219,0.35278,0.61875,0.34028,0.60313,0.30139,0.60000,0.26389,0.60000,0.23333,0.62344,0.25833,0.61797,0.21667,0.61016,0.19722,0.60156,0.18333,0.63750,0.25139,0.63281,0.20417,0.62578,0.18056,0.61719,0.16528,0.65156,0.25278,0.64922,0.20556,0.64219,0.18194,0.63438,0.16944,0.66484,0.26111,0.66641,0.22083,0.66172,0.19861,0.65469,0.18472,0.59039,0.67110,0.9998,0.72273,0.64652,0.9624,0.64261,0.34601,0.9970,0.67503,0.43349,0.64219,0.35278,67.62,0.9441,live,0.4049,0.5439,256.53,471.64
167290.371960,120.0,0.9201,3,3,0,0.64219,0.47083,0.61797,0.44583,0.60156,0.40417,0.59609,0.36667,0.59844,0.33333,0.62266,0.34861,0.62031,0.29028,0.61484,0.27083,0.61016,0.27500,0.63906,0.34722,0.63828,0.28611,0.63281,0.27222,0.62578,0.28333,0.65469,0.35417,0.65547,0.29861,0.65000,0.28194,0.64219,0.28750,0.67031,0.37083,0.67266,0.32500,0.66797,0.30417,0.66094,0.30139,0.58999,0.67151,0.9998,0.72698,0.75936,0.9636,0.64385,0.44997,0.9973,0.66846,0.44096,0.64219,0.47083,81.03,0.9329,live,0.4194,0.4853,229.75,473.38
167290.470264,120.0,0.1168,3,1,1,0.64219,0.47083,0.61797,0.44583,0.60156,0.40417,0.59609,0.36667,0.59844,0.33333,0.62266,0.34861,0.62031,0.29028,0.61484,0.27083,0.61016,0.27500,0.63906,0.34722,0.63828,0.28611,0.63281,0.27222,0.62578,0.28333,0.65469,0.35417,0.65547,0.29861,0.65000,0.28194,0.64219,0.28750,0.67031,0.37083,0.67266,0.32500,0.66797,0.30417,0.66094,0.30139,0.60269,0.67007,0.9998,0.74935,0.90305,0.9643,0.64774,0.70134,0.9974,0.66846,0.44096,0.64219,0.47083,81.03,0.5597,hold,0.4194,0.4853,229.75,473.38
167290.533747,120.0,0.2437,3,1,1,0.64375,0.79861,0.61875,0.77778,0.59844,0.75139,0.58672,0.73472,0.58828,0.72083,0.62813,0.68333,0.61562,0.65833,0.60078,0.67639,0.58984,0.70000,0.64609,0.69583,0.63906,0.66806,0.62344,0.69722,0.61328,0.72639,0.66250,0.71944,0.66016,0.69444,0.64375,0.72083,0.63125,0.74444,0.67578,0.75139,0.67656,0.73472,0.66484,0.75139,0.65469,0.76806,0.61010,0.67163,0.9998,0.74836,0.93317,0.9636,0.65192,0.79540,0.9969,0.66352,0.51249,0.64375,0.79861,72.74,0.9879,live,0.4131,0.3843,180.20,468.95
167290.601130,120.0,0.3785,3,1,1,0.64297,0.83194,0.61797,0.80972,0.59688,0.77917,0.58516,0.75972,0.58437,0.74167,0.62656,0.71528,0.61484,0.69028,0.60156,0.70417,0.58906,0.72500,0.64609,0.72639,0.63750,0.70000,0.61953,0.72361,0.60547,0.75000,0.66250,0.75000,0.65859,0.73056,0.64062,0.75556,0.62500,0.77917,0.67500,0.78194,0.67422,0.77500,0.66172,0.79167,0.65078,0.80694,0.61171,0.68490,0.9998,0.74403,0.95418,0.9601,0.65858,0.83283,0.9966,0.65941,0.57638,0.64297,0.83194,73.92,0.9976,live,0.3922,0.2971,138.42,465.89
167290.666735,120.0,0.5097,3,1,1,0.64609,0.83611,0.61953,0.81250,0.59844,0.78472,0.58437,0.76528,0.57969,0.74722,0.62578,0.71389,0.61094,0.69722,0.59766,0.71111,0.58516,0.73056,0.64531,0.72361,0.63203,0.70833,0.61484,0.73472,0.60156,0.75972,0.66172,0.74722,0.65469,0.73472,0.63672,0.76111,0.62187,0.78472,0.67422,0.77917,0.67188,0.77778,0.65938,0.79722,0.64687,0.81111,0.61267,0.68496,0.9998,0.74367,0.94650,0.9568,0.65929,0.83091,0.9963,0.65675,0.62833,0.64609,0.83611,76.28,0.9976,live,0.3814,0.3320,154.34,464.91
167290.734970,120.0,0.6462,3,1,1,0.64922,0.83056,0.62187,0.80694,0.60000,0.77917,0.58594,0.76111,0.58516,0.74444,0.62969,0.71250,0.61641,0.69583,0.60234,0.71111,0.58984,0.73194,0.64922,0.72222,0.63828,0.70417,0.61953,0.72917,0.60625,0.75417,0.66563,0.74722,0.65938,0.72917,0.64062,0.75417,0.62578,0.77778,0.67812,0.77917,0.67656,0.77222,0.66328,0.78889,0.65156,0.80417,0.61295,0.68548,0.9998,0.74357,0.94808,0.9558,0.66216,0.83355,0.9960,0.65524,0.66877,0.64922,0.83056,74.33,0.9971,live,0.3814,0.3815,176.48,462.64
167290.804266,120.0,0.7848,3,1,1,0.66484,0.82639,0.63672,0.80278,0.61328,0.77222,0.60156,0.74722,0.61172,0.73889,0.64844,0.70972,0.63750,0.68611,0.62344,0.70556,0.61328,0.72778,0.66797,0.72361,0.66094,0.69861,0.64141,0.72361,0.62891,0.74861,0.68437,0.74861,0.68203,0.72639,0.66484,0.74861,0.65156,0.76944,0.69688,0.78056,0.69922,0.76806,0.68906,0.77917,0.67969,0.78889,0.61798,0.69243,0.9998,0.75626,0.95998,0.9547,0.67609,0.83991,0.9951,0.65716,0.70030,0.66484,0.82639,73.40,0.9973,live,0.3892,0.4248,195.41,459.97
167290.868115,120.0,0.9125,3,1,1,0.66484,0.82639,0.63672,0.80278,0.61328,0.77222,0.60156,0.74722,0.61172,0.73889,0.64844,0.70972,0.63750,0.68611,0.62344,0.70556,0.61328,0.72778,0.66797,0.72361,0.66094,0.69861,0.64141,0.72361,0.62891,0.74861,0.68437,0.74861,0.68203,0.72639,0.66484,0.74861,0.65156,0.76944,0.69688,0.78056,0.69922,0.76806,0.68906,0.77917,0.67969,0.78889,0.61758,0.70499,0.9998,0.75471,0.97420,0.9536,0.70959,0.85017,0.9951,0.65716,0.70030,0.66484,0.82639,73.40,0.5984,hold,0.3892,0.4248,195.41,459.97
167290.935489,120.0,0.0472,3,2,0,0.75313,0.80000,0.73594,0.77361,0.73672,0.73889,0.73906,0.72500,0.74453,0.73056,0.78281,0.71806,0.79688,0.69722,0.78125,0.69861,0.76484,0.71528,0.80000,0.74167,0.82812,0.71806,0.80781,0.71944,0.78906,0.73750,0.81094,0.76806,0.83828,0.74444,0.82344,0.74167,0.80625,0.75417,0.81797,0.79583,0.84141,0.78333,0.83828,0.77639,0.82812,0.78056,0.61736,0.70463,0.9998,0.74278,0.96607,0.9511,0.77739,0.83541,0.9950,0.67635,0.72024,0.75313,0.80000,74.58,0.9401,live,0.3892,0.4425,202.89,458.47
