timestamp,bpm,beat_phase,meter_beats,beat_in_bar,is_downbeat,lm_0_x,lm_0_y,lm_1_x,lm_1_y,lm_2_x,lm_2_y,lm_3_x,lm_3_y,lm_4_x,lm_4_y,lm_5_x,lm_5_y,lm_6_x,lm_6_y,lm_7_x,lm_7_y,lm_8_x,lm_8_y,lm_9_x,lm_9_y,lm_10_x,lm_10_y,lm_11_x,lm_11_y,lm_12_x,lm_12_y,lm_13_x,lm_13_y,lm_14_x,lm_14_y,lm_15_x,lm_15_y,lm_16_x,lm_16_y,lm_17_x,lm_17_y,lm_18_x,lm_18_y,lm_19_x,lm_19_y,lm_20_x,lm_20_y,right_shoulder_x,right_shoulder_y,right_shoulder_conf,right_elbow_x,right_elbow_y,right_elbow_conf,right_wrist_x,right_wrist_y,right_wrist_conf,wrist_x,wrist_y,raw_wrist_x,raw_wrist_y,hand_scale_px,confidence,tracking_mode,dynamics_intensity,dynamics_raw_intensity,dynamics_span_px,dynamics_reference_span_px
167181.163013,120.0,0.0000,2,1,1,0.68047,0.77917,0.64219,0.76250,0.61484,0.74167,0.59453,0.72500,0.57578,0.71389,0.62813,0.66944,0.60781,0.67639,0.59609,0.69444,0.58828,0.71806,0.64766,0.66667,0.62891,0.67500,0.61719,0.70278,0.61094,0.73333,0.66797,0.67778,0.65781,0.68472,0.64687,0.71389,0.64062,0.74583,0.68672,0.70139,0.68359,0.70833,0.67656,0.73194,0.67266,0.75417,0.60352,0.69181,0.9999,0.77523,0.86919,0.9834,0.67178,0.74889,0.9934,0.66445,0.62404,0.68047,0.77917,82.46,0.9921,live,0.5583,0.4132,178.10,431.01
167181.227955,120.0,0.1288,2,1,1,0.65078,0.63472,0.62500,0.63611,0.60078,0.61667,0.58359,0.60278,0.57344,0.58889,0.61406,0.55694,0.60000,0.53472,0.59297,0.56389,0.59062,0.59444,0.63438,0.55556,0.62422,0.52917,0.61562,0.55833,0.61094,0.59444,0.65469,0.56389,0.65000,0.53889,0.64297,0.56667,0.63594,0.59722,0.67344,0.58194,0.68047,0.57500,0.68125,0.59444,0.67969,0.61389,0.60115,0.65854,0.9999,0.76577,0.84873,0.9839,0.66872,0.66810,0.9940,0.66171,0.62618,0.65078,0.63472,64.94,0.9802,live,0.5337,0.4216,179.64,426.05
167181.293719,120.0,0.2604,2,1,1,0.65703,0.51250,0.62813,0.50833,0.60625,0.48194,0.59219,0.45139,0.58203,0.42778,0.61406,0.41528,0.60625,0.36111,0.60469,0.36250,0.60625,0.38194,0.63281,0.40694,0.62500,0.34861,0.62422,0.36389,0.62578,0.38889,0.65312,0.40833,0.64687,0.35278,0.64375,0.36944,0.64453,0.39444,0.67266,0.41806,0.67031,0.37500,0.66641,0.38889,0.66563,0.41111,0.59481,0.66058,0.9999,0.74474,0.78214,0.9850,0.66202,0.53196,0.9946,0.65703,0.51250,0.65703,0.51250,79.25,0.7559,live,0.5125,0.4158,179.64,431.98
167181.363165,120.0,0.3993,2,1,1,0.66172,0.44722,0.62813,0.40556,0.60859,0.35972,0.59844,0.32083,0.59062,0.29028,0.62344,0.33194,0.61875,0.29028,0.61641,0.26250,0.61406,0.23889,0.63750,0.32778,0.63594,0.28333,0.63516,0.25556,0.63359,0.23056,0.65234,0.32917,0.65156,0.28750,0.65000,0.25556,0.64766,0.23056,0.66797,0.33611,0.66641,0.29722,0.66484,0.27222,0.66250,0.24861,0.59349,0.66281,0.9998,0.73742,0.69550,0.9853,0.65218,0.40658,0.9951,0.65797,0.49944,0.66172,0.44722,81.32,0.5237,live,0.5015,0.3625,159.02,438.69
167181.428734,120.0,0.5304,2,1,1,0.64297,0.31667,0.61484,0.29444,0.59844,0.25278,0.59453,0.21389,0.58984,0.18333,0.61641,0.20417,0.60781,0.16111,0.60078,0.13472,0.59375,0.11528,0.63203,0.19583,0.62500,0.14583,0.61797,0.11528,0.60938,0.09306,0.64687,0.19861,0.64297,0.15000,0.63594,0.11944,0.62813,0.09722,0.66250,0.20833,0.66172,0.16944,0.65703,0.14444,0.64922,0.12500,0.58998,0.66399,0.9998,0.73146,0.64367,0.9854,0.64969,0.34763,0.9955,0.65884,0.55742,0.64297,0.31667,79.24,0.9345,live,0.4758,0.3589,159.02,443.10
167181.498065,120.0,0.6691,2,1,1,0.64375,0.31806,0.61484,0.27917,0.60078,0.23889,0.59688,0.20000,0.59219,0.16944,0.61719,0.20556,0.61094,0.17222,0.60703,0.15278,0.60313,0.13472,0.62969,0.20000,0.62734,0.16250,0.62344,0.14167,0.61953,0.12639,0.64219,0.19861,0.64141,0.16250,0.63672,0.13889,0.63203,0.11944,0.65547,0.20278,0.65391,0.16389,0.65156,0.14306,0.64844,0.12361,0.59097,0.66574,0.9998,0.72694,0.60807,0.9853,0.64547,0.30926,0.9959,0.65582,0.50955,0.64375,0.31806,77.03,0.9187,live,0.4678,0.1902,84.70,445.39
167181.559860,120.0,0.7927,2,1,1,0.63594,0.28889,0.60938,0.25972,0.59531,0.22500,0.59141,0.19028,0.58750,0.16250,0.61172,0.18194,0.60234,0.14583,0.59531,0.12222,0.58906,0.09861,0.62422,0.16944,0.61719,0.12778,0.61016,0.09861,0.60234,0.07222,0.63672,0.16667,0.63281,0.12500,0.62578,0.09583,0.61797,0.07222,0.65078,0.17222,0.65078,0.13611,0.64531,0.11250,0.63750,0.09306,0.59122,0.66605,0.9998,0.71596,0.60333,0.9849,0.64412,0.30096,0.9963,0.65185,0.46542,0.63594,0.28889,76.73,0.9614,live,0.4306,0.2613,116.87,447.19
167181.627299,120.0,0.9275,2,1,1,0.63281,0.28889,0.60859,0.26806,0.59375,0.23333,0.58906,0.20000,0.58594,0.17222,0.61016,0.18611,0.60000,0.15000,0.59297,0.12778,0.58672,0.10972,0.62266,0.17500,0.61641,0.13056,0.60859,0.10556,0.60000,0.08750,0.63594,0.17361,0.63125,0.12917,0.62500,0.10417,0.61641,0.08472,0.64922,0.17917,0.64844,0.14306,0.64297,0.12083,0.63438,0.10417,0.59145,0.67006,0.9998,0.71578,0.60603,0.9843,0.64452,0.30209,0.9966,0.64804,0.43011,0.63281,0.28889,73.62,0.9650,live,0.4106,0.3196,142.72,446.54
167181.696054,120.0,0.0650,2,2,0,0.63359,0.30694,0.60703,0.28889,0.59219,0.25417,0.58750,0.21944,0.58437,0.19167,0.60938,0.20556,0.59922,0.16667,0.59141,0.14444,0.58437,0.12500,0.62344,0.19583,0.61562,0.15000,0.60703,0.12361,0.59922,0.10417,0.63672,0.19444,0.63281,0.15000,0.62500,0.12361,0.61641,0.10417,0.65078,0.20139,0.65078,0.16389,0.64453,0.14167,0.63594,0.12500,0.59087,0.67289,0.9998,0.71455,0.61790,0.9827,0.64413,0.31506,0.9969,0.64515,0.40548,0.63359,0.30694,73.14,0.9357,live,0.4017,0.3609,160.81,445.61
167181.763517,120.0,0.2000,2,2,0,0.63359,0.34861,0.60625,0.33611,0.58906,0.30139,0.58281,0.26667,0.57734,0.23611,0.60391,0.25000,0.59453,0.20417,0.58594,0.18333,0.57734,0.16806,0.61875,0.24167,0.61172,0.19167,0.60313,0.16667,0.59375,0.14861,0.63438,0.24306,0.62969,0.19444,0.62344,0.16944,0.61562,0.15139,0.65000,0.25139,0.64922,0.21528,0.64453,0.19306,0.63828,0.17639,0.58979,0.67488,0.9998,0.71796,0.65661,0.9827,0.64329,0.32209,0.9971,0.64284,0.39410,0.63359,0.34861,72.98,0.8780,live,0.4017,0.3797,168.83,444.69
167181.825587,120.0,0.3241,2,2,0,0.63906,0.46528,0.61016,0.45556,0.58984,0.42083,0.57734,0.38750,0.56875,0.36111,0.60078,0.36806,0.59297,0.31944,0.58516,0.30000,0.57891,0.29861,0.61641,0.35694,0.60781,0.30556,0.60234,0.29306,0.59766,0.29583,0.63359,0.35417,0.62656,0.30278,0.62031,0.29306,0.61562,0.29583,0.65000,0.35833,0.64609,0.31389,0.63984,0.30556,0.63594,0.30972,0.58859,0.67800,0.9998,0.72716,0.74834,0.9826,0.64136,0.44834,0.9974,0.64208,0.40834,0.63906,0.46528,77.58,0.7402,live,0.4017,0.3779,168.97,447.18
167181.930204,120.0,0.5333,2,2,0,0.64844,0.70972,0.61875,0.71111,0.59375,0.70278,0.57812,0.69722,0.57109,0.69028,0.60859,0.63333,0.59531,0.64861,0.58984,0.68750,0.58828,0.72222,0.63359,0.63889,0.62031,0.65278,0.61406,0.69306,0.61250,0.72917,0.65625,0.65417,0.64922,0.67361,0.64687,0.71250,0.64531,0.74444,0.67578,0.67778,0.67578,0.69583,0.67422,0.72500,0.67266,0.74861,0.59683,0.67612,0.9998,0.76058,0.82156,0.9803,0.65137,0.73705,0.9951,0.64335,0.46862,0.64844,0.70972,65.77,0.9872,live,0.3782,0.2711,119.53,440.87
167181.997076,120.0,0.6671,2,2,0,0.64844,0.70972,0.61875,0.71111,0.59375,0.70278,0.57812,0.69722,0.57109,0.69028,0.60859,0.63333,0.59531,0.64861,0.58984,0.68750,0.58828,0.72222,0.63359,0.63889,0.62031,0.65278,0.61406,0.69306,0.61250,0.72917,0.65625,0.65417,0.64922,0.67361,0.64687,0.71250,0.64531,0.74444,0.67578,0.67778,0.67578,0.69583,0.67422,0.72500,0.67266,0.74861,0.60078,0.68656,0.9998,0.76809,0.85451,0.9798,0.67454,0.79611,0.9938,0.64335,0.46862,0.64844,0.70972,65.77,0.5923,hold,0.3782,0.2711,119.53,440.87
167182.063545,120.0,0.8000,2,2,0,0.67031,0.80278,0.63516,0.81528,0.60781,0.81806,0.58828,0.82083,0.57969,0.82639,0.61250,0.76111,0.59531,0.78056,0.58672,0.80278,0.57891,0.82778,0.63438,0.76389,0.61953,0.78611,0.60859,0.82083,0.60078,0.85278,0.65703,0.77639,0.64844,0.79722,0.64141,0.83750,0.63594,0.87361,0.67812,0.79583,0.67578,0.81389,0.67266,0.84444,0.67031,0.87222,0.60273,0.68645,0.9998,0.77398,0.87029,0.9789,0.67199,0.81735,0.9925,0.64875,0.53545,0.67031,0.80278,58.13,0.9867,live,0.3534,0.2403,103.28,429.82
167182.130874,120.0,0.9347,2,2,0,0.66953,0.79861,0.63594,0.81111,0.60781,0.80972,0.58750,0.80972,0.57344,0.80139,0.61562,0.74722,0.59766,0.76111,0.58672,0.78194,0.57656,0.80694,0.63594,0.74722,0.61953,0.76389,0.60859,0.79722,0.60156,0.82917,0.65703,0.75972,0.64844,0.78194,0.64219,0.81806,0.63672,0.85278,0.67656,0.78194,0.67578,0.80417,0.67266,0.83611,0.66953,0.86389,0.60592,0.69430,0.9998,0.77220,0.87705,0.9780,0.67410,0.81066,0.9912,0.65290,0.58808,0.66953,0.79861,57.98,0.9989,live,0.3534,0.3342,140.35,419.99
167182.199161,120.0,0.0713,2,1,1,0.66875,0.79028,0.63906,0.79444,0.61406,0.79167,0.59766,0.79861,0.59375,0.80833,0.61406,0.72083,0.59531,0.73611,0.58359,0.75972,0.57656,0.78611,0.63438,0.72083,0.61484,0.73472,0.60391,0.76389,0.59688,0.79167,0.65703,0.73472,0.64453,0.75000,0.63672,0.78472,0.63125,0.81667,0.67734,0.75833,0.67422,0.77639,0.66953,0.80694,0.66406,0.83333,0.60564,0.69850,0.9998,0.77035,0.87399,0.9775,0.67314,0.78525,0.9911,0.65607,0.62852,0.66875,0.79028,65.88,0.9983,live,0.3630,0.4070,169.73,417.02
167182.264021,120.0,0.2010,2,1,1,0.66328,0.70972,0.62969,0.71250,0.60156,0.70278,0.58281,0.70000,0.56719,0.69583,0.61250,0.63194,0.59062,0.64861,0.58125,0.68194,0.57500,0.71111,0.63359,0.63333,0.61250,0.65139,0.59922,0.68889,0.59062,0.72222,0.65547,0.64861,0.64375,0.66389,0.63438,0.69722,0.62813,0.72778,0.67656,0.67361,0.67422,0.68194,0.66953,0.70833,0.66484,0.73194,0.60574,0.69176,0.9998,0.76944,0.86145,0.9779,0.67116,0.73756,0.9909,0.65751,0.64476,0.66328,0.70972,67.76,0.9808,live,0.3763,0.4367,181.55,415.76
167182.326270,120.0,0.3255,2,1,1,0.66328,0.70972,0.62969,0.71250,0.60156,0.70278,0.58281,0.70000,0.56719,0.69583,0.61250,0.63194,0.59062,0.64861,0.58125,0.68194,0.57500,0.71111,0.63359,0.63333,0.61250,0.65139,0.59922,0.68889,0.59062,0.72222,0.65547,0.64861,0.64375,0.66389,0.63438,0.69722,0.62813,0.72778,0.67656,0.67361,0.67422,0.68194,0.66953,0.70833,0.66484,0.73194,0.59794,0.67402,0.9998,0.75602,0.82545,0.9789,0.66860,0.59793,0.9917,0.65751,0.64476,0.66328,0.70972,67.76,0.5885,hold,0.3763,0.4367,181.55,415.76
167182.395049,120.0,0.4630,2,1,1,0.66094,0.43889,0.63281,0.42083,0.61328,0.38472,0.60391,0.35000,0.59375,0.32500,0.62578,0.34028,0.61562,0.29722,0.60781,0.27083,0.60078,0.25139,0.64297,0.33472,0.63672,0.28611,0.63047,0.25694,0.62500,0.23333,0.66016,0.33889,0.65859,0.29444,0.65234,0.27083,0.64609,0.25278,0.67734,0.35139,0.67969,0.31667,0.67812,0.29444,0.67500,0.27778,0.59365,0.67754,0.9998,0.74398,0.74590,0.9802,0.66190,0.42940,0.9925,0.65820,0.60359,0.66094,0.43889,73.85,0.9637,live,0.3763,0.4092,171.47,419.04
167182.467300,120.0,0.6075,2,1,1,0.65859,0.34306,0.63047,0.32083,0.61406,0.27778,0.60938,0.23889,0.60234,0.20694,0.62891,0.22778,0.62109,0.18333,0.61406,0.15556,0.60781,0.13194,0.64609,0.21944,0.64141,0.16806,0.63438,0.13472,0.62656,0.10694,0.66172,0.22222,0.66016,0.17222,0.65469,0.14028,0.64922,0.11250,0.67812,0.23472,0.67969,0.19444,0.67734,0.16806,0.67266,0.14583,0.59211,0.67326,0.9998,0.74072,0.67445,0.9809,0.65945,0.34990,0.9932,0.65828,0.55148,0.65859,0.34306,81.70,0.9533,live,0.3763,0.3000,128.25,427.59
167182.532536,120.0,0.7380,2,1,1,0.65781,0.31111,0.62813,0.28194,0.61172,0.24167,0.60703,0.20278,0.60078,0.17222,0.62734,0.18889,0.61719,0.14861,0.61094,0.12222,0.60547,0.09722,0.64297,0.17778,0.63516,0.13194,0.62891,0.10278,0.62266,0.07639,0.65781,0.17778,0.65469,0.13056,0.65000,0.10139,0.64375,0.07639,0.67422,0.18750,0.67578,0.15000,0.67266,0.12639,0.66797,0.10417,0.59222,0.67458,0.9998,0.73410,0.63252,0.9815,0.65931,0.32379,0.9939,0.65818,0.50341,0.65781,0.31111,86.39,0.9446,live,0.3763,0.2338,102.50,438.48
167182.596413,120.0,0.8658,2,1,1,0.65625,0.30278,0.62734,0.27500,0.61094,0.23611,0.60625,0.19861,0.60000,0.16944,0.62500,0.18472,0.61484,0.14722,0.60781,0.12222,0.60234,0.09722,0.63984,0.17361,0.63281,0.12917,0.62578,0.09861,0.61875,0.07083,0.65469,0.17222,0.65078,0.12778,0.64531,0.09861,0.63906,0.07222,0.67031,0.18194,0.67109,0.14583,0.66797,0.12083,0.66328,0.09861,0.59191,0.67427,0.9998,0.73129,0.60810,0.9814,0.65585,0.29837,0.9944,0.65780,0.46328,0.65625,0.30278,84.04,0.9467,live,0.3615,0.2940,131.23,446.37
167182.665841,120.0,0.0046,2,2,0,0.65391,0.30417,0.62656,0.28333,0.61016,0.24583,0.60547,0.20972,0.59844,0.18056,0.62422,0.19444,0.61406,0.15278,0.60781,0.12917,0.60156,0.10833,0.63984,0.18333,0.63203,0.13611,0.62500,0.10833,0.61797,0.08611,0.65469,0.18333,0.65078,0.13611,0.64531,0.10972,0.63906,0.08472,0.67031,0.19028,0.67031,0.15417,0.66797,0.13194,0.66328,0.11111,0.59196,0.67468,0.9998,0.72948,0.63180,0.9817,0.65530,0.31614,0.9949,0.65702,0.43146,0.65391,0.30417,80.06,0.9467,live,0.3615,0.3413,153.73,450.45
167182.731794,120.0,0.1365,2,2,0,0.65156,0.33889,0.62422,0.32083,0.60781,0.28333,0.60156,0.24583,0.59297,0.21944,0.62109,0.23194,0.61094,0.18889,0.60391,0.16528,0.59609,0.14722,0.63750,0.22222,0.63047,0.17222,0.62187,0.14583,0.61406,0.12500,0.65312,0.22361,0.64844,0.17500,0.64297,0.14861,0.63594,0.12778,0.66875,0.23333,0.66797,0.19444,0.66406,0.17222,0.65781,0.15417,0.59127,0.67778,0.9998,0.72993,0.64313,0.9818,0.65500,0.33811,0.9954,0.65593,0.41294,0.65156,0.33889,78.09,0.9064,live,0.3615,0.3688,166.93,452.62
167182.798023,120.0,0.2690,2,2,0,0.65156,0.43472,0.62500,0.42083,0.60469,0.38611,0.59219,0.35139,0.58281,0.32361,0.61562,0.33889,0.60781,0.29167,0.59922,0.26806,0.59219,0.26111,0.63203,0.32917,0.62734,0.27778,0.62187,0.25556,0.61484,0.25417,0.64766,0.32917,0.64297,0.28056,0.63750,0.26111,0.63281,0.25694,0.66406,0.33750,0.66250,0.30000,0.65781,0.28056,0.65312,0.27222,0.58980,0.67784,0.9998,0.73490,0.71457,0.9822,0.65401,0.40742,0.9959,0.65505,0.41730,0.65156,0.43472,74.19,0.8719,live,0.3615,0.3696,166.96,451.72
167182.863105,120.0,0.3991,2,2,0,0.63594,0.56806,0.64609,0.56250,0.65469,0.55278,0.66094,0.55833,0.66328,0.57083,0.63516,0.47778,0.62969,0.49167,0.62813,0.52500,0.62969,0.55000,0.61953,0.47917,0.61484,0.49306,0.61562,0.53333,0.61875,0.56111,0.60625,0.48889,0.60000,0.50000,0.60156,0.53472,0.60469,0.55972,0.59844,0.50556,0.59141,0.51250,0.59297,0.53750,0.59609,0.55556,0.59061,0.66707,0.9998,0.74614,0.79006,0.9819,0.65804,0.59430,0.9961,0.63594,0.56806,0.63594,0.56806,62.31,0.9325,live,0.3615,0.3828,169.34,442.37
167182.927443,120.0,0.5278,2,2,0,0.64687,0.67083,0.65859,0.69167,0.66797,0.70556,0.67656,0.72083,0.68203,0.73194,0.65625,0.67222,0.63984,0.70278,0.62813,0.73472,0.61953,0.76528,0.64531,0.66806,0.63203,0.71389,0.62187,0.75000,0.61406,0.78194,0.63828,0.67083,0.63594,0.71944,0.63359,0.75833,0.63125,0.79167,0.63359,0.67917,0.63594,0.72083,0.63984,0.75694,0.64297,0.78889,0.59980,0.69790,0.9998,0.76578,0.81282,0.9812,0.66173,0.74799,0.9927,0.65342,0.46801,0.64687,0.67083,15.58,0.9540,live,0.3615,0.3501,140.21,400.51
167182.995895,120.0,0.6647,2,2,0,0.68750,0.75694,0.65156,0.76667,0.62031,0.77917,0.59766,0.78750,0.57656,0.78889,0.62734,0.74722,0.60781,0.77500,0.59531,0.80417,0.58672,0.83333,0.64766,0.75139,0.63125,0.79028,0.62031,0.83333,0.61406,0.86806,0.66875,0.76111,0.65938,0.79722,0.65391,0.83889,0.65000,0.87361,0.68750,0.77500,0.68828,0.81250,0.68750,0.84722,0.68672,0.87500,0.60178,0.70055,0.9998,0.77720,0.86078,0.9805,0.67297,0.78651,0.9911,0.66024,0.52579,0.68750,0.75694,55.26,0.9690,live,0.3496,0.2956,115.93,392.23
167183.063106,120.0,0.7992,2,2,0,0.68125,0.76806,0.64687,0.77639,0.61797,0.79583,0.59453,0.81250,0.57266,0.81111,0.62266,0.76389,0.60391,0.79583,0.59141,0.82639,0.58281,0.85694,0.64297,0.76806,0.62813,0.81111,0.61641,0.85000,0.60859,0.88611,0.66406,0.78056,0.65547,0.82500,0.64766,0.86389,0.64141,0.89722,0.68359,0.79722,0.68437,0.83889,0.68359,0.87222,0.68203,0.90278,0.60451,0.71170,0.9998,0.77853,0.87176,0.9800,0.67821,0.80593,0.9890,0.66444,0.57425,0.68125,0.76806,56.72,0.9857,live,0.3434,0.3154,121.73,386.00
167183.128294,120.0,0.9295,2,2,0,0.67969,0.75694,0.64609,0.76806,0.61641,0.78611,0.59219,0.80000,0.57109,0.79722,0.62031,0.75556,0.60156,0.78472,0.59062,0.81667,0.58516,0.84861,0.63984,0.75833,0.62578,0.80000,0.61484,0.83889,0.60859,0.87361,0.66172,0.76806,0.65391,0.80972,0.64687,0.85000,0.64141,0.88472,0.68203,0.78194,0.68437,0.82222,0.68359,0.85417,0.68281,0.88472,0.60416,0.71247,0.9998,0.77954,0.86685,0.9798,0.68433,0.80105,0.9883,0.66749,0.61079,0.67969,0.75694,56.63,0.9913,live,0.3517,0.3892,148.06,380.46
167183.194571,120.0,0.0621,2,1,1,0.68359,0.73472,0.64687,0.75139,0.61562,0.76667,0.59141,0.77361,0.57266,0.76250,0.62031,0.71944,0.60234,0.74861,0.59062,0.78194,0.58359,0.81389,0.63984,0.72222,0.62656,0.75972,0.61719,0.80139,0.61172,0.83750,0.66094,0.73056,0.65469,0.76806,0.64687,0.80972,0.64297,0.84583,0.68281,0.74444,0.68437,0.78333,0.68281,0.81667,0.68203,0.84722,0.60616,0.71413,0.9998,0.78085,0.88265,0.9784,0.68328,0.77998,0.9879,0.67071,0.63557,0.68359,0.73472,56.88,0.9845,live,0.3681,0.4427,166.36,375.76
167183.264727,120.0,0.2024,2,1,1,0.68047,0.75972,0.64766,0.78056,0.61797,0.76806,0.59609,0.75000,0.58203,0.73194,0.61641,0.71111,0.59453,0.67361,0.58750,0.69583,0.58594,0.73056,0.63203,0.69861,0.61953,0.65417,0.61328,0.68750,0.61328,0.72500,0.65469,0.68750,0.64844,0.65694,0.64062,0.68611,0.63828,0.72083,0.68047,0.68056,0.68281,0.66667,0.67891,0.69444,0.67891,0.72500,0.60580,0.70374,0.9998,0.77541,0.87478,0.9782,0.68038,0.77105,0.9881,0.67266,0.66040,0.68047,0.75972,76.77,0.7720,live,0.3877,0.4774,184.27,385.94
167183.328404,120.0,0.3297,2,1,1,0.66172,0.56389,0.63516,0.56111,0.61016,0.53750,0.59375,0.51250,0.58359,0.49028,0.61484,0.48472,0.61484,0.42778,0.61953,0.44306,0.62109,0.46944,0.63438,0.48194,0.63438,0.42222,0.63750,0.44444,0.63828,0.47222,0.65469,0.48611,0.65312,0.43194,0.65547,0.45417,0.65703,0.47917,0.67578,0.49444,0.67344,0.44861,0.67344,0.46667,0.67500,0.48889,0.59258,0.68484,0.9998,0.74999,0.83135,0.9787,0.66090,0.57952,0.9892,0.64109,0.56722,0.66172,0.56389,70.70,0.9308,live,0.4029,0.4718,184.27,390.53
167183.399497,120.0,0.4719,2,1,1,0.65781,0.43611,0.62891,0.41667,0.61016,0.37917,0.60000,0.34444,0.58906,0.31944,0.62422,0.33472,0.61250,0.29167,0.60234,0.26806,0.59375,0.25000,0.63906,0.32778,0.63125,0.27917,0.62266,0.25000,0.61406,0.22639,0.65469,0.33194,0.65078,0.28333,0.64297,0.25694,0.63516,0.23472,0.67109,0.34306,0.67266,0.30694,0.66953,0.28333,0.66484,0.26250,0.59126,0.68251,0.9998,0.74496,0.75720,0.9797,0.65476,0.43473,0.9903,0.66969,0.61554,0.65781,0.43611,73.94,0.9607,live,0.3792,0.2714,107.72,396.91
167183.465634,120.0,0.6042,2,1,1,0.66094,0.38611,0.62891,0.35139,0.61172,0.31111,0.60313,0.27222,0.59219,0.24306,0.62422,0.26944,0.61328,0.23472,0.60781,0.21111,0.60313,0.19028,0.63750,0.25972,0.63047,0.22083,0.62578,0.19722,0.62109,0.17639,0.65156,0.25833,0.64687,0.21944,0.64219,0.19167,0.63672,0.16806,0.66719,0.26389,0.66641,0.22500,0.66406,0.20139,0.66094,0.17917,0.58983,0.68311,0.9998,0.73876,0.69517,0.9798,0.65098,0.36861,0.9912,0.66794,0.56966,0.66094,0.38611,83.90,0.9147,live,0.3571,0.2563,105.00,409.68
167183.531174,120.0,0.7353,2,1,1,0.65703,0.34861,0.62656,0.31944,0.60703,0.28056,0.59844,0.24444,0.58750,0.21944,0.61641,0.23056,0.60391,0.19722,0.59531,0.17500,0.58750,0.15417,0.63125,0.21667,0.61953,0.17778,0.61016,0.15278,0.60000,0.13194,0.64531,0.21389,0.63906,0.17361,0.63047,0.14722,0.62109,0.12500,0.66250,0.21944,0.66250,0.18333,0.65938,0.16111,0.65234,0.14028,0.58988,0.67940,0.9998,0.73644,0.65909,0.9801,0.65198,0.34842,0.9921,0.66576,0.52545,0.65703,0.34861,88.25,0.9088,live,0.3375,0.2482,105.23,424.06
167183.596517,120.0,0.8660,2,1,1,0.65547,0.32778,0.62656,0.31111,0.60625,0.27500,0.59609,0.24028,0.58516,0.21667,0.61641,0.22361,0.60234,0.19028,0.59297,0.17222,0.58437,0.15694,0.63047,0.20833,0.61797,0.16944,0.60859,0.15139,0.59766,0.13889,0.64531,0.20417,0.63672,0.16250,0.62891,0.14167,0.61953,0.12361,0.66172,0.20833,0.66094,0.17361,0.65703,0.15278,0.65000,0.13333,0.58727,0.67770,0.9998,0.73454,0.64415,0.9806,0.65159,0.33970,0.9928,0.66370,0.48591,0.65547,0.32778,81.83,0.9122,live,0.3317,0.3054,131.97,432.09
167183.662502,120.0,0.9979,2,1,1,0.65703,0.33056,0.62813,0.31806,0.60781,0.28194,0.59922,0.24722,0.58906,0.22222,0.61875,0.23056,0.60547,0.19722,0.59688,0.17917,0.58828,0.16389,0.63281,0.21667,0.62109,0.17917,0.61172,0.15972,0.60313,0.14722,0.64766,0.21111,0.63984,0.17083,0.63281,0.14861,0.62344,0.13194,0.66484,0.21389,0.66484,0.17917,0.66094,0.15833,0.65391,0.14306,0.58756,0.68015,0.9998,0.73470,0.64883,0.9809,0.65149,0.34030,0.9935,0.66237,0.45484,0.65703,0.33056,79.89,0.9184,live,0.3317,0.3505,153.42,437.76
167183.727773,120.0,0.1285,2,2,0,0.65938,0.35139,0.63047,0.33750,0.61094,0.30139,0.60156,0.26667,0.58984,0.24028,0.62187,0.25000,0.60859,0.21528,0.59922,0.19722,0.58984,0.18472,0.63672,0.23611,0.62500,0.19722,0.61562,0.17917,0.60469,0.16806,0.65156,0.23333,0.64453,0.19028,0.63672,0.16806,0.62656,0.15278,0.66797,0.23750,0.66797,0.20139,0.66328,0.18056,0.65625,0.16528,0.58954,0.68022,0.9998,0.73695,0.65530,0.9820,0.65208,0.36253,0.9941,0.66177,0.43415,0.65938,0.35139,79.43,0.9486,live,0.3403,0.3794,167.84,442.42
167183.799199,120.0,0.2713,2,2,0,0.65859,0.39861,0.63047,0.38889,0.61016,0.35139,0.60000,0.31667,0.58828,0.29167,0.62187,0.30139,0.60938,0.26250,0.59922,0.24722,0.58984,0.23889,0.63828,0.29167,0.62734,0.24861,0.61797,0.23194,0.60859,0.22639,0.65469,0.29167,0.64766,0.24583,0.63984,0.22361,0.63047,0.21250,0.67266,0.29861,0.67266,0.25833,0.66797,0.23750,0.66172,0.22500,0.59057,0.67972,0.9998,0.74259,0.70886,0.9827,0.65266,0.38596,0.9947,0.66113,0.42704,0.65859,0.39861,76.21,0.8714,live,0.3491,0.3890,172.81,444.20
167183.862776,120.0,0.3985,2,2,0,0.66563,0.53750,0.63594,0.52917,0.60781,0.49583,0.59062,0.46250,0.58516,0.43194,0.61562,0.44028,0.60469,0.39028,0.60547,0.41667,0.61016,0.44444,0.63594,0.43472,0.62656,0.37639,0.62656,0.40833,0.63047,0.44028,0.65703,0.43472,0.64922,0.37639,0.64922,0.40556,0.65234,0.43472,0.68047,0.44028,0.67500,0.39306,0.67344,0.41667,0.67578,0.44306,0.58955,0.68059,0.9998,0.74518,0.79139,0.9830,0.65585,0.50556,0.9952,0.64600,0.56128,0.66563,0.53750,83.39,0.5275,live,0.3511,0.3832,172.81,450.93
167183.929579,120.0,0.5321,2,2,0,0.66875,0.65694,0.63906,0.66389,0.61562,0.65417,0.60078,0.65000,0.58750,0.64444,0.63281,0.59306,0.61953,0.61667,0.61641,0.65278,0.61484,0.68750,0.65625,0.59306,0.64375,0.62500,0.63828,0.66528,0.63359,0.70417,0.67812,0.60417,0.66953,0.63333,0.66563,0.67361,0.66094,0.70972,0.69688,0.62361,0.70078,0.64861,0.70312,0.67917,0.70234,0.70556,0.59955,0.67093,0.9998,0.74648,0.81380,0.9809,0.67143,0.68177,0.9935,0.66266,0.47302,0.66875,0.65694,60.48,0.9759,live,0.3436,0.3092,136.16,440.37
167183.995133,120.0,0.6632,2,2,0,0.66875,0.65694,0.63906,0.66389,0.61562,0.65417,0.60078,0.65000,0.58750,0.64444,0.63281,0.59306,0.61953,0.61667,0.61641,0.65278,0.61484,0.68750,0.65625,0.59306,0.64375,0.62500,0.63828,0.66528,0.63359,0.70417,0.67812,0.60417,0.66953,0.63333,0.66563,0.67361,0.66094,0.70972,0.69688,0.62361,0.70078,0.64861,0.70312,0.67917,0.70234,0.70556,0.60715,0.69090,0.9998,0.76592,0.89872,0.9810,0.68316,0.80526,0.9933,0.66266,0.47302,0.66875,0.65694,60.48,0.5856,hold,0.3436,0.3092,136.16,440.37
167184.066710,120.0,0.8064,2,2,0,0.67344,0.78889,0.65234,0.79167,0.63047,0.78194,0.61328,0.77500,0.59766,0.76528,0.64844,0.72639,0.62891,0.73889,0.61875,0.76389,0.61094,0.78889,0.67031,0.72917,0.65312,0.74444,0.64297,0.78056,0.63672,0.81250,0.68984,0.74306,0.68047,0.75694,0.67188,0.80139,0.66563,0.83472,0.70625,0.76528,0.70781,0.78472,0.70625,0.81528,0.70469,0.83750,0.60777,0.69282,0.9998,0.76742,0.90029,0.9795,0.69150,0.82336,0.9929,0.66481,0.53620,0.67344,0.78889,55.71,0.9872,live,0.3461,0.1843,78.81,427.63
167184.132309,120.0,0.9376,2,2,0,0.68203,0.83056,0.65703,0.82500,0.63125,0.80139,0.61094,0.78611,0.59375,0.76528,0.64531,0.72917,0.62422,0.73889,0.61250,0.76528,0.60156,0.79444,0.66719,0.72917,0.64922,0.74028,0.63828,0.77778,0.63125,0.81389,0.68906,0.74583,0.67812,0.75417,0.66875,0.79306,0.66094,0.82917,0.70547,0.77222,0.70703,0.78333,0.70469,0.81250,0.70156,0.83750,0.60741,0.69313,0.9998,0.76791,0.90791,0.9782,0.68877,0.82475,0.9923,0.66826,0.59507,0.68203,0.83056,74.22,0.9951,live,0.3484,0.2823,121.32,429.76
167184.201115,120.0,0.0752,2,1,1,0.67734,0.82639,0.65156,0.82222,0.62578,0.79583,0.60625,0.77639,0.58828,0.75417,0.63828,0.71528,0.61953,0.72639,0.61016,0.75278,0.60391,0.78333,0.66094,0.71528,0.64453,0.72917,0.63516,0.76806,0.62891,0.80417,0.68203,0.72917,0.67344,0.74306,0.66328,0.78611,0.65469,0.82222,0.69922,0.75417,0.70078,0.77222,0.69844,0.80417,0.69609,0.83056,0.60712,0.69389,0.9998,0.76743,0.90548,0.9762,0.68801,0.80728,0.9912,0.67007,0.64133,0.67734,0.82639,79.75,0.9969,live,0.3505,0.3552,154.71,435.60
167184.262713,120.0,0.1984,2,1,1,0.68203,0.79306,0.65000,0.76806,0.62422,0.74306,0.60469,0.72361,0.58828,0.70556,0.63984,0.66944,0.62187,0.68056,0.61016,0.70417,0.60234,0.73194,0.66094,0.66944,0.64531,0.68472,0.63516,0.71667,0.62891,0.75000,0.68203,0.68333,0.67422,0.69583,0.66250,0.72778,0.65547,0.76250,0.70078,0.70833,0.70000,0.71389,0.69453,0.73750,0.69063,0.76389,0.60676,0.69383,0.9998,0.76787,0.90944,0.9762,0.68728,0.78554,0.9910,0.67247,0.67168,0.68203,0.79306,86.38,0.9903,live,0.3505,0.3967,176.73,445.52
167184.330323,120.0,0.3336,2,1,1,0.67500,0.64861,0.64531,0.63889,0.62109,0.60417,0.60859,0.57222,0.60156,0.54444,0.63203,0.55000,0.62578,0.49861,0.62422,0.51944,0.62422,0.54722,0.65234,0.54861,0.64844,0.49444,0.64687,0.51806,0.64766,0.54583,0.67422,0.55417,0.66953,0.50000,0.66719,0.52500,0.66719,0.55278,0.69531,0.56667,0.69453,0.52778,0.68984,0.54722,0.68828,0.57222,0.60427,0.68721,0.9998,0.75894,0.90410,0.9764,0.68510,0.69933,0.9918,0.65180,0.57874,0.67500,0.64861,78.45,0.6404,live,0.3505,0.3971,178.11,448.54
167184.399589,120.0,0.4721,2,1,1,0.66641,0.50000,0.63906,0.47222,0.62187,0.42917,0.61562,0.39167,0.60938,0.35833,0.64141,0.38611,0.63281,0.34444,0.62578,0.31944,0.61953,0.30139,0.65859,0.38333,0.65469,0.33611,0.64922,0.30833,0.64297,0.28611,0.67500,0.39306,0.67422,0.34722,0.66953,0.32083,0.66328,0.30000,0.69219,0.41250,0.69844,0.37917,0.69922,0.35556,0.69688,0.33333,0.59432,0.67846,0.9998,0.74472,0.80394,0.9777,0.67201,0.50224,0.9925,0.67125,0.63734,0.66641,0.50000,77.86,0.9721,live,0.3505,0.3227,145.46,450.78
167184.464735,120.0,0.6024,2,1,1,0.66172,0.38333,0.63281,0.35833,0.61797,0.31389,0.61406,0.27361,0.60703,0.24306,0.63594,0.27083,0.62813,0.22639,0.62031,0.19861,0.61250,0.17778,0.65312,0.26389,0.64922,0.21250,0.64141,0.17917,0.63281,0.15417,0.66953,0.26667,0.66797,0.21528,0.66250,0.18333,0.65547,0.15833,0.68594,0.27917,0.68984,0.24028,0.68750,0.21389,0.68203,0.19306,0.59043,0.67872,0.9998,0.74241,0.72556,0.9779,0.66117,0.38713,0.9932,0.66935,0.58654,0.66172,0.38333,79.90,0.9430,live,0.3451,0.3202,145.46,454.22
167184.529500,120.0,0.7319,2,1,1,0.65781,0.34722,0.62734,0.31250,0.61094,0.27083,0.60547,0.23194,0.59844,0.20278,0.62734,0.22500,0.61719,0.18333,0.61016,0.15556,0.60391,0.12917,0.64219,0.21389,0.63516,0.16806,0.62891,0.13472,0.62266,0.10694,0.65703,0.21250,0.65312,0.16806,0.64766,0.13611,0.64141,0.10694,0.67344,0.22222,0.67344,0.18194,0.67031,0.15694,0.66484,0.13333,0.58990,0.67965,0.9998,0.73877,0.65727,0.9780,0.65565,0.34437,0.9939,0.66704,0.53868,0.65781,0.34722,86.39,0.9036,live,0.3397,0.3149,145.46,461.91
167184.600600,120.0,0.8741,2,1,1,0.64922,0.31528,0.62187,0.29444,0.60391,0.25556,0.59844,0.21944,0.59141,0.19306,0.61875,0.20139,0.60781,0.16250,0.60078,0.14028,0.59453,0.12083,0.63359,0.19167,0.62500,0.14444,0.61797,0.11806,0.61094,0.09583,0.64844,0.19028,0.64375,0.14306,0.63828,0.11528,0.63125,0.09028,0.66406,0.19861,0.66406,0.16111,0.66094,0.13750,0.65547,0.11528,0.59017,0.67842,0.9998,0.73578,0.63124,0.9787,0.65132,0.31900,0.9944,0.66348,0.49400,0.64922,0.31528,81.54,0.9634,live,0.3291,0.2808,130.64,465.19
167184.665204,120.0,0.0033,2,2,0,0.64766,0.31389,0.61875,0.29722,0.60156,0.25833,0.59609,0.22361,0.58828,0.19722,0.61641,0.20833,0.60547,0.17222,0.59766,0.14861,0.59141,0.12639,0.63203,0.19583,0.62344,0.15417,0.61562,0.12500,0.60859,0.10000,0.64687,0.19444,0.64141,0.15139,0.63438,0.12222,0.62734,0.09861,0.66250,0.20139,0.66172,0.16667,0.65859,0.14306,0.65312,0.12361,0.59009,0.67821,0.9998,0.73591,0.64256,0.9791,0.65219,0.32895,0.9949,0.66031,0.45798,0.64766,0.31389,78.90,0.9363,live,0.3291,0.3349,156.12,466.18
167184.729577,120.0,0.1321,2,2,0,0.64687,0.33611,0.61875,0.31806,0.60156,0.27917,0.59531,0.24306,0.58672,0.21528,0.61641,0.22917,0.60547,0.19028,0.59766,0.16667,0.58984,0.14583,0.63281,0.21806,0.62500,0.17222,0.61641,0.14444,0.60781,0.12361,0.64766,0.21806,0.64375,0.17083,0.63672,0.14306,0.62891,0.12083,0.66328,0.22639,0.66328,0.18889,0.65938,0.16667,0.65234,0.14722,0.58754,0.67801,0.9998,0.73298,0.65667,0.9790,0.65101,0.35057,0.9954,0.65762,0.43360,0.64687,0.33611,78.74,0.9509,live,0.3367,0.3715,173.44,466.93
167184.799013,120.0,0.2710,2,2,0,0.64297,0.38333,0.61484,0.36944,0.59844,0.33056,0.59141,0.29444,0.58281,0.26667,0.61172,0.27917,0.60234,0.23333,0.59453,0.21389,0.58516,0.19861,0.62891,0.27222,0.62266,0.22083,0.61484,0.19583,0.60547,0.17639,0.64531,0.27639,0.64297,0.22778,0.63672,0.20000,0.62969,0.17778,0.66250,0.28889,0.66406,0.25278,0.66094,0.23056,0.65625,0.21111,0.58754,0.67504,0.9998,0.73604,0.68340,0.9793,0.64928,0.35556,0.9958,0.65469,0.42355,0.64297,0.38333,76.21,0.9153,live,0.3459,0.3877,180.60,465.77
167184.862583,120.0,0.3981,2,2,0,0.64766,0.51806,0.61797,0.50833,0.59297,0.48056,0.57734,0.45139,0.56953,0.42083,0.60156,0.42222,0.59062,0.36667,0.58906,0.36389,0.58984,0.37917,0.61953,0.41250,0.61172,0.34861,0.61016,0.36250,0.61172,0.38750,0.63984,0.41111,0.63359,0.34722,0.63125,0.36806,0.63203,0.39444,0.66016,0.41667,0.65703,0.36528,0.65312,0.38056,0.65312,0.40556,0.58900,0.66778,0.9998,0.74718,0.77280,0.9805,0.64954,0.49241,0.9962,0.65097,0.56661,0.64766,0.51806,81.18,0.7110,live,0.3531,0.3860,180.76,468.33
167184.930658,120.0,0.5343,2,2,0,0.64609,0.67778,0.61641,0.68611,0.59062,0.68056,0.57656,0.67778,0.56641,0.68611,0.59453,0.62083,0.58281,0.64167,0.58281,0.67500,0.58750,0.70417,0.61797,0.61528,0.61094,0.65278,0.61094,0.69306,0.61641,0.72083,0.64219,0.62222,0.63750,0.65833,0.63750,0.69444,0.63984,0.72222,0.66484,0.63611,0.66563,0.67083,0.66484,0.69861,0.66563,0.71806,0.59765,0.66791,0.9998,0.75932,0.80165,0.9790,0.65191,0.68915,0.9922,0.65297,0.47439,0.64609,0.67778,66.10,0.9451,live,0.3531,0.3396,156.11,459.72
167184.997081,120.0,0.6671,2,2,0,0.67656,0.76250,0.63906,0.78056,0.60781,0.79583,0.58672,0.80833,0.56875,0.81389,0.61562,0.75694,0.59688,0.78333,0.58594,0.81667,0.57812,0.85139,0.63672,0.75833,0.62344,0.79444,0.61484,0.84028,0.60938,0.87778,0.65859,0.76667,0.65156,0.80278,0.64687,0.84444,0.64375,0.87917,0.67891,0.77917,0.68125,0.81667,0.68203,0.85000,0.68203,0.87778,0.60601,0.69177,0.9998,0.77723,0.85496,0.9782,0.67522,0.79176,0.9915,0.65769,0.53202,0.67656,0.76250,56.03,0.9753,live,0.3531,0.3509,156.11,444.90
167185.063171,120.0,0.7993,2,2,0,0.68203,0.79306,0.64531,0.80417,0.61406,0.82361,0.58906,0.83750,0.56797,0.84306,0.61719,0.78750,0.59844,0.81250,0.58750,0.84444,0.58047,0.87778,0.63828,0.79167,0.62266,0.82778,0.61172,0.87083,0.60625,0.90694,0.66094,0.80278,0.65078,0.83750,0.64375,0.88056,0.63984,0.91528,0.68203,0.81806,0.68047,0.85556,0.67812,0.89028,0.67734,0.92083,0.61197,0.69789,0.9998,0.79493,0.87599,0.9781,0.67731,0.83243,0.9911,0.66256,0.58422,0.68203,0.79306,60.74,0.9713,live,0.3390,0.2750,119.69,435.25
167185.131704,120.0,0.9363,2,2,0,0.67422,0.79722,0.63984,0.81389,0.61016,0.83194,0.58672,0.84167,0.56641,0.84028,0.61641,0.78750,0.59766,0.81389,0.58437,0.84444,0.57500,0.87222,0.63594,0.79028,0.62187,0.82361,0.60938,0.86528,0.60313,0.90278,0.65859,0.80278,0.64766,0.83889,0.63906,0.88056,0.63438,0.91528,0.67969,0.82083,0.67969,0.85417,0.67734,0.88750,0.67578,0.91667,0.61737,0.70987,0.9998,0.78886,0.89324,0.9764,0.68316,0.84507,0.9900,0.66489,0.62682,0.67422,0.79722,56.61,0.9941,live,0.3390,0.3479,147.44,423.78
167185.196481,120.0,0.0659,2,1,1,0.67891,0.78472,0.64219,0.80139,0.61094,0.81944,0.58672,0.82917,0.56641,0.82778,0.61406,0.77361,0.59609,0.79861,0.58359,0.82778,0.57344,0.85556,0.63359,0.77500,0.61875,0.80556,0.60859,0.84722,0.60234,0.88333,0.65547,0.78611,0.64609,0.81944,0.63984,0.86111,0.63594,0.89583,0.67812,0.80139,0.67812,0.83611,0.67578,0.87083,0.67422,0.90139,0.61970,0.71425,0.9998,0.78790,0.89921,0.9741,0.68216,0.83735,0.9897,0.66769,0.65840,0.67891,0.78472,59.56,0.9938,live,0.3518,0.4099,170.44,415.81
167185.264894,120.0,0.2027,2,1,1,0.68125,0.76528,0.64453,0.78472,0.61172,0.79306,0.58594,0.79306,0.56484,0.79306,0.61484,0.74167,0.59609,0.76111,0.58437,0.79028,0.57500,0.82222,0.63359,0.73750,0.61875,0.76944,0.61016,0.80972,0.60469,0.85000,0.65625,0.74444,0.64766,0.78194,0.64141,0.82639,0.63750,0.86389,0.67891,0.75694,0.67891,0.79861,0.67734,0.83194,0.67500,0.86250,0.61887,0.71595,0.9998,0.78770,0.88856,0.9741,0.68128,0.80274,0.9898,0.67041,0.67978,0.68125,0.76528,60.08,0.9938,live,0.3704,0.4550,186.15,409.17
167185.327544,120.0,0.3280,2,1,1,0.68125,0.76528,0.64453,0.78472,0.61172,0.79306,0.58594,0.79306,0.56484,0.79306,0.61484,0.74167,0.59609,0.76111,0.58437,0.79028,0.57500,0.82222,0.63359,0.73750,0.61875,0.76944,0.61016,0.80972,0.60469,0.85000,0.65625,0.74444,0.64766,0.78194,0.64141,0.82639,0.63750,0.86389,0.67891,0.75694,0.67891,0.79861,0.67734,0.83194,0.67500,0.86250,0.61123,0.67904,0.9998,0.76967,0.85627,0.9733,0.67967,0.70387,0.9902,0.67041,0.67978,0.68125,0.76528,60.08,0.5963,hold,0.3704,0.4550,186.15,409.17
167185.400300,120.0,0.4735,2,1,1,0.67031,0.53056,0.64375,0.50972,0.62422,0.46944,0.61094,0.43611,0.60156,0.40556,0.64141,0.40833,0.63828,0.36111,0.63750,0.33472,0.63750,0.31528,0.65625,0.40833,0.65312,0.36111,0.65078,0.33611,0.65078,0.31806,0.67031,0.41806,0.66875,0.37361,0.66641,0.35000,0.66641,0.33194,0.68437,0.43611,0.68672,0.40139,0.68516,0.38056,0.68437,0.36250,0.59938,0.67911,0.9998,0.76000,0.79582,0.9748,0.67583,0.51833,0.9912,0.67039,0.64993,0.67031,0.53056,78.54,0.9235,live,0.3704,0.3599,149.95,416.62
167185.464740,120.0,0.6024,2,1,1,0.66797,0.39583,0.63750,0.36806,0.62109,0.32222,0.61719,0.28056,0.61016,0.24861,0.64062,0.27778,0.63438,0.22778,0.62813,0.19722,0.62109,0.17222,0.65859,0.27222,0.65625,0.21389,0.65078,0.17778,0.64375,0.14583,0.67500,0.27778,0.67578,0.22500,0.67031,0.19167,0.66328,0.16528,0.69063,0.29306,0.69531,0.25139,0.69297,0.22500,0.68828,0.20417,0.59474,0.67981,0.9998,0.74769,0.71301,0.9756,0.66898,0.40123,0.9920,0.66990,0.59911,0.66797,0.39583,81.54,0.9341,live,0.3704,0.3516,149.55,425.33
167185.531021,120.0,0.7350,2,1,1,0.66484,0.35556,0.63438,0.31389,0.61953,0.26944,0.61484,0.22917,0.60703,0.19722,0.63594,0.22083,0.62656,0.17639,0.61953,0.14583,0.61406,0.11806,0.65156,0.21250,0.64766,0.16250,0.64219,0.12778,0.63672,0.09861,0.66641,0.21389,0.66484,0.16667,0.66016,0.13194,0.65391,0.10278,0.68203,0.22500,0.68437,0.18194,0.68203,0.15417,0.67734,0.12917,0.59359,0.67879,0.9998,0.74358,0.67211,0.9763,0.66295,0.34801,0.9928,0.66889,0.55040,0.66484,0.35556,90.96,0.9443,live,0.3478,0.2447,107.63,439.78
167185.597514,120.0,0.8680,2,1,1,0.65781,0.31806,0.62891,0.29306,0.61172,0.25278,0.60625,0.21528,0.60000,0.18611,0.62813,0.19583,0.61797,0.15417,0.61094,0.12917,0.60391,0.10833,0.64375,0.18750,0.63750,0.13472,0.63047,0.10556,0.62266,0.08194,0.65859,0.18750,0.65547,0.13889,0.65000,0.10833,0.64375,0.08333,0.67422,0.19722,0.67500,0.15833,0.67188,0.13333,0.66563,0.11111,0.59280,0.67861,0.9998,0.73962,0.65078,0.9771,0.66136,0.32399,0.9935,0.66668,0.50393,0.65781,0.31806,85.02,0.9445,live,0.3362,0.2834,127.01,448.22
167185.666134,120.0,0.0052,2,2,0,0.65625,0.32083,0.62578,0.29861,0.61016,0.25833,0.60469,0.22083,0.59688,0.19444,0.62656,0.20694,0.61562,0.16806,0.60781,0.14167,0.60156,0.11806,0.64219,0.19444,0.63438,0.14861,0.62656,0.11528,0.61953,0.08889,0.65703,0.19306,0.65234,0.14722,0.64609,0.11528,0.63906,0.08889,0.67344,0.20278,0.67344,0.16528,0.66953,0.14028,0.66484,0.11806,0.59194,0.68051,0.9998,0.73804,0.65515,0.9777,0.65937,0.33137,0.9941,0.66459,0.46731,0.65625,0.32083,82.75,0.9283,live,0.3362,0.3373,153.16,454.01
167185.731862,120.0,0.1367,2,2,0,0.65938,0.34167,0.63047,0.32222,0.61328,0.28194,0.60781,0.24167,0.59922,0.21389,0.62969,0.22917,0.61875,0.18750,0.61094,0.16111,0.60391,0.14028,0.64531,0.21806,0.63906,0.16806,0.63125,0.13611,0.62344,0.11250,0.66094,0.21944,0.65781,0.16944,0.65078,0.14028,0.64375,0.11667,0.67656,0.22778,0.67812,0.19028,0.67422,0.16528,0.66875,0.14444,0.58970,0.67881,0.9998,0.73788,0.66001,0.9781,0.65669,0.34678,0.9947,0.66355,0.44218,0.65938,0.34167,81.30,0.9317,live,0.3430,0.3739,171.29,458.06
167185.802226,120.0,0.2774,2,2,0,0.66328,0.38611,0.63594,0.37222,0.61797,0.33056,0.61094,0.29167,0.60313,0.25833,0.63359,0.27778,0.62344,0.22917,0.61562,0.20694,0.60703,0.19028,0.65078,0.26806,0.64453,0.21250,0.63672,0.18472,0.62734,0.16389,0.66719,0.27083,0.66328,0.21806,0.65703,0.19028,0.64844,0.16806,0.68437,0.28194,0.68516,0.24306,0.68125,0.22083,0.67500,0.20278,0.58981,0.68567,0.9998,0.74068,0.69703,0.9784,0.65745,0.36263,0.9952,0.66349,0.43097,0.66328,0.38611,79.51,0.8402,live,0.3514,0.3896,179.36,460.34
167185.865322,120.0,0.4036,2,2,0,0.67266,0.52500,0.64453,0.50278,0.62422,0.46389,0.61328,0.43056,0.60469,0.39861,0.63828,0.41806,0.63047,0.36667,0.62500,0.33750,0.62031,0.31806,0.65547,0.41389,0.65078,0.35833,0.64609,0.32639,0.64141,0.30833,0.67266,0.41944,0.66953,0.36806,0.66641,0.33750,0.66172,0.31806,0.68984,0.43472,0.69219,0.39722,0.68984,0.37083,0.68516,0.35139,0.59185,0.68337,0.9998,0.75250,0.76096,0.9789,0.66478,0.48192,0.9956,0.66533,0.44978,0.67266,0.52500,76.84,0.9431,live,0.3514,0.3429,157.90,460.43
167185.934623,120.0,0.5422,2,2,0,0.65469,0.68889,0.67266,0.69028,0.68906,0.67917,0.70234,0.69028,0.71094,0.70833,0.66563,0.60278,0.66094,0.61528,0.65938,0.65417,0.66016,0.68611,0.64687,0.60000,0.64531,0.61250,0.64687,0.65972,0.64844,0.69861,0.63125,0.60972,0.62813,0.61806,0.63125,0.65972,0.63359,0.69583,0.61719,0.62639,0.61328,0.63889,0.61641,0.66806,0.62031,0.69167,0.60322,0.68194,0.9998,0.77556,0.80145,0.9781,0.68360,0.67368,0.9943,0.65618,0.57396,0.65469,0.68889,64.61,0.9474,live,0.3514,0.3513,158.70,451.69
167185.998627,120.0,0.6702,2,2,0,0.70859,0.79722,0.67812,0.82361,0.65078,0.84167,0.62891,0.84444,0.61484,0.83750,0.66641,0.80556,0.64844,0.81250,0.64219,0.84167,0.64062,0.86667,0.68594,0.80694,0.67734,0.82778,0.67031,0.86111,0.66797,0.89028,0.70625,0.81250,0.70469,0.83750,0.70000,0.87083,0.69609,0.90000,0.72500,0.82222,0.73203,0.85278,0.73359,0.87917,0.73438,0.90278,0.60278,0.70247,0.9998,0.78431,0.82848,0.9784,0.70615,0.81083,0.9941,0.67398,0.51926,0.70859,0.79722,46.94,0.9952,live,0.3514,0.3693,159.29,431.29
167186.063932,120.0,0.8008,2,2,0,0.73438,0.84167,0.70469,0.86111,0.67812,0.87917,0.65547,0.88611,0.63828,0.88333,0.68516,0.84167,0.66797,0.85278,0.65938,0.87917,0.65391,0.90278,0.70547,0.84583,0.69609,0.85694,0.68984,0.89861,0.68906,0.93333,0.72656,0.85139,0.72266,0.86944,0.71875,0.90972,0.71797,0.94306,0.74687,0.86111,0.75000,0.88611,0.75156,0.91667,0.75391,0.94306,0.60683,0.70621,0.9998,0.78849,0.85822,0.9767,0.73068,0.84900,0.9929,0.68606,0.58375,0.73438,0.84167,50.40,0.9353,live,0.3431,0.3053,126.96,415.82
167186.134281,120.0,0.9415,2,2,0,0.74219,0.85556,0.70859,0.87361,0.68047,0.88056,0.66016,0.87917,0.64922,0.87639,0.69688,0.84583,0.68203,0.84444,0.67266,0.87083,0.66953,0.89444,0.71797,0.85139,0.71172,0.85556,0.70156,0.89306,0.70000,0.92361,0.73828,0.86111,0.73906,0.86944,0.73359,0.90694,0.73125,0.93750,0.75781,0.87917,0.76406,0.89583,0.76484,0.92361,0.76641,0.94722,0.61152,0.71197,0.9998,0.78636,0.87777,0.9762,0.75050,0.84882,0.9932,0.69728,0.63811,0.74219,0.85556,49.36,0.9450,live,0.3522,0.3939,158.15,401.46
167186.199096,120.0,0.0711,2,1,1,0.77578,0.86528,0.73125,0.88056,0.69141,0.87639,0.66719,0.86389,0.65703,0.84861,0.70312,0.82778,0.68828,0.83194,0.67891,0.85278,0.67266,0.87500,0.72578,0.82917,0.71328,0.83611,0.70391,0.87500,0.70234,0.91111,0.74844,0.83889,0.74297,0.84722,0.73594,0.88611,0.73203,0.92083,0.77109,0.85694,0.77109,0.87361,0.76953,0.90417,0.76875,0.93194,0.61518,0.71389,0.9999,0.79180,0.87541,0.9755,0.75026,0.84165,0.9931,0.71298,0.68354,0.77578,0.86528,65.98,0.9833,live,0.3768,0.4887,195.85,400.79
167186.263710,120.0,0.2004,2,1,1,0.76953,0.88750,0.72969,0.88472,0.69531,0.85833,0.67109,0.83611,0.65156,0.81944,0.70391,0.80694,0.68984,0.80139,0.68047,0.81806,0.67188,0.84167,0.72500,0.80417,0.71172,0.79306,0.70078,0.82500,0.69688,0.86111,0.74844,0.81250,0.74297,0.80972,0.73594,0.84167,0.73281,0.87361,0.77266,0.82917,0.77187,0.82917,0.77031,0.85556,0.76875,0.88194,0.61757,0.71466,0.9999,0.79128,0.88559,0.9746,0.74480,0.85707,0.9923,0.72429,0.72433,0.76953,0.88750,79.12,0.9905,live,0.4094,0.5578,228.51,409.66
167186.328889,120.0,0.3307,2,1,1,0.73047,0.75833,0.70547,0.76250,0.68047,0.73750,0.66484,0.72778,0.66484,0.71528,0.69688,0.69722,0.68828,0.68056,0.68516,0.70833,0.68437,0.74028,0.72031,0.69306,0.71641,0.67917,0.71328,0.70833,0.71172,0.74583,0.74219,0.69722,0.74297,0.68889,0.74141,0.71944,0.73906,0.75278,0.76016,0.70833,0.76875,0.71250,0.77187,0.73750,0.77266,0.76250,0.62849,0.71647,0.9999,0.79788,0.87900,0.9752,0.74366,0.79425,0.9925,0.72553,0.73113,0.73047,0.75833,61.01,0.9842,live,0.4397,0.5777,233.64,404.42
167186.399864,120.0,0.4727,2,1,1,0.74609,0.64306,0.71250,0.62361,0.68828,0.58889,0.67344,0.55000,0.66797,0.51806,0.70547,0.52500,0.70547,0.46806,0.70625,0.48889,0.70781,0.51528,0.72813,0.52778,0.72578,0.47222,0.72422,0.49583,0.72500,0.52222,0.75000,0.53750,0.74609,0.48750,0.74375,0.50833,0.74453,0.53333,0.77031,0.55139,0.76719,0.50139,0.76250,0.51806,0.76250,0.54444,0.62706,0.71416,0.9999,0.80095,0.86553,0.9757,0.74053,0.63274,0.9931,0.67417,0.58778,0.74609,0.64306,85.96,0.9858,live,0.4612,0.5592,233.64,417.78
167186.465490,120.0,0.6039,2,1,1,0.73906,0.47778,0.70781,0.45278,0.68672,0.41111,0.67656,0.36944,0.66953,0.33472,0.70625,0.37361,0.69844,0.32778,0.69141,0.30278,0.68437,0.28194,0.72578,0.36806,0.72188,0.31944,0.71562,0.28750,0.70859,0.25972,0.74453,0.37361,0.74375,0.32778,0.73906,0.29861,0.73359,0.27500,0.76250,0.38611,0.76719,0.34861,0.76797,0.32222,0.76719,0.30000,0.62585,0.70485,0.9999,0.80014,0.78963,0.9772,0.73923,0.46154,0.9938,0.72824,0.68046,0.73906,0.47778,77.96,0.8082,live,0.4539,0.4206,178.26,423.78
167186.533910,120.0,0.7408,2,1,1,0.73047,0.37500,0.70156,0.35139,0.68594,0.31111,0.68047,0.26944,0.67188,0.23889,0.70234,0.26111,0.69531,0.21528,0.68984,0.18750,0.68516,0.16389,0.72109,0.25278,0.71641,0.20278,0.71016,0.16944,0.70469,0.14167,0.73828,0.25694,0.73672,0.20694,0.73281,0.17639,0.72734,0.15139,0.75547,0.26806,0.75938,0.23056,0.75859,0.20556,0.75625,0.18472,0.62405,0.70159,0.9998,0.79211,0.70061,0.9781,0.73644,0.35119,0.9943,0.72868,0.61937,0.73047,0.37500,82.48,0.9122,live,0.4465,0.4130,178.55,432.31
167186.599162,120.0,0.8713,2,1,1,0.72656,0.34167,0.69609,0.31111,0.67891,0.27083,0.67422,0.22917,0.66563,0.20139,0.69453,0.21944,0.68516,0.17917,0.67891,0.15278,0.67422,0.12639,0.71172,0.20833,0.70547,0.16111,0.70078,0.12778,0.69609,0.09861,0.72656,0.20833,0.72422,0.16389,0.72031,0.13194,0.71641,0.10556,0.74219,0.21806,0.74531,0.18056,0.74375,0.15694,0.74062,0.13333,0.62364,0.69463,0.9998,0.78631,0.66334,0.9796,0.72941,0.30791,0.9948,0.72826,0.56383,0.72656,0.34167,86.79,0.9020,live,0.4227,0.3143,139.21,442.93
167186.664159,120.0,0.0013,2,2,0,0.71797,0.32917,0.68906,0.29722,0.67422,0.25833,0.66875,0.21944,0.65938,0.19306,0.68594,0.21528,0.67734,0.17917,0.67266,0.15556,0.66875,0.13194,0.70078,0.20556,0.69531,0.16667,0.69219,0.14028,0.68828,0.11667,0.71562,0.20417,0.71328,0.16667,0.71016,0.13750,0.70625,0.10972,0.73125,0.21111,0.73281,0.17361,0.73125,0.15000,0.72813,0.12778,0.62345,0.69318,0.9998,0.78332,0.64540,0.9807,0.72058,0.29853,0.9953,0.72620,0.51690,0.71797,0.32917,82.03,0.9402,live,0.4145,0.3772,169.30,448.84
167186.733752,120.0,0.1404,2,2,0,0.70937,0.31528,0.68203,0.29722,0.66563,0.26111,0.66016,0.22500,0.65156,0.20000,0.67969,0.20972,0.66953,0.17222,0.66328,0.14861,0.65781,0.12778,0.69531,0.19861,0.68828,0.15278,0.68203,0.12639,0.67578,0.10417,0.71094,0.19861,0.70703,0.15278,0.70156,0.12500,0.69609,0.10278,0.72656,0.20556,0.72656,0.16806,0.72500,0.14444,0.72031,0.12500,0.62009,0.69000,0.9998,0.77970,0.64371,0.9814,0.71381,0.29835,0.9957,0.72284,0.47657,0.70937,0.31528,78.24,0.9603,live,0.4145,0.4346,196.12,451.31
167186.799692,120.0,0.2723,2,2,0,0.70547,0.34444,0.67812,0.32778,0.66094,0.29028,0.65391,0.25278,0.64609,0.22778,0.67500,0.24167,0.66406,0.20000,0.65625,0.17639,0.65000,0.15833,0.69063,0.23056,0.68437,0.18194,0.67734,0.15417,0.66953,0.13194,0.70625,0.22917,0.70312,0.18194,0.69688,0.15278,0.69063,0.13056,0.72188,0.23611,0.72266,0.19722,0.72031,0.17361,0.71484,0.15417,0.61923,0.68978,0.9998,0.77971,0.65810,0.9823,0.70827,0.32434,0.9961,0.71936,0.45015,0.70547,0.34444,77.18,0.9583,live,0.4250,0.4727,214.01,452.72
167186.865888,120.0,0.4047,2,2,0,0.69766,0.39306,0.67109,0.38194,0.65391,0.34583,0.64687,0.30972,0.63750,0.28056,0.66719,0.29722,0.65625,0.25417,0.64922,0.23472,0.64062,0.21944,0.68437,0.28750,0.67734,0.23889,0.66875,0.21389,0.66016,0.19722,0.70078,0.29028,0.69766,0.24444,0.69141,0.22083,0.68281,0.20278,0.71719,0.30139,0.71953,0.26944,0.71641,0.25000,0.71094,0.23472,0.61816,0.69094,0.9998,0.78092,0.70904,0.9818,0.70431,0.36460,0.9964,0.71502,0.43873,0.69766,0.39306,72.95,0.7649,live,0.4370,0.4919,221.79,450.92
167186.928335,120.0,0.5296,2,2,0,0.70391,0.52778,0.67344,0.52083,0.64922,0.49028,0.63438,0.45417,0.62578,0.42361,0.65625,0.42917,0.64844,0.36944,0.64609,0.37083,0.64766,0.38889,0.67578,0.42083,0.66719,0.36250,0.66484,0.37083,0.66719,0.39028,0.69609,0.41944,0.68828,0.36389,0.68437,0.37639,0.68516,0.39444,0.71562,0.42639,0.71094,0.38194,0.70703,0.39306,0.70703,0.41250,0.61521,0.69019,0.9998,0.78362,0.78724,0.9823,0.70173,0.49948,0.9968,0.69037,0.54929,0.70391,0.52778,82.29,0.7366,live,0.4459,0.4863,221.79,456.06
167186.996178,120.0,0.6653,2,2,0,0.69766,0.39306,0.67109,0.38194,0.65391,0.34583,0.64687,0.30972,0.63750,0.28056,0.66719,0.29722,0.65625,0.25417,0.64922,0.23472,0.64062,0.21944,0.68437,0.28750,0.67734,0.23889,0.66875,0.21389,0.66016,0.19722,0.70078,0.29028,0.69766,0.24444,0.69141,0.22083,0.68281,0.20278,0.71719,0.30139,0.71953,0.26944,0.71641,0.25000,0.71094,0.23472,0.62882,0.68192,0.9998,0.79003,0.80966,0.9814,0.70208,0.70211,0.9953,0.71502,0.43873,0.69766,0.39306,72.95,0.4590,hold,0.4459,0.4863,221.79,456.06
167187.064193,120.0,0.8013,2,2,0,0.72891,0.80139,0.69063,0.80694,0.65703,0.79583,0.63359,0.78750,0.61250,0.78472,0.66328,0.74167,0.63906,0.76528,0.62969,0.79722,0.62187,0.82778,0.68594,0.74167,0.66484,0.77500,0.65156,0.81528,0.64219,0.84861,0.70937,0.75417,0.69531,0.78750,0.68437,0.82639,0.67656,0.85833,0.73125,0.77639,0.72500,0.80139,0.71953,0.83056,0.71328,0.85556,0.62763,0.69258,0.9998,0.79591,0.84769,0.9815,0.70244,0.78091,0.9948,0.71780,0.51126,0.72891,0.80139,68.24,0.9918,live,0.4379,0.4014,180.82,450.46
167187.131160,120.0,0.9353,2,2,0,0.73281,0.82083,0.69609,0.82361,0.66406,0.82222,0.63828,0.82361,0.61484,0.81806,0.66953,0.78056,0.64453,0.79861,0.62969,0.82361,0.61719,0.85000,0.68906,0.79028,0.66563,0.81667,0.65000,0.85417,0.63828,0.88472,0.70937,0.80833,0.69297,0.83472,0.68203,0.87639,0.67422,0.90972,0.72813,0.82917,0.72266,0.85417,0.71719,0.88472,0.71328,0.91111,0.62806,0.70538,0.9998,0.79651,0.87779,0.9805,0.70649,0.82596,0.9942,0.72080,0.57318,0.73281,0.82083,59.36,0.9598,live,0.4161,0.3165,139.00,439.15
167187.196302,120.0,0.0655,2,1,1,0.72344,0.81250,0.68437,0.82778,0.65312,0.83056,0.63125,0.82778,0.61328,0.81528,0.66016,0.77778,0.63906,0.79444,0.62422,0.81944,0.61328,0.84583,0.67969,0.77917,0.66094,0.80278,0.64687,0.84028,0.63828,0.87361,0.70234,0.79306,0.68906,0.82222,0.68125,0.85972,0.67500,0.89444,0.72422,0.81389,0.72266,0.84861,0.71719,0.88056,0.71250,0.90972,0.62783,0.71183,0.9998,0.79671,0.89534,0.9806,0.71058,0.82664,0.9940,0.72133,0.62104,0.72344,0.81250,58.28,0.9932,live,0.4000,0.3266,139.94,428.41
167187.262912,120.0,0.1988,2,1,1,0.72344,0.80000,0.68672,0.81528,0.65703,0.81528,0.63672,0.81250,0.62187,0.80278,0.66094,0.74583,0.64062,0.75556,0.62656,0.77917,0.61484,0.80694,0.67969,0.74167,0.66094,0.75972,0.65000,0.79722,0.64297,0.83194,0.70156,0.75139,0.68984,0.77639,0.68281,0.81389,0.67656,0.84861,0.72422,0.77222,0.72422,0.80278,0.72109,0.83750,0.71719,0.86806,0.62747,0.71167,0.9998,0.79842,0.87864,0.9810,0.71056,0.80712,0.9940,0.72175,0.65683,0.72344,0.80000,65.56,0.9935,live,0.4000,0.3856,163.59,424.20
167187.333860,120.0,0.3407,2,1,1,0.69688,0.72083,0.66484,0.72361,0.63750,0.71250,0.61953,0.70278,0.61016,0.69028,0.65312,0.65000,0.63594,0.65694,0.62813,0.68611,0.62500,0.71250,0.67578,0.65139,0.66016,0.66806,0.65234,0.69861,0.65078,0.72500,0.69922,0.66528,0.68906,0.68333,0.68203,0.71250,0.67812,0.74028,0.71875,0.68889,0.71797,0.70556,0.71484,0.72917,0.71172,0.75139,0.62723,0.70944,0.9998,0.79565,0.86477,0.9801,0.71024,0.78862,0.9933,0.71677,0.66963,0.69688,0.72083,64.34,0.9861,live,0.4000,0.4076,171.03,419.62
167187.400099,120.0,0.4731,2,1,1,0.68281,0.58889,0.70156,0.57222,0.71562,0.54444,0.71719,0.54028,0.71328,0.55694,0.69375,0.49861,0.68828,0.48333,0.68359,0.51528,0.68203,0.54167,0.67109,0.49583,0.66250,0.48194,0.65938,0.51806,0.66172,0.54444,0.65156,0.49722,0.64453,0.48889,0.64219,0.52361,0.64375,0.54722,0.63750,0.50556,0.62891,0.49583,0.62734,0.51667,0.62891,0.53472,0.62051,0.69287,0.9998,0.79018,0.83251,0.9799,0.70377,0.61806,0.9938,0.68886,0.55721,0.68281,0.58889,72.69,0.9700,live,0.4000,0.4068,171.50,421.61
167187.467294,120.0,0.6075,2,1,1,0.70078,0.45556,0.67109,0.44306,0.65078,0.40556,0.64062,0.36944,0.63359,0.33889,0.66641,0.35417,0.65938,0.30694,0.65312,0.28611,0.64922,0.28194,0.68594,0.34583,0.68125,0.29583,0.67656,0.28611,0.67266,0.29306,0.70312,0.35000,0.70078,0.30417,0.69531,0.30417,0.69141,0.31528,0.71953,0.35972,0.71719,0.32361,0.71250,0.32500,0.71016,0.33611,0.61458,0.69212,0.9998,0.78044,0.76833,0.9798,0.70191,0.44843,0.9944,0.69124,0.53688,0.70078,0.45556,76.91,0.8628,live,0.3793,0.2851,121.55,426.39
167187.534720,120.0,0.7424,2,1,1,0.69375,0.36667,0.66484,0.34167,0.65156,0.29722,0.64922,0.25556,0.64219,0.22361,0.66953,0.24583,0.66094,0.19861,0.65234,0.17222,0.64453,0.15139,0.68516,0.24028,0.67891,0.18611,0.66875,0.15417,0.65859,0.13056,0.69922,0.24583,0.69688,0.19306,0.68828,0.16528,0.67812,0.14583,0.71406,0.25972,0.71641,0.21806,0.71172,0.19444,0.70391,0.17778,0.61235,0.67953,0.9998,0.77503,0.70044,0.9805,0.70022,0.35308,0.9949,0.71217,0.60904,0.69375,0.36667,80.79,0.9472,live,0.3615,0.2805,121.55,433.39
167187.600455,120.0,0.8738,2,1,1,0.69141,0.33056,0.66250,0.29583,0.64922,0.25417,0.64687,0.21667,0.63906,0.18889,0.66563,0.20278,0.65469,0.16250,0.64687,0.13750,0.63906,0.11389,0.67969,0.19306,0.67188,0.14444,0.66328,0.11389,0.65469,0.08889,0.69297,0.19306,0.68984,0.14583,0.68125,0.11806,0.67188,0.09583,0.70781,0.20278,0.70859,0.16250,0.70312,0.13889,0.69453,0.12083,0.61124,0.67934,0.9998,0.76780,0.65390,0.9815,0.69677,0.31145,0.9954,0.70802,0.55334,0.69141,0.33056,86.56,0.9367,live,0.3457,0.2739,121.55,443.71
167187.668232,120.0,0.0094,2,2,0,0.68359,0.31667,0.65625,0.28333,0.64375,0.24444,0.64062,0.20833,0.63281,0.18611,0.65781,0.19444,0.64766,0.15694,0.63984,0.13194,0.63203,0.10833,0.67188,0.18472,0.66641,0.14167,0.65938,0.11111,0.65234,0.08611,0.68516,0.18333,0.68203,0.14167,0.67500,0.11250,0.66719,0.08889,0.69922,0.19167,0.70000,0.15278,0.69531,0.12917,0.68750,0.10972,0.60968,0.67741,0.9998,0.76168,0.64686,0.9824,0.69222,0.30316,0.9958,0.70313,0.50601,0.68359,0.31667,83.85,0.9582,live,0.3335,0.2775,125.11,450.84
167187.735501,120.0,0.1439,2,2,0,0.67656,0.30833,0.65078,0.28889,0.63672,0.25000,0.63203,0.21667,0.62344,0.19444,0.65078,0.19583,0.64062,0.15694,0.63203,0.13472,0.62344,0.11667,0.66484,0.18611,0.65703,0.13750,0.64844,0.10972,0.63906,0.09028,0.67812,0.18472,0.67422,0.13611,0.66641,0.11111,0.65703,0.09306,0.69297,0.19167,0.69297,0.15139,0.68828,0.12917,0.67891,0.11250,0.60965,0.67981,0.9998,0.76146,0.64198,0.9820,0.68660,0.31369,0.9962,0.69782,0.46647,0.67656,0.30833,79.35,0.9550,live,0.3335,0.3354,152.21,453.87
167187.801564,120.0,0.2761,2,2,0,0.67344,0.34028,0.64766,0.32083,0.63203,0.28194,0.62734,0.24722,0.61875,0.22222,0.64531,0.22917,0.63516,0.18750,0.62578,0.16389,0.61719,0.14583,0.66016,0.21944,0.65312,0.16944,0.64375,0.14167,0.63438,0.12083,0.67500,0.22083,0.67031,0.17083,0.66250,0.14444,0.65391,0.12222,0.69063,0.22917,0.69063,0.18889,0.68594,0.16528,0.67891,0.14722,0.60930,0.68000,0.9997,0.76136,0.65546,0.9826,0.68171,0.33248,0.9965,0.69294,0.44123,0.67344,0.34028,79.34,0.9698,live,0.3404,0.3718,169.75,456.52
167187.867148,120.0,0.4072,2,2,0,0.67344,0.34028,0.64766,0.32083,0.63203,0.28194,0.62734,0.24722,0.61875,0.22222,0.64531,0.22917,0.63516,0.18750,0.62578,0.16389,0.61719,0.14583,0.66016,0.21944,0.65312,0.16944,0.64375,0.14167,0.63438,0.12083,0.67500,0.22083,0.67031,0.17083,0.66250,0.14444,0.65391,0.12222,0.69063,0.22917,0.69063,0.18889,0.68594,0.16528,0.67891,0.14722,0.60792,0.68076,0.9997,0.76665,0.71664,0.9831,0.67945,0.38049,0.9968,0.69294,0.44123,0.67344,0.34028,79.34,0.5819,hold,0.3404,0.3718,169.75,456.52
167187.933964,120.0,0.5409,2,2,0,0.67578,0.55833,0.64844,0.55694,0.62266,0.52917,0.60547,0.49722,0.59609,0.46667,0.62734,0.47361,0.61953,0.40972,0.61953,0.42500,0.62266,0.45278,0.64687,0.46667,0.63984,0.40139,0.63984,0.42500,0.64062,0.45417,0.66719,0.46667,0.66094,0.40694,0.65938,0.43056,0.66016,0.45694,0.68672,0.47361,0.68125,0.42917,0.67891,0.44722,0.67969,0.46944,0.60746,0.68023,0.9997,0.77235,0.77287,0.9820,0.67440,0.52020,0.9971,0.68815,0.54117,0.67578,0.55833,75.31,0.8866,live,0.3283,0.2734,124.67,455.96
167187.999813,120.0,0.6726,2,2,0,0.67656,0.69306,0.64609,0.70694,0.62187,0.70694,0.60859,0.71389,0.59609,0.73056,0.63828,0.66250,0.62187,0.67778,0.61406,0.71528,0.60703,0.75139,0.66250,0.66528,0.65000,0.68889,0.64141,0.73056,0.63516,0.76944,0.68516,0.67500,0.68047,0.70000,0.67500,0.74306,0.66797,0.78056,0.70547,0.69028,0.71172,0.71528,0.71172,0.75139,0.70781,0.78056,0.61556,0.68894,0.9998,0.78163,0.81932,0.9801,0.67542,0.72584,0.9953,0.68967,0.49160,0.67656,0.69306,51.49,0.9777,live,0.3204,0.2844,124.67,438.32
167188.068735,120.0,0.8104,2,2,0,0.70625,0.78472,0.67344,0.79583,0.64297,0.81389,0.61641,0.82778,0.59453,0.83194,0.64922,0.78889,0.62656,0.82083,0.61328,0.85139,0.60469,0.88194,0.66797,0.79444,0.65000,0.83333,0.63828,0.87361,0.63203,0.90694,0.68906,0.80417,0.68047,0.84306,0.67266,0.88472,0.66719,0.91667,0.70859,0.81806,0.71016,0.85972,0.70703,0.89167,0.70547,0.91667,0.61929,0.69842,0.9998,0.78524,0.88228,0.9798,0.70029,0.83500,0.9951,0.69298,0.55022,0.70625,0.78472,56.40,0.9879,live,0.3154,0.2924,124.67,426.33
167188.134559,120.0,0.9421,2,2,0,0.70234,0.82222,0.66875,0.82500,0.63672,0.84444,0.61016,0.86111,0.58906,0.86250,0.64453,0.82500,0.62109,0.85556,0.60703,0.89028,0.59922,0.92083,0.66406,0.83194,0.64687,0.86944,0.63438,0.91250,0.62813,0.94861,0.68594,0.84444,0.67500,0.88472,0.66563,0.92639,0.66016,0.96111,0.70547,0.86111,0.70547,0.90417,0.70312,0.93889,0.70156,0.96667,0.61941,0.69997,0.9998,0.78465,0.87516,0.9782,0.70161,0.84626,0.9948,0.69486,0.60462,0.70234,0.82222,58.51,0.9788,live,0.3154,0.2988,124.67,417.30
167188.201951,120.0,0.0768,2,1,1,0.70078,0.82222,0.66797,0.82917,0.63672,0.84861,0.61016,0.86528,0.58828,0.86389,0.64062,0.82500,0.61797,0.85972,0.60313,0.89167,0.59375,0.91667,0.66016,0.83056,0.64297,0.86806,0.62969,0.90972,0.62422,0.94444,0.68203,0.84306,0.67344,0.88056,0.66406,0.91944,0.65781,0.95278,0.70391,0.85833,0.70312,0.90139,0.70000,0.93472,0.69844,0.96528,0.61924,0.69972,0.9998,0.78269,0.87104,0.9751,0.70068,0.83837,0.9935,0.69604,0.64814,0.70078,0.82222,60.04,0.9938,live,0.3245,0.3659,150.20,410.45
167188.268985,120.0,0.2109,2,1,1,0.70469,0.78194,0.66797,0.79444,0.63594,0.80972,0.60938,0.81944,0.58828,0.81944,0.64297,0.78611,0.61953,0.80833,0.60625,0.83611,0.59766,0.86528,0.66016,0.79028,0.64297,0.81667,0.62969,0.85278,0.62187,0.88750,0.68203,0.80000,0.67266,0.82778,0.66406,0.86250,0.65781,0.89583,0.70469,0.81389,0.70625,0.84722,0.70391,0.87778,0.70156,0.90833,0.62274,0.70710,0.9998,0.78370,0.87924,0.9733,0.70682,0.82842,0.9927,0.69777,0.67490,0.70469,0.78194,60.22,0.9821,live,0.3411,0.4170,168.70,404.55
167188.332082,120.0,0.3371,2,1,1,0.68125,0.72639,0.64922,0.72361,0.62422,0.70972,0.60625,0.70417,0.59141,0.70694,0.64062,0.65556,0.62187,0.65833,0.61250,0.69306,0.60859,0.72639,0.66406,0.66111,0.64844,0.67083,0.63750,0.70556,0.63281,0.73750,0.68672,0.67778,0.67734,0.68750,0.66875,0.71944,0.66328,0.74722,0.70625,0.70139,0.70781,0.71250,0.70391,0.73750,0.70000,0.75833,0.62284,0.70371,0.9998,0.78573,0.87260,0.9731,0.69831,0.76999,0.9925,0.69447,0.68520,0.68125,0.72639,62.92,0.9622,live,0.3587,0.4388,176.09,401.31
167188.396450,120.0,0.4658,2,1,1,0.68594,0.59583,0.65781,0.59583,0.63359,0.56528,0.61875,0.53056,0.60781,0.50278,0.64141,0.51389,0.63281,0.46389,0.63125,0.46667,0.63359,0.48194,0.65938,0.50694,0.65156,0.45833,0.65000,0.46528,0.65234,0.48194,0.67891,0.50833,0.67266,0.45972,0.67031,0.47361,0.67109,0.49306,0.69844,0.51528,0.69453,0.47917,0.69219,0.49583,0.69219,0.51944,0.60693,0.69803,0.9998,0.77381,0.85656,0.9740,0.68959,0.59550,0.9932,0.68771,0.55210,0.68594,0.59583,71.92,0.6061,live,0.3724,0.4350,176.13,404.93
167188.466394,120.0,0.6057,2,1,1,0.67969,0.47361,0.65078,0.44861,0.63359,0.40556,0.62656,0.36667,0.61875,0.33472,0.65078,0.36111,0.64141,0.31667,0.63281,0.29167,0.62422,0.27083,0.66641,0.35833,0.66094,0.30694,0.65234,0.27778,0.64297,0.25556,0.68203,0.36667,0.68047,0.31944,0.67266,0.29444,0.66328,0.27639,0.69844,0.38472,0.70078,0.34861,0.69844,0.32917,0.69219,0.31389,0.60060,0.69021,0.9998,0.76300,0.77898,0.9747,0.68112,0.45498,0.9938,0.69151,0.64288,0.67969,0.47361,76.36,0.9647,live,0.3667,0.3403,139.99,411.32
167188.535663,120.0,0.7443,2,1,1,0.67344,0.38056,0.64453,0.35972,0.62969,0.31667,0.62656,0.27500,0.61953,0.24444,0.64609,0.26944,0.63828,0.22361,0.63125,0.19583,0.62500,0.17222,0.66250,0.26250,0.65781,0.20972,0.65000,0.17500,0.64141,0.14861,0.67812,0.26528,0.67578,0.21250,0.66953,0.18056,0.66094,0.15556,0.69297,0.27500,0.69453,0.23333,0.69063,0.20694,0.68359,0.18750,0.59958,0.68772,0.9998,0.76027,0.71143,0.9749,0.67498,0.38299,0.9944,0.68790,0.59042,0.67344,0.38056,78.40,0.9126,live,0.3609,0.3346,139.99,418.41
167188.599745,120.0,0.8724,2,1,1,0.67188,0.36528,0.64219,0.32639,0.62813,0.28472,0.62344,0.24306,0.61719,0.21250,0.64297,0.24444,0.63516,0.20694,0.63125,0.18333,0.62734,0.16111,0.65625,0.23611,0.65234,0.19583,0.64844,0.16944,0.64453,0.14722,0.66953,0.23611,0.66797,0.19583,0.66484,0.16667,0.66016,0.14167,0.68359,0.24306,0.68359,0.20417,0.68047,0.18056,0.67656,0.15833,0.59754,0.68573,0.9998,0.74776,0.66640,0.9755,0.67220,0.33900,0.9949,0.68469,0.54539,0.67188,0.36528,82.74,0.9344,live,0.3550,0.3282,140.40,427.77
167188.669295,120.0,0.0115,2,2,0,0.66484,0.33472,0.63594,0.30694,0.62031,0.26667,0.61641,0.22917,0.61172,0.20000,0.63672,0.21528,0.62656,0.17778,0.61875,0.15417,0.61172,0.13194,0.65078,0.20278,0.64375,0.15833,0.63594,0.12917,0.62813,0.10694,0.66406,0.20139,0.66094,0.15694,0.65469,0.12778,0.64687,0.10417,0.67891,0.20833,0.67812,0.17083,0.67422,0.14583,0.66719,0.12500,0.59828,0.68469,0.9998,0.74512,0.64500,0.9752,0.66799,0.32695,0.9954,0.68072,0.50326,0.66484,0.33472,84.23,0.9669,live,0.3458,0.3038,132.80,437.09
167188.735443,120.0,0.1438,2,2,0,0.66094,0.33056,0.63438,0.30833,0.61797,0.26944,0.61250,0.23333,0.60781,0.20556,0.63359,0.21806,0.62266,0.18056,0.61562,0.15694,0.60781,0.13750,0.64766,0.20694,0.64062,0.15972,0.63359,0.13194,0.62500,0.11111,0.66172,0.20556,0.65781,0.15833,0.65156,0.13056,0.64375,0.10972,0.67656,0.21250,0.67578,0.17361,0.67109,0.15000,0.66484,0.12917,0.59828,0.68476,0.9998,0.73966,0.65449,0.9761,0.66825,0.34398,0.9958,0.67677,0.46872,0.66094,0.33056,80.33,0.9580,live,0.3458,0.3575,158.17,442.47
167188.797786,120.0,0.2685,2,2,0,0.66172,0.35000,0.63359,0.33056,0.61797,0.29167,0.61328,0.25417,0.60625,0.22500,0.63359,0.24028,0.62344,0.19861,0.61562,0.17361,0.60859,0.15278,0.64922,0.22917,0.64219,0.17917,0.63438,0.14861,0.62578,0.12500,0.66406,0.22917,0.66094,0.17917,0.65391,0.15000,0.64531,0.12639,0.67891,0.23611,0.67969,0.19583,0.67500,0.17083,0.66719,0.15139,0.59845,0.68571,0.9998,0.74141,0.66729,0.9775,0.66666,0.35699,0.9962,0.67376,0.44497,0.66172,0.35000,79.56,0.9337,live,0.3543,0.3933,175.67,446.66
167188.868195,120.0,0.4093,2,2,0,0.66094,0.39722,0.63203,0.38333,0.61484,0.34722,0.60859,0.30972,0.60156,0.27917,0.63047,0.29444,0.61953,0.24444,0.61172,0.22222,0.60313,0.20556,0.64687,0.28750,0.63984,0.23056,0.63281,0.20278,0.62578,0.18056,0.66328,0.29167,0.65938,0.24028,0.65391,0.21250,0.64766,0.19028,0.68047,0.30417,0.68125,0.26667,0.67812,0.24444,0.67344,0.22500,0.59844,0.68662,0.9998,0.74218,0.71476,0.9782,0.66521,0.38393,0.9965,0.67119,0.43542,0.66094,0.39722,75.14,0.6384,live,0.3642,0.4093,183.03,447.16
167188.935329,120.0,0.5436,2,2,0,0.66719,0.53750,0.63828,0.53333,0.61406,0.50278,0.59922,0.46944,0.59141,0.44028,0.62422,0.44583,0.61719,0.39306,0.61484,0.38889,0.61562,0.40278,0.64219,0.43611,0.63672,0.37917,0.63516,0.38611,0.63594,0.40556,0.66094,0.43750,0.65703,0.38056,0.65391,0.39167,0.65391,0.40972,0.67812,0.44583,0.67656,0.40556,0.67344,0.41389,0.67266,0.43056,0.59689,0.68705,0.9997,0.75211,0.77626,0.9787,0.66491,0.49620,0.9968,0.67039,0.45584,0.66719,0.53750,75.52,0.8783,live,0.3597,0.3389,151.80,447.88
167189.001227,120.0,0.6754,2,2,0,0.67109,0.69444,0.63828,0.70000,0.61250,0.69444,0.59453,0.69306,0.58125,0.69306,0.62656,0.62222,0.61016,0.64444,0.60234,0.67917,0.60078,0.71111,0.65078,0.62361,0.63672,0.65000,0.62813,0.68889,0.62578,0.72222,0.67500,0.63750,0.66641,0.66111,0.66016,0.69722,0.65703,0.73056,0.69531,0.66111,0.69688,0.68472,0.69375,0.71389,0.69063,0.73889,0.60582,0.68714,0.9998,0.77295,0.80669,0.9772,0.67248,0.69822,0.9943,0.67053,0.50356,0.67109,0.69444,66.49,0.9897,live,0.3597,0.3434,151.80,442.01
167189.068939,120.0,0.8108,2,2,0,0.67109,0.69444,0.63828,0.70000,0.61250,0.69444,0.59453,0.69306,0.58125,0.69306,0.62656,0.62222,0.61016,0.64444,0.60234,0.67917,0.60078,0.71111,0.65078,0.62361,0.63672,0.65000,0.62813,0.68889,0.62578,0.72222,0.67500,0.63750,0.66641,0.66111,0.66016,0.69722,0.65703,0.73056,0.69531,0.66111,0.69688,0.68472,0.69375,0.71389,0.69063,0.73889,0.61079,0.69310,0.9998,0.78582,0.86822,0.9775,0.68404,0.79374,0.9941,0.67053,0.50356,0.67109,0.69444,66.49,0.5938,hold,0.3597,0.3434,151.80,442.01
167189.135813,120.0,0.9446,2,2,0,0.70312,0.80139,0.66719,0.80972,0.63672,0.81250,0.61250,0.81806,0.59141,0.81944,0.64375,0.77639,0.62031,0.79861,0.60703,0.82083,0.59688,0.84583,0.66484,0.78472,0.64453,0.80972,0.63125,0.84583,0.62187,0.87917,0.68516,0.80000,0.67422,0.82361,0.66641,0.86111,0.66016,0.89444,0.70391,0.82083,0.70000,0.84306,0.69766,0.87222,0.69531,0.89722,0.61296,0.70090,0.9998,0.78182,0.87847,0.9755,0.69532,0.83603,0.9926,0.67705,0.56313,0.70312,0.80139,56.49,0.9328,live,0.3342,0.2182,93.75,429.64
167189.203833,120.0,0.0806,2,1,1,0.70469,0.79306,0.66875,0.80833,0.63750,0.81528,0.61328,0.81806,0.59453,0.81528,0.64375,0.76944,0.62266,0.79028,0.60781,0.81528,0.59844,0.83889,0.66328,0.77361,0.64531,0.79861,0.63203,0.83333,0.62500,0.86528,0.68594,0.78611,0.67422,0.81667,0.66563,0.85417,0.66094,0.88611,0.70703,0.80556,0.70703,0.84167,0.70312,0.87361,0.70078,0.90278,0.61522,0.70490,0.9998,0.78666,0.87734,0.9747,0.69613,0.82261,0.9918,0.68258,0.60911,0.70469,0.79306,57.30,0.9910,live,0.3282,0.3005,126.03,419.34
167189.268992,120.0,0.2109,2,1,1,0.71016,0.79167,0.67188,0.80556,0.64141,0.80556,0.61953,0.80139,0.60391,0.79306,0.64453,0.74444,0.62500,0.75417,0.61094,0.77500,0.60156,0.80278,0.66328,0.74028,0.64531,0.75556,0.63359,0.79028,0.62813,0.82778,0.68516,0.74861,0.67578,0.77222,0.66875,0.80972,0.66328,0.84583,0.70781,0.76806,0.70859,0.79583,0.70547,0.82778,0.70234,0.85694,0.61505,0.70472,0.9998,0.78509,0.87952,0.9747,0.69525,0.79258,0.9919,0.68809,0.64562,0.71016,0.79167,65.28,0.9904,live,0.3353,0.3678,153.03,416.02
167189.334965,120.0,0.3429,2,1,1,0.68437,0.71389,0.65391,0.71250,0.62891,0.70000,0.61016,0.69583,0.59688,0.69167,0.64609,0.63472,0.62578,0.63472,0.61797,0.66250,0.61172,0.69444,0.66875,0.63889,0.65234,0.64167,0.64062,0.67639,0.63203,0.71667,0.69063,0.65556,0.68047,0.65833,0.67188,0.68889,0.66328,0.72361,0.70937,0.68333,0.71250,0.68889,0.71016,0.71111,0.70469,0.73194,0.61696,0.70389,0.9998,0.78455,0.87183,0.9737,0.69664,0.78534,0.9917,0.68735,0.65928,0.68437,0.71389,64.96,0.9883,live,0.3459,0.3942,162.76,412.87
167189.400688,120.0,0.4743,2,1,1,0.68984,0.57222,0.65938,0.56528,0.63516,0.53472,0.61953,0.50000,0.61250,0.46944,0.64609,0.47083,0.64922,0.41111,0.64844,0.41667,0.64687,0.43472,0.66719,0.46944,0.66563,0.41528,0.66406,0.42500,0.66328,0.44306,0.68672,0.47500,0.68281,0.42639,0.68047,0.43750,0.67891,0.45417,0.70391,0.48611,0.69844,0.44583,0.69531,0.45278,0.69297,0.46806,0.60759,0.69524,0.9998,0.77398,0.84492,0.9747,0.68951,0.57019,0.9925,0.68984,0.57222,0.68984,0.57222,77.71,0.9607,live,0.3537,0.3890,163.09,419.28
167189.467049,120.0,0.6070,2,1,1,0.68047,0.44722,0.65312,0.42222,0.63672,0.37639,0.62969,0.33333,0.62266,0.30000,0.65391,0.33056,0.64609,0.28194,0.63906,0.25417,0.63203,0.23056,0.67031,0.32639,0.66719,0.27222,0.66094,0.23889,0.65312,0.21250,0.68594,0.33472,0.68594,0.28194,0.67891,0.25139,0.67109,0.22917,0.70156,0.35139,0.70547,0.31250,0.70469,0.28750,0.70078,0.26667,0.60309,0.69206,0.9998,0.76567,0.76156,0.9754,0.68372,0.43007,0.9932,0.68597,0.61686,0.68047,0.44722,78.87,0.9795,live,0.3589,0.3831,163.09,425.76
167189.536182,120.0,0.7453,2,1,1,0.68203,0.39028,0.65000,0.34444,0.63672,0.29583,0.63203,0.25278,0.62422,0.21806,0.65156,0.26250,0.64687,0.22222,0.64375,0.19722,0.64141,0.17222,0.66719,0.25694,0.66563,0.21389,0.66328,0.18611,0.66094,0.16250,0.68125,0.25833,0.68125,0.21667,0.67812,0.18472,0.67500,0.15833,0.69688,0.26528,0.69844,0.22361,0.69688,0.19861,0.69531,0.17361,0.60270,0.68694,0.9998,0.76259,0.69578,0.9762,0.68049,0.36319,0.9939,0.68519,0.57155,0.68203,0.39028,86.95,0.8958,live,0.3416,0.2626,114.81,437.27
167189.603284,120.0,0.8795,2,1,1,0.67422,0.34167,0.64531,0.30139,0.63125,0.25833,0.62578,0.21944,0.61875,0.19028,0.64609,0.21250,0.63750,0.17222,0.63125,0.14583,0.62578,0.12083,0.66016,0.20278,0.65625,0.15972,0.65156,0.12917,0.64609,0.10417,0.67422,0.20278,0.67266,0.15972,0.66797,0.12917,0.66250,0.10000,0.68828,0.21250,0.68984,0.17083,0.68828,0.14444,0.68594,0.11806,0.60235,0.68585,0.9998,0.75383,0.64897,0.9766,0.67824,0.31549,0.9945,0.68299,0.52557,0.67422,0.34167,87.51,0.9481,live,0.3194,0.2181,97.65,447.81
167189.668521,120.0,0.0100,2,2,0,0.66797,0.30833,0.64062,0.28472,0.62500,0.24306,0.62031,0.20556,0.61250,0.17917,0.64062,0.19028,0.63125,0.15000,0.62344,0.12500,0.61719,0.10139,0.65547,0.17917,0.64922,0.13056,0.64141,0.10000,0.63281,0.07500,0.67031,0.17917,0.66719,0.12917,0.66094,0.10000,0.65391,0.07500,0.68437,0.18750,0.68594,0.14722,0.68359,0.12222,0.67812,0.09861,0.60304,0.68450,0.9998,0.75218,0.64185,0.9771,0.67697,0.30500,0.9950,0.67999,0.48212,0.66797,0.30833,82.96,0.9502,live,0.3129,0.2834,128.60,453.80
167189.736181,120.0,0.1453,2,2,0,0.66641,0.31111,0.63906,0.28889,0.62344,0.24861,0.61875,0.21250,0.61172,0.18472,0.63906,0.19722,0.62891,0.15694,0.62109,0.13194,0.61406,0.11111,0.65469,0.18750,0.64766,0.13611,0.63984,0.10694,0.63125,0.08194,0.66875,0.18611,0.66563,0.13611,0.65938,0.10694,0.65156,0.08194,0.68359,0.19306,0.68516,0.15278,0.68203,0.12778,0.67656,0.10556,0.60332,0.68017,0.9998,0.75142,0.64678,0.9772,0.67515,0.31547,0.9954,0.67727,0.44792,0.66641,0.31111,81.07,0.9499,live,0.3129,0.3343,153.02,457.72
167189.800521,120.0,0.2740,2,2,0,0.66797,0.33611,0.63984,0.31528,0.62422,0.27361,0.61875,0.23611,0.61172,0.20833,0.63984,0.22083,0.62891,0.17917,0.62109,0.15278,0.61328,0.13056,0.65547,0.21111,0.64922,0.15833,0.64062,0.12778,0.63203,0.10417,0.67031,0.21250,0.66719,0.16111,0.66094,0.13056,0.65312,0.10556,0.68516,0.22222,0.68750,0.18194,0.68437,0.15556,0.67812,0.13333,0.60382,0.68477,0.9998,0.75193,0.65925,0.9778,0.67461,0.33793,0.9958,0.67541,0.42556,0.66797,0.33611,81.20,0.9605,live,0.3226,0.3670,169.29,461.25
167189.870292,120.0,0.4135,2,2,0,0.66719,0.38472,0.63906,0.36944,0.62187,0.32917,0.61406,0.29167,0.60547,0.26250,0.63672,0.28056,0.62578,0.23056,0.61719,0.20972,0.60781,0.19444,0.65391,0.27222,0.64609,0.21528,0.63828,0.18750,0.62969,0.16667,0.67031,0.27639,0.66719,0.22222,0.66094,0.19306,0.65312,0.16944,0.68750,0.28889,0.68906,0.25000,0.68672,0.22639,0.68125,0.20556,0.60392,0.68316,0.9998,0.75724,0.69603,0.9779,0.67298,0.37013,0.9962,0.67377,0.41739,0.66719,0.38472,76.58,0.6644,live,0.3330,0.3804,175.37,461.04
167189.935260,120.0,0.5435,2,2,0,0.67578,0.52361,0.64609,0.51944,0.62187,0.48472,0.60703,0.45000,0.59688,0.41944,0.63125,0.42500,0.62500,0.36250,0.62422,0.36806,0.62656,0.38889,0.65000,0.41806,0.64531,0.35694,0.64375,0.37083,0.64531,0.39306,0.67031,0.42083,0.66641,0.35833,0.66328,0.37639,0.66406,0.39861,0.68984,0.43333,0.68828,0.39028,0.68359,0.40000,0.68281,0.41806,0.60329,0.68243,0.9998,0.76923,0.75460,0.9788,0.67326,0.48652,0.9965,0.68866,0.55206,0.67578,0.52361,79.15,0.5568,live,0.3330,0.3136,145.09,462.70
167190.000269,120.0,0.6735,2,2,0,0.65156,0.67500,0.67109,0.67639,0.68125,0.67500,0.68125,0.68611,0.68047,0.70278,0.66875,0.62639,0.67109,0.66389,0.66641,0.69444,0.66406,0.71389,0.64687,0.62639,0.64453,0.66806,0.64141,0.70000,0.64141,0.71806,0.62813,0.63889,0.62031,0.67222,0.62031,0.70139,0.62109,0.71944,0.61250,0.65833,0.60078,0.69444,0.59688,0.72222,0.59453,0.74306,0.60993,0.68233,0.9998,0.77903,0.76069,0.9783,0.67385,0.68727,0.9929,0.66933,0.46891,0.65156,0.67500,50.96,0.6187,live,0.3330,0.3289,146.00,443.87
167190.069042,120.0,0.8110,2,2,0,0.65156,0.67500,0.67109,0.67639,0.68125,0.67500,0.68125,0.68611,0.68047,0.70278,0.66875,0.62639,0.67109,0.66389,0.66641,0.69444,0.66406,0.71389,0.64687,0.62639,0.64453,0.66806,0.64141,0.70000,0.64141,0.71806,0.62813,0.63889,0.62031,0.67222,0.62031,0.70139,0.62109,0.71944,0.61250,0.65833,0.60078,0.69444,0.59688,0.72222,0.59453,0.74306,0.61016,0.68502,0.9998,0.77882,0.79777,0.9787,0.68262,0.79797,0.9928,0.66933,0.46891,0.65156,0.67500,50.96,0.3712,hold,0.3330,0.3289,146.00,443.87
167190.135739,120.0,0.9444,2,2,0,0.69609,0.81944,0.66719,0.82917,0.63672,0.85556,0.61094,0.87778,0.58984,0.88194,0.64062,0.83056,0.61797,0.87083,0.60625,0.90694,0.60000,0.93333,0.66016,0.84028,0.64219,0.88333,0.63203,0.92500,0.62734,0.95417,0.68047,0.85278,0.67109,0.89444,0.66484,0.93472,0.65938,0.96528,0.70000,0.86944,0.69844,0.91250,0.69688,0.94583,0.69531,0.96944,0.61062,0.68922,0.9998,0.78846,0.82228,0.9779,0.69251,0.83223,0.9911,0.67468,0.53902,0.69609,0.81944,59.29,0.9952,live,0.3203,0.2624,113.72,433.30
167190.202155,120.0,0.0773,2,1,1,0.69688,0.81944,0.66406,0.82639,0.63438,0.85000,0.60859,0.86944,0.58672,0.87083,0.63828,0.82500,0.61719,0.85833,0.60391,0.89444,0.59531,0.92222,0.65781,0.83194,0.64141,0.86389,0.62813,0.90556,0.62109,0.93889,0.67969,0.84306,0.67031,0.87639,0.66172,0.91389,0.65547,0.94583,0.70156,0.85972,0.70000,0.89861,0.69766,0.93056,0.69609,0.95694,0.61052,0.69185,0.9998,0.78736,0.84011,0.9776,0.69120,0.83297,0.9901,0.67912,0.59510,0.69688,0.81944,60.07,0.9976,live,0.3203,0.3070,130.32,424.55
167190.268071,120.0,0.2091,2,1,1,0.69844,0.78056,0.66250,0.79583,0.63203,0.81528,0.60781,0.82917,0.58750,0.82917,0.63750,0.78472,0.61719,0.80972,0.60391,0.84028,0.59531,0.86944,0.65625,0.79167,0.63984,0.81528,0.62656,0.85139,0.61875,0.88472,0.67812,0.80000,0.66875,0.82500,0.65938,0.85694,0.65391,0.89028,0.70078,0.81389,0.70078,0.84444,0.69766,0.87361,0.69609,0.90278,0.61306,0.70058,0.9998,0.79444,0.85196,0.9774,0.69096,0.82076,0.9898,0.68298,0.63219,0.69844,0.78056,60.13,0.9892,live,0.3303,0.3757,156.62,416.90
167190.333916,120.0,0.3408,2,1,1,0.70312,0.79167,0.66719,0.79861,0.62969,0.78056,0.60469,0.76667,0.59062,0.75556,0.63438,0.75139,0.61250,0.72778,0.60547,0.74167,0.60313,0.76667,0.65234,0.75000,0.63828,0.71944,0.62969,0.74444,0.62734,0.77361,0.67344,0.75139,0.66641,0.72917,0.65938,0.75694,0.65469,0.78750,0.69609,0.75972,0.69688,0.75417,0.69609,0.78056,0.69453,0.80833,0.61313,0.70239,0.9998,0.79243,0.84410,0.9779,0.68821,0.79087,0.9900,0.69155,0.59998,0.70312,0.79167,67.04,0.5344,live,0.3339,0.3773,156.62,415.14
167190.406035,120.0,0.4850,2,1,1,0.67031,0.63333,0.63984,0.63333,0.61484,0.61250,0.59922,0.59583,0.59297,0.58056,0.62266,0.54722,0.60938,0.53472,0.60625,0.56528,0.60781,0.59306,0.64219,0.54167,0.63203,0.52222,0.62813,0.55417,0.62813,0.58611,0.66250,0.54861,0.65703,0.52639,0.65234,0.55833,0.64922,0.58750,0.68125,0.56528,0.68359,0.55694,0.68125,0.58056,0.67969,0.60417,0.61296,0.68352,0.9998,0.79086,0.84024,0.9783,0.68094,0.64067,0.9908,0.68045,0.63242,0.67031,0.63333,72.31,0.9659,live,0.3372,0.3756,156.79,417.39
167190.465864,120.0,0.6047,2,1,1,0.67656,0.49861,0.64844,0.49028,0.62734,0.45556,0.61484,0.42500,0.60391,0.40000,0.64062,0.39028,0.63281,0.34583,0.62734,0.32778,0.62344,0.32083,0.65625,0.38333,0.65078,0.33750,0.64609,0.32500,0.64297,0.32361,0.67188,0.38333,0.66797,0.34167,0.66250,0.33194,0.65938,0.33056,0.68672,0.39167,0.68437,0.35417,0.67812,0.34444,0.67500,0.34583,0.60683,0.68409,0.9998,0.77590,0.81267,0.9785,0.68023,0.50792,0.9917,0.67967,0.60566,0.67656,0.49861,78.66,0.6565,live,0.3430,0.3698,156.79,423.93
167190.532959,120.0,0.7389,2,1,1,0.68203,0.44306,0.65156,0.40278,0.63438,0.35833,0.62656,0.31806,0.61953,0.28472,0.64922,0.32500,0.64375,0.28611,0.63984,0.25833,0.63516,0.23472,0.66250,0.31806,0.66016,0.27500,0.65781,0.24444,0.65547,0.22083,0.67578,0.31806,0.67500,0.27500,0.67266,0.24444,0.67031,0.21806,0.69063,0.32500,0.68984,0.28611,0.68906,0.26111,0.68672,0.23889,0.60561,0.68446,0.9998,0.77145,0.75298,0.9791,0.67938,0.40465,0.9925,0.68014,0.57314,0.68203,0.44306,81.73,0.9176,live,0.3314,0.2785,120.30,431.91
167190.599522,120.0,0.8720,2,1,1,0.68437,0.38194,0.65469,0.34167,0.63906,0.29861,0.63047,0.25833,0.62187,0.22500,0.65156,0.26250,0.64297,0.22639,0.63828,0.20278,0.63359,0.18056,0.66484,0.25417,0.66016,0.21528,0.65703,0.18889,0.65391,0.16944,0.67812,0.25278,0.67656,0.21250,0.67344,0.18333,0.67031,0.15694,0.69219,0.25556,0.69297,0.21667,0.69219,0.19167,0.69141,0.16806,0.60568,0.68054,0.9998,0.76036,0.67469,0.9796,0.67894,0.34400,0.9932,0.68099,0.53490,0.68437,0.38194,83.71,0.8909,live,0.3204,0.2703,119.02,440.35
167190.670200,120.0,0.0133,2,2,0,0.68125,0.33889,0.65234,0.30278,0.63594,0.26111,0.62891,0.22500,0.62109,0.19861,0.65000,0.21944,0.63828,0.18194,0.62969,0.15556,0.62266,0.13194,0.66406,0.20694,0.65625,0.16389,0.64922,0.13333,0.64219,0.10694,0.67812,0.20417,0.67422,0.16111,0.66875,0.13056,0.66250,0.10278,0.69219,0.21250,0.69453,0.17361,0.69219,0.14861,0.68828,0.12500,0.60507,0.67924,0.9998,0.75674,0.64596,0.9800,0.67915,0.31945,0.9939,0.68104,0.49570,0.68125,0.33889,84.67,0.9470,live,0.3025,0.2208,99.01,448.47
167190.734904,120.0,0.1427,2,2,0,0.67578,0.31806,0.64844,0.29722,0.63203,0.25972,0.62578,0.22500,0.61797,0.19861,0.64687,0.20972,0.63438,0.17361,0.62578,0.15139,0.61875,0.13194,0.66172,0.19722,0.65234,0.15139,0.64453,0.12500,0.63672,0.10139,0.67578,0.19722,0.67188,0.14861,0.66641,0.12083,0.65938,0.09583,0.68984,0.20556,0.69219,0.16667,0.69063,0.14167,0.68594,0.11944,0.60451,0.67929,0.9998,0.75250,0.64232,0.9809,0.67902,0.31245,0.9945,0.67999,0.46017,0.67578,0.31806,78.31,0.9420,live,0.2977,0.2760,124.48,451.03
167190.802930,120.0,0.2788,2,2,0,0.67500,0.33611,0.64844,0.31806,0.63203,0.27917,0.62578,0.24306,0.61797,0.21528,0.64609,0.22778,0.63359,0.19028,0.62422,0.16806,0.61562,0.15000,0.66094,0.21667,0.65234,0.16944,0.64297,0.14028,0.63438,0.11806,0.67500,0.21667,0.67188,0.16806,0.66641,0.13889,0.65938,0.11389,0.69063,0.22500,0.69297,0.18750,0.69063,0.16389,0.68672,0.14306,0.60315,0.67968,0.9998,0.75124,0.65541,0.9812,0.67804,0.32321,0.9950,0.67899,0.43536,0.67500,0.33611,78.42,0.9613,live,0.2977,0.3132,141.98,453.37
167190.868478,120.0,0.4099,2,2,0,0.67578,0.37639,0.64844,0.36250,0.62969,0.32361,0.62266,0.28750,0.61406,0.25833,0.64375,0.27222,0.63203,0.22917,0.62266,0.20694,0.61328,0.19028,0.66016,0.26111,0.65234,0.20972,0.64297,0.18194,0.63359,0.16111,0.67656,0.26250,0.67266,0.21250,0.66641,0.18333,0.65859,0.15972,0.69297,0.27222,0.69453,0.23472,0.69141,0.20972,0.68594,0.19028,0.60356,0.68376,0.9998,0.75139,0.69043,0.9814,0.67636,0.34057,0.9955,0.67835,0.42356,0.67578,0.37639,78.00,0.9202,live,0.3036,0.3305,150.42,455.13
167190.933411,120.0,0.5398,2,2,0,0.67500,0.48333,0.64844,0.46667,0.62891,0.43333,0.61797,0.40278,0.60859,0.37778,0.64297,0.38750,0.63516,0.34028,0.63125,0.31389,0.62969,0.29583,0.65859,0.38194,0.65469,0.33333,0.65156,0.30417,0.64844,0.28333,0.67500,0.38889,0.67344,0.34444,0.66953,0.31667,0.66484,0.29861,0.69219,0.40417,0.69531,0.37222,0.69297,0.35278,0.68906,0.33889,0.60333,0.68395,0.9998,0.75930,0.76250,0.9814,0.67565,0.44780,0.9959,0.67768,0.43552,0.67500,0.48333,70.36,0.9684,live,0.3090,0.3334,150.44,451.18
167191.003094,120.0,0.6791,2,2,0,0.67266,0.62361,0.68750,0.59861,0.69609,0.56944,0.70312,0.56250,0.70937,0.57778,0.67344,0.56528,0.66875,0.51250,0.67109,0.52917,0.67266,0.55278,0.65312,0.56806,0.64766,0.50972,0.64922,0.52361,0.64922,0.55000,0.63516,0.57222,0.62891,0.51528,0.62969,0.53194,0.62813,0.55833,0.62266,0.57500,0.61328,0.53611,0.61328,0.54861,0.61172,0.57083,0.60456,0.68305,0.9998,0.76804,0.81654,0.9815,0.67569,0.61021,0.9962,0.67667,0.47314,0.67266,0.62361,56.88,0.9360,live,0.3152,0.3436,150.48,437.99
167191.070080,120.0,0.8131,2,2,0,0.68203,0.74028,0.65000,0.74583,0.62578,0.73333,0.60859,0.72917,0.59688,0.72639,0.63906,0.67222,0.62109,0.67222,0.61406,0.69583,0.60859,0.72222,0.65938,0.66944,0.64453,0.67222,0.63516,0.69861,0.62734,0.72500,0.68047,0.68056,0.67422,0.68333,0.66953,0.70833,0.66406,0.73472,0.70000,0.70417,0.70781,0.70833,0.70859,0.72778,0.70703,0.74583,0.61243,0.69025,0.9998,0.77670,0.84952,0.9806,0.67911,0.73676,0.9948,0.67775,0.52656,0.68203,0.74028,62.09,0.9761,live,0.3036,0.2507,107.84,430.13
167191.136232,120.0,0.9454,2,2,0,0.69688,0.77917,0.66484,0.77917,0.63672,0.76944,0.61641,0.76528,0.59766,0.75972,0.65234,0.71250,0.62656,0.72361,0.61328,0.74444,0.60234,0.76806,0.67188,0.71806,0.65156,0.72639,0.63906,0.75417,0.63047,0.78056,0.69219,0.73611,0.68203,0.73611,0.67109,0.76389,0.66328,0.79306,0.70937,0.76389,0.71016,0.76667,0.70625,0.78472,0.70156,0.80139,0.61285,0.69674,0.9998,0.78580,0.88013,0.9808,0.68444,0.79485,0.9944,0.68157,0.57709,0.69688,0.77917,57.55,0.9921,live,0.2964,0.2636,110.71,419.95
167191.201726,120.0,0.0764,2,1,1,0.69766,0.79722,0.66953,0.79722,0.64766,0.79028,0.63203,0.79028,0.62187,0.78889,0.65156,0.72500,0.62578,0.73611,0.61094,0.75278,0.59766,0.77500,0.66953,0.72639,0.64609,0.73056,0.62734,0.75139,0.61328,0.77639,0.68984,0.74167,0.67969,0.74167,0.66953,0.76806,0.66094,0.79583,0.70859,0.76806,0.70781,0.77222,0.70391,0.79444,0.70000,0.81389,0.61145,0.69747,0.9998,0.78405,0.88190,0.9805,0.68985,0.79615,0.9943,0.68479,0.62111,0.69766,0.79722,61.40,0.9982,live,0.3051,0.3447,142.61,413.77
167191.267982,120.0,0.2089,2,1,1,0.69063,0.78750,0.66016,0.78611,0.63672,0.76944,0.61719,0.76250,0.59922,0.75417,0.64922,0.71111,0.62500,0.71944,0.61016,0.73611,0.59766,0.75833,0.66797,0.71111,0.64609,0.71528,0.62813,0.73750,0.61406,0.76250,0.68750,0.72639,0.67578,0.72639,0.66406,0.75139,0.65547,0.77778,0.70625,0.75139,0.70703,0.75694,0.70391,0.77639,0.70078,0.79444,0.61232,0.69816,0.9998,0.78398,0.87570,0.9797,0.68861,0.78642,0.9940,0.68596,0.65439,0.69063,0.78750,62.48,0.9976,live,0.3235,0.4073,166.62,409.10
167191.334462,120.0,0.3419,2,1,1,0.69922,0.75139,0.66484,0.73750,0.63984,0.72222,0.62031,0.71111,0.60469,0.69722,0.64844,0.66111,0.62734,0.66250,0.61406,0.67778,0.60469,0.69722,0.66328,0.65417,0.64141,0.65139,0.62656,0.66667,0.61641,0.69028,0.67891,0.65972,0.66172,0.65694,0.64844,0.66806,0.63984,0.68889,0.69531,0.67639,0.68516,0.67361,0.67734,0.68333,0.67031,0.70000,0.61664,0.69659,0.9998,0.78354,0.86970,0.9784,0.69073,0.75474,0.9931,0.68861,0.67379,0.69922,0.75139,72.73,0.9810,live,0.3442,0.4385,180.81,412.37
167191.403691,120.0,0.4803,2,1,1,0.69141,0.61667,0.66094,0.60694,0.63594,0.57639,0.61875,0.54306,0.60781,0.52083,0.64453,0.51250,0.64687,0.45972,0.64922,0.47500,0.64922,0.50000,0.66719,0.50972,0.66563,0.45833,0.66641,0.47778,0.66563,0.50278,0.68906,0.51528,0.68672,0.46667,0.68594,0.48472,0.68594,0.50833,0.70937,0.52639,0.70859,0.49167,0.70703,0.50556,0.70703,0.52361,0.60894,0.69460,0.9999,0.78308,0.85096,0.9782,0.69096,0.63663,0.9937,0.69141,0.61667,0.69141,0.61667,82.90,0.9488,live,0.3594,0.4287,181.15,422.58
167191.471929,120.0,0.6168,2,1,1,0.68516,0.47639,0.65703,0.45278,0.63984,0.41250,0.63125,0.37778,0.62344,0.34861,0.65781,0.37083,0.64844,0.32639,0.64141,0.30000,0.63359,0.27917,0.67500,0.36667,0.67188,0.31806,0.66484,0.28750,0.65625,0.26389,0.69219,0.37500,0.69297,0.32917,0.68828,0.30139,0.68281,0.27778,0.70859,0.39306,0.71406,0.35833,0.71406,0.33472,0.71172,0.31528,0.60561,0.69425,0.9998,0.77097,0.79005,0.9784,0.69101,0.47531,0.9943,0.68792,0.63431,0.68516,0.47639,74.44,0.9854,live,0.3677,0.4056,172.59,425.46
167191.532956,120.0,0.7389,2,1,1,0.68984,0.41528,0.65781,0.36944,0.64297,0.32361,0.63672,0.28472,0.63203,0.25417,0.66484,0.31667,0.65938,0.27500,0.65547,0.25139,0.65156,0.22917,0.67812,0.31111,0.67578,0.27083,0.67188,0.24583,0.66719,0.22500,0.69141,0.30972,0.69063,0.26944,0.68672,0.24306,0.68281,0.21944,0.70469,0.31111,0.70703,0.27222,0.70703,0.24861,0.70703,0.22917,0.60265,0.68969,0.9998,0.76488,0.70326,0.9789,0.68938,0.35999,0.9948,0.68830,0.59050,0.68984,0.41528,70.72,0.6720,live,0.3746,0.4058,172.59,425.33
167191.601301,120.0,0.8755,2,1,1,0.67578,0.30000,0.64844,0.28194,0.63359,0.24028,0.63047,0.20278,0.62422,0.17361,0.65078,0.19028,0.64219,0.14861,0.63516,0.12222,0.62813,0.10139,0.66797,0.18194,0.66328,0.13194,0.65547,0.10000,0.64766,0.07222,0.68437,0.18472,0.68281,0.13472,0.67656,0.10278,0.66953,0.07500,0.69922,0.19583,0.70234,0.15694,0.70078,0.13056,0.69609,0.10694,0.60097,0.68037,0.9998,0.75259,0.64717,0.9798,0.68296,0.30822,0.9953,0.68580,0.53240,0.67578,0.30000,78.43,0.9428,live,0.3680,0.3382,145.70,430.76
167191.669830,120.0,0.0126,2,2,0,0.67109,0.28611,0.64453,0.26806,0.62969,0.22917,0.62500,0.19306,0.61797,0.16528,0.64531,0.17917,0.63516,0.14028,0.62813,0.11528,0.62266,0.09167,0.66094,0.16806,0.65391,0.12083,0.64687,0.09167,0.63984,0.06806,0.67578,0.16667,0.67188,0.11806,0.66719,0.08889,0.66094,0.06389,0.69063,0.17500,0.69219,0.13611,0.68984,0.11111,0.68594,0.08889,0.60111,0.68048,0.9998,0.74916,0.61975,0.9799,0.67852,0.28313,0.9957,0.68286,0.48314,0.67109,0.28611,77.91,0.9617,live,0.3590,0.3180,138.37,435.17
167191.737960,120.0,0.1489,2,2,0,0.67266,0.29583,0.64453,0.27083,0.62969,0.23472,0.62500,0.20000,0.61875,0.17361,0.64375,0.19444,0.63516,0.16250,0.62969,0.14028,0.62500,0.11806,0.65859,0.18472,0.65312,0.14861,0.64844,0.12361,0.64453,0.10139,0.67266,0.18194,0.66953,0.14722,0.66641,0.11944,0.66250,0.09583,0.68750,0.18611,0.68750,0.15000,0.68594,0.12639,0.68281,0.10278,0.60056,0.67769,0.9998,0.74563,0.61318,0.9797,0.67618,0.28842,0.9961,0.68082,0.44568,0.67266,0.29583,75.35,0.9422,live,0.3590,0.3769,164.80,437.20
167191.803733,120.0,0.2804,2,2,0,0.67109,0.30417,0.64531,0.29167,0.62969,0.25417,0.62422,0.21944,0.61797,0.19306,0.64453,0.20694,0.63359,0.16806,0.62578,0.14444,0.62031,0.12361,0.65938,0.19583,0.65156,0.15000,0.64453,0.12083,0.63750,0.09722,0.67422,0.19444,0.67031,0.14722,0.66484,0.11806,0.65781,0.09583,0.68906,0.20000,0.68984,0.16111,0.68750,0.13750,0.68203,0.11806,0.60035,0.68044,0.9998,0.74705,0.62895,0.9798,0.67547,0.30539,0.9965,0.67887,0.41738,0.67109,0.30417,73.23,0.9221,live,0.3706,0.4236,185.31,437.46
167191.872022,120.0,0.4170,2,2,0,0.67266,0.34722,0.64687,0.33750,0.62969,0.30139,0.62344,0.26528,0.61641,0.23611,0.64375,0.25000,0.63281,0.20833,0.62578,0.18472,0.61797,0.16667,0.65938,0.23889,0.65234,0.18889,0.64453,0.15972,0.63672,0.13889,0.67578,0.23889,0.67109,0.18889,0.66484,0.16111,0.65859,0.13889,0.69141,0.24722,0.69219,0.20833,0.68906,0.18472,0.68281,0.16528,0.60249,0.68313,0.9998,0.75524,0.65449,0.9799,0.67559,0.32073,0.9968,0.67763,0.40335,0.67266,0.34722,73.98,0.9048,live,0.3842,0.4461,195.52,438.23
167191.934485,120.0,0.5419,2,2,0,0.68437,0.46250,0.65469,0.44583,0.63438,0.40972,0.62500,0.37361,0.61562,0.34444,0.64687,0.36667,0.63516,0.32222,0.62578,0.29861,0.61797,0.27917,0.66406,0.36111,0.65625,0.31111,0.64922,0.28194,0.64297,0.25833,0.68047,0.36528,0.67656,0.32361,0.67109,0.29722,0.66484,0.27778,0.69766,0.37778,0.69922,0.34306,0.69766,0.32222,0.69453,0.30556,0.60364,0.68314,0.9998,0.76965,0.73495,0.9807,0.68034,0.42062,0.9971,0.67898,0.41518,0.68437,0.46250,72.59,0.9043,live,0.3842,0.3819,167.22,437.91
167192.000420,120.0,0.6738,2,2,0,0.69453,0.62083,0.66953,0.61806,0.64453,0.58750,0.62969,0.55417,0.62344,0.52500,0.64453,0.54444,0.63594,0.49028,0.63984,0.51528,0.64531,0.53889,0.65781,0.53750,0.65078,0.48194,0.65391,0.50833,0.65703,0.53472,0.67266,0.53333,0.66484,0.48056,0.66719,0.50556,0.66953,0.53056,0.68984,0.53056,0.68203,0.48889,0.68125,0.50972,0.68281,0.53194,0.60513,0.68288,0.9998,0.78086,0.80035,0.9805,0.68710,0.60365,0.9972,0.69203,0.61750,0.69453,0.62083,71.18,0.7334,live,0.3842,0.3832,167.31,436.61
167192.067904,120.0,0.8087,2,2,0,0.69453,0.76667,0.66953,0.75833,0.64922,0.73472,0.63438,0.71667,0.62109,0.70417,0.66641,0.67639,0.64922,0.67500,0.64141,0.70139,0.63750,0.72639,0.68828,0.68056,0.67422,0.68889,0.66563,0.71944,0.66094,0.75000,0.70859,0.69722,0.70156,0.70556,0.69375,0.73472,0.68750,0.76250,0.72500,0.72222,0.72734,0.73194,0.72656,0.75556,0.72422,0.77500,0.60652,0.68721,0.9998,0.78355,0.81603,0.9805,0.70350,0.75005,0.9965,0.68209,0.48548,0.69453,0.76667,67.30,0.9893,live,0.3842,0.3867,167.31,432.68
167192.138226,120.0,0.9494,2,2,0,0.70469,0.80556,0.68125,0.80139,0.65703,0.78472,0.63828,0.77639,0.62422,0.76944,0.68125,0.73333,0.65781,0.73333,0.64219,0.75278,0.62969,0.77361,0.70078,0.74167,0.67891,0.74444,0.66250,0.77361,0.65312,0.80139,0.71875,0.76250,0.70547,0.76389,0.69141,0.79583,0.68125,0.82361,0.73359,0.78889,0.73125,0.79722,0.72578,0.81944,0.72109,0.83750,0.60835,0.69210,0.9998,0.79082,0.87223,0.9790,0.71062,0.81442,0.9955,0.68661,0.54949,0.70469,0.80556,55.81,0.9885,live,0.3842,0.3689,155.29,420.94
167192.204156,120.0,0.0813,2,1,1,0.70859,0.84167,0.67969,0.83333,0.65391,0.80417,0.63359,0.78750,0.61953,0.77500,0.67422,0.75694,0.65391,0.74861,0.63906,0.76667,0.62578,0.78750,0.69531,0.76250,0.67578,0.75833,0.66016,0.78750,0.65078,0.81528,0.71484,0.78056,0.70234,0.77778,0.68906,0.80694,0.67891,0.83611,0.72969,0.80833,0.72969,0.81111,0.72422,0.83472,0.71875,0.85556,0.61043,0.69904,0.9999,0.80005,0.89382,0.9786,0.71207,0.83162,0.9948,0.69101,0.60793,0.70859,0.84167,62.72,0.9966,live,0.3842,0.3737,155.29,415.58
167192.272399,120.0,0.2177,2,1,1,0.71953,0.84306,0.68516,0.83472,0.65781,0.80972,0.63672,0.79444,0.61797,0.77917,0.67500,0.75278,0.64844,0.75139,0.63438,0.76944,0.62187,0.79444,0.69531,0.75972,0.67266,0.75833,0.65625,0.78750,0.64453,0.81806,0.71406,0.77917,0.69922,0.78056,0.68516,0.80972,0.67578,0.83750,0.72891,0.80833,0.72344,0.81944,0.71875,0.84306,0.71562,0.86250,0.61125,0.70821,0.9999,0.80207,0.89761,0.9789,0.71146,0.82774,0.9943,0.69671,0.65495,0.71953,0.84306,65.37,0.9960,live,0.3948,0.4428,182.79,412.78
167192.334336,120.0,0.3416,2,1,1,0.71328,0.81806,0.67812,0.80833,0.65156,0.77917,0.63281,0.75278,0.61562,0.73194,0.66953,0.71389,0.64844,0.71528,0.63281,0.72778,0.61953,0.74444,0.68672,0.71528,0.66484,0.71667,0.64687,0.73611,0.63516,0.75972,0.70469,0.73194,0.69297,0.73611,0.67969,0.75972,0.66953,0.78611,0.72188,0.75972,0.71953,0.76806,0.71328,0.78750,0.70781,0.80556,0.61290,0.70769,0.9999,0.79842,0.88494,0.9787,0.70231,0.79355,0.9937,0.70002,0.68757,0.71328,0.81806,73.28,0.9988,live,0.4131,0.4967,206.64,416.01
167192.403994,120.0,0.4809,2,1,1,0.69063,0.67778,0.66406,0.67639,0.64297,0.65278,0.62969,0.63194,0.61797,0.61250,0.65781,0.59167,0.64922,0.57083,0.64297,0.59167,0.63828,0.61806,0.67500,0.58889,0.66719,0.56806,0.65859,0.59167,0.65391,0.61944,0.69297,0.59861,0.68906,0.57917,0.68125,0.60278,0.67578,0.63056,0.71094,0.61806,0.71328,0.60000,0.71016,0.62222,0.70703,0.64861,0.61341,0.69171,0.9999,0.79328,0.87174,0.9788,0.70279,0.70759,0.9939,0.69814,0.68561,0.69063,0.67778,65.70,0.8010,live,0.4287,0.4999,206.64,413.39
167192.470824,120.0,0.6146,2,1,1,0.70078,0.53889,0.67188,0.52639,0.65000,0.49028,0.63750,0.45556,0.62813,0.42639,0.66406,0.43194,0.65625,0.38056,0.65078,0.38056,0.64922,0.39444,0.68203,0.42500,0.67578,0.37778,0.67109,0.38194,0.67031,0.39583,0.70078,0.42639,0.69688,0.38611,0.69219,0.39444,0.68984,0.40972,0.71797,0.43472,0.71641,0.39861,0.71172,0.40417,0.71016,0.41806,0.61088,0.69132,0.9999,0.78955,0.80324,0.9795,0.70285,0.53527,0.9944,0.69378,0.60178,0.70078,0.53889,80.71,0.6097,live,0.4397,0.4898,206.64,421.90
167192.536193,120.0,0.7453,2,1,1,0.69453,0.41528,0.66641,0.38889,0.65000,0.34583,0.64453,0.30417,0.63672,0.27083,0.66641,0.30000,0.65781,0.25278,0.65078,0.22361,0.64297,0.20139,0.68359,0.29583,0.67969,0.24306,0.67188,0.20972,0.66328,0.18333,0.70000,0.30139,0.70000,0.25000,0.69453,0.22083,0.68750,0.19722,0.71562,0.31667,0.72031,0.27778,0.71875,0.25139,0.71406,0.23056,0.60951,0.68416,0.9999,0.78507,0.72968,0.9804,0.70276,0.40989,0.9950,0.69742,0.63155,0.69453,0.41528,79.42,0.9130,live,0.4225,0.3438,147.31,428.45
167192.602501,120.0,0.8779,2,1,1,0.69453,0.36389,0.66484,0.32222,0.65078,0.27778,0.64609,0.23611,0.63906,0.20278,0.66563,0.23750,0.65703,0.19722,0.65312,0.17222,0.64922,0.14722,0.68047,0.22917,0.67734,0.18611,0.67344,0.15694,0.67031,0.13472,0.69453,0.22917,0.69375,0.18750,0.68984,0.15694,0.68594,0.13194,0.70937,0.23750,0.71094,0.19722,0.70859,0.17222,0.70547,0.14861,0.60925,0.68103,0.9999,0.77806,0.67014,0.9811,0.69852,0.33738,0.9954,0.69684,0.57802,0.69453,0.36389,86.46,0.9017,live,0.4068,0.3353,147.31,439.29
167192.669080,120.0,0.0111,2,2,0,0.68672,0.32361,0.65859,0.28611,0.64375,0.24306,0.63906,0.20694,0.63203,0.17778,0.65859,0.19722,0.65000,0.15833,0.64219,0.13194,0.63594,0.10694,0.67344,0.18750,0.66719,0.14028,0.65938,0.10833,0.65156,0.07917,0.68750,0.18611,0.68516,0.14028,0.67969,0.10694,0.67188,0.07917,0.70234,0.19583,0.70391,0.15556,0.70156,0.12917,0.69609,0.10556,0.60901,0.67947,0.9999,0.76817,0.63688,0.9817,0.69159,0.29664,0.9959,0.69482,0.52713,0.68672,0.32361,86.87,0.9284,live,0.3804,0.2600,116.79,449.13
167192.737346,120.0,0.1476,2,2,0,0.67969,0.30000,0.65391,0.27778,0.63828,0.23889,0.63359,0.20417,0.62578,0.17778,0.65312,0.18889,0.64297,0.15000,0.63516,0.12639,0.62891,0.10694,0.66797,0.17778,0.66016,0.13056,0.65312,0.10278,0.64609,0.08056,0.68203,0.17778,0.67812,0.12917,0.67188,0.10139,0.66563,0.07778,0.69609,0.18611,0.69766,0.14722,0.69453,0.12222,0.68984,0.10139,0.60905,0.67943,0.9999,0.76679,0.63190,0.9820,0.68660,0.29584,0.9963,0.69179,0.48171,0.67969,0.30000,78.97,0.9255,live,0.3713,0.3301,149.21,452.09
167192.802654,120.0,0.2782,2,2,0,0.67812,0.31389,0.65156,0.29306,0.63594,0.25556,0.63047,0.22083,0.62344,0.19444,0.65000,0.20556,0.63906,0.16667,0.63203,0.14167,0.62500,0.12222,0.66484,0.19444,0.65859,0.14583,0.65078,0.11667,0.64297,0.09444,0.67969,0.19444,0.67734,0.14583,0.67188,0.11667,0.66406,0.09444,0.69453,0.20278,0.69688,0.16389,0.69375,0.13750,0.68906,0.11667,0.60614,0.67822,0.9999,0.76625,0.63487,0.9825,0.68324,0.30417,0.9966,0.68906,0.44814,0.67812,0.31389,78.33,0.9433,live,0.3713,0.3808,172.96,454.23
167192.872636,120.0,0.4182,2,2,0,0.67812,0.35556,0.65078,0.34306,0.63359,0.30556,0.62734,0.26806,0.61953,0.23750,0.64844,0.25139,0.63750,0.20694,0.62969,0.18333,0.62187,0.16389,0.66484,0.24028,0.65781,0.18750,0.64922,0.15972,0.64062,0.13750,0.68047,0.24167,0.67656,0.19028,0.67031,0.16111,0.66328,0.13889,0.69688,0.25139,0.69766,0.21250,0.69297,0.18750,0.68750,0.16806,0.60584,0.68144,0.9999,0.76644,0.66761,0.9824,0.67943,0.33303,0.9969,0.68687,0.42963,0.67812,0.35556,77.39,0.9178,live,0.3782,0.4095,186.48,455.44
167192.936185,120.0,0.5453,2,2,0,0.68125,0.49028,0.65391,0.47500,0.63438,0.44028,0.62344,0.40972,0.61562,0.38194,0.64609,0.39028,0.63828,0.34722,0.63359,0.31944,0.63125,0.29722,0.66172,0.38611,0.65547,0.33750,0.65078,0.30833,0.64766,0.28472,0.67812,0.39028,0.67422,0.34722,0.67031,0.32083,0.66641,0.30000,0.69531,0.40417,0.69688,0.37222,0.69453,0.35139,0.69141,0.33611,0.60585,0.68366,0.9998,0.77283,0.75079,0.9826,0.68090,0.45687,0.9972,0.68575,0.44176,0.68125,0.49028,73.08,0.9646,live,0.3835,0.4080,184.99,453.41
167193.002922,120.0,0.6788,2,2,0,0.65703,0.65139,0.68047,0.65139,0.70078,0.63889,0.71406,0.65000,0.71641,0.66944,0.68203,0.57778,0.68437,0.57917,0.68437,0.62500,0.68437,0.65694,0.65703,0.57639,0.65703,0.56806,0.65859,0.61806,0.66016,0.65139,0.63594,0.58333,0.63594,0.57778,0.63828,0.62083,0.64062,0.65000,0.61953,0.59583,0.61719,0.59167,0.61953,0.62083,0.62266,0.64306,0.60542,0.67933,0.9999,0.78279,0.75451,0.9830,0.69047,0.66231,0.9966,0.68643,0.61170,0.65703,0.65139,64.86,0.9713,live,0.3892,0.4151,184.99,445.70
167193.068450,120.0,0.8098,2,2,0,0.71719,0.75694,0.68516,0.77361,0.65547,0.79028,0.63281,0.80000,0.61562,0.79722,0.66328,0.75694,0.64453,0.77361,0.63516,0.80000,0.62813,0.82778,0.68203,0.76250,0.66953,0.78611,0.66016,0.81806,0.65469,0.84861,0.70234,0.77083,0.69766,0.80000,0.69375,0.83472,0.68828,0.86389,0.72031,0.78472,0.72266,0.81806,0.72188,0.84583,0.72031,0.86944,0.60544,0.69413,0.9999,0.78578,0.79515,0.9825,0.71037,0.79153,0.9961,0.69204,0.50479,0.71719,0.75694,52.57,0.9831,live,0.3803,0.3398,146.15,430.06
167193.137772,120.0,0.9485,2,2,0,0.72109,0.80694,0.68750,0.81806,0.65703,0.83472,0.63203,0.84583,0.61328,0.84306,0.66250,0.80556,0.64219,0.82778,0.62813,0.85556,0.61875,0.88194,0.68203,0.81250,0.66563,0.83889,0.65312,0.87500,0.64687,0.90556,0.70234,0.82222,0.69219,0.85556,0.68359,0.89306,0.67734,0.92361,0.72031,0.83611,0.71875,0.87361,0.71562,0.90417,0.71406,0.93056,0.60650,0.69515,0.9999,0.78769,0.83453,0.9799,0.71742,0.81807,0.9948,0.69785,0.56522,0.72109,0.80694,55.85,0.9541,live,0.3686,0.3153,132.00,418.66
167193.201825,120.0,0.0766,2,1,1,0.71406,0.83750,0.67969,0.84583,0.65000,0.85972,0.62422,0.86806,0.60469,0.86667,0.65547,0.82500,0.63359,0.84306,0.61953,0.87222,0.60938,0.89722,0.67422,0.83056,0.65781,0.85139,0.64375,0.89028,0.63672,0.92083,0.69531,0.84444,0.68516,0.86944,0.67422,0.90833,0.66719,0.93889,0.71641,0.86250,0.71406,0.89583,0.70781,0.92778,0.70312,0.95417,0.60190,0.69504,0.9999,0.78722,0.82673,0.9791,0.71524,0.81930,0.9941,0.70109,0.61968,0.71406,0.83750,56.89,0.9683,live,0.3631,0.3377,138.24,409.39
167193.268612,120.0,0.2102,2,1,1,0.71328,0.82917,0.67969,0.84583,0.64766,0.85833,0.62266,0.86111,0.60313,0.85694,0.65156,0.81389,0.63203,0.83194,0.61719,0.85833,0.60703,0.88333,0.66953,0.81667,0.65391,0.83889,0.64141,0.87500,0.63438,0.90972,0.69063,0.82917,0.67969,0.85556,0.67031,0.89306,0.66484,0.92500,0.71172,0.84583,0.70781,0.87917,0.70234,0.91111,0.70000,0.94028,0.60183,0.69609,0.9999,0.78694,0.83748,0.9794,0.71353,0.82408,0.9940,0.70353,0.66158,0.71328,0.82917,57.25,0.9905,live,0.3733,0.4198,168.55,401.48
167193.338085,120.0,0.3491,2,1,1,0.70547,0.79444,0.66719,0.81667,0.63750,0.81806,0.61562,0.81250,0.59922,0.81111,0.64453,0.77083,0.62578,0.77083,0.61328,0.79444,0.60547,0.82361,0.66172,0.77361,0.64844,0.77917,0.63672,0.81528,0.63203,0.85000,0.68203,0.78194,0.67500,0.79444,0.66563,0.82917,0.66016,0.85972,0.70234,0.79722,0.70391,0.82083,0.70078,0.85000,0.69844,0.87500,0.60449,0.69195,0.9998,0.78529,0.83164,0.9783,0.70099,0.80839,0.9927,0.70392,0.68815,0.70547,0.79444,54.67,0.9747,live,0.3921,0.4777,187.58,392.67
167193.400375,120.0,0.4737,2,1,1,0.67266,0.72917,0.64375,0.72917,0.62187,0.70694,0.60703,0.69028,0.59375,0.67778,0.63047,0.63194,0.61406,0.62500,0.60938,0.65278,0.60703,0.68333,0.65078,0.62917,0.63984,0.62083,0.63125,0.65278,0.62578,0.68750,0.67344,0.64167,0.66797,0.63194,0.66016,0.66111,0.65391,0.69028,0.69453,0.66667,0.69844,0.67083,0.69531,0.69444,0.69063,0.71389,0.60651,0.69024,0.9999,0.78520,0.81580,0.9780,0.67981,0.73091,0.9920,0.69766,0.69635,0.67266,0.72917,76.10,0.9910,live,0.4085,0.4832,193.45,400.34
167193.470915,120.0,0.6148,2,1,1,0.67812,0.55278,0.64766,0.55139,0.62422,0.52083,0.60938,0.48750,0.59922,0.45972,0.63594,0.45417,0.63203,0.40000,0.62969,0.40694,0.63047,0.42639,0.65391,0.44722,0.64922,0.39583,0.64766,0.40694,0.64844,0.42500,0.67266,0.45000,0.66797,0.39722,0.66484,0.41111,0.66484,0.43056,0.68906,0.45972,0.68672,0.41944,0.68203,0.42917,0.68047,0.44583,0.60216,0.69037,0.9999,0.77625,0.79274,0.9783,0.67628,0.55951,0.9927,0.68477,0.59992,0.67812,0.55278,76.96,0.8157,live,0.4204,0.4749,193.60,407.71
167193.535585,120.0,0.7441,2,1,1,0.67188,0.42778,0.64453,0.40694,0.62656,0.36389,0.61953,0.32500,0.61172,0.29444,0.64297,0.31944,0.63438,0.27361,0.62656,0.24722,0.61875,0.22500,0.65938,0.31528,0.65469,0.26389,0.64844,0.23194,0.64219,0.20556,0.67500,0.32222,0.67422,0.27361,0.66953,0.24583,0.66328,0.22222,0.69141,0.33750,0.69531,0.30000,0.69453,0.27500,0.69141,0.25417,0.60260,0.68056,0.9998,0.77219,0.72005,0.9792,0.67275,0.42963,0.9934,0.69251,0.64264,0.67188,0.42778,75.47,0.9729,live,0.4253,0.4477,184.94,413.12
167193.603844,120.0,0.8806,2,1,1,0.67969,0.37361,0.64844,0.33194,0.63359,0.28611,0.62891,0.24306,0.62187,0.20833,0.65000,0.25278,0.64375,0.21528,0.64062,0.19028,0.63750,0.16667,0.66484,0.24722,0.66250,0.20694,0.66094,0.17917,0.65938,0.15833,0.67891,0.24583,0.67812,0.20833,0.67656,0.17778,0.67422,0.15000,0.69297,0.25278,0.69453,0.21389,0.69453,0.18889,0.69375,0.16528,0.60180,0.67092,0.9998,0.75967,0.66512,0.9795,0.67249,0.33421,0.9940,0.68994,0.58883,0.67969,0.37361,82.89,0.8557,live,0.4083,0.3310,140.08,423.23
167193.671599,120.0,0.0161,2,2,0,0.67734,0.32361,0.64687,0.28194,0.63281,0.23889,0.62813,0.19861,0.62187,0.16667,0.64844,0.19861,0.64219,0.16111,0.63828,0.13611,0.63516,0.11250,0.66328,0.19167,0.65938,0.15139,0.65703,0.12361,0.65391,0.10139,0.67734,0.19167,0.67578,0.15139,0.67266,0.12222,0.66953,0.09722,0.69219,0.19861,0.69297,0.15833,0.69063,0.13472,0.68828,0.11111,0.60185,0.67027,0.9998,0.75520,0.63036,0.9804,0.67356,0.29851,0.9946,0.68742,0.53579,0.67734,0.32361,85.50,0.9377,live,0.3839,0.2723,118.18,434.00
167193.735574,120.0,0.1441,2,2,0,0.67109,0.29306,0.64297,0.26528,0.62813,0.22500,0.62422,0.18472,0.61797,0.15556,0.64375,0.17361,0.63516,0.13333,0.62891,0.10694,0.62344,0.08333,0.65938,0.16250,0.65312,0.11667,0.64687,0.08750,0.63984,0.06250,0.67344,0.16389,0.67109,0.11528,0.66641,0.08750,0.66016,0.06250,0.68906,0.17361,0.69063,0.13611,0.68828,0.11111,0.68437,0.08750,0.60186,0.67051,0.9998,0.75111,0.61426,0.9807,0.67388,0.28945,0.9951,0.68416,0.48724,0.67109,0.29306,83.77,0.9388,live,0.3769,0.3452,152.67,442.23
167193.803759,120.0,0.2805,2,2,0,0.66875,0.29722,0.64141,0.27500,0.62656,0.23472,0.62266,0.19722,0.61562,0.16806,0.64219,0.18472,0.63281,0.14444,0.62578,0.11944,0.61875,0.09861,0.65781,0.17500,0.65156,0.12500,0.64453,0.09583,0.63672,0.07222,0.67188,0.17500,0.66953,0.12639,0.66328,0.09722,0.65625,0.07222,0.68750,0.18333,0.68828,0.14444,0.68516,0.11944,0.67969,0.09722,0.60355,0.67401,0.9998,0.75140,0.61669,0.9810,0.67334,0.29109,0.9955,0.68108,0.44924,0.66875,0.29722,80.10,0.9601,live,0.3817,0.4035,180.31,446.83
167193.870395,120.0,0.4137,2,2,0,0.66953,0.32361,0.64141,0.30278,0.62656,0.26250,0.62187,0.22500,0.61406,0.19722,0.64297,0.21111,0.63203,0.16944,0.62422,0.14444,0.61719,0.12361,0.65859,0.20278,0.65312,0.15000,0.64531,0.11944,0.63594,0.09722,0.67344,0.20278,0.67109,0.15278,0.66406,0.12361,0.65625,0.10000,0.68750,0.21250,0.68984,0.17361,0.68672,0.14722,0.68047,0.12639,0.60254,0.67947,0.9998,0.75177,0.62962,0.9804,0.67199,0.31303,0.9960,0.67877,0.42411,0.66953,0.32361,79.05,0.9517,live,0.3924,0.4413,198.64,450.13
167193.933944,120.0,0.5408,2,2,0,0.66641,0.37222,0.63906,0.35556,0.62344,0.31667,0.61641,0.28056,0.61094,0.25000,0.63906,0.26667,0.62891,0.21944,0.62187,0.19861,0.61484,0.18056,0.65469,0.25833,0.64922,0.20278,0.64297,0.17500,0.63594,0.15417,0.67031,0.26250,0.66719,0.21111,0.66250,0.18194,0.65547,0.15833,0.68594,0.27361,0.68672,0.23611,0.68281,0.21250,0.67734,0.19444,0.60259,0.68115,0.9998,0.75776,0.67115,0.9795,0.67180,0.34787,0.9963,0.67629,0.41373,0.66641,0.37222,75.63,0.7391,live,0.4043,0.4584,206.53,450.57
167194.002155,120.0,0.6773,2,2,0,0.66953,0.52083,0.64297,0.50417,0.62187,0.46528,0.61016,0.43333,0.60078,0.40556,0.63516,0.40556,0.62891,0.35694,0.62656,0.32917,0.62500,0.30972,0.65078,0.40417,0.64609,0.35556,0.64297,0.33056,0.64219,0.31250,0.66719,0.41111,0.66328,0.36250,0.66016,0.33750,0.65781,0.31944,0.68281,0.42639,0.68281,0.38750,0.68047,0.36389,0.67891,0.34444,0.60250,0.67951,0.9998,0.76223,0.75930,0.9796,0.67165,0.48420,0.9967,0.67494,0.43515,0.66953,0.52083,78.55,0.9291,live,0.3976,0.3671,166.34,453.06
167194.069736,120.0,0.8124,2,2,0,0.66797,0.63750,0.63828,0.64028,0.61484,0.62500,0.59922,0.61389,0.58750,0.60417,0.62813,0.56944,0.61016,0.56944,0.60625,0.59861,0.60391,0.63056,0.65000,0.57083,0.63750,0.57639,0.63125,0.61389,0.62656,0.65278,0.67188,0.58194,0.66641,0.59167,0.66094,0.62500,0.65625,0.65972,0.69063,0.60278,0.69609,0.61806,0.69766,0.64028,0.69609,0.65972,0.61278,0.66470,0.9998,0.78144,0.78315,0.9795,0.68029,0.65544,0.9961,0.67355,0.47562,0.66797,0.63750,61.44,0.9841,live,0.3976,0.3761,166.59,442.93
167194.136336,120.0,0.9456,2,2,0,0.69375,0.74167,0.66016,0.75694,0.63203,0.76250,0.61328,0.76667,0.59922,0.76528,0.64375,0.71250,0.61953,0.72778,0.61016,0.75694,0.60313,0.78889,0.66328,0.71111,0.64687,0.73750,0.63516,0.77500,0.62734,0.81250,0.68359,0.71944,0.67656,0.75417,0.67109,0.79583,0.66563,0.83194,0.70234,0.73472,0.70391,0.76806,0.70391,0.80000,0.70156,0.82500,0.61388,0.68250,0.9998,0.78663,0.81269,0.9795,0.69046,0.75535,0.9958,0.67759,0.52883,0.69375,0.74167,50.23,0.9884,live,0.3800,0.3001,127.81,425.94
167194.204239,120.0,0.0814,2,1,1,0.71016,0.78056,0.67578,0.78750,0.64375,0.79167,0.61719,0.79861,0.59531,0.79722,0.64531,0.75833,0.62266,0.78472,0.60781,0.80972,0.59609,0.83333,0.66484,0.76389,0.64531,0.79861,0.63203,0.83611,0.62187,0.86528,0.68437,0.77778,0.67344,0.80972,0.66719,0.85000,0.66250,0.88194,0.70312,0.79444,0.70078,0.82639,0.69844,0.85833,0.69688,0.88472,0.61903,0.68293,0.9998,0.79374,0.83645,0.9786,0.70003,0.80097,0.9944,0.68410,0.57918,0.71016,0.78056,58.91,0.9610,live,0.3636,0.2886,120.44,417.24
167194.272312,120.0,0.2176,2,1,1,0.70000,0.78750,0.66406,0.80417,0.63359,0.81250,0.60859,0.81250,0.58828,0.80417,0.63828,0.76667,0.61953,0.78750,0.60547,0.81389,0.59531,0.83889,0.65781,0.77222,0.64219,0.79444,0.62891,0.83194,0.62187,0.86528,0.67891,0.78472,0.67031,0.81389,0.66328,0.85278,0.65781,0.88750,0.69922,0.80278,0.70234,0.84306,0.69922,0.87639,0.69609,0.90556,0.62802,0.69015,0.9999,0.79978,0.88843,0.9775,0.70636,0.81844,0.9938,0.68728,0.62084,0.70000,0.78750,57.20,0.9863,live,0.3636,0.3677,150.15,408.36
167194.337640,120.0,0.3482,2,1,1,0.70703,0.76667,0.66875,0.78333,0.63516,0.78056,0.61094,0.76944,0.59375,0.76250,0.64062,0.73472,0.62031,0.73750,0.60859,0.75833,0.60156,0.78472,0.65859,0.73333,0.64297,0.74306,0.63125,0.77639,0.62656,0.81111,0.67969,0.74028,0.67266,0.75972,0.66484,0.79861,0.65938,0.83611,0.70156,0.75278,0.70156,0.78056,0.69844,0.81250,0.69531,0.84306,0.62190,0.70417,0.9999,0.79690,0.86394,0.9778,0.70479,0.78568,0.9939,0.69123,0.65001,0.70703,0.76667,61.46,0.9757,live,0.3747,0.4252,171.62,403.60
167194.402128,120.0,0.4772,2,1,1,0.65234,0.65139,0.67500,0.66528,0.69063,0.66111,0.69766,0.66806,0.70234,0.68333,0.67344,0.61111,0.67109,0.61806,0.66563,0.64028,0.65938,0.66389,0.65078,0.60000,0.64453,0.60278,0.63672,0.62778,0.63203,0.65556,0.63125,0.59861,0.62266,0.59722,0.61641,0.62083,0.61406,0.64722,0.61406,0.60833,0.60313,0.60278,0.59844,0.61944,0.59609,0.64028,0.62037,0.67930,0.9999,0.78730,0.82466,0.9765,0.70155,0.74610,0.9931,0.65234,0.65139,0.65234,0.65139,52.67,0.7598,live,0.3888,0.4533,178.20,393.09
167194.471283,120.0,0.6155,2,1,1,0.68828,0.54583,0.65938,0.54028,0.63672,0.50833,0.62344,0.47500,0.61250,0.44861,0.64609,0.44861,0.64453,0.39444,0.64531,0.40000,0.64531,0.41806,0.66484,0.44444,0.66328,0.39306,0.66328,0.40417,0.66250,0.42361,0.68281,0.44722,0.68125,0.40139,0.67969,0.41111,0.67812,0.43056,0.70078,0.45694,0.69688,0.41667,0.69375,0.42222,0.69219,0.43611,0.60593,0.67973,0.9999,0.77954,0.80475,0.9772,0.69032,0.56155,0.9937,0.65953,0.63028,0.68828,0.54583,75.89,0.7624,live,0.3989,0.4449,178.20,400.56
167194.533734,120.0,0.7404,2,1,1,0.68516,0.43056,0.65703,0.40556,0.64062,0.35972,0.63516,0.31806,0.62813,0.28472,0.65938,0.31667,0.65078,0.27083,0.64297,0.24444,0.63516,0.22222,0.67500,0.31389,0.67031,0.26389,0.66328,0.23194,0.65469,0.20833,0.69141,0.32083,0.68984,0.27222,0.68359,0.24583,0.67578,0.22500,0.70703,0.33750,0.71094,0.30000,0.70937,0.27361,0.70625,0.25278,0.60641,0.67986,0.9999,0.77953,0.74040,0.9785,0.69033,0.42319,0.9943,0.69002,0.60612,0.68516,0.43056,77.21,0.9714,live,0.4057,0.4367,178.20,408.08
167194.602259,120.0,0.8775,2,1,1,0.68594,0.34167,0.65781,0.31667,0.64375,0.26944,0.64062,0.22639,0.63359,0.19583,0.66172,0.22222,0.65469,0.17500,0.64922,0.14861,0.64297,0.12361,0.67891,0.21667,0.67578,0.16389,0.66953,0.13056,0.66250,0.10417,0.69531,0.22083,0.69531,0.17083,0.69063,0.13889,0.68359,0.11528,0.71094,0.23472,0.71484,0.19167,0.71328,0.16528,0.70859,0.14306,0.60668,0.67994,0.9999,0.77027,0.66700,0.9788,0.68892,0.33280,0.9949,0.68920,0.55323,0.68594,0.34167,82.22,0.9542,live,0.3912,0.3251,135.99,418.31
167194.670054,120.0,0.0130,2,2,0,0.69063,0.32639,0.66016,0.28056,0.64766,0.23472,0.64375,0.19306,0.63672,0.16250,0.66484,0.19861,0.65859,0.15972,0.65547,0.13472,0.65234,0.11111,0.67969,0.19167,0.67734,0.15000,0.67422,0.12361,0.67188,0.10000,0.69375,0.19306,0.69375,0.15278,0.69063,0.12222,0.68750,0.09583,0.70859,0.20139,0.71094,0.16250,0.71016,0.13750,0.70781,0.11389,0.60692,0.67945,0.9999,0.76227,0.63132,0.9795,0.68785,0.29676,0.9954,0.68949,0.50786,0.69063,0.32639,86.17,0.9186,live,0.3688,0.2667,114.70,430.16
167194.735505,120.0,0.1439,2,2,0,0.68594,0.29444,0.65859,0.26528,0.64453,0.22222,0.64141,0.18333,0.63594,0.15417,0.66250,0.17222,0.65469,0.13056,0.64844,0.10556,0.64375,0.08056,0.67734,0.16389,0.67266,0.11528,0.66641,0.08611,0.66016,0.06111,0.69141,0.16667,0.69141,0.11667,0.68672,0.08750,0.68047,0.06111,0.70625,0.17778,0.71172,0.14028,0.71094,0.11528,0.70625,0.09167,0.60671,0.67757,0.9999,0.76078,0.62163,0.9802,0.68798,0.28133,0.9958,0.68878,0.46518,0.68594,0.29444,82.92,0.9526,live,0.3612,0.3263,143.02,438.24
167194.802387,120.0,0.2777,2,2,0,0.68516,0.30278,0.65859,0.27778,0.64531,0.23611,0.64141,0.19722,0.63516,0.16806,0.66172,0.18611,0.65391,0.14444,0.64766,0.11806,0.64141,0.09583,0.67734,0.17778,0.67266,0.12778,0.66719,0.09722,0.66016,0.07222,0.69219,0.18056,0.69063,0.13056,0.68594,0.10139,0.67969,0.07778,0.70703,0.19167,0.71094,0.15278,0.70937,0.12778,0.70547,0.10417,0.60679,0.67766,0.9999,0.76114,0.63052,0.9806,0.68799,0.29826,0.9962,0.68805,0.43270,0.68516,0.30278,80.66,0.9457,live,0.3612,0.3722,165.14,443.73
167194.872109,120.0,0.4172,2,2,0,0.68828,0.33750,0.66094,0.31667,0.64609,0.27361,0.64141,0.23472,0.63438,0.20417,0.66250,0.22361,0.65312,0.17917,0.64687,0.15417,0.63984,0.13333,0.67969,0.21528,0.67422,0.16111,0.66797,0.13194,0.66016,0.10972,0.69531,0.21806,0.69375,0.16528,0.68906,0.13611,0.68203,0.11389,0.71016,0.22917,0.71328,0.18889,0.71172,0.16250,0.70703,0.14167,0.60623,0.68176,0.9998,0.76155,0.64149,0.9815,0.68793,0.31879,0.9965,0.68810,0.41366,0.68828,0.33750,80.27,0.8989,live,0.3677,0.3977,178.26,448.28
167194.937472,120.0,0.5479,2,2,0,0.68984,0.42500,0.66250,0.40139,0.64531,0.35833,0.63906,0.31667,0.63281,0.28194,0.66328,0.31528,0.65469,0.26944,0.64687,0.24306,0.63828,0.22222,0.68125,0.31111,0.67656,0.26111,0.66875,0.23056,0.65938,0.20694,0.69844,0.31667,0.69766,0.26944,0.69063,0.24167,0.68281,0.22083,0.71562,0.33056,0.72031,0.29028,0.71953,0.26528,0.71641,0.24444,0.60625,0.68198,0.9998,0.76507,0.71145,0.9814,0.68864,0.37369,0.9969,0.68845,0.41593,0.68984,0.42500,78.06,0.9534,live,0.3727,0.3955,178.26,450.68
167195.002789,120.0,0.6785,2,2,0,0.68984,0.42500,0.66250,0.40139,0.64531,0.35833,0.63906,0.31667,0.63281,0.28194,0.66328,0.31528,0.65469,0.26944,0.64687,0.24306,0.63828,0.22222,0.68125,0.31111,0.67656,0.26111,0.66875,0.23056,0.65938,0.20694,0.69844,0.31667,0.69766,0.26944,0.69063,0.24167,0.68281,0.22083,0.71562,0.33056,0.72031,0.29028,0.71953,0.26528,0.71641,0.24444,0.60609,0.68207,0.9998,0.77062,0.78518,0.9813,0.69883,0.56786,0.9971,0.68845,0.41593,0.68984,0.42500,78.06,0.5720,hold,0.3727,0.3955,178.26,450.68
167195.070533,120.0,0.8140,2,2,0,0.68984,0.42500,0.66250,0.40139,0.64531,0.35833,0.63906,0.31667,0.63281,0.28194,0.66328,0.31528,0.65469,0.26944,0.64687,0.24306,0.63828,0.22222,0.68125,0.31111,0.67656,0.26111,0.66875,0.23056,0.65938,0.20694,0.69844,0.31667,0.69766,0.26944,0.69063,0.24167,0.68281,0.22083,0.71562,0.33056,0.72031,0.29028,0.71953,0.26528,0.71641,0.24444,0.61002,0.68215,0.9998,0.77984,0.81862,0.9803,0.70864,0.75344,0.9947,0.68845,0.41593,0.68984,0.42500,78.06,0.5720,hold,0.3727,0.3955,178.26,450.68
167195.137930,120.0,0.9488,2,2,0,0.68984,0.42500,0.66250,0.40139,0.64531,0.35833,0.63906,0.31667,0.63281,0.28194,0.66328,0.31528,0.65469,0.26944,0.64687,0.24306,0.63828,0.22222,0.68125,0.31111,0.67656,0.26111,0.66875,0.23056,0.65938,0.20694,0.69844,0.31667,0.69766,0.26944,0.69063,0.24167,0.68281,0.22083,0.71562,0.33056,0.72031,0.29028,0.71953,0.26528,0.71641,0.24444,0.61093,0.69739,0.9998,0.80513,0.83555,0.9795,0.72059,0.80974,0.9947,0.68845,0.41593,0.68984,0.42500,78.06,0.5720,hold,0.3727,0.3955,178.26,450.68
167195.203595,120.0,0.0801,2,1,1,0.73984,0.80833,0.70156,0.81528,0.67031,0.81806,0.65000,0.82083,0.63203,0.81389,0.67969,0.77639,0.65938,0.80972,0.64609,0.83194,0.63750,0.85556,0.70078,0.78056,0.68437,0.81111,0.67109,0.84583,0.66250,0.88333,0.72344,0.79444,0.71328,0.82500,0.70469,0.86528,0.69844,0.90417,0.74297,0.81806,0.74609,0.85000,0.74609,0.88056,0.74609,0.90833,0.60795,0.70217,0.9998,0.80333,0.84040,0.9786,0.72877,0.81452,0.9943,0.69873,0.49441,0.73984,0.80833,57.16,0.9816,live,0.3727,0.1581,69.19,437.76
167195.272225,120.0,0.2174,2,1,1,0.74062,0.80556,0.70156,0.82083,0.67109,0.81806,0.64922,0.80833,0.63203,0.79444,0.68516,0.76250,0.66641,0.78472,0.65234,0.81250,0.64375,0.84028,0.70625,0.76806,0.69219,0.79167,0.67891,0.83056,0.67188,0.86667,0.72734,0.78472,0.72109,0.81389,0.71250,0.85694,0.70703,0.89306,0.74766,0.81111,0.75391,0.84722,0.75391,0.88194,0.75313,0.91250,0.60840,0.70442,0.9999,0.79164,0.87600,0.9786,0.72991,0.82969,0.9944,0.70711,0.55664,0.74062,0.80556,56.57,0.9849,live,0.3727,0.2484,105.80,425.96
167195.335720,120.0,0.3444,2,1,1,0.74375,0.83889,0.70625,0.83472,0.67500,0.80417,0.65391,0.77500,0.63594,0.75278,0.68359,0.75417,0.66484,0.73472,0.65156,0.74583,0.64062,0.76944,0.70469,0.75278,0.69063,0.73472,0.67734,0.76389,0.66953,0.80139,0.72813,0.76250,0.72188,0.75833,0.71328,0.79028,0.70781,0.82500,0.75313,0.78333,0.75313,0.78889,0.75000,0.81667,0.74687,0.84306,0.61053,0.69887,0.9998,0.77488,0.85999,0.9766,0.72527,0.80737,0.9923,0.71443,0.61309,0.74375,0.83889,77.77,0.9827,live,0.3727,0.3424,147.51,430.84
167195.399165,120.0,0.4713,2,1,1,0.70937,0.68750,0.68281,0.68333,0.65938,0.65139,0.64531,0.63056,0.64062,0.60694,0.67734,0.61250,0.66484,0.58750,0.65781,0.61806,0.65547,0.64583,0.69844,0.61389,0.68906,0.58889,0.68203,0.62500,0.68047,0.66111,0.71797,0.62361,0.71641,0.60694,0.71172,0.64444,0.71094,0.67778,0.73516,0.63889,0.74297,0.63750,0.74453,0.66528,0.74609,0.68889,0.61357,0.70129,0.9999,0.77517,0.86890,0.9758,0.72497,0.74926,0.9927,0.71342,0.62797,0.70937,0.68750,61.78,0.9562,live,0.3727,0.3729,157.96,423.62
167195.470689,120.0,0.6143,2,1,1,0.71484,0.55972,0.68750,0.54028,0.66641,0.49722,0.65469,0.45972,0.64766,0.42917,0.68750,0.44167,0.68672,0.39444,0.68516,0.38889,0.68359,0.40000,0.70781,0.44444,0.70859,0.39444,0.70547,0.40417,0.70312,0.42500,0.72734,0.45556,0.72891,0.40694,0.72422,0.41806,0.72109,0.43889,0.74531,0.47639,0.74687,0.44028,0.74297,0.45000,0.74062,0.46806,0.60925,0.70109,0.9998,0.77429,0.84932,0.9760,0.72399,0.57103,0.9934,0.71371,0.61432,0.71484,0.55972,81.27,0.9059,live,0.3727,0.3662,157.94,431.30
167195.535952,120.0,0.7448,2,1,1,0.70547,0.41389,0.67734,0.38611,0.66172,0.33889,0.65703,0.29444,0.65000,0.25972,0.68359,0.29722,0.67578,0.25278,0.66875,0.22778,0.66094,0.20833,0.70156,0.29306,0.70000,0.24444,0.69375,0.21389,0.68594,0.19167,0.71875,0.30139,0.72031,0.25139,0.71562,0.22222,0.70859,0.20139,0.73516,0.31667,0.74219,0.27917,0.74297,0.25556,0.73906,0.23750,0.60842,0.68944,0.9998,0.77059,0.73207,0.9765,0.72049,0.41094,0.9941,0.71206,0.57423,0.70547,0.41389,80.70,0.9660,live,0.3727,0.3570,156.25,437.65
167195.604844,120.0,0.8826,2,1,1,0.69609,0.32500,0.66797,0.29722,0.65391,0.24861,0.65156,0.20556,0.64375,0.17361,0.67422,0.20278,0.66563,0.15972,0.65938,0.13333,0.65312,0.10972,0.69219,0.19583,0.68750,0.14444,0.68125,0.11250,0.67344,0.08750,0.70859,0.20000,0.70859,0.15000,0.70391,0.12083,0.69766,0.09722,0.72422,0.21389,0.72969,0.17361,0.72813,0.14861,0.72422,0.12639,0.60820,0.68828,0.9998,0.76211,0.66297,0.9772,0.70349,0.31895,0.9946,0.70887,0.52439,0.69609,0.32500,84.43,0.9581,live,0.3727,0.2203,98.24,445.92
167195.668807,120.0,0.0106,2,2,0,0.68984,0.31389,0.66172,0.27083,0.64922,0.22639,0.64531,0.18611,0.63750,0.15556,0.66406,0.18611,0.65547,0.14861,0.65000,0.12361,0.64531,0.09722,0.67891,0.17917,0.67578,0.13750,0.67266,0.10972,0.66953,0.08611,0.69375,0.17917,0.69297,0.13889,0.69063,0.10972,0.68672,0.08194,0.70937,0.18889,0.71250,0.15000,0.71094,0.12639,0.70859,0.10139,0.60543,0.67737,0.9998,0.75256,0.62602,0.9776,0.69579,0.28050,0.9951,0.70506,0.48229,0.68984,0.31389,86.80,0.9597,live,0.3479,0.2348,106.80,454.90
167195.738914,120.0,0.1508,2,2,0,0.68125,0.28889,0.65469,0.26389,0.64062,0.22083,0.63594,0.18333,0.62891,0.15694,0.65703,0.17222,0.64766,0.13472,0.64062,0.11111,0.63359,0.09167,0.67266,0.16389,0.66797,0.11667,0.66094,0.09028,0.65312,0.06944,0.68828,0.16528,0.68672,0.11806,0.68125,0.09028,0.67422,0.06667,0.70312,0.17639,0.70703,0.13750,0.70547,0.11389,0.70156,0.09167,0.60372,0.67830,0.9998,0.74601,0.61681,0.9780,0.68654,0.28080,0.9956,0.70030,0.44361,0.68125,0.28889,81.25,0.9712,live,0.3379,0.2926,134.25,458.81
167195.804901,120.0,0.2827,2,2,0,0.68281,0.30833,0.65547,0.28472,0.64062,0.24444,0.63594,0.20694,0.62891,0.17778,0.65625,0.19444,0.64609,0.15556,0.63906,0.13333,0.63203,0.11389,0.67266,0.18611,0.66641,0.13750,0.65938,0.10972,0.65156,0.08889,0.68828,0.18750,0.68594,0.14028,0.68047,0.11111,0.67344,0.08889,0.70391,0.19722,0.70703,0.15972,0.70547,0.13611,0.70078,0.11528,0.60217,0.67860,0.9998,0.74698,0.62990,0.9779,0.68256,0.29724,0.9960,0.69680,0.41655,0.68281,0.30833,80.80,0.9347,live,0.3379,0.3331,153.88,461.93
167195.871204,120.0,0.4153,2,2,0,0.68750,0.34722,0.66016,0.33194,0.64375,0.28889,0.63828,0.24861,0.63125,0.21667,0.66016,0.23889,0.65078,0.19583,0.64297,0.17500,0.63516,0.15833,0.67734,0.22917,0.67188,0.17778,0.66484,0.15139,0.65625,0.13194,0.69375,0.23194,0.69141,0.18194,0.68594,0.15556,0.67812,0.13472,0.71016,0.24306,0.71328,0.20417,0.71094,0.18194,0.70625,0.16250,0.60092,0.67881,0.9998,0.74715,0.63757,0.9781,0.68370,0.32374,0.9963,0.69494,0.40269,0.68750,0.34722,78.99,0.8857,live,0.3379,0.3542,164.11,463.37
167195.940625,120.0,0.5542,2,2,0,0.69375,0.44583,0.66484,0.42639,0.64531,0.38750,0.63672,0.34722,0.63125,0.31111,0.66406,0.34722,0.65469,0.30139,0.64844,0.27639,0.64219,0.26389,0.68281,0.34167,0.67891,0.29444,0.67500,0.27083,0.66953,0.25833,0.70156,0.34583,0.70000,0.30139,0.69531,0.27639,0.68906,0.26250,0.71953,0.35833,0.72188,0.31944,0.72109,0.29444,0.71719,0.27778,0.60104,0.68102,0.9998,0.76020,0.72270,0.9790,0.68615,0.40548,0.9967,0.69470,0.41132,0.69375,0.44583,74.85,0.8405,live,0.3379,0.3553,164.02,461.66
167196.001147,120.0,0.6752,2,2,0,0.69688,0.59583,0.68594,0.59583,0.67734,0.57639,0.66953,0.55694,0.66250,0.53750,0.68047,0.50000,0.66406,0.48333,0.65781,0.52083,0.65625,0.55417,0.67578,0.49444,0.66328,0.47639,0.66016,0.52500,0.66016,0.56389,0.67188,0.49583,0.66016,0.47917,0.65703,0.52500,0.65703,0.56389,0.66719,0.50139,0.65547,0.48889,0.65391,0.52222,0.65625,0.55139,0.60268,0.68398,0.9998,0.77101,0.81919,0.9790,0.69961,0.61528,0.9970,0.69688,0.59583,0.69688,0.59583,61.22,0.5770,live,0.3379,0.3426,154.31,450.34
167196.068518,120.0,0.8100,2,2,0,0.69922,0.72222,0.67500,0.73611,0.65859,0.74583,0.65156,0.76250,0.64609,0.78194,0.67188,0.70139,0.65781,0.73056,0.65078,0.76389,0.64297,0.79722,0.69453,0.70000,0.68516,0.73750,0.68047,0.77778,0.67344,0.81806,0.71562,0.70694,0.71406,0.74861,0.71250,0.79306,0.70859,0.83056,0.73281,0.71944,0.74375,0.75694,0.74922,0.78889,0.75234,0.81528,0.60319,0.69047,0.9998,0.77343,0.80791,0.9786,0.70872,0.75151,0.9961,0.69561,0.47350,0.69922,0.72222,44.32,0.9821,live,0.3379,0.3604,154.31,428.21
167196.139510,120.0,0.9520,2,2,0,0.72422,0.78750,0.69219,0.79444,0.66406,0.81667,0.63906,0.83750,0.62031,0.83750,0.67109,0.79861,0.65000,0.82917,0.63906,0.86667,0.63516,0.89722,0.69141,0.80417,0.67891,0.84583,0.67031,0.88889,0.66484,0.92083,0.71328,0.81250,0.70781,0.86111,0.70156,0.90278,0.69609,0.93611,0.73281,0.82500,0.73516,0.87361,0.73438,0.90833,0.73203,0.93472,0.60627,0.68890,0.9998,0.76926,0.82986,0.9765,0.71036,0.80700,0.9951,0.70133,0.53630,0.72422,0.78750,55.64,0.9836,live,0.3379,0.3364,140.24,416.88
167196.202554,80.0,0.0520,2,1,1,0.72656,0.80556,0.69297,0.81389,0.66172,0.83194,0.63594,0.84722,0.61484,0.84167,0.66719,0.80417,0.64531,0.83611,0.63281,0.87222,0.62500,0.90139,0.68828,0.80972,0.67422,0.84722,0.66172,0.89028,0.65625,0.92361,0.71016,0.82222,0.70391,0.86111,0.69375,0.90139,0.68750,0.93333,0.73203,0.84028,0.73438,0.88611,0.73203,0.92222,0.73125,0.95139,0.60763,0.69717,0.9998,0.80385,0.83133,0.9761,0.71001,0.81517,0.9944,0.70638,0.59015,0.72656,0.80556,59.51,0.9939,live,0.3379,0.3423,140.24,409.70
167196.270271,80.0,0.1423,2,1,1,0.73203,0.79306,0.69531,0.80556,0.66250,0.81806,0.63594,0.82778,0.61484,0.82222,0.66641,0.78194,0.64375,0.80694,0.62969,0.84167,0.62266,0.87083,0.68437,0.78472,0.67109,0.81944,0.65781,0.86111,0.65234,0.89722,0.70625,0.79444,0.69922,0.83472,0.68984,0.87500,0.68516,0.91111,0.72734,0.80972,0.72969,0.85556,0.72734,0.89167,0.72656,0.92222,0.60814,0.70197,0.9998,0.78440,0.85725,0.9727,0.71371,0.83354,0.9927,0.71151,0.63073,0.73203,0.79306,59.90,0.9801,live,0.3510,0.4102,165.59,403.67
167196.336738,80.0,0.2309,2,1,1,0.72578,0.77778,0.68594,0.79167,0.65391,0.79167,0.63047,0.78611,0.61172,0.77917,0.66172,0.74028,0.64375,0.75833,0.63047,0.78611,0.62031,0.81528,0.68125,0.74028,0.66797,0.76389,0.65703,0.79861,0.65156,0.83472,0.70234,0.75000,0.69609,0.78194,0.68828,0.81944,0.68359,0.85417,0.72266,0.76667,0.72578,0.80278,0.72578,0.83611,0.72578,0.86667,0.60814,0.70275,0.9998,0.78370,0.85684,0.9732,0.71028,0.79525,0.9926,0.71436,0.66014,0.72578,0.77778,59.66,0.9723,live,0.3723,0.4698,187.07,398.18
167196.402656,80.0,0.3188,2,1,1,0.72578,0.77778,0.68594,0.79167,0.65391,0.79167,0.63047,0.78611,0.61172,0.77917,0.66172,0.74028,0.64375,0.75833,0.63047,0.78611,0.62031,0.81528,0.68125,0.74028,0.66797,0.76389,0.65703,0.79861,0.65156,0.83472,0.70234,0.75000,0.69609,0.78194,0.68828,0.81944,0.68359,0.85417,0.72266,0.76667,0.72578,0.80278,0.72578,0.83611,0.72578,0.86667,0.61060,0.69145,0.9998,0.77811,0.84969,0.9724,0.70292,0.73537,0.9925,0.71436,0.66014,0.72578,0.77778,59.66,0.5834,hold,0.3723,0.4698,187.07,398.18
167196.471295,80.0,0.4104,2,1,1,0.69766,0.55417,0.67031,0.54306,0.64844,0.50833,0.63438,0.47361,0.62813,0.44306,0.66172,0.44444,0.65312,0.39583,0.64922,0.41389,0.65078,0.43889,0.67891,0.43889,0.67266,0.39028,0.66875,0.40972,0.66875,0.43333,0.69531,0.44306,0.68984,0.39861,0.68516,0.41667,0.68359,0.43750,0.71172,0.45278,0.70625,0.41944,0.70156,0.42778,0.69922,0.44167,0.60364,0.68284,0.9998,0.76899,0.83042,0.9732,0.69961,0.57099,0.9932,0.71102,0.63895,0.69766,0.55417,79.32,0.8686,live,0.3852,0.4439,180.91,407.51
167196.539977,80.0,0.5019,2,1,1,0.69063,0.44028,0.66328,0.41389,0.64687,0.36806,0.64141,0.32500,0.63516,0.29028,0.66641,0.32500,0.65938,0.27917,0.65234,0.25278,0.64453,0.23194,0.68437,0.32083,0.68281,0.26806,0.67734,0.23472,0.67031,0.20972,0.70078,0.32917,0.70234,0.27917,0.69766,0.25139,0.69141,0.22917,0.71641,0.34583,0.72266,0.30833,0.72266,0.28472,0.71875,0.26389,0.60279,0.68578,0.9998,0.76907,0.77204,0.9746,0.69948,0.44081,0.9939,0.70694,0.59921,0.69063,0.44028,79.07,0.9410,live,0.3943,0.4354,180.91,415.54
167196.605297,80.0,0.5890,2,1,1,0.68828,0.39028,0.66016,0.34444,0.64766,0.29861,0.64453,0.25556,0.63750,0.22222,0.66484,0.25972,0.65781,0.22083,0.65391,0.19444,0.65000,0.17083,0.67969,0.25417,0.67812,0.21111,0.67578,0.18333,0.67266,0.15972,0.69375,0.25694,0.69453,0.21528,0.69141,0.18472,0.68750,0.15833,0.70781,0.26806,0.71250,0.22917,0.71094,0.20278,0.70859,0.17917,0.59760,0.67893,0.9998,0.76013,0.69874,0.9763,0.69174,0.36162,0.9945,0.70321,0.55743,0.68828,0.39028,86.02,0.9413,live,0.3808,0.3192,136.51,427.61
167196.670053,80.0,0.6754,2,1,1,0.68437,0.34861,0.65781,0.30833,0.64375,0.26389,0.63984,0.22500,0.63359,0.19306,0.66016,0.21806,0.65234,0.17917,0.64531,0.15278,0.63828,0.12778,0.67578,0.20972,0.67109,0.16250,0.66484,0.13056,0.65859,0.10139,0.68984,0.21111,0.68906,0.16667,0.68359,0.13333,0.67734,0.10556,0.70391,0.22500,0.70859,0.18611,0.70703,0.15833,0.70234,0.13333,0.59737,0.67723,0.9998,0.74988,0.66566,0.9767,0.68903,0.31982,0.9950,0.69944,0.51566,0.68437,0.34861,87.06,0.9185,live,0.3556,0.2409,105.76,438.99
167196.737264,80.0,0.7650,2,1,1,0.67969,0.33333,0.65391,0.29861,0.64141,0.25833,0.63828,0.21944,0.63125,0.19028,0.65703,0.21528,0.64922,0.17917,0.64531,0.15694,0.64062,0.13333,0.67188,0.20833,0.67031,0.16944,0.66719,0.14444,0.66406,0.12222,0.68594,0.20833,0.68750,0.17222,0.68437,0.14306,0.68047,0.11806,0.70000,0.21667,0.70312,0.18056,0.70312,0.15556,0.70078,0.13194,0.59675,0.67734,0.9998,0.74788,0.64091,0.9766,0.68545,0.31239,0.9954,0.69549,0.47920,0.67969,0.33333,80.83,0.9591,live,0.3452,0.2981,132.50,444.50
167196.804599,80.0,0.8548,2,1,1,0.67812,0.33194,0.65156,0.31111,0.63750,0.26944,0.63438,0.23194,0.62813,0.20278,0.65469,0.22083,0.64609,0.17917,0.63906,0.15694,0.63203,0.13750,0.67109,0.21250,0.66563,0.16389,0.65859,0.13472,0.65078,0.11389,0.68594,0.21528,0.68437,0.16667,0.67891,0.13889,0.67266,0.11528,0.70078,0.22778,0.70391,0.18889,0.70234,0.16528,0.69688,0.14444,0.59571,0.68025,0.9998,0.74687,0.65410,0.9773,0.68149,0.32684,0.9959,0.69202,0.44975,0.67812,0.33194,77.88,0.9467,live,0.3452,0.3447,154.16,447.24
167196.871667,80.0,0.9442,2,1,1,0.67734,0.37222,0.65078,0.35139,0.63594,0.30972,0.63125,0.27222,0.62344,0.24167,0.65234,0.26111,0.64375,0.21667,0.63672,0.19444,0.62813,0.17639,0.66953,0.25417,0.66406,0.20139,0.65703,0.17361,0.64766,0.15278,0.68516,0.25833,0.68359,0.20694,0.67812,0.17778,0.67031,0.15556,0.70078,0.27083,0.70391,0.23333,0.70156,0.20833,0.69609,0.19028,0.59462,0.68012,0.9998,0.74743,0.66195,0.9769,0.68154,0.35174,0.9962,0.68908,0.43424,0.67734,0.37222,78.27,0.9086,live,0.3452,0.3686,165.83,449.92
167196.937013,80.0,0.0313,2,2,0,0.67734,0.46806,0.65078,0.44583,0.63281,0.40694,0.62422,0.36944,0.61641,0.33889,0.64844,0.36528,0.63984,0.31806,0.63203,0.29306,0.62578,0.27778,0.66484,0.36111,0.66172,0.31250,0.65703,0.28611,0.65078,0.26944,0.68125,0.36667,0.68203,0.32222,0.67734,0.30000,0.67109,0.28611,0.69766,0.38056,0.70234,0.34306,0.70078,0.32222,0.69688,0.30972,0.59444,0.68393,0.9998,0.75250,0.73468,0.9777,0.67859,0.42452,0.9966,0.68674,0.44100,0.67734,0.46806,73.37,0.9729,live,0.3452,0.3357,150.63,448.76
167197.004473,80.0,0.1213,2,2,0,0.67344,0.60694,0.68750,0.59861,0.69688,0.56667,0.69688,0.55278,0.69297,0.55278,0.67969,0.51250,0.67344,0.47778,0.67188,0.51250,0.67266,0.54583,0.66016,0.51528,0.65000,0.47361,0.64766,0.51389,0.65078,0.54722,0.64297,0.52083,0.63281,0.48194,0.63125,0.51944,0.63438,0.55139,0.62969,0.52917,0.61953,0.50139,0.61875,0.52500,0.62187,0.55000,0.59558,0.67538,0.9998,0.75626,0.79301,0.9775,0.67950,0.58938,0.9969,0.67344,0.60694,0.67344,0.60694,70.23,0.9698,live,0.3452,0.3480,155.04,445.48
167197.070265,80.0,0.2090,2,2,0,0.68750,0.72500,0.65703,0.73472,0.63359,0.73194,0.61953,0.73056,0.60547,0.73194,0.65078,0.67917,0.63516,0.70000,0.62891,0.73472,0.62500,0.76528,0.67578,0.68472,0.66328,0.72222,0.65703,0.76111,0.65234,0.79444,0.69844,0.69861,0.69219,0.73056,0.68750,0.76806,0.68203,0.80000,0.71797,0.71944,0.72422,0.74861,0.72500,0.77917,0.72344,0.80139,0.60103,0.68133,0.9998,0.77225,0.80433,0.9778,0.68710,0.74271,0.9959,0.68689,0.49780,0.68750,0.72500,55.01,0.9794,live,0.3452,0.3592,155.04,431.63
167197.138503,80.0,0.3000,2,2,0,0.70937,0.79306,0.68203,0.79861,0.65547,0.80417,0.63359,0.81250,0.61484,0.81944,0.65938,0.75417,0.63438,0.77778,0.62109,0.80278,0.61094,0.82500,0.67500,0.75278,0.64922,0.78472,0.63281,0.82222,0.62266,0.85278,0.69219,0.76250,0.67188,0.80000,0.66016,0.84028,0.65156,0.87083,0.70781,0.77917,0.69688,0.81528,0.69063,0.85000,0.68594,0.87361,0.60392,0.69182,0.9998,0.77482,0.85312,0.9778,0.70348,0.80645,0.9947,0.69139,0.55685,0.70937,0.79306,49.33,0.9978,live,0.3401,0.3167,131.53,415.35
167197.201210,80.0,0.3836,2,2,0,0.71250,0.81528,0.68672,0.81250,0.66328,0.81528,0.64531,0.82361,0.63516,0.83194,0.65859,0.77917,0.63672,0.79722,0.62187,0.80833,0.60859,0.81944,0.67422,0.78472,0.64844,0.80556,0.63438,0.83194,0.62344,0.85694,0.69141,0.80000,0.67422,0.83056,0.66094,0.86528,0.65156,0.89306,0.70781,0.82361,0.69688,0.85833,0.68828,0.88889,0.68203,0.91111,0.60415,0.69701,0.9998,0.76943,0.86731,0.9750,0.71059,0.83026,0.9934,0.69561,0.60854,0.71250,0.81528,51.65,0.9907,live,0.3401,0.3257,131.15,402.69
167197.267412,80.0,0.4718,2,2,0,0.71562,0.79306,0.68359,0.79722,0.65469,0.80139,0.63281,0.80556,0.61406,0.80278,0.66016,0.76389,0.64062,0.79583,0.62734,0.81389,0.61719,0.83056,0.67969,0.76806,0.65859,0.79306,0.64531,0.82083,0.63672,0.85139,0.70156,0.78333,0.68750,0.81111,0.67812,0.84583,0.67031,0.87778,0.72031,0.80833,0.71875,0.83889,0.71641,0.86667,0.71328,0.89167,0.60646,0.70432,0.9998,0.77161,0.87309,0.9742,0.70979,0.83290,0.9931,0.69961,0.64544,0.71562,0.79306,54.84,0.9974,live,0.3500,0.3954,155.71,393.85
167197.337673,80.0,0.5655,2,2,0,0.71172,0.79722,0.67500,0.80556,0.64687,0.80000,0.62734,0.78611,0.61094,0.77083,0.65781,0.74722,0.64141,0.76667,0.63125,0.78889,0.62422,0.81389,0.67969,0.75000,0.66641,0.76806,0.65547,0.80417,0.64922,0.84167,0.70078,0.76528,0.69531,0.78472,0.68984,0.82222,0.68594,0.85833,0.72031,0.79028,0.72344,0.81250,0.72344,0.84444,0.72188,0.87361,0.60733,0.70382,0.9998,0.77920,0.87333,0.9730,0.71066,0.81735,0.9921,0.70203,0.67580,0.71172,0.79722,57.24,0.9919,live,0.3695,0.4583,177.73,387.80
167197.403963,80.0,0.6539,2,2,0,0.71172,0.80972,0.67656,0.80694,0.65000,0.77917,0.63047,0.75139,0.61484,0.72778,0.66016,0.71667,0.64375,0.71111,0.63125,0.72222,0.61953,0.74306,0.67891,0.71389,0.66484,0.70417,0.65156,0.73194,0.64375,0.76944,0.70078,0.72361,0.69531,0.72083,0.68594,0.75139,0.68047,0.78611,0.72188,0.74583,0.72422,0.75000,0.72188,0.77361,0.71953,0.79861,0.60930,0.70357,0.9998,0.77865,0.87032,0.9713,0.70769,0.79878,0.9889,0.70397,0.70258,0.71172,0.80972,76.09,0.9945,live,0.3926,0.4977,197.12,396.05
167197.469449,80.0,0.7412,2,2,0,0.68828,0.66250,0.66172,0.65694,0.64062,0.63056,0.62969,0.60833,0.62344,0.58611,0.65781,0.57083,0.64766,0.54444,0.64062,0.57083,0.63750,0.59861,0.67500,0.56944,0.66641,0.54444,0.65859,0.57500,0.65547,0.60833,0.69297,0.57778,0.68750,0.55417,0.67969,0.58611,0.67578,0.61806,0.70937,0.59444,0.70703,0.57778,0.70078,0.59861,0.69688,0.62083,0.60844,0.68010,0.9998,0.77814,0.85542,0.9719,0.69804,0.68246,0.9898,0.70083,0.69457,0.68828,0.66250,67.47,0.9889,live,0.4113,0.4964,197.12,397.11
167197.539172,80.0,0.8342,2,2,0,0.69531,0.51944,0.66563,0.50139,0.64531,0.46111,0.63359,0.42083,0.62813,0.38750,0.66172,0.39722,0.65547,0.34167,0.65078,0.35000,0.65078,0.37083,0.68203,0.39722,0.67656,0.34167,0.67109,0.35556,0.67031,0.37639,0.70078,0.40694,0.69688,0.35833,0.69141,0.37222,0.68906,0.39167,0.71875,0.42361,0.71797,0.38333,0.71250,0.39444,0.71094,0.41250,0.59977,0.68110,0.9998,0.76842,0.79462,0.9729,0.69630,0.51828,0.9908,0.69973,0.65954,0.69531,0.51944,84.56,0.6659,live,0.4042,0.3717,152.53,410.34
167197.602346,80.0,0.9184,2,2,0,0.68359,0.40000,0.65703,0.37083,0.64375,0.32361,0.63906,0.28194,0.63359,0.24861,0.66328,0.28194,0.65703,0.23611,0.65000,0.20972,0.64219,0.18889,0.68047,0.27917,0.67734,0.22917,0.67031,0.19722,0.66250,0.17361,0.69531,0.28750,0.69609,0.23889,0.69063,0.20833,0.68281,0.18611,0.71016,0.30278,0.71641,0.26528,0.71406,0.24028,0.70859,0.22083,0.59941,0.67700,0.9998,0.76109,0.71416,0.9745,0.68987,0.39242,0.9917,0.69650,0.60763,0.68359,0.40000,78.91,0.9669,live,0.3971,0.3650,152.53,417.91
167197.667783,80.0,0.0057,2,1,1,0.67969,0.35000,0.65391,0.30556,0.64219,0.25972,0.63984,0.21944,0.63438,0.18333,0.65859,0.22222,0.65234,0.18194,0.64844,0.15694,0.64453,0.13056,0.67266,0.21806,0.67188,0.17500,0.66953,0.14583,0.66641,0.12083,0.68672,0.22083,0.68672,0.18056,0.68437,0.14861,0.68125,0.12083,0.70000,0.23194,0.70234,0.19306,0.70078,0.16806,0.69844,0.14306,0.59671,0.67741,0.9998,0.75097,0.65189,0.9758,0.68337,0.31567,0.9925,0.69314,0.55611,0.67969,0.35000,83.41,0.9412,live,0.3883,0.3484,149.05,427.82
167197.735600,80.0,0.0961,2,1,1,0.67500,0.32222,0.64922,0.28194,0.63828,0.23750,0.63594,0.19722,0.63047,0.16528,0.65391,0.20417,0.64922,0.16667,0.64609,0.14444,0.64375,0.12222,0.66719,0.19861,0.66641,0.15833,0.66484,0.13333,0.66250,0.11250,0.68047,0.19861,0.68125,0.16111,0.67969,0.13472,0.67656,0.10972,0.69297,0.20556,0.69609,0.16944,0.69531,0.14722,0.69375,0.12361,0.59707,0.67505,0.9998,0.74413,0.61553,0.9772,0.67498,0.28442,0.9932,0.68951,0.50933,0.67500,0.32222,78.96,0.9024,live,0.3767,0.3239,140.37,433.34
167197.806563,80.0,0.1907,2,1,1,0.66563,0.29444,0.64219,0.26944,0.62969,0.22917,0.62656,0.19583,0.62109,0.16806,0.64453,0.18194,0.63672,0.14444,0.62969,0.12222,0.62344,0.10278,0.65859,0.17361,0.65234,0.12917,0.64531,0.10417,0.63828,0.08472,0.67109,0.17361,0.66875,0.12778,0.66328,0.10278,0.65547,0.08333,0.68437,0.18056,0.68672,0.14444,0.68281,0.12083,0.67500,0.10278,0.59717,0.67462,0.9998,0.74039,0.60911,0.9784,0.67203,0.28643,0.9938,0.68473,0.46635,0.66563,0.29444,77.32,0.9489,live,0.3767,0.3933,171.86,437.01
167197.873779,80.0,0.2803,2,1,1,0.66250,0.31111,0.63906,0.28750,0.62578,0.25000,0.62109,0.21667,0.61641,0.19167,0.64062,0.20278,0.63125,0.16528,0.62344,0.14444,0.61641,0.12917,0.65391,0.19444,0.64766,0.14861,0.63984,0.12361,0.63125,0.10694,0.66641,0.19444,0.66484,0.14722,0.65859,0.12222,0.65000,0.10278,0.67969,0.20278,0.68203,0.16528,0.67812,0.14306,0.67109,0.12361,0.59678,0.67661,0.9998,0.74094,0.61873,0.9788,0.66575,0.30859,0.9944,0.68029,0.43530,0.66250,0.31111,74.66,0.9636,live,0.3889,0.4445,194.81,438.32
167197.936395,80.0,0.3638,2,1,1,0.66406,0.33333,0.63906,0.31389,0.62422,0.27500,0.61953,0.24167,0.61328,0.21528,0.63984,0.22778,0.62891,0.19167,0.62109,0.17083,0.61328,0.15556,0.65312,0.21944,0.64687,0.17361,0.63828,0.14861,0.62891,0.13194,0.66641,0.21944,0.66328,0.17361,0.65625,0.14861,0.64766,0.12917,0.67969,0.22639,0.68047,0.19028,0.67578,0.16806,0.66875,0.15139,0.59625,0.67704,0.9998,0.74120,0.62993,0.9791,0.66289,0.32384,0.9949,0.67704,0.41491,0.66406,0.33333,73.96,0.9559,live,0.4050,0.4783,209.97,438.97
167198.006869,80.0,0.4578,2,1,1,0.66641,0.35139,0.63984,0.33194,0.62500,0.29306,0.62031,0.25694,0.61406,0.22917,0.63984,0.24583,0.63047,0.20833,0.62187,0.18750,0.61406,0.17083,0.65469,0.23750,0.64844,0.19167,0.63984,0.16806,0.63047,0.15139,0.66797,0.23750,0.66563,0.19306,0.65781,0.16806,0.64922,0.15000,0.68203,0.24722,0.68359,0.20972,0.67969,0.18889,0.67188,0.17361,0.59628,0.67933,0.9998,0.74182,0.63910,0.9789,0.66235,0.33262,0.9954,0.67491,0.40221,0.66641,0.35139,74.56,0.9550,live,0.4193,0.4843,213.10,439.98
167198.074038,80.0,0.5473,2,1,1,0.66875,0.36944,0.64141,0.35000,0.62578,0.30972,0.62109,0.27222,0.61406,0.24306,0.64141,0.25972,0.63203,0.22222,0.62422,0.20139,0.61641,0.18333,0.65625,0.25139,0.65000,0.20556,0.64141,0.18194,0.63203,0.16528,0.67031,0.25278,0.66719,0.20833,0.66016,0.18472,0.65078,0.16806,0.68437,0.26250,0.68594,0.22778,0.68125,0.20694,0.67344,0.19167,0.59566,0.67814,0.9998,0.74251,0.65470,0.9790,0.66292,0.34564,0.9958,0.67368,0.39565,0.66875,0.36944,76.87,0.9497,live,0.4193,0.4359,192.90,442.53
167198.140812,80.0,0.6364,2,1,1,0.67031,0.39306,0.64297,0.37222,0.62813,0.33056,0.62266,0.29167,0.61562,0.26111,0.64297,0.28194,0.63359,0.24167,0.62500,0.21944,0.61641,0.20417,0.65859,0.27361,0.65312,0.22778,0.64453,0.20139,0.63516,0.18472,0.67344,0.27778,0.67109,0.23194,0.66406,0.20694,0.65469,0.19028,0.68750,0.28889,0.68984,0.25278,0.68516,0.23194,0.67812,0.21667,0.59515,0.68286,0.9998,0.74752,0.68857,0.9793,0.66471,0.37626,0.9962,0.67301,0.39513,0.67031,0.39306,77.50,0.9417,live,0.4069,0.3502,155.93,445.23
167198.206532,80.0,0.7240,2,1,1,0.67031,0.39306,0.64297,0.37222,0.62813,0.33056,0.62266,0.29167,0.61562,0.26111,0.64297,0.28194,0.63359,0.24167,0.62500,0.21944,0.61641,0.20417,0.65859,0.27361,0.65312,0.22778,0.64453,0.20139,0.63516,0.18472,0.67344,0.27778,0.67109,0.23194,0.66406,0.20694,0.65469,0.19028,0.68750,0.28889,0.68984,0.25278,0.68516,0.23194,0.67812,0.21667,0.59555,0.68576,0.9998,0.75463,0.73788,0.9798,0.66478,0.42382,0.9965,0.67301,0.39513,0.67031,0.39306,77.50,0.5650,hold,0.4069,0.3502,155.93,445.23
167198.272475,80.0,0.8119,2,1,1,0.66250,0.62500,0.63750,0.62083,0.61328,0.59861,0.60313,0.57500,0.60469,0.55417,0.61562,0.51944,0.60078,0.49306,0.59766,0.52917,0.60078,0.56250,0.63359,0.51528,0.61953,0.48194,0.61406,0.52361,0.61484,0.56111,0.65312,0.52083,0.64062,0.49861,0.63516,0.54306,0.63438,0.57917,0.67266,0.53611,0.66328,0.53333,0.65859,0.56528,0.65781,0.59306,0.59564,0.68456,0.9998,0.75832,0.78089,0.9804,0.66349,0.58957,0.9968,0.67091,0.44111,0.66250,0.62500,80.84,0.9959,live,0.3679,0.1902,85.60,450.00
167198.340094,80.0,0.9021,2,1,1,0.67266,0.75417,0.63828,0.76111,0.60703,0.77778,0.58750,0.80139,0.57891,0.81528,0.61406,0.74861,0.59062,0.78472,0.58359,0.81806,0.58047,0.84583,0.63594,0.75417,0.61719,0.80139,0.60938,0.84306,0.60391,0.87361,0.65781,0.76667,0.64687,0.81806,0.64062,0.85556,0.63594,0.88472,0.67734,0.78194,0.67500,0.83333,0.67266,0.86528,0.67031,0.88889,0.60381,0.69742,0.9998,0.78457,0.84870,0.9802,0.66706,0.77612,0.9955,0.67126,0.50372,0.67266,0.75417,56.87,0.9847,live,0.3347,0.1835,80.16,436.95
167198.400617,80.0,0.9828,2,1,1,0.67812,0.85417,0.64687,0.85972,0.61641,0.89167,0.58984,0.91806,0.57031,0.92639,0.62031,0.87083,0.59688,0.91667,0.58359,0.95278,0.57500,0.98194,0.64062,0.87917,0.62266,0.93889,0.61094,0.98194,0.60313,0.99861,0.66094,0.89306,0.65156,0.95556,0.64219,0.99861,0.63516,0.99861,0.68047,0.90972,0.67812,0.96667,0.67344,0.99861,0.66875,0.99861,0.60328,0.69755,0.9998,0.78260,0.84983,0.9811,0.66790,0.87057,0.9938,0.67263,0.57381,0.67812,0.85417,62.07,0.9927,live,0.3289,0.3026,129.86,429.20
167198.471116,80.0,0.0768,2,2,0,0.67578,0.89306,0.64297,0.89306,0.61250,0.91944,0.58906,0.94722,0.56797,0.95833,0.62109,0.91111,0.59609,0.95694,0.58516,0.99722,0.57891,0.99861,0.64219,0.92639,0.62187,0.98056,0.61016,0.99861,0.60391,0.99861,0.66328,0.94028,0.64844,0.99722,0.63828,0.99861,0.63047,0.99861,0.68203,0.95417,0.67734,0.99861,0.67266,0.99861,0.66797,0.99861,0.60300,0.70410,0.9998,0.77877,0.85697,0.9813,0.67246,0.91225,0.9894,0.67326,0.63766,0.67578,0.89306,62.27,0.9955,live,0.3443,0.4142,175.03,422.54
167198.538883,80.0,0.1671,2,2,0,0.67422,0.89583,0.64375,0.89722,0.61484,0.92222,0.59297,0.95000,0.57344,0.95833,0.62266,0.91389,0.60000,0.95833,0.58828,0.99861,0.58203,0.99861,0.64453,0.92778,0.62578,0.98056,0.61328,0.99861,0.60547,0.99861,0.66641,0.94028,0.65312,0.99306,0.64297,0.99861,0.63438,0.99861,0.68594,0.95417,0.68047,0.99861,0.67344,0.99861,0.66797,0.99861,0.60270,0.70609,0.9998,0.77722,0.86637,0.9817,0.67570,0.91479,0.9866,0.67345,0.68929,0.67422,0.89583,60.58,0.9985,live,0.3741,0.5099,211.86,415.45
167198.604744,80.0,0.2550,2,2,0,0.68047,0.88056,0.65078,0.88194,0.62031,0.90556,0.59688,0.93056,0.57812,0.94028,0.62891,0.89861,0.60625,0.94167,0.59375,0.97778,0.58516,0.99861,0.64922,0.91389,0.63125,0.96389,0.61875,0.99861,0.61016,0.99861,0.67031,0.92639,0.65703,0.97500,0.64766,0.99861,0.64062,0.99861,0.68984,0.93889,0.68516,0.98194,0.68047,0.99861,0.67656,0.99861,0.60253,0.70624,0.9998,0.77645,0.86670,0.9821,0.67565,0.90841,0.9858,0.67486,0.72755,0.68047,0.88056,60.20,0.9982,live,0.4121,0.5854,239.39,408.94
167198.669595,80.0,0.3414,2,2,0,0.68281,0.86250,0.65156,0.86806,0.62344,0.89167,0.60000,0.91528,0.58125,0.91944,0.63125,0.87778,0.60781,0.91528,0.59453,0.95139,0.58516,0.98056,0.65234,0.89167,0.63516,0.93750,0.62266,0.97778,0.61406,0.99861,0.67266,0.90417,0.66172,0.95417,0.65234,0.99583,0.64531,0.99861,0.69219,0.91806,0.69141,0.96250,0.68906,0.99861,0.68672,0.99861,0.60238,0.70380,0.9998,0.77060,0.86090,0.9821,0.67739,0.88605,0.9846,0.67645,0.75454,0.68281,0.86250,59.05,0.9988,live,0.4537,0.6433,258.87,402.38
167198.737029,80.0,0.4313,2,2,0,0.68437,0.85694,0.65312,0.85833,0.62500,0.87778,0.60234,0.89861,0.58281,0.90417,0.63281,0.86528,0.60938,0.90417,0.59531,0.93889,0.58594,0.96667,0.65391,0.87778,0.63672,0.92222,0.62266,0.96250,0.61250,0.99306,0.67422,0.89028,0.66328,0.93750,0.65391,0.97778,0.64531,0.99861,0.69219,0.90556,0.69297,0.95139,0.68984,0.98750,0.68672,0.99861,0.59857,0.69987,0.9998,0.77054,0.85808,0.9824,0.68088,0.87181,0.9843,0.67803,0.77502,0.68437,0.85694,56.45,0.9984,live,0.4969,0.6933,273.67,394.74
167198.808171,80.0,0.5262,2,2,0,0.68281,0.85556,0.65234,0.85556,0.62656,0.87778,0.60313,0.89861,0.58437,0.90139,0.63203,0.86250,0.60859,0.90000,0.59609,0.93611,0.58750,0.96528,0.65234,0.87361,0.63438,0.91667,0.62109,0.95833,0.61250,0.98889,0.67266,0.88611,0.66250,0.93333,0.65234,0.97361,0.64453,0.99861,0.69219,0.90139,0.69297,0.94722,0.69063,0.98194,0.68750,0.99861,0.59902,0.70095,0.9998,0.77325,0.85774,0.9822,0.68500,0.86566,0.9843,0.67899,0.79113,0.68281,0.85556,55.84,0.9982,live,0.5246,0.6508,252.23,387.57
167198.871107,80.0,0.6101,2,2,0,0.68203,0.85556,0.65078,0.85556,0.62344,0.87639,0.60078,0.89722,0.58203,0.90139,0.63125,0.86250,0.60859,0.90139,0.59453,0.93889,0.58594,0.96944,0.65156,0.87361,0.63438,0.92083,0.62031,0.96528,0.61094,0.99861,0.67188,0.88750,0.66250,0.93472,0.65234,0.97500,0.64453,0.99861,0.69141,0.90278,0.69141,0.94861,0.68750,0.98472,0.68437,0.99861,0.59919,0.70097,0.9998,0.77338,0.85615,0.9823,0.68514,0.87246,0.9841,0.67960,0.80401,0.68203,0.85556,56.16,0.9981,live,0.5535,0.6855,261.53,381.50
167198.941231,80.0,0.7036,2,2,0,0.68203,0.85556,0.65156,0.85833,0.62422,0.87917,0.60078,0.89861,0.58125,0.90278,0.63125,0.86389,0.60859,0.90139,0.59531,0.93889,0.58672,0.97083,0.65078,0.87361,0.63438,0.92083,0.62031,0.96528,0.61094,0.99861,0.67188,0.88750,0.66250,0.93750,0.65234,0.97778,0.64453,0.99861,0.69063,0.90278,0.69141,0.95139,0.68750,0.98889,0.68437,0.99861,0.59914,0.69857,0.9998,0.76613,0.85491,0.9814,0.68437,0.87415,0.9807,0.68008,0.81432,0.68203,0.85556,56.02,0.9983,live,0.5369,0.4612,173.43,376.05
167199.006443,80.0,0.7905,2,2,0,0.68203,0.83889,0.65234,0.84306,0.62500,0.86806,0.60234,0.88889,0.58281,0.89306,0.62969,0.85139,0.60781,0.89028,0.59531,0.92778,0.58672,0.95694,0.64922,0.86111,0.63203,0.90972,0.61875,0.95139,0.60938,0.98472,0.67109,0.87500,0.66016,0.92361,0.65156,0.96250,0.64375,0.99583,0.69063,0.88889,0.69063,0.93611,0.68828,0.97222,0.68516,0.99861,0.59959,0.69837,0.9998,0.76855,0.85545,0.9811,0.68228,0.87279,0.9812,0.68047,0.81923,0.68203,0.83889,58.18,0.9987,live,0.5035,0.3515,131.06,372.82
167199.075246,80.0,0.8823,2,2,0,0.68750,0.77639,0.65156,0.78472,0.62031,0.79444,0.59766,0.80694,0.58047,0.81389,0.63047,0.76389,0.60938,0.80833,0.60000,0.84028,0.59375,0.86667,0.65156,0.76944,0.63359,0.81944,0.62266,0.85972,0.61484,0.89306,0.67266,0.78056,0.66406,0.83194,0.65625,0.87222,0.65078,0.90556,0.69063,0.79444,0.68828,0.83194,0.68672,0.86250,0.68437,0.88750,0.60118,0.70277,0.9998,0.76677,0.85666,0.9776,0.68689,0.84471,0.9812,0.68188,0.81067,0.68750,0.77639,53.38,0.9504,live,0.4592,0.2570,94.18,366.51
167199.138025,80.0,0.9660,2,2,0,0.68750,0.77639,0.65156,0.78472,0.62031,0.79444,0.59766,0.80694,0.58047,0.81389,0.63047,0.76389,0.60938,0.80833,0.60000,0.84028,0.59375,0.86667,0.65156,0.76944,0.63359,0.81944,0.62266,0.85972,0.61484,0.89306,0.67266,0.78056,0.66406,0.83194,0.65625,0.87222,0.65078,0.90556,0.69063,0.79444,0.68828,0.83194,0.68672,0.86250,0.68437,0.88750,0.60169,0.68917,0.9998,0.76694,0.85019,0.9775,0.68652,0.69849,0.9828,0.68188,0.81067,0.68750,0.77639,53.38,0.5703,hold,0.4592,0.2570,94.18,366.51
167199.206627,80.0,0.0575,2,1,1,0.68047,0.51111,0.65156,0.50000,0.63203,0.46389,0.62031,0.42778,0.61250,0.39861,0.64766,0.39444,0.64453,0.34167,0.64062,0.34722,0.63984,0.36528,0.66328,0.39028,0.65938,0.33750,0.65547,0.34861,0.65547,0.36944,0.67812,0.39583,0.67500,0.34306,0.66953,0.35417,0.66875,0.37361,0.69297,0.40694,0.68906,0.36389,0.68281,0.36806,0.68047,0.38194,0.59648,0.68939,0.9998,0.75919,0.80107,0.9781,0.67836,0.51233,0.9845,0.68160,0.75075,0.68047,0.51111,79.76,0.5829,live,0.4001,0.1311,49.79,379.96
167199.272589,80.0,0.1454,2,1,1,0.68047,0.45000,0.65000,0.40139,0.63438,0.35139,0.62813,0.30833,0.62031,0.27222,0.65234,0.31944,0.64844,0.27917,0.64609,0.25139,0.64297,0.22639,0.66719,0.31667,0.66641,0.27361,0.66484,0.24444,0.66250,0.21944,0.68047,0.31944,0.68203,0.27778,0.67969,0.24583,0.67578,0.21944,0.69531,0.32917,0.69688,0.28889,0.69609,0.26250,0.69375,0.23750,0.59432,0.68640,0.9998,0.75215,0.70772,0.9787,0.67560,0.37918,0.9860,0.68137,0.69060,0.68047,0.45000,85.66,0.8798,live,0.3702,0.2342,92.74,396.04
167199.340580,80.0,0.2361,2,1,1,0.66797,0.35417,0.64062,0.31111,0.62813,0.26667,0.62422,0.22639,0.61719,0.19306,0.64453,0.22361,0.63594,0.18472,0.63047,0.15833,0.62500,0.13333,0.65938,0.21806,0.65781,0.17500,0.65312,0.14583,0.64844,0.12083,0.67422,0.22083,0.67422,0.17917,0.67031,0.14861,0.66563,0.12083,0.68750,0.23194,0.69219,0.19444,0.69141,0.16944,0.68828,0.14444,0.59331,0.68164,0.9998,0.74582,0.65788,0.9794,0.67215,0.32334,0.9874,0.67869,0.62332,0.66797,0.35417,86.02,0.9398,live,0.3655,0.3438,141.12,410.45
167199.403272,80.0,0.3197,2,1,1,0.66484,0.33611,0.63750,0.29444,0.62344,0.24861,0.61875,0.21111,0.61250,0.18194,0.63906,0.20694,0.62969,0.16944,0.62344,0.14167,0.61719,0.11667,0.65391,0.19861,0.65078,0.15694,0.64609,0.12639,0.64062,0.10139,0.66797,0.20000,0.66797,0.15972,0.66328,0.12917,0.65781,0.10139,0.68203,0.21111,0.68594,0.17361,0.68437,0.14861,0.68047,0.12639,0.59270,0.68078,0.9998,0.73925,0.63029,0.9796,0.66652,0.31351,0.9886,0.67592,0.56588,0.66484,0.33611,86.60,0.9644,live,0.3773,0.4311,182.58,423.55
167199.471287,80.0,0.4103,2,1,1,0.66094,0.31528,0.63359,0.29167,0.61875,0.24722,0.61328,0.20972,0.60625,0.18194,0.63516,0.19861,0.62578,0.15833,0.61797,0.13611,0.61094,0.11528,0.65078,0.19028,0.64531,0.14167,0.63828,0.11389,0.63047,0.09167,0.66484,0.19306,0.66328,0.14444,0.65781,0.11667,0.65078,0.09306,0.67891,0.20417,0.68125,0.16667,0.67812,0.14167,0.67344,0.12083,0.59132,0.68093,0.9998,0.73676,0.62555,0.9794,0.66065,0.31413,0.9897,0.67292,0.51576,0.66094,0.31528,80.14,0.9540,live,0.4009,0.5083,218.80,430.42
167199.538509,80.0,0.5000,2,1,1,0.65859,0.32083,0.63281,0.29861,0.61797,0.25556,0.61328,0.21806,0.60703,0.18750,0.63438,0.20556,0.62422,0.16389,0.61719,0.14028,0.61016,0.11944,0.64922,0.19722,0.64453,0.14722,0.63828,0.11944,0.63047,0.09722,0.66406,0.20000,0.66250,0.15139,0.65781,0.12361,0.65000,0.10139,0.67891,0.21111,0.68203,0.17500,0.67969,0.15139,0.67344,0.13056,0.59068,0.68083,0.9998,0.73788,0.62970,0.9799,0.66049,0.31864,0.9907,0.67006,0.47677,0.65859,0.32083,79.68,0.9587,live,0.4307,0.5664,247.04,436.14
167199.606225,80.0,0.5903,2,1,1,0.66094,0.32639,0.63516,0.30417,0.61953,0.25972,0.61562,0.21944,0.60781,0.19028,0.63594,0.20972,0.62656,0.16806,0.61953,0.14444,0.61328,0.12361,0.65156,0.20139,0.64531,0.15139,0.63984,0.12361,0.63203,0.10000,0.66641,0.20417,0.66406,0.15556,0.65938,0.12917,0.65234,0.10694,0.68125,0.21528,0.68437,0.17778,0.68125,0.15417,0.67500,0.13611,0.59070,0.68098,0.9998,0.73647,0.62968,0.9796,0.65819,0.31704,0.9916,0.66823,0.44669,0.66094,0.32639,80.74,0.9529,live,0.4626,0.6082,268.80,441.93
167199.676331,80.0,0.6837,2,1,1,0.66406,0.32778,0.63750,0.30278,0.62187,0.26111,0.61797,0.22083,0.61094,0.19167,0.63828,0.21111,0.62891,0.16944,0.62187,0.14444,0.61562,0.12222,0.65391,0.20278,0.64922,0.15278,0.64297,0.12361,0.63594,0.10000,0.66875,0.20556,0.66797,0.15833,0.66250,0.13056,0.65547,0.10833,0.68359,0.21667,0.68750,0.18056,0.68516,0.15833,0.67891,0.13750,0.59086,0.67744,0.9998,0.73685,0.63612,0.9798,0.65968,0.32577,0.9924,0.66740,0.42291,0.66406,0.32778,80.78,0.9506,live,0.4747,0.5296,236.75,447.07
167199.738080,80.0,0.7661,2,1,1,0.66484,0.32639,0.63906,0.30278,0.62422,0.25972,0.62031,0.22083,0.61328,0.19167,0.64062,0.21111,0.63125,0.16944,0.62422,0.14444,0.61797,0.12361,0.65625,0.20278,0.65156,0.15278,0.64531,0.12361,0.63906,0.10139,0.67109,0.20556,0.66953,0.15833,0.66406,0.13056,0.65703,0.10833,0.68594,0.21667,0.68906,0.18056,0.68672,0.15833,0.68125,0.13750,0.59093,0.67979,0.9998,0.73782,0.63907,0.9806,0.66193,0.32856,0.9931,0.66689,0.40361,0.66484,0.32639,79.98,0.9374,live,0.4893,0.5558,250.65,451.00
167199.806627,80.0,0.8575,2,1,1,0.66563,0.33056,0.63984,0.30694,0.62500,0.26250,0.62109,0.22361,0.61484,0.19306,0.64219,0.21389,0.63281,0.17222,0.62656,0.14722,0.62031,0.12639,0.65781,0.20694,0.65312,0.15694,0.64687,0.12778,0.63984,0.10417,0.67266,0.20972,0.67188,0.16250,0.66719,0.13333,0.66016,0.11111,0.68750,0.22222,0.69063,0.18472,0.68828,0.16111,0.68203,0.14167,0.59102,0.67937,0.9998,0.73792,0.64051,0.9805,0.66202,0.32730,0.9938,0.66664,0.38900,0.66563,0.33056,79.98,0.9558,live,0.4893,0.4796,217.97,454.47
167199.872776,80.0,0.9457,2,1,1,0.66641,0.34028,0.63984,0.31806,0.62500,0.27361,0.62187,0.23333,0.61562,0.20278,0.64297,0.22222,0.63438,0.18056,0.62734,0.15556,0.62031,0.13472,0.65859,0.21528,0.65469,0.16667,0.64766,0.13750,0.64062,0.11389,0.67344,0.21944,0.67266,0.17222,0.66797,0.14444,0.66016,0.12083,0.68828,0.23333,0.69219,0.19861,0.68984,0.17500,0.68359,0.15556,0.59041,0.67745,0.9998,0.73933,0.64377,0.9802,0.66215,0.32779,0.9944,0.66659,0.37925,0.66641,0.34028,80.29,0.9630,live,0.4706,0.3854,176.41,457.74
167199.940074,80.0,0.0354,2,2,0,0.66641,0.37222,0.63984,0.34444,0.62578,0.30139,0.62187,0.26250,0.61562,0.23056,0.64375,0.25278,0.63594,0.20694,0.62813,0.18333,0.62031,0.16389,0.66016,0.24722,0.65703,0.19583,0.65000,0.16528,0.64141,0.14306,0.67500,0.25417,0.67500,0.20417,0.66953,0.17500,0.66094,0.15278,0.68906,0.26944,0.69297,0.23194,0.69063,0.20833,0.68437,0.18750,0.59042,0.67737,0.9998,0.73948,0.67202,0.9799,0.66269,0.35017,0.9949,0.66655,0.37785,0.66641,0.37222,79.96,0.9493,live,0.4552,0.3854,177.42,460.38
167200.005479,80.0,0.1226,2,2,0,0.66328,0.41806,0.63828,0.40000,0.62266,0.36250,0.61562,0.32778,0.60859,0.29861,0.64141,0.31389,0.63125,0.26944,0.62187,0.25417,0.61328,0.24306,0.65703,0.31111,0.65156,0.26111,0.64531,0.23889,0.63906,0.22222,0.67266,0.32222,0.67188,0.28056,0.66641,0.25972,0.66016,0.24167,0.68906,0.34167,0.69141,0.31250,0.68984,0.29583,0.68594,0.28194,0.59068,0.67706,0.9998,0.74107,0.72216,0.9803,0.66267,0.40974,0.9954,0.66590,0.38589,0.66328,0.41806,71.45,0.8919,live,0.4126,0.2184,99.70,456.58
167200.070561,80.0,0.2094,2,2,0,0.66641,0.58056,0.63906,0.57222,0.61484,0.54028,0.60078,0.51111,0.59531,0.48194,0.63047,0.47361,0.61641,0.43056,0.61016,0.46528,0.61250,0.49583,0.64609,0.46944,0.63281,0.42500,0.62734,0.46806,0.62891,0.50278,0.66094,0.47222,0.64922,0.43056,0.64297,0.47361,0.64297,0.50833,0.67656,0.47917,0.66719,0.44861,0.65938,0.48056,0.65859,0.51111,0.59068,0.67973,0.9998,0.75404,0.79752,0.9807,0.66354,0.56051,0.9958,0.66600,0.42482,0.66641,0.58056,76.77,0.9339,live,0.3776,0.2181,99.70,457.07
167200.138727,80.0,0.3003,2,2,0,0.64062,0.65833,0.67031,0.68889,0.69844,0.71250,0.71641,0.73472,0.72969,0.75556,0.67969,0.68889,0.67266,0.70833,0.66172,0.73333,0.65312,0.76250,0.65938,0.68472,0.65312,0.71111,0.64766,0.74028,0.64297,0.77083,0.63984,0.68056,0.63750,0.70833,0.63672,0.74028,0.63516,0.77222,0.62031,0.67917,0.60781,0.69722,0.60391,0.72083,0.60156,0.74722,0.59799,0.68891,0.9998,0.76721,0.82322,0.9798,0.66649,0.73481,0.9936,0.66093,0.47152,0.64062,0.65833,47.89,0.5275,live,0.3776,0.1137,49.66,436.70
167200.203197,80.0,0.3862,2,2,0,0.68906,0.76806,0.66328,0.77500,0.63750,0.78333,0.61484,0.78750,0.59453,0.79722,0.64687,0.75694,0.62734,0.77778,0.61250,0.80694,0.60078,0.83750,0.66797,0.76111,0.64687,0.79444,0.63281,0.83056,0.62266,0.86667,0.68750,0.77639,0.67578,0.82083,0.66563,0.86667,0.65625,0.90417,0.70547,0.79861,0.70156,0.84444,0.69453,0.87917,0.68750,0.90833,0.60760,0.70079,0.9998,0.76807,0.89207,0.9760,0.69682,0.83588,0.9930,0.66655,0.53083,0.68906,0.76806,48.31,0.9691,live,0.3570,0.2629,110.19,419.08
167200.274399,80.0,0.4812,2,2,0,0.70703,0.80417,0.67188,0.80556,0.64062,0.81667,0.61328,0.82361,0.59297,0.81806,0.64922,0.78750,0.62500,0.81389,0.60938,0.84444,0.60078,0.87222,0.66953,0.79722,0.65156,0.83889,0.63672,0.87778,0.62891,0.90694,0.68906,0.81528,0.67734,0.86667,0.66563,0.90694,0.65781,0.93611,0.70625,0.83889,0.70078,0.89167,0.69453,0.92500,0.68984,0.95139,0.61110,0.70081,0.9998,0.77474,0.89166,0.9722,0.70698,0.84315,0.9915,0.67465,0.58550,0.70703,0.80417,57.52,0.9777,live,0.3570,0.3655,149.93,410.21
167200.337812,80.0,0.5657,2,2,0,0.70859,0.81389,0.67188,0.81944,0.63906,0.82639,0.61172,0.82917,0.59375,0.81667,0.65000,0.79028,0.62578,0.80972,0.61016,0.83750,0.60000,0.86528,0.66953,0.80000,0.65156,0.83194,0.63594,0.86667,0.62813,0.90000,0.68984,0.81806,0.68047,0.85694,0.66719,0.89167,0.65859,0.92500,0.70703,0.84444,0.70312,0.88750,0.69766,0.91944,0.69297,0.94861,0.61075,0.70051,0.9998,0.77344,0.89721,0.9713,0.70639,0.84666,0.9916,0.68144,0.63118,0.70859,0.81389,58.19,0.9895,live,0.3747,0.4554,183.48,402.88
167200.409070,80.0,0.6607,2,2,0,0.70703,0.81111,0.66875,0.81806,0.63516,0.81806,0.61016,0.81250,0.59219,0.80139,0.64922,0.77917,0.62813,0.79306,0.61250,0.81806,0.60313,0.84167,0.66875,0.78750,0.65312,0.81528,0.63828,0.84861,0.63047,0.87917,0.68828,0.80694,0.67812,0.84167,0.66719,0.87917,0.66016,0.91111,0.70547,0.83194,0.70312,0.87361,0.69766,0.90417,0.69375,0.93194,0.61024,0.70634,0.9998,0.77442,0.88819,0.9696,0.70792,0.83643,0.9912,0.68656,0.66716,0.70703,0.81111,56.48,0.9878,live,0.4029,0.5313,209.98,395.20
167200.470660,80.0,0.7428,2,2,0,0.71172,0.80972,0.67109,0.81250,0.63750,0.80694,0.61250,0.79861,0.59453,0.78611,0.65000,0.75833,0.62891,0.77778,0.61328,0.80139,0.60156,0.82639,0.67031,0.76667,0.65312,0.79583,0.63906,0.82917,0.63047,0.86111,0.69063,0.78750,0.67812,0.81944,0.66797,0.85694,0.66250,0.89028,0.70859,0.81389,0.70469,0.85694,0.69844,0.88889,0.69453,0.91667,0.61301,0.70654,0.9998,0.78408,0.89747,0.9671,0.70646,0.83598,0.9869,0.69159,0.69567,0.71172,0.80972,59.66,0.9852,live,0.4369,0.5917,231.19,390.73
167200.536618,80.0,0.8308,2,2,0,0.70469,0.80417,0.66328,0.80972,0.63281,0.80000,0.61172,0.78611,0.59375,0.77361,0.64687,0.74583,0.62969,0.75694,0.61562,0.77917,0.60469,0.80694,0.66641,0.75417,0.65312,0.77361,0.63828,0.80972,0.62969,0.84444,0.68594,0.77500,0.67891,0.80278,0.66797,0.84028,0.66094,0.87361,0.70391,0.80139,0.70391,0.83889,0.69922,0.87361,0.69453,0.90278,0.61270,0.70642,0.9998,0.78267,0.90563,0.9660,0.70640,0.83373,0.9870,0.69421,0.71737,0.70469,0.80417,57.84,0.9890,live,0.4736,0.6411,247.13,385.49
167200.606048,80.0,0.9234,2,2,0,0.69922,0.79306,0.65859,0.79722,0.62891,0.78750,0.60859,0.77222,0.59062,0.75694,0.64219,0.72917,0.62578,0.74861,0.61094,0.77083,0.59922,0.79444,0.66328,0.73750,0.64922,0.75972,0.63594,0.79444,0.62656,0.82778,0.68359,0.75694,0.67734,0.78333,0.66719,0.82361,0.66016,0.85972,0.70234,0.78333,0.70391,0.81667,0.69844,0.85139,0.69375,0.87917,0.61201,0.70185,0.9999,0.78409,0.90201,0.9654,0.70131,0.82424,0.9869,0.69521,0.73251,0.69922,0.79306,60.40,0.9945,live,0.4940,0.5870,224.67,382.72
167200.672056,80.0,0.0114,2,1,1,0.69766,0.78056,0.65781,0.77778,0.62734,0.75972,0.60625,0.73889,0.58672,0.71806,0.63828,0.69861,0.62031,0.70417,0.60703,0.72917,0.59766,0.75694,0.65859,0.70139,0.64453,0.71389,0.63125,0.74861,0.62500,0.78194,0.67969,0.71667,0.67188,0.73750,0.66094,0.77222,0.65391,0.80556,0.70000,0.73889,0.69609,0.76389,0.68984,0.79583,0.68359,0.82222,0.61181,0.70174,0.9999,0.78488,0.88751,0.9660,0.69484,0.79077,0.9869,0.69570,0.74212,0.69766,0.78056,71.58,0.9923,live,0.4777,0.4034,156.64,388.33
167200.736641,80.0,0.0975,2,1,1,0.64453,0.64167,0.66250,0.63611,0.67578,0.62361,0.67891,0.63889,0.67891,0.66389,0.65781,0.58056,0.64844,0.57500,0.64141,0.60417,0.63984,0.63611,0.63516,0.57778,0.62656,0.56667,0.62109,0.60000,0.62187,0.63333,0.61641,0.58194,0.60781,0.56667,0.60391,0.59583,0.60469,0.62639,0.60078,0.59306,0.58828,0.58194,0.58516,0.59861,0.58750,0.61667,0.60941,0.65997,0.9999,0.77973,0.82515,0.9657,0.68120,0.69361,0.9872,0.64453,0.64167,0.64453,0.64167,58.57,0.9501,live,0.4694,0.4314,165.63,383.91
167200.805956,80.0,0.1899,2,1,1,0.65703,0.52778,0.63125,0.52222,0.60859,0.48611,0.59531,0.45278,0.58516,0.42500,0.61641,0.42639,0.61094,0.37639,0.60859,0.37917,0.60859,0.39861,0.63438,0.42500,0.63047,0.37083,0.62813,0.38889,0.62813,0.41667,0.65312,0.43194,0.65000,0.37917,0.64609,0.40278,0.64531,0.42917,0.67266,0.44444,0.66875,0.40556,0.66406,0.42222,0.66406,0.44444,0.59765,0.66469,0.9999,0.76847,0.78647,0.9667,0.66352,0.53417,0.9884,0.68797,0.69925,0.65703,0.52778,76.38,0.8970,live,0.4446,0.3320,130.41,392.83
167200.871579,80.0,0.2774,2,1,1,0.65000,0.41944,0.62109,0.39861,0.60469,0.35833,0.59688,0.32222,0.58750,0.29444,0.61875,0.31389,0.60938,0.26806,0.59922,0.24444,0.58828,0.23194,0.63438,0.30972,0.62969,0.26111,0.62109,0.23333,0.61016,0.21389,0.64922,0.31806,0.64687,0.27222,0.63906,0.24583,0.63047,0.22639,0.66484,0.33333,0.66641,0.30000,0.66328,0.27639,0.65703,0.25833,0.59568,0.66667,0.9999,0.76390,0.72410,0.9683,0.65903,0.42285,0.9895,0.68037,0.64329,0.65000,0.41944,73.22,0.9682,live,0.4235,0.3273,130.41,398.41
167200.936827,80.0,0.3644,2,1,1,0.65469,0.37500,0.62422,0.34028,0.60781,0.30000,0.60078,0.26111,0.59219,0.23194,0.62031,0.25556,0.60938,0.21806,0.60156,0.19444,0.59375,0.17083,0.63438,0.24583,0.62734,0.20556,0.62187,0.17917,0.61562,0.15694,0.64766,0.24444,0.64375,0.20694,0.63672,0.17778,0.62891,0.15278,0.66328,0.25278,0.66094,0.21528,0.65625,0.19306,0.64922,0.17361,0.59561,0.66761,0.9998,0.75145,0.66989,0.9690,0.65706,0.36110,0.9905,0.67524,0.58963,0.65469,0.37500,84.22,0.9560,live,0.4033,0.3109,127.84,411.24
167201.005270,80.0,0.4557,2,1,1,0.65859,0.35556,0.62578,0.31806,0.60938,0.27500,0.60156,0.23750,0.59219,0.21111,0.62109,0.23333,0.60859,0.19583,0.60078,0.17222,0.59375,0.14722,0.63438,0.22222,0.62734,0.18056,0.62031,0.15139,0.61328,0.12778,0.64766,0.21944,0.64297,0.17917,0.63516,0.15139,0.62578,0.12778,0.66172,0.22500,0.65938,0.18750,0.65469,0.16528,0.64766,0.14722,0.59557,0.66849,0.9998,0.74962,0.64701,0.9701,0.65884,0.33608,0.9914,0.67191,0.54282,0.65859,0.35556,86.89,0.9531,live,0.3976,0.3716,157.74,424.45
167201.075214,80.0,0.5489,2,1,1,0.65625,0.32778,0.62578,0.30833,0.60781,0.27083,0.59922,0.23472,0.59062,0.20833,0.62031,0.21944,0.60781,0.18333,0.59844,0.16250,0.58984,0.14444,0.63438,0.20833,0.62422,0.16250,0.61562,0.13750,0.60625,0.11806,0.64844,0.20556,0.64219,0.15972,0.63438,0.13611,0.62422,0.11667,0.66328,0.21250,0.66250,0.17361,0.65703,0.15278,0.64844,0.13611,0.59562,0.66919,0.9998,0.74792,0.63942,0.9705,0.65980,0.32677,0.9922,0.66878,0.49981,0.65625,0.32778,79.93,0.9395,live,0.4038,0.4323,186.35,431.06
167201.138521,80.0,0.6333,2,1,1,0.65781,0.33056,0.62969,0.31389,0.61094,0.27778,0.60313,0.24167,0.59453,0.21389,0.62344,0.22778,0.61094,0.19167,0.60234,0.17083,0.59375,0.15278,0.63750,0.21528,0.62813,0.17083,0.61953,0.14583,0.61016,0.12639,0.65156,0.21250,0.64531,0.16806,0.63750,0.14444,0.62813,0.12500,0.66719,0.21806,0.66563,0.18194,0.66016,0.16111,0.65156,0.14583,0.59573,0.66972,0.9998,0.74871,0.64573,0.9715,0.66005,0.34034,0.9930,0.66658,0.46596,0.65781,0.33056,77.85,0.9329,live,0.4177,0.4808,209.35,435.39
167201.208877,80.0,0.7271,2,1,1,0.66172,0.33889,0.63438,0.32361,0.61562,0.28472,0.60781,0.24722,0.59922,0.22083,0.62813,0.23333,0.61562,0.19861,0.60781,0.17778,0.59922,0.16111,0.64219,0.22222,0.63359,0.17778,0.62500,0.15278,0.61641,0.13333,0.65703,0.21944,0.65078,0.17500,0.64375,0.15139,0.63438,0.13194,0.67266,0.22639,0.67109,0.19028,0.66563,0.16944,0.65781,0.15417,0.59575,0.67017,0.9998,0.74946,0.65005,0.9722,0.66133,0.33670,0.9936,0.66561,0.44054,0.66172,0.33889,78.60,0.9573,live,0.4353,0.5158,226.80,439.73
167201.270614,80.0,0.8094,2,1,1,0.66797,0.34583,0.63984,0.32917,0.62109,0.29028,0.61328,0.25278,0.60391,0.22639,0.63359,0.23889,0.62187,0.20278,0.61406,0.18333,0.60547,0.16528,0.64844,0.22778,0.63984,0.18333,0.63125,0.15833,0.62266,0.14028,0.66328,0.22639,0.65781,0.18194,0.65078,0.15833,0.64141,0.14028,0.67891,0.23333,0.67812,0.19583,0.67344,0.17639,0.66484,0.16111,0.59576,0.67404,0.9998,0.74958,0.64775,0.9724,0.66150,0.34114,0.9942,0.66608,0.42160,0.66797,0.34583,79.41,0.9586,live,0.4542,0.5401,239.89,444.13
167201.341930,80.0,0.9045,2,1,1,0.67422,0.35139,0.64609,0.33472,0.62734,0.29444,0.61953,0.25694,0.61094,0.23056,0.64062,0.24444,0.62969,0.20833,0.62109,0.18750,0.61328,0.17083,0.65469,0.23333,0.64687,0.18889,0.63906,0.16528,0.62969,0.14861,0.66953,0.23194,0.66484,0.18611,0.65703,0.16389,0.64687,0.14861,0.68516,0.23750,0.68594,0.20000,0.68047,0.18056,0.67188,0.16806,0.59615,0.67691,0.9998,0.75035,0.65102,0.9727,0.66395,0.34632,0.9947,0.66771,0.40756,0.67422,0.35139,79.30,0.9603,live,0.4542,0.4732,211.96,447.93
167201.406829,80.0,0.9911,2,1,1,0.68047,0.36111,0.65156,0.34306,0.63359,0.30278,0.62656,0.26528,0.61719,0.23750,0.64687,0.25417,0.63672,0.21806,0.62891,0.19722,0.62109,0.17917,0.66172,0.24306,0.65469,0.19861,0.64609,0.17500,0.63750,0.15972,0.67656,0.24167,0.67188,0.19722,0.66484,0.17639,0.65547,0.16111,0.69141,0.24861,0.69219,0.21250,0.68750,0.19306,0.67969,0.17917,0.59703,0.67778,0.9998,0.75321,0.65458,0.9732,0.67059,0.34670,0.9952,0.67026,0.39827,0.68047,0.36111,78.96,0.9561,live,0.4432,0.3934,177.42,451.04
167201.472329,80.0,0.0784,2,2,0,0.68594,0.38472,0.65859,0.36528,0.64141,0.32500,0.63438,0.28611,0.62656,0.25694,0.65625,0.27778,0.64531,0.23889,0.63672,0.21806,0.62813,0.20139,0.67109,0.26806,0.66406,0.22222,0.65547,0.19861,0.64531,0.18333,0.68594,0.26944,0.68281,0.22222,0.67422,0.20000,0.66406,0.18611,0.70000,0.27917,0.70234,0.24167,0.69844,0.22083,0.69063,0.20556,0.59707,0.68408,0.9998,0.75780,0.68762,0.9739,0.68085,0.36961,0.9957,0.67340,0.39556,0.68594,0.38472,76.52,0.9697,live,0.4193,0.3103,140.27,452.01
167201.541654,80.0,0.1708,2,2,0,0.68828,0.42917,0.66172,0.41528,0.64453,0.37639,0.63906,0.33750,0.63203,0.30694,0.65859,0.32639,0.65000,0.28194,0.64141,0.26528,0.63281,0.25556,0.67422,0.32083,0.66875,0.27222,0.66094,0.25139,0.65234,0.24306,0.68984,0.32639,0.68750,0.28194,0.68281,0.26389,0.67500,0.25417,0.70625,0.33889,0.70859,0.30139,0.70547,0.28194,0.69922,0.27222,0.59710,0.68753,0.9998,0.76500,0.74207,0.9753,0.68681,0.41394,0.9961,0.67637,0.40228,0.68828,0.42917,73.46,0.9085,live,0.3865,0.2372,106.92,450.66
167201.608634,80.0,0.2601,2,2,0,0.69531,0.54028,0.66875,0.52917,0.64687,0.49583,0.63438,0.45972,0.62734,0.42778,0.65859,0.44028,0.65234,0.37917,0.64922,0.38472,0.64922,0.40694,0.67656,0.43750,0.67031,0.37500,0.66641,0.39444,0.66797,0.42083,0.69531,0.44167,0.69063,0.38333,0.68516,0.40139,0.68437,0.42778,0.71484,0.45000,0.71250,0.40833,0.70781,0.42222,0.70625,0.44444,0.59629,0.68708,0.9998,0.76515,0.77723,0.9760,0.69024,0.49847,0.9964,0.68016,0.42988,0.69531,0.54028,76.44,0.8701,live,0.3478,0.1712,77.34,451.62
167201.672830,80.0,0.3457,2,2,0,0.66563,0.65833,0.68516,0.66528,0.70234,0.65694,0.71094,0.66528,0.71719,0.67917,0.68281,0.59722,0.67969,0.59583,0.67266,0.62500,0.66875,0.65000,0.66172,0.59306,0.66016,0.59167,0.65625,0.62500,0.65547,0.65278,0.64453,0.59583,0.64141,0.59028,0.63906,0.62083,0.63906,0.64722,0.63047,0.60417,0.62500,0.59444,0.62500,0.61389,0.62734,0.63333,0.60787,0.69317,0.9998,0.78257,0.86072,0.9764,0.69891,0.67045,0.9963,0.66563,0.65833,0.66563,0.65833,55.80,0.9387,live,0.3634,0.4344,190.11,437.60
167201.738714,80.0,0.4336,2,2,0,0.70078,0.77361,0.67500,0.76667,0.65156,0.75139,0.63438,0.74167,0.61875,0.73333,0.67266,0.71667,0.65234,0.72222,0.64141,0.74444,0.63281,0.76528,0.69141,0.72361,0.67188,0.74167,0.66016,0.77361,0.65312,0.80000,0.70937,0.73750,0.69688,0.75972,0.68828,0.79583,0.68203,0.82500,0.72344,0.75833,0.72109,0.78056,0.72031,0.80556,0.71875,0.82500,0.61152,0.70244,0.9998,0.79194,0.89028,0.9762,0.70338,0.80861,0.9955,0.68429,0.49863,0.70078,0.77361,48.78,0.9849,live,0.3797,0.4538,190.70,420.21
167201.805935,80.0,0.5232,2,2,0,0.70937,0.84861,0.68047,0.83750,0.65703,0.80694,0.64062,0.78194,0.62422,0.76111,0.67891,0.76250,0.65625,0.76389,0.64297,0.78333,0.63203,0.80417,0.69766,0.77222,0.67734,0.78194,0.66250,0.80972,0.65078,0.83611,0.71562,0.79306,0.70234,0.80556,0.68828,0.83889,0.67734,0.86528,0.72969,0.82083,0.72500,0.83472,0.71719,0.85833,0.71016,0.87500,0.61276,0.70757,0.9998,0.79800,0.91082,0.9767,0.71054,0.84166,0.9946,0.68930,0.56862,0.70937,0.84861,60.11,0.9956,live,0.3948,0.4639,191.61,413.06
167201.873510,80.0,0.6133,2,2,0,0.71562,0.87361,0.68516,0.85972,0.66172,0.81944,0.64453,0.78889,0.62734,0.76111,0.68359,0.76944,0.65938,0.77222,0.64531,0.78750,0.63125,0.80556,0.70234,0.77778,0.67969,0.78750,0.66484,0.81667,0.65391,0.84306,0.72031,0.79861,0.70469,0.80694,0.69141,0.83889,0.68047,0.86806,0.73516,0.82917,0.73281,0.84583,0.72578,0.87083,0.71875,0.89167,0.61334,0.71227,0.9998,0.79527,0.90613,0.9767,0.71653,0.84315,0.9942,0.69457,0.62962,0.71562,0.87361,68.98,0.9970,live,0.4077,0.4666,192.79,413.16
167201.940888,80.0,0.7031,2,2,0,0.71875,0.87083,0.69063,0.86250,0.66641,0.83611,0.64844,0.81806,0.63125,0.79722,0.68281,0.76944,0.65781,0.77361,0.64141,0.79167,0.62813,0.81250,0.70234,0.77639,0.67812,0.78333,0.66328,0.81528,0.65312,0.84306,0.71953,0.79583,0.70547,0.80556,0.69141,0.83750,0.68047,0.86667,0.73438,0.82500,0.73281,0.84583,0.72734,0.87361,0.72188,0.89444,0.61931,0.71128,0.9999,0.79962,0.91489,0.9762,0.71737,0.84060,0.9940,0.69940,0.67786,0.71875,0.87083,68.30,0.9967,live,0.4250,0.5035,207.81,412.76
167202.005982,80.0,0.7899,2,2,0,0.71719,0.86528,0.68750,0.85972,0.66094,0.83056,0.64219,0.80694,0.62344,0.78056,0.67969,0.76944,0.65625,0.77361,0.64141,0.79167,0.62734,0.81250,0.69922,0.77361,0.67734,0.78333,0.66250,0.81389,0.65078,0.84167,0.71797,0.79306,0.70547,0.80417,0.69141,0.83750,0.67891,0.86944,0.73359,0.82222,0.73359,0.84306,0.72734,0.87222,0.72031,0.89444,0.62008,0.71217,0.9999,0.80121,0.91162,0.9756,0.72457,0.84399,0.9930,0.70296,0.71535,0.71719,0.86528,67.54,0.9984,live,0.4513,0.5710,235.15,411.86
167202.074843,80.0,0.8818,2,2,0,0.71875,0.86250,0.68828,0.85833,0.66250,0.83750,0.64375,0.82083,0.62656,0.80000,0.67734,0.76944,0.65312,0.77778,0.63828,0.79583,0.62500,0.81667,0.69766,0.77361,0.67578,0.78611,0.66094,0.81667,0.65000,0.84306,0.71641,0.79167,0.70391,0.80694,0.68984,0.84167,0.67734,0.87361,0.73281,0.81944,0.73203,0.84306,0.72656,0.87361,0.72031,0.89722,0.61980,0.71233,0.9999,0.80305,0.90575,0.9749,0.72328,0.84071,0.9922,0.70612,0.74478,0.71875,0.86250,67.59,0.9968,live,0.4804,0.6130,251.99,411.10
167202.137922,80.0,0.9659,2,2,0,0.72109,0.84583,0.68828,0.84722,0.66094,0.82917,0.64062,0.81389,0.62344,0.79306,0.67578,0.76250,0.65234,0.77222,0.63906,0.79167,0.62578,0.81250,0.69609,0.76389,0.67266,0.77917,0.65625,0.80694,0.64453,0.83333,0.71562,0.78056,0.70156,0.80000,0.68984,0.83472,0.68047,0.86667,0.73281,0.80694,0.73125,0.83194,0.72813,0.86111,0.72422,0.88472,0.61961,0.71101,0.9999,0.80347,0.90295,0.9744,0.72309,0.83631,0.9919,0.70911,0.76499,0.72109,0.84583,65.51,0.9962,live,0.5114,0.6530,267.02,408.93
167202.240298,80.0,0.1024,2,1,1,0.70312,0.71806,0.67422,0.70972,0.65156,0.68056,0.63594,0.65972,0.62266,0.64444,0.67109,0.64722,0.65234,0.65000,0.64375,0.67917,0.63672,0.70833,0.69219,0.65556,0.67734,0.66389,0.66797,0.69306,0.66172,0.72500,0.71328,0.67083,0.70391,0.67778,0.69609,0.70694,0.68828,0.73472,0.72969,0.69167,0.73281,0.69861,0.73203,0.72361,0.72969,0.74583,0.62901,0.70802,0.9999,0.80033,0.90105,0.9731,0.72239,0.79299,0.9914,0.70792,0.75560,0.70312,0.71806,58.26,0.9740,live,0.5114,0.4970,199.70,401.81
167202.305581,80.0,0.1894,2,1,1,0.71016,0.60417,0.68125,0.59861,0.65469,0.57083,0.64062,0.54028,0.63672,0.51111,0.65781,0.53333,0.64453,0.48750,0.64219,0.49444,0.64141,0.51667,0.67500,0.52500,0.66406,0.47917,0.66328,0.49583,0.66406,0.51944,0.69531,0.52361,0.68359,0.47778,0.68125,0.49722,0.68203,0.52222,0.71484,0.52500,0.70547,0.48750,0.70234,0.50278,0.70234,0.52361,0.62289,0.69187,0.9999,0.79236,0.84431,0.9735,0.71201,0.61829,0.9922,0.67453,0.64750,0.71016,0.60417,71.85,0.7963,live,0.5068,0.4856,196.82,405.32
167202.371247,80.0,0.2770,2,1,1,0.70000,0.48056,0.67188,0.46528,0.65000,0.43056,0.63594,0.39167,0.62734,0.35972,0.66094,0.38194,0.65156,0.32917,0.64609,0.31944,0.64453,0.32917,0.67891,0.37500,0.67031,0.32639,0.66563,0.31944,0.66250,0.33194,0.69688,0.37917,0.68984,0.33611,0.68437,0.32917,0.68125,0.33611,0.71328,0.38889,0.71172,0.35556,0.70859,0.34861,0.70703,0.35139,0.61504,0.68522,0.9999,0.79033,0.78550,0.9749,0.70599,0.47222,0.9929,0.70633,0.70059,0.70000,0.48056,75.71,0.7289,live,0.4804,0.3603,148.15,411.19
167202.440964,80.0,0.3699,2,1,1,0.69844,0.42500,0.66563,0.38750,0.64687,0.34306,0.63672,0.30139,0.62422,0.27083,0.65859,0.31250,0.64922,0.27500,0.64297,0.25139,0.63672,0.22778,0.67344,0.30556,0.66797,0.26389,0.66172,0.23889,0.65469,0.21667,0.68828,0.30417,0.68437,0.26389,0.67734,0.23611,0.66953,0.21250,0.70469,0.30833,0.70234,0.27222,0.69844,0.24722,0.69219,0.22639,0.61157,0.68299,0.9999,0.77865,0.70296,0.9761,0.69642,0.39359,0.9936,0.70475,0.64547,0.69844,0.42500,82.73,0.8611,live,0.4397,0.2540,107.05,421.42
167202.504551,80.0,0.4547,2,1,1,0.68203,0.33194,0.65312,0.31944,0.63516,0.27917,0.62656,0.24306,0.61641,0.21806,0.64609,0.22917,0.63359,0.19306,0.62344,0.17222,0.61250,0.15833,0.66172,0.21806,0.65078,0.17778,0.63906,0.15556,0.62656,0.14028,0.67812,0.21806,0.67109,0.17500,0.66094,0.15278,0.65000,0.13750,0.69453,0.22500,0.69375,0.18750,0.68750,0.16667,0.67969,0.15278,0.60965,0.67943,0.9999,0.76696,0.65908,0.9765,0.68754,0.32705,0.9942,0.70021,0.58277,0.68203,0.33194,78.47,0.9366,live,0.4188,0.3240,138.46,427.35
167202.572538,80.0,0.5453,2,1,1,0.68437,0.33472,0.65234,0.30417,0.63438,0.26667,0.62500,0.23194,0.61406,0.20833,0.64375,0.21806,0.63047,0.18333,0.62031,0.16250,0.61016,0.14306,0.65703,0.20556,0.64531,0.16528,0.63359,0.14028,0.62187,0.11944,0.67109,0.20278,0.66406,0.16111,0.65312,0.13611,0.64141,0.11667,0.68750,0.20972,0.68750,0.17222,0.68125,0.15139,0.67188,0.13472,0.60862,0.67749,0.9998,0.76483,0.63830,0.9781,0.68237,0.30345,0.9948,0.69704,0.53316,0.68437,0.33472,86.14,0.9337,live,0.4188,0.3942,172.69,438.09
167202.641445,80.0,0.6372,2,1,1,0.67969,0.32083,0.65078,0.30417,0.63203,0.26667,0.62344,0.23333,0.61172,0.20833,0.64141,0.21389,0.62813,0.17778,0.61797,0.15972,0.60859,0.14444,0.65547,0.20139,0.64453,0.15833,0.63359,0.13750,0.62187,0.12361,0.67031,0.19861,0.66250,0.15417,0.65312,0.13194,0.64219,0.11806,0.68594,0.20556,0.68437,0.16667,0.67891,0.14583,0.67031,0.13056,0.60786,0.67773,0.9998,0.76182,0.63827,0.9781,0.68145,0.31101,0.9953,0.69357,0.49069,0.67969,0.32083,80.85,0.9358,live,0.4256,0.4561,202.39,443.73
167202.705321,80.0,0.7224,2,1,1,0.68047,0.32500,0.65156,0.30833,0.63281,0.27083,0.62422,0.23611,0.61406,0.21250,0.64297,0.21944,0.62969,0.18194,0.62031,0.16250,0.61016,0.14861,0.65703,0.20694,0.64609,0.16389,0.63594,0.14167,0.62500,0.12917,0.67188,0.20556,0.66484,0.16111,0.65625,0.13889,0.64531,0.12639,0.68906,0.20972,0.68672,0.17222,0.68125,0.15278,0.67188,0.14028,0.60791,0.67861,0.9998,0.76206,0.64527,0.9794,0.68205,0.31180,0.9957,0.69095,0.45756,0.68047,0.32500,80.79,0.9341,live,0.4395,0.5031,225.73,448.65
167202.775527,80.0,0.8160,2,1,1,0.68281,0.33194,0.65391,0.31667,0.63594,0.27917,0.62734,0.24167,0.61641,0.21667,0.64609,0.22500,0.63359,0.18750,0.62422,0.16806,0.61484,0.15278,0.66094,0.21389,0.65000,0.17083,0.63984,0.14861,0.62969,0.13333,0.67578,0.21250,0.66875,0.16806,0.66016,0.14722,0.64922,0.13194,0.69219,0.21944,0.69063,0.18333,0.68516,0.16389,0.67656,0.15000,0.60752,0.67957,0.9998,0.76269,0.65158,0.9795,0.68080,0.32221,0.9961,0.68932,0.43243,0.68281,0.33194,80.18,0.9508,live,0.4545,0.5228,236.57,452.54
167202.843045,80.0,0.9060,2,1,1,0.68437,0.33750,0.65625,0.32222,0.63750,0.28333,0.62969,0.24583,0.61797,0.21944,0.64844,0.23056,0.63594,0.19167,0.62656,0.17222,0.61641,0.15833,0.66328,0.21944,0.65312,0.17500,0.64297,0.15278,0.63281,0.13750,0.67891,0.21806,0.67188,0.17361,0.66328,0.15139,0.65234,0.13750,0.69531,0.22500,0.69531,0.18889,0.68984,0.16944,0.68047,0.15556,0.60671,0.68060,0.9998,0.76278,0.65596,0.9802,0.68114,0.32442,0.9964,0.68833,0.41345,0.68437,0.33750,80.30,0.9510,live,0.4545,0.4620,210.71,456.05
167202.908363,80.0,0.9931,2,1,1,0.68516,0.34306,0.65703,0.32500,0.63906,0.28611,0.63125,0.24861,0.62031,0.22083,0.65156,0.23333,0.63906,0.19583,0.62891,0.17639,0.61953,0.15972,0.66641,0.22361,0.65625,0.17917,0.64609,0.15694,0.63594,0.14028,0.68125,0.22222,0.67500,0.17917,0.66563,0.15556,0.65469,0.14028,0.69844,0.22917,0.69766,0.19306,0.69219,0.17500,0.68281,0.16111,0.60681,0.68071,0.9998,0.76278,0.65787,0.9808,0.68126,0.32767,0.9968,0.68770,0.39937,0.68516,0.34306,80.76,0.9610,live,0.4545,0.4749,218.19,459.48
167202.975890,80.0,0.0831,2,2,0,0.68672,0.35833,0.65781,0.34028,0.64062,0.29861,0.63281,0.26111,0.62266,0.23472,0.65391,0.24583,0.64141,0.20694,0.63203,0.18611,0.62266,0.17083,0.66875,0.23750,0.65859,0.19167,0.64844,0.16806,0.63750,0.15139,0.68437,0.23750,0.67812,0.19306,0.66953,0.16944,0.65859,0.15278,0.70078,0.24722,0.70078,0.20972,0.69531,0.19028,0.68672,0.17639,0.60658,0.67785,0.9998,0.76101,0.66506,0.9809,0.68140,0.32929,0.9971,0.68750,0.39116,0.68672,0.35833,80.81,0.9559,live,0.4445,0.3988,184.43,462.52
167203.042597,80.0,0.1721,2,2,0,0.68281,0.39861,0.65469,0.38194,0.63672,0.34167,0.62891,0.30417,0.61953,0.27500,0.65156,0.28750,0.64062,0.24306,0.62969,0.22500,0.61875,0.21111,0.66719,0.28056,0.65938,0.23056,0.64922,0.20694,0.63906,0.19167,0.68281,0.28472,0.67891,0.23889,0.67109,0.21528,0.66172,0.19861,0.69922,0.29861,0.70156,0.26250,0.69844,0.24167,0.69141,0.22500,0.60629,0.67780,0.9998,0.76106,0.71958,0.9812,0.68163,0.37997,0.9973,0.68656,0.39265,0.68281,0.39861,78.32,0.9639,live,0.4185,0.3001,139.06,463.41
167203.106560,80.0,0.2574,2,2,0,0.68125,0.49028,0.65234,0.47917,0.63125,0.44444,0.61719,0.41389,0.60781,0.38750,0.63750,0.38472,0.63047,0.32222,0.62656,0.32500,0.62578,0.34722,0.65547,0.37917,0.65000,0.31806,0.64687,0.33472,0.64687,0.36250,0.67500,0.38056,0.67031,0.32500,0.66641,0.34583,0.66563,0.37222,0.69453,0.38889,0.69063,0.35000,0.68594,0.36528,0.68516,0.38750,0.60459,0.67843,0.9998,0.76549,0.78153,0.9809,0.68063,0.46694,0.9975,0.68550,0.41218,0.68125,0.49028,82.24,0.5850,live,0.3830,0.2212,103.30,467.01
167203.174143,80.0,0.3475,2,2,0,0.64766,0.59583,0.66641,0.60556,0.68125,0.60694,0.68750,0.61944,0.69063,0.63333,0.66484,0.55278,0.65938,0.55556,0.65234,0.59028,0.64922,0.61944,0.64297,0.54583,0.63516,0.54444,0.63047,0.58056,0.63047,0.60972,0.62422,0.54583,0.61641,0.54028,0.61172,0.57361,0.61172,0.60278,0.61016,0.55278,0.60000,0.54861,0.59609,0.57361,0.59766,0.59722,0.60874,0.65895,0.9998,0.77394,0.82530,0.9798,0.67963,0.62444,0.9974,0.64766,0.59583,0.64766,0.59583,50.41,0.9436,live,0.3779,0.3547,158.65,447.27
167203.239543,80.0,0.4347,2,2,0,0.69219,0.74722,0.67188,0.75833,0.64922,0.76389,0.63359,0.77639,0.62344,0.78611,0.65469,0.72222,0.62422,0.74306,0.61172,0.77778,0.60547,0.81111,0.66406,0.71667,0.64297,0.75972,0.62891,0.80278,0.62031,0.83889,0.67500,0.72361,0.66484,0.77361,0.65469,0.81944,0.64766,0.85417,0.68594,0.73889,0.68203,0.78333,0.67891,0.82083,0.67578,0.85139,0.61652,0.69313,0.9998,0.79687,0.87170,0.9797,0.69170,0.77267,0.9965,0.68684,0.47919,0.69219,0.74722,36.30,0.9949,live,0.3779,0.3780,158.65,419.74
167203.306810,80.0,0.5244,2,2,0,0.70703,0.80139,0.67500,0.80278,0.64453,0.82361,0.61797,0.83750,0.59688,0.83472,0.64922,0.80278,0.62500,0.82778,0.61016,0.85972,0.60078,0.88889,0.66953,0.81528,0.64687,0.85417,0.63281,0.89583,0.62422,0.92778,0.68984,0.83333,0.67656,0.88056,0.66406,0.92083,0.65469,0.95417,0.70937,0.85556,0.70469,0.90417,0.70000,0.93889,0.69453,0.96667,0.61962,0.70342,0.9998,0.79371,0.88802,0.9778,0.70366,0.84003,0.9941,0.69088,0.54363,0.70703,0.80139,62.00,0.9924,live,0.3779,0.3802,157.41,414.01
167203.372969,80.0,0.6126,2,2,0,0.70781,0.82917,0.67500,0.82500,0.64453,0.84167,0.61797,0.85556,0.59609,0.85417,0.65078,0.82917,0.62578,0.86389,0.61094,0.89861,0.60078,0.92639,0.67266,0.84583,0.65000,0.88750,0.63438,0.93056,0.62422,0.96111,0.69453,0.86389,0.67656,0.91111,0.66328,0.95278,0.65234,0.98472,0.71406,0.88472,0.70859,0.93611,0.70312,0.97361,0.69844,0.99861,0.62233,0.70569,0.9998,0.79343,0.88615,0.9735,0.71112,0.86915,0.9919,0.69426,0.60073,0.70781,0.82917,62.68,0.9969,live,0.3779,0.3963,162.26,409.46
167203.440324,80.0,0.7024,2,2,0,0.71016,0.83750,0.67734,0.83194,0.64453,0.84722,0.61641,0.86250,0.59609,0.85833,0.65547,0.83333,0.62969,0.86806,0.61406,0.90278,0.60234,0.93333,0.67656,0.85000,0.65547,0.89167,0.63828,0.93611,0.62734,0.97083,0.69766,0.86944,0.68203,0.91667,0.66719,0.95833,0.65703,0.99306,0.71719,0.89306,0.71094,0.94306,0.70469,0.98194,0.70000,0.99861,0.62392,0.70638,0.9998,0.79522,0.89284,0.9696,0.71663,0.86390,0.9901,0.69744,0.64809,0.71016,0.83750,61.24,0.9984,live,0.3969,0.4838,195.66,404.41
167203.510383,80.0,0.7958,2,2,0,0.71328,0.83194,0.67969,0.82778,0.64766,0.84167,0.62031,0.85694,0.59922,0.85417,0.65859,0.83056,0.63281,0.86528,0.61641,0.90139,0.60625,0.93056,0.67891,0.84583,0.65703,0.89167,0.64062,0.93472,0.62969,0.96806,0.70000,0.86528,0.68516,0.91667,0.66953,0.95694,0.65781,0.98889,0.71875,0.88889,0.71406,0.94028,0.70781,0.97500,0.70156,0.99861,0.62362,0.70919,0.9998,0.78952,0.90362,0.9652,0.72125,0.85978,0.9899,0.70061,0.68486,0.71328,0.83194,61.11,0.9982,live,0.4255,0.5553,222.06,399.88
167203.576095,80.0,0.8834,2,2,0,0.71641,0.82222,0.68281,0.81806,0.65078,0.83056,0.62422,0.84444,0.60313,0.84306,0.66016,0.82083,0.63516,0.85417,0.61953,0.88889,0.60938,0.91806,0.68047,0.83611,0.65938,0.88056,0.64375,0.92361,0.63281,0.95694,0.70156,0.85556,0.68594,0.90556,0.67266,0.94583,0.66172,0.97917,0.72031,0.87639,0.71641,0.92639,0.71094,0.96250,0.70469,0.99167,0.62344,0.70776,0.9998,0.77797,0.89869,0.9604,0.72004,0.86095,0.9881,0.70377,0.71233,0.71641,0.82222,61.29,0.9978,live,0.4585,0.6088,241.12,396.02
167203.640796,80.0,0.9697,2,2,0,0.71875,0.80000,0.68516,0.80417,0.65391,0.81667,0.62734,0.82778,0.60703,0.82361,0.66172,0.80139,0.63672,0.82639,0.62187,0.85833,0.61172,0.88611,0.68125,0.81250,0.66172,0.85000,0.64609,0.89028,0.63594,0.92361,0.70156,0.82917,0.68828,0.87361,0.67578,0.91528,0.66641,0.94861,0.72266,0.85000,0.71719,0.89583,0.71250,0.92917,0.70859,0.95972,0.62335,0.70871,0.9998,0.77806,0.89880,0.9585,0.72506,0.85434,0.9868,0.70677,0.72987,0.71875,0.80000,60.92,0.9977,live,0.4926,0.6481,254.31,392.36
167203.705541,80.0,0.0560,2,1,1,0.72344,0.77639,0.68828,0.77639,0.65156,0.77639,0.62344,0.77639,0.60469,0.76944,0.66016,0.75833,0.63438,0.76806,0.62109,0.78889,0.61094,0.81111,0.67734,0.76667,0.65781,0.78611,0.64531,0.81250,0.63672,0.83889,0.69844,0.78056,0.68281,0.80833,0.67266,0.83889,0.66484,0.86944,0.71953,0.79861,0.71406,0.83472,0.70937,0.86389,0.70391,0.89167,0.62160,0.70587,0.9998,0.78491,0.89728,0.9598,0.71740,0.83304,0.9873,0.71010,0.73917,0.72344,0.77639,59.89,0.9379,live,0.5192,0.6401,248.63,388.40
167203.776428,80.0,0.1505,2,1,1,0.67344,0.67778,0.68359,0.67917,0.68828,0.67361,0.68203,0.67778,0.67344,0.69306,0.67578,0.61111,0.65859,0.62222,0.64687,0.65278,0.64297,0.68194,0.66172,0.60972,0.64687,0.62083,0.63984,0.65556,0.63750,0.68889,0.65078,0.61667,0.63750,0.62917,0.63359,0.65972,0.63281,0.68750,0.63984,0.63056,0.62891,0.63472,0.62813,0.65278,0.62891,0.67222,0.62079,0.68888,0.9998,0.77653,0.85952,0.9580,0.71058,0.73222,0.9859,0.70277,0.72689,0.67344,0.67778,50.56,0.6347,live,0.5192,0.5012,189.54,378.20
167203.841612,80.0,0.2374,2,1,1,0.68125,0.56250,0.65859,0.55556,0.63984,0.52639,0.62656,0.50278,0.61562,0.48333,0.64531,0.46250,0.63359,0.44306,0.63047,0.47361,0.63359,0.50139,0.65156,0.45694,0.63984,0.44028,0.63672,0.47500,0.63984,0.50556,0.66016,0.45694,0.64922,0.44722,0.64531,0.48056,0.64844,0.50694,0.66953,0.46389,0.66016,0.45278,0.65625,0.47778,0.65703,0.50000,0.60530,0.68107,0.9998,0.77134,0.82299,0.9580,0.68743,0.58323,0.9871,0.69846,0.69401,0.68125,0.56250,68.50,0.9537,live,0.4930,0.3740,142.93,382.13
167203.906386,80.0,0.3238,2,1,1,0.68281,0.45278,0.65547,0.44167,0.63438,0.40139,0.62266,0.36389,0.61250,0.33472,0.64219,0.35139,0.63516,0.30000,0.62813,0.28194,0.62344,0.28611,0.65938,0.34583,0.65391,0.29167,0.64766,0.28611,0.64297,0.30417,0.67656,0.34861,0.67266,0.29861,0.66797,0.30000,0.66484,0.31944,0.69375,0.35833,0.69063,0.32222,0.68672,0.32083,0.68516,0.33611,0.60205,0.67724,0.9998,0.77164,0.76663,0.9599,0.68136,0.44826,0.9884,0.69533,0.64577,0.68281,0.45278,76.97,0.9211,live,0.4700,0.3649,142.93,391.69
167203.970913,80.0,0.4098,2,1,1,0.68437,0.40833,0.65156,0.37500,0.63281,0.33194,0.62422,0.29167,0.61328,0.26250,0.64687,0.28889,0.63359,0.24861,0.62422,0.22361,0.61406,0.20278,0.66016,0.27917,0.65078,0.23611,0.64141,0.20972,0.63125,0.19167,0.67344,0.27917,0.66797,0.23611,0.65859,0.21111,0.64766,0.19444,0.68828,0.28889,0.68672,0.25278,0.68047,0.23194,0.67188,0.21944,0.60033,0.67648,0.9998,0.76575,0.70968,0.9616,0.67825,0.38033,0.9895,0.69314,0.59828,0.68437,0.40833,83.92,0.9493,live,0.4315,0.2561,103.74,405.11
167204.041111,80.0,0.5034,2,1,1,0.67969,0.37222,0.64687,0.34028,0.62891,0.29861,0.62031,0.26111,0.60938,0.23194,0.63984,0.24861,0.62734,0.20972,0.61641,0.19028,0.60547,0.17222,0.65312,0.23611,0.64297,0.19306,0.63125,0.16806,0.61953,0.15139,0.66719,0.23472,0.66094,0.19028,0.65000,0.16667,0.63750,0.15278,0.68281,0.24306,0.68125,0.20417,0.67344,0.18472,0.66250,0.17222,0.60026,0.67282,0.9998,0.76198,0.67626,0.9635,0.67546,0.34661,0.9905,0.69045,0.55307,0.67969,0.37222,88.63,0.9582,live,0.4122,0.3244,136.33,420.31
167204.105659,80.0,0.5895,2,1,1,0.67656,0.34861,0.64531,0.32639,0.62656,0.28889,0.61719,0.25278,0.60625,0.22639,0.63828,0.23611,0.62500,0.19861,0.61406,0.17917,0.60391,0.16250,0.65234,0.22361,0.64062,0.17778,0.62969,0.15417,0.61875,0.13750,0.66641,0.22222,0.65781,0.17500,0.64766,0.15278,0.63672,0.13889,0.68203,0.23056,0.67812,0.19028,0.67031,0.17222,0.65938,0.16111,0.60058,0.67249,0.9998,0.76038,0.65449,0.9655,0.67497,0.33988,0.9914,0.68767,0.51218,0.67656,0.34861,82.82,0.9548,live,0.4075,0.3863,165.94,429.51
167204.174410,80.0,0.6812,2,1,1,0.67734,0.34722,0.64687,0.32917,0.62813,0.29028,0.61953,0.25278,0.60938,0.22500,0.63984,0.23750,0.62656,0.20000,0.61562,0.18194,0.60469,0.16806,0.65391,0.22639,0.64297,0.18194,0.63125,0.15972,0.61953,0.14306,0.66797,0.22500,0.66016,0.17917,0.64922,0.15833,0.63672,0.14583,0.68359,0.22917,0.68047,0.19028,0.67188,0.17361,0.66016,0.16389,0.60080,0.66946,0.9998,0.75951,0.64751,0.9665,0.67427,0.33008,0.9922,0.68561,0.47919,0.67734,0.34722,81.54,0.9588,live,0.4124,0.4346,189.80,436.68
167204.243492,80.0,0.7733,2,1,1,0.67969,0.35278,0.65078,0.33472,0.63125,0.29444,0.62266,0.25694,0.61172,0.22917,0.64297,0.24306,0.62969,0.20694,0.61875,0.18750,0.60859,0.17222,0.65703,0.23056,0.64609,0.18750,0.63516,0.16389,0.62422,0.14861,0.67109,0.22917,0.66406,0.18472,0.65391,0.16389,0.64219,0.15000,0.68672,0.23611,0.68437,0.19861,0.67656,0.18056,0.66563,0.17083,0.60058,0.66958,0.9998,0.75962,0.66228,0.9677,0.67439,0.34603,0.9929,0.68442,0.45390,0.67969,0.35278,81.32,0.9664,live,0.4227,0.4697,208.00,442.83
167204.307165,80.0,0.8582,2,1,1,0.68359,0.35972,0.65312,0.34167,0.63438,0.30139,0.62656,0.26389,0.61484,0.23472,0.64687,0.24861,0.63359,0.21250,0.62344,0.19306,0.61250,0.17778,0.66094,0.23889,0.65000,0.19444,0.63984,0.17083,0.62813,0.15417,0.67500,0.23750,0.66797,0.19444,0.65859,0.17222,0.64687,0.15833,0.69141,0.24444,0.68906,0.20694,0.68203,0.19028,0.67188,0.18056,0.60061,0.66922,0.9998,0.76075,0.66900,0.9676,0.67447,0.34942,0.9936,0.68426,0.43507,0.68359,0.35972,81.29,0.9580,live,0.4316,0.4717,211.44,448.22
167204.374258,80.0,0.9476,2,1,1,0.68594,0.36667,0.65625,0.34722,0.63828,0.30694,0.63047,0.26806,0.61953,0.24167,0.65078,0.25417,0.63750,0.21806,0.62734,0.20000,0.61641,0.18333,0.66484,0.24444,0.65391,0.20139,0.64297,0.17778,0.63203,0.16111,0.67891,0.24444,0.67188,0.20000,0.66172,0.17778,0.65000,0.16528,0.69531,0.25139,0.69297,0.21389,0.68594,0.19722,0.67578,0.19028,0.60086,0.67413,0.9998,0.76177,0.67325,0.9687,0.67537,0.35521,0.9942,0.68459,0.42139,0.68594,0.36667,81.40,0.9703,live,0.4418,0.4883,221.24,453.04
167204.443664,80.0,0.0402,2,2,0,0.68828,0.38056,0.65938,0.36111,0.64141,0.31806,0.63359,0.28056,0.62344,0.25139,0.65469,0.26528,0.64219,0.22917,0.63125,0.20972,0.62031,0.19444,0.66875,0.25694,0.65859,0.21250,0.64766,0.18889,0.63594,0.17083,0.68359,0.25833,0.67734,0.21389,0.66797,0.19167,0.65625,0.17639,0.70000,0.26806,0.69844,0.23056,0.69219,0.21250,0.68281,0.20139,0.60112,0.67367,0.9998,0.76196,0.68112,0.9695,0.67886,0.35878,0.9947,0.68533,0.41322,0.68828,0.38056,81.58,0.9742,live,0.4284,0.3673,168.03,457.42
167204.503980,80.0,0.1206,2,2,0,0.69063,0.40972,0.66250,0.38889,0.64531,0.34583,0.63750,0.30694,0.62656,0.27778,0.65859,0.29722,0.64609,0.25417,0.63516,0.23472,0.62344,0.22361,0.67344,0.29028,0.66406,0.24167,0.65234,0.21944,0.64062,0.20556,0.68906,0.29306,0.68281,0.24444,0.67266,0.22222,0.66094,0.21111,0.70469,0.30417,0.70391,0.26389,0.69766,0.24583,0.68750,0.23472,0.60171,0.67848,0.9998,0.76476,0.72001,0.9715,0.68281,0.38853,0.9952,0.68639,0.41252,0.69063,0.40972,79.22,0.9653,live,0.4173,0.3667,168.53,459.56
167204.575920,80.0,0.2165,2,2,0,0.69141,0.45417,0.66406,0.44583,0.64453,0.40972,0.63516,0.37222,0.62578,0.34028,0.65312,0.34444,0.64375,0.30139,0.63594,0.29028,0.62969,0.29722,0.66953,0.33750,0.66250,0.29167,0.65469,0.28333,0.64844,0.29583,0.68750,0.34444,0.68359,0.30000,0.67812,0.29722,0.67188,0.31111,0.70547,0.35972,0.70625,0.32639,0.70312,0.32361,0.69922,0.33333,0.60159,0.68091,0.9998,0.76727,0.77000,0.9725,0.68586,0.44781,0.9956,0.68739,0.42085,0.69141,0.45417,79.94,0.8491,live,0.3817,0.2197,101.50,461.97
167204.641694,80.0,0.3042,2,2,0,0.68594,0.57917,0.66094,0.57361,0.63984,0.53750,0.62891,0.50694,0.62422,0.48056,0.63984,0.47639,0.63438,0.44167,0.63203,0.47083,0.63281,0.50278,0.65938,0.47083,0.65391,0.43750,0.65000,0.47361,0.65078,0.50972,0.68047,0.47361,0.67500,0.44583,0.67109,0.48472,0.67031,0.52083,0.70156,0.48333,0.69844,0.46528,0.69688,0.49861,0.69688,0.53056,0.60162,0.68121,0.9998,0.77239,0.82770,0.9723,0.68923,0.57719,0.9959,0.68710,0.45251,0.68594,0.57917,82.68,0.9423,live,0.3408,0.1542,71.88,466.06
167204.707716,80.0,0.3922,2,2,0,0.64687,0.64861,0.67969,0.68472,0.71016,0.71389,0.72891,0.74028,0.74141,0.75833,0.70000,0.70139,0.71172,0.72361,0.70937,0.75556,0.70391,0.78333,0.67500,0.69028,0.67969,0.71389,0.67734,0.75139,0.67188,0.78056,0.64922,0.68056,0.65000,0.70000,0.64766,0.73472,0.64297,0.76250,0.62266,0.67361,0.61875,0.69028,0.61875,0.71667,0.61719,0.74028,0.61281,0.68420,0.9998,0.78830,0.86186,0.9710,0.69480,0.74777,0.9936,0.64687,0.64861,0.64687,0.64861,65.40,0.9001,live,0.3494,0.3887,177.72,457.23
167204.774478,80.0,0.4813,2,2,0,0.72656,0.82222,0.69063,0.83056,0.65781,0.83889,0.63203,0.84306,0.61172,0.84306,0.66484,0.80000,0.64141,0.82222,0.62813,0.85417,0.61953,0.88472,0.68516,0.80556,0.66328,0.84306,0.65156,0.88611,0.64531,0.92083,0.70703,0.81944,0.69063,0.86389,0.68125,0.90972,0.67578,0.94444,0.72734,0.83750,0.72344,0.88472,0.71797,0.91944,0.71484,0.94583,0.61253,0.69138,0.9998,0.78640,0.88793,0.9707,0.70831,0.83113,0.9934,0.69499,0.52646,0.72656,0.82222,57.61,0.9798,live,0.3598,0.4074,180.80,443.83
167204.843649,80.0,0.5735,2,2,0,0.73828,0.85833,0.70391,0.85556,0.67031,0.87083,0.64219,0.88750,0.61953,0.89306,0.67344,0.83889,0.64687,0.86528,0.63203,0.89722,0.62187,0.92639,0.69297,0.84861,0.66875,0.88750,0.65391,0.92917,0.64531,0.96250,0.71406,0.86667,0.69531,0.90556,0.68281,0.94583,0.67422,0.97639,0.73359,0.88750,0.72500,0.93056,0.71719,0.96389,0.71094,0.99028,0.61289,0.70709,0.9998,0.78594,0.88666,0.9706,0.72207,0.86486,0.9931,0.70365,0.59283,0.73828,0.85833,62.25,0.9717,live,0.3715,0.4246,184.87,435.40
167204.908261,80.0,0.6596,2,2,0,0.74141,0.87917,0.70625,0.87778,0.67344,0.88333,0.64687,0.89306,0.62500,0.89583,0.67969,0.84722,0.65391,0.86667,0.63672,0.89722,0.62656,0.92222,0.69922,0.85694,0.67656,0.88194,0.65938,0.92361,0.65156,0.95972,0.72109,0.87500,0.70469,0.90000,0.68906,0.93889,0.67891,0.97083,0.74219,0.90000,0.73594,0.92917,0.72578,0.95833,0.71875,0.98333,0.61285,0.70779,0.9998,0.78541,0.87953,0.9701,0.72770,0.86774,0.9922,0.71120,0.65010,0.74141,0.87917,60.55,0.9886,live,0.3847,0.4449,189.84,426.75
167204.976854,80.0,0.7511,2,2,0,0.74922,0.88611,0.71094,0.89028,0.67734,0.89028,0.65156,0.88750,0.63047,0.88333,0.68516,0.83889,0.66016,0.85278,0.64375,0.87778,0.63203,0.90417,0.70312,0.84722,0.68125,0.86944,0.66484,0.90694,0.65469,0.94306,0.72500,0.86528,0.70937,0.89028,0.69531,0.92778,0.68359,0.95833,0.74687,0.88889,0.74219,0.91806,0.73359,0.94722,0.72656,0.97083,0.61373,0.70718,0.9998,0.78467,0.87516,0.9695,0.73288,0.86134,0.9923,0.71881,0.69730,0.74922,0.88611,61.12,0.9666,live,0.4119,0.5357,224.76,419.55
167205.038506,80.0,0.8333,2,2,0,0.74922,0.89583,0.71250,0.89306,0.68047,0.88472,0.65625,0.87778,0.63438,0.86806,0.68828,0.83472,0.66641,0.83889,0.64922,0.86528,0.63750,0.89167,0.70703,0.84167,0.68750,0.85972,0.67031,0.89861,0.65859,0.93333,0.72813,0.85972,0.71562,0.88056,0.70078,0.91667,0.68984,0.94722,0.75000,0.88333,0.74375,0.90972,0.73594,0.93889,0.72969,0.96389,0.61307,0.70956,0.9998,0.78430,0.88469,0.9688,0.73272,0.85388,0.9920,0.72489,0.73701,0.74922,0.89583,62.91,0.9868,live,0.4481,0.6130,254.08,414.49
167205.105214,80.0,0.9222,2,2,0,0.74687,0.88750,0.71250,0.88194,0.68125,0.87361,0.65703,0.86944,0.63516,0.85972,0.69063,0.82083,0.66641,0.83611,0.65000,0.85833,0.63672,0.88194,0.71016,0.82778,0.68594,0.85417,0.67109,0.89028,0.66016,0.92083,0.73047,0.84722,0.71328,0.87639,0.70156,0.91250,0.69375,0.94167,0.75078,0.87222,0.74375,0.90556,0.73672,0.93333,0.73125,0.95694,0.61188,0.70368,0.9998,0.77873,0.88154,0.9654,0.73183,0.84673,0.9907,0.72929,0.76711,0.74687,0.88750,61.94,0.9954,live,0.4865,0.6613,270.70,409.35
167205.176872,80.0,0.0178,2,1,1,0.74297,0.87361,0.71016,0.87083,0.67891,0.85972,0.65547,0.85417,0.63516,0.84444,0.68906,0.80556,0.66406,0.81667,0.64922,0.83889,0.63828,0.86389,0.70703,0.80972,0.68359,0.83056,0.66875,0.86667,0.65781,0.90000,0.72734,0.82639,0.71016,0.85000,0.69844,0.88611,0.68984,0.91806,0.74766,0.85139,0.74141,0.87778,0.73516,0.90556,0.72891,0.93056,0.61113,0.70513,0.9998,0.77870,0.87970,0.9650,0.73106,0.83929,0.9906,0.73202,0.78841,0.74297,0.87361,62.18,0.9956,live,0.5168,0.6550,265.27,404.99
167205.241742,80.0,0.1043,2,1,1,0.73281,0.85417,0.70234,0.85278,0.67734,0.83889,0.65781,0.82917,0.64297,0.82222,0.68437,0.78750,0.66172,0.77361,0.64531,0.78194,0.63359,0.79861,0.70000,0.78333,0.68047,0.76389,0.66563,0.78611,0.65859,0.81528,0.71797,0.78889,0.70703,0.77778,0.69375,0.80139,0.68594,0.83056,0.73750,0.80417,0.73594,0.80556,0.72969,0.82639,0.72500,0.84861,0.61330,0.69997,0.9999,0.78616,0.87871,0.9650,0.71613,0.83597,0.9893,0.73218,0.80156,0.73281,0.85417,62.51,0.9341,live,0.5252,0.5635,226.18,401.40
167205.307204,80.0,0.1916,2,1,1,0.69609,0.70139,0.67266,0.70139,0.65156,0.68333,0.63906,0.66528,0.63125,0.64722,0.66016,0.61111,0.64609,0.60000,0.63984,0.62222,0.63750,0.65139,0.67734,0.60556,0.66719,0.59444,0.65938,0.62500,0.65547,0.65972,0.69531,0.61389,0.68984,0.60278,0.68359,0.63194,0.67812,0.66250,0.71250,0.63333,0.71406,0.62639,0.71250,0.64583,0.71016,0.66667,0.61809,0.68584,0.9999,0.78260,0.86682,0.9646,0.71272,0.74783,0.9895,0.72496,0.78152,0.69609,0.70139,68.72,0.9745,live,0.5318,0.5616,226.18,402.71
167205.376247,80.0,0.2836,2,1,1,0.70469,0.56250,0.67109,0.55556,0.64766,0.52917,0.63203,0.49444,0.62031,0.47083,0.65156,0.46111,0.64453,0.40417,0.64453,0.41250,0.64766,0.43472,0.67188,0.45139,0.66484,0.39722,0.66484,0.41250,0.66719,0.43472,0.69297,0.45139,0.68594,0.39722,0.68516,0.41528,0.68594,0.43889,0.71406,0.45972,0.71016,0.41389,0.70781,0.43333,0.70781,0.45694,0.60794,0.68413,0.9999,0.77391,0.82330,0.9655,0.69866,0.54250,0.9905,0.65844,0.63139,0.70469,0.56250,86.27,0.9823,live,0.5127,0.4261,177.47,416.50
167205.442695,80.0,0.3722,2,1,1,0.69219,0.43889,0.66094,0.41944,0.64141,0.38056,0.63281,0.34167,0.62500,0.30972,0.65703,0.33333,0.64609,0.29167,0.63828,0.26667,0.63125,0.24722,0.67344,0.32639,0.66641,0.27778,0.65859,0.25139,0.65078,0.23194,0.68984,0.33056,0.68594,0.28194,0.67812,0.25694,0.66953,0.23889,0.70625,0.34167,0.70781,0.30278,0.70469,0.28056,0.69844,0.26389,0.60403,0.68330,0.9999,0.77088,0.75835,0.9675,0.68859,0.42984,0.9914,0.71841,0.71300,0.69219,0.43889,77.09,0.9423,live,0.4961,0.4205,177.47,422.03
167205.509201,80.0,0.4609,2,1,1,0.68906,0.38889,0.65859,0.34861,0.64297,0.30417,0.63672,0.26250,0.62891,0.23056,0.65859,0.26806,0.65078,0.23194,0.64609,0.20833,0.64141,0.18611,0.67188,0.26111,0.66797,0.22083,0.66328,0.19583,0.65938,0.17361,0.68594,0.25972,0.68359,0.22083,0.67969,0.19167,0.67500,0.16667,0.70156,0.26528,0.70000,0.22778,0.69766,0.20556,0.69375,0.18333,0.60117,0.66550,0.9999,0.75804,0.68931,0.9692,0.68595,0.34634,0.9922,0.71254,0.64818,0.68906,0.38889,83.85,0.9251,live,0.4713,0.3582,154.67,431.76
167205.573291,80.0,0.5463,2,1,1,0.68750,0.35972,0.65703,0.32083,0.64062,0.27778,0.63359,0.23750,0.62734,0.20694,0.65469,0.24306,0.64687,0.20833,0.64219,0.18611,0.63828,0.16667,0.66797,0.23472,0.66328,0.19583,0.65938,0.17361,0.65547,0.15417,0.68203,0.23194,0.67891,0.19306,0.67500,0.16667,0.67109,0.14444,0.69688,0.23333,0.69453,0.19444,0.69219,0.17083,0.68906,0.15000,0.59839,0.66704,0.9999,0.74910,0.65253,0.9707,0.67779,0.31509,0.9930,0.70753,0.59049,0.68750,0.35972,83.39,0.9285,live,0.4597,0.4066,178.90,439.99
167205.640653,80.0,0.6362,2,1,1,0.68047,0.32639,0.65000,0.29583,0.63281,0.25833,0.62656,0.22222,0.62031,0.19444,0.64531,0.21111,0.63516,0.17500,0.62734,0.15278,0.61953,0.13056,0.65938,0.19861,0.65078,0.15556,0.64141,0.12778,0.63203,0.10417,0.67344,0.19444,0.66797,0.15278,0.66016,0.12500,0.65078,0.10139,0.68906,0.20000,0.68828,0.16250,0.68359,0.14028,0.67500,0.12083,0.59853,0.66709,0.9999,0.74843,0.63620,0.9715,0.67140,0.31214,0.9936,0.70212,0.53767,0.68047,0.32639,84.63,0.9397,live,0.4597,0.4734,212.16,448.12
167205.707374,80.0,0.7251,2,1,1,0.67734,0.31667,0.65000,0.29861,0.63203,0.26250,0.62500,0.22639,0.61797,0.19861,0.64375,0.21250,0.63203,0.17500,0.62422,0.15417,0.61641,0.13611,0.65781,0.20000,0.64844,0.15417,0.64062,0.13056,0.63125,0.11250,0.67266,0.19583,0.66563,0.15000,0.65859,0.12500,0.64922,0.10556,0.68750,0.20000,0.68516,0.16250,0.68047,0.14028,0.67266,0.12222,0.59870,0.66774,0.9999,0.74707,0.63045,0.9718,0.67209,0.30799,0.9942,0.69716,0.49347,0.67734,0.31667,78.95,0.9251,live,0.4731,0.5343,241.07,451.19
167205.775226,80.0,0.8156,2,1,1,0.67734,0.32222,0.65000,0.30417,0.63281,0.26806,0.62656,0.23056,0.61953,0.20278,0.64609,0.21944,0.63516,0.18194,0.62734,0.16111,0.61953,0.14167,0.66016,0.20694,0.65078,0.16250,0.64219,0.13889,0.63438,0.11944,0.67422,0.20417,0.66797,0.15833,0.66094,0.13333,0.65234,0.11528,0.69063,0.20833,0.68828,0.17083,0.68359,0.14861,0.67578,0.13194,0.59880,0.67211,0.9999,0.74798,0.64133,0.9723,0.67347,0.31397,0.9948,0.69320,0.45922,0.67734,0.32222,77.82,0.9478,live,0.4928,0.5825,263.94,453.08
167205.837105,80.0,0.8981,2,1,1,0.68047,0.33056,0.65312,0.31389,0.63594,0.27639,0.62969,0.24028,0.62344,0.21111,0.64922,0.22500,0.63828,0.18889,0.63047,0.16806,0.62266,0.15000,0.66406,0.21389,0.65547,0.16944,0.64687,0.14583,0.63828,0.12778,0.67812,0.21250,0.67344,0.16667,0.66563,0.14306,0.65703,0.12500,0.69375,0.21667,0.69297,0.17917,0.68828,0.15833,0.68125,0.14028,0.59865,0.67143,0.9999,0.74763,0.64619,0.9731,0.67415,0.31688,0.9952,0.69065,0.43348,0.68047,0.33056,78.38,0.9563,live,0.5154,0.6181,281.32,455.15
167205.909054,80.0,0.9940,2,1,1,0.68359,0.34167,0.65547,0.32500,0.63906,0.28472,0.63281,0.24722,0.62656,0.21806,0.65312,0.23611,0.64219,0.20000,0.63516,0.17778,0.62734,0.16111,0.66719,0.22500,0.65938,0.18056,0.65156,0.15694,0.64297,0.14028,0.68203,0.22222,0.67812,0.17778,0.67031,0.15417,0.66094,0.13750,0.69844,0.22917,0.69844,0.19306,0.69297,0.17222,0.68437,0.15694,0.59870,0.67354,0.9998,0.74822,0.64989,0.9741,0.67473,0.32663,0.9957,0.68924,0.41512,0.68359,0.34167,78.36,0.9366,live,0.5154,0.4985,227.79,456.95
167205.974066,80.0,0.0807,2,2,0,0.68672,0.36528,0.65859,0.34722,0.64141,0.30556,0.63672,0.26667,0.62969,0.23611,0.65625,0.25556,0.64609,0.21667,0.63750,0.19444,0.62891,0.17917,0.67188,0.24583,0.66406,0.20000,0.65469,0.17500,0.64453,0.15833,0.68750,0.24444,0.68281,0.19861,0.67422,0.17500,0.66406,0.15694,0.70312,0.25417,0.70312,0.21528,0.69844,0.19444,0.69063,0.17917,0.59775,0.67388,0.9998,0.74767,0.67631,0.9736,0.67730,0.33966,0.9960,0.68874,0.40515,0.68672,0.36528,79.72,0.9651,live,0.5154,0.5105,234.56,459.51
167206.038987,80.0,0.1673,2,2,0,0.68516,0.41111,0.65703,0.39444,0.63984,0.35278,0.63359,0.31389,0.62656,0.28333,0.65625,0.30000,0.64687,0.25556,0.63828,0.23750,0.62813,0.22361,0.67266,0.29306,0.66719,0.24306,0.65938,0.21944,0.65078,0.20556,0.68906,0.29861,0.68594,0.25139,0.67969,0.22778,0.67188,0.21111,0.70547,0.31111,0.70781,0.27361,0.70391,0.25278,0.69766,0.23611,0.59773,0.67803,0.9998,0.75167,0.74322,0.9743,0.67766,0.39405,0.9964,0.68802,0.40634,0.68516,0.41111,78.67,0.9333,live,0.5105,0.4881,225.04,461.02
167206.107545,80.0,0.2587,2,2,0,0.68828,0.51528,0.65781,0.50417,0.63672,0.46528,0.62578,0.42917,0.61953,0.39861,0.65156,0.40694,0.64453,0.35000,0.63984,0.33611,0.63906,0.34028,0.67031,0.40000,0.66484,0.34444,0.66094,0.33472,0.66016,0.34444,0.68906,0.40278,0.68594,0.35000,0.68047,0.34444,0.67812,0.35417,0.70703,0.41389,0.70781,0.37083,0.70312,0.36250,0.70000,0.36806,0.59854,0.67884,0.9998,0.75741,0.79789,0.9753,0.67986,0.48047,0.9967,0.68807,0.42813,0.68828,0.51528,81.30,0.8304,live,0.4875,0.3829,177.77,464.23
167206.175775,80.0,0.3497,2,2,0,0.68203,0.64722,0.65703,0.64444,0.63438,0.62222,0.62031,0.60278,0.61250,0.58056,0.64375,0.55556,0.63438,0.52500,0.62813,0.55139,0.62656,0.58056,0.65625,0.55000,0.64453,0.52083,0.63828,0.55694,0.63750,0.59306,0.66953,0.55139,0.65859,0.52361,0.65078,0.55972,0.64766,0.59583,0.68281,0.55972,0.67578,0.54167,0.66953,0.56944,0.66719,0.60000,0.60616,0.66594,0.9998,0.76171,0.83633,0.9751,0.68021,0.66256,0.9966,0.68686,0.47195,0.68203,0.64722,68.17,0.9205,live,0.4381,0.2128,97.39,457.61
167206.240726,80.0,0.4363,2,2,0,0.67734,0.76111,0.64766,0.76667,0.62422,0.75833,0.60781,0.75000,0.60156,0.73611,0.64766,0.69722,0.63281,0.70694,0.62500,0.73472,0.62266,0.75694,0.67109,0.70278,0.65781,0.72500,0.65000,0.75833,0.64609,0.78056,0.69219,0.71944,0.68437,0.74444,0.67734,0.77778,0.67266,0.80000,0.70937,0.74167,0.70859,0.76806,0.70625,0.79722,0.70391,0.81667,0.61474,0.67477,0.9998,0.78827,0.89632,0.9750,0.68610,0.79972,0.9959,0.68496,0.52978,0.67734,0.76111,57.75,0.9926,live,0.3961,0.2050,91.08,444.27
167206.307653,80.0,0.5255,2,2,0,0.68828,0.82639,0.65938,0.82500,0.63203,0.81667,0.61406,0.81389,0.60625,0.81250,0.65781,0.75694,0.63750,0.76806,0.62656,0.80139,0.62031,0.83194,0.68047,0.76528,0.66016,0.78472,0.64687,0.82361,0.63984,0.85972,0.70156,0.78472,0.68750,0.80556,0.67656,0.84722,0.66875,0.88056,0.71719,0.80972,0.71406,0.83472,0.71016,0.86389,0.70703,0.88611,0.61365,0.69381,0.9998,0.78496,0.89613,0.9739,0.70213,0.85334,0.9953,0.68562,0.58910,0.68828,0.82639,58.10,0.9940,live,0.3801,0.3070,132.86,432.79
167206.373627,80.0,0.6135,2,2,0,0.70703,0.87361,0.67188,0.87083,0.64141,0.85278,0.61875,0.84167,0.60078,0.82639,0.66250,0.78333,0.63672,0.79167,0.62422,0.82083,0.61484,0.85278,0.68672,0.78750,0.66406,0.80278,0.64922,0.84028,0.63906,0.87778,0.70781,0.80833,0.69219,0.82639,0.67891,0.86944,0.66797,0.90694,0.72422,0.83750,0.71953,0.86667,0.71328,0.90278,0.70703,0.93056,0.61338,0.69889,0.9998,0.78178,0.90465,0.9727,0.70371,0.84224,0.9948,0.68991,0.64600,0.70703,0.87361,68.96,0.9948,live,0.3801,0.4036,173.73,430.51
167206.439405,80.0,0.7012,2,2,0,0.71562,0.88889,0.67578,0.88056,0.64375,0.85278,0.62109,0.83611,0.60078,0.82083,0.66406,0.78472,0.63516,0.79444,0.62187,0.81944,0.61250,0.84861,0.68594,0.79306,0.65859,0.80417,0.64297,0.84028,0.63281,0.87500,0.70547,0.81528,0.68984,0.82639,0.67578,0.86806,0.66484,0.90694,0.72266,0.84722,0.71797,0.86944,0.71094,0.90694,0.70312,0.93472,0.61307,0.69963,0.9998,0.77698,0.89783,0.9710,0.70653,0.85008,0.9939,0.69505,0.69458,0.71562,0.88889,74.37,0.9963,live,0.3986,0.4829,208.79,432.39
167206.505802,80.0,0.7897,2,2,0,0.70469,0.86528,0.67188,0.86111,0.64297,0.84444,0.62266,0.84028,0.60547,0.83056,0.65938,0.77917,0.63125,0.79028,0.61875,0.81111,0.60938,0.83889,0.67969,0.78611,0.65156,0.78750,0.63359,0.81944,0.62344,0.85417,0.70000,0.80833,0.68359,0.81528,0.66797,0.85139,0.65547,0.88611,0.71641,0.84028,0.71562,0.85833,0.70937,0.89167,0.70234,0.91806,0.61218,0.70370,0.9998,0.77637,0.90574,0.9703,0.70704,0.85148,0.9938,0.69698,0.72872,0.70469,0.86528,64.73,0.9984,live,0.4252,0.5466,233.48,427.11
167206.578024,80.0,0.8860,2,2,0,0.70859,0.85278,0.67656,0.85278,0.64766,0.83889,0.62578,0.83750,0.60625,0.83056,0.66172,0.77361,0.63203,0.78889,0.61953,0.81389,0.61016,0.84028,0.68281,0.78056,0.65078,0.78611,0.63281,0.81806,0.62109,0.85000,0.70312,0.80139,0.68203,0.80694,0.66250,0.84167,0.65000,0.87500,0.72031,0.83333,0.71797,0.85139,0.71016,0.88611,0.70234,0.91389,0.60924,0.70644,0.9998,0.77063,0.90038,0.9678,0.70676,0.84093,0.9933,0.69930,0.75353,0.70859,0.85278,62.83,0.9995,live,0.4558,0.5952,250.65,421.10
167206.643108,80.0,0.9728,2,2,0,0.71094,0.84583,0.68125,0.84583,0.65312,0.84028,0.63125,0.84306,0.61172,0.83611,0.66328,0.77222,0.63047,0.78472,0.61875,0.80972,0.61328,0.83750,0.68281,0.77917,0.64844,0.78333,0.63203,0.81389,0.62344,0.84583,0.70156,0.80139,0.67578,0.80833,0.65703,0.83889,0.64531,0.86944,0.71719,0.83333,0.71250,0.85139,0.70469,0.87917,0.69844,0.90417,0.60901,0.70649,0.9998,0.77302,0.89586,0.9670,0.71337,0.84963,0.9923,0.70163,0.77199,0.71094,0.84583,58.67,0.9972,live,0.4821,0.6020,248.50,412.81
167206.708124,80.0,0.0595,2,1,1,0.70000,0.83056,0.66641,0.82639,0.63984,0.80278,0.62031,0.78750,0.60156,0.77500,0.65781,0.74861,0.63672,0.75139,0.62656,0.77639,0.62187,0.80694,0.67969,0.75417,0.66484,0.75833,0.65156,0.79028,0.64375,0.82222,0.70078,0.77083,0.69297,0.77778,0.68125,0.81250,0.67344,0.84583,0.71875,0.79583,0.71953,0.80833,0.71484,0.83750,0.71094,0.86111,0.60919,0.70299,0.9999,0.77415,0.89327,0.9663,0.70963,0.83663,0.9913,0.70130,0.78371,0.70000,0.83056,65.14,0.9945,live,0.4943,0.5497,225.48,410.17
167206.773782,80.0,0.1470,2,1,1,0.70469,0.80278,0.67109,0.78056,0.64531,0.75139,0.62422,0.72500,0.60781,0.70000,0.66172,0.70417,0.64687,0.68611,0.63516,0.69306,0.62813,0.70833,0.67891,0.70417,0.66797,0.67917,0.65469,0.69444,0.65000,0.71944,0.69844,0.71389,0.69063,0.68889,0.67891,0.70694,0.67422,0.73333,0.71562,0.73333,0.71406,0.71944,0.70781,0.73194,0.70469,0.74861,0.61376,0.69551,0.9999,0.77303,0.87434,0.9648,0.69998,0.76532,0.9901,0.70198,0.78752,0.70469,0.80278,73.04,0.9743,live,0.5047,0.5520,228.25,413.54
167206.841781,80.0,0.2377,2,1,1,0.68047,0.62222,0.65312,0.61944,0.63047,0.59028,0.61484,0.56667,0.60313,0.54444,0.63984,0.53472,0.62578,0.49861,0.62031,0.52500,0.62031,0.55556,0.66016,0.53056,0.65078,0.49028,0.64375,0.52222,0.64219,0.55972,0.68203,0.53889,0.67578,0.49861,0.66875,0.53056,0.66563,0.56528,0.70234,0.55556,0.70469,0.54167,0.70156,0.56528,0.70078,0.58889,0.60564,0.68107,0.9999,0.77024,0.83614,0.9650,0.68827,0.64100,0.9910,0.69768,0.75446,0.68047,0.62222,72.40,0.9617,live,0.4763,0.3470,144.39,416.04
167206.907935,80.0,0.3259,2,1,1,0.68203,0.49167,0.65312,0.48194,0.63125,0.44306,0.61953,0.40556,0.61094,0.37639,0.64375,0.37083,0.63906,0.31667,0.63438,0.32639,0.63359,0.35139,0.66328,0.36806,0.65938,0.31806,0.65469,0.33472,0.65469,0.35972,0.68281,0.37500,0.68125,0.32778,0.67578,0.34444,0.67422,0.36944,0.70156,0.38889,0.70234,0.35139,0.69609,0.36250,0.69375,0.38333,0.59756,0.67948,0.9999,0.76404,0.78083,0.9663,0.68218,0.49267,0.9918,0.69455,0.70190,0.68203,0.49167,86.32,0.9362,live,0.4339,0.2406,103.06,428.26
167206.974906,80.0,0.4152,2,1,1,0.68047,0.43611,0.64687,0.38750,0.62891,0.33750,0.62109,0.29306,0.61172,0.25833,0.64687,0.30000,0.63828,0.25833,0.63125,0.23056,0.62422,0.20556,0.66250,0.29444,0.65703,0.25000,0.65000,0.22083,0.64297,0.19722,0.67734,0.29861,0.67500,0.25556,0.66875,0.22778,0.66094,0.20694,0.69297,0.30972,0.69453,0.27222,0.69141,0.25000,0.68594,0.23194,0.59550,0.67868,0.9998,0.75674,0.70563,0.9686,0.67021,0.38479,0.9926,0.69173,0.64874,0.68047,0.43611,90.85,0.9458,live,0.3968,0.2279,100.78,442.28
167207.039331,80.0,0.5011,2,1,1,0.67344,0.37222,0.63906,0.32639,0.62344,0.27778,0.61797,0.23333,0.61016,0.20139,0.63984,0.24167,0.63125,0.19861,0.62656,0.17361,0.62266,0.14722,0.65391,0.23333,0.64922,0.18889,0.64453,0.15972,0.63984,0.13472,0.66797,0.23333,0.66563,0.19167,0.66016,0.15972,0.65391,0.13333,0.68359,0.24028,0.68281,0.20000,0.67812,0.17639,0.67266,0.15417,0.59372,0.67479,0.9999,0.74742,0.66029,0.9700,0.66714,0.33792,0.9933,0.68807,0.59344,0.67344,0.37222,89.59,0.8535,live,0.3813,0.3105,140.87,453.71
167207.104604,80.0,0.5881,2,1,1,0.66719,0.32778,0.63203,0.29028,0.61484,0.25000,0.60859,0.21250,0.60156,0.18194,0.62969,0.20278,0.61875,0.16389,0.61016,0.13889,0.60234,0.11667,0.64375,0.19028,0.63516,0.14583,0.62656,0.11944,0.61641,0.09722,0.65859,0.18750,0.65312,0.14444,0.64609,0.11806,0.63594,0.09722,0.67422,0.19444,0.67344,0.15556,0.66797,0.13333,0.65938,0.11528,0.59270,0.67185,0.9998,0.74174,0.64210,0.9717,0.66066,0.31744,0.9940,0.68390,0.54031,0.66719,0.32778,89.80,0.9360,live,0.3813,0.3869,179.49,463.92
167207.173511,80.0,0.6800,2,1,1,0.65781,0.30972,0.62813,0.28750,0.60938,0.24861,0.60156,0.21250,0.59453,0.18333,0.62266,0.19583,0.61016,0.15833,0.60234,0.13750,0.59453,0.11944,0.63672,0.18333,0.62734,0.13889,0.61875,0.11528,0.60938,0.09722,0.65078,0.18056,0.64531,0.13611,0.63750,0.11250,0.62813,0.09444,0.66641,0.18750,0.66484,0.15139,0.66016,0.13056,0.65234,0.11389,0.59229,0.67118,0.9998,0.73957,0.62845,0.9729,0.65771,0.31192,0.9945,0.67868,0.49419,0.65781,0.30972,83.37,0.9525,live,0.3946,0.4555,213.29,468.27
167207.241444,80.0,0.7706,2,1,1,0.65469,0.30694,0.62578,0.29167,0.60625,0.25556,0.59922,0.22083,0.59219,0.19306,0.61875,0.20139,0.60625,0.16667,0.59844,0.14722,0.59062,0.13056,0.63281,0.18889,0.62266,0.14583,0.61406,0.12361,0.60547,0.10694,0.64687,0.18611,0.64062,0.14306,0.63359,0.12083,0.62422,0.10417,0.66250,0.18889,0.66094,0.15417,0.65625,0.13472,0.64922,0.12083,0.59168,0.66893,0.9998,0.73832,0.63354,0.9738,0.65817,0.32592,0.9950,0.67388,0.45674,0.65469,0.30694,80.16,0.9535,live,0.4159,0.5127,240.86,469.79
167207.308147,80.0,0.8595,2,1,1,0.65547,0.31528,0.62578,0.29861,0.60703,0.26389,0.59922,0.22778,0.59141,0.20000,0.61953,0.21111,0.60703,0.17639,0.59922,0.15556,0.59062,0.13889,0.63359,0.19861,0.62344,0.15556,0.61484,0.13194,0.60547,0.11528,0.64844,0.19583,0.64219,0.15278,0.63438,0.12917,0.62500,0.11250,0.66406,0.20000,0.66250,0.16528,0.65703,0.14583,0.64922,0.13056,0.59113,0.66922,0.9998,0.73883,0.63048,0.9739,0.65739,0.32680,0.9955,0.67020,0.42845,0.65547,0.31528,79.45,0.9530,live,0.4411,0.5561,261.71,470.62
167207.373762,80.0,0.9470,2,1,1,0.65703,0.32222,0.62813,0.30694,0.60859,0.27083,0.60078,0.23333,0.59219,0.20556,0.62109,0.21806,0.60859,0.18194,0.60078,0.16111,0.59297,0.14444,0.63516,0.20556,0.62500,0.16250,0.61719,0.14028,0.60781,0.12222,0.65000,0.20278,0.64297,0.15972,0.63516,0.13750,0.62578,0.12083,0.66563,0.20833,0.66406,0.17222,0.65859,0.15278,0.65078,0.13889,0.59065,0.66944,0.9998,0.73803,0.63340,0.9736,0.65663,0.32804,0.9959,0.66757,0.40720,0.65703,0.32222,79.17,0.9434,live,0.4677,0.5887,277.35,471.15
167207.445038,80.0,0.0420,2,2,0,0.65781,0.33056,0.62891,0.31528,0.60938,0.27917,0.60156,0.24167,0.59453,0.21250,0.62266,0.22639,0.61094,0.18889,0.60234,0.16806,0.59453,0.15139,0.63750,0.21389,0.62734,0.17083,0.61875,0.14722,0.60938,0.13056,0.65234,0.21250,0.64531,0.16806,0.63750,0.14583,0.62734,0.12917,0.66797,0.21667,0.66641,0.18056,0.66016,0.16111,0.65156,0.14722,0.59119,0.67943,0.9998,0.73681,0.63621,0.9738,0.65507,0.32988,0.9962,0.66561,0.39187,0.65781,0.33056,79.21,0.9507,live,0.4677,0.4797,226.27,471.65
167207.512238,80.0,0.1316,2,2,0,0.65703,0.35139,0.62734,0.33333,0.61016,0.29444,0.60313,0.25694,0.59531,0.22778,0.62422,0.24306,0.61250,0.20417,0.60391,0.18333,0.59375,0.16806,0.63906,0.23194,0.63047,0.18750,0.62031,0.16389,0.60938,0.14583,0.65391,0.23194,0.64844,0.18750,0.63984,0.16389,0.62969,0.14722,0.66953,0.24028,0.66953,0.20278,0.66328,0.18333,0.65469,0.16806,0.59061,0.67832,0.9998,0.73723,0.66166,0.9745,0.65507,0.34051,0.9966,0.66390,0.38378,0.65703,0.35139,79.31,0.9539,live,0.4575,0.4110,194.07,472.15
167207.573107,80.0,0.2128,2,2,0,0.65234,0.39583,0.62422,0.38194,0.60625,0.34306,0.59844,0.30694,0.58984,0.27778,0.61953,0.28889,0.60859,0.24722,0.59766,0.22917,0.58672,0.21806,0.63438,0.27917,0.62656,0.23194,0.61719,0.21111,0.60781,0.20556,0.64922,0.28056,0.64531,0.23194,0.63828,0.21389,0.62969,0.20972,0.66641,0.29167,0.66641,0.25139,0.66094,0.23472,0.65312,0.23056,0.59062,0.67775,0.9998,0.73882,0.69874,0.9762,0.65446,0.39345,0.9969,0.66159,0.38619,0.65234,0.39583,77.99,0.9547,live,0.4494,0.4127,194.64,471.65
167207.638589,80.0,0.3001,2,2,0,0.65078,0.50833,0.62422,0.50139,0.60000,0.46250,0.58672,0.42917,0.57500,0.40278,0.60938,0.39861,0.60234,0.34583,0.59453,0.35000,0.59141,0.37222,0.62578,0.39167,0.61875,0.33472,0.61250,0.35139,0.61094,0.38056,0.64297,0.39167,0.63672,0.34028,0.63047,0.36389,0.63047,0.39444,0.66250,0.39861,0.65859,0.35972,0.65156,0.37500,0.64844,0.40000,0.59107,0.67768,0.9998,0.74721,0.76634,0.9774,0.65459,0.49227,0.9972,0.65943,0.41062,0.65078,0.50833,83.36,0.9813,live,0.4274,0.3270,155.35,475.07
167207.710417,80.0,0.3958,2,2,0,0.66797,0.63333,0.63516,0.62639,0.60859,0.61111,0.58984,0.60556,0.57344,0.60556,0.61016,0.55278,0.58437,0.56944,0.57734,0.60000,0.57500,0.62778,0.62891,0.55417,0.60859,0.57639,0.59922,0.61111,0.59531,0.64444,0.65000,0.57083,0.63516,0.59306,0.62500,0.62639,0.61719,0.65972,0.66953,0.59583,0.66563,0.61250,0.66094,0.63750,0.65625,0.66111,0.59598,0.65265,0.9998,0.75841,0.81032,0.9762,0.65499,0.63832,0.9966,0.66113,0.45516,0.66797,0.63333,69.75,0.9868,live,0.3824,0.1777,83.23,468.28
167207.776891,80.0,0.4845,2,2,0,0.68359,0.75972,0.64219,0.77500,0.60547,0.77222,0.57969,0.76806,0.55625,0.76250,0.60859,0.71528,0.58437,0.76111,0.57812,0.80556,0.57500,0.83889,0.63047,0.71111,0.60703,0.77083,0.59688,0.82222,0.59219,0.85972,0.65391,0.71944,0.63594,0.77500,0.62813,0.82361,0.62266,0.86111,0.67734,0.73611,0.67109,0.78333,0.66719,0.81944,0.66328,0.84861,0.60969,0.67800,0.9998,0.77844,0.86116,0.9762,0.66451,0.76488,0.9949,0.66563,0.51607,0.68359,0.75972,71.43,0.9841,live,0.3513,0.2093,97.03,463.52
167207.842688,80.0,0.5722,2,2,0,0.69219,0.78194,0.65547,0.77361,0.61797,0.79028,0.58828,0.81250,0.56406,0.82639,0.61953,0.77361,0.59453,0.82500,0.58125,0.86389,0.57266,0.89028,0.63984,0.78333,0.61719,0.84167,0.60313,0.88750,0.59219,0.92083,0.66016,0.79583,0.64219,0.85417,0.63047,0.89583,0.62187,0.92500,0.67969,0.81250,0.67031,0.86250,0.66406,0.89444,0.66016,0.91528,0.61520,0.69379,0.9998,0.78139,0.88080,0.9748,0.67607,0.83290,0.9935,0.67094,0.56925,0.69219,0.78194,67.33,0.9793,live,0.3410,0.2944,134.35,456.37
167207.909818,80.0,0.6617,2,2,0,0.68203,0.81111,0.64609,0.81528,0.61328,0.83472,0.58672,0.84861,0.56406,0.84722,0.61797,0.80139,0.59531,0.84028,0.58281,0.88056,0.57422,0.91667,0.64062,0.80833,0.61719,0.85833,0.60313,0.90694,0.59531,0.94444,0.66328,0.82500,0.64609,0.87639,0.63281,0.91944,0.62344,0.95417,0.68437,0.84722,0.67734,0.90000,0.67031,0.93750,0.66484,0.96806,0.62163,0.69269,0.9998,0.78045,0.89768,0.9719,0.67952,0.84141,0.9913,0.67316,0.61762,0.68203,0.81111,63.17,0.9918,live,0.3478,0.3786,169.28,447.09
167207.975344,80.0,0.7491,2,2,0,0.68516,0.80694,0.64922,0.80833,0.61875,0.82361,0.59297,0.83889,0.57031,0.83472,0.62266,0.79028,0.59922,0.82917,0.58594,0.86667,0.57656,0.89861,0.64375,0.79861,0.62109,0.84722,0.60547,0.89028,0.59531,0.92639,0.66641,0.81528,0.65000,0.86250,0.63672,0.90417,0.62656,0.93750,0.68828,0.83889,0.68203,0.88472,0.67500,0.91944,0.66797,0.95278,0.62438,0.69443,0.9999,0.78846,0.90149,0.9693,0.69126,0.84464,0.9899,0.67556,0.65548,0.68516,0.80694,62.14,0.9921,live,0.3660,0.4489,196.72,438.19
167208.046488,80.0,0.8439,2,2,0,0.68672,0.79722,0.65156,0.80139,0.62031,0.81389,0.59453,0.82361,0.57031,0.82083,0.62422,0.77639,0.60078,0.81111,0.58828,0.84861,0.57969,0.88194,0.64531,0.78472,0.62422,0.83056,0.60859,0.87361,0.59844,0.90972,0.66797,0.80139,0.65312,0.84722,0.63984,0.88750,0.63047,0.92083,0.68984,0.82500,0.68437,0.86944,0.67734,0.90278,0.67109,0.93333,0.63180,0.69857,0.9999,0.78910,0.91633,0.9649,0.70035,0.85757,0.9880,0.67779,0.68383,0.68672,0.79722,61.64,0.9899,live,0.3911,0.5054,217.31,429.98
167208.108187,80.0,0.9262,2,2,0,0.68984,0.78333,0.65469,0.78889,0.62266,0.80139,0.59609,0.81111,0.57266,0.80694,0.62656,0.76111,0.60313,0.79583,0.58984,0.83194,0.58203,0.86528,0.64766,0.76944,0.62578,0.81528,0.61016,0.85972,0.60078,0.89861,0.66953,0.78750,0.65469,0.83333,0.64219,0.87361,0.63281,0.90694,0.69063,0.81111,0.68672,0.85417,0.67969,0.88889,0.67344,0.91944,0.63030,0.70604,0.9998,0.78778,0.91746,0.9585,0.70849,0.85467,0.9869,0.68020,0.70373,0.68984,0.78333,61.77,0.9901,live,0.4194,0.5484,231.90,422.86
167208.177634,80.0,0.0188,2,1,1,0.69375,0.77222,0.65625,0.77917,0.62422,0.78889,0.59922,0.79444,0.57578,0.78889,0.62734,0.74028,0.60469,0.77361,0.59219,0.80833,0.58516,0.84167,0.64766,0.74583,0.62656,0.78889,0.61250,0.83194,0.60391,0.87083,0.67031,0.76111,0.65703,0.80694,0.64453,0.84583,0.63516,0.87917,0.69297,0.78194,0.68906,0.82639,0.68281,0.85972,0.67734,0.89028,0.62949,0.70517,0.9999,0.78709,0.91410,0.9564,0.70648,0.83559,0.9866,0.68291,0.71743,0.69375,0.77222,61.58,0.9845,live,0.4403,0.5353,222.94,416.45
167208.242842,80.0,0.1057,2,1,1,0.69141,0.76806,0.65234,0.77361,0.62031,0.76389,0.59766,0.75139,0.57891,0.74028,0.62656,0.69861,0.60625,0.72222,0.59453,0.75556,0.58750,0.79028,0.64687,0.69861,0.62656,0.72917,0.61484,0.77361,0.60859,0.81389,0.66953,0.71250,0.65781,0.74583,0.64687,0.78611,0.63828,0.82222,0.69297,0.73333,0.68828,0.76806,0.68281,0.80139,0.67891,0.83194,0.62310,0.70710,0.9999,0.78677,0.89974,0.9555,0.68799,0.77491,0.9870,0.68461,0.72756,0.69141,0.76806,71.60,0.9783,live,0.4465,0.4746,198.41,418.03
167208.311260,80.0,0.1970,2,1,1,0.67188,0.65278,0.63828,0.65278,0.61094,0.63889,0.59297,0.62917,0.57578,0.61806,0.62500,0.57917,0.60547,0.59583,0.59922,0.63056,0.59922,0.66250,0.64609,0.58056,0.62813,0.60278,0.61875,0.63889,0.61406,0.67222,0.66797,0.59583,0.65547,0.61806,0.64453,0.64861,0.63594,0.67917,0.68594,0.61806,0.68359,0.63750,0.67734,0.65972,0.67109,0.68056,0.61694,0.66302,0.9998,0.77454,0.82559,0.9563,0.68674,0.71422,0.9866,0.68206,0.71260,0.67188,0.65278,63.83,0.9829,live,0.4332,0.3726,154.19,413.82
167208.373679,80.0,0.2802,2,1,1,0.66406,0.53889,0.63438,0.53194,0.60938,0.50000,0.59375,0.47778,0.58125,0.45833,0.61953,0.44861,0.60547,0.42500,0.59844,0.44722,0.59609,0.47639,0.63750,0.44583,0.62500,0.42083,0.61641,0.45278,0.61484,0.48750,0.65703,0.45278,0.64687,0.42778,0.63906,0.45972,0.63594,0.48889,0.67656,0.46806,0.67344,0.45556,0.67031,0.47778,0.66953,0.49861,0.59833,0.66668,0.9998,0.76589,0.80800,0.9569,0.67112,0.55134,0.9878,0.67846,0.67786,0.66406,0.53889,72.34,0.9883,live,0.4219,0.3704,154.19,416.25
167208.438751,80.0,0.3670,2,1,1,0.66406,0.42639,0.63594,0.41806,0.61406,0.37778,0.60156,0.34306,0.59141,0.31667,0.62266,0.32222,0.61562,0.27639,0.60938,0.27083,0.60547,0.28472,0.63828,0.31389,0.63281,0.26528,0.62734,0.27222,0.62500,0.29583,0.65547,0.31528,0.65000,0.27083,0.64531,0.28333,0.64453,0.30556,0.67266,0.32222,0.66719,0.28889,0.66250,0.29583,0.66250,0.31528,0.59211,0.66428,0.9998,0.75165,0.73192,0.9582,0.66597,0.44148,0.9890,0.67558,0.62756,0.66406,0.42639,79.78,0.9455,live,0.3949,0.2721,115.32,423.74
167208.511451,80.0,0.4639,2,1,1,0.66484,0.38056,0.63125,0.34028,0.61406,0.29861,0.60547,0.25833,0.59531,0.22778,0.62813,0.25694,0.61953,0.21944,0.61250,0.19444,0.60469,0.17222,0.64141,0.25000,0.63594,0.20694,0.62813,0.18194,0.61875,0.16528,0.65469,0.24861,0.65234,0.20694,0.64375,0.18333,0.63281,0.17083,0.66953,0.25694,0.66797,0.21944,0.66172,0.20000,0.65312,0.19028,0.58784,0.66149,0.9998,0.74280,0.66097,0.9601,0.66002,0.35363,0.9901,0.67343,0.57816,0.66484,0.38056,85.38,0.9596,live,0.3688,0.2498,108.51,434.36
167208.573868,80.0,0.5471,2,1,1,0.65703,0.33611,0.62578,0.29722,0.60938,0.25694,0.60078,0.21944,0.59219,0.19028,0.62344,0.20972,0.61094,0.17222,0.60234,0.14861,0.59375,0.12500,0.63594,0.20000,0.62578,0.15833,0.61641,0.13056,0.60625,0.10556,0.64922,0.19861,0.64297,0.15833,0.63359,0.13472,0.62266,0.11806,0.66406,0.20694,0.66172,0.16944,0.65469,0.15000,0.64453,0.13611,0.58688,0.66170,0.9998,0.73617,0.62968,0.9613,0.65510,0.31828,0.9910,0.67015,0.52975,0.65703,0.33611,86.94,0.9644,live,0.3605,0.3228,143.62,444.84
167208.641067,80.0,0.6367,2,1,1,0.64922,0.30417,0.62031,0.28194,0.60156,0.24583,0.59453,0.20972,0.58672,0.18194,0.61406,0.19306,0.60234,0.15833,0.59375,0.14028,0.58516,0.12361,0.62734,0.18194,0.61641,0.13889,0.60703,0.11667,0.59688,0.10278,0.64141,0.17917,0.63438,0.13472,0.62500,0.11528,0.61406,0.10417,0.65703,0.18472,0.65469,0.14722,0.64687,0.12917,0.63594,0.12083,0.58605,0.66242,0.9998,0.73101,0.62317,0.9612,0.65415,0.31519,0.9918,0.66597,0.48463,0.64922,0.30417,81.51,0.9692,live,0.3662,0.3921,176.52,450.15
167208.706636,80.0,0.7241,2,1,1,0.64453,0.29861,0.61641,0.28333,0.59766,0.24861,0.59062,0.21528,0.58359,0.18750,0.60938,0.19583,0.59688,0.16250,0.58828,0.14306,0.58047,0.12778,0.62187,0.18472,0.61094,0.14306,0.60156,0.12083,0.59141,0.10556,0.63516,0.18056,0.62891,0.13750,0.61953,0.11667,0.60938,0.10417,0.65078,0.18333,0.64766,0.14861,0.64062,0.13056,0.63047,0.12083,0.58618,0.66299,0.9998,0.73150,0.61660,0.9624,0.65243,0.30946,0.9926,0.66168,0.44743,0.64453,0.29861,77.68,0.9590,live,0.3815,0.4509,203.81,452.06
167208.772751,80.0,0.8123,2,1,1,0.64141,0.30278,0.61406,0.29028,0.59531,0.25694,0.58828,0.22361,0.57969,0.19583,0.60703,0.20417,0.59375,0.17083,0.58516,0.15139,0.57656,0.13611,0.62031,0.19167,0.60859,0.15139,0.59922,0.12917,0.58906,0.11389,0.63359,0.18750,0.62578,0.14583,0.61641,0.12639,0.60625,0.11389,0.64844,0.18889,0.64531,0.15556,0.63906,0.13889,0.62969,0.12917,0.58571,0.66873,0.9998,0.73000,0.62055,0.9632,0.64993,0.32060,0.9933,0.65763,0.41850,0.64141,0.30278,76.15,0.9622,live,0.4023,0.4975,225.18,452.64
167208.844908,80.0,0.9085,2,1,1,0.64297,0.30833,0.61328,0.29722,0.59531,0.26528,0.58828,0.23056,0.57969,0.20278,0.60781,0.21250,0.59453,0.17778,0.58516,0.15833,0.57656,0.14306,0.62109,0.20000,0.60938,0.15972,0.59922,0.13611,0.58906,0.12222,0.63438,0.19444,0.62656,0.15417,0.61719,0.13472,0.60625,0.12222,0.65000,0.19583,0.64609,0.16250,0.63828,0.14583,0.62891,0.13472,0.58583,0.67017,0.9998,0.73091,0.62293,0.9639,0.64791,0.32510,0.9939,0.65469,0.39647,0.64297,0.30833,75.52,0.9578,live,0.4215,0.5087,230.30,452.69
167208.910842,80.0,0.9964,2,1,1,0.64453,0.31806,0.61562,0.30556,0.59766,0.27083,0.59062,0.23472,0.58125,0.20833,0.61016,0.22083,0.59844,0.18611,0.58906,0.16667,0.57969,0.15000,0.62344,0.20833,0.61250,0.16667,0.60234,0.14444,0.59219,0.12917,0.63672,0.20417,0.62891,0.16250,0.61953,0.14167,0.60859,0.13056,0.65234,0.20694,0.64922,0.17222,0.64219,0.15556,0.63203,0.14722,0.58549,0.67010,0.9998,0.73135,0.62748,0.9650,0.64767,0.32770,0.9945,0.65266,0.38078,0.64453,0.31806,75.43,0.9569,live,0.4418,0.5343,241.85,452.68
167208.976618,80.0,0.0841,2,2,0,0.64687,0.33889,0.61953,0.32500,0.60156,0.28889,0.59453,0.25417,0.58594,0.22639,0.61328,0.23750,0.60156,0.20139,0.59219,0.18194,0.58281,0.16806,0.62734,0.22639,0.61797,0.18333,0.60703,0.16111,0.59531,0.14583,0.64141,0.22500,0.63516,0.18194,0.62500,0.16111,0.61406,0.14861,0.65703,0.23056,0.65469,0.19306,0.64844,0.17500,0.63906,0.16389,0.58483,0.66959,0.9998,0.73153,0.63650,0.9648,0.64761,0.33356,0.9949,0.65150,0.37241,0.64687,0.33889,76.20,0.9550,live,0.4363,0.4110,186.28,453.22
167209.043215,80.0,0.1729,2,2,0,0.65078,0.37778,0.62109,0.36667,0.60234,0.32917,0.59375,0.29306,0.58437,0.26389,0.61406,0.27639,0.60313,0.23472,0.59297,0.21667,0.58281,0.20694,0.62891,0.26667,0.61875,0.21944,0.60859,0.19861,0.59922,0.18611,0.64375,0.26667,0.63672,0.21944,0.62891,0.20000,0.61953,0.18889,0.66094,0.27361,0.65703,0.23472,0.65000,0.21806,0.64141,0.20972,0.58622,0.67142,0.9998,0.74086,0.68052,0.9656,0.65008,0.38029,0.9954,0.65136,0.37348,0.65078,0.37778,76.93,0.9207,live,0.4175,0.3320,150.82,454.22
167209.110637,80.0,0.2628,2,2,0,0.65078,0.37778,0.62109,0.36667,0.60234,0.32917,0.59375,0.29306,0.58437,0.26389,0.61406,0.27639,0.60313,0.23472,0.59297,0.21667,0.58281,0.20694,0.62891,0.26667,0.61875,0.21944,0.60859,0.19861,0.59922,0.18611,0.64375,0.26667,0.63672,0.21944,0.62891,0.20000,0.61953,0.18889,0.66094,0.27361,0.65703,0.23472,0.65000,0.21806,0.64141,0.20972,0.58626,0.67202,0.9998,0.75207,0.73599,0.9663,0.65198,0.45813,0.9958,0.65136,0.37348,0.65078,0.37778,76.93,0.5524,hold,0.4175,0.3320,150.82,454.22
167209.177916,80.0,0.3525,2,2,0,0.65156,0.58611,0.62422,0.57500,0.60078,0.54861,0.58750,0.52500,0.58203,0.50139,0.61016,0.46667,0.60156,0.47083,0.60078,0.50139,0.60234,0.53056,0.62500,0.46250,0.61797,0.47083,0.61641,0.50417,0.61797,0.53889,0.64219,0.47083,0.63672,0.47778,0.63438,0.50833,0.63359,0.53750,0.65859,0.48889,0.65938,0.49722,0.65703,0.52222,0.65547,0.54306,0.58861,0.67272,0.9998,0.76253,0.81312,0.9674,0.65346,0.57783,0.9961,0.65140,0.41601,0.65156,0.58611,82.73,0.9332,live,0.3749,0.1806,82.94,459.28
167209.244452,80.0,0.4412,2,2,0,0.66563,0.69306,0.63516,0.69306,0.60781,0.68611,0.58984,0.69028,0.57656,0.69444,0.61953,0.62361,0.60234,0.65278,0.59453,0.69306,0.59219,0.72639,0.64141,0.62639,0.62578,0.65972,0.61484,0.70139,0.61016,0.73611,0.66328,0.64167,0.65000,0.67361,0.64062,0.71250,0.63594,0.74444,0.68359,0.66389,0.67734,0.69167,0.67031,0.72083,0.66484,0.74306,0.60158,0.67274,0.9998,0.76400,0.82733,0.9663,0.66738,0.70689,0.9940,0.65425,0.47142,0.66563,0.69306,63.15,0.9581,live,0.3364,0.1612,72.50,449.63
167209.311040,80.0,0.5300,2,2,0,0.66563,0.69306,0.63516,0.69306,0.60781,0.68611,0.58984,0.69028,0.57656,0.69444,0.61953,0.62361,0.60234,0.65278,0.59453,0.69306,0.59219,0.72639,0.64141,0.62639,0.62578,0.65972,0.61484,0.70139,0.61016,0.73611,0.66328,0.64167,0.65000,0.67361,0.64062,0.71250,0.63594,0.74444,0.68359,0.66389,0.67734,0.69167,0.67031,0.72083,0.66484,0.74306,0.60767,0.69030,0.9998,0.78371,0.88533,0.9651,0.69541,0.80749,0.9918,0.65425,0.47142,0.66563,0.69306,63.15,0.5748,hold,0.3364,0.1612,72.50,449.63
167209.376171,80.0,0.6169,2,2,0,0.71406,0.79444,0.68047,0.78056,0.64531,0.78472,0.61641,0.80000,0.59531,0.80972,0.64297,0.75556,0.61484,0.78611,0.60000,0.81667,0.58828,0.84306,0.66094,0.76944,0.63125,0.81944,0.61406,0.86111,0.60313,0.89167,0.68047,0.79028,0.65391,0.84028,0.63906,0.87917,0.62891,0.90556,0.69844,0.81528,0.68047,0.86667,0.66797,0.89861,0.65938,0.91944,0.61155,0.69597,0.9998,0.78621,0.88696,0.9604,0.70227,0.84649,0.9860,0.66621,0.53602,0.71406,0.79444,68.39,0.9984,live,0.3395,0.2682,119.33,444.92
167209.439207,80.0,0.7009,2,2,0,0.70156,0.79722,0.66406,0.79444,0.63203,0.80139,0.60859,0.80833,0.58672,0.80833,0.63594,0.75972,0.61328,0.78611,0.59844,0.81667,0.58672,0.84306,0.65625,0.77083,0.63281,0.81389,0.61641,0.85694,0.60625,0.89306,0.67734,0.79306,0.65859,0.83750,0.64375,0.88194,0.63203,0.91528,0.69766,0.81944,0.68672,0.86250,0.67500,0.89861,0.66484,0.92917,0.61211,0.69835,0.9998,0.78318,0.89575,0.9606,0.70356,0.83934,0.9864,0.67328,0.58826,0.70156,0.79722,63.99,0.9848,live,0.3395,0.3609,157.93,437.60
167209.509902,80.0,0.7952,2,2,0,0.69688,0.78889,0.66172,0.78333,0.63203,0.78889,0.60938,0.79722,0.58906,0.79722,0.63672,0.74583,0.61406,0.77222,0.59922,0.80000,0.58750,0.82778,0.65703,0.75833,0.63359,0.80000,0.61797,0.84444,0.60703,0.88056,0.67812,0.78056,0.65938,0.82500,0.64453,0.86944,0.63281,0.90278,0.69688,0.80972,0.68437,0.85139,0.67344,0.88472,0.66406,0.91250,0.61394,0.70371,0.9998,0.78584,0.89942,0.9612,0.70629,0.84445,0.9865,0.67800,0.62839,0.69688,0.78889,60.81,0.9826,live,0.3570,0.4370,187.43,428.87
167209.574360,80.0,0.8811,2,2,0,0.69531,0.78750,0.66094,0.78472,0.63281,0.78472,0.61016,0.78889,0.58984,0.78472,0.63906,0.73611,0.61484,0.75972,0.60000,0.78750,0.58828,0.81389,0.65859,0.74722,0.63438,0.78889,0.61875,0.82917,0.60625,0.86250,0.67812,0.76944,0.65938,0.81806,0.64375,0.85694,0.63125,0.88750,0.69531,0.79861,0.68437,0.84167,0.67344,0.87361,0.66484,0.90139,0.61602,0.70313,0.9998,0.78561,0.89898,0.9590,0.70436,0.82948,0.9860,0.68146,0.66021,0.69531,0.78750,57.27,0.9797,live,0.3834,0.5035,210.77,418.64
167209.646162,80.0,0.9768,2,2,0,0.69375,0.79167,0.65938,0.78750,0.62969,0.78194,0.60781,0.77778,0.58750,0.76806,0.63828,0.72778,0.61406,0.75000,0.59922,0.77917,0.58906,0.80417,0.65703,0.73750,0.63281,0.77639,0.61641,0.81667,0.60625,0.85000,0.67656,0.75833,0.65625,0.80556,0.64297,0.84583,0.63359,0.87639,0.69453,0.78750,0.68359,0.83056,0.67266,0.86250,0.66328,0.88889,0.61579,0.70384,0.9998,0.78944,0.89392,0.9595,0.70480,0.82996,0.9862,0.68392,0.68650,0.69375,0.79167,58.17,0.9902,live,0.3834,0.4854,199.15,410.29
167209.707986,80.0,0.0593,2,1,1,0.68672,0.78194,0.65078,0.77639,0.62422,0.76528,0.60547,0.75694,0.58750,0.74861,0.63672,0.69444,0.61641,0.70833,0.60156,0.74306,0.59219,0.77500,0.65703,0.70278,0.63516,0.73472,0.61875,0.77639,0.60859,0.81250,0.67578,0.72639,0.65781,0.76667,0.64297,0.80556,0.63281,0.83750,0.69453,0.75556,0.68437,0.79583,0.67344,0.82639,0.66484,0.85000,0.61323,0.70366,0.9998,0.78911,0.88923,0.9599,0.69612,0.81041,0.9868,0.68448,0.70559,0.68672,0.78194,66.47,0.9890,live,0.4080,0.5203,212.76,408.91
167209.773035,80.0,0.1460,2,1,1,0.69453,0.75000,0.65781,0.73194,0.63047,0.71667,0.60859,0.70139,0.59297,0.68750,0.63984,0.65556,0.62109,0.67083,0.60781,0.68472,0.59766,0.69861,0.65625,0.65833,0.63594,0.68194,0.62187,0.70833,0.61328,0.73472,0.67344,0.67083,0.65703,0.69583,0.64375,0.72222,0.63594,0.74861,0.69141,0.69306,0.67891,0.71667,0.66953,0.74028,0.66250,0.76250,0.61314,0.69468,0.9998,0.78699,0.85895,0.9601,0.68331,0.74102,0.9866,0.68649,0.71447,0.69453,0.75000,73.07,0.9947,live,0.4304,0.5323,219.54,412.46
167209.840369,80.0,0.2358,2,1,1,0.67031,0.63333,0.64062,0.62083,0.61719,0.60139,0.60391,0.58472,0.59766,0.56944,0.62734,0.51667,0.61016,0.51111,0.60000,0.53750,0.59531,0.56667,0.64609,0.51667,0.62891,0.52361,0.61875,0.55556,0.61562,0.58611,0.66484,0.53056,0.65078,0.54583,0.64062,0.57778,0.63516,0.60694,0.68281,0.55694,0.67656,0.56667,0.66953,0.58750,0.66406,0.60972,0.60135,0.67312,0.9998,0.77349,0.81827,0.9617,0.67015,0.61170,0.9878,0.68325,0.69824,0.67031,0.63333,80.98,0.9965,live,0.4304,0.4268,179.80,421.27
167209.905655,80.0,0.3228,2,1,1,0.66484,0.51944,0.63672,0.50000,0.61641,0.46389,0.60391,0.43333,0.59531,0.40556,0.62578,0.39861,0.61484,0.36528,0.60703,0.38472,0.60625,0.41111,0.64375,0.39861,0.63438,0.36528,0.62578,0.39444,0.62500,0.42778,0.66250,0.40972,0.65625,0.38194,0.64687,0.40833,0.64453,0.43750,0.68203,0.42778,0.67891,0.40417,0.67188,0.41944,0.66953,0.43889,0.58924,0.67109,0.9998,0.75538,0.78890,0.9633,0.66792,0.51531,0.9890,0.67957,0.66248,0.66484,0.51944,84.00,0.9776,live,0.4076,0.3040,131.08,431.20
167209.973376,80.0,0.4131,2,1,1,0.67656,0.45972,0.64375,0.41667,0.62344,0.37083,0.61406,0.32778,0.60391,0.29583,0.63906,0.33611,0.63359,0.30278,0.63047,0.27917,0.62656,0.25833,0.65391,0.33194,0.65312,0.30000,0.65078,0.28194,0.64687,0.26667,0.66875,0.33611,0.66953,0.30556,0.66797,0.28611,0.66484,0.27361,0.68516,0.34722,0.68594,0.31667,0.68359,0.30000,0.68047,0.28750,0.59010,0.66913,0.9998,0.75128,0.71163,0.9652,0.66484,0.41337,0.9900,0.67897,0.62193,0.67656,0.45972,84.72,0.9481,live,0.3878,0.2976,131.08,440.45
167210.045923,80.0,0.5099,2,1,1,0.67578,0.39444,0.64375,0.34861,0.62813,0.30139,0.62187,0.26111,0.61484,0.22917,0.64375,0.27500,0.63750,0.23750,0.63516,0.21389,0.63203,0.19306,0.65625,0.27083,0.65312,0.23056,0.65000,0.20694,0.64687,0.18750,0.66953,0.27222,0.66797,0.23333,0.66484,0.20556,0.66016,0.18194,0.68359,0.27778,0.68359,0.24167,0.68203,0.21806,0.67969,0.19722,0.58935,0.66961,0.9998,0.74452,0.66948,0.9665,0.66520,0.34598,0.9910,0.67833,0.57643,0.67578,0.39444,80.84,0.9335,live,0.3584,0.2243,99.98,445.80
167210.109502,80.0,0.5946,2,1,1,0.67266,0.34028,0.63828,0.30000,0.62344,0.25556,0.61875,0.21250,0.61250,0.18056,0.63750,0.22222,0.62891,0.18472,0.62422,0.16250,0.62031,0.14028,0.65156,0.21250,0.64609,0.17222,0.64219,0.14722,0.63828,0.12778,0.66563,0.21111,0.66250,0.17222,0.65781,0.14444,0.65312,0.12083,0.68047,0.21528,0.67812,0.17778,0.67422,0.15833,0.66953,0.13889,0.58888,0.66951,0.9998,0.73967,0.63509,0.9678,0.66549,0.30895,0.9918,0.67720,0.52920,0.67266,0.34028,84.46,0.9242,live,0.3471,0.2956,133.92,453.11
167210.180625,80.0,0.6895,2,1,1,0.66563,0.30833,0.63359,0.27917,0.61641,0.24028,0.61172,0.20139,0.60547,0.16944,0.62969,0.19028,0.61875,0.15417,0.61094,0.13056,0.60391,0.10833,0.64453,0.17778,0.63594,0.13611,0.62734,0.11111,0.61875,0.09028,0.65938,0.17639,0.65469,0.13333,0.64766,0.10972,0.63828,0.09028,0.67578,0.18333,0.67500,0.14583,0.67109,0.12639,0.66328,0.10972,0.59049,0.66739,0.9998,0.73972,0.62056,0.9692,0.66338,0.29381,0.9926,0.67488,0.48503,0.66563,0.30833,86.15,0.9311,live,0.3471,0.3600,165.87,460.77
167210.241563,80.0,0.7707,2,1,1,0.66172,0.29861,0.63281,0.27917,0.61484,0.24167,0.60781,0.20556,0.60078,0.17639,0.62578,0.18889,0.61406,0.15139,0.60625,0.13194,0.59844,0.11528,0.64062,0.17778,0.63125,0.13194,0.62344,0.10972,0.61406,0.09306,0.65547,0.17500,0.65000,0.13056,0.64219,0.10694,0.63359,0.08889,0.67031,0.18056,0.66953,0.14444,0.66484,0.12361,0.65781,0.10694,0.59069,0.66704,0.9998,0.73954,0.61395,0.9704,0.66146,0.30010,0.9933,0.67225,0.44775,0.66172,0.29861,81.38,0.9509,live,0.3594,0.4157,192.91,464.07
167210.307274,80.0,0.8583,2,1,1,0.66172,0.30139,0.63125,0.28333,0.61328,0.24861,0.60703,0.21111,0.60078,0.18333,0.62578,0.19861,0.61328,0.16250,0.60547,0.14167,0.59766,0.12500,0.63984,0.18611,0.63047,0.14306,0.62187,0.11944,0.61328,0.10278,0.65469,0.18194,0.64844,0.13889,0.64141,0.11667,0.63281,0.10000,0.67109,0.18611,0.66875,0.15139,0.66406,0.13194,0.65781,0.11667,0.59217,0.66626,0.9998,0.74020,0.61897,0.9708,0.66125,0.30010,0.9939,0.67014,0.41847,0.66172,0.30139,79.32,0.9303,live,0.3775,0.4600,214.14,465.49
167210.378019,80.0,0.9527,2,1,1,0.66328,0.30972,0.63438,0.29583,0.61562,0.25833,0.60938,0.21944,0.60234,0.19167,0.62813,0.20694,0.61719,0.17083,0.60938,0.15000,0.60234,0.13333,0.64297,0.19444,0.63281,0.15278,0.62500,0.12917,0.61641,0.11250,0.65781,0.19306,0.65156,0.14861,0.64453,0.12639,0.63516,0.10972,0.67344,0.19722,0.67266,0.16111,0.66797,0.14167,0.66016,0.12778,0.59399,0.67308,0.9998,0.74035,0.62559,0.9723,0.66305,0.31155,0.9945,0.66877,0.39672,0.66328,0.30972,78.51,0.9507,live,0.3937,0.4674,217.88,466.16
167210.447248,80.0,0.0450,2,2,0,0.66875,0.32361,0.63828,0.30972,0.62031,0.27083,0.61328,0.23194,0.60625,0.20278,0.63359,0.21944,0.62187,0.18333,0.61406,0.16389,0.60625,0.14722,0.64844,0.20694,0.63906,0.16528,0.63047,0.14167,0.62109,0.12361,0.66328,0.20556,0.65781,0.16250,0.65000,0.13889,0.64062,0.12361,0.67891,0.21111,0.67812,0.17500,0.67344,0.15556,0.66563,0.14167,0.59424,0.67335,0.9998,0.74264,0.62950,0.9728,0.66319,0.31864,0.9950,0.66877,0.38210,0.66875,0.32361,78.94,0.9441,live,0.4008,0.4332,202.35,467.06
167210.506389,80.0,0.1238,2,2,0,0.67344,0.34722,0.64375,0.32917,0.62578,0.29028,0.61953,0.25139,0.61250,0.22083,0.63984,0.24167,0.62891,0.20417,0.62031,0.18333,0.61172,0.16667,0.65547,0.23056,0.64687,0.18611,0.63750,0.16389,0.62813,0.14861,0.67031,0.22917,0.66563,0.18333,0.65703,0.16111,0.64609,0.14722,0.68594,0.23611,0.68594,0.19861,0.68125,0.17917,0.67188,0.16667,0.59441,0.67340,0.9998,0.74481,0.65186,0.9724,0.66705,0.32561,0.9955,0.66970,0.37513,0.67344,0.34722,78.78,0.9516,live,0.4008,0.3809,178.18,467.73
167210.580116,80.0,0.2221,2,2,0,0.67578,0.38889,0.64844,0.37500,0.62969,0.33472,0.62266,0.29722,0.61562,0.26528,0.64375,0.28333,0.63438,0.24028,0.62578,0.22361,0.61562,0.21250,0.65938,0.27500,0.65234,0.22778,0.64453,0.20694,0.63594,0.19167,0.67578,0.27778,0.67031,0.23194,0.66406,0.20972,0.65547,0.19444,0.69297,0.28750,0.69219,0.25000,0.68828,0.23056,0.68125,0.21806,0.59636,0.67335,0.9998,0.74781,0.69167,0.9727,0.67137,0.37657,0.9959,0.67092,0.37788,0.67578,0.38889,77.58,0.9256,live,0.3847,0.3112,145.46,467.46
167210.643328,80.0,0.3064,2,2,0,0.66406,0.40694,0.64062,0.40417,0.62422,0.37917,0.61641,0.35417,0.61328,0.32917,0.63750,0.32222,0.63438,0.28194,0.63359,0.30000,0.63594,0.33194,0.65703,0.31806,0.65312,0.27778,0.65234,0.30278,0.65391,0.33611,0.67422,0.32222,0.67109,0.28889,0.67031,0.31250,0.67109,0.34028,0.69297,0.33333,0.69297,0.31111,0.69141,0.32778,0.68984,0.34861,0.59644,0.67582,0.9998,0.76233,0.75596,0.9730,0.67169,0.45206,0.9962,0.66955,0.38369,0.66406,0.40694,67.64,0.8074,live,0.3724,0.3162,145.46,460.07
167210.710256,80.0,0.3956,2,2,0,0.68281,0.61389,0.65625,0.60417,0.63359,0.57361,0.62031,0.54861,0.61328,0.52639,0.63672,0.50556,0.62500,0.47639,0.62109,0.50833,0.62109,0.54028,0.65625,0.50278,0.64375,0.47639,0.63984,0.51667,0.64062,0.55278,0.67656,0.51111,0.66719,0.48333,0.66172,0.52222,0.65938,0.55694,0.69609,0.52778,0.69297,0.52361,0.68828,0.55417,0.68594,0.58056,0.59892,0.67140,0.9998,0.77145,0.81937,0.9734,0.67766,0.60575,0.9965,0.67220,0.42973,0.68281,0.61389,81.67,0.9638,live,0.3362,0.1715,79.52,463.66
167210.776639,80.0,0.4841,2,2,0,0.69141,0.74167,0.65781,0.74306,0.63203,0.73194,0.61250,0.73056,0.59609,0.74861,0.64453,0.66528,0.62578,0.68889,0.61562,0.72361,0.60703,0.75833,0.66797,0.67222,0.65000,0.70139,0.63594,0.74444,0.62578,0.78611,0.69141,0.69028,0.67969,0.71944,0.66641,0.76111,0.65625,0.79861,0.71172,0.71667,0.70625,0.74306,0.69766,0.77778,0.69063,0.80694,0.61528,0.68139,0.9998,0.78491,0.84142,0.9736,0.68944,0.73214,0.9948,0.67604,0.49212,0.69141,0.74167,66.24,0.9929,live,0.3092,0.1860,84.75,455.71
167210.846167,80.0,0.5768,2,2,0,0.69688,0.78889,0.67109,0.79444,0.64766,0.79861,0.62813,0.80833,0.61250,0.81806,0.65234,0.73889,0.62656,0.77500,0.61562,0.80972,0.60703,0.84167,0.66719,0.74306,0.63828,0.78750,0.62266,0.82917,0.61172,0.86389,0.68281,0.75694,0.65625,0.80694,0.64219,0.84722,0.63359,0.87361,0.69531,0.77778,0.67891,0.82361,0.67109,0.85556,0.66484,0.88056,0.61523,0.69894,0.9998,0.78388,0.89014,0.9726,0.70644,0.82713,0.9947,0.68021,0.55147,0.69688,0.78889,46.93,0.9956,live,0.3092,0.2939,127.81,434.81
167210.911892,80.0,0.6645,2,2,0,0.71016,0.81389,0.67500,0.81250,0.64453,0.82361,0.62109,0.83750,0.60156,0.84028,0.64922,0.78611,0.62734,0.81111,0.61406,0.84167,0.60469,0.87222,0.66953,0.79583,0.64766,0.84028,0.63359,0.88194,0.62344,0.91528,0.68984,0.81528,0.67344,0.86111,0.66016,0.90139,0.65078,0.93333,0.70859,0.83750,0.70156,0.88472,0.69375,0.91944,0.68672,0.94722,0.61613,0.70334,0.9999,0.78317,0.90080,0.9712,0.71320,0.84776,0.9940,0.68620,0.60396,0.71016,0.81389,58.94,0.9724,live,0.3239,0.3911,166.26,425.07
167210.975722,80.0,0.7496,2,2,0,0.70781,0.82222,0.67500,0.82083,0.64609,0.82500,0.62187,0.83194,0.60234,0.83056,0.65078,0.78611,0.62656,0.80972,0.61172,0.83750,0.60234,0.86389,0.66875,0.79444,0.64687,0.83056,0.63125,0.86944,0.62266,0.90556,0.68984,0.81528,0.67422,0.85694,0.66016,0.89583,0.65000,0.92778,0.70781,0.84306,0.70078,0.88472,0.69219,0.91528,0.68516,0.94306,0.62063,0.70988,0.9998,0.78291,0.91224,0.9687,0.72219,0.86346,0.9930,0.69052,0.64761,0.70781,0.82222,57.52,0.9758,live,0.3515,0.4769,198.15,415.48
167211.046972,80.0,0.8446,2,2,0,0.70859,0.81111,0.67422,0.81111,0.64375,0.81667,0.62109,0.82361,0.60156,0.81806,0.65078,0.76944,0.62891,0.79028,0.61484,0.81806,0.60625,0.84444,0.67031,0.77917,0.64922,0.81389,0.63359,0.85139,0.62500,0.88333,0.69141,0.79861,0.67578,0.84167,0.66250,0.87778,0.65312,0.90694,0.71016,0.82500,0.70469,0.86528,0.69453,0.89444,0.68672,0.92083,0.61964,0.71197,0.9998,0.79018,0.90558,0.9690,0.71988,0.84896,0.9931,0.69414,0.68031,0.70859,0.81111,57.52,0.9914,live,0.3864,0.5457,222.12,407.03
167211.107600,80.0,0.9254,2,2,0,0.71016,0.81250,0.67344,0.81250,0.64297,0.80972,0.62109,0.80833,0.60156,0.80000,0.65312,0.75417,0.63125,0.77222,0.61797,0.80000,0.60859,0.83056,0.67188,0.76111,0.65156,0.79583,0.63672,0.83333,0.62656,0.86806,0.69219,0.78194,0.67812,0.82083,0.66563,0.85694,0.65469,0.88889,0.71016,0.80694,0.70469,0.84861,0.69609,0.88056,0.68828,0.90833,0.61943,0.71222,0.9999,0.79273,0.90028,0.9691,0.71851,0.83137,0.9933,0.69734,0.70675,0.71016,0.81250,57.98,0.9843,live,0.4246,0.5987,239.44,399.93
167211.179774,120.0,0.0325,2,1,1,0.70469,0.81250,0.66719,0.80972,0.63984,0.79583,0.62109,0.78333,0.60547,0.77361,0.65312,0.73056,0.63438,0.74583,0.62109,0.77500,0.61094,0.80417,0.67422,0.73889,0.65469,0.76806,0.63984,0.80556,0.63047,0.83750,0.69375,0.76111,0.68047,0.79444,0.66875,0.82778,0.65938,0.85833,0.71172,0.79028,0.70781,0.82361,0.69922,0.85417,0.69141,0.87917,0.61901,0.70848,0.9999,0.79246,0.89840,0.9694,0.71449,0.81858,0.9932,0.69881,0.72790,0.70469,0.81250,64.78,0.9929,live,0.4633,0.6392,254.78,398.59
167211.241460,120.0,0.1559,2,1,1,0.69922,0.80139,0.66641,0.79306,0.64062,0.77500,0.62266,0.76250,0.60938,0.75278,0.65547,0.69722,0.63359,0.70972,0.62187,0.73750,0.61406,0.76528,0.67578,0.70417,0.65547,0.72361,0.64141,0.75833,0.63359,0.79028,0.69531,0.72778,0.68281,0.74583,0.66875,0.77778,0.66016,0.80556,0.71406,0.75972,0.70703,0.78194,0.69688,0.80972,0.68750,0.83194,0.61857,0.70469,0.9999,0.78821,0.88608,0.9685,0.70609,0.81343,0.9921,0.69889,0.74260,0.69922,0.80139,73.18,0.9978,live,0.4964,0.6472,261.13,403.45
167211.309672,120.0,0.2923,2,1,1,0.70937,0.76389,0.67188,0.74444,0.64687,0.72222,0.63047,0.70000,0.61719,0.67917,0.65859,0.66667,0.63984,0.65972,0.62813,0.66528,0.62109,0.68056,0.67578,0.66250,0.65781,0.65000,0.64531,0.66944,0.63906,0.69444,0.69297,0.66806,0.67969,0.66111,0.66563,0.68194,0.65859,0.70833,0.71016,0.68611,0.70469,0.67778,0.69531,0.69028,0.68984,0.70694,0.61904,0.68953,0.9999,0.78614,0.86522,0.9678,0.70173,0.74262,0.9919,0.70099,0.74685,0.70937,0.76389,75.93,0.9831,live,0.5086,0.5645,231.28,409.70
167211.375757,120.0,0.4245,2,1,1,0.68359,0.60417,0.65625,0.59583,0.63438,0.56528,0.62109,0.53889,0.60859,0.51944,0.64219,0.50417,0.63125,0.47083,0.62344,0.49167,0.61875,0.51944,0.66094,0.50278,0.65000,0.47083,0.64297,0.50139,0.63984,0.53472,0.68047,0.51111,0.67344,0.47917,0.66563,0.51111,0.66172,0.54306,0.70000,0.52639,0.69844,0.51250,0.69453,0.53750,0.69297,0.56250,0.60638,0.68039,0.9999,0.78179,0.83382,0.9690,0.69320,0.63666,0.9926,0.69751,0.71832,0.68359,0.60417,75.87,0.9875,live,0.4978,0.4484,186.17,415.17
167211.440561,120.0,0.5541,2,1,1,0.68750,0.48056,0.66016,0.46944,0.63750,0.42639,0.62734,0.38611,0.62266,0.35417,0.64766,0.37083,0.64219,0.31528,0.63750,0.32222,0.63828,0.34583,0.66797,0.36667,0.66328,0.30972,0.65781,0.32639,0.65781,0.35556,0.68750,0.37083,0.68359,0.31667,0.67656,0.33472,0.67578,0.36250,0.70859,0.38194,0.70781,0.33889,0.70078,0.35139,0.69922,0.37500,0.59957,0.68060,0.9999,0.77094,0.78524,0.9704,0.69333,0.48792,0.9933,0.69551,0.67076,0.68750,0.48056,83.53,0.9622,live,0.4688,0.3365,143.17,425.49
167211.508280,120.0,0.6895,2,1,1,0.69453,0.42778,0.66094,0.38194,0.64297,0.33333,0.63672,0.29028,0.63047,0.25556,0.66094,0.29444,0.65469,0.25417,0.64922,0.22500,0.64375,0.19861,0.67656,0.29028,0.67422,0.24583,0.66953,0.21944,0.66328,0.20278,0.69141,0.29306,0.69141,0.25139,0.68594,0.22639,0.67812,0.21111,0.70703,0.30556,0.71016,0.26806,0.70625,0.25000,0.69922,0.23889,0.59366,0.66909,0.9998,0.76073,0.70461,0.9723,0.69067,0.38796,0.9939,0.69531,0.62217,0.69453,0.42778,88.95,0.9510,live,0.4273,0.2386,104.61,438.48
167211.577588,120.0,0.8281,2,1,1,0.68828,0.37361,0.65625,0.32500,0.64141,0.27778,0.63594,0.23333,0.62813,0.20000,0.65781,0.23750,0.64922,0.19722,0.64297,0.17083,0.63750,0.14583,0.67266,0.23194,0.66797,0.18889,0.66172,0.15833,0.65469,0.13333,0.68672,0.23611,0.68516,0.19306,0.67891,0.16389,0.67031,0.14444,0.70234,0.24722,0.70469,0.20972,0.70156,0.18889,0.69453,0.17361,0.59475,0.66740,0.9998,0.76031,0.66961,0.9737,0.68850,0.33533,0.9945,0.69391,0.57246,0.68828,0.37361,89.90,0.9552,live,0.4007,0.2794,125.89,450.59
167211.642031,120.0,0.9570,2,1,1,0.68047,0.33472,0.65000,0.29861,0.63438,0.25417,0.62891,0.21389,0.62266,0.18194,0.65078,0.20694,0.64141,0.16806,0.63281,0.14583,0.62344,0.12639,0.66563,0.19861,0.65859,0.15278,0.64844,0.13056,0.63750,0.11528,0.68047,0.19861,0.67812,0.15278,0.66953,0.13056,0.65859,0.11944,0.69609,0.20833,0.69688,0.17083,0.69063,0.15278,0.68047,0.14444,0.59516,0.66892,0.9998,0.75480,0.64492,0.9748,0.68135,0.30789,0.9950,0.69122,0.52491,0.68047,0.33472,87.64,0.9699,live,0.3914,0.3487,160.29,459.62
167211.713027,120.0,0.0990,2,2,0,0.67344,0.32083,0.64531,0.29722,0.62813,0.25278,0.62187,0.21389,0.61406,0.18472,0.64297,0.20556,0.63281,0.16667,0.62422,0.14722,0.61641,0.13056,0.65703,0.19583,0.64844,0.15139,0.63984,0.12917,0.63047,0.11528,0.67109,0.19583,0.66719,0.15000,0.65938,0.12917,0.64922,0.11806,0.68672,0.20417,0.68672,0.16528,0.68125,0.14861,0.67188,0.13750,0.59525,0.66918,0.9998,0.74939,0.64013,0.9758,0.67875,0.31919,0.9955,0.68766,0.48409,0.67344,0.32083,81.46,0.9618,live,0.3914,0.4102,189.95,463.11
167211.780516,120.0,0.2340,2,2,0,0.66875,0.32361,0.64062,0.30139,0.62422,0.26111,0.61797,0.22361,0.61328,0.19306,0.63984,0.21111,0.62891,0.17639,0.62031,0.15694,0.61172,0.14306,0.65312,0.20139,0.64531,0.15833,0.63594,0.13750,0.62578,0.12778,0.66797,0.20139,0.66328,0.15694,0.65469,0.13750,0.64453,0.13194,0.68281,0.20833,0.68203,0.16944,0.67578,0.15556,0.66719,0.15278,0.59546,0.67292,0.9998,0.74889,0.64035,0.9765,0.67484,0.31932,0.9959,0.68388,0.45200,0.66875,0.32361,79.82,0.9754,live,0.4035,0.4590,213.42,465.01
167211.845608,120.0,0.3642,2,2,0,0.66719,0.33611,0.63984,0.31806,0.62266,0.27639,0.61641,0.23889,0.61016,0.20972,0.63750,0.22500,0.62656,0.19028,0.61797,0.17083,0.60938,0.15556,0.65156,0.21667,0.64297,0.17361,0.63281,0.15278,0.62266,0.14167,0.66563,0.21667,0.66094,0.17222,0.65234,0.15278,0.64297,0.14306,0.68125,0.22500,0.68047,0.18750,0.67422,0.17222,0.66563,0.16667,0.59559,0.67311,0.9998,0.74776,0.64408,0.9771,0.67268,0.32649,0.9963,0.68054,0.42882,0.66719,0.33611,78.72,0.9733,live,0.4199,0.4947,230.48,465.88
167211.912514,120.0,0.4980,2,2,0,0.66719,0.36389,0.63906,0.34444,0.62109,0.30278,0.61406,0.26528,0.60625,0.23611,0.63438,0.25278,0.62422,0.21389,0.61562,0.19583,0.60547,0.18333,0.64844,0.24444,0.63984,0.20139,0.63047,0.18056,0.61953,0.16944,0.66328,0.24583,0.65859,0.19861,0.65000,0.18056,0.64062,0.17083,0.67969,0.25417,0.67812,0.21528,0.67109,0.19861,0.66250,0.19306,0.59568,0.67254,0.9998,0.74823,0.64867,0.9775,0.67023,0.33808,0.9966,0.67787,0.41583,0.66719,0.36389,79.56,0.9581,live,0.4288,0.4692,219.23,467.26
167211.979322,120.0,0.6316,2,2,0,0.66406,0.40972,0.63594,0.40000,0.61719,0.36111,0.60938,0.32361,0.60234,0.29444,0.63047,0.30139,0.62031,0.25833,0.61094,0.24444,0.60391,0.24861,0.64453,0.29167,0.63750,0.24306,0.62734,0.23333,0.62031,0.24861,0.66016,0.29167,0.65547,0.24444,0.64609,0.23889,0.64062,0.25556,0.67656,0.30000,0.67344,0.26389,0.66563,0.25972,0.66094,0.27639,0.59563,0.67401,0.9998,0.74832,0.71641,0.9783,0.66741,0.39624,0.9969,0.67511,0.41461,0.66406,0.40972,79.32,0.8988,live,0.4232,0.3978,186.27,468.30
167212.043567,120.0,0.7601,2,2,0,0.66484,0.54028,0.63594,0.52639,0.61328,0.48889,0.60078,0.45417,0.59062,0.42778,0.61797,0.43194,0.60781,0.38056,0.60391,0.39583,0.60625,0.42222,0.63594,0.42639,0.62969,0.36806,0.62500,0.39444,0.62734,0.42500,0.65547,0.42778,0.65000,0.37500,0.64531,0.40278,0.64609,0.43056,0.67578,0.43611,0.67109,0.39306,0.66641,0.41111,0.66641,0.43472,0.59573,0.67408,0.9998,0.75799,0.78504,0.9783,0.66610,0.51236,0.9972,0.67306,0.43974,0.66484,0.54028,84.68,0.7670,live,0.4049,0.3216,152.13,473.07
167212.113307,120.0,0.8996,2,2,0,0.67578,0.66944,0.64453,0.66111,0.61719,0.64722,0.59766,0.64028,0.57969,0.63472,0.61797,0.58472,0.59766,0.60000,0.59531,0.64444,0.59688,0.68333,0.63906,0.59167,0.62422,0.60833,0.61484,0.65417,0.60938,0.69583,0.66172,0.61250,0.65000,0.63333,0.64062,0.67222,0.63359,0.70694,0.68203,0.64028,0.67734,0.66111,0.67109,0.68611,0.66563,0.70694,0.60472,0.66539,0.9998,0.76592,0.81375,0.9778,0.66569,0.67364,0.9961,0.67360,0.48568,0.67578,0.66944,70.68,0.9826,live,0.3770,0.2499,116.74,467.19
167212.177340,120.0,0.0276,2,1,1,0.68359,0.77361,0.64687,0.77917,0.61641,0.79167,0.59297,0.80556,0.57734,0.81250,0.62266,0.75972,0.60000,0.80000,0.58828,0.83750,0.58203,0.87222,0.64375,0.76806,0.62187,0.81944,0.61016,0.86528,0.60391,0.90139,0.66484,0.78194,0.65000,0.83889,0.63906,0.88472,0.63203,0.92083,0.68359,0.80139,0.67734,0.85278,0.67031,0.88750,0.66563,0.91389,0.61136,0.69872,0.9998,0.78558,0.85555,0.9780,0.67306,0.81400,0.9954,0.67560,0.54327,0.68359,0.77361,58.34,0.9783,live,0.3555,0.2576,116.74,453.14
167212.240730,120.0,0.1544,2,1,1,0.68906,0.81806,0.65703,0.81528,0.62734,0.83889,0.60078,0.86250,0.58047,0.86944,0.63047,0.81944,0.60703,0.85972,0.59375,0.89722,0.58281,0.92778,0.65156,0.82917,0.62813,0.88194,0.61328,0.92778,0.60234,0.95833,0.67109,0.84583,0.65391,0.89722,0.64219,0.93472,0.63438,0.95972,0.68828,0.86250,0.67969,0.90972,0.67422,0.93750,0.66875,0.95694,0.61088,0.69629,0.9999,0.78625,0.86196,0.9778,0.68852,0.84299,0.9933,0.67829,0.59823,0.68906,0.81806,58.98,0.9029,live,0.3463,0.3042,134.23,441.22
167212.314195,120.0,0.3013,2,1,1,0.69219,0.82222,0.66016,0.82361,0.62891,0.83889,0.60313,0.85556,0.58203,0.86111,0.63281,0.81250,0.61016,0.84583,0.59609,0.87917,0.58750,0.90972,0.65234,0.81944,0.63047,0.86389,0.61484,0.91111,0.60703,0.95000,0.67344,0.83611,0.65703,0.88611,0.64375,0.93056,0.63516,0.96528,0.69375,0.85833,0.68594,0.90694,0.67734,0.94306,0.67109,0.97500,0.61059,0.69734,0.9999,0.78434,0.85605,0.9774,0.69300,0.84382,0.9929,0.68107,0.64303,0.69219,0.82222,59.53,0.9965,live,0.3529,0.3828,165.04,431.14
167212.376898,120.0,0.4267,2,1,1,0.66719,0.74722,0.64141,0.75000,0.61797,0.74583,0.60078,0.74722,0.58672,0.75139,0.63750,0.70139,0.61641,0.72222,0.60313,0.75417,0.59375,0.78333,0.65859,0.70972,0.64062,0.73194,0.62422,0.77639,0.61328,0.81389,0.67891,0.72639,0.66719,0.75139,0.65312,0.79306,0.64219,0.82639,0.69688,0.74861,0.69219,0.77083,0.68437,0.80139,0.67578,0.82361,0.61131,0.69710,0.9999,0.78473,0.87207,0.9766,0.69235,0.80274,0.9916,0.67829,0.66387,0.66719,0.74722,50.19,0.9810,live,0.3673,0.4332,180.00,415.54
167212.447603,120.0,0.5681,2,1,1,0.67734,0.65278,0.65469,0.63750,0.63594,0.60139,0.62344,0.57222,0.61719,0.54722,0.64297,0.54028,0.63438,0.50556,0.62891,0.53472,0.62891,0.56528,0.65156,0.53611,0.64062,0.50139,0.63594,0.54028,0.63672,0.57778,0.66172,0.53889,0.65078,0.50833,0.64609,0.54583,0.64687,0.58056,0.67266,0.54722,0.66406,0.52639,0.65859,0.55417,0.65938,0.58194,0.61090,0.67573,0.9999,0.77736,0.86377,0.9764,0.68835,0.68189,0.9922,0.67810,0.66165,0.67734,0.65278,74.25,0.9355,live,0.3784,0.4289,179.76,419.13
167212.508231,120.0,0.6894,2,1,1,0.67344,0.50417,0.64687,0.48611,0.62891,0.44306,0.62031,0.40278,0.61484,0.36944,0.64375,0.38889,0.63906,0.32778,0.63438,0.31806,0.63281,0.33194,0.66172,0.38611,0.65938,0.32639,0.65469,0.32639,0.65156,0.34722,0.67969,0.39444,0.67969,0.34167,0.67500,0.34861,0.67109,0.37083,0.69609,0.41111,0.69609,0.37500,0.69141,0.37778,0.68828,0.39444,0.60283,0.67607,0.9999,0.76944,0.81992,0.9772,0.68046,0.50989,0.9930,0.67717,0.63015,0.67344,0.50417,79.87,0.9335,live,0.3862,0.4216,179.76,426.35
167212.580089,120.0,0.8331,2,1,1,0.67422,0.45000,0.64219,0.40278,0.62734,0.35556,0.62187,0.31250,0.61328,0.27778,0.64219,0.31389,0.63438,0.27361,0.62813,0.24722,0.62187,0.22222,0.65703,0.30972,0.65156,0.26667,0.64531,0.23750,0.63828,0.21528,0.67109,0.31389,0.66953,0.27222,0.66328,0.24444,0.65547,0.22361,0.68594,0.32639,0.68828,0.29028,0.68516,0.26944,0.67891,0.25278,0.59956,0.68233,0.9998,0.76564,0.76042,0.9776,0.67369,0.42883,0.9937,0.67658,0.59412,0.67422,0.45000,89.14,0.9299,live,0.3862,0.3680,161.69,439.37
167212.644980,120.0,0.9629,2,1,1,0.67109,0.40417,0.63984,0.35833,0.62422,0.31250,0.61719,0.27361,0.61016,0.24167,0.63984,0.26944,0.62969,0.22778,0.62031,0.20417,0.61172,0.18056,0.65391,0.25972,0.64531,0.21389,0.63516,0.18472,0.62422,0.16111,0.66797,0.26111,0.66406,0.21528,0.65469,0.18750,0.64297,0.16944,0.68281,0.27222,0.68281,0.23333,0.67734,0.21111,0.66797,0.19722,0.59727,0.68355,0.9998,0.75383,0.70015,0.9777,0.67035,0.37668,0.9943,0.67548,0.55613,0.67109,0.40417,90.61,0.9437,live,0.3679,0.2847,128.65,451.88
167212.710060,120.0,0.0931,2,2,0,0.66563,0.37500,0.63672,0.34583,0.62031,0.30139,0.61406,0.26250,0.60703,0.23194,0.63672,0.25000,0.62656,0.21111,0.61719,0.19306,0.60703,0.17917,0.65078,0.24167,0.64219,0.19444,0.63203,0.17222,0.62109,0.15972,0.66563,0.24306,0.66016,0.19306,0.65000,0.17083,0.63906,0.15972,0.68047,0.25278,0.67891,0.21111,0.67188,0.19444,0.66172,0.18750,0.59363,0.67914,0.9998,0.74609,0.68175,0.9769,0.66493,0.36451,0.9948,0.67351,0.51990,0.66563,0.37500,85.31,0.9577,live,0.3521,0.2802,128.65,459.08
167212.778574,120.0,0.2301,2,2,0,0.66484,0.38056,0.63750,0.35417,0.62187,0.31250,0.61562,0.27361,0.60859,0.24167,0.63828,0.26111,0.62813,0.22222,0.61875,0.20139,0.60859,0.18611,0.65234,0.25278,0.64375,0.20556,0.63359,0.18194,0.62187,0.16806,0.66641,0.25417,0.66250,0.20556,0.65312,0.18333,0.64141,0.16944,0.68203,0.26389,0.68281,0.22500,0.67578,0.20556,0.66563,0.19583,0.59503,0.68251,0.9998,0.74814,0.69399,0.9772,0.66478,0.37204,0.9953,0.67178,0.49203,0.66484,0.38056,82.18,0.9595,live,0.3370,0.2683,124.29,463.16
167212.843390,120.0,0.3597,2,2,0,0.66719,0.40833,0.63984,0.38472,0.62422,0.34167,0.61797,0.30139,0.61016,0.27083,0.63984,0.29028,0.63047,0.24722,0.62031,0.22778,0.60938,0.21667,0.65469,0.28333,0.64766,0.23611,0.63750,0.21250,0.62656,0.19722,0.66953,0.28750,0.66563,0.24028,0.65781,0.21667,0.64766,0.20278,0.68437,0.30139,0.68516,0.26250,0.67969,0.24306,0.67109,0.23056,0.59503,0.68335,0.9998,0.74832,0.69813,0.9775,0.66495,0.39494,0.9957,0.67086,0.47529,0.66719,0.40833,80.24,0.9516,live,0.3291,0.2931,136.40,465.36
167212.914418,120.0,0.5018,2,2,0,0.66719,0.40833,0.63984,0.38472,0.62422,0.34167,0.61797,0.30139,0.61016,0.27083,0.63984,0.29028,0.63047,0.24722,0.62031,0.22778,0.60938,0.21667,0.65469,0.28333,0.64766,0.23611,0.63750,0.21250,0.62656,0.19722,0.66953,0.28750,0.66563,0.24028,0.65781,0.21667,0.64766,0.20278,0.68437,0.30139,0.68516,0.26250,0.67969,0.24306,0.67109,0.23056,0.59404,0.68665,0.9998,0.74872,0.76727,0.9768,0.66521,0.43430,0.9961,0.67086,0.47529,0.66719,0.40833,80.24,0.5710,hold,0.3291,0.2931,136.40,465.36
167212.976959,120.0,0.6269,2,2,0,0.67422,0.63194,0.64609,0.61528,0.62187,0.57500,0.60859,0.54722,0.60703,0.52500,0.62500,0.51250,0.61172,0.47083,0.60938,0.50694,0.61172,0.54306,0.64531,0.51111,0.63828,0.46528,0.63516,0.51389,0.63594,0.55694,0.66641,0.51944,0.66094,0.48194,0.65703,0.52778,0.65625,0.56667,0.68516,0.53611,0.68125,0.51806,0.67812,0.54861,0.67891,0.57500,0.60084,0.67481,0.9998,0.75797,0.83610,0.9757,0.66546,0.59737,0.9963,0.67153,0.50662,0.67422,0.63194,87.60,0.9645,live,0.3211,0.2846,134.49,472.59
167213.043709,120.0,0.7604,2,2,0,0.67656,0.76667,0.64219,0.77778,0.61250,0.77222,0.59453,0.76667,0.58672,0.75972,0.62656,0.74444,0.60859,0.77083,0.60469,0.80694,0.60391,0.84167,0.65000,0.74444,0.63750,0.78472,0.62891,0.82917,0.62187,0.86528,0.67266,0.75139,0.67188,0.79861,0.66406,0.84306,0.65625,0.87778,0.69375,0.76389,0.69844,0.80556,0.69453,0.84028,0.68906,0.86806,0.60882,0.69217,0.9998,0.77224,0.87840,0.9754,0.68323,0.78590,0.9958,0.67254,0.55863,0.67656,0.76667,53.19,0.9097,live,0.3211,0.2961,134.49,454.18
167213.109585,120.0,0.8921,2,2,0,0.67656,0.76667,0.64219,0.77778,0.61250,0.77222,0.59453,0.76667,0.58672,0.75972,0.62656,0.74444,0.60859,0.77083,0.60469,0.80694,0.60391,0.84167,0.65000,0.74444,0.63750,0.78472,0.62891,0.82917,0.62187,0.86528,0.67266,0.75139,0.67188,0.79861,0.66406,0.84306,0.65625,0.87778,0.69375,0.76389,0.69844,0.80556,0.69453,0.84028,0.68906,0.86806,0.60868,0.69600,0.9998,0.77429,0.86765,0.9751,0.69539,0.85973,0.9946,0.67254,0.55863,0.67656,0.76667,53.19,0.5458,hold,0.3211,0.2961,134.49,454.18
167213.181812,120.0,0.0366,2,1,1,0.70000,0.87361,0.66406,0.87222,0.63516,0.89306,0.61250,0.92083,0.59297,0.93194,0.63984,0.87361,0.61719,0.92222,0.60313,0.95972,0.59297,0.98889,0.66250,0.88611,0.64141,0.94444,0.62734,0.98889,0.61797,0.99861,0.68437,0.90139,0.67188,0.95972,0.65938,0.99861,0.65000,0.99861,0.70469,0.91944,0.70234,0.97083,0.69688,0.99861,0.69219,0.99861,0.60845,0.70715,0.9998,0.77864,0.86672,0.9743,0.69937,0.88014,0.9891,0.67803,0.62163,0.70000,0.87361,62.17,0.9943,live,0.3254,0.2380,105.76,444.44
167213.244457,120.0,0.1619,2,1,1,0.69531,0.86389,0.66172,0.86389,0.63359,0.88472,0.61094,0.91111,0.59297,0.92778,0.63906,0.86944,0.61406,0.91250,0.60078,0.95556,0.59297,0.98750,0.66016,0.88333,0.63984,0.93611,0.62578,0.98750,0.61797,0.99861,0.68203,0.89861,0.67188,0.95417,0.66016,0.99861,0.65000,0.99861,0.70312,0.91806,0.70391,0.97083,0.69922,0.99861,0.69453,0.99861,0.60887,0.70683,0.9998,0.77647,0.86721,0.9732,0.69774,0.89041,0.9859,0.68149,0.67008,0.69531,0.86389,62.16,0.9964,live,0.3254,0.3233,140.90,435.87
167213.312938,120.0,0.2988,2,1,1,0.69844,0.84028,0.66484,0.84722,0.63672,0.86806,0.61250,0.89028,0.59375,0.90139,0.63984,0.84306,0.61641,0.87361,0.60313,0.91111,0.59688,0.94306,0.65938,0.85139,0.64297,0.89028,0.62969,0.93889,0.62422,0.97500,0.68203,0.86250,0.67266,0.90833,0.66172,0.95556,0.65547,0.99167,0.70391,0.88056,0.70391,0.92639,0.70000,0.96389,0.69688,0.99306,0.60869,0.70628,0.9998,0.78438,0.86656,0.9737,0.70005,0.86260,0.9859,0.68488,0.70412,0.69844,0.84028,60.46,0.9956,live,0.3294,0.3880,165.73,427.09
167213.380059,120.0,0.4331,2,1,1,0.70156,0.82500,0.66641,0.82500,0.63828,0.82639,0.61562,0.83472,0.60547,0.83611,0.63984,0.80833,0.61484,0.81250,0.60469,0.83472,0.60156,0.85972,0.65781,0.81667,0.64141,0.82083,0.63047,0.85278,0.62500,0.88056,0.68047,0.82222,0.67422,0.82917,0.66719,0.86111,0.66250,0.89306,0.70234,0.82917,0.70625,0.84722,0.70391,0.87222,0.70078,0.89583,0.60940,0.70609,0.9998,0.78973,0.87585,0.9727,0.70085,0.84214,0.9843,0.70156,0.82500,0.70156,0.82500,55.20,0.5628,live,0.3330,0.6132,254.84,415.58
167213.445360,120.0,0.5637,2,1,1,0.64687,0.63472,0.66719,0.64722,0.68203,0.64722,0.68828,0.66111,0.68750,0.68333,0.67500,0.61250,0.67578,0.61389,0.66953,0.64722,0.66328,0.67778,0.65469,0.60556,0.65000,0.60278,0.64453,0.64028,0.64062,0.67500,0.63516,0.60278,0.63125,0.59861,0.62734,0.63194,0.62500,0.66667,0.61875,0.60694,0.61562,0.60833,0.61406,0.63472,0.61406,0.66111,0.61160,0.68197,0.9998,0.78655,0.87488,0.9716,0.69782,0.72586,0.9850,0.69063,0.78694,0.64687,0.63472,43.99,0.7169,live,0.3364,0.5849,232.43,397.38
167213.511912,120.0,0.6968,2,1,1,0.68203,0.54583,0.65234,0.53194,0.63125,0.49444,0.62031,0.45694,0.61641,0.42500,0.63984,0.44028,0.63438,0.38333,0.63047,0.39583,0.63203,0.42083,0.66094,0.43750,0.65547,0.38056,0.65234,0.40278,0.65391,0.42917,0.68203,0.44306,0.67812,0.38889,0.67344,0.41111,0.67422,0.43750,0.70234,0.45417,0.69844,0.41528,0.69375,0.43056,0.69375,0.45139,0.60319,0.68278,0.9999,0.77130,0.83276,0.9719,0.68981,0.51993,0.9865,0.68891,0.73872,0.68203,0.54583,81.83,0.7693,live,0.3782,0.5688,232.43,408.62
167213.578265,120.0,0.8295,2,1,1,0.68516,0.47917,0.65234,0.43194,0.63516,0.38333,0.62813,0.34167,0.62109,0.30694,0.65312,0.35139,0.64844,0.30972,0.64453,0.28333,0.64062,0.25833,0.66719,0.35000,0.66641,0.30694,0.66250,0.28056,0.65703,0.25833,0.68125,0.35417,0.68203,0.31389,0.67734,0.28611,0.67188,0.26389,0.69609,0.36389,0.69766,0.32917,0.69453,0.30556,0.68984,0.28611,0.59757,0.67159,0.9998,0.76246,0.75783,0.9729,0.67864,0.43345,0.9878,0.68493,0.65913,0.68516,0.47917,84.11,0.8985,live,0.3938,0.4650,195.35,420.14
167213.641964,120.0,0.9569,2,1,1,0.67891,0.41389,0.64609,0.36944,0.63203,0.32222,0.62578,0.28056,0.61875,0.24722,0.64531,0.28889,0.63750,0.25278,0.63125,0.23194,0.62656,0.21250,0.65859,0.28333,0.65312,0.24444,0.64766,0.22083,0.64297,0.20417,0.67266,0.28472,0.66953,0.24583,0.66406,0.21944,0.65859,0.20000,0.68750,0.29028,0.68594,0.25139,0.68203,0.23056,0.67734,0.21111,0.59795,0.67583,0.9998,0.76013,0.70765,0.9743,0.67319,0.36933,0.9890,0.68373,0.61008,0.67891,0.41389,85.24,0.8436,live,0.4045,0.4531,195.35,431.09
167213.715596,120.0,0.1041,2,2,0,0.67266,0.37222,0.64297,0.32917,0.62813,0.28611,0.62187,0.24861,0.61484,0.21667,0.64219,0.24306,0.63047,0.20694,0.62109,0.18333,0.61250,0.16111,0.65469,0.23472,0.64531,0.19444,0.63516,0.16806,0.62422,0.14722,0.66797,0.23333,0.66328,0.19167,0.65391,0.16667,0.64297,0.14861,0.68281,0.24167,0.68281,0.20417,0.67578,0.18333,0.66641,0.16806,0.59563,0.67642,0.9998,0.75125,0.67061,0.9751,0.66908,0.34387,0.9900,0.68151,0.56251,0.67266,0.37222,87.35,0.9696,live,0.4096,0.4327,191.38,442.25
167213.778713,120.0,0.2304,2,2,0,0.66875,0.34583,0.63984,0.31944,0.62500,0.27778,0.61953,0.24167,0.61250,0.21111,0.64141,0.22917,0.63047,0.19306,0.62031,0.17639,0.61016,0.16389,0.65469,0.21944,0.64531,0.17639,0.63359,0.15694,0.62187,0.14583,0.66797,0.21944,0.66406,0.17222,0.65391,0.15139,0.64297,0.13889,0.68281,0.22778,0.68281,0.18889,0.67578,0.16944,0.66484,0.15694,0.59374,0.67656,0.9998,0.74817,0.66404,0.9757,0.66856,0.34361,0.9910,0.67896,0.51917,0.66875,0.34583,80.91,0.9693,live,0.4253,0.4967,222.25,447.44
167213.848044,120.0,0.3690,2,2,0,0.66641,0.35417,0.64062,0.33056,0.62500,0.28889,0.61953,0.25278,0.61328,0.22361,0.63984,0.24167,0.62813,0.20417,0.61875,0.18611,0.60938,0.17361,0.65391,0.23194,0.64453,0.18889,0.63281,0.16806,0.62187,0.15833,0.66797,0.23194,0.66406,0.18472,0.65469,0.16389,0.64375,0.15139,0.68359,0.24028,0.68437,0.20417,0.67812,0.18472,0.66797,0.17361,0.59394,0.67707,0.9998,0.74544,0.66348,0.9755,0.66781,0.34313,0.9918,0.67645,0.48617,0.66641,0.35417,79.55,0.9654,live,0.4469,0.5456,246.06,451.02
167213.911125,120.0,0.4952,2,2,0,0.66797,0.38611,0.64141,0.36667,0.62422,0.32222,0.61797,0.28472,0.61172,0.25556,0.63906,0.27361,0.62891,0.23194,0.61875,0.21528,0.60781,0.20556,0.65391,0.26667,0.64453,0.22083,0.63438,0.19861,0.62344,0.18750,0.66875,0.26806,0.66328,0.22083,0.65547,0.19861,0.64687,0.18611,0.68516,0.27917,0.68359,0.23889,0.67812,0.22083,0.66953,0.20972,0.59475,0.67775,0.9998,0.74832,0.67047,0.9759,0.66800,0.36697,0.9926,0.67475,0.46616,0.66797,0.38611,79.03,0.9621,live,0.4699,0.5743,260.63,453.80
167213.978646,120.0,0.6302,2,2,0,0.66797,0.38611,0.64141,0.36667,0.62422,0.32222,0.61797,0.28472,0.61172,0.25556,0.63906,0.27361,0.62891,0.23194,0.61875,0.21528,0.60781,0.20556,0.65391,0.26667,0.64453,0.22083,0.63438,0.19861,0.62344,0.18750,0.66875,0.26806,0.66328,0.22083,0.65547,0.19861,0.64687,0.18611,0.68516,0.27917,0.68359,0.23889,0.67812,0.22083,0.66953,0.20972,0.59454,0.67806,0.9998,0.75068,0.74711,0.9772,0.66778,0.43233,0.9933,0.67475,0.46616,0.66797,0.38611,79.03,0.5773,hold,0.4699,0.5743,260.63,453.80
167214.047027,120.0,0.7670,2,2,0,0.67031,0.60694,0.64531,0.59722,0.62109,0.56944,0.60547,0.54444,0.60234,0.52222,0.62578,0.50278,0.61484,0.47778,0.61328,0.50972,0.61406,0.54444,0.64609,0.49722,0.63828,0.47361,0.63672,0.51528,0.63750,0.55417,0.66641,0.50139,0.66016,0.48472,0.65703,0.52500,0.65625,0.55833,0.68437,0.51528,0.68359,0.50972,0.68203,0.53889,0.68203,0.56250,0.59922,0.65987,0.9998,0.76711,0.80872,0.9777,0.66839,0.60366,0.9938,0.67387,0.49432,0.67031,0.60694,80.75,0.9675,live,0.4629,0.4310,197.19,457.49
167214.110046,120.0,0.8930,2,2,0,0.63750,0.67361,0.67109,0.70694,0.70000,0.73750,0.72031,0.75972,0.73594,0.77083,0.69375,0.73472,0.70469,0.76944,0.70156,0.80417,0.69531,0.82917,0.66953,0.72917,0.66875,0.75972,0.66094,0.80000,0.65391,0.83056,0.64219,0.72361,0.63906,0.75694,0.63203,0.79583,0.62578,0.82917,0.61641,0.72083,0.60938,0.75972,0.60625,0.79306,0.60391,0.82083,0.60562,0.67627,0.9998,0.77960,0.84928,0.9774,0.68887,0.78727,0.9923,0.67863,0.72570,0.63750,0.67361,71.15,0.8315,live,0.4578,0.4345,197.19,453.82
167214.176413,120.0,0.0258,2,1,1,0.70703,0.83333,0.67656,0.83889,0.64609,0.85972,0.62031,0.87917,0.60000,0.88750,0.64766,0.82639,0.62344,0.86250,0.61172,0.90000,0.60625,0.93472,0.66875,0.83333,0.64922,0.88056,0.63672,0.92500,0.62969,0.95833,0.69063,0.84722,0.67812,0.90417,0.66641,0.95000,0.65781,0.98333,0.70937,0.86806,0.70469,0.92222,0.69922,0.95833,0.69375,0.98611,0.60534,0.68851,0.9998,0.77799,0.85393,0.9756,0.69818,0.85630,0.9894,0.68050,0.56212,0.70703,0.83333,58.71,0.9906,live,0.4518,0.4243,187.40,441.63
167214.247165,120.0,0.1673,2,1,1,0.70234,0.86528,0.66875,0.86944,0.64062,0.88889,0.61641,0.91111,0.59531,0.91806,0.64531,0.85556,0.62266,0.89722,0.60938,0.93611,0.60078,0.96806,0.66719,0.86528,0.64766,0.91806,0.63359,0.96528,0.62500,0.99861,0.68906,0.88056,0.67812,0.93611,0.66563,0.97778,0.65703,0.99861,0.70859,0.90000,0.70625,0.95139,0.70078,0.98611,0.69609,0.99861,0.60683,0.69018,0.9998,0.77770,0.85333,0.9752,0.70238,0.88104,0.9866,0.68487,0.62275,0.70234,0.86528,57.92,0.9822,live,0.4518,0.4355,187.40,430.34
167214.313991,120.0,0.3009,2,1,1,0.70547,0.85694,0.67031,0.86389,0.64062,0.88472,0.61562,0.90556,0.59453,0.90972,0.64453,0.85000,0.62109,0.88889,0.60781,0.92639,0.59922,0.95972,0.66484,0.85556,0.64609,0.90417,0.63125,0.95000,0.62266,0.98889,0.68828,0.87083,0.67656,0.92361,0.66484,0.96667,0.65547,0.99861,0.70937,0.89306,0.70625,0.94306,0.69844,0.97917,0.69141,0.99861,0.60756,0.69895,0.9998,0.77958,0.85807,0.9727,0.70266,0.87250,0.9821,0.68899,0.66959,0.70547,0.85694,61.31,0.9954,live,0.4518,0.4443,187.87,422.84
167214.377371,120.0,0.4277,2,1,1,0.71172,0.83194,0.67656,0.83333,0.64453,0.83889,0.61797,0.85000,0.59609,0.85694,0.64844,0.80556,0.62500,0.83333,0.61094,0.86389,0.60078,0.89444,0.66641,0.81250,0.64531,0.85000,0.63203,0.88611,0.62500,0.92083,0.68750,0.82639,0.67656,0.86667,0.66563,0.90556,0.65859,0.94028,0.70859,0.84583,0.70703,0.88194,0.70156,0.90972,0.69766,0.93611,0.60757,0.69801,0.9998,0.77300,0.87024,0.9720,0.70287,0.84378,0.9831,0.69353,0.70206,0.71172,0.83194,58.98,0.9624,live,0.4518,0.4548,188.56,414.56
167214.441828,120.0,0.5566,2,1,1,0.71172,0.83194,0.67656,0.83333,0.64453,0.83889,0.61797,0.85000,0.59609,0.85694,0.64844,0.80556,0.62500,0.83333,0.61094,0.86389,0.60078,0.89444,0.66641,0.81250,0.64531,0.85000,0.63203,0.88611,0.62500,0.92083,0.68750,0.82639,0.67656,0.86667,0.66563,0.90556,0.65859,0.94028,0.70859,0.84583,0.70703,0.88194,0.70156,0.90972,0.69766,0.93611,0.61482,0.69764,0.9998,0.78125,0.88097,0.9703,0.69549,0.81613,0.9824,0.69353,0.70206,0.71172,0.83194,58.98,0.5775,hold,0.4518,0.4548,188.56,414.56
167214.508717,120.0,0.6904,2,1,1,0.68516,0.61250,0.65781,0.60556,0.63516,0.56944,0.62266,0.54028,0.61641,0.51528,0.64453,0.50833,0.63594,0.47083,0.63047,0.50278,0.62891,0.53333,0.66406,0.50556,0.65469,0.46667,0.64766,0.50694,0.64766,0.54028,0.68437,0.51250,0.67656,0.47083,0.66719,0.50694,0.66563,0.54167,0.70469,0.52361,0.70234,0.49167,0.69375,0.51111,0.69063,0.53472,0.60647,0.66565,0.9998,0.77155,0.85544,0.9701,0.68970,0.61706,0.9841,0.69186,0.68415,0.68516,0.61250,79.84,0.9492,live,0.4518,0.4465,188.56,422.30
167214.577002,120.0,0.8269,2,1,1,0.68828,0.47083,0.65938,0.44722,0.64062,0.40278,0.63203,0.36250,0.62578,0.32917,0.65781,0.35417,0.65000,0.30694,0.64453,0.28611,0.64141,0.27639,0.67578,0.35000,0.66953,0.30000,0.66328,0.28611,0.65781,0.28750,0.69297,0.35417,0.68984,0.30972,0.68359,0.29861,0.67891,0.30278,0.70937,0.36667,0.70937,0.32778,0.70547,0.31806,0.70234,0.31806,0.59847,0.66682,0.9998,0.76573,0.77474,0.9713,0.68735,0.46812,0.9856,0.69114,0.64149,0.68828,0.47083,81.85,0.9180,live,0.4409,0.3913,168.49,430.55
167214.646501,120.0,0.9659,2,1,1,0.68672,0.41528,0.65703,0.36944,0.64297,0.32083,0.63750,0.27778,0.63047,0.24028,0.66094,0.28611,0.65547,0.24861,0.65234,0.22500,0.64844,0.20139,0.67578,0.28333,0.67500,0.24306,0.67188,0.21667,0.66797,0.19583,0.69063,0.28750,0.69141,0.24861,0.68750,0.21806,0.68281,0.19028,0.70547,0.29861,0.70859,0.26111,0.70625,0.23750,0.70312,0.21389,0.59818,0.66973,0.9998,0.76488,0.72211,0.9726,0.68715,0.37613,0.9870,0.69026,0.59624,0.68672,0.41528,84.94,0.9446,live,0.4304,0.3829,168.49,440.05
167214.714117,120.0,0.1012,2,2,0,0.68203,0.36389,0.65312,0.32083,0.63906,0.27500,0.63438,0.23472,0.62734,0.20000,0.65547,0.23194,0.64687,0.19583,0.64062,0.17361,0.63594,0.15000,0.67031,0.22639,0.66484,0.18750,0.66016,0.16111,0.65391,0.14028,0.68437,0.22778,0.68281,0.19028,0.67734,0.16250,0.67109,0.13750,0.69922,0.24028,0.70000,0.20417,0.69688,0.18194,0.69141,0.16250,0.59693,0.67082,0.9998,0.75908,0.67550,0.9739,0.68495,0.33552,0.9883,0.68861,0.54977,0.68203,0.36389,87.26,0.9633,live,0.3973,0.2464,110.91,450.07
167214.781882,120.0,0.2367,2,2,0,0.67891,0.33194,0.65000,0.30278,0.63359,0.25833,0.62969,0.21806,0.62266,0.18611,0.65078,0.20694,0.64141,0.16806,0.63281,0.14583,0.62422,0.12639,0.66641,0.19861,0.65938,0.15417,0.65000,0.12917,0.63984,0.11250,0.68125,0.20139,0.67891,0.15556,0.67109,0.13056,0.66094,0.11389,0.69766,0.21250,0.70000,0.17500,0.69531,0.15417,0.68594,0.13889,0.59701,0.67151,0.9998,0.75390,0.65519,0.9745,0.68238,0.32403,0.9894,0.68667,0.50621,0.67891,0.33194,85.92,0.9675,live,0.3814,0.3089,141.45,457.92
167214.844340,120.0,0.3616,2,2,0,0.67734,0.33611,0.64922,0.31111,0.63359,0.26944,0.62813,0.22917,0.62187,0.19722,0.64922,0.21667,0.63906,0.17778,0.63047,0.15694,0.62187,0.14167,0.66484,0.20833,0.65781,0.16250,0.64844,0.13889,0.63750,0.12500,0.68047,0.21111,0.67734,0.16528,0.67031,0.14028,0.66016,0.12361,0.69688,0.22083,0.69766,0.18472,0.69297,0.16389,0.68437,0.14861,0.59727,0.67541,0.9998,0.75081,0.65331,0.9750,0.67820,0.32435,0.9904,0.68481,0.47219,0.67734,0.33611,83.59,0.9693,live,0.3814,0.3582,165.89,463.16
167214.914419,120.0,0.5018,2,2,0,0.67656,0.36667,0.64922,0.34167,0.63359,0.29861,0.62734,0.25972,0.62031,0.22778,0.65000,0.24861,0.64062,0.20694,0.63125,0.18750,0.62109,0.17500,0.66563,0.24306,0.65859,0.19583,0.64922,0.17222,0.63906,0.15694,0.68125,0.24722,0.67812,0.20000,0.67031,0.17500,0.66094,0.15694,0.69766,0.25972,0.69922,0.22361,0.69453,0.20278,0.68750,0.18611,0.59726,0.67544,0.9998,0.75107,0.66981,0.9754,0.67833,0.34809,0.9914,0.68316,0.45108,0.67656,0.36667,81.19,0.9578,live,0.3814,0.3888,181.19,466.04
167214.980867,120.0,0.6347,2,2,0,0.67578,0.40556,0.65078,0.39722,0.63281,0.36250,0.62266,0.33056,0.61562,0.30139,0.64219,0.30000,0.63438,0.25417,0.62734,0.24722,0.62422,0.26111,0.65859,0.29167,0.65234,0.24444,0.64687,0.24444,0.64453,0.26528,0.67578,0.29583,0.67344,0.25278,0.66797,0.25833,0.66641,0.27917,0.69453,0.30972,0.69375,0.27778,0.69063,0.28056,0.68906,0.29583,0.59645,0.67667,0.9998,0.75637,0.71985,0.9769,0.67514,0.37996,0.9922,0.68168,0.44198,0.67578,0.40556,78.16,0.8767,live,0.3814,0.3749,174.85,466.39
167215.046570,120.0,0.7661,2,2,0,0.67891,0.56528,0.65000,0.55278,0.62578,0.51528,0.61094,0.48472,0.60469,0.45694,0.63594,0.45278,0.62500,0.40694,0.61875,0.43889,0.62031,0.47083,0.65469,0.45139,0.64531,0.40000,0.63828,0.43889,0.63906,0.47639,0.67422,0.45694,0.66484,0.40972,0.65703,0.44861,0.65703,0.48472,0.69453,0.47083,0.68437,0.44167,0.67812,0.46944,0.67891,0.49583,0.59677,0.67660,0.9998,0.76039,0.77985,0.9772,0.67347,0.52577,0.9929,0.68113,0.46664,0.67891,0.56528,83.14,0.9720,live,0.3814,0.3719,174.90,470.28
167215.113387,120.0,0.8997,2,2,0,0.67656,0.70417,0.64844,0.69583,0.62656,0.67222,0.61094,0.65694,0.59531,0.64861,0.64062,0.59861,0.62109,0.60556,0.61406,0.64444,0.61250,0.67917,0.66250,0.60417,0.64375,0.61667,0.63359,0.65694,0.63047,0.69306,0.68281,0.62361,0.67031,0.64306,0.66094,0.67639,0.65547,0.70694,0.70000,0.65278,0.69531,0.67500,0.68828,0.69861,0.68359,0.71944,0.61467,0.67290,0.9998,0.77389,0.83306,0.9764,0.67742,0.68375,0.9918,0.68021,0.51414,0.67656,0.70417,74.03,0.9893,live,0.3684,0.3089,144.33,467.15
167215.180614,120.0,0.0342,2,1,1,0.66328,0.72500,0.64297,0.73333,0.62578,0.73750,0.61406,0.74583,0.60313,0.74861,0.64844,0.68194,0.63438,0.70000,0.62422,0.72639,0.61406,0.75000,0.66250,0.68333,0.64141,0.70417,0.62578,0.73472,0.61562,0.76111,0.67422,0.69444,0.65469,0.71667,0.63984,0.74861,0.63047,0.77222,0.68281,0.71250,0.66797,0.73333,0.65703,0.75972,0.64844,0.77778,0.61308,0.68356,0.9998,0.78673,0.88974,0.9764,0.69115,0.79084,0.9914,0.67683,0.55632,0.66328,0.72500,35.54,0.9939,live,0.3684,0.2561,111.81,436.68
167215.243859,120.0,0.1607,2,1,1,0.67812,0.77500,0.66406,0.77917,0.64766,0.78056,0.63281,0.79028,0.62266,0.79861,0.66563,0.71806,0.63984,0.73056,0.62344,0.75139,0.61328,0.77083,0.67344,0.71528,0.64453,0.73333,0.62656,0.76111,0.61641,0.78472,0.67891,0.72639,0.65312,0.74167,0.63516,0.76806,0.62422,0.79028,0.68281,0.74306,0.66328,0.76250,0.65000,0.78611,0.64062,0.80417,0.61450,0.68942,0.9998,0.78733,0.90111,0.9754,0.69682,0.83315,0.9908,0.67709,0.60005,0.67812,0.77500,34.91,0.9982,live,0.3684,0.2731,111.81,409.41
167215.311047,120.0,0.2950,2,1,1,0.67969,0.79722,0.65547,0.78750,0.63594,0.77361,0.62187,0.76944,0.60938,0.77361,0.65703,0.70833,0.63438,0.71944,0.62031,0.74306,0.61016,0.76806,0.67656,0.71944,0.65625,0.73611,0.63984,0.77222,0.62891,0.80278,0.69297,0.74444,0.68203,0.76250,0.66719,0.79861,0.65625,0.82778,0.70547,0.77778,0.70000,0.79306,0.68906,0.81944,0.67969,0.83750,0.61605,0.69351,0.9999,0.78820,0.91842,0.9749,0.69691,0.81209,0.9910,0.67761,0.63949,0.67969,0.79722,60.48,0.9987,live,0.3684,0.3539,142.90,403.82
167215.379489,120.0,0.4319,2,1,1,0.69063,0.81111,0.66094,0.79722,0.63828,0.77083,0.61953,0.75139,0.60391,0.73611,0.65781,0.69444,0.63516,0.69861,0.62109,0.72083,0.61250,0.74444,0.67812,0.70139,0.65703,0.71111,0.63984,0.74306,0.62969,0.76944,0.69531,0.72500,0.68203,0.73750,0.66641,0.76667,0.65547,0.79028,0.70781,0.75833,0.70234,0.77778,0.69375,0.80139,0.68594,0.81667,0.61699,0.69392,0.9999,0.79072,0.91495,0.9747,0.69619,0.80040,0.9908,0.68021,0.67381,0.69063,0.81111,74.31,0.9990,live,0.3757,0.4092,167.32,408.87
167215.447977,120.0,0.5689,2,1,1,0.69453,0.77778,0.66328,0.75000,0.64062,0.71806,0.62266,0.69444,0.60703,0.67222,0.65781,0.65556,0.63750,0.64444,0.62422,0.66111,0.61562,0.68611,0.67578,0.65833,0.65859,0.64444,0.64297,0.66944,0.63438,0.70139,0.69375,0.67639,0.68281,0.66528,0.66641,0.68611,0.65625,0.71528,0.70937,0.70417,0.70625,0.69722,0.69531,0.71389,0.68750,0.73472,0.62119,0.68975,0.9999,0.79038,0.90451,0.9732,0.69801,0.77523,0.9906,0.68307,0.69460,0.69453,0.77778,80.01,0.9917,live,0.3757,0.4361,182.03,417.41
167215.513340,120.0,0.6996,2,1,1,0.68203,0.61528,0.65703,0.60417,0.63750,0.57222,0.62578,0.54722,0.61562,0.52639,0.64609,0.50694,0.63750,0.47361,0.63047,0.49444,0.62813,0.52222,0.66172,0.50556,0.65156,0.47222,0.64453,0.50417,0.64375,0.53611,0.67891,0.51389,0.66953,0.48333,0.66094,0.51389,0.65938,0.54444,0.69609,0.53056,0.69141,0.51250,0.68516,0.53611,0.68437,0.55972,0.61393,0.68980,0.9999,0.77872,0.87415,0.9718,0.69487,0.64278,0.9914,0.68287,0.67874,0.68203,0.61528,75.89,0.9549,live,0.3857,0.4314,182.03,421.96
167215.578851,120.0,0.8306,2,1,1,0.68672,0.47083,0.65781,0.45694,0.63828,0.41389,0.62891,0.37361,0.62344,0.34167,0.65078,0.35694,0.64531,0.30556,0.64297,0.29583,0.64297,0.30417,0.67031,0.35278,0.66641,0.30278,0.66328,0.30417,0.66250,0.31944,0.68906,0.35833,0.68672,0.31250,0.68203,0.31806,0.68047,0.33333,0.70703,0.37083,0.70547,0.33472,0.70156,0.33889,0.70000,0.35278,0.60434,0.68643,0.9999,0.76873,0.78598,0.9726,0.68858,0.47908,0.9922,0.68364,0.63716,0.68672,0.47083,82.70,0.9421,live,0.3924,0.4225,182.05,430.87
167215.645011,120.0,0.9630,2,1,1,0.67891,0.36389,0.65000,0.34028,0.63594,0.29583,0.63125,0.25417,0.62500,0.22361,0.65391,0.25278,0.64531,0.20833,0.63672,0.18333,0.62813,0.16528,0.67031,0.24722,0.66406,0.19861,0.65469,0.17083,0.64453,0.14861,0.68594,0.25139,0.68359,0.20278,0.67656,0.17639,0.66797,0.15556,0.70234,0.26389,0.70469,0.22500,0.70234,0.20278,0.69609,0.18472,0.60015,0.68301,0.9998,0.75625,0.69454,0.9736,0.68245,0.35845,0.9930,0.68269,0.58250,0.67891,0.36389,77.85,0.9539,live,0.3924,0.3776,164.32,435.22
167215.715321,120.0,0.1036,2,2,0,0.67969,0.34722,0.65000,0.30278,0.63672,0.25694,0.63125,0.21667,0.62500,0.18333,0.65156,0.22361,0.64609,0.18750,0.64219,0.16667,0.63906,0.14722,0.66563,0.21806,0.66250,0.17917,0.65938,0.15694,0.65703,0.13750,0.67891,0.21944,0.67734,0.18194,0.67500,0.15556,0.67109,0.13194,0.69297,0.22639,0.69297,0.18750,0.69141,0.16528,0.68906,0.14444,0.59983,0.67596,0.9999,0.74877,0.63774,0.9748,0.68026,0.30361,0.9936,0.68209,0.53545,0.67969,0.34722,83.10,0.8484,live,0.3924,0.2594,114.85,442.83
167215.782570,120.0,0.2381,2,2,0,0.67344,0.30694,0.64375,0.26806,0.62891,0.22778,0.62344,0.19028,0.61719,0.16111,0.64375,0.18472,0.63281,0.14861,0.62422,0.12222,0.61641,0.09722,0.65703,0.17361,0.65078,0.13194,0.64297,0.10278,0.63516,0.07778,0.67109,0.17222,0.66719,0.13333,0.65938,0.10278,0.65156,0.07778,0.68594,0.18194,0.68594,0.14444,0.68047,0.11944,0.67344,0.09861,0.60012,0.67179,0.9998,0.74706,0.61183,0.9760,0.67851,0.27794,0.9941,0.68036,0.48975,0.67344,0.30694,84.89,0.9644,live,0.3807,0.3276,147.70,450.81
167215.848668,120.0,0.3703,2,2,0,0.67031,0.28611,0.64219,0.26389,0.62656,0.22500,0.62031,0.19028,0.61406,0.16111,0.63984,0.17639,0.62891,0.14028,0.62109,0.11944,0.61406,0.10000,0.65469,0.16528,0.64609,0.12083,0.63672,0.09722,0.62813,0.07778,0.66875,0.16389,0.66328,0.11806,0.65547,0.09444,0.64687,0.07500,0.68359,0.17083,0.68281,0.13472,0.67812,0.11250,0.67031,0.09306,0.60014,0.67601,0.9998,0.74650,0.60815,0.9768,0.67505,0.27979,0.9947,0.67835,0.44902,0.67031,0.28611,79.56,0.9477,live,0.3807,0.3898,176.99,454.00
167215.915390,120.0,0.5037,2,2,0,0.67031,0.29583,0.64297,0.27500,0.62656,0.23750,0.62109,0.20139,0.61484,0.17222,0.64141,0.18611,0.62969,0.15139,0.62187,0.12917,0.61406,0.10972,0.65625,0.17639,0.64766,0.13194,0.63906,0.10694,0.62969,0.08889,0.67031,0.17500,0.66563,0.13056,0.65781,0.10694,0.64844,0.08750,0.68594,0.18056,0.68516,0.14444,0.67969,0.12361,0.67188,0.10833,0.60020,0.67353,0.9998,0.74618,0.61968,0.9773,0.67446,0.28753,0.9952,0.67674,0.41838,0.67031,0.29583,79.40,0.9555,live,0.3906,0.4359,199.08,456.69
167215.983384,120.0,0.6397,2,2,0,0.67500,0.32639,0.64766,0.30833,0.63047,0.26806,0.62422,0.22917,0.61719,0.19861,0.64531,0.21667,0.63438,0.17639,0.62578,0.15417,0.61641,0.13750,0.66094,0.20694,0.65312,0.15972,0.64453,0.13333,0.63516,0.11667,0.67578,0.20694,0.67109,0.15972,0.66328,0.13611,0.65391,0.11806,0.69141,0.21528,0.69063,0.17778,0.68594,0.15694,0.67891,0.14028,0.59989,0.67429,0.9998,0.74576,0.63121,0.9777,0.67444,0.30989,0.9956,0.67639,0.39998,0.67500,0.32639,79.31,0.9154,live,0.4036,0.4626,212.33,458.99
167216.046072,120.0,0.7651,2,2,0,0.67500,0.32639,0.64766,0.30833,0.63047,0.26806,0.62422,0.22917,0.61719,0.19861,0.64531,0.21667,0.63438,0.17639,0.62578,0.15417,0.61641,0.13750,0.66094,0.20694,0.65312,0.15972,0.64453,0.13333,0.63516,0.11667,0.67578,0.20694,0.67109,0.15972,0.66328,0.13611,0.65391,0.11806,0.69141,0.21528,0.69063,0.17778,0.68594,0.15694,0.67891,0.14028,0.60040,0.67845,0.9998,0.75436,0.69722,0.9784,0.67451,0.37428,0.9960,0.67639,0.39998,0.67500,0.32639,79.31,0.5492,hold,0.4036,0.4626,212.33,458.99
167216.113282,120.0,0.8995,2,2,0,0.67969,0.55417,0.65234,0.54444,0.62734,0.51667,0.61328,0.49028,0.60938,0.46250,0.63594,0.48472,0.61797,0.41806,0.61562,0.43889,0.62031,0.46528,0.65391,0.47778,0.63906,0.40417,0.63750,0.43333,0.63984,0.46389,0.67188,0.47222,0.65703,0.40556,0.65469,0.43333,0.65625,0.46250,0.68750,0.46806,0.67422,0.41528,0.67031,0.43333,0.67188,0.45972,0.60048,0.68318,0.9998,0.76801,0.77928,0.9790,0.67453,0.51114,0.9964,0.67969,0.55417,0.67969,0.55417,67.27,0.9292,live,0.4109,0.4442,200.92,452.35
167216.180240,120.0,0.0334,2,1,1,0.67969,0.55417,0.65234,0.54444,0.62734,0.51667,0.61328,0.49028,0.60938,0.46250,0.63594,0.48472,0.61797,0.41806,0.61562,0.43889,0.62031,0.46528,0.65391,0.47778,0.63906,0.40417,0.63750,0.43333,0.63984,0.46389,0.67188,0.47222,0.65703,0.40556,0.65469,0.43333,0.65625,0.46250,0.68750,0.46806,0.67422,0.41528,0.67031,0.43333,0.67188,0.45972,0.60676,0.68648,0.9998,0.79696,0.79079,0.9767,0.69475,0.74708,0.9938,0.67969,0.55417,0.67969,0.55417,67.27,0.5575,hold,0.4109,0.4442,200.92,452.35
167216.245347,120.0,0.1636,2,1,1,0.72188,0.78889,0.68516,0.79583,0.65234,0.79444,0.62656,0.79167,0.60469,0.78472,0.65859,0.74722,0.63359,0.76944,0.62109,0.79861,0.61094,0.82917,0.68047,0.75417,0.65938,0.78056,0.64375,0.82083,0.63359,0.85694,0.70312,0.77083,0.69063,0.80000,0.67891,0.84028,0.67031,0.87639,0.72422,0.79444,0.71875,0.81806,0.71328,0.84722,0.70781,0.87361,0.60901,0.69656,0.9998,0.78945,0.85950,0.9750,0.70723,0.82475,0.9925,0.68549,0.47776,0.72188,0.78889,60.15,0.9676,live,0.4080,0.2529,111.62,441.37
167216.314848,120.0,0.3026,2,1,1,0.72734,0.80417,0.69063,0.80278,0.65703,0.80417,0.63125,0.80556,0.60781,0.79861,0.66406,0.75972,0.63906,0.78472,0.62266,0.81111,0.61172,0.83889,0.68359,0.76944,0.66172,0.80417,0.64609,0.84167,0.63594,0.87639,0.70469,0.78889,0.69063,0.82361,0.67812,0.86111,0.66953,0.89306,0.72344,0.81389,0.71953,0.85278,0.71328,0.88472,0.70703,0.91111,0.60889,0.69752,0.9998,0.78599,0.89389,0.9737,0.71411,0.84908,0.9923,0.69386,0.54305,0.72734,0.80417,60.61,0.9956,live,0.3818,0.2621,113.24,432.05
167216.384183,120.0,0.4413,2,1,1,0.72266,0.80417,0.68359,0.80694,0.65234,0.80139,0.62969,0.79028,0.61094,0.77778,0.66172,0.74583,0.64141,0.76111,0.62578,0.78611,0.61406,0.81389,0.68125,0.75000,0.66250,0.77500,0.64766,0.81250,0.63906,0.84722,0.70156,0.76806,0.69063,0.79583,0.67969,0.83056,0.67188,0.86111,0.72188,0.79306,0.71953,0.82500,0.71328,0.85833,0.70703,0.88611,0.60882,0.69807,0.9998,0.78965,0.87994,0.9731,0.71110,0.82049,0.9915,0.69962,0.59527,0.72266,0.80417,61.66,0.9917,live,0.3818,0.3385,143.71,424.60
167216.445307,120.0,0.5636,2,1,1,0.71250,0.80556,0.67656,0.80417,0.65156,0.78472,0.63281,0.76389,0.61875,0.75000,0.66016,0.71528,0.64141,0.70556,0.62734,0.72083,0.61719,0.74722,0.67812,0.71389,0.66406,0.70278,0.65078,0.73333,0.64453,0.76806,0.69922,0.72500,0.69219,0.72361,0.68047,0.75417,0.67344,0.78889,0.71953,0.74722,0.71875,0.75556,0.71172,0.78056,0.70625,0.80556,0.60939,0.69504,0.9999,0.78164,0.86791,0.9722,0.70750,0.78742,0.9908,0.70220,0.63733,0.71250,0.80556,73.76,0.9878,live,0.3865,0.4078,174.05,426.75
167216.510980,120.0,0.6949,2,1,1,0.69219,0.66250,0.66250,0.65556,0.63984,0.62361,0.62578,0.59861,0.61484,0.57917,0.65625,0.56806,0.64141,0.54167,0.63203,0.56944,0.62813,0.59722,0.67734,0.56806,0.66563,0.54306,0.65469,0.57778,0.65000,0.61389,0.69766,0.58194,0.69141,0.55833,0.68281,0.59444,0.67578,0.62778,0.71562,0.60278,0.71797,0.59583,0.71328,0.62361,0.70859,0.64861,0.60936,0.68252,0.9999,0.78004,0.86454,0.9728,0.70318,0.70128,0.9914,0.70019,0.64236,0.69219,0.66250,71.28,0.9669,live,0.3918,0.4161,177.61,426.86
167216.579006,120.0,0.8310,2,1,1,0.69688,0.51667,0.66719,0.50000,0.64375,0.46111,0.63125,0.41806,0.62500,0.38333,0.65703,0.40278,0.65234,0.34167,0.65000,0.35000,0.65156,0.37361,0.67812,0.40000,0.67344,0.34306,0.67188,0.36111,0.67266,0.38750,0.69844,0.40694,0.69609,0.35694,0.69297,0.37500,0.69219,0.40000,0.71875,0.41944,0.71797,0.37500,0.71328,0.39167,0.71172,0.41528,0.60293,0.68295,0.9999,0.77127,0.80356,0.9735,0.70015,0.51763,0.9922,0.68313,0.54667,0.69688,0.51667,84.81,0.5491,live,0.3918,0.4067,177.61,436.70
167216.646734,120.0,0.9664,2,1,1,0.69922,0.45000,0.66563,0.40139,0.64844,0.35278,0.64062,0.30694,0.63281,0.26944,0.66641,0.31944,0.66016,0.27500,0.65625,0.24583,0.65156,0.21944,0.68125,0.31528,0.67969,0.26806,0.67500,0.23750,0.66953,0.21250,0.69609,0.31806,0.69531,0.27361,0.69063,0.24167,0.68437,0.21528,0.71016,0.32778,0.71250,0.28750,0.71016,0.26250,0.70703,0.24028,0.59854,0.67965,0.9998,0.76066,0.71768,0.9746,0.69266,0.39374,0.9929,0.70000,0.60389,0.69922,0.45000,87.02,0.7728,live,0.3918,0.2729,121.96,446.95
167216.713017,120.0,0.0990,2,2,0,0.69141,0.38472,0.65938,0.33889,0.64453,0.28889,0.63906,0.24444,0.63047,0.21111,0.66016,0.25278,0.65234,0.21389,0.64766,0.19028,0.64453,0.16667,0.67500,0.24722,0.67031,0.20417,0.66719,0.17917,0.66328,0.15694,0.68906,0.24861,0.68750,0.20694,0.68359,0.17778,0.67891,0.15139,0.70469,0.25694,0.70469,0.21806,0.70156,0.19583,0.69766,0.17500,0.59817,0.67473,0.9998,0.75460,0.67597,0.9754,0.68793,0.33102,0.9936,0.69828,0.56006,0.69141,0.38472,88.73,0.9015,live,0.3693,0.2668,121.96,457.20
167216.782215,120.0,0.2374,2,2,0,0.68359,0.33889,0.65312,0.29722,0.63750,0.25278,0.63125,0.21111,0.62344,0.17917,0.65234,0.20694,0.64062,0.16667,0.63203,0.14028,0.62422,0.11389,0.66641,0.19722,0.65938,0.15278,0.65156,0.12083,0.64375,0.09444,0.68047,0.19722,0.67734,0.15417,0.66953,0.12500,0.66016,0.10139,0.69609,0.20833,0.69766,0.16944,0.69219,0.14583,0.68437,0.12639,0.59834,0.67501,0.9998,0.74619,0.64385,0.9759,0.67982,0.30859,0.9942,0.69534,0.51582,0.68359,0.33889,89.70,0.9527,live,0.3492,0.2579,120.42,466.92
167216.844701,120.0,0.3623,2,2,0,0.67891,0.31111,0.64922,0.28472,0.63281,0.24306,0.62656,0.20556,0.61875,0.17639,0.64766,0.19028,0.63750,0.15278,0.62891,0.13194,0.61953,0.11389,0.66250,0.18056,0.65469,0.13333,0.64609,0.10833,0.63594,0.09028,0.67734,0.18056,0.67344,0.13333,0.66484,0.10972,0.65469,0.09306,0.69297,0.19028,0.69297,0.15000,0.68750,0.13056,0.67734,0.11528,0.59761,0.67503,0.9999,0.74482,0.63105,0.9755,0.67491,0.30157,0.9947,0.69206,0.47488,0.67891,0.31111,84.73,0.9595,live,0.3331,0.2595,122.47,471.89
167216.911399,120.0,0.4957,2,2,0,0.67812,0.32222,0.64922,0.30000,0.63281,0.25694,0.62656,0.21806,0.61797,0.18750,0.64766,0.20556,0.63594,0.16667,0.62813,0.14444,0.61953,0.12639,0.66250,0.19583,0.65469,0.14861,0.64531,0.12361,0.63516,0.10556,0.67812,0.19583,0.67344,0.15000,0.66484,0.12500,0.65547,0.10556,0.69375,0.20556,0.69453,0.16944,0.68984,0.14861,0.68125,0.13194,0.59680,0.67540,0.9999,0.74497,0.64317,0.9766,0.67564,0.31232,0.9952,0.68927,0.44435,0.67812,0.32222,82.78,0.9375,live,0.3275,0.3022,143.53,474.87
167216.978586,120.0,0.6301,2,2,0,0.68125,0.35972,0.65312,0.33750,0.63672,0.29444,0.63047,0.25556,0.62187,0.22361,0.65234,0.24306,0.64141,0.20000,0.63203,0.17917,0.62266,0.16250,0.66875,0.23472,0.66016,0.18611,0.65078,0.16111,0.63984,0.14306,0.68516,0.23889,0.67969,0.19028,0.67109,0.16528,0.66172,0.14583,0.70078,0.25000,0.70078,0.21250,0.69609,0.19167,0.68828,0.17500,0.59635,0.67667,0.9998,0.74555,0.64844,0.9774,0.67605,0.33482,0.9956,0.68767,0.42742,0.68125,0.35972,82.07,0.9295,live,0.3275,0.3268,155.87,476.97
167217.046332,120.0,0.7656,2,2,0,0.68672,0.45139,0.65781,0.42778,0.64062,0.38333,0.63359,0.33889,0.62656,0.30278,0.65781,0.33750,0.65000,0.29028,0.64297,0.26250,0.63672,0.24583,0.67578,0.33611,0.67188,0.28889,0.66641,0.26528,0.65781,0.25417,0.69297,0.34444,0.69141,0.30000,0.68750,0.27500,0.68047,0.26250,0.70937,0.35972,0.71094,0.32083,0.70937,0.29861,0.70469,0.28472,0.59530,0.68034,0.9998,0.74583,0.74929,0.9775,0.67657,0.41075,0.9960,0.68748,0.43222,0.68672,0.45139,78.53,0.9309,live,0.3275,0.3267,155.61,476.28
167217.115483,120.0,0.9039,2,2,0,0.69922,0.60972,0.66953,0.59444,0.64687,0.55417,0.63594,0.51944,0.63438,0.48889,0.65859,0.49167,0.64297,0.44306,0.64062,0.47083,0.64375,0.50278,0.67734,0.48889,0.66094,0.44583,0.65859,0.48194,0.65938,0.51528,0.69609,0.49306,0.68203,0.45833,0.67812,0.49583,0.67812,0.52917,0.71484,0.50417,0.70469,0.47917,0.69844,0.50694,0.69766,0.53333,0.59531,0.68042,0.9998,0.75150,0.82590,0.9778,0.68814,0.57129,0.9964,0.68982,0.46772,0.69922,0.60972,85.55,0.8452,live,0.3165,0.2664,128.06,480.72
167217.181144,120.0,0.0352,2,1,1,0.68750,0.74583,0.66953,0.73333,0.65703,0.70833,0.65312,0.70417,0.65234,0.70694,0.67266,0.67083,0.66406,0.67222,0.65703,0.70556,0.65234,0.73333,0.68672,0.67639,0.68047,0.68472,0.67344,0.72222,0.66719,0.75833,0.70078,0.69306,0.69531,0.70556,0.68984,0.74306,0.68437,0.77778,0.71094,0.71667,0.71250,0.72778,0.70937,0.75833,0.70625,0.78611,0.60499,0.68021,0.9998,0.75499,0.88657,0.9766,0.70020,0.79609,0.9954,0.68936,0.52334,0.68750,0.74583,50.74,0.8719,live,0.3097,0.2787,128.06,459.56
167217.248646,120.0,0.1702,2,1,1,0.70547,0.82222,0.67578,0.81389,0.65234,0.79583,0.63672,0.78472,0.62422,0.77917,0.67891,0.74306,0.65703,0.75833,0.64531,0.78472,0.63594,0.81111,0.70000,0.75556,0.68203,0.78056,0.66797,0.81389,0.65781,0.84306,0.71875,0.78056,0.70937,0.80694,0.69609,0.84306,0.68516,0.87222,0.73203,0.81111,0.72969,0.83611,0.72344,0.86111,0.71719,0.88056,0.60746,0.69940,0.9998,0.76490,0.90826,0.9766,0.71316,0.81875,0.9952,0.69258,0.58312,0.70547,0.82222,58.41,0.9934,live,0.2995,0.2530,112.95,446.47
167217.315320,120.0,0.3036,2,1,1,0.71641,0.87500,0.68516,0.85833,0.66016,0.82778,0.64219,0.80694,0.62422,0.78750,0.68516,0.76111,0.66094,0.76944,0.64531,0.79444,0.63281,0.82222,0.70781,0.77222,0.68437,0.78472,0.66875,0.82361,0.65703,0.85694,0.72734,0.79861,0.71406,0.81111,0.69766,0.85417,0.68437,0.89028,0.74297,0.83333,0.73750,0.85556,0.72813,0.88889,0.71953,0.91389,0.60758,0.69932,0.9999,0.76919,0.89196,0.9764,0.71687,0.84440,0.9949,0.69735,0.64149,0.71641,0.87500,75.46,0.9972,live,0.3078,0.3458,154.65,447.22
167217.381571,120.0,0.4361,2,1,1,0.72188,0.88194,0.69063,0.86389,0.66563,0.82500,0.64609,0.80000,0.63047,0.77083,0.68672,0.74722,0.66563,0.73611,0.64922,0.76111,0.63672,0.79306,0.70781,0.75972,0.68906,0.74861,0.67109,0.78611,0.66094,0.81806,0.72734,0.78750,0.71641,0.77639,0.69922,0.81389,0.68984,0.84722,0.74375,0.82361,0.73672,0.82222,0.72734,0.85139,0.72266,0.87361,0.60971,0.69964,0.9999,0.76849,0.90095,0.9758,0.71732,0.84334,0.9945,0.70225,0.68958,0.72188,0.88194,84.66,0.9982,live,0.3276,0.4174,189.70,454.51
167217.448896,120.0,0.5707,2,1,1,0.71719,0.84444,0.68672,0.81667,0.66484,0.77778,0.64766,0.74861,0.63203,0.72361,0.68281,0.71528,0.66875,0.69028,0.65312,0.70139,0.64062,0.72639,0.70312,0.71944,0.69141,0.68889,0.67422,0.71111,0.66172,0.74722,0.72266,0.73750,0.71641,0.71111,0.70078,0.73472,0.68828,0.76806,0.73906,0.76667,0.74062,0.74722,0.73281,0.76667,0.72656,0.79306,0.61547,0.69669,0.9999,0.76936,0.92951,0.9759,0.71589,0.81861,0.9944,0.70524,0.72056,0.71719,0.84444,84.56,0.9853,live,0.3515,0.4606,212.28,460.85
167217.515021,120.0,0.7030,2,1,1,0.70156,0.66806,0.67422,0.65972,0.65312,0.63194,0.64062,0.60694,0.63359,0.58194,0.66953,0.57778,0.65703,0.54444,0.64844,0.56250,0.64297,0.59028,0.68984,0.57778,0.67891,0.54583,0.66875,0.56806,0.66094,0.60000,0.71016,0.59028,0.70312,0.56389,0.69219,0.58750,0.68359,0.61528,0.72969,0.60972,0.73203,0.59722,0.72813,0.62083,0.72422,0.64722,0.61459,0.68903,0.9999,0.76927,0.91725,0.9758,0.71310,0.70502,0.9948,0.70450,0.71006,0.70156,0.66806,69.81,0.9137,live,0.3721,0.4657,212.28,455.81
167217.578392,120.0,0.8297,2,1,1,0.70469,0.53194,0.67500,0.51250,0.65312,0.47361,0.64141,0.43056,0.63750,0.39306,0.67266,0.40417,0.66797,0.34306,0.66328,0.35694,0.66250,0.38472,0.69297,0.40417,0.68906,0.35000,0.68437,0.37222,0.68359,0.40000,0.71250,0.41389,0.70937,0.36667,0.70391,0.38750,0.70234,0.41250,0.73125,0.42778,0.72813,0.38611,0.72188,0.40139,0.72031,0.42361,0.60451,0.69310,0.9999,0.76960,0.83936,0.9767,0.71257,0.53770,0.9953,0.70454,0.67443,0.70469,0.53194,88.30,0.6550,live,0.3873,0.4568,212.28,464.69
167217.646782,120.0,0.9665,2,1,1,0.69297,0.40972,0.66406,0.37778,0.64844,0.33194,0.64219,0.28889,0.63672,0.25139,0.67031,0.28611,0.66328,0.23472,0.65625,0.21111,0.64766,0.19722,0.68828,0.28194,0.68516,0.22778,0.67656,0.20000,0.66563,0.18333,0.70469,0.29167,0.70547,0.23889,0.69922,0.21250,0.68984,0.19722,0.72031,0.31111,0.72500,0.27361,0.72344,0.25000,0.71719,0.23333,0.60070,0.68304,0.9999,0.76407,0.73557,0.9776,0.70548,0.38926,0.9957,0.70223,0.62149,0.69297,0.40972,82.86,0.9187,live,0.3873,0.3909,183.17,468.58
167217.714676,120.0,0.1023,2,2,0,0.68828,0.35972,0.65938,0.31389,0.64453,0.26806,0.64062,0.22639,0.63516,0.19167,0.66328,0.22500,0.65391,0.18333,0.64687,0.15556,0.64062,0.12778,0.67891,0.21944,0.67500,0.17361,0.66953,0.14306,0.66406,0.11667,0.69297,0.22083,0.69219,0.17778,0.68672,0.14722,0.68125,0.12083,0.70781,0.23333,0.71016,0.19306,0.70703,0.16806,0.70156,0.14583,0.59412,0.68137,0.9999,0.74793,0.66824,0.9776,0.69191,0.33389,0.9961,0.69944,0.56914,0.68828,0.35972,88.88,0.9067,live,0.3873,0.3845,183.17,476.35
167217.778446,120.0,0.2298,2,2,0,0.68125,0.33194,0.65312,0.28889,0.63906,0.24444,0.63438,0.20556,0.62891,0.17361,0.65625,0.20000,0.64687,0.16111,0.63984,0.13472,0.63438,0.10972,0.67031,0.19306,0.66641,0.15000,0.66172,0.12222,0.65781,0.09722,0.68437,0.19444,0.68203,0.15417,0.67812,0.12361,0.67266,0.09722,0.69844,0.20417,0.69922,0.16528,0.69453,0.14167,0.68906,0.12083,0.59518,0.68142,0.9999,0.74607,0.64323,0.9779,0.68240,0.30168,0.9965,0.69580,0.52170,0.68125,0.33194,87.47,0.9524,live,0.3716,0.2999,144.61,482.17
167217.850838,120.0,0.3746,2,2,0,0.67734,0.30556,0.64922,0.27917,0.63359,0.23611,0.62891,0.19861,0.62344,0.16944,0.65156,0.18611,0.64297,0.14583,0.63516,0.12361,0.62656,0.10694,0.66641,0.17778,0.66094,0.12917,0.65234,0.10278,0.64297,0.08472,0.68125,0.17778,0.67891,0.12917,0.67109,0.10278,0.66172,0.08194,0.69609,0.18750,0.69766,0.14722,0.69297,0.12361,0.68437,0.10556,0.59557,0.68041,0.9999,0.74437,0.62997,0.9783,0.67720,0.30455,0.9968,0.69211,0.47847,0.67734,0.30556,82.63,0.9628,live,0.3716,0.3619,175.11,483.80
167217.911157,120.0,0.4953,2,2,0,0.67812,0.31944,0.65000,0.29583,0.63359,0.25556,0.62969,0.21528,0.62344,0.18333,0.65156,0.20278,0.64219,0.16250,0.63516,0.13889,0.62734,0.11944,0.66719,0.19444,0.66016,0.14444,0.65234,0.11806,0.64297,0.10000,0.68203,0.19444,0.67891,0.14722,0.67109,0.12083,0.66172,0.10139,0.69766,0.20417,0.69922,0.16389,0.69375,0.14306,0.68516,0.12778,0.59506,0.67923,0.9999,0.74359,0.64550,0.9779,0.67780,0.31566,0.9971,0.68931,0.44667,0.67812,0.31944,81.85,0.9369,live,0.3783,0.4090,198.25,484.68
167217.983423,120.0,0.6398,2,2,0,0.68047,0.35833,0.65312,0.33611,0.63750,0.29444,0.63125,0.25556,0.62578,0.22222,0.65547,0.24167,0.64609,0.19722,0.63750,0.17500,0.62813,0.15833,0.67188,0.23472,0.66484,0.18472,0.65625,0.15972,0.64609,0.13889,0.68750,0.23889,0.68437,0.19028,0.67656,0.16389,0.66719,0.14444,0.70312,0.25139,0.70469,0.21528,0.70078,0.19306,0.69375,0.17500,0.59523,0.67928,0.9999,0.74386,0.69194,0.9777,0.67732,0.34090,0.9974,0.68754,0.42900,0.68047,0.35833,80.81,0.9075,live,0.3886,0.4356,211.14,484.70
167218.045874,120.0,0.7647,2,2,0,0.68359,0.45417,0.65547,0.42917,0.63750,0.38611,0.62969,0.34583,0.62500,0.30833,0.65625,0.33611,0.64922,0.28889,0.64219,0.26250,0.63594,0.24861,0.67422,0.33333,0.66953,0.28194,0.66328,0.25833,0.65547,0.25139,0.69141,0.34028,0.68984,0.29028,0.68437,0.26806,0.67734,0.26389,0.70859,0.35556,0.70937,0.31250,0.70703,0.29444,0.70156,0.28889,0.59501,0.68079,0.9998,0.74399,0.74933,0.9775,0.67737,0.40530,0.9976,0.68675,0.43403,0.68359,0.45417,81.52,0.9286,live,0.3970,0.4354,211.25,485.23
167218.117797,120.0,0.9085,2,2,0,0.69531,0.59583,0.66797,0.58889,0.64219,0.55417,0.62656,0.52361,0.62109,0.49444,0.65078,0.48611,0.63516,0.44444,0.63438,0.47778,0.63750,0.51250,0.67031,0.48194,0.65469,0.43750,0.65234,0.48333,0.65391,0.52361,0.69141,0.48611,0.67656,0.44583,0.67266,0.49028,0.67266,0.52917,0.71250,0.49722,0.70156,0.47083,0.69609,0.50417,0.69531,0.53472,0.59987,0.68138,0.9998,0.75895,0.83334,0.9777,0.68332,0.59669,0.9977,0.68847,0.46639,0.69531,0.59583,84.79,0.9714,live,0.3913,0.3651,178.17,488.05
167218.179111,120.0,0.0312,2,1,1,0.68594,0.74861,0.67656,0.73889,0.67188,0.71667,0.67500,0.71944,0.67969,0.72639,0.68047,0.66944,0.67188,0.67778,0.66797,0.70833,0.66641,0.73056,0.68672,0.66944,0.68203,0.68472,0.67969,0.72083,0.67812,0.75000,0.69219,0.68194,0.69219,0.70000,0.69141,0.74028,0.69063,0.76944,0.69531,0.70278,0.70078,0.72500,0.70156,0.75556,0.70156,0.77778,0.61216,0.68373,0.9998,0.76426,0.89315,0.9779,0.70497,0.78668,0.9975,0.68796,0.52284,0.68594,0.74861,45.04,0.8667,live,0.3754,0.3031,140.00,461.91
167218.245192,120.0,0.1633,2,1,1,0.70000,0.81389,0.67891,0.81111,0.65547,0.79167,0.63984,0.78611,0.63750,0.78889,0.68203,0.74722,0.67109,0.74861,0.65938,0.78194,0.65156,0.81111,0.70547,0.75833,0.69375,0.76528,0.68125,0.80417,0.67188,0.84028,0.72500,0.77917,0.71875,0.79028,0.70781,0.83750,0.69922,0.87500,0.73984,0.80417,0.74062,0.82639,0.73750,0.86250,0.73359,0.88889,0.61106,0.69244,0.9999,0.76585,0.89816,0.9776,0.70711,0.82880,0.9967,0.69037,0.58105,0.70000,0.81389,57.48,0.9923,live,0.3641,0.3126,140.00,447.87
167218.312389,120.0,0.2977,2,1,1,0.70703,0.86944,0.68047,0.85972,0.65703,0.82361,0.63906,0.80972,0.63281,0.79722,0.68359,0.77222,0.66719,0.76250,0.65234,0.78889,0.64062,0.81667,0.70781,0.78472,0.69375,0.77917,0.67734,0.81806,0.66641,0.85000,0.72813,0.80833,0.72031,0.80694,0.70547,0.85278,0.69297,0.88889,0.74375,0.83750,0.74297,0.84722,0.73672,0.88194,0.73125,0.90833,0.61166,0.70383,0.9999,0.76876,0.90906,0.9768,0.71441,0.86299,0.9958,0.69370,0.63873,0.70703,0.86944,69.93,0.9948,live,0.3641,0.3417,151.87,444.47
167218.385534,120.0,0.4440,2,1,1,0.71797,0.88750,0.68594,0.87083,0.65859,0.82917,0.63750,0.80278,0.63047,0.78472,0.68359,0.76111,0.66563,0.74722,0.65156,0.77639,0.64219,0.80694,0.70781,0.77361,0.69063,0.75556,0.67344,0.79722,0.66328,0.83333,0.72813,0.80000,0.71641,0.78194,0.70000,0.82500,0.68906,0.85972,0.74453,0.83333,0.73828,0.83194,0.73047,0.86528,0.72578,0.89028,0.61129,0.70312,0.9999,0.76874,0.90482,0.9762,0.72171,0.85250,0.9951,0.69855,0.68848,0.71797,0.88750,82.40,0.9976,live,0.3735,0.4161,187.44,450.46
167218.448961,120.0,0.5709,2,1,1,0.71562,0.86944,0.68281,0.85139,0.65703,0.80694,0.63828,0.77778,0.62266,0.75556,0.68125,0.73333,0.66250,0.71806,0.65078,0.74583,0.64375,0.77778,0.70312,0.74444,0.68594,0.72917,0.67031,0.76667,0.66016,0.79861,0.72266,0.77083,0.71250,0.75278,0.69609,0.78889,0.68594,0.82083,0.73828,0.80556,0.73516,0.79444,0.72578,0.82222,0.71953,0.84722,0.61176,0.70392,0.9999,0.77132,0.91177,0.9743,0.71301,0.84800,0.9935,0.70197,0.72467,0.71562,0.86944,85.71,0.9982,live,0.3902,0.4666,213.77,458.12
167218.515267,120.0,0.7035,2,1,1,0.71484,0.83194,0.68359,0.80417,0.66172,0.76250,0.64453,0.73056,0.62891,0.70556,0.67734,0.71528,0.66406,0.68056,0.65156,0.68889,0.64453,0.71111,0.69531,0.71528,0.68594,0.68194,0.67266,0.69861,0.66563,0.72917,0.71328,0.72639,0.70859,0.69722,0.69609,0.71528,0.68750,0.74306,0.73047,0.74583,0.73203,0.72222,0.72500,0.73750,0.72031,0.76250,0.61633,0.69826,0.9999,0.77464,0.90406,0.9737,0.71428,0.81987,0.9933,0.70454,0.74613,0.71484,0.83194,80.25,0.8930,live,0.4096,0.4978,229.47,460.92
167218.580423,120.0,0.8338,2,1,1,0.69688,0.66389,0.66875,0.65417,0.64453,0.62361,0.62891,0.59861,0.62109,0.57222,0.65469,0.56389,0.64219,0.52500,0.63672,0.54722,0.63516,0.57500,0.67578,0.55833,0.66484,0.51667,0.65781,0.54861,0.65625,0.58611,0.69922,0.56528,0.69063,0.52917,0.68281,0.56528,0.67812,0.60000,0.72109,0.57778,0.71953,0.56389,0.71406,0.59444,0.71172,0.62500,0.61605,0.69668,0.9999,0.77458,0.90041,0.9740,0.70759,0.70333,0.9938,0.70301,0.72968,0.69688,0.66389,81.39,0.9753,live,0.4249,0.4943,229.47,464.21
167218.644907,120.0,0.9628,2,1,1,0.69297,0.53194,0.66250,0.51111,0.64219,0.46667,0.63203,0.41944,0.62891,0.38194,0.66172,0.40139,0.65625,0.33750,0.65391,0.34028,0.65312,0.36250,0.68281,0.39861,0.67891,0.33889,0.67578,0.35556,0.67422,0.38472,0.70312,0.40556,0.70078,0.36111,0.69609,0.37917,0.69453,0.40694,0.72266,0.41944,0.71875,0.38056,0.71406,0.39306,0.71250,0.41528,0.60482,0.69612,0.9999,0.77072,0.83490,0.9747,0.69719,0.53017,0.9943,0.70100,0.69013,0.69297,0.53194,91.89,0.8667,live,0.4340,0.4758,225.86,474.67
167218.715030,120.0,0.1030,2,2,0,0.68594,0.46667,0.65391,0.40833,0.63906,0.35556,0.63594,0.30694,0.63203,0.26806,0.66172,0.31806,0.65547,0.27361,0.65078,0.24583,0.64531,0.21944,0.67734,0.31667,0.67656,0.27222,0.67188,0.24028,0.66563,0.21528,0.69141,0.32500,0.69453,0.28333,0.69063,0.25417,0.68359,0.23056,0.70703,0.34028,0.71172,0.30417,0.71016,0.28333,0.70469,0.26528,0.59843,0.69040,0.9999,0.75980,0.76375,0.9752,0.69482,0.42498,0.9949,0.69799,0.64544,0.68594,0.46667,93.76,0.9350,live,0.4340,0.4174,202.52,485.22
167218.779399,120.0,0.2317,2,2,0,0.67969,0.39861,0.64766,0.34722,0.63438,0.29861,0.63125,0.25278,0.62734,0.21389,0.65469,0.25556,0.64687,0.21250,0.64297,0.18611,0.63828,0.15972,0.66953,0.25278,0.66641,0.20556,0.66172,0.17778,0.65547,0.15694,0.68437,0.25694,0.68437,0.21250,0.67891,0.18194,0.67188,0.15972,0.70000,0.26944,0.70234,0.22778,0.69844,0.20417,0.69141,0.18611,0.59582,0.68693,0.9998,0.75061,0.69156,0.9752,0.68260,0.35622,0.9953,0.69433,0.59607,0.67969,0.39861,92.27,0.9189,live,0.3998,0.2437,120.24,493.43
167218.847771,120.0,0.3685,2,2,0,0.67578,0.35694,0.64453,0.31528,0.62891,0.26944,0.62500,0.22778,0.62187,0.19306,0.64922,0.22083,0.64062,0.17917,0.63203,0.15417,0.62344,0.13194,0.66484,0.21250,0.65938,0.16389,0.65000,0.13611,0.63984,0.11667,0.67969,0.21528,0.67891,0.16667,0.67109,0.14167,0.65938,0.12639,0.69688,0.22778,0.69922,0.18889,0.69297,0.16806,0.68281,0.15417,0.59419,0.68583,0.9998,0.74190,0.66146,0.9748,0.67321,0.33316,0.9958,0.69062,0.54825,0.67578,0.35694,91.68,0.9627,live,0.3795,0.2870,143.58,500.22
167218.913581,120.0,0.5001,2,2,0,0.67344,0.34444,0.64375,0.31389,0.62813,0.27083,0.62422,0.22917,0.62031,0.19444,0.64766,0.21944,0.63906,0.17639,0.63047,0.15417,0.62187,0.13472,0.66406,0.21111,0.65703,0.16250,0.64922,0.13750,0.63906,0.11944,0.67891,0.21389,0.67656,0.16528,0.66875,0.14028,0.65703,0.12639,0.69531,0.22361,0.69609,0.18472,0.68984,0.16528,0.68047,0.15556,0.59446,0.68230,0.9998,0.74334,0.66231,0.9756,0.67096,0.33454,0.9962,0.68718,0.50749,0.67344,0.34444,86.27,0.9418,live,0.3733,0.3449,173.25,502.31
167218.983709,120.0,0.6404,2,2,0,0.67500,0.36667,0.64609,0.33750,0.63125,0.29167,0.62813,0.24861,0.62422,0.21389,0.65234,0.24306,0.64375,0.20139,0.63438,0.17778,0.62578,0.15972,0.66875,0.23611,0.66250,0.18750,0.65312,0.15972,0.64297,0.14167,0.68359,0.23889,0.68203,0.19028,0.67344,0.16528,0.66250,0.14861,0.69922,0.25139,0.70234,0.20972,0.69766,0.18889,0.68828,0.17778,0.59461,0.68026,0.9998,0.74391,0.68087,0.9759,0.67273,0.35010,0.9965,0.68475,0.47932,0.67500,0.36667,84.21,0.9732,live,0.3733,0.3855,193.76,502.67
167219.047534,120.0,0.7680,2,2,0,0.67891,0.41250,0.65234,0.39028,0.63594,0.34306,0.63125,0.30000,0.62891,0.26389,0.65703,0.29444,0.65000,0.24583,0.64141,0.22500,0.63125,0.21250,0.67344,0.29028,0.66953,0.23611,0.66094,0.21111,0.65078,0.20000,0.68984,0.29722,0.68984,0.24583,0.68281,0.22500,0.67344,0.21667,0.70625,0.31250,0.71016,0.27222,0.70547,0.25278,0.69688,0.24444,0.59457,0.68324,0.9998,0.74958,0.73263,0.9766,0.67549,0.36821,0.9968,0.68358,0.46596,0.67891,0.41250,80.54,0.9509,live,0.3793,0.4067,203.50,500.33
167219.118098,120.0,0.9091,2,2,0,0.68828,0.54722,0.66016,0.52222,0.63828,0.47639,0.62656,0.43472,0.62500,0.39722,0.66016,0.41806,0.65469,0.35972,0.65234,0.37778,0.65234,0.40694,0.67969,0.42083,0.67578,0.36111,0.67266,0.38750,0.67266,0.41806,0.69922,0.43056,0.69766,0.37500,0.69297,0.40139,0.69219,0.43194,0.71875,0.44444,0.71875,0.39722,0.71328,0.41667,0.71016,0.44306,0.59476,0.68106,0.9998,0.74985,0.79713,0.9764,0.68183,0.49952,0.9971,0.68452,0.48221,0.68828,0.54722,88.10,0.7970,live,0.3793,0.3802,191.50,503.73
167219.181649,120.0,0.0362,2,1,1,0.70234,0.72361,0.67812,0.71806,0.65156,0.69306,0.63438,0.66944,0.62266,0.64306,0.66172,0.61944,0.65391,0.62778,0.65547,0.67917,0.65703,0.71389,0.68672,0.61944,0.67969,0.61944,0.67891,0.67361,0.67734,0.70833,0.70859,0.63194,0.70703,0.64861,0.70469,0.70139,0.70000,0.73194,0.72656,0.65417,0.72813,0.67778,0.72656,0.71528,0.72422,0.73889,0.60335,0.68406,0.9998,0.76716,0.84597,0.9757,0.71000,0.73395,0.9968,0.68808,0.53049,0.70234,0.72361,78.60,0.9955,live,0.3697,0.3260,162.94,499.87
167219.248235,120.0,0.1694,2,1,1,0.70234,0.72361,0.67812,0.71806,0.65156,0.69306,0.63438,0.66944,0.62266,0.64306,0.66172,0.61944,0.65391,0.62778,0.65547,0.67917,0.65703,0.71389,0.68672,0.61944,0.67969,0.61944,0.67891,0.67361,0.67734,0.70833,0.70859,0.63194,0.70703,0.64861,0.70469,0.70139,0.70000,0.73194,0.72656,0.65417,0.72813,0.67778,0.72656,0.71528,0.72422,0.73889,0.60157,0.68398,0.9998,0.74455,0.82281,0.9738,0.71090,0.79322,0.9960,0.68808,0.53049,0.70234,0.72361,78.60,0.5973,hold,0.3697,0.3260,162.94,499.87
167219.312915,120.0,0.2988,2,1,1,0.72031,0.83472,0.69141,0.84167,0.66641,0.85417,0.64687,0.87222,0.62891,0.86250,0.68516,0.81111,0.66953,0.85278,0.66406,0.89722,0.66250,0.93194,0.71250,0.81944,0.70078,0.87222,0.69531,0.92222,0.69063,0.95694,0.73516,0.83333,0.73125,0.89028,0.72656,0.93333,0.72188,0.96667,0.75391,0.85139,0.75938,0.89861,0.76172,0.92917,0.76172,0.95417,0.60175,0.68395,0.9998,0.76198,0.82519,0.9698,0.70895,0.80982,0.9941,0.69453,0.59134,0.72031,0.83472,50.07,0.9952,live,0.3525,0.2743,130.54,475.93
167219.384031,120.0,0.4410,2,1,1,0.71719,0.80000,0.68359,0.82361,0.66172,0.83472,0.64766,0.83611,0.63281,0.82778,0.68281,0.78889,0.67266,0.81389,0.66719,0.84861,0.66406,0.88611,0.70859,0.79167,0.70625,0.83056,0.69922,0.88056,0.69375,0.92222,0.73125,0.80417,0.73516,0.85000,0.72891,0.90556,0.72344,0.95139,0.74922,0.82361,0.76016,0.87222,0.76406,0.91806,0.76484,0.95417,0.60304,0.69181,0.9998,0.77747,0.84281,0.9680,0.71230,0.80931,0.9934,0.69906,0.63307,0.71719,0.80000,47.56,0.9951,live,0.3375,0.2691,121.94,453.07
167219.448704,120.0,0.5703,2,1,1,0.73906,0.81667,0.69922,0.82917,0.66953,0.81667,0.65000,0.80000,0.63203,0.78889,0.68047,0.76250,0.66797,0.76389,0.66328,0.80000,0.66250,0.83750,0.70312,0.76389,0.69688,0.78056,0.68828,0.82917,0.68516,0.87083,0.72734,0.77639,0.72734,0.80139,0.72188,0.84861,0.71797,0.88750,0.75078,0.79444,0.76016,0.82778,0.76094,0.86250,0.76016,0.89028,0.60386,0.69199,0.9998,0.77194,0.85307,0.9655,0.71457,0.82678,0.9920,0.70706,0.66979,0.73906,0.81667,64.76,0.9762,live,0.3375,0.3364,149.80,445.32
167219.516820,120.0,0.7066,2,1,1,0.73125,0.84167,0.69609,0.82917,0.66875,0.78611,0.65000,0.74722,0.63125,0.72083,0.68047,0.73611,0.66953,0.70139,0.66328,0.71944,0.65781,0.75000,0.70312,0.73750,0.69531,0.68750,0.68672,0.72500,0.68437,0.76944,0.72734,0.74722,0.72578,0.70972,0.71875,0.75139,0.71484,0.79444,0.75156,0.76667,0.75469,0.74306,0.75156,0.77222,0.75000,0.80000,0.60706,0.68990,0.9998,0.76874,0.84718,0.9646,0.71423,0.79575,0.9903,0.71190,0.70416,0.73125,0.84167,84.19,0.9672,live,0.3465,0.3874,175.30,452.50
167219.582331,120.0,0.8376,2,1,1,0.70391,0.64583,0.67656,0.64167,0.65234,0.61250,0.63750,0.58333,0.63203,0.55139,0.67031,0.55694,0.66641,0.51111,0.66641,0.54583,0.66641,0.58056,0.69375,0.55694,0.69375,0.51528,0.69375,0.55556,0.69297,0.59167,0.71484,0.56389,0.71797,0.53750,0.71797,0.57917,0.71641,0.61389,0.73359,0.57500,0.74062,0.56111,0.74062,0.59167,0.73984,0.61944,0.60699,0.68827,0.9998,0.77141,0.84584,0.9655,0.70504,0.67439,0.9908,0.71030,0.69250,0.70391,0.64583,72.01,0.9822,live,0.3542,0.3895,175.30,450.05
167219.649895,120.0,0.9727,2,1,1,0.69063,0.50833,0.66172,0.48194,0.64375,0.43611,0.63594,0.39167,0.63203,0.35000,0.66641,0.39167,0.66172,0.33333,0.65859,0.31389,0.65469,0.31111,0.68750,0.39167,0.68750,0.33472,0.68281,0.31667,0.67500,0.31667,0.70703,0.40139,0.71016,0.35278,0.70625,0.33611,0.69922,0.33750,0.72500,0.41944,0.73203,0.37917,0.73359,0.36389,0.73125,0.36250,0.60108,0.68333,0.9998,0.75993,0.80932,0.9667,0.69846,0.51662,0.9917,0.70637,0.65567,0.69063,0.50833,82.23,0.8955,live,0.3542,0.3594,163.60,455.25
167219.716586,120.0,0.1061,2,2,0,0.67656,0.39722,0.64844,0.36389,0.63516,0.31389,0.63281,0.26806,0.62813,0.23056,0.65938,0.26806,0.65469,0.22083,0.64844,0.19444,0.64141,0.17361,0.67734,0.26667,0.67656,0.21528,0.67031,0.18611,0.66172,0.16389,0.69453,0.27639,0.69688,0.22917,0.69063,0.20139,0.68203,0.18333,0.71094,0.29444,0.71719,0.25694,0.71484,0.23333,0.70781,0.21528,0.59353,0.68146,0.9998,0.74996,0.71982,0.9677,0.68921,0.38501,0.9925,0.70040,0.60398,0.67656,0.39722,86.09,0.9703,live,0.3542,0.3537,163.60,462.60
167219.780823,120.0,0.2346,2,2,0,0.67422,0.35694,0.64453,0.31111,0.63203,0.26389,0.62969,0.22083,0.62422,0.18472,0.65156,0.22083,0.64453,0.17917,0.63750,0.15139,0.63125,0.12361,0.66797,0.21389,0.66406,0.16806,0.65859,0.13611,0.65234,0.10833,0.68281,0.21806,0.68281,0.17361,0.67656,0.14444,0.66797,0.12222,0.69766,0.23194,0.70234,0.19444,0.69844,0.17083,0.68984,0.15278,0.59165,0.67591,0.9998,0.74235,0.66556,0.9692,0.67661,0.32921,0.9932,0.69517,0.55457,0.67422,0.35694,89.98,0.9281,live,0.3396,0.2728,128.71,471.87
167219.851008,120.0,0.3750,2,2,0,0.67266,0.33750,0.64219,0.29167,0.63125,0.24722,0.62891,0.20556,0.62344,0.17222,0.64922,0.20694,0.64219,0.16667,0.63672,0.14028,0.63281,0.11389,0.66406,0.20139,0.66172,0.15833,0.65781,0.12917,0.65312,0.10417,0.67812,0.20417,0.67812,0.16389,0.67344,0.13333,0.66641,0.10972,0.69297,0.21528,0.69531,0.17778,0.69141,0.15417,0.68516,0.13611,0.58849,0.67481,0.9998,0.73354,0.64520,0.9708,0.66939,0.31608,0.9939,0.69067,0.51116,0.67266,0.33750,86.34,0.9492,live,0.3318,0.2966,141.60,477.41
167219.916919,120.0,0.5068,2,2,0,0.66875,0.31944,0.64219,0.28889,0.62969,0.24444,0.62734,0.20556,0.62187,0.17361,0.65000,0.19861,0.64297,0.15556,0.63594,0.13194,0.62813,0.11250,0.66563,0.19167,0.66094,0.14167,0.65391,0.11389,0.64609,0.09444,0.68047,0.19583,0.67891,0.14722,0.67266,0.12083,0.66250,0.10417,0.69531,0.20833,0.69766,0.16944,0.69297,0.14861,0.68437,0.13194,0.58872,0.67388,0.9998,0.72969,0.64083,0.9711,0.66648,0.31060,0.9944,0.68628,0.47281,0.66875,0.31944,81.92,0.9592,live,0.3318,0.3543,169.77,479.11
167219.982635,120.0,0.6382,2,2,0,0.67109,0.34583,0.64375,0.31667,0.63125,0.27083,0.62891,0.22917,0.62344,0.19583,0.65078,0.22222,0.64375,0.17917,0.63672,0.15417,0.62813,0.13611,0.66719,0.21667,0.66406,0.16806,0.65625,0.14028,0.64766,0.12083,0.68281,0.22222,0.68281,0.17361,0.67578,0.14722,0.66563,0.12917,0.69844,0.23472,0.70156,0.19722,0.69844,0.17639,0.69063,0.16111,0.59033,0.67388,0.9998,0.73138,0.65868,0.9715,0.66742,0.32934,0.9949,0.68324,0.44742,0.67109,0.34583,83.71,0.9520,live,0.3425,0.3911,188.46,481.89
167220.045321,120.0,0.7636,2,2,0,0.67188,0.39167,0.64531,0.37222,0.62891,0.33194,0.62422,0.29167,0.61797,0.25556,0.64766,0.27778,0.64062,0.22917,0.63281,0.21111,0.62422,0.20139,0.66484,0.27361,0.66094,0.22222,0.65391,0.20000,0.64609,0.19028,0.68125,0.28333,0.68047,0.23611,0.67578,0.21806,0.66953,0.20972,0.69844,0.30000,0.70078,0.26250,0.69844,0.24444,0.69453,0.23750,0.59040,0.67980,0.9998,0.73471,0.70548,0.9729,0.66842,0.35912,0.9954,0.68097,0.43627,0.67188,0.39167,78.58,0.8666,live,0.3546,0.4097,196.91,480.64
167220.111280,120.0,0.8955,2,2,0,0.67422,0.53889,0.64531,0.52917,0.62031,0.48750,0.60703,0.44861,0.60469,0.41528,0.63516,0.43750,0.62813,0.37083,0.62187,0.40278,0.62266,0.43472,0.65469,0.43750,0.64844,0.36806,0.64219,0.40556,0.64297,0.44028,0.67500,0.44167,0.66953,0.37778,0.66250,0.41250,0.66250,0.44444,0.69375,0.45000,0.68750,0.40000,0.67969,0.42500,0.67891,0.45278,0.59050,0.67981,0.9998,0.75034,0.78557,0.9741,0.66788,0.50733,0.9958,0.67422,0.53889,0.67422,0.53889,77.47,0.5085,live,0.3546,0.4113,196.91,478.74
167220.178217,120.0,0.0294,2,1,1,0.65781,0.68889,0.63359,0.68750,0.61406,0.67222,0.60156,0.65833,0.58984,0.64028,0.63359,0.60278,0.62031,0.60972,0.61484,0.64861,0.61094,0.68333,0.65703,0.60833,0.64766,0.61806,0.63984,0.66250,0.63281,0.70139,0.67812,0.62639,0.67500,0.63889,0.66797,0.68333,0.66094,0.72222,0.69453,0.65139,0.69844,0.67083,0.69688,0.70556,0.69297,0.73333,0.61073,0.67418,0.9998,0.75962,0.80766,0.9728,0.67091,0.69509,0.9946,0.67634,0.48679,0.65781,0.68889,66.76,0.9890,live,0.3635,0.4038,189.54,469.36
167220.287015,120.0,0.2470,2,1,1,0.69453,0.78472,0.65781,0.78750,0.62734,0.78194,0.60391,0.77500,0.58359,0.76944,0.63906,0.73194,0.61797,0.75139,0.60859,0.77917,0.60078,0.80694,0.66094,0.74028,0.64375,0.76806,0.62969,0.80694,0.62031,0.84167,0.68203,0.75694,0.67500,0.79167,0.66328,0.83611,0.65469,0.87361,0.70000,0.78056,0.69688,0.80556,0.69141,0.83750,0.68594,0.86528,0.62553,0.71021,0.9998,0.79240,0.90773,0.9715,0.70419,0.81254,0.9940,0.67998,0.54638,0.69453,0.78472,56.81,0.9911,live,0.3474,0.2745,124.62,453.94
167220.383791,120.0,0.4405,2,1,1,0.70078,0.78333,0.65859,0.78611,0.62734,0.78194,0.60391,0.78056,0.58516,0.77778,0.64141,0.74167,0.62109,0.76806,0.61016,0.79028,0.60156,0.81389,0.66406,0.75417,0.64687,0.78750,0.63125,0.82500,0.61875,0.85972,0.68594,0.77361,0.67812,0.81111,0.66641,0.85139,0.65703,0.88611,0.70391,0.80000,0.70312,0.83333,0.69844,0.86528,0.69219,0.89306,0.62508,0.71133,0.9998,0.78710,0.90012,0.9681,0.70238,0.81859,0.9927,0.68414,0.59377,0.70078,0.78333,59.05,0.9874,live,0.3497,0.2599,114.87,441.98
167220.448898,120.0,0.5707,2,1,1,0.70391,0.77917,0.66172,0.78889,0.62969,0.77778,0.60703,0.75972,0.58828,0.74722,0.64062,0.72222,0.62344,0.72778,0.61328,0.75556,0.60547,0.78750,0.66094,0.72222,0.64766,0.74306,0.63438,0.77778,0.62734,0.81250,0.68125,0.73611,0.67656,0.76806,0.66875,0.80972,0.66328,0.84583,0.70156,0.75694,0.70391,0.79583,0.70078,0.82917,0.69766,0.85833,0.62539,0.69810,0.9998,0.79125,0.88578,0.9672,0.70099,0.79729,0.9918,0.68809,0.63085,0.70391,0.77917,64.39,0.9773,live,0.3451,0.3246,141.29,435.30
167220.515317,120.0,0.7036,2,1,1,0.66094,0.69167,0.63750,0.69028,0.61641,0.67083,0.60234,0.65694,0.58828,0.64028,0.63516,0.60972,0.62266,0.62222,0.61562,0.65833,0.61328,0.68889,0.65859,0.61806,0.64922,0.62639,0.64062,0.66528,0.63594,0.70139,0.67969,0.63750,0.67734,0.64583,0.67031,0.68333,0.66328,0.71667,0.69531,0.66528,0.69922,0.68472,0.69688,0.71528,0.69375,0.73750,0.62473,0.69144,0.9998,0.78996,0.87917,0.9661,0.69432,0.74785,0.9911,0.68266,0.64301,0.66094,0.69167,63.85,0.9875,live,0.3451,0.3487,149.61,429.04
167220.585820,120.0,0.8446,2,1,1,0.66953,0.56250,0.64453,0.55833,0.62109,0.52500,0.60703,0.49583,0.59922,0.46806,0.62891,0.45972,0.62344,0.41806,0.62109,0.44722,0.62344,0.47222,0.64766,0.45833,0.64297,0.41528,0.63906,0.45139,0.64062,0.47917,0.66797,0.46528,0.66406,0.42361,0.65938,0.46250,0.65938,0.49306,0.68750,0.47778,0.68672,0.45000,0.68203,0.48194,0.68125,0.51111,0.61016,0.68230,0.9998,0.77640,0.82407,0.9657,0.67530,0.56720,0.9918,0.68004,0.62691,0.66953,0.56250,77.95,0.9411,live,0.3475,0.3450,149.61,433.68
167220.647129,120.0,0.9672,2,1,1,0.66797,0.43889,0.64062,0.41667,0.62266,0.36944,0.61484,0.32917,0.60781,0.29444,0.64141,0.31944,0.63750,0.27500,0.63438,0.24722,0.63125,0.23056,0.66016,0.31667,0.65938,0.27083,0.65625,0.24861,0.65000,0.24167,0.67734,0.32639,0.67891,0.28611,0.67422,0.26806,0.66797,0.26250,0.69375,0.34583,0.69688,0.31389,0.69453,0.30139,0.68984,0.30000,0.60014,0.67652,0.9998,0.76524,0.74846,0.9678,0.67210,0.43108,0.9926,0.67762,0.58931,0.66797,0.43889,81.34,0.9846,live,0.3497,0.2578,113.48,440.20
167220.718131,120.0,0.1092,2,2,0,0.66797,0.38750,0.63594,0.33889,0.62344,0.29028,0.61875,0.24722,0.61094,0.21111,0.63984,0.25833,0.63594,0.21806,0.63438,0.19444,0.63281,0.16944,0.65547,0.25417,0.65391,0.21389,0.65156,0.18750,0.65000,0.16389,0.67031,0.25833,0.67031,0.21944,0.66797,0.18889,0.66484,0.16111,0.68516,0.26806,0.68750,0.23194,0.68594,0.20833,0.68359,0.18472,0.59582,0.67239,0.9998,0.75246,0.67851,0.9682,0.66799,0.35012,0.9933,0.67569,0.54894,0.66797,0.38750,86.06,0.8620,live,0.3323,0.2528,113.59,449.34
167220.782785,120.0,0.2385,2,2,0,0.66484,0.33889,0.63281,0.29444,0.61875,0.25000,0.61406,0.20694,0.60703,0.17361,0.63594,0.20694,0.62813,0.16667,0.62344,0.14167,0.61875,0.11528,0.65078,0.20000,0.64766,0.15694,0.64375,0.12917,0.63906,0.10417,0.66484,0.20139,0.66406,0.16111,0.65938,0.13194,0.65312,0.10694,0.67969,0.21250,0.68047,0.17361,0.67656,0.15000,0.67031,0.13056,0.59690,0.67687,0.9998,0.74339,0.65752,0.9684,0.66819,0.31824,0.9939,0.67352,0.50693,0.66484,0.33889,88.17,0.9341,live,0.3116,0.2173,99.74,458.90
167220.848725,120.0,0.3704,2,2,0,0.65859,0.30694,0.62891,0.27778,0.61406,0.23333,0.61094,0.19306,0.60469,0.15972,0.63203,0.18056,0.62422,0.14028,0.61641,0.11528,0.60859,0.09444,0.64766,0.17222,0.64141,0.12500,0.63281,0.09861,0.62344,0.07917,0.66172,0.17500,0.66016,0.12639,0.65312,0.10139,0.64297,0.08194,0.67656,0.18472,0.67891,0.14722,0.67344,0.12500,0.66484,0.10694,0.59986,0.67911,0.9998,0.74549,0.63993,0.9697,0.66701,0.31616,0.9944,0.67054,0.46694,0.65859,0.30694,85.80,0.9528,live,0.3053,0.2765,128.75,465.61
167220.915383,120.0,0.5037,2,2,0,0.65703,0.30556,0.62891,0.27778,0.61406,0.23611,0.61016,0.19722,0.60313,0.16528,0.63125,0.18611,0.62344,0.14444,0.61562,0.12083,0.60781,0.10278,0.64687,0.17917,0.64141,0.12917,0.63281,0.10278,0.62344,0.08194,0.66094,0.18056,0.65938,0.13194,0.65156,0.10556,0.64141,0.08750,0.67656,0.18889,0.67734,0.14861,0.67188,0.12778,0.66250,0.11250,0.60021,0.67658,0.9998,0.74350,0.63655,0.9702,0.66464,0.30284,0.9949,0.66784,0.43466,0.65703,0.30556,82.43,0.9576,live,0.3053,0.3245,152.24,469.08
167220.983358,120.0,0.6397,2,2,0,0.65625,0.32639,0.62891,0.30000,0.61484,0.25833,0.61094,0.21806,0.60391,0.18611,0.63203,0.20694,0.62422,0.16250,0.61641,0.13889,0.60703,0.12222,0.64766,0.20000,0.64297,0.15000,0.63359,0.12222,0.62266,0.10417,0.66250,0.20417,0.66094,0.15417,0.65312,0.12778,0.64219,0.10972,0.67734,0.21667,0.68047,0.17500,0.67500,0.15278,0.66641,0.13889,0.60029,0.67436,0.9998,0.74418,0.64813,0.9703,0.66466,0.32719,0.9954,0.66552,0.41301,0.65625,0.32639,81.25,0.9465,live,0.3145,0.3567,168.11,471.29
167221.048645,120.0,0.7702,2,2,0,0.65625,0.37222,0.62891,0.35278,0.61250,0.31111,0.60625,0.27083,0.60078,0.23611,0.62969,0.25972,0.62344,0.20694,0.61484,0.18611,0.60547,0.17778,0.64531,0.25556,0.64062,0.19861,0.63359,0.17361,0.62422,0.16389,0.66172,0.26250,0.65859,0.20833,0.65234,0.18333,0.64375,0.17083,0.67734,0.27639,0.67891,0.23611,0.67578,0.21389,0.66875,0.20000,0.59879,0.67736,0.9998,0.74469,0.67927,0.9710,0.66444,0.35027,0.9958,0.66366,0.40485,0.65625,0.37222,77.32,0.8389,live,0.3246,0.3705,174.30,470.40
167221.113076,120.0,0.8991,2,2,0,0.66328,0.50694,0.63359,0.49444,0.61016,0.45278,0.59531,0.41389,0.58750,0.38056,0.62109,0.42083,0.61641,0.34306,0.61562,0.34167,0.61797,0.36111,0.64062,0.41806,0.63750,0.33333,0.63594,0.34306,0.63672,0.36806,0.66094,0.41944,0.65859,0.34028,0.65469,0.35694,0.65469,0.38333,0.68125,0.42361,0.67812,0.36111,0.67422,0.37778,0.67344,0.40556,0.59714,0.67387,0.9998,0.75478,0.74736,0.9715,0.66073,0.48174,0.9962,0.66328,0.50694,0.66328,0.50694,73.44,0.9706,live,0.3330,0.3711,173.26,466.83
167221.181326,120.0,0.0356,2,1,1,0.62813,0.61250,0.65547,0.63194,0.67734,0.65139,0.68828,0.68194,0.69375,0.71111,0.66094,0.60694,0.66953,0.64444,0.66719,0.68611,0.66484,0.71806,0.63750,0.60694,0.64062,0.64583,0.64062,0.69028,0.64141,0.72083,0.61562,0.61389,0.61484,0.64861,0.61562,0.68750,0.61562,0.71667,0.59688,0.62639,0.59375,0.65972,0.59531,0.68750,0.59609,0.70972,0.60663,0.66167,0.9998,0.76186,0.77342,0.9682,0.66546,0.69547,0.9920,0.65625,0.52806,0.62813,0.61250,44.81,0.8715,live,0.3392,0.3673,162.76,443.08
167221.251747,120.0,0.1764,2,1,1,0.69688,0.75278,0.66250,0.76389,0.63359,0.77778,0.61094,0.79306,0.59453,0.79583,0.64062,0.74861,0.62266,0.77778,0.61484,0.81111,0.61328,0.84167,0.66250,0.75278,0.64844,0.79167,0.63906,0.83194,0.63516,0.86806,0.68437,0.76389,0.67969,0.80833,0.67109,0.84861,0.66563,0.88194,0.70312,0.77917,0.70391,0.81944,0.70156,0.85278,0.70000,0.87917,0.61374,0.68141,0.9998,0.77486,0.84193,0.9678,0.69396,0.78193,0.9916,0.67031,0.47443,0.69688,0.75278,54.91,0.9741,live,0.3228,0.2484,106.69,429.45
167221.316064,120.0,0.3051,2,1,1,0.71016,0.77917,0.67422,0.78750,0.64141,0.80000,0.61562,0.80833,0.59766,0.80556,0.65156,0.77222,0.63281,0.79722,0.62109,0.82500,0.61250,0.85139,0.67266,0.77917,0.65703,0.81250,0.64531,0.85278,0.63906,0.88472,0.69453,0.79306,0.68516,0.83611,0.67578,0.87639,0.66875,0.90833,0.71406,0.81389,0.71172,0.85972,0.70703,0.89306,0.70312,0.92083,0.61869,0.68734,0.9998,0.79340,0.86221,0.9665,0.71486,0.82842,0.9905,0.67828,0.53538,0.71016,0.77917,58.53,0.9396,live,0.3108,0.2559,107.51,420.05
167221.383287,120.0,0.4395,2,1,1,0.71875,0.78056,0.68047,0.78889,0.64687,0.80139,0.61953,0.80694,0.60078,0.80000,0.65625,0.76250,0.63516,0.78056,0.62109,0.81111,0.61406,0.83889,0.67734,0.76944,0.66016,0.79306,0.64453,0.83611,0.63828,0.87222,0.69922,0.78611,0.68906,0.81944,0.67578,0.86111,0.66797,0.89583,0.71953,0.81111,0.71641,0.85139,0.70859,0.88611,0.70391,0.91528,0.61832,0.68977,0.9998,0.78858,0.86936,0.9624,0.71722,0.81953,0.9882,0.68637,0.58442,0.71875,0.78056,61.23,0.9879,live,0.3108,0.3261,134.91,413.73
167221.450517,120.0,0.5740,2,1,1,0.71953,0.76250,0.68047,0.77222,0.64687,0.77917,0.62187,0.78333,0.60313,0.77778,0.65234,0.73333,0.63359,0.75278,0.62187,0.78194,0.61406,0.80972,0.67188,0.74028,0.65703,0.76667,0.64375,0.80417,0.63672,0.84028,0.69375,0.75417,0.68594,0.78472,0.67500,0.82361,0.66797,0.86111,0.71484,0.77361,0.71562,0.81111,0.71094,0.84306,0.70703,0.87361,0.61787,0.68958,0.9998,0.78883,0.86158,0.9623,0.71206,0.79528,0.9879,0.69300,0.62003,0.71953,0.76250,61.67,0.9374,live,0.3262,0.3964,161.92,408.48
167221.517254,120.0,0.7074,2,1,1,0.70469,0.77778,0.66641,0.78194,0.63516,0.75417,0.61328,0.72500,0.59844,0.70417,0.64297,0.71250,0.62969,0.66667,0.62422,0.69306,0.62422,0.73056,0.66016,0.71389,0.65703,0.67361,0.64844,0.71111,0.64922,0.75139,0.68125,0.72083,0.68516,0.69861,0.67734,0.73333,0.67422,0.76528,0.70312,0.73472,0.70859,0.73472,0.70391,0.76528,0.70000,0.79306,0.61548,0.68936,0.9998,0.78350,0.85857,0.9583,0.69604,0.77352,0.9833,0.69534,0.65158,0.70469,0.77778,68.72,0.8313,live,0.3487,0.4513,184.56,408.94
167221.581958,120.0,0.8369,2,1,1,0.67422,0.62083,0.64844,0.61389,0.62813,0.58750,0.61406,0.56528,0.60156,0.54306,0.64219,0.52500,0.62969,0.49861,0.62266,0.52639,0.61953,0.55694,0.66016,0.52639,0.64844,0.49722,0.63984,0.52917,0.63672,0.56389,0.67891,0.53889,0.67344,0.51528,0.66719,0.54583,0.66250,0.57500,0.69531,0.55972,0.70000,0.55556,0.70000,0.57917,0.70000,0.60000,0.61264,0.66970,0.9998,0.78306,0.85322,0.9600,0.68865,0.65542,0.9848,0.69112,0.64543,0.67422,0.62083,68.67,0.9759,live,0.3671,0.4509,184.56,409.31
167221.649533,120.0,0.9720,2,1,1,0.67812,0.49028,0.64922,0.47361,0.62969,0.42778,0.62109,0.38750,0.61328,0.35556,0.64844,0.37222,0.64531,0.31944,0.64219,0.30417,0.64062,0.30972,0.66797,0.37083,0.66719,0.31667,0.66406,0.31250,0.66094,0.32778,0.68750,0.38056,0.68906,0.33194,0.68437,0.33472,0.68047,0.35000,0.70547,0.39722,0.70937,0.35833,0.70391,0.35972,0.70000,0.37639,0.60178,0.67926,0.9998,0.77163,0.80437,0.9616,0.67808,0.50604,0.9863,0.68852,0.61440,0.67812,0.49028,82.72,0.9460,live,0.3598,0.3264,137.01,419.75
167221.717710,120.0,0.1084,2,2,0,0.66953,0.39028,0.64219,0.36111,0.62656,0.31250,0.62187,0.27083,0.61484,0.23472,0.64687,0.26111,0.64141,0.21250,0.63281,0.19028,0.62266,0.17500,0.66406,0.25833,0.66016,0.20694,0.65234,0.18056,0.64062,0.16389,0.67969,0.26806,0.68047,0.21806,0.67422,0.19444,0.66328,0.18056,0.69609,0.28611,0.70078,0.24583,0.69688,0.22778,0.68906,0.21806,0.59831,0.66526,0.9998,0.76111,0.69488,0.9623,0.67297,0.38135,0.9876,0.68472,0.56958,0.66953,0.39028,85.14,0.9797,live,0.3523,0.3181,137.01,430.68
167221.786112,120.0,0.2452,2,2,0,0.67109,0.36667,0.63828,0.31944,0.62500,0.26944,0.62031,0.22639,0.61328,0.18889,0.64297,0.23750,0.63750,0.19583,0.63594,0.17500,0.63359,0.15417,0.65703,0.23472,0.65312,0.19444,0.64922,0.17083,0.64687,0.15278,0.67031,0.23611,0.66953,0.19722,0.66563,0.17083,0.66172,0.15000,0.68516,0.24444,0.68672,0.20417,0.68437,0.18056,0.68125,0.15972,0.59544,0.66259,0.9998,0.75019,0.65174,0.9646,0.66927,0.33006,0.9888,0.68200,0.52899,0.67109,0.36667,85.12,0.8833,live,0.3426,0.2987,131.51,440.28
167221.847962,120.0,0.3689,2,2,0,0.66250,0.32639,0.63125,0.28333,0.61641,0.23750,0.61016,0.19583,0.60313,0.16389,0.63281,0.19167,0.62266,0.15139,0.61562,0.12500,0.60781,0.10000,0.64687,0.18333,0.64219,0.14028,0.63516,0.10972,0.62734,0.08472,0.66094,0.18472,0.65938,0.14306,0.65156,0.11389,0.64297,0.09167,0.67578,0.19722,0.67734,0.15833,0.67188,0.13611,0.66406,0.11806,0.59580,0.66295,0.9998,0.74551,0.63691,0.9664,0.66537,0.30967,0.9899,0.67810,0.48847,0.66250,0.32639,89.70,0.9696,live,0.3333,0.2909,131.51,452.03
167221.916266,120.0,0.5055,2,2,0,0.65391,0.30278,0.62500,0.27500,0.60938,0.23194,0.60391,0.19306,0.59766,0.16250,0.62656,0.17917,0.61641,0.13889,0.60703,0.11806,0.59688,0.10278,0.64141,0.17083,0.63281,0.12222,0.62266,0.09861,0.61094,0.08333,0.65547,0.17222,0.65078,0.12222,0.64219,0.09861,0.63125,0.08333,0.67031,0.18333,0.67109,0.14167,0.66484,0.12222,0.65469,0.10972,0.59606,0.66328,0.9998,0.74337,0.62409,0.9676,0.66052,0.30731,0.9909,0.67326,0.45133,0.65391,0.30278,84.14,0.9647,live,0.3333,0.3205,146.92,458.37
167221.982362,120.0,0.6377,2,2,0,0.65312,0.31944,0.62422,0.29444,0.60859,0.25139,0.60313,0.21111,0.59531,0.17917,0.62578,0.19861,0.61562,0.15556,0.60625,0.13333,0.59609,0.11806,0.63984,0.19028,0.63203,0.14167,0.62109,0.11667,0.60938,0.10139,0.65391,0.19306,0.65000,0.14444,0.64141,0.12083,0.63047,0.10694,0.66953,0.20556,0.67031,0.16389,0.66406,0.14444,0.65469,0.13194,0.59600,0.66486,0.9998,0.74427,0.63362,0.9687,0.65998,0.32403,0.9918,0.66923,0.42496,0.65312,0.31944,82.30,0.9660,live,0.3381,0.3600,166.56,462.62
167222.051714,120.0,0.7764,2,2,0,0.65547,0.36250,0.62734,0.34583,0.60938,0.30417,0.60234,0.26389,0.59531,0.23056,0.62578,0.24861,0.61562,0.19861,0.60625,0.18056,0.59609,0.17083,0.64062,0.24167,0.63281,0.18889,0.62344,0.16667,0.61484,0.15833,0.65625,0.24583,0.65234,0.19306,0.64375,0.17222,0.63359,0.16528,0.67266,0.25833,0.67188,0.21667,0.66406,0.19861,0.65469,0.19167,0.59609,0.66936,0.9998,0.75048,0.67858,0.9696,0.66012,0.33559,0.9926,0.66648,0.41247,0.65547,0.36250,79.50,0.8809,live,0.3455,0.3792,176.08,464.34
167222.113881,120.0,0.9007,2,2,0,0.66563,0.48611,0.63516,0.47083,0.61328,0.43194,0.59922,0.39028,0.59062,0.35694,0.62109,0.39028,0.61562,0.31944,0.61484,0.30972,0.61641,0.32500,0.64062,0.38611,0.63516,0.30972,0.63438,0.31389,0.63594,0.33611,0.66094,0.38750,0.65469,0.31667,0.65234,0.32917,0.65312,0.35139,0.68047,0.39306,0.67422,0.33611,0.67109,0.35000,0.67188,0.37361,0.59544,0.67066,0.9998,0.76272,0.76437,0.9708,0.65906,0.46497,0.9933,0.66563,0.48611,0.66563,0.48611,78.49,0.9834,live,0.3516,0.3791,176.32,465.13
167222.185330,120.0,0.0436,2,1,1,0.63203,0.58194,0.65703,0.60694,0.67578,0.62222,0.68750,0.64444,0.69453,0.66389,0.66484,0.56944,0.67422,0.60278,0.67344,0.64444,0.67031,0.67917,0.64141,0.55694,0.64453,0.58333,0.64297,0.62778,0.64141,0.66528,0.61953,0.55278,0.61875,0.57639,0.62031,0.61806,0.62109,0.65278,0.59844,0.55694,0.59531,0.57778,0.59766,0.61111,0.60000,0.63889,0.60623,0.65528,0.9998,0.77349,0.81805,0.9676,0.67360,0.68033,0.9910,0.65891,0.50528,0.63203,0.58194,49.17,0.8826,live,0.3516,0.3379,150.25,444.72
167222.248994,120.0,0.1709,2,1,1,0.63203,0.58194,0.65703,0.60694,0.67578,0.62222,0.68750,0.64444,0.69453,0.66389,0.66484,0.56944,0.67422,0.60278,0.67344,0.64444,0.67031,0.67917,0.64141,0.55694,0.64453,0.58333,0.64297,0.62778,0.64141,0.66528,0.61953,0.55278,0.61875,0.57639,0.62031,0.61806,0.62109,0.65278,0.59844,0.55694,0.59531,0.57778,0.59766,0.61111,0.60000,0.63889,0.60785,0.68874,0.9998,0.77264,0.82864,0.9666,0.68958,0.79178,0.9909,0.65891,0.50528,0.63203,0.58194,49.17,0.5296,hold,0.3516,0.3379,150.25,444.72
167222.317200,120.0,0.3073,2,1,1,0.69766,0.82639,0.66406,0.82778,0.63438,0.85278,0.60938,0.87639,0.58828,0.88472,0.63828,0.82778,0.62031,0.87222,0.60781,0.90833,0.60000,0.94028,0.66094,0.83750,0.64453,0.90000,0.63125,0.94722,0.62344,0.98472,0.68281,0.85278,0.67109,0.91944,0.66094,0.96806,0.65391,0.99861,0.70234,0.87083,0.69688,0.92778,0.68906,0.96528,0.68437,0.98889,0.61192,0.68768,0.9998,0.78063,0.85621,0.9663,0.69866,0.85855,0.9892,0.67271,0.49525,0.69766,0.82639,60.98,0.9944,live,0.3370,0.2708,117.85,435.26
167222.385323,120.0,0.4436,2,1,1,0.69453,0.83750,0.66016,0.84167,0.62969,0.86111,0.60547,0.88333,0.58594,0.88750,0.63984,0.83472,0.61875,0.87222,0.60625,0.91250,0.59844,0.94444,0.66172,0.84583,0.64453,0.90000,0.63047,0.94861,0.62031,0.98472,0.68281,0.86250,0.67344,0.91944,0.66250,0.96389,0.65312,0.99861,0.70234,0.88194,0.70156,0.93750,0.69688,0.97361,0.69219,0.99861,0.61183,0.68779,0.9998,0.78204,0.85722,0.9663,0.70666,0.86008,0.9882,0.67708,0.56370,0.69453,0.83750,58.23,0.9965,live,0.3241,0.2655,112.83,424.95
167222.452148,120.0,0.5772,2,1,1,0.70000,0.81528,0.66406,0.82361,0.63359,0.84167,0.60859,0.86111,0.58984,0.86528,0.64219,0.80833,0.62031,0.84444,0.60781,0.88333,0.60000,0.91528,0.66406,0.81806,0.64687,0.86806,0.63203,0.91667,0.62422,0.95556,0.68672,0.83472,0.67734,0.89028,0.66406,0.93750,0.65312,0.97361,0.70625,0.85694,0.70312,0.91250,0.69688,0.95139,0.69063,0.98333,0.61215,0.68562,0.9998,0.78238,0.85314,0.9663,0.70690,0.84038,0.9871,0.68166,0.61402,0.70000,0.81528,60.10,0.9926,live,0.3297,0.3547,148.01,417.23
167222.513847,120.0,0.7006,2,1,1,0.70937,0.78611,0.67266,0.78889,0.63984,0.78889,0.61484,0.79028,0.59688,0.79444,0.64453,0.77083,0.62344,0.78750,0.61406,0.81389,0.60703,0.84306,0.66406,0.77639,0.65156,0.79722,0.64219,0.83056,0.63594,0.86389,0.68672,0.78472,0.68125,0.81667,0.67344,0.85278,0.66563,0.88750,0.70859,0.79583,0.71016,0.83194,0.70625,0.86111,0.70078,0.88889,0.61250,0.69349,0.9998,0.78465,0.86242,0.9659,0.70995,0.80960,0.9865,0.68720,0.64843,0.70937,0.78611,58.29,0.6613,live,0.3467,0.4246,173.72,409.13
167222.584154,120.0,0.8412,2,1,1,0.69219,0.65000,0.66719,0.64444,0.64375,0.63194,0.62891,0.63611,0.61797,0.64861,0.66094,0.58333,0.65000,0.58889,0.63984,0.62917,0.63438,0.66250,0.68516,0.59583,0.67422,0.59861,0.66406,0.64028,0.65859,0.67778,0.70625,0.61250,0.70156,0.62222,0.69375,0.66389,0.68828,0.69583,0.72422,0.63333,0.72891,0.64028,0.72422,0.67361,0.71953,0.70139,0.61252,0.68379,0.9998,0.78496,0.85625,0.9660,0.71113,0.73646,0.9870,0.68820,0.64875,0.69219,0.65000,58.47,0.9242,live,0.3623,0.4332,174.21,402.13
167222.651611,120.0,0.9762,2,1,1,0.71250,0.54722,0.68359,0.52361,0.66094,0.48333,0.64844,0.44444,0.64531,0.40972,0.67578,0.41528,0.67578,0.35972,0.67578,0.38056,0.67500,0.40833,0.69922,0.41806,0.70234,0.36111,0.70078,0.38472,0.69844,0.41528,0.72344,0.43056,0.72656,0.37500,0.72266,0.40000,0.71953,0.43056,0.74531,0.45139,0.74766,0.40833,0.74297,0.42778,0.74062,0.45278,0.60524,0.68369,0.9998,0.78091,0.82722,0.9672,0.71327,0.55096,0.9883,0.66962,0.51367,0.71250,0.54722,93.51,0.5255,live,0.3623,0.4136,174.21,421.20
167222.716547,120.0,0.1060,2,2,0,0.71484,0.41528,0.68672,0.38333,0.67188,0.33333,0.66875,0.29167,0.66641,0.25556,0.69609,0.28611,0.69453,0.24028,0.68906,0.21528,0.68359,0.19444,0.71562,0.28611,0.71719,0.23333,0.71250,0.20417,0.70469,0.18472,0.73359,0.29722,0.73828,0.24444,0.73438,0.21806,0.72656,0.20000,0.74922,0.31667,0.75781,0.27778,0.75625,0.25694,0.75000,0.24444,0.60347,0.68140,0.9998,0.78080,0.73782,0.9686,0.71769,0.40586,0.9894,0.69353,0.60205,0.71484,0.41528,86.01,0.9533,live,0.3623,0.2753,119.07,432.59
167222.784349,120.0,0.2416,2,2,0,0.71641,0.36528,0.68750,0.31389,0.67422,0.26528,0.67344,0.21944,0.66875,0.18333,0.69375,0.22361,0.68828,0.17917,0.68594,0.15139,0.68359,0.12361,0.71172,0.22083,0.71250,0.17500,0.71094,0.14444,0.70937,0.11806,0.72734,0.22639,0.73125,0.18333,0.72969,0.15139,0.72656,0.12222,0.74297,0.24028,0.74844,0.20417,0.74844,0.17778,0.74687,0.15278,0.60356,0.67890,0.9998,0.77801,0.67700,0.9701,0.71839,0.32500,0.9904,0.69811,0.55470,0.71641,0.36528,92.64,0.9221,live,0.3459,0.2713,121.37,447.38
167222.849663,120.0,0.3723,2,2,0,0.71719,0.34028,0.68906,0.29444,0.67500,0.24722,0.67188,0.20139,0.66641,0.16389,0.69219,0.20000,0.68516,0.15972,0.68125,0.13472,0.67812,0.10972,0.70859,0.19583,0.70703,0.15278,0.70469,0.12500,0.70234,0.10278,0.72266,0.19861,0.72422,0.15833,0.72266,0.12917,0.71953,0.10278,0.73750,0.20972,0.74141,0.17361,0.74141,0.15000,0.73984,0.12639,0.60427,0.67482,0.9998,0.77800,0.64457,0.9721,0.71797,0.28197,0.9913,0.70192,0.51181,0.71719,0.34028,91.62,0.9278,live,0.3293,0.2538,116.67,459.66
167222.913135,120.0,0.4992,2,2,0,0.71719,0.31111,0.68828,0.28333,0.67266,0.24028,0.66953,0.19722,0.66250,0.16667,0.68984,0.18889,0.68203,0.14722,0.67734,0.12222,0.67266,0.10000,0.70781,0.18056,0.70391,0.13194,0.69922,0.10556,0.69297,0.08472,0.72422,0.18333,0.72422,0.13611,0.72109,0.10972,0.71484,0.08750,0.73984,0.19583,0.74453,0.15972,0.74297,0.13611,0.73906,0.11528,0.60560,0.67340,0.9998,0.77892,0.64228,0.9732,0.71993,0.29253,0.9921,0.70497,0.47167,0.71719,0.31111,85.40,0.9266,live,0.3218,0.2876,134.01,465.98
167222.985342,120.0,0.6436,2,2,0,0.72109,0.33611,0.69141,0.31111,0.67578,0.27222,0.67109,0.23056,0.66563,0.19722,0.69219,0.21944,0.68359,0.17500,0.67812,0.15000,0.67266,0.13056,0.71094,0.21111,0.70625,0.16111,0.70078,0.13472,0.69453,0.11528,0.72734,0.21389,0.72656,0.16389,0.72188,0.13750,0.71562,0.11667,0.74297,0.22500,0.74609,0.18750,0.74453,0.16389,0.73984,0.14444,0.60722,0.67950,0.9998,0.77969,0.65191,0.9740,0.71831,0.31361,0.9928,0.70820,0.44456,0.72109,0.33611,83.15,0.8485,live,0.3218,0.3211,150.89,469.93
167223.049931,120.0,0.7728,2,2,0,0.72266,0.38194,0.69297,0.36806,0.67500,0.32778,0.66953,0.28750,0.66328,0.25417,0.69297,0.27639,0.68516,0.23194,0.67812,0.21389,0.67109,0.20139,0.71172,0.27083,0.70937,0.22083,0.70312,0.19861,0.69609,0.18333,0.72969,0.27639,0.72891,0.23056,0.72422,0.20694,0.71797,0.18750,0.74687,0.28889,0.75000,0.25694,0.74922,0.23889,0.74609,0.22222,0.61091,0.68413,0.9998,0.79461,0.68104,0.9745,0.72241,0.33651,0.9935,0.71109,0.43204,0.72266,0.38194,77.40,0.7043,live,0.3218,0.3420,160.51,469.27
167223.114214,120.0,0.9014,2,2,0,0.73594,0.51944,0.70547,0.50139,0.68203,0.46389,0.66875,0.42361,0.66406,0.38889,0.69609,0.40139,0.68828,0.34722,0.68594,0.35139,0.68672,0.36944,0.71641,0.39444,0.71094,0.33750,0.70859,0.35139,0.71016,0.37639,0.73672,0.39861,0.73281,0.34028,0.72969,0.35833,0.73047,0.38194,0.75859,0.40972,0.75625,0.36806,0.75234,0.38194,0.75234,0.40278,0.61735,0.68697,0.9998,0.80634,0.76435,0.9753,0.72559,0.47909,0.9941,0.68289,0.51482,0.73594,0.51944,89.23,0.5958,live,0.3218,0.3356,160.15,477.20
167223.183653,120.0,0.0402,2,1,1,0.72266,0.38194,0.69297,0.36806,0.67500,0.32778,0.66953,0.28750,0.66328,0.25417,0.69297,0.27639,0.68516,0.23194,0.67812,0.21389,0.67109,0.20139,0.71172,0.27083,0.70937,0.22083,0.70312,0.19861,0.69609,0.18333,0.72969,0.27639,0.72891,0.23056,0.72422,0.20694,0.71797,0.18750,0.74687,0.28889,0.75000,0.25694,0.74922,0.23889,0.74609,0.22222,0.62992,0.69263,0.9999,0.82197,0.80870,0.9758,0.74478,0.69102,0.9941,0.71109,0.43204,0.72266,0.38194,77.40,0.4226,hold,0.3218,0.3356,160.15,477.20
167223.247170,120.0,0.1673,2,1,1,0.78203,0.79861,0.74375,0.80139,0.70625,0.81389,0.68047,0.83194,0.66641,0.84306,0.72188,0.78889,0.70312,0.82083,0.69766,0.84861,0.69609,0.87500,0.74609,0.80000,0.73281,0.83889,0.72500,0.87778,0.72344,0.91250,0.76953,0.81528,0.76250,0.85694,0.75469,0.89583,0.74922,0.93194,0.79063,0.83333,0.79063,0.87083,0.78828,0.90139,0.78672,0.93333,0.63202,0.69913,0.9998,0.81906,0.84845,0.9770,0.76382,0.82108,0.9944,0.72528,0.50535,0.78203,0.79861,61.07,0.9837,live,0.3159,0.2886,133.90,463.91
167223.317073,120.0,0.3071,2,1,1,0.78203,0.79861,0.74375,0.80139,0.70625,0.81389,0.68047,0.83194,0.66641,0.84306,0.72188,0.78889,0.70312,0.82083,0.69766,0.84861,0.69609,0.87500,0.74609,0.80000,0.73281,0.83889,0.72500,0.87778,0.72344,0.91250,0.76953,0.81528,0.76250,0.85694,0.75469,0.89583,0.74922,0.93194,0.79063,0.83333,0.79063,0.87083,0.78828,0.90139,0.78672,0.93333,0.63106,0.70905,0.9998,0.80290,0.86444,0.9769,0.76061,0.87986,0.9926,0.72528,0.50535,0.78203,0.79861,61.07,0.5902,hold,0.3159,0.2886,133.90,463.91
167223.387269,120.0,0.4475,2,1,1,0.78359,0.96389,0.75703,0.94861,0.72969,0.93472,0.70703,0.93472,0.68828,0.93889,0.74453,0.90972,0.72891,0.91528,0.71875,0.95000,0.71172,0.98472,0.77109,0.92917,0.75781,0.94722,0.74766,0.98889,0.74062,0.99861,0.79375,0.95417,0.78281,0.97500,0.77187,0.99861,0.76328,0.99861,0.81172,0.98056,0.80391,0.99861,0.79766,0.99861,0.79219,0.99861,0.63051,0.71045,0.9998,0.79707,0.87719,0.9759,0.77465,0.91386,0.9893,0.73694,0.59706,0.78359,0.96389,57.76,0.9633,live,0.3206,0.3057,137.49,449.82
167223.452319,120.0,0.5776,2,1,1,0.80781,0.95278,0.77500,0.94722,0.74687,0.93750,0.72500,0.93889,0.70781,0.94444,0.74453,0.89028,0.72109,0.88750,0.70625,0.89583,0.69453,0.91111,0.76328,0.88889,0.74062,0.88194,0.72422,0.91111,0.71406,0.94722,0.78516,0.90139,0.76953,0.90972,0.75625,0.94444,0.74844,0.97778,0.80625,0.92500,0.80547,0.94861,0.80234,0.97639,0.80078,0.99722,0.63019,0.71782,0.9998,0.79646,0.89782,0.9752,0.77665,0.89399,0.9892,0.75112,0.66820,0.80781,0.95278,67.22,0.9721,live,0.3249,0.4303,191.15,444.24
167223.516395,120.0,0.7057,2,1,1,0.79844,0.92083,0.76328,0.91667,0.73359,0.88611,0.71094,0.86111,0.69609,0.83611,0.74297,0.83472,0.72734,0.80278,0.71250,0.80694,0.70078,0.82222,0.76172,0.83056,0.75313,0.79583,0.74141,0.82361,0.73438,0.85556,0.78359,0.83889,0.78438,0.82500,0.77422,0.85694,0.76797,0.88889,0.80703,0.85833,0.81250,0.86389,0.80781,0.89583,0.80234,0.92361,0.63158,0.71762,0.9998,0.79670,0.88690,0.9752,0.76870,0.86224,0.9893,0.76058,0.71873,0.79844,0.92083,76.14,0.9833,live,0.3289,0.5140,229.12,445.75
167223.585486,120.0,0.8439,2,1,1,0.76953,0.71667,0.74297,0.70139,0.72109,0.66667,0.70859,0.64028,0.70469,0.61250,0.73438,0.60972,0.73047,0.56667,0.72969,0.60000,0.72891,0.63611,0.75859,0.61528,0.75938,0.57083,0.75469,0.61111,0.75078,0.65417,0.78203,0.63056,0.78594,0.58889,0.78125,0.63194,0.77656,0.67222,0.80234,0.65278,0.81328,0.62917,0.81172,0.65833,0.80859,0.68750,0.63658,0.71896,0.9998,0.80608,0.91817,0.9757,0.77781,0.75449,0.9902,0.76237,0.71832,0.76953,0.71667,79.54,0.9157,live,0.3326,0.5119,230.13,449.53
167223.651523,120.0,0.9760,2,1,1,0.76250,0.55278,0.73281,0.52500,0.71484,0.48611,0.70469,0.44444,0.70781,0.41250,0.73906,0.41528,0.73906,0.36111,0.73516,0.36250,0.73438,0.38056,0.75938,0.41389,0.76094,0.35556,0.75625,0.36389,0.75469,0.38750,0.77891,0.42083,0.78047,0.36389,0.77500,0.37222,0.77344,0.39306,0.79766,0.43889,0.80000,0.39028,0.79453,0.39306,0.79297,0.40972,0.63142,0.70280,0.9998,0.80619,0.83273,0.9767,0.77608,0.54587,0.9912,0.76240,0.68521,0.76250,0.55278,93.49,0.8653,live,0.3360,0.3981,184.28,462.90
167223.714776,120.0,0.1025,2,2,0,0.74297,0.41111,0.71406,0.37917,0.69844,0.33472,0.69375,0.29028,0.68984,0.25139,0.72109,0.28333,0.71484,0.23472,0.70859,0.20833,0.70234,0.18472,0.74062,0.27917,0.73828,0.22500,0.73125,0.19583,0.72266,0.17222,0.75859,0.28611,0.76016,0.23194,0.75391,0.20556,0.74531,0.18750,0.77500,0.30278,0.78125,0.26250,0.78047,0.24028,0.77656,0.22222,0.62624,0.69477,0.9998,0.80314,0.72835,0.9780,0.75925,0.38934,0.9920,0.75851,0.63039,0.74297,0.41111,87.43,0.9030,live,0.3391,0.3419,160.81,470.30
167223.786514,120.0,0.2460,2,2,0,0.72578,0.35972,0.69531,0.31250,0.68125,0.26389,0.67891,0.21667,0.67188,0.18194,0.69922,0.22083,0.69141,0.17639,0.68672,0.14861,0.68281,0.12083,0.71484,0.21528,0.71328,0.16806,0.71016,0.13750,0.70703,0.11250,0.72969,0.21667,0.73047,0.17361,0.72813,0.14028,0.72500,0.11389,0.74531,0.22639,0.75000,0.18750,0.74844,0.16111,0.74531,0.13750,0.62374,0.68009,0.9998,0.79465,0.65421,0.9797,0.72800,0.30222,0.9927,0.75196,0.57626,0.72578,0.35972,92.22,0.8602,live,0.3391,0.3348,160.81,480.27
167223.850682,120.0,0.3743,2,2,0,0.70859,0.31806,0.67891,0.27778,0.66328,0.23333,0.65781,0.19167,0.65156,0.15972,0.67969,0.18333,0.67109,0.14167,0.66328,0.11528,0.65547,0.09306,0.69531,0.17222,0.68906,0.12500,0.68203,0.09861,0.67266,0.07639,0.71016,0.17222,0.70859,0.12639,0.70312,0.09722,0.69375,0.07500,0.72578,0.18194,0.72813,0.14167,0.72422,0.11667,0.71719,0.09583,0.62035,0.68126,0.9998,0.78580,0.62966,0.9808,0.71342,0.27940,0.9934,0.74329,0.52462,0.70859,0.31806,92.41,0.9308,live,0.3309,0.2934,143.51,489.17
167223.917773,120.0,0.5085,2,2,0,0.69219,0.30000,0.66484,0.27500,0.65000,0.23472,0.64531,0.19583,0.63828,0.16528,0.66484,0.18056,0.65469,0.14028,0.64766,0.11806,0.63984,0.09722,0.67969,0.17083,0.67266,0.12222,0.66484,0.09861,0.65547,0.07917,0.69453,0.17083,0.69141,0.12222,0.68437,0.09722,0.67500,0.07917,0.70937,0.17917,0.71172,0.14167,0.70781,0.11806,0.70078,0.09861,0.61598,0.68137,0.9998,0.77759,0.62045,0.9811,0.69669,0.28934,0.9940,0.73307,0.47969,0.69219,0.30000,83.49,0.9439,live,0.3360,0.3591,176.15,490.58
167223.983231,120.0,0.6394,2,2,0,0.68437,0.32500,0.65703,0.30278,0.64062,0.26389,0.63594,0.22500,0.62891,0.19583,0.65547,0.20833,0.64453,0.16806,0.63672,0.14583,0.62813,0.12917,0.67031,0.19861,0.66328,0.15139,0.65469,0.12639,0.64531,0.10556,0.68516,0.19861,0.68047,0.15278,0.67344,0.12778,0.66406,0.10833,0.70078,0.20694,0.70078,0.16806,0.69609,0.14444,0.68906,0.12639,0.61455,0.67597,0.9998,0.77500,0.63941,0.9817,0.68542,0.31297,0.9945,0.72333,0.44875,0.68437,0.32500,82.53,0.9600,live,0.3491,0.4087,200.71,491.13
167224.049861,120.0,0.7727,2,2,0,0.67656,0.37778,0.65000,0.35972,0.63359,0.32083,0.62813,0.28333,0.62109,0.25139,0.65000,0.26528,0.63984,0.21944,0.62969,0.20000,0.61953,0.19028,0.66563,0.25694,0.66016,0.20417,0.65156,0.18194,0.64141,0.17361,0.68047,0.25972,0.67734,0.20972,0.66875,0.18750,0.65859,0.17778,0.69609,0.27083,0.69766,0.23194,0.69297,0.21111,0.68437,0.20139,0.61446,0.67675,0.9998,0.77598,0.68632,0.9822,0.68219,0.32353,0.9951,0.71398,0.43456,0.67656,0.37778,79.01,0.9366,live,0.3649,0.4371,213.78,489.09
167224.115096,120.0,0.9031,2,2,0,0.68281,0.51944,0.65000,0.50417,0.62891,0.46528,0.61562,0.42639,0.60625,0.39306,0.63984,0.40139,0.63672,0.33194,0.63594,0.34167,0.63750,0.36528,0.65938,0.39722,0.65703,0.33194,0.65625,0.34861,0.65625,0.37639,0.67891,0.40278,0.67734,0.34306,0.67656,0.36389,0.67656,0.38889,0.69844,0.41389,0.69531,0.36667,0.69219,0.38194,0.69219,0.40417,0.61090,0.67999,0.9998,0.77612,0.77605,0.9825,0.67940,0.46595,0.9955,0.69311,0.50982,0.68281,0.51944,87.09,0.8531,live,0.3806,0.4522,223.00,493.10
167224.184747,120.0,0.0424,2,1,1,0.64687,0.67500,0.67031,0.68333,0.68984,0.67639,0.69922,0.68750,0.70312,0.70694,0.67500,0.60833,0.67500,0.62917,0.67031,0.66944,0.66719,0.70556,0.65078,0.60000,0.65078,0.61667,0.64844,0.66389,0.64687,0.70417,0.62969,0.60139,0.62656,0.61389,0.62656,0.65556,0.62578,0.69306,0.61016,0.61111,0.60547,0.62500,0.60625,0.65417,0.60703,0.68056,0.61914,0.67335,0.9998,0.78179,0.82658,0.9806,0.68331,0.71181,0.9951,0.68386,0.54286,0.64687,0.67500,65.75,0.9236,live,0.3973,0.4731,227.70,481.27
167224.252724,120.0,0.1784,2,1,1,0.72188,0.80000,0.67969,0.81250,0.64453,0.80833,0.62031,0.80694,0.60547,0.81944,0.65391,0.75417,0.63125,0.77083,0.62500,0.80694,0.62187,0.84167,0.67734,0.75556,0.66016,0.78472,0.64766,0.82778,0.63984,0.86389,0.70234,0.76944,0.69063,0.80417,0.68047,0.84583,0.67266,0.88194,0.72500,0.79028,0.72109,0.81806,0.71641,0.84861,0.71094,0.87361,0.61956,0.70190,0.9998,0.79849,0.89020,0.9798,0.70699,0.81929,0.9949,0.71556,0.50765,0.72188,0.80000,65.28,0.9958,live,0.3909,0.3620,170.32,470.52
167224.316327,120.0,0.3056,2,1,1,0.72578,0.83472,0.68594,0.84028,0.65469,0.83333,0.63047,0.82500,0.61094,0.81806,0.66406,0.79167,0.63984,0.80000,0.62578,0.82083,0.61562,0.84583,0.68437,0.79861,0.66406,0.80833,0.64844,0.84306,0.63828,0.87917,0.70625,0.81528,0.69531,0.83333,0.68359,0.86806,0.67344,0.90000,0.72656,0.84167,0.72656,0.86806,0.72188,0.89583,0.71641,0.91806,0.62152,0.70679,0.9998,0.79783,0.88802,0.9785,0.71479,0.85665,0.9929,0.71760,0.57306,0.72578,0.83472,59.18,0.9890,live,0.3734,0.2938,134.19,456.67
167224.386325,120.0,0.4456,2,1,1,0.72422,0.82917,0.68437,0.83611,0.65234,0.82500,0.63125,0.80833,0.61172,0.79583,0.66250,0.76389,0.64297,0.77083,0.63203,0.80139,0.62578,0.83056,0.68437,0.76806,0.67031,0.77917,0.65625,0.81944,0.65000,0.85556,0.70781,0.78611,0.70078,0.79861,0.68906,0.83333,0.68125,0.86528,0.72891,0.81389,0.72969,0.83611,0.72422,0.86528,0.72109,0.89167,0.62329,0.70558,0.9998,0.80161,0.89566,0.9776,0.71971,0.83657,0.9926,0.71893,0.62428,0.72422,0.82917,66.03,0.9934,live,0.3734,0.3606,162.04,449.41
167224.452022,120.0,0.5770,2,1,1,0.71562,0.81667,0.67656,0.81111,0.64766,0.78611,0.62813,0.76389,0.61250,0.74167,0.66328,0.72222,0.64609,0.71944,0.63359,0.73056,0.62266,0.75139,0.68359,0.72083,0.67031,0.71250,0.65625,0.73889,0.64844,0.77222,0.70547,0.73472,0.70078,0.73333,0.68906,0.75972,0.68203,0.79306,0.72656,0.76111,0.73125,0.76806,0.72656,0.78889,0.72188,0.81111,0.62424,0.70430,0.9999,0.80124,0.89235,0.9764,0.71626,0.80253,0.9926,0.71827,0.66276,0.71562,0.81667,75.95,0.9938,live,0.3734,0.3909,175.96,450.17
167224.518130,120.0,0.7092,2,1,1,0.69063,0.68056,0.66406,0.67639,0.64062,0.64167,0.62656,0.62778,0.61953,0.61806,0.65625,0.60833,0.64375,0.57500,0.63516,0.60139,0.63203,0.63472,0.67969,0.60972,0.67109,0.57222,0.66094,0.60417,0.65469,0.64583,0.70156,0.61944,0.69922,0.58889,0.69063,0.62222,0.68359,0.65972,0.71953,0.63750,0.72656,0.62778,0.72734,0.65556,0.72656,0.68472,0.62833,0.68982,0.9999,0.80116,0.88360,0.9748,0.71653,0.74388,0.9927,0.71274,0.66632,0.69063,0.68056,63.24,0.9744,live,0.3734,0.3947,174.35,441.68
167224.584911,120.0,0.8428,2,1,1,0.69453,0.56667,0.66719,0.55556,0.64453,0.52083,0.63047,0.48750,0.62266,0.45833,0.65859,0.45417,0.65391,0.39861,0.65156,0.41528,0.65312,0.44167,0.67891,0.45139,0.67422,0.39722,0.67109,0.42361,0.67188,0.45139,0.69844,0.45833,0.69609,0.41111,0.69219,0.43611,0.69141,0.46250,0.71797,0.47222,0.71875,0.43611,0.71484,0.45139,0.71250,0.47222,0.61898,0.69062,0.9999,0.79334,0.83664,0.9750,0.71033,0.56113,0.9934,0.70910,0.64639,0.69453,0.56667,82.49,0.9488,live,0.3734,0.3856,172.80,448.07
167224.651905,120.0,0.9768,2,1,1,0.68672,0.44028,0.65703,0.41667,0.63906,0.37222,0.63203,0.33056,0.62500,0.29583,0.65781,0.32639,0.64844,0.28056,0.63984,0.25556,0.63125,0.23472,0.67578,0.32222,0.67109,0.27222,0.66328,0.24444,0.65391,0.22361,0.69375,0.32917,0.69219,0.28333,0.68516,0.25833,0.67656,0.24167,0.71172,0.34444,0.71562,0.30417,0.71250,0.27917,0.70625,0.25972,0.61289,0.68485,0.9998,0.77952,0.74507,0.9748,0.69167,0.43412,0.9940,0.70462,0.60517,0.68672,0.44028,80.59,0.9691,live,0.3551,0.2714,122.74,452.33
167224.714892,120.0,0.1027,2,2,0,0.68359,0.38472,0.65156,0.34306,0.63594,0.29583,0.63047,0.25139,0.62500,0.21528,0.65391,0.26250,0.64766,0.22361,0.64531,0.20000,0.64219,0.17778,0.66953,0.25694,0.66797,0.21528,0.66563,0.18889,0.66406,0.16806,0.68437,0.25694,0.68437,0.21806,0.68203,0.18889,0.67891,0.16250,0.69922,0.26528,0.70078,0.22639,0.69922,0.20278,0.69609,0.18056,0.60627,0.68461,0.9998,0.77051,0.67706,0.9757,0.68579,0.34391,0.9945,0.70042,0.56108,0.68359,0.38472,83.98,0.8047,live,0.3393,0.2677,122.74,458.52
167224.786124,120.0,0.2452,2,2,0,0.67500,0.33333,0.64297,0.29306,0.62891,0.25000,0.62422,0.20833,0.61797,0.17639,0.64453,0.20972,0.63672,0.17222,0.63281,0.14861,0.62813,0.12500,0.65938,0.20139,0.65625,0.15972,0.65312,0.13333,0.65000,0.11111,0.67344,0.20139,0.67266,0.16250,0.66953,0.13333,0.66563,0.10694,0.68828,0.20833,0.68906,0.16944,0.68672,0.14583,0.68281,0.12361,0.60701,0.68108,0.9998,0.76124,0.63305,0.9765,0.67775,0.29849,0.9951,0.69533,0.51553,0.67500,0.33333,85.46,0.9323,live,0.3240,0.2541,118.17,465.03
167224.852650,120.0,0.3782,2,2,0,0.66719,0.30139,0.63594,0.27083,0.62031,0.22917,0.61641,0.19167,0.61016,0.16111,0.63828,0.17917,0.62656,0.14167,0.61797,0.11806,0.60938,0.09722,0.65234,0.16806,0.64453,0.12361,0.63516,0.09583,0.62500,0.07500,0.66641,0.16667,0.66250,0.12222,0.65391,0.09306,0.64453,0.06944,0.68125,0.17500,0.68203,0.13750,0.67734,0.11111,0.67031,0.08889,0.60597,0.68115,0.9998,0.75728,0.62556,0.9776,0.67360,0.29332,0.9955,0.68970,0.47270,0.66719,0.30139,85.29,0.9548,live,0.3240,0.3067,144.34,470.63
167224.918040,120.0,0.5090,2,2,0,0.66328,0.29861,0.63516,0.27639,0.61953,0.23611,0.61406,0.19861,0.60781,0.16944,0.63516,0.18611,0.62422,0.14444,0.61484,0.12222,0.60625,0.10556,0.65000,0.17500,0.64219,0.12500,0.63281,0.10000,0.62266,0.08056,0.66406,0.17361,0.66016,0.12500,0.65312,0.09722,0.64297,0.07778,0.67891,0.18194,0.67969,0.14167,0.67422,0.11667,0.66641,0.09722,0.60599,0.68107,0.9998,0.75496,0.61805,0.9783,0.67067,0.29251,0.9959,0.68442,0.43788,0.66328,0.29861,80.42,0.9446,live,0.3306,0.3608,170.30,472.06
167225.013796,120.0,0.7005,2,2,0,0.66484,0.34444,0.63750,0.32778,0.62031,0.28750,0.61406,0.24722,0.60781,0.21528,0.63594,0.23333,0.62500,0.18750,0.61562,0.16806,0.60625,0.15278,0.65234,0.22500,0.64531,0.17222,0.63594,0.14722,0.62656,0.13056,0.66875,0.22778,0.66484,0.17639,0.65703,0.15000,0.64766,0.13056,0.68516,0.24028,0.68672,0.20139,0.68203,0.17917,0.67500,0.16250,0.60389,0.67708,0.9998,0.75580,0.63292,0.9775,0.67096,0.32797,0.9963,0.68050,0.41920,0.66484,0.34444,79.55,0.8655,live,0.3413,0.3901,184.38,472.69
167225.084469,120.0,0.8419,2,2,0,0.66953,0.46111,0.64219,0.44028,0.62266,0.40000,0.61328,0.36528,0.60625,0.33611,0.63750,0.34306,0.62813,0.29722,0.62109,0.27222,0.61562,0.26250,0.65391,0.33750,0.64766,0.28472,0.64062,0.26389,0.63438,0.26250,0.67109,0.34306,0.66641,0.29306,0.66016,0.27778,0.65469,0.27639,0.68750,0.35833,0.68828,0.32222,0.68516,0.30833,0.68125,0.30694,0.60191,0.67946,0.9998,0.75595,0.74319,0.9764,0.67147,0.43268,0.9966,0.67831,0.42758,0.66953,0.46111,82.01,0.9465,live,0.3493,0.3859,183.31,475.01
167225.150118,120.0,0.9732,2,2,0,0.65391,0.62083,0.66641,0.61528,0.67891,0.59444,0.68359,0.59028,0.68672,0.59583,0.66797,0.52083,0.65781,0.50833,0.65312,0.55417,0.65625,0.58611,0.64687,0.51806,0.63594,0.49583,0.63203,0.54583,0.63438,0.58333,0.62813,0.52361,0.61641,0.50000,0.61484,0.54583,0.61953,0.58333,0.61328,0.53611,0.60234,0.52222,0.60313,0.55417,0.60859,0.58333,0.60740,0.65693,0.9998,0.77214,0.79130,0.9770,0.67277,0.62303,0.9967,0.65391,0.62083,0.65391,0.62083,74.94,0.9829,live,0.3544,0.3775,178.18,471.97
167225.216126,120.0,0.1052,2,1,1,0.65625,0.69583,0.68359,0.72500,0.70391,0.74722,0.71641,0.76944,0.72891,0.78194,0.69375,0.72500,0.68906,0.76250,0.68281,0.80556,0.67656,0.84444,0.67266,0.72083,0.66406,0.76250,0.65312,0.80556,0.64219,0.84583,0.65156,0.71667,0.64609,0.75972,0.63984,0.80556,0.63359,0.84444,0.63047,0.71528,0.61797,0.74306,0.61172,0.77222,0.60703,0.80139,0.61827,0.68360,0.9998,0.79166,0.84701,0.9768,0.69322,0.77897,0.9958,0.65437,0.63583,0.65625,0.69583,49.30,0.5017,live,0.3544,0.3528,159.03,450.83
167225.284356,120.0,0.2417,2,1,1,0.66953,0.46111,0.64219,0.44028,0.62266,0.40000,0.61328,0.36528,0.60625,0.33611,0.63750,0.34306,0.62813,0.29722,0.62109,0.27222,0.61562,0.26250,0.65391,0.33750,0.64766,0.28472,0.64062,0.26389,0.63438,0.26250,0.67109,0.34306,0.66641,0.29306,0.66016,0.27778,0.65469,0.27639,0.68750,0.35833,0.68828,0.32222,0.68516,0.30833,0.68125,0.30694,0.61946,0.68328,0.9998,0.79285,0.85603,0.9764,0.70444,0.81694,0.9948,0.67831,0.42758,0.66953,0.46111,82.01,0.5679,hold,0.3544,0.3528,159.03,450.83
167225.354399,120.0,0.3817,2,1,1,0.71250,0.83611,0.67500,0.83889,0.64375,0.84722,0.61953,0.85556,0.60625,0.85833,0.65312,0.79722,0.62891,0.81667,0.61484,0.84306,0.60625,0.86944,0.67500,0.80556,0.65391,0.83472,0.64062,0.87917,0.63359,0.91667,0.69688,0.82222,0.68359,0.86111,0.67188,0.90556,0.66328,0.93889,0.71719,0.84722,0.71172,0.88889,0.70547,0.92222,0.70078,0.94583,0.61934,0.69725,0.9998,0.79101,0.87623,0.9754,0.71089,0.83217,0.9936,0.68515,0.50928,0.71250,0.83611,58.34,0.9808,live,0.3544,0.3523,154.56,438.73
167225.417042,120.0,0.5070,2,1,1,0.71094,0.82917,0.67188,0.83750,0.64219,0.83750,0.62109,0.83472,0.60469,0.82917,0.65156,0.77917,0.63281,0.78472,0.62109,0.81250,0.61406,0.84167,0.67188,0.78472,0.65781,0.80000,0.64453,0.83889,0.63672,0.87500,0.69375,0.80139,0.68672,0.82500,0.67578,0.86111,0.66797,0.89306,0.71406,0.82500,0.71562,0.85972,0.71016,0.89028,0.70547,0.91806,0.61928,0.69967,0.9998,0.79869,0.88635,0.9754,0.71610,0.83310,0.9925,0.69031,0.57326,0.71094,0.82917,58.75,0.9907,live,0.3544,0.3559,152.47,428.38
167225.488385,120.0,0.6497,2,1,1,0.71172,0.80833,0.67188,0.81667,0.64062,0.80278,0.61953,0.78611,0.60313,0.77639,0.65078,0.73056,0.63203,0.73333,0.62344,0.76111,0.61875,0.79028,0.67188,0.73194,0.65703,0.73889,0.64609,0.78056,0.64141,0.81944,0.69453,0.74861,0.68594,0.75833,0.67578,0.79861,0.66953,0.83611,0.71641,0.77361,0.71484,0.79444,0.71016,0.82917,0.70469,0.85972,0.62284,0.70763,0.9999,0.79745,0.89615,0.9751,0.71372,0.81446,0.9925,0.69459,0.62028,0.71172,0.80833,71.57,0.9901,live,0.3544,0.3599,154.24,428.51
167225.553059,120.0,0.7791,2,1,1,0.67812,0.70556,0.65234,0.70278,0.63125,0.68333,0.61719,0.67778,0.60859,0.67778,0.65000,0.63056,0.63516,0.62917,0.62734,0.66111,0.62422,0.69306,0.67266,0.63889,0.66094,0.63056,0.65078,0.66944,0.64453,0.70694,0.69375,0.65556,0.68828,0.65417,0.67891,0.69167,0.66953,0.72222,0.71016,0.68056,0.71562,0.68472,0.71172,0.71250,0.70625,0.73750,0.62273,0.70033,0.9999,0.79663,0.89173,0.9743,0.71306,0.77598,0.9926,0.69130,0.63733,0.67812,0.70556,60.80,0.9660,live,0.3544,0.3932,165.47,420.86
167225.618638,120.0,0.9102,2,1,1,0.69688,0.58889,0.66953,0.58333,0.64766,0.55417,0.63359,0.52500,0.62344,0.49861,0.65547,0.49444,0.65391,0.44167,0.65469,0.46250,0.65703,0.48750,0.67031,0.49028,0.66875,0.43889,0.66875,0.46111,0.67031,0.48750,0.68594,0.49167,0.68281,0.44306,0.68203,0.46528,0.68203,0.48889,0.70234,0.49583,0.69609,0.45556,0.69453,0.47500,0.69453,0.49583,0.61209,0.69134,0.9999,0.78279,0.84406,0.9743,0.70093,0.58729,0.9933,0.66287,0.62644,0.69688,0.58889,73.08,0.8521,live,0.3544,0.3777,159.75,422.97
167225.685895,120.0,0.0447,2,2,0,0.69688,0.45417,0.66719,0.43056,0.64844,0.38889,0.64062,0.34722,0.63672,0.31111,0.66719,0.34444,0.66094,0.29583,0.65312,0.27222,0.64609,0.26250,0.68672,0.33750,0.68437,0.28194,0.67656,0.26250,0.66797,0.26389,0.70391,0.34167,0.70234,0.28750,0.69453,0.26806,0.68750,0.26944,0.71953,0.35417,0.72109,0.30972,0.71641,0.28889,0.70937,0.28611,0.60939,0.69563,0.9999,0.78286,0.77998,0.9749,0.69906,0.43323,0.9939,0.69241,0.60070,0.69688,0.45417,79.41,0.7000,live,0.3544,0.2466,105.88,429.39
167225.752175,120.0,0.1773,2,2,0,0.69844,0.40000,0.66797,0.35556,0.65469,0.30972,0.65000,0.26528,0.64375,0.22917,0.67344,0.27222,0.66719,0.23333,0.66328,0.20833,0.66016,0.18472,0.68750,0.26667,0.68594,0.22639,0.68203,0.19861,0.67891,0.17639,0.70156,0.26944,0.70156,0.23056,0.69844,0.20000,0.69375,0.17361,0.71562,0.27917,0.71797,0.24167,0.71641,0.21806,0.71250,0.19444,0.60925,0.69057,0.9999,0.77629,0.70466,0.9753,0.69647,0.36258,0.9945,0.69362,0.56056,0.69844,0.40000,84.60,0.8958,live,0.3544,0.2296,100.73,438.78
167225.815969,120.0,0.3049,2,2,0,0.69375,0.35278,0.66484,0.30972,0.65156,0.26528,0.64766,0.22500,0.64141,0.19306,0.66797,0.22361,0.65859,0.18333,0.65234,0.15694,0.64687,0.13194,0.68281,0.21528,0.67891,0.17222,0.67344,0.14306,0.66797,0.12083,0.69609,0.21667,0.69453,0.17500,0.68984,0.14444,0.68359,0.11944,0.71016,0.22639,0.71250,0.18750,0.71016,0.16250,0.70547,0.14028,0.61057,0.69018,0.9998,0.77481,0.67078,0.9769,0.69629,0.33175,0.9950,0.69364,0.51900,0.69375,0.35278,86.52,0.9112,live,0.3311,0.2246,100.73,448.42
167225.883846,120.0,0.4406,2,2,0,0.68984,0.31806,0.66094,0.29306,0.64687,0.25139,0.64297,0.21111,0.63750,0.17917,0.66250,0.20000,0.65391,0.16111,0.64609,0.13611,0.63828,0.11667,0.67812,0.19028,0.67266,0.14167,0.66406,0.11528,0.65469,0.09722,0.69219,0.19167,0.69141,0.14306,0.68437,0.11667,0.67422,0.09722,0.70703,0.20139,0.71016,0.16250,0.70625,0.13889,0.69844,0.11806,0.61064,0.68921,0.9998,0.77269,0.65917,0.9776,0.69619,0.32250,0.9954,0.69288,0.47881,0.68984,0.31806,82.25,0.9447,live,0.3195,0.2669,121.14,453.83
167225.950775,120.0,0.5745,2,2,0,0.68672,0.32361,0.65938,0.30000,0.64531,0.25833,0.64141,0.22083,0.63594,0.18889,0.66250,0.20833,0.65234,0.16944,0.64453,0.14583,0.63672,0.12639,0.67734,0.20000,0.67188,0.15139,0.66250,0.12361,0.65312,0.10556,0.69219,0.20000,0.69063,0.15139,0.68359,0.12500,0.67422,0.10556,0.70703,0.20833,0.70937,0.16806,0.70469,0.14444,0.69688,0.12500,0.60697,0.68593,0.9998,0.76850,0.65147,0.9770,0.69308,0.31688,0.9958,0.69165,0.44777,0.68672,0.32361,80.60,0.9539,live,0.3195,0.3113,142.39,457.40
167226.016628,120.0,0.7062,2,2,0,0.68750,0.35278,0.65938,0.32917,0.64375,0.28750,0.63906,0.24861,0.63359,0.21806,0.66172,0.23889,0.65078,0.19583,0.64297,0.17222,0.63438,0.15417,0.67734,0.23056,0.67109,0.17917,0.66328,0.15417,0.65312,0.13611,0.69297,0.23194,0.68984,0.18194,0.68203,0.15556,0.67344,0.13611,0.70781,0.24306,0.71016,0.20417,0.70703,0.17917,0.70000,0.15972,0.60448,0.68599,0.9998,0.76638,0.66575,0.9773,0.69040,0.33613,0.9962,0.69082,0.42877,0.68750,0.35278,79.90,0.9538,live,0.3195,0.3381,155.55,460.03
167226.088973,120.0,0.8509,2,2,0,0.68828,0.38194,0.66250,0.37361,0.64453,0.34444,0.63438,0.31528,0.62734,0.28472,0.65938,0.29444,0.64766,0.25139,0.63828,0.23611,0.62969,0.22917,0.67500,0.28611,0.66797,0.24028,0.65938,0.22361,0.65156,0.21806,0.69063,0.29028,0.68750,0.24861,0.68047,0.23472,0.67266,0.23056,0.70703,0.30417,0.70859,0.27361,0.70547,0.25972,0.70078,0.25139,0.60428,0.68606,0.9998,0.76939,0.72828,0.9772,0.68901,0.38116,0.9966,0.69031,0.41941,0.68828,0.38194,66.61,0.7988,live,0.3263,0.3573,161.77,452.79
167226.153042,120.0,0.9790,2,2,0,0.69297,0.56667,0.66328,0.55833,0.63750,0.51667,0.62500,0.47361,0.62422,0.43889,0.64687,0.47361,0.63828,0.40556,0.63750,0.42639,0.64219,0.45278,0.66797,0.47083,0.66094,0.40000,0.65938,0.42500,0.66094,0.45278,0.68828,0.47361,0.68125,0.40694,0.67891,0.43194,0.67969,0.45972,0.70937,0.48056,0.70312,0.42500,0.69844,0.44444,0.69844,0.47083,0.60464,0.68714,0.9998,0.77629,0.80206,0.9777,0.68917,0.53388,0.9968,0.66889,0.61449,0.69297,0.56667,77.74,0.8354,live,0.3317,0.3560,161.77,454.43
167226.219719,120.0,0.1124,2,1,1,0.68828,0.71944,0.65625,0.71528,0.63516,0.69444,0.62344,0.68333,0.61562,0.68611,0.65391,0.64861,0.63750,0.64861,0.62969,0.67778,0.62500,0.71389,0.67891,0.65556,0.66563,0.66944,0.65625,0.70556,0.65078,0.74306,0.70156,0.67500,0.69453,0.69444,0.68594,0.72917,0.67734,0.76667,0.72031,0.70139,0.72031,0.72222,0.71484,0.75278,0.70859,0.78194,0.61745,0.68277,0.9998,0.78741,0.81387,0.9759,0.70345,0.73985,0.9921,0.68991,0.47942,0.68828,0.71944,62.75,0.9765,live,0.3317,0.3235,143.99,445.08
167226.284975,120.0,0.2429,2,1,1,0.73125,0.78194,0.69688,0.78611,0.66250,0.78750,0.63672,0.79306,0.61484,0.79306,0.66875,0.75417,0.64297,0.77083,0.62813,0.80000,0.61875,0.83056,0.68828,0.76250,0.66641,0.79444,0.65156,0.83750,0.64219,0.87222,0.70937,0.77778,0.69766,0.81667,0.68594,0.85972,0.67578,0.89306,0.72891,0.79861,0.72500,0.83750,0.71875,0.86667,0.71328,0.89028,0.61921,0.70168,0.9998,0.78733,0.87892,0.9757,0.71171,0.82123,0.9923,0.69818,0.53992,0.73125,0.78194,58.74,0.9818,live,0.3317,0.3350,145.37,433.96
167226.352644,120.0,0.3782,2,1,1,0.73359,0.81389,0.69844,0.81250,0.66406,0.81667,0.63438,0.81667,0.61172,0.80833,0.67188,0.77917,0.64453,0.80000,0.62813,0.82361,0.61641,0.84722,0.68984,0.78889,0.66563,0.82361,0.64922,0.85972,0.63906,0.89167,0.70937,0.80833,0.69219,0.85000,0.67891,0.88889,0.66953,0.92222,0.72813,0.83333,0.72109,0.87361,0.71484,0.90556,0.70937,0.93333,0.61875,0.70211,0.9998,0.78697,0.88318,0.9741,0.71520,0.82145,0.9922,0.70526,0.59471,0.73359,0.81389,59.80,0.9794,live,0.3317,0.3482,147.97,424.95
167226.419720,120.0,0.5124,2,1,1,0.73516,0.80278,0.69688,0.80694,0.66172,0.80833,0.63516,0.80556,0.61406,0.79722,0.66953,0.76389,0.64453,0.78056,0.62813,0.80694,0.61719,0.83472,0.68672,0.76944,0.66563,0.80000,0.65078,0.83611,0.64062,0.86944,0.70703,0.78750,0.69297,0.82917,0.68047,0.86806,0.67031,0.90139,0.72656,0.81250,0.72344,0.85694,0.71719,0.88750,0.71094,0.91250,0.62054,0.70787,0.9998,0.78897,0.88920,0.9739,0.72178,0.83173,0.9922,0.71124,0.63633,0.73516,0.80278,62.26,0.9940,live,0.3430,0.3948,165.32,418.78
167226.486772,120.0,0.6465,2,1,1,0.72266,0.79444,0.68359,0.80278,0.65234,0.78889,0.63047,0.77222,0.61641,0.75556,0.66406,0.72361,0.64062,0.73194,0.62578,0.75417,0.61562,0.77917,0.68281,0.72639,0.66094,0.73611,0.64687,0.77361,0.64141,0.81389,0.70391,0.74583,0.69141,0.76250,0.67891,0.80000,0.67031,0.83333,0.72422,0.77361,0.72266,0.79722,0.71719,0.82639,0.71328,0.85417,0.62381,0.70936,0.9998,0.79448,0.87939,0.9745,0.71128,0.79383,0.9919,0.71352,0.66795,0.72266,0.79444,65.39,0.9897,live,0.3626,0.4520,187.85,415.60
167226.552598,120.0,0.7781,2,1,1,0.69063,0.68194,0.66797,0.67500,0.65234,0.65000,0.64609,0.64444,0.64141,0.64861,0.66719,0.60556,0.65234,0.60278,0.64297,0.63056,0.63828,0.65972,0.68047,0.60972,0.66719,0.61250,0.65625,0.64583,0.65078,0.67917,0.69453,0.62361,0.68750,0.63056,0.67734,0.66528,0.67188,0.69444,0.70703,0.64583,0.70859,0.65278,0.70312,0.67917,0.69766,0.70139,0.62325,0.69984,0.9998,0.79163,0.86791,0.9740,0.71112,0.75123,0.9922,0.70894,0.67075,0.69063,0.68194,52.09,0.9023,live,0.3821,0.4706,189.77,403.23
167226.617178,120.0,0.9073,2,1,1,0.70234,0.57917,0.67188,0.56389,0.64766,0.52500,0.63438,0.48472,0.62969,0.45000,0.65938,0.45972,0.64687,0.41111,0.64531,0.43611,0.64844,0.46528,0.68047,0.45972,0.67109,0.41250,0.66875,0.44444,0.67031,0.47500,0.70156,0.46806,0.69609,0.42222,0.69219,0.45556,0.69141,0.48611,0.72344,0.48333,0.72031,0.44306,0.71484,0.46944,0.71328,0.49583,0.60824,0.69229,0.9998,0.77772,0.82024,0.9744,0.70567,0.57564,0.9929,0.70762,0.65243,0.70234,0.57917,87.59,0.7870,live,0.3950,0.4541,189.77,417.91
167226.686099,120.0,0.0451,2,2,0,0.69766,0.44306,0.66953,0.41528,0.65312,0.37083,0.64609,0.33056,0.63984,0.29583,0.67266,0.32778,0.66719,0.28056,0.66016,0.25833,0.65312,0.24583,0.68984,0.32778,0.68984,0.27778,0.68437,0.25417,0.67734,0.24028,0.70625,0.33889,0.70859,0.29167,0.70469,0.26806,0.69844,0.25278,0.72266,0.35833,0.72734,0.32222,0.72656,0.30278,0.72188,0.29167,0.60798,0.68953,0.9998,0.77801,0.76196,0.9761,0.70530,0.42608,0.9936,0.70563,0.61056,0.69766,0.44306,77.28,0.9362,live,0.4046,0.4482,189.77,423.40
167226.750479,120.0,0.1739,2,2,0,0.69766,0.39167,0.66563,0.34583,0.65156,0.29583,0.64844,0.25000,0.64219,0.21528,0.67031,0.26806,0.66563,0.22917,0.66328,0.20417,0.66094,0.18056,0.68594,0.26389,0.68359,0.22361,0.68203,0.19722,0.68047,0.17222,0.70078,0.26528,0.70000,0.22639,0.69766,0.19583,0.69531,0.16806,0.71562,0.27361,0.71719,0.23333,0.71641,0.20833,0.71562,0.18194,0.60590,0.68337,0.9998,0.77138,0.68115,0.9773,0.69870,0.34250,0.9942,0.70403,0.56678,0.69766,0.39167,83.76,0.7658,live,0.3938,0.3445,149.13,432.90
167226.818535,120.0,0.3100,2,2,0,0.68750,0.33611,0.65703,0.29722,0.64375,0.25139,0.63984,0.20833,0.63281,0.17500,0.65859,0.21528,0.65312,0.17778,0.65078,0.15556,0.64844,0.13333,0.67344,0.20833,0.67188,0.16806,0.66953,0.14306,0.66797,0.12361,0.68750,0.20833,0.68828,0.16944,0.68594,0.14167,0.68359,0.11944,0.70234,0.21250,0.70391,0.17500,0.70312,0.15139,0.70234,0.13056,0.60561,0.67994,0.9998,0.76037,0.63453,0.9782,0.69213,0.29648,0.9947,0.70073,0.52065,0.68750,0.33611,83.83,0.9041,live,0.3804,0.3196,141.04,441.31
167226.886761,120.0,0.4465,2,2,0,0.67734,0.30417,0.64687,0.27083,0.63281,0.23056,0.62813,0.19306,0.62109,0.16389,0.64766,0.18472,0.63750,0.14722,0.62969,0.12083,0.62187,0.09722,0.66172,0.17222,0.65469,0.12778,0.64687,0.09722,0.63828,0.07222,0.67578,0.17083,0.67188,0.12639,0.66484,0.09583,0.65703,0.07083,0.68984,0.17778,0.69141,0.14028,0.68750,0.11528,0.68047,0.09306,0.60577,0.68011,0.9998,0.75844,0.62139,0.9786,0.68093,0.29650,0.9952,0.69605,0.47735,0.67734,0.30417,84.43,0.9396,live,0.3685,0.3140,141.03,449.15
167226.954737,120.0,0.5824,2,2,0,0.66797,0.30000,0.64219,0.27917,0.62578,0.23750,0.62109,0.20139,0.61328,0.17639,0.64062,0.18750,0.62969,0.14861,0.62266,0.12639,0.61484,0.10833,0.65547,0.17639,0.64766,0.12917,0.63906,0.10278,0.63047,0.08333,0.66953,0.17639,0.66484,0.12778,0.65781,0.10139,0.64844,0.08056,0.68437,0.18333,0.68516,0.14306,0.68125,0.11944,0.67422,0.10000,0.60564,0.67668,0.9998,0.75777,0.62350,0.9796,0.67643,0.29462,0.9957,0.69043,0.44188,0.66797,0.30000,80.33,0.9610,live,0.3685,0.3695,167.41,453.09
167227.016405,120.0,0.7057,2,2,0,0.67031,0.32917,0.64219,0.30972,0.62656,0.27083,0.62031,0.23472,0.61328,0.20694,0.64141,0.22083,0.62969,0.17917,0.62109,0.15417,0.61250,0.13611,0.65625,0.20972,0.64844,0.15833,0.63984,0.13194,0.62969,0.11250,0.67109,0.20833,0.66641,0.15833,0.65859,0.13056,0.64922,0.10972,0.68594,0.21528,0.68672,0.17500,0.68203,0.14861,0.67500,0.12917,0.60339,0.67669,0.9998,0.75631,0.63965,0.9798,0.67571,0.31963,0.9961,0.68641,0.41934,0.67031,0.32917,78.93,0.9469,live,0.3750,0.4046,184.31,455.55
167227.088694,120.0,0.8503,2,2,0,0.66875,0.36250,0.64375,0.35417,0.62656,0.32361,0.61797,0.29583,0.60859,0.26944,0.64062,0.27778,0.62734,0.23333,0.61953,0.21250,0.61172,0.19583,0.65781,0.26944,0.65000,0.21806,0.64219,0.19167,0.63281,0.17361,0.67578,0.27222,0.67344,0.22639,0.66641,0.20000,0.65781,0.17778,0.69297,0.28472,0.69766,0.25139,0.69453,0.23056,0.68906,0.21250,0.60227,0.67683,0.9998,0.75666,0.70608,0.9799,0.67398,0.37736,0.9964,0.68288,0.40797,0.66875,0.36250,67.62,0.6238,live,0.3844,0.4273,192.12,449.57
167227.147860,120.0,0.9687,2,2,0,0.68672,0.55278,0.65859,0.54444,0.63438,0.51806,0.61797,0.49028,0.60625,0.46111,0.64844,0.48056,0.64219,0.42917,0.64062,0.39861,0.63984,0.37500,0.66797,0.47639,0.66406,0.42778,0.66016,0.39583,0.65781,0.36806,0.68750,0.48194,0.68594,0.43611,0.68125,0.40278,0.67812,0.37500,0.70625,0.49306,0.71094,0.46111,0.71250,0.43611,0.71328,0.41111,0.60119,0.67689,0.9998,0.75738,0.77386,0.9801,0.67598,0.51709,0.9967,0.68672,0.55278,0.68672,0.55278,63.94,0.5237,live,0.3844,0.4350,192.12,441.65
167227.220263,120.0,0.1135,2,1,1,0.66875,0.36250,0.64375,0.35417,0.62656,0.32361,0.61797,0.29583,0.60859,0.26944,0.64062,0.27778,0.62734,0.23333,0.61953,0.21250,0.61172,0.19583,0.65781,0.26944,0.65000,0.21806,0.64219,0.19167,0.63281,0.17361,0.67578,0.27222,0.67344,0.22639,0.66641,0.20000,0.65781,0.17778,0.69297,0.28472,0.69766,0.25139,0.69453,0.23056,0.68906,0.21250,0.60187,0.68770,0.9998,0.75835,0.79664,0.9786,0.70212,0.75263,0.9960,0.68288,0.40797,0.66875,0.36250,67.62,0.3743,hold,0.3844,0.4350,192.12,441.65
