timestamp,bpm,beat_phase,meter_beats,beat_in_bar,is_downbeat,lm_0_x,lm_0_y,lm_1_x,lm_1_y,lm_2_x,lm_2_y,lm_3_x,lm_3_y,lm_4_x,lm_4_y,lm_5_x,lm_5_y,lm_6_x,lm_6_y,lm_7_x,lm_7_y,lm_8_x,lm_8_y,lm_9_x,lm_9_y,lm_10_x,lm_10_y,lm_11_x,lm_11_y,lm_12_x,lm_12_y,lm_13_x,lm_13_y,lm_14_x,lm_14_y,lm_15_x,lm_15_y,lm_16_x,lm_16_y,lm_17_x,lm_17_y,lm_18_x,lm_18_y,lm_19_x,lm_19_y,lm_20_x,lm_20_y,right_shoulder_x,right_shoulder_y,right_shoulder_conf,right_elbow_x,right_elbow_y,right_elbow_conf,right_wrist_x,right_wrist_y,right_wrist_conf,wrist_x,wrist_y,raw_wrist_x,raw_wrist_y,hand_scale_px,confidence,tracking_mode,dynamics_intensity,dynamics_raw_intensity,dynamics_span_px,dynamics_reference_span_px
167736.329594,120.0,0.0000,4,1,1,0.67266,0.80417,0.65078,0.77917,0.63438,0.73472,0.62734,0.70278,0.64297,0.69028,0.66328,0.68750,0.66641,0.64028,0.65781,0.65139,0.65078,0.67917,0.68359,0.70000,0.69375,0.64722,0.68281,0.67083,0.67266,0.70417,0.70078,0.72083,0.71250,0.67361,0.70312,0.69444,0.69219,0.72778,0.71641,0.75000,0.73203,0.71806,0.72656,0.72639,0.71719,0.74722,0.60872,0.70273,0.9998,0.73780,0.98251,0.9498,0.68700,0.79583,0.9980,0.67097,0.63424,0.67266,0.80417,77.73,0.9831,live,0.3742,0.3046,141.23,463.74
167736.393644,120.0,0.1274,4,1,1,0.67031,0.79028,0.64766,0.76389,0.63125,0.72083,0.62734,0.68889,0.64219,0.67639,0.66094,0.67222,0.66328,0.62639,0.65625,0.63750,0.65000,0.66667,0.68125,0.68194,0.69063,0.62778,0.67969,0.65000,0.67109,0.68472,0.69922,0.70278,0.71094,0.65278,0.70000,0.67222,0.68906,0.70417,0.71484,0.73194,0.73203,0.69861,0.72422,0.70278,0.71172,0.72083,0.61137,0.70311,0.9998,0.73755,0.98860,0.9499,0.68659,0.79413,0.9980,0.67084,0.66545,0.67031,0.79028,79.30,0.9901,live,0.3742,0.3516,163.58,465.19
167736.459898,120.0,0.2599,4,1,1,0.65625,0.77500,0.63438,0.74583,0.61719,0.70278,0.61328,0.67083,0.62813,0.66111,0.64766,0.65139,0.64922,0.61111,0.63906,0.62222,0.62969,0.64583,0.66797,0.66250,0.67578,0.61389,0.66094,0.63333,0.65000,0.66389,0.68594,0.68472,0.69531,0.64028,0.68203,0.65694,0.66953,0.68194,0.70156,0.71528,0.71641,0.68333,0.70859,0.68750,0.69688,0.70139,0.61258,0.70807,0.9998,0.73150,1.00000,0.9513,0.67885,0.78276,0.9980,0.66792,0.68736,0.65625,0.77500,81.80,0.9921,live,0.3742,0.3817,178.74,468.26
167736.527452,120.0,0.3950,4,1,1,0.63438,0.76944,0.61250,0.72778,0.59531,0.69167,0.58828,0.66528,0.58984,0.65000,0.62109,0.63333,0.61016,0.60833,0.59219,0.61806,0.57891,0.63333,0.63828,0.64167,0.62891,0.60694,0.60547,0.61806,0.58984,0.63611,0.65312,0.65972,0.65156,0.62778,0.62969,0.64028,0.61406,0.65833,0.66719,0.68889,0.67266,0.66667,0.65859,0.66806,0.64531,0.67639,0.61266,0.69930,0.9998,0.73158,0.98140,0.9507,0.65057,0.77123,0.9979,0.66121,0.70378,0.63438,0.76944,83.62,0.9907,live,0.3795,0.4040,190.78,472.28
167736.592747,120.0,0.5256,4,1,1,0.57266,0.73750,0.54375,0.72222,0.52109,0.68889,0.50547,0.66667,0.49141,0.65139,0.54531,0.60556,0.52109,0.60833,0.50391,0.61944,0.48906,0.63194,0.56016,0.60833,0.53359,0.60833,0.51406,0.62222,0.49844,0.63056,0.57344,0.62639,0.55156,0.63333,0.53359,0.64167,0.51719,0.64722,0.58437,0.65694,0.56797,0.66389,0.55625,0.66806,0.54453,0.67222,0.60803,0.69862,0.9998,0.73171,0.94003,0.9530,0.59641,0.74398,0.9977,0.64350,0.71052,0.57266,0.73750,79.43,0.9991,live,0.3795,0.3902,184.48,472.79
167736.659878,120.0,0.6599,4,1,1,0.52266,0.72778,0.49531,0.73056,0.46484,0.70694,0.44375,0.68750,0.42422,0.67500,0.47813,0.64028,0.45625,0.63056,0.43750,0.63611,0.42344,0.65000,0.48984,0.62778,0.46484,0.61667,0.44453,0.62639,0.42969,0.64028,0.50469,0.63056,0.48047,0.61389,0.46094,0.62361,0.44609,0.63889,0.52031,0.64583,0.50234,0.63889,0.48672,0.64444,0.47422,0.65278,0.60804,0.67039,0.9999,0.72763,0.92103,0.9553,0.53779,0.74029,0.9978,0.61933,0.71397,0.52266,0.72778,70.38,0.9974,live,0.3795,0.3572,166.74,466.73
167736.727498,120.0,0.7951,4,1,1,0.52187,0.71806,0.48516,0.70694,0.46172,0.68472,0.44688,0.66389,0.43359,0.64722,0.46328,0.61944,0.43828,0.61389,0.41797,0.61528,0.40391,0.62222,0.47031,0.61250,0.43906,0.60833,0.41797,0.61806,0.40469,0.62917,0.47891,0.61806,0.44922,0.61250,0.42578,0.62639,0.41094,0.64167,0.48828,0.63333,0.46719,0.63333,0.44922,0.64444,0.43594,0.65833,0.60407,0.66452,0.9999,0.70681,0.88481,0.9576,0.50960,0.71288,0.9979,0.59984,0.71479,0.52187,0.71806,78.02,0.9951,live,0.3705,0.3296,153.89,466.90
167736.795697,120.0,0.9315,4,1,1,0.49688,0.71111,0.45859,0.71250,0.42734,0.69167,0.40703,0.67917,0.38906,0.66944,0.42891,0.62222,0.40625,0.61389,0.38828,0.62917,0.37578,0.64722,0.43906,0.61111,0.41094,0.59583,0.39297,0.61806,0.38359,0.64167,0.45234,0.61111,0.42500,0.59444,0.40625,0.61806,0.39687,0.64028,0.46641,0.62222,0.44453,0.61250,0.42891,0.62639,0.41953,0.64167,0.60288,0.66521,0.9999,0.70525,0.86431,0.9600,0.49479,0.70324,0.9979,0.57925,0.71405,0.49688,0.71111,83.55,0.9982,live,0.3600,0.3122,147.07,471.03
167736.862763,120.0,0.0657,4,2,0,0.50156,0.69861,0.46875,0.70278,0.43672,0.68194,0.41719,0.66944,0.39766,0.65972,0.43516,0.61944,0.41172,0.60972,0.39531,0.62222,0.38281,0.63611,0.44453,0.60556,0.41875,0.58750,0.40078,0.60694,0.39062,0.62778,0.45781,0.60139,0.43203,0.58194,0.41406,0.60278,0.40391,0.62361,0.47266,0.60972,0.45156,0.60139,0.43672,0.61528,0.42734,0.62917,0.59782,0.66526,0.9999,0.70502,0.86341,0.9624,0.49925,0.68471,0.9980,0.56371,0.71096,0.50156,0.69861,80.97,0.9942,live,0.3520,0.3152,149.04,472.80
167736.928497,120.0,0.1971,4,2,0,0.52500,0.70139,0.49297,0.70278,0.46172,0.68194,0.43984,0.66667,0.42031,0.65417,0.46797,0.61250,0.44297,0.59861,0.42500,0.61111,0.41250,0.62917,0.47734,0.60278,0.44922,0.58472,0.43125,0.60417,0.42031,0.62778,0.49141,0.60278,0.46328,0.58056,0.44688,0.60000,0.43750,0.62083,0.50703,0.61389,0.48750,0.60417,0.47187,0.61250,0.46094,0.62222,0.59670,0.66814,0.9999,0.70608,0.85859,0.9653,0.51331,0.68237,0.9982,0.55597,0.70905,0.52500,0.70139,76.94,0.9937,live,0.3520,0.3356,158.21,471.46
167736.993070,120.0,0.3263,4,2,0,0.56641,0.69861,0.53750,0.70833,0.50938,0.69306,0.48984,0.67778,0.47422,0.65833,0.51250,0.62500,0.48906,0.59861,0.47813,0.61389,0.47187,0.63472,0.52422,0.61389,0.49922,0.58472,0.48750,0.60417,0.48281,0.62639,0.53750,0.61389,0.51719,0.58611,0.50781,0.60417,0.50391,0.62222,0.55391,0.62361,0.54141,0.60556,0.53281,0.61250,0.52812,0.62222,0.59737,0.67785,0.9999,0.74167,0.86213,0.9663,0.56358,0.68318,0.9981,0.55806,0.70696,0.56641,0.69861,69.45,0.9827,live,0.3472,0.3254,151.26,464.89
167737.060634,120.0,0.4614,4,2,0,0.65234,0.70972,0.62266,0.70417,0.60156,0.68333,0.59609,0.66111,0.59844,0.64306,0.61016,0.60278,0.60078,0.60000,0.59766,0.60972,0.59688,0.61806,0.62813,0.59306,0.62109,0.59583,0.61797,0.60694,0.61719,0.61806,0.64766,0.59722,0.64375,0.60278,0.63984,0.61111,0.63594,0.61806,0.66719,0.61389,0.66719,0.61806,0.66328,0.62500,0.65938,0.63333,0.60349,0.68260,0.9999,0.76240,0.86881,0.9669,0.66539,0.68397,0.9980,0.57691,0.70751,0.65234,0.70972,82.15,0.9969,live,0.3366,0.2882,134.94,468.25
167737.126554,120.0,0.5932,4,2,0,0.65234,0.70972,0.62266,0.70417,0.60156,0.68333,0.59609,0.66111,0.59844,0.64306,0.61016,0.60278,0.60078,0.60000,0.59766,0.60972,0.59688,0.61806,0.62813,0.59306,0.62109,0.59583,0.61797,0.60694,0.61719,0.61806,0.64766,0.59722,0.64375,0.60278,0.63984,0.61111,0.63594,0.61806,0.66719,0.61389,0.66719,0.61806,0.66328,0.62500,0.65938,0.63333,0.60771,0.69336,0.9999,0.76225,0.91206,0.9676,0.73571,0.69058,0.9981,0.57691,0.70751,0.65234,0.70972,82.15,0.5981,hold,0.3366,0.2882,134.94,468.25
167737.193657,120.0,0.7275,4,2,0,0.77187,0.71528,0.74609,0.70278,0.73672,0.67361,0.74609,0.66250,0.76328,0.66250,0.76328,0.61528,0.76953,0.59306,0.77969,0.61250,0.78750,0.63750,0.78906,0.61806,0.80156,0.58472,0.80781,0.61389,0.80859,0.64583,0.80859,0.62917,0.82344,0.59722,0.83203,0.62222,0.83125,0.65417,0.82344,0.64861,0.83906,0.62917,0.84609,0.64583,0.84609,0.66667,0.61278,0.69605,0.9999,0.76765,0.91377,0.9676,0.77772,0.69810,0.9981,0.61591,0.70907,0.77187,0.71528,77.12,0.9501,live,0.3073,0.1739,81.30,467.59
167737.259861,120.0,0.8599,4,2,0,0.77500,0.62639,0.79531,0.65417,0.81875,0.66528,0.83437,0.67917,0.84766,0.68889,0.83359,0.61111,0.85547,0.61250,0.86172,0.63889,0.86172,0.66667,0.82344,0.59583,0.84453,0.59722,0.84844,0.63194,0.84609,0.65972,0.80781,0.59028,0.82344,0.59167,0.82891,0.62361,0.82969,0.65139,0.78906,0.59444,0.79922,0.60139,0.80625,0.62500,0.81016,0.64583,0.61364,0.69583,0.9999,0.76434,0.91177,0.9665,0.79299,0.71083,0.9981,0.77500,0.62639,0.77500,0.62639,57.26,0.9966,live,0.3663,0.6351,287.50,452.70
167737.326000,120.0,0.9921,4,2,0,0.77812,0.72083,0.75938,0.70000,0.75234,0.66944,0.77031,0.65556,0.79063,0.64861,0.77734,0.60000,0.79453,0.59028,0.80547,0.61806,0.81250,0.64861,0.80078,0.60278,0.82031,0.58333,0.83281,0.61389,0.83672,0.65000,0.81875,0.61667,0.83984,0.59722,0.85156,0.62778,0.85234,0.66111,0.83125,0.63889,0.85156,0.62639,0.86172,0.64583,0.86250,0.67222,0.61348,0.69574,0.9999,0.76295,0.89439,0.9649,0.79579,0.71299,0.9981,0.67493,0.71441,0.77812,0.72083,85.33,0.9909,live,0.4129,0.6252,287.50,459.82
167737.394022,120.0,0.1282,4,3,0,0.77578,0.62361,0.79688,0.63889,0.81953,0.64444,0.83437,0.65139,0.84609,0.66111,0.82500,0.59583,0.84219,0.60139,0.84688,0.62361,0.84688,0.64583,0.81172,0.57917,0.82656,0.58750,0.82969,0.61389,0.82812,0.63750,0.79453,0.57500,0.80703,0.58333,0.81016,0.60556,0.80937,0.62500,0.77656,0.57917,0.78672,0.59028,0.79219,0.60833,0.79375,0.62361,0.61413,0.69564,0.9999,0.76200,0.89679,0.9645,0.79163,0.70261,0.9981,0.77553,0.62672,0.77578,0.62361,54.33,0.9975,live,0.4554,0.6492,288.10,443.75
167737.460737,120.0,0.2616,4,3,0,0.77578,0.62361,0.79688,0.63889,0.81953,0.64444,0.83437,0.65139,0.84609,0.66111,0.82500,0.59583,0.84219,0.60139,0.84688,0.62361,0.84688,0.64583,0.81172,0.57917,0.82656,0.58750,0.82969,0.61389,0.82812,0.63750,0.79453,0.57500,0.80703,0.58333,0.81016,0.60556,0.80937,0.62500,0.77656,0.57917,0.78672,0.59028,0.79219,0.60833,0.79375,0.62361,0.61384,0.69544,0.9999,0.77046,0.89223,0.9666,0.77883,0.67186,0.9982,0.77553,0.62672,0.77578,0.62361,54.33,0.5985,hold,0.4554,0.6492,288.10,443.75
167737.527423,120.0,0.3950,4,3,0,0.71953,0.56111,0.69453,0.53333,0.67969,0.48472,0.67656,0.44583,0.67344,0.41111,0.70547,0.43194,0.70000,0.38889,0.69531,0.36528,0.69063,0.35000,0.72500,0.43472,0.72422,0.38056,0.71719,0.37778,0.71094,0.38889,0.74141,0.45000,0.74062,0.41389,0.73438,0.42361,0.72891,0.43889,0.75703,0.47361,0.75469,0.45000,0.74922,0.45833,0.74453,0.47222,0.61120,0.69884,0.9999,0.77322,0.83729,0.9674,0.74668,0.56027,0.9983,0.69924,0.68234,0.71953,0.56111,84.42,0.9669,live,0.4884,0.6384,288.10,451.29
167737.592337,120.0,0.5248,4,3,0,0.68203,0.44583,0.65391,0.41389,0.63828,0.36389,0.63594,0.32361,0.63359,0.29028,0.66172,0.31528,0.65781,0.27083,0.65078,0.24583,0.64375,0.22639,0.67891,0.31528,0.67656,0.26528,0.66641,0.24722,0.65469,0.24306,0.69531,0.32361,0.69375,0.27917,0.68203,0.27083,0.66875,0.27361,0.71250,0.34167,0.70625,0.31111,0.69609,0.30278,0.68516,0.30417,0.60625,0.68949,0.9999,0.76311,0.74501,0.9678,0.69474,0.43744,0.9984,0.69580,0.63504,0.68203,0.44583,85.97,0.9722,live,0.5124,0.6219,285.49,459.03
167737.658235,120.0,0.6566,4,3,0,0.66484,0.39444,0.63594,0.34583,0.62109,0.30000,0.61797,0.25694,0.61484,0.22083,0.64141,0.26111,0.63281,0.21944,0.62656,0.19306,0.62031,0.16667,0.65391,0.25694,0.64922,0.21389,0.64297,0.18333,0.63672,0.15833,0.66719,0.25833,0.66484,0.21806,0.65859,0.18750,0.65000,0.16528,0.68203,0.26667,0.68281,0.23056,0.67734,0.20694,0.66953,0.19028,0.60350,0.68258,0.9999,0.74403,0.68549,0.9673,0.66917,0.36136,0.9984,0.68960,0.58692,0.66484,0.39444,86.83,0.9338,live,0.5245,0.5795,270.30,466.46
167737.726729,120.0,0.7936,4,3,0,0.64922,0.34306,0.62187,0.29583,0.60781,0.25556,0.60313,0.21528,0.60156,0.18056,0.62656,0.22083,0.61875,0.18194,0.61094,0.15556,0.60391,0.13056,0.63984,0.21250,0.63438,0.16667,0.62500,0.13889,0.61562,0.11806,0.65234,0.20972,0.64922,0.16528,0.64062,0.14028,0.63047,0.12639,0.66563,0.21389,0.66641,0.17361,0.65938,0.15278,0.64922,0.14444,0.60340,0.68269,0.9998,0.73286,0.65779,0.9658,0.65843,0.33671,0.9984,0.68153,0.53814,0.64922,0.34306,83.25,0.9080,live,0.5245,0.5113,240.53,470.43
167737.790975,120.0,0.9221,4,3,0,0.63984,0.30833,0.61250,0.27639,0.60000,0.23889,0.59766,0.19861,0.59609,0.16667,0.62109,0.19861,0.61406,0.16389,0.60703,0.14444,0.59922,0.12639,0.63359,0.19028,0.62891,0.14861,0.61875,0.12778,0.60859,0.11528,0.64687,0.18889,0.64375,0.14722,0.63359,0.12778,0.62266,0.12083,0.66094,0.19444,0.66094,0.15694,0.65234,0.13889,0.64062,0.13333,0.60193,0.68120,0.9998,0.72401,0.65171,0.9646,0.65834,0.32327,0.9985,0.67319,0.49218,0.63984,0.30833,76.34,0.9673,live,0.5297,0.5534,259.52,468.94
167737.857919,120.0,0.0560,4,4,0,0.63906,0.30139,0.61250,0.27500,0.59766,0.24028,0.59531,0.20417,0.59375,0.17222,0.61953,0.20417,0.61172,0.16944,0.60547,0.15000,0.59844,0.13194,0.63203,0.19583,0.62656,0.15556,0.61875,0.13472,0.61016,0.12222,0.64453,0.19306,0.64062,0.15139,0.63281,0.13472,0.62344,0.12639,0.65859,0.19583,0.65625,0.15833,0.64844,0.14306,0.63828,0.13750,0.59857,0.68111,0.9998,0.72177,0.64996,0.9615,0.65570,0.33235,0.9985,0.66637,0.45402,0.63906,0.30139,70.31,0.9380,live,0.5297,0.5047,233.83,463.29
167737.927651,120.0,0.1954,4,4,0,0.64062,0.31667,0.61250,0.29167,0.60000,0.25833,0.59844,0.22083,0.59922,0.18889,0.62344,0.22361,0.61641,0.18750,0.60938,0.16528,0.60313,0.14722,0.63750,0.21667,0.63203,0.17361,0.62422,0.14861,0.61484,0.13472,0.65078,0.21528,0.64844,0.17222,0.63984,0.15139,0.62969,0.14167,0.66406,0.21806,0.66328,0.18194,0.65547,0.16389,0.64453,0.15694,0.59667,0.67601,0.9998,0.72143,0.66369,0.9607,0.65526,0.34930,0.9986,0.66122,0.42655,0.64062,0.31667,67.97,0.9569,live,0.5297,0.5151,235.22,456.63
167737.994896,120.0,0.3299,4,4,0,0.64453,0.35694,0.61797,0.34167,0.60234,0.30278,0.60000,0.26250,0.60156,0.23056,0.62578,0.25833,0.62109,0.21806,0.61406,0.19583,0.60703,0.17917,0.64219,0.25139,0.63984,0.20417,0.63203,0.17917,0.62266,0.16528,0.65625,0.25278,0.65625,0.20278,0.64766,0.18194,0.63672,0.17639,0.67109,0.26111,0.66953,0.21944,0.66172,0.20417,0.65156,0.20417,0.59293,0.67000,0.9998,0.71980,0.70153,0.9585,0.65252,0.35990,0.9986,0.65788,0.41263,0.64453,0.35694,71.49,0.7879,live,0.5143,0.4440,201.27,453.31
167738.060642,120.0,0.4614,4,4,0,0.64531,0.47917,0.61719,0.45417,0.59922,0.41111,0.59375,0.36944,0.60078,0.33611,0.61953,0.35556,0.61484,0.29861,0.61094,0.27361,0.60859,0.26944,0.63828,0.34861,0.63672,0.28194,0.63359,0.25694,0.62969,0.26111,0.65625,0.35417,0.65703,0.29028,0.65156,0.27222,0.64687,0.28056,0.67344,0.36806,0.67500,0.32083,0.66953,0.30139,0.66406,0.30417,0.59307,0.67398,0.9998,0.72316,0.79066,0.9579,0.65138,0.45760,0.9987,0.65537,0.42594,0.64531,0.47917,86.67,0.8407,live,0.5006,0.4382,202.14,461.31
167738.123413,120.0,0.5870,4,4,0,0.65234,0.61806,0.62656,0.61111,0.60469,0.57500,0.59375,0.54444,0.59844,0.51806,0.62031,0.49444,0.61641,0.44167,0.61328,0.46389,0.61484,0.49444,0.63984,0.49167,0.63828,0.42917,0.63281,0.45833,0.63438,0.49167,0.66016,0.50139,0.65938,0.44028,0.65234,0.46944,0.65234,0.50139,0.67891,0.51944,0.67969,0.48194,0.67188,0.50000,0.67031,0.52500,0.59714,0.67848,0.9998,0.74412,0.86042,0.9576,0.66096,0.61282,0.9987,0.65476,0.46436,0.65234,0.61806,86.56,0.9875,live,0.4883,0.4321,202.36,468.27
167738.193735,120.0,0.7276,4,4,0,0.66172,0.72361,0.63750,0.71389,0.61562,0.68333,0.60391,0.66111,0.61406,0.64861,0.63594,0.61667,0.63359,0.57361,0.63047,0.59167,0.63047,0.62361,0.65781,0.61944,0.66250,0.56389,0.65703,0.58472,0.65234,0.61944,0.67812,0.63611,0.68594,0.58611,0.67891,0.61111,0.67188,0.64167,0.69531,0.66250,0.70469,0.63333,0.69766,0.65000,0.68984,0.67222,0.60213,0.68765,0.9998,0.75417,0.91270,0.9575,0.67049,0.70199,0.9987,0.65615,0.51621,0.66172,0.72361,75.83,0.9911,live,0.4517,0.2854,133.18,466.68
167738.259614,120.0,0.8594,4,4,0,0.66406,0.76389,0.64141,0.74444,0.62187,0.70833,0.61484,0.68194,0.62969,0.66806,0.65156,0.64861,0.65000,0.61389,0.64141,0.63333,0.63594,0.65972,0.67344,0.65694,0.68125,0.60694,0.66875,0.63333,0.65938,0.66667,0.69219,0.67778,0.70312,0.63194,0.68906,0.66111,0.67734,0.69167,0.70937,0.70694,0.71562,0.68194,0.70391,0.70278,0.69297,0.72361,0.60565,0.69019,0.9998,0.75551,0.93291,0.9574,0.68344,0.79078,0.9985,0.65774,0.56575,0.66406,0.76389,79.64,0.9936,live,0.4148,0.2467,115.44,468.02
167738.328160,120.0,0.9965,4,4,0,0.66641,0.77361,0.64375,0.75139,0.62500,0.70972,0.61953,0.67917,0.63750,0.66667,0.65703,0.65000,0.66016,0.60972,0.65156,0.63056,0.64687,0.66250,0.67969,0.65972,0.69297,0.60833,0.68047,0.64028,0.67109,0.67778,0.69844,0.68194,0.71172,0.63750,0.69844,0.66806,0.68750,0.70000,0.71406,0.71250,0.72500,0.68889,0.71250,0.70833,0.70078,0.72917,0.61372,0.69076,0.9999,0.75569,0.94148,0.9559,0.69581,0.81153,0.9982,0.65947,0.60732,0.66641,0.77361,83.63,0.9906,live,0.3944,0.3011,142.15,472.07
167738.393641,120.0,0.1274,4,1,1,0.66484,0.76944,0.64062,0.75139,0.62266,0.70556,0.61719,0.67778,0.63438,0.66944,0.65391,0.65000,0.65703,0.60972,0.64766,0.63611,0.64141,0.67222,0.67734,0.65972,0.69063,0.60694,0.67734,0.63889,0.66641,0.67361,0.69531,0.68333,0.71016,0.63611,0.69609,0.66667,0.68359,0.69722,0.71094,0.71528,0.72344,0.68750,0.71250,0.70694,0.70078,0.72917,0.61334,0.69150,0.9999,0.75175,0.93627,0.9536,0.69451,0.79543,0.9979,0.66054,0.63974,0.66484,0.76944,81.32,0.9845,live,0.3857,0.3464,164.20,473.97
167738.460719,120.0,0.2616,4,1,1,0.65703,0.76944,0.63359,0.74861,0.61484,0.70417,0.60859,0.67083,0.62734,0.66806,0.64609,0.64861,0.64922,0.60694,0.64141,0.62639,0.63594,0.65694,0.66875,0.65833,0.68125,0.60417,0.66875,0.63194,0.65859,0.66806,0.68750,0.68056,0.70234,0.63194,0.68828,0.66111,0.67578,0.69306,0.70391,0.71111,0.71562,0.68611,0.70469,0.70417,0.69297,0.72361,0.61299,0.69032,0.9999,0.75162,0.92837,0.9514,0.69351,0.79124,0.9975,0.65984,0.66568,0.65703,0.76944,82.34,0.9841,live,0.3857,0.3829,182.39,476.38
167738.528049,120.0,0.3962,4,1,1,0.64219,0.77083,0.61797,0.74583,0.59688,0.70556,0.58906,0.67361,0.60391,0.66806,0.62969,0.64722,0.63281,0.60833,0.62109,0.62639,0.61328,0.65278,0.65156,0.65694,0.66094,0.60694,0.64375,0.63194,0.63125,0.66389,0.66953,0.67778,0.68047,0.63472,0.66406,0.66250,0.65078,0.69028,0.68594,0.70972,0.69688,0.68194,0.68359,0.69583,0.67188,0.71111,0.61267,0.68504,0.9999,0.74665,0.92485,0.9494,0.67730,0.78696,0.9971,0.65631,0.68671,0.64219,0.77083,82.36,0.9789,live,0.3906,0.4127,197.48,478.51
167738.591787,120.0,0.5237,4,1,1,0.63906,0.78333,0.60391,0.75278,0.57812,0.72222,0.56641,0.69861,0.56484,0.68056,0.60234,0.65000,0.58828,0.63194,0.57266,0.64444,0.56250,0.66250,0.62031,0.65139,0.60781,0.62361,0.58828,0.63750,0.57500,0.65972,0.63750,0.66667,0.62813,0.65000,0.61016,0.67361,0.59922,0.69861,0.65234,0.69444,0.64219,0.69028,0.62813,0.70694,0.61953,0.72361,0.61187,0.68520,0.9999,0.74620,0.92261,0.9506,0.63674,0.77836,0.9968,0.65286,0.70604,0.63906,0.78333,85.66,0.9741,live,0.3991,0.4381,211.48,482.77
167738.662298,120.0,0.6647,4,1,1,0.61328,0.76250,0.57578,0.73333,0.55312,0.70139,0.53906,0.67500,0.52578,0.65556,0.56719,0.63333,0.53672,0.62639,0.51484,0.63333,0.49922,0.64583,0.57734,0.63750,0.54219,0.63333,0.51719,0.65000,0.50078,0.66944,0.58750,0.65556,0.55391,0.65694,0.52891,0.67917,0.51406,0.70000,0.59531,0.68472,0.57188,0.68750,0.55312,0.70417,0.53984,0.72222,0.61172,0.68522,0.9999,0.74723,0.92310,0.9533,0.60167,0.75744,0.9969,0.64495,0.71733,0.61328,0.76250,80.84,0.9912,live,0.3991,0.3793,183.23,483.04
167738.726840,120.0,0.7938,4,1,1,0.58516,0.74722,0.53203,0.72639,0.50391,0.69722,0.48438,0.67778,0.46641,0.66667,0.51953,0.62639,0.48750,0.62778,0.46406,0.63333,0.44531,0.64167,0.53047,0.62778,0.49297,0.62361,0.46641,0.63333,0.44766,0.64167,0.54063,0.64306,0.50781,0.63194,0.48281,0.64028,0.46484,0.65139,0.55000,0.67361,0.52578,0.66528,0.50703,0.66944,0.49297,0.67778,0.61236,0.68254,0.9999,0.73906,0.90903,0.9548,0.55566,0.71940,0.9967,0.63299,0.72331,0.58516,0.74722,88.27,0.9975,live,0.3837,0.3136,153.23,488.63
167738.795113,120.0,0.9304,4,1,1,0.55312,0.72778,0.50000,0.70694,0.47031,0.67917,0.44844,0.65972,0.43125,0.64583,0.49141,0.60278,0.46250,0.59306,0.43984,0.60278,0.42344,0.61389,0.50156,0.60139,0.46484,0.58750,0.44062,0.60000,0.42500,0.61250,0.51016,0.61528,0.47813,0.60278,0.45391,0.61389,0.43828,0.62917,0.51641,0.64306,0.49141,0.63194,0.47422,0.64028,0.46250,0.65417,0.60942,0.67765,0.9999,0.73107,0.90921,0.9562,0.52980,0.69954,0.9968,0.61701,0.72420,0.55312,0.72778,88.09,0.9955,live,0.3610,0.2573,126.97,493.42
167738.859460,120.0,0.0591,4,2,0,0.54453,0.69028,0.49688,0.67500,0.46797,0.64722,0.44766,0.63056,0.42969,0.61667,0.48906,0.56667,0.45625,0.55417,0.43281,0.56806,0.41641,0.58472,0.49766,0.56806,0.45703,0.55139,0.43125,0.57361,0.41719,0.59167,0.50469,0.58194,0.46797,0.56667,0.44297,0.58611,0.42812,0.60417,0.50781,0.60972,0.48281,0.59444,0.46563,0.60972,0.45469,0.62639,0.60812,0.67219,0.9999,0.72210,0.90402,0.9583,0.53081,0.67777,0.9970,0.60252,0.71742,0.54453,0.69028,83.55,0.9946,live,0.3456,0.2754,136.13,494.37
167738.928642,120.0,0.1974,4,2,0,0.54922,0.67778,0.50625,0.66250,0.47813,0.63194,0.45703,0.61250,0.43828,0.59722,0.50156,0.55417,0.46875,0.53889,0.44688,0.55417,0.43125,0.57222,0.51250,0.55694,0.47031,0.54028,0.44609,0.56389,0.43359,0.58472,0.52031,0.57361,0.48359,0.55833,0.45859,0.57639,0.44375,0.59306,0.52500,0.60278,0.49922,0.58472,0.48047,0.59444,0.46719,0.60694,0.60809,0.67561,0.9999,0.72239,0.90651,0.9593,0.54265,0.66603,0.9971,0.59186,0.70949,0.54922,0.67778,78.79,0.9962,live,0.3225,0.2174,106.90,491.77
167738.993667,120.0,0.3275,4,2,0,0.57656,0.68889,0.53828,0.67500,0.50938,0.64583,0.48672,0.62778,0.46563,0.61528,0.52969,0.57083,0.50156,0.54861,0.48125,0.56389,0.46797,0.58333,0.54063,0.57083,0.50625,0.54861,0.48281,0.56806,0.46953,0.58889,0.55156,0.58333,0.51875,0.56389,0.49688,0.58056,0.48203,0.59861,0.55937,0.60972,0.53906,0.59861,0.52266,0.60139,0.50938,0.60694,0.60873,0.67505,0.9999,0.72547,0.90656,0.9606,0.54698,0.66237,0.9973,0.58880,0.70537,0.57656,0.68889,77.25,0.9925,live,0.3014,0.2052,100.22,488.38
167739.058929,120.0,0.4580,4,2,0,0.61172,0.69861,0.57891,0.69306,0.55469,0.66667,0.53984,0.64722,0.53359,0.63472,0.56406,0.60278,0.54609,0.57500,0.53672,0.59028,0.53203,0.60972,0.57266,0.59722,0.55547,0.56944,0.54297,0.58611,0.53828,0.60694,0.58281,0.60000,0.56641,0.57361,0.55391,0.58750,0.54844,0.60556,0.59297,0.61111,0.57734,0.59306,0.56484,0.59861,0.55625,0.60833,0.60863,0.67464,0.9999,0.73839,0.90868,0.9623,0.60172,0.67069,0.9974,0.59338,0.70402,0.61172,0.69861,71.37,0.9797,live,0.2846,0.2083,100.22,481.16
167739.128173,120.0,0.5965,4,2,0,0.61172,0.69861,0.57891,0.69306,0.55469,0.66667,0.53984,0.64722,0.53359,0.63472,0.56406,0.60278,0.54609,0.57500,0.53672,0.59028,0.53203,0.60972,0.57266,0.59722,0.55547,0.56944,0.54297,0.58611,0.53828,0.60694,0.58281,0.60000,0.56641,0.57361,0.55391,0.58750,0.54844,0.60556,0.59297,0.61111,0.57734,0.59306,0.56484,0.59861,0.55625,0.60833,0.61198,0.68991,0.9999,0.75247,0.92924,0.9599,0.69356,0.69167,0.9974,0.59338,0.70402,0.61172,0.69861,71.37,0.5878,hold,0.2846,0.2083,100.22,481.16
167739.191399,120.0,0.7229,4,2,0,0.61172,0.69861,0.57891,0.69306,0.55469,0.66667,0.53984,0.64722,0.53359,0.63472,0.56406,0.60278,0.54609,0.57500,0.53672,0.59028,0.53203,0.60972,0.57266,0.59722,0.55547,0.56944,0.54297,0.58611,0.53828,0.60694,0.58281,0.60000,0.56641,0.57361,0.55391,0.58750,0.54844,0.60556,0.59297,0.61111,0.57734,0.59306,0.56484,0.59861,0.55625,0.60833,0.62182,0.69041,0.9999,0.76196,0.92825,0.9560,0.75906,0.70144,0.9972,0.59338,0.70402,0.61172,0.69861,71.37,0.5878,hold,0.2846,0.2083,100.22,481.16
167739.259288,120.0,0.8587,4,2,0,0.77969,0.65139,0.81406,0.65556,0.84531,0.64444,0.86719,0.63333,0.88047,0.63889,0.84688,0.61944,0.86719,0.60417,0.87656,0.62222,0.88281,0.64722,0.83437,0.60556,0.85469,0.57917,0.86641,0.59306,0.87031,0.61944,0.81719,0.59861,0.83359,0.56667,0.84688,0.57639,0.85469,0.60000,0.79688,0.59861,0.80547,0.58611,0.81641,0.60139,0.82344,0.62500,0.62604,0.69502,0.9999,0.76070,0.91703,0.9530,0.79035,0.70133,0.9972,0.77969,0.65139,0.77969,0.65139,69.01,0.9419,live,0.3285,0.5282,249.90,473.11
167739.326296,120.0,0.9927,4,2,0,0.79609,0.70556,0.77500,0.68194,0.77266,0.65000,0.79297,0.64028,0.81797,0.64167,0.80859,0.59306,0.82188,0.57083,0.83594,0.59167,0.84688,0.62500,0.83203,0.60278,0.85000,0.55694,0.86484,0.56667,0.87656,0.59028,0.84766,0.61944,0.86641,0.58611,0.88125,0.59722,0.89141,0.61944,0.85859,0.64444,0.87656,0.62361,0.88906,0.63056,0.89922,0.64444,0.62492,0.69472,0.9999,0.75991,0.89740,0.9444,0.81085,0.69545,0.9969,0.63393,0.70433,0.79609,0.70556,83.73,0.9531,live,0.3637,0.5243,249.90,476.62
167739.395656,120.0,0.1314,4,3,0,0.79063,0.69722,0.77578,0.67639,0.77812,0.65000,0.80625,0.64583,0.83125,0.63750,0.80469,0.57917,0.82188,0.57222,0.83437,0.59028,0.84688,0.61806,0.82891,0.58472,0.85078,0.55139,0.86719,0.56250,0.87969,0.58611,0.84453,0.60139,0.86953,0.58056,0.88594,0.59306,0.89687,0.61389,0.85391,0.62917,0.87578,0.61944,0.88906,0.62639,0.89844,0.63889,0.62392,0.69288,0.9999,0.75912,0.88593,0.9439,0.81157,0.68041,0.9970,0.66527,0.70290,0.79063,0.69722,87.20,0.9937,live,0.3637,0.5162,248.92,482.21
167739.461684,120.0,0.2635,4,3,0,0.77422,0.67222,0.75625,0.65556,0.75625,0.63056,0.78203,0.62917,0.80781,0.62917,0.78438,0.56667,0.80000,0.56250,0.81016,0.58194,0.81953,0.60833,0.81094,0.56806,0.83125,0.53889,0.84531,0.55278,0.85625,0.58194,0.82969,0.58472,0.85469,0.56806,0.87031,0.58750,0.87969,0.61250,0.84141,0.61111,0.86328,0.60694,0.87500,0.62222,0.88125,0.64028,0.62202,0.69077,0.9999,0.75869,0.88556,0.9442,0.80081,0.66862,0.9970,0.68706,0.69677,0.77422,0.67222,85.48,0.9891,live,0.3637,0.5102,247.89,485.89
167739.531541,120.0,0.4032,4,3,0,0.76172,0.65694,0.75781,0.63056,0.76562,0.59722,0.77891,0.57361,0.78750,0.55139,0.78594,0.54444,0.79766,0.51111,0.80000,0.51528,0.80312,0.52917,0.79844,0.54861,0.81328,0.52083,0.81719,0.53333,0.81953,0.55278,0.80781,0.56111,0.82266,0.54444,0.82891,0.55556,0.83203,0.57500,0.81484,0.57917,0.82500,0.56806,0.83047,0.57639,0.83359,0.58889,0.62314,0.69223,0.9999,0.77038,0.89406,0.9450,0.79414,0.65906,0.9972,0.70199,0.68880,0.76172,0.65694,77.64,0.9739,live,0.3637,0.5117,247.41,483.48
167739.595516,120.0,0.5312,4,3,0,0.71328,0.56944,0.69453,0.54861,0.68203,0.50833,0.67969,0.47083,0.68281,0.44028,0.70312,0.45000,0.69531,0.41111,0.68516,0.39583,0.67578,0.39444,0.71797,0.44167,0.70937,0.39583,0.69766,0.38472,0.68594,0.38750,0.73125,0.44306,0.72266,0.40000,0.71016,0.39028,0.69844,0.39167,0.74375,0.45278,0.73672,0.41806,0.72813,0.40278,0.71875,0.39583,0.61743,0.69193,0.9999,0.76929,0.85901,0.9449,0.73434,0.56297,0.9974,0.70425,0.66493,0.71328,0.56944,80.96,0.8855,live,0.3637,0.4992,241.50,483.75
167739.659747,120.0,0.6596,4,3,0,0.67422,0.45139,0.64609,0.43056,0.63516,0.38056,0.63984,0.33611,0.63516,0.30278,0.64609,0.32917,0.63672,0.28611,0.62578,0.26667,0.61484,0.25556,0.66328,0.32222,0.65781,0.27083,0.64766,0.24306,0.63672,0.22222,0.67891,0.32778,0.67656,0.27917,0.66797,0.25556,0.65781,0.23889,0.69531,0.34306,0.69453,0.30556,0.68906,0.28472,0.68125,0.26944,0.61067,0.68746,0.9999,0.75624,0.75489,0.9434,0.67746,0.43665,0.9975,0.69824,0.62222,0.67422,0.45139,83.86,0.9828,live,0.3637,0.4026,195.72,486.08
167739.728183,120.0,0.7965,4,3,0,0.65625,0.39444,0.62891,0.34861,0.61875,0.30139,0.62344,0.25833,0.62813,0.22500,0.62344,0.26944,0.61328,0.23333,0.60234,0.20972,0.59297,0.18750,0.63516,0.26111,0.63125,0.22083,0.62422,0.19444,0.61875,0.17222,0.64844,0.26111,0.64531,0.22083,0.63906,0.19167,0.63359,0.16667,0.66328,0.26389,0.66250,0.22639,0.65859,0.20278,0.65391,0.18333,0.60831,0.68116,0.9999,0.74968,0.69922,0.9446,0.66172,0.36733,0.9977,0.68984,0.57667,0.65625,0.39444,86.16,0.9734,live,0.3747,0.4246,207.99,489.79
167739.795935,120.0,0.9320,4,3,0,0.64687,0.34306,0.61953,0.30000,0.60938,0.25417,0.61406,0.21111,0.61719,0.17639,0.61641,0.22083,0.60547,0.18611,0.59453,0.16250,0.58359,0.13750,0.62891,0.20833,0.62187,0.16667,0.61406,0.14028,0.60625,0.11667,0.64141,0.20556,0.63750,0.16389,0.63047,0.13333,0.62266,0.10972,0.65547,0.20972,0.65312,0.16806,0.64687,0.14444,0.63906,0.12500,0.60611,0.67986,0.9999,0.73867,0.66198,0.9461,0.65535,0.32239,0.9978,0.68125,0.52995,0.64687,0.34306,85.80,0.9730,live,0.3894,0.4564,224.89,492.79
167739.862001,120.0,0.0641,4,4,0,0.64062,0.30694,0.61406,0.27083,0.60547,0.22500,0.61016,0.18333,0.61406,0.15139,0.61875,0.19722,0.60859,0.16528,0.59766,0.14722,0.58750,0.12917,0.63047,0.18611,0.62422,0.14306,0.61406,0.11944,0.60313,0.09861,0.64219,0.18333,0.63906,0.13750,0.63047,0.11250,0.61953,0.09306,0.65547,0.18611,0.65547,0.14583,0.64844,0.12222,0.63828,0.10694,0.60357,0.68046,0.9999,0.72776,0.65830,0.9472,0.65573,0.32151,0.9979,0.67312,0.48534,0.64062,0.30694,77.13,0.9756,live,0.3894,0.3711,181.55,489.19
167739.927218,120.0,0.1946,4,4,0,0.64219,0.30833,0.61719,0.27222,0.61094,0.23194,0.61328,0.18889,0.61250,0.15694,0.62266,0.20694,0.61406,0.17361,0.60547,0.15417,0.59688,0.13750,0.63594,0.19583,0.63047,0.15556,0.62109,0.13056,0.61172,0.10833,0.64844,0.19444,0.64687,0.15139,0.63750,0.12361,0.62656,0.10556,0.66250,0.19444,0.66250,0.15694,0.65547,0.13611,0.64453,0.12083,0.60004,0.67880,0.9999,0.72385,0.66310,0.9472,0.65510,0.32516,0.9981,0.66694,0.44994,0.64219,0.30833,74.09,0.9633,live,0.3894,0.3903,188.84,483.83
167739.995673,120.0,0.3315,4,4,0,0.64687,0.33056,0.62187,0.30000,0.61484,0.25833,0.62109,0.21806,0.62422,0.18750,0.62891,0.22917,0.62266,0.19444,0.61406,0.17222,0.60547,0.15278,0.64375,0.22083,0.63906,0.17778,0.63047,0.15000,0.62109,0.12917,0.65703,0.21944,0.65625,0.17639,0.64766,0.14861,0.63672,0.13056,0.67109,0.22500,0.67266,0.18611,0.66641,0.16528,0.65625,0.15139,0.59865,0.67739,0.9998,0.72415,0.67810,0.9483,0.65537,0.33869,0.9981,0.66292,0.42607,0.64687,0.33056,72.95,0.9777,live,0.3953,0.4222,201.96,478.29
167740.064791,120.0,0.4697,4,4,0,0.65391,0.37361,0.63047,0.35139,0.62187,0.30417,0.62734,0.26389,0.63281,0.23333,0.63438,0.26250,0.62656,0.22222,0.61797,0.20139,0.60938,0.18472,0.64922,0.25694,0.64531,0.20833,0.63828,0.18194,0.62891,0.16250,0.66406,0.26111,0.66172,0.21250,0.65547,0.18472,0.64687,0.16528,0.67891,0.27361,0.68047,0.23472,0.67656,0.21111,0.66953,0.19444,0.59703,0.67733,0.9998,0.72459,0.73755,0.9478,0.65715,0.34471,0.9983,0.66112,0.41557,0.65391,0.37361,76.09,0.9847,live,0.4015,0.4295,204.32,475.69
167740.128693,120.0,0.5975,4,4,0,0.66016,0.46528,0.63594,0.43472,0.62969,0.37917,0.63750,0.33611,0.63672,0.30417,0.64531,0.33194,0.63828,0.28611,0.62969,0.26528,0.61953,0.25556,0.66172,0.32917,0.66172,0.27222,0.65312,0.25000,0.64141,0.24444,0.67734,0.33750,0.68047,0.28056,0.67266,0.25972,0.66250,0.25417,0.69297,0.35694,0.69688,0.31111,0.69063,0.29167,0.68047,0.28611,0.59796,0.67805,0.9998,0.73468,0.80976,0.9483,0.65839,0.42792,0.9984,0.66093,0.42552,0.66016,0.46528,87.02,0.9844,live,0.4015,0.4247,204.39,481.26
167740.194569,120.0,0.7293,4,4,0,0.67500,0.58333,0.65391,0.56111,0.64219,0.51528,0.64531,0.47639,0.65156,0.44444,0.65859,0.44306,0.66172,0.38194,0.66016,0.40278,0.65938,0.43611,0.67812,0.44583,0.68359,0.38611,0.68047,0.41667,0.67734,0.45278,0.69531,0.45833,0.70156,0.40417,0.69844,0.43056,0.69453,0.46389,0.71328,0.47917,0.71641,0.43750,0.71484,0.45417,0.71250,0.48056,0.60200,0.67897,0.9998,0.73753,0.88211,0.9478,0.67153,0.58037,0.9984,0.66374,0.45708,0.67500,0.58333,91.63,0.9812,live,0.4015,0.3839,187.90,489.48
167740.263974,120.0,0.8681,4,4,0,0.68984,0.67917,0.66797,0.67361,0.64922,0.65000,0.64531,0.63889,0.65625,0.62917,0.66797,0.57917,0.66875,0.55417,0.66719,0.58750,0.66484,0.61944,0.69141,0.58750,0.69922,0.55000,0.69688,0.58750,0.69219,0.62500,0.71172,0.60417,0.72344,0.57222,0.72031,0.60972,0.71406,0.64306,0.72813,0.62778,0.74375,0.61111,0.74375,0.63889,0.73906,0.66528,0.60650,0.69127,0.9998,0.74261,0.93866,0.9490,0.68789,0.68581,0.9985,0.66896,0.50150,0.68984,0.67917,72.32,0.9936,live,0.3746,0.2522,121.75,482.81
167740.327229,120.0,0.9946,4,4,0,0.69844,0.70417,0.68047,0.71250,0.65859,0.70972,0.65156,0.71667,0.66406,0.71806,0.67656,0.64444,0.67578,0.64306,0.67578,0.68889,0.67500,0.72361,0.70078,0.65278,0.70547,0.63889,0.70156,0.68611,0.69688,0.72778,0.72109,0.66944,0.73047,0.66667,0.72734,0.71389,0.72266,0.74861,0.73516,0.69167,0.74844,0.70694,0.75156,0.73889,0.75000,0.76111,0.60746,0.69144,0.9998,0.74241,0.95852,0.9488,0.69834,0.77597,0.9984,0.67486,0.54203,0.69844,0.70417,54.66,0.9956,live,0.3544,0.2623,121.75,464.22
167740.396187,120.0,0.1325,4,1,1,0.69141,0.76806,0.67188,0.76667,0.65234,0.74583,0.64531,0.74444,0.65938,0.74306,0.67344,0.68194,0.67188,0.67361,0.66875,0.71528,0.66484,0.75556,0.70078,0.69028,0.70859,0.67361,0.70312,0.71944,0.69531,0.76250,0.72188,0.70972,0.73281,0.70278,0.72813,0.74861,0.71875,0.78472,0.73594,0.73750,0.75156,0.74306,0.75391,0.77361,0.75156,0.79722,0.61491,0.69295,0.9998,0.74687,0.98087,0.9438,0.71119,0.84717,0.9978,0.67817,0.58724,0.69141,0.76806,68.49,0.9962,live,0.3399,0.2742,125.55,457.83
167740.460297,120.0,0.2607,4,1,1,0.68047,0.75694,0.66172,0.74722,0.64453,0.72083,0.63906,0.70556,0.65234,0.69722,0.66797,0.65000,0.66484,0.61944,0.66094,0.64722,0.65859,0.68611,0.69141,0.65972,0.70156,0.61944,0.69688,0.65278,0.68906,0.69306,0.71094,0.68056,0.72266,0.64722,0.71953,0.68056,0.71250,0.71250,0.72500,0.71111,0.74141,0.69722,0.74219,0.72083,0.73828,0.74306,0.61752,0.69506,0.9998,0.74637,0.98761,0.9446,0.70869,0.78636,0.9979,0.67863,0.62118,0.68047,0.75694,75.28,0.9920,live,0.3399,0.3276,149.76,457.09
167740.531239,120.0,0.4026,4,1,1,0.66016,0.73056,0.63750,0.69444,0.62891,0.65556,0.63516,0.63194,0.64062,0.60694,0.65078,0.59444,0.64766,0.55278,0.64297,0.55139,0.63984,0.57361,0.67266,0.59861,0.67891,0.54722,0.67812,0.55000,0.67422,0.57639,0.69063,0.61250,0.70391,0.56806,0.70234,0.57083,0.69531,0.59444,0.70703,0.63750,0.72656,0.60972,0.72578,0.61111,0.71719,0.63056,0.61262,0.70075,0.9999,0.74067,0.98705,0.9446,0.68835,0.75231,0.9980,0.67493,0.64305,0.66016,0.73056,90.85,0.9876,live,0.3399,0.3536,165.34,467.65
167740.597872,120.0,0.5359,4,1,1,0.64062,0.68611,0.62031,0.65972,0.60469,0.62778,0.60703,0.60694,0.61953,0.58889,0.62813,0.55278,0.62891,0.50694,0.62031,0.50694,0.61328,0.52778,0.65000,0.55694,0.65938,0.50278,0.65078,0.50417,0.64141,0.53056,0.66797,0.57500,0.68203,0.52639,0.67578,0.52639,0.66563,0.54861,0.68359,0.60417,0.70547,0.58056,0.70078,0.57639,0.68906,0.59028,0.60978,0.69358,0.9999,0.73654,0.97029,0.9436,0.66284,0.70817,0.9981,0.66807,0.65166,0.64062,0.68611,87.95,0.9824,live,0.3399,0.3611,171.49,474.86
167740.663760,120.0,0.6677,4,1,1,0.62422,0.69444,0.60859,0.67361,0.59531,0.64444,0.58359,0.63472,0.57188,0.63056,0.61016,0.57361,0.59297,0.55139,0.57812,0.57361,0.56797,0.59861,0.62734,0.57500,0.61406,0.56250,0.60000,0.59444,0.58750,0.62222,0.64375,0.58750,0.63359,0.58472,0.61797,0.61667,0.60547,0.63889,0.65781,0.60694,0.65703,0.60972,0.64297,0.63333,0.63125,0.64861,0.61036,0.68236,0.9999,0.73596,0.96575,0.9475,0.63136,0.70743,0.9982,0.65930,0.66022,0.62422,0.69444,79.19,0.9662,live,0.3462,0.3746,177.87,474.89
167740.727767,120.0,0.7957,4,1,1,0.57734,0.70139,0.54297,0.69028,0.51562,0.66806,0.49766,0.65833,0.48047,0.65972,0.52891,0.60278,0.50000,0.62222,0.47969,0.64167,0.46406,0.65972,0.54453,0.61667,0.51016,0.63611,0.48594,0.65833,0.46641,0.67917,0.55937,0.64306,0.52656,0.66667,0.50000,0.68889,0.47891,0.70833,0.57109,0.67917,0.54609,0.69722,0.52578,0.70972,0.50859,0.71944,0.61016,0.68511,0.9999,0.73581,0.94566,0.9503,0.58726,0.70762,0.9981,0.64291,0.66845,0.57734,0.70139,65.82,0.9964,live,0.3538,0.3886,180.79,465.30
167740.796778,120.0,0.9337,4,1,1,0.55000,0.70139,0.52578,0.67500,0.50234,0.65417,0.48438,0.64444,0.46875,0.64722,0.49219,0.62778,0.46641,0.62500,0.44688,0.62639,0.43203,0.62778,0.49531,0.63611,0.46719,0.62778,0.44609,0.62778,0.43125,0.62917,0.50078,0.65417,0.47187,0.64861,0.45156,0.65278,0.43672,0.65556,0.50703,0.68194,0.48438,0.68611,0.46953,0.69306,0.45859,0.70139,0.60177,0.66271,0.9999,0.71236,0.93032,0.9528,0.53075,0.70752,0.9981,0.62433,0.67504,0.55000,0.70139,68.87,0.9982,live,0.3462,0.3115,142.98,459.05
167740.863593,120.0,0.0673,4,2,0,0.52344,0.70972,0.47813,0.70833,0.44922,0.69306,0.42812,0.68611,0.41016,0.68889,0.46172,0.62778,0.44141,0.61111,0.42422,0.60417,0.40547,0.60417,0.46797,0.62639,0.44297,0.60556,0.42266,0.60139,0.40469,0.60417,0.47266,0.63750,0.44766,0.61667,0.42578,0.61389,0.40937,0.61806,0.47656,0.66250,0.45156,0.65694,0.43594,0.66111,0.42578,0.67083,0.60025,0.65857,0.9999,0.69856,0.91935,0.9556,0.50137,0.69571,0.9982,0.60415,0.68198,0.52344,0.70972,72.98,0.9961,live,0.3462,0.3530,161.17,456.51
167740.929074,120.0,0.1983,4,2,0,0.51172,0.68889,0.46563,0.68750,0.43438,0.66667,0.41406,0.65833,0.39687,0.65556,0.44766,0.58194,0.41641,0.58750,0.39219,0.59722,0.37188,0.60833,0.45625,0.58194,0.41328,0.58611,0.38672,0.60000,0.36797,0.61250,0.46406,0.59722,0.42422,0.59444,0.39766,0.60694,0.37734,0.61944,0.47109,0.63056,0.44141,0.62639,0.42109,0.63333,0.40547,0.64444,0.59943,0.66020,0.9999,0.69099,0.91439,0.9579,0.50100,0.68120,0.9983,0.58566,0.68336,0.51172,0.68889,82.54,0.9975,live,0.3376,0.2985,137.66,461.16
167740.995182,120.0,0.3305,4,2,0,0.52422,0.67917,0.47969,0.67639,0.45000,0.65417,0.42891,0.64444,0.41406,0.63889,0.46875,0.56667,0.43281,0.56667,0.41016,0.57917,0.39297,0.59583,0.47813,0.56528,0.43359,0.56250,0.40937,0.58194,0.39219,0.60139,0.48750,0.58056,0.44766,0.57778,0.42422,0.59444,0.40703,0.60833,0.49453,0.60972,0.46953,0.61111,0.45391,0.62222,0.44141,0.63194,0.59430,0.66098,0.9998,0.68941,0.91146,0.9602,0.50865,0.66157,0.9984,0.57337,0.68252,0.52422,0.67917,79.20,0.9972,live,0.3376,0.3272,151.46,462.84
167741.061914,120.0,0.4640,4,2,0,0.55547,0.68750,0.51641,0.68750,0.48906,0.66250,0.46563,0.64444,0.44453,0.62778,0.49922,0.57639,0.47500,0.57222,0.45859,0.58889,0.44766,0.60556,0.51406,0.57361,0.48594,0.57222,0.46719,0.59167,0.45547,0.60972,0.52969,0.58889,0.50391,0.58750,0.48438,0.60000,0.46875,0.61250,0.54453,0.61667,0.53125,0.62361,0.51797,0.62917,0.50625,0.63472,0.59083,0.67332,0.9998,0.71054,0.91358,0.9593,0.53738,0.66381,0.9983,0.56979,0.68352,0.55547,0.68750,80.75,0.9851,live,0.3301,0.2958,137.70,465.44
167741.127864,120.0,0.5959,4,2,0,0.63047,0.71389,0.60156,0.69583,0.58125,0.66389,0.56719,0.64583,0.55469,0.63472,0.60625,0.59583,0.58359,0.59583,0.56719,0.60694,0.55547,0.61806,0.61953,0.60000,0.59531,0.60000,0.57812,0.61528,0.56563,0.62917,0.63125,0.61667,0.61172,0.62222,0.59844,0.63472,0.58750,0.64583,0.64141,0.64306,0.62813,0.65139,0.61953,0.66111,0.61406,0.67083,0.60285,0.68624,0.9998,0.73104,0.92352,0.9592,0.62514,0.69439,0.9983,0.58193,0.68959,0.63047,0.71389,70.74,0.9988,live,0.3249,0.3012,138.69,460.52
167741.197531,120.0,0.7352,4,2,0,0.63047,0.71389,0.60156,0.69583,0.58125,0.66389,0.56719,0.64583,0.55469,0.63472,0.60625,0.59583,0.58359,0.59583,0.56719,0.60694,0.55547,0.61806,0.61953,0.60000,0.59531,0.60000,0.57812,0.61528,0.56563,0.62917,0.63125,0.61667,0.61172,0.62222,0.59844,0.63472,0.58750,0.64583,0.64141,0.64306,0.62813,0.65139,0.61953,0.66111,0.61406,0.67083,0.60620,0.70189,0.9998,0.73598,0.96710,0.9572,0.70872,0.75606,0.9982,0.58193,0.68959,0.63047,0.71389,70.74,0.5993,hold,0.3249,0.3012,138.69,460.52
167741.261019,120.0,0.8622,4,2,0,0.75469,0.71250,0.74297,0.67222,0.74844,0.64028,0.76094,0.64861,0.77578,0.66667,0.79688,0.63056,0.81641,0.62778,0.81719,0.64722,0.81328,0.67222,0.81406,0.65556,0.83828,0.64444,0.84062,0.66528,0.83594,0.69306,0.82266,0.68056,0.84688,0.67083,0.85391,0.68750,0.85234,0.70972,0.82578,0.70833,0.84609,0.70417,0.85547,0.71111,0.86016,0.72500,0.60558,0.70164,0.9998,0.73660,0.96482,0.9574,0.78027,0.74739,0.9983,0.61648,0.69417,0.75469,0.71250,81.13,0.9295,live,0.3119,0.2527,117.15,463.67
167741.328980,120.0,0.9981,4,2,0,0.78516,0.73056,0.77109,0.69167,0.77812,0.65972,0.80156,0.65972,0.82656,0.66528,0.81250,0.61389,0.82578,0.59722,0.83516,0.61528,0.83828,0.64722,0.83359,0.63472,0.85391,0.61250,0.86328,0.63056,0.86641,0.65972,0.84688,0.66250,0.86797,0.64583,0.87969,0.66111,0.88281,0.68750,0.85234,0.69306,0.87422,0.68611,0.88828,0.69444,0.89609,0.70972,0.60555,0.70113,0.9998,0.73581,0.95095,0.9530,0.79621,0.73792,0.9982,0.65022,0.70145,0.78516,0.73056,87.60,0.9745,live,0.2957,0.2222,104.68,471.10
167741.396218,120.0,0.1326,4,3,0,0.79609,0.70972,0.78438,0.67500,0.79453,0.64722,0.82266,0.65417,0.84609,0.65694,0.82812,0.60139,0.85078,0.59167,0.86016,0.60972,0.86328,0.64167,0.85156,0.62361,0.87969,0.60417,0.88750,0.62778,0.88594,0.65833,0.86562,0.64861,0.89297,0.63611,0.90234,0.65694,0.90078,0.68472,0.87109,0.67917,0.89609,0.67361,0.90625,0.68472,0.90703,0.70278,0.60546,0.70091,0.9998,0.73547,0.92548,0.9497,0.80243,0.73323,0.9981,0.67939,0.70310,0.79609,0.70972,89.84,0.9847,live,0.2957,0.2957,141.73,479.25
167741.462511,120.0,0.2652,4,3,0,0.79531,0.71111,0.78281,0.67639,0.79141,0.64861,0.81953,0.65694,0.84453,0.66111,0.82812,0.60278,0.84766,0.59306,0.85703,0.61250,0.86172,0.64167,0.85000,0.62500,0.87891,0.60417,0.88594,0.63056,0.88516,0.66250,0.86328,0.65000,0.89062,0.63472,0.90156,0.65556,0.89922,0.68472,0.86875,0.67778,0.89375,0.67361,0.90469,0.68611,0.90625,0.70556,0.60351,0.70086,0.9998,0.73488,0.91457,0.9511,0.79835,0.71709,0.9982,0.70258,0.70471,0.79531,0.71111,88.52,0.9820,live,0.3058,0.3517,170.75,485.48
167741.526905,120.0,0.3939,4,3,0,0.77969,0.70833,0.76484,0.67500,0.76875,0.64306,0.79375,0.64722,0.81797,0.65694,0.80781,0.59444,0.82500,0.59306,0.83281,0.61528,0.83672,0.64583,0.83125,0.61389,0.85625,0.59583,0.86406,0.62222,0.86406,0.65556,0.84531,0.63889,0.87187,0.62639,0.88125,0.65139,0.88203,0.68056,0.85156,0.67083,0.87500,0.66667,0.88516,0.68194,0.88906,0.70000,0.60347,0.70073,0.9998,0.73536,0.91316,0.9511,0.80238,0.70487,0.9982,0.71800,0.70543,0.77969,0.70833,89.67,0.9808,live,0.3205,0.3872,190.42,491.78
167741.593855,120.0,0.5278,4,3,0,0.76641,0.66111,0.79531,0.64167,0.81563,0.61944,0.82812,0.60972,0.83359,0.60278,0.79141,0.53472,0.81563,0.55139,0.83281,0.59583,0.84453,0.63333,0.77109,0.54028,0.79531,0.55139,0.81719,0.59167,0.83125,0.62639,0.75078,0.56111,0.76562,0.55278,0.78281,0.57639,0.79531,0.59722,0.73281,0.59306,0.73750,0.58750,0.75078,0.59167,0.76484,0.59861,0.60459,0.70032,0.9999,0.74190,0.90974,0.9525,0.79024,0.67582,0.9982,0.76641,0.66111,0.76641,0.66111,83.71,0.9871,live,0.3554,0.5145,253.68,493.04
167741.662352,120.0,0.6648,4,3,0,0.72188,0.56806,0.70078,0.53611,0.68750,0.49583,0.68281,0.46667,0.68750,0.44583,0.71094,0.43472,0.70859,0.38472,0.70625,0.40000,0.70703,0.42917,0.73125,0.44028,0.73203,0.38472,0.72813,0.40417,0.72656,0.43472,0.74922,0.45694,0.75078,0.40694,0.74844,0.42500,0.74687,0.45278,0.76641,0.48056,0.77031,0.44861,0.76797,0.45417,0.76562,0.47222,0.60388,0.69946,0.9999,0.75408,0.85728,0.9546,0.75721,0.56215,0.9983,0.71877,0.67796,0.72188,0.56806,88.26,0.9923,live,0.3776,0.4790,238.28,497.42
167741.731359,120.0,0.8029,4,3,0,0.69766,0.44583,0.67344,0.41667,0.66016,0.37083,0.65625,0.33194,0.65547,0.29722,0.68594,0.31667,0.68516,0.25972,0.67891,0.23889,0.67109,0.23611,0.70234,0.31667,0.70547,0.26111,0.69766,0.24028,0.68750,0.23889,0.71719,0.32639,0.72266,0.27639,0.71406,0.25972,0.70312,0.25972,0.73047,0.34583,0.73828,0.30417,0.73281,0.28611,0.72266,0.28056,0.60143,0.69939,0.9998,0.75314,0.81922,0.9558,0.71711,0.45424,0.9983,0.71455,0.63153,0.69766,0.44583,82.87,0.9524,live,0.3776,0.4004,199.14,497.40
167741.794203,120.0,0.9285,4,3,0,0.67891,0.38889,0.65469,0.33472,0.64531,0.28194,0.64531,0.23889,0.64453,0.20278,0.67266,0.24583,0.66719,0.20417,0.66172,0.17778,0.65625,0.15139,0.68516,0.24444,0.68516,0.20278,0.67969,0.17361,0.67422,0.15000,0.69766,0.25000,0.70234,0.21111,0.69844,0.17917,0.69141,0.15278,0.70937,0.26389,0.71719,0.22500,0.71484,0.19861,0.71016,0.17639,0.60010,0.69102,0.9998,0.74023,0.71568,0.9572,0.68713,0.34433,0.9985,0.70742,0.58300,0.67891,0.38889,88.62,0.9698,live,0.3855,0.4211,211.18,501.52
167741.863834,120.0,0.0678,4,4,0,0.66875,0.33750,0.64375,0.28611,0.63359,0.23750,0.63281,0.19306,0.63203,0.15556,0.65625,0.19722,0.65078,0.15556,0.64375,0.12778,0.63750,0.10000,0.66953,0.19306,0.66875,0.14722,0.66250,0.11667,0.65625,0.09167,0.68203,0.19583,0.68359,0.15139,0.67812,0.12083,0.67031,0.09583,0.69531,0.20833,0.70078,0.16667,0.69844,0.14028,0.69219,0.11806,0.59649,0.68815,0.9998,0.73183,0.65831,0.9573,0.67004,0.30098,0.9985,0.69969,0.53390,0.66875,0.33750,88.98,0.9616,live,0.3855,0.3825,193.32,505.40
167741.932284,120.0,0.2047,4,4,0,0.66016,0.30694,0.63516,0.27083,0.62266,0.22639,0.62109,0.18750,0.62109,0.15278,0.64609,0.18333,0.64141,0.14167,0.63438,0.12083,0.62578,0.10556,0.66094,0.17639,0.65938,0.12639,0.64922,0.10139,0.63750,0.08750,0.67344,0.17917,0.67578,0.12778,0.66797,0.10417,0.65781,0.08889,0.68672,0.19028,0.69219,0.14861,0.68906,0.12222,0.68125,0.10278,0.59743,0.67897,0.9998,0.72964,0.65352,0.9568,0.66525,0.30698,0.9986,0.69178,0.48851,0.66016,0.30694,81.92,0.9695,live,0.3855,0.3808,191.83,503.73
167741.998924,120.0,0.3380,4,4,0,0.65469,0.31806,0.63047,0.29167,0.61797,0.25139,0.61562,0.21389,0.61641,0.18056,0.64062,0.20972,0.63594,0.16806,0.62813,0.14583,0.62031,0.13056,0.65469,0.20417,0.65234,0.15556,0.64375,0.13056,0.63359,0.11111,0.66875,0.20556,0.66797,0.15694,0.66094,0.13056,0.65156,0.11111,0.68203,0.21528,0.68594,0.17361,0.68125,0.14861,0.67266,0.12917,0.59681,0.67924,0.9998,0.72546,0.67530,0.9556,0.66274,0.33318,0.9986,0.68436,0.45442,0.65469,0.31806,74.27,0.9440,live,0.3918,0.4208,209.02,496.75
167742.064770,120.0,0.4697,4,4,0,0.65391,0.36389,0.63047,0.34583,0.61641,0.30694,0.61328,0.26806,0.61484,0.23611,0.64062,0.25972,0.63672,0.20972,0.62813,0.19028,0.61797,0.18194,0.65625,0.25556,0.65469,0.20139,0.64609,0.17778,0.63516,0.16806,0.67031,0.26111,0.67109,0.20972,0.66406,0.18472,0.65312,0.17222,0.68359,0.27500,0.68906,0.23333,0.68516,0.20972,0.67656,0.19583,0.59715,0.67960,0.9998,0.72399,0.69575,0.9547,0.66038,0.35085,0.9987,0.67827,0.43631,0.65391,0.36389,71.37,0.8655,live,0.4039,0.4590,224.21,488.53
167742.129503,120.0,0.5991,4,4,0,0.65938,0.48194,0.63516,0.45833,0.61875,0.41528,0.61250,0.37917,0.61719,0.34722,0.64219,0.35139,0.64375,0.29028,0.63594,0.27917,0.62891,0.29306,0.66016,0.35278,0.66250,0.29167,0.65469,0.28472,0.64609,0.30417,0.67656,0.36528,0.68125,0.31111,0.67344,0.30278,0.66484,0.31806,0.69063,0.38611,0.69609,0.34444,0.69141,0.33333,0.68437,0.33889,0.60107,0.68114,0.9998,0.73400,0.82131,0.9536,0.66346,0.45857,0.9987,0.67449,0.44544,0.65938,0.48194,84.04,0.9591,live,0.4039,0.4283,210.03,490.41
167742.195696,120.0,0.7315,4,4,0,0.67422,0.62083,0.65078,0.59583,0.63281,0.55833,0.62344,0.52500,0.62813,0.49722,0.64844,0.49028,0.64453,0.43750,0.64297,0.45556,0.64531,0.48472,0.66953,0.49028,0.67266,0.43611,0.66719,0.46250,0.66563,0.49583,0.68906,0.50417,0.69141,0.45694,0.68516,0.47917,0.68125,0.50694,0.70625,0.52500,0.71172,0.49861,0.70781,0.50556,0.70547,0.52222,0.60837,0.68664,0.9998,0.73539,0.90862,0.9503,0.67706,0.61778,0.9987,0.67444,0.48052,0.67422,0.62083,88.05,0.9813,live,0.3978,0.3697,183.00,494.96
167742.261145,120.0,0.8624,4,4,0,0.68672,0.72917,0.66328,0.70139,0.64922,0.65972,0.64219,0.63750,0.65234,0.63472,0.67734,0.61667,0.68125,0.56389,0.67109,0.57778,0.66328,0.60972,0.69766,0.63056,0.70859,0.57361,0.69609,0.59167,0.68437,0.62639,0.71562,0.65417,0.72891,0.60833,0.71797,0.62083,0.70547,0.64861,0.72969,0.68333,0.74844,0.66111,0.74687,0.66389,0.73906,0.67917,0.61725,0.69587,0.9998,0.73832,0.97600,0.9503,0.69010,0.72658,0.9988,0.67689,0.53025,0.68672,0.72917,75.20,0.9887,live,0.3978,0.3737,183.00,489.71
167742.328906,120.0,0.9980,4,4,0,0.68906,0.77778,0.66875,0.75972,0.65312,0.71667,0.64766,0.69028,0.66094,0.70278,0.68984,0.67361,0.69297,0.62917,0.68125,0.64722,0.67031,0.67778,0.71016,0.69167,0.72500,0.64583,0.71094,0.66250,0.69609,0.69583,0.72656,0.71944,0.74609,0.68056,0.73438,0.69583,0.71953,0.72222,0.73828,0.75278,0.76016,0.73750,0.76250,0.74583,0.75938,0.76111,0.62766,0.70618,0.9998,0.73711,1.00000,0.9418,0.69855,0.80258,0.9983,0.67933,0.57975,0.68906,0.77778,73.09,0.9891,live,0.3819,0.3095,149.64,483.57
167742.396472,120.0,0.1331,4,1,1,0.68672,0.81389,0.66328,0.79028,0.65000,0.74444,0.63984,0.72500,0.65547,0.72778,0.68984,0.70833,0.69219,0.66528,0.67656,0.68611,0.65938,0.72083,0.71016,0.73056,0.72422,0.68333,0.70547,0.70833,0.68672,0.74306,0.72734,0.76111,0.74297,0.71806,0.72813,0.73750,0.71016,0.76806,0.74062,0.79306,0.76328,0.77500,0.75703,0.78333,0.74297,0.80139,0.63005,0.71712,0.9998,0.72977,1.00000,0.9420,0.70070,0.85396,0.9983,0.68081,0.62658,0.68672,0.81389,75.73,0.9767,live,0.3659,0.2932,140.75,480.07
167742.462265,120.0,0.2647,4,1,1,0.66484,0.81944,0.64219,0.79167,0.62813,0.74722,0.62031,0.73333,0.63359,0.73750,0.66641,0.70556,0.66875,0.68194,0.65000,0.70694,0.63203,0.73611,0.68984,0.72917,0.70234,0.69306,0.68203,0.71667,0.66172,0.74861,0.70781,0.76111,0.72188,0.72639,0.70469,0.74722,0.68594,0.77222,0.72031,0.79861,0.74141,0.78333,0.73359,0.78889,0.71875,0.79861,0.63678,0.72806,0.9998,0.73011,1.00000,0.9446,0.69551,0.86708,0.9982,0.67761,0.66515,0.66484,0.81944,80.80,0.9830,live,0.3659,0.3493,167.90,480.64
167742.528218,120.0,0.3966,4,1,1,0.63906,0.82917,0.61562,0.79722,0.59922,0.76389,0.58750,0.75139,0.58828,0.74028,0.63672,0.70139,0.62578,0.67083,0.60625,0.69722,0.59219,0.72500,0.65703,0.71944,0.65312,0.68750,0.62734,0.71528,0.61016,0.74583,0.67344,0.74861,0.67812,0.71528,0.65469,0.73750,0.63672,0.76528,0.68516,0.78611,0.70156,0.76806,0.68984,0.77361,0.67578,0.78472,0.63809,0.73631,0.9998,0.73125,1.00000,0.9465,0.66544,0.84454,0.9980,0.66990,0.69796,0.63906,0.82917,81.99,0.9827,live,0.3712,0.3951,190.45,482.00
167742.597099,120.0,0.5343,4,1,1,0.63047,0.83750,0.60469,0.81389,0.57969,0.79028,0.55859,0.77361,0.54531,0.75417,0.60156,0.71389,0.57656,0.68333,0.55625,0.69028,0.54141,0.70556,0.61719,0.71806,0.59141,0.68611,0.56641,0.69722,0.55000,0.71667,0.63359,0.73056,0.61797,0.70139,0.59375,0.71111,0.57734,0.73194,0.65000,0.75139,0.65234,0.72917,0.63984,0.73056,0.62813,0.74167,0.63757,0.73545,0.9998,0.74094,1.00000,0.9476,0.63630,0.81942,0.9974,0.66202,0.72587,0.63047,0.83750,79.63,0.9712,live,0.3830,0.4370,210.43,481.49
167742.661105,120.0,0.6623,4,1,1,0.60078,0.81944,0.57578,0.78056,0.55937,0.74028,0.54766,0.70833,0.53516,0.68333,0.57109,0.69861,0.54531,0.67083,0.52266,0.65972,0.50547,0.65833,0.57656,0.69861,0.54766,0.67083,0.52422,0.66944,0.50625,0.67500,0.58125,0.70694,0.55625,0.68611,0.53203,0.68611,0.51328,0.69444,0.58594,0.72500,0.57500,0.71528,0.56094,0.71389,0.54766,0.71528,0.63669,0.71332,0.9998,0.73911,0.99148,0.9504,0.58509,0.81001,0.9974,0.64977,0.74458,0.60078,0.81944,71.19,0.9710,live,0.3995,0.4747,225.48,474.97
167742.728753,120.0,0.7976,4,1,1,0.58203,0.79444,0.54375,0.76528,0.52109,0.73750,0.50547,0.71250,0.49297,0.69167,0.52422,0.68889,0.50078,0.66806,0.48125,0.65556,0.46484,0.64722,0.52812,0.68194,0.50000,0.66389,0.48047,0.65833,0.46641,0.65694,0.53203,0.68333,0.50547,0.67361,0.48281,0.67361,0.46563,0.67778,0.53750,0.69583,0.51719,0.69444,0.50000,0.69722,0.48516,0.70278,0.63039,0.69384,0.9998,0.71715,0.95857,0.9519,0.53847,0.76267,0.9970,0.63622,0.75455,0.58203,0.79444,80.31,0.9880,live,0.4145,0.4829,229.76,475.80
167742.795505,120.0,0.9311,4,1,1,0.55234,0.76389,0.49844,0.76111,0.46563,0.74028,0.44297,0.72222,0.42266,0.71944,0.47031,0.67778,0.44844,0.66528,0.42891,0.66389,0.41172,0.66667,0.48125,0.66528,0.45391,0.65417,0.43281,0.65833,0.41797,0.66528,0.49375,0.66389,0.46953,0.65139,0.44531,0.65417,0.42656,0.66250,0.50781,0.67778,0.48828,0.66667,0.47031,0.67083,0.45547,0.67917,0.62942,0.69368,0.9997,0.70991,0.94684,0.9508,0.52202,0.73426,0.9953,0.61945,0.75642,0.55234,0.76389,92.39,0.9967,live,0.4192,0.4402,213.61,485.23
167742.864316,120.0,0.0688,4,2,0,0.54141,0.72639,0.49609,0.72917,0.46250,0.71250,0.44062,0.70833,0.42031,0.70694,0.46563,0.63194,0.43672,0.62500,0.41563,0.64028,0.40078,0.66250,0.47422,0.62361,0.43906,0.61389,0.41719,0.63611,0.40234,0.65833,0.48516,0.62778,0.45234,0.61944,0.43047,0.63889,0.41563,0.65694,0.49688,0.64722,0.47500,0.64167,0.45937,0.65139,0.44688,0.65972,0.62737,0.69298,0.9996,0.70544,0.94271,0.9501,0.52260,0.71019,0.9946,0.60384,0.75041,0.54141,0.72639,88.50,0.9973,live,0.4027,0.3279,160.89,490.72
167742.932524,120.0,0.2052,4,2,0,0.55625,0.71667,0.51562,0.72222,0.48203,0.70556,0.46016,0.69861,0.44141,0.69583,0.48359,0.62778,0.45469,0.62361,0.43594,0.63750,0.42266,0.65694,0.49219,0.61667,0.45937,0.60833,0.43906,0.62917,0.42422,0.65139,0.50391,0.61944,0.47344,0.60972,0.45547,0.62917,0.44219,0.64583,0.51797,0.63333,0.49844,0.63194,0.48438,0.64306,0.47266,0.65278,0.62574,0.69650,0.9996,0.70639,0.93848,0.9522,0.53505,0.69331,0.9947,0.59432,0.74366,0.55625,0.71667,85.92,0.9960,live,0.3831,0.2935,144.89,493.70
167742.996913,120.0,0.3340,4,2,0,0.58672,0.71389,0.55000,0.71944,0.51719,0.70694,0.49531,0.69583,0.47969,0.68750,0.52031,0.63611,0.49453,0.62639,0.47734,0.63889,0.46484,0.65417,0.53359,0.62361,0.50625,0.59861,0.48672,0.61667,0.47500,0.63889,0.55078,0.62500,0.52578,0.60278,0.50703,0.61806,0.49531,0.63750,0.56953,0.63750,0.55391,0.62639,0.53828,0.63333,0.52656,0.64306,0.62110,0.69908,0.9996,0.72683,0.93248,0.9547,0.57299,0.69388,0.9951,0.59280,0.73771,0.58672,0.71389,79.53,0.9944,live,0.3606,0.2581,126.90,491.71
167743.061482,120.0,0.4631,4,2,0,0.63516,0.72500,0.60625,0.71667,0.57891,0.69861,0.56172,0.68611,0.55547,0.66944,0.59531,0.62083,0.57266,0.60972,0.55625,0.61944,0.54297,0.63333,0.60938,0.61250,0.58516,0.60139,0.56563,0.61389,0.55078,0.62917,0.62656,0.61667,0.60469,0.60556,0.58594,0.61528,0.57031,0.62778,0.64531,0.63056,0.63047,0.62917,0.61719,0.63333,0.60469,0.64167,0.62178,0.70469,0.9997,0.74869,0.92000,0.9541,0.63038,0.69834,0.9952,0.60127,0.73517,0.63516,0.72500,77.94,0.9962,live,0.3424,0.2596,126.90,488.82
167743.127441,120.0,0.5950,4,2,0,0.63516,0.72500,0.60625,0.71667,0.57891,0.69861,0.56172,0.68611,0.55547,0.66944,0.59531,0.62083,0.57266,0.60972,0.55625,0.61944,0.54297,0.63333,0.60938,0.61250,0.58516,0.60139,0.56563,0.61389,0.55078,0.62917,0.62656,0.61667,0.60469,0.60556,0.58594,0.61528,0.57031,0.62778,0.64531,0.63056,0.63047,0.62917,0.61719,0.63333,0.60469,0.64167,0.62845,0.70781,0.9997,0.75246,0.94182,0.9493,0.70178,0.71494,0.9954,0.60127,0.73517,0.63516,0.72500,77.94,0.5977,hold,0.3424,0.2596,126.90,488.82
167743.194553,120.0,0.7292,4,2,0,0.63516,0.72500,0.60625,0.71667,0.57891,0.69861,0.56172,0.68611,0.55547,0.66944,0.59531,0.62083,0.57266,0.60972,0.55625,0.61944,0.54297,0.63333,0.60938,0.61250,0.58516,0.60139,0.56563,0.61389,0.55078,0.62917,0.62656,0.61667,0.60469,0.60556,0.58594,0.61528,0.57031,0.62778,0.64531,0.63056,0.63047,0.62917,0.61719,0.63333,0.60469,0.64167,0.62792,0.71183,0.9997,0.75611,0.94266,0.9476,0.76263,0.70247,0.9957,0.60127,0.73517,0.63516,0.72500,77.94,0.5977,hold,0.3424,0.2596,126.90,488.82
167743.263431,120.0,0.8670,4,2,0,0.78047,0.65139,0.81641,0.64861,0.84844,0.64167,0.87109,0.64167,0.88906,0.65000,0.84609,0.59444,0.86406,0.59583,0.87578,0.61806,0.88594,0.64306,0.82734,0.58889,0.84297,0.58194,0.85469,0.60417,0.86328,0.63056,0.80625,0.59306,0.81719,0.58611,0.82969,0.60278,0.83984,0.62361,0.78359,0.60417,0.79375,0.60139,0.80547,0.61250,0.81563,0.62639,0.62743,0.71434,0.9997,0.75416,0.92989,0.9473,0.79977,0.69389,0.9961,0.78047,0.65139,0.78047,0.65139,70.75,0.9251,live,0.3450,0.5235,251.84,481.11
167743.329118,120.0,0.9984,4,2,0,0.81172,0.68750,0.78984,0.67917,0.78594,0.65972,0.80312,0.65694,0.82734,0.65556,0.81641,0.59028,0.83047,0.58472,0.84375,0.60972,0.85469,0.64444,0.84141,0.59722,0.86250,0.57361,0.87813,0.59722,0.89062,0.62917,0.85859,0.61528,0.88047,0.59861,0.89766,0.62083,0.90859,0.64722,0.86875,0.63889,0.88906,0.63194,0.90391,0.64306,0.91484,0.65972,0.62371,0.71513,0.9997,0.75360,0.91444,0.9440,0.81698,0.69000,0.9963,0.64336,0.72563,0.81172,0.68750,75.52,0.9940,live,0.3474,0.5271,251.84,477.75
167743.395350,120.0,0.1308,4,3,0,0.81094,0.68056,0.79531,0.67222,0.79375,0.65417,0.81484,0.65417,0.83750,0.65000,0.82188,0.57778,0.84531,0.58611,0.85703,0.61250,0.86797,0.64167,0.84609,0.58472,0.87344,0.57222,0.88906,0.59722,0.89922,0.62778,0.86328,0.60139,0.89062,0.59028,0.90703,0.61250,0.91797,0.64028,0.87344,0.62361,0.89766,0.62500,0.91016,0.64167,0.91797,0.66111,0.62054,0.71440,0.9997,0.75305,0.90236,0.9379,0.81791,0.68101,0.9963,0.67688,0.71662,0.81094,0.68056,80.34,0.9965,live,0.3796,0.5266,251.84,478.27
167743.465963,120.0,0.2721,4,3,0,0.80547,0.67083,0.78672,0.65833,0.78281,0.63333,0.80312,0.63056,0.82578,0.63333,0.80937,0.55972,0.83281,0.56806,0.84453,0.59861,0.85625,0.63056,0.83516,0.56250,0.86250,0.55694,0.87891,0.58889,0.89219,0.62639,0.85547,0.57639,0.88203,0.57222,0.89922,0.60139,0.91172,0.63333,0.86875,0.59583,0.89141,0.59861,0.90234,0.62222,0.91094,0.64444,0.62050,0.71582,0.9998,0.75383,0.89743,0.9351,0.81582,0.67143,0.9965,0.70259,0.70746,0.80547,0.67083,86.15,0.9982,live,0.3796,0.5161,249.23,482.90
167743.529855,120.0,0.3998,4,3,0,0.79609,0.63333,0.78906,0.63056,0.78594,0.61806,0.79141,0.60417,0.79766,0.59722,0.80937,0.53333,0.82656,0.50833,0.83906,0.51528,0.85313,0.53056,0.82891,0.53333,0.84531,0.51111,0.85938,0.52361,0.87187,0.54306,0.84375,0.54306,0.85781,0.52778,0.87109,0.53889,0.88203,0.55833,0.85234,0.55556,0.86484,0.54444,0.87422,0.55000,0.88047,0.56389,0.61598,0.71139,0.9998,0.75432,0.85969,0.9345,0.80445,0.61453,0.9967,0.72129,0.69264,0.79609,0.63333,76.46,0.9712,live,0.4048,0.5192,249.23,480.00
167743.596653,120.0,0.5334,4,3,0,0.79609,0.63333,0.78906,0.63056,0.78594,0.61806,0.79141,0.60417,0.79766,0.59722,0.80937,0.53333,0.82656,0.50833,0.83906,0.51528,0.85313,0.53056,0.82891,0.53333,0.84531,0.51111,0.85938,0.52361,0.87187,0.54306,0.84375,0.54306,0.85781,0.52778,0.87109,0.53889,0.88203,0.55833,0.85234,0.55556,0.86484,0.54444,0.87422,0.55000,0.88047,0.56389,0.61593,0.70872,0.9998,0.76763,0.83643,0.9352,0.78051,0.54393,0.9969,0.72129,0.69264,0.79609,0.63333,76.46,0.5827,hold,0.4048,0.5192,249.23,480.00
167743.664981,120.0,0.6701,4,3,0,0.71250,0.44167,0.68203,0.41389,0.66797,0.36667,0.67188,0.32500,0.67734,0.29583,0.68516,0.31389,0.67734,0.27917,0.66953,0.26250,0.66172,0.25278,0.70312,0.30417,0.70000,0.25694,0.69375,0.23194,0.68359,0.21806,0.72031,0.30556,0.72109,0.25556,0.71562,0.22917,0.70625,0.21667,0.73906,0.31806,0.74297,0.27361,0.73906,0.24861,0.73125,0.23194,0.61000,0.69945,0.9998,0.76490,0.77079,0.9367,0.72640,0.42860,0.9972,0.71954,0.64244,0.71250,0.44167,90.62,0.9462,live,0.4024,0.3803,185.44,487.65
167743.729967,120.0,0.8001,4,3,0,0.68828,0.38472,0.65781,0.34306,0.64141,0.29861,0.63984,0.25556,0.64219,0.22083,0.65625,0.26250,0.64687,0.22222,0.63828,0.19722,0.63125,0.17361,0.66953,0.25278,0.66484,0.20972,0.65938,0.18056,0.65469,0.15417,0.68359,0.25139,0.68125,0.20972,0.67578,0.17639,0.67031,0.14583,0.69922,0.25556,0.69766,0.21528,0.69375,0.19028,0.68828,0.16667,0.60889,0.68748,0.9998,0.74914,0.68774,0.9377,0.68316,0.34107,0.9974,0.71328,0.59090,0.68828,0.38472,86.09,0.9132,live,0.4002,0.4083,200.53,491.12
167743.796235,120.0,0.9326,4,3,0,0.66797,0.33611,0.63828,0.29444,0.62109,0.25694,0.61562,0.21667,0.61562,0.18056,0.63516,0.22361,0.62656,0.19028,0.61719,0.16667,0.60859,0.14306,0.64766,0.20972,0.63984,0.17083,0.63125,0.14306,0.62266,0.11806,0.66016,0.20417,0.65469,0.16389,0.64844,0.13611,0.64062,0.11389,0.67500,0.20556,0.67266,0.16667,0.66875,0.14444,0.66172,0.12500,0.60908,0.68757,0.9998,0.74107,0.64764,0.9394,0.66987,0.31269,0.9976,0.70422,0.53994,0.66797,0.33611,83.24,0.9231,live,0.4089,0.4483,220.62,492.11
167743.862161,120.0,0.0645,4,4,0,0.65391,0.29722,0.62578,0.26528,0.61016,0.23056,0.60547,0.19306,0.60391,0.15972,0.62656,0.20694,0.61797,0.17222,0.61094,0.15278,0.60313,0.13472,0.64062,0.19583,0.63359,0.15556,0.62500,0.13194,0.61562,0.11250,0.65469,0.18889,0.65000,0.14583,0.64219,0.12083,0.63203,0.10139,0.66875,0.18750,0.66641,0.15000,0.66094,0.12778,0.65156,0.11111,0.60686,0.68776,0.9998,0.72375,0.63162,0.9415,0.66204,0.30321,0.9978,0.69416,0.49140,0.65391,0.29722,71.45,0.8799,live,0.4257,0.5024,243.40,484.51
167743.928867,120.0,0.1979,4,4,0,0.64844,0.28056,0.62266,0.25556,0.60859,0.22778,0.60391,0.19306,0.60391,0.16389,0.62813,0.20278,0.61797,0.17083,0.61016,0.15278,0.60234,0.13611,0.64141,0.19167,0.63281,0.15556,0.62422,0.13472,0.61484,0.11667,0.65391,0.18472,0.64844,0.14722,0.64062,0.12500,0.63125,0.10972,0.66719,0.18333,0.66641,0.15000,0.65938,0.13056,0.65000,0.11528,0.60540,0.68757,0.9998,0.72093,0.63367,0.9409,0.66063,0.30721,0.9979,0.68501,0.44923,0.64844,0.28056,63.07,0.8955,live,0.4340,0.4719,222.61,471.78
167743.997662,120.0,0.3355,4,4,0,0.65078,0.29722,0.62187,0.27778,0.60781,0.24722,0.60547,0.21111,0.60469,0.18333,0.62734,0.22222,0.61953,0.18750,0.61250,0.16667,0.60547,0.15000,0.64297,0.20972,0.63516,0.17222,0.62734,0.14861,0.61797,0.12917,0.65625,0.20417,0.65234,0.16667,0.64453,0.14167,0.63516,0.12361,0.67031,0.20139,0.66953,0.16944,0.66328,0.15000,0.65391,0.13472,0.60342,0.68581,0.9998,0.72059,0.64802,0.9404,0.65850,0.31748,0.9980,0.67817,0.41883,0.65078,0.29722,63.99,0.7169,live,0.4398,0.4662,215.02,461.24
167744.064844,120.0,0.4698,4,4,0,0.64766,0.33472,0.62344,0.32222,0.60781,0.28611,0.60391,0.24861,0.60234,0.21806,0.62656,0.25417,0.61953,0.21667,0.61250,0.19583,0.60469,0.17917,0.64219,0.24306,0.63672,0.20139,0.62969,0.17778,0.62109,0.15972,0.65625,0.24167,0.65312,0.19861,0.64609,0.17500,0.63828,0.15833,0.67109,0.24583,0.67031,0.20833,0.66563,0.18750,0.65859,0.17361,0.60235,0.68228,0.9998,0.72142,0.68522,0.9392,0.65795,0.35129,0.9981,0.67207,0.40201,0.64766,0.33472,64.59,0.9129,live,0.4517,0.5057,228.78,452.39
167744.129560,120.0,0.5993,4,4,0,0.64844,0.45000,0.62266,0.42917,0.60625,0.38889,0.60000,0.35278,0.60000,0.32222,0.62422,0.33333,0.61797,0.28194,0.61250,0.26111,0.60781,0.26250,0.64062,0.32639,0.63672,0.26667,0.63125,0.25000,0.62656,0.26111,0.65703,0.33056,0.65547,0.27222,0.64922,0.25694,0.64453,0.26528,0.67422,0.34444,0.67500,0.29861,0.66953,0.27917,0.66250,0.28056,0.60059,0.68202,0.9998,0.72176,0.77472,0.9393,0.65636,0.42973,0.9982,0.66734,0.41161,0.64844,0.45000,81.61,0.9494,live,0.4572,0.4823,220.36,456.87
167744.194411,120.0,0.7290,4,4,0,0.65781,0.57917,0.63281,0.56944,0.61172,0.54028,0.60000,0.51667,0.60469,0.49167,0.62422,0.46389,0.61719,0.40972,0.61250,0.43056,0.61484,0.46111,0.64297,0.46111,0.64062,0.39583,0.63672,0.42639,0.63828,0.46111,0.66328,0.46667,0.66172,0.40833,0.65859,0.43889,0.65938,0.47222,0.68359,0.48194,0.68359,0.44306,0.68047,0.45972,0.68047,0.48194,0.60118,0.68349,0.9998,0.73422,0.85755,0.9390,0.65765,0.57492,0.9982,0.66543,0.44512,0.65781,0.57917,83.77,0.9966,live,0.4475,0.4033,186.45,462.35
167744.265447,120.0,0.8710,4,4,0,0.66563,0.68472,0.64141,0.67361,0.62031,0.64722,0.60703,0.62778,0.61016,0.60556,0.63750,0.57917,0.63047,0.53194,0.62109,0.54722,0.61797,0.57778,0.65781,0.57917,0.65781,0.52500,0.65000,0.54722,0.64609,0.58333,0.67656,0.58889,0.67969,0.54028,0.67266,0.56111,0.66875,0.59444,0.69531,0.60972,0.70156,0.57500,0.69531,0.58750,0.68906,0.61250,0.60596,0.68363,0.9998,0.74668,0.91272,0.9409,0.66939,0.68007,0.9983,0.66547,0.49304,0.66563,0.68472,76.00,0.9923,live,0.4251,0.3231,149.16,461.59
167744.328993,120.0,0.9981,4,4,0,0.66406,0.72778,0.64219,0.71667,0.62187,0.68472,0.61406,0.66528,0.62344,0.64722,0.64687,0.61944,0.64141,0.57778,0.62891,0.59306,0.62031,0.61944,0.66641,0.62639,0.66797,0.57222,0.65391,0.59861,0.64453,0.63333,0.68594,0.64444,0.68906,0.59167,0.67656,0.61389,0.66719,0.64306,0.70391,0.67083,0.71016,0.63194,0.70156,0.64444,0.69219,0.66806,0.60715,0.69004,0.9998,0.74630,0.94621,0.9424,0.67412,0.72496,0.9984,0.66519,0.53999,0.66406,0.72778,75.35,0.9946,live,0.4069,0.3242,149.29,460.45
167744.395144,120.0,0.1304,4,1,1,0.66328,0.75139,0.64219,0.73472,0.62422,0.70278,0.61484,0.68333,0.62656,0.66667,0.64844,0.63611,0.64766,0.59583,0.63594,0.60972,0.62734,0.63611,0.66953,0.64306,0.67500,0.59028,0.66094,0.61528,0.65078,0.64861,0.68750,0.66111,0.69609,0.61111,0.68281,0.63333,0.67188,0.66389,0.70469,0.68889,0.71562,0.65417,0.70469,0.66667,0.69297,0.68889,0.60829,0.69715,0.9998,0.74539,0.96356,0.9444,0.67630,0.76812,0.9984,0.66481,0.58227,0.66328,0.75139,78.62,0.9961,live,0.3880,0.3015,139.25,461.80
167744.466022,120.0,0.2722,4,1,1,0.66250,0.75278,0.63984,0.73472,0.62109,0.69722,0.61094,0.67639,0.62500,0.66806,0.64687,0.63611,0.64531,0.59306,0.63438,0.60694,0.62734,0.63750,0.66797,0.64444,0.67422,0.59167,0.66172,0.61389,0.65234,0.64861,0.68750,0.66250,0.69609,0.61389,0.68359,0.63611,0.67188,0.66806,0.70469,0.69167,0.71719,0.65833,0.70781,0.67083,0.69531,0.69306,0.60902,0.70143,0.9998,0.74524,0.95245,0.9445,0.67615,0.74563,0.9984,0.66435,0.61637,0.66250,0.75278,79.61,0.9953,live,0.3789,0.3377,156.59,463.70
167744.531073,120.0,0.4023,4,1,1,0.65547,0.75278,0.63281,0.73333,0.61328,0.69722,0.60156,0.67361,0.61641,0.66111,0.63906,0.63611,0.63828,0.59028,0.62656,0.60972,0.61953,0.64306,0.66094,0.64444,0.66641,0.59167,0.65312,0.61806,0.64375,0.65278,0.67969,0.66389,0.68750,0.61528,0.67422,0.64028,0.66406,0.67361,0.69688,0.69028,0.70781,0.65833,0.69844,0.66944,0.68672,0.69167,0.61485,0.70154,0.9998,0.74479,0.98020,0.9439,0.67548,0.77554,0.9984,0.66257,0.64365,0.65547,0.75278,79.52,0.9930,live,0.3789,0.3764,175.13,465.31
167744.598079,120.0,0.5363,4,1,1,0.63672,0.76111,0.61250,0.73333,0.59141,0.70278,0.58203,0.68194,0.59062,0.66944,0.61875,0.63056,0.61016,0.60278,0.59688,0.62222,0.58750,0.64583,0.63906,0.63889,0.63516,0.60278,0.61719,0.62639,0.60469,0.65556,0.65703,0.65833,0.65703,0.62639,0.64062,0.64861,0.62891,0.67361,0.67422,0.68750,0.67891,0.66250,0.66719,0.67222,0.65469,0.68611,0.61538,0.70043,0.9998,0.74445,0.96410,0.9461,0.65381,0.76905,0.9983,0.65740,0.66714,0.63672,0.76111,84.58,0.9883,live,0.3841,0.4078,191.82,470.37
167744.664261,120.0,0.6687,4,1,1,0.62578,0.76389,0.59688,0.74028,0.57578,0.72639,0.55937,0.71806,0.54375,0.71250,0.58828,0.63889,0.56563,0.63194,0.54844,0.64861,0.53594,0.66667,0.60313,0.64028,0.57891,0.62778,0.55859,0.64722,0.54375,0.66944,0.61797,0.65417,0.60313,0.64444,0.58437,0.66528,0.56875,0.68472,0.63203,0.67778,0.62344,0.68056,0.61016,0.69444,0.59844,0.70556,0.61388,0.70033,0.9998,0.74279,0.95782,0.9469,0.62999,0.76472,0.9982,0.65108,0.68649,0.62578,0.76389,80.18,0.9856,live,0.3938,0.4380,206.58,471.66
167744.732286,120.0,0.8047,4,1,1,0.57422,0.74583,0.53984,0.74306,0.51250,0.72917,0.49219,0.72361,0.47187,0.71528,0.52422,0.63889,0.49609,0.64167,0.48125,0.66250,0.47187,0.68472,0.53750,0.63611,0.50859,0.63750,0.49141,0.65833,0.48047,0.67778,0.55312,0.65000,0.52891,0.65139,0.51328,0.66528,0.50000,0.67778,0.56797,0.67639,0.55625,0.68333,0.54609,0.69167,0.53594,0.70000,0.60562,0.70028,0.9998,0.73894,0.95351,0.9462,0.58781,0.75928,0.9979,0.63571,0.69836,0.57422,0.74583,76.21,0.9937,live,0.3938,0.3964,186.27,469.93
167744.797841,120.0,0.9358,4,1,1,0.55234,0.73472,0.50859,0.73472,0.47734,0.72222,0.45469,0.71806,0.43516,0.71528,0.48594,0.63750,0.45859,0.64722,0.43828,0.66111,0.42188,0.67917,0.49688,0.63194,0.46563,0.64167,0.44375,0.65833,0.42734,0.67361,0.51016,0.64306,0.48203,0.64444,0.46016,0.65972,0.44297,0.67500,0.52422,0.66528,0.51016,0.66111,0.49922,0.66667,0.48750,0.67361,0.60535,0.67992,0.9999,0.71579,0.93793,0.9488,0.53810,0.73179,0.9980,0.61903,0.70563,0.55234,0.73472,81.80,0.9954,live,0.3855,0.3476,164.20,472.44
167744.862058,120.0,0.0643,4,2,0,0.52500,0.73194,0.48203,0.73056,0.45078,0.71389,0.42969,0.70833,0.41094,0.70833,0.45703,0.64444,0.43203,0.63611,0.41250,0.64861,0.39687,0.66806,0.46719,0.63472,0.43984,0.62083,0.41875,0.63472,0.40391,0.65417,0.48125,0.63750,0.45547,0.62361,0.43516,0.63611,0.41953,0.65139,0.49609,0.65417,0.47813,0.64722,0.46328,0.65556,0.45078,0.66667,0.60529,0.67993,0.9999,0.70777,0.93493,0.9518,0.52213,0.71616,0.9981,0.60023,0.71090,0.52500,0.73194,81.72,0.9990,live,0.3855,0.3744,177.70,474.58
167744.930060,120.0,0.2003,4,2,0,0.51406,0.71250,0.47813,0.71667,0.44766,0.70000,0.42812,0.69444,0.40937,0.69167,0.44922,0.61944,0.42188,0.61528,0.40391,0.63333,0.39062,0.65694,0.45937,0.60972,0.42812,0.60139,0.40781,0.62500,0.39453,0.65000,0.47266,0.61389,0.44375,0.60556,0.42422,0.62500,0.41094,0.64306,0.48750,0.63056,0.46875,0.62778,0.45391,0.63750,0.44141,0.64583,0.60195,0.68038,0.9999,0.69717,0.91555,0.9546,0.51137,0.70208,0.9982,0.58299,0.71122,0.51406,0.71250,81.57,0.9982,live,0.3690,0.2938,139.95,476.36
167744.996913,120.0,0.3340,4,2,0,0.52656,0.70833,0.49297,0.71250,0.46172,0.69722,0.44141,0.69028,0.42344,0.68194,0.46563,0.62778,0.43984,0.61667,0.42266,0.63056,0.41016,0.64861,0.47656,0.61944,0.44844,0.59583,0.42891,0.61667,0.41797,0.63889,0.49141,0.61944,0.46484,0.60000,0.44688,0.61806,0.43438,0.63611,0.50703,0.63194,0.49141,0.61667,0.47734,0.62361,0.46641,0.63194,0.59911,0.68212,0.9997,0.69752,0.91294,0.9550,0.52208,0.69540,0.9976,0.57171,0.71064,0.52656,0.70833,75.30,0.9972,live,0.3546,0.2890,136.84,473.42
167745.067571,120.0,0.4753,4,2,0,0.55781,0.71250,0.52500,0.71528,0.49297,0.69861,0.46875,0.68750,0.45078,0.67500,0.50000,0.62361,0.47656,0.61111,0.46328,0.62500,0.45703,0.64444,0.51250,0.61528,0.48672,0.59861,0.47109,0.61806,0.46328,0.64167,0.52969,0.62083,0.50703,0.60139,0.49062,0.61667,0.48125,0.63750,0.54844,0.63889,0.53750,0.62083,0.52422,0.62361,0.51250,0.63194,0.59296,0.69274,0.9997,0.70394,0.89753,0.9565,0.54333,0.69503,0.9978,0.56893,0.71101,0.55781,0.71250,76.51,0.9880,live,0.3401,0.2742,129.36,471.70
167745.131766,120.0,0.6037,4,2,0,0.61953,0.69306,0.59141,0.72083,0.55703,0.71944,0.53359,0.70694,0.52734,0.68750,0.56563,0.64028,0.53125,0.64167,0.53281,0.65972,0.54453,0.67083,0.57344,0.61806,0.53828,0.62361,0.54063,0.64861,0.55234,0.66111,0.57969,0.60694,0.54766,0.61528,0.55000,0.64028,0.56094,0.65417,0.58594,0.60556,0.55781,0.61250,0.55781,0.63194,0.56563,0.64306,0.59365,0.70108,0.9997,0.73143,0.89678,0.9562,0.60647,0.70872,0.9975,0.61953,0.69306,0.61953,0.69306,67.77,0.9718,live,0.3245,0.2535,117.61,463.89
167745.197016,120.0,0.7342,4,2,0,0.61953,0.69306,0.59141,0.72083,0.55703,0.71944,0.53359,0.70694,0.52734,0.68750,0.56563,0.64028,0.53125,0.64167,0.53281,0.65972,0.54453,0.67083,0.57344,0.61806,0.53828,0.62361,0.54063,0.64861,0.55234,0.66111,0.57969,0.60694,0.54766,0.61528,0.55000,0.64028,0.56094,0.65417,0.58594,0.60556,0.55781,0.61250,0.55781,0.63194,0.56563,0.64306,0.60701,0.70165,0.9998,0.74228,0.93218,0.9551,0.67982,0.71912,0.9975,0.61953,0.69306,0.61953,0.69306,67.77,0.5831,hold,0.3245,0.2535,117.61,463.89
167745.264768,120.0,0.8697,4,2,0,0.61953,0.69306,0.59141,0.72083,0.55703,0.71944,0.53359,0.70694,0.52734,0.68750,0.56563,0.64028,0.53125,0.64167,0.53281,0.65972,0.54453,0.67083,0.57344,0.61806,0.53828,0.62361,0.54063,0.64861,0.55234,0.66111,0.57969,0.60694,0.54766,0.61528,0.55000,0.64028,0.56094,0.65417,0.58594,0.60556,0.55781,0.61250,0.55781,0.63194,0.56563,0.64306,0.60661,0.70312,0.9998,0.74081,0.93393,0.9512,0.74744,0.74570,0.9976,0.61953,0.69306,0.61953,0.69306,67.77,0.5831,hold,0.3245,0.2535,117.61,463.89
167745.333791,120.0,0.0077,4,3,0,0.75781,0.65972,0.78516,0.68194,0.81641,0.68750,0.83906,0.68611,0.85781,0.68889,0.82266,0.63889,0.84297,0.64306,0.85625,0.66111,0.86406,0.68194,0.81016,0.62361,0.83203,0.62222,0.84453,0.64444,0.85156,0.66806,0.79531,0.61944,0.81406,0.62500,0.82109,0.65139,0.82422,0.67639,0.77812,0.62500,0.79297,0.64306,0.80000,0.66389,0.80312,0.68333,0.60698,0.70173,0.9998,0.74017,0.92912,0.9504,0.78360,0.73757,0.9976,0.64719,0.68639,0.75781,0.65972,62.54,0.9877,live,0.3286,0.2245,101.75,453.25
167745.398898,120.0,0.1379,4,3,0,0.78203,0.69861,0.76484,0.70000,0.76641,0.69306,0.78438,0.70139,0.80937,0.70972,0.79531,0.62778,0.81484,0.61667,0.82812,0.64167,0.83828,0.67500,0.81641,0.63611,0.84062,0.61389,0.85703,0.63472,0.86875,0.66389,0.83125,0.65694,0.85469,0.63472,0.87266,0.65278,0.88359,0.67778,0.84062,0.67917,0.85938,0.66667,0.87422,0.67222,0.88516,0.68611,0.60651,0.70150,0.9998,0.74000,0.91742,0.9497,0.79726,0.73572,0.9976,0.61527,0.70744,0.78203,0.69861,65.45,0.9900,live,0.3323,0.2282,101.75,445.98
167745.468287,120.0,0.2767,4,3,0,0.79141,0.69861,0.77031,0.69583,0.76719,0.68333,0.78594,0.69306,0.80781,0.69722,0.79453,0.60556,0.80859,0.61111,0.82266,0.63611,0.83516,0.67083,0.82031,0.60972,0.84375,0.59583,0.85938,0.62361,0.87109,0.65694,0.83906,0.62639,0.86172,0.61806,0.87813,0.64306,0.88906,0.67222,0.85000,0.65000,0.87031,0.65139,0.88203,0.66528,0.89141,0.68194,0.60640,0.70142,0.9998,0.73913,0.89926,0.9465,0.79956,0.72848,0.9975,0.65050,0.70567,0.79141,0.69861,75.42,0.9961,live,0.3357,0.2371,105.93,446.77
167745.530475,120.0,0.4011,4,3,0,0.77891,0.68611,0.76406,0.68472,0.75859,0.66667,0.76797,0.66111,0.77891,0.65833,0.78438,0.58472,0.80937,0.58889,0.82344,0.61111,0.83594,0.63194,0.80547,0.58472,0.82969,0.59306,0.84766,0.61667,0.86250,0.63750,0.82109,0.59861,0.84297,0.60417,0.85938,0.62361,0.87266,0.64583,0.82969,0.62083,0.85000,0.62500,0.86172,0.64028,0.87109,0.65417,0.60696,0.70155,0.9998,0.74161,0.89293,0.9478,0.78899,0.69437,0.9976,0.67618,0.70176,0.77891,0.68611,74.41,0.9947,live,0.3389,0.3099,138.42,446.73
167745.598180,120.0,0.5365,4,3,0,0.74687,0.63750,0.77031,0.60833,0.78750,0.57500,0.79766,0.56111,0.80156,0.56389,0.76406,0.53194,0.77344,0.52361,0.78672,0.54028,0.79922,0.55972,0.75000,0.54167,0.75703,0.52917,0.77031,0.54306,0.78047,0.56389,0.73594,0.55972,0.73906,0.54167,0.75000,0.55556,0.75859,0.57500,0.72188,0.58056,0.72188,0.56806,0.72969,0.57639,0.73594,0.58889,0.60609,0.70120,0.9998,0.75536,0.87654,0.9479,0.78581,0.66796,0.9976,0.69032,0.68891,0.74687,0.63750,66.15,0.7852,live,0.3417,0.3548,156.39,440.75
167745.661741,120.0,0.6636,4,3,0,0.71250,0.54722,0.68281,0.53333,0.66250,0.51667,0.65625,0.49306,0.66328,0.47639,0.67422,0.43611,0.65859,0.38472,0.66016,0.40139,0.66719,0.42778,0.70078,0.42778,0.68594,0.37361,0.68437,0.39306,0.68984,0.41944,0.72344,0.43056,0.71016,0.38333,0.70781,0.40278,0.71250,0.42639,0.74297,0.44028,0.73125,0.39722,0.72891,0.41111,0.73203,0.43472,0.60585,0.69816,0.9998,0.75969,0.82136,0.9507,0.73608,0.54116,0.9977,0.66025,0.65856,0.71250,0.54722,88.87,0.9818,live,0.3417,0.3539,159.90,451.85
167745.732958,120.0,0.8061,4,3,0,0.67812,0.43333,0.65078,0.42639,0.62969,0.40278,0.62109,0.37361,0.62109,0.34583,0.63828,0.32778,0.62656,0.28333,0.61797,0.25972,0.61016,0.24861,0.65703,0.31528,0.64844,0.26250,0.64141,0.23472,0.63438,0.22222,0.67500,0.31528,0.66953,0.26528,0.66328,0.24167,0.65547,0.23194,0.69297,0.32500,0.69297,0.28333,0.68828,0.26250,0.68203,0.25139,0.59976,0.68493,0.9998,0.75176,0.72646,0.9519,0.67725,0.43212,0.9979,0.68788,0.63779,0.67812,0.43333,82.76,0.9684,live,0.3444,0.2370,108.36,457.21
167745.797162,120.0,0.9345,4,3,0,0.66094,0.38056,0.63047,0.34167,0.61250,0.30139,0.60625,0.26111,0.60391,0.22778,0.62656,0.25694,0.61875,0.21806,0.61406,0.19444,0.61016,0.17222,0.64062,0.24861,0.63672,0.20556,0.63359,0.17917,0.62969,0.15694,0.65469,0.24722,0.65312,0.20556,0.64922,0.17500,0.64453,0.14861,0.67031,0.25278,0.66953,0.21111,0.66641,0.18750,0.66172,0.16528,0.59981,0.67891,0.9998,0.74229,0.67261,0.9537,0.65720,0.35530,0.9980,0.68249,0.58635,0.66094,0.38056,86.66,0.9174,live,0.3327,0.2791,129.73,464.74
167745.863195,120.0,0.0665,4,4,0,0.65000,0.33333,0.61953,0.28750,0.60469,0.24444,0.60078,0.20000,0.60234,0.16528,0.62187,0.20972,0.61406,0.16667,0.60859,0.13889,0.60313,0.11250,0.63516,0.20000,0.63125,0.15417,0.62500,0.12222,0.61875,0.09444,0.64844,0.19722,0.64609,0.15278,0.63984,0.12083,0.63203,0.09444,0.66250,0.20139,0.66250,0.15972,0.65703,0.13472,0.64922,0.11250,0.59929,0.67928,0.9998,0.72493,0.64787,0.9547,0.65201,0.31887,0.9981,0.67599,0.53574,0.65000,0.33333,85.64,0.9432,live,0.3327,0.3327,156.56,470.63
167745.930880,120.0,0.2019,4,4,0,0.64219,0.29861,0.61406,0.26111,0.60078,0.22222,0.59922,0.18056,0.60156,0.14861,0.62187,0.18750,0.61562,0.14861,0.60938,0.12639,0.60391,0.10417,0.63594,0.17917,0.63203,0.13333,0.62500,0.10556,0.61719,0.08333,0.64922,0.17778,0.64922,0.13056,0.64219,0.10417,0.63281,0.08472,0.66328,0.18194,0.66563,0.14306,0.65938,0.11944,0.64922,0.10139,0.59932,0.67983,0.9998,0.71839,0.63737,0.9544,0.65400,0.30171,0.9981,0.66923,0.48832,0.64219,0.29861,77.97,0.9584,live,0.3435,0.3928,184.71,470.29
167745.996220,120.0,0.3326,4,4,0,0.64141,0.30417,0.61562,0.26944,0.60391,0.23194,0.60313,0.19306,0.60547,0.16111,0.62344,0.19722,0.61797,0.16111,0.61172,0.13889,0.60625,0.11806,0.63828,0.19028,0.63438,0.14861,0.62656,0.12361,0.61797,0.10278,0.65156,0.19028,0.65078,0.14722,0.64375,0.12222,0.63438,0.10417,0.66641,0.19444,0.66719,0.15694,0.66172,0.13611,0.65234,0.12083,0.59654,0.67985,0.9998,0.71596,0.64296,0.9512,0.65381,0.31737,0.9981,0.66367,0.45149,0.64141,0.30417,75.68,0.9554,live,0.3615,0.4437,207.82,468.35
167746.064624,120.0,0.4694,4,4,0,0.64609,0.33333,0.62031,0.30694,0.60781,0.26667,0.60859,0.22639,0.61094,0.19583,0.62813,0.23194,0.62344,0.19167,0.61719,0.17083,0.61016,0.15278,0.64375,0.22639,0.63984,0.18194,0.63281,0.15694,0.62422,0.13750,0.65703,0.22778,0.65547,0.18194,0.64922,0.15833,0.63984,0.14306,0.67031,0.23611,0.67266,0.19583,0.66875,0.17500,0.66016,0.16111,0.59528,0.67219,0.9998,0.71682,0.65938,0.9494,0.65311,0.33924,0.9981,0.66015,0.42786,0.64609,0.33333,71.06,0.8545,live,0.3766,0.4455,206.42,463.31
167746.133330,120.0,0.6068,4,4,0,0.64922,0.38333,0.62344,0.36250,0.61250,0.31944,0.61328,0.27917,0.61719,0.24444,0.63047,0.27778,0.62813,0.23472,0.62187,0.21528,0.61484,0.20556,0.64687,0.27500,0.64609,0.22500,0.64062,0.20556,0.63203,0.20000,0.66094,0.28194,0.66250,0.23056,0.65625,0.20972,0.64766,0.20972,0.67734,0.29583,0.67969,0.25278,0.67500,0.23056,0.66641,0.22500,0.59430,0.67221,0.9998,0.71724,0.74635,0.9512,0.65142,0.37968,0.9982,0.65797,0.41895,0.64922,0.38333,72.93,0.8927,live,0.3866,0.4318,198.73,460.22
167746.196632,120.0,0.7334,4,4,0,0.64844,0.50972,0.62578,0.48472,0.61250,0.44167,0.61094,0.40694,0.61953,0.37778,0.63359,0.37222,0.63281,0.30972,0.62578,0.30000,0.62187,0.31806,0.65234,0.37361,0.65547,0.30556,0.64687,0.30556,0.64062,0.33333,0.66953,0.38750,0.67500,0.32639,0.66484,0.32500,0.65781,0.34861,0.68594,0.41250,0.69297,0.36806,0.68594,0.35694,0.67812,0.36806,0.59432,0.67499,0.9998,0.72067,0.82943,0.9511,0.65296,0.49762,0.9983,0.65606,0.43711,0.64844,0.50972,89.20,0.9865,live,0.3934,0.4246,199.25,469.22
167746.264494,120.0,0.8691,4,4,0,0.64844,0.50972,0.62578,0.48472,0.61250,0.44167,0.61094,0.40694,0.61953,0.37778,0.63359,0.37222,0.63281,0.30972,0.62578,0.30000,0.62187,0.31806,0.65234,0.37361,0.65547,0.30556,0.64687,0.30556,0.64062,0.33333,0.66953,0.38750,0.67500,0.32639,0.66484,0.32500,0.65781,0.34861,0.68594,0.41250,0.69297,0.36806,0.68594,0.35694,0.67812,0.36806,0.60461,0.68218,0.9998,0.73666,0.91485,0.9510,0.66683,0.65453,0.9984,0.65606,0.43711,0.64844,0.50972,89.20,0.5919,hold,0.3934,0.4246,199.25,469.22
167746.331733,120.0,0.0036,4,1,1,0.66875,0.68611,0.65469,0.67917,0.64062,0.66528,0.62891,0.68194,0.62656,0.70833,0.65625,0.62778,0.64844,0.62500,0.64062,0.65278,0.63281,0.68056,0.67578,0.64167,0.67891,0.63333,0.67109,0.66806,0.66094,0.70000,0.69141,0.66111,0.70000,0.66250,0.69531,0.69583,0.68672,0.71944,0.70156,0.68333,0.71328,0.69722,0.71406,0.72361,0.71094,0.74306,0.60809,0.68976,0.9998,0.74011,0.94754,0.9525,0.67796,0.76442,0.9984,0.65860,0.48691,0.66875,0.68611,47.67,0.9826,live,0.3881,0.3639,162.74,447.24
167746.397024,120.0,0.1342,4,1,1,0.66172,0.75556,0.64297,0.75417,0.62422,0.72778,0.61797,0.73056,0.63203,0.74167,0.65156,0.69028,0.65156,0.65972,0.64141,0.69306,0.63359,0.72639,0.67500,0.70278,0.68125,0.67361,0.66953,0.71528,0.65703,0.75278,0.69219,0.72361,0.70547,0.70139,0.69609,0.73889,0.68516,0.76944,0.70469,0.74583,0.71875,0.74306,0.71797,0.76944,0.71484,0.79028,0.61222,0.69030,0.9998,0.74218,0.96526,0.9513,0.68818,0.83431,0.9980,0.65922,0.54064,0.66172,0.75556,56.18,0.9972,live,0.3702,0.2884,125.18,434.02
167746.463581,120.0,0.2673,4,1,1,0.66953,0.79028,0.64844,0.78194,0.62656,0.74583,0.61484,0.73611,0.63125,0.74444,0.65312,0.70278,0.65156,0.67222,0.64141,0.70556,0.63203,0.74444,0.67812,0.71806,0.68281,0.68194,0.67031,0.72361,0.65781,0.76389,0.69844,0.74028,0.70625,0.70972,0.69688,0.74722,0.68594,0.78056,0.71406,0.76806,0.72344,0.75556,0.72109,0.78333,0.71484,0.80833,0.61332,0.69381,0.9998,0.74267,0.97835,0.9520,0.69618,0.85439,0.9979,0.66128,0.59056,0.66953,0.79028,67.46,0.9957,live,0.3557,0.2897,124.71,430.51
167746.529945,120.0,0.4000,4,1,1,0.66328,0.79306,0.63906,0.78472,0.61875,0.73472,0.60547,0.72639,0.62266,0.73750,0.64531,0.69722,0.64531,0.66944,0.63750,0.70694,0.62969,0.75139,0.67344,0.71250,0.67969,0.67500,0.66797,0.71389,0.65469,0.75694,0.69453,0.73333,0.70391,0.69861,0.69297,0.73889,0.67891,0.77500,0.71016,0.75833,0.72031,0.74583,0.71562,0.77361,0.70625,0.79861,0.61370,0.69456,0.9998,0.74287,0.97785,0.9519,0.69821,0.84281,0.9977,0.66168,0.63106,0.66328,0.79306,72.78,0.9936,live,0.3557,0.3563,153.65,431.25
167746.597168,120.0,0.5345,4,1,1,0.64844,0.78472,0.62500,0.77361,0.60391,0.73472,0.59062,0.72917,0.60234,0.73333,0.62969,0.68611,0.62656,0.66250,0.61484,0.69861,0.60703,0.73750,0.65547,0.69861,0.66016,0.66806,0.64297,0.71389,0.62969,0.75556,0.67578,0.72083,0.68203,0.69444,0.66641,0.73472,0.65312,0.76667,0.68984,0.75000,0.69844,0.74167,0.69063,0.76806,0.68203,0.79028,0.61379,0.69475,0.9998,0.74310,0.96881,0.9523,0.68339,0.81647,0.9976,0.65903,0.66179,0.64844,0.78472,71.47,0.9942,live,0.3647,0.4061,175.00,430.96
167746.661856,120.0,0.6638,4,1,1,0.64062,0.80000,0.61016,0.77361,0.58672,0.75556,0.56797,0.75000,0.55312,0.74444,0.61250,0.67083,0.58828,0.66667,0.56875,0.68889,0.55469,0.71389,0.63281,0.68472,0.61016,0.67917,0.58359,0.70556,0.56328,0.73333,0.64922,0.71389,0.63359,0.70556,0.60938,0.72778,0.59062,0.75278,0.66094,0.75000,0.65391,0.74722,0.64297,0.75972,0.63203,0.77083,0.61124,0.69678,0.9998,0.74547,0.96373,0.9537,0.64768,0.80048,0.9975,0.65535,0.68944,0.64062,0.80000,77.99,0.9883,live,0.3797,0.4477,194.92,435.39
167746.729477,120.0,0.7991,4,1,1,0.62344,0.79861,0.59219,0.76528,0.57031,0.73472,0.55469,0.71250,0.53984,0.70139,0.57734,0.67361,0.54844,0.66250,0.52422,0.66111,0.50703,0.66806,0.58750,0.67917,0.55312,0.66667,0.52422,0.67639,0.50469,0.69028,0.59688,0.70000,0.56563,0.70139,0.53828,0.72083,0.52187,0.73750,0.60391,0.73194,0.58203,0.74444,0.56172,0.75833,0.54688,0.77222,0.60937,0.69901,0.9998,0.74664,0.94091,0.9570,0.60883,0.78733,0.9975,0.64897,0.71127,0.62344,0.79861,78.33,0.9919,live,0.3978,0.4803,211.10,439.54
167746.798198,120.0,0.9365,4,1,1,0.58984,0.77778,0.54219,0.75833,0.51797,0.74028,0.50078,0.72639,0.48438,0.71944,0.52578,0.66667,0.49922,0.66250,0.47578,0.66111,0.45781,0.66389,0.53438,0.66667,0.50234,0.65972,0.47813,0.66528,0.46016,0.67083,0.54375,0.68194,0.51406,0.67917,0.48828,0.69167,0.47031,0.70694,0.55312,0.71250,0.53047,0.71250,0.51172,0.72222,0.49688,0.73611,0.60298,0.68789,0.9998,0.73471,0.91532,0.9573,0.56433,0.77496,0.9973,0.63714,0.72457,0.58984,0.77778,84.02,0.9925,live,0.3978,0.3890,173.98,447.29
167746.863852,120.0,0.0678,4,2,0,0.55391,0.75972,0.49922,0.74861,0.46953,0.72917,0.44922,0.71806,0.43203,0.71528,0.48828,0.64583,0.45703,0.65417,0.43359,0.65833,0.41250,0.66389,0.49766,0.64861,0.45937,0.65278,0.43281,0.65972,0.41250,0.66667,0.50703,0.66528,0.47109,0.66528,0.44453,0.67500,0.42500,0.68472,0.51406,0.69583,0.48906,0.69444,0.47187,0.70278,0.45937,0.71250,0.60306,0.68154,0.9999,0.72025,0.90815,0.9596,0.53523,0.74474,0.9974,0.62050,0.73160,0.55391,0.75972,85.63,0.9961,live,0.3978,0.4039,183.90,455.27
167746.932989,120.0,0.2061,4,2,0,0.53828,0.72778,0.48516,0.72222,0.45469,0.70417,0.43281,0.69583,0.41406,0.69306,0.46719,0.62083,0.43359,0.63194,0.41016,0.64722,0.39375,0.66250,0.47734,0.62361,0.43438,0.62778,0.40859,0.64722,0.39297,0.66389,0.48750,0.64167,0.44922,0.63750,0.42266,0.65833,0.40625,0.67778,0.49531,0.67361,0.46641,0.66806,0.44766,0.68056,0.43594,0.69583,0.60312,0.67737,0.9999,0.70902,0.90876,0.9611,0.51736,0.72361,0.9974,0.60405,0.73084,0.53828,0.72778,86.80,0.9970,live,0.3868,0.3369,156.03,463.13
167746.997160,120.0,0.3345,4,2,0,0.53750,0.70972,0.48984,0.71389,0.45703,0.69444,0.43359,0.68750,0.41406,0.68333,0.47344,0.60833,0.43672,0.61250,0.41484,0.63194,0.40078,0.65278,0.48438,0.61111,0.43828,0.61389,0.41406,0.64028,0.40000,0.66111,0.49375,0.62917,0.45156,0.62639,0.42734,0.65139,0.41172,0.67222,0.50000,0.65972,0.46953,0.65556,0.45000,0.66944,0.43672,0.68472,0.60338,0.67362,0.9999,0.70709,0.90592,0.9630,0.52072,0.71443,0.9975,0.59074,0.72661,0.53750,0.70972,79.59,0.9958,live,0.3699,0.2930,136.22,464.86
167747.065040,120.0,0.4702,4,2,0,0.56094,0.71944,0.51328,0.71528,0.48125,0.70000,0.45625,0.69444,0.43516,0.68472,0.50234,0.61389,0.46641,0.61250,0.44609,0.63056,0.43203,0.65000,0.51406,0.61528,0.47344,0.61806,0.45000,0.64167,0.43516,0.66250,0.52578,0.63333,0.48750,0.63472,0.46484,0.65417,0.44844,0.67083,0.53438,0.66667,0.51094,0.66528,0.49375,0.67361,0.47969,0.68056,0.60469,0.67550,0.9999,0.71599,0.90605,0.9652,0.53271,0.70864,0.9977,0.58478,0.72518,0.56094,0.71944,77.43,0.9953,live,0.3507,0.2629,122.19,464.83
167747.127838,120.0,0.5958,4,2,0,0.58906,0.73056,0.55469,0.73056,0.52422,0.71806,0.50078,0.70972,0.48047,0.69722,0.53438,0.63611,0.50469,0.63333,0.49375,0.65833,0.49062,0.67778,0.54844,0.64028,0.51797,0.64028,0.50547,0.66389,0.50234,0.68333,0.56250,0.65556,0.53750,0.66250,0.52891,0.68611,0.52578,0.70278,0.57500,0.68056,0.56016,0.68889,0.55469,0.70556,0.55156,0.71806,0.60834,0.70378,0.9999,0.74025,0.90462,0.9650,0.57150,0.70952,0.9975,0.58564,0.72626,0.58906,0.73056,70.53,0.9192,live,0.3354,0.2657,122.19,459.83
167747.200588,120.0,0.7413,4,2,0,0.58906,0.73056,0.55469,0.73056,0.52422,0.71806,0.50078,0.70972,0.48047,0.69722,0.53438,0.63611,0.50469,0.63333,0.49375,0.65833,0.49062,0.67778,0.54844,0.64028,0.51797,0.64028,0.50547,0.66389,0.50234,0.68333,0.56250,0.65556,0.53750,0.66250,0.52891,0.68611,0.52578,0.70278,0.57500,0.68056,0.56016,0.68889,0.55469,0.70556,0.55156,0.71806,0.60778,0.70144,0.9999,0.74770,0.88597,0.9615,0.66527,0.77924,0.9954,0.58564,0.72626,0.58906,0.73056,70.53,0.5515,hold,0.3354,0.2657,122.19,459.83
167747.265487,120.0,0.8711,4,2,0,0.58906,0.73056,0.55469,0.73056,0.52422,0.71806,0.50078,0.70972,0.48047,0.69722,0.53438,0.63611,0.50469,0.63333,0.49375,0.65833,0.49062,0.67778,0.54844,0.64028,0.51797,0.64028,0.50547,0.66389,0.50234,0.68333,0.56250,0.65556,0.53750,0.66250,0.52891,0.68611,0.52578,0.70278,0.57500,0.68056,0.56016,0.68889,0.55469,0.70556,0.55156,0.71806,0.60966,0.71660,0.9999,0.76144,0.94578,0.9585,0.72973,0.82088,0.9954,0.58564,0.72626,0.58906,0.73056,70.53,0.5515,hold,0.3354,0.2657,122.19,459.83
167747.335202,120.0,0.0105,4,3,0,0.77187,0.68750,0.74844,0.69722,0.74219,0.70694,0.75234,0.71667,0.77266,0.72778,0.77187,0.67083,0.78672,0.66389,0.79219,0.68472,0.79531,0.70417,0.79219,0.68056,0.81875,0.67222,0.82734,0.69444,0.83125,0.71528,0.80859,0.69583,0.83203,0.69167,0.84062,0.71111,0.84531,0.72917,0.82031,0.71667,0.83906,0.71667,0.84688,0.72917,0.85156,0.74306,0.61103,0.71511,0.9999,0.75754,0.93021,0.9544,0.78619,0.81555,0.9954,0.62289,0.71850,0.77187,0.68750,43.54,0.8884,live,0.3385,0.1552,67.68,436.00
167747.399752,120.0,0.1396,4,3,0,0.76719,0.72083,0.75391,0.71250,0.75781,0.70278,0.77969,0.70139,0.80625,0.70139,0.79531,0.63889,0.81875,0.63611,0.83203,0.66250,0.83984,0.69722,0.81641,0.65417,0.84219,0.64444,0.85469,0.67500,0.86172,0.70833,0.82812,0.67639,0.85391,0.66528,0.86719,0.69167,0.87500,0.71944,0.83516,0.70139,0.85547,0.69306,0.86719,0.70694,0.87578,0.72361,0.61027,0.71420,0.9999,0.75231,0.91828,0.9481,0.79693,0.80334,0.9955,0.65175,0.71897,0.76719,0.72083,76.11,0.9737,live,0.3415,0.1967,86.23,438.48
167747.467188,120.0,0.2745,4,3,0,0.78047,0.71667,0.76172,0.69722,0.76016,0.67083,0.78047,0.67222,0.80547,0.67639,0.79375,0.60556,0.81250,0.60972,0.82656,0.64028,0.83750,0.67500,0.81719,0.61389,0.84297,0.60833,0.85703,0.64722,0.86484,0.68750,0.83359,0.63194,0.85703,0.62361,0.87109,0.66111,0.87813,0.69722,0.84297,0.65694,0.86328,0.65694,0.87500,0.67778,0.88281,0.69861,0.60902,0.71373,0.9999,0.74703,0.89857,0.9491,0.79698,0.71660,0.9957,0.67749,0.71851,0.78047,0.71667,83.33,0.9924,live,0.3441,0.2669,119.00,445.87
167747.530326,120.0,0.4008,4,3,0,0.76172,0.69167,0.74609,0.67222,0.74609,0.64444,0.76562,0.64028,0.78594,0.64028,0.77656,0.57361,0.79922,0.58611,0.80937,0.61667,0.81797,0.64444,0.79766,0.57917,0.82578,0.58333,0.83984,0.61389,0.85000,0.64583,0.81406,0.59583,0.84062,0.60139,0.85391,0.63056,0.86250,0.65833,0.82422,0.61944,0.84766,0.62639,0.85781,0.64861,0.86406,0.67083,0.60991,0.71197,0.9999,0.75536,0.90046,0.9494,0.79392,0.67879,0.9959,0.69434,0.71314,0.76172,0.69167,86.25,0.9967,live,0.3380,0.3098,140.81,454.47
167747.600550,120.0,0.5412,4,3,0,0.74297,0.63611,0.76172,0.61528,0.78203,0.59167,0.80000,0.59028,0.81094,0.59861,0.75703,0.54583,0.77734,0.55000,0.79766,0.57778,0.81094,0.60000,0.73906,0.55278,0.75000,0.53611,0.76875,0.56111,0.78125,0.58472,0.72109,0.57083,0.72500,0.54167,0.74219,0.55417,0.75391,0.56944,0.70625,0.59861,0.71016,0.58750,0.72578,0.59028,0.73828,0.59722,0.60984,0.70608,0.9999,0.75810,0.89899,0.9503,0.78770,0.66903,0.9961,0.74297,0.63611,0.74297,0.63611,64.29,0.9551,live,0.3409,0.4765,212.63,446.22
167747.661957,120.0,0.6641,4,3,0,0.70156,0.59444,0.67578,0.56806,0.65547,0.53056,0.65078,0.50694,0.65938,0.49306,0.67734,0.45833,0.66641,0.44583,0.67656,0.47639,0.69063,0.48889,0.69844,0.46389,0.68906,0.44722,0.69688,0.47917,0.70547,0.49444,0.71641,0.48056,0.70781,0.46111,0.71250,0.48889,0.71797,0.50278,0.73359,0.50278,0.72969,0.48611,0.73047,0.50000,0.73281,0.50972,0.60823,0.70148,0.9999,0.75741,0.87188,0.9499,0.72649,0.60207,0.9964,0.69578,0.68940,0.70156,0.59444,88.34,0.9800,live,0.3634,0.4660,212.63,456.28
167747.728326,120.0,0.7968,4,3,0,0.65547,0.49583,0.62969,0.47917,0.61094,0.44861,0.59922,0.42361,0.59297,0.40000,0.62422,0.38472,0.61172,0.33472,0.60234,0.32639,0.59609,0.33333,0.63906,0.38194,0.62813,0.32361,0.61953,0.32083,0.61406,0.33194,0.65391,0.39028,0.64766,0.33472,0.63828,0.33472,0.63203,0.34722,0.67031,0.40694,0.66719,0.36667,0.65859,0.34861,0.65000,0.34028,0.59966,0.69798,0.9999,0.74133,0.80740,0.9498,0.66951,0.49475,0.9967,0.68772,0.65069,0.65547,0.49583,75.50,0.9842,live,0.3634,0.3617,164.88,455.88
167747.795877,120.0,0.9319,4,3,0,0.62734,0.39722,0.60000,0.38194,0.58125,0.34583,0.56953,0.31389,0.56016,0.28611,0.59922,0.28889,0.58672,0.24167,0.57344,0.22083,0.56172,0.21111,0.61094,0.28194,0.59844,0.22917,0.58437,0.20694,0.57031,0.20000,0.62344,0.28333,0.61719,0.22778,0.60391,0.20972,0.59062,0.20556,0.63750,0.29444,0.63516,0.25139,0.62578,0.23056,0.61328,0.22361,0.59528,0.68703,0.9999,0.72865,0.70670,0.9500,0.63657,0.38947,0.9969,0.67564,0.59999,0.62734,0.39722,73.95,0.9175,live,0.3634,0.3872,175.97,454.42
167747.861837,120.0,0.0638,4,4,0,0.61797,0.35694,0.59062,0.31806,0.57500,0.27500,0.56641,0.23889,0.55781,0.20833,0.59609,0.22778,0.58437,0.19028,0.57266,0.16944,0.56094,0.15139,0.60703,0.22222,0.59922,0.17778,0.58672,0.15000,0.57422,0.13333,0.61719,0.22222,0.61641,0.17639,0.60391,0.15000,0.59141,0.13750,0.62734,0.23056,0.62656,0.18750,0.61719,0.16389,0.60625,0.15139,0.59298,0.68588,0.9999,0.71389,0.65698,0.9500,0.62592,0.32697,0.9971,0.66411,0.55138,0.61797,0.35694,81.74,0.9768,live,0.3747,0.4260,195.41,458.74
167747.932468,120.0,0.2051,4,4,0,0.61953,0.33056,0.59219,0.28889,0.57734,0.24444,0.57031,0.20556,0.56250,0.17361,0.59609,0.20556,0.58672,0.16944,0.57734,0.14583,0.56875,0.12361,0.60703,0.19722,0.60234,0.15694,0.59375,0.12917,0.58516,0.10972,0.61797,0.19583,0.61641,0.15417,0.60703,0.12778,0.59609,0.10972,0.62891,0.20139,0.62813,0.16111,0.62031,0.13889,0.61016,0.12361,0.59003,0.68454,0.9998,0.70993,0.62560,0.9507,0.62565,0.29622,0.9973,0.65519,0.50722,0.61953,0.33056,82.02,0.9776,live,0.3915,0.4678,216.50,462.75
167748.001086,120.0,0.3423,4,4,0,0.61797,0.30278,0.59375,0.27639,0.57969,0.23750,0.57344,0.20139,0.56875,0.16944,0.59844,0.19167,0.58906,0.15694,0.57891,0.13889,0.56875,0.12222,0.61016,0.18056,0.60469,0.13472,0.59219,0.11250,0.58047,0.09861,0.62187,0.17917,0.61875,0.12917,0.60703,0.10694,0.59375,0.09861,0.63438,0.18333,0.63516,0.14167,0.62578,0.12222,0.61328,0.11528,0.58978,0.68457,0.9998,0.70697,0.61959,0.9504,0.63172,0.30258,0.9975,0.64775,0.46633,0.61797,0.30278,76.82,0.9676,live,0.4061,0.4728,218.68,462.53
167748.068066,120.0,0.4763,4,4,0,0.62031,0.32361,0.59609,0.30000,0.58203,0.26250,0.57578,0.22500,0.57109,0.19306,0.60234,0.21944,0.59297,0.18056,0.58281,0.16111,0.57266,0.14861,0.61484,0.20972,0.60781,0.16111,0.59766,0.13750,0.58594,0.12361,0.62734,0.20694,0.62422,0.15694,0.61406,0.13333,0.60234,0.12222,0.64062,0.21111,0.64062,0.16944,0.63281,0.14861,0.62187,0.14028,0.58767,0.68292,0.9998,0.70869,0.64168,0.9481,0.63380,0.32346,0.9976,0.64226,0.43779,0.62031,0.32361,73.80,0.9525,live,0.4255,0.5139,236.48,460.16
167748.134290,120.0,0.6087,4,4,0,0.62109,0.37083,0.59766,0.35833,0.58281,0.32083,0.57734,0.28333,0.57500,0.24861,0.60391,0.26944,0.59531,0.22361,0.58516,0.20833,0.57422,0.20556,0.61719,0.26111,0.61250,0.20417,0.60234,0.18333,0.59062,0.18056,0.63047,0.26250,0.62969,0.20694,0.61797,0.18472,0.60625,0.18056,0.64453,0.27083,0.64531,0.22639,0.63672,0.20694,0.62578,0.20278,0.58708,0.67842,0.9998,0.70973,0.68515,0.9463,0.63287,0.35051,0.9977,0.63803,0.42440,0.62109,0.37083,71.35,0.9268,live,0.4410,0.5114,233.34,456.32
167748.197061,120.0,0.7343,4,4,0,0.62656,0.51250,0.60234,0.49444,0.58437,0.45417,0.57344,0.41944,0.57188,0.38472,0.60078,0.38750,0.59688,0.32500,0.58906,0.31389,0.58281,0.32917,0.61797,0.38472,0.61562,0.31806,0.60703,0.31806,0.60234,0.34167,0.63516,0.39028,0.63516,0.32778,0.62578,0.33472,0.62109,0.35972,0.65312,0.40278,0.65156,0.35833,0.64375,0.35694,0.63984,0.37361,0.58747,0.67977,0.9998,0.71932,0.80409,0.9474,0.63281,0.48819,0.9979,0.63573,0.44202,0.62656,0.51250,85.60,0.9858,live,0.4529,0.5074,235.05,463.19
167748.263346,120.0,0.8668,4,4,0,0.62500,0.62778,0.62734,0.62083,0.62422,0.61250,0.61484,0.61944,0.60469,0.62222,0.62266,0.52778,0.61250,0.54306,0.60859,0.58056,0.60938,0.61111,0.61172,0.52500,0.60156,0.54167,0.60156,0.57917,0.60391,0.61250,0.60078,0.53472,0.58984,0.55000,0.59141,0.58194,0.59453,0.61111,0.59141,0.55139,0.58281,0.56806,0.58281,0.59444,0.58516,0.61389,0.59825,0.67909,0.9998,0.74273,0.87225,0.9493,0.63472,0.64649,0.9979,0.71937,0.63444,0.62500,0.62778,65.32,0.7531,live,0.4529,0.4288,194.96,454.64
167748.332873,120.0,0.0059,4,1,1,0.63281,0.73750,0.61484,0.72778,0.59844,0.71111,0.58672,0.70139,0.58281,0.69306,0.62500,0.64722,0.61172,0.63194,0.59766,0.65417,0.58906,0.67917,0.64375,0.65972,0.63672,0.63611,0.61953,0.65833,0.60625,0.68056,0.65859,0.68472,0.65938,0.66806,0.64375,0.68889,0.62891,0.70833,0.66875,0.71806,0.67422,0.71667,0.66641,0.73333,0.65703,0.74722,0.60360,0.67752,0.9998,0.74757,0.92026,0.9509,0.65007,0.78162,0.9978,0.63515,0.50111,0.63281,0.73750,61.83,0.9968,live,0.4466,0.4177,185.73,444.60
167748.397840,120.0,0.1358,4,1,1,0.64141,0.78194,0.62031,0.76528,0.60078,0.73611,0.58672,0.71944,0.59297,0.70556,0.63516,0.67500,0.62578,0.65972,0.60938,0.67778,0.59609,0.69861,0.65469,0.69306,0.65000,0.67500,0.62891,0.70278,0.61406,0.72778,0.66953,0.72083,0.66875,0.70556,0.64766,0.73056,0.63125,0.75139,0.67969,0.75556,0.68203,0.75000,0.66875,0.76806,0.65625,0.78333,0.60640,0.68081,0.9999,0.74613,0.94313,0.9500,0.66462,0.82381,0.9976,0.63640,0.55728,0.64141,0.78194,69.38,0.9912,live,0.4420,0.4210,185.73,441.20
167748.463407,120.0,0.2670,4,1,1,0.64297,0.78889,0.62031,0.77361,0.60156,0.73889,0.58672,0.72500,0.59453,0.71250,0.63516,0.67917,0.62734,0.66944,0.61094,0.69444,0.59766,0.71944,0.65625,0.69861,0.65156,0.68611,0.63125,0.71806,0.61562,0.74583,0.67266,0.72500,0.67188,0.71667,0.65234,0.74444,0.63438,0.76944,0.68281,0.75833,0.68594,0.76111,0.67188,0.78194,0.65703,0.79861,0.60756,0.68193,0.9999,0.74574,0.93838,0.9500,0.66782,0.82775,0.9975,0.63771,0.60360,0.64297,0.78889,71.46,0.9946,live,0.4420,0.4224,185.73,439.71
167748.532698,120.0,0.4055,4,1,1,0.64141,0.78472,0.61641,0.77083,0.59766,0.73750,0.58437,0.72500,0.59062,0.70972,0.63047,0.68194,0.62031,0.66806,0.60391,0.69583,0.59141,0.72361,0.65234,0.70000,0.64922,0.68056,0.62891,0.71667,0.61328,0.74722,0.66875,0.72639,0.66875,0.71250,0.64922,0.74306,0.63203,0.76806,0.67969,0.75833,0.68281,0.75833,0.66953,0.78056,0.65469,0.79583,0.60795,0.68698,0.9999,0.74764,0.95295,0.9516,0.66720,0.82259,0.9974,0.63845,0.63983,0.64141,0.78472,68.52,0.9932,live,0.4420,0.4330,188.90,436.28
167748.597026,120.0,0.5342,4,1,1,0.62656,0.78750,0.60156,0.76250,0.58281,0.73611,0.57031,0.72222,0.55937,0.71111,0.61172,0.66250,0.59609,0.64444,0.57969,0.66528,0.56797,0.68611,0.63203,0.67500,0.61797,0.66111,0.59609,0.68889,0.58047,0.71111,0.64687,0.70139,0.63984,0.69583,0.61953,0.72083,0.60391,0.74028,0.65781,0.73472,0.65312,0.73889,0.63984,0.75417,0.62891,0.76389,0.60776,0.68988,0.9999,0.74668,0.95081,0.9530,0.64348,0.79713,0.9973,0.63608,0.66936,0.62656,0.78750,76.78,0.9934,live,0.4471,0.4707,206.71,439.20
167748.665579,120.0,0.6713,4,1,1,0.61719,0.78889,0.58594,0.75000,0.56641,0.72222,0.55391,0.70139,0.54219,0.68472,0.58437,0.65972,0.55859,0.64028,0.53828,0.64444,0.52422,0.65556,0.59531,0.67083,0.56406,0.65556,0.53984,0.66667,0.52344,0.68194,0.60313,0.69306,0.57109,0.69306,0.54688,0.70417,0.53125,0.71389,0.60625,0.72500,0.57656,0.73611,0.55391,0.74028,0.53828,0.74444,0.60839,0.68986,0.9999,0.74632,0.94384,0.9553,0.61098,0.78346,0.9973,0.63230,0.69327,0.61719,0.78889,73.58,0.9872,live,0.4581,0.5083,223.38,439.48
167748.731392,120.0,0.8029,4,1,1,0.59219,0.77361,0.55234,0.73472,0.52812,0.70139,0.51328,0.67083,0.50078,0.64861,0.53359,0.65556,0.50781,0.64167,0.48594,0.63333,0.46797,0.62639,0.53984,0.66111,0.50938,0.65000,0.48516,0.64861,0.46797,0.65000,0.54531,0.67361,0.51562,0.66806,0.48984,0.67083,0.47187,0.67639,0.55000,0.69861,0.52422,0.70139,0.50391,0.70556,0.48750,0.70972,0.60887,0.68982,0.9999,0.74583,0.93606,0.9578,0.55933,0.76131,0.9974,0.62428,0.70934,0.59219,0.77361,83.07,0.9791,live,0.4718,0.5342,238.55,446.55
167748.797778,120.0,0.9357,4,1,1,0.56953,0.73889,0.50938,0.73194,0.47656,0.70833,0.45547,0.68750,0.43906,0.67222,0.49062,0.65556,0.46172,0.64722,0.43906,0.64722,0.41797,0.64722,0.49766,0.65139,0.46328,0.64306,0.43984,0.64444,0.42344,0.64444,0.50313,0.65694,0.47031,0.64722,0.44453,0.64861,0.42500,0.64861,0.50781,0.67361,0.47891,0.66806,0.45781,0.67083,0.44062,0.67639,0.60818,0.67494,0.9999,0.71571,0.91825,0.9596,0.52035,0.72206,0.9974,0.61333,0.71525,0.56953,0.73889,86.61,0.9975,live,0.4718,0.4511,205.42,455.33
167748.861965,120.0,0.0641,4,2,0,0.52422,0.71250,0.47187,0.70972,0.44219,0.68472,0.42031,0.66806,0.40313,0.65694,0.45625,0.61806,0.42656,0.61528,0.40781,0.62083,0.39062,0.62917,0.46328,0.61667,0.42734,0.61389,0.40703,0.62361,0.39219,0.63194,0.46875,0.62778,0.43672,0.61667,0.41406,0.62083,0.39766,0.62639,0.47187,0.64861,0.44688,0.63889,0.42969,0.64167,0.41563,0.64861,0.59959,0.67545,0.9999,0.69980,0.89489,0.9599,0.49997,0.69084,0.9975,0.59551,0.71470,0.52422,0.71250,81.39,0.9948,live,0.4718,0.4815,221.15,459.29
167748.931073,120.0,0.2023,4,2,0,0.50859,0.68194,0.46016,0.67778,0.43125,0.65556,0.41016,0.64444,0.39297,0.63889,0.44844,0.57500,0.41484,0.57500,0.39219,0.58750,0.37578,0.60417,0.45391,0.57500,0.41016,0.57639,0.38750,0.59722,0.37188,0.61111,0.45859,0.58889,0.42031,0.58611,0.39766,0.60556,0.38281,0.62222,0.46094,0.61667,0.43281,0.60833,0.41484,0.61944,0.40156,0.63194,0.59969,0.67235,0.9999,0.69957,0.89060,0.9624,0.50019,0.67958,0.9976,0.57812,0.70815,0.50859,0.68194,80.99,0.9956,live,0.4540,0.3728,172.43,462.49
167748.995778,120.0,0.3317,4,2,0,0.52422,0.67222,0.47813,0.67222,0.44922,0.65139,0.42734,0.64167,0.40859,0.63611,0.46797,0.56944,0.43281,0.56944,0.41172,0.58333,0.39609,0.60000,0.47500,0.57083,0.43203,0.57083,0.40937,0.59028,0.39375,0.60556,0.48203,0.58611,0.44297,0.58472,0.42031,0.60000,0.40391,0.61250,0.48672,0.61389,0.45937,0.60972,0.44297,0.61944,0.42969,0.63056,0.59966,0.66274,0.9999,0.70269,0.87774,0.9648,0.50902,0.66543,0.9977,0.56734,0.70096,0.52422,0.67222,75.86,0.9954,live,0.4291,0.3156,145.67,461.61
167749.067415,120.0,0.4750,4,2,0,0.55547,0.67639,0.51562,0.67917,0.48906,0.65972,0.46563,0.64861,0.44609,0.63750,0.50547,0.58056,0.47344,0.57778,0.45547,0.59167,0.44297,0.60556,0.51484,0.57778,0.47734,0.57778,0.45781,0.59583,0.44609,0.61111,0.52344,0.59028,0.48750,0.59444,0.46719,0.60972,0.45312,0.62500,0.52812,0.61389,0.50234,0.61806,0.48594,0.62500,0.47422,0.63194,0.60136,0.67718,0.9999,0.73727,0.87997,0.9651,0.54539,0.67096,0.9975,0.56497,0.69605,0.55547,0.67639,69.19,0.9318,live,0.3947,0.2382,108.61,456.04
167749.134845,120.0,0.6098,4,2,0,0.63594,0.70278,0.59766,0.68889,0.57266,0.66528,0.55547,0.65556,0.53984,0.64861,0.59688,0.58056,0.56406,0.58194,0.54609,0.60000,0.53438,0.61528,0.61016,0.58333,0.57344,0.58750,0.55156,0.60556,0.53672,0.62222,0.62266,0.60278,0.58828,0.61111,0.56797,0.62500,0.55312,0.63750,0.63203,0.63056,0.60859,0.63611,0.59531,0.64583,0.58594,0.65417,0.60144,0.68336,0.9999,0.74756,0.87765,0.9658,0.61568,0.67487,0.9976,0.57916,0.69739,0.63594,0.70278,75.80,0.9936,live,0.3619,0.2124,96.83,455.89
167749.198191,120.0,0.7365,4,2,0,0.63594,0.70278,0.59766,0.68889,0.57266,0.66528,0.55547,0.65556,0.53984,0.64861,0.59688,0.58056,0.56406,0.58194,0.54609,0.60000,0.53438,0.61528,0.61016,0.58333,0.57344,0.58750,0.55156,0.60556,0.53672,0.62222,0.62266,0.60278,0.58828,0.61111,0.56797,0.62500,0.55312,0.63750,0.63203,0.63056,0.60859,0.63611,0.59531,0.64583,0.58594,0.65417,0.60631,0.70108,0.9999,0.75409,0.93335,0.9646,0.70987,0.72253,0.9976,0.57916,0.69739,0.63594,0.70278,75.80,0.5961,hold,0.3619,0.2124,96.83,455.89
167749.264186,120.0,0.8685,4,2,0,0.63594,0.70278,0.59766,0.68889,0.57266,0.66528,0.55547,0.65556,0.53984,0.64861,0.59688,0.58056,0.56406,0.58194,0.54609,0.60000,0.53438,0.61528,0.61016,0.58333,0.57344,0.58750,0.55156,0.60556,0.53672,0.62222,0.62266,0.60278,0.58828,0.61111,0.56797,0.62500,0.55312,0.63750,0.63203,0.63056,0.60859,0.63611,0.59531,0.64583,0.58594,0.65417,0.60658,0.70015,0.9999,0.75203,0.91526,0.9626,0.79278,0.70067,0.9976,0.57916,0.69739,0.63594,0.70278,75.80,0.5961,hold,0.3619,0.2124,96.83,455.89
167749.335679,120.0,0.0115,4,3,0,0.81094,0.63611,0.83906,0.65000,0.86875,0.64861,0.89062,0.64583,0.90938,0.65417,0.87578,0.62083,0.89844,0.61528,0.90781,0.63611,0.91328,0.66111,0.86641,0.60556,0.89062,0.59167,0.90078,0.61667,0.90391,0.64583,0.85156,0.59583,0.87266,0.57778,0.88203,0.60278,0.88516,0.63194,0.83359,0.59028,0.85000,0.57917,0.85781,0.59861,0.86172,0.62361,0.60469,0.70099,0.9999,0.75077,0.88333,0.9624,0.81333,0.67974,0.9978,0.81094,0.63611,0.81094,0.63611,65.07,0.9735,live,0.3619,0.7141,319.96,448.03
167749.400324,120.0,0.1408,4,3,0,0.81563,0.66944,0.80391,0.65694,0.80703,0.63750,0.82734,0.62917,0.85234,0.62917,0.83750,0.57639,0.85703,0.55694,0.87031,0.57917,0.87969,0.61111,0.85703,0.58750,0.88047,0.55833,0.89453,0.58194,0.90312,0.61528,0.87109,0.60833,0.89375,0.58194,0.90781,0.60278,0.91484,0.63194,0.88047,0.63056,0.90000,0.61389,0.91094,0.62500,0.91875,0.64306,0.60447,0.70063,0.9999,0.74922,0.87967,0.9621,0.80966,0.67698,0.9979,0.62645,0.69180,0.81563,0.66944,76.74,0.9651,live,0.3619,0.7116,319.89,449.52
167749.468691,120.0,0.2775,4,3,0,0.80937,0.67222,0.79531,0.64722,0.79531,0.61806,0.81875,0.61528,0.84219,0.61389,0.82500,0.55833,0.84453,0.55139,0.85781,0.57083,0.87109,0.59861,0.84766,0.56806,0.87187,0.55000,0.88516,0.57222,0.89531,0.60139,0.86328,0.58750,0.88750,0.57222,0.90234,0.59306,0.91172,0.62083,0.87187,0.61250,0.89219,0.60556,0.90312,0.61806,0.90938,0.63611,0.60404,0.70037,0.9999,0.74885,0.87629,0.9600,0.81061,0.66322,0.9979,0.66304,0.68789,0.80937,0.67222,84.09,0.9917,live,0.3619,0.6996,319.09,456.13
167749.531171,120.0,0.4025,4,3,0,0.79297,0.66111,0.77734,0.64028,0.77344,0.61250,0.79141,0.60278,0.81172,0.60000,0.80234,0.55278,0.81953,0.54583,0.82969,0.56667,0.83984,0.59306,0.82500,0.55833,0.84766,0.53750,0.85859,0.56111,0.86562,0.59167,0.84141,0.57361,0.86406,0.55833,0.87734,0.57778,0.88594,0.60417,0.85156,0.59722,0.87187,0.59306,0.88203,0.60833,0.88750,0.62500,0.60402,0.70015,0.9999,0.74834,0.87666,0.9568,0.80094,0.65313,0.9978,0.68902,0.68253,0.79297,0.66111,80.54,0.9923,live,0.3619,0.6929,318.29,459.38
167749.600680,120.0,0.5415,4,3,0,0.79297,0.66111,0.77734,0.64028,0.77344,0.61250,0.79141,0.60278,0.81172,0.60000,0.80234,0.55278,0.81953,0.54583,0.82969,0.56667,0.83984,0.59306,0.82500,0.55833,0.84766,0.53750,0.85859,0.56111,0.86562,0.59167,0.84141,0.57361,0.86406,0.55833,0.87734,0.57778,0.88594,0.60417,0.85156,0.59722,0.87187,0.59306,0.88203,0.60833,0.88750,0.62500,0.60589,0.69693,0.9999,0.75301,0.87351,0.9558,0.79158,0.65216,0.9979,0.68902,0.68253,0.79297,0.66111,80.54,0.5954,hold,0.3619,0.6929,318.29,459.38
167749.665255,120.0,0.6706,4,3,0,0.72500,0.58611,0.70234,0.56528,0.68437,0.53611,0.67812,0.51250,0.68828,0.50000,0.70625,0.46111,0.70078,0.42222,0.70156,0.43333,0.70625,0.45278,0.72578,0.46250,0.72344,0.41944,0.72578,0.43472,0.72969,0.45972,0.74375,0.47361,0.74453,0.43472,0.74844,0.44861,0.75156,0.47083,0.76094,0.49306,0.76406,0.46389,0.76641,0.46944,0.76875,0.48472,0.60517,0.69687,0.9999,0.76009,0.85538,0.9568,0.75389,0.58654,0.9980,0.69622,0.66325,0.72500,0.58611,84.28,0.9840,live,0.3619,0.6838,317.92,464.93
167749.732594,120.0,0.8053,4,3,0,0.68516,0.49306,0.65703,0.47778,0.63672,0.44722,0.62734,0.41944,0.62500,0.39306,0.65469,0.38194,0.64297,0.33750,0.63281,0.32361,0.62187,0.31806,0.67266,0.37500,0.66719,0.32083,0.65703,0.29722,0.64609,0.28472,0.68984,0.38056,0.68828,0.33194,0.67891,0.30972,0.66719,0.29722,0.70547,0.39722,0.70703,0.35694,0.70000,0.34167,0.68984,0.33472,0.59849,0.69231,0.9999,0.75267,0.78689,0.9585,0.69220,0.48564,0.9981,0.69401,0.62921,0.68516,0.49306,78.79,0.9405,live,0.3619,0.6455,300.71,465.87
167749.797849,120.0,0.9358,4,3,0,0.65625,0.44028,0.62578,0.40417,0.60781,0.36528,0.60078,0.32778,0.59531,0.29444,0.62422,0.32083,0.61484,0.28472,0.60859,0.26250,0.60313,0.24306,0.63672,0.31250,0.63281,0.27222,0.62891,0.24722,0.62500,0.22778,0.64922,0.31250,0.64687,0.27500,0.64219,0.24722,0.63672,0.22500,0.66406,0.31944,0.66328,0.28194,0.65859,0.26111,0.65234,0.24306,0.59556,0.67895,0.9998,0.73681,0.71346,0.9596,0.65302,0.40122,0.9982,0.68646,0.59142,0.65625,0.44028,82.30,0.8672,live,0.3619,0.5263,246.95,469.22
167749.868448,120.0,0.0770,4,4,0,0.63828,0.38056,0.60781,0.34444,0.59141,0.30556,0.58437,0.26528,0.57969,0.23194,0.60781,0.26944,0.59922,0.23333,0.59297,0.21250,0.58828,0.19306,0.61953,0.26111,0.61641,0.21944,0.61094,0.19583,0.60703,0.17917,0.63203,0.25694,0.62969,0.21806,0.62422,0.19306,0.61875,0.17500,0.64375,0.25833,0.64219,0.22083,0.63750,0.20000,0.63203,0.18333,0.59505,0.67641,0.9998,0.72417,0.67504,0.9610,0.64476,0.35078,0.9984,0.67682,0.54925,0.63828,0.38056,78.31,0.8855,live,0.3955,0.5487,257.48,469.30
167749.932082,120.0,0.2043,4,4,0,0.62969,0.33611,0.60000,0.29861,0.58437,0.26111,0.57812,0.22222,0.57734,0.19028,0.60391,0.22917,0.59219,0.19722,0.58203,0.17361,0.57344,0.15139,0.61484,0.21667,0.60859,0.17639,0.59922,0.14722,0.59141,0.12222,0.62578,0.21111,0.62109,0.17222,0.61250,0.14444,0.60313,0.12222,0.63750,0.21250,0.63516,0.17500,0.62813,0.15417,0.61875,0.13889,0.59517,0.67659,0.9998,0.71056,0.64467,0.9607,0.63969,0.33284,0.9985,0.66739,0.50662,0.62969,0.33611,76.51,0.9385,live,0.4286,0.5794,271.18,468.07
167750.002310,120.0,0.3448,4,4,0,0.62109,0.30556,0.59453,0.27778,0.58125,0.24444,0.57734,0.20556,0.57969,0.17639,0.60234,0.20972,0.59297,0.17917,0.58281,0.15833,0.57422,0.14028,0.61406,0.19861,0.60703,0.15694,0.59766,0.13333,0.58672,0.11528,0.62656,0.19306,0.62344,0.14861,0.61328,0.12500,0.60156,0.11111,0.63906,0.19306,0.63828,0.15556,0.62891,0.13750,0.61641,0.12917,0.59525,0.67687,0.9998,0.71040,0.63271,0.9602,0.63913,0.31010,0.9985,0.65813,0.46641,0.62109,0.30556,70.82,0.9648,live,0.4163,0.3602,166.75,462.89
167750.067560,120.0,0.4753,4,4,0,0.61953,0.31250,0.59375,0.29028,0.58125,0.25694,0.58047,0.21944,0.58203,0.19028,0.60469,0.22361,0.59609,0.19028,0.58672,0.16944,0.57891,0.15278,0.61719,0.21250,0.61172,0.17083,0.60234,0.14583,0.59219,0.12778,0.62969,0.20833,0.62656,0.16667,0.61719,0.14167,0.60625,0.12639,0.64219,0.20833,0.64297,0.17222,0.63438,0.15417,0.62344,0.14583,0.59470,0.67677,0.9998,0.71029,0.63665,0.9600,0.63526,0.30782,0.9985,0.65041,0.43563,0.61953,0.31250,67.12,0.9458,live,0.4163,0.4188,190.86,455.67
167750.135757,120.0,0.6117,4,4,0,0.61797,0.35417,0.59688,0.34167,0.58281,0.30417,0.57969,0.26667,0.58281,0.23889,0.60469,0.26111,0.59766,0.21944,0.58906,0.20139,0.58047,0.18889,0.61797,0.25417,0.61406,0.20417,0.60625,0.17917,0.59844,0.16389,0.63125,0.25417,0.62969,0.20556,0.62266,0.18194,0.61406,0.16944,0.64375,0.26111,0.64531,0.22083,0.63984,0.19861,0.63125,0.18750,0.59436,0.67390,0.9998,0.71099,0.69831,0.9600,0.63367,0.31118,0.9986,0.64392,0.41933,0.61797,0.35417,66.45,0.9612,live,0.4163,0.4187,187.94,448.84
167750.200381,120.0,0.7409,4,4,0,0.61875,0.48750,0.59375,0.46389,0.57812,0.42222,0.57344,0.38611,0.57891,0.35556,0.59688,0.36944,0.58984,0.32083,0.58203,0.29444,0.57500,0.28333,0.61328,0.36250,0.61016,0.30694,0.60469,0.28194,0.59688,0.28056,0.62891,0.36667,0.62969,0.31250,0.62422,0.29306,0.61719,0.29583,0.64531,0.38194,0.64687,0.33750,0.64297,0.31528,0.63594,0.30972,0.59447,0.67891,0.9998,0.71423,0.81967,0.9600,0.63105,0.45351,0.9987,0.63889,0.43297,0.61875,0.48750,81.42,0.9660,live,0.4163,0.4196,190.33,453.60
167750.264138,120.0,0.8684,4,4,0,0.62734,0.63611,0.60234,0.62361,0.58125,0.59583,0.57031,0.57222,0.58047,0.56389,0.59922,0.51806,0.60078,0.46667,0.59844,0.48333,0.59844,0.51250,0.61797,0.51944,0.61875,0.45972,0.61797,0.48750,0.61797,0.52083,0.63672,0.52778,0.63828,0.47361,0.63750,0.50278,0.63594,0.53750,0.65547,0.54444,0.65703,0.50556,0.65469,0.52500,0.65391,0.55000,0.59445,0.67005,0.9998,0.71806,0.89023,0.9599,0.63275,0.63382,0.9987,0.63658,0.47360,0.62734,0.63611,81.70,0.9901,live,0.4163,0.4181,191.49,457.99
167750.330635,120.0,0.0014,4,1,1,0.63125,0.75694,0.60859,0.74167,0.58984,0.70833,0.58125,0.68472,0.58984,0.67361,0.61328,0.64306,0.61094,0.59306,0.60234,0.59861,0.59609,0.62639,0.63281,0.64722,0.63828,0.58889,0.62813,0.60278,0.61953,0.63472,0.65156,0.66389,0.66016,0.61389,0.65156,0.62778,0.64375,0.65972,0.66953,0.69028,0.67891,0.65278,0.67266,0.65972,0.66563,0.68333,0.60442,0.67143,0.9998,0.71799,0.95918,0.9576,0.64279,0.76120,0.9986,0.63551,0.53027,0.63125,0.75694,78.10,0.9950,live,0.4075,0.3672,168.64,459.27
167750.400521,120.0,0.1412,4,1,1,0.63594,0.79028,0.61250,0.77917,0.59297,0.73889,0.58672,0.71667,0.60078,0.71389,0.62109,0.68333,0.61875,0.63750,0.60859,0.65139,0.60078,0.68056,0.64219,0.69306,0.64844,0.63750,0.63594,0.66389,0.62656,0.70000,0.66094,0.71389,0.66875,0.66250,0.65859,0.68472,0.64922,0.71806,0.67891,0.74167,0.69141,0.70417,0.68359,0.71389,0.67266,0.73750,0.60890,0.67590,0.9998,0.72577,0.97993,0.9569,0.65319,0.80630,0.9985,0.63560,0.58227,0.63594,0.79028,75.01,0.9941,live,0.3847,0.2809,128.68,458.16
167750.468256,120.0,0.2766,4,1,1,0.63672,0.80000,0.61406,0.78750,0.59453,0.74583,0.58750,0.72500,0.60391,0.72500,0.62422,0.69306,0.62422,0.64722,0.61328,0.66111,0.60391,0.68889,0.64531,0.70417,0.65312,0.64861,0.63906,0.67778,0.62734,0.71250,0.66406,0.72361,0.67266,0.67083,0.66172,0.70000,0.65000,0.73611,0.67969,0.75000,0.69531,0.71528,0.68672,0.73056,0.67500,0.75417,0.60919,0.68705,0.9998,0.72738,0.98393,0.9555,0.65379,0.81494,0.9981,0.63582,0.62581,0.63672,0.80000,74.06,0.9907,live,0.3776,0.3456,157.79,456.51
167750.536293,120.0,0.4127,4,1,1,0.63594,0.79444,0.61016,0.78194,0.59062,0.73750,0.58437,0.71667,0.60000,0.71806,0.61953,0.68611,0.61953,0.64028,0.60859,0.65972,0.60000,0.69306,0.64219,0.69861,0.65000,0.64444,0.63672,0.67222,0.62656,0.70972,0.66016,0.71944,0.66953,0.66944,0.65859,0.69722,0.64766,0.73333,0.67656,0.74444,0.69141,0.71389,0.68437,0.72778,0.67266,0.75000,0.60951,0.68956,0.9998,0.73029,0.98536,0.9539,0.65582,0.81372,0.9980,0.63585,0.65954,0.63594,0.79444,74.43,0.9866,live,0.3776,0.3851,175.35,455.31
167750.601925,120.0,0.5440,4,1,1,0.61875,0.79306,0.59609,0.77639,0.57734,0.73889,0.56953,0.71806,0.58203,0.71389,0.60625,0.68194,0.60391,0.63889,0.59062,0.65833,0.58125,0.69028,0.62734,0.69444,0.63281,0.64306,0.61484,0.66944,0.60313,0.70278,0.64531,0.71528,0.65391,0.66806,0.63906,0.69167,0.62734,0.72361,0.66172,0.74444,0.67500,0.71111,0.66484,0.72222,0.65234,0.74306,0.60932,0.69490,0.9998,0.73021,0.98815,0.9533,0.64533,0.80481,0.9979,0.63243,0.68624,0.61875,0.79306,75.67,0.9861,live,0.3868,0.4284,194.97,455.16
167750.665063,120.0,0.6703,4,1,1,0.61562,0.80556,0.58359,0.77361,0.55859,0.74861,0.54453,0.73194,0.53750,0.71806,0.58516,0.65556,0.56172,0.65139,0.54453,0.66944,0.53203,0.68889,0.60391,0.66111,0.57812,0.65417,0.55547,0.67083,0.53984,0.69167,0.62031,0.67917,0.60156,0.67361,0.58125,0.68750,0.56484,0.70556,0.63516,0.71111,0.62344,0.71250,0.60938,0.72361,0.59688,0.73472,0.60660,0.69905,0.9999,0.73072,0.97756,0.9542,0.63174,0.79344,0.9979,0.62907,0.71011,0.61562,0.80556,91.96,0.9884,live,0.3986,0.4523,211.13,466.75
167750.735347,120.0,0.8108,4,1,1,0.58437,0.78611,0.55859,0.75694,0.54141,0.72222,0.52891,0.69306,0.51797,0.67222,0.55078,0.68056,0.52734,0.64861,0.50781,0.63611,0.49375,0.63611,0.55625,0.67917,0.52969,0.64583,0.50859,0.64583,0.49375,0.65417,0.56250,0.68750,0.53672,0.66528,0.51406,0.67083,0.49688,0.68194,0.56719,0.70417,0.55234,0.69583,0.53672,0.70139,0.52344,0.70972,0.60525,0.69617,0.9999,0.73032,0.94268,0.9564,0.57509,0.78398,0.9979,0.62013,0.72531,0.58437,0.78611,65.58,0.9520,live,0.4142,0.4856,222.40,457.95
167750.798419,120.0,0.9370,4,1,1,0.53359,0.75139,0.50859,0.73750,0.48516,0.70972,0.46953,0.69028,0.45469,0.68194,0.48438,0.67083,0.46172,0.65556,0.44219,0.65000,0.42656,0.64861,0.48906,0.66806,0.46172,0.65278,0.44062,0.65000,0.42578,0.65278,0.49531,0.67361,0.46875,0.65694,0.44609,0.65972,0.43203,0.66667,0.50313,0.68750,0.48516,0.67361,0.46797,0.67500,0.45547,0.68056,0.59817,0.69532,0.9999,0.71048,0.92481,0.9564,0.51565,0.75725,0.9978,0.60282,0.73052,0.53359,0.75139,63.88,0.9970,live,0.4275,0.4881,219.16,448.99
167750.865504,120.0,0.0711,4,2,0,0.50859,0.75417,0.47109,0.75972,0.44062,0.74444,0.42031,0.73194,0.40391,0.72083,0.44297,0.68889,0.42031,0.67222,0.40234,0.66944,0.38672,0.67083,0.45000,0.67639,0.42422,0.65556,0.40469,0.65556,0.38984,0.66250,0.46016,0.67083,0.43672,0.64722,0.41406,0.64861,0.39687,0.65417,0.47187,0.67222,0.45156,0.65556,0.43359,0.65556,0.41875,0.66250,0.59381,0.68344,0.9998,0.69570,0.90493,0.9516,0.49594,0.75149,0.9962,0.58398,0.73525,0.50859,0.75417,76.05,0.9934,live,0.4153,0.3597,161.84,449.87
167750.930573,120.0,0.2013,4,2,0,0.48984,0.74861,0.45703,0.75833,0.42812,0.74722,0.40859,0.74028,0.39297,0.72639,0.42109,0.68056,0.39453,0.66944,0.37500,0.68056,0.36016,0.69722,0.42812,0.66528,0.39922,0.64306,0.37812,0.65694,0.36406,0.67500,0.43906,0.65833,0.41172,0.62639,0.39062,0.64028,0.37578,0.65972,0.45312,0.66111,0.43359,0.64028,0.41563,0.64722,0.40156,0.66111,0.59262,0.67551,0.9998,0.67883,0.89898,0.9523,0.48392,0.74140,0.9959,0.56515,0.73792,0.48984,0.74861,80.46,0.9960,live,0.4099,0.3851,174.77,453.82
167751.001984,120.0,0.3441,4,2,0,0.50313,0.74028,0.47187,0.75139,0.44062,0.73889,0.42031,0.72917,0.40547,0.71389,0.43516,0.67361,0.40859,0.66111,0.39062,0.67222,0.37734,0.68750,0.44219,0.65694,0.41250,0.63889,0.39219,0.65278,0.37734,0.67222,0.45391,0.64861,0.42500,0.61806,0.40469,0.63194,0.38906,0.65139,0.46875,0.65000,0.44922,0.63333,0.43203,0.64028,0.41797,0.65278,0.59253,0.67574,0.9998,0.68509,0.89748,0.9547,0.49349,0.72601,0.9960,0.55274,0.73839,0.50313,0.74028,80.63,0.9895,live,0.3887,0.2924,133.73,457.41
167751.067564,120.0,0.4753,4,2,0,0.53516,0.73889,0.50469,0.75000,0.47344,0.73889,0.45312,0.72639,0.44375,0.70972,0.47344,0.66667,0.44531,0.65556,0.42891,0.66806,0.41875,0.68472,0.48281,0.65139,0.45234,0.63333,0.43281,0.64583,0.42031,0.66667,0.49688,0.64583,0.46797,0.62222,0.44766,0.63194,0.43281,0.64722,0.51406,0.64861,0.49844,0.63750,0.48359,0.64028,0.47031,0.64583,0.60252,0.69057,0.9999,0.71722,0.91860,0.9570,0.52243,0.72658,0.9962,0.54923,0.73849,0.53516,0.73889,77.63,0.9742,live,0.3727,0.2997,137.38,458.42
167751.131512,120.0,0.6032,4,2,0,0.60156,0.74722,0.57578,0.75694,0.54531,0.74722,0.52891,0.73472,0.52266,0.72500,0.55703,0.67639,0.53359,0.65833,0.51719,0.65694,0.50234,0.66111,0.56875,0.65833,0.54531,0.63056,0.52656,0.62917,0.51094,0.63333,0.58125,0.65000,0.55781,0.62500,0.53672,0.62639,0.52031,0.63194,0.59531,0.64861,0.57422,0.63472,0.55859,0.63472,0.54609,0.64028,0.60219,0.69153,0.9999,0.73337,0.91856,0.9581,0.59775,0.73693,0.9963,0.55969,0.74024,0.60156,0.74722,69.35,0.9397,live,0.3553,0.2761,125.17,453.34
167751.199113,120.0,0.7384,4,2,0,0.60156,0.74722,0.57578,0.75694,0.54531,0.74722,0.52891,0.73472,0.52266,0.72500,0.55703,0.67639,0.53359,0.65833,0.51719,0.65694,0.50234,0.66111,0.56875,0.65833,0.54531,0.63056,0.52656,0.62917,0.51094,0.63333,0.58125,0.65000,0.55781,0.62500,0.53672,0.62639,0.52031,0.63194,0.59531,0.64861,0.57422,0.63472,0.55859,0.63472,0.54609,0.64028,0.60571,0.69987,0.9999,0.73448,0.93922,0.9553,0.67800,0.75405,0.9963,0.55969,0.74024,0.60156,0.74722,69.35,0.5638,hold,0.3553,0.2761,125.17,453.34
167751.265880,120.0,0.8719,4,2,0,0.60156,0.74722,0.57578,0.75694,0.54531,0.74722,0.52891,0.73472,0.52266,0.72500,0.55703,0.67639,0.53359,0.65833,0.51719,0.65694,0.50234,0.66111,0.56875,0.65833,0.54531,0.63056,0.52656,0.62917,0.51094,0.63333,0.58125,0.65000,0.55781,0.62500,0.53672,0.62639,0.52031,0.63194,0.59531,0.64861,0.57422,0.63472,0.55859,0.63472,0.54609,0.64028,0.60546,0.70488,0.9999,0.73309,0.93020,0.9546,0.76576,0.74820,0.9965,0.55969,0.74024,0.60156,0.74722,69.35,0.5638,hold,0.3553,0.2761,125.17,453.34
167751.337052,80.0,0.0095,4,3,0,0.77734,0.66111,0.80781,0.66389,0.83594,0.65972,0.85547,0.65833,0.86953,0.65694,0.84062,0.61389,0.86406,0.62500,0.87656,0.63889,0.88594,0.65139,0.83047,0.60694,0.85625,0.61528,0.87031,0.62917,0.87969,0.64167,0.81641,0.61111,0.83906,0.61667,0.85156,0.62639,0.86094,0.63333,0.80156,0.62500,0.81484,0.64306,0.82500,0.65694,0.83203,0.66806,0.60540,0.70445,0.9999,0.73202,0.92146,0.9508,0.79501,0.74321,0.9966,0.77734,0.66111,0.77734,0.66111,64.33,0.9444,live,0.3553,0.6681,297.50,445.26
167751.397191,80.0,0.0897,4,3,0,0.79922,0.73333,0.78594,0.72778,0.79609,0.70972,0.82188,0.69167,0.84844,0.67500,0.80703,0.63333,0.82578,0.61111,0.84375,0.62361,0.85938,0.65000,0.82891,0.63611,0.85078,0.60278,0.87109,0.60694,0.88906,0.62222,0.84531,0.64861,0.86797,0.61528,0.88672,0.61667,0.90234,0.62639,0.85781,0.66250,0.87656,0.63889,0.88984,0.63889,0.90391,0.64167,0.60552,0.70419,0.9999,0.73349,0.90809,0.9481,0.80732,0.72167,0.9966,0.60760,0.73886,0.79922,0.73333,77.84,0.9689,live,0.4109,0.6642,297.50,447.87
167751.467288,80.0,0.1831,4,3,0,0.80312,0.72778,0.79297,0.71111,0.79844,0.68333,0.82344,0.66528,0.84688,0.65278,0.80781,0.60694,0.82734,0.58889,0.84609,0.59861,0.86562,0.61806,0.83125,0.60833,0.85469,0.57639,0.87500,0.58611,0.89219,0.60417,0.84844,0.62083,0.87109,0.59028,0.88984,0.59722,0.90547,0.61250,0.86016,0.64167,0.87969,0.61944,0.89375,0.62222,0.90547,0.62917,0.60560,0.70405,0.9999,0.73560,0.89915,0.9478,0.80806,0.69587,0.9967,0.64670,0.73664,0.80312,0.72778,86.93,0.9939,live,0.4081,0.6514,297.50,456.72
167751.531429,80.0,0.2687,4,3,0,0.80000,0.70694,0.78281,0.69028,0.77969,0.66250,0.80234,0.64583,0.82578,0.63333,0.80078,0.58611,0.82266,0.56944,0.84062,0.58472,0.85859,0.60694,0.82422,0.58611,0.84688,0.55417,0.86719,0.56667,0.88359,0.58750,0.84141,0.59861,0.86406,0.57083,0.88203,0.58194,0.89687,0.59861,0.85391,0.61806,0.87344,0.59861,0.88672,0.60417,0.89609,0.61389,0.60513,0.70398,0.9999,0.73528,0.89129,0.9437,0.80306,0.68351,0.9967,0.67736,0.73070,0.80000,0.70694,86.31,0.9939,live,0.4054,0.6411,297.50,464.06
167751.600470,80.0,0.3607,4,3,0,0.77891,0.67778,0.76250,0.65556,0.75859,0.62083,0.77656,0.59861,0.79609,0.58750,0.78125,0.55833,0.79219,0.53750,0.80469,0.55000,0.81797,0.57083,0.80391,0.55556,0.81875,0.51806,0.83359,0.52778,0.84609,0.55139,0.82109,0.56667,0.83984,0.53750,0.85547,0.54583,0.86719,0.56528,0.83437,0.58750,0.85313,0.57083,0.86484,0.57778,0.87187,0.59028,0.60520,0.70247,0.9999,0.73817,0.88719,0.9445,0.79324,0.66637,0.9968,0.69767,0.72012,0.77891,0.67778,86.78,0.9753,live,0.4462,0.6318,297.50,470.85
167751.666554,80.0,0.4488,4,3,0,0.74766,0.63889,0.72656,0.60694,0.71562,0.56667,0.71797,0.54167,0.72266,0.52917,0.73906,0.49861,0.73672,0.45278,0.73906,0.46250,0.74219,0.48472,0.76094,0.50000,0.76641,0.44722,0.76875,0.44167,0.77031,0.45139,0.77891,0.51250,0.78906,0.46528,0.79141,0.45833,0.79141,0.46528,0.79453,0.53333,0.80625,0.49861,0.81016,0.49028,0.81172,0.49167,0.60526,0.69921,0.9999,0.74636,0.87735,0.9447,0.78511,0.63720,0.9969,0.70767,0.70387,0.74766,0.63889,93.78,0.9739,live,0.4770,0.6174,297.50,481.87
167751.732908,80.0,0.5373,4,3,0,0.71172,0.52778,0.68125,0.48750,0.66953,0.42778,0.67188,0.37361,0.66953,0.33056,0.69219,0.39722,0.69453,0.34861,0.69375,0.32083,0.69063,0.30278,0.71016,0.39722,0.71328,0.34444,0.70937,0.31667,0.70234,0.30556,0.72734,0.40278,0.73047,0.35139,0.72422,0.32639,0.71562,0.31806,0.74375,0.41667,0.74687,0.37083,0.73984,0.34583,0.73047,0.33333,0.60134,0.69738,0.9998,0.74846,0.83549,0.9466,0.73305,0.50935,0.9971,0.70848,0.66865,0.71172,0.52778,87.16,0.8847,live,0.4688,0.4609,224.37,486.81
167751.799999,80.0,0.6268,4,3,0,0.68672,0.42500,0.65391,0.40278,0.63438,0.36528,0.63594,0.32361,0.64531,0.30139,0.64766,0.31806,0.63828,0.27917,0.63281,0.25694,0.62734,0.23611,0.66484,0.30556,0.65781,0.25556,0.65156,0.22222,0.64453,0.19722,0.68203,0.30417,0.67812,0.25694,0.67188,0.22639,0.66484,0.20417,0.70078,0.31111,0.70000,0.27222,0.69531,0.24861,0.68984,0.22917,0.59606,0.68329,0.9998,0.73760,0.73910,0.9493,0.68575,0.41673,0.9973,0.70413,0.61992,0.68672,0.42500,83.60,0.9661,live,0.4688,0.4780,233.54,488.58
167751.865496,80.0,0.7141,4,3,0,0.67578,0.40833,0.64219,0.35833,0.62578,0.31250,0.62109,0.26806,0.62422,0.23194,0.63594,0.29306,0.62891,0.25417,0.62344,0.23056,0.61875,0.20694,0.64922,0.28611,0.64453,0.24444,0.63984,0.21806,0.63594,0.19583,0.66328,0.28056,0.65938,0.24028,0.65469,0.21111,0.65078,0.18889,0.67969,0.28056,0.67734,0.23889,0.67500,0.21528,0.67188,0.19444,0.59630,0.68075,0.9998,0.73242,0.68290,0.9512,0.66288,0.34330,0.9975,0.69846,0.57760,0.67578,0.40833,85.15,0.9321,live,0.4747,0.5015,246.35,491.26
167751.932469,80.0,0.8034,4,3,0,0.66641,0.35000,0.63516,0.30139,0.61875,0.25972,0.61484,0.21667,0.61875,0.18194,0.63438,0.24028,0.62969,0.20000,0.62656,0.17361,0.62266,0.14722,0.64766,0.23194,0.64453,0.18889,0.63984,0.15972,0.63516,0.13472,0.66094,0.22778,0.65703,0.18611,0.65156,0.15417,0.64531,0.12917,0.67578,0.22639,0.67188,0.18472,0.66797,0.15833,0.66250,0.13472,0.59726,0.67992,0.9998,0.72766,0.65004,0.9522,0.66123,0.31704,0.9977,0.69205,0.53208,0.66641,0.35000,80.27,0.8589,live,0.4860,0.5374,263.39,490.10
167752.001525,80.0,0.8955,4,3,0,0.66250,0.30972,0.63281,0.26944,0.61797,0.23194,0.61562,0.18750,0.62500,0.15833,0.63438,0.20278,0.62734,0.16528,0.62109,0.13889,0.61562,0.11389,0.64766,0.19306,0.64297,0.14861,0.63750,0.11667,0.63047,0.08889,0.66172,0.19028,0.65781,0.14722,0.65234,0.11667,0.64453,0.09306,0.67656,0.19306,0.67656,0.15556,0.67188,0.13333,0.66406,0.11389,0.59786,0.67066,0.9998,0.72248,0.64410,0.9532,0.66052,0.29683,0.9978,0.68614,0.48761,0.66250,0.30972,77.87,0.9293,live,0.4709,0.4021,195.96,487.36
167752.066215,80.0,0.9817,4,3,0,0.66563,0.30694,0.63750,0.27778,0.62266,0.24167,0.62344,0.20000,0.63125,0.16944,0.63906,0.20694,0.63359,0.16944,0.62891,0.14722,0.62422,0.12639,0.65547,0.20000,0.65156,0.15417,0.64687,0.12778,0.64141,0.10417,0.67031,0.20000,0.66797,0.15278,0.66328,0.12639,0.65547,0.10556,0.68594,0.20556,0.68516,0.16667,0.68047,0.14444,0.67266,0.12500,0.59750,0.67177,0.9998,0.72195,0.64913,0.9535,0.66314,0.30829,0.9979,0.68204,0.45148,0.66563,0.30694,73.80,0.8968,live,0.4709,0.4565,220.02,482.01
167752.137835,80.0,0.0772,4,4,0,0.66953,0.34861,0.64375,0.32778,0.63047,0.28611,0.63203,0.24444,0.64062,0.21667,0.64766,0.24583,0.64297,0.20417,0.63828,0.18194,0.63281,0.16250,0.66406,0.24028,0.66250,0.19167,0.65781,0.16389,0.65156,0.14167,0.68047,0.24306,0.68047,0.19583,0.67578,0.16806,0.66875,0.14583,0.69609,0.25417,0.69766,0.21528,0.69375,0.19167,0.68594,0.17361,0.59423,0.67216,0.9998,0.72213,0.65618,0.9529,0.66619,0.33150,0.9981,0.67953,0.43090,0.66953,0.34861,73.94,0.8982,live,0.4659,0.4430,211.50,477.40
167752.199194,80.0,0.1590,4,4,0,0.68125,0.46389,0.65469,0.43472,0.64062,0.39028,0.64297,0.34861,0.65078,0.32361,0.66094,0.33889,0.65625,0.28889,0.65156,0.26250,0.64609,0.24444,0.67969,0.33611,0.68125,0.27917,0.67734,0.24722,0.67031,0.22639,0.69688,0.34306,0.70156,0.29306,0.69844,0.26806,0.69219,0.25417,0.71328,0.35972,0.71875,0.31944,0.71719,0.29861,0.71172,0.28611,0.59522,0.67241,0.9998,0.72342,0.77691,0.9549,0.68102,0.42061,0.9982,0.67988,0.43750,0.68125,0.46389,84.96,0.9823,live,0.4611,0.4395,211.50,481.29
167752.269709,80.0,0.2530,4,4,0,0.70625,0.62639,0.67422,0.59444,0.65859,0.54583,0.66563,0.49861,0.67734,0.46806,0.68437,0.47639,0.67891,0.41111,0.67656,0.41528,0.67500,0.43889,0.70937,0.47500,0.70937,0.40417,0.70703,0.41250,0.70469,0.43889,0.72969,0.48611,0.73203,0.42639,0.72813,0.44167,0.72422,0.46806,0.74766,0.50833,0.75000,0.45833,0.74531,0.46806,0.74141,0.49167,0.59951,0.67468,0.9998,0.73186,0.86402,0.9542,0.69914,0.59919,0.9983,0.68515,0.47528,0.70625,0.62639,101.25,0.7413,live,0.4416,0.3528,175.14,496.44
167752.335987,80.0,0.3414,4,4,0,0.71719,0.74722,0.69063,0.73056,0.67031,0.69722,0.66484,0.67778,0.66953,0.66806,0.69922,0.62222,0.70312,0.56250,0.70703,0.58194,0.70781,0.61806,0.72344,0.62361,0.73281,0.55694,0.73750,0.58194,0.73750,0.61944,0.74531,0.63750,0.75781,0.58611,0.76172,0.61389,0.75859,0.64861,0.76328,0.66250,0.77734,0.63194,0.78047,0.65000,0.77734,0.67500,0.60599,0.68811,0.9998,0.73320,0.93107,0.9521,0.72075,0.72965,0.9982,0.69156,0.52967,0.71719,0.74722,88.52,0.9913,live,0.4124,0.2790,139.69,500.60
167752.396677,80.0,0.4223,4,4,0,0.71797,0.78194,0.69531,0.77639,0.67500,0.73889,0.67656,0.72083,0.69531,0.73056,0.70703,0.68472,0.71016,0.62778,0.71406,0.64861,0.71641,0.68611,0.73125,0.69306,0.74297,0.63194,0.74531,0.65694,0.74375,0.69722,0.75078,0.71111,0.76641,0.66250,0.76797,0.69167,0.76484,0.72917,0.76719,0.73611,0.78438,0.71250,0.78906,0.73056,0.78750,0.75694,0.61260,0.70312,0.9998,0.73018,0.97277,0.9467,0.72796,0.83039,0.9980,0.69684,0.58012,0.71797,0.78194,73.54,0.9882,live,0.3891,0.2831,139.69,493.48
167752.464939,80.0,0.5133,4,4,0,0.70859,0.82083,0.68672,0.80000,0.67031,0.76111,0.67422,0.74167,0.69609,0.75000,0.70547,0.70556,0.70937,0.65833,0.70937,0.67500,0.70781,0.70972,0.73047,0.71667,0.74531,0.65833,0.74531,0.67778,0.73906,0.71250,0.74922,0.74028,0.76562,0.69028,0.76406,0.71667,0.75625,0.75000,0.76406,0.76944,0.78516,0.74028,0.78672,0.75556,0.78047,0.77917,0.61480,0.71370,0.9998,0.73007,0.99965,0.9414,0.72337,0.87329,0.9975,0.69919,0.62827,0.70859,0.82083,82.80,0.9903,live,0.3716,0.2922,144.31,493.87
167752.534496,80.0,0.6061,4,4,0,0.70469,0.81944,0.68281,0.80139,0.66641,0.76389,0.66641,0.74167,0.68437,0.74444,0.69922,0.70556,0.70547,0.65694,0.70703,0.66806,0.70547,0.70000,0.72266,0.71528,0.73828,0.65833,0.73828,0.67639,0.73281,0.70972,0.74141,0.73750,0.75859,0.68750,0.75703,0.71111,0.74922,0.74444,0.75625,0.76806,0.77578,0.73611,0.77578,0.75139,0.76953,0.77639,0.61601,0.71940,0.9998,0.71917,1.00000,0.9337,0.72174,0.86694,0.9971,0.70029,0.66650,0.70469,0.81944,80.54,0.9890,live,0.3716,0.3486,171.70,492.60
167752.602353,80.0,0.6966,4,4,0,0.69531,0.81111,0.67266,0.79583,0.65625,0.75694,0.65547,0.73194,0.67500,0.73472,0.68906,0.70000,0.69375,0.65000,0.68984,0.66389,0.68750,0.69861,0.71172,0.70972,0.72813,0.64861,0.72266,0.66806,0.71484,0.70278,0.73047,0.73194,0.74687,0.68056,0.74141,0.70556,0.73203,0.74028,0.74609,0.76250,0.76719,0.72917,0.76406,0.74167,0.75391,0.76528,0.61612,0.71856,0.9998,0.71833,1.00000,0.9315,0.71996,0.86408,0.9970,0.69930,0.69542,0.69531,0.81111,78.98,0.9905,live,0.3716,0.3922,192.30,490.36
167752.670309,80.0,0.7872,4,4,0,0.68359,0.81111,0.66250,0.79583,0.64531,0.75833,0.64141,0.73472,0.65781,0.73472,0.67500,0.70000,0.67969,0.64861,0.67812,0.65833,0.67500,0.69167,0.69844,0.70972,0.71328,0.65000,0.70859,0.66806,0.70000,0.70278,0.71797,0.73194,0.73359,0.68194,0.72813,0.70417,0.71797,0.73611,0.73438,0.76111,0.75313,0.72639,0.74922,0.73750,0.73984,0.75972,0.61836,0.71831,0.9998,0.73083,1.00000,0.9294,0.71153,0.86920,0.9968,0.69615,0.71856,0.68359,0.81111,79.58,0.9937,live,0.3816,0.4272,208.81,488.81
167752.733498,80.0,0.8714,4,4,0,0.67109,0.81667,0.64922,0.80139,0.63359,0.76528,0.62813,0.73889,0.64375,0.72778,0.66250,0.70278,0.66563,0.65139,0.66172,0.66111,0.65781,0.69444,0.68594,0.71111,0.70000,0.65000,0.69375,0.66667,0.68359,0.70278,0.70469,0.73194,0.71797,0.68333,0.71016,0.70694,0.70000,0.74028,0.72109,0.76250,0.73750,0.72639,0.73125,0.73750,0.72031,0.75972,0.62092,0.71769,0.9998,0.73170,1.00000,0.9278,0.70701,0.86280,0.9967,0.69114,0.73818,0.67109,0.81667,80.62,0.9930,live,0.3951,0.4564,222.83,488.20
167752.801219,80.0,0.9617,4,4,0,0.66250,0.82083,0.63984,0.81111,0.62266,0.77222,0.61562,0.74861,0.62969,0.73889,0.65000,0.70972,0.65234,0.65972,0.64687,0.67639,0.64297,0.71111,0.67344,0.71667,0.68594,0.65556,0.67656,0.68056,0.66797,0.71667,0.69219,0.73611,0.70547,0.68750,0.69609,0.71667,0.68672,0.75139,0.70859,0.76528,0.72500,0.73333,0.71797,0.74861,0.70781,0.77222,0.62823,0.71744,0.9998,0.74040,1.00000,0.9256,0.70471,0.86247,0.9964,0.68541,0.75471,0.66250,0.82083,78.54,0.9942,live,0.3951,0.4158,202.12,486.16
167752.869974,80.0,0.0534,4,1,1,0.65625,0.83056,0.63203,0.81806,0.61328,0.77917,0.60625,0.75556,0.62187,0.75139,0.64141,0.71528,0.64219,0.67222,0.63672,0.69167,0.63359,0.72500,0.66406,0.72361,0.67422,0.66667,0.66563,0.69722,0.65781,0.73472,0.68359,0.74306,0.69531,0.69722,0.68516,0.72917,0.67500,0.76250,0.70078,0.77222,0.71484,0.74167,0.70625,0.76111,0.69531,0.78611,0.62785,0.71721,0.9998,0.73234,1.00000,0.9237,0.68099,0.85709,0.9962,0.67958,0.76988,0.65625,0.83056,79.99,0.9943,live,0.3889,0.3605,174.97,485.41
167752.931789,80.0,0.1358,4,1,1,0.64219,0.83333,0.61953,0.82222,0.60078,0.78333,0.59219,0.75972,0.60781,0.75556,0.62891,0.72639,0.62734,0.67917,0.61797,0.70000,0.61094,0.73611,0.65156,0.73472,0.66094,0.67778,0.64766,0.70972,0.63672,0.75000,0.67031,0.75694,0.68047,0.70833,0.66875,0.74167,0.65703,0.77639,0.68672,0.78611,0.70000,0.75833,0.69063,0.77500,0.67734,0.79722,0.62464,0.71072,0.9998,0.73138,1.00000,0.9212,0.66805,0.85572,0.9959,0.67210,0.78257,0.64219,0.83333,75.70,0.9878,live,0.3889,0.3854,185.63,481.67
167753.004342,80.0,0.2325,4,1,1,0.62969,0.84167,0.60391,0.81250,0.58203,0.78611,0.56797,0.77222,0.55859,0.75556,0.60703,0.70833,0.59219,0.68750,0.57344,0.70000,0.55859,0.71528,0.62578,0.71528,0.61328,0.67778,0.58906,0.69583,0.57266,0.71667,0.64141,0.73472,0.63359,0.70833,0.61172,0.73056,0.59531,0.75000,0.65625,0.76667,0.65156,0.75417,0.63672,0.76528,0.62500,0.77500,0.62165,0.70876,0.9998,0.73421,0.98913,0.9229,0.64873,0.83107,0.9955,0.66362,0.79439,0.62969,0.84167,82.74,0.9901,live,0.3667,0.2658,128.49,483.44
167753.068487,80.0,0.3181,4,1,1,0.61016,0.81528,0.57969,0.79028,0.55781,0.76250,0.54297,0.74306,0.52891,0.72639,0.57266,0.70139,0.54922,0.66806,0.52734,0.65556,0.51172,0.65556,0.58516,0.70139,0.55625,0.66528,0.53281,0.67500,0.51719,0.69167,0.59609,0.71389,0.57344,0.68194,0.54922,0.69583,0.53438,0.71528,0.60703,0.73611,0.59453,0.72361,0.57734,0.73194,0.56328,0.74444,0.61779,0.69957,0.9998,0.73857,0.96905,0.9268,0.61612,0.80314,0.9955,0.65293,0.79857,0.61016,0.81528,72.70,0.9916,live,0.3432,0.2360,112.77,477.77
167753.136008,80.0,0.4081,4,1,1,0.58203,0.79306,0.53984,0.77083,0.51250,0.74444,0.49453,0.72778,0.47656,0.71806,0.52969,0.67361,0.50078,0.66111,0.47734,0.66250,0.45781,0.66806,0.54141,0.67083,0.50859,0.64722,0.48281,0.65556,0.46563,0.66528,0.55469,0.68333,0.52891,0.65833,0.50391,0.67083,0.48828,0.68889,0.56797,0.71111,0.55156,0.69306,0.53281,0.69444,0.51875,0.70278,0.61396,0.68825,0.9998,0.73291,0.96222,0.9316,0.57558,0.76708,0.9958,0.63875,0.79747,0.58203,0.79306,82.22,0.9987,live,0.3217,0.2238,107.34,479.63
167753.200847,80.0,0.4946,4,1,1,0.55937,0.77083,0.51562,0.75000,0.48750,0.72222,0.46797,0.70417,0.45234,0.68611,0.50234,0.64583,0.47734,0.63194,0.45625,0.63194,0.43750,0.63889,0.51562,0.64306,0.48594,0.61667,0.46094,0.62778,0.44375,0.64306,0.52891,0.65278,0.50234,0.62917,0.47813,0.64444,0.46250,0.66250,0.53984,0.67917,0.51953,0.65972,0.50078,0.66806,0.48906,0.68333,0.60776,0.67428,0.9998,0.72240,0.95483,0.9352,0.55063,0.75296,0.9959,0.62287,0.79214,0.55937,0.77083,86.96,0.9987,live,0.3094,0.2534,122.82,484.69
167753.264776,80.0,0.5798,4,1,1,0.55234,0.73750,0.51016,0.71806,0.48047,0.68750,0.46094,0.66806,0.44766,0.65000,0.50156,0.60694,0.47422,0.58889,0.45156,0.59583,0.43438,0.60972,0.51406,0.60833,0.47969,0.57917,0.45391,0.59583,0.43828,0.61667,0.52500,0.62222,0.49375,0.59583,0.46953,0.61528,0.45625,0.63611,0.53359,0.65139,0.51016,0.62917,0.49062,0.63889,0.47734,0.65139,0.60222,0.67204,0.9998,0.70966,0.93766,0.9381,0.53821,0.70895,0.9960,0.60877,0.78121,0.55234,0.73750,84.47,0.9974,live,0.3002,0.2582,125.82,487.35
167753.334250,80.0,0.6724,4,1,1,0.54766,0.71250,0.51016,0.69167,0.48438,0.66111,0.46563,0.64167,0.45000,0.62500,0.50625,0.58611,0.48047,0.56111,0.45781,0.56806,0.44062,0.58194,0.51797,0.58750,0.48516,0.55417,0.45937,0.56944,0.44297,0.58750,0.52812,0.60139,0.49766,0.57361,0.47266,0.58889,0.45703,0.60694,0.53516,0.62778,0.51172,0.60833,0.49297,0.61528,0.47969,0.62639,0.60241,0.67318,0.9998,0.71182,0.93535,0.9418,0.54446,0.68780,0.9962,0.59655,0.76747,0.54766,0.71250,78.42,0.9946,live,0.2899,0.2432,118.05,485.33
167753.399922,80.0,0.7600,4,1,1,0.55547,0.70000,0.52031,0.68056,0.49453,0.64861,0.47734,0.62778,0.46172,0.60972,0.51641,0.57361,0.49219,0.54583,0.47031,0.55278,0.45391,0.56528,0.52734,0.57500,0.49609,0.54306,0.47031,0.55556,0.45312,0.57222,0.53750,0.58889,0.50703,0.55972,0.48203,0.57222,0.46563,0.59028,0.54375,0.61528,0.52109,0.59444,0.50156,0.60139,0.48750,0.61250,0.60271,0.67382,0.9999,0.71109,0.93397,0.9446,0.54954,0.67906,0.9964,0.58833,0.75398,0.55547,0.70000,77.42,0.9962,live,0.2899,0.2658,128.35,482.83
167753.465379,80.0,0.8473,4,1,1,0.56484,0.69306,0.53203,0.67500,0.50625,0.64167,0.48984,0.61944,0.47422,0.60139,0.52656,0.56528,0.50859,0.52778,0.49141,0.52222,0.47656,0.52639,0.53906,0.56806,0.50859,0.53889,0.48359,0.54861,0.46641,0.56250,0.55000,0.58333,0.52109,0.55833,0.49688,0.56944,0.48125,0.58333,0.55859,0.60694,0.53672,0.58750,0.51875,0.59306,0.50547,0.60278,0.59967,0.67397,0.9998,0.71147,0.92770,0.9492,0.55368,0.66486,0.9967,0.58363,0.74179,0.56484,0.69306,78.35,0.9986,live,0.2899,0.2689,129.44,481.31
167753.533605,80.0,0.9382,4,1,1,0.57969,0.70139,0.54688,0.67917,0.52422,0.64444,0.50938,0.62083,0.49297,0.60139,0.54531,0.57222,0.52187,0.54444,0.50156,0.54722,0.48438,0.55694,0.55781,0.57500,0.52969,0.54167,0.50547,0.55139,0.48906,0.56528,0.57031,0.59028,0.54375,0.56111,0.52031,0.57222,0.50625,0.58750,0.57891,0.61667,0.55703,0.59722,0.53828,0.60000,0.52422,0.60972,0.60366,0.67280,0.9999,0.71618,0.92786,0.9519,0.56447,0.66352,0.9969,0.58284,0.73371,0.57969,0.70139,78.18,0.9977,live,0.2803,0.2364,113.45,479.84
167753.597777,80.0,0.0238,4,2,0,0.60078,0.70972,0.57031,0.68889,0.54609,0.65139,0.53047,0.62917,0.51562,0.60972,0.56875,0.58472,0.54609,0.55833,0.52734,0.55833,0.51016,0.56528,0.58125,0.58750,0.55781,0.54861,0.53359,0.55833,0.51641,0.57500,0.59375,0.60278,0.57266,0.57083,0.54922,0.57778,0.53203,0.59167,0.60391,0.62917,0.58672,0.60556,0.56953,0.60556,0.55625,0.61111,0.60549,0.67300,0.9999,0.72927,0.93241,0.9545,0.58202,0.66949,0.9971,0.58643,0.72891,0.60078,0.70972,75.93,0.9982,live,0.2732,0.2409,114.91,476.93
167753.665843,80.0,0.1145,4,2,0,0.62734,0.72639,0.59844,0.70417,0.57422,0.66667,0.55859,0.64306,0.54844,0.62500,0.59609,0.60556,0.57656,0.57917,0.55703,0.57778,0.53906,0.58472,0.60859,0.60694,0.58906,0.56389,0.56719,0.56944,0.54922,0.58333,0.62344,0.62083,0.60625,0.58333,0.58516,0.59583,0.57031,0.61250,0.63594,0.64583,0.62344,0.61944,0.60703,0.62083,0.59453,0.62917,0.60835,0.68054,0.9999,0.73229,0.93271,0.9455,0.61687,0.68362,0.9963,0.59461,0.72841,0.62734,0.72639,75.69,0.9972,live,0.2631,0.2171,102.95,474.19
167753.731459,80.0,0.2020,4,2,0,0.65781,0.74028,0.62891,0.71528,0.60625,0.67917,0.59219,0.65694,0.58750,0.64167,0.63047,0.61528,0.61406,0.59444,0.59766,0.59583,0.58125,0.60278,0.64531,0.61806,0.63125,0.57917,0.61094,0.58611,0.59375,0.60139,0.66016,0.63611,0.65156,0.59861,0.63359,0.60556,0.62031,0.62083,0.67344,0.66528,0.66875,0.63889,0.65625,0.64028,0.64453,0.64583,0.61025,0.68064,0.9999,0.73496,0.93719,0.9451,0.65254,0.69822,0.9964,0.60725,0.73078,0.65781,0.74028,77.33,0.9963,live,0.2489,0.1842,87.14,472.97
167753.799481,80.0,0.2927,4,2,0,0.69219,0.75139,0.66094,0.72083,0.64297,0.68889,0.63203,0.67083,0.63047,0.65556,0.67188,0.61806,0.65703,0.60139,0.64297,0.60833,0.62891,0.62222,0.68594,0.62500,0.67734,0.60000,0.65703,0.60556,0.64062,0.61944,0.69844,0.64722,0.69453,0.62361,0.67891,0.63056,0.66719,0.64583,0.70625,0.68056,0.70937,0.66389,0.70703,0.65972,0.70391,0.65972,0.61158,0.68924,0.9999,0.74134,0.94289,0.9451,0.69467,0.71507,0.9964,0.62424,0.73490,0.69219,0.75139,76.96,0.9917,live,0.2309,0.1486,70.09,471.62
167753.865796,80.0,0.3812,4,2,0,0.72422,0.73750,0.71016,0.71667,0.69844,0.69028,0.69141,0.67361,0.68906,0.66389,0.73516,0.62639,0.71719,0.60694,0.69922,0.61389,0.68672,0.62778,0.75156,0.63889,0.73594,0.61111,0.71641,0.61667,0.70000,0.63194,0.76484,0.66389,0.75859,0.64028,0.74297,0.64722,0.73047,0.66389,0.77656,0.69722,0.78203,0.68194,0.77344,0.68194,0.76484,0.68889,0.61641,0.70657,0.9999,0.75174,0.95605,0.9434,0.73178,0.78866,0.9964,0.64424,0.73542,0.72422,0.73750,76.73,0.9825,live,0.2213,0.1775,83.46,470.27
167753.937255,80.0,0.4764,4,2,0,0.76016,0.75556,0.74375,0.72917,0.73672,0.69306,0.73594,0.67639,0.74766,0.67778,0.77656,0.65139,0.78438,0.61528,0.76562,0.61806,0.74844,0.63889,0.79453,0.66667,0.81172,0.62083,0.78984,0.62500,0.77187,0.65139,0.80937,0.69167,0.83125,0.65556,0.81484,0.65417,0.79844,0.67500,0.82031,0.72500,0.84297,0.70417,0.83516,0.69306,0.82109,0.69444,0.62065,0.70759,0.9999,0.75279,0.95573,0.9405,0.77453,0.79177,0.9964,0.66742,0.73945,0.76016,0.75556,78.18,0.9946,live,0.2213,0.2336,109.81,470.13
167754.002100,80.0,0.5629,4,2,0,0.79375,0.75972,0.77578,0.72917,0.76953,0.69167,0.78359,0.68056,0.80312,0.68194,0.80547,0.64306,0.81563,0.61667,0.81953,0.63056,0.81875,0.66111,0.82969,0.65417,0.84922,0.61806,0.85156,0.63194,0.84609,0.66250,0.84766,0.67639,0.86875,0.64861,0.87266,0.66250,0.86641,0.68750,0.85781,0.70556,0.87891,0.69306,0.88594,0.70000,0.88516,0.71667,0.62055,0.70487,0.9999,0.74930,0.91796,0.9327,0.80842,0.77980,0.9962,0.69269,0.74350,0.79375,0.75972,86.42,0.9721,live,0.2348,0.2963,141.02,475.94
167754.066940,80.0,0.6493,4,2,0,0.81328,0.74583,0.79609,0.71806,0.79453,0.68194,0.81563,0.67361,0.83672,0.67500,0.83203,0.63333,0.84609,0.60972,0.85000,0.62778,0.85156,0.65694,0.85625,0.64444,0.87656,0.60972,0.88281,0.62639,0.88203,0.65417,0.87187,0.66667,0.89531,0.63889,0.90234,0.65556,0.90078,0.68056,0.88125,0.69722,0.90469,0.68611,0.91172,0.69722,0.91094,0.71389,0.61957,0.70488,0.9999,0.74873,0.90870,0.9297,0.82895,0.74581,0.9962,0.71681,0.74397,0.81328,0.74583,86.92,0.9796,live,0.2568,0.3569,171.84,481.41
167754.136978,80.0,0.7427,4,2,0,0.82656,0.74028,0.80859,0.70972,0.80859,0.67500,0.83125,0.66944,0.85391,0.66528,0.84453,0.62778,0.85781,0.60556,0.86719,0.62083,0.87187,0.64861,0.86797,0.63889,0.88906,0.60139,0.89844,0.61528,0.90078,0.64167,0.88359,0.65972,0.90703,0.63472,0.91797,0.64722,0.91797,0.67222,0.89219,0.69028,0.91484,0.67778,0.92344,0.68472,0.92422,0.70000,0.61770,0.70524,0.9999,0.75004,0.90222,0.9280,0.83934,0.71967,0.9962,0.73876,0.74323,0.82656,0.74028,85.40,0.9787,live,0.2830,0.4026,195.30,485.13
167754.202293,80.0,0.8298,4,2,0,0.82500,0.72500,0.81250,0.69167,0.81563,0.66250,0.83672,0.65556,0.85703,0.65556,0.83984,0.61667,0.85547,0.59722,0.86797,0.60556,0.87813,0.62500,0.86016,0.62917,0.87813,0.61528,0.89062,0.62083,0.89844,0.63472,0.87578,0.65000,0.89375,0.63750,0.90391,0.63889,0.91172,0.64722,0.88594,0.67639,0.90156,0.66528,0.91094,0.66250,0.91953,0.66389,0.61629,0.70512,0.9999,0.74981,0.89568,0.9218,0.83717,0.70110,0.9960,0.75601,0.73959,0.82500,0.72500,80.29,0.9963,live,0.3089,0.4268,206.88,484.72
167754.266595,80.0,0.9156,4,2,0,0.83047,0.71111,0.81250,0.68750,0.81172,0.65694,0.83125,0.64722,0.85234,0.64306,0.84297,0.60278,0.85781,0.57917,0.86641,0.59444,0.87187,0.62500,0.86641,0.61389,0.88594,0.58194,0.89766,0.59306,0.90234,0.61806,0.88359,0.63333,0.90547,0.61250,0.91641,0.62639,0.91797,0.65139,0.89453,0.66111,0.91641,0.65000,0.92500,0.66111,0.92578,0.68056,0.61625,0.70505,0.9999,0.74966,0.89413,0.9209,0.83064,0.70171,0.9960,0.77090,0.73389,0.83047,0.71111,82.79,0.9881,live,0.3309,0.4313,209.68,486.16
167754.336212,80.0,0.0084,4,3,0,0.82266,0.70417,0.80469,0.67778,0.80234,0.64306,0.82109,0.63333,0.84062,0.62917,0.83516,0.59444,0.84766,0.56528,0.85547,0.58056,0.86016,0.60972,0.85781,0.60278,0.87578,0.56528,0.88516,0.58056,0.88828,0.60833,0.87344,0.62222,0.89531,0.59306,0.90547,0.61111,0.90547,0.63750,0.88359,0.64861,0.90625,0.63472,0.91406,0.64861,0.91328,0.66944,0.61620,0.70473,0.9999,0.75020,0.88489,0.9223,0.83101,0.68141,0.9961,0.78125,0.72795,0.82266,0.70417,81.82,0.9771,live,0.3458,0.4136,201.30,486.73
167754.401881,80.0,0.0959,4,3,0,0.80625,0.68472,0.78984,0.65556,0.78438,0.62083,0.80000,0.60556,0.81719,0.60000,0.81797,0.57361,0.82500,0.54028,0.83203,0.54861,0.83750,0.57361,0.83984,0.57917,0.85469,0.53750,0.86250,0.54722,0.86328,0.57500,0.85547,0.59583,0.87500,0.56528,0.88281,0.57639,0.88125,0.60278,0.86719,0.62222,0.88750,0.60694,0.89531,0.61389,0.89453,0.63056,0.61467,0.70523,0.9999,0.74985,0.88646,0.9232,0.82961,0.67870,0.9961,0.78625,0.71930,0.80625,0.68472,82.71,0.9500,live,0.3509,0.3744,182.64,487.87
167754.468271,80.0,0.1845,4,3,0,0.79219,0.64861,0.77969,0.63333,0.77578,0.61111,0.78203,0.60139,0.78750,0.58472,0.79141,0.54167,0.79453,0.49861,0.80078,0.50278,0.80234,0.52917,0.81172,0.54444,0.81953,0.50000,0.82500,0.50833,0.82344,0.53750,0.82891,0.55833,0.84062,0.52222,0.84375,0.52917,0.83828,0.55417,0.84453,0.58056,0.86016,0.55972,0.86172,0.55694,0.85391,0.56944,0.61445,0.70322,0.9999,0.75299,0.87557,0.9237,0.81000,0.65737,0.9963,0.78744,0.70516,0.79219,0.64861,78.15,0.9755,live,0.3457,0.3215,156.14,485.60
167754.538802,80.0,0.2785,4,3,0,0.75547,0.59444,0.73203,0.56944,0.71719,0.53611,0.71406,0.51389,0.72031,0.49861,0.73984,0.47778,0.73984,0.43194,0.74297,0.44028,0.74609,0.46667,0.76094,0.48194,0.76719,0.42917,0.76797,0.43750,0.76641,0.46528,0.78047,0.49583,0.78828,0.44861,0.78672,0.45556,0.78203,0.48056,0.79766,0.51944,0.81094,0.48472,0.80859,0.48333,0.80312,0.49861,0.61643,0.70006,0.9999,0.76827,0.87184,0.9260,0.77990,0.62312,0.9963,0.78104,0.68302,0.75547,0.59444,80.97,0.9757,live,0.3312,0.2656,128.98,485.62
167754.601264,80.0,0.3618,4,3,0,0.72578,0.52639,0.70156,0.50139,0.68437,0.46667,0.67656,0.43750,0.67422,0.40833,0.70312,0.40833,0.69844,0.35694,0.69453,0.35694,0.69375,0.37778,0.72266,0.40694,0.72500,0.34722,0.71875,0.35139,0.71406,0.37917,0.73984,0.41667,0.74609,0.36667,0.73750,0.36667,0.73047,0.38889,0.75703,0.43750,0.76797,0.39861,0.76172,0.39028,0.75234,0.40000,0.61295,0.69744,0.9999,0.76669,0.82788,0.9287,0.74391,0.51459,0.9966,0.76999,0.65169,0.72578,0.52639,80.88,0.9834,live,0.3229,0.2848,138.29,485.58
167754.667674,80.0,0.4503,4,3,0,0.70469,0.48472,0.67891,0.44444,0.66172,0.40278,0.65391,0.36667,0.64844,0.33472,0.68203,0.34722,0.67500,0.30556,0.66484,0.29167,0.65547,0.29306,0.69688,0.34306,0.69453,0.29722,0.68437,0.28194,0.67578,0.28750,0.71172,0.34722,0.71406,0.30278,0.70547,0.28750,0.69531,0.29583,0.72891,0.36250,0.73438,0.32222,0.72656,0.30556,0.71641,0.30833,0.61262,0.69582,0.9999,0.76593,0.78291,0.9324,0.70796,0.44447,0.9968,0.75693,0.61830,0.70469,0.48472,89.99,0.9580,live,0.3048,0.2224,109.43,492.10
167754.733017,80.0,0.5374,4,3,0,0.68828,0.43056,0.66016,0.38750,0.64375,0.34306,0.63594,0.30278,0.62813,0.27083,0.66250,0.29306,0.65469,0.25278,0.64531,0.23194,0.63672,0.21944,0.67656,0.28750,0.67188,0.24306,0.66328,0.21944,0.65469,0.20833,0.69063,0.29167,0.68906,0.24722,0.68203,0.22361,0.67266,0.21528,0.70547,0.30417,0.70781,0.26250,0.70312,0.24167,0.69453,0.23333,0.60966,0.68165,0.9999,0.75651,0.71123,0.9348,0.68725,0.40640,0.9970,0.74320,0.58075,0.68828,0.43056,89.41,0.9532,live,0.2979,0.2665,132.55,497.42
167754.797501,80.0,0.6234,4,3,0,0.67578,0.37778,0.64844,0.33056,0.63203,0.28611,0.62500,0.24722,0.61797,0.21389,0.65078,0.24028,0.64219,0.20278,0.63281,0.18194,0.62344,0.16667,0.66406,0.23333,0.65703,0.19028,0.64766,0.16806,0.63828,0.15417,0.67734,0.23611,0.67422,0.19167,0.66563,0.16806,0.65469,0.15556,0.69219,0.24722,0.69375,0.20694,0.68828,0.18472,0.67891,0.17083,0.60933,0.67564,0.9999,0.75554,0.66363,0.9387,0.67790,0.32976,0.9972,0.72972,0.54016,0.67578,0.37778,89.67,0.9676,live,0.2979,0.3215,161.48,502.29
167754.866262,80.0,0.7151,4,3,0,0.67266,0.33472,0.64219,0.29028,0.62578,0.24861,0.61875,0.20833,0.61328,0.17361,0.64375,0.20278,0.63516,0.16528,0.62578,0.14583,0.61562,0.13056,0.65703,0.19444,0.65078,0.14861,0.64062,0.13056,0.62891,0.12222,0.67109,0.19306,0.66797,0.14583,0.65703,0.12778,0.64453,0.12222,0.68594,0.20000,0.68594,0.15694,0.67812,0.13889,0.66719,0.13333,0.60469,0.67464,0.9999,0.74446,0.64960,0.9402,0.67018,0.31217,0.9973,0.71830,0.49907,0.67266,0.33472,89.36,0.9712,live,0.3121,0.3769,190.83,506.36
167754.933197,80.0,0.8044,4,3,0,0.66563,0.30278,0.63672,0.26667,0.62266,0.22361,0.61641,0.18194,0.61250,0.14861,0.64375,0.18194,0.63516,0.14583,0.62578,0.12778,0.61562,0.11250,0.65703,0.17222,0.65078,0.12639,0.63828,0.10833,0.62578,0.10278,0.67031,0.17083,0.66719,0.12222,0.65469,0.10417,0.64141,0.10417,0.68437,0.17778,0.68437,0.13194,0.67422,0.11528,0.66094,0.11389,0.60229,0.67284,0.9999,0.73412,0.64268,0.9416,0.66730,0.29671,0.9974,0.70777,0.45981,0.66563,0.30278,82.82,0.9480,live,0.3337,0.4322,218.33,505.22
167755.001796,80.0,0.8958,4,3,0,0.66094,0.28889,0.63516,0.25417,0.62187,0.21389,0.61641,0.17500,0.61250,0.14028,0.64297,0.17639,0.63516,0.14167,0.62656,0.12222,0.61719,0.10694,0.65625,0.16806,0.65078,0.12222,0.63984,0.10417,0.62813,0.09722,0.66875,0.16667,0.66641,0.11806,0.65547,0.10278,0.64297,0.10278,0.68203,0.17222,0.68203,0.13056,0.67188,0.11250,0.66016,0.10972,0.59674,0.66968,0.9999,0.72899,0.63575,0.9421,0.66639,0.30269,0.9975,0.69840,0.42563,0.66094,0.28889,77.43,0.9459,live,0.3601,0.4801,240.20,500.35
167755.066060,80.0,0.9815,4,3,0,0.65938,0.29583,0.63359,0.26389,0.62109,0.22222,0.61719,0.18333,0.61484,0.15000,0.64219,0.18750,0.63516,0.15139,0.62656,0.13056,0.61797,0.11528,0.65547,0.17778,0.65078,0.13333,0.63906,0.11528,0.62734,0.11111,0.66875,0.17639,0.66563,0.13056,0.65312,0.11250,0.64141,0.11250,0.68281,0.18194,0.68281,0.13889,0.67344,0.12083,0.66250,0.11944,0.59382,0.66980,0.9999,0.72489,0.63932,0.9442,0.66555,0.29596,0.9976,0.69060,0.39967,0.65938,0.29583,76.41,0.9545,live,0.3870,0.5097,252.48,495.32
167755.134522,80.0,0.0728,4,4,0,0.65625,0.31389,0.63281,0.28611,0.62031,0.24583,0.61641,0.20694,0.61406,0.17222,0.64219,0.20694,0.63438,0.17222,0.62500,0.15139,0.61641,0.13750,0.65547,0.19861,0.65000,0.15417,0.63828,0.13472,0.62656,0.12917,0.66875,0.19722,0.66719,0.15000,0.65469,0.13194,0.64297,0.13056,0.68281,0.20417,0.68359,0.15972,0.67344,0.14444,0.66094,0.14444,0.59107,0.66946,0.9999,0.72356,0.64236,0.9458,0.66194,0.30363,0.9977,0.68373,0.38251,0.65625,0.31389,75.03,0.9672,live,0.4091,0.5096,249.66,489.91
167755.204941,80.0,0.1667,4,4,0,0.65859,0.34444,0.63359,0.31944,0.62031,0.27639,0.61484,0.23611,0.61172,0.20278,0.64141,0.23611,0.63438,0.19722,0.62500,0.17778,0.61562,0.16667,0.65547,0.22639,0.65000,0.17917,0.63984,0.16111,0.62813,0.15972,0.66953,0.22639,0.66641,0.17500,0.65547,0.15833,0.64375,0.16250,0.68516,0.23333,0.68437,0.18889,0.67578,0.17500,0.66406,0.18194,0.59094,0.66954,0.9999,0.72025,0.66949,0.9469,0.66038,0.31770,0.9978,0.67870,0.37490,0.65859,0.34444,77.27,0.9756,live,0.4091,0.4147,201.84,486.76
167755.267252,80.0,0.2498,4,4,0,0.65781,0.38333,0.63438,0.36250,0.61875,0.31667,0.61406,0.27639,0.61250,0.24167,0.64141,0.26806,0.63438,0.22639,0.62422,0.20972,0.61484,0.20139,0.65547,0.25972,0.65000,0.20833,0.63906,0.19167,0.62813,0.19722,0.67031,0.26250,0.67031,0.20556,0.65781,0.19167,0.64687,0.19861,0.68672,0.27361,0.68750,0.22778,0.67656,0.21667,0.66484,0.22500,0.59103,0.67201,0.9998,0.72088,0.69924,0.9489,0.65914,0.36596,0.9980,0.67452,0.37659,0.65781,0.38333,80.01,0.9754,live,0.4091,0.4209,204.54,485.95
167755.335731,80.0,0.3411,4,4,0,0.65781,0.43194,0.63359,0.41389,0.61719,0.36806,0.61172,0.32778,0.60938,0.29167,0.64141,0.31250,0.63672,0.26111,0.62578,0.24722,0.61562,0.25000,0.65625,0.30833,0.65391,0.24861,0.63984,0.24028,0.62891,0.25556,0.67188,0.31667,0.67188,0.25694,0.65859,0.24861,0.64766,0.26250,0.68828,0.33194,0.69141,0.28611,0.68125,0.27222,0.66953,0.27917,0.59111,0.67345,0.9998,0.72288,0.76796,0.9510,0.65789,0.42359,0.9981,0.67118,0.38766,0.65781,0.43194,80.26,0.9670,live,0.3876,0.2897,140.61,485.43
167755.402654,80.0,0.4303,4,4,0,0.65703,0.48056,0.63438,0.47083,0.61719,0.43333,0.61172,0.40139,0.60938,0.36944,0.63828,0.36806,0.63438,0.31389,0.62344,0.31944,0.61875,0.34167,0.65547,0.36806,0.65703,0.30694,0.64375,0.32500,0.63828,0.35833,0.67266,0.37917,0.67422,0.32639,0.66016,0.34028,0.65469,0.36806,0.69063,0.39861,0.69141,0.35972,0.68125,0.36528,0.67656,0.38472,0.59240,0.67574,0.9998,0.72601,0.82138,0.9540,0.65807,0.48667,0.9983,0.66835,0.40624,0.65703,0.48056,77.26,0.9660,live,0.3588,0.2277,109.91,482.80
167755.467031,80.0,0.5161,4,4,0,0.66172,0.59722,0.63906,0.58194,0.62031,0.55000,0.60781,0.52361,0.60859,0.50417,0.63828,0.47917,0.63516,0.42778,0.62656,0.45000,0.62422,0.48333,0.65938,0.48194,0.66172,0.42778,0.65234,0.45417,0.64844,0.48611,0.67891,0.49583,0.68281,0.44861,0.67344,0.47778,0.66953,0.50833,0.69688,0.51806,0.70000,0.49306,0.69141,0.51250,0.68828,0.53472,0.59461,0.67585,0.9998,0.73213,0.87629,0.9558,0.66067,0.59066,0.9983,0.66702,0.44443,0.66172,0.59722,81.47,0.9883,live,0.3241,0.1662,80.36,483.52
167755.537434,80.0,0.6100,4,4,0,0.66328,0.61111,0.64375,0.61389,0.62187,0.60556,0.61016,0.60556,0.61641,0.60417,0.64531,0.53056,0.63672,0.53056,0.63047,0.56944,0.62734,0.60417,0.66953,0.53472,0.66328,0.53889,0.65391,0.57778,0.64844,0.60972,0.68828,0.55278,0.68516,0.56528,0.67656,0.59861,0.66953,0.62222,0.70156,0.57778,0.70312,0.59861,0.69844,0.62083,0.69375,0.63333,0.59486,0.68845,0.9998,0.73289,0.90656,0.9570,0.66626,0.66998,0.9983,0.66628,0.47777,0.66328,0.61111,63.04,0.9877,live,0.2982,0.1799,84.72,470.89
167755.600082,80.0,0.6935,4,4,0,0.66719,0.67778,0.64844,0.67639,0.62578,0.66111,0.61250,0.66250,0.62031,0.66667,0.65078,0.58750,0.64375,0.58889,0.63516,0.62778,0.62813,0.66111,0.67422,0.59306,0.67031,0.59167,0.65859,0.63750,0.64922,0.67361,0.69375,0.61111,0.69453,0.62083,0.68281,0.66528,0.67188,0.69306,0.70703,0.63750,0.71250,0.65972,0.70391,0.69028,0.69453,0.70556,0.59901,0.68865,0.9998,0.73315,0.91124,0.9569,0.66962,0.71194,0.9984,0.66646,0.51777,0.66719,0.67778,67.28,0.9978,live,0.2876,0.2394,110.78,462.83
167755.671984,80.0,0.7894,4,4,0,0.66953,0.73194,0.65078,0.71944,0.62891,0.69028,0.61406,0.69583,0.61875,0.70833,0.65000,0.62778,0.63828,0.62500,0.62734,0.66389,0.62031,0.70139,0.67500,0.63333,0.67266,0.62639,0.66016,0.66944,0.64922,0.71250,0.69531,0.65278,0.69688,0.66111,0.68359,0.70556,0.66953,0.73750,0.70859,0.67917,0.71406,0.70278,0.70391,0.73611,0.69141,0.75694,0.60653,0.69455,0.9998,0.73761,0.92766,0.9562,0.67062,0.74350,0.9983,0.66707,0.56061,0.66953,0.73194,74.21,0.9969,live,0.2876,0.2942,135.56,460.72
167755.738052,80.0,0.8775,4,4,0,0.66719,0.74444,0.64922,0.73333,0.62969,0.70833,0.61484,0.71528,0.61641,0.72500,0.64922,0.63611,0.64062,0.64306,0.62891,0.67917,0.61953,0.71667,0.67500,0.64167,0.67344,0.65139,0.66172,0.69444,0.65078,0.73472,0.69531,0.66250,0.69688,0.68472,0.68281,0.72778,0.66953,0.75972,0.71016,0.69306,0.71562,0.72222,0.70469,0.75278,0.69375,0.77361,0.60612,0.69522,0.9998,0.74172,0.93284,0.9563,0.67973,0.79878,0.9981,0.66710,0.59737,0.66719,0.74444,77.60,0.9964,live,0.2986,0.3489,160.97,461.30
167755.803790,80.0,0.9651,4,4,0,0.66406,0.73889,0.64453,0.72361,0.62578,0.69167,0.61016,0.70278,0.61094,0.73194,0.64531,0.63472,0.63672,0.64583,0.62500,0.68889,0.61484,0.73056,0.67266,0.64583,0.67188,0.65833,0.65938,0.70417,0.64766,0.74583,0.69219,0.67083,0.69531,0.68611,0.68047,0.73056,0.66563,0.76250,0.70625,0.70000,0.71172,0.72917,0.70156,0.76111,0.68906,0.78056,0.60721,0.69351,0.9998,0.74146,0.93057,0.9552,0.67945,0.79411,0.9980,0.66649,0.62568,0.66406,0.73889,74.63,0.9964,live,0.3159,0.3943,181.26,459.68
167755.870017,80.0,0.0534,4,1,1,0.65625,0.73611,0.63594,0.72639,0.61641,0.69583,0.60078,0.70694,0.59766,0.72639,0.63438,0.63889,0.62422,0.64444,0.61250,0.68889,0.60156,0.73194,0.66172,0.64861,0.66094,0.64444,0.64766,0.69028,0.63438,0.72917,0.68203,0.66806,0.68359,0.67639,0.66875,0.72500,0.65391,0.75694,0.69688,0.69583,0.70078,0.72083,0.68984,0.75556,0.67891,0.77361,0.60796,0.69272,0.9999,0.74098,0.94045,0.9567,0.68402,0.81294,0.9979,0.66444,0.64776,0.65625,0.73611,72.05,0.9972,live,0.3329,0.4108,187.48,456.40
167755.933361,80.0,0.1379,4,1,1,0.64297,0.73472,0.62109,0.72500,0.59922,0.70694,0.58594,0.71111,0.58516,0.71806,0.62031,0.62917,0.60703,0.63472,0.59375,0.67222,0.58359,0.70833,0.64531,0.63611,0.63828,0.63750,0.62266,0.68056,0.60938,0.71806,0.66484,0.65833,0.66172,0.66389,0.64609,0.70694,0.63125,0.73889,0.67812,0.68750,0.67656,0.70694,0.66484,0.74028,0.65391,0.75972,0.60941,0.69263,0.9999,0.74096,0.93552,0.9571,0.66651,0.78984,0.9978,0.66015,0.66516,0.64297,0.73472,73.47,0.9956,live,0.3523,0.4407,200.30,454.53
167756.001890,80.0,0.2293,4,1,1,0.62500,0.74167,0.60156,0.72361,0.58281,0.70833,0.56797,0.70833,0.55234,0.71389,0.59922,0.62083,0.57969,0.63194,0.56484,0.66250,0.55469,0.68889,0.62109,0.62917,0.60469,0.63194,0.58516,0.66806,0.57109,0.69583,0.63906,0.65278,0.63125,0.65556,0.61328,0.69444,0.60078,0.72222,0.65156,0.68611,0.64687,0.69722,0.63438,0.72500,0.62422,0.74306,0.60888,0.69709,0.9999,0.74247,0.94084,0.9583,0.64424,0.78185,0.9978,0.65312,0.68046,0.62500,0.74167,77.14,0.9957,live,0.3673,0.4355,198.40,455.53
167756.069073,80.0,0.3189,4,1,1,0.62109,0.73750,0.58984,0.71111,0.56875,0.69167,0.55391,0.68472,0.53828,0.68611,0.57656,0.60694,0.55000,0.61944,0.53438,0.64722,0.52344,0.67361,0.59297,0.61806,0.56250,0.62917,0.54141,0.65972,0.52734,0.68611,0.60703,0.64444,0.58437,0.66111,0.56406,0.69167,0.55156,0.71528,0.61953,0.68056,0.60313,0.70000,0.58906,0.72222,0.58047,0.73750,0.60585,0.70154,0.9999,0.73800,0.93996,0.9595,0.61620,0.75040,0.9977,0.64671,0.69187,0.62109,0.73750,80.15,0.9915,live,0.3626,0.3409,156.34,458.57
167756.133908,80.0,0.4053,4,1,1,0.58906,0.72222,0.55391,0.69583,0.53281,0.67222,0.51719,0.65694,0.50391,0.64722,0.53828,0.60556,0.51172,0.61250,0.49141,0.62917,0.47578,0.65000,0.55078,0.61250,0.52031,0.62222,0.49766,0.64722,0.48203,0.67222,0.56328,0.63472,0.53594,0.64861,0.51328,0.67917,0.49922,0.70556,0.57500,0.66806,0.55234,0.68056,0.53438,0.70278,0.52266,0.72500,0.59980,0.70244,0.9999,0.73644,0.92902,0.9604,0.58409,0.72166,0.9977,0.63518,0.69794,0.58906,0.72222,76.80,0.9758,live,0.3626,0.3568,163.70,458.84
167756.200874,80.0,0.4946,4,1,1,0.56016,0.71528,0.51484,0.70000,0.49219,0.67639,0.47656,0.65972,0.46172,0.65139,0.50078,0.59722,0.47656,0.60556,0.45625,0.61528,0.43906,0.62639,0.51328,0.60139,0.47969,0.61528,0.45547,0.63333,0.43750,0.64861,0.52500,0.62083,0.49453,0.63472,0.47266,0.65972,0.45703,0.68472,0.53672,0.65278,0.51328,0.66389,0.49688,0.68194,0.48516,0.70139,0.59318,0.69546,0.9999,0.72367,0.92159,0.9598,0.54577,0.70855,0.9976,0.62018,0.70141,0.56016,0.71528,82.67,0.9962,live,0.3431,0.2543,117.83,463.30
167756.271157,80.0,0.5883,4,1,1,0.53594,0.70417,0.48750,0.69306,0.45625,0.67222,0.43359,0.66389,0.41328,0.65833,0.47344,0.58472,0.44297,0.59722,0.42031,0.61111,0.40313,0.62500,0.48438,0.58750,0.44609,0.59306,0.42344,0.61111,0.40781,0.62500,0.49609,0.60556,0.46250,0.60972,0.43984,0.62917,0.42422,0.64722,0.50625,0.63750,0.48125,0.63472,0.46484,0.64444,0.45156,0.65694,0.59062,0.68295,0.9999,0.69733,0.89973,0.9612,0.52324,0.69424,0.9977,0.60333,0.70196,0.53594,0.70417,85.54,0.9977,live,0.3314,0.2780,130.46,469.29
167756.333063,80.0,0.6708,4,1,1,0.51875,0.68750,0.47266,0.67778,0.44297,0.65556,0.42109,0.64722,0.40234,0.64028,0.46094,0.57083,0.42656,0.57500,0.40391,0.59306,0.38828,0.61250,0.47109,0.57222,0.42969,0.56944,0.40547,0.58889,0.38984,0.60694,0.48125,0.59028,0.44375,0.58611,0.42031,0.60417,0.40547,0.62083,0.48750,0.62222,0.46016,0.61667,0.44141,0.62778,0.42891,0.63889,0.59065,0.66895,0.9999,0.68313,0.89359,0.9631,0.50229,0.67255,0.9978,0.58641,0.69907,0.51875,0.68750,81.73,0.9973,live,0.3205,0.2709,127.81,471.82
167756.404820,80.0,0.7665,4,1,1,0.50938,0.67083,0.46719,0.66528,0.43594,0.64306,0.41406,0.63056,0.39687,0.61944,0.45937,0.55556,0.42344,0.55139,0.40078,0.56944,0.38594,0.59028,0.46875,0.55972,0.42422,0.55278,0.40078,0.57639,0.38672,0.59722,0.47734,0.57778,0.43828,0.56806,0.41484,0.58750,0.39922,0.60833,0.48281,0.60694,0.45391,0.60139,0.43594,0.61389,0.42266,0.62778,0.58572,0.66036,0.9999,0.67698,0.88790,0.9648,0.50375,0.66548,0.9979,0.57101,0.69342,0.50938,0.67083,76.26,0.9973,live,0.3110,0.2676,125.80,470.11
167756.469093,80.0,0.8522,4,1,1,0.51484,0.66944,0.47344,0.66111,0.44219,0.63611,0.41875,0.62500,0.39922,0.61528,0.46406,0.55000,0.42891,0.54861,0.40703,0.56528,0.39141,0.58611,0.47422,0.55417,0.43125,0.54722,0.40703,0.57083,0.39219,0.59028,0.48359,0.57222,0.44531,0.56250,0.42109,0.58333,0.40547,0.60278,0.48984,0.60278,0.46016,0.59306,0.44141,0.60278,0.42812,0.61528,0.58510,0.66204,0.9999,0.68124,0.88878,0.9670,0.50512,0.65846,0.9981,0.55977,0.68862,0.51484,0.66944,78.44,0.9974,live,0.3110,0.2968,139.54,470.17
167756.538056,80.0,0.9442,4,1,1,0.52812,0.67639,0.48594,0.66667,0.45547,0.64028,0.43203,0.62778,0.41328,0.61389,0.48203,0.55417,0.44844,0.55278,0.42500,0.56806,0.40859,0.58750,0.49297,0.55972,0.45000,0.55000,0.42578,0.57222,0.41016,0.58889,0.50313,0.57778,0.46484,0.56944,0.44141,0.58750,0.42578,0.60278,0.50938,0.60972,0.48203,0.60000,0.46328,0.60972,0.45000,0.62083,0.58281,0.66257,0.9999,0.68614,0.88811,0.9688,0.51160,0.65813,0.9982,0.55344,0.68618,0.52812,0.67639,77.01,0.9979,live,0.3043,0.2739,128.52,469.20
167756.600344,80.0,0.0272,4,2,0,0.54922,0.69306,0.51094,0.67917,0.48281,0.65417,0.46016,0.64306,0.44062,0.63333,0.50313,0.57083,0.47344,0.56250,0.45234,0.57778,0.43672,0.59722,0.51562,0.57361,0.47891,0.56250,0.45547,0.58333,0.44062,0.60278,0.52734,0.59167,0.49453,0.58056,0.47266,0.60139,0.45859,0.62083,0.53594,0.62361,0.51250,0.61389,0.49453,0.62361,0.48281,0.63472,0.58336,0.67858,0.9999,0.70715,0.90084,0.9704,0.52944,0.66016,0.9984,0.55260,0.68755,0.54922,0.69306,77.89,0.9973,live,0.2993,0.2763,129.59,468.98
167756.665728,80.0,0.1144,4,2,0,0.57656,0.70694,0.53984,0.69444,0.51094,0.66944,0.48984,0.65556,0.47266,0.63750,0.53359,0.58611,0.50781,0.57917,0.48984,0.59306,0.47734,0.60833,0.54766,0.59028,0.51797,0.58333,0.49766,0.60139,0.48438,0.61944,0.56250,0.60972,0.53750,0.60139,0.51719,0.62222,0.50547,0.64167,0.57500,0.64028,0.55781,0.63194,0.54141,0.64167,0.53047,0.65278,0.58868,0.69806,0.9999,0.71831,0.90310,0.9699,0.56627,0.67437,0.9983,0.55739,0.69143,0.57656,0.70694,77.14,0.9972,live,0.2919,0.2584,121.00,468.24
167756.734132,80.0,0.2056,4,2,0,0.62266,0.72500,0.58984,0.71111,0.56328,0.69028,0.54453,0.68056,0.52969,0.67361,0.58516,0.60000,0.55859,0.60139,0.54297,0.61806,0.53203,0.63194,0.60156,0.60417,0.57188,0.60556,0.55234,0.62778,0.54141,0.64167,0.61641,0.62500,0.59219,0.62778,0.57422,0.64861,0.56328,0.66389,0.62656,0.65833,0.61094,0.66389,0.59844,0.67639,0.58906,0.68611,0.59179,0.70602,0.9999,0.72886,0.90651,0.9691,0.61012,0.69969,0.9982,0.57044,0.69814,0.62266,0.72500,77.24,0.9983,live,0.2729,0.1866,87.24,467.67
167756.802667,80.0,0.2970,4,2,0,0.62266,0.72500,0.58984,0.71111,0.56328,0.69028,0.54453,0.68056,0.52969,0.67361,0.58516,0.60000,0.55859,0.60139,0.54297,0.61806,0.53203,0.63194,0.60156,0.60417,0.57188,0.60556,0.55234,0.62778,0.54141,0.64167,0.61641,0.62500,0.59219,0.62778,0.57422,0.64861,0.56328,0.66389,0.62656,0.65833,0.61094,0.66389,0.59844,0.67639,0.58906,0.68611,0.60334,0.70357,0.9999,0.73936,0.91745,0.9673,0.66139,0.72786,0.9980,0.57044,0.69814,0.62266,0.72500,77.24,0.5990,hold,0.2729,0.1866,87.24,467.67
167756.870559,80.0,0.3875,4,2,0,0.71016,0.74306,0.68828,0.72917,0.67031,0.70000,0.65938,0.70139,0.65859,0.71667,0.69844,0.64444,0.69141,0.64722,0.67734,0.68056,0.66875,0.69722,0.72188,0.66250,0.71953,0.66389,0.70469,0.70278,0.69609,0.71806,0.73906,0.68889,0.73516,0.69444,0.71797,0.72778,0.71016,0.73472,0.75234,0.71944,0.74922,0.72778,0.73594,0.74722,0.73047,0.75000,0.60421,0.71271,0.9999,0.74129,0.94296,0.9651,0.71208,0.79697,0.9979,0.59839,0.70713,0.71016,0.74306,69.18,0.9990,live,0.2498,0.1445,66.66,461.36
167756.933716,80.0,0.4717,4,2,0,0.73359,0.76667,0.71250,0.75139,0.69531,0.72361,0.70234,0.71944,0.72422,0.72917,0.72500,0.65694,0.74766,0.66250,0.75234,0.69306,0.75078,0.72083,0.74844,0.65972,0.77187,0.66806,0.77422,0.70417,0.77031,0.73194,0.76562,0.67361,0.78516,0.68611,0.78516,0.71806,0.78047,0.74028,0.77500,0.69444,0.79063,0.70278,0.79219,0.72500,0.78906,0.74028,0.60391,0.71133,0.9999,0.74495,0.91711,0.9608,0.75991,0.78490,0.9977,0.62543,0.71904,0.73359,0.76667,75.70,0.9889,live,0.2424,0.2089,96.18,460.49
167757.001062,80.0,0.5615,4,2,0,0.77031,0.77917,0.74922,0.75694,0.73984,0.72917,0.75469,0.73194,0.77656,0.74306,0.77422,0.66250,0.78750,0.67500,0.78828,0.71111,0.78516,0.74583,0.80078,0.67500,0.82109,0.66944,0.82500,0.70417,0.82266,0.74028,0.82031,0.69861,0.84219,0.69444,0.84922,0.72639,0.84609,0.75833,0.83203,0.72917,0.85234,0.73056,0.85859,0.75417,0.85703,0.77778,0.60360,0.71071,0.9999,0.72891,0.90297,0.9531,0.78790,0.78061,0.9976,0.65441,0.73106,0.77031,0.77917,85.93,0.9905,live,0.2505,0.2874,134.26,467.10
167757.072883,80.0,0.6573,4,2,0,0.77969,0.77639,0.76641,0.75000,0.76328,0.72500,0.78203,0.73056,0.80547,0.74306,0.79063,0.66250,0.81094,0.66250,0.82266,0.69167,0.83125,0.72222,0.80937,0.66944,0.83203,0.67222,0.84219,0.70417,0.84688,0.73194,0.82266,0.68472,0.84297,0.68194,0.85313,0.70694,0.85859,0.72778,0.82969,0.70556,0.84453,0.70417,0.85156,0.71944,0.85469,0.73333,0.60361,0.71013,0.9999,0.72893,0.90732,0.9509,0.80022,0.79516,0.9976,0.67946,0.74013,0.77969,0.77639,77.43,0.9914,live,0.2698,0.3577,166.97,466.80
167757.135498,80.0,0.7408,4,2,0,0.79297,0.76667,0.78359,0.74722,0.78516,0.73056,0.80625,0.73889,0.82656,0.74722,0.81563,0.65556,0.84062,0.67222,0.85313,0.70139,0.86406,0.72917,0.83437,0.66667,0.85938,0.67639,0.87031,0.70139,0.87813,0.72500,0.84688,0.68611,0.86797,0.68889,0.87813,0.70833,0.88438,0.72639,0.85625,0.71111,0.87266,0.70556,0.88203,0.71250,0.88906,0.72083,0.60353,0.71274,0.9999,0.72782,0.90709,0.9467,0.81100,0.79365,0.9975,0.70216,0.74543,0.79297,0.76667,82.61,0.9988,live,0.2963,0.4171,196.14,470.26
167757.204603,80.0,0.8329,4,2,0,0.81016,0.75833,0.79688,0.74306,0.79766,0.72917,0.81797,0.73750,0.84141,0.74444,0.82812,0.65278,0.85234,0.67917,0.86094,0.71667,0.86328,0.75556,0.85078,0.66250,0.87891,0.66944,0.89297,0.69861,0.89922,0.73194,0.86641,0.68472,0.89297,0.68611,0.90547,0.71389,0.91016,0.74306,0.87578,0.71111,0.89766,0.71111,0.90938,0.72639,0.91406,0.74306,0.60349,0.71103,0.9999,0.72843,0.88400,0.9430,0.82182,0.76206,0.9974,0.72376,0.74801,0.81016,0.75833,82.62,0.9980,live,0.3254,0.4581,216.82,473.32
167757.273813,80.0,0.9252,4,2,0,0.81328,0.75139,0.79922,0.73750,0.79922,0.71944,0.81953,0.72917,0.84219,0.73333,0.83125,0.64861,0.85313,0.66667,0.86094,0.70278,0.86562,0.74028,0.85469,0.66111,0.88203,0.65556,0.89531,0.68472,0.90312,0.71944,0.86953,0.68194,0.89766,0.67917,0.91172,0.70833,0.91797,0.73889,0.87813,0.70833,0.90234,0.71389,0.91328,0.73472,0.91797,0.75556,0.60280,0.71029,0.9999,0.72873,0.88099,0.9392,0.82791,0.74962,0.9975,0.74167,0.74869,0.81328,0.75139,80.94,0.9976,live,0.3511,0.4679,222.16,474.80
167757.335648,80.0,0.0076,4,3,0,0.80469,0.74583,0.78906,0.72639,0.78750,0.70417,0.80781,0.71111,0.82891,0.71944,0.82109,0.63889,0.84297,0.65139,0.85078,0.68611,0.85625,0.72222,0.84609,0.65278,0.87422,0.64444,0.88516,0.67639,0.89141,0.71250,0.86250,0.67361,0.88984,0.67083,0.90234,0.69861,0.90703,0.73056,0.87266,0.70000,0.89531,0.70556,0.90547,0.72639,0.90938,0.74861,0.60274,0.71036,0.9999,0.72835,0.88197,0.9349,0.81846,0.75025,0.9974,0.75427,0.74812,0.80469,0.74583,84.40,0.9983,live,0.3638,0.4216,201.76,478.59
167757.400327,80.0,0.0939,4,3,0,0.79297,0.73194,0.77578,0.71944,0.77109,0.69583,0.78438,0.69306,0.80000,0.69306,0.80234,0.62917,0.81719,0.62917,0.82422,0.65417,0.83125,0.68472,0.82734,0.63750,0.84766,0.62361,0.85703,0.64861,0.86250,0.68056,0.84453,0.65556,0.86484,0.64722,0.87656,0.66944,0.88359,0.69722,0.85469,0.68194,0.87266,0.68333,0.88125,0.70000,0.88516,0.71944,0.60485,0.71031,0.9999,0.73276,0.89301,0.9319,0.81666,0.74421,0.9973,0.76201,0.74488,0.79297,0.73194,79.95,0.9972,live,0.3778,0.4419,211.56,478.73
167757.472742,80.0,0.1904,4,3,0,0.79297,0.73194,0.77578,0.71944,0.77109,0.69583,0.78438,0.69306,0.80000,0.69306,0.80234,0.62917,0.81719,0.62917,0.82422,0.65417,0.83125,0.68472,0.82734,0.63750,0.84766,0.62361,0.85703,0.64861,0.86250,0.68056,0.84453,0.65556,0.86484,0.64722,0.87656,0.66944,0.88359,0.69722,0.85469,0.68194,0.87266,0.68333,0.88125,0.70000,0.88516,0.71944,0.60539,0.70147,0.9999,0.73868,0.88503,0.9331,0.79114,0.69313,0.9974,0.76201,0.74488,0.79297,0.73194,79.95,0.5983,hold,0.3778,0.4419,211.56,478.73
167757.534297,80.0,0.2725,4,3,0,0.73359,0.65694,0.76406,0.62778,0.78203,0.60000,0.78281,0.58056,0.77109,0.57361,0.74844,0.53472,0.74922,0.51250,0.75859,0.52778,0.76719,0.54861,0.73047,0.54722,0.72891,0.52222,0.74062,0.53472,0.74922,0.55833,0.71484,0.57083,0.70937,0.54167,0.71875,0.55139,0.72813,0.57083,0.70156,0.59861,0.69297,0.58194,0.70078,0.58472,0.70937,0.59583,0.60593,0.70141,0.9999,0.75096,0.88929,0.9359,0.75150,0.66633,0.9975,0.73359,0.65694,0.73359,0.65694,75.86,0.9112,live,0.3676,0.3210,152.76,475.90
167757.603704,80.0,0.3650,4,3,0,0.70391,0.59861,0.67812,0.57778,0.65781,0.54583,0.65234,0.52361,0.65938,0.50417,0.67656,0.48194,0.67188,0.43611,0.67266,0.45000,0.67578,0.47361,0.69766,0.48333,0.70078,0.42778,0.69922,0.43889,0.69844,0.46528,0.71719,0.49861,0.72266,0.45000,0.71875,0.46111,0.71406,0.48472,0.73594,0.52222,0.74375,0.48750,0.73828,0.48750,0.73203,0.49861,0.60089,0.69605,0.9999,0.74927,0.85600,0.9384,0.71642,0.59803,0.9977,0.75039,0.71563,0.70391,0.59861,81.08,0.9866,live,0.3484,0.2611,124.61,477.17
167757.668297,80.0,0.4512,4,3,0,0.68359,0.55556,0.65625,0.52083,0.63750,0.49167,0.62813,0.46528,0.62734,0.43611,0.65469,0.42917,0.64844,0.39167,0.63750,0.38056,0.62813,0.38194,0.67109,0.42500,0.66641,0.38333,0.65781,0.36944,0.64844,0.37361,0.68828,0.43056,0.68672,0.39028,0.67812,0.37639,0.66719,0.38194,0.70547,0.44722,0.70703,0.41111,0.69844,0.40139,0.68750,0.40694,0.59583,0.69198,0.9999,0.73662,0.82459,0.9399,0.68740,0.51888,0.9978,0.73703,0.68361,0.68359,0.55556,85.69,0.9872,live,0.3323,0.2587,124.61,481.60
167757.737162,80.0,0.5430,4,3,0,0.66875,0.50139,0.63750,0.46389,0.61797,0.42639,0.60781,0.39306,0.60547,0.36111,0.63516,0.37500,0.62500,0.34167,0.61562,0.32500,0.60781,0.30972,0.64844,0.36806,0.63984,0.33333,0.62969,0.31389,0.62109,0.30278,0.66328,0.36944,0.66016,0.33194,0.65234,0.31528,0.64453,0.30833,0.68047,0.37917,0.67969,0.34167,0.67266,0.33056,0.66406,0.32917,0.59487,0.68890,0.9999,0.72741,0.78906,0.9411,0.66148,0.47272,0.9979,0.72337,0.64717,0.66875,0.50139,86.86,0.9361,live,0.3051,0.1815,88.25,486.35
167757.802028,80.0,0.6295,4,3,0,0.66016,0.44444,0.62734,0.40694,0.60703,0.36667,0.59922,0.32639,0.59609,0.29167,0.62500,0.31944,0.61641,0.28194,0.61094,0.26111,0.60625,0.24167,0.63906,0.31250,0.63438,0.27222,0.63047,0.24861,0.62578,0.23056,0.65312,0.31389,0.65078,0.27500,0.64531,0.25139,0.63828,0.23889,0.66953,0.32222,0.66719,0.28472,0.66094,0.26944,0.65469,0.26250,0.59420,0.68494,0.9999,0.72358,0.72956,0.9419,0.65250,0.42662,0.9980,0.71073,0.60662,0.66016,0.44444,86.31,0.9356,live,0.2949,0.2480,121.54,490.13
167757.867950,80.0,0.7174,4,3,0,0.65547,0.39861,0.62187,0.35556,0.60391,0.31389,0.59766,0.27500,0.59609,0.24167,0.62266,0.26667,0.61172,0.23056,0.60313,0.20694,0.59453,0.18472,0.63672,0.25833,0.63281,0.21528,0.62656,0.18750,0.61953,0.16528,0.65156,0.25972,0.64922,0.21806,0.64219,0.19444,0.63281,0.18333,0.66797,0.27083,0.66719,0.23056,0.66094,0.21250,0.65156,0.20556,0.59306,0.68509,0.9999,0.72204,0.69184,0.9431,0.65242,0.38130,0.9982,0.69968,0.56502,0.65547,0.39861,89.79,0.9793,live,0.2949,0.3114,154.44,495.96
167757.933330,80.0,0.8045,4,3,0,0.65312,0.36111,0.62109,0.32500,0.60313,0.28194,0.59844,0.24028,0.59766,0.20556,0.62266,0.23194,0.61172,0.19583,0.60234,0.17500,0.59219,0.15556,0.63750,0.22083,0.63125,0.17222,0.62109,0.14583,0.60938,0.12917,0.65234,0.21944,0.64922,0.16944,0.63750,0.14861,0.62500,0.14306,0.66797,0.22778,0.66641,0.18333,0.65625,0.16667,0.64297,0.16528,0.59307,0.68520,0.9999,0.71866,0.67806,0.9447,0.65446,0.35481,0.9983,0.69037,0.52424,0.65312,0.36111,89.94,0.9709,live,0.3084,0.3700,185.45,501.20
167758.002879,80.0,0.8973,4,3,0,0.65234,0.33750,0.62266,0.31111,0.60469,0.26944,0.60078,0.22917,0.60156,0.19444,0.62500,0.21806,0.61562,0.18056,0.60625,0.15972,0.59688,0.14167,0.63984,0.20694,0.63438,0.15833,0.62500,0.13194,0.61562,0.11389,0.65469,0.20694,0.65156,0.15694,0.64219,0.13750,0.63047,0.12917,0.66953,0.21528,0.66875,0.17361,0.65859,0.15556,0.64687,0.14722,0.59329,0.68550,0.9999,0.71641,0.67941,0.9452,0.65602,0.34602,0.9984,0.68276,0.48689,0.65234,0.33750,83.99,0.9673,live,0.3197,0.3710,186.05,501.53
167758.073069,80.0,0.9909,4,3,0,0.65312,0.33611,0.62344,0.30694,0.60781,0.26528,0.60391,0.22500,0.60469,0.19167,0.62891,0.21944,0.61875,0.18194,0.61016,0.16250,0.60156,0.14306,0.64375,0.20833,0.63828,0.15972,0.62891,0.13194,0.61875,0.11389,0.65781,0.20833,0.65547,0.15833,0.64453,0.13611,0.63203,0.12500,0.67266,0.21528,0.67188,0.17361,0.66250,0.15556,0.64922,0.14861,0.59275,0.68516,0.9998,0.71591,0.67980,0.9454,0.65508,0.35016,0.9984,0.67684,0.45674,0.65312,0.33611,82.23,0.9713,live,0.3372,0.4172,208.83,500.55
167758.136057,80.0,0.0748,4,4,0,0.65469,0.34583,0.62500,0.31806,0.60938,0.27778,0.60703,0.23750,0.60859,0.20139,0.63203,0.22917,0.62266,0.19167,0.61406,0.17083,0.60547,0.15139,0.64687,0.22083,0.64219,0.17222,0.63281,0.14306,0.62344,0.12222,0.66094,0.22083,0.65938,0.17361,0.64922,0.14861,0.63828,0.13472,0.67656,0.22917,0.67578,0.18750,0.66719,0.16944,0.65547,0.15972,0.59111,0.68491,0.9998,0.71614,0.68346,0.9443,0.65459,0.35616,0.9984,0.67241,0.43456,0.65469,0.34583,81.24,0.9733,live,0.3579,0.4522,225.65,498.98
167758.204591,80.0,0.1662,4,4,0,0.65391,0.36806,0.62578,0.34444,0.60938,0.30417,0.60625,0.26250,0.60781,0.22917,0.63203,0.25278,0.62266,0.21389,0.61328,0.19167,0.60391,0.17639,0.64687,0.24444,0.64297,0.19306,0.63359,0.16667,0.62422,0.15000,0.66172,0.24583,0.66016,0.19583,0.65078,0.17222,0.63984,0.15972,0.67734,0.25694,0.67812,0.21528,0.67031,0.19583,0.65859,0.18611,0.59193,0.68513,0.9998,0.71636,0.69998,0.9454,0.65399,0.36340,0.9985,0.66871,0.42126,0.65391,0.36806,80.14,0.9677,live,0.3689,0.4190,208.16,496.80
167758.268010,80.0,0.2508,4,4,0,0.65234,0.40972,0.62500,0.38889,0.60781,0.34722,0.60469,0.30556,0.60469,0.27361,0.63047,0.28889,0.62266,0.24583,0.61328,0.22639,0.60391,0.21111,0.64687,0.28333,0.64453,0.22778,0.63672,0.20000,0.62734,0.18333,0.66250,0.28889,0.66250,0.23611,0.65547,0.21250,0.64609,0.20000,0.67812,0.30278,0.67891,0.25972,0.67266,0.24028,0.66406,0.23056,0.59369,0.68516,0.9998,0.71904,0.72458,0.9449,0.65405,0.38728,0.9985,0.66543,0.41895,0.65234,0.40972,82.06,0.9704,live,0.3792,0.4261,211.45,496.27
167758.338190,80.0,0.3443,4,4,0,0.65078,0.46111,0.62500,0.44861,0.60625,0.40833,0.60156,0.37639,0.60391,0.34722,0.62969,0.34167,0.62187,0.30000,0.61328,0.28611,0.60313,0.28333,0.64687,0.33472,0.64609,0.28056,0.63906,0.25694,0.63125,0.24583,0.66250,0.34306,0.66484,0.29306,0.65859,0.27500,0.65000,0.27083,0.67891,0.36250,0.68047,0.32222,0.67578,0.31111,0.66875,0.31250,0.59406,0.68471,0.9998,0.72331,0.80830,0.9457,0.65430,0.45701,0.9986,0.66250,0.42738,0.65078,0.46111,81.41,0.9786,live,0.3649,0.2999,148.56,495.33
167758.406617,80.0,0.4356,4,4,0,0.65703,0.56111,0.63125,0.54861,0.61016,0.51528,0.59922,0.48750,0.60469,0.46389,0.62734,0.44167,0.62031,0.39167,0.61172,0.38194,0.60547,0.39722,0.64687,0.43472,0.64687,0.37222,0.64141,0.35972,0.63438,0.37500,0.66641,0.44306,0.66797,0.38472,0.66250,0.37639,0.65625,0.39028,0.68437,0.46389,0.68984,0.42083,0.68594,0.41806,0.67969,0.43333,0.59691,0.67511,0.9998,0.72927,0.84412,0.9454,0.66006,0.55107,0.9987,0.66141,0.45413,0.65703,0.56111,84.74,0.9942,live,0.3413,0.2335,116.02,496.90
167758.470092,80.0,0.5202,4,4,0,0.65625,0.55556,0.63516,0.56250,0.61328,0.56667,0.60313,0.58611,0.60547,0.60139,0.63047,0.51111,0.62422,0.49028,0.61719,0.51528,0.61406,0.54861,0.65234,0.51389,0.65156,0.48194,0.64609,0.50972,0.64219,0.54583,0.67266,0.52500,0.67578,0.50139,0.67188,0.53056,0.66875,0.56250,0.69063,0.54306,0.69766,0.54306,0.69688,0.56528,0.69375,0.58611,0.60459,0.67512,0.9998,0.73517,0.91158,0.9474,0.66959,0.63955,0.9987,0.66038,0.47441,0.65625,0.55556,50.41,0.9909,live,0.3121,0.1794,84.97,473.57
167758.533784,80.0,0.6051,4,4,0,0.66172,0.72083,0.63906,0.72083,0.62109,0.71111,0.60938,0.70833,0.60938,0.71111,0.63594,0.64306,0.62734,0.61667,0.61953,0.63611,0.61172,0.66389,0.65703,0.64583,0.65625,0.61250,0.64844,0.63472,0.64219,0.66667,0.67578,0.65972,0.68047,0.63333,0.67422,0.65417,0.66641,0.68194,0.69141,0.68333,0.70078,0.67500,0.70156,0.69167,0.69922,0.70972,0.60921,0.67847,0.9998,0.74480,0.92432,0.9459,0.67132,0.71908,0.9984,0.66065,0.52370,0.66172,0.72083,60.66,0.9944,live,0.2875,0.1752,80.68,460.42
167758.604680,80.0,0.6997,4,4,0,0.66172,0.76528,0.64141,0.76806,0.62109,0.75972,0.61094,0.76389,0.61406,0.76667,0.64219,0.69306,0.62969,0.67917,0.62031,0.70417,0.61328,0.73194,0.66406,0.69861,0.65859,0.68472,0.65000,0.71250,0.64297,0.74583,0.68281,0.71528,0.68281,0.70972,0.67812,0.73472,0.67109,0.76111,0.69688,0.74028,0.70469,0.74167,0.70469,0.76111,0.70234,0.78194,0.61185,0.68617,0.9998,0.74332,0.95431,0.9443,0.67559,0.82403,0.9977,0.66086,0.57201,0.66172,0.76528,58.02,0.9925,live,0.2809,0.2510,112.20,446.94
167758.669639,80.0,0.7863,4,4,0,0.66797,0.81806,0.64531,0.81528,0.62422,0.79167,0.61016,0.79444,0.61328,0.79861,0.64844,0.73611,0.63438,0.71389,0.62187,0.73750,0.61172,0.77222,0.67109,0.74583,0.66563,0.71944,0.65391,0.74861,0.64219,0.78750,0.68906,0.76806,0.69297,0.74722,0.68359,0.77639,0.67188,0.80694,0.70156,0.79444,0.71172,0.79028,0.71328,0.80833,0.71094,0.82778,0.61550,0.69013,0.9998,0.74285,0.95785,0.9400,0.68283,0.85358,0.9961,0.66228,0.62122,0.66797,0.81806,60.60,0.9899,live,0.2910,0.3368,147.15,436.94
167758.736805,80.0,0.8758,4,4,0,0.66953,0.83194,0.64531,0.83056,0.62187,0.80556,0.60547,0.80556,0.61484,0.79722,0.64687,0.75278,0.63594,0.72917,0.62344,0.75694,0.61328,0.79306,0.67266,0.76111,0.67109,0.73333,0.65781,0.76944,0.64609,0.80972,0.69297,0.77917,0.69531,0.75972,0.68594,0.79167,0.67500,0.82639,0.70703,0.80417,0.71562,0.79861,0.71797,0.82083,0.71641,0.84306,0.61628,0.69892,0.9998,0.74252,0.96795,0.9371,0.68348,0.86199,0.9953,0.66373,0.66337,0.66953,0.83194,63.13,0.9919,live,0.3124,0.4100,176.30,429.96
167758.801133,80.0,0.9616,4,4,0,0.66484,0.83889,0.63984,0.83611,0.61875,0.80278,0.60625,0.80833,0.61328,0.80694,0.64453,0.75417,0.63359,0.73194,0.62031,0.76389,0.60938,0.80139,0.66953,0.76806,0.66797,0.73611,0.65156,0.77639,0.63828,0.81806,0.68984,0.78889,0.69219,0.76111,0.68125,0.79583,0.66875,0.83056,0.70391,0.81667,0.71172,0.80556,0.71328,0.82917,0.71094,0.85417,0.61650,0.70379,0.9998,0.74242,0.98304,0.9328,0.68290,0.85273,0.9951,0.66395,0.69847,0.66484,0.83889,64.62,0.9945,live,0.3416,0.4743,201.54,424.90
167758.871123,80.0,0.0549,4,1,1,0.66016,0.83472,0.63438,0.83194,0.61250,0.79861,0.59766,0.80417,0.60078,0.80833,0.63672,0.75417,0.62734,0.72917,0.61250,0.75972,0.60156,0.79583,0.66172,0.76944,0.65938,0.73750,0.64297,0.77639,0.62891,0.81389,0.68203,0.79028,0.68203,0.76389,0.66953,0.79722,0.65625,0.82778,0.69609,0.81667,0.70156,0.80833,0.69922,0.83333,0.69453,0.85556,0.61941,0.71007,0.9998,0.73788,1.00000,0.9285,0.68314,0.86857,0.9947,0.66319,0.72572,0.66016,0.83472,62.12,0.9965,live,0.3725,0.5132,214.85,418.63
167758.938115,80.0,0.1442,4,1,1,0.64922,0.83472,0.62187,0.82917,0.59844,0.81250,0.58437,0.81111,0.58359,0.80278,0.62578,0.74167,0.60938,0.72917,0.59453,0.75417,0.58203,0.78333,0.64844,0.75556,0.63672,0.73889,0.62031,0.76806,0.60625,0.80000,0.66641,0.78056,0.65938,0.76250,0.64766,0.78750,0.63594,0.81528,0.67812,0.81667,0.67891,0.80972,0.67656,0.82500,0.67188,0.84167,0.61700,0.70970,0.9998,0.73536,1.00000,0.9286,0.66986,0.85826,0.9948,0.66040,0.74752,0.64922,0.83472,63.92,0.9957,live,0.4056,0.5563,230.55,414.42
167759.005443,80.0,0.2340,4,1,1,0.63750,0.85694,0.60781,0.83194,0.58750,0.81111,0.57031,0.80278,0.55391,0.80417,0.60625,0.73333,0.58125,0.72500,0.56250,0.74861,0.54922,0.77222,0.62422,0.74722,0.60469,0.73194,0.58125,0.76250,0.56484,0.79028,0.63906,0.77500,0.63125,0.75833,0.61250,0.77917,0.59844,0.80000,0.65078,0.81250,0.64687,0.80556,0.63594,0.81944,0.62734,0.83194,0.61571,0.70519,0.9998,0.73056,0.98330,0.9284,0.64800,0.85040,0.9943,0.65582,0.76941,0.63750,0.85694,73.81,0.9929,live,0.4304,0.5439,227.24,417.83
167759.069622,80.0,0.3196,4,1,1,0.62031,0.83472,0.58437,0.81250,0.56250,0.79306,0.54609,0.78472,0.53047,0.77917,0.57734,0.71806,0.54688,0.71667,0.52734,0.73611,0.51328,0.75833,0.59219,0.72917,0.56484,0.72639,0.54141,0.75556,0.52500,0.78056,0.60625,0.75694,0.58594,0.75556,0.56328,0.77778,0.54688,0.80139,0.61719,0.79583,0.60625,0.79444,0.58984,0.80556,0.57578,0.81944,0.61565,0.70211,0.9998,0.73097,0.98243,0.9334,0.62988,0.84657,0.9945,0.64872,0.78247,0.62031,0.83472,72.13,0.9894,live,0.4485,0.5306,222.66,419.63
167759.139987,80.0,0.4134,4,1,1,0.59375,0.82083,0.55000,0.80278,0.52578,0.78194,0.50781,0.76667,0.49141,0.75833,0.53672,0.71667,0.50703,0.71667,0.48438,0.72361,0.46641,0.73750,0.54844,0.72500,0.51484,0.72083,0.48984,0.73889,0.47266,0.75556,0.56016,0.74861,0.53359,0.74306,0.50938,0.76389,0.49219,0.78333,0.57109,0.78333,0.55391,0.78194,0.53438,0.79028,0.51875,0.80000,0.61236,0.69276,0.9998,0.72891,0.96905,0.9373,0.59329,0.83468,0.9946,0.63772,0.79014,0.59375,0.82083,74.88,0.9882,live,0.4361,0.3795,160.60,423.19
167759.207915,80.0,0.5040,4,1,1,0.55781,0.81667,0.50781,0.80694,0.47969,0.79028,0.45859,0.78194,0.43984,0.78333,0.49688,0.71250,0.46641,0.71528,0.44219,0.71806,0.42109,0.72361,0.50781,0.71528,0.47109,0.71111,0.44375,0.72083,0.42344,0.73056,0.51875,0.73472,0.48750,0.72639,0.46094,0.73889,0.44219,0.75278,0.52891,0.76806,0.50547,0.76111,0.48594,0.76667,0.47031,0.77639,0.60776,0.68464,0.9998,0.71743,0.95890,0.9403,0.55029,0.81090,0.9949,0.62174,0.79545,0.55781,0.81667,78.38,0.9944,live,0.4149,0.3185,136.58,428.84
167759.269399,80.0,0.5860,4,1,1,0.53516,0.79722,0.48047,0.79306,0.44766,0.77639,0.42422,0.77083,0.40625,0.77361,0.46484,0.69306,0.43359,0.70417,0.40937,0.71111,0.38750,0.72083,0.47500,0.69306,0.43594,0.69583,0.41016,0.70694,0.39141,0.71528,0.48594,0.70972,0.45156,0.70694,0.42656,0.71806,0.40703,0.72917,0.49531,0.74306,0.47031,0.73750,0.45078,0.74306,0.43438,0.75000,0.60692,0.68399,0.9997,0.69919,0.94437,0.9361,0.51676,0.78932,0.9913,0.60442,0.79580,0.53516,0.79722,85.48,0.9981,live,0.4005,0.3349,146.99,438.92
167759.335480,80.0,0.6741,4,1,1,0.51641,0.77222,0.46563,0.77361,0.43516,0.75833,0.41328,0.75556,0.39531,0.75972,0.44766,0.66806,0.41563,0.66806,0.39141,0.68056,0.37266,0.70000,0.45859,0.66806,0.41563,0.66528,0.39062,0.68333,0.37188,0.70000,0.46875,0.68611,0.42969,0.68056,0.40547,0.69306,0.38594,0.70833,0.47656,0.71944,0.44844,0.71528,0.42812,0.71667,0.41094,0.71944,0.60386,0.68413,0.9997,0.69168,0.92991,0.9395,0.50635,0.76381,0.9917,0.58682,0.79109,0.51641,0.77222,84.23,0.9976,live,0.3837,0.3071,137.26,446.89
167759.403131,80.0,0.7643,4,1,1,0.50625,0.74861,0.46172,0.75694,0.43125,0.74306,0.41016,0.74167,0.39297,0.74583,0.44531,0.64444,0.40703,0.64722,0.38281,0.66528,0.36562,0.68750,0.45469,0.64722,0.40781,0.64583,0.38203,0.66944,0.36484,0.69028,0.46406,0.66667,0.42188,0.66250,0.39687,0.67917,0.37969,0.69583,0.46953,0.69861,0.43906,0.69444,0.41953,0.70139,0.40313,0.70556,0.60007,0.68228,0.9997,0.68259,0.91800,0.9434,0.49993,0.75384,0.9922,0.57071,0.78259,0.50625,0.74861,78.91,0.9951,live,0.3661,0.2859,128.69,450.08
167759.474460,80.0,0.8594,4,1,1,0.51016,0.74583,0.46563,0.75278,0.43516,0.73889,0.41406,0.73750,0.39687,0.73889,0.44844,0.64167,0.41250,0.64306,0.38906,0.65833,0.37109,0.68194,0.45859,0.64306,0.41406,0.63889,0.38906,0.66111,0.37266,0.68333,0.46797,0.66111,0.42969,0.65417,0.40469,0.66944,0.38750,0.68750,0.47500,0.69306,0.44531,0.68611,0.42500,0.69167,0.40859,0.70139,0.59751,0.67673,0.9997,0.68033,0.91458,0.9473,0.50066,0.73519,0.9923,0.55860,0.77524,0.51016,0.74583,79.31,0.9961,live,0.3538,0.2976,134.86,453.18
167759.539340,80.0,0.9459,4,1,1,0.52031,0.74722,0.47891,0.75278,0.44922,0.73889,0.42969,0.73611,0.41172,0.73472,0.45859,0.64444,0.42656,0.64306,0.40469,0.65972,0.38828,0.68056,0.46953,0.64167,0.42812,0.63750,0.40469,0.65972,0.38984,0.68056,0.48047,0.65556,0.44297,0.65139,0.41953,0.66944,0.40234,0.68611,0.49062,0.68472,0.46406,0.68194,0.44609,0.69306,0.43125,0.70278,0.59769,0.67691,0.9997,0.68097,0.91387,0.9506,0.50397,0.72979,0.9928,0.55094,0.76964,0.52031,0.74722,79.34,0.9984,live,0.3436,0.2974,135.58,455.92
167759.604944,80.0,0.0334,4,2,0,0.53906,0.75278,0.49922,0.75694,0.46953,0.74306,0.44844,0.73889,0.42969,0.74028,0.47891,0.64861,0.44766,0.64583,0.42734,0.66250,0.41250,0.68611,0.49062,0.64583,0.45312,0.64028,0.43047,0.66389,0.41563,0.68611,0.50313,0.65972,0.46953,0.65278,0.44766,0.67222,0.43281,0.69028,0.51562,0.68889,0.49297,0.68333,0.47656,0.69583,0.46328,0.70972,0.59802,0.68348,0.9997,0.69478,0.91662,0.9535,0.50954,0.72859,0.9932,0.54856,0.76626,0.53906,0.75278,79.12,0.9979,live,0.3363,0.3032,138.92,458.18
167759.672454,80.0,0.1234,4,2,0,0.56563,0.76389,0.52734,0.76528,0.49922,0.75000,0.48047,0.74722,0.46484,0.75000,0.51094,0.66111,0.47891,0.66250,0.45937,0.67778,0.44531,0.69583,0.52344,0.65833,0.48750,0.64722,0.46484,0.66944,0.45078,0.69583,0.53750,0.67222,0.50781,0.66389,0.48516,0.68056,0.47031,0.69861,0.55000,0.70000,0.53047,0.69583,0.51484,0.70417,0.50234,0.71528,0.59900,0.69681,0.9997,0.70684,0.92888,0.9559,0.54755,0.72701,0.9936,0.55198,0.76579,0.56563,0.76389,75.64,0.9979,live,0.3215,0.2538,116.15,457.66
167759.737362,80.0,0.2099,4,2,0,0.59297,0.77500,0.55937,0.77500,0.53281,0.76111,0.51719,0.75833,0.50703,0.76111,0.53828,0.68056,0.51484,0.67917,0.50000,0.69167,0.48672,0.70694,0.55312,0.67500,0.52891,0.66389,0.51094,0.67917,0.49609,0.70000,0.57109,0.68472,0.55234,0.67500,0.53594,0.69028,0.52266,0.70694,0.58750,0.70694,0.57500,0.71111,0.56406,0.72361,0.55547,0.73472,0.59894,0.70823,0.9997,0.72562,0.93267,0.9574,0.58764,0.72877,0.9937,0.56017,0.76763,0.59297,0.77500,75.28,0.9966,live,0.3094,0.2542,116.15,456.94
167759.801784,80.0,0.2958,4,2,0,0.62266,0.79167,0.59766,0.79167,0.57266,0.77917,0.55937,0.77500,0.55703,0.76806,0.58516,0.70278,0.56484,0.69722,0.55156,0.70972,0.53906,0.72500,0.59688,0.70000,0.57812,0.68472,0.56328,0.69722,0.55000,0.71389,0.61094,0.70972,0.59453,0.69722,0.58125,0.70694,0.56953,0.72083,0.62344,0.73194,0.61562,0.72917,0.60859,0.73889,0.60234,0.75139,0.60227,0.71293,0.9997,0.72908,0.93901,0.9573,0.62945,0.77638,0.9940,0.57267,0.77244,0.62266,0.79167,62.53,0.9523,live,0.2924,0.2150,96.13,447.13
167759.872175,80.0,0.3897,4,2,0,0.67266,0.76806,0.64844,0.77222,0.62813,0.76667,0.62031,0.75972,0.62109,0.74861,0.64609,0.69028,0.62891,0.69861,0.61875,0.71250,0.61094,0.72361,0.66328,0.68750,0.64531,0.69583,0.63438,0.71250,0.62734,0.72222,0.67891,0.70278,0.66484,0.71806,0.65781,0.73472,0.65312,0.74167,0.69219,0.72778,0.68750,0.74583,0.68281,0.75833,0.67891,0.76528,0.60464,0.71191,0.9997,0.73358,0.95255,0.9549,0.67847,0.79858,0.9941,0.59267,0.77156,0.67266,0.76806,56.98,0.9843,live,0.2643,0.1365,59.32,434.50
167759.938098,80.0,0.4776,4,2,0,0.71250,0.79306,0.69141,0.77917,0.67734,0.74861,0.67031,0.74306,0.67422,0.74861,0.70391,0.70972,0.69688,0.68472,0.68437,0.70417,0.67812,0.72917,0.72500,0.72361,0.72578,0.69306,0.71094,0.71528,0.69922,0.74444,0.74297,0.74583,0.74844,0.71667,0.73281,0.73472,0.71875,0.75972,0.75938,0.77222,0.76797,0.75417,0.75625,0.76528,0.74453,0.78056,0.60534,0.71763,0.9997,0.72907,0.95724,0.9451,0.71273,0.85775,0.9939,0.61663,0.77586,0.71250,0.79306,64.85,0.9286,live,0.2537,0.2050,87.97,429.05
167760.003131,80.0,0.5643,4,2,0,0.73672,0.81528,0.71797,0.79306,0.70469,0.76111,0.70781,0.75278,0.72344,0.75833,0.73594,0.69306,0.73906,0.67778,0.73281,0.70417,0.72500,0.73472,0.76016,0.70417,0.77500,0.68611,0.76797,0.70556,0.75625,0.73750,0.77891,0.72778,0.79375,0.71389,0.78984,0.73194,0.78359,0.75417,0.79063,0.75972,0.80312,0.75694,0.80391,0.76667,0.80391,0.77778,0.60749,0.72209,0.9998,0.73828,0.95564,0.9430,0.77281,0.84611,0.9943,0.64065,0.78374,0.73672,0.81528,84.52,0.9933,live,0.2537,0.2705,118.58,438.42
167760.067414,80.0,0.6500,4,2,0,0.76484,0.80972,0.74609,0.78889,0.73828,0.75972,0.75391,0.75556,0.77422,0.75972,0.77187,0.69306,0.78125,0.68472,0.78203,0.71528,0.77891,0.75139,0.79766,0.70000,0.81719,0.68194,0.81797,0.70556,0.81484,0.73472,0.81484,0.71944,0.83437,0.70972,0.83828,0.73194,0.83672,0.75417,0.82500,0.74861,0.84062,0.74306,0.84688,0.75000,0.85156,0.75694,0.60760,0.72127,0.9998,0.73108,0.94785,0.9326,0.79047,0.83260,0.9943,0.66549,0.78894,0.76484,0.80972,85.38,0.9951,live,0.2686,0.3367,150.59,447.28
167760.134315,80.0,0.7392,4,2,0,0.78281,0.80000,0.76797,0.77083,0.76406,0.74306,0.78203,0.74583,0.80234,0.75833,0.79766,0.69583,0.81094,0.66944,0.81484,0.68889,0.81563,0.72222,0.82188,0.70694,0.84453,0.67778,0.84922,0.69861,0.84688,0.72917,0.83984,0.72917,0.86328,0.70694,0.86953,0.72500,0.86797,0.75000,0.85000,0.75833,0.86953,0.74583,0.87813,0.75556,0.87969,0.76944,0.60749,0.71999,0.9998,0.73043,0.94053,0.9277,0.79982,0.82751,0.9945,0.68895,0.79115,0.78281,0.80000,83.19,0.9961,live,0.2919,0.3983,180.62,453.51
167760.206003,80.0,0.8348,4,2,0,0.79531,0.78889,0.77969,0.76389,0.77812,0.73889,0.79766,0.74167,0.81875,0.75000,0.81328,0.69028,0.82578,0.66806,0.83203,0.68333,0.83359,0.71528,0.83828,0.70417,0.85859,0.67500,0.86797,0.69028,0.86797,0.72083,0.85547,0.72917,0.87734,0.70694,0.88750,0.72083,0.88672,0.74583,0.86406,0.76111,0.88594,0.75556,0.89531,0.76667,0.89531,0.78611,0.60689,0.71894,0.9998,0.73013,0.93299,0.9256,0.80760,0.82454,0.9946,0.71023,0.79070,0.79531,0.78889,82.41,0.9882,live,0.3193,0.4437,203.38,458.42
167760.268587,80.0,0.9182,4,2,0,0.79844,0.78750,0.78359,0.75972,0.78359,0.73333,0.80547,0.73750,0.82734,0.74167,0.81953,0.68333,0.83125,0.66528,0.83906,0.68056,0.84297,0.71111,0.84453,0.69861,0.86484,0.66806,0.87578,0.68472,0.87734,0.71528,0.86016,0.72361,0.88281,0.70139,0.89453,0.71528,0.89453,0.74167,0.86875,0.75556,0.89062,0.75000,0.90078,0.76111,0.90078,0.78056,0.60663,0.71856,0.9998,0.72971,0.93282,0.9253,0.80977,0.81662,0.9948,0.72787,0.79006,0.79844,0.78750,85.33,0.9844,live,0.3493,0.4859,225.88,464.85
167760.339654,80.0,0.0130,4,3,0,0.79609,0.77917,0.78125,0.75278,0.78047,0.72361,0.80156,0.73056,0.82266,0.73750,0.81797,0.67361,0.82969,0.65972,0.83672,0.67500,0.83984,0.70417,0.84141,0.68750,0.86250,0.66111,0.87109,0.67639,0.87266,0.70694,0.85625,0.71389,0.88047,0.69583,0.89062,0.71111,0.89062,0.73750,0.86406,0.74583,0.88672,0.74167,0.89609,0.75417,0.89609,0.77361,0.60675,0.71820,0.9998,0.73030,0.93222,0.9203,0.80605,0.80778,0.9948,0.74151,0.78788,0.79609,0.77917,84.44,0.9887,live,0.3694,0.4609,216.58,469.86
167760.406015,80.0,0.1014,4,3,0,0.79141,0.77361,0.77344,0.74583,0.77109,0.71389,0.79063,0.71389,0.81250,0.71806,0.80703,0.66389,0.81797,0.64583,0.82344,0.66111,0.82500,0.69306,0.83203,0.67778,0.85156,0.64583,0.85938,0.66389,0.85859,0.69444,0.84844,0.70278,0.87109,0.67917,0.87891,0.69583,0.87578,0.72222,0.85781,0.73472,0.87969,0.72778,0.88672,0.74167,0.88516,0.76250,0.60708,0.71615,0.9998,0.73014,0.93138,0.9188,0.80152,0.78263,0.9949,0.75149,0.78503,0.79141,0.77361,85.00,0.9756,live,0.3801,0.4293,203.78,474.68
167760.470140,80.0,0.1869,4,3,0,0.77500,0.75694,0.75859,0.73194,0.75391,0.69861,0.76953,0.69167,0.78750,0.69306,0.79063,0.65139,0.80000,0.62222,0.80234,0.63611,0.80156,0.66389,0.81328,0.66250,0.83203,0.62500,0.83594,0.64167,0.83281,0.67083,0.82969,0.68333,0.85156,0.65278,0.85625,0.66806,0.85156,0.69306,0.83984,0.71250,0.86172,0.70139,0.86797,0.71667,0.86562,0.73611,0.60708,0.70978,0.9998,0.72972,0.92325,0.9174,0.80060,0.77004,0.9951,0.75619,0.77941,0.77500,0.75694,82.05,0.9765,live,0.3909,0.4400,209.79,476.80
167760.540814,80.0,0.2812,4,3,0,0.75703,0.72917,0.74375,0.70833,0.74062,0.67917,0.74766,0.66806,0.75703,0.65417,0.76953,0.63056,0.77422,0.59167,0.77187,0.59444,0.76719,0.61944,0.78750,0.63611,0.80078,0.58750,0.79609,0.59167,0.78828,0.61806,0.80234,0.65278,0.82188,0.61250,0.81797,0.61528,0.80859,0.63750,0.81406,0.68056,0.83359,0.65972,0.83281,0.65833,0.82422,0.67361,0.61194,0.71007,0.9998,0.73743,0.93369,0.9211,0.78277,0.75014,0.9954,0.75636,0.76936,0.75703,0.72917,74.67,0.9751,live,0.3772,0.3146,148.94,473.34
167760.602457,80.0,0.3634,4,3,0,0.72500,0.68194,0.70469,0.65278,0.69219,0.61528,0.69453,0.59444,0.70625,0.58056,0.71875,0.55694,0.72031,0.51250,0.71953,0.52083,0.71875,0.54861,0.74141,0.56389,0.75391,0.50972,0.74844,0.51806,0.74219,0.54722,0.75938,0.58333,0.77500,0.54028,0.76719,0.54444,0.75703,0.56528,0.77500,0.61389,0.79219,0.58889,0.78828,0.58472,0.77891,0.59306,0.61173,0.70915,0.9998,0.74069,0.93345,0.9234,0.75032,0.69806,0.9957,0.75009,0.75188,0.72500,0.68194,85.34,0.9836,live,0.3661,0.3155,150.78,477.99
167760.669244,80.0,0.4524,4,3,0,0.70469,0.63472,0.68750,0.58611,0.68203,0.54167,0.68437,0.51389,0.68594,0.49028,0.70234,0.49306,0.70000,0.45278,0.68906,0.43750,0.67891,0.43889,0.71641,0.49722,0.72031,0.45000,0.70937,0.43750,0.69688,0.44444,0.73047,0.51111,0.73906,0.46806,0.72656,0.45694,0.71250,0.46389,0.74375,0.53611,0.75469,0.50417,0.74609,0.49167,0.73359,0.49583,0.60637,0.70725,0.9998,0.74052,0.89390,0.9248,0.72172,0.60570,0.9960,0.74101,0.72845,0.70469,0.63472,87.60,0.9850,live,0.3364,0.2013,97.38,483.70
167760.736536,80.0,0.5421,4,3,0,0.68359,0.57500,0.66250,0.52361,0.65312,0.48056,0.65312,0.44861,0.65547,0.41667,0.67422,0.43056,0.66719,0.38889,0.65625,0.36528,0.64766,0.35000,0.68672,0.43056,0.68516,0.38194,0.67500,0.35972,0.66406,0.34861,0.70000,0.43750,0.70391,0.39306,0.69375,0.37083,0.68125,0.36528,0.71250,0.45694,0.72031,0.41806,0.71250,0.40000,0.70000,0.39722,0.59892,0.69998,0.9998,0.73594,0.84938,0.9287,0.68851,0.53488,0.9964,0.72953,0.69776,0.68359,0.57500,88.51,0.9759,live,0.3087,0.1824,89.25,489.38
167760.802055,80.0,0.6295,4,3,0,0.66406,0.50972,0.63906,0.45417,0.62891,0.40556,0.62969,0.36667,0.63281,0.33333,0.64844,0.36111,0.64219,0.32222,0.63438,0.29861,0.62813,0.27639,0.66172,0.36111,0.65859,0.32083,0.65234,0.29167,0.64687,0.26667,0.67578,0.36944,0.67656,0.33194,0.67344,0.30417,0.66875,0.28056,0.69063,0.38611,0.69453,0.35139,0.69063,0.32917,0.68516,0.31111,0.59432,0.69607,0.9998,0.72786,0.81377,0.9333,0.66615,0.46768,0.9967,0.71643,0.66015,0.66406,0.50972,92.02,0.9663,live,0.2933,0.2234,111.01,496.91
167760.873432,80.0,0.7247,4,3,0,0.65469,0.44722,0.62969,0.39444,0.61875,0.34583,0.61953,0.30000,0.62187,0.26250,0.63516,0.30556,0.63047,0.26667,0.62578,0.24028,0.62187,0.21528,0.64922,0.30278,0.64766,0.25972,0.64453,0.23194,0.64219,0.20694,0.66250,0.30694,0.66250,0.26667,0.66094,0.23611,0.65703,0.20972,0.67812,0.32083,0.67969,0.28333,0.67734,0.25972,0.67188,0.24028,0.59186,0.68755,0.9998,0.71878,0.75246,0.9360,0.65449,0.40553,0.9970,0.70408,0.61756,0.65469,0.44722,90.29,0.9637,live,0.2933,0.2781,139.70,502.29
167760.940525,80.0,0.8141,4,3,0,0.65078,0.39722,0.62422,0.34167,0.61250,0.29306,0.61328,0.24722,0.61875,0.21111,0.63203,0.25556,0.62500,0.21667,0.61562,0.19028,0.60781,0.16528,0.64531,0.25000,0.64297,0.20556,0.63594,0.17361,0.62969,0.14444,0.65859,0.25278,0.65781,0.20833,0.65156,0.17917,0.64375,0.15694,0.67266,0.26389,0.67422,0.22083,0.66875,0.19583,0.66094,0.17778,0.58975,0.68739,0.9998,0.70964,0.72177,0.9376,0.64736,0.37208,0.9972,0.69342,0.57350,0.65078,0.39722,90.84,0.9709,live,0.3017,0.3396,172.30,507.42
167761.005276,80.0,0.9005,4,3,0,0.64609,0.35278,0.62031,0.30278,0.61094,0.25556,0.61094,0.20972,0.61719,0.17361,0.62891,0.21944,0.62344,0.18194,0.61484,0.15972,0.60547,0.13889,0.64297,0.21250,0.63906,0.16667,0.63047,0.14028,0.62031,0.11944,0.65625,0.21250,0.65547,0.16528,0.64766,0.13889,0.63672,0.12083,0.67109,0.22083,0.67109,0.17639,0.66406,0.15417,0.65312,0.14028,0.58821,0.68530,0.9998,0.70577,0.68678,0.9379,0.64780,0.34179,0.9974,0.68396,0.52935,0.64609,0.35278,88.46,0.9658,live,0.3201,0.4039,206.10,510.22
167761.068646,80.0,0.9850,4,3,0,0.64375,0.31389,0.61953,0.27361,0.61094,0.22778,0.61172,0.18611,0.61719,0.15556,0.62969,0.19861,0.62344,0.16250,0.61484,0.14167,0.60703,0.12222,0.64297,0.19028,0.63906,0.14722,0.62969,0.12222,0.62031,0.10278,0.65625,0.19028,0.65547,0.14306,0.64687,0.11806,0.63594,0.10000,0.67031,0.19722,0.67109,0.15556,0.66406,0.13333,0.65312,0.11944,0.58846,0.68474,0.9998,0.70351,0.67576,0.9392,0.65028,0.32983,0.9976,0.67592,0.48626,0.64375,0.31389,79.14,0.9519,live,0.3460,0.4641,234.85,505.98
167761.140091,80.0,0.0802,4,4,0,0.64453,0.29444,0.62109,0.25972,0.61172,0.21944,0.61406,0.17917,0.61875,0.14722,0.63359,0.19167,0.62656,0.15694,0.61797,0.13472,0.61016,0.11667,0.64687,0.18333,0.64141,0.14167,0.63281,0.11667,0.62266,0.09722,0.65938,0.18194,0.65781,0.13750,0.64922,0.11250,0.63906,0.09444,0.67266,0.18472,0.67266,0.14722,0.66563,0.12500,0.65547,0.10972,0.58933,0.68358,0.9998,0.70391,0.65386,0.9408,0.65279,0.30726,0.9978,0.66964,0.44790,0.64453,0.29444,73.11,0.9379,live,0.3765,0.5156,256.70,497.90
167761.202644,80.0,0.1636,4,4,0,0.64531,0.29306,0.62187,0.25833,0.61406,0.22083,0.61484,0.18056,0.62031,0.15000,0.63594,0.19722,0.62891,0.16389,0.62109,0.14167,0.61328,0.12361,0.64844,0.18889,0.64453,0.14583,0.63594,0.11944,0.62656,0.09722,0.66094,0.18611,0.65938,0.14167,0.65156,0.11389,0.64141,0.09583,0.67422,0.18889,0.67500,0.15139,0.66875,0.12917,0.65781,0.11250,0.58950,0.68187,0.9998,0.70391,0.65611,0.9411,0.65344,0.31122,0.9979,0.66477,0.41693,0.64531,0.29306,69.53,0.9342,live,0.3989,0.5010,244.60,488.21
167761.270240,80.0,0.2537,4,4,0,0.64687,0.30556,0.62187,0.27083,0.61406,0.23194,0.61641,0.19306,0.62187,0.16111,0.63594,0.20694,0.62969,0.17361,0.62266,0.15000,0.61562,0.13056,0.65000,0.19861,0.64609,0.15972,0.63828,0.13056,0.62969,0.10694,0.66328,0.19861,0.66172,0.15694,0.65391,0.12917,0.64531,0.10694,0.67734,0.20417,0.67812,0.16806,0.67109,0.14583,0.66172,0.13056,0.58993,0.68149,0.9998,0.70422,0.66621,0.9410,0.65427,0.32342,0.9981,0.66119,0.39465,0.64687,0.30556,71.32,0.9459,live,0.4151,0.4888,235.11,480.98
167761.341825,80.0,0.3492,4,4,0,0.64844,0.33750,0.62344,0.30694,0.61484,0.26389,0.61719,0.22222,0.62031,0.19028,0.63594,0.23056,0.63125,0.19028,0.62344,0.16667,0.61562,0.14861,0.65078,0.22639,0.64844,0.18056,0.64141,0.15139,0.63281,0.12639,0.66406,0.22917,0.66406,0.18333,0.65781,0.15417,0.65078,0.13194,0.67734,0.23889,0.67969,0.20000,0.67500,0.17639,0.66719,0.15833,0.58859,0.67956,0.9998,0.70443,0.66946,0.9418,0.65466,0.32959,0.9982,0.65864,0.38322,0.64844,0.33750,73.03,0.9537,live,0.4208,0.4469,212.67,475.84
167761.403208,80.0,0.4310,4,4,0,0.65078,0.38472,0.62500,0.36528,0.61250,0.32083,0.61328,0.27778,0.61875,0.24861,0.63516,0.27639,0.63047,0.23056,0.62266,0.20833,0.61328,0.19444,0.65078,0.27222,0.65000,0.21944,0.64297,0.19167,0.63359,0.17500,0.66563,0.27917,0.66563,0.22639,0.65938,0.20000,0.65000,0.18611,0.68125,0.29306,0.68359,0.24861,0.67812,0.22639,0.67031,0.21667,0.58826,0.67962,0.9998,0.70474,0.73200,0.9419,0.65418,0.38018,0.9983,0.65707,0.38352,0.65078,0.38472,74.60,0.9499,live,0.4133,0.3792,179.14,472.45
167761.471035,80.0,0.5215,4,4,0,0.65312,0.49722,0.62813,0.47500,0.61406,0.43056,0.61094,0.39444,0.61875,0.36250,0.63203,0.36250,0.62813,0.30972,0.62031,0.29028,0.61406,0.29722,0.65078,0.35972,0.65078,0.29444,0.64297,0.28194,0.63594,0.29722,0.66875,0.36806,0.67188,0.30556,0.66484,0.29306,0.65625,0.31111,0.68672,0.38889,0.68984,0.34167,0.68359,0.32778,0.67578,0.33889,0.58969,0.68014,0.9998,0.71171,0.81468,0.9414,0.65449,0.48156,0.9984,0.65628,0.40626,0.65312,0.49722,90.33,0.9862,live,0.4061,0.3733,179.48,480.79
167761.540677,80.0,0.6143,4,4,0,0.66172,0.47917,0.63828,0.47639,0.61406,0.46389,0.60078,0.47778,0.59531,0.49028,0.63359,0.43750,0.63203,0.41944,0.63125,0.45000,0.63203,0.48750,0.65938,0.44306,0.65703,0.41667,0.65469,0.45000,0.65391,0.49028,0.68281,0.45278,0.68203,0.43472,0.67891,0.47361,0.67656,0.50833,0.70312,0.46806,0.70625,0.46944,0.70234,0.49444,0.69922,0.51944,0.59865,0.68064,0.9998,0.71900,0.89564,0.9400,0.66227,0.61789,0.9985,0.65737,0.42084,0.66172,0.47917,54.58,0.9751,live,0.3762,0.2401,111.02,462.40
167761.604447,80.0,0.6994,4,4,0,0.66563,0.71528,0.64219,0.70417,0.62266,0.68194,0.61250,0.67778,0.61172,0.67778,0.63906,0.61667,0.63672,0.58472,0.63594,0.61250,0.63594,0.64167,0.66172,0.62083,0.66484,0.58194,0.66250,0.61944,0.66094,0.65694,0.68281,0.63194,0.68906,0.60000,0.68750,0.63889,0.68359,0.67361,0.70156,0.65278,0.70859,0.63333,0.70859,0.66250,0.70625,0.69167,0.60115,0.69417,0.9998,0.72259,0.93911,0.9427,0.67008,0.72740,0.9986,0.65902,0.47973,0.66563,0.71528,73.84,0.9914,live,0.3520,0.2413,111.02,460.08
167761.670975,80.0,0.7881,4,4,0,0.67188,0.72917,0.65156,0.73472,0.62734,0.73056,0.61797,0.75556,0.62578,0.78056,0.64844,0.67222,0.64062,0.66667,0.63594,0.70000,0.63281,0.73472,0.67266,0.67917,0.67031,0.66528,0.66563,0.70278,0.66094,0.74583,0.69141,0.69583,0.69375,0.69306,0.69063,0.73333,0.68516,0.76667,0.70547,0.71806,0.71328,0.72778,0.71406,0.75833,0.71250,0.78194,0.61329,0.69575,0.9998,0.72865,0.96983,0.9403,0.67659,0.83064,0.9978,0.66159,0.52962,0.67188,0.72917,52.67,0.9958,live,0.3320,0.2412,106.78,442.79
167761.737372,80.0,0.8766,4,4,0,0.66875,0.80278,0.64922,0.80694,0.62578,0.78472,0.61172,0.78056,0.62656,0.77778,0.64922,0.71806,0.64219,0.70139,0.63516,0.73194,0.62813,0.76806,0.67500,0.72361,0.67578,0.70417,0.66641,0.74444,0.65781,0.79028,0.69531,0.74306,0.69922,0.73333,0.69219,0.77361,0.68281,0.80972,0.70937,0.76944,0.71875,0.77222,0.71953,0.80139,0.71406,0.82639,0.61174,0.69951,0.9998,0.73431,0.97055,0.9404,0.69196,0.83756,0.9974,0.66302,0.58425,0.66875,0.80278,66.55,0.9963,live,0.3320,0.3331,145.75,437.57
167761.804036,80.0,0.9655,4,4,0,0.66406,0.81667,0.64453,0.81389,0.62187,0.78611,0.61016,0.78750,0.62578,0.78472,0.64375,0.73056,0.64062,0.70000,0.63359,0.73056,0.62813,0.77361,0.67109,0.74028,0.67656,0.70417,0.66719,0.75000,0.65703,0.79722,0.69219,0.76111,0.69922,0.73750,0.69219,0.78333,0.68281,0.81944,0.70859,0.78611,0.71797,0.78333,0.71562,0.81389,0.70937,0.83889,0.61111,0.70111,0.9998,0.73372,0.95794,0.9391,0.68993,0.85845,0.9972,0.66323,0.63073,0.66406,0.81667,69.05,0.9973,live,0.3461,0.4104,178.43,434.77
167761.869411,80.0,0.0526,4,1,1,0.65781,0.81250,0.63984,0.80972,0.61719,0.78333,0.60391,0.78333,0.61953,0.78333,0.64062,0.72222,0.63594,0.70417,0.62891,0.73194,0.62187,0.77222,0.66719,0.72917,0.67188,0.70972,0.66484,0.75139,0.65469,0.79444,0.68906,0.74722,0.69297,0.73889,0.68828,0.78194,0.67891,0.81667,0.70391,0.77361,0.71328,0.77639,0.71094,0.80694,0.70312,0.83056,0.61221,0.70576,0.9998,0.73336,0.98027,0.9355,0.69161,0.85900,0.9969,0.66215,0.66709,0.65781,0.81250,71.04,0.9982,live,0.3687,0.4716,204.58,433.75
167761.941409,80.0,0.1486,4,1,1,0.65312,0.80417,0.63281,0.80556,0.61172,0.78056,0.59688,0.78194,0.60859,0.77500,0.63125,0.71944,0.62266,0.70139,0.61484,0.73472,0.60703,0.77500,0.65703,0.72917,0.65859,0.70139,0.64922,0.75139,0.63828,0.79444,0.67891,0.74722,0.68203,0.72917,0.67500,0.77500,0.66563,0.81111,0.69453,0.77361,0.70234,0.77222,0.69922,0.80417,0.69297,0.82639,0.61413,0.70690,0.9998,0.73295,0.99136,0.9358,0.68732,0.86145,0.9967,0.66034,0.69450,0.65312,0.80417,67.16,0.9961,live,0.3962,0.5216,224.30,430.05
167762.006414,80.0,0.2353,4,1,1,0.63906,0.80972,0.61562,0.80694,0.59297,0.78889,0.58125,0.78611,0.58906,0.77500,0.61641,0.71667,0.60469,0.69722,0.59375,0.72917,0.58672,0.76389,0.64062,0.72361,0.63594,0.70417,0.62422,0.74722,0.61406,0.78750,0.66016,0.74306,0.66016,0.72778,0.64922,0.76667,0.63906,0.80278,0.67500,0.77222,0.67891,0.77361,0.67344,0.80139,0.66719,0.82361,0.61403,0.70679,0.9998,0.72938,0.98253,0.9354,0.66270,0.84642,0.9965,0.65609,0.71755,0.63906,0.80972,68.34,0.9965,live,0.4193,0.5245,224.31,427.66
167762.072561,80.0,0.3235,4,1,1,0.62109,0.83333,0.59609,0.81250,0.57734,0.79167,0.56328,0.78611,0.54922,0.78472,0.59141,0.70833,0.57188,0.70694,0.55547,0.73194,0.54375,0.75694,0.61094,0.71667,0.59531,0.71111,0.57656,0.74167,0.56328,0.76944,0.62813,0.73889,0.62187,0.73194,0.60547,0.76389,0.59219,0.79028,0.64297,0.76944,0.64297,0.77500,0.63203,0.79861,0.62109,0.81528,0.61123,0.70548,0.9998,0.72773,0.97606,0.9363,0.64431,0.83939,0.9963,0.64909,0.74070,0.62109,0.83333,78.97,0.9873,live,0.4398,0.5333,231.01,433.19
167762.138143,80.0,0.4109,4,1,1,0.59766,0.81944,0.57188,0.79028,0.55547,0.76389,0.54453,0.74306,0.53203,0.72778,0.57031,0.70139,0.54375,0.69444,0.52344,0.70417,0.50859,0.71667,0.58203,0.70972,0.55234,0.70694,0.52969,0.72778,0.51406,0.74861,0.59219,0.73194,0.56797,0.73889,0.54609,0.76250,0.53203,0.78194,0.60078,0.76389,0.58516,0.77639,0.56797,0.79306,0.55469,0.80694,0.60516,0.70382,0.9998,0.71932,0.97453,0.9407,0.60335,0.82507,0.9964,0.63880,0.75645,0.59766,0.81944,68.29,0.9963,live,0.4626,0.5661,243.65,430.38
167762.203037,80.0,0.4975,4,1,1,0.57266,0.81111,0.54922,0.78472,0.53359,0.75694,0.52031,0.73472,0.50625,0.71806,0.53750,0.70972,0.51328,0.69722,0.49297,0.69167,0.47813,0.68750,0.54375,0.71528,0.51719,0.70833,0.49688,0.71250,0.48281,0.71944,0.54922,0.73056,0.52266,0.73194,0.50234,0.74167,0.48984,0.75139,0.55312,0.75417,0.53203,0.76250,0.51641,0.77222,0.50547,0.78333,0.59818,0.70008,0.9998,0.69576,0.96190,0.9443,0.55030,0.81454,0.9963,0.62557,0.76738,0.57266,0.81111,62.45,0.9578,live,0.4696,0.5019,212.65,423.70
167762.271188,80.0,0.5883,4,1,1,0.54453,0.80139,0.50547,0.78056,0.48594,0.75417,0.47344,0.73056,0.46016,0.71389,0.49375,0.70556,0.47187,0.69861,0.45156,0.69861,0.43594,0.70278,0.50156,0.70417,0.47422,0.69722,0.45234,0.70417,0.43750,0.71250,0.50859,0.71528,0.48125,0.70972,0.45703,0.72500,0.44141,0.74167,0.51484,0.73611,0.49297,0.73472,0.47500,0.74444,0.46172,0.75694,0.59234,0.67721,0.9997,0.66396,0.93282,0.9466,0.50566,0.77723,0.9952,0.60936,0.77418,0.54453,0.80139,69.77,0.9877,live,0.4503,0.3620,153.15,423.09
167762.341113,80.0,0.6816,4,1,1,0.51875,0.79167,0.47187,0.78194,0.44219,0.75972,0.42266,0.74444,0.40469,0.73889,0.45859,0.68472,0.43281,0.69722,0.41172,0.70417,0.39375,0.70972,0.46797,0.68333,0.43594,0.68889,0.41250,0.69722,0.39531,0.70556,0.47813,0.69722,0.44688,0.69444,0.42188,0.70556,0.40391,0.71806,0.48750,0.72361,0.46250,0.71944,0.44375,0.72778,0.42969,0.73750,0.59192,0.67777,0.9997,0.65487,0.92383,0.9500,0.49604,0.76998,0.9954,0.59124,0.77768,0.51875,0.79167,80.02,0.9985,live,0.4280,0.3263,140.30,429.93
167762.407768,80.0,0.7704,4,1,1,0.50625,0.76944,0.45937,0.76389,0.42891,0.74583,0.40703,0.74028,0.38906,0.73889,0.44297,0.65278,0.41172,0.66528,0.38828,0.68056,0.37109,0.69861,0.45469,0.65417,0.41484,0.65833,0.38984,0.67778,0.37266,0.69444,0.46641,0.67222,0.43125,0.67083,0.40781,0.69167,0.39141,0.71250,0.47656,0.70556,0.45078,0.70000,0.43281,0.71250,0.42031,0.72778,0.59215,0.67845,0.9997,0.65676,0.91958,0.9532,0.49348,0.75406,0.9955,0.57424,0.77603,0.50625,0.76944,84.95,0.9991,live,0.4074,0.3136,137.84,439.50
167762.474800,80.0,0.8598,4,1,1,0.50625,0.75694,0.46484,0.75833,0.43125,0.74306,0.40937,0.73750,0.39219,0.72917,0.44453,0.64861,0.41172,0.65278,0.38906,0.67083,0.37266,0.69306,0.45781,0.64722,0.41719,0.64722,0.39297,0.67083,0.37734,0.69306,0.47031,0.66250,0.43516,0.65833,0.41250,0.68194,0.39922,0.70417,0.48125,0.69444,0.45547,0.69028,0.43828,0.70417,0.42500,0.72083,0.59200,0.67888,0.9997,0.66136,0.91611,0.9563,0.49748,0.74342,0.9957,0.56064,0.77222,0.50625,0.75694,81.02,0.9989,live,0.3911,0.3167,140.97,445.10
167762.535489,80.0,0.9407,4,1,1,0.52109,0.75694,0.48047,0.76111,0.44844,0.74722,0.42812,0.74306,0.41016,0.73750,0.45937,0.65278,0.42812,0.65556,0.40703,0.67500,0.39219,0.69861,0.47266,0.65139,0.43359,0.65000,0.41094,0.67639,0.39687,0.69861,0.48516,0.66667,0.45078,0.66389,0.42891,0.68889,0.41563,0.71111,0.49766,0.69583,0.47266,0.69167,0.45547,0.70833,0.44297,0.72361,0.59155,0.67865,0.9997,0.66317,0.91137,0.9596,0.50153,0.73435,0.9959,0.55273,0.76916,0.52109,0.75694,79.56,0.9992,live,0.3809,0.3345,150.20,448.97
167762.606473,80.0,0.0354,4,2,0,0.54063,0.76528,0.50156,0.76667,0.46875,0.75417,0.44609,0.74722,0.42891,0.73750,0.48125,0.66111,0.45156,0.66528,0.43203,0.68333,0.41797,0.70417,0.49453,0.65833,0.45703,0.65972,0.43594,0.68611,0.42344,0.71111,0.50781,0.67222,0.47422,0.67500,0.45391,0.70278,0.44141,0.72639,0.52109,0.70000,0.49922,0.70000,0.48281,0.71250,0.47109,0.72639,0.59166,0.67831,0.9997,0.68222,0.91178,0.9619,0.50673,0.73827,0.9962,0.55031,0.76838,0.54063,0.76528,78.80,0.9980,live,0.3638,0.2860,129.21,451.83
167762.668714,80.0,0.1184,4,2,0,0.56328,0.77778,0.52734,0.77778,0.49688,0.76667,0.47578,0.75833,0.46016,0.75000,0.51016,0.67222,0.48281,0.67500,0.46484,0.69167,0.45156,0.71389,0.52344,0.66944,0.49141,0.67222,0.47109,0.69583,0.45937,0.71806,0.53828,0.68194,0.50938,0.68611,0.49375,0.71389,0.48359,0.73889,0.55234,0.70694,0.53438,0.71389,0.52031,0.73056,0.50859,0.74722,0.59564,0.67676,0.9997,0.70228,0.92098,0.9644,0.54978,0.73868,0.9964,0.55291,0.77026,0.56328,0.77778,76.89,0.9961,live,0.3497,0.2852,129.21,452.97
167762.738187,80.0,0.2110,4,2,0,0.59297,0.79167,0.56250,0.79028,0.53516,0.77917,0.51641,0.77778,0.50313,0.77917,0.54219,0.68750,0.51797,0.68889,0.50469,0.70972,0.49531,0.73472,0.55781,0.68611,0.53281,0.68333,0.51641,0.70833,0.50391,0.73194,0.57500,0.70139,0.55781,0.69444,0.54297,0.72083,0.53281,0.74583,0.59219,0.72778,0.58359,0.72917,0.57500,0.74306,0.56719,0.75694,0.60163,0.69243,0.9997,0.72330,0.93304,0.9658,0.59782,0.75842,0.9965,0.56092,0.77454,0.59297,0.79167,75.96,0.9951,live,0.3251,0.2131,96.62,453.31
167762.806173,80.0,0.3017,4,2,0,0.64062,0.76528,0.61953,0.79167,0.58828,0.79861,0.56797,0.78750,0.56563,0.76667,0.58437,0.72083,0.56719,0.72083,0.56484,0.74167,0.56563,0.75417,0.59062,0.69861,0.57422,0.70694,0.58281,0.73889,0.59141,0.75000,0.59844,0.68472,0.58516,0.70278,0.59609,0.73333,0.60547,0.74444,0.60859,0.67778,0.59688,0.69306,0.60469,0.71944,0.61172,0.72778,0.60550,0.70440,0.9997,0.73895,0.93769,0.9657,0.64029,0.79689,0.9965,0.57686,0.77269,0.64062,0.76528,69.45,0.7213,live,0.2970,0.1690,75.88,448.92
167762.871324,80.0,0.3885,4,2,0,0.66563,0.79167,0.64687,0.80139,0.63047,0.79167,0.62813,0.78472,0.63203,0.77778,0.64531,0.69583,0.64687,0.72500,0.64609,0.76111,0.64375,0.76667,0.66797,0.69444,0.66875,0.73194,0.66563,0.76806,0.66250,0.76528,0.68672,0.70972,0.68516,0.74583,0.68125,0.77778,0.67812,0.77917,0.70078,0.73194,0.70312,0.75556,0.69844,0.77917,0.69375,0.78472,0.61843,0.71983,0.9998,0.74926,0.97008,0.9628,0.70587,0.85489,0.9961,0.59461,0.77649,0.66563,0.79167,70.41,0.9834,live,0.2666,0.1281,57.10,445.74
167762.936790,80.0,0.4758,4,2,0,0.66563,0.79167,0.64687,0.80139,0.63047,0.79167,0.62813,0.78472,0.63203,0.77778,0.64531,0.69583,0.64687,0.72500,0.64609,0.76111,0.64375,0.76667,0.66797,0.69444,0.66875,0.73194,0.66563,0.76806,0.66250,0.76528,0.68672,0.70972,0.68516,0.74583,0.68125,0.77778,0.67812,0.77917,0.70078,0.73194,0.70312,0.75556,0.69844,0.77917,0.69375,0.78472,0.61579,0.72066,0.9998,0.74298,0.96572,0.9566,0.74264,0.86120,0.9957,0.59461,0.77649,0.66563,0.79167,70.41,0.5901,hold,0.2666,0.1281,57.10,445.74
167763.003661,80.0,0.5650,4,2,0,0.76484,0.76250,0.75078,0.75139,0.75078,0.74722,0.76016,0.75833,0.77812,0.76806,0.78906,0.72361,0.80781,0.71806,0.81250,0.73056,0.81484,0.74861,0.80703,0.74722,0.83203,0.74167,0.84375,0.75417,0.85234,0.77083,0.81719,0.77083,0.84141,0.76667,0.85391,0.77778,0.86250,0.78889,0.82188,0.79583,0.84219,0.79722,0.85547,0.80417,0.86562,0.81389,0.61203,0.71859,0.9998,0.72113,0.92074,0.9456,0.78835,0.82748,0.9958,0.62866,0.77369,0.76484,0.76250,60.14,0.8332,live,0.2601,0.2306,100.45,435.56
167763.075119,80.0,0.6603,4,2,0,0.79609,0.75972,0.79453,0.76111,0.80547,0.75972,0.82188,0.76667,0.84062,0.77083,0.84453,0.72639,0.87422,0.73194,0.89219,0.75278,0.90312,0.77778,0.85078,0.73333,0.88125,0.73194,0.89531,0.75694,0.90156,0.78611,0.84922,0.74167,0.87656,0.73750,0.88672,0.75833,0.88984,0.78194,0.84375,0.75000,0.86328,0.74583,0.87187,0.75833,0.87422,0.77500,0.61139,0.71758,0.9998,0.72360,0.91996,0.9428,0.80983,0.82513,0.9958,0.79609,0.75972,0.79609,0.75972,54.36,0.7797,live,0.3475,0.7453,314.83,422.43
167763.140986,80.0,0.7481,4,2,0,0.82266,0.77917,0.80625,0.76944,0.80859,0.76250,0.82812,0.77500,0.85234,0.78889,0.84219,0.70278,0.85938,0.70000,0.87031,0.72639,0.87734,0.76111,0.86484,0.71806,0.88906,0.70556,0.90234,0.73194,0.91172,0.76528,0.87891,0.74167,0.90234,0.73056,0.91641,0.75278,0.92500,0.77917,0.88516,0.76944,0.90547,0.76389,0.91875,0.77361,0.93047,0.78750,0.61088,0.71705,0.9998,0.72929,0.91281,0.9375,0.83262,0.80146,0.9957,0.66746,0.77478,0.82266,0.77917,70.84,0.9824,live,0.4190,0.7447,314.83,422.75
167763.203807,80.0,0.8318,4,2,0,0.82500,0.77778,0.81328,0.76528,0.81719,0.75278,0.84141,0.76806,0.86562,0.77639,0.85156,0.68472,0.86875,0.69722,0.87813,0.72639,0.88359,0.75972,0.87500,0.70278,0.90000,0.69444,0.91250,0.72083,0.91875,0.75278,0.88828,0.72917,0.91406,0.72222,0.92812,0.74722,0.93516,0.77500,0.89375,0.75972,0.91719,0.76250,0.92969,0.77778,0.93672,0.79306,0.60969,0.71617,0.9998,0.73075,0.91114,0.9348,0.83354,0.79177,0.9958,0.69897,0.77538,0.82500,0.77778,81.05,0.9921,live,0.4752,0.7315,314.83,430.37
167763.272644,80.0,0.9236,4,2,0,0.82422,0.78056,0.81094,0.76667,0.81250,0.75139,0.83594,0.76250,0.86016,0.76944,0.84688,0.68333,0.86562,0.69444,0.87578,0.72222,0.88359,0.75417,0.87109,0.70000,0.89687,0.69167,0.90938,0.71806,0.91563,0.75139,0.88516,0.72500,0.91172,0.71944,0.92422,0.74306,0.93125,0.77083,0.89141,0.75556,0.91406,0.75694,0.92500,0.77222,0.93203,0.78889,0.60846,0.71534,0.9998,0.73152,0.90451,0.9321,0.83838,0.77715,0.9957,0.72402,0.77642,0.82422,0.78056,81.06,0.9953,live,0.5137,0.6893,301.27,437.09
167763.342096,80.0,0.0162,4,3,0,0.81719,0.78194,0.80312,0.76389,0.80469,0.74444,0.82891,0.75556,0.85313,0.76667,0.83906,0.68333,0.85625,0.68889,0.86641,0.71806,0.87344,0.75278,0.86328,0.69861,0.88984,0.68333,0.90234,0.71111,0.91016,0.74583,0.87813,0.72361,0.90469,0.71389,0.91797,0.73889,0.92578,0.76667,0.88594,0.75139,0.90859,0.75278,0.91953,0.76806,0.92656,0.78750,0.60827,0.71479,0.9998,0.73215,0.90428,0.9310,0.83626,0.77324,0.9957,0.74265,0.77752,0.81719,0.78194,82.16,0.9969,live,0.5352,0.6330,280.91,443.80
167763.408744,80.0,0.1051,4,3,0,0.81016,0.77639,0.79375,0.75972,0.79141,0.73889,0.81250,0.74722,0.83359,0.75833,0.82500,0.67222,0.84141,0.68194,0.85078,0.70833,0.85703,0.74167,0.85000,0.68472,0.87500,0.67500,0.88516,0.70278,0.89062,0.73889,0.86797,0.70694,0.89219,0.70000,0.90469,0.72500,0.91016,0.75417,0.87813,0.73611,0.89922,0.73750,0.90938,0.75278,0.91328,0.77222,0.60829,0.71464,0.9998,0.73344,0.90465,0.9294,0.82866,0.77439,0.9957,0.75615,0.77730,0.81016,0.77639,83.65,0.9948,live,0.5420,0.5728,258.21,450.76
167763.471889,80.0,0.1893,4,3,0,0.79922,0.75417,0.78125,0.74583,0.77734,0.72639,0.78984,0.73194,0.80469,0.73611,0.80781,0.66528,0.82500,0.66389,0.83359,0.68472,0.84141,0.71111,0.83203,0.67361,0.85313,0.66389,0.86406,0.68472,0.87109,0.71389,0.84844,0.69167,0.86875,0.68472,0.88203,0.70417,0.88906,0.73056,0.85781,0.71667,0.87500,0.71667,0.88359,0.73194,0.88828,0.75000,0.60956,0.71015,0.9998,0.73452,0.90731,0.9254,0.82022,0.77426,0.9957,0.76477,0.77267,0.79922,0.75417,72.55,0.9965,live,0.5305,0.4783,214.70,448.91
167763.543799,80.0,0.2852,4,3,0,0.76719,0.72083,0.79141,0.69583,0.80469,0.66667,0.81563,0.65139,0.82578,0.64722,0.77812,0.59722,0.80000,0.60972,0.81719,0.64306,0.83281,0.67083,0.76406,0.61111,0.78281,0.61528,0.80312,0.64167,0.82031,0.66667,0.75156,0.64028,0.75781,0.63333,0.77266,0.64861,0.78672,0.66250,0.74062,0.67500,0.73438,0.67083,0.74062,0.67083,0.74922,0.67222,0.61218,0.70677,0.9998,0.74786,0.90744,0.9291,0.78469,0.72208,0.9959,0.79031,0.75194,0.76719,0.72083,72.58,0.9721,live,0.5216,0.4809,215.11,447.30
167763.607949,80.0,0.3707,4,3,0,0.73203,0.65833,0.75156,0.62222,0.76250,0.58889,0.76250,0.56944,0.75781,0.56528,0.73047,0.52917,0.72109,0.50556,0.73359,0.53056,0.74609,0.55278,0.71406,0.54167,0.70234,0.51389,0.71719,0.53611,0.73047,0.55972,0.70156,0.56250,0.68672,0.53056,0.70078,0.54722,0.71406,0.56667,0.69219,0.59028,0.67891,0.56944,0.68672,0.57222,0.69688,0.58056,0.61212,0.70471,0.9999,0.75843,0.90977,0.9315,0.74251,0.67543,0.9960,0.77866,0.73322,0.73203,0.65833,79.17,0.9332,live,0.4947,0.3722,167.71,450.63
167763.675169,80.0,0.4603,4,3,0,0.69531,0.55278,0.67266,0.54167,0.65234,0.51806,0.63984,0.49722,0.63984,0.47361,0.66172,0.43889,0.65312,0.38750,0.64609,0.39444,0.64531,0.41944,0.68047,0.43333,0.67500,0.37500,0.66875,0.39028,0.66719,0.42361,0.69922,0.43889,0.69609,0.38750,0.68828,0.40139,0.68594,0.43056,0.71875,0.45278,0.71641,0.41806,0.70937,0.42500,0.70859,0.44583,0.60527,0.70055,0.9998,0.75712,0.84130,0.9351,0.70819,0.54160,0.9963,0.75087,0.72869,0.69531,0.55278,83.09,0.9893,live,0.4692,0.3531,161.14,456.37
167763.743750,80.0,0.5518,4,3,0,0.67812,0.49583,0.64844,0.45417,0.63047,0.41806,0.62109,0.38472,0.61875,0.35278,0.64766,0.36667,0.63984,0.33194,0.63359,0.31111,0.62813,0.28889,0.66172,0.36389,0.65781,0.32778,0.65156,0.30417,0.64531,0.28194,0.67656,0.36806,0.67500,0.33472,0.67109,0.31250,0.66563,0.29444,0.69141,0.38056,0.69219,0.34583,0.68984,0.32917,0.68516,0.31389,0.60142,0.68817,0.9998,0.75282,0.76789,0.9395,0.67236,0.45830,0.9966,0.73632,0.68212,0.67812,0.49583,84.94,0.9585,live,0.4375,0.2930,135.61,462.76
167763.806252,80.0,0.6351,4,3,0,0.66016,0.38333,0.63359,0.36111,0.61641,0.32083,0.61016,0.28333,0.60938,0.25000,0.63203,0.26806,0.62422,0.22083,0.61406,0.20278,0.60313,0.19444,0.64687,0.25972,0.64062,0.20694,0.63125,0.18333,0.61953,0.17083,0.66250,0.26111,0.65938,0.20972,0.65078,0.18750,0.63984,0.17639,0.67812,0.27222,0.67734,0.23056,0.67188,0.20833,0.66328,0.19722,0.59868,0.68754,0.9998,0.74536,0.71210,0.9431,0.65892,0.38817,0.9969,0.72109,0.62236,0.66016,0.38333,80.85,0.9662,live,0.4139,0.3063,142.59,465.44
167763.871128,80.0,0.7216,4,3,0,0.65703,0.34722,0.62891,0.30694,0.61328,0.26528,0.60781,0.22500,0.60781,0.19167,0.62969,0.21944,0.62031,0.18194,0.61172,0.16111,0.60156,0.14306,0.64297,0.20972,0.63750,0.16389,0.62813,0.13889,0.61719,0.11806,0.65703,0.20833,0.65469,0.16250,0.64609,0.13611,0.63438,0.11944,0.67266,0.21667,0.67188,0.17361,0.66563,0.15000,0.65547,0.13611,0.59881,0.68559,0.9998,0.73419,0.67239,0.9461,0.65743,0.32819,0.9971,0.70828,0.56733,0.65703,0.34722,87.55,0.9668,live,0.4139,0.3897,184.20,472.63
167763.942164,80.0,0.8163,4,3,0,0.65469,0.32639,0.62656,0.27917,0.61250,0.23611,0.60938,0.19444,0.61172,0.16111,0.63125,0.20000,0.62266,0.16389,0.61562,0.13889,0.60938,0.11389,0.64375,0.19167,0.63906,0.15000,0.63359,0.12222,0.62734,0.09722,0.65625,0.19028,0.65391,0.15000,0.64766,0.12083,0.64062,0.09861,0.66953,0.19722,0.66875,0.15694,0.66328,0.13333,0.65625,0.11528,0.59944,0.68293,0.9998,0.72491,0.64078,0.9478,0.65744,0.30758,0.9974,0.69756,0.51915,0.65469,0.32639,84.45,0.9658,live,0.4227,0.4626,220.55,476.71
167764.006344,80.0,0.9019,4,3,0,0.64922,0.29167,0.62266,0.25556,0.60938,0.21389,0.60703,0.17361,0.61016,0.14028,0.62813,0.17639,0.62187,0.14167,0.61406,0.12222,0.60547,0.10556,0.64219,0.16667,0.63750,0.12361,0.62734,0.10000,0.61719,0.08194,0.65547,0.16528,0.65391,0.11944,0.64531,0.09583,0.63359,0.08056,0.66953,0.17083,0.67031,0.13056,0.66250,0.11111,0.65078,0.09861,0.59955,0.68152,0.9998,0.71877,0.62461,0.9484,0.65700,0.29799,0.9975,0.68789,0.47365,0.64922,0.29167,80.42,0.9705,live,0.4427,0.5340,254.92,477.41
167764.073021,80.0,0.9908,4,3,0,0.64531,0.28472,0.62109,0.25278,0.60781,0.21389,0.60625,0.17500,0.61016,0.14722,0.62813,0.17778,0.62031,0.14583,0.61250,0.12778,0.60391,0.11111,0.64062,0.16944,0.63516,0.12639,0.62656,0.10417,0.61719,0.08611,0.65391,0.16806,0.65156,0.12222,0.64219,0.09861,0.63125,0.08472,0.66797,0.17222,0.66719,0.13333,0.65859,0.11250,0.64609,0.10278,0.59635,0.67855,0.9998,0.71618,0.62234,0.9493,0.65565,0.29133,0.9977,0.67938,0.43586,0.64531,0.28472,75.12,0.9691,live,0.4648,0.5657,268.24,474.21
167764.142893,80.0,0.0840,4,4,0,0.64687,0.29722,0.62187,0.26667,0.60938,0.22639,0.60781,0.18750,0.61172,0.15556,0.62891,0.19167,0.62187,0.15833,0.61328,0.13889,0.60469,0.12222,0.64141,0.18333,0.63672,0.14306,0.62813,0.11806,0.61875,0.09861,0.65391,0.18333,0.65234,0.14028,0.64453,0.11528,0.63438,0.09722,0.66875,0.18750,0.66875,0.15000,0.66172,0.12917,0.65078,0.11528,0.59429,0.67862,0.9998,0.71624,0.63929,0.9490,0.65493,0.30903,0.9978,0.67288,0.40814,0.64687,0.29722,74.15,0.9709,live,0.4919,0.6153,289.61,470.69
167764.206976,80.0,0.1694,4,4,0,0.64922,0.31389,0.62187,0.28472,0.60938,0.24583,0.60938,0.20417,0.61406,0.17361,0.63125,0.21250,0.62422,0.17778,0.61562,0.15556,0.60781,0.13889,0.64453,0.20417,0.63984,0.16250,0.63047,0.13611,0.62109,0.11528,0.65781,0.20417,0.65547,0.15972,0.64687,0.13333,0.63750,0.11528,0.67266,0.20833,0.67188,0.16944,0.66406,0.14861,0.65391,0.13611,0.59441,0.68257,0.9998,0.71674,0.64331,0.9490,0.65493,0.31845,0.9979,0.66814,0.38929,0.64922,0.31389,72.64,0.9671,live,0.5134,0.6113,285.19,466.51
167764.277067,80.0,0.2628,4,4,0,0.65156,0.34722,0.62656,0.32500,0.61250,0.28194,0.61094,0.24028,0.61406,0.20833,0.63281,0.24306,0.62656,0.20139,0.61797,0.18194,0.60859,0.16667,0.64766,0.23611,0.64375,0.18889,0.63516,0.16250,0.62578,0.14306,0.66172,0.23750,0.65938,0.19028,0.65234,0.16389,0.64297,0.14444,0.67578,0.24722,0.67656,0.20556,0.67109,0.18333,0.66250,0.16806,0.59304,0.67448,0.9998,0.71961,0.68231,0.9487,0.65601,0.32686,0.9980,0.66483,0.38087,0.65156,0.34722,73.09,0.9544,live,0.5134,0.5083,235.41,463.16
167764.339668,80.0,0.3463,4,4,0,0.65078,0.39444,0.62578,0.37917,0.61094,0.33611,0.60938,0.29861,0.61250,0.26944,0.63281,0.28889,0.62891,0.24167,0.62031,0.22361,0.61016,0.21944,0.64844,0.28194,0.64844,0.22639,0.64062,0.20278,0.63047,0.20000,0.66406,0.28750,0.66563,0.23194,0.65859,0.21111,0.65000,0.20833,0.67969,0.30000,0.68203,0.25556,0.67656,0.23472,0.66797,0.22778,0.59104,0.67452,0.9998,0.71980,0.74747,0.9505,0.65656,0.39965,0.9982,0.66202,0.38359,0.65078,0.39444,74.60,0.9436,live,0.5134,0.5134,236.83,461.29
167764.408287,80.0,0.4378,4,4,0,0.65234,0.51389,0.62734,0.49583,0.60859,0.45972,0.60078,0.42500,0.60859,0.40000,0.62734,0.38333,0.62656,0.31944,0.62266,0.31250,0.62031,0.33333,0.64453,0.38056,0.64453,0.31250,0.64141,0.31667,0.63984,0.34306,0.66250,0.38750,0.66406,0.32500,0.65938,0.33611,0.65703,0.36250,0.68047,0.40417,0.68203,0.35833,0.67734,0.36250,0.67500,0.38194,0.59358,0.67456,0.9998,0.72572,0.81925,0.9514,0.65562,0.49576,0.9983,0.66008,0.40965,0.65234,0.51389,88.07,0.9836,live,0.4777,0.3148,147.75,469.34
167764.474526,80.0,0.5261,4,4,0,0.65469,0.64167,0.63047,0.63750,0.60781,0.61667,0.59609,0.60278,0.59766,0.58472,0.61719,0.53472,0.61328,0.49444,0.60938,0.53194,0.60859,0.56667,0.63906,0.53333,0.63828,0.48750,0.63359,0.52917,0.63125,0.56667,0.66016,0.54444,0.66016,0.50556,0.65547,0.54861,0.65156,0.58194,0.67891,0.56389,0.68125,0.55000,0.67578,0.58194,0.67266,0.60694,0.60325,0.67461,0.9998,0.74144,0.88893,0.9513,0.66688,0.63656,0.9983,0.65900,0.45605,0.65469,0.64167,79.25,0.9836,live,0.4342,0.2364,111.12,470.08
167764.538314,80.0,0.6112,4,4,0,0.62969,0.65000,0.61016,0.68333,0.60078,0.72083,0.60078,0.74861,0.60391,0.77639,0.63125,0.67917,0.63594,0.71667,0.63672,0.74583,0.63594,0.77917,0.64922,0.67639,0.64844,0.73194,0.64687,0.76944,0.64609,0.79861,0.66016,0.67917,0.66250,0.73056,0.66172,0.76528,0.66094,0.79167,0.66797,0.68611,0.67500,0.72361,0.67656,0.75417,0.67734,0.77639,0.60700,0.68221,0.9998,0.75350,0.88147,0.9505,0.67341,0.76818,0.9973,0.65314,0.49484,0.62969,0.65000,38.81,0.9440,live,0.4028,0.2596,114.65,441.62
167764.604984,80.0,0.7001,4,4,0,0.64531,0.76667,0.63203,0.80278,0.61641,0.82500,0.60625,0.84583,0.60078,0.86806,0.63828,0.75694,0.63281,0.78194,0.62891,0.81944,0.62734,0.85556,0.65312,0.74583,0.65078,0.78056,0.64609,0.82639,0.64141,0.86528,0.66172,0.74444,0.66172,0.78333,0.65547,0.82917,0.65000,0.86667,0.66641,0.75139,0.66172,0.78194,0.65625,0.81528,0.65156,0.84583,0.60666,0.69450,0.9999,0.76370,0.89411,0.9505,0.68111,0.83802,0.9962,0.65158,0.54921,0.64531,0.76667,23.70,0.6964,live,0.4006,0.2301,93.34,405.69
167764.675936,80.0,0.7947,4,4,0,0.64922,0.86389,0.63047,0.85278,0.61328,0.84583,0.60625,0.85417,0.60625,0.86944,0.63359,0.75417,0.62187,0.78611,0.61172,0.83194,0.60625,0.86250,0.65547,0.76250,0.64531,0.80000,0.63438,0.84167,0.62578,0.87083,0.67422,0.78333,0.66797,0.82500,0.66172,0.86250,0.65625,0.88611,0.68828,0.81389,0.68750,0.85000,0.68203,0.87917,0.67812,0.89722,0.60687,0.69387,0.9999,0.76008,0.89793,0.9488,0.68632,0.84353,0.9957,0.65110,0.61214,0.64922,0.86389,74.67,0.9877,live,0.4006,0.4110,168.83,410.77
167764.738522,80.0,0.8781,4,4,0,0.66094,0.86111,0.64219,0.85000,0.62187,0.83750,0.60938,0.85139,0.60625,0.87222,0.63438,0.75278,0.62656,0.77778,0.61797,0.81806,0.61094,0.85000,0.65938,0.75833,0.65547,0.78889,0.64453,0.83472,0.63438,0.86528,0.68047,0.78056,0.68203,0.81250,0.66953,0.85833,0.65703,0.88472,0.69531,0.81111,0.69844,0.85417,0.69063,0.89167,0.68281,0.90972,0.60675,0.69937,0.9999,0.75874,0.91345,0.9483,0.69031,0.84179,0.9952,0.65307,0.66194,0.66094,0.86111,76.14,0.9995,live,0.4168,0.4907,204.28,416.30
167764.805265,80.0,0.9671,4,4,0,0.66641,0.82917,0.64219,0.82083,0.61953,0.80694,0.60469,0.82778,0.60469,0.85417,0.63750,0.74306,0.62891,0.75694,0.61953,0.79861,0.61094,0.83472,0.66641,0.75417,0.66094,0.76528,0.64766,0.80972,0.63594,0.84722,0.68750,0.77778,0.68594,0.79444,0.67188,0.83889,0.65703,0.87222,0.70156,0.80972,0.70234,0.83889,0.69375,0.87361,0.68359,0.89444,0.60702,0.69968,0.9999,0.75545,0.92319,0.9467,0.68911,0.85197,0.9949,0.65574,0.69538,0.66641,0.82917,67.09,0.9997,live,0.4405,0.5487,227.49,414.64
167764.871019,80.0,0.0548,4,1,1,0.66641,0.82361,0.63984,0.81667,0.61719,0.80139,0.60234,0.81667,0.60313,0.83611,0.63750,0.72639,0.62500,0.75000,0.61172,0.79306,0.60156,0.82917,0.66406,0.73750,0.65781,0.75139,0.64062,0.79583,0.62734,0.83194,0.68359,0.76250,0.68281,0.77778,0.66641,0.81667,0.65078,0.85000,0.69688,0.79722,0.69688,0.82778,0.68672,0.85833,0.67500,0.87639,0.60698,0.70075,0.9999,0.75523,0.92247,0.9474,0.68528,0.84207,0.9947,0.65787,0.72103,0.66641,0.82361,69.04,0.9989,live,0.4678,0.5922,245.54,414.59
167764.939777,80.0,0.1465,4,1,1,0.65859,0.81389,0.63359,0.81389,0.61172,0.80000,0.59766,0.80972,0.59453,0.81944,0.63125,0.71944,0.61875,0.73472,0.60625,0.77639,0.59609,0.81250,0.65625,0.72917,0.65000,0.73750,0.63438,0.78472,0.62109,0.81944,0.67578,0.75278,0.67500,0.75972,0.66016,0.80417,0.64609,0.83750,0.68828,0.78611,0.68984,0.80556,0.68203,0.83889,0.67344,0.85972,0.60822,0.69948,0.9999,0.75445,0.92506,0.9461,0.67918,0.83883,0.9944,0.65802,0.73960,0.65859,0.81389,66.97,0.9980,live,0.4873,0.5758,237.84,413.06
167765.008988,80.0,0.2387,4,1,1,0.65000,0.81667,0.62109,0.80278,0.60078,0.79306,0.58594,0.80000,0.57578,0.81111,0.62031,0.71111,0.60156,0.72917,0.58984,0.76806,0.58125,0.79861,0.64375,0.72500,0.63047,0.74306,0.61406,0.77917,0.60078,0.80833,0.66016,0.75417,0.65391,0.76806,0.63828,0.79861,0.62422,0.82222,0.66953,0.79167,0.66641,0.81528,0.65859,0.83472,0.65078,0.84444,0.60933,0.69935,0.9999,0.75499,0.92489,0.9454,0.67318,0.83135,0.9939,0.65641,0.75501,0.65000,0.81667,66.97,0.9980,live,0.4938,0.5234,215.49,411.71
167765.074170,80.0,0.3257,4,1,1,0.64141,0.82083,0.61094,0.80278,0.59062,0.79167,0.57344,0.79306,0.55703,0.80000,0.59609,0.70694,0.57188,0.71806,0.55781,0.74722,0.54922,0.77222,0.61484,0.71806,0.59141,0.72778,0.57266,0.76111,0.56094,0.79028,0.63125,0.74583,0.61562,0.75694,0.59844,0.79028,0.58750,0.81528,0.64297,0.78194,0.62891,0.80139,0.61562,0.82222,0.60703,0.83611,0.61162,0.69894,0.9999,0.75484,0.92559,0.9457,0.65883,0.82836,0.9935,0.65341,0.76818,0.64141,0.82083,72.67,0.9981,live,0.5026,0.5426,224.96,414.63
167765.142480,80.0,0.4167,4,1,1,0.62500,0.80139,0.59141,0.77778,0.56406,0.75833,0.54531,0.75000,0.53125,0.74722,0.56328,0.70556,0.53672,0.71528,0.51641,0.72778,0.50156,0.74306,0.57422,0.71528,0.54219,0.72500,0.51953,0.74444,0.50313,0.76250,0.58359,0.73611,0.55547,0.75139,0.53359,0.77639,0.52031,0.79722,0.59375,0.76806,0.56875,0.78889,0.55156,0.80556,0.53984,0.81944,0.61637,0.69635,0.9999,0.75485,0.92559,0.9462,0.62209,0.81585,0.9936,0.64773,0.77482,0.62500,0.80139,75.23,0.9837,live,0.4627,0.2813,117.87,419.04
167765.208258,80.0,0.5044,4,1,1,0.59219,0.79167,0.55234,0.77083,0.52734,0.75694,0.50859,0.74722,0.49297,0.74444,0.53125,0.70833,0.50781,0.70000,0.48828,0.69722,0.47031,0.69444,0.53594,0.71528,0.51016,0.70417,0.48672,0.70417,0.46875,0.70694,0.54141,0.73333,0.51172,0.73194,0.49062,0.75000,0.47656,0.76667,0.54688,0.75972,0.52578,0.77083,0.50938,0.78750,0.49688,0.80556,0.61251,0.67981,0.9999,0.74700,0.92529,0.9450,0.58298,0.80199,0.9929,0.63662,0.77819,0.59219,0.79167,73.37,0.9963,live,0.4318,0.2909,122.65,421.58
167765.275298,80.0,0.5938,4,1,1,0.56250,0.76389,0.51719,0.76667,0.49062,0.75556,0.47266,0.75000,0.45859,0.74722,0.49453,0.69722,0.46953,0.69861,0.45078,0.70556,0.43281,0.71111,0.49922,0.70000,0.47187,0.69583,0.45156,0.69861,0.43438,0.70417,0.50391,0.71389,0.47734,0.70972,0.45625,0.71806,0.43984,0.72917,0.50859,0.73750,0.48516,0.74167,0.46953,0.75417,0.45781,0.76944,0.60740,0.67877,0.9998,0.71864,0.91999,0.9462,0.53227,0.75872,0.9931,0.62180,0.77533,0.56250,0.76389,74.55,0.9928,live,0.4084,0.3020,128.23,424.66
167765.341729,80.0,0.6824,4,1,1,0.53906,0.73611,0.48906,0.73611,0.46250,0.71944,0.44297,0.71667,0.42734,0.71944,0.47109,0.66250,0.44531,0.66667,0.42656,0.67361,0.40859,0.68333,0.47656,0.66528,0.44844,0.65833,0.42812,0.66111,0.41094,0.66667,0.48281,0.68056,0.45547,0.67222,0.43594,0.67500,0.41953,0.67917,0.48906,0.70972,0.46875,0.70694,0.45547,0.70694,0.44453,0.70833,0.60744,0.67736,0.9999,0.70552,0.91966,0.9489,0.51235,0.73830,0.9936,0.60525,0.76749,0.53906,0.73611,76.14,0.9979,live,0.3728,0.2102,90.09,428.52
167765.409514,80.0,0.7728,4,1,1,0.52344,0.71111,0.47813,0.71250,0.44922,0.69583,0.43125,0.69306,0.41563,0.69028,0.45937,0.61528,0.42578,0.62778,0.40234,0.64306,0.38516,0.65972,0.46563,0.62083,0.42344,0.62917,0.39922,0.65000,0.38203,0.66944,0.47031,0.64167,0.42969,0.64306,0.40625,0.66250,0.38984,0.68333,0.47422,0.67639,0.44297,0.67361,0.42344,0.68472,0.40937,0.69861,0.60464,0.67543,0.9999,0.70190,0.90979,0.9515,0.50645,0.71894,0.9941,0.58889,0.75621,0.52344,0.71111,80.34,0.9984,live,0.3460,0.2244,97.59,434.95
167765.474924,80.0,0.8600,4,1,1,0.51328,0.68889,0.47266,0.69306,0.44531,0.67500,0.42656,0.66944,0.41016,0.66806,0.45859,0.59444,0.42031,0.59583,0.39922,0.61389,0.38516,0.63333,0.46641,0.60000,0.42109,0.60278,0.39844,0.62917,0.38438,0.65139,0.47187,0.61944,0.42969,0.61806,0.40703,0.64306,0.39375,0.66389,0.47422,0.65000,0.44297,0.64861,0.42422,0.66250,0.41094,0.67639,0.60486,0.67553,0.9999,0.70062,0.90923,0.9532,0.50547,0.69905,0.9945,0.57377,0.74275,0.51328,0.68889,71.84,0.9939,live,0.3299,0.2563,111.36,434.48
167765.542230,80.0,0.9497,4,1,1,0.52656,0.68472,0.48438,0.68611,0.45625,0.66667,0.43594,0.65972,0.41875,0.65833,0.47344,0.58472,0.43438,0.58472,0.41406,0.60417,0.40000,0.62639,0.48047,0.59167,0.43438,0.59444,0.41094,0.62083,0.39609,0.64167,0.48516,0.61111,0.44297,0.60833,0.42031,0.63056,0.40625,0.65000,0.48828,0.64306,0.45703,0.63750,0.43828,0.64861,0.42422,0.65972,0.60421,0.67697,0.9999,0.70327,0.91122,0.9545,0.51164,0.68105,0.9949,0.56433,0.73114,0.52656,0.68472,72.97,0.9950,live,0.3213,0.2820,122.64,434.87
167765.608886,80.0,0.0386,4,2,0,0.54219,0.68889,0.49844,0.68889,0.46875,0.66806,0.44766,0.65972,0.42891,0.65417,0.48906,0.58750,0.45391,0.58611,0.43203,0.60000,0.41719,0.61806,0.49766,0.59167,0.45391,0.59028,0.43047,0.61389,0.41641,0.63056,0.50469,0.61111,0.46406,0.60694,0.44062,0.62639,0.42578,0.64306,0.50859,0.64306,0.47891,0.63750,0.46016,0.64722,0.44688,0.65694,0.60414,0.67872,0.9999,0.70506,0.90791,0.9568,0.51598,0.68039,0.9952,0.55990,0.72269,0.54219,0.68889,72.85,0.9937,live,0.3213,0.2984,129.84,435.14
167765.676040,80.0,0.1281,4,2,0,0.56641,0.70278,0.52031,0.69861,0.48984,0.67917,0.46563,0.66806,0.44688,0.65556,0.51484,0.59583,0.48047,0.59444,0.46016,0.60972,0.44688,0.62778,0.52656,0.60139,0.48438,0.60000,0.46094,0.62083,0.44688,0.63750,0.53594,0.62361,0.49766,0.61806,0.47344,0.63333,0.45703,0.64722,0.54219,0.65694,0.51641,0.65139,0.49609,0.65694,0.47969,0.66250,0.60657,0.69269,0.9999,0.72975,0.91084,0.9596,0.55150,0.68540,0.9956,0.56120,0.71871,0.56641,0.70278,72.99,0.9937,live,0.3132,0.2763,120.30,435.48
167765.743914,80.0,0.2186,4,2,0,0.59219,0.72083,0.55469,0.71389,0.52578,0.69861,0.50391,0.68889,0.48438,0.67639,0.54531,0.61944,0.51719,0.61667,0.50000,0.63056,0.48828,0.64583,0.55859,0.62361,0.52656,0.61806,0.50703,0.63472,0.49453,0.65000,0.57266,0.64167,0.54453,0.63611,0.52422,0.65694,0.51094,0.67639,0.58437,0.67222,0.56641,0.67083,0.55156,0.67917,0.53906,0.68889,0.60935,0.70981,0.9999,0.73744,0.90862,0.9596,0.58002,0.68814,0.9957,0.56740,0.71913,0.59219,0.72083,68.96,0.9971,live,0.3014,0.2475,107.14,432.87
167765.809087,80.0,0.3055,4,2,0,0.65234,0.72917,0.63516,0.70417,0.60859,0.69028,0.58203,0.69583,0.56172,0.70278,0.61406,0.63889,0.58047,0.64444,0.56563,0.66389,0.56016,0.67917,0.61641,0.65694,0.58047,0.66389,0.56406,0.68056,0.55703,0.69306,0.61797,0.68333,0.58359,0.69167,0.56719,0.70278,0.55937,0.71111,0.61797,0.71389,0.58906,0.71944,0.57422,0.72361,0.56563,0.72639,0.60863,0.70992,0.9999,0.74378,0.89037,0.9589,0.62177,0.70757,0.9951,0.58439,0.72114,0.65234,0.72917,62.60,0.9120,live,0.2848,0.2092,89.10,426.00
167765.874683,80.0,0.3930,4,2,0,0.65234,0.72917,0.63516,0.70417,0.60859,0.69028,0.58203,0.69583,0.56172,0.70278,0.61406,0.63889,0.58047,0.64444,0.56563,0.66389,0.56016,0.67917,0.61641,0.65694,0.58047,0.66389,0.56406,0.68056,0.55703,0.69306,0.61797,0.68333,0.58359,0.69167,0.56719,0.70278,0.55937,0.71111,0.61797,0.71389,0.58906,0.71944,0.57422,0.72361,0.56563,0.72639,0.62008,0.71154,0.9999,0.77079,0.92438,0.9587,0.70767,0.80810,0.9952,0.58439,0.72114,0.65234,0.72917,62.60,0.5472,hold,0.2848,0.2092,89.10,426.00
167765.942043,80.0,0.4828,4,2,0,0.65234,0.72917,0.63516,0.70417,0.60859,0.69028,0.58203,0.69583,0.56172,0.70278,0.61406,0.63889,0.58047,0.64444,0.56563,0.66389,0.56016,0.67917,0.61641,0.65694,0.58047,0.66389,0.56406,0.68056,0.55703,0.69306,0.61797,0.68333,0.58359,0.69167,0.56719,0.70278,0.55937,0.71111,0.61797,0.71389,0.58906,0.71944,0.57422,0.72361,0.56563,0.72639,0.61921,0.71456,0.9999,0.76392,0.92325,0.9564,0.74546,0.82199,0.9948,0.58439,0.72114,0.65234,0.72917,62.60,0.5472,hold,0.2848,0.2092,89.10,426.00
167766.007836,80.0,0.5705,4,2,0,0.65234,0.72917,0.63516,0.70417,0.60859,0.69028,0.58203,0.69583,0.56172,0.70278,0.61406,0.63889,0.58047,0.64444,0.56563,0.66389,0.56016,0.67917,0.61641,0.65694,0.58047,0.66389,0.56406,0.68056,0.55703,0.69306,0.61797,0.68333,0.58359,0.69167,0.56719,0.70278,0.55937,0.71111,0.61797,0.71389,0.58906,0.71944,0.57422,0.72361,0.56563,0.72639,0.61748,0.71250,0.9999,0.74564,0.89435,0.9483,0.79665,0.80377,0.9948,0.58439,0.72114,0.65234,0.72917,62.60,0.5472,hold,0.2848,0.2092,89.10,426.00
167766.073421,80.0,0.6580,4,2,0,0.79531,0.71944,0.79609,0.73472,0.80234,0.74583,0.81328,0.75833,0.82891,0.76111,0.84219,0.69861,0.86953,0.69444,0.88125,0.72083,0.88281,0.75000,0.84922,0.69306,0.87891,0.68472,0.88594,0.71944,0.88125,0.75417,0.84844,0.69306,0.87344,0.68472,0.87969,0.71667,0.87578,0.74583,0.84297,0.69722,0.85625,0.69583,0.86172,0.71806,0.85938,0.74167,0.61446,0.71146,0.9999,0.74099,0.89460,0.9458,0.81756,0.80001,0.9949,0.79531,0.71944,0.79531,0.71944,49.47,0.6703,live,0.2920,0.7353,301.83,410.50
167766.144526,80.0,0.7528,4,2,0,0.82109,0.75139,0.80156,0.73194,0.80000,0.71111,0.81641,0.71528,0.83906,0.72500,0.83750,0.66111,0.85156,0.65139,0.85859,0.67639,0.86016,0.71250,0.86016,0.68056,0.88281,0.65972,0.89219,0.68611,0.89453,0.72083,0.87422,0.70417,0.89609,0.69028,0.90625,0.71389,0.90938,0.74444,0.88203,0.73056,0.90078,0.72500,0.91094,0.73889,0.91563,0.75694,0.61019,0.71126,0.9999,0.73832,0.88508,0.9411,0.82950,0.76268,0.9952,0.63173,0.72719,0.82109,0.75139,73.75,0.9918,live,0.2986,0.7274,301.39,414.34
167766.207343,80.0,0.8365,4,2,0,0.82031,0.74306,0.80469,0.72222,0.80469,0.69861,0.82656,0.70556,0.84922,0.71250,0.83984,0.64028,0.85859,0.64722,0.86562,0.67639,0.86953,0.71111,0.86406,0.65556,0.88906,0.64444,0.89922,0.67083,0.90234,0.70417,0.87891,0.67917,0.90547,0.67222,0.91719,0.70000,0.91797,0.73056,0.88594,0.70833,0.91016,0.70833,0.91953,0.72639,0.92031,0.74583,0.60874,0.71109,0.9999,0.73697,0.87712,0.9365,0.82658,0.74270,0.9953,0.66944,0.73036,0.82031,0.74306,81.68,0.9956,live,0.3047,0.7119,301.45,423.43
167766.277828,80.0,0.9305,4,2,0,0.82031,0.73472,0.80469,0.71250,0.80469,0.68750,0.82500,0.69444,0.84766,0.70139,0.83906,0.63333,0.85781,0.63611,0.86562,0.66250,0.87031,0.69583,0.86250,0.64722,0.88750,0.63333,0.89766,0.65972,0.90078,0.69167,0.87813,0.66944,0.90391,0.65833,0.91563,0.68472,0.91797,0.71667,0.88516,0.69861,0.90859,0.69861,0.91875,0.71528,0.92109,0.73750,0.60738,0.71137,0.9999,0.73080,0.87758,0.9301,0.82322,0.74172,0.9956,0.69962,0.73123,0.82031,0.73472,80.56,0.9918,live,0.3104,0.6778,291.86,430.62
167766.342133,120.0,0.0244,4,3,0,0.81719,0.73194,0.80078,0.71111,0.79922,0.68611,0.81875,0.68750,0.84062,0.69167,0.83125,0.63056,0.85234,0.62639,0.85938,0.65556,0.86250,0.69028,0.85625,0.64444,0.88203,0.62639,0.89062,0.65833,0.89297,0.69167,0.87266,0.66667,0.89844,0.65278,0.90938,0.68056,0.90938,0.71250,0.88125,0.69306,0.90547,0.68889,0.91484,0.70556,0.91563,0.72778,0.60718,0.71131,0.9999,0.73090,0.87831,0.9250,0.81926,0.74186,0.9957,0.72313,0.73138,0.81719,0.73194,80.13,0.9948,live,0.3155,0.6684,291.86,436.64
167766.409322,120.0,0.1588,4,3,0,0.80703,0.73194,0.79063,0.71111,0.79141,0.68194,0.81094,0.68472,0.83281,0.68750,0.82344,0.62639,0.84219,0.62778,0.84844,0.65556,0.84922,0.69028,0.84688,0.64028,0.87266,0.62500,0.88125,0.65694,0.88203,0.69028,0.86328,0.66250,0.88906,0.64861,0.89844,0.67778,0.89766,0.71111,0.87266,0.68750,0.89609,0.68333,0.90469,0.70139,0.90469,0.72361,0.60734,0.71127,0.9999,0.73152,0.87997,0.9216,0.81481,0.74227,0.9958,0.73991,0.73149,0.80703,0.73194,82.25,0.9968,live,0.3203,0.4726,209.57,443.46
167766.473792,120.0,0.2877,4,3,0,0.79766,0.73889,0.77812,0.71667,0.77344,0.68611,0.79219,0.68472,0.81250,0.69028,0.80625,0.62917,0.82344,0.62778,0.82812,0.65694,0.83047,0.69028,0.83125,0.64028,0.85469,0.62083,0.86016,0.65139,0.86094,0.68750,0.84922,0.66111,0.87266,0.64444,0.87969,0.67361,0.87813,0.70833,0.86016,0.68750,0.88281,0.68056,0.88984,0.70139,0.88828,0.72500,0.60656,0.71094,0.9999,0.73159,0.87619,0.9198,0.81302,0.73474,0.9960,0.75146,0.73297,0.79766,0.73889,82.92,0.9906,live,0.3247,0.4659,209.61,449.95
167766.541334,120.0,0.4228,4,3,0,0.78438,0.72639,0.76328,0.70972,0.75391,0.67917,0.76719,0.67500,0.78516,0.67917,0.78672,0.61944,0.80156,0.61667,0.80469,0.64722,0.80391,0.67778,0.81250,0.62778,0.83047,0.61389,0.83516,0.64583,0.83359,0.67917,0.83125,0.64861,0.85000,0.63611,0.85625,0.66389,0.85234,0.69306,0.84375,0.67500,0.86406,0.67222,0.86875,0.69444,0.86484,0.71806,0.60705,0.70940,0.9999,0.73162,0.87657,0.9182,0.80464,0.73036,0.9961,0.75804,0.73165,0.78438,0.72639,81.11,0.9911,live,0.3493,0.4613,209.61,454.35
167766.606095,120.0,0.5523,4,3,0,0.76797,0.70139,0.75234,0.69028,0.74219,0.66944,0.73750,0.66528,0.73516,0.65556,0.76250,0.60139,0.77422,0.58889,0.77578,0.61389,0.77422,0.63889,0.78516,0.60833,0.79766,0.59306,0.80000,0.62500,0.79688,0.65556,0.80312,0.62361,0.81484,0.61389,0.81797,0.64167,0.81406,0.66806,0.81563,0.64444,0.82812,0.64583,0.83047,0.66389,0.82656,0.68056,0.60906,0.70786,0.9999,0.75647,0.88168,0.9219,0.78434,0.70538,0.9964,0.76003,0.72560,0.76797,0.70139,72.77,0.9969,live,0.3698,0.4635,209.61,452.23
167766.675974,120.0,0.6921,4,3,0,0.72891,0.64444,0.74609,0.61111,0.75547,0.58194,0.75781,0.56528,0.75938,0.56944,0.72188,0.53194,0.71094,0.51389,0.72734,0.53194,0.74219,0.54722,0.70781,0.54861,0.69375,0.52500,0.71016,0.54167,0.72422,0.55833,0.69609,0.57222,0.68203,0.54583,0.69531,0.55556,0.70703,0.56944,0.68750,0.60000,0.67344,0.58194,0.68125,0.57917,0.69063,0.58472,0.60862,0.70812,0.9999,0.75567,0.88777,0.9251,0.74314,0.66671,0.9965,0.78203,0.70444,0.72891,0.64444,70.84,0.9550,live,0.3808,0.4310,193.48,448.96
167766.742398,120.0,0.8249,4,3,0,0.68047,0.55694,0.65625,0.53889,0.63672,0.50972,0.62969,0.48472,0.63984,0.46944,0.65156,0.44028,0.64375,0.39444,0.64609,0.40694,0.65078,0.42917,0.67109,0.44028,0.66797,0.39167,0.66875,0.40972,0.66953,0.43472,0.69063,0.45278,0.68906,0.40556,0.68750,0.41944,0.68516,0.43611,0.70937,0.47222,0.71094,0.44444,0.70781,0.44444,0.70312,0.44861,0.60065,0.69624,0.9999,0.75449,0.83537,0.9278,0.69715,0.56149,0.9968,0.74412,0.69187,0.68047,0.55694,81.37,0.9882,live,0.3895,0.4291,194.65,453.67
167766.809287,120.0,0.9587,4,3,0,0.65312,0.46806,0.62734,0.45139,0.60859,0.42083,0.60000,0.39306,0.60469,0.36806,0.62422,0.35000,0.61562,0.30417,0.60547,0.29167,0.59688,0.29722,0.63984,0.34444,0.63438,0.28889,0.62422,0.28194,0.61484,0.29861,0.65625,0.34861,0.65312,0.29583,0.64141,0.29028,0.63203,0.30417,0.67266,0.36389,0.67109,0.32500,0.66250,0.31667,0.65391,0.32500,0.59568,0.69025,0.9998,0.73859,0.76513,0.9314,0.66053,0.46430,0.9971,0.72592,0.64711,0.65312,0.46806,81.29,0.9581,live,0.3675,0.2671,122.27,457.76
167766.876565,120.0,0.0933,4,4,0,0.63906,0.42222,0.61094,0.38472,0.59219,0.34583,0.58437,0.30972,0.58672,0.27778,0.60781,0.29167,0.60000,0.25278,0.58984,0.23333,0.58047,0.22083,0.62109,0.28472,0.61641,0.24028,0.60703,0.21944,0.59688,0.21111,0.63516,0.28611,0.63438,0.24167,0.62656,0.22222,0.61641,0.21806,0.65000,0.29722,0.65000,0.25694,0.64375,0.23750,0.63438,0.23194,0.59327,0.68903,0.9998,0.72595,0.70068,0.9341,0.64197,0.39694,0.9973,0.70855,0.60213,0.63906,0.42222,87.26,0.9797,live,0.3560,0.3037,141.43,465.66
167766.943276,120.0,0.2267,4,4,0,0.63047,0.36944,0.60156,0.32917,0.58359,0.28889,0.57812,0.25139,0.58047,0.21944,0.60078,0.24167,0.59141,0.20556,0.58203,0.18472,0.57266,0.16806,0.61250,0.23333,0.60547,0.19028,0.59609,0.16667,0.58594,0.15278,0.62500,0.23194,0.62187,0.18750,0.61250,0.16528,0.60156,0.15833,0.63984,0.24028,0.63906,0.19861,0.63125,0.17917,0.62031,0.17222,0.59300,0.68474,0.9998,0.71798,0.66321,0.9370,0.63939,0.35134,0.9975,0.69293,0.55559,0.63047,0.36944,86.00,0.9663,live,0.3560,0.3630,171.22,471.69
167767.009958,120.0,0.3601,4,4,0,0.62500,0.33333,0.59922,0.29861,0.58359,0.25833,0.57891,0.21806,0.58047,0.18889,0.60234,0.22500,0.59531,0.19444,0.58984,0.17639,0.58516,0.15972,0.61328,0.21944,0.60938,0.18472,0.60469,0.16389,0.60078,0.15000,0.62500,0.21667,0.62344,0.18194,0.61875,0.15972,0.61328,0.14444,0.63750,0.21944,0.63594,0.18472,0.63203,0.16667,0.62734,0.15278,0.59322,0.68429,0.9998,0.70757,0.62653,0.9393,0.63791,0.31583,0.9977,0.67935,0.51114,0.62500,0.33333,73.83,0.9543,live,0.3714,0.4417,206.85,468.25
167767.076008,120.0,0.4922,4,4,0,0.62344,0.30278,0.59766,0.26806,0.58281,0.22639,0.57891,0.18750,0.58281,0.15694,0.60156,0.18611,0.59219,0.15278,0.58281,0.13194,0.57500,0.11111,0.61328,0.17778,0.60625,0.14028,0.59844,0.11389,0.58906,0.09167,0.62578,0.17778,0.62187,0.13889,0.61406,0.11250,0.60391,0.09444,0.63906,0.18333,0.63750,0.14583,0.63047,0.12639,0.62109,0.11389,0.59391,0.68445,0.9998,0.70703,0.61142,0.9405,0.63442,0.28323,0.9978,0.66816,0.46947,0.62344,0.30278,78.95,0.9805,live,0.3961,0.5086,238.49,468.90
167767.144703,120.0,0.6295,4,4,0,0.62344,0.28194,0.59844,0.25694,0.58437,0.21806,0.58281,0.17778,0.58984,0.15000,0.60469,0.17778,0.59844,0.14306,0.58984,0.12361,0.58203,0.10694,0.61719,0.16944,0.61250,0.12639,0.60469,0.10417,0.59609,0.08750,0.62969,0.16806,0.62813,0.12222,0.62031,0.10139,0.61016,0.08889,0.64375,0.17222,0.64453,0.13333,0.63750,0.11528,0.62734,0.10694,0.59397,0.68361,0.9998,0.70806,0.61088,0.9419,0.63840,0.28401,0.9980,0.65922,0.43196,0.62344,0.28194,73.37,0.9751,live,0.4267,0.5660,263.46,465.46
167767.210002,120.0,0.7601,4,4,0,0.62500,0.28750,0.60000,0.25694,0.58906,0.21944,0.58984,0.17917,0.59766,0.15000,0.61172,0.18333,0.60547,0.15000,0.59844,0.12917,0.59062,0.11111,0.62422,0.17639,0.62109,0.13472,0.61328,0.11250,0.60469,0.09444,0.63750,0.17639,0.63672,0.13194,0.62891,0.10833,0.61875,0.09444,0.65078,0.18194,0.65312,0.14444,0.64609,0.12361,0.63516,0.11250,0.59209,0.68374,0.9998,0.70661,0.61135,0.9418,0.64038,0.29615,0.9980,0.65237,0.40307,0.62500,0.28750,72.44,0.9695,live,0.4564,0.5916,273.18,461.76
167767.273149,120.0,0.8864,4,4,0,0.62734,0.30556,0.60391,0.27500,0.59219,0.23611,0.59297,0.19722,0.60234,0.17083,0.61641,0.20417,0.61172,0.16944,0.60391,0.14861,0.59688,0.13194,0.62969,0.19722,0.62656,0.15694,0.61875,0.13194,0.61016,0.11389,0.64219,0.19861,0.64219,0.15556,0.63516,0.13056,0.62656,0.11528,0.65547,0.20556,0.65781,0.16806,0.65234,0.14861,0.64219,0.13750,0.59012,0.68852,0.9998,0.70639,0.61876,0.9413,0.64128,0.30760,0.9981,0.64737,0.38357,0.62734,0.30556,70.72,0.9758,live,0.4877,0.6304,288.25,457.27
167767.345666,120.0,0.0315,4,1,1,0.63125,0.33889,0.60703,0.31528,0.59453,0.27222,0.59688,0.22917,0.60625,0.20417,0.61797,0.23194,0.61484,0.19444,0.60703,0.17500,0.59922,0.16111,0.63281,0.22639,0.63047,0.18333,0.62344,0.15833,0.61562,0.14167,0.64609,0.23056,0.64609,0.18333,0.63984,0.15972,0.63203,0.14444,0.66016,0.24028,0.66328,0.20139,0.65781,0.18056,0.64844,0.16806,0.58943,0.68788,0.9998,0.70619,0.65290,0.9406,0.64156,0.32070,0.9982,0.64414,0.37463,0.63125,0.33889,73.57,0.9730,live,0.4877,0.4883,222.36,455.37
167767.404349,120.0,0.1488,4,1,1,0.63438,0.38750,0.61094,0.37222,0.59609,0.32917,0.59609,0.29028,0.60547,0.26806,0.62109,0.28194,0.61875,0.23611,0.61094,0.21806,0.60234,0.21389,0.63672,0.27917,0.63828,0.22500,0.63203,0.20139,0.62187,0.19722,0.65156,0.28611,0.65391,0.23333,0.64766,0.20972,0.63828,0.20278,0.66641,0.30278,0.66953,0.25972,0.66484,0.23889,0.65625,0.22917,0.58852,0.68545,0.9998,0.70699,0.71384,0.9421,0.64127,0.38800,0.9983,0.64219,0.37721,0.63438,0.38750,72.34,0.9561,live,0.4877,0.4937,223.55,452.81
167767.476143,120.0,0.2924,4,1,1,0.64141,0.50694,0.61797,0.48333,0.60156,0.44028,0.59688,0.40278,0.60938,0.38472,0.62500,0.37361,0.62266,0.31389,0.61641,0.30694,0.61172,0.32778,0.64297,0.37222,0.64375,0.30972,0.63750,0.30417,0.63047,0.32361,0.66094,0.38333,0.66484,0.32361,0.65703,0.31667,0.64922,0.33333,0.67734,0.40417,0.68125,0.35972,0.67578,0.35139,0.67031,0.36111,0.58931,0.68541,0.9998,0.71611,0.83170,0.9412,0.64218,0.51209,0.9984,0.64203,0.40315,0.64141,0.50694,88.24,0.9706,live,0.4718,0.3996,184.60,462.00
167767.543855,120.0,0.4278,4,1,1,0.65312,0.64444,0.62578,0.62500,0.60547,0.58750,0.60000,0.55833,0.61094,0.54444,0.62656,0.52222,0.62734,0.46944,0.62578,0.50278,0.62500,0.53750,0.64766,0.52639,0.65391,0.46944,0.65312,0.50833,0.65234,0.54583,0.66797,0.54028,0.67422,0.48750,0.67344,0.52639,0.67109,0.56111,0.68516,0.56389,0.69219,0.53472,0.69297,0.55833,0.69219,0.58333,0.59842,0.69050,0.9998,0.72771,0.92585,0.9400,0.66154,0.65407,0.9984,0.64425,0.45141,0.65312,0.64444,82.86,0.9860,live,0.4291,0.2344,109.28,466.22
167767.609177,120.0,0.5585,4,1,1,0.66484,0.70278,0.64609,0.69444,0.62734,0.67917,0.61641,0.68611,0.61328,0.70278,0.64531,0.63472,0.64062,0.63750,0.63672,0.66250,0.63281,0.68889,0.66563,0.64722,0.66797,0.64444,0.66094,0.67639,0.65234,0.70833,0.68359,0.66806,0.68906,0.66806,0.68125,0.70000,0.67109,0.72639,0.69844,0.69306,0.70703,0.69861,0.70391,0.72361,0.69844,0.74722,0.60804,0.69446,0.9998,0.73327,0.94778,0.9387,0.67942,0.78072,0.9980,0.64837,0.50168,0.66484,0.70278,54.63,0.9844,live,0.3956,0.2430,109.28,449.60
167767.672638,120.0,0.6854,4,1,1,0.65781,0.75000,0.63828,0.74306,0.61953,0.74167,0.60781,0.76667,0.60703,0.79306,0.64219,0.69722,0.63438,0.72222,0.62422,0.76250,0.61562,0.79167,0.66641,0.71250,0.66016,0.74306,0.64766,0.78056,0.63672,0.80972,0.68359,0.73472,0.67812,0.77222,0.66953,0.80694,0.66094,0.82778,0.69375,0.75972,0.69063,0.79167,0.68516,0.81528,0.67891,0.82778,0.60707,0.69670,0.9998,0.73233,0.94391,0.9383,0.67615,0.83851,0.9975,0.65026,0.55135,0.65781,0.75000,49.63,0.9976,live,0.3793,0.3050,131.56,431.38
167767.743921,120.0,0.8280,4,1,1,0.64453,0.82083,0.63047,0.80694,0.61250,0.78889,0.59844,0.79444,0.59375,0.80972,0.63203,0.73333,0.62031,0.75556,0.60625,0.79861,0.59609,0.82778,0.65469,0.75000,0.65078,0.75556,0.63672,0.79861,0.62500,0.83056,0.67188,0.77778,0.67422,0.78611,0.66016,0.82361,0.64844,0.84583,0.68359,0.80972,0.68906,0.82917,0.67969,0.85417,0.66953,0.86806,0.60690,0.69882,0.9998,0.72772,0.94788,0.9362,0.67419,0.86354,0.9971,0.64911,0.60524,0.64453,0.82083,63.54,0.9985,live,0.3793,0.3938,167.49,425.37
167767.810956,120.0,0.9621,4,1,1,0.64922,0.88056,0.61953,0.85139,0.59844,0.82222,0.57891,0.80556,0.55937,0.79583,0.62031,0.75139,0.59609,0.73750,0.57578,0.75000,0.56172,0.76667,0.64375,0.76667,0.61875,0.75972,0.59453,0.77778,0.57812,0.79583,0.66563,0.79722,0.64609,0.79167,0.62813,0.80833,0.61562,0.82361,0.68359,0.83472,0.67734,0.82778,0.66641,0.82639,0.65703,0.82500,0.60631,0.69920,0.9998,0.72442,0.93891,0.9364,0.65049,0.84034,0.9966,0.64913,0.66031,0.64922,0.88056,84.55,0.9778,live,0.3962,0.4732,205.96,435.20
167767.872487,120.0,0.0851,4,2,0,0.61094,0.81944,0.59141,0.79861,0.57500,0.77222,0.56328,0.75278,0.55156,0.73611,0.58437,0.72639,0.56328,0.69722,0.54453,0.68472,0.53047,0.67639,0.58984,0.73056,0.56484,0.70556,0.54453,0.69722,0.52969,0.69444,0.59453,0.74583,0.56875,0.73056,0.54688,0.72778,0.53203,0.72917,0.59609,0.77083,0.57422,0.76944,0.55547,0.77222,0.54219,0.77639,0.60701,0.70468,0.9998,0.72706,0.93830,0.9398,0.60097,0.80577,0.9966,0.64150,0.69213,0.61094,0.81944,54.94,0.9601,live,0.4224,0.5417,228.88,422.53
167767.940092,120.0,0.2203,4,2,0,0.59531,0.80139,0.55703,0.77083,0.53359,0.74028,0.51797,0.71667,0.50469,0.70000,0.54609,0.71111,0.52734,0.68750,0.51172,0.67361,0.49766,0.66250,0.54766,0.71111,0.52812,0.69167,0.51172,0.67917,0.50000,0.67083,0.55078,0.71806,0.52969,0.70278,0.50938,0.69444,0.49375,0.69028,0.55234,0.73472,0.53438,0.72778,0.51797,0.72500,0.50547,0.72361,0.60677,0.70473,0.9998,0.72695,0.93719,0.9433,0.56513,0.78107,0.9967,0.63226,0.71399,0.59531,0.80139,67.86,0.9930,live,0.4514,0.5834,245.42,420.69
167768.009856,120.0,0.3599,4,2,0,0.56875,0.76667,0.52344,0.76111,0.50156,0.74167,0.48672,0.72917,0.47344,0.72083,0.50938,0.69444,0.48594,0.69028,0.46797,0.69167,0.45000,0.69444,0.51328,0.69306,0.48828,0.68333,0.47031,0.68056,0.45469,0.67917,0.51719,0.70139,0.49375,0.68750,0.47500,0.68056,0.45781,0.67639,0.51953,0.71944,0.50234,0.70972,0.48750,0.70556,0.47344,0.70139,0.60124,0.69697,0.9998,0.70760,0.93503,0.9445,0.53624,0.74895,0.9967,0.61956,0.72452,0.56875,0.76667,68.62,0.9955,live,0.4708,0.5593,234.70,419.61
167768.075551,120.0,0.4912,4,2,0,0.55469,0.73889,0.51016,0.73056,0.48438,0.70972,0.46797,0.70278,0.45312,0.69861,0.49531,0.63750,0.46641,0.64722,0.44609,0.65833,0.43047,0.66944,0.50156,0.64167,0.46484,0.64583,0.44375,0.65972,0.42891,0.67083,0.50625,0.65972,0.47031,0.65694,0.44844,0.67083,0.43359,0.68611,0.51094,0.69028,0.48047,0.68333,0.46250,0.69306,0.45000,0.70694,0.60241,0.69301,0.9998,0.70881,0.93355,0.9482,0.53131,0.73646,0.9969,0.60658,0.72740,0.55469,0.73889,77.99,0.9989,live,0.4876,0.5643,240.05,425.41
167768.142739,120.0,0.6256,4,2,0,0.56094,0.73194,0.51875,0.72917,0.49141,0.70833,0.47109,0.70000,0.45234,0.69583,0.51094,0.63056,0.47578,0.63056,0.45312,0.64444,0.43906,0.66111,0.51953,0.63611,0.47734,0.63056,0.45391,0.65000,0.43984,0.66667,0.52812,0.65694,0.48828,0.65000,0.46484,0.66667,0.45000,0.68194,0.53281,0.68889,0.50391,0.68333,0.48516,0.69306,0.47109,0.70139,0.60218,0.69527,0.9998,0.70976,0.93317,0.9514,0.54343,0.73190,0.9971,0.59745,0.72830,0.56094,0.73194,70.52,0.9960,live,0.4876,0.4952,210.51,425.13
167768.209281,120.0,0.7587,4,2,0,0.58750,0.73889,0.55234,0.73194,0.52500,0.71806,0.50547,0.70972,0.49062,0.69722,0.53984,0.64861,0.51406,0.64583,0.50000,0.65833,0.49141,0.67083,0.54688,0.65833,0.51953,0.65972,0.50391,0.66944,0.49453,0.67917,0.55469,0.67639,0.52656,0.68056,0.50938,0.68889,0.49766,0.69722,0.56172,0.70139,0.53828,0.70417,0.52266,0.70694,0.50938,0.71111,0.60218,0.71277,0.9998,0.71928,0.93260,0.9508,0.56712,0.73224,0.9970,0.59546,0.73042,0.58750,0.73889,64.22,0.8452,live,0.4627,0.3492,146.78,420.36
167768.276524,120.0,0.8932,4,2,0,0.58750,0.73889,0.55234,0.73194,0.52500,0.71806,0.50547,0.70972,0.49062,0.69722,0.53984,0.64861,0.51406,0.64583,0.50000,0.65833,0.49141,0.67083,0.54688,0.65833,0.51953,0.65972,0.50391,0.66944,0.49453,0.67917,0.55469,0.67639,0.52656,0.68056,0.50938,0.68889,0.49766,0.69722,0.56172,0.70139,0.53828,0.70417,0.52266,0.70694,0.50938,0.71111,0.61098,0.71232,0.9998,0.73063,0.94640,0.9499,0.67899,0.79120,0.9968,0.59546,0.73042,0.58750,0.73889,64.22,0.5071,hold,0.4627,0.3492,146.78,420.36
167768.341766,120.0,0.0237,4,3,0,0.58750,0.73889,0.55234,0.73194,0.52500,0.71806,0.50547,0.70972,0.49062,0.69722,0.53984,0.64861,0.51406,0.64583,0.50000,0.65833,0.49141,0.67083,0.54688,0.65833,0.51953,0.65972,0.50391,0.66944,0.49453,0.67917,0.55469,0.67639,0.52656,0.68056,0.50938,0.68889,0.49766,0.69722,0.56172,0.70139,0.53828,0.70417,0.52266,0.70694,0.50938,0.71111,0.61012,0.71528,0.9998,0.72994,0.94874,0.9471,0.76501,0.78439,0.9969,0.59546,0.73042,0.58750,0.73889,64.22,0.5071,hold,0.4627,0.3492,146.78,420.36
167768.408523,120.0,0.1572,4,3,0,0.79766,0.69861,0.82812,0.72917,0.85938,0.74167,0.88359,0.75000,0.90312,0.75972,0.86719,0.69444,0.88672,0.70278,0.89609,0.72639,0.90234,0.75139,0.85781,0.67778,0.87891,0.69167,0.88516,0.71944,0.88750,0.74444,0.84375,0.67083,0.86328,0.68194,0.87031,0.70972,0.87344,0.73472,0.82656,0.66944,0.84219,0.68333,0.84844,0.70556,0.85156,0.72639,0.60786,0.71255,0.9998,0.72273,0.94090,0.9348,0.79647,0.78378,0.9967,0.79766,0.69861,0.79766,0.69861,66.27,0.9848,live,0.4931,0.6314,263.68,417.63
167768.475371,120.0,0.2909,4,3,0,0.79766,0.75139,0.78672,0.72917,0.79453,0.71111,0.81797,0.71250,0.84375,0.71944,0.83047,0.65833,0.85469,0.65278,0.86641,0.67917,0.87422,0.71389,0.84844,0.67917,0.87813,0.66667,0.89141,0.69306,0.89844,0.72778,0.86016,0.70556,0.88906,0.69028,0.90234,0.71250,0.90938,0.74167,0.86641,0.73056,0.89141,0.72222,0.90547,0.73472,0.91641,0.75139,0.60544,0.71043,0.9998,0.72280,0.92962,0.9325,0.81200,0.77942,0.9968,0.63590,0.73462,0.79766,0.75139,80.25,0.9531,live,0.4836,0.6116,260.10,425.29
167768.546023,120.0,0.4322,4,3,0,0.79375,0.75139,0.78203,0.72083,0.78750,0.69306,0.81250,0.69861,0.83750,0.70556,0.82344,0.64722,0.84453,0.64028,0.85547,0.66111,0.86328,0.69167,0.84531,0.66528,0.87266,0.65139,0.88359,0.67639,0.88906,0.70833,0.85859,0.68889,0.88594,0.67639,0.90000,0.69861,0.90703,0.72639,0.86562,0.71806,0.88906,0.71528,0.90078,0.72917,0.90781,0.74583,0.60559,0.71088,0.9998,0.72391,0.92893,0.9290,0.80699,0.76423,0.9967,0.66747,0.73797,0.79375,0.75139,86.00,0.9892,live,0.4749,0.5969,260.35,436.18
167768.609812,120.0,0.5598,4,3,0,0.77891,0.75000,0.76484,0.71667,0.76875,0.68472,0.79375,0.68889,0.81719,0.70139,0.80781,0.63889,0.82812,0.63750,0.83594,0.66250,0.84141,0.69306,0.83125,0.65694,0.85781,0.64444,0.86562,0.66944,0.86797,0.70278,0.84609,0.68194,0.87187,0.67083,0.88203,0.69167,0.88516,0.71944,0.85313,0.71250,0.87578,0.71250,0.88672,0.72639,0.89141,0.74444,0.60772,0.71011,0.9998,0.72714,0.92523,0.9257,0.79751,0.76215,0.9967,0.68976,0.74038,0.77891,0.75000,90.06,0.9919,live,0.4940,0.5807,260.55,448.67
167768.674786,120.0,0.6897,4,3,0,0.75859,0.73194,0.74219,0.71389,0.74062,0.68611,0.75547,0.68750,0.77266,0.69167,0.77656,0.62639,0.78750,0.62778,0.79219,0.65278,0.79766,0.67917,0.80156,0.63611,0.81953,0.63333,0.82656,0.66250,0.83125,0.69583,0.81797,0.65972,0.83672,0.65972,0.84844,0.68472,0.85547,0.71250,0.82656,0.69028,0.84453,0.70000,0.85469,0.71806,0.86094,0.73472,0.60767,0.70950,0.9998,0.72991,0.92333,0.9240,0.79149,0.72721,0.9968,0.70353,0.73869,0.75859,0.73194,84.62,0.9889,live,0.5080,0.5717,260.55,455.76
167768.745130,120.0,0.8304,4,3,0,0.71406,0.61806,0.73125,0.60556,0.74922,0.59444,0.76562,0.60417,0.77891,0.61667,0.72422,0.55556,0.73672,0.57222,0.75156,0.59583,0.76406,0.61111,0.70859,0.56667,0.71406,0.57639,0.72734,0.59583,0.73828,0.61111,0.69453,0.58472,0.69453,0.58611,0.70469,0.60000,0.71406,0.61111,0.68359,0.60556,0.67969,0.60694,0.68594,0.61389,0.69219,0.61944,0.60611,0.70362,0.9998,0.73783,0.91284,0.9280,0.74509,0.66296,0.9969,0.78094,0.68250,0.71406,0.61806,46.94,0.8483,live,0.4973,0.6028,262.14,434.87
167768.810808,120.0,0.9618,4,3,0,0.66875,0.54722,0.64453,0.54306,0.62344,0.51806,0.60938,0.49444,0.61016,0.47083,0.63359,0.43889,0.62344,0.37917,0.61953,0.38889,0.62031,0.41389,0.65156,0.43333,0.64297,0.37639,0.63984,0.39583,0.64219,0.42500,0.67031,0.43750,0.66406,0.38333,0.66016,0.40139,0.66094,0.42917,0.68984,0.44861,0.68594,0.40833,0.68125,0.41528,0.67969,0.43194,0.60319,0.69847,0.9998,0.73696,0.87406,0.9304,0.67831,0.55644,0.9971,0.69657,0.70040,0.66875,0.54722,80.81,0.9861,live,0.4875,0.4790,211.20,440.87
167768.874760,120.0,0.0897,4,4,0,0.63828,0.44167,0.61094,0.42083,0.59375,0.38472,0.58516,0.35000,0.58359,0.31806,0.61094,0.33056,0.60234,0.28472,0.59141,0.26667,0.57969,0.26111,0.62500,0.32361,0.61797,0.26944,0.60703,0.24722,0.59375,0.23750,0.63906,0.32500,0.63516,0.27222,0.62500,0.25000,0.61328,0.23889,0.65469,0.33472,0.65391,0.29028,0.64844,0.26806,0.63906,0.25556,0.59816,0.69120,0.9998,0.72194,0.79096,0.9347,0.64614,0.43723,0.9974,0.68491,0.64865,0.63828,0.44167,77.47,0.9725,live,0.4875,0.4897,217.32,443.75
167768.945071,120.0,0.2303,4,4,0,0.63203,0.39028,0.60469,0.34583,0.59062,0.30417,0.58594,0.26528,0.58594,0.23194,0.61016,0.26528,0.60078,0.22917,0.59062,0.20833,0.58203,0.18889,0.62109,0.25833,0.61641,0.21667,0.60781,0.18889,0.59922,0.16667,0.63281,0.25833,0.63047,0.21667,0.62266,0.18889,0.61406,0.16667,0.64531,0.26528,0.64531,0.22639,0.63984,0.20278,0.63281,0.18333,0.59316,0.68026,0.9998,0.71038,0.69420,0.9359,0.63875,0.36178,0.9976,0.67434,0.59698,0.63203,0.39028,81.72,0.9633,live,0.4925,0.5149,231.36,449.33
167769.012195,120.0,0.3645,4,4,0,0.62891,0.34444,0.60469,0.29583,0.59219,0.25278,0.58906,0.21250,0.59297,0.18056,0.61328,0.22083,0.60703,0.18611,0.59766,0.16389,0.58828,0.14306,0.62500,0.21250,0.62109,0.16944,0.61172,0.14167,0.60078,0.11944,0.63672,0.21250,0.63594,0.16806,0.62656,0.14167,0.61484,0.12639,0.64922,0.21944,0.65156,0.17778,0.64531,0.15556,0.63438,0.14306,0.59364,0.68106,0.9998,0.71095,0.65489,0.9385,0.64472,0.32885,0.9977,0.66525,0.54647,0.62891,0.34444,81.51,0.9731,live,0.4925,0.5115,232.28,454.10
167769.076667,120.0,0.4935,4,4,0,0.63438,0.32778,0.60703,0.28194,0.59609,0.24028,0.59531,0.20139,0.60000,0.17361,0.61719,0.21806,0.61250,0.18333,0.60781,0.16111,0.60313,0.13889,0.62969,0.21111,0.62891,0.17500,0.62500,0.14861,0.62031,0.12639,0.64219,0.20972,0.64297,0.17500,0.63906,0.14722,0.63438,0.12639,0.65625,0.21389,0.65703,0.17917,0.65469,0.15556,0.65000,0.13750,0.59229,0.68129,0.9998,0.71057,0.66710,0.9393,0.64916,0.31429,0.9979,0.65908,0.50273,0.63438,0.32778,75.74,0.9767,live,0.4925,0.5098,231.53,454.14
167769.144253,120.0,0.6286,4,4,0,0.63516,0.32778,0.61016,0.30000,0.59922,0.26111,0.59922,0.22083,0.60625,0.19167,0.62187,0.22500,0.61719,0.18611,0.61016,0.16389,0.60234,0.14583,0.63672,0.21944,0.63516,0.17222,0.62891,0.14444,0.62031,0.12222,0.65000,0.22222,0.65156,0.17361,0.64609,0.14722,0.63750,0.12917,0.66328,0.23056,0.66719,0.19167,0.66250,0.16667,0.65391,0.14861,0.59174,0.67527,0.9998,0.70658,0.67231,0.9380,0.64730,0.32903,0.9979,0.65429,0.46774,0.63516,0.32778,71.45,0.9443,live,0.5054,0.5644,254.58,451.09
167769.209322,120.0,0.7588,4,4,0,0.63828,0.37500,0.61484,0.35833,0.60078,0.32083,0.59922,0.28333,0.60625,0.25833,0.62344,0.27639,0.61953,0.23056,0.61328,0.21111,0.60547,0.20000,0.63906,0.27361,0.64062,0.21944,0.63516,0.19306,0.62734,0.17917,0.65391,0.28056,0.65547,0.22917,0.65078,0.20417,0.64297,0.18889,0.66875,0.29444,0.67188,0.25278,0.66875,0.23056,0.66250,0.21389,0.59182,0.67373,0.9998,0.71036,0.73475,0.9377,0.64798,0.33435,0.9981,0.65109,0.44919,0.63828,0.37500,68.96,0.8814,live,0.5223,0.5990,267.54,446.61
167769.273232,120.0,0.8866,4,4,0,0.64687,0.53194,0.61953,0.50833,0.60156,0.47083,0.59531,0.43750,0.60547,0.41944,0.62344,0.40139,0.62266,0.33750,0.61953,0.34722,0.62031,0.37361,0.64219,0.40139,0.64141,0.33333,0.63672,0.35139,0.63750,0.38194,0.66172,0.41111,0.66094,0.34583,0.65547,0.36389,0.65469,0.39444,0.67969,0.42778,0.68047,0.37917,0.67422,0.38889,0.67266,0.41250,0.59187,0.67279,0.9998,0.72037,0.82577,0.9370,0.64934,0.50010,0.9981,0.65025,0.46574,0.64687,0.53194,88.32,0.6091,live,0.5336,0.5853,267.26,456.61
167769.341475,120.0,0.0231,4,1,1,0.71406,0.61806,0.73125,0.60556,0.74922,0.59444,0.76562,0.60417,0.77891,0.61667,0.72422,0.55556,0.73672,0.57222,0.75156,0.59583,0.76406,0.61111,0.70859,0.56667,0.71406,0.57639,0.72734,0.59583,0.73828,0.61111,0.69453,0.58472,0.69453,0.58611,0.70469,0.60000,0.71406,0.61111,0.68359,0.60556,0.67969,0.60694,0.68594,0.61389,0.69219,0.61944,0.60865,0.67068,0.9998,0.73827,0.89152,0.9379,0.65768,0.66457,0.9979,0.78094,0.68250,0.71406,0.61806,46.94,0.5090,hold,0.5336,0.5853,267.26,456.61
167769.409098,120.0,0.1583,4,1,1,0.65938,0.75139,0.63594,0.75556,0.61797,0.75833,0.61172,0.77917,0.61641,0.79861,0.64062,0.69306,0.63438,0.70139,0.63047,0.74444,0.62734,0.77778,0.66406,0.70417,0.66328,0.71806,0.65625,0.76667,0.64922,0.80278,0.68281,0.72500,0.68437,0.74167,0.67734,0.78194,0.66875,0.80972,0.69375,0.75139,0.69922,0.77500,0.69844,0.80417,0.69453,0.82361,0.61183,0.68716,0.9998,0.74694,0.93235,0.9389,0.67196,0.81348,0.9966,0.65207,0.52287,0.65938,0.75139,51.71,0.9974,live,0.5156,0.4335,190.34,439.04
167769.478265,120.0,0.2967,4,1,1,0.66406,0.82917,0.64531,0.82361,0.62500,0.81250,0.61484,0.81944,0.62500,0.82778,0.65000,0.73194,0.64375,0.75000,0.63516,0.79306,0.62813,0.82361,0.67422,0.74444,0.66953,0.75833,0.65938,0.80417,0.64922,0.83611,0.69297,0.76806,0.69375,0.78472,0.68437,0.82639,0.67422,0.85417,0.70469,0.79722,0.71172,0.81806,0.70937,0.84722,0.70547,0.86667,0.61072,0.69347,0.9998,0.74402,0.93301,0.9389,0.67937,0.84735,0.9961,0.65447,0.58413,0.66406,0.82917,68.96,0.9990,live,0.4685,0.2541,110.78,436.01
167769.540824,120.0,0.4218,4,1,1,0.66641,0.86667,0.64531,0.85139,0.62266,0.82500,0.61016,0.82639,0.62344,0.84306,0.65078,0.75833,0.64297,0.77361,0.63359,0.80972,0.62500,0.84167,0.67656,0.76806,0.67344,0.78889,0.66016,0.83472,0.64844,0.87083,0.69766,0.79167,0.69688,0.81667,0.68437,0.85972,0.66953,0.89028,0.71016,0.82361,0.71641,0.84861,0.71094,0.88194,0.70234,0.90278,0.60986,0.69477,0.9998,0.74305,0.94410,0.9383,0.68732,0.85959,0.9952,0.65686,0.64064,0.66641,0.86667,76.52,0.9989,live,0.4421,0.3219,141.25,438.78
167769.606933,120.0,0.5540,4,1,1,0.65781,0.88194,0.63438,0.86528,0.61172,0.84028,0.60078,0.83194,0.61328,0.84028,0.64453,0.76528,0.63750,0.79444,0.62734,0.83611,0.61953,0.86806,0.67109,0.78056,0.66484,0.80972,0.65000,0.85278,0.63750,0.88472,0.69063,0.80972,0.68750,0.83333,0.67266,0.87222,0.65781,0.90000,0.70391,0.84444,0.70469,0.87083,0.69531,0.89583,0.68437,0.91250,0.60935,0.69751,0.9998,0.73768,0.95243,0.9357,0.68725,0.86390,0.9948,0.65705,0.68890,0.65781,0.88194,80.14,0.9967,live,0.4330,0.3913,173.65,443.82
167769.678116,120.0,0.6964,4,1,1,0.64141,0.89028,0.61641,0.86944,0.59219,0.84861,0.58125,0.83889,0.59453,0.84028,0.62187,0.76667,0.61250,0.77917,0.60156,0.81806,0.59375,0.85139,0.65000,0.77917,0.63750,0.79861,0.62109,0.84028,0.60938,0.87083,0.67188,0.80833,0.66250,0.82500,0.64609,0.86111,0.63281,0.88611,0.68828,0.84444,0.68125,0.86250,0.66719,0.88750,0.65469,0.90278,0.60852,0.69671,0.9998,0.73711,0.94514,0.9367,0.67828,0.87116,0.9946,0.65392,0.72918,0.64141,0.89028,85.87,0.9977,live,0.4330,0.4460,201.78,452.39
167769.742499,120.0,0.8251,4,1,1,0.67188,0.95278,0.63438,0.91250,0.60391,0.86667,0.58125,0.83889,0.56016,0.82500,0.61406,0.77500,0.57031,0.77222,0.54688,0.78889,0.53203,0.80833,0.63906,0.78333,0.58984,0.78889,0.56094,0.80556,0.54219,0.82778,0.66328,0.81250,0.61797,0.81528,0.58984,0.83472,0.57266,0.85694,0.68594,0.85139,0.65859,0.84444,0.63672,0.84306,0.61953,0.84583,0.61005,0.69469,0.9998,0.73718,0.94950,0.9390,0.63364,0.86525,0.9946,0.65751,0.77390,0.67188,0.95278,114.81,0.9875,live,0.4426,0.4867,233.97,480.77
167769.807338,120.0,0.9548,4,1,1,0.67188,0.95278,0.63438,0.91250,0.60391,0.86667,0.58125,0.83889,0.56016,0.82500,0.61406,0.77500,0.57031,0.77222,0.54688,0.78889,0.53203,0.80833,0.63906,0.78333,0.58984,0.78889,0.56094,0.80556,0.54219,0.82778,0.66328,0.81250,0.61797,0.81528,0.58984,0.83472,0.57266,0.85694,0.68594,0.85139,0.65859,0.84444,0.63672,0.84306,0.61953,0.84583,0.60193,0.69313,0.9998,0.72645,0.94657,0.9381,0.57141,0.86116,0.9942,0.65751,0.77390,0.67188,0.95278,114.81,0.5925,hold,0.4426,0.4867,233.97,480.77
167769.877489,120.0,0.0951,4,2,0,0.51797,0.73889,0.50078,0.70694,0.47500,0.69167,0.44844,0.69583,0.42969,0.70694,0.48125,0.65833,0.44219,0.67222,0.42188,0.69444,0.41250,0.71528,0.48906,0.67639,0.44688,0.69028,0.42422,0.71389,0.41172,0.73611,0.49531,0.70278,0.45469,0.71528,0.43281,0.73611,0.42031,0.75556,0.49844,0.73472,0.46953,0.74167,0.45156,0.75278,0.44062,0.76111,0.60109,0.68604,0.9998,0.70658,0.94524,0.9396,0.52255,0.78934,0.9944,0.62960,0.76689,0.51797,0.73889,54.33,0.9946,live,0.4372,0.3986,184.23,462.19
167769.944720,120.0,0.2296,4,2,0,0.50859,0.73611,0.47187,0.73611,0.44688,0.70972,0.42969,0.69583,0.41484,0.68889,0.46406,0.63194,0.42969,0.64722,0.40703,0.66528,0.39219,0.68472,0.47109,0.64028,0.42969,0.65417,0.40547,0.67639,0.39062,0.69583,0.47578,0.66111,0.43438,0.67083,0.41250,0.69306,0.39922,0.71250,0.47734,0.69306,0.44531,0.69583,0.42656,0.70833,0.41563,0.72222,0.60093,0.67452,0.9998,0.69472,0.93313,0.9418,0.50939,0.74605,0.9942,0.60540,0.76074,0.50859,0.73611,69.01,0.9991,live,0.4372,0.4221,192.65,456.42
167770.009849,120.0,0.3598,4,2,0,0.51406,0.71528,0.47500,0.71667,0.44922,0.69583,0.43203,0.68472,0.41719,0.67639,0.46484,0.61389,0.42734,0.61806,0.40625,0.64028,0.39375,0.66389,0.47187,0.62222,0.42734,0.63056,0.40469,0.66111,0.39219,0.68333,0.47656,0.64306,0.43359,0.65000,0.41250,0.67917,0.40000,0.70139,0.47813,0.67500,0.44531,0.67778,0.42734,0.69167,0.41563,0.70556,0.60094,0.67561,0.9998,0.69846,0.93194,0.9450,0.50774,0.71797,0.9944,0.58713,0.75165,0.51406,0.71528,71.01,0.9982,live,0.4236,0.3615,163.66,452.77
167770.073998,120.0,0.4881,4,2,0,0.53438,0.72222,0.49453,0.71667,0.46797,0.69028,0.45000,0.67500,0.43359,0.66528,0.48438,0.61250,0.44531,0.61806,0.42500,0.63611,0.41172,0.65833,0.49297,0.62222,0.44688,0.63194,0.42422,0.65972,0.40937,0.68194,0.49766,0.64583,0.45312,0.65278,0.43125,0.67917,0.41875,0.70139,0.49844,0.67778,0.46406,0.68056,0.44766,0.69444,0.43672,0.70556,0.60110,0.67579,0.9998,0.70850,0.93414,0.9473,0.52298,0.72166,0.9947,0.57658,0.74576,0.53438,0.72222,74.36,0.9963,live,0.4156,0.3794,171.46,451.98
167770.140873,120.0,0.6219,4,2,0,0.56016,0.73889,0.52031,0.72778,0.49219,0.70417,0.46953,0.69444,0.44844,0.68611,0.51797,0.62500,0.47813,0.63056,0.45937,0.65556,0.45000,0.67778,0.53125,0.64028,0.48516,0.65000,0.46250,0.67639,0.44922,0.69861,0.53984,0.66806,0.49609,0.67500,0.47187,0.69722,0.45703,0.71389,0.54453,0.70278,0.51172,0.70833,0.49219,0.71667,0.47891,0.72083,0.60174,0.68192,0.9998,0.71704,0.93408,0.9479,0.54692,0.72727,0.9948,0.57330,0.74439,0.56016,0.73889,69.14,0.9743,live,0.3907,0.2770,123.95,447.52
167770.209828,120.0,0.7598,4,2,0,0.62422,0.76111,0.60859,0.71806,0.58594,0.68889,0.56328,0.68333,0.54531,0.68750,0.59141,0.67222,0.56016,0.67778,0.53906,0.68889,0.52344,0.69861,0.60078,0.69861,0.56328,0.70972,0.53672,0.72083,0.51719,0.72917,0.60703,0.72778,0.57109,0.73889,0.54453,0.74583,0.52656,0.75000,0.61016,0.75972,0.58594,0.76528,0.56875,0.76528,0.55547,0.76389,0.60713,0.69656,0.9998,0.73077,0.94145,0.9473,0.60885,0.76701,0.9947,0.58348,0.74773,0.62422,0.76111,54.02,0.9856,live,0.3671,0.2600,112.50,432.71
167770.275921,120.0,0.8920,4,2,0,0.62422,0.76111,0.60859,0.71806,0.58594,0.68889,0.56328,0.68333,0.54531,0.68750,0.59141,0.67222,0.56016,0.67778,0.53906,0.68889,0.52344,0.69861,0.60078,0.69861,0.56328,0.70972,0.53672,0.72083,0.51719,0.72917,0.60703,0.72778,0.57109,0.73889,0.54453,0.74583,0.52656,0.75000,0.61016,0.75972,0.58594,0.76528,0.56875,0.76528,0.55547,0.76389,0.61378,0.70302,0.9998,0.73609,0.92160,0.9395,0.70081,0.84871,0.9917,0.58348,0.74773,0.62422,0.76111,54.02,0.5914,hold,0.3671,0.2600,112.50,432.71
167770.342003,120.0,0.0241,4,3,0,0.62422,0.76111,0.60859,0.71806,0.58594,0.68889,0.56328,0.68333,0.54531,0.68750,0.59141,0.67222,0.56016,0.67778,0.53906,0.68889,0.52344,0.69861,0.60078,0.69861,0.56328,0.70972,0.53672,0.72083,0.51719,0.72917,0.60703,0.72778,0.57109,0.73889,0.54453,0.74583,0.52656,0.75000,0.61016,0.75972,0.58594,0.76528,0.56875,0.76528,0.55547,0.76389,0.61367,0.70260,0.9998,0.73782,0.92200,0.9372,0.77393,0.82895,0.9917,0.58348,0.74773,0.62422,0.76111,54.02,0.5914,hold,0.3671,0.2600,112.50,432.71
167770.408425,120.0,0.1570,4,3,0,0.78984,0.77361,0.78125,0.73194,0.78750,0.70000,0.79766,0.70694,0.80859,0.73056,0.82734,0.70556,0.84609,0.70833,0.84297,0.73472,0.83281,0.75694,0.84062,0.73333,0.86484,0.73194,0.86094,0.76250,0.84766,0.78333,0.84844,0.76111,0.87422,0.75694,0.87344,0.78472,0.86016,0.80278,0.85234,0.78750,0.87266,0.78889,0.87344,0.80556,0.86406,0.81528,0.61354,0.70242,0.9998,0.73305,0.91948,0.9331,0.79896,0.81545,0.9918,0.62475,0.75291,0.78984,0.77361,71.88,0.9258,live,0.3671,0.1708,73.87,432.54
167770.476150,120.0,0.2924,4,3,0,0.80234,0.78889,0.78438,0.75417,0.78750,0.72500,0.80781,0.72917,0.83125,0.73750,0.82734,0.67639,0.83828,0.66944,0.84375,0.69306,0.84219,0.72639,0.85000,0.70278,0.86953,0.69028,0.87578,0.71528,0.87344,0.74861,0.86328,0.73333,0.88438,0.72639,0.89219,0.75000,0.88906,0.77778,0.86953,0.76528,0.88828,0.76528,0.89609,0.77778,0.89531,0.79444,0.61343,0.70261,0.9998,0.72983,0.91954,0.9310,0.80395,0.81194,0.9919,0.66027,0.76010,0.80234,0.78889,86.37,0.9960,live,0.3468,0.2541,112.50,442.82
167770.540590,120.0,0.4213,4,3,0,0.79922,0.77917,0.78281,0.75000,0.78750,0.71806,0.81016,0.71944,0.83359,0.72361,0.82266,0.66528,0.84062,0.66111,0.84609,0.68611,0.84844,0.72083,0.84688,0.68472,0.87031,0.67083,0.87734,0.70000,0.87656,0.73472,0.86250,0.71111,0.88750,0.70139,0.89453,0.72917,0.89062,0.76111,0.87031,0.74167,0.89297,0.74167,0.90000,0.75833,0.89766,0.77917,0.61228,0.70249,0.9998,0.72994,0.91967,0.9268,0.80364,0.80699,0.9919,0.68806,0.76392,0.79922,0.77917,88.93,0.9966,live,0.3468,0.3253,147.57,453.71
167770.607839,120.0,0.5558,4,3,0,0.78672,0.76806,0.77109,0.73472,0.77266,0.69861,0.79453,0.69722,0.81563,0.69861,0.80781,0.64861,0.82500,0.64306,0.82969,0.66667,0.83047,0.69722,0.83203,0.66528,0.85469,0.64861,0.85938,0.67778,0.85703,0.71250,0.84766,0.69167,0.87031,0.67778,0.87656,0.70417,0.87266,0.73611,0.85703,0.72083,0.87813,0.71667,0.88516,0.73472,0.88359,0.75694,0.61171,0.70246,0.9998,0.72978,0.91931,0.9221,0.80609,0.79189,0.9919,0.70779,0.76474,0.78672,0.76806,90.51,0.9908,live,0.3513,0.3720,172.78,464.44
167770.677514,120.0,0.6952,4,3,0,0.76641,0.74028,0.75156,0.71389,0.75156,0.68194,0.76562,0.67639,0.78281,0.67222,0.78516,0.63472,0.79063,0.61944,0.78906,0.64028,0.78516,0.66389,0.80625,0.64444,0.82109,0.62083,0.82031,0.64722,0.81250,0.67639,0.82266,0.66528,0.83984,0.64722,0.84219,0.66667,0.83359,0.68750,0.83281,0.69444,0.85391,0.69028,0.85703,0.70417,0.85078,0.71944,0.61308,0.70242,0.9998,0.73173,0.91938,0.9233,0.79574,0.74148,0.9922,0.71952,0.75985,0.76641,0.74028,82.83,0.9846,live,0.3513,0.4008,187.73,468.34
167770.744675,120.0,0.8295,4,3,0,0.73984,0.66528,0.75547,0.63472,0.76562,0.60556,0.77500,0.60139,0.78438,0.61667,0.73906,0.54722,0.75000,0.56528,0.76875,0.59583,0.78281,0.61667,0.72344,0.56389,0.73281,0.57361,0.75391,0.60000,0.76875,0.62639,0.70937,0.58889,0.71562,0.58611,0.73438,0.60139,0.74844,0.62083,0.69766,0.61667,0.69766,0.60556,0.70781,0.60972,0.71719,0.61806,0.61299,0.69825,0.9998,0.74114,0.91438,0.9251,0.76043,0.67979,0.9927,0.73984,0.66528,0.73984,0.66528,74.54,0.9875,live,0.3513,0.4563,212.57,465.81
167770.807368,120.0,0.9549,4,3,0,0.70156,0.58472,0.67344,0.56806,0.65078,0.53333,0.64062,0.50000,0.63750,0.46944,0.66094,0.47222,0.64609,0.43333,0.65000,0.45000,0.65703,0.47361,0.67891,0.46806,0.66563,0.42917,0.66719,0.45417,0.67188,0.47917,0.69688,0.47361,0.68672,0.44167,0.68750,0.46806,0.69063,0.49306,0.71562,0.48750,0.70781,0.46389,0.70469,0.47778,0.70547,0.49167,0.61063,0.69652,0.9998,0.74128,0.87333,0.9281,0.70965,0.58041,0.9932,0.71592,0.72483,0.70156,0.58472,82.06,0.9862,live,0.3697,0.4532,212.57,469.00
167770.874258,120.0,0.0887,4,4,0,0.66953,0.48889,0.64297,0.47083,0.62344,0.43889,0.61250,0.40694,0.61172,0.37639,0.63750,0.38194,0.62578,0.34028,0.61328,0.32361,0.60234,0.31806,0.65078,0.37361,0.63906,0.32500,0.62578,0.31250,0.61250,0.31389,0.66563,0.37500,0.65781,0.32500,0.64609,0.31528,0.63438,0.31806,0.68203,0.38472,0.67656,0.34306,0.66797,0.32917,0.65859,0.32639,0.60478,0.69515,0.9998,0.74085,0.82215,0.9319,0.67118,0.48214,0.9938,0.70665,0.67764,0.66953,0.48889,76.84,0.9642,live,0.3697,0.3500,163.80,468.04
167770.941437,120.0,0.2230,4,4,0,0.66094,0.43611,0.63125,0.39861,0.61328,0.35972,0.60625,0.32222,0.60391,0.28750,0.62891,0.32083,0.61875,0.28472,0.60859,0.26528,0.60000,0.24861,0.64062,0.31389,0.63125,0.27222,0.62109,0.24861,0.61172,0.23333,0.65234,0.31111,0.64609,0.26944,0.63672,0.24583,0.62734,0.23056,0.66484,0.31389,0.66094,0.27361,0.65312,0.25417,0.64375,0.24167,0.59761,0.69080,0.9998,0.73178,0.73922,0.9339,0.65437,0.40562,0.9943,0.69750,0.62933,0.66094,0.43611,79.69,0.8826,live,0.3697,0.3765,176.66,469.25
167771.006673,120.0,0.3535,4,4,0,0.65312,0.37917,0.62500,0.33750,0.60938,0.29722,0.60313,0.25833,0.60234,0.22639,0.62656,0.26111,0.61719,0.22778,0.60859,0.20694,0.60000,0.18889,0.63828,0.25417,0.63047,0.21389,0.62187,0.19167,0.61328,0.17361,0.64922,0.25139,0.64531,0.21111,0.63672,0.18611,0.62734,0.16806,0.66172,0.25417,0.65859,0.21528,0.65156,0.19444,0.64219,0.18056,0.59628,0.69083,0.9998,0.72733,0.69215,0.9361,0.65554,0.36547,0.9948,0.68863,0.57930,0.65312,0.37917,79.87,0.9327,live,0.3792,0.4226,198.82,470.45
167771.076220,120.0,0.4926,4,4,0,0.65000,0.33333,0.62266,0.29028,0.60859,0.25139,0.60391,0.21111,0.60625,0.17778,0.62891,0.21528,0.61875,0.18194,0.60703,0.15972,0.59688,0.13889,0.63906,0.20556,0.63047,0.16667,0.62031,0.14028,0.60938,0.11806,0.65000,0.20278,0.64453,0.16111,0.63359,0.13611,0.62266,0.12083,0.66250,0.20556,0.66016,0.16528,0.65156,0.14444,0.64141,0.13194,0.59342,0.68581,0.9998,0.71802,0.66446,0.9374,0.65369,0.33032,0.9951,0.68090,0.53011,0.65000,0.33333,79.80,0.9648,live,0.3792,0.3924,185.02,471.45
167771.140588,120.0,0.6213,4,4,0,0.64375,0.30278,0.61797,0.26944,0.60547,0.22778,0.60391,0.18750,0.60938,0.15972,0.62891,0.19306,0.62109,0.15833,0.61094,0.14028,0.60078,0.12500,0.64062,0.18472,0.63359,0.14167,0.62266,0.11944,0.61094,0.10417,0.65234,0.18194,0.64844,0.13611,0.63750,0.11528,0.62422,0.10417,0.66563,0.18472,0.66484,0.14583,0.65547,0.12778,0.64297,0.11944,0.59168,0.68300,0.9998,0.71736,0.65544,0.9385,0.65449,0.31320,0.9955,0.67347,0.48464,0.64375,0.30278,75.81,0.9721,live,0.3949,0.4662,218.84,469.46
167771.208994,120.0,0.7581,4,4,0,0.64375,0.32083,0.61797,0.29167,0.60469,0.25278,0.60313,0.21250,0.60781,0.17917,0.62734,0.21111,0.62031,0.17500,0.61094,0.15417,0.60078,0.13889,0.64062,0.20417,0.63594,0.15972,0.62656,0.13333,0.61562,0.11667,0.65391,0.20556,0.65156,0.15972,0.64297,0.13611,0.63203,0.12083,0.66719,0.21389,0.66797,0.17361,0.66016,0.15139,0.64922,0.14028,0.59117,0.68142,0.9998,0.71525,0.67065,0.9393,0.65420,0.33736,0.9959,0.66753,0.45188,0.64375,0.32083,74.88,0.9484,live,0.4164,0.5145,240.28,467.03
167771.276344,120.0,0.8928,4,4,0,0.64922,0.36250,0.62266,0.35000,0.60703,0.31944,0.60234,0.28611,0.60625,0.25833,0.62891,0.26806,0.62344,0.21806,0.61484,0.20000,0.60625,0.19444,0.64531,0.26250,0.64297,0.20556,0.63672,0.18333,0.62891,0.17778,0.66016,0.26806,0.66016,0.21389,0.65391,0.19306,0.64687,0.18750,0.67344,0.28056,0.67344,0.24028,0.66797,0.22222,0.66250,0.21667,0.59015,0.67604,0.9998,0.71570,0.72330,0.9403,0.65183,0.35663,0.9962,0.71059,0.57361,0.64922,0.36250,67.33,0.5209,live,0.4131,0.5230,240.28,459.47
167771.341526,120.0,0.0232,4,1,1,0.65625,0.54028,0.63125,0.52500,0.61094,0.49167,0.60000,0.46111,0.60703,0.43889,0.62813,0.42778,0.62813,0.36111,0.62656,0.37778,0.62734,0.40694,0.64844,0.43056,0.64922,0.35972,0.64531,0.38333,0.64531,0.41528,0.66875,0.44167,0.66875,0.37361,0.66328,0.39861,0.66250,0.43056,0.68828,0.45972,0.68672,0.40833,0.68047,0.42361,0.67969,0.45139,0.59024,0.67600,0.9998,0.71933,0.84055,0.9408,0.65347,0.51928,0.9965,0.66527,0.46956,0.65625,0.54028,79.91,0.6460,live,0.4239,0.4730,218.48,461.87
167771.407320,120.0,0.1548,4,1,1,0.64062,0.64444,0.65781,0.65556,0.67656,0.66806,0.68594,0.69028,0.68984,0.71389,0.68047,0.60417,0.68516,0.65139,0.68281,0.69306,0.68047,0.72361,0.66641,0.59722,0.67109,0.64583,0.66875,0.68194,0.66641,0.70417,0.64766,0.60417,0.64922,0.65278,0.64844,0.68333,0.64844,0.70000,0.62813,0.61806,0.63125,0.65833,0.63203,0.68333,0.63203,0.70000,0.61422,0.67162,0.9998,0.73689,0.90670,0.9409,0.66937,0.69977,0.9959,0.69660,0.58778,0.64062,0.64444,49.66,0.9444,live,0.4318,0.4680,206.94,442.20
167771.476010,120.0,0.2922,4,1,1,0.67812,0.82778,0.65625,0.81389,0.63281,0.79583,0.62109,0.81250,0.62734,0.83472,0.65312,0.73750,0.64687,0.75833,0.64531,0.79722,0.64531,0.83472,0.67969,0.74722,0.67969,0.76944,0.67266,0.80972,0.66719,0.84583,0.70156,0.76944,0.70391,0.79167,0.69766,0.83056,0.69063,0.86389,0.71641,0.79722,0.72266,0.81250,0.71953,0.83889,0.71484,0.86250,0.61283,0.68556,0.9998,0.74336,0.93002,0.9410,0.68807,0.82707,0.9955,0.66784,0.54120,0.67812,0.82778,68.98,0.9893,live,0.4092,0.3060,134.26,438.80
167771.546506,120.0,0.4332,4,1,1,0.67969,0.84306,0.65547,0.83611,0.63359,0.83333,0.62344,0.85972,0.62969,0.89583,0.65781,0.77500,0.65156,0.80972,0.64687,0.85000,0.64062,0.88056,0.68437,0.78750,0.67969,0.84167,0.66953,0.88333,0.65859,0.91667,0.70469,0.81111,0.70312,0.86944,0.69297,0.91389,0.68203,0.94583,0.71875,0.83889,0.72109,0.88750,0.71641,0.92500,0.70781,0.95139,0.61188,0.68840,0.9998,0.74223,0.93023,0.9398,0.69218,0.85159,0.9948,0.67021,0.60157,0.67969,0.84306,59.38,0.9950,live,0.3838,0.2681,115.00,428.90
167771.608719,120.0,0.5576,4,1,1,0.67109,0.88194,0.65000,0.87083,0.62969,0.85694,0.62187,0.87639,0.62813,0.90556,0.65312,0.79028,0.64844,0.83333,0.64219,0.87778,0.63438,0.90972,0.68047,0.80139,0.67891,0.84722,0.66797,0.89028,0.65625,0.92222,0.70312,0.82361,0.70547,0.87222,0.69375,0.92222,0.68047,0.95417,0.71797,0.85417,0.72422,0.90000,0.71719,0.93889,0.70781,0.96389,0.61155,0.68823,0.9998,0.74128,0.92708,0.9399,0.69117,0.83584,0.9942,0.67039,0.65765,0.67109,0.88194,71.82,0.9964,live,0.3791,0.3577,153.48,429.14
167771.677052,120.0,0.6942,4,1,1,0.66875,0.91944,0.64297,0.89861,0.61953,0.87778,0.61172,0.87500,0.62344,0.88194,0.64453,0.79167,0.64219,0.81944,0.63828,0.86111,0.63281,0.89722,0.67188,0.80139,0.66797,0.83611,0.65781,0.88472,0.64922,0.92083,0.69453,0.82500,0.69219,0.86250,0.67891,0.90833,0.66719,0.94028,0.71094,0.85694,0.71016,0.89861,0.69844,0.93472,0.68828,0.95417,0.60952,0.68663,0.9998,0.72882,0.91779,0.9387,0.68670,0.85169,0.9937,0.67006,0.71001,0.66875,0.91944,87.40,0.9977,live,0.3885,0.4316,190.13,440.57
167771.743207,120.0,0.8266,4,1,1,0.65781,0.92500,0.62813,0.90556,0.60078,0.88472,0.58750,0.86944,0.59453,0.86389,0.61719,0.79028,0.61484,0.78194,0.61094,0.80139,0.60781,0.82917,0.64453,0.79306,0.63516,0.81389,0.62500,0.85972,0.61953,0.89306,0.66797,0.81250,0.65781,0.83750,0.65000,0.88056,0.64687,0.90833,0.68906,0.84306,0.67969,0.86806,0.67266,0.90000,0.67031,0.91806,0.60822,0.68701,0.9998,0.72495,0.92418,0.9384,0.67064,0.85706,0.9935,0.66761,0.75301,0.65781,0.92500,94.35,0.9988,live,0.4057,0.4839,220.49,455.63
167771.806822,120.0,0.9538,4,1,1,0.56016,0.82222,0.57734,0.79861,0.59453,0.78889,0.61172,0.80972,0.62031,0.84861,0.55156,0.75833,0.58359,0.80000,0.59609,0.81389,0.59688,0.80556,0.53281,0.79028,0.57500,0.83472,0.58437,0.84167,0.57969,0.83056,0.52187,0.82361,0.56406,0.86111,0.56875,0.86111,0.55781,0.84444,0.51641,0.85417,0.54922,0.88194,0.55625,0.88194,0.55078,0.87222,0.60828,0.68420,0.9998,0.72834,0.92873,0.9406,0.62824,0.85982,0.9935,0.66931,0.63467,0.56016,0.82222,58.02,0.9757,live,0.4223,0.4980,220.49,442.73
167771.876730,120.0,0.0936,4,2,0,0.58984,0.83194,0.55625,0.82500,0.53359,0.80833,0.51875,0.79583,0.50469,0.78611,0.54609,0.78056,0.52578,0.75278,0.50938,0.73333,0.49297,0.71806,0.54844,0.78056,0.52578,0.75278,0.50703,0.73750,0.49062,0.72361,0.54922,0.78750,0.52891,0.76389,0.50859,0.75139,0.49062,0.74028,0.55078,0.80278,0.53750,0.79167,0.52422,0.78611,0.51250,0.78194,0.60285,0.68327,0.9998,0.72248,0.93520,0.9397,0.55375,0.85413,0.9930,0.65206,0.76879,0.58984,0.83194,50.77,0.9964,live,0.4404,0.5230,222.87,426.16
167771.942697,120.0,0.2255,4,2,0,0.53906,0.78333,0.51016,0.76667,0.48750,0.75000,0.47109,0.73889,0.45625,0.73056,0.49609,0.71667,0.47734,0.69444,0.46172,0.68056,0.44688,0.67083,0.49609,0.72222,0.47500,0.70000,0.45781,0.68889,0.44375,0.67917,0.49531,0.73611,0.47344,0.71667,0.45391,0.70833,0.43828,0.70278,0.49531,0.75694,0.47969,0.74444,0.46563,0.73750,0.45391,0.73056,0.59445,0.67761,0.9998,0.69464,0.92548,0.9269,0.50689,0.78562,0.9883,0.62946,0.77170,0.53906,0.78333,57.90,0.9986,live,0.4404,0.4485,186.89,416.70
167772.012215,120.0,0.3646,4,2,0,0.49609,0.72917,0.45781,0.74444,0.42969,0.73333,0.41094,0.72917,0.39531,0.72917,0.43750,0.65278,0.40000,0.65972,0.38125,0.68194,0.36875,0.70278,0.44453,0.65694,0.40000,0.66806,0.37812,0.69583,0.36562,0.71528,0.45078,0.67639,0.40937,0.68333,0.38750,0.70694,0.37500,0.72639,0.45469,0.70694,0.42578,0.70972,0.40781,0.72361,0.39531,0.73750,0.59347,0.67824,0.9998,0.68389,0.91331,0.9245,0.49455,0.75515,0.9877,0.60279,0.76319,0.49609,0.72917,69.29,0.9983,live,0.4404,0.4493,187.16,416.59
167772.077032,120.0,0.4942,4,2,0,0.50938,0.74167,0.46875,0.74167,0.44219,0.72639,0.42578,0.72500,0.41094,0.72778,0.44844,0.65972,0.42500,0.66944,0.40859,0.68194,0.39453,0.69444,0.45234,0.66111,0.42344,0.66250,0.40625,0.67500,0.39297,0.68889,0.45547,0.67500,0.42422,0.67639,0.40625,0.68889,0.39297,0.70417,0.45781,0.70278,0.42656,0.70417,0.41094,0.71528,0.40000,0.73194,0.59002,0.67806,0.9998,0.68225,0.91004,0.9291,0.49273,0.74500,0.9885,0.58410,0.75889,0.50938,0.74167,73.99,0.9990,live,0.4319,0.3928,164.93,419.87
167772.145547,120.0,0.6312,4,2,0,0.52266,0.74028,0.48438,0.74722,0.45781,0.73611,0.43906,0.73472,0.42031,0.73889,0.46641,0.65556,0.42891,0.66111,0.40859,0.68056,0.39609,0.70139,0.47578,0.66111,0.43125,0.66944,0.40859,0.69444,0.39453,0.71944,0.48438,0.68056,0.44062,0.68472,0.41953,0.71111,0.40625,0.73194,0.48984,0.71111,0.46094,0.71250,0.44297,0.72361,0.43125,0.73333,0.59021,0.68469,0.9998,0.68306,0.91143,0.9245,0.49911,0.74075,0.9866,0.57181,0.75517,0.52266,0.74028,68.52,0.9982,live,0.4319,0.4199,175.85,418.82
167772.210569,120.0,0.7613,4,2,0,0.57734,0.75278,0.55469,0.72361,0.52891,0.70278,0.50703,0.69583,0.48906,0.69583,0.53438,0.68611,0.50625,0.68194,0.48594,0.68611,0.47031,0.69306,0.53906,0.70000,0.50625,0.69861,0.48281,0.70278,0.46484,0.70972,0.54531,0.72222,0.51406,0.71806,0.49062,0.72222,0.47031,0.72500,0.55156,0.75000,0.53125,0.74722,0.51250,0.74722,0.49531,0.74583,0.59610,0.68809,0.9998,0.70872,0.91327,0.9289,0.55398,0.74151,0.9876,0.57292,0.75469,0.57734,0.75278,54.76,0.9909,live,0.4246,0.3918,159.84,408.00
167772.277111,120.0,0.8944,4,2,0,0.57734,0.75278,0.55469,0.72361,0.52891,0.70278,0.50703,0.69583,0.48906,0.69583,0.53438,0.68611,0.50625,0.68194,0.48594,0.68611,0.47031,0.69306,0.53906,0.70000,0.50625,0.69861,0.48281,0.70278,0.46484,0.70972,0.54531,0.72222,0.51406,0.71806,0.49062,0.72222,0.47031,0.72500,0.55156,0.75000,0.53125,0.74722,0.51250,0.74722,0.49531,0.74583,0.59640,0.69380,0.9998,0.73960,0.91247,0.9325,0.65587,0.81042,0.9877,0.57292,0.75469,0.57734,0.75278,54.76,0.5945,hold,0.4246,0.3918,159.84,408.00
167772.344173,120.0,0.0285,4,3,0,0.57734,0.75278,0.55469,0.72361,0.52891,0.70278,0.50703,0.69583,0.48906,0.69583,0.53438,0.68611,0.50625,0.68194,0.48594,0.68611,0.47031,0.69306,0.53906,0.70000,0.50625,0.69861,0.48281,0.70278,0.46484,0.70972,0.54531,0.72222,0.51406,0.71806,0.49062,0.72222,0.47031,0.72500,0.55156,0.75000,0.53125,0.74722,0.51250,0.74722,0.49531,0.74583,0.59608,0.69521,0.9998,0.76978,0.88253,0.9335,0.75140,0.82167,0.9880,0.57292,0.75469,0.57734,0.75278,54.76,0.5945,hold,0.4246,0.3918,159.84,408.00
167772.410985,120.0,0.1621,4,3,0,0.78984,0.75139,0.77891,0.72361,0.78125,0.71111,0.79063,0.72778,0.80234,0.75278,0.81406,0.70556,0.82969,0.70417,0.83125,0.72500,0.82656,0.75000,0.82969,0.73056,0.85156,0.73056,0.85078,0.75278,0.84297,0.77222,0.83906,0.75556,0.86094,0.75417,0.86172,0.77500,0.85469,0.79306,0.84453,0.77778,0.86172,0.77917,0.86562,0.79167,0.86250,0.80139,0.59667,0.69507,0.9998,0.73259,0.88395,0.9282,0.79435,0.80947,0.9886,0.61630,0.75403,0.78984,0.75139,58.99,0.9277,live,0.4207,0.2578,103.50,401.51
167772.478253,120.0,0.2966,4,3,0,0.79453,0.75417,0.79219,0.71806,0.80625,0.68889,0.82812,0.69306,0.84688,0.70694,0.82891,0.66111,0.85313,0.66250,0.86641,0.68611,0.87344,0.71528,0.83984,0.68056,0.86484,0.66944,0.87891,0.69028,0.88594,0.71667,0.84453,0.70833,0.86406,0.68889,0.86719,0.70139,0.86562,0.71806,0.84453,0.73889,0.85703,0.71806,0.85547,0.71944,0.85000,0.72500,0.59684,0.69502,0.9998,0.73023,0.88613,0.9293,0.81258,0.77441,0.9893,0.65195,0.75406,0.79453,0.75417,70.78,0.9785,live,0.4170,0.2557,103.36,404.29
167772.545593,120.0,0.4313,4,3,0,0.80625,0.73611,0.79063,0.71528,0.79609,0.68750,0.82109,0.68611,0.84609,0.68889,0.82344,0.62917,0.83516,0.62500,0.84375,0.65000,0.84844,0.68611,0.84766,0.64167,0.86719,0.62361,0.87813,0.64583,0.88438,0.67778,0.86406,0.66250,0.88516,0.65556,0.89922,0.67778,0.90469,0.70694,0.87266,0.68889,0.89297,0.69028,0.90234,0.70417,0.90703,0.72222,0.59682,0.69487,0.9998,0.73009,0.87657,0.9305,0.81651,0.73964,0.9902,0.68281,0.75047,0.80625,0.73611,83.53,0.9944,live,0.4137,0.3423,142.37,415.92
167772.614380,120.0,0.5689,4,3,0,0.79688,0.71528,0.78281,0.69444,0.78672,0.66667,0.80937,0.66528,0.83203,0.66667,0.81250,0.60972,0.82422,0.60972,0.83203,0.63472,0.83984,0.66528,0.83672,0.61667,0.85469,0.60000,0.86406,0.62222,0.87031,0.65278,0.85313,0.63611,0.87578,0.62639,0.88672,0.65000,0.89297,0.67917,0.86328,0.66250,0.88359,0.66111,0.89297,0.67917,0.89844,0.69861,0.59687,0.69548,0.9998,0.72991,0.87458,0.9249,0.80324,0.69901,0.9905,0.70562,0.74343,0.79688,0.71528,83.60,0.9940,live,0.4106,0.4027,171.64,426.20
167772.677979,120.0,0.6961,4,3,0,0.78125,0.69722,0.76953,0.68194,0.76875,0.65972,0.77734,0.65556,0.78672,0.65139,0.79375,0.60000,0.80859,0.59722,0.81719,0.61250,0.82578,0.63056,0.81328,0.60972,0.83203,0.60556,0.84219,0.62361,0.85000,0.64583,0.82656,0.62917,0.84531,0.62500,0.85625,0.63750,0.86406,0.65556,0.83281,0.65694,0.85000,0.66111,0.85938,0.66806,0.86641,0.67778,0.59935,0.69493,0.9998,0.72995,0.87522,0.9236,0.79215,0.68160,0.9911,0.72075,0.73419,0.78125,0.69722,70.93,0.9822,live,0.4077,0.4488,191.23,426.13
167772.743750,120.0,0.8276,4,3,0,0.78125,0.69722,0.76953,0.68194,0.76875,0.65972,0.77734,0.65556,0.78672,0.65139,0.79375,0.60000,0.80859,0.59722,0.81719,0.61250,0.82578,0.63056,0.81328,0.60972,0.83203,0.60556,0.84219,0.62361,0.85000,0.64583,0.82656,0.62917,0.84531,0.62500,0.85625,0.63750,0.86406,0.65556,0.83281,0.65694,0.85000,0.66111,0.85938,0.66806,0.86641,0.67778,0.60031,0.69465,0.9998,0.75080,0.87817,0.9279,0.76946,0.66084,0.9919,0.72075,0.73419,0.78125,0.69722,70.93,0.5893,hold,0.4077,0.4488,191.23,426.13
167772.810794,120.0,0.9617,4,3,0,0.78125,0.69722,0.76953,0.68194,0.76875,0.65972,0.77734,0.65556,0.78672,0.65139,0.79375,0.60000,0.80859,0.59722,0.81719,0.61250,0.82578,0.63056,0.81328,0.60972,0.83203,0.60556,0.84219,0.62361,0.85000,0.64583,0.82656,0.62917,0.84531,0.62500,0.85625,0.63750,0.86406,0.65556,0.83281,0.65694,0.85000,0.66111,0.85938,0.66806,0.86641,0.67778,0.59650,0.69245,0.9998,0.74783,0.82434,0.9309,0.70122,0.53720,0.9925,0.72075,0.73419,0.78125,0.69722,70.93,0.5893,hold,0.4077,0.4488,191.23,426.13
167772.875708,120.0,0.0916,4,4,0,0.64687,0.46111,0.62109,0.44722,0.60469,0.41111,0.60547,0.37639,0.60625,0.34861,0.61094,0.35417,0.59844,0.30833,0.58594,0.28889,0.57344,0.27778,0.62500,0.34583,0.61562,0.29167,0.60469,0.26389,0.59297,0.24583,0.63984,0.35000,0.63203,0.29722,0.62109,0.27222,0.61016,0.25972,0.65547,0.36250,0.65156,0.32500,0.64375,0.31111,0.63438,0.30694,0.58945,0.68709,0.9998,0.72832,0.75160,0.9353,0.64550,0.44307,0.9932,0.70597,0.67957,0.64687,0.46111,76.61,0.9864,live,0.4051,0.3349,144.04,430.15
167772.945577,120.0,0.2313,4,4,0,0.62813,0.40833,0.59688,0.37083,0.58281,0.32917,0.58125,0.28472,0.58047,0.25139,0.59219,0.28889,0.58359,0.25417,0.57656,0.23194,0.57031,0.21111,0.60313,0.28056,0.59766,0.24306,0.59141,0.21806,0.58594,0.19722,0.61484,0.27917,0.61094,0.24167,0.60469,0.21528,0.59844,0.19444,0.62813,0.28333,0.62500,0.24722,0.61953,0.22500,0.61328,0.20694,0.58823,0.68204,0.9998,0.71586,0.68859,0.9403,0.62636,0.37580,0.9939,0.69040,0.62532,0.62813,0.40833,82.78,0.9364,live,0.4027,0.3713,162.68,438.13
167773.010285,120.0,0.3607,4,4,0,0.61562,0.35694,0.58750,0.31111,0.57656,0.26667,0.57578,0.22361,0.57734,0.19306,0.59062,0.23056,0.58359,0.19583,0.57578,0.17361,0.56797,0.15139,0.60000,0.22500,0.59609,0.18472,0.58828,0.15972,0.58047,0.14306,0.61016,0.22500,0.60781,0.18333,0.60000,0.15694,0.59062,0.14028,0.62109,0.22778,0.61953,0.18750,0.61406,0.16667,0.60625,0.15000,0.58805,0.68411,0.9998,0.70323,0.65751,0.9417,0.62731,0.33951,0.9943,0.67545,0.57165,0.61562,0.35694,81.46,0.9580,live,0.4027,0.4219,187.41,444.21
167773.077257,120.0,0.4947,4,4,0,0.61016,0.31667,0.58203,0.27083,0.57422,0.22778,0.57734,0.18611,0.58203,0.15556,0.58906,0.20000,0.58125,0.16806,0.57188,0.14444,0.56250,0.12222,0.60078,0.18889,0.59609,0.14583,0.58672,0.11944,0.57578,0.09722,0.61172,0.18472,0.60938,0.14306,0.59922,0.11667,0.58750,0.10000,0.62344,0.18750,0.62266,0.14722,0.61562,0.12639,0.60469,0.11389,0.58722,0.68563,0.9997,0.69640,0.63622,0.9436,0.62342,0.30142,0.9947,0.66239,0.52065,0.61016,0.31667,80.12,0.9649,live,0.4027,0.4229,189.73,448.59
167773.143296,120.0,0.6267,4,4,0,0.60781,0.29028,0.58281,0.25556,0.57578,0.21667,0.58125,0.17778,0.58516,0.15139,0.59375,0.18472,0.58672,0.15417,0.57891,0.13333,0.57109,0.11528,0.60625,0.17639,0.60313,0.13611,0.59531,0.11111,0.58594,0.09028,0.61797,0.17639,0.61641,0.13194,0.60781,0.10833,0.59766,0.09028,0.63047,0.17917,0.63047,0.14028,0.62266,0.12083,0.61172,0.10833,0.58796,0.68498,0.9997,0.69793,0.65208,0.9456,0.62726,0.31192,0.9952,0.65147,0.47458,0.60781,0.29028,73.10,0.9553,live,0.4177,0.4862,217.53,447.39
167773.208646,120.0,0.7574,4,4,0,0.61328,0.30694,0.58906,0.27639,0.58047,0.24028,0.58516,0.20278,0.59219,0.17778,0.60000,0.20417,0.59297,0.16667,0.58672,0.14306,0.58125,0.12083,0.61406,0.19722,0.61172,0.15278,0.60625,0.12361,0.59922,0.10000,0.62734,0.19861,0.62813,0.15417,0.62031,0.12639,0.61094,0.10694,0.64062,0.20694,0.64375,0.16944,0.63828,0.14722,0.62891,0.13194,0.58721,0.68356,0.9998,0.69915,0.65018,0.9467,0.62794,0.31863,0.9956,0.64384,0.44105,0.61328,0.30694,71.76,0.9549,live,0.4391,0.5365,238.94,445.37
167773.278164,120.0,0.8965,4,4,0,0.63125,0.32361,0.60938,0.29583,0.59922,0.26111,0.59453,0.22917,0.58984,0.20417,0.60938,0.24722,0.60391,0.20139,0.60000,0.17500,0.59531,0.15417,0.62734,0.24722,0.62813,0.19306,0.62422,0.15972,0.61875,0.13472,0.64297,0.25417,0.64609,0.20833,0.64297,0.17917,0.63672,0.15694,0.65703,0.26806,0.66094,0.23333,0.65859,0.21250,0.65312,0.19722,0.58709,0.68074,0.9998,0.70568,0.74126,0.9477,0.63087,0.34776,0.9960,0.68461,0.58224,0.63125,0.32361,57.90,0.8965,live,0.4340,0.4365,189.26,433.62
167773.343570,120.0,0.0273,4,1,1,0.64219,0.55694,0.61328,0.53056,0.60234,0.48611,0.60859,0.44028,0.61172,0.39722,0.62344,0.45833,0.62109,0.39861,0.61875,0.36389,0.61719,0.33611,0.64609,0.45833,0.65078,0.38750,0.65000,0.34306,0.64766,0.30972,0.66406,0.46528,0.67344,0.40139,0.67422,0.36250,0.67344,0.33194,0.67812,0.47917,0.68672,0.44306,0.68984,0.41528,0.68828,0.39306,0.58542,0.67149,0.9998,0.71049,0.83292,0.9465,0.63535,0.54345,0.9963,0.67612,0.57718,0.64219,0.55694,72.55,0.6815,live,0.4340,0.4363,189.26,433.81
167773.411092,120.0,0.1623,4,1,1,0.61328,0.30694,0.58906,0.27639,0.58047,0.24028,0.58516,0.20278,0.59219,0.17778,0.60000,0.20417,0.59297,0.16667,0.58672,0.14306,0.58125,0.12083,0.61406,0.19722,0.61172,0.15278,0.60625,0.12361,0.59922,0.10000,0.62734,0.19861,0.62813,0.15417,0.62031,0.12639,0.61094,0.10694,0.64062,0.20694,0.64375,0.16944,0.63828,0.14722,0.62891,0.13194,0.60040,0.67164,0.9998,0.72476,0.91032,0.9450,0.66437,0.74255,0.9963,0.64384,0.44105,0.61328,0.30694,71.76,0.5729,hold,0.4340,0.4363,189.26,433.81
167773.479036,120.0,0.2982,4,1,1,0.68828,0.81528,0.65391,0.82222,0.62813,0.81944,0.61328,0.82083,0.60625,0.84167,0.64531,0.75278,0.63672,0.73333,0.63438,0.75556,0.63125,0.78889,0.66797,0.75278,0.67500,0.72917,0.67031,0.75278,0.66641,0.78889,0.69141,0.76667,0.70312,0.75278,0.70391,0.77778,0.70234,0.81111,0.71016,0.79722,0.72500,0.79444,0.73047,0.81389,0.73438,0.83750,0.59994,0.68671,0.9998,0.72993,0.90099,0.9432,0.67548,0.81434,0.9957,0.65272,0.51590,0.68828,0.81528,60.72,0.9645,live,0.4174,0.3419,145.45,425.47
167773.546845,120.0,0.4338,4,1,1,0.66719,0.83056,0.63750,0.83750,0.61484,0.83333,0.60625,0.85417,0.60156,0.88194,0.63359,0.78889,0.62031,0.78611,0.61641,0.82361,0.61328,0.86250,0.66250,0.78889,0.66250,0.77500,0.66016,0.80972,0.65703,0.84861,0.68594,0.80139,0.69141,0.80000,0.69141,0.83333,0.68828,0.86528,0.70312,0.82639,0.71250,0.84167,0.71797,0.86944,0.72031,0.89167,0.60102,0.68820,0.9998,0.72930,0.92463,0.9409,0.67196,0.84493,0.9949,0.65562,0.57883,0.66719,0.83056,55.53,0.9965,live,0.3919,0.2758,114.27,414.40
167773.610225,120.0,0.5606,4,1,1,0.65625,0.85833,0.62656,0.85556,0.60078,0.82778,0.58828,0.84583,0.59141,0.87639,0.62344,0.79444,0.60547,0.79306,0.59922,0.83611,0.59688,0.88472,0.65312,0.79722,0.65312,0.78750,0.65000,0.82083,0.64609,0.86250,0.67578,0.81250,0.68125,0.81250,0.68047,0.85000,0.67422,0.88194,0.69219,0.83611,0.70156,0.85556,0.70547,0.88472,0.70625,0.90972,0.60074,0.69554,0.9998,0.72892,0.92479,0.9414,0.66825,0.83948,0.9940,0.65574,0.63473,0.65625,0.85833,62.04,0.9972,live,0.3868,0.3637,148.89,409.34
167773.679915,120.0,0.7000,4,1,1,0.65781,0.90972,0.62031,0.88889,0.58750,0.83472,0.56641,0.82639,0.57031,0.84583,0.60938,0.79722,0.60078,0.75694,0.58984,0.78056,0.58359,0.81944,0.63750,0.80139,0.63359,0.76528,0.62109,0.79583,0.61406,0.84167,0.66016,0.82083,0.65703,0.79444,0.64844,0.82917,0.64141,0.86111,0.67812,0.84722,0.67500,0.85000,0.67266,0.87222,0.67031,0.89306,0.60071,0.69830,0.9998,0.71957,0.93444,0.9380,0.66709,0.85671,0.9937,0.65616,0.68973,0.65781,0.90972,82.82,0.9979,live,0.3972,0.4442,186.50,419.85
167773.745459,120.0,0.8311,4,1,1,0.64375,0.88472,0.60859,0.83750,0.57891,0.80417,0.55234,0.79444,0.53047,0.79028,0.58437,0.75000,0.55078,0.75694,0.52656,0.77222,0.50781,0.78750,0.59844,0.77222,0.55703,0.78750,0.52969,0.80694,0.50781,0.82500,0.61172,0.80556,0.57500,0.81944,0.54766,0.83056,0.52656,0.84583,0.62344,0.84444,0.60078,0.84722,0.58516,0.84583,0.57109,0.84444,0.60158,0.69377,0.9998,0.72132,0.93960,0.9391,0.62705,0.84720,0.9936,0.65368,0.72873,0.64375,0.88472,86.55,0.9613,live,0.4147,0.4947,213.60,431.78
167773.811118,120.0,0.9624,4,1,1,0.64375,0.88472,0.60859,0.83750,0.57891,0.80417,0.55234,0.79444,0.53047,0.79028,0.58437,0.75000,0.55078,0.75694,0.52656,0.77222,0.50781,0.78750,0.59844,0.77222,0.55703,0.78750,0.52969,0.80694,0.50781,0.82500,0.61172,0.80556,0.57500,0.81944,0.54766,0.83056,0.52656,0.84583,0.62344,0.84444,0.60078,0.84722,0.58516,0.84583,0.57109,0.84444,0.59883,0.69026,0.9998,0.71648,0.93349,0.9405,0.56529,0.82863,0.9934,0.65368,0.72873,0.64375,0.88472,86.55,0.5768,hold,0.4147,0.4947,213.60,431.78
167773.877493,120.0,0.0951,4,2,0,0.51328,0.73056,0.49766,0.70556,0.46797,0.69444,0.44297,0.70278,0.42344,0.71389,0.46953,0.66389,0.43203,0.66111,0.40859,0.66528,0.39062,0.67083,0.47578,0.67778,0.43594,0.66944,0.40937,0.67639,0.38906,0.68333,0.48125,0.70417,0.44531,0.69167,0.41953,0.69861,0.40078,0.70556,0.48438,0.73750,0.46094,0.73333,0.44375,0.73194,0.42891,0.73194,0.59843,0.68723,0.9998,0.69182,0.92616,0.9424,0.50625,0.78134,0.9936,0.62560,0.72909,0.51328,0.73056,57.15,0.9977,live,0.4147,0.4063,171.08,421.12
167773.948589,120.0,0.2373,4,2,0,0.49609,0.72500,0.46250,0.72361,0.43281,0.70139,0.41172,0.69444,0.39297,0.69722,0.44609,0.63472,0.41641,0.62917,0.39375,0.63056,0.37500,0.63611,0.45234,0.64028,0.41641,0.62500,0.39141,0.63056,0.37344,0.64028,0.45547,0.65833,0.41953,0.64306,0.39297,0.64722,0.37344,0.65694,0.45703,0.69167,0.42656,0.68056,0.40469,0.68333,0.38750,0.68750,0.59553,0.68689,0.9998,0.67029,0.92455,0.9448,0.49158,0.73835,0.9939,0.59970,0.72827,0.49609,0.72500,68.20,0.9985,live,0.4115,0.4043,169.66,419.69
167774.011245,120.0,0.3626,4,2,0,0.49141,0.69444,0.45547,0.69028,0.42734,0.66528,0.40703,0.65694,0.38750,0.65417,0.43828,0.59306,0.40078,0.58750,0.37656,0.59306,0.35859,0.60278,0.44219,0.60000,0.39844,0.59028,0.37188,0.60000,0.35313,0.60972,0.44375,0.62222,0.40234,0.60556,0.37734,0.61528,0.35859,0.62639,0.44297,0.65694,0.41406,0.63889,0.39531,0.64028,0.38047,0.64583,0.59265,0.68423,0.9998,0.65927,0.91909,0.9473,0.47030,0.68847,0.9940,0.57804,0.72151,0.49141,0.69444,76.62,0.9974,live,0.4115,0.4316,183.20,424.49
167774.077243,120.0,0.4946,4,2,0,0.49766,0.68194,0.46250,0.67083,0.43594,0.64861,0.41406,0.64167,0.39453,0.64028,0.44688,0.57639,0.40625,0.56389,0.38125,0.57222,0.36406,0.58333,0.45156,0.58611,0.40469,0.56944,0.37812,0.58056,0.35938,0.59028,0.45312,0.60972,0.40859,0.59028,0.38438,0.60139,0.36641,0.61250,0.45234,0.64306,0.41953,0.62778,0.40000,0.62917,0.38438,0.63333,0.58779,0.68405,0.9995,0.65904,0.89921,0.9466,0.47760,0.66703,0.9905,0.56196,0.71360,0.49766,0.68194,75.93,0.9969,live,0.4195,0.4558,195.19,428.22
167774.146685,120.0,0.6335,4,2,0,0.52187,0.68472,0.47969,0.68194,0.45234,0.65694,0.43203,0.64583,0.41406,0.64028,0.46875,0.57639,0.42969,0.56806,0.40703,0.57917,0.39062,0.59444,0.47500,0.58472,0.42891,0.57222,0.40391,0.58889,0.38594,0.60278,0.47891,0.60972,0.43516,0.59583,0.41094,0.60972,0.39375,0.62222,0.47969,0.64306,0.44766,0.63333,0.42734,0.63750,0.41094,0.64306,0.58770,0.68346,0.9995,0.66051,0.88928,0.9484,0.48802,0.66064,0.9911,0.55394,0.70782,0.52187,0.68472,77.24,0.9936,live,0.4147,0.3926,169.77,432.45
167774.212879,120.0,0.7659,4,2,0,0.54922,0.70139,0.50469,0.69583,0.47500,0.67222,0.45312,0.65556,0.43594,0.64444,0.50547,0.59861,0.46719,0.59444,0.44688,0.60417,0.43125,0.61528,0.51719,0.60694,0.47422,0.59861,0.45000,0.61111,0.43359,0.62500,0.52578,0.63056,0.48438,0.62500,0.45937,0.63472,0.43984,0.64444,0.53047,0.66667,0.50391,0.66250,0.48359,0.66528,0.46484,0.66528,0.59481,0.69680,0.9995,0.70096,0.90615,0.9524,0.53036,0.67295,0.9919,0.55300,0.70653,0.54922,0.70139,66.35,0.9960,live,0.3968,0.3153,135.05,428.33
167774.278210,120.0,0.8966,4,2,0,0.63203,0.71528,0.62344,0.67083,0.59531,0.64444,0.56875,0.64028,0.55000,0.64722,0.58984,0.63472,0.55703,0.63611,0.53594,0.64583,0.52109,0.65417,0.58984,0.66111,0.55625,0.66250,0.53281,0.66944,0.51328,0.67500,0.58984,0.69306,0.55781,0.69444,0.53438,0.69861,0.51562,0.70139,0.59062,0.72639,0.56719,0.72778,0.55000,0.72778,0.53594,0.72639,0.59826,0.70709,0.9996,0.72230,0.91358,0.9517,0.60397,0.73147,0.9922,0.56881,0.70828,0.63203,0.71528,66.37,0.9930,live,0.3826,0.3180,135.05,424.71
167774.343280,120.0,0.0267,4,3,0,0.63203,0.71528,0.62344,0.67083,0.59531,0.64444,0.56875,0.64028,0.55000,0.64722,0.58984,0.63472,0.55703,0.63611,0.53594,0.64583,0.52109,0.65417,0.58984,0.66111,0.55625,0.66250,0.53281,0.66944,0.51328,0.67500,0.58984,0.69306,0.55781,0.69444,0.53438,0.69861,0.51562,0.70139,0.59062,0.72639,0.56719,0.72778,0.55000,0.72778,0.53594,0.72639,0.60394,0.71785,0.9996,0.77895,0.93364,0.9504,0.70911,0.82927,0.9921,0.56881,0.70828,0.63203,0.71528,66.37,0.5958,hold,0.3826,0.3180,135.05,424.71
167774.410874,120.0,0.1619,4,3,0,0.63203,0.71528,0.62344,0.67083,0.59531,0.64444,0.56875,0.64028,0.55000,0.64722,0.58984,0.63472,0.55703,0.63611,0.53594,0.64583,0.52109,0.65417,0.58984,0.66111,0.55625,0.66250,0.53281,0.66944,0.51328,0.67500,0.58984,0.69306,0.55781,0.69444,0.53438,0.69861,0.51562,0.70139,0.59062,0.72639,0.56719,0.72778,0.55000,0.72778,0.53594,0.72639,0.60736,0.71781,0.9996,0.75512,0.91561,0.9482,0.77528,0.79750,0.9926,0.56881,0.70828,0.63203,0.71528,66.37,0.5958,hold,0.3826,0.3180,135.05,424.71
167774.480694,120.0,0.3015,4,3,0,0.79375,0.70139,0.79141,0.72639,0.80000,0.74583,0.81641,0.76806,0.84062,0.78194,0.84219,0.68750,0.87422,0.69722,0.89531,0.72917,0.90781,0.76250,0.85156,0.69028,0.88359,0.69722,0.90156,0.73056,0.91328,0.76528,0.85313,0.70000,0.88203,0.70556,0.89922,0.73472,0.90781,0.76389,0.85078,0.71389,0.86953,0.72361,0.88047,0.74583,0.88672,0.76944,0.60692,0.71676,0.9996,0.73816,0.90126,0.9403,0.80370,0.78576,0.9930,0.61379,0.70690,0.79375,0.70139,58.18,0.7608,live,0.3826,0.1910,79.38,415.64
167774.546610,120.0,0.4334,4,3,0,0.80859,0.72639,0.80312,0.72361,0.81719,0.72778,0.83984,0.74722,0.86719,0.76250,0.85547,0.65694,0.88438,0.66806,0.90234,0.69722,0.91641,0.73056,0.87109,0.67222,0.90234,0.67917,0.92266,0.71111,0.93750,0.74722,0.87813,0.69722,0.90859,0.70139,0.92500,0.73333,0.93359,0.76667,0.88047,0.72083,0.90312,0.72639,0.91875,0.74444,0.92969,0.76667,0.60679,0.71632,0.9997,0.73588,0.88506,0.9393,0.82532,0.74330,0.9934,0.65275,0.71080,0.80859,0.72639,78.81,0.9675,live,0.3685,0.3045,128.64,422.50
167774.609973,120.0,0.5601,4,3,0,0.80312,0.70139,0.80000,0.69444,0.81641,0.69722,0.84453,0.72361,0.87187,0.74306,0.85625,0.63472,0.88438,0.65139,0.90234,0.68194,0.91563,0.71667,0.87266,0.65139,0.90469,0.66806,0.92109,0.70417,0.93203,0.74167,0.88047,0.67361,0.91094,0.68750,0.92578,0.72083,0.93437,0.75278,0.87969,0.69722,0.90391,0.70833,0.91484,0.72778,0.92266,0.74722,0.60659,0.71603,0.9997,0.73484,0.88179,0.9304,0.81461,0.71940,0.9936,0.68283,0.70892,0.80312,0.70139,82.84,0.9891,live,0.3685,0.3860,166.53,431.45
167774.680284,120.0,0.7007,4,3,0,0.78828,0.68194,0.77969,0.66806,0.78750,0.65972,0.81250,0.67778,0.83750,0.69306,0.83047,0.60000,0.85703,0.61111,0.87187,0.63889,0.88281,0.67500,0.85000,0.62222,0.88203,0.63611,0.89766,0.66944,0.90781,0.70556,0.86016,0.65000,0.88984,0.66250,0.90312,0.69444,0.91016,0.72500,0.86328,0.67778,0.88672,0.69028,0.89922,0.70972,0.90703,0.73056,0.60539,0.71573,0.9997,0.73369,0.87348,0.9281,0.81822,0.68890,0.9941,0.70392,0.70352,0.78828,0.68194,83.99,0.9816,live,0.3685,0.4391,193.25,440.15
167774.744762,120.0,0.8297,4,3,0,0.76016,0.60139,0.76875,0.58472,0.78203,0.58056,0.80312,0.59722,0.82266,0.61667,0.78359,0.50833,0.81719,0.54306,0.83516,0.58194,0.84766,0.61111,0.77500,0.51111,0.80781,0.54861,0.82812,0.58750,0.84219,0.62083,0.76406,0.52639,0.79141,0.55833,0.81328,0.59444,0.82734,0.62083,0.75313,0.55278,0.76641,0.57778,0.78359,0.60139,0.79922,0.62222,0.60541,0.71534,0.9997,0.73527,0.87055,0.9263,0.80241,0.64559,0.9944,0.76016,0.60139,0.76016,0.60139,56.93,0.7209,live,0.4184,0.6458,276.62,428.32
167774.811284,120.0,0.9627,4,3,0,0.72031,0.52639,0.69922,0.49861,0.68516,0.46528,0.67969,0.44028,0.67734,0.41667,0.71016,0.39861,0.70781,0.35139,0.71016,0.35417,0.71172,0.37083,0.72891,0.40417,0.73359,0.35556,0.73750,0.36389,0.73828,0.38611,0.74531,0.42083,0.75469,0.37917,0.75703,0.39028,0.75469,0.41111,0.75938,0.44861,0.76875,0.42083,0.77109,0.42222,0.76953,0.43333,0.60062,0.70813,0.9997,0.74988,0.82095,0.9310,0.75500,0.51641,0.9949,0.70720,0.66810,0.72031,0.52639,82.31,0.9873,live,0.4573,0.6342,276.62,436.18
167774.878870,120.0,0.0979,4,4,0,0.68906,0.41806,0.66328,0.39028,0.64687,0.34306,0.64062,0.30278,0.63438,0.26944,0.67031,0.29167,0.66406,0.24167,0.65547,0.22083,0.64609,0.21111,0.68672,0.28889,0.68594,0.23194,0.67734,0.20556,0.66563,0.19167,0.70234,0.29583,0.70469,0.24306,0.69688,0.21806,0.68516,0.20694,0.71641,0.31389,0.72188,0.27500,0.71719,0.25556,0.70781,0.24583,0.59648,0.69264,0.9997,0.73900,0.73418,0.9341,0.69384,0.38996,0.9953,0.70357,0.61809,0.68906,0.41806,82.76,0.9582,live,0.4507,0.4583,203.23,443.43
167774.944706,120.0,0.2295,4,4,0,0.67109,0.36667,0.64297,0.31806,0.63047,0.27083,0.62813,0.22778,0.62344,0.19028,0.65391,0.23333,0.64531,0.19167,0.63672,0.16528,0.62813,0.14167,0.66641,0.22639,0.66328,0.18056,0.65547,0.14861,0.64766,0.12222,0.67891,0.22778,0.67734,0.18333,0.66953,0.15417,0.66016,0.13333,0.69219,0.23611,0.69219,0.19444,0.68594,0.17083,0.67734,0.15417,0.59425,0.69286,0.9997,0.72611,0.67737,0.9380,0.66707,0.33594,0.9958,0.69708,0.56780,0.67109,0.36667,86.63,0.9379,live,0.4507,0.4723,213.77,452.59
167775.012500,120.0,0.3651,4,4,0,0.65781,0.31667,0.63281,0.26944,0.62422,0.23056,0.62266,0.19306,0.62187,0.16111,0.64766,0.19861,0.64062,0.16250,0.63125,0.14028,0.62109,0.12222,0.65938,0.18889,0.65625,0.14167,0.64531,0.11806,0.63281,0.10139,0.67109,0.18611,0.67031,0.13889,0.65781,0.11528,0.64453,0.10278,0.68281,0.18889,0.68359,0.14583,0.67344,0.12639,0.66094,0.11528,0.59153,0.69062,0.9997,0.71683,0.63867,0.9416,0.65948,0.29424,0.9961,0.68922,0.51758,0.65781,0.31667,80.24,0.9546,live,0.4617,0.5117,233.35,456.05
167775.079270,120.0,0.4987,4,4,0,0.65000,0.28611,0.62500,0.24861,0.61953,0.21806,0.62187,0.18472,0.62422,0.15972,0.64687,0.18889,0.63984,0.15694,0.63125,0.13750,0.62266,0.12222,0.65859,0.17917,0.65469,0.13750,0.64531,0.11389,0.63359,0.09722,0.66953,0.17500,0.66719,0.13194,0.65703,0.10972,0.64531,0.09722,0.68125,0.17361,0.67891,0.13611,0.66953,0.11806,0.65859,0.10694,0.59171,0.68652,0.9997,0.71017,0.63085,0.9434,0.65431,0.28451,0.9963,0.68138,0.47128,0.65000,0.28611,70.90,0.9087,live,0.4799,0.5629,254.63,452.37
167775.143356,120.0,0.6269,4,4,0,0.64844,0.29167,0.62344,0.25972,0.61797,0.22917,0.62031,0.19722,0.62266,0.17361,0.64531,0.20972,0.63828,0.17361,0.63125,0.15000,0.62500,0.13194,0.65781,0.20139,0.65312,0.15972,0.64609,0.13194,0.63750,0.11111,0.67031,0.19583,0.66797,0.15417,0.65859,0.12778,0.64766,0.11111,0.68281,0.19167,0.68281,0.15694,0.67422,0.13750,0.66328,0.12500,0.58964,0.68237,0.9997,0.70979,0.65245,0.9443,0.65783,0.31222,0.9966,0.67479,0.43536,0.64844,0.29167,64.84,0.8777,live,0.4912,0.5425,241.31,444.77
167775.212260,120.0,0.7647,4,4,0,0.65156,0.32778,0.62656,0.30417,0.61719,0.26806,0.61797,0.23194,0.62109,0.20139,0.64297,0.23333,0.63906,0.19306,0.63203,0.16944,0.62500,0.15139,0.65781,0.22639,0.65625,0.17778,0.64844,0.14861,0.63984,0.12917,0.67109,0.22917,0.67109,0.17778,0.66328,0.15000,0.65391,0.13472,0.68437,0.23611,0.68750,0.19306,0.68047,0.17083,0.67031,0.15972,0.58977,0.68443,0.9997,0.71000,0.66349,0.9462,0.65349,0.33163,0.9969,0.67014,0.41384,0.65156,0.32778,68.40,0.8173,live,0.5001,0.5407,238.28,440.64
167775.278452,120.0,0.8970,4,4,0,0.65938,0.34028,0.63750,0.33056,0.62187,0.31250,0.61562,0.29722,0.61875,0.28056,0.63125,0.24861,0.62734,0.21389,0.62500,0.21806,0.62422,0.23889,0.64922,0.24722,0.64609,0.20278,0.64375,0.21528,0.64219,0.24167,0.66641,0.25694,0.66406,0.21667,0.66016,0.23194,0.65781,0.25833,0.68359,0.27639,0.68281,0.25417,0.67891,0.26250,0.67578,0.28056,0.58831,0.67629,0.9998,0.71240,0.75044,0.9477,0.65421,0.40328,0.9971,0.66799,0.39913,0.65938,0.34028,67.21,0.9606,live,0.5128,0.5707,248.90,436.15
167775.342697,120.0,0.0255,4,1,1,0.66484,0.61944,0.63594,0.60000,0.61328,0.56250,0.60625,0.53056,0.61328,0.50694,0.63438,0.49306,0.63203,0.43611,0.62734,0.47083,0.62656,0.50833,0.65547,0.49444,0.65469,0.43333,0.65000,0.47222,0.64844,0.50972,0.67578,0.50556,0.67422,0.44722,0.66875,0.48333,0.66719,0.51806,0.69453,0.52222,0.69219,0.48611,0.68594,0.50833,0.68437,0.53472,0.59092,0.67632,0.9998,0.72392,0.87866,0.9486,0.65614,0.60498,0.9973,0.66736,0.44319,0.66484,0.61944,87.32,0.9101,live,0.5128,0.5086,227.18,446.68
167775.408336,120.0,0.1568,4,1,1,0.67891,0.81111,0.65000,0.79722,0.62500,0.76667,0.61328,0.74444,0.62109,0.74306,0.64609,0.67361,0.64844,0.67500,0.64453,0.72083,0.64297,0.75694,0.67109,0.68056,0.67344,0.69444,0.66641,0.74028,0.66172,0.77500,0.69297,0.70139,0.69531,0.71667,0.68906,0.75694,0.68281,0.78750,0.71016,0.72917,0.71406,0.74444,0.71016,0.77361,0.70469,0.79444,0.60996,0.68438,0.9998,0.73912,0.89980,0.9471,0.68190,0.81123,0.9948,0.66967,0.51678,0.67891,0.81111,91.15,0.9871,live,0.4991,0.4366,200.26,458.71
167775.477510,120.0,0.2952,4,1,1,0.67109,0.81528,0.64844,0.81389,0.62422,0.81250,0.61562,0.83056,0.62656,0.85278,0.64922,0.75139,0.64609,0.79028,0.63984,0.84028,0.63281,0.87222,0.67734,0.75972,0.67500,0.80833,0.66172,0.86111,0.64922,0.89167,0.69922,0.78056,0.69688,0.83194,0.68359,0.88194,0.67031,0.91111,0.71250,0.80694,0.71406,0.84861,0.70703,0.88611,0.69766,0.90694,0.60854,0.68521,0.9998,0.74101,0.91647,0.9494,0.69423,0.85748,0.9945,0.66995,0.57648,0.67109,0.81528,59.58,0.9981,live,0.4755,0.3680,164.32,446.56
167775.543685,120.0,0.4275,4,1,1,0.66172,0.90000,0.63359,0.87778,0.60547,0.85556,0.59297,0.83472,0.60156,0.83056,0.63125,0.77083,0.62969,0.76667,0.62656,0.79306,0.62344,0.82361,0.66094,0.78333,0.65625,0.80833,0.64219,0.84722,0.63281,0.86944,0.68437,0.81528,0.67578,0.85139,0.65859,0.88056,0.64609,0.89306,0.70000,0.85556,0.69219,0.89306,0.67969,0.91250,0.66953,0.91667,0.60747,0.68699,0.9998,0.74130,0.91798,0.9510,0.67760,0.83818,0.9940,0.66831,0.64118,0.66172,0.90000,87.61,0.9990,live,0.4603,0.3911,178.38,456.05
167775.613415,120.0,0.5670,4,1,1,0.67031,0.90833,0.62656,0.88194,0.59453,0.84722,0.57422,0.81806,0.56016,0.80556,0.60625,0.75000,0.59375,0.74167,0.58437,0.76528,0.57656,0.79167,0.63281,0.75694,0.61406,0.76806,0.59531,0.80694,0.58359,0.83889,0.65625,0.78333,0.63828,0.79722,0.61719,0.83194,0.60234,0.85972,0.67656,0.81944,0.66563,0.82083,0.65078,0.84306,0.63984,0.86389,0.60643,0.68425,0.9998,0.74076,0.91616,0.9523,0.65988,0.83871,0.9941,0.66871,0.69461,0.67031,0.90833,106.75,0.9950,live,0.4603,0.4465,213.50,478.18
167775.677236,120.0,0.6946,4,1,1,0.66875,0.88611,0.63281,0.83194,0.59531,0.78889,0.56563,0.77083,0.54453,0.76250,0.58516,0.74861,0.55156,0.74861,0.52812,0.75833,0.50781,0.76806,0.59141,0.76667,0.55234,0.77222,0.52656,0.78472,0.50547,0.79444,0.59766,0.79444,0.56484,0.80278,0.54063,0.81389,0.52344,0.82778,0.60781,0.82778,0.58516,0.83194,0.57109,0.83750,0.55937,0.84722,0.60583,0.68384,0.9998,0.74186,0.92662,0.9540,0.62609,0.83232,0.9942,0.66872,0.73291,0.66875,0.88611,107.36,0.8233,live,0.4603,0.4838,240.99,498.10
167775.743615,120.0,0.8274,4,1,1,0.54766,0.78889,0.53203,0.74861,0.50781,0.71806,0.48125,0.71111,0.46094,0.71667,0.51562,0.70139,0.48047,0.70556,0.46016,0.71667,0.44766,0.72639,0.51953,0.72778,0.48281,0.73472,0.45859,0.74444,0.44375,0.75278,0.52266,0.75833,0.48750,0.76528,0.46016,0.77361,0.44062,0.78056,0.52422,0.79306,0.49453,0.79722,0.47422,0.80000,0.45781,0.80139,0.60201,0.68121,0.9998,0.71649,0.91846,0.9518,0.55464,0.81038,0.9938,0.64450,0.74411,0.54766,0.78889,57.27,0.9265,live,0.4715,0.5224,250.54,479.57
167775.813612,120.0,0.9674,4,1,1,0.52656,0.77917,0.49141,0.76806,0.46953,0.74583,0.45547,0.72222,0.44219,0.70833,0.47266,0.70694,0.45469,0.69306,0.43984,0.68333,0.42578,0.67639,0.47656,0.70972,0.45625,0.69444,0.43984,0.68472,0.42656,0.67639,0.48047,0.72222,0.46016,0.70972,0.44297,0.70417,0.42891,0.70139,0.48438,0.74583,0.46953,0.74167,0.45625,0.73889,0.44453,0.73750,0.59650,0.68050,0.9998,0.68639,0.91493,0.9509,0.50367,0.78857,0.9938,0.62092,0.75112,0.52656,0.77917,64.62,0.9993,live,0.4869,0.5572,261.09,468.54
167775.875866,120.0,0.0919,4,2,0,0.47891,0.73194,0.43672,0.73333,0.40859,0.71389,0.38906,0.70694,0.37188,0.70417,0.41875,0.65417,0.39609,0.65139,0.37734,0.64722,0.35938,0.64444,0.42422,0.65694,0.39844,0.65000,0.37891,0.64583,0.36250,0.64167,0.43047,0.67222,0.40469,0.66250,0.38516,0.65556,0.36875,0.65000,0.43516,0.70000,0.41719,0.69444,0.40391,0.68889,0.39141,0.68194,0.58811,0.67071,0.9998,0.66687,0.88838,0.9502,0.46889,0.73357,0.9939,0.59251,0.74728,0.47891,0.73194,70.82,0.9995,live,0.5050,0.5874,272.13,463.31
167775.944328,120.0,0.2288,4,2,0,0.46563,0.69306,0.42734,0.68333,0.40078,0.65833,0.38281,0.65000,0.36797,0.64167,0.40625,0.60139,0.37656,0.60556,0.36016,0.61389,0.34531,0.62083,0.40703,0.60556,0.37500,0.60278,0.35859,0.60972,0.34687,0.61806,0.40703,0.62222,0.37656,0.61250,0.35859,0.61389,0.34453,0.61806,0.40469,0.64722,0.37969,0.63750,0.36562,0.63611,0.35391,0.63750,0.57801,0.65797,0.9998,0.64188,0.85495,0.9528,0.43979,0.68161,0.9941,0.56714,0.73644,0.46563,0.69306,79.09,0.9973,live,0.4970,0.4605,213.98,464.65
167776.011502,120.0,0.3631,4,2,0,0.45937,0.65417,0.42422,0.64167,0.39922,0.61806,0.38047,0.60972,0.36406,0.60694,0.40703,0.54583,0.36875,0.54583,0.34531,0.55972,0.33125,0.57361,0.40781,0.55139,0.36406,0.54583,0.34141,0.56250,0.32734,0.58056,0.40547,0.56944,0.36484,0.55972,0.34297,0.57639,0.32812,0.59306,0.40234,0.60000,0.36797,0.58750,0.35000,0.59306,0.33750,0.60417,0.56525,0.65899,0.9993,0.63496,0.82241,0.9530,0.43773,0.64069,0.9864,0.54558,0.71998,0.45937,0.65417,81.05,0.9963,live,0.4857,0.4342,202.86,467.25
167776.078275,120.0,0.4967,4,2,0,0.46797,0.63056,0.43438,0.62083,0.41250,0.60000,0.39297,0.59306,0.37500,0.58889,0.41797,0.52917,0.37734,0.51944,0.35625,0.53333,0.34375,0.55000,0.41953,0.53472,0.37422,0.52639,0.35156,0.54306,0.33828,0.56111,0.41875,0.55417,0.37578,0.54167,0.35391,0.55833,0.33984,0.57361,0.41563,0.58333,0.38203,0.56944,0.36484,0.57639,0.35234,0.58472,0.56754,0.65517,0.9984,0.62626,0.79868,0.9532,0.43130,0.60761,0.9796,0.53006,0.70210,0.46797,0.63056,76.02,0.9962,live,0.4733,0.4171,194.33,465.92
167776.145454,120.0,0.6310,4,2,0,0.49062,0.63333,0.45625,0.63333,0.43359,0.60972,0.41563,0.59722,0.39922,0.58889,0.44219,0.53194,0.39922,0.52361,0.37734,0.53889,0.36406,0.55694,0.44531,0.53750,0.39687,0.53194,0.37500,0.55556,0.36172,0.57361,0.44531,0.55694,0.39922,0.54444,0.37891,0.56528,0.36562,0.58194,0.44219,0.58611,0.40703,0.57639,0.38984,0.58194,0.37656,0.58750,0.56617,0.65949,0.9969,0.63340,0.80893,0.9524,0.44106,0.62116,0.9695,0.52217,0.68835,0.49062,0.63333,73.91,0.9921,live,0.4631,0.4165,192.94,463.22
167776.211158,120.0,0.7625,4,2,0,0.52422,0.64861,0.48438,0.64861,0.45547,0.62639,0.43359,0.61667,0.41484,0.61111,0.47813,0.54722,0.43594,0.54444,0.41719,0.56667,0.40859,0.58889,0.48672,0.55417,0.43828,0.55000,0.41875,0.57361,0.40859,0.59444,0.49297,0.57500,0.44531,0.56528,0.42656,0.58333,0.41563,0.59722,0.49531,0.60833,0.46484,0.60417,0.44844,0.60833,0.43594,0.60972,0.56796,0.67389,0.9972,0.67815,0.85762,0.9543,0.49306,0.63137,0.9721,0.52258,0.68040,0.52422,0.64861,68.33,0.9957,live,0.4563,0.4255,194.36,456.83
167776.276461,120.0,0.8931,4,2,0,0.52422,0.64861,0.48438,0.64861,0.45547,0.62639,0.43359,0.61667,0.41484,0.61111,0.47813,0.54722,0.43594,0.54444,0.41719,0.56667,0.40859,0.58889,0.48672,0.55417,0.43828,0.55000,0.41875,0.57361,0.40859,0.59444,0.49297,0.57500,0.44531,0.56528,0.42656,0.58333,0.41563,0.59722,0.49531,0.60833,0.46484,0.60417,0.44844,0.60833,0.43594,0.60972,0.58895,0.69070,0.9974,0.71528,0.88946,0.9552,0.54382,0.64731,0.9744,0.52258,0.68040,0.52422,0.64861,68.33,0.5974,hold,0.4563,0.4255,194.36,456.83
167776.342881,120.0,0.0259,4,3,0,0.52422,0.64861,0.48438,0.64861,0.45547,0.62639,0.43359,0.61667,0.41484,0.61111,0.47813,0.54722,0.43594,0.54444,0.41719,0.56667,0.40859,0.58889,0.48672,0.55417,0.43828,0.55000,0.41875,0.57361,0.40859,0.59444,0.49297,0.57500,0.44531,0.56528,0.42656,0.58333,0.41563,0.59722,0.49531,0.60833,0.46484,0.60417,0.44844,0.60833,0.43594,0.60972,0.59844,0.69865,0.9977,0.74914,0.90729,0.9547,0.68360,0.76654,0.9763,0.52258,0.68040,0.52422,0.64861,68.33,0.5974,hold,0.4563,0.4255,194.36,456.83
167776.412557,120.0,0.1653,4,3,0,0.52422,0.64861,0.48438,0.64861,0.45547,0.62639,0.43359,0.61667,0.41484,0.61111,0.47813,0.54722,0.43594,0.54444,0.41719,0.56667,0.40859,0.58889,0.48672,0.55417,0.43828,0.55000,0.41875,0.57361,0.40859,0.59444,0.49297,0.57500,0.44531,0.56528,0.42656,0.58333,0.41563,0.59722,0.49531,0.60833,0.46484,0.60417,0.44844,0.60833,0.43594,0.60972,0.59723,0.69945,0.9979,0.72855,0.89299,0.9496,0.76920,0.77553,0.9777,0.52258,0.68040,0.52422,0.64861,68.33,0.5974,hold,0.4563,0.4255,194.36,456.83
167776.479804,120.0,0.2997,4,3,0,0.78828,0.73056,0.78750,0.74306,0.80078,0.75000,0.82031,0.76389,0.84453,0.77778,0.83750,0.69722,0.86797,0.70694,0.88906,0.73194,0.90234,0.75972,0.84531,0.70278,0.87656,0.70972,0.89453,0.73750,0.90625,0.76806,0.84609,0.71806,0.87422,0.72083,0.88828,0.74722,0.89453,0.77500,0.84453,0.73472,0.86328,0.73750,0.87266,0.75833,0.87734,0.78056,0.59689,0.69861,0.9981,0.72251,0.88882,0.9456,0.81050,0.77565,0.9794,0.57572,0.69043,0.78828,0.73056,60.91,0.8523,live,0.4498,0.1784,79.54,445.86
167776.545340,120.0,0.4308,4,3,0,0.80156,0.72639,0.80625,0.72778,0.82344,0.73611,0.84766,0.76389,0.86953,0.78472,0.85234,0.66250,0.88281,0.68194,0.90078,0.71528,0.91328,0.75000,0.86016,0.67083,0.89609,0.68750,0.91563,0.72361,0.92656,0.76111,0.86094,0.69028,0.89531,0.70278,0.91250,0.73611,0.92266,0.77083,0.85781,0.71389,0.88281,0.72222,0.89922,0.74167,0.90938,0.76528,0.59827,0.69854,0.9983,0.72439,0.88826,0.9402,0.80889,0.76566,0.9807,0.62089,0.69762,0.80156,0.72639,68.71,0.8166,live,0.4438,0.2932,129.53,441.83
167776.612053,120.0,0.5642,4,3,0,0.80937,0.70556,0.80078,0.69722,0.81328,0.69583,0.84141,0.71667,0.86875,0.73194,0.85391,0.62639,0.88672,0.64028,0.90469,0.67361,0.91719,0.70972,0.87109,0.64583,0.90312,0.65278,0.92031,0.68750,0.93125,0.72361,0.87969,0.66944,0.90938,0.67500,0.92422,0.70417,0.93281,0.73611,0.88281,0.69306,0.90547,0.69861,0.91641,0.71667,0.92188,0.73750,0.59787,0.69872,0.9984,0.72611,0.87756,0.9364,0.81588,0.71463,0.9822,0.65859,0.69921,0.80937,0.70556,81.40,0.9747,live,0.4383,0.3918,175.31,447.42
167776.682433,120.0,0.7050,4,3,0,0.79531,0.66806,0.78672,0.65556,0.79453,0.64167,0.81563,0.65000,0.83984,0.66111,0.83594,0.58194,0.86328,0.59306,0.87578,0.62083,0.88750,0.65556,0.85391,0.60278,0.88516,0.60556,0.90000,0.63611,0.91172,0.66944,0.86406,0.62778,0.89141,0.63194,0.90703,0.65556,0.91719,0.68333,0.86641,0.65278,0.88984,0.65972,0.90469,0.67361,0.91641,0.68889,0.59761,0.69856,0.9986,0.73275,0.86301,0.9349,0.80677,0.64988,0.9837,0.68593,0.69298,0.79531,0.66806,81.32,0.9891,live,0.4333,0.4644,210.05,452.28
167776.745828,120.0,0.8318,4,3,0,0.79141,0.55139,0.80937,0.54444,0.82656,0.54306,0.84297,0.55972,0.85703,0.57639,0.80703,0.49167,0.82188,0.52083,0.83672,0.55556,0.84844,0.58056,0.78828,0.49444,0.79688,0.51389,0.81016,0.54583,0.82266,0.57083,0.77031,0.50833,0.77187,0.52083,0.78672,0.54861,0.80000,0.56944,0.75547,0.52917,0.74922,0.54444,0.75781,0.55972,0.76875,0.57222,0.59793,0.69684,0.9987,0.74285,0.83357,0.9320,0.79479,0.60212,0.9849,0.79141,0.55139,0.79141,0.55139,52.16,0.8965,live,0.4286,0.8269,360.18,435.56
167776.811948,120.0,0.9640,4,3,0,0.73672,0.51389,0.75625,0.48194,0.76719,0.44722,0.76719,0.42500,0.76250,0.41667,0.73984,0.38472,0.72734,0.35556,0.73438,0.38611,0.74297,0.41250,0.72031,0.39722,0.70469,0.35972,0.71328,0.39167,0.72422,0.41806,0.70625,0.41667,0.68828,0.37917,0.69688,0.40556,0.70781,0.42639,0.69531,0.44167,0.67969,0.42083,0.68516,0.43056,0.69375,0.44306,0.59881,0.69578,0.9988,0.75645,0.81996,0.9366,0.75981,0.52337,0.9863,0.78047,0.54389,0.73672,0.51389,81.03,0.9428,live,0.4243,0.6745,297.86,441.64
167776.879435,120.0,0.0990,4,4,0,0.69531,0.40833,0.66875,0.39167,0.65000,0.35417,0.63984,0.32083,0.63125,0.29167,0.66797,0.29583,0.65938,0.24861,0.65000,0.22500,0.64141,0.21250,0.68203,0.29028,0.67578,0.23750,0.66250,0.21806,0.65000,0.21528,0.69688,0.29583,0.69375,0.24306,0.68047,0.22500,0.66719,0.22222,0.71250,0.30972,0.71250,0.26944,0.70312,0.25139,0.69141,0.24583,0.59874,0.68130,0.9989,0.75344,0.72479,0.9393,0.70537,0.38674,0.9876,0.68781,0.63605,0.69531,0.40833,76.78,0.9654,live,0.4204,0.6710,297.86,443.92
167776.944467,120.0,0.2291,4,4,0,0.67656,0.35972,0.64766,0.31944,0.63203,0.27778,0.62500,0.24028,0.62031,0.20694,0.65156,0.23472,0.64297,0.19861,0.63281,0.17778,0.62344,0.15833,0.66250,0.22778,0.65781,0.18889,0.65000,0.16111,0.64219,0.14028,0.67344,0.22917,0.67266,0.19028,0.66563,0.16250,0.65859,0.14028,0.68594,0.23750,0.68594,0.20000,0.68125,0.17917,0.67422,0.16111,0.59857,0.68135,0.9990,0.73767,0.67799,0.9418,0.67222,0.32302,0.9887,0.68556,0.58078,0.67656,0.35972,81.27,0.9748,live,0.4641,0.6632,297.86,449.17
167777.012794,120.0,0.3657,4,4,0,0.66641,0.31389,0.63906,0.26667,0.62734,0.22778,0.62266,0.19028,0.62266,0.15694,0.64844,0.19583,0.63984,0.16111,0.62891,0.13889,0.61953,0.11944,0.65859,0.18472,0.65156,0.14306,0.64141,0.11528,0.63047,0.09306,0.66953,0.18194,0.66484,0.13889,0.65469,0.11250,0.64297,0.09583,0.68125,0.18472,0.67969,0.14306,0.67188,0.12222,0.66094,0.10833,0.60323,0.67879,0.9991,0.73514,0.63869,0.9444,0.66818,0.29041,0.9898,0.68173,0.52740,0.66641,0.31389,79.82,0.9541,live,0.5008,0.6682,302.52,452.73
167777.080061,120.0,0.5003,4,4,0,0.65938,0.27639,0.63281,0.23889,0.62266,0.20278,0.62344,0.16528,0.62500,0.13611,0.64687,0.17361,0.63906,0.14028,0.63047,0.12222,0.62109,0.10694,0.65938,0.16389,0.65312,0.12222,0.64297,0.10000,0.63125,0.08333,0.67031,0.15972,0.66719,0.11806,0.65625,0.09583,0.64375,0.08194,0.68125,0.16111,0.68125,0.12222,0.67188,0.10278,0.66016,0.09167,0.60232,0.67545,0.9991,0.72328,0.60917,0.9456,0.66428,0.26643,0.9907,0.67726,0.47720,0.65938,0.27639,72.30,0.8817,live,0.5188,0.6006,270.53,450.46
167777.148260,120.0,0.6367,4,4,0,0.65391,0.26528,0.62969,0.23611,0.62031,0.20556,0.62031,0.16944,0.62500,0.14167,0.64375,0.17778,0.63750,0.14722,0.62969,0.12917,0.62187,0.11389,0.65625,0.16944,0.65078,0.13194,0.64141,0.10972,0.63203,0.09583,0.66797,0.16389,0.66406,0.12639,0.65469,0.10417,0.64375,0.09167,0.68047,0.16250,0.67891,0.12778,0.67031,0.10972,0.65938,0.10139,0.60318,0.67559,0.9992,0.72029,0.61869,0.9466,0.66166,0.28754,0.9916,0.67259,0.43482,0.65391,0.26528,65.77,0.9145,live,0.5289,0.5751,255.23,443.77
167777.212971,120.0,0.7661,4,4,0,0.65625,0.29167,0.62969,0.27083,0.61719,0.23889,0.61719,0.20000,0.62344,0.17361,0.64141,0.20833,0.63516,0.17500,0.62578,0.15278,0.61719,0.13889,0.65391,0.19861,0.64844,0.15833,0.63984,0.13472,0.63047,0.12222,0.66641,0.19444,0.66172,0.15139,0.65234,0.12917,0.64141,0.12222,0.68047,0.19167,0.67812,0.15556,0.66953,0.14028,0.65938,0.13750,0.60157,0.67673,0.9993,0.72102,0.62842,0.9464,0.66253,0.30836,0.9923,0.66932,0.40619,0.65625,0.29167,64.95,0.8974,live,0.5403,0.5922,258.96,437.28
167777.279379,120.0,0.8989,4,4,0,0.65859,0.32778,0.63828,0.31667,0.62813,0.28194,0.62656,0.24861,0.62656,0.21806,0.63359,0.23472,0.62656,0.20278,0.62031,0.19167,0.61719,0.19444,0.64844,0.22778,0.64375,0.18750,0.63672,0.17917,0.63047,0.18750,0.66250,0.23194,0.66016,0.19028,0.65078,0.18472,0.64453,0.20000,0.67812,0.24444,0.67656,0.21111,0.66875,0.20417,0.66094,0.21389,0.60181,0.67693,0.9993,0.72546,0.70419,0.9476,0.66037,0.35271,0.9930,0.66717,0.39050,0.65859,0.32778,67.46,0.9685,live,0.5551,0.6222,269.66,433.38
167777.346553,120.0,0.0332,4,1,1,0.66016,0.51944,0.63438,0.49722,0.61719,0.45278,0.61406,0.41528,0.62109,0.38333,0.63281,0.37500,0.63125,0.31111,0.62813,0.33056,0.62813,0.36250,0.65156,0.37639,0.65000,0.30972,0.64531,0.33889,0.64609,0.36944,0.66953,0.38611,0.66953,0.32500,0.66328,0.35139,0.66250,0.38056,0.68828,0.40556,0.68828,0.36111,0.68203,0.36944,0.67969,0.38611,0.60177,0.68017,0.9994,0.72860,0.81765,0.9482,0.66239,0.47855,0.9936,0.66577,0.41629,0.66016,0.51944,94.30,0.9867,live,0.5472,0.5115,229.80,449.27
167777.411956,120.0,0.1641,4,1,1,0.66016,0.51944,0.63438,0.49722,0.61719,0.45278,0.61406,0.41528,0.62109,0.38333,0.63281,0.37500,0.63125,0.31111,0.62813,0.33056,0.62813,0.36250,0.65156,0.37639,0.65000,0.30972,0.64531,0.33889,0.64609,0.36944,0.66953,0.38611,0.66953,0.32500,0.66328,0.35139,0.66250,0.38056,0.68828,0.40556,0.68828,0.36111,0.68203,0.36944,0.67969,0.38611,0.61580,0.67392,0.9994,0.73323,0.89964,0.9450,0.68218,0.71602,0.9940,0.66577,0.41629,0.66016,0.51944,94.30,0.5920,hold,0.5472,0.5115,229.80,449.27
167777.479426,120.0,0.2990,4,1,1,0.68281,0.77500,0.66250,0.77083,0.64453,0.76806,0.63750,0.77778,0.63672,0.79444,0.66328,0.70694,0.65859,0.74167,0.65469,0.78194,0.65156,0.81250,0.68672,0.71528,0.68437,0.75139,0.67656,0.78750,0.66797,0.81528,0.70703,0.73333,0.71172,0.76111,0.70156,0.79444,0.69141,0.82083,0.72422,0.75556,0.73906,0.76389,0.74141,0.78750,0.74141,0.80972,0.61687,0.69138,0.9995,0.74232,0.92690,0.9451,0.70720,0.85057,0.9940,0.66918,0.48803,0.68281,0.77500,59.65,0.9801,live,0.5222,0.4085,179.03,438.31
167777.544926,120.0,0.4300,4,1,1,0.68437,0.84306,0.66406,0.84028,0.64297,0.83056,0.63438,0.83889,0.64297,0.85000,0.66563,0.76389,0.66094,0.78889,0.65547,0.83194,0.64922,0.86667,0.68984,0.77361,0.68750,0.80139,0.67734,0.84722,0.66797,0.88333,0.71016,0.79583,0.71250,0.81389,0.70312,0.85833,0.69219,0.89167,0.72500,0.82361,0.74062,0.82778,0.74375,0.85139,0.74219,0.87500,0.61629,0.69351,0.9995,0.75504,0.93545,0.9432,0.71378,0.87073,0.9935,0.67222,0.55904,0.68437,0.84306,63.38,0.9925,live,0.4796,0.2853,123.05,431.34
167777.611322,120.0,0.5628,4,1,1,0.67734,0.91111,0.65703,0.89861,0.63516,0.86944,0.62500,0.85278,0.63828,0.84861,0.65781,0.79028,0.65234,0.80139,0.64531,0.84583,0.63906,0.88472,0.68437,0.80000,0.68203,0.80833,0.66953,0.85833,0.65938,0.90139,0.70703,0.82222,0.70703,0.82778,0.69375,0.87083,0.67969,0.90694,0.72422,0.85000,0.73828,0.84722,0.73984,0.87222,0.73672,0.89583,0.61582,0.69911,0.9995,0.75587,0.92504,0.9423,0.71234,0.87993,0.9927,0.67324,0.62945,0.67734,0.91111,85.17,0.9880,live,0.4640,0.3929,173.25,440.90
167777.681372,120.0,0.7029,4,1,1,0.68203,0.93194,0.65312,0.91389,0.62500,0.88611,0.61016,0.86667,0.61797,0.85556,0.64453,0.78889,0.63672,0.79167,0.62734,0.83056,0.62109,0.86806,0.67188,0.79861,0.66563,0.80000,0.65000,0.84444,0.63984,0.88194,0.69609,0.82222,0.69063,0.81806,0.67656,0.85694,0.66484,0.88889,0.71484,0.85278,0.72031,0.84444,0.71641,0.86944,0.71094,0.89028,0.61554,0.69876,0.9996,0.75196,0.93185,0.9398,0.71094,0.86717,0.9923,0.67500,0.68995,0.68203,0.93194,95.60,0.9923,live,0.4640,0.4727,215.92,456.83
167777.743781,120.0,0.8277,4,1,1,0.68750,0.93194,0.64609,0.90417,0.61797,0.87500,0.59922,0.85694,0.58047,0.84861,0.63047,0.77500,0.60313,0.76944,0.58594,0.80139,0.57656,0.83194,0.65234,0.78472,0.62422,0.77639,0.60391,0.81389,0.59297,0.84444,0.67422,0.81250,0.65234,0.80139,0.63203,0.83333,0.62031,0.85694,0.69375,0.85139,0.68359,0.84028,0.67266,0.85000,0.66484,0.85972,0.61660,0.69680,0.9996,0.74784,0.93362,0.9390,0.68142,0.85813,0.9921,0.67750,0.73835,0.68750,0.93194,101.54,0.9920,live,0.4755,0.5281,250.90,475.11
167777.810616,120.0,0.9614,4,1,1,0.68594,0.91389,0.64453,0.87083,0.60547,0.82639,0.57734,0.80417,0.55625,0.79444,0.59766,0.76806,0.55703,0.77361,0.52812,0.78194,0.50469,0.78889,0.60547,0.78333,0.55937,0.79722,0.52656,0.80694,0.50000,0.81389,0.61172,0.80833,0.56719,0.82222,0.53438,0.83194,0.50859,0.83889,0.61797,0.84306,0.57812,0.85000,0.55312,0.85278,0.53359,0.85694,0.61715,0.68341,0.9996,0.74521,0.93904,0.9397,0.62565,0.84907,0.9922,0.67919,0.77346,0.68594,0.91389,113.62,0.9815,live,0.4894,0.5526,276.26,499.90
167777.882399,120.0,0.1049,4,2,0,0.54297,0.80278,0.51484,0.78472,0.48750,0.76528,0.46250,0.76667,0.44141,0.77083,0.50625,0.71944,0.47734,0.71806,0.45625,0.72639,0.43984,0.73472,0.51719,0.72778,0.48438,0.72222,0.45937,0.72917,0.44141,0.73750,0.52656,0.75000,0.49297,0.74444,0.46719,0.74722,0.44766,0.75139,0.53203,0.78056,0.50703,0.77917,0.48516,0.77778,0.46719,0.77639,0.61615,0.67851,0.9996,0.72614,0.93466,0.9289,0.54717,0.84827,0.9831,0.65194,0.77932,0.54297,0.80278,53.94,0.9693,live,0.5005,0.5508,263.70,478.75
167777.947737,120.0,0.2356,4,2,0,0.52422,0.79444,0.49219,0.78194,0.46953,0.75556,0.45547,0.73750,0.44375,0.72639,0.47813,0.71250,0.45859,0.69583,0.44219,0.68750,0.42656,0.68056,0.47969,0.71667,0.45859,0.69444,0.43984,0.68611,0.42578,0.67917,0.48047,0.72917,0.45781,0.70833,0.43828,0.70000,0.42344,0.69722,0.47891,0.75139,0.45859,0.74167,0.44375,0.73750,0.43203,0.73611,0.61403,0.67373,0.9996,0.70358,0.93032,0.9310,0.50282,0.79865,0.9839,0.62640,0.78235,0.52422,0.79444,64.28,0.9977,live,0.5005,0.4757,222.42,467.59
167778.049053,120.0,0.4382,4,2,0,0.50938,0.76528,0.46406,0.75833,0.43906,0.73194,0.42188,0.72083,0.40703,0.71389,0.45312,0.67778,0.42656,0.68194,0.40859,0.69167,0.39297,0.70139,0.45547,0.67500,0.42500,0.67500,0.40703,0.68333,0.39375,0.69444,0.45625,0.68194,0.42656,0.67917,0.40781,0.68472,0.39297,0.69306,0.45625,0.69861,0.42891,0.69167,0.41406,0.69306,0.40313,0.69722,0.61145,0.67219,0.9996,0.67982,0.91173,0.9348,0.49241,0.75336,0.9848,0.60299,0.77893,0.50938,0.76528,72.31,0.9993,live,0.5005,0.5032,233.27,463.54
167778.116580,120.0,0.5733,4,2,0,0.50859,0.73333,0.46719,0.73056,0.43750,0.70417,0.41875,0.69306,0.40391,0.69028,0.45937,0.62083,0.42188,0.62083,0.39922,0.63889,0.38359,0.65833,0.46406,0.62500,0.41797,0.62500,0.39375,0.65000,0.38047,0.66944,0.46641,0.64306,0.42266,0.64028,0.39922,0.66250,0.38438,0.68194,0.46484,0.67222,0.43281,0.66528,0.41406,0.67778,0.40156,0.69167,0.61110,0.67226,0.9995,0.68757,0.90201,0.9365,0.50208,0.73780,0.9817,0.58411,0.76981,0.50859,0.73333,77.02,0.9974,live,0.4887,0.4352,201.64,463.37
167778.184025,120.0,0.7082,4,2,0,0.54219,0.74444,0.49766,0.74028,0.46719,0.71389,0.44297,0.70139,0.42344,0.69444,0.49219,0.62639,0.45156,0.62222,0.43047,0.63889,0.41641,0.65833,0.50078,0.63194,0.45312,0.63194,0.42891,0.65694,0.41563,0.67917,0.50703,0.65139,0.46250,0.65000,0.43828,0.66944,0.42344,0.68889,0.50859,0.68194,0.47578,0.67361,0.45625,0.68333,0.44297,0.69444,0.60927,0.67773,0.9995,0.68912,0.90223,0.9348,0.51478,0.73197,0.9812,0.57573,0.76474,0.54219,0.74444,77.65,0.9924,live,0.4676,0.3714,172.21,463.68
167778.246428,120.0,0.8330,4,2,0,0.59219,0.74306,0.58437,0.71806,0.55625,0.68750,0.52969,0.67778,0.50938,0.67917,0.56016,0.66667,0.52734,0.66667,0.50391,0.67083,0.48672,0.67500,0.56328,0.68056,0.52734,0.68194,0.50156,0.68750,0.48281,0.69028,0.56328,0.70139,0.52891,0.70000,0.50313,0.70278,0.48594,0.70417,0.56172,0.72778,0.53281,0.72361,0.51250,0.72222,0.49922,0.72083,0.60902,0.68390,0.9995,0.71624,0.90345,0.9392,0.57500,0.73655,0.9829,0.57902,0.76040,0.59219,0.74306,52.86,0.9601,live,0.4432,0.3322,148.20,446.09
167778.313238,120.0,0.9666,4,2,0,0.64297,0.84444,0.65781,0.86944,0.67344,0.88611,0.68047,0.89444,0.67969,0.89444,0.69844,0.82639,0.71875,0.83333,0.72109,0.85417,0.71484,0.87917,0.68437,0.79306,0.68828,0.81944,0.67266,0.85972,0.65703,0.89167,0.66484,0.77500,0.66328,0.80694,0.64844,0.85000,0.63672,0.87917,0.64297,0.76528,0.63672,0.79722,0.62813,0.82917,0.62109,0.85000,0.61330,0.68698,0.9995,0.73567,0.92102,0.9421,0.66745,0.79525,0.9838,0.73534,0.64520,0.64297,0.84444,69.34,0.5880,hold,0.4432,0.3322,148.20,446.09
167778.381147,120.0,0.1024,4,3,0,0.64297,0.84444,0.65781,0.86944,0.67344,0.88611,0.68047,0.89444,0.67969,0.89444,0.69844,0.82639,0.71875,0.83333,0.72109,0.85417,0.71484,0.87917,0.68437,0.79306,0.68828,0.81944,0.67266,0.85972,0.65703,0.89167,0.66484,0.77500,0.66328,0.80694,0.64844,0.85000,0.63672,0.87917,0.64297,0.76528,0.63672,0.79722,0.62813,0.82917,0.62109,0.85000,0.61487,0.69479,0.9996,0.74476,0.89325,0.9440,0.76664,0.79112,0.9851,0.73534,0.64520,0.64297,0.84444,69.34,0.5880,hold,0.4432,0.3322,148.20,446.09
167778.444825,120.0,0.2298,4,3,0,0.59219,0.74306,0.58437,0.71806,0.55625,0.68750,0.52969,0.67778,0.50938,0.67917,0.56016,0.66667,0.52734,0.66667,0.50391,0.67083,0.48672,0.67500,0.56328,0.68056,0.52734,0.68194,0.50156,0.68750,0.48281,0.69028,0.56328,0.70139,0.52891,0.70000,0.50313,0.70278,0.48594,0.70417,0.56172,0.72778,0.53281,0.72361,0.51250,0.72222,0.49922,0.72083,0.61586,0.69634,0.9996,0.74025,0.89376,0.9354,0.80570,0.78924,0.9861,0.57902,0.76040,0.59219,0.74306,52.86,0.5760,hold,0.4432,0.3322,148.20,446.09
167778.511279,120.0,0.3627,4,3,0,0.84375,0.69861,0.82500,0.66806,0.82266,0.64861,0.82656,0.66111,0.83203,0.68194,0.85781,0.63750,0.87344,0.62778,0.86875,0.65556,0.85938,0.68056,0.87656,0.66250,0.89922,0.64306,0.89766,0.67222,0.88672,0.69861,0.88984,0.68750,0.91406,0.66944,0.91406,0.69306,0.90312,0.71528,0.89922,0.71250,0.91641,0.70278,0.91797,0.71667,0.91172,0.73056,0.61508,0.69752,0.9996,0.74135,0.88991,0.9344,0.82998,0.76335,0.9873,0.63197,0.74804,0.84375,0.69861,61.08,0.9147,live,0.4378,0.1743,76.10,436.53
167778.580523,120.0,0.5012,4,3,0,0.83437,0.68750,0.81563,0.65972,0.82266,0.63333,0.84531,0.64444,0.86641,0.65833,0.86250,0.59167,0.88203,0.59861,0.88281,0.63333,0.87500,0.66667,0.88359,0.61806,0.90703,0.60694,0.91328,0.63889,0.90703,0.67083,0.89609,0.64583,0.91875,0.63333,0.92500,0.65972,0.91797,0.68750,0.90156,0.67222,0.92344,0.66389,0.93047,0.67778,0.92656,0.69444,0.61562,0.69907,0.9997,0.74888,0.88576,0.9352,0.83742,0.70945,0.9882,0.67245,0.73594,0.83437,0.68750,80.38,0.9925,live,0.4327,0.2887,127.61,442.03
167778.648540,120.0,0.6372,4,3,0,0.82734,0.69722,0.80469,0.67083,0.80156,0.63750,0.81953,0.63333,0.84141,0.63194,0.83672,0.58472,0.84922,0.56806,0.85859,0.59444,0.86016,0.62778,0.86172,0.59861,0.88281,0.56528,0.89062,0.59306,0.89062,0.62639,0.87891,0.62222,0.90156,0.59444,0.91172,0.61667,0.91016,0.64722,0.88984,0.65000,0.91094,0.63889,0.91875,0.65278,0.91797,0.67222,0.61514,0.69651,0.9997,0.74866,0.87733,0.9315,0.82605,0.68986,0.9890,0.70343,0.72819,0.82734,0.69722,83.75,0.9907,live,0.4281,0.3728,167.49,449.28
167778.715742,120.0,0.7716,4,3,0,0.80156,0.67083,0.78750,0.64583,0.78516,0.61250,0.79922,0.60417,0.81641,0.59444,0.81406,0.55972,0.82656,0.54028,0.82969,0.56111,0.82891,0.59028,0.83672,0.56806,0.85625,0.53333,0.86094,0.55833,0.85859,0.59028,0.85391,0.58611,0.87500,0.55694,0.88203,0.57639,0.87891,0.60139,0.86484,0.61111,0.88672,0.59444,0.89531,0.60694,0.89375,0.62361,0.61608,0.69676,0.9997,0.75223,0.87001,0.9298,0.81625,0.66670,0.9899,0.72305,0.71672,0.80156,0.67083,83.67,0.9749,live,0.4239,0.4223,192.41,455.61
167778.778676,120.0,0.8975,4,3,0,0.77266,0.61944,0.79922,0.59306,0.81875,0.55833,0.82891,0.53472,0.83281,0.52361,0.79453,0.50139,0.80078,0.47639,0.81328,0.50139,0.82422,0.52778,0.77422,0.50972,0.77812,0.47917,0.79375,0.50556,0.80703,0.53333,0.75625,0.53194,0.75313,0.50139,0.76562,0.51944,0.77734,0.53750,0.73984,0.56111,0.72969,0.54028,0.73672,0.54167,0.74687,0.54722,0.61617,0.69673,0.9997,0.76800,0.86644,0.9312,0.80509,0.63063,0.9908,0.77266,0.61944,0.77266,0.61944,77.52,0.9299,live,0.4200,0.5975,272.91,456.75
167778.848198,120.0,0.0365,4,4,0,0.72500,0.54306,0.74375,0.50694,0.75391,0.46528,0.75313,0.43889,0.74219,0.42500,0.73438,0.40833,0.72813,0.38056,0.73984,0.41111,0.75156,0.43750,0.71328,0.41389,0.70391,0.36806,0.71562,0.39861,0.72656,0.42778,0.69531,0.42778,0.67969,0.37778,0.69141,0.40139,0.70312,0.42639,0.67969,0.44722,0.66719,0.40972,0.67656,0.41806,0.68750,0.43472,0.61167,0.69565,0.9997,0.76488,0.83936,0.9338,0.74545,0.53964,0.9917,0.76312,0.60417,0.72500,0.54306,89.37,0.9259,live,0.4164,0.4455,207.75,466.29
167778.912434,120.0,0.1650,4,4,0,0.67422,0.43611,0.64687,0.41806,0.62969,0.38194,0.62344,0.35139,0.62187,0.32500,0.64531,0.32361,0.63438,0.27778,0.62109,0.26250,0.60938,0.25972,0.66094,0.31667,0.65156,0.26389,0.64062,0.24167,0.62969,0.23194,0.67656,0.32083,0.67031,0.26806,0.66016,0.24861,0.64844,0.24306,0.69297,0.33333,0.69141,0.29028,0.68359,0.27222,0.67344,0.26250,0.60652,0.68870,0.9997,0.75261,0.74852,0.9353,0.67988,0.43739,0.9924,0.71329,0.66060,0.67422,0.43611,78.98,0.9605,live,0.4131,0.4447,207.75,467.20
167778.983288,120.0,0.3067,4,4,0,0.65859,0.38333,0.62578,0.34167,0.61016,0.30000,0.60547,0.25972,0.60703,0.22778,0.62578,0.26250,0.61719,0.22361,0.61016,0.20139,0.60313,0.17917,0.63828,0.25278,0.63125,0.21250,0.62422,0.18750,0.61797,0.16667,0.65078,0.25139,0.64687,0.21250,0.64062,0.18333,0.63438,0.16111,0.66484,0.25694,0.66328,0.21944,0.65859,0.19722,0.65234,0.17778,0.60681,0.68821,0.9997,0.73853,0.68614,0.9387,0.65934,0.36427,0.9931,0.70235,0.60515,0.65859,0.38333,83.91,0.8293,live,0.4180,0.4406,207.75,471.55
167779.049604,120.0,0.4393,4,4,0,0.64609,0.33194,0.61797,0.28472,0.60469,0.24167,0.60234,0.20000,0.60781,0.16944,0.62422,0.20972,0.61406,0.17500,0.60391,0.15000,0.59453,0.12778,0.63438,0.20139,0.62734,0.16111,0.61641,0.13333,0.60547,0.10972,0.64531,0.19722,0.64141,0.15694,0.63125,0.12639,0.62031,0.10556,0.65781,0.20000,0.65703,0.15972,0.64922,0.13889,0.63984,0.12222,0.60071,0.68257,0.9997,0.71620,0.65016,0.9407,0.64886,0.31947,0.9937,0.69110,0.55051,0.64609,0.33194,81.82,0.9672,live,0.4299,0.4843,229.47,473.87
167779.114592,120.0,0.5693,4,4,0,0.63906,0.28889,0.61172,0.24444,0.60156,0.20417,0.60313,0.16389,0.61094,0.13611,0.62266,0.17778,0.61562,0.14583,0.60625,0.12500,0.59688,0.10556,0.63594,0.16667,0.62969,0.12639,0.61953,0.10139,0.60781,0.08194,0.64844,0.16111,0.64531,0.12083,0.63516,0.09583,0.62344,0.07917,0.66016,0.16111,0.65859,0.12361,0.65000,0.10278,0.63906,0.09028,0.60125,0.67942,0.9997,0.70952,0.62094,0.9429,0.64601,0.28083,0.9943,0.68069,0.49818,0.63906,0.28889,79.04,0.9425,live,0.4299,0.4514,213.91,473.92
167779.184123,120.0,0.7084,4,4,0,0.63594,0.26528,0.61016,0.23194,0.60000,0.19583,0.60391,0.15556,0.61094,0.12778,0.62266,0.17083,0.61484,0.13472,0.60703,0.11389,0.60078,0.09444,0.63672,0.16111,0.63047,0.11944,0.62187,0.09444,0.61328,0.07222,0.65000,0.15694,0.64531,0.11389,0.63672,0.08889,0.62656,0.07083,0.66328,0.15556,0.66172,0.11944,0.65312,0.09722,0.64219,0.08333,0.60167,0.67934,0.9998,0.71430,0.60495,0.9436,0.65178,0.26879,0.9948,0.67174,0.45160,0.63594,0.26528,71.16,0.9089,live,0.4438,0.5069,237.37,468.29
167779.246306,120.0,0.8328,4,4,0,0.63984,0.27917,0.61250,0.25417,0.60078,0.21806,0.60313,0.17500,0.61328,0.15278,0.62344,0.18889,0.61641,0.15417,0.60938,0.13056,0.60313,0.10972,0.63828,0.17917,0.63359,0.13611,0.62578,0.10694,0.61875,0.08194,0.65234,0.17639,0.65000,0.13333,0.64219,0.10417,0.63359,0.08333,0.66719,0.17778,0.66797,0.14306,0.66016,0.12083,0.65000,0.10694,0.60165,0.67830,0.9998,0.71627,0.63092,0.9442,0.65634,0.29925,0.9952,0.66536,0.41711,0.63984,0.27917,69.47,0.9397,live,0.4662,0.5685,262.73,462.11
167779.315979,120.0,0.9721,4,4,0,0.65156,0.31528,0.62734,0.29861,0.61719,0.26250,0.61719,0.22778,0.61953,0.20278,0.63203,0.22639,0.62344,0.18194,0.61719,0.16111,0.61016,0.14583,0.64766,0.22361,0.64375,0.17083,0.63750,0.14167,0.62891,0.12222,0.66250,0.22917,0.66094,0.17917,0.65547,0.15139,0.64766,0.13333,0.67812,0.24167,0.68047,0.20417,0.67578,0.18056,0.66875,0.16250,0.59889,0.67524,0.9998,0.71760,0.68091,0.9430,0.65633,0.31037,0.9956,0.66260,0.39675,0.65156,0.31528,64.47,0.6023,live,0.4763,0.5220,236.50,453.07
167779.381622,120.0,0.1034,4,1,1,0.66406,0.51250,0.63906,0.48611,0.62266,0.44444,0.62109,0.40417,0.63125,0.37083,0.63828,0.36250,0.63203,0.30833,0.62813,0.30417,0.62891,0.31667,0.65859,0.36111,0.65703,0.29583,0.65234,0.29861,0.64922,0.31667,0.67812,0.37222,0.67969,0.31528,0.67344,0.31944,0.66875,0.33889,0.69688,0.39583,0.69844,0.35417,0.69375,0.35694,0.68984,0.37083,0.59658,0.67386,0.9998,0.71803,0.78309,0.9414,0.65795,0.46839,0.9960,0.66289,0.41990,0.66406,0.51250,98.70,0.9897,live,0.4763,0.4884,229.45,469.77
167779.446348,120.0,0.2328,4,1,1,0.68359,0.65139,0.66406,0.65139,0.64297,0.63333,0.63047,0.64028,0.62813,0.65417,0.65000,0.57361,0.64922,0.54583,0.65391,0.58056,0.65781,0.61528,0.67422,0.57222,0.67812,0.53750,0.68203,0.57917,0.68359,0.62222,0.69766,0.58056,0.70469,0.55278,0.70625,0.60139,0.70547,0.64167,0.71719,0.59722,0.72578,0.59028,0.72734,0.62639,0.72813,0.65694,0.60235,0.68599,0.9998,0.72415,0.91156,0.9404,0.67700,0.68775,0.9962,0.66703,0.46620,0.68359,0.65139,68.64,0.9968,live,0.4763,0.4958,229.45,462.82
167779.513385,120.0,0.3669,4,1,1,0.70234,0.73611,0.67891,0.72778,0.65625,0.71667,0.64219,0.73750,0.64141,0.77222,0.67500,0.67639,0.66641,0.68056,0.66250,0.71389,0.66172,0.74861,0.69844,0.69167,0.70000,0.67917,0.69688,0.71667,0.69297,0.75833,0.71953,0.71389,0.72656,0.70972,0.72266,0.75139,0.71797,0.78889,0.73594,0.73750,0.74453,0.74444,0.74375,0.77639,0.74062,0.80694,0.61411,0.69067,0.9998,0.74756,0.93466,0.9406,0.69823,0.82230,0.9958,0.67410,0.52018,0.70234,0.73611,55.10,0.9920,live,0.4544,0.3545,158.44,446.95
167779.582034,120.0,0.5042,4,1,1,0.68672,0.82222,0.66484,0.81806,0.63984,0.79306,0.63281,0.80000,0.65000,0.81250,0.66719,0.73194,0.66641,0.73056,0.66328,0.77500,0.65938,0.81528,0.69688,0.74028,0.70312,0.73889,0.69688,0.78333,0.68984,0.82639,0.71719,0.76250,0.72500,0.77083,0.72031,0.81528,0.71172,0.85139,0.72891,0.79167,0.73984,0.80833,0.74219,0.83750,0.73828,0.85972,0.61371,0.69052,0.9998,0.74514,0.92500,0.9390,0.69561,0.83663,0.9948,0.67662,0.58059,0.68672,0.82222,69.58,0.9982,live,0.4369,0.3573,158.44,443.42
167779.647424,120.0,0.6350,4,1,1,0.67734,0.86944,0.65547,0.85417,0.63281,0.82222,0.62344,0.82083,0.64219,0.82917,0.66016,0.75972,0.65859,0.75000,0.65234,0.79167,0.64687,0.82778,0.68672,0.77500,0.69219,0.75694,0.68672,0.80278,0.67891,0.84028,0.70859,0.79861,0.71641,0.79167,0.70937,0.83750,0.70000,0.86667,0.72422,0.82917,0.73438,0.83056,0.73047,0.86389,0.72266,0.88611,0.61297,0.69345,0.9998,0.74482,0.93091,0.9358,0.70117,0.86830,0.9930,0.67676,0.63836,0.67734,0.86944,78.43,0.9915,live,0.4299,0.3979,177.74,446.68
167779.710837,120.0,0.7618,4,1,1,0.66563,0.88889,0.63984,0.86806,0.61406,0.83333,0.59922,0.82500,0.61250,0.82361,0.63750,0.77083,0.63828,0.75139,0.63047,0.79444,0.62344,0.83611,0.66563,0.78194,0.67031,0.75694,0.66094,0.80417,0.65156,0.84722,0.68906,0.80278,0.69141,0.79306,0.68203,0.83750,0.67109,0.87083,0.70625,0.83333,0.70937,0.84306,0.70234,0.87361,0.69531,0.89306,0.61252,0.69396,0.9998,0.74199,0.93361,0.9359,0.68387,0.85724,0.9929,0.67454,0.68846,0.66563,0.88889,83.44,0.9961,live,0.4364,0.4663,211.31,453.15
167779.780372,120.0,0.9009,4,1,1,0.68125,0.94028,0.64062,0.90972,0.61172,0.86667,0.58828,0.84444,0.56406,0.83194,0.62891,0.78056,0.59844,0.75694,0.57578,0.77361,0.56094,0.79722,0.64922,0.78611,0.61719,0.76528,0.59375,0.79583,0.58359,0.82361,0.66953,0.80833,0.63984,0.79167,0.61953,0.82639,0.61328,0.85556,0.68672,0.84028,0.66328,0.82500,0.64609,0.84167,0.63906,0.86111,0.61419,0.68670,0.9998,0.74067,0.92849,0.9366,0.66282,0.84865,0.9929,0.67588,0.73883,0.68125,0.94028,102.34,0.9966,live,0.4520,0.5227,246.96,472.46
167779.848551,120.0,0.0372,4,2,0,0.59297,0.81389,0.57734,0.77222,0.55078,0.75000,0.52422,0.75139,0.50313,0.76250,0.55547,0.74861,0.51797,0.74722,0.49375,0.75556,0.47422,0.76528,0.55859,0.77500,0.51797,0.77639,0.48906,0.78611,0.46719,0.79167,0.56094,0.80694,0.52266,0.81528,0.49453,0.82083,0.47344,0.82222,0.56094,0.84167,0.53125,0.84444,0.51094,0.84722,0.49375,0.84583,0.60859,0.67297,0.9998,0.73438,0.92815,0.9368,0.59553,0.83926,0.9917,0.65930,0.75384,0.59297,0.81389,58.08,0.9819,live,0.4721,0.5640,258.08,457.58
167779.909961,120.0,0.1601,4,2,0,0.56953,0.82083,0.53359,0.81111,0.50859,0.80000,0.48984,0.79583,0.47344,0.79583,0.51719,0.75556,0.49453,0.74028,0.47656,0.73194,0.45859,0.72778,0.51875,0.76250,0.49531,0.74167,0.47500,0.73472,0.45781,0.73056,0.51953,0.77639,0.49688,0.75694,0.47734,0.75000,0.46172,0.74583,0.52031,0.80139,0.50391,0.79167,0.49062,0.78611,0.48047,0.78333,0.60860,0.67569,0.9998,0.71558,0.93218,0.9304,0.53347,0.83061,0.9875,0.64134,0.76724,0.56953,0.82083,64.25,0.9984,live,0.4956,0.6027,270.58,448.93
167779.979804,120.0,0.2997,4,2,0,0.54609,0.80417,0.50938,0.80139,0.48438,0.78611,0.46641,0.77778,0.45312,0.77222,0.49688,0.73750,0.47578,0.71528,0.45859,0.70556,0.44219,0.70139,0.49688,0.74028,0.47187,0.71944,0.45234,0.71528,0.43750,0.71389,0.49531,0.75139,0.47109,0.72917,0.45078,0.72500,0.43438,0.72361,0.49375,0.77222,0.47500,0.75972,0.46094,0.75556,0.44844,0.75417,0.60730,0.67595,0.9997,0.70033,0.93052,0.9354,0.51242,0.79735,0.9882,0.62229,0.77462,0.54609,0.80417,63.34,0.9965,live,0.5146,0.6008,264.75,440.66
167780.046793,120.0,0.4337,4,2,0,0.52891,0.78056,0.48281,0.77917,0.45312,0.75972,0.43281,0.75000,0.41484,0.74722,0.46797,0.70139,0.44453,0.70417,0.42734,0.71250,0.41250,0.72222,0.47422,0.69722,0.44766,0.69167,0.42891,0.69583,0.41328,0.70278,0.47891,0.70417,0.45391,0.69167,0.43281,0.68750,0.41641,0.69028,0.48125,0.72500,0.45859,0.71528,0.44141,0.71528,0.42812,0.72083,0.60711,0.67948,0.9996,0.69523,0.92921,0.9403,0.50814,0.76222,0.9890,0.60362,0.77581,0.52891,0.78056,71.45,0.9990,live,0.5066,0.4701,206.50,439.23
167780.112531,120.0,0.5652,4,2,0,0.52422,0.75417,0.48281,0.75694,0.45312,0.73750,0.43359,0.72917,0.41563,0.72361,0.46406,0.65694,0.43438,0.65556,0.41094,0.66250,0.39141,0.67222,0.47266,0.65278,0.43281,0.64722,0.40781,0.66389,0.39062,0.67639,0.48203,0.66389,0.44375,0.65694,0.41797,0.67361,0.40156,0.69167,0.48984,0.69167,0.46094,0.68194,0.44062,0.69444,0.42734,0.70833,0.60636,0.68074,0.9996,0.69433,0.92842,0.9447,0.51247,0.74554,0.9898,0.58774,0.77148,0.52422,0.75417,76.70,0.9970,live,0.5066,0.4900,216.48,441.75
167780.184558,120.0,0.7093,4,2,0,0.54766,0.74722,0.50547,0.75278,0.47266,0.73750,0.45078,0.72778,0.43359,0.71944,0.48594,0.64583,0.45469,0.64583,0.43438,0.66111,0.42031,0.68056,0.49531,0.64444,0.45781,0.63889,0.43516,0.65972,0.42109,0.67639,0.50547,0.65694,0.47031,0.65417,0.45000,0.67222,0.43594,0.68750,0.51484,0.68333,0.49297,0.68194,0.47734,0.69306,0.46563,0.70417,0.60732,0.68301,0.9996,0.69491,0.92171,0.9492,0.52182,0.73007,0.9906,0.57972,0.76663,0.54766,0.74722,78.87,0.9975,live,0.4796,0.3565,158.82,445.52
167780.246445,120.0,0.8330,4,2,0,0.58125,0.75694,0.54219,0.76389,0.51172,0.74722,0.48594,0.73194,0.46406,0.71528,0.52578,0.66528,0.49375,0.65694,0.47578,0.67778,0.46641,0.70000,0.53672,0.66111,0.49922,0.65278,0.48281,0.67917,0.47578,0.70139,0.54922,0.67361,0.51484,0.66667,0.50000,0.68889,0.49219,0.70694,0.56172,0.69861,0.54375,0.69861,0.53047,0.70694,0.52031,0.71667,0.60756,0.69711,0.9997,0.72209,0.92374,0.9530,0.56190,0.72735,0.9914,0.58003,0.76469,0.58125,0.75694,71.80,0.9692,live,0.4577,0.3579,158.82,443.76
167780.312259,120.0,0.9647,4,2,0,0.58125,0.75694,0.54219,0.76389,0.51172,0.74722,0.48594,0.73194,0.46406,0.71528,0.52578,0.66528,0.49375,0.65694,0.47578,0.67778,0.46641,0.70000,0.53672,0.66111,0.49922,0.65278,0.48281,0.67917,0.47578,0.70139,0.54922,0.67361,0.51484,0.66667,0.50000,0.68889,0.49219,0.70694,0.56172,0.69861,0.54375,0.69861,0.53047,0.70694,0.52031,0.71667,0.60965,0.70327,0.9997,0.74193,0.90186,0.9530,0.63973,0.77040,0.9903,0.58003,0.76469,0.58125,0.75694,71.80,0.5815,hold,0.4577,0.3579,158.82,443.76
167780.378514,120.0,0.0972,4,3,0,0.58125,0.75694,0.54219,0.76389,0.51172,0.74722,0.48594,0.73194,0.46406,0.71528,0.52578,0.66528,0.49375,0.65694,0.47578,0.67778,0.46641,0.70000,0.53672,0.66111,0.49922,0.65278,0.48281,0.67917,0.47578,0.70139,0.54922,0.67361,0.51484,0.66667,0.50000,0.68889,0.49219,0.70694,0.56172,0.69861,0.54375,0.69861,0.53047,0.70694,0.52031,0.71667,0.60847,0.70487,0.9997,0.73749,0.89738,0.9467,0.72495,0.80387,0.9905,0.58003,0.76469,0.58125,0.75694,71.80,0.5815,hold,0.4577,0.3579,158.82,443.76
167780.447175,120.0,0.2345,4,3,0,0.58125,0.75694,0.54219,0.76389,0.51172,0.74722,0.48594,0.73194,0.46406,0.71528,0.52578,0.66528,0.49375,0.65694,0.47578,0.67778,0.46641,0.70000,0.53672,0.66111,0.49922,0.65278,0.48281,0.67917,0.47578,0.70139,0.54922,0.67361,0.51484,0.66667,0.50000,0.68889,0.49219,0.70694,0.56172,0.69861,0.54375,0.69861,0.53047,0.70694,0.52031,0.71667,0.60902,0.70526,0.9997,0.73291,0.88645,0.9411,0.78635,0.78959,0.9910,0.58003,0.76469,0.58125,0.75694,71.80,0.5815,hold,0.4577,0.3579,158.82,443.76
167780.515044,120.0,0.3702,4,3,0,0.78125,0.71667,0.78984,0.74722,0.81016,0.76528,0.83125,0.79028,0.85547,0.80417,0.84453,0.67639,0.88750,0.68889,0.91328,0.72500,0.92891,0.75972,0.84844,0.66806,0.89219,0.68333,0.91563,0.72639,0.92812,0.76667,0.84922,0.67639,0.88828,0.69167,0.90938,0.73333,0.92031,0.77222,0.84844,0.69306,0.87656,0.70278,0.89375,0.72778,0.90312,0.75694,0.60847,0.70425,0.9997,0.73196,0.86788,0.9367,0.82816,0.74784,0.9913,0.78125,0.71667,0.78125,0.71667,69.89,0.5559,live,0.4510,0.5931,261.45,440.82
167780.582726,120.0,0.5056,4,3,0,0.80078,0.70556,0.80312,0.72083,0.82266,0.73472,0.84766,0.75694,0.87422,0.77361,0.85703,0.65139,0.89062,0.67778,0.90859,0.71667,0.92031,0.75139,0.87031,0.64722,0.91094,0.66528,0.93203,0.70833,0.94531,0.74722,0.87656,0.65694,0.91641,0.66944,0.93672,0.70833,0.94844,0.74583,0.87891,0.67361,0.90859,0.68472,0.92578,0.70972,0.93750,0.73611,0.60754,0.70269,0.9997,0.73067,0.86273,0.9317,0.82680,0.73315,0.9916,0.62418,0.75287,0.80078,0.70556,78.79,0.8467,live,0.4450,0.5880,261.45,444.65
167780.651681,120.0,0.6435,4,3,0,0.80156,0.69444,0.80156,0.70139,0.82344,0.71111,0.85391,0.72917,0.88203,0.74306,0.85469,0.62500,0.88906,0.65556,0.91016,0.69028,0.92500,0.72361,0.87031,0.62639,0.91328,0.64306,0.93516,0.68194,0.95000,0.71944,0.87969,0.64028,0.91875,0.65278,0.93828,0.68750,0.95156,0.72083,0.88438,0.65972,0.91250,0.67222,0.92734,0.69583,0.93828,0.71806,0.60736,0.70258,0.9997,0.73177,0.86391,0.9294,0.82616,0.70648,0.9920,0.65965,0.74118,0.80156,0.69444,84.88,0.8971,live,0.4394,0.5768,260.96,452.41
167780.716870,120.0,0.7739,4,3,0,0.79375,0.68611,0.79844,0.68056,0.81406,0.67639,0.83828,0.69444,0.86328,0.71389,0.84531,0.59167,0.87656,0.61806,0.89531,0.65278,0.90938,0.68889,0.85625,0.60000,0.89375,0.61667,0.91406,0.65417,0.92969,0.68889,0.86094,0.62222,0.89766,0.63333,0.91797,0.66528,0.93125,0.69444,0.86016,0.64861,0.88750,0.66250,0.90469,0.68056,0.91797,0.69722,0.60712,0.70250,0.9998,0.73195,0.85937,0.9301,0.81947,0.67075,0.9927,0.68647,0.73017,0.79375,0.68611,82.59,0.8337,live,0.4342,0.5692,260.45,457.58
167780.778411,120.0,0.8970,4,3,0,0.78984,0.66250,0.77656,0.65833,0.77656,0.64167,0.78672,0.63056,0.79609,0.62361,0.80781,0.57500,0.82500,0.54444,0.83906,0.55556,0.85234,0.57917,0.82969,0.57778,0.85313,0.55556,0.86797,0.57917,0.88047,0.61111,0.84531,0.59028,0.86719,0.57639,0.88203,0.59722,0.89219,0.62639,0.85391,0.60417,0.87187,0.60000,0.88359,0.61667,0.89219,0.63750,0.60699,0.70269,0.9998,0.73287,0.86014,0.9292,0.80871,0.63792,0.9932,0.70715,0.71663,0.78984,0.66250,75.33,0.9759,live,0.4295,0.5700,260.46,456.91
167780.849408,120.0,0.0390,4,4,0,0.73750,0.56389,0.71719,0.53472,0.70469,0.50278,0.70469,0.48194,0.71328,0.46806,0.73125,0.43472,0.72813,0.39861,0.72500,0.38472,0.72188,0.37639,0.75156,0.43889,0.75703,0.40139,0.75859,0.39444,0.75781,0.39306,0.76797,0.45417,0.77734,0.42361,0.77891,0.42361,0.77734,0.42639,0.78203,0.47917,0.79141,0.45556,0.79531,0.45417,0.79688,0.45694,0.60589,0.70265,0.9998,0.75138,0.84399,0.9334,0.76776,0.56169,0.9938,0.71322,0.68608,0.73750,0.56389,85.27,0.9936,live,0.4251,0.4460,206.72,463.47
167780.911649,120.0,0.1634,4,4,0,0.69766,0.43889,0.67031,0.41389,0.65391,0.37083,0.64609,0.33194,0.63672,0.30139,0.67266,0.31944,0.66172,0.27083,0.65312,0.24583,0.64375,0.22778,0.68984,0.31250,0.68516,0.25556,0.67578,0.22639,0.66484,0.20694,0.70547,0.31806,0.70469,0.26389,0.69297,0.23750,0.68047,0.22222,0.72031,0.33333,0.72344,0.29167,0.71562,0.27083,0.70469,0.25833,0.60093,0.69363,0.9998,0.74814,0.75476,0.9365,0.70735,0.40995,0.9944,0.71011,0.63665,0.69766,0.43889,81.62,0.9053,live,0.4211,0.4667,217.77,466.62
167780.977981,120.0,0.2961,4,4,0,0.67109,0.37917,0.64375,0.33611,0.63047,0.28750,0.62656,0.24167,0.61797,0.20833,0.64453,0.25000,0.63750,0.20972,0.63281,0.18611,0.62891,0.16250,0.65625,0.24444,0.65234,0.20139,0.64844,0.17500,0.64453,0.15417,0.66797,0.24583,0.66719,0.20278,0.66250,0.17500,0.65703,0.15278,0.68203,0.25000,0.68203,0.21111,0.67656,0.18889,0.67109,0.17083,0.59947,0.68602,0.9998,0.73181,0.67808,0.9388,0.66452,0.34510,0.9948,0.70230,0.58515,0.67109,0.37917,84.98,0.9439,live,0.4348,0.4971,234.53,471.81
167781.048281,120.0,0.4367,4,4,0,0.65625,0.31389,0.62813,0.26806,0.61719,0.22639,0.61641,0.18472,0.61250,0.15278,0.63281,0.19722,0.62344,0.15972,0.61562,0.13750,0.60781,0.11389,0.64297,0.18889,0.63750,0.14861,0.62969,0.12361,0.62266,0.10139,0.65391,0.18750,0.65156,0.14722,0.64453,0.12083,0.63672,0.09861,0.66641,0.18889,0.66563,0.15139,0.65938,0.13056,0.65078,0.11250,0.59791,0.68360,0.9998,0.71435,0.61240,0.9409,0.65881,0.29801,0.9953,0.69309,0.53090,0.65625,0.31389,78.78,0.9124,live,0.4545,0.5442,256.83,471.92
167781.112126,120.0,0.5644,4,4,0,0.65156,0.27083,0.62266,0.22361,0.61641,0.18889,0.61641,0.15556,0.61484,0.12361,0.63438,0.17083,0.62734,0.14306,0.61875,0.12500,0.60938,0.10694,0.64531,0.16111,0.63828,0.12778,0.62813,0.10417,0.61719,0.08472,0.65625,0.15556,0.65234,0.11667,0.64219,0.09306,0.62969,0.07639,0.66797,0.15000,0.66484,0.11250,0.65547,0.09444,0.64297,0.08333,0.59691,0.68087,0.9998,0.70322,0.57486,0.9421,0.65629,0.26427,0.9956,0.68479,0.47888,0.65156,0.27083,72.43,0.9345,live,0.4811,0.6026,281.67,467.44
167781.182085,120.0,0.7043,4,4,0,0.64687,0.24722,0.62109,0.21111,0.61562,0.18194,0.61641,0.15139,0.61562,0.12361,0.63594,0.16250,0.62891,0.13472,0.62109,0.11944,0.61406,0.10417,0.64687,0.15278,0.64062,0.12222,0.63203,0.10000,0.62266,0.08194,0.65703,0.14861,0.65312,0.11250,0.64453,0.09167,0.63359,0.07500,0.66797,0.14444,0.66563,0.11111,0.65703,0.09306,0.64609,0.08056,0.59645,0.67849,0.9998,0.69924,0.57211,0.9432,0.65289,0.25844,0.9958,0.67720,0.43255,0.64687,0.24722,63.09,0.8995,live,0.4959,0.5632,257.25,456.77
167781.245430,120.0,0.8310,4,4,0,0.64687,0.25278,0.62031,0.22500,0.61328,0.19583,0.61562,0.16111,0.61719,0.13611,0.63438,0.18194,0.62813,0.15000,0.62187,0.12917,0.61562,0.10972,0.64766,0.17222,0.64219,0.13750,0.63438,0.10972,0.62578,0.08750,0.65938,0.16667,0.65547,0.12917,0.64687,0.10278,0.63750,0.08472,0.67188,0.15972,0.66953,0.12917,0.66094,0.10972,0.64922,0.09722,0.59617,0.67854,0.9998,0.69983,0.59007,0.9444,0.65259,0.27509,0.9961,0.67114,0.39660,0.64687,0.25278,59.08,0.8399,live,0.5109,0.5791,257.40,444.50
167781.316987,120.0,0.9741,4,4,0,0.65234,0.28472,0.62969,0.26806,0.61797,0.23611,0.61641,0.20139,0.61797,0.17083,0.63516,0.20556,0.62969,0.17083,0.62344,0.14861,0.61719,0.12917,0.64844,0.19861,0.64453,0.15833,0.63906,0.13194,0.63203,0.10833,0.66172,0.20000,0.65938,0.15972,0.65312,0.13333,0.64531,0.11111,0.67578,0.20556,0.67734,0.17222,0.67266,0.15139,0.66484,0.13611,0.59607,0.68135,0.9998,0.70225,0.62083,0.9428,0.65219,0.28659,0.9964,0.66738,0.37422,0.65234,0.28472,59.93,0.9323,live,0.5240,0.5835,253.42,434.30
167781.386320,120.0,0.1128,4,1,1,0.65859,0.42083,0.63281,0.39028,0.62187,0.34444,0.62266,0.30417,0.62656,0.26944,0.64219,0.29306,0.63828,0.24306,0.63359,0.21389,0.62891,0.18889,0.66016,0.29306,0.66094,0.23611,0.65547,0.20694,0.64844,0.18472,0.67656,0.30278,0.67969,0.25000,0.67344,0.22361,0.66484,0.20972,0.69141,0.32083,0.69688,0.27917,0.69219,0.25556,0.68359,0.24167,0.59625,0.68140,0.9998,0.71135,0.74718,0.9434,0.65514,0.38928,0.9967,0.66562,0.38354,0.65859,0.42083,83.96,0.9192,live,0.5240,0.5256,232.66,442.64
167781.446677,120.0,0.2335,4,1,1,0.68281,0.60278,0.65859,0.58611,0.64219,0.55139,0.63359,0.51250,0.63203,0.47639,0.66172,0.48194,0.65938,0.42500,0.65938,0.40417,0.66094,0.39306,0.68281,0.48333,0.68516,0.42361,0.68516,0.43194,0.68516,0.45417,0.70078,0.49583,0.70781,0.44861,0.70937,0.47083,0.70859,0.50000,0.71484,0.51528,0.72344,0.48750,0.72578,0.50694,0.72578,0.53194,0.59745,0.68585,0.9998,0.72744,0.84712,0.9451,0.67480,0.57678,0.9970,0.66906,0.42739,0.68281,0.60278,81.09,0.7170,live,0.5240,0.5194,232.66,447.91
167781.515246,120.0,0.3706,4,1,1,0.70156,0.74306,0.67656,0.73750,0.65625,0.71667,0.64844,0.70694,0.65078,0.69861,0.67578,0.64861,0.67891,0.59861,0.68125,0.61667,0.68281,0.65139,0.70078,0.65278,0.71016,0.61667,0.71328,0.64583,0.71250,0.68333,0.72188,0.66667,0.73438,0.64167,0.73672,0.67639,0.73359,0.71389,0.73906,0.68750,0.75391,0.68056,0.75781,0.70972,0.75703,0.74028,0.60859,0.69379,0.9998,0.73487,0.92244,0.9452,0.70448,0.79581,0.9968,0.67556,0.49052,0.70156,0.74306,72.19,0.9830,live,0.4938,0.3563,158.96,446.14
167781.576894,120.0,0.4939,4,1,1,0.69766,0.78194,0.67578,0.79167,0.65391,0.77361,0.64844,0.76528,0.66016,0.76667,0.68125,0.71528,0.68281,0.67639,0.68984,0.69306,0.69453,0.72917,0.70625,0.71944,0.71562,0.69444,0.72109,0.72917,0.72109,0.77361,0.72656,0.73472,0.73984,0.72639,0.74531,0.76806,0.74375,0.80833,0.74141,0.75556,0.75703,0.76389,0.76406,0.79306,0.76484,0.82083,0.61013,0.69961,0.9998,0.73774,0.90761,0.9438,0.71368,0.83038,0.9963,0.67998,0.54881,0.69766,0.78194,60.03,0.9943,live,0.4705,0.3647,158.96,435.83
167781.647850,120.0,0.6358,4,1,1,0.68906,0.84722,0.66484,0.83889,0.64609,0.81111,0.64297,0.80000,0.65625,0.80278,0.67500,0.75139,0.67969,0.71944,0.68594,0.74028,0.69063,0.77083,0.70312,0.76111,0.71641,0.73611,0.71953,0.77222,0.71641,0.81528,0.72422,0.78056,0.73906,0.76806,0.74141,0.80972,0.73516,0.85000,0.73828,0.80833,0.75547,0.80833,0.75938,0.84028,0.75547,0.87083,0.60959,0.70064,0.9998,0.73648,0.92735,0.9408,0.70992,0.86847,0.9958,0.68180,0.60849,0.68906,0.84722,73.90,0.9954,live,0.4569,0.3945,172.30,436.74
167781.712456,120.0,0.7651,4,1,1,0.67891,0.86667,0.65547,0.85278,0.63594,0.82222,0.63203,0.81528,0.64687,0.82083,0.66172,0.76250,0.66641,0.73611,0.67188,0.75556,0.67422,0.78889,0.69063,0.77361,0.70156,0.75139,0.70312,0.78889,0.69922,0.83194,0.71406,0.79583,0.72500,0.78889,0.72500,0.83056,0.71719,0.86667,0.72969,0.82500,0.74297,0.83056,0.74062,0.86111,0.73281,0.88889,0.60918,0.70350,0.9998,0.73588,0.92575,0.9368,0.70752,0.87561,0.9949,0.68122,0.66013,0.67891,0.86667,79.09,0.9945,live,0.4569,0.4688,206.89,441.27
167781.777719,120.0,0.8956,4,1,1,0.67344,0.89861,0.64844,0.87222,0.62422,0.83194,0.61016,0.81806,0.61797,0.81250,0.64219,0.76806,0.63828,0.73333,0.63281,0.75694,0.62969,0.79444,0.66797,0.77083,0.66875,0.74444,0.66094,0.78472,0.65391,0.82917,0.69063,0.78750,0.68984,0.79028,0.68203,0.83194,0.67500,0.86389,0.70859,0.81528,0.70781,0.84444,0.70156,0.87222,0.69609,0.88889,0.60893,0.70226,0.9998,0.73374,0.92418,0.9354,0.69139,0.86218,0.9945,0.67966,0.70782,0.67344,0.89861,90.24,0.9943,live,0.4704,0.5318,241.08,453.29
167781.845379,120.0,0.0309,4,2,0,0.68359,0.91667,0.65000,0.90139,0.62422,0.85972,0.60547,0.83611,0.58750,0.82083,0.63516,0.77639,0.60781,0.75694,0.58516,0.76389,0.56719,0.77778,0.65156,0.77917,0.62578,0.76806,0.60391,0.79167,0.59062,0.81250,0.66875,0.79861,0.64375,0.79306,0.62578,0.81944,0.61719,0.84167,0.68359,0.82778,0.66172,0.81944,0.64766,0.83611,0.64219,0.85000,0.60946,0.69746,0.9998,0.73342,0.92953,0.9350,0.66494,0.84388,0.9940,0.68045,0.74959,0.68359,0.91667,90.47,0.9914,live,0.4908,0.5841,271.06,464.03
167781.917107,120.0,0.1744,4,2,0,0.59531,0.79167,0.57734,0.75278,0.54453,0.73333,0.51250,0.73333,0.48828,0.73472,0.55859,0.71667,0.52187,0.70833,0.49844,0.71389,0.48125,0.72222,0.56250,0.74167,0.52812,0.73472,0.50156,0.74028,0.48359,0.74583,0.56563,0.77361,0.53203,0.77222,0.50703,0.77917,0.48906,0.78194,0.56641,0.80833,0.54219,0.80972,0.52344,0.80972,0.50938,0.80972,0.60756,0.68424,0.9998,0.72814,0.92619,0.9352,0.59832,0.84185,0.9937,0.66342,0.75801,0.59531,0.79167,58.14,0.9864,live,0.5107,0.6011,270.64,450.21
167781.981133,120.0,0.3024,4,2,0,0.57109,0.79722,0.52812,0.79444,0.50391,0.78056,0.48750,0.77222,0.47344,0.76528,0.51719,0.71667,0.49766,0.69861,0.47969,0.68889,0.46172,0.68472,0.52500,0.71528,0.50391,0.69167,0.48281,0.68333,0.46563,0.68194,0.53281,0.72778,0.51250,0.70556,0.49219,0.70139,0.47656,0.70417,0.53750,0.75278,0.51719,0.74583,0.50234,0.74861,0.49141,0.75417,0.60720,0.68200,0.9998,0.71680,0.92710,0.9394,0.54589,0.80589,0.9939,0.64496,0.76585,0.57109,0.79722,65.99,0.9962,live,0.5321,0.6294,279.27,443.70
167782.046321,120.0,0.4328,4,2,0,0.55234,0.77639,0.50547,0.77500,0.48047,0.75972,0.46484,0.75139,0.45234,0.74306,0.48828,0.69444,0.46250,0.69861,0.44062,0.70556,0.42109,0.71250,0.49609,0.69028,0.46953,0.67778,0.44688,0.67639,0.42812,0.67917,0.50469,0.69861,0.47578,0.68472,0.45078,0.68611,0.43203,0.69306,0.51016,0.72500,0.48438,0.71944,0.46563,0.72639,0.45234,0.73889,0.60604,0.68067,0.9998,0.70142,0.92542,0.9427,0.51627,0.75321,0.9942,0.62643,0.76796,0.55234,0.77639,74.28,0.9966,live,0.5398,0.5750,255.24,443.93
167782.118225,120.0,0.5766,4,2,0,0.53750,0.75556,0.48828,0.74583,0.46016,0.72639,0.44062,0.71250,0.42344,0.70417,0.47422,0.65000,0.44844,0.64583,0.42578,0.64861,0.40625,0.65556,0.48438,0.64861,0.44844,0.64306,0.42344,0.65278,0.40469,0.66389,0.49375,0.66250,0.45859,0.65556,0.43438,0.66944,0.41641,0.68750,0.50234,0.69444,0.47656,0.68750,0.45859,0.69861,0.44453,0.71250,0.60561,0.68078,0.9998,0.69547,0.92001,0.9459,0.51186,0.72717,0.9945,0.60865,0.76548,0.53750,0.75556,81.23,0.9982,live,0.5162,0.4085,183.48,449.14
167782.180441,120.0,0.7010,4,2,0,0.52969,0.73194,0.48359,0.73333,0.45547,0.70833,0.43672,0.69306,0.41875,0.68472,0.47109,0.62639,0.43750,0.62361,0.41484,0.63333,0.39844,0.64861,0.48359,0.62778,0.44219,0.61806,0.41641,0.63472,0.39922,0.65278,0.49609,0.64444,0.45859,0.63750,0.43359,0.65694,0.41641,0.67500,0.50469,0.67639,0.47813,0.67361,0.46016,0.68611,0.44688,0.69722,0.60431,0.67939,0.9998,0.68876,0.91742,0.9481,0.50936,0.70533,0.9948,0.59285,0.75877,0.52969,0.73194,77.38,0.9966,live,0.4878,0.3585,161.69,450.96
167782.251765,120.0,0.8437,4,2,0,0.54531,0.74028,0.50000,0.73750,0.46953,0.71389,0.44844,0.69861,0.43203,0.68333,0.48906,0.63194,0.45469,0.63333,0.43281,0.64167,0.41719,0.65139,0.50078,0.63472,0.46016,0.62917,0.43516,0.64306,0.41875,0.65694,0.51172,0.65278,0.47500,0.64722,0.45156,0.66528,0.43516,0.68194,0.51953,0.68472,0.49531,0.68194,0.47891,0.69167,0.46719,0.70139,0.60614,0.67843,0.9998,0.69302,0.91797,0.9519,0.52165,0.71398,0.9952,0.58335,0.75507,0.54531,0.74028,76.86,0.9964,live,0.4587,0.3259,147.38,452.18
167782.315210,120.0,0.9706,4,2,0,0.57266,0.76111,0.53125,0.76250,0.49922,0.74583,0.47578,0.73056,0.45547,0.71111,0.51875,0.66528,0.48750,0.65694,0.46719,0.67083,0.45312,0.68750,0.53359,0.66528,0.50078,0.65556,0.47734,0.67083,0.46250,0.68889,0.54922,0.68333,0.51797,0.67500,0.49531,0.69028,0.47891,0.70556,0.56250,0.71389,0.54141,0.71389,0.52578,0.72361,0.51406,0.73333,0.60637,0.68688,0.9998,0.70928,0.92745,0.9546,0.55327,0.72539,0.9954,0.58121,0.75628,0.57266,0.76111,71.31,0.9946,live,0.4299,0.2987,134.20,449.26
167782.385089,120.0,0.1103,4,3,0,0.57266,0.76111,0.53125,0.76250,0.49922,0.74583,0.47578,0.73056,0.45547,0.71111,0.51875,0.66528,0.48750,0.65694,0.46719,0.67083,0.45312,0.68750,0.53359,0.66528,0.50078,0.65556,0.47734,0.67083,0.46250,0.68889,0.54922,0.68333,0.51797,0.67500,0.49531,0.69028,0.47891,0.70556,0.56250,0.71389,0.54141,0.71389,0.52578,0.72361,0.51406,0.73333,0.60468,0.69462,0.9998,0.72001,0.92694,0.9557,0.64103,0.80200,0.9952,0.58121,0.75628,0.57266,0.76111,71.31,0.5967,hold,0.4299,0.2987,134.20,449.26
