timestamp,bpm,beat_phase,meter_beats,beat_in_bar,is_downbeat,lm_0_x,lm_0_y,lm_1_x,lm_1_y,lm_2_x,lm_2_y,lm_3_x,lm_3_y,lm_4_x,lm_4_y,lm_5_x,lm_5_y,lm_6_x,lm_6_y,lm_7_x,lm_7_y,lm_8_x,lm_8_y,lm_9_x,lm_9_y,lm_10_x,lm_10_y,lm_11_x,lm_11_y,lm_12_x,lm_12_y,lm_13_x,lm_13_y,lm_14_x,lm_14_y,lm_15_x,lm_15_y,lm_16_x,lm_16_y,lm_17_x,lm_17_y,lm_18_x,lm_18_y,lm_19_x,lm_19_y,lm_20_x,lm_20_y,right_shoulder_x,right_shoulder_y,right_shoulder_conf,right_elbow_x,right_elbow_y,right_elbow_conf,right_wrist_x,right_wrist_y,right_wrist_conf,wrist_x,wrist_y,raw_wrist_x,raw_wrist_y,hand_scale_px,confidence,tracking_mode,dynamics_intensity,dynamics_raw_intensity,dynamics_span_px,dynamics_reference_span_px
147794.436227,60.0,0.0028,4,1,1,-1,-1,-1,-1,-1,-1,-1,-1,-1,-1,-1,-1,-1,-1,-1,-1,-1,-1,-1,-1,-1,-1,-1,-1,-1,-1,-1,-1,-1,-1,-1,-1,-1,-1,-1,-1,-1,-1,-1,-1,-1,-1,0.65853,0.73966,0.9996,0.74519,1.00000,0.5297,0.73710,1.00000,0.0888,-1,-1,-1,-1,-1,0.0000,lost,0.3435,0.0000,0.00,712.17
147794.502740,60.0,0.0694,4,1,1,-1,-1,-1,-1,-1,-1,-1,-1,-1,-1,-1,-1,-1,-1,-1,-1,-1,-1,-1,-1,-1,-1,-1,-1,-1,-1,-1,-1,-1,-1,-1,-1,-1,-1,-1,-1,-1,-1,-1,-1,-1,-1,0.65850,0.73906,0.9996,0.73788,1.00000,0.5341,0.72614,1.00000,0.0874,-1,-1,-1,-1,-1,0.0000,lost,0.3460,0.0000,0.00,712.17
147794.569333,60.0,0.1359,4,1,1,-1,-1,-1,-1,-1,-1,-1,-1,-1,-1,-1,-1,-1,-1,-1,-1,-1,-1,-1,-1,-1,-1,-1,-1,-1,-1,-1,-1,-1,-1,-1,-1,-1,-1,-1,-1,-1,-1,-1,-1,-1,-1,0.65674,0.74208,0.9996,0.73013,1.00000,0.5389,0.72270,1.00000,0.0886,-1,-1,-1,-1,-1,0.0000,lost,0.3484,0.0000,0.00,712.17
147794.635873,60.0,0.2025,4,1,1,-1,-1,-1,-1,-1,-1,-1,-1,-1,-1,-1,-1,-1,-1,-1,-1,-1,-1,-1,-1,-1,-1,-1,-1,-1,-1,-1,-1,-1,-1,-1,-1,-1,-1,-1,-1,-1,-1,-1,-1,-1,-1,0.65672,0.74045,0.9995,0.73411,1.00000,0.5387,0.73877,1.00000,0.0884,-1,-1,-1,-1,-1,0.0000,lost,0.3505,0.0000,0.00,712.17
147794.701965,60.0,0.2686,4,1,1,-1,-1,-1,-1,-1,-1,-1,-1,-1,-1,-1,-1,-1,-1,-1,-1,-1,-1,-1,-1,-1,-1,-1,-1,-1,-1,-1,-1,-1,-1,-1,-1,-1,-1,-1,-1,-1,-1,-1,-1,-1,-1,0.65085,0.73427,0.9993,0.72833,1.00000,0.5300,0.74341,1.00000,0.0858,-1,-1,-1,-1,-1,0.0000,lost,0.3505,0.0000,0.00,712.17
147794.769262,60.0,0.3359,4,1,1,0.72969,0.90278,0.69922,0.85833,0.68516,0.79167,0.70312,0.75139,0.72734,0.72639,0.72578,0.68611,0.73984,0.62778,0.73750,0.65139,0.73359,0.69028,0.75859,0.69861,0.77891,0.62083,0.77031,0.65417,0.76094,0.69722,0.78516,0.72639,0.80859,0.65556,0.79922,0.68611,0.78828,0.72639,0.80781,0.77083,0.81719,0.72222,0.80937,0.73750,0.80156,0.76250,0.65652,0.73779,0.9993,0.73455,1.00000,0.5458,0.74555,0.91271,0.1749,0.72969,0.90278,0.72969,0.90278,141.76,0.9958,live,0.3505,0.0000,0.00,728.78
147794.835586,60.0,0.4022,4,1,1,0.71016,0.78750,0.68359,0.69167,0.67969,0.61944,0.68750,0.56389,0.69609,0.51528,0.70937,0.56667,0.71172,0.50278,0.71094,0.46389,0.71172,0.42917,0.73281,0.57500,0.74219,0.51389,0.74453,0.47500,0.74453,0.43750,0.75391,0.59583,0.76875,0.54583,0.77422,0.50000,0.77578,0.46250,0.77031,0.62778,0.78594,0.58333,0.79063,0.54722,0.79219,0.51111,0.65090,0.73880,0.9994,0.77398,1.00000,0.5695,0.74549,0.74430,0.2568,0.72578,0.87972,0.71016,0.78750,135.67,0.9446,live,0.3505,0.0235,17.34,739.01
147794.902536,60.0,0.4692,4,1,1,0.70234,0.61389,0.66797,0.52083,0.66094,0.45000,0.67344,0.39028,0.68281,0.33889,0.68984,0.39028,0.68906,0.33194,0.68281,0.29861,0.67578,0.26667,0.71172,0.38750,0.71484,0.32500,0.70859,0.28889,0.69922,0.25556,0.73125,0.39861,0.73828,0.33750,0.73359,0.30278,0.72422,0.28056,0.75234,0.41944,0.76016,0.36389,0.75938,0.33056,0.75313,0.30694,0.63698,0.74670,0.9994,0.77002,1.00000,0.6015,0.73015,0.58652,0.3310,0.72109,0.82656,0.70234,0.61389,140.47,0.9523,live,0.3505,0.0745,55.97,751.46
147794.969159,60.0,0.5358,4,1,1,0.69453,0.51250,0.65547,0.42500,0.64766,0.35833,0.65391,0.29583,0.66328,0.25000,0.67344,0.30972,0.67109,0.25278,0.66563,0.21667,0.66094,0.17778,0.69375,0.30417,0.69453,0.24306,0.68984,0.20417,0.68437,0.16528,0.71250,0.30694,0.71641,0.25139,0.71328,0.21389,0.70703,0.18611,0.73125,0.32361,0.73672,0.26944,0.73516,0.23889,0.72969,0.21250,0.62763,0.74561,0.9995,0.77689,0.96276,0.6325,0.71574,0.47205,0.3975,0.71578,0.76374,0.69453,0.51250,129.26,0.9429,live,0.3505,0.1348,101.67,754.36
147795.035684,60.0,0.6023,4,1,1,0.68672,0.43889,0.64766,0.36389,0.63750,0.30278,0.64219,0.24167,0.65234,0.19583,0.66094,0.24861,0.65703,0.19861,0.65234,0.16389,0.64687,0.12778,0.68125,0.23889,0.68125,0.18333,0.67656,0.14861,0.66875,0.11667,0.70000,0.24306,0.70391,0.18889,0.69922,0.15417,0.69063,0.12917,0.72031,0.25833,0.72344,0.20694,0.72109,0.17639,0.71484,0.14722,0.62560,0.74425,0.9995,0.77782,0.89798,0.6580,0.70354,0.42472,0.4574,0.70997,0.69877,0.68672,0.43889,124.58,0.9614,live,0.3505,0.1978,149.04,753.53
147795.102214,60.0,0.6688,4,1,1,0.67500,0.39306,0.63828,0.34028,0.62578,0.27917,0.63047,0.22083,0.63828,0.17917,0.65000,0.22222,0.64609,0.17361,0.63984,0.14444,0.63359,0.11528,0.66953,0.21389,0.66797,0.16111,0.66172,0.12917,0.65234,0.10000,0.68750,0.21806,0.68984,0.16250,0.68516,0.13194,0.67734,0.10694,0.70547,0.23056,0.70937,0.18472,0.70625,0.15417,0.70000,0.12500,0.61716,0.74348,0.9994,0.77531,0.85395,0.6830,0.68728,0.40123,0.5113,0.70297,0.63763,0.67500,0.39306,112.72,0.9781,live,0.3505,0.2606,193.94,744.27
147795.169450,60.0,0.7361,4,1,1,0.66641,0.37917,0.62891,0.33194,0.61719,0.27222,0.61953,0.21389,0.62578,0.17361,0.63984,0.22222,0.63438,0.17361,0.62891,0.14444,0.62187,0.11528,0.65859,0.21389,0.65547,0.16111,0.64922,0.12917,0.63906,0.09861,0.67578,0.21667,0.67656,0.16250,0.67031,0.13056,0.66094,0.10556,0.69453,0.22639,0.69609,0.18056,0.69375,0.15139,0.68672,0.12361,0.61673,0.73643,0.9994,0.76997,0.83943,0.7057,0.67989,0.40130,0.5599,0.69566,0.58594,0.66641,0.37917,105.81,0.9764,live,0.3505,0.3177,232.25,731.14
147795.236498,60.0,0.8031,4,1,1,0.65859,0.37778,0.62266,0.33472,0.61016,0.27639,0.61172,0.22083,0.61875,0.18056,0.63203,0.23056,0.62734,0.18194,0.62031,0.15417,0.61250,0.12778,0.65000,0.22083,0.64687,0.16944,0.63984,0.13611,0.62969,0.10972,0.66719,0.22222,0.66719,0.16944,0.66094,0.13750,0.65156,0.11250,0.68437,0.23056,0.68594,0.18472,0.68203,0.15556,0.67422,0.13056,0.61270,0.73642,0.9994,0.76107,0.82759,0.7229,0.67332,0.39208,0.6036,0.68825,0.54431,0.65859,0.37778,100.72,0.9796,live,0.3505,0.3681,263.49,715.92
147795.302726,60.0,0.8693,4,1,1,0.65312,0.38750,0.61875,0.34861,0.60625,0.29306,0.60859,0.23889,0.61562,0.20000,0.62656,0.24583,0.62266,0.20139,0.61641,0.17222,0.61016,0.14722,0.64453,0.23611,0.64297,0.18611,0.63516,0.15556,0.62500,0.13056,0.66250,0.23750,0.66328,0.18611,0.65703,0.15417,0.64687,0.13194,0.67969,0.24444,0.68203,0.20000,0.67812,0.17222,0.67109,0.14861,0.61229,0.73949,0.9994,0.75461,0.83172,0.7397,0.66966,0.40630,0.6429,0.68122,0.51294,0.65312,0.38750,98.39,0.9820,live,0.3612,0.4102,287.45,700.84
147795.369411,60.0,0.9360,4,1,1,0.64844,0.41667,0.61406,0.37639,0.60313,0.31944,0.60547,0.26389,0.61172,0.22222,0.62578,0.27639,0.62187,0.23056,0.61484,0.20278,0.60703,0.17778,0.64375,0.26667,0.64141,0.21806,0.63281,0.18750,0.62109,0.16389,0.66094,0.26806,0.66094,0.21667,0.65312,0.18611,0.64297,0.16389,0.67812,0.27500,0.67891,0.23056,0.67344,0.20278,0.66406,0.18056,0.60797,0.74455,0.9994,0.74700,0.83901,0.7565,0.66995,0.42620,0.6783,0.67467,0.49369,0.64844,0.41667,97.28,0.9725,live,0.3710,0.4158,285.54,686.78
147795.436401,60.0,0.0030,4,2,0,0.64375,0.46250,0.61250,0.42361,0.60000,0.36667,0.60234,0.31250,0.60625,0.27083,0.62344,0.31944,0.61797,0.27222,0.61094,0.24583,0.60234,0.22361,0.64219,0.30972,0.63906,0.25972,0.63047,0.22917,0.61875,0.20833,0.65938,0.31250,0.65859,0.25972,0.65156,0.23194,0.64141,0.21389,0.67656,0.32222,0.67812,0.27639,0.67266,0.25000,0.66328,0.23056,0.60661,0.74892,0.9995,0.74468,0.89471,0.7726,0.66469,0.44265,0.7100,0.66848,0.48745,0.64375,0.46250,98.42,0.9802,live,0.3710,0.3751,253.27,675.23
147795.502793,60.0,0.0694,4,2,0,0.64453,0.52083,0.61562,0.48889,0.60391,0.43056,0.60469,0.37917,0.61016,0.34028,0.62813,0.36806,0.62422,0.32083,0.61641,0.29583,0.60703,0.27500,0.64766,0.36389,0.64531,0.31111,0.63750,0.28472,0.62656,0.26806,0.66563,0.37222,0.66563,0.32083,0.65938,0.29583,0.64922,0.27917,0.68359,0.39028,0.68594,0.34583,0.68125,0.31944,0.67266,0.30139,0.60928,0.75938,0.9995,0.74426,0.96386,0.7910,0.66480,0.51340,0.7389,0.66369,0.49413,0.64453,0.52083,101.08,0.9873,live,0.3609,0.3146,209.81,666.98
147795.569476,60.0,0.1361,4,2,0,0.65234,0.58194,0.62500,0.55556,0.61328,0.51389,0.61406,0.47222,0.61484,0.43472,0.63906,0.44306,0.63516,0.40000,0.62891,0.38056,0.62266,0.36528,0.66016,0.44583,0.66094,0.39722,0.65469,0.37917,0.64609,0.36528,0.67734,0.46111,0.68203,0.41528,0.67734,0.39583,0.67109,0.38472,0.69531,0.48611,0.70234,0.45000,0.70000,0.42917,0.69297,0.41250,0.61058,0.77169,0.9995,0.73839,1.00000,0.8060,0.66459,0.62169,0.7649,0.66142,0.51169,0.65234,0.58194,91.64,0.9600,live,0.3412,0.2517,164.35,652.92
147795.636314,60.0,0.2029,4,2,0,0.67812,0.59167,0.65312,0.57778,0.63438,0.55139,0.62266,0.53472,0.61406,0.52500,0.65547,0.51944,0.65000,0.48750,0.64375,0.48056,0.63672,0.48194,0.67656,0.52778,0.67812,0.48750,0.67344,0.48056,0.66641,0.48889,0.69453,0.54861,0.70391,0.51250,0.70078,0.50694,0.69375,0.51250,0.70937,0.57778,0.72188,0.56944,0.72266,0.56528,0.71875,0.56667,0.61070,0.78386,0.9995,0.74040,1.00000,0.8123,0.67296,0.72909,0.7877,0.66476,0.52769,0.67812,0.59167,56.90,0.9112,live,0.3150,0.1958,120.50,615.54
147795.702737,60.0,0.2694,4,2,0,0.67891,0.64028,0.65625,0.64861,0.63906,0.64028,0.63359,0.63333,0.63281,0.61667,0.66094,0.58333,0.65781,0.55833,0.65078,0.55417,0.64219,0.55556,0.68203,0.58750,0.68672,0.55139,0.67734,0.55000,0.66797,0.56528,0.70000,0.60694,0.71250,0.57639,0.70625,0.57778,0.69766,0.59028,0.71484,0.63472,0.73125,0.62639,0.73203,0.63056,0.72578,0.64028,0.61250,0.78384,0.9995,0.73549,1.00000,0.8165,0.67757,0.78736,0.8084,0.66759,0.55020,0.67891,0.64028,52.42,0.9770,live,0.2842,0.1439,83.36,579.42
147795.769722,60.0,0.3363,4,2,0,0.66328,0.73472,0.63984,0.72222,0.62734,0.69167,0.63047,0.66944,0.63906,0.64583,0.65703,0.62778,0.66328,0.58472,0.65703,0.57222,0.64922,0.58194,0.68047,0.63611,0.69531,0.58056,0.68594,0.57361,0.67266,0.59861,0.69922,0.66389,0.71797,0.61667,0.71250,0.60556,0.70156,0.62083,0.71328,0.70278,0.73438,0.67917,0.73594,0.66667,0.72813,0.66806,0.61144,0.78689,0.9995,0.72350,1.00000,0.8174,0.68110,0.82054,0.8266,0.66673,0.58711,0.66328,0.73472,77.44,0.9875,live,0.2584,0.1406,79.55,565.64
147795.836830,60.0,0.4034,4,2,0,0.66016,0.78889,0.63281,0.76944,0.62031,0.71944,0.62578,0.68056,0.64062,0.64861,0.65625,0.64167,0.66328,0.59583,0.66172,0.57639,0.65469,0.58611,0.68281,0.64861,0.69688,0.59306,0.69219,0.57917,0.68047,0.60417,0.70078,0.67500,0.72031,0.62361,0.71641,0.60972,0.70469,0.63056,0.71562,0.71806,0.73516,0.68750,0.73672,0.67222,0.72891,0.67778,0.61132,0.79275,0.9995,0.72269,1.00000,0.8186,0.68098,0.81999,0.8430,0.66542,0.62746,0.66016,0.78889,98.11,0.9957,live,0.2448,0.1829,103.95,568.40
147795.902929,60.0,0.4695,4,2,0,0.66094,0.79583,0.63594,0.76389,0.62578,0.71250,0.63047,0.67639,0.64297,0.64306,0.66016,0.63333,0.66563,0.59028,0.66250,0.57083,0.65547,0.57778,0.68437,0.64167,0.69609,0.58472,0.69063,0.57222,0.67891,0.59306,0.70312,0.66806,0.72109,0.61528,0.71719,0.60278,0.70547,0.61806,0.71719,0.71111,0.73828,0.68056,0.73906,0.66389,0.73047,0.66528,0.61095,0.79881,0.9995,0.72143,1.00000,0.8186,0.68131,0.81938,0.8577,0.66452,0.66114,0.66094,0.79583,104.59,0.9956,live,0.2402,0.2193,126.20,575.50
147795.969603,60.0,0.5362,4,2,0,0.66094,0.79028,0.63672,0.75556,0.62656,0.70278,0.63359,0.66528,0.64453,0.63056,0.66250,0.62361,0.66563,0.58194,0.66328,0.56250,0.65781,0.57083,0.68672,0.63194,0.69766,0.57500,0.69297,0.56111,0.68047,0.58472,0.70547,0.65694,0.72344,0.60694,0.71953,0.59444,0.70703,0.61250,0.71953,0.70000,0.73984,0.67222,0.74062,0.65278,0.73203,0.65556,0.60951,0.79944,0.9995,0.72492,1.00000,0.8194,0.68207,0.81535,0.8709,0.66380,0.68697,0.66094,0.79028,107.34,0.9945,live,0.2402,0.2466,143.93,583.72
147796.036332,60.0,0.6029,4,2,0,0.66172,0.78889,0.63750,0.75000,0.62813,0.69583,0.63438,0.65833,0.64844,0.62361,0.66406,0.61806,0.66797,0.57500,0.66563,0.55556,0.65938,0.56389,0.68828,0.62639,0.70078,0.56944,0.69453,0.55694,0.68203,0.58056,0.70703,0.65278,0.72578,0.60278,0.72031,0.58889,0.70781,0.60694,0.72031,0.69583,0.74062,0.66389,0.74062,0.64583,0.73125,0.64861,0.60490,0.79926,0.9995,0.72342,1.00000,0.8173,0.68411,0.80935,0.8828,0.66339,0.70735,0.66172,0.78889,109.16,0.9960,live,0.2452,0.2678,158.59,592.27
147796.102990,60.0,0.6696,4,2,0,0.66250,0.79167,0.63828,0.74861,0.62813,0.69444,0.63359,0.65694,0.64844,0.62083,0.66484,0.61944,0.67031,0.57361,0.66719,0.55694,0.66094,0.56944,0.68828,0.62778,0.70156,0.56806,0.69609,0.55556,0.68437,0.57639,0.70703,0.65278,0.72578,0.60139,0.72266,0.58750,0.71016,0.60833,0.72188,0.69306,0.74219,0.65694,0.74141,0.63889,0.72891,0.64861,0.60328,0.79917,0.9995,0.71924,1.00000,0.8156,0.68561,0.80717,0.8933,0.66321,0.72421,0.66250,0.79167,110.19,0.9928,live,0.2452,0.2551,153.22,600.54
147796.169555,60.0,0.7362,4,2,0,0.66172,0.79167,0.63750,0.74722,0.62734,0.69167,0.63359,0.65417,0.64922,0.61944,0.66406,0.61528,0.67031,0.57083,0.66719,0.55556,0.65938,0.56667,0.68750,0.62361,0.70000,0.56528,0.69531,0.55417,0.68437,0.57500,0.70625,0.65000,0.72422,0.59861,0.72109,0.58611,0.70859,0.60556,0.72109,0.69028,0.74062,0.65417,0.73984,0.63889,0.72734,0.65000,0.60219,0.79663,0.9995,0.71264,1.00000,0.8162,0.68556,0.80661,0.9033,0.66291,0.73770,0.66172,0.79167,112.16,0.9930,live,0.2452,0.2484,151.33,609.23
147796.237167,60.0,0.8038,4,2,0,0.65312,0.78750,0.62969,0.74444,0.61953,0.69167,0.62422,0.65694,0.63750,0.62222,0.65625,0.61389,0.66484,0.56806,0.66016,0.55556,0.65078,0.57083,0.67969,0.62222,0.69453,0.56389,0.68750,0.55556,0.67422,0.58056,0.69844,0.64861,0.71797,0.59583,0.71172,0.58611,0.69922,0.60833,0.71406,0.68889,0.73594,0.65278,0.73281,0.64028,0.72188,0.65278,0.60197,0.79622,0.9995,0.70972,1.00000,0.8195,0.68030,0.80556,0.9121,0.66095,0.74766,0.65312,0.78750,111.48,0.9874,live,0.2452,0.2311,142.42,616.39
147796.302926,60.0,0.8695,4,2,0,0.63359,0.78889,0.61094,0.74722,0.59766,0.69583,0.60078,0.65972,0.61250,0.63056,0.63594,0.61528,0.64609,0.56528,0.63672,0.55556,0.62500,0.57222,0.65859,0.62361,0.67188,0.56389,0.66016,0.55694,0.64609,0.58194,0.67812,0.65000,0.69609,0.59444,0.68672,0.59167,0.67578,0.61528,0.69453,0.68889,0.71484,0.65000,0.70703,0.64444,0.69297,0.66111,0.60187,0.79584,0.9995,0.70231,1.00000,0.8215,0.66270,0.80316,0.9203,0.65548,0.75591,0.63359,0.78889,111.56,0.9873,live,0.2364,0.1965,122.39,622.75
147796.369885,60.0,0.9365,4,2,0,0.60781,0.79722,0.58281,0.75556,0.56563,0.70556,0.56484,0.66944,0.57031,0.63611,0.59922,0.62778,0.60391,0.56667,0.58437,0.56667,0.56797,0.58333,0.61875,0.63750,0.62578,0.56806,0.60313,0.56944,0.58672,0.59167,0.63672,0.65972,0.65078,0.59444,0.63203,0.59722,0.61719,0.61806,0.65391,0.69444,0.66953,0.64722,0.65703,0.64306,0.64297,0.65694,0.60187,0.79692,0.9995,0.69080,1.00000,0.8308,0.62218,0.80168,0.9279,0.64595,0.76417,0.60781,0.79722,104.47,0.9823,live,0.2232,0.1629,101.53,623.23
147796.436471,60.0,0.0031,4,3,0,0.58906,0.80139,0.55937,0.75694,0.54141,0.70556,0.53125,0.66944,0.52187,0.63472,0.56250,0.62778,0.54531,0.56944,0.52109,0.57500,0.50469,0.59167,0.57734,0.63472,0.56094,0.56806,0.53203,0.57917,0.51406,0.60278,0.59297,0.65417,0.58828,0.59306,0.56016,0.60278,0.54141,0.62222,0.60938,0.68472,0.61250,0.64306,0.59219,0.64444,0.57422,0.65556,0.59208,0.79344,0.9995,0.67653,1.00000,0.8419,0.57856,0.79518,0.9347,0.63457,0.77161,0.58906,0.80139,102.77,0.9746,live,0.2151,0.1784,111.04,622.44
147796.502762,60.0,0.0694,4,3,0,0.54844,0.78889,0.51641,0.73750,0.49766,0.68333,0.48672,0.64583,0.47422,0.61667,0.51641,0.61667,0.49297,0.56389,0.46563,0.56667,0.44688,0.57778,0.52969,0.62639,0.50313,0.56528,0.47109,0.57639,0.45078,0.59861,0.54297,0.64861,0.52344,0.59167,0.49062,0.60278,0.46953,0.62361,0.55625,0.68194,0.54531,0.64028,0.52187,0.63889,0.50391,0.65000,0.58965,0.78148,0.9995,0.67471,1.00000,0.8533,0.54125,0.77834,0.9410,0.61734,0.77507,0.54844,0.78889,99.26,0.9914,live,0.2060,0.1645,101.86,619.21
147796.569801,60.0,0.1364,4,3,0,0.51094,0.77778,0.47031,0.73889,0.44453,0.69444,0.42656,0.66250,0.40937,0.63472,0.46094,0.61528,0.43828,0.56250,0.41172,0.56806,0.39219,0.57917,0.47734,0.61944,0.45312,0.55417,0.42188,0.56944,0.40313,0.59028,0.49453,0.63750,0.47656,0.57639,0.44375,0.59167,0.42344,0.60972,0.51172,0.66528,0.49844,0.62222,0.47344,0.62222,0.45547,0.63194,0.58242,0.77837,0.9994,0.64728,1.00000,0.8575,0.50610,0.75307,0.9459,0.59606,0.77561,0.51094,0.77778,102.63,0.9960,live,0.1978,0.1603,99.20,618.80
147796.636454,60.0,0.2031,4,3,0,0.48125,0.76250,0.44219,0.73750,0.41406,0.69306,0.39687,0.66389,0.38203,0.63472,0.43125,0.61250,0.41250,0.55417,0.38516,0.55694,0.36328,0.57222,0.44609,0.61528,0.42891,0.54444,0.39766,0.55972,0.37812,0.58611,0.46250,0.62778,0.45000,0.56389,0.41797,0.57639,0.39844,0.59722,0.47969,0.65278,0.46875,0.60417,0.44453,0.60833,0.42812,0.62361,0.57785,0.76127,0.9994,0.64098,1.00000,0.8610,0.48373,0.71244,0.9505,0.57310,0.77299,0.48125,0.76250,97.04,0.9945,live,0.1978,0.1971,121.13,614.41
147796.703021,60.0,0.2696,4,3,0,0.47344,0.75000,0.43281,0.72361,0.40469,0.68056,0.38750,0.65139,0.37109,0.62222,0.42344,0.60278,0.40156,0.55278,0.37578,0.55417,0.35313,0.56389,0.43828,0.60417,0.41875,0.53889,0.38828,0.54861,0.36797,0.56806,0.45391,0.61667,0.43984,0.55278,0.40859,0.56250,0.38750,0.58056,0.47031,0.64028,0.45703,0.59167,0.43359,0.59167,0.41641,0.60139,0.57796,0.76227,0.9994,0.64312,1.00000,0.8677,0.48592,0.71792,0.9548,0.55317,0.76839,0.47344,0.75000,95.74,0.9963,live,0.2044,0.2347,143.10,609.62
147796.769853,60.0,0.3365,4,3,0,0.47031,0.74583,0.43359,0.72361,0.40625,0.67639,0.38906,0.64583,0.37266,0.61528,0.42422,0.59861,0.40234,0.55000,0.37500,0.54861,0.35234,0.55833,0.43906,0.59861,0.41875,0.53056,0.38750,0.54028,0.36641,0.56111,0.45547,0.60972,0.43906,0.54583,0.40703,0.55694,0.38750,0.57500,0.47109,0.63194,0.45625,0.58472,0.43125,0.58611,0.41484,0.59583,0.57366,0.76298,0.9994,0.64614,1.00000,0.8740,0.48631,0.71386,0.9587,0.53660,0.76388,0.47031,0.74583,95.31,0.9956,live,0.2154,0.2652,160.44,605.08
147796.836679,60.0,0.4033,4,3,0,0.47734,0.74167,0.43906,0.71944,0.41094,0.67222,0.39453,0.64028,0.37812,0.61250,0.42891,0.59583,0.40781,0.54583,0.38359,0.54583,0.36172,0.55694,0.44375,0.59444,0.42344,0.52917,0.39297,0.54028,0.37266,0.55833,0.46016,0.60417,0.44453,0.54028,0.41406,0.55278,0.39531,0.57222,0.47578,0.62500,0.46406,0.57778,0.44062,0.58056,0.42422,0.59444,0.57067,0.77097,0.9993,0.64628,1.00000,0.8760,0.49018,0.71689,0.9617,0.52475,0.75944,0.47734,0.74167,95.98,0.9959,live,0.2291,0.2917,175.50,601.58
147796.903203,60.0,0.4698,4,3,0,0.48281,0.73889,0.44609,0.71528,0.41953,0.66944,0.40234,0.64028,0.38828,0.60972,0.43750,0.59444,0.41875,0.53611,0.39375,0.54028,0.37344,0.55833,0.45156,0.59583,0.43359,0.52361,0.40391,0.53889,0.38516,0.56389,0.46797,0.60694,0.45547,0.53889,0.42500,0.55139,0.40625,0.57083,0.48438,0.62917,0.47422,0.57639,0.45078,0.57778,0.43359,0.59028,0.57518,0.76323,0.9993,0.64718,1.00000,0.8811,0.49134,0.71078,0.9647,0.51636,0.75533,0.48281,0.73889,93.40,0.9943,live,0.2381,0.2791,166.52,596.64
147796.970050,60.0,0.5367,4,3,0,0.49375,0.74028,0.45781,0.71667,0.43047,0.67361,0.41484,0.64306,0.40156,0.61250,0.44688,0.59444,0.42812,0.54167,0.40391,0.54583,0.38281,0.56111,0.46328,0.59583,0.44766,0.52500,0.42031,0.53750,0.40234,0.55972,0.48125,0.60833,0.47031,0.54306,0.44297,0.55278,0.42500,0.57083,0.50000,0.63194,0.48984,0.58333,0.46875,0.58611,0.45234,0.59722,0.57506,0.76847,0.9993,0.65141,1.00000,0.8883,0.49235,0.71178,0.9679,0.51184,0.75232,0.49375,0.74028,95.89,0.9959,live,0.2431,0.2659,157.99,594.09
147797.036752,60.0,0.6034,4,3,0,0.51016,0.74722,0.47578,0.71667,0.45000,0.67500,0.43516,0.64306,0.42344,0.61250,0.46797,0.59722,0.45312,0.54444,0.43125,0.54583,0.41172,0.55972,0.48438,0.59722,0.47344,0.53056,0.44688,0.54028,0.42891,0.56250,0.50234,0.61111,0.49688,0.54306,0.47031,0.55417,0.45156,0.57500,0.52109,0.63472,0.51562,0.58611,0.49531,0.58750,0.47969,0.60278,0.57508,0.76959,0.9994,0.66152,1.00000,0.8960,0.51632,0.72878,0.9709,0.51150,0.75130,0.51016,0.74722,97.26,0.9961,live,0.2431,0.2304,136.61,592.82
147797.103039,60.0,0.6697,4,3,0,0.53828,0.75000,0.50781,0.72083,0.48359,0.67917,0.46875,0.64861,0.46250,0.61667,0.50313,0.59861,0.49062,0.54583,0.46875,0.54583,0.45078,0.55833,0.51875,0.60000,0.51328,0.52778,0.48750,0.53750,0.46953,0.55972,0.53672,0.61389,0.53750,0.54306,0.51250,0.55278,0.49531,0.57361,0.55469,0.63889,0.55547,0.58750,0.53750,0.58750,0.52187,0.60139,0.57758,0.77538,0.9994,0.67243,1.00000,0.9026,0.54213,0.72688,0.9735,0.51686,0.75104,0.53828,0.75000,95.90,0.9952,live,0.2328,0.1857,109.68,590.73
147797.170139,60.0,0.7368,4,3,0,0.57578,0.75000,0.54688,0.71667,0.52578,0.66806,0.51484,0.63194,0.51250,0.60000,0.54609,0.59028,0.54375,0.53333,0.52500,0.53472,0.50859,0.54861,0.56406,0.59167,0.56484,0.52361,0.54219,0.52917,0.52656,0.54861,0.58203,0.60417,0.58906,0.53889,0.56875,0.54444,0.55391,0.56250,0.59922,0.62917,0.60859,0.58333,0.59609,0.58194,0.58359,0.59306,0.58513,0.78841,0.9994,0.68600,1.00000,0.9079,0.57777,0.72720,0.9759,0.52864,0.75083,0.57578,0.75000,100.42,0.9839,live,0.2153,0.1359,80.44,592.14
147797.236873,60.0,0.8035,4,3,0,0.62187,0.75139,0.59219,0.71667,0.57266,0.67222,0.56797,0.63333,0.57969,0.60556,0.60000,0.58194,0.60781,0.53056,0.59688,0.52361,0.58437,0.53889,0.61953,0.58333,0.63047,0.52083,0.61797,0.51528,0.60391,0.53472,0.63828,0.60000,0.65156,0.54444,0.64141,0.53750,0.62969,0.55278,0.65547,0.63333,0.66719,0.59722,0.66328,0.58611,0.65703,0.58750,0.59645,0.78961,0.9995,0.72858,1.00000,0.9058,0.63619,0.73553,0.9772,0.54729,0.75094,0.62187,0.75139,105.38,0.9831,live,0.1931,0.0918,54.81,596.96
147797.303589,60.0,0.8702,4,3,0,0.67109,0.75972,0.63984,0.71528,0.62578,0.65833,0.63203,0.61389,0.64297,0.57917,0.64766,0.57917,0.65547,0.53472,0.66797,0.52639,0.68125,0.53472,0.66641,0.58472,0.67500,0.53472,0.68672,0.52361,0.69844,0.52778,0.68281,0.60278,0.69375,0.55833,0.70391,0.54861,0.71484,0.55417,0.69844,0.63611,0.71172,0.60694,0.72266,0.59722,0.73281,0.59167,0.60791,0.79086,0.9995,0.75472,1.00000,0.9030,0.69357,0.74715,0.9785,0.57205,0.75270,0.67109,0.75972,108.01,0.9554,live,0.1816,0.1294,78.07,603.09
147797.370350,60.0,0.9370,4,3,0,0.70937,0.75833,0.68437,0.71528,0.67500,0.65694,0.68594,0.61667,0.70391,0.58750,0.70312,0.57917,0.71641,0.53333,0.72813,0.52361,0.73984,0.53333,0.72266,0.59028,0.73906,0.54028,0.75156,0.53056,0.76172,0.53611,0.73906,0.61389,0.75625,0.56944,0.76875,0.55833,0.77969,0.56250,0.75391,0.65000,0.76875,0.61667,0.77969,0.60278,0.78828,0.59583,0.61317,0.80451,0.9995,0.75475,1.00000,0.9030,0.72913,0.75405,0.9803,0.59951,0.75383,0.70937,0.75833,107.67,0.9864,live,0.1816,0.1855,112.83,608.24
147797.436999,60.0,0.0036,4,4,0,0.74297,0.76250,0.72109,0.71250,0.71328,0.65278,0.72969,0.61528,0.75234,0.59306,0.74531,0.58472,0.75859,0.53611,0.77344,0.52917,0.78750,0.54028,0.76797,0.59444,0.78203,0.54167,0.79609,0.53333,0.80859,0.54444,0.78672,0.61806,0.80234,0.57361,0.81563,0.56111,0.82734,0.56389,0.80234,0.65278,0.81797,0.62500,0.82969,0.61250,0.83984,0.60833,0.61391,0.80819,0.9995,0.76413,1.00000,0.9015,0.76522,0.75462,0.9819,0.62821,0.75556,0.74297,0.76250,112.68,0.9500,live,0.1926,0.2424,149.42,616.38
147797.503638,60.0,0.0703,4,4,0,0.76562,0.75972,0.74453,0.71528,0.74141,0.65833,0.76172,0.62222,0.78359,0.60000,0.77578,0.58611,0.78750,0.54583,0.80078,0.53472,0.81016,0.54583,0.80156,0.59444,0.81563,0.54167,0.82734,0.53472,0.83281,0.55694,0.82109,0.61667,0.83906,0.56806,0.85156,0.55694,0.85625,0.57361,0.83672,0.65278,0.85703,0.62222,0.86797,0.61111,0.87422,0.61944,0.61469,0.80975,0.9995,0.76350,1.00000,0.8961,0.78142,0.75955,0.9829,0.65569,0.75639,0.76562,0.75972,116.01,0.9377,live,0.2110,0.2949,184.60,625.95
147797.570073,60.0,0.1367,4,4,0,0.77812,0.76944,0.75781,0.71944,0.75625,0.66528,0.77734,0.62778,0.80000,0.60556,0.78906,0.59722,0.80234,0.55278,0.81797,0.54306,0.82969,0.55417,0.81641,0.60694,0.83203,0.55000,0.84531,0.54028,0.85156,0.55833,0.83594,0.62917,0.85469,0.58194,0.86719,0.57083,0.87109,0.58889,0.85078,0.66389,0.87187,0.63194,0.88438,0.62083,0.88906,0.63056,0.61742,0.81037,0.9995,0.75009,1.00000,0.8936,0.78755,0.76026,0.9841,0.68018,0.75900,0.77812,0.76944,116.04,0.9424,live,0.2343,0.3405,215.98,634.39
147797.637019,60.0,0.2036,4,4,0,0.77969,0.77222,0.76250,0.72500,0.76328,0.67083,0.78359,0.63611,0.80625,0.60833,0.79688,0.60278,0.81094,0.56111,0.82422,0.55000,0.83516,0.56111,0.82188,0.61389,0.83828,0.56111,0.85156,0.55139,0.85859,0.56667,0.83984,0.63750,0.86016,0.59306,0.87266,0.58056,0.87813,0.59722,0.85313,0.67361,0.87422,0.64306,0.88750,0.63056,0.89453,0.64028,0.61782,0.81027,0.9996,0.74203,1.00000,0.8895,0.79217,0.76066,0.9852,0.70008,0.76165,0.77969,0.77222,114.04,0.9622,live,0.2581,0.3664,234.65,640.36
147797.703541,60.0,0.2702,4,4,0,0.78125,0.77639,0.76406,0.72778,0.76641,0.67500,0.78828,0.63889,0.81172,0.61250,0.80000,0.60417,0.81484,0.56528,0.82969,0.55278,0.83906,0.56389,0.82578,0.61806,0.84297,0.56667,0.85547,0.55833,0.85859,0.57500,0.84375,0.64167,0.86484,0.59722,0.87656,0.58611,0.87734,0.60556,0.85703,0.67917,0.87891,0.64722,0.89219,0.63611,0.89687,0.64583,0.61819,0.81033,0.9996,0.75354,1.00000,0.8905,0.79451,0.76116,0.9860,0.71631,0.76460,0.78125,0.77639,116.04,0.9614,live,0.2785,0.3716,240.42,647.07
147797.770231,60.0,0.3368,4,4,0,0.78125,0.77917,0.76406,0.73333,0.76641,0.67917,0.78906,0.64583,0.81094,0.61806,0.80078,0.60972,0.81484,0.57222,0.82891,0.55833,0.83984,0.56528,0.82656,0.62361,0.84375,0.57083,0.85703,0.56111,0.86172,0.57778,0.84453,0.64722,0.86562,0.60139,0.87813,0.59167,0.88125,0.60833,0.85781,0.68472,0.87891,0.65000,0.89141,0.63889,0.89766,0.64722,0.61834,0.81069,0.9996,0.74710,1.00000,0.8903,0.79464,0.76944,0.9867,0.72930,0.76751,0.78125,0.77917,115.19,0.9681,live,0.2927,0.3576,233.28,652.36
147797.837171,60.0,0.4038,4,4,0,0.78047,0.78194,0.76484,0.73472,0.76719,0.68056,0.78906,0.64444,0.81250,0.61667,0.80000,0.60972,0.81484,0.57083,0.82812,0.55694,0.83906,0.56667,0.82578,0.62361,0.84375,0.57222,0.85625,0.56250,0.86250,0.57778,0.84375,0.64861,0.86562,0.60556,0.87813,0.59306,0.88203,0.61111,0.85703,0.68611,0.87891,0.65278,0.89141,0.63889,0.89766,0.64861,0.61829,0.80863,0.9996,0.74595,1.00000,0.8920,0.79493,0.76925,0.9875,0.73953,0.77040,0.78047,0.78194,116.41,0.9776,live,0.2988,0.3264,214.76,657.89
147797.903532,60.0,0.4701,4,4,0,0.78047,0.78056,0.76406,0.73194,0.76641,0.67917,0.78984,0.64444,0.81250,0.61806,0.80000,0.60833,0.81328,0.57083,0.82734,0.55694,0.83906,0.56389,0.82578,0.62083,0.84219,0.57222,0.85391,0.55972,0.86094,0.57361,0.84453,0.64722,0.86406,0.60278,0.87578,0.59167,0.88047,0.60833,0.85781,0.68333,0.87891,0.65000,0.89219,0.63750,0.89766,0.64583,0.61828,0.80856,0.9996,0.75752,1.00000,0.8928,0.79427,0.76670,0.9883,0.74772,0.77243,0.78047,0.78056,117.04,0.9584,live,0.3062,0.3397,225.31,663.21
147797.970353,60.0,0.5370,4,4,0,0.78047,0.78056,0.76406,0.73333,0.76719,0.67917,0.78984,0.64306,0.81328,0.61667,0.79922,0.60833,0.81250,0.57083,0.82656,0.55694,0.83984,0.56250,0.82500,0.62083,0.84141,0.57222,0.85391,0.56111,0.86250,0.57222,0.84297,0.64722,0.86328,0.60278,0.87500,0.59028,0.88047,0.60694,0.85625,0.68333,0.87734,0.65139,0.89062,0.63750,0.89844,0.64583,0.61838,0.80992,0.9996,0.75787,1.00000,0.8922,0.79498,0.76643,0.9889,0.75427,0.77405,0.78047,0.78056,116.27,0.9642,live,0.2947,0.2426,161.91,667.34
147798.037838,60.0,0.6045,4,4,0,0.78047,0.78056,0.76406,0.73333,0.76719,0.67917,0.78984,0.64444,0.81328,0.61944,0.79922,0.60833,0.81172,0.57083,0.82578,0.55694,0.83906,0.56250,0.82500,0.62083,0.84062,0.57222,0.85313,0.56111,0.86172,0.57083,0.84297,0.64722,0.86328,0.60417,0.87500,0.59167,0.88125,0.60694,0.85625,0.68333,0.87734,0.65139,0.89062,0.63750,0.89766,0.64444,0.61677,0.81038,0.9997,0.75261,1.00000,0.8874,0.79404,0.76715,0.9892,0.75951,0.77535,0.78047,0.78056,116.27,0.9705,live,0.2775,0.1991,133.59,670.97
147798.103756,60.0,0.6704,4,4,0,0.77969,0.77778,0.76406,0.73056,0.76797,0.67639,0.79141,0.64028,0.81563,0.61667,0.80000,0.60694,0.81328,0.57083,0.82656,0.55556,0.83906,0.56111,0.82578,0.62083,0.84297,0.57222,0.85469,0.55833,0.86250,0.56806,0.84375,0.64583,0.86484,0.60278,0.87656,0.58889,0.88125,0.60556,0.85625,0.68194,0.87891,0.64861,0.89219,0.63472,0.89766,0.64306,0.61611,0.81039,0.9997,0.75041,1.00000,0.8892,0.79372,0.76852,0.9898,0.76355,0.77584,0.77969,0.77778,115.76,0.9771,live,0.2563,0.1594,107.40,673.81
147798.170737,60.0,0.7374,4,4,0,0.77891,0.77500,0.76250,0.72917,0.76562,0.67500,0.78984,0.64028,0.81328,0.61667,0.79922,0.60556,0.81094,0.56944,0.82500,0.55417,0.83828,0.55556,0.82500,0.61806,0.83984,0.57083,0.85313,0.55694,0.86172,0.56667,0.84297,0.64306,0.86250,0.60139,0.87500,0.58750,0.88125,0.60139,0.85625,0.67917,0.87734,0.64722,0.88984,0.63472,0.89687,0.64167,0.61605,0.81034,0.9997,0.74958,1.00000,0.8888,0.79354,0.76845,0.9903,0.76662,0.77567,0.77891,0.77500,115.77,0.9517,live,0.2330,0.1268,85.78,676.31
147798.237897,60.0,0.8045,4,4,0,0.77422,0.76111,0.75703,0.71667,0.75625,0.66389,0.77656,0.62778,0.80000,0.60556,0.78984,0.59444,0.80000,0.55972,0.81406,0.54722,0.82812,0.55139,0.81563,0.60556,0.82969,0.55556,0.84297,0.54583,0.85000,0.56250,0.83437,0.63056,0.85234,0.58611,0.86562,0.57500,0.87031,0.59028,0.84688,0.66667,0.86719,0.63611,0.88047,0.62778,0.88516,0.63750,0.61452,0.81029,0.9997,0.74325,1.00000,0.8894,0.78858,0.76725,0.9908,0.76814,0.77276,0.77422,0.76111,112.60,0.9690,live,0.2088,0.0988,66.83,676.22
147798.303887,60.0,0.8705,4,4,0,0.75703,0.74167,0.73750,0.69583,0.73359,0.64167,0.75391,0.60833,0.77656,0.58611,0.77109,0.57361,0.77969,0.53611,0.79297,0.52639,0.80469,0.53611,0.79531,0.58333,0.80937,0.52917,0.82188,0.52083,0.82812,0.54167,0.81328,0.60833,0.83203,0.56111,0.84375,0.55278,0.84688,0.57083,0.82656,0.64722,0.85000,0.62222,0.86328,0.61528,0.86953,0.62361,0.61290,0.80935,0.9997,0.74320,1.00000,0.8894,0.78105,0.75795,0.9912,0.76592,0.76654,0.75703,0.74167,111.76,0.9486,live,0.1846,0.0743,50.16,675.54
147798.370699,60.0,0.9373,4,4,0,0.73125,0.70694,0.71406,0.65833,0.71094,0.60833,0.72500,0.57361,0.73984,0.54306,0.74375,0.53056,0.75313,0.49028,0.76328,0.48194,0.77031,0.49444,0.76797,0.54167,0.78359,0.48750,0.79063,0.47778,0.78828,0.49583,0.78672,0.56806,0.80859,0.52222,0.81094,0.51389,0.79844,0.53611,0.80078,0.60694,0.82578,0.58472,0.82969,0.57639,0.81953,0.58611,0.61156,0.80954,0.9997,0.73585,1.00000,0.8900,0.76801,0.72040,0.9917,0.75898,0.75462,0.73125,0.70694,115.46,0.9741,live,0.1619,0.0585,39.67,677.60
147798.437442,60.0,0.0041,4,1,1,0.70859,0.64583,0.68906,0.59861,0.68594,0.54861,0.69766,0.51667,0.70937,0.48611,0.71641,0.47639,0.72422,0.42500,0.72109,0.41389,0.71406,0.43194,0.73750,0.48333,0.75000,0.42222,0.74531,0.41111,0.73281,0.43333,0.75469,0.50694,0.77187,0.45278,0.76562,0.44583,0.75313,0.46944,0.76797,0.54583,0.78906,0.51944,0.78438,0.51389,0.77031,0.53056,0.61089,0.80864,0.9997,0.73678,1.00000,0.8919,0.72851,0.65298,0.9920,0.74891,0.73286,0.70859,0.64583,108.15,0.9827,live,0.1436,0.0601,40.50,674.16
147798.503999,60.0,0.0706,4,1,1,0.69297,0.59028,0.67188,0.54306,0.66250,0.49306,0.66328,0.45139,0.66484,0.41250,0.68672,0.41528,0.68437,0.36389,0.67500,0.34028,0.66484,0.33333,0.70312,0.41667,0.70703,0.35278,0.69766,0.33333,0.68594,0.33472,0.71797,0.43472,0.72656,0.37639,0.71484,0.37222,0.70156,0.38333,0.73125,0.46667,0.74141,0.43194,0.72891,0.42778,0.71406,0.44028,0.60551,0.79794,0.9997,0.74885,0.97260,0.8951,0.70056,0.56184,0.9924,0.73772,0.70435,0.69297,0.59028,105.37,0.9527,live,0.1351,0.0965,64.54,669.13
147798.570829,60.0,0.1374,4,1,1,0.66094,0.52500,0.63125,0.45417,0.62031,0.39861,0.62266,0.35139,0.62344,0.31250,0.64766,0.33889,0.63906,0.29028,0.63125,0.25833,0.62500,0.22917,0.66563,0.33750,0.66406,0.28611,0.65781,0.25278,0.65000,0.22500,0.68125,0.35139,0.68594,0.30556,0.68047,0.27500,0.67266,0.25556,0.69609,0.37917,0.70156,0.34306,0.69766,0.32083,0.68906,0.30694,0.59953,0.79024,0.9997,0.74757,0.92697,0.8943,0.67129,0.48073,0.9925,0.72236,0.66848,0.66094,0.52500,113.22,0.9568,live,0.1351,0.1447,97.00,670.35
147798.637591,60.0,0.2042,4,1,1,0.64297,0.44861,0.60703,0.37778,0.59375,0.32083,0.59453,0.26806,0.59375,0.22222,0.61797,0.26944,0.60938,0.21667,0.60469,0.18333,0.60078,0.14861,0.63516,0.26528,0.63438,0.21250,0.63359,0.17500,0.63203,0.13889,0.65156,0.27361,0.65469,0.22639,0.65312,0.19167,0.64922,0.16389,0.66875,0.29028,0.67188,0.24722,0.66719,0.22083,0.66094,0.19583,0.59561,0.77727,0.9997,0.74025,0.85487,0.8918,0.65395,0.43084,0.9928,0.70648,0.62450,0.64297,0.44861,112.67,0.9459,live,0.1469,0.2005,134.54,671.03
147798.704133,60.0,0.2707,4,1,1,0.62969,0.37778,0.59297,0.31250,0.58203,0.25278,0.58281,0.19861,0.58359,0.15694,0.60469,0.20139,0.59688,0.15139,0.58984,0.11806,0.58516,0.08333,0.62109,0.19444,0.61797,0.14167,0.61250,0.10417,0.60703,0.07083,0.63594,0.19861,0.63594,0.15000,0.63047,0.11111,0.62422,0.07778,0.65156,0.21389,0.65312,0.16806,0.64844,0.13889,0.64219,0.11250,0.59300,0.77019,0.9997,0.73303,0.77664,0.8940,0.64540,0.36289,0.9932,0.69112,0.57516,0.62969,0.37778,111.34,0.9724,live,0.1673,0.2607,174.81,670.68
147798.770938,60.0,0.3376,4,1,1,0.61953,0.32083,0.58672,0.26667,0.57500,0.21111,0.57422,0.15833,0.57656,0.11806,0.59688,0.15833,0.59141,0.11250,0.58359,0.08472,0.57500,0.05556,0.61328,0.14861,0.61016,0.09583,0.60078,0.06250,0.58906,0.03472,0.62813,0.15000,0.62891,0.09722,0.62109,0.06667,0.61016,0.04444,0.64453,0.16250,0.64531,0.11806,0.63984,0.09167,0.62969,0.06944,0.59059,0.76287,0.9996,0.71945,0.72572,0.8991,0.63960,0.31239,0.9937,0.67681,0.52429,0.61953,0.32083,106.07,0.9652,live,0.1949,0.3206,213.71,666.56
147798.838757,60.0,0.4054,4,1,1,0.61562,0.29306,0.58359,0.25139,0.57109,0.19861,0.57031,0.14722,0.57266,0.10556,0.59297,0.14861,0.58750,0.10417,0.57969,0.07778,0.57031,0.05278,0.60938,0.13889,0.60625,0.08611,0.59688,0.05556,0.58516,0.03056,0.62422,0.14028,0.62500,0.08611,0.61719,0.05833,0.60625,0.03750,0.63984,0.15000,0.64141,0.10556,0.63516,0.07778,0.62578,0.05694,0.58598,0.75862,0.9996,0.71545,0.70078,0.9030,0.63418,0.30166,0.9941,0.66457,0.47805,0.61562,0.29306,96.71,0.9700,live,0.2270,0.3732,244.90,656.21
147798.904222,60.0,0.4708,4,1,1,0.61250,0.28889,0.58125,0.25139,0.56953,0.20000,0.56875,0.15139,0.57188,0.11250,0.59141,0.15417,0.58594,0.11250,0.57812,0.08889,0.56875,0.06389,0.60703,0.14306,0.60391,0.09444,0.59531,0.06528,0.58359,0.04167,0.62266,0.14306,0.62187,0.09167,0.61484,0.06389,0.60313,0.04306,0.63750,0.15000,0.63750,0.10833,0.63125,0.08333,0.62109,0.06389,0.58636,0.75523,0.9996,0.71484,0.68606,0.9055,0.63435,0.29478,0.9944,0.65416,0.44021,0.61250,0.28889,92.50,0.9715,live,0.2597,0.4086,263.15,644.06
147798.971046,60.0,0.5377,4,1,1,0.61094,0.29167,0.58125,0.25694,0.56953,0.20694,0.56797,0.15833,0.57031,0.12083,0.59219,0.16389,0.58594,0.12500,0.57734,0.10000,0.56875,0.07639,0.60703,0.15278,0.60313,0.10833,0.59453,0.07917,0.58281,0.05556,0.62187,0.15278,0.62109,0.10417,0.61328,0.07639,0.60234,0.05556,0.63750,0.15833,0.63750,0.11944,0.63203,0.09444,0.62266,0.07361,0.58657,0.75586,0.9996,0.71542,0.69395,0.9086,0.63350,0.29538,0.9947,0.64551,0.41051,0.61094,0.29167,88.80,0.9745,live,0.2892,0.4236,267.18,630.71
147799.037689,60.0,0.6043,4,1,1,0.61172,0.29722,0.58125,0.26111,0.57031,0.21389,0.56875,0.16667,0.57188,0.12917,0.59375,0.17361,0.58672,0.13472,0.57891,0.11111,0.56953,0.08750,0.60859,0.16250,0.60469,0.11806,0.59453,0.09028,0.58281,0.06667,0.62344,0.16111,0.62187,0.11528,0.61406,0.08750,0.60234,0.06667,0.63906,0.16667,0.63906,0.12639,0.63281,0.10139,0.62266,0.08056,0.58666,0.75585,0.9995,0.71584,0.70460,0.9098,0.63509,0.30725,0.9948,0.63875,0.38785,0.61172,0.29722,86.88,0.9716,live,0.3131,0.4222,260.72,617.58
147799.104178,60.0,0.6708,4,1,1,0.61328,0.30139,0.58203,0.26389,0.57109,0.21944,0.57031,0.17361,0.57344,0.13611,0.59453,0.18194,0.58750,0.14167,0.57891,0.11806,0.56953,0.09444,0.61016,0.17083,0.60469,0.12639,0.59531,0.09722,0.58203,0.07500,0.62500,0.16806,0.62187,0.12222,0.61406,0.09444,0.60234,0.07361,0.64062,0.17222,0.63984,0.13333,0.63359,0.10833,0.62344,0.08889,0.58738,0.75553,0.9995,0.71600,0.70871,0.9125,0.63604,0.31119,0.9951,0.63366,0.37056,0.61328,0.30139,85.54,0.9697,live,0.3290,0.4011,242.70,605.05
147799.171038,60.0,0.7377,4,1,1,0.61484,0.30556,0.58437,0.27083,0.57266,0.22500,0.57188,0.17778,0.57500,0.14167,0.59609,0.18611,0.58984,0.14583,0.58125,0.12222,0.57188,0.09861,0.61172,0.17500,0.60703,0.13056,0.59688,0.10278,0.58437,0.08056,0.62656,0.17361,0.62422,0.12639,0.61641,0.09861,0.60469,0.07917,0.64297,0.17778,0.64219,0.13889,0.63594,0.11389,0.62578,0.09583,0.58760,0.76124,0.9995,0.71670,0.71218,0.9153,0.63651,0.31443,0.9953,0.62990,0.35756,0.61484,0.30556,85.62,0.9718,live,0.3351,0.3632,215.76,594.09
147799.237819,60.0,0.8044,4,1,1,0.61562,0.31389,0.58516,0.28056,0.57422,0.23194,0.57344,0.18472,0.57656,0.14861,0.59844,0.19306,0.59141,0.15417,0.58281,0.13056,0.57422,0.10694,0.61328,0.18333,0.60859,0.13889,0.59922,0.10972,0.58672,0.08611,0.62891,0.18194,0.62578,0.13472,0.61797,0.10694,0.60625,0.08611,0.64453,0.18750,0.64453,0.14583,0.63828,0.12222,0.62813,0.10278,0.58774,0.76130,0.9995,0.71687,0.71555,0.9175,0.63667,0.31590,0.9956,0.62704,0.34882,0.61562,0.31389,85.29,0.9760,live,0.3351,0.3123,182.44,584.21
147799.304212,60.0,0.8708,4,1,1,0.61562,0.32917,0.58359,0.29306,0.57344,0.24306,0.57344,0.19583,0.57578,0.15833,0.59844,0.20417,0.59219,0.16389,0.58359,0.13889,0.57422,0.11667,0.61484,0.19306,0.60938,0.14861,0.60000,0.11944,0.58828,0.09722,0.62969,0.19167,0.62734,0.14444,0.61953,0.11806,0.60781,0.09861,0.64609,0.19861,0.64609,0.15833,0.63984,0.13472,0.62969,0.11667,0.58836,0.75986,0.9995,0.71732,0.72311,0.9176,0.63712,0.32376,0.9958,0.62476,0.34489,0.61562,0.32917,88.39,0.9694,live,0.3201,0.2516,145.34,577.74
147799.371037,60.0,0.9377,4,1,1,0.61406,0.35417,0.58437,0.32083,0.57266,0.26667,0.57266,0.21667,0.57422,0.17917,0.59766,0.22083,0.59219,0.18056,0.58359,0.15556,0.57344,0.13611,0.61406,0.21111,0.60938,0.16667,0.60000,0.13889,0.58750,0.11806,0.62969,0.21250,0.62734,0.16528,0.61953,0.13889,0.60781,0.12083,0.64531,0.22083,0.64609,0.17917,0.63984,0.15556,0.62969,0.13889,0.58838,0.76188,0.9994,0.71621,0.78011,0.9172,0.63733,0.35957,0.9958,0.62262,0.34675,0.61406,0.35417,91.57,0.9758,live,0.2969,0.1913,109.88,574.34
147799.437788,60.0,0.0044,4,2,0,0.61406,0.39444,0.58359,0.36111,0.57188,0.30417,0.57109,0.25417,0.57031,0.21389,0.59609,0.25417,0.59062,0.20833,0.58125,0.18472,0.57188,0.16528,0.61328,0.24722,0.60859,0.19722,0.59922,0.16944,0.58672,0.15000,0.62969,0.25000,0.62734,0.19861,0.61875,0.17083,0.60781,0.15278,0.64609,0.26111,0.64687,0.21806,0.63984,0.19444,0.62891,0.17778,0.58843,0.76694,0.9994,0.71663,0.83448,0.9147,0.63749,0.40606,0.9958,0.62091,0.35629,0.61406,0.39444,94.54,0.9688,live,0.2783,0.1935,110.97,573.49
147799.504403,60.0,0.0710,4,2,0,0.61250,0.45000,0.58437,0.42222,0.56953,0.36389,0.56797,0.31528,0.56641,0.27361,0.59609,0.30139,0.58984,0.25139,0.58047,0.22639,0.56953,0.20833,0.61406,0.29583,0.61250,0.23750,0.60234,0.20972,0.58906,0.20000,0.63125,0.30417,0.63359,0.24306,0.62422,0.21806,0.61094,0.20972,0.64766,0.32361,0.65156,0.27639,0.64297,0.25139,0.63047,0.24167,0.58829,0.77144,0.9994,0.71674,0.90879,0.9112,0.63621,0.45829,0.9959,0.61923,0.37503,0.61250,0.45000,97.37,0.9887,live,0.2464,0.1009,58.00,574.78
147799.570987,60.0,0.1376,4,2,0,0.61484,0.51111,0.58828,0.48611,0.57266,0.43750,0.57109,0.39444,0.57109,0.35556,0.60000,0.36528,0.59453,0.31389,0.58672,0.29306,0.57734,0.27917,0.61953,0.36667,0.62031,0.31111,0.61172,0.28750,0.60078,0.27778,0.63672,0.38472,0.64297,0.33194,0.63672,0.30972,0.62578,0.30000,0.65234,0.41528,0.65938,0.38333,0.65547,0.36667,0.64687,0.35694,0.59003,0.76834,0.9994,0.71752,0.94979,0.9103,0.63627,0.52763,0.9959,0.61835,0.40225,0.61484,0.51111,92.75,0.9736,live,0.2205,0.1024,58.66,572.59
147799.637903,60.0,0.2045,4,2,0,0.62734,0.65417,0.59922,0.61806,0.58047,0.56806,0.57812,0.52778,0.58281,0.49167,0.60859,0.48750,0.60469,0.44028,0.59688,0.41528,0.58750,0.40278,0.63203,0.48611,0.63516,0.42639,0.62891,0.41250,0.61875,0.41806,0.65156,0.50417,0.66172,0.45139,0.65547,0.44028,0.64453,0.44722,0.66719,0.53889,0.67578,0.50694,0.67109,0.49861,0.66328,0.50278,0.59342,0.78818,0.9995,0.71729,0.99750,0.9093,0.63506,0.62287,0.9957,0.62015,0.45263,0.62734,0.65417,106.14,0.9738,live,0.2056,0.1379,80.01,580.30
147799.704702,60.0,0.2713,4,2,0,0.63516,0.71111,0.61016,0.69444,0.59062,0.66111,0.58672,0.63333,0.59453,0.60417,0.61797,0.57083,0.61562,0.53472,0.60859,0.53333,0.60313,0.53611,0.64141,0.58056,0.64687,0.53472,0.64141,0.53472,0.63516,0.54861,0.66094,0.60972,0.67266,0.57083,0.66797,0.57500,0.65938,0.58750,0.67734,0.65278,0.68750,0.63750,0.68516,0.63611,0.67734,0.63889,0.60155,0.79100,0.9995,0.71675,1.00000,0.9056,0.63860,0.73379,0.9952,0.62315,0.50433,0.63516,0.71111,90.58,0.9644,live,0.2056,0.2010,115.74,575.88
147799.771288,60.0,0.3379,4,2,0,0.64219,0.72917,0.61641,0.72639,0.59844,0.71111,0.59531,0.69861,0.60313,0.68056,0.62422,0.64583,0.62422,0.61111,0.62031,0.60139,0.61641,0.60694,0.65000,0.65278,0.66094,0.60833,0.65703,0.60556,0.64844,0.62778,0.66875,0.67778,0.68594,0.64583,0.68594,0.65000,0.67969,0.67083,0.68437,0.71389,0.70000,0.70694,0.70312,0.70833,0.69922,0.71806,0.60820,0.79115,0.9994,0.71404,1.00000,0.8948,0.65237,0.80336,0.9946,0.62696,0.54929,0.64219,0.72917,66.63,0.9826,live,0.2165,0.2660,147.59,554.75
147799.837839,60.0,0.4045,4,2,0,0.63750,0.81806,0.60938,0.80417,0.59141,0.76111,0.59219,0.72917,0.60625,0.70278,0.62500,0.68056,0.62734,0.63889,0.62656,0.62361,0.62187,0.63056,0.65000,0.68750,0.66250,0.62778,0.66328,0.62778,0.65547,0.65972,0.67031,0.71389,0.68984,0.66250,0.69063,0.66806,0.68125,0.69583,0.68594,0.75278,0.70625,0.72917,0.70859,0.73333,0.70000,0.75000,0.60994,0.80008,0.9994,0.69458,1.00000,0.8979,0.65471,0.85324,0.9948,0.62907,0.60305,0.63750,0.81806,91.80,0.9890,live,0.2380,0.3363,186.38,554.28
147799.904828,60.0,0.4714,4,2,0,0.63359,0.83194,0.60625,0.80694,0.59062,0.76250,0.58984,0.73056,0.60469,0.70417,0.62344,0.68056,0.62578,0.64167,0.62500,0.62222,0.61875,0.63194,0.65000,0.68889,0.66563,0.63194,0.66172,0.62778,0.64922,0.65972,0.67109,0.71667,0.69063,0.66528,0.68672,0.66944,0.67422,0.70000,0.68672,0.75972,0.70703,0.73194,0.70391,0.73333,0.69141,0.75278,0.60956,0.80492,0.9994,0.69673,1.00000,0.8905,0.65723,0.84311,0.9942,0.62997,0.64883,0.63359,0.83194,99.89,0.9950,live,0.2653,0.3895,218.01,559.68
147799.971340,60.0,0.5380,4,2,0,0.63203,0.83056,0.60547,0.80278,0.58906,0.75833,0.58828,0.72778,0.60156,0.70278,0.62187,0.67500,0.62578,0.63472,0.62187,0.61667,0.61328,0.62778,0.64687,0.68472,0.66094,0.62639,0.65781,0.62222,0.64531,0.65139,0.66797,0.71250,0.68672,0.66250,0.68359,0.66389,0.67031,0.69028,0.68359,0.75556,0.70625,0.72778,0.70391,0.72361,0.69063,0.73889,0.61126,0.80993,0.9994,0.69676,1.00000,0.8813,0.65698,0.85198,0.9937,0.63038,0.68517,0.63203,0.83056,100.68,0.9946,live,0.2931,0.4200,237.30,565.01
147800.038224,60.0,0.6048,4,2,0,0.63047,0.82361,0.60469,0.79583,0.58828,0.75139,0.58672,0.72222,0.60000,0.69444,0.62031,0.66667,0.62422,0.62361,0.61875,0.60972,0.61016,0.61944,0.64531,0.67639,0.65703,0.61806,0.65312,0.61389,0.64141,0.64028,0.66563,0.70417,0.68359,0.65417,0.68125,0.65278,0.66797,0.67639,0.68125,0.74722,0.70234,0.71667,0.70000,0.71389,0.68516,0.72917,0.61335,0.81267,0.9994,0.69650,1.00000,0.8765,0.65774,0.83610,0.9931,0.63040,0.71286,0.63047,0.82361,100.95,0.9961,live,0.3174,0.4277,243.73,569.89
147800.104897,60.0,0.6715,4,2,0,0.63047,0.81667,0.60391,0.79028,0.58750,0.74444,0.58594,0.71667,0.59922,0.68750,0.61953,0.65972,0.62266,0.61528,0.61719,0.60139,0.60781,0.61528,0.64531,0.66944,0.65781,0.61111,0.65234,0.60694,0.64062,0.63333,0.66563,0.69861,0.68359,0.64722,0.68047,0.64583,0.66641,0.67083,0.68125,0.74306,0.70156,0.71111,0.69844,0.71111,0.68437,0.72639,0.61320,0.80681,0.9994,0.69613,1.00000,0.8730,0.65745,0.82884,0.9928,0.63041,0.73362,0.63047,0.81667,101.16,0.9956,live,0.3352,0.4163,239.09,574.34
147800.171640,60.0,0.7383,4,2,0,0.62891,0.81389,0.60234,0.78611,0.58594,0.74028,0.58516,0.71111,0.59844,0.68194,0.61875,0.65694,0.62266,0.61250,0.61719,0.59861,0.60625,0.61389,0.64375,0.66667,0.65703,0.60833,0.65391,0.60139,0.64141,0.62639,0.66406,0.69583,0.68281,0.64583,0.67969,0.64306,0.66484,0.66806,0.67969,0.73889,0.70156,0.70833,0.69844,0.70417,0.68281,0.71944,0.61109,0.80450,0.9994,0.69352,1.00000,0.8776,0.64824,0.82494,0.9932,0.63011,0.74967,0.62891,0.81389,100.93,0.9956,live,0.3416,0.3707,214.28,578.09
147800.238263,60.0,0.8049,4,2,0,0.62344,0.81111,0.59766,0.78333,0.58125,0.73750,0.57969,0.70972,0.59062,0.68056,0.61406,0.65417,0.61797,0.60694,0.61094,0.59444,0.59922,0.60972,0.63906,0.66250,0.65078,0.60278,0.64531,0.59861,0.63359,0.62500,0.65859,0.69028,0.67656,0.63611,0.67109,0.63889,0.65703,0.66667,0.67344,0.73333,0.69531,0.70278,0.69063,0.70000,0.67578,0.71806,0.61136,0.80344,0.9994,0.69327,1.00000,0.8826,0.64810,0.82279,0.9935,0.62878,0.76196,0.62344,0.81111,100.63,0.9931,live,0.3416,0.3196,185.73,581.17
147800.304537,60.0,0.8712,4,2,0,0.60703,0.81111,0.58203,0.78194,0.56641,0.73889,0.56563,0.70833,0.57266,0.67917,0.59844,0.65556,0.60313,0.60417,0.59297,0.59444,0.57969,0.60833,0.62344,0.66528,0.63750,0.60139,0.62500,0.60000,0.60859,0.62917,0.64297,0.69167,0.66328,0.63472,0.65234,0.63750,0.63672,0.66250,0.65938,0.73611,0.67969,0.70000,0.67188,0.69583,0.65625,0.70972,0.61130,0.80426,0.9995,0.69486,1.00000,0.8873,0.63462,0.82143,0.9938,0.62443,0.77179,0.60703,0.81111,100.72,0.9960,live,0.3416,0.3302,192.80,583.95
147800.371170,60.0,0.9378,4,2,0,0.58750,0.81528,0.56172,0.78472,0.54141,0.73889,0.53438,0.70694,0.54219,0.68750,0.57422,0.65417,0.57656,0.59861,0.55703,0.60000,0.54063,0.61528,0.59688,0.66667,0.60625,0.60278,0.58437,0.61111,0.56719,0.63611,0.61562,0.69583,0.63281,0.63611,0.61641,0.64861,0.60078,0.67083,0.63281,0.73750,0.65312,0.70000,0.64062,0.70694,0.62422,0.72500,0.60841,0.80783,0.9995,0.69184,1.00000,0.8938,0.61029,0.82086,0.9941,0.61704,0.78049,0.58750,0.81528,100.39,0.9955,live,0.3315,0.2855,167.34,586.16
147800.438055,60.0,0.0047,4,3,0,0.56094,0.81667,0.53359,0.77500,0.51328,0.73611,0.50391,0.70972,0.50234,0.68472,0.54219,0.65556,0.53516,0.60139,0.51172,0.60278,0.49297,0.61667,0.56328,0.66944,0.56016,0.60556,0.53281,0.61250,0.51250,0.63472,0.58125,0.69722,0.58437,0.64028,0.56250,0.64722,0.54453,0.66667,0.59844,0.73889,0.60703,0.71111,0.59219,0.70972,0.57578,0.71667,0.59846,0.80756,0.9995,0.68508,1.00000,0.8992,0.57696,0.81738,0.9945,0.60582,0.78772,0.56094,0.81667,97.99,0.9986,live,0.3040,0.1788,104.84,586.38
147800.505107,60.0,0.0717,4,3,0,0.53750,0.81667,0.50469,0.77639,0.48203,0.73472,0.46797,0.70556,0.45781,0.68056,0.50547,0.65694,0.48672,0.60694,0.46406,0.60417,0.44531,0.61111,0.52344,0.66389,0.50781,0.60417,0.47969,0.60694,0.45937,0.62500,0.54063,0.68750,0.53047,0.64028,0.50391,0.64861,0.48438,0.66528,0.55547,0.72500,0.55312,0.70139,0.53516,0.70556,0.51875,0.71667,0.59886,0.80269,0.9994,0.66430,1.00000,0.9007,0.54453,0.80620,0.9945,0.59216,0.79351,0.53750,0.81667,96.01,0.9983,live,0.2776,0.1574,92.10,585.14
147800.571476,60.0,0.1381,4,3,0,0.50781,0.79861,0.46563,0.76250,0.43906,0.72361,0.42031,0.69583,0.40313,0.67222,0.46484,0.62917,0.43516,0.60139,0.40859,0.60139,0.38594,0.60972,0.48359,0.63333,0.45547,0.58889,0.42422,0.59861,0.40078,0.61806,0.50078,0.65833,0.48125,0.61944,0.45156,0.63333,0.42969,0.65139,0.51250,0.69861,0.49844,0.68611,0.47734,0.69306,0.45937,0.70139,0.59258,0.78690,0.9994,0.64553,1.00000,0.9030,0.51101,0.77015,0.9942,0.57529,0.79453,0.50781,0.79861,101.98,0.9994,live,0.2557,0.1561,91.85,588.35
147800.638775,60.0,0.2054,4,3,0,0.47813,0.78194,0.43281,0.75694,0.40078,0.71528,0.38047,0.68750,0.36094,0.66528,0.42578,0.61528,0.39531,0.58889,0.36875,0.58750,0.34531,0.59583,0.44297,0.61667,0.40937,0.57639,0.37812,0.58750,0.35547,0.60556,0.45859,0.64028,0.43281,0.60278,0.40234,0.61528,0.37969,0.63333,0.47031,0.67917,0.45000,0.66111,0.42734,0.66944,0.41016,0.68194,0.58136,0.76902,0.9993,0.63070,1.00000,0.9012,0.47110,0.75254,0.9935,0.55586,0.79201,0.47813,0.78194,103.15,0.9993,live,0.2416,0.1774,105.03,592.01
147800.704957,60.0,0.2716,4,3,0,0.45312,0.76250,0.40781,0.74306,0.37500,0.70000,0.35391,0.67361,0.33203,0.65417,0.39766,0.60694,0.36875,0.56944,0.34141,0.57083,0.31875,0.58194,0.41328,0.60972,0.38047,0.56111,0.34766,0.57222,0.32500,0.59167,0.42891,0.63056,0.40078,0.58472,0.36953,0.59722,0.34844,0.61528,0.44141,0.66806,0.41953,0.64167,0.39609,0.65000,0.37891,0.66250,0.58060,0.76862,0.9993,0.60591,1.00000,0.9041,0.43384,0.72471,0.9937,0.53531,0.78611,0.45312,0.76250,98.68,0.9989,live,0.2363,0.2121,125.57,592.02
147800.771667,60.0,0.3383,4,3,0,0.43906,0.75000,0.39375,0.73333,0.36172,0.68750,0.34063,0.65833,0.31953,0.63611,0.38047,0.60556,0.35156,0.56111,0.32578,0.55972,0.30234,0.56806,0.39453,0.60556,0.36250,0.55000,0.33047,0.55972,0.30781,0.57778,0.41016,0.62083,0.38281,0.57222,0.35078,0.57917,0.32812,0.59444,0.42422,0.65139,0.40234,0.62500,0.37812,0.62917,0.36016,0.64028,0.57515,0.76939,0.9991,0.60530,1.00000,0.8948,0.42532,0.70840,0.9915,0.51606,0.77889,0.43906,0.75000,96.33,0.9985,live,0.2363,0.2476,146.17,590.33
147800.838318,60.0,0.4049,4,3,0,0.43125,0.74028,0.38516,0.72222,0.35234,0.67639,0.33125,0.64722,0.30938,0.62639,0.37266,0.59583,0.34375,0.55278,0.31641,0.55278,0.29375,0.56528,0.38750,0.59861,0.35391,0.54028,0.32266,0.55417,0.30078,0.57500,0.40234,0.61389,0.37344,0.56389,0.34141,0.57500,0.31875,0.59167,0.41484,0.64167,0.39141,0.61111,0.36641,0.61389,0.34766,0.62222,0.57598,0.77474,0.9989,0.59225,0.98971,0.8887,0.41104,0.69366,0.9903,0.49910,0.77117,0.43125,0.74028,95.48,0.9980,live,0.2431,0.2742,161.30,588.24
147800.905275,60.0,0.4719,4,3,0,0.42812,0.73472,0.38125,0.71389,0.34844,0.66944,0.32734,0.64306,0.30547,0.62083,0.37109,0.58611,0.34063,0.54583,0.31250,0.54861,0.28906,0.56250,0.38516,0.59028,0.34766,0.53472,0.31562,0.54861,0.29453,0.56806,0.39922,0.60556,0.36641,0.55833,0.33437,0.57083,0.31250,0.58750,0.40937,0.63472,0.38281,0.60278,0.35781,0.60556,0.33984,0.61528,0.57554,0.77483,0.9984,0.59064,0.99374,0.8753,0.40876,0.69015,0.9771,0.48490,0.76388,0.42812,0.73472,95.82,0.9982,live,0.2517,0.2908,170.57,586.64
147800.972058,60.0,0.5387,4,3,0,0.42656,0.73194,0.38047,0.71250,0.34766,0.66806,0.32578,0.64028,0.30391,0.61528,0.37188,0.58056,0.33984,0.54444,0.31172,0.54444,0.28828,0.55556,0.38594,0.58194,0.34609,0.53056,0.31406,0.54306,0.29219,0.56111,0.39844,0.59722,0.36328,0.55417,0.33125,0.56667,0.30938,0.58333,0.40781,0.62778,0.38047,0.59583,0.35547,0.60139,0.33672,0.61250,0.57586,0.78694,0.9981,0.58764,0.99695,0.8724,0.40840,0.68690,0.9778,0.47324,0.75749,0.42656,0.73194,96.34,0.9984,live,0.2592,0.2934,171.79,585.61
147801.039242,60.0,0.6059,4,3,0,0.42578,0.73056,0.38047,0.71111,0.34766,0.66528,0.32578,0.63889,0.30391,0.61389,0.37109,0.57500,0.33828,0.53889,0.31172,0.54028,0.28906,0.55278,0.38594,0.57639,0.34531,0.53056,0.31328,0.54444,0.29141,0.56111,0.39922,0.59167,0.36328,0.55000,0.33125,0.56389,0.30938,0.58056,0.40937,0.62222,0.38203,0.59306,0.35703,0.60000,0.33906,0.61111,0.57543,0.77063,0.9977,0.59037,0.98919,0.8681,0.40661,0.68088,0.9727,0.46374,0.75210,0.42578,0.73056,98.66,0.9986,live,0.2639,0.2851,167.18,586.37
147801.105326,60.0,0.6719,4,3,0,0.43047,0.72917,0.38438,0.70556,0.35234,0.66250,0.33047,0.63750,0.30703,0.61389,0.37500,0.57361,0.34219,0.53889,0.31562,0.54028,0.29297,0.55278,0.38984,0.57639,0.35078,0.53333,0.31875,0.54722,0.29609,0.56389,0.40313,0.59306,0.36875,0.55139,0.33672,0.56528,0.31484,0.58194,0.41328,0.62361,0.38672,0.59028,0.36172,0.59722,0.34375,0.60972,0.57797,0.76770,0.9979,0.59172,0.98330,0.8685,0.41019,0.68209,0.9734,0.45709,0.74752,0.43047,0.72917,98.55,0.9989,live,0.2639,0.2641,155.04,586.96
147801.172043,60.0,0.7387,4,3,0,0.43516,0.73056,0.39062,0.70972,0.35859,0.66250,0.33672,0.63750,0.31484,0.61389,0.38047,0.57222,0.34922,0.54028,0.32266,0.54167,0.29922,0.55278,0.39531,0.57500,0.35781,0.53194,0.32578,0.54583,0.30312,0.56389,0.40937,0.59167,0.37656,0.55000,0.34453,0.56389,0.32266,0.58056,0.42109,0.62361,0.39453,0.58889,0.37031,0.59583,0.35313,0.60972,0.58006,0.77911,0.9976,0.59243,0.98351,0.8648,0.41221,0.68316,0.9726,0.45270,0.74412,0.43516,0.73056,99.93,0.9984,live,0.2581,0.2319,136.46,588.48
147801.238445,60.0,0.8051,4,3,0,0.44297,0.73056,0.39922,0.70833,0.36719,0.66389,0.34609,0.63750,0.32578,0.61250,0.38984,0.57222,0.35859,0.53889,0.33281,0.54167,0.31016,0.55278,0.40391,0.57500,0.36797,0.53056,0.33594,0.54444,0.31328,0.56250,0.41719,0.59028,0.38516,0.54722,0.35391,0.56111,0.33281,0.57778,0.42812,0.62222,0.40391,0.59167,0.38125,0.59722,0.36406,0.60972,0.57829,0.77603,0.9973,0.60405,0.98720,0.8601,0.41856,0.68385,0.9717,0.45076,0.74141,0.44297,0.73056,99.12,0.9982,live,0.2581,0.2365,139.37,589.23
147801.305350,60.0,0.8720,4,3,0,0.45469,0.73333,0.41250,0.71111,0.38047,0.66667,0.35938,0.64028,0.33906,0.61528,0.40234,0.57361,0.37344,0.53889,0.34766,0.54167,0.32500,0.55278,0.41641,0.57500,0.38125,0.53194,0.34922,0.54444,0.32734,0.56250,0.43047,0.59167,0.39844,0.54861,0.36797,0.56389,0.34687,0.57917,0.44219,0.62222,0.41875,0.59583,0.39609,0.60278,0.38047,0.61389,0.57779,0.77522,0.9974,0.60517,0.98692,0.8571,0.43050,0.69274,0.9731,0.45154,0.73980,0.45469,0.73333,100.15,0.9983,live,0.2385,0.1493,88.20,590.63
147801.372174,60.0,0.9388,4,3,0,0.46563,0.74028,0.42578,0.71806,0.39531,0.67500,0.37578,0.64722,0.35703,0.62083,0.41172,0.59306,0.38672,0.55139,0.36094,0.55139,0.33906,0.56250,0.42734,0.59306,0.39844,0.53889,0.36797,0.55278,0.34844,0.57361,0.44375,0.60694,0.41953,0.55556,0.38828,0.57083,0.36875,0.58889,0.45937,0.63611,0.44062,0.60000,0.41719,0.60972,0.40000,0.62500,0.57262,0.77320,0.9975,0.61438,0.99003,0.8598,0.45182,0.69570,0.9745,0.45436,0.73989,0.46563,0.74028,96.78,0.9982,live,0.2157,0.1118,65.87,589.44
147801.438856,60.0,0.0055,4,4,0,0.48359,0.75000,0.44375,0.72500,0.41406,0.68333,0.39531,0.65556,0.37812,0.63194,0.43438,0.60139,0.41016,0.55694,0.38516,0.55694,0.36328,0.56944,0.45000,0.60417,0.42266,0.54861,0.39141,0.56250,0.37188,0.58333,0.46641,0.61944,0.44297,0.56389,0.41250,0.58194,0.39375,0.60417,0.48281,0.64861,0.46484,0.61111,0.44297,0.62222,0.42734,0.64028,0.56747,0.76813,0.9977,0.63183,0.99419,0.8671,0.47920,0.69926,0.9765,0.46021,0.74191,0.48359,0.75000,95.34,0.9978,live,0.1913,0.0801,47.02,587.35
147801.505750,60.0,0.0724,4,4,0,0.50703,0.76389,0.46953,0.73611,0.44062,0.69444,0.42266,0.66528,0.40703,0.64028,0.46016,0.61528,0.44141,0.56806,0.41797,0.56944,0.39766,0.58194,0.47734,0.61667,0.45937,0.55833,0.43125,0.57083,0.41250,0.59306,0.49531,0.63333,0.48203,0.57917,0.45469,0.59444,0.43594,0.61806,0.51328,0.66250,0.50156,0.62500,0.48125,0.63056,0.46563,0.64444,0.57335,0.77535,0.9978,0.64811,1.00000,0.8757,0.51162,0.72513,0.9784,0.46957,0.74631,0.50703,0.76389,96.19,0.9964,live,0.1665,0.0537,31.47,586.12
147801.572049,60.0,0.1387,4,4,0,0.54063,0.77083,0.50547,0.74028,0.47891,0.70000,0.46172,0.66944,0.45469,0.64167,0.49766,0.61667,0.48438,0.56528,0.46406,0.56667,0.44609,0.58056,0.51641,0.61944,0.50547,0.56250,0.47813,0.57222,0.45859,0.59306,0.53516,0.63750,0.52812,0.58056,0.50313,0.59306,0.48516,0.61667,0.55312,0.66944,0.55078,0.62917,0.53438,0.63194,0.52031,0.64583,0.57679,0.77659,0.9980,0.67236,1.00000,0.8841,0.54686,0.72935,0.9802,0.48378,0.75121,0.54063,0.77083,98.12,0.9973,live,0.1501,0.0753,44.15,586.43
147801.639606,60.0,0.2062,4,4,0,0.57578,0.77500,0.54688,0.74306,0.52344,0.69444,0.51172,0.66111,0.50703,0.63472,0.54375,0.61806,0.53906,0.56111,0.51953,0.56250,0.50234,0.58056,0.56172,0.62500,0.55859,0.55556,0.53672,0.56389,0.52031,0.58611,0.58047,0.64306,0.58203,0.58194,0.56250,0.59444,0.54766,0.61667,0.59922,0.67361,0.60469,0.63333,0.59297,0.63333,0.58203,0.64028,0.58890,0.79084,0.9982,0.68526,1.00000,0.8912,0.58586,0.74727,0.9818,0.50218,0.75597,0.57578,0.77500,97.53,0.9916,live,0.1436,0.1140,66.85,586.28
147801.705495,60.0,0.2721,4,4,0,0.62344,0.76667,0.59297,0.74028,0.57266,0.69861,0.56641,0.65972,0.57031,0.62917,0.59297,0.61250,0.59375,0.55556,0.58203,0.55417,0.57031,0.57083,0.60938,0.61250,0.61172,0.55556,0.59922,0.55556,0.58828,0.57639,0.62578,0.62500,0.63281,0.57500,0.62500,0.57917,0.61719,0.60000,0.64141,0.64861,0.64687,0.62083,0.64375,0.62222,0.64141,0.63333,0.59902,0.79928,0.9984,0.71860,1.00000,0.8928,0.63719,0.76014,0.9826,0.52643,0.75811,0.62344,0.76667,96.35,0.9509,live,0.1436,0.1670,97.76,585.29
147801.772293,60.0,0.3389,4,4,0,0.67344,0.76528,0.65156,0.72778,0.63672,0.67222,0.63828,0.63056,0.65547,0.60694,0.66953,0.59306,0.67422,0.55139,0.65859,0.54583,0.64453,0.55972,0.69219,0.59861,0.69844,0.54861,0.67969,0.54722,0.66484,0.56667,0.71250,0.61806,0.72031,0.57361,0.70469,0.58611,0.69453,0.61389,0.73125,0.65000,0.73672,0.61667,0.72344,0.63056,0.71484,0.65417,0.60763,0.79880,0.9985,0.75958,1.00000,0.8961,0.69417,0.76020,0.9836,0.55583,0.75954,0.67344,0.76528,111.67,0.9913,live,0.1586,0.2271,135.25,595.46
147801.839097,60.0,0.4057,4,4,0,0.72031,0.75972,0.69688,0.72361,0.68750,0.67917,0.69453,0.64306,0.70547,0.60833,0.70703,0.59444,0.71172,0.54722,0.71953,0.53611,0.72500,0.55556,0.73359,0.59583,0.74609,0.54306,0.75234,0.53611,0.75313,0.55833,0.75469,0.61250,0.77031,0.57361,0.77422,0.56528,0.77422,0.58333,0.77109,0.64583,0.78594,0.62639,0.79453,0.61806,0.80000,0.62361,0.60918,0.81390,0.9986,0.74802,1.00000,0.8971,0.73299,0.76081,0.9848,0.58873,0.75958,0.72031,0.75972,108.51,0.9750,live,0.1828,0.2926,176.18,602.13
147801.905728,60.0,0.4723,4,4,0,0.75625,0.76250,0.73594,0.71944,0.72734,0.66667,0.74062,0.63194,0.76250,0.60972,0.75703,0.59583,0.76641,0.55000,0.77969,0.54028,0.79453,0.54722,0.78047,0.60139,0.79453,0.55278,0.80781,0.54444,0.81953,0.55417,0.79844,0.62222,0.81563,0.57917,0.82812,0.57083,0.83984,0.57778,0.81328,0.65694,0.83125,0.63194,0.84453,0.62361,0.85625,0.62361,0.61317,0.81242,0.9987,0.74232,1.00000,0.8987,0.77527,0.75458,0.9858,0.62223,0.76016,0.75625,0.76250,107.46,0.9412,live,0.2137,0.3547,215.37,607.25
147801.975142,60.0,0.5418,4,4,0,0.78203,0.75556,0.76328,0.71250,0.76250,0.65833,0.78281,0.62361,0.80312,0.60278,0.78906,0.59167,0.79844,0.55000,0.81094,0.54028,0.82266,0.54861,0.81484,0.59861,0.82891,0.54861,0.84297,0.54028,0.85234,0.55417,0.83437,0.61944,0.85391,0.57500,0.86719,0.56528,0.87500,0.58056,0.84922,0.65278,0.87031,0.62361,0.88438,0.61389,0.89297,0.62083,0.61448,0.81287,0.9989,0.74492,1.00000,0.9028,0.79346,0.75411,0.9868,0.65419,0.75924,0.78203,0.75556,110.26,0.9574,live,0.2482,0.4051,248.65,613.76
147802.039093,60.0,0.6057,4,4,0,0.79844,0.75833,0.78047,0.71528,0.77969,0.66111,0.80000,0.62639,0.82109,0.60139,0.80937,0.59306,0.81797,0.55278,0.83125,0.54028,0.84297,0.55000,0.83516,0.60139,0.84844,0.55139,0.86172,0.53889,0.86953,0.55278,0.85391,0.62361,0.87187,0.58056,0.88672,0.56806,0.89375,0.58194,0.86719,0.66111,0.88906,0.63333,0.90234,0.62361,0.90938,0.63056,0.61815,0.81241,0.9990,0.74517,1.00000,0.9081,0.80093,0.74481,0.9879,0.68304,0.75906,0.79844,0.75833,110.85,0.9582,live,0.2829,0.4411,273.43,619.92
147802.105488,60.0,0.6721,4,4,0,0.80547,0.75694,0.78906,0.71944,0.78906,0.66806,0.80937,0.63194,0.83047,0.60000,0.81797,0.59722,0.82734,0.55972,0.83984,0.54583,0.85000,0.55278,0.84297,0.60556,0.85781,0.55417,0.87109,0.54306,0.87891,0.56111,0.86094,0.62778,0.88047,0.58333,0.89531,0.57361,0.90234,0.59167,0.87422,0.66389,0.89609,0.63611,0.90938,0.62778,0.91641,0.63611,0.62260,0.81255,0.9991,0.75473,1.00000,0.9125,0.80749,0.74030,0.9888,0.70753,0.75864,0.80547,0.75694,108.09,0.9526,live,0.3200,0.4889,304.75,623.35
147802.172670,60.0,0.7393,4,4,0,0.80859,0.75972,0.79141,0.71806,0.79219,0.66667,0.81406,0.63194,0.83672,0.60417,0.82109,0.59583,0.83281,0.55556,0.84531,0.54306,0.85625,0.55556,0.84688,0.60556,0.86250,0.55556,0.87578,0.54583,0.88516,0.56389,0.86484,0.62917,0.88516,0.58611,0.90000,0.57639,0.90859,0.59028,0.87813,0.66528,0.89922,0.63750,0.91250,0.62917,0.92188,0.63472,0.62182,0.81240,0.9991,0.75281,1.00000,0.9115,0.80849,0.74104,0.9895,0.72774,0.75885,0.80859,0.75972,110.23,0.9620,live,0.3451,0.4598,288.73,627.91
147802.239158,60.0,0.8058,4,4,0,0.80859,0.76111,0.79219,0.71944,0.79375,0.66806,0.81563,0.63333,0.83672,0.60278,0.82188,0.59583,0.83359,0.55417,0.84688,0.54306,0.85703,0.55417,0.84766,0.60556,0.86406,0.55694,0.87734,0.54583,0.88594,0.55972,0.86641,0.62917,0.88594,0.58611,0.90000,0.57639,0.90781,0.59167,0.87969,0.66667,0.90000,0.63889,0.91406,0.62778,0.92266,0.63472,0.62249,0.81296,0.9992,0.75565,1.00000,0.9137,0.81037,0.74087,0.9902,0.74391,0.75931,0.80859,0.76111,111.58,0.9687,live,0.3710,0.4889,309.43,632.90
147802.305485,60.0,0.8721,4,4,0,0.80703,0.75694,0.79141,0.71667,0.79297,0.66250,0.81328,0.62500,0.83516,0.59583,0.82031,0.59444,0.83047,0.55278,0.84219,0.54028,0.85391,0.55000,0.84531,0.60278,0.86016,0.55417,0.87266,0.54167,0.88203,0.55278,0.86406,0.62500,0.88359,0.58333,0.89687,0.57222,0.90469,0.58750,0.87656,0.66111,0.89766,0.63333,0.91094,0.62361,0.91875,0.63056,0.62269,0.81347,0.9993,0.75488,1.00000,0.9160,0.80872,0.74032,0.9908,0.75654,0.75883,0.80703,0.75694,109.68,0.9486,live,0.3876,0.4632,294.53,635.92
147802.372322,60.0,0.9389,4,4,0,0.80078,0.74167,0.78438,0.70139,0.78281,0.64861,0.80156,0.60972,0.82188,0.58056,0.81094,0.58056,0.81953,0.54028,0.83281,0.52639,0.84453,0.53750,0.83672,0.58750,0.85000,0.53472,0.86406,0.52361,0.87109,0.54167,0.85547,0.60972,0.87344,0.56111,0.88750,0.54861,0.89375,0.56250,0.86875,0.64444,0.88984,0.61250,0.90234,0.60139,0.90859,0.60833,0.62287,0.81454,0.9993,0.75446,1.00000,0.9169,0.80703,0.73259,0.9914,0.76538,0.75540,0.80078,0.74167,108.92,0.9608,live,0.3816,0.3544,226.14,638.03
147802.439091,60.0,0.0057,4,1,1,0.78672,0.71111,0.77031,0.67083,0.76797,0.61806,0.78359,0.57639,0.80000,0.54306,0.79531,0.54583,0.80234,0.50556,0.81328,0.49167,0.82344,0.49444,0.81953,0.55278,0.83125,0.50417,0.84375,0.49306,0.85313,0.50000,0.83828,0.57222,0.85391,0.52778,0.86484,0.51667,0.87266,0.53056,0.85234,0.60556,0.86797,0.57222,0.87969,0.55972,0.88750,0.56389,0.62167,0.81493,0.9994,0.75412,1.00000,0.9172,0.80608,0.71673,0.9920,0.76965,0.74654,0.78672,0.71111,109.75,0.9676,live,0.3816,0.3619,231.79,640.49
147802.505929,60.0,0.0725,4,1,1,0.76562,0.67222,0.75000,0.63056,0.74687,0.57778,0.75703,0.53194,0.76875,0.49028,0.76719,0.50139,0.77187,0.45556,0.77734,0.44167,0.78203,0.44861,0.79063,0.50833,0.79844,0.45694,0.80391,0.44444,0.80703,0.44583,0.80937,0.52639,0.82109,0.48056,0.82734,0.46111,0.82891,0.46667,0.82500,0.55972,0.83672,0.52361,0.84609,0.50556,0.85078,0.50278,0.61941,0.81479,0.9994,0.75522,1.00000,0.9191,0.79361,0.66229,0.9926,0.76885,0.73168,0.76562,0.67222,110.36,0.9861,live,0.3547,0.2319,149.12,643.09
147802.572762,60.0,0.1394,4,1,1,0.74062,0.62500,0.72031,0.57083,0.71875,0.51806,0.72656,0.47361,0.73594,0.44028,0.73594,0.44722,0.73594,0.40417,0.73672,0.38333,0.73906,0.37083,0.75938,0.45417,0.76328,0.40556,0.76562,0.38611,0.76484,0.36944,0.77578,0.47083,0.78438,0.42917,0.78750,0.40556,0.78750,0.39583,0.79219,0.50000,0.80078,0.46528,0.80391,0.44028,0.80469,0.42222,0.61477,0.81467,0.9994,0.75287,1.00000,0.9179,0.75889,0.63507,0.9930,0.76320,0.71034,0.74062,0.62500,111.62,0.9845,live,0.3331,0.2351,151.93,646.29
147802.639582,60.0,0.2062,4,1,1,0.71094,0.57361,0.68750,0.51806,0.68203,0.46250,0.69063,0.41250,0.69453,0.37222,0.70391,0.40139,0.70078,0.35556,0.69688,0.32778,0.69375,0.30278,0.72344,0.40000,0.72656,0.34861,0.72344,0.32083,0.71719,0.30278,0.73906,0.41111,0.74531,0.36250,0.74219,0.33611,0.73438,0.32500,0.75469,0.43194,0.76328,0.39028,0.76094,0.36528,0.75469,0.35139,0.61187,0.80692,0.9995,0.76109,0.97456,0.9192,0.72594,0.57316,0.9934,0.75275,0.68300,0.71094,0.57361,108.83,0.9659,live,0.3001,0.1494,96.65,647.09
147802.705937,60.0,0.2726,4,1,1,0.68281,0.52222,0.65156,0.46250,0.64141,0.40972,0.64609,0.35833,0.64766,0.31528,0.66641,0.34722,0.66016,0.30000,0.65312,0.27222,0.64687,0.24583,0.68516,0.34167,0.68281,0.29028,0.67578,0.25972,0.66719,0.23472,0.70078,0.35000,0.70312,0.30000,0.69844,0.27083,0.68906,0.25278,0.71719,0.36667,0.72109,0.32361,0.71797,0.29583,0.71016,0.27778,0.61006,0.79037,0.9995,0.76079,0.93074,0.9177,0.69235,0.50896,0.9937,0.73876,0.65084,0.68281,0.52222,111.15,0.9433,live,0.2723,0.1459,94.74,649.47
147802.772990,60.0,0.3396,4,1,1,0.65859,0.46944,0.62266,0.40556,0.61016,0.34861,0.61016,0.29583,0.61250,0.25556,0.63203,0.29306,0.62656,0.24583,0.61875,0.21806,0.61094,0.19028,0.65078,0.28472,0.64922,0.23333,0.64219,0.20139,0.63203,0.17083,0.66719,0.28889,0.66953,0.24028,0.66484,0.20972,0.65547,0.18611,0.68594,0.30556,0.68828,0.25972,0.68516,0.23194,0.67812,0.20972,0.60494,0.78175,0.9995,0.75232,0.87498,0.9137,0.66686,0.45954,0.9940,0.72273,0.61456,0.65859,0.46944,114.38,0.9525,live,0.2564,0.1840,120.28,653.88
147802.839575,60.0,0.4062,4,1,1,0.64141,0.40972,0.60234,0.34861,0.59141,0.29306,0.59141,0.23889,0.59531,0.20139,0.61484,0.24861,0.60859,0.20139,0.60078,0.17361,0.59297,0.14167,0.63203,0.23750,0.62891,0.18611,0.62109,0.15417,0.61250,0.12500,0.64766,0.23889,0.64922,0.18611,0.64297,0.15417,0.63438,0.13056,0.66563,0.24861,0.66719,0.20139,0.66250,0.17361,0.65391,0.15139,0.60192,0.77685,0.9995,0.73967,0.82771,0.9126,0.65491,0.41044,0.9944,0.70646,0.57359,0.64141,0.40972,107.63,0.9693,live,0.2564,0.2389,155.98,652.91
147802.906200,60.0,0.4728,4,1,1,0.62891,0.35694,0.59375,0.31111,0.58203,0.25556,0.58125,0.20139,0.58594,0.16111,0.60391,0.20972,0.59766,0.16667,0.58906,0.13889,0.58047,0.11111,0.62031,0.19861,0.61719,0.14861,0.60781,0.11806,0.59766,0.09028,0.63594,0.19861,0.63672,0.14861,0.62891,0.11806,0.61875,0.09444,0.65234,0.20694,0.65469,0.16389,0.64922,0.13750,0.63984,0.11389,0.59896,0.77483,0.9995,0.73370,0.75683,0.9132,0.64410,0.35714,0.9947,0.69095,0.53026,0.62891,0.35694,99.84,0.9740,live,0.2634,0.2952,190.85,646.45
147802.973074,60.0,0.5397,4,1,1,0.61797,0.31944,0.58516,0.28194,0.57344,0.22917,0.57422,0.17639,0.58125,0.13889,0.59609,0.18472,0.59062,0.14306,0.58281,0.11944,0.57422,0.09583,0.61172,0.17361,0.60859,0.12639,0.60000,0.09861,0.58906,0.07361,0.62656,0.17361,0.62656,0.12500,0.61953,0.09583,0.60938,0.07361,0.64297,0.18194,0.64375,0.14167,0.63906,0.11528,0.63047,0.09306,0.59699,0.77341,0.9995,0.72614,0.73042,0.9152,0.63892,0.32671,0.9951,0.67636,0.48810,0.61797,0.31944,92.59,0.9817,live,0.2786,0.3479,221.10,635.54
147803.039958,60.0,0.6066,4,1,1,0.61406,0.30556,0.58125,0.26667,0.56875,0.21944,0.56875,0.17083,0.57422,0.13056,0.59219,0.18194,0.58594,0.14028,0.57734,0.11667,0.56875,0.09306,0.60703,0.17083,0.60313,0.12361,0.59453,0.09444,0.58281,0.06944,0.62187,0.16806,0.62109,0.11944,0.61328,0.09167,0.60234,0.07083,0.63672,0.17361,0.63672,0.13056,0.63125,0.10417,0.62109,0.08333,0.59361,0.76851,0.9995,0.72176,0.71935,0.9191,0.63338,0.32231,0.9954,0.66390,0.45159,0.61406,0.30556,86.84,0.9815,live,0.2986,0.3897,242.31,621.80
147803.106131,60.0,0.6727,4,1,1,0.61094,0.30000,0.57891,0.26111,0.56641,0.21667,0.56563,0.16944,0.57109,0.13056,0.58906,0.18056,0.58281,0.13889,0.57422,0.11528,0.56406,0.09444,0.60391,0.17083,0.60000,0.12361,0.59141,0.09583,0.57969,0.07222,0.61797,0.16806,0.61641,0.11944,0.60938,0.09167,0.59922,0.07083,0.63359,0.17361,0.63203,0.13056,0.62656,0.10556,0.61797,0.08472,0.59187,0.76664,0.9995,0.71924,0.70785,0.9218,0.62956,0.31338,0.9957,0.65331,0.42127,0.61094,0.30000,84.15,0.9694,live,0.3193,0.4133,251.21,607.77
147803.172968,60.0,0.7396,4,1,1,0.60781,0.29722,0.57734,0.26389,0.56563,0.21944,0.56484,0.17222,0.56953,0.13611,0.58828,0.18333,0.58125,0.14444,0.57188,0.12083,0.56250,0.09861,0.60313,0.17222,0.59844,0.12778,0.58906,0.09861,0.57812,0.07778,0.61719,0.16944,0.61484,0.12361,0.60781,0.09444,0.59688,0.07500,0.63203,0.17361,0.63125,0.13333,0.62578,0.10833,0.61641,0.08889,0.59139,0.76433,0.9995,0.71979,0.70999,0.9221,0.62896,0.31813,0.9959,0.64421,0.39646,0.60781,0.29722,81.65,0.9718,live,0.3372,0.4190,248.72,593.63
147803.239619,60.0,0.8062,4,1,1,0.60781,0.30000,0.57734,0.26667,0.56641,0.22361,0.56484,0.17778,0.56953,0.14167,0.58906,0.19028,0.58203,0.15278,0.57344,0.12917,0.56406,0.10694,0.60391,0.17917,0.59922,0.13472,0.59062,0.10694,0.57891,0.08333,0.61797,0.17500,0.61562,0.12917,0.60781,0.10000,0.59688,0.07917,0.63359,0.17778,0.63203,0.13750,0.62578,0.11250,0.61641,0.09306,0.58902,0.76529,0.9995,0.72024,0.72011,0.9243,0.63138,0.32531,0.9961,0.63693,0.37717,0.60781,0.30000,80.35,0.9741,live,0.3498,0.4072,236.26,580.24
147803.306277,60.0,0.8729,4,1,1,0.60859,0.30972,0.57734,0.27639,0.56719,0.23194,0.56719,0.18472,0.57188,0.14861,0.59062,0.19722,0.58437,0.15833,0.57500,0.13472,0.56563,0.11528,0.60547,0.18611,0.60156,0.14167,0.59219,0.11250,0.58047,0.09167,0.62031,0.18333,0.61875,0.13750,0.61094,0.10833,0.59922,0.08750,0.63516,0.18611,0.63516,0.14583,0.62813,0.12083,0.61797,0.10139,0.58695,0.76539,0.9995,0.72050,0.72334,0.9249,0.63272,0.32942,0.9964,0.63126,0.36368,0.60859,0.30972,81.53,0.9686,live,0.3549,0.3781,215.26,569.32
147803.373047,60.0,0.9397,4,1,1,0.60938,0.32778,0.57734,0.29306,0.56719,0.24444,0.56797,0.19861,0.57266,0.16111,0.59219,0.20833,0.58516,0.16944,0.57656,0.14583,0.56719,0.12500,0.60781,0.19722,0.60313,0.15278,0.59375,0.12361,0.58125,0.10000,0.62266,0.19583,0.62031,0.15000,0.61250,0.12083,0.60156,0.10000,0.63828,0.20139,0.63828,0.16111,0.63203,0.13611,0.62187,0.11667,0.58679,0.76555,0.9995,0.72072,0.73397,0.9236,0.63200,0.33064,0.9966,0.62688,0.35650,0.60938,0.32778,85.06,0.9681,live,0.3549,0.3318,186.57,562.24
147803.439850,60.0,0.0065,4,2,0,0.61016,0.35694,0.58047,0.32222,0.57031,0.26806,0.57031,0.21944,0.57422,0.18194,0.59453,0.22778,0.58906,0.18750,0.58047,0.16250,0.57031,0.14306,0.61094,0.21944,0.60781,0.17222,0.59922,0.14306,0.58750,0.12083,0.62656,0.21944,0.62578,0.17222,0.61797,0.14444,0.60703,0.12361,0.64219,0.22778,0.64453,0.18611,0.63906,0.15972,0.62969,0.14028,0.58684,0.76550,0.9995,0.72070,0.79328,0.9224,0.63242,0.36947,0.9967,0.62354,0.35659,0.61016,0.35694,89.19,0.9679,live,0.3400,0.2719,151.98,558.99
147803.506087,60.0,0.0727,4,2,0,0.61328,0.39861,0.58437,0.36528,0.57344,0.30833,0.57344,0.25972,0.57578,0.22083,0.60000,0.25833,0.59453,0.21389,0.58516,0.19028,0.57422,0.17222,0.61797,0.25139,0.61562,0.20139,0.60781,0.17222,0.59609,0.15139,0.63438,0.25556,0.63594,0.20556,0.62891,0.17639,0.61719,0.15694,0.65000,0.26944,0.65547,0.22639,0.65078,0.20139,0.64062,0.18333,0.58842,0.76674,0.9995,0.72056,0.84977,0.9200,0.63287,0.40489,0.9968,0.62149,0.36499,0.61328,0.39861,94.32,0.9772,live,0.3281,0.2742,153.49,559.82
147803.572956,60.0,0.1396,4,2,0,0.61797,0.45417,0.59219,0.42222,0.58125,0.36528,0.58047,0.31667,0.58203,0.27639,0.60938,0.30556,0.60469,0.25556,0.59609,0.23194,0.58437,0.21667,0.62891,0.30278,0.63047,0.24722,0.62187,0.21806,0.60859,0.20278,0.64687,0.31250,0.65156,0.25833,0.64609,0.23194,0.63516,0.21806,0.66250,0.33333,0.67266,0.29028,0.66953,0.26528,0.66094,0.25000,0.58784,0.76679,0.9995,0.71936,0.92014,0.9160,0.63585,0.47264,0.9969,0.62078,0.38283,0.61797,0.45417,98.09,0.9889,live,0.3069,0.2103,118.48,563.27
147803.639857,60.0,0.2065,4,2,0,0.62656,0.52083,0.60078,0.48889,0.58906,0.44028,0.58984,0.40000,0.59297,0.36111,0.62344,0.37500,0.61953,0.32500,0.61094,0.30556,0.60000,0.29861,0.64375,0.37500,0.64844,0.31806,0.64141,0.29444,0.62813,0.28889,0.66094,0.39167,0.66953,0.34167,0.66563,0.31944,0.65469,0.31111,0.67734,0.41944,0.68828,0.38611,0.68594,0.36250,0.67734,0.35000,0.58860,0.77152,0.9995,0.71072,0.96189,0.9147,0.63561,0.54199,0.9970,0.62194,0.41043,0.62656,0.52083,96.54,0.9507,live,0.2797,0.1556,87.94,565.19
147803.706528,60.0,0.2731,4,2,0,0.63125,0.67500,0.60859,0.61944,0.59844,0.55833,0.60000,0.51667,0.61016,0.47917,0.63984,0.48889,0.63984,0.43611,0.62969,0.41111,0.61719,0.40694,0.66250,0.49444,0.67422,0.42917,0.66563,0.40694,0.65156,0.41389,0.68047,0.51806,0.69844,0.45694,0.69141,0.43611,0.67891,0.44167,0.69375,0.55556,0.71172,0.51111,0.70859,0.49167,0.69922,0.49167,0.59923,0.79765,0.9995,0.71044,1.00000,0.9074,0.64232,0.67110,0.9968,0.62380,0.46334,0.63125,0.67500,117.99,0.9804,live,0.2549,0.1418,82.56,582.32
147803.773478,60.0,0.3401,4,2,0,0.63594,0.74444,0.61406,0.70556,0.60391,0.65278,0.60703,0.62083,0.61719,0.59306,0.64844,0.57500,0.65625,0.52083,0.64531,0.50972,0.63203,0.52083,0.67188,0.58889,0.69297,0.52083,0.68281,0.51111,0.66797,0.53472,0.68984,0.62083,0.71484,0.56250,0.70625,0.55417,0.69219,0.57222,0.70312,0.66667,0.72578,0.63194,0.72422,0.61944,0.71562,0.62500,0.60297,0.80434,0.9995,0.70359,1.00000,0.8940,0.65734,0.76224,0.9962,0.62623,0.51956,0.63594,0.74444,110.74,0.9752,live,0.2452,0.2013,119.21,592.17
147803.840248,60.0,0.4069,4,2,0,0.63750,0.80000,0.61719,0.75972,0.60859,0.70694,0.61328,0.67361,0.62969,0.65000,0.65547,0.62639,0.66563,0.57361,0.65625,0.56250,0.64297,0.57778,0.68047,0.64444,0.70391,0.58472,0.69453,0.57500,0.67656,0.59861,0.69766,0.68056,0.72578,0.62917,0.71875,0.61806,0.70469,0.63472,0.70937,0.73056,0.73438,0.70694,0.73672,0.69028,0.73047,0.69028,0.60273,0.80281,0.9995,0.68968,1.00000,0.8767,0.66548,0.79974,0.9956,0.62848,0.57565,0.63750,0.80000,114.62,0.9958,live,0.2452,0.2623,158.36,603.64
147803.906655,60.0,0.4733,4,2,0,0.63906,0.81944,0.61719,0.77361,0.61016,0.71806,0.61484,0.68472,0.63281,0.66111,0.65938,0.64167,0.67188,0.59028,0.66250,0.57500,0.64687,0.59167,0.68359,0.65972,0.70859,0.60278,0.69844,0.58889,0.67812,0.61250,0.70078,0.69444,0.72969,0.64444,0.72109,0.63056,0.70312,0.64722,0.71016,0.74583,0.73906,0.72083,0.74297,0.70417,0.73516,0.70417,0.60767,0.80067,0.9994,0.68347,1.00000,0.8580,0.66844,0.81957,0.9947,0.63060,0.62441,0.63906,0.81944,115.88,0.9970,live,0.2577,0.3145,193.30,614.64
147803.973386,60.0,0.5400,4,2,0,0.64062,0.81250,0.62031,0.76528,0.61250,0.70972,0.61719,0.67639,0.63438,0.65139,0.66172,0.63750,0.67500,0.58750,0.66250,0.57222,0.64531,0.58472,0.68594,0.65556,0.71016,0.59583,0.69688,0.58333,0.67578,0.60556,0.70312,0.68889,0.73203,0.63889,0.72422,0.62500,0.70703,0.64306,0.71328,0.73750,0.74062,0.71111,0.74375,0.69306,0.73438,0.69444,0.60999,0.80250,0.9994,0.68554,1.00000,0.8458,0.67456,0.80841,0.9945,0.63260,0.66203,0.64062,0.81250,115.27,0.9953,live,0.2749,0.3533,220.44,623.88
147804.039826,60.0,0.6064,4,2,0,0.63984,0.80139,0.62031,0.75417,0.61250,0.70000,0.61641,0.66667,0.63359,0.63889,0.66094,0.62639,0.67344,0.57778,0.66016,0.56111,0.64297,0.57222,0.68516,0.64306,0.70937,0.58611,0.69531,0.57222,0.67422,0.59306,0.70234,0.67639,0.73125,0.62500,0.72188,0.61111,0.70469,0.62917,0.71328,0.72639,0.74141,0.69167,0.73828,0.67500,0.72344,0.68056,0.60926,0.80205,0.9994,0.67064,1.00000,0.8270,0.67390,0.80281,0.9933,0.63405,0.68990,0.63984,0.80139,115.88,0.9962,live,0.2939,0.3804,240.58,632.45
147804.106703,60.0,0.6733,4,2,0,0.64141,0.80000,0.62031,0.75139,0.61250,0.69444,0.61641,0.65833,0.63359,0.62778,0.66094,0.62361,0.67344,0.57222,0.65859,0.55556,0.64141,0.56667,0.68437,0.64028,0.70859,0.57778,0.69219,0.56389,0.67109,0.58750,0.70078,0.67222,0.72969,0.61806,0.71953,0.60417,0.70234,0.62222,0.71172,0.72083,0.73984,0.68750,0.73750,0.66806,0.72344,0.67083,0.60978,0.80203,0.9994,0.67361,1.00000,0.8108,0.67309,0.80528,0.9924,0.63552,0.71192,0.64141,0.80000,114.74,0.9929,live,0.3079,0.3719,237.70,639.17
147804.173553,60.0,0.7402,4,2,0,0.64062,0.79861,0.61953,0.74861,0.61172,0.69028,0.61562,0.65417,0.63438,0.62639,0.66172,0.62083,0.67344,0.56806,0.65859,0.55278,0.64141,0.56528,0.68437,0.63750,0.70859,0.57500,0.69375,0.55833,0.67344,0.57917,0.70000,0.67083,0.73047,0.61667,0.72031,0.60139,0.70234,0.61806,0.71094,0.71944,0.73984,0.68472,0.73828,0.66528,0.72500,0.66667,0.60972,0.80364,0.9994,0.67523,1.00000,0.7998,0.67245,0.80826,0.9919,0.63654,0.72926,0.64062,0.79861,115.27,0.9945,live,0.3167,0.3568,230.32,645.46
147804.240278,60.0,0.8069,4,2,0,0.64062,0.79722,0.61953,0.74861,0.61172,0.68889,0.61562,0.65278,0.63516,0.62361,0.66094,0.61944,0.67266,0.56667,0.65938,0.55000,0.64297,0.56250,0.68359,0.63611,0.70859,0.57361,0.69375,0.55694,0.67422,0.57639,0.70000,0.66806,0.72969,0.61389,0.72031,0.59722,0.70234,0.61667,0.71094,0.71528,0.73984,0.67917,0.73750,0.65972,0.72266,0.66528,0.60965,0.80563,0.9994,0.66804,1.00000,0.8018,0.67212,0.80874,0.9921,0.63736,0.74285,0.64062,0.79722,115.18,0.9939,live,0.3167,0.3103,201.99,650.94
147804.306790,60.0,0.8734,4,2,0,0.63125,0.79306,0.61328,0.74306,0.60547,0.68750,0.61016,0.65139,0.62656,0.62222,0.65312,0.61528,0.66719,0.56389,0.65234,0.54861,0.63438,0.55972,0.67578,0.63194,0.70078,0.56944,0.68437,0.55556,0.66406,0.57639,0.69219,0.66667,0.72031,0.61111,0.70859,0.59583,0.69219,0.61111,0.70469,0.71389,0.73281,0.67639,0.72813,0.65694,0.71328,0.65972,0.60961,0.80727,0.9994,0.66944,1.00000,0.8070,0.66261,0.80887,0.9925,0.63614,0.75289,0.63125,0.79306,116.79,0.9937,live,0.3059,0.2567,168.60,656.91
147804.373545,60.0,0.9402,4,2,0,0.61328,0.79583,0.59531,0.74722,0.58594,0.68889,0.58750,0.65000,0.60391,0.62083,0.63359,0.61667,0.64766,0.56250,0.63047,0.55000,0.61172,0.55833,0.65391,0.63194,0.67812,0.56667,0.65625,0.55833,0.63516,0.57778,0.67031,0.66250,0.69766,0.60556,0.68047,0.59722,0.66094,0.61250,0.68281,0.70833,0.71172,0.66944,0.70234,0.65556,0.68516,0.65972,0.60890,0.80182,0.9994,0.66998,1.00000,0.7990,0.65049,0.80661,0.9920,0.63157,0.76148,0.61328,0.79583,115.21,0.9862,live,0.2874,0.2031,134.28,661.03
147804.440525,60.0,0.0071,4,3,0,0.58828,0.80556,0.56641,0.75694,0.55391,0.70417,0.55156,0.66806,0.55859,0.63889,0.59688,0.62361,0.60547,0.55833,0.58203,0.55417,0.56328,0.56806,0.61562,0.64167,0.63125,0.56528,0.60469,0.56250,0.58594,0.58194,0.63125,0.67083,0.65234,0.60139,0.63047,0.59861,0.61250,0.61528,0.64531,0.71250,0.66406,0.66389,0.65078,0.65417,0.63672,0.66250,0.60899,0.80707,0.9994,0.66614,1.00000,0.8060,0.61464,0.80440,0.9923,0.62291,0.77030,0.58828,0.80556,110.68,0.9898,live,0.2647,0.1613,106.65,661.40
147804.506768,60.0,0.0734,4,3,0,0.56094,0.82083,0.53359,0.76250,0.51641,0.70694,0.50625,0.66806,0.50313,0.63889,0.55078,0.62917,0.54063,0.56667,0.51094,0.56667,0.49062,0.58056,0.56719,0.64306,0.56406,0.56250,0.52812,0.56806,0.50469,0.59167,0.58281,0.66944,0.58672,0.60139,0.55312,0.61111,0.53125,0.63333,0.59688,0.70694,0.60625,0.65694,0.58437,0.65694,0.56484,0.67083,0.59629,0.80986,0.9994,0.66413,1.00000,0.8168,0.57132,0.80207,0.9928,0.61051,0.78040,0.56094,0.82083,110.56,0.9946,live,0.2421,0.1389,91.90,661.63
147804.573863,60.0,0.1405,4,3,0,0.52891,0.81944,0.49531,0.76250,0.47422,0.71111,0.45781,0.67778,0.44453,0.64722,0.50000,0.62917,0.47969,0.56528,0.44922,0.56944,0.42734,0.58611,0.51641,0.63889,0.49531,0.56250,0.45859,0.57500,0.43594,0.59861,0.53047,0.66250,0.51953,0.59306,0.48203,0.60694,0.45859,0.63194,0.54297,0.70000,0.54063,0.65417,0.51484,0.65417,0.49375,0.66528,0.59689,0.80338,0.9993,0.64225,1.00000,0.8247,0.52111,0.78290,0.9929,0.59419,0.78821,0.52891,0.81944,108.94,0.9931,live,0.2230,0.1359,89.80,660.67
147804.640444,60.0,0.2071,4,3,0,0.48828,0.80278,0.44531,0.75417,0.41797,0.70556,0.39844,0.67361,0.38125,0.64583,0.44297,0.61389,0.41719,0.55972,0.38594,0.56528,0.36406,0.57917,0.45859,0.62361,0.43516,0.55694,0.39687,0.56944,0.37500,0.59306,0.47344,0.64722,0.45703,0.58333,0.41875,0.59583,0.39687,0.61806,0.48516,0.68472,0.47109,0.64028,0.44062,0.64306,0.42031,0.65833,0.59318,0.79542,0.9993,0.62576,1.00000,0.8338,0.47507,0.76649,0.9924,0.57301,0.79112,0.48828,0.80278,110.43,0.9937,live,0.2101,0.1516,100.18,660.90
147804.706863,60.0,0.2735,4,3,0,0.45000,0.78333,0.40625,0.74861,0.37656,0.70000,0.35625,0.66667,0.33516,0.64028,0.39766,0.60139,0.37422,0.55694,0.34453,0.56111,0.32188,0.57500,0.41406,0.60417,0.38906,0.54444,0.35313,0.55972,0.33125,0.58750,0.42891,0.62361,0.40703,0.56944,0.37188,0.58611,0.35078,0.61111,0.44062,0.65694,0.42031,0.61944,0.39453,0.62917,0.37812,0.64722,0.58308,0.78253,0.9990,0.59263,1.00000,0.8375,0.43327,0.72707,0.9916,0.54841,0.78957,0.45000,0.78333,110.97,0.9969,live,0.2056,0.1848,122.26,661.49
147804.773766,60.0,0.3404,4,3,0,0.42891,0.76389,0.38516,0.73333,0.35391,0.68333,0.33281,0.65278,0.31328,0.62639,0.37500,0.59583,0.35000,0.54444,0.32266,0.54861,0.30078,0.56389,0.39062,0.59722,0.36406,0.53056,0.33047,0.54583,0.30938,0.57222,0.40625,0.61250,0.38359,0.55000,0.34844,0.56389,0.32656,0.58611,0.42109,0.64306,0.39922,0.60000,0.37266,0.60972,0.35391,0.62500,0.58164,0.78423,0.9988,0.59838,1.00000,0.8333,0.42566,0.72709,0.9894,0.52451,0.78443,0.42891,0.76389,106.14,0.9971,live,0.2056,0.2256,148.57,658.54
147804.840492,60.0,0.4071,4,3,0,0.42188,0.75417,0.37891,0.72361,0.34922,0.67222,0.32891,0.64306,0.30703,0.61528,0.36797,0.58889,0.34531,0.53333,0.31641,0.53611,0.29453,0.55139,0.38359,0.59167,0.36016,0.52083,0.32578,0.53750,0.30547,0.56250,0.39844,0.60694,0.37812,0.54306,0.34375,0.55694,0.32188,0.57639,0.41250,0.63333,0.39219,0.58611,0.36562,0.59167,0.34766,0.60278,0.57971,0.78319,0.9987,0.58241,0.98955,0.8339,0.40679,0.69672,0.9884,0.50398,0.77838,0.42188,0.75417,104.40,0.9976,live,0.2157,0.2618,171.39,654.68
147804.907060,60.0,0.4737,4,3,0,0.42266,0.74583,0.37969,0.71944,0.35078,0.66667,0.33047,0.63750,0.30781,0.61111,0.37109,0.58611,0.34687,0.52917,0.31875,0.53194,0.29609,0.54861,0.38516,0.58750,0.35859,0.51667,0.32500,0.53333,0.30391,0.55694,0.40000,0.60139,0.37734,0.53611,0.34375,0.55000,0.32188,0.56944,0.41328,0.62778,0.39297,0.58056,0.36719,0.58472,0.34844,0.59583,0.57649,0.77785,0.9982,0.58930,0.99155,0.8285,0.41725,0.70288,0.9854,0.48772,0.77187,0.42266,0.74583,100.98,0.9975,live,0.2283,0.2857,185.36,648.82
147804.973863,60.0,0.5405,4,3,0,0.42812,0.74167,0.38516,0.71389,0.35547,0.66528,0.33516,0.63750,0.31641,0.60833,0.37656,0.57778,0.35234,0.52639,0.32422,0.53194,0.30156,0.55139,0.39141,0.57917,0.36406,0.51389,0.33125,0.53056,0.30938,0.55556,0.40625,0.59306,0.38281,0.53194,0.34922,0.54583,0.32656,0.56667,0.41875,0.61944,0.39844,0.57778,0.37344,0.58194,0.35547,0.59306,0.57685,0.77813,0.9979,0.59251,0.98269,0.8309,0.42109,0.70175,0.9841,0.47580,0.76583,0.42812,0.74167,102.97,0.9969,live,0.2400,0.2933,189.18,645.10
147805.040969,60.0,0.6076,4,3,0,0.43281,0.74167,0.39219,0.71250,0.36328,0.66250,0.34297,0.63472,0.32422,0.60278,0.38359,0.57778,0.36172,0.52500,0.33359,0.53056,0.31016,0.55139,0.39766,0.57917,0.37266,0.51389,0.33906,0.53056,0.31797,0.55556,0.41250,0.59167,0.39062,0.53056,0.35781,0.54583,0.33516,0.56389,0.42656,0.61806,0.40625,0.57639,0.38125,0.58056,0.36328,0.59028,0.57361,0.77860,0.9975,0.59271,0.98923,0.8225,0.42610,0.69947,0.9755,0.46720,0.76100,0.43281,0.74167,102.66,0.9958,live,0.2486,0.2879,184.72,641.61
147805.107225,60.0,0.6738,4,3,0,0.44062,0.74167,0.39922,0.71250,0.37031,0.66250,0.35000,0.63333,0.33125,0.60417,0.38906,0.58194,0.36875,0.52778,0.34063,0.53333,0.31797,0.55139,0.40391,0.58333,0.37969,0.51389,0.34687,0.53056,0.32656,0.55556,0.41953,0.59583,0.40000,0.53194,0.36719,0.54583,0.34531,0.56528,0.43359,0.62083,0.41563,0.57639,0.39062,0.58056,0.37266,0.59028,0.57382,0.77094,0.9975,0.59329,0.99094,0.8266,0.42644,0.69969,0.9767,0.46189,0.75713,0.44062,0.74167,101.72,0.9960,live,0.2486,0.2683,171.11,637.85
147805.173987,60.0,0.7406,4,3,0,0.44531,0.74722,0.40625,0.71806,0.37812,0.66806,0.35781,0.63889,0.33906,0.60972,0.39609,0.58889,0.37422,0.53889,0.34687,0.54444,0.32500,0.55833,0.41094,0.58889,0.38750,0.52222,0.35547,0.53889,0.33594,0.56389,0.42656,0.60278,0.40859,0.54167,0.37500,0.55417,0.35469,0.57361,0.44141,0.62917,0.42500,0.58472,0.40000,0.58889,0.38359,0.60278,0.57006,0.76985,0.9976,0.59346,0.99267,0.8299,0.43386,0.70162,0.9778,0.45857,0.75515,0.44531,0.74722,100.61,0.9964,live,0.2486,0.2347,148.76,633.75
147805.240737,60.0,0.8074,4,3,0,0.45703,0.75972,0.41719,0.73194,0.38906,0.68333,0.37031,0.65278,0.35234,0.62500,0.40625,0.60417,0.38594,0.54861,0.35859,0.55417,0.33750,0.56944,0.42109,0.60556,0.40234,0.53333,0.36953,0.54722,0.35000,0.56944,0.43750,0.61944,0.42266,0.55139,0.38906,0.56389,0.36953,0.58056,0.45234,0.64444,0.43750,0.59861,0.41172,0.60556,0.39453,0.61944,0.57233,0.76951,0.9978,0.61004,0.99379,0.8389,0.45514,0.71290,0.9794,0.45826,0.75606,0.45703,0.75972,99.65,0.9959,live,0.2376,0.1875,118.02,629.45
147805.307179,60.0,0.8738,4,3,0,0.47266,0.77083,0.43281,0.74167,0.40391,0.69306,0.38672,0.66389,0.37109,0.63750,0.42422,0.61528,0.40391,0.56111,0.37891,0.56250,0.35781,0.57917,0.43984,0.61667,0.42031,0.54722,0.38906,0.55833,0.36875,0.58056,0.45625,0.63056,0.44297,0.56389,0.41172,0.57639,0.39141,0.59444,0.47187,0.65833,0.46016,0.61111,0.43672,0.61667,0.41953,0.63194,0.57322,0.77760,0.9979,0.62210,1.00000,0.8455,0.46791,0.71942,0.9807,0.46114,0.75902,0.47266,0.77083,99.03,0.9957,live,0.2200,0.1398,87.38,625.22
147805.373945,60.0,0.9406,4,3,0,0.48906,0.77778,0.45469,0.74167,0.42812,0.69722,0.41094,0.66806,0.40078,0.63889,0.45000,0.61528,0.43516,0.56250,0.40937,0.56806,0.38672,0.58472,0.46719,0.61944,0.45625,0.54722,0.42500,0.55972,0.40547,0.58472,0.48438,0.63611,0.47813,0.56667,0.44609,0.58056,0.42656,0.60278,0.50078,0.66389,0.49219,0.61528,0.46797,0.62222,0.45000,0.64028,0.57671,0.78551,0.9980,0.63010,1.00000,0.8522,0.49597,0.73211,0.9823,0.46673,0.76277,0.48906,0.77778,100.45,0.9936,live,0.1980,0.0978,60.86,622.52
147805.440832,60.0,0.0074,4,4,0,0.51953,0.78611,0.48594,0.74444,0.45859,0.70000,0.44219,0.66528,0.44141,0.63056,0.48672,0.62083,0.47422,0.56250,0.45000,0.56528,0.42891,0.58194,0.50391,0.62639,0.49766,0.55417,0.46719,0.55972,0.44609,0.57917,0.52187,0.64444,0.52266,0.57222,0.49375,0.58194,0.47344,0.60278,0.53828,0.67500,0.53906,0.62361,0.51797,0.62639,0.50078,0.64306,0.58474,0.79014,0.9982,0.65671,1.00000,0.8608,0.52692,0.76071,0.9837,0.47729,0.76744,0.51953,0.78611,100.78,0.9958,live,0.1738,0.0638,39.58,620.37
147805.507347,60.0,0.0740,4,4,0,0.55469,0.78750,0.52500,0.75000,0.50313,0.70278,0.49141,0.66806,0.49219,0.64028,0.52812,0.62361,0.52500,0.56389,0.50391,0.56806,0.48516,0.58472,0.54688,0.62917,0.54844,0.55278,0.52344,0.55833,0.50703,0.57778,0.56484,0.64722,0.56953,0.57639,0.54688,0.58611,0.53203,0.60833,0.58203,0.67778,0.58828,0.63056,0.57266,0.63056,0.55937,0.64306,0.58840,0.79967,0.9983,0.67599,1.00000,0.8682,0.56651,0.76629,0.9849,0.49277,0.77145,0.55469,0.78750,100.73,0.9923,live,0.1558,0.0739,45.70,618.45
147805.574166,60.0,0.1408,4,4,0,0.59609,0.79028,0.56875,0.75278,0.54922,0.70000,0.54141,0.66111,0.54375,0.63333,0.58047,0.62222,0.58047,0.55972,0.56094,0.56389,0.54297,0.58333,0.59922,0.63056,0.60625,0.55556,0.58359,0.56111,0.56797,0.58333,0.61719,0.65278,0.62969,0.58194,0.61094,0.58611,0.59688,0.60417,0.63359,0.68611,0.64687,0.64028,0.63594,0.63472,0.62578,0.64306,0.59693,0.80852,0.9984,0.68113,1.00000,0.8590,0.60916,0.77934,0.9850,0.51343,0.77522,0.59609,0.79028,102.21,0.9909,live,0.1488,0.1167,72.08,617.83
147805.640946,60.0,0.2076,4,4,0,0.64219,0.79306,0.61484,0.74861,0.60000,0.69722,0.59844,0.65972,0.61328,0.64028,0.63125,0.61667,0.63906,0.56250,0.62813,0.55833,0.61875,0.57778,0.65078,0.62500,0.66875,0.56111,0.65547,0.55278,0.64219,0.57222,0.66875,0.64722,0.68906,0.58889,0.67812,0.58194,0.66797,0.59722,0.68125,0.68472,0.69844,0.65972,0.70078,0.64583,0.70234,0.64167,0.60169,0.80778,0.9985,0.71426,1.00000,0.8574,0.66519,0.78381,0.9851,0.53918,0.77878,0.64219,0.79306,105.63,0.9766,live,0.1488,0.1694,104.97,619.74
147805.707552,60.0,0.2742,4,4,0,0.68516,0.79444,0.66094,0.75139,0.65078,0.69722,0.65859,0.65833,0.67109,0.62639,0.67734,0.61806,0.68594,0.56528,0.69063,0.55000,0.69375,0.56528,0.70000,0.62361,0.71562,0.56667,0.71797,0.55139,0.71719,0.56806,0.71953,0.64444,0.73828,0.59444,0.74141,0.58333,0.74375,0.59861,0.73438,0.68056,0.75000,0.65833,0.76094,0.64306,0.77031,0.64028,0.60626,0.80877,0.9986,0.71012,1.00000,0.8604,0.70719,0.78550,0.9860,0.56838,0.78192,0.68516,0.79444,110.25,0.9733,live,0.1630,0.2277,142.26,624.76
147805.774077,60.0,0.3407,4,4,0,0.72266,0.78611,0.70234,0.74583,0.69609,0.69444,0.70703,0.65417,0.72266,0.62222,0.72344,0.61389,0.73281,0.56250,0.73672,0.55278,0.73672,0.57500,0.74922,0.61806,0.76797,0.55833,0.76719,0.55139,0.75938,0.57917,0.76875,0.64028,0.78984,0.58750,0.78906,0.58056,0.78359,0.60000,0.78438,0.67639,0.80312,0.64861,0.80859,0.63611,0.80859,0.64167,0.61075,0.81431,0.9987,0.73738,1.00000,0.8659,0.74427,0.78417,0.9871,0.59923,0.78275,0.72266,0.78611,112.87,0.9840,live,0.1854,0.2876,181.46,631.05
147805.841118,60.0,0.4077,4,4,0,0.74766,0.78889,0.72891,0.73889,0.72500,0.68472,0.74141,0.64861,0.75781,0.62083,0.75313,0.61528,0.75859,0.57222,0.76562,0.55556,0.77266,0.56250,0.77812,0.62083,0.79141,0.56389,0.79922,0.55278,0.80078,0.57083,0.79844,0.64306,0.81641,0.59444,0.82500,0.57778,0.82656,0.59028,0.81328,0.67917,0.83203,0.65000,0.84219,0.63333,0.84609,0.63472,0.61172,0.81476,0.9988,0.74579,1.00000,0.8707,0.76552,0.78593,0.9878,0.62892,0.78398,0.74766,0.78889,114.33,0.9648,live,0.2129,0.3380,215.50,637.64
147805.907693,60.0,0.4743,4,4,0,0.76328,0.78611,0.74609,0.73611,0.74375,0.68194,0.76094,0.64444,0.77891,0.61389,0.77031,0.61389,0.77734,0.56944,0.78672,0.55417,0.79531,0.55694,0.79609,0.62083,0.80781,0.57222,0.81719,0.55417,0.82422,0.55556,0.81484,0.64167,0.83047,0.59861,0.84141,0.58056,0.84766,0.58472,0.82969,0.67500,0.84609,0.64583,0.85703,0.63056,0.86406,0.62917,0.61194,0.81549,0.9989,0.75551,1.00000,0.8771,0.77464,0.78551,0.9886,0.65579,0.78441,0.76328,0.78611,113.77,0.9817,live,0.2424,0.3771,242.50,643.04
147805.974331,60.0,0.5409,4,4,0,0.77344,0.77917,0.75703,0.72917,0.75703,0.67361,0.77422,0.63472,0.79375,0.60417,0.78203,0.60972,0.78906,0.56667,0.79844,0.55139,0.80781,0.55139,0.80703,0.61806,0.81875,0.57222,0.82891,0.55278,0.83594,0.55417,0.82578,0.64028,0.84141,0.59722,0.85156,0.57778,0.85859,0.57778,0.84062,0.67222,0.85547,0.64444,0.86719,0.62778,0.87578,0.62361,0.61445,0.81553,0.9990,0.75016,1.00000,0.8784,0.78220,0.78520,0.9891,0.67932,0.78336,0.77344,0.77917,112.28,0.9827,live,0.2709,0.4003,258.89,646.71
147806.041192,60.0,0.6078,4,4,0,0.77812,0.77500,0.76328,0.72500,0.76406,0.67083,0.78125,0.63056,0.80234,0.60278,0.78906,0.60694,0.79531,0.56528,0.80547,0.54861,0.81563,0.55139,0.81406,0.61389,0.82500,0.56667,0.83516,0.54722,0.84297,0.55000,0.83281,0.63472,0.84766,0.59028,0.85859,0.56944,0.86562,0.57500,0.84688,0.66667,0.86328,0.63472,0.87500,0.61806,0.88359,0.61667,0.61457,0.81551,0.9991,0.75323,1.00000,0.8813,0.78889,0.78060,0.9896,0.69908,0.78169,0.77812,0.77500,112.44,0.9873,live,0.2953,0.4065,264.25,650.07
147806.107378,60.0,0.6740,4,4,0,0.78125,0.76806,0.76797,0.72222,0.76875,0.66944,0.78594,0.62778,0.80625,0.59722,0.79063,0.60278,0.79844,0.55972,0.80937,0.54167,0.81875,0.54444,0.81563,0.61111,0.82656,0.56250,0.83828,0.54306,0.84531,0.54722,0.83437,0.63194,0.85000,0.58611,0.86172,0.56667,0.86875,0.57500,0.84844,0.66250,0.86562,0.62778,0.87734,0.60972,0.88438,0.60972,0.61443,0.81553,0.9991,0.75468,1.00000,0.8789,0.79140,0.77041,0.9902,0.71551,0.77896,0.78125,0.76806,110.31,0.9847,live,0.3136,0.3972,258.75,651.48
147806.174502,60.0,0.7411,4,4,0,0.78438,0.76528,0.77031,0.72083,0.77266,0.66389,0.79141,0.62083,0.81172,0.59028,0.79219,0.59722,0.80078,0.55417,0.81172,0.53750,0.82266,0.54028,0.81641,0.60417,0.82734,0.55694,0.83906,0.54028,0.84688,0.54583,0.83516,0.62500,0.85078,0.57917,0.86250,0.56111,0.87031,0.56944,0.84922,0.65556,0.86641,0.62083,0.87813,0.60556,0.88516,0.60833,0.61445,0.81504,0.9992,0.75937,1.00000,0.8806,0.79407,0.76582,0.9906,0.72929,0.77622,0.78438,0.76528,110.81,0.9800,live,0.3242,0.3727,243.40,653.09
147806.241224,60.0,0.8078,4,4,0,0.78359,0.75694,0.77031,0.71111,0.77422,0.65833,0.79219,0.61667,0.81094,0.58611,0.79219,0.59028,0.80078,0.55000,0.81094,0.53333,0.82109,0.53750,0.81641,0.59861,0.82734,0.55000,0.83828,0.53472,0.84531,0.54028,0.83437,0.61806,0.85000,0.57361,0.86094,0.55417,0.86797,0.56111,0.84766,0.65000,0.86328,0.61667,0.87500,0.60000,0.88281,0.59861,0.61409,0.81514,0.9993,0.75837,1.00000,0.8826,0.79141,0.75708,0.9911,0.74015,0.77237,0.78359,0.75694,109.37,0.9896,live,0.3242,0.3367,220.04,653.46
147806.307641,60.0,0.8743,4,4,0,0.77891,0.75000,0.76406,0.70278,0.76797,0.64861,0.78750,0.60694,0.80859,0.57639,0.78594,0.58472,0.79453,0.54306,0.80547,0.52778,0.81406,0.53194,0.80937,0.59167,0.82031,0.54306,0.83125,0.52361,0.83750,0.52917,0.82812,0.60972,0.84297,0.56528,0.85391,0.54306,0.86016,0.54583,0.84219,0.64028,0.85781,0.60833,0.86953,0.59167,0.87656,0.58889,0.61383,0.81473,0.9993,0.75961,1.00000,0.8863,0.78958,0.75110,0.9916,0.74790,0.76789,0.77891,0.75000,108.83,0.9859,live,0.3184,0.2918,190.66,653.41
147806.374742,60.0,0.9414,4,4,0,0.76406,0.73889,0.75000,0.69028,0.75156,0.63611,0.76719,0.59306,0.78516,0.56111,0.76953,0.56944,0.77891,0.52639,0.78984,0.51250,0.79922,0.51667,0.79375,0.57778,0.80625,0.52917,0.81719,0.51250,0.82422,0.51389,0.81328,0.59722,0.82891,0.55278,0.83828,0.53194,0.84375,0.53333,0.82734,0.62917,0.84141,0.59444,0.85313,0.57500,0.86172,0.56806,0.61281,0.81468,0.9994,0.74236,1.00000,0.8906,0.78907,0.74203,0.9920,0.75113,0.76209,0.76406,0.73889,110.75,0.9924,live,0.3043,0.2402,157.26,654.74
147806.441342,60.0,0.0080,4,1,1,0.74687,0.71528,0.73047,0.66806,0.72578,0.60972,0.73750,0.55972,0.75547,0.52500,0.74766,0.53750,0.75313,0.49444,0.75859,0.48056,0.76484,0.48194,0.77031,0.54306,0.77812,0.49444,0.78438,0.47778,0.78828,0.48056,0.78984,0.55972,0.80156,0.51389,0.80781,0.49583,0.81094,0.50000,0.80703,0.58889,0.82031,0.55417,0.82656,0.53611,0.82891,0.53194,0.61172,0.81669,0.9994,0.75256,1.00000,0.8907,0.77528,0.72323,0.9925,0.75028,0.75273,0.74687,0.71528,114.83,0.9836,live,0.2835,0.1884,124.15,658.85
147806.507830,60.0,0.0744,4,1,1,0.71953,0.67361,0.70391,0.61528,0.70391,0.56111,0.71328,0.51111,0.72031,0.46806,0.71797,0.49444,0.72031,0.45139,0.72266,0.43056,0.72578,0.41667,0.73984,0.50417,0.74375,0.45833,0.74687,0.44028,0.75000,0.42083,0.75469,0.52083,0.76250,0.48056,0.76562,0.45556,0.76953,0.44167,0.77187,0.55417,0.77969,0.51528,0.78359,0.49028,0.78672,0.46806,0.60841,0.81711,0.9994,0.74997,1.00000,0.8925,0.74666,0.66234,0.9929,0.74413,0.73691,0.71953,0.67361,111.02,0.9837,live,0.2591,0.1483,97.82,659.72
147806.574452,60.0,0.1411,4,1,1,0.69766,0.62500,0.67656,0.56111,0.67031,0.50556,0.67656,0.45000,0.68203,0.39583,0.69063,0.44722,0.69063,0.40000,0.68906,0.37222,0.68750,0.34583,0.70859,0.45278,0.71094,0.40278,0.71094,0.37222,0.70859,0.34583,0.72188,0.46389,0.72813,0.41944,0.72891,0.38750,0.72656,0.36667,0.73828,0.48611,0.74609,0.44722,0.74844,0.42083,0.74844,0.39722,0.60708,0.81376,0.9995,0.75001,1.00000,0.8930,0.72272,0.59903,0.9931,0.73484,0.71453,0.69766,0.62500,108.23,0.9293,live,0.2350,0.1250,82.32,658.48
147806.641292,60.0,0.2079,4,1,1,0.67031,0.55556,0.64375,0.49167,0.63438,0.43472,0.63750,0.38333,0.64141,0.34306,0.65312,0.38472,0.64687,0.33750,0.64297,0.30694,0.64062,0.27500,0.67031,0.38056,0.66953,0.33333,0.66797,0.30139,0.66484,0.26806,0.68516,0.38611,0.68906,0.34444,0.68672,0.31111,0.68281,0.28194,0.70234,0.40278,0.70625,0.36250,0.70547,0.33611,0.70234,0.31111,0.60468,0.80470,0.9995,0.74902,0.96132,0.8967,0.68308,0.52520,0.9936,0.72193,0.68273,0.67031,0.55556,108.17,0.9172,live,0.2154,0.1262,82.94,657.34
147806.707731,60.0,0.2743,4,1,1,0.64453,0.49028,0.61328,0.42778,0.60234,0.36944,0.60547,0.31667,0.60781,0.27361,0.62031,0.32083,0.61328,0.27222,0.60859,0.24028,0.60547,0.20556,0.63750,0.31528,0.63672,0.26667,0.63438,0.23056,0.63125,0.19722,0.65469,0.32083,0.65703,0.27500,0.65547,0.23750,0.65156,0.20278,0.67266,0.33611,0.67656,0.29306,0.67344,0.26389,0.66953,0.23750,0.60096,0.79142,0.9995,0.74297,0.91756,0.8948,0.65807,0.47592,0.9938,0.70645,0.64424,0.64453,0.49028,109.20,0.9595,live,0.2070,0.1688,110.91,657.08
147806.774816,60.0,0.3414,4,1,1,0.63047,0.42361,0.59688,0.36389,0.58359,0.30694,0.58047,0.25000,0.58437,0.20556,0.59844,0.26250,0.59219,0.21250,0.58750,0.17917,0.58359,0.14444,0.61562,0.25556,0.61328,0.20278,0.61094,0.16667,0.60781,0.13333,0.63203,0.25556,0.63203,0.20833,0.62891,0.17083,0.62422,0.13889,0.65000,0.26528,0.65000,0.22083,0.64766,0.19306,0.64453,0.16806,0.59877,0.77909,0.9995,0.73529,0.83325,0.8947,0.64710,0.41987,0.9941,0.69125,0.60011,0.63047,0.42361,107.06,0.9514,live,0.2070,0.2225,145.79,655.32
147806.841741,60.0,0.4084,4,1,1,0.62109,0.36667,0.58516,0.30694,0.57188,0.25139,0.57031,0.19861,0.57344,0.15556,0.58750,0.21250,0.57969,0.16667,0.57266,0.13472,0.56641,0.10278,0.60391,0.20139,0.59922,0.15139,0.59297,0.11806,0.58437,0.08611,0.62031,0.20139,0.61797,0.15417,0.61250,0.12083,0.60391,0.09306,0.63828,0.21111,0.63672,0.16667,0.63281,0.13750,0.62656,0.11111,0.59514,0.77713,0.9995,0.72048,0.78211,0.8980,0.64343,0.36886,0.9945,0.67722,0.55343,0.62109,0.36667,104.80,0.9356,live,0.2197,0.2777,181.09,652.14
147806.908286,60.0,0.4749,4,1,1,0.61406,0.31667,0.57812,0.26944,0.56641,0.21667,0.56641,0.16528,0.56875,0.12639,0.58203,0.17639,0.57500,0.13194,0.56797,0.10556,0.56094,0.07917,0.59844,0.16528,0.59453,0.11806,0.58750,0.09028,0.57812,0.06250,0.61406,0.16528,0.61328,0.11806,0.60703,0.08889,0.59844,0.06528,0.63125,0.17083,0.62969,0.13056,0.62500,0.10417,0.61797,0.08056,0.58701,0.77313,0.9995,0.71937,0.74770,0.9014,0.62931,0.31954,0.9948,0.66459,0.50607,0.61406,0.31667,97.56,0.9596,live,0.2403,0.3339,215.06,644.12
147806.974882,60.0,0.5415,4,1,1,0.60859,0.28750,0.57422,0.25000,0.56250,0.19861,0.56250,0.14861,0.56484,0.10972,0.57969,0.16111,0.57344,0.11944,0.56641,0.09306,0.55937,0.06806,0.59609,0.15278,0.59219,0.10556,0.58516,0.07778,0.57578,0.05139,0.61172,0.15139,0.61016,0.10417,0.60391,0.07500,0.59531,0.05000,0.62734,0.15556,0.62656,0.11528,0.62187,0.08750,0.61406,0.06528,0.58508,0.76500,0.9995,0.71460,0.70900,0.9043,0.62844,0.29684,0.9950,0.65339,0.46236,0.60859,0.28750,88.92,0.9707,live,0.2664,0.3853,243.08,630.85
147807.041319,60.0,0.6079,4,1,1,0.60703,0.28056,0.57422,0.24306,0.56250,0.19444,0.56094,0.14583,0.56406,0.10833,0.58047,0.16389,0.57266,0.12222,0.56563,0.09583,0.55781,0.06944,0.59609,0.15278,0.59141,0.10694,0.58437,0.07778,0.57422,0.05139,0.61094,0.15000,0.60859,0.10278,0.60156,0.07361,0.59297,0.05139,0.62656,0.15278,0.62500,0.11250,0.62031,0.08611,0.61250,0.06389,0.58542,0.76238,0.9994,0.70628,0.69559,0.9072,0.62958,0.30596,0.9953,0.64412,0.42600,0.60703,0.28056,84.64,0.9667,live,0.2978,0.4410,271.67,616.09
147807.108212,60.0,0.6748,4,1,1,0.60391,0.27917,0.57188,0.24444,0.56016,0.19861,0.55859,0.15139,0.56172,0.11250,0.57891,0.16667,0.57188,0.12639,0.56406,0.10139,0.55547,0.07639,0.59375,0.15556,0.58984,0.11111,0.58125,0.08333,0.57109,0.05833,0.60781,0.15417,0.60547,0.10694,0.59922,0.07778,0.58984,0.05694,0.62344,0.15556,0.62187,0.11528,0.61641,0.09028,0.60859,0.06944,0.58527,0.76286,0.9994,0.70703,0.69491,0.9114,0.62472,0.30894,0.9955,0.63608,0.39663,0.60391,0.27917,81.76,0.9754,live,0.3225,0.4350,261.47,601.02
147807.175021,60.0,0.7416,4,1,1,0.60156,0.28194,0.56875,0.25000,0.55703,0.20417,0.55625,0.15556,0.55859,0.11806,0.57812,0.17500,0.57109,0.13472,0.56250,0.10972,0.55391,0.08611,0.59219,0.16250,0.58750,0.11806,0.57891,0.09028,0.56875,0.06667,0.60625,0.15972,0.60391,0.11250,0.59609,0.08333,0.58672,0.06250,0.62187,0.15972,0.61953,0.12083,0.61328,0.09583,0.60391,0.07500,0.58472,0.76197,0.9994,0.70644,0.68855,0.9130,0.62158,0.30488,0.9957,0.62917,0.37369,0.60156,0.28194,79.58,0.9788,live,0.3419,0.4302,252.20,586.19
147807.241495,60.0,0.8081,4,1,1,0.60000,0.29028,0.56719,0.25694,0.55547,0.21250,0.55391,0.16528,0.55703,0.12778,0.57656,0.18333,0.56875,0.14444,0.56016,0.11806,0.55078,0.09583,0.59141,0.17083,0.58594,0.12778,0.57656,0.10000,0.56563,0.07639,0.60469,0.16806,0.60156,0.12222,0.59375,0.09306,0.58281,0.07222,0.62109,0.16806,0.61797,0.12917,0.61094,0.10417,0.60156,0.08472,0.58479,0.76173,0.9994,0.70503,0.69954,0.9142,0.62180,0.31175,0.9957,0.62334,0.35701,0.60000,0.29028,79.86,0.9738,live,0.3534,0.4056,232.56,573.35
147807.308558,60.0,0.8752,4,1,1,0.60000,0.29861,0.56719,0.26389,0.55547,0.22083,0.55391,0.17500,0.55625,0.13611,0.57578,0.19167,0.56797,0.15278,0.55937,0.12639,0.55000,0.10417,0.59062,0.18056,0.58516,0.13611,0.57656,0.10833,0.56484,0.08472,0.60469,0.17639,0.60156,0.13056,0.59375,0.10139,0.58281,0.08056,0.62031,0.17639,0.61797,0.13611,0.61094,0.11250,0.60156,0.09306,0.58456,0.76181,0.9994,0.70386,0.70152,0.9144,0.61999,0.31262,0.9959,0.61867,0.34533,0.60000,0.29861,79.67,0.9705,live,0.3534,0.3659,205.63,561.91
147807.375025,60.0,0.9416,4,1,1,0.59844,0.31250,0.56719,0.28056,0.55547,0.23333,0.55469,0.18611,0.55781,0.14722,0.57734,0.20278,0.56875,0.16250,0.56016,0.13750,0.55000,0.11389,0.59219,0.19028,0.58750,0.14583,0.57812,0.11667,0.56641,0.09306,0.60703,0.18750,0.60469,0.14167,0.59609,0.11111,0.58437,0.09167,0.62266,0.18889,0.62109,0.14861,0.61406,0.12361,0.60313,0.10556,0.58459,0.76202,0.9994,0.70504,0.72376,0.9142,0.62065,0.33427,0.9960,0.61462,0.33876,0.59844,0.31250,81.24,0.9659,live,0.3464,0.3148,174.09,552.97
147807.441762,60.0,0.0084,4,2,0,0.59922,0.33889,0.56875,0.30556,0.55703,0.25694,0.55547,0.20833,0.56016,0.17083,0.57891,0.22222,0.57109,0.18194,0.56250,0.15556,0.55312,0.13194,0.59453,0.20972,0.58984,0.16528,0.58047,0.13611,0.56953,0.11111,0.60938,0.20833,0.60625,0.16250,0.59766,0.13333,0.58672,0.11250,0.62578,0.21250,0.62422,0.17222,0.61719,0.14722,0.60703,0.12917,0.58519,0.76203,0.9993,0.70558,0.77280,0.9131,0.62101,0.36112,0.9961,0.61154,0.33879,0.59922,0.33889,84.67,0.9652,live,0.3295,0.2525,138.28,547.57
147807.508487,60.0,0.0751,4,2,0,0.60156,0.38333,0.57188,0.35278,0.55859,0.30000,0.55703,0.25000,0.56016,0.21111,0.57969,0.25556,0.57266,0.21250,0.56406,0.18750,0.55391,0.16806,0.59688,0.24583,0.59375,0.19722,0.58437,0.16944,0.57266,0.14861,0.61328,0.24722,0.61094,0.19583,0.60313,0.16944,0.59219,0.15139,0.62969,0.25417,0.62969,0.21111,0.62344,0.18750,0.61328,0.16944,0.58524,0.76248,0.9993,0.70515,0.85236,0.9119,0.62131,0.39858,0.9962,0.60955,0.34770,0.60156,0.38333,89.77,0.9759,live,0.3049,0.1925,105.21,546.50
147807.575259,60.0,0.1419,4,2,0,0.60313,0.44167,0.57578,0.41944,0.55937,0.36389,0.55625,0.31528,0.55859,0.27500,0.58281,0.30417,0.57500,0.25694,0.56484,0.23611,0.55234,0.21944,0.60078,0.29583,0.59844,0.24167,0.58906,0.21528,0.57656,0.20000,0.61797,0.30278,0.61641,0.24722,0.60859,0.22222,0.59688,0.20833,0.63516,0.31667,0.63594,0.27222,0.62891,0.24861,0.61797,0.23472,0.58438,0.76832,0.9994,0.70491,0.90638,0.9097,0.62055,0.45554,0.9963,0.60826,0.36649,0.60313,0.44167,93.48,0.9863,live,0.2755,0.1419,77.79,548.22
147807.641832,60.0,0.2084,4,2,0,0.60547,0.56944,0.57734,0.53333,0.56172,0.47500,0.55781,0.43056,0.56016,0.38889,0.58984,0.40139,0.58359,0.35139,0.57266,0.32500,0.56016,0.31250,0.61016,0.39722,0.60938,0.34028,0.60000,0.31111,0.58672,0.30139,0.62813,0.41250,0.63281,0.35278,0.62500,0.32917,0.61328,0.32639,0.64375,0.44028,0.64687,0.39722,0.64062,0.37361,0.63047,0.36389,0.58551,0.77323,0.9994,0.70451,0.95999,0.9067,0.62062,0.55367,0.9962,0.60770,0.40708,0.60547,0.56944,106.59,0.9915,live,0.2456,0.1093,61.14,559.18
147807.708543,60.0,0.2752,4,2,0,0.61172,0.69028,0.58516,0.65972,0.56797,0.61389,0.56328,0.58056,0.56797,0.54583,0.59922,0.52917,0.59766,0.47083,0.58594,0.45417,0.57578,0.46250,0.62109,0.53194,0.62734,0.46389,0.61719,0.45417,0.60703,0.47361,0.64062,0.55417,0.65078,0.48889,0.64062,0.48333,0.62891,0.49722,0.65625,0.59306,0.66484,0.55972,0.65625,0.54861,0.64531,0.55139,0.59306,0.79177,0.9994,0.70042,1.00000,0.9049,0.62282,0.68267,0.9960,0.60851,0.46372,0.61172,0.69028,102.07,0.9804,live,0.2313,0.1663,94.07,565.57
147807.775060,60.0,0.3417,4,2,0,0.61641,0.72917,0.59531,0.72500,0.57969,0.70556,0.57188,0.69444,0.57422,0.67500,0.60625,0.62222,0.60234,0.58194,0.59453,0.58472,0.58672,0.60556,0.63047,0.63056,0.63984,0.56806,0.63203,0.58056,0.62344,0.61667,0.65000,0.65972,0.66406,0.61250,0.65312,0.62778,0.64141,0.65694,0.66641,0.70278,0.67812,0.68750,0.67266,0.69722,0.66328,0.71250,0.60160,0.79646,0.9994,0.69272,1.00000,0.9056,0.62790,0.79680,0.9961,0.61009,0.51681,0.61641,0.72917,78.62,0.9888,live,0.2313,0.2341,129.75,554.31
147807.841959,60.0,0.4086,4,2,0,0.64062,0.75139,0.61641,0.73889,0.60000,0.70694,0.58516,0.71528,0.57812,0.73611,0.62109,0.68472,0.61562,0.64583,0.60234,0.65833,0.59141,0.68889,0.64609,0.70278,0.65625,0.65000,0.64141,0.66944,0.62500,0.70972,0.66484,0.73194,0.67969,0.69306,0.66484,0.71667,0.64922,0.74722,0.67812,0.76528,0.68906,0.75972,0.68359,0.77917,0.67578,0.80139,0.61134,0.79787,0.9994,0.67777,1.00000,0.9026,0.63763,0.89074,0.9957,0.61619,0.56373,0.64062,0.75139,58.02,0.9950,live,0.2450,0.3070,162.58,529.57
147807.908944,60.0,0.4756,4,2,0,0.61641,0.85417,0.59375,0.84444,0.57891,0.80556,0.57891,0.78472,0.59219,0.77361,0.61719,0.72361,0.62266,0.66667,0.60859,0.68056,0.59375,0.71389,0.64297,0.74583,0.66328,0.67222,0.64766,0.69306,0.63125,0.73472,0.66094,0.78056,0.68281,0.72222,0.66719,0.74167,0.65156,0.77361,0.67500,0.82639,0.69297,0.79722,0.68516,0.81111,0.67422,0.83056,0.61038,0.80095,0.9994,0.66547,1.00000,0.8842,0.63704,0.90644,0.9940,0.61624,0.62181,0.61641,0.85417,90.34,0.9983,live,0.2700,0.3843,204.09,531.07
147807.975389,60.0,0.5420,4,2,0,0.61953,0.87361,0.59375,0.85278,0.57812,0.80417,0.57266,0.77917,0.58984,0.75833,0.61484,0.72361,0.62266,0.66528,0.60859,0.67083,0.59453,0.70139,0.63906,0.74167,0.66094,0.67083,0.64531,0.68611,0.62969,0.72222,0.65859,0.77639,0.68125,0.71389,0.66719,0.73056,0.65156,0.76250,0.67266,0.82222,0.69141,0.78472,0.68047,0.79444,0.66641,0.81528,0.61211,0.80887,0.9994,0.66744,1.00000,0.8857,0.63856,0.90421,0.9940,0.61690,0.67217,0.61953,0.87361,96.59,0.9966,live,0.3020,0.4476,240.32,536.89
147808.042166,60.0,0.6088,4,2,0,0.62031,0.87083,0.59375,0.84167,0.57891,0.79306,0.57500,0.76667,0.59062,0.75000,0.61641,0.70833,0.62109,0.65000,0.60547,0.65694,0.59062,0.68611,0.63984,0.72778,0.65859,0.65556,0.64297,0.66806,0.62734,0.70278,0.65859,0.76111,0.67969,0.69861,0.66484,0.70972,0.64844,0.73889,0.67266,0.80833,0.69141,0.77222,0.68125,0.77639,0.66641,0.79444,0.61640,0.80785,0.9994,0.67930,1.00000,0.8867,0.64491,0.89598,0.9939,0.61758,0.71191,0.62031,0.87083,101.41,0.9972,live,0.3343,0.4813,262.53,545.47
147808.108720,60.0,0.6753,4,2,0,0.61875,0.86111,0.59375,0.82917,0.57812,0.78194,0.57656,0.75417,0.58984,0.73056,0.61562,0.69444,0.61953,0.63611,0.60547,0.64167,0.59062,0.67083,0.63906,0.71250,0.65547,0.64167,0.63984,0.65139,0.62500,0.68472,0.65703,0.74583,0.67734,0.68333,0.66328,0.69306,0.64687,0.72083,0.67188,0.79306,0.68984,0.75556,0.67969,0.75972,0.66484,0.77500,0.61412,0.80532,0.9993,0.66897,1.00000,0.8672,0.64450,0.88141,0.9925,0.61781,0.74175,0.61875,0.86111,103.78,0.9972,live,0.3619,0.4876,270.49,554.74
147808.175888,60.0,0.7425,4,2,0,0.62031,0.85139,0.59453,0.82083,0.57812,0.77222,0.57500,0.74583,0.58906,0.72222,0.61562,0.68472,0.61953,0.62639,0.60469,0.62778,0.58984,0.65556,0.63906,0.70139,0.65469,0.62917,0.63906,0.63750,0.62422,0.66806,0.65703,0.73333,0.67734,0.67083,0.66328,0.67639,0.64687,0.70278,0.67188,0.78194,0.68906,0.74444,0.67969,0.74583,0.66484,0.76111,0.61449,0.80347,0.9993,0.67230,1.00000,0.8528,0.64226,0.88245,0.9909,0.61831,0.76368,0.62031,0.85139,103.50,0.9968,live,0.3790,0.4569,257.11,562.69
147808.242856,60.0,0.8095,4,2,0,0.61953,0.84306,0.59375,0.81250,0.57812,0.76250,0.57578,0.73611,0.58828,0.71111,0.61562,0.67500,0.62031,0.61667,0.60469,0.61806,0.59062,0.64444,0.63906,0.69028,0.65469,0.61944,0.63906,0.62361,0.62344,0.65417,0.65703,0.72222,0.67734,0.65833,0.66250,0.66250,0.64609,0.69028,0.67109,0.76944,0.68906,0.73194,0.67891,0.73194,0.66406,0.75000,0.60891,0.80663,0.9993,0.67265,1.00000,0.8431,0.64210,0.87626,0.9907,0.61856,0.77955,0.61953,0.84306,104.22,0.9972,live,0.3790,0.3994,227.76,570.20
147808.309082,60.0,0.8757,4,2,0,0.61328,0.83889,0.58828,0.80556,0.57422,0.75556,0.57422,0.72500,0.58437,0.69583,0.61094,0.66806,0.61484,0.61111,0.60078,0.61111,0.58594,0.63750,0.63359,0.68333,0.65078,0.61250,0.63516,0.61667,0.61875,0.64722,0.65156,0.71667,0.67188,0.65417,0.65781,0.65556,0.64141,0.67917,0.66563,0.76389,0.68359,0.72639,0.67422,0.72361,0.65938,0.73611,0.60466,0.80832,0.9993,0.66728,1.00000,0.8295,0.63537,0.86832,0.9901,0.61750,0.79142,0.61328,0.83889,105.59,0.9977,live,0.3725,0.3427,198.01,577.80
147808.375752,60.0,0.9424,4,2,0,0.60000,0.84028,0.57578,0.80417,0.56172,0.75278,0.55625,0.71944,0.56797,0.69444,0.59766,0.66944,0.60469,0.60556,0.58594,0.60833,0.56953,0.63194,0.61875,0.68611,0.63516,0.61250,0.61406,0.62222,0.59688,0.65000,0.63594,0.71806,0.65625,0.65000,0.63828,0.65694,0.62187,0.67917,0.65000,0.76250,0.66797,0.71806,0.65625,0.71806,0.64141,0.73333,0.60468,0.80888,0.9992,0.66870,1.00000,0.8245,0.63012,0.86725,0.9899,0.61400,0.80119,0.60000,0.84028,104.10,0.9939,live,0.3582,0.2932,171.07,583.42
147808.442358,60.0,0.0090,4,3,0,0.57734,0.84722,0.55156,0.80417,0.53359,0.75556,0.52969,0.72361,0.54141,0.70972,0.56953,0.66944,0.57109,0.61111,0.55000,0.61944,0.53438,0.64167,0.59141,0.68889,0.60469,0.61528,0.58125,0.62917,0.56406,0.65833,0.60938,0.72222,0.62656,0.65694,0.60469,0.66667,0.58828,0.68889,0.62578,0.76806,0.63984,0.72083,0.62500,0.72361,0.60938,0.73889,0.59359,0.81465,0.9992,0.66861,1.00000,0.8182,0.60413,0.86136,0.9892,0.60667,0.81040,0.57734,0.84722,107.29,0.9951,live,0.3354,0.2313,136.63,590.65
147808.508728,60.0,0.0753,4,3,0,0.54688,0.85833,0.52031,0.80972,0.50156,0.76389,0.49531,0.73611,0.49609,0.71806,0.53281,0.68194,0.52812,0.62083,0.50391,0.63333,0.48516,0.65694,0.55391,0.70000,0.55391,0.62778,0.52422,0.64167,0.50391,0.66944,0.57266,0.73056,0.57734,0.66667,0.55078,0.67917,0.53125,0.70139,0.59062,0.77361,0.59766,0.73472,0.57891,0.73611,0.56016,0.74861,0.58834,0.79365,0.9993,0.65663,1.00000,0.8267,0.56962,0.85330,0.9897,0.59471,0.81998,0.54688,0.85833,106.15,0.9974,live,0.3190,0.2447,145.91,596.20
147808.575637,60.0,0.1423,4,3,0,0.52422,0.86667,0.49062,0.81111,0.46953,0.76528,0.45547,0.73750,0.44062,0.71667,0.50391,0.67639,0.47500,0.63333,0.44688,0.64306,0.42656,0.66389,0.52187,0.69028,0.49062,0.63750,0.45703,0.65278,0.43438,0.67917,0.53594,0.72083,0.51328,0.67222,0.47969,0.69167,0.45703,0.71667,0.54766,0.76528,0.53203,0.73472,0.50781,0.74167,0.48906,0.75556,0.60027,0.79371,0.9993,0.65694,1.00000,0.8369,0.53756,0.85471,0.9903,0.58061,0.82932,0.52422,0.86667,107.61,0.9979,live,0.2908,0.1619,97.50,602.14
147808.642300,60.0,0.2089,4,3,0,0.48828,0.85694,0.44688,0.80417,0.42656,0.75417,0.41406,0.71389,0.40078,0.68472,0.45156,0.66528,0.41641,0.63472,0.38984,0.64444,0.37188,0.66250,0.46563,0.67222,0.42266,0.63611,0.39062,0.65139,0.37109,0.67500,0.47578,0.69861,0.43906,0.66667,0.40625,0.68056,0.38594,0.70000,0.48125,0.73889,0.45312,0.72500,0.42656,0.73194,0.40781,0.74306,0.59362,0.77451,0.9989,0.61306,1.00000,0.8424,0.46602,0.82455,0.9889,0.56215,0.83485,0.48828,0.85694,108.15,0.9943,live,0.2676,0.1621,98.52,607.75
147808.709154,60.0,0.2758,4,3,0,0.44688,0.83750,0.39687,0.79306,0.36641,0.74722,0.34609,0.71667,0.32734,0.69167,0.39141,0.65000,0.35078,0.63056,0.32188,0.64444,0.30156,0.66528,0.40703,0.65694,0.35703,0.63194,0.32266,0.65139,0.30156,0.67500,0.41875,0.68472,0.37578,0.65278,0.34063,0.66806,0.31719,0.69028,0.42656,0.72778,0.39375,0.70972,0.36719,0.71806,0.34687,0.73333,0.59069,0.76972,0.9988,0.59757,1.00000,0.8412,0.42054,0.80340,0.9864,0.53909,0.83538,0.44688,0.83750,111.80,0.9964,live,0.2528,0.1854,114.07,615.31
147808.775718,60.0,0.3423,4,3,0,0.41172,0.82361,0.35859,0.79167,0.32344,0.75139,0.30000,0.72500,0.28125,0.69722,0.35703,0.64861,0.31953,0.62361,0.28984,0.63333,0.26641,0.65139,0.37266,0.65556,0.32656,0.62222,0.29297,0.64306,0.27109,0.66528,0.38516,0.67917,0.34531,0.64444,0.31172,0.66250,0.28906,0.68472,0.39297,0.71944,0.36094,0.69861,0.33437,0.70694,0.31484,0.71806,0.58593,0.76934,0.9982,0.57847,1.00000,0.8412,0.40377,0.80051,0.9797,0.51362,0.83302,0.41172,0.82361,105.62,0.9970,live,0.2528,0.2330,143.90,617.52
147808.842489,60.0,0.4091,4,3,0,0.39844,0.81528,0.34766,0.78333,0.31484,0.74167,0.29063,0.71667,0.27109,0.69028,0.34844,0.64306,0.31094,0.61806,0.28125,0.62639,0.25703,0.64583,0.36328,0.64861,0.31797,0.61528,0.28437,0.63472,0.26328,0.65833,0.37422,0.67083,0.33359,0.63611,0.30078,0.65556,0.27813,0.67639,0.37969,0.70833,0.34609,0.69028,0.32031,0.70000,0.30156,0.71111,0.58213,0.76334,0.9980,0.57842,1.00000,0.8462,0.39348,0.79435,0.9773,0.49058,0.82947,0.39844,0.81528,102.52,0.9974,live,0.2528,0.2733,168.67,617.23
147808.909163,60.0,0.4758,4,3,0,0.39687,0.80833,0.34766,0.77778,0.31406,0.73750,0.29141,0.71250,0.27422,0.68472,0.34844,0.63750,0.31172,0.61111,0.28125,0.61944,0.25703,0.63889,0.36406,0.64583,0.31875,0.61111,0.28437,0.63056,0.26328,0.65278,0.37578,0.66806,0.33594,0.63194,0.30234,0.65139,0.28047,0.67222,0.38203,0.70694,0.34922,0.68333,0.32266,0.69306,0.30469,0.70556,0.57932,0.76330,0.9978,0.57311,1.00000,0.8497,0.39207,0.79018,0.9738,0.47184,0.82525,0.39687,0.80833,100.86,0.9981,live,0.2610,0.2982,183.62,615.78
147808.975860,60.0,0.5425,4,3,0,0.40156,0.80556,0.35234,0.77778,0.31719,0.73611,0.29297,0.71250,0.27813,0.68472,0.35156,0.63472,0.31484,0.60972,0.28594,0.61944,0.26250,0.63889,0.36641,0.64167,0.32031,0.60833,0.28828,0.63056,0.26797,0.65556,0.37812,0.66389,0.33750,0.62917,0.30547,0.65000,0.28437,0.67361,0.38438,0.70278,0.35234,0.68056,0.32734,0.69167,0.30859,0.70556,0.57835,0.76546,0.9976,0.56837,1.00000,0.8464,0.39064,0.78020,0.9714,0.45778,0.82131,0.40156,0.80556,101.67,0.9988,live,0.2700,0.3112,191.42,615.09
147809.042608,60.0,0.6092,4,3,0,0.40391,0.80278,0.35703,0.77361,0.32188,0.73194,0.29766,0.70694,0.28281,0.67917,0.35859,0.63611,0.32344,0.60694,0.29375,0.61528,0.26875,0.63611,0.37266,0.64306,0.32734,0.60278,0.29453,0.62500,0.27344,0.65000,0.38438,0.66528,0.34453,0.62500,0.31094,0.64583,0.28906,0.66806,0.38984,0.70278,0.35938,0.67639,0.33359,0.68889,0.31484,0.70417,0.57613,0.76118,0.9972,0.56892,1.00000,0.8446,0.39634,0.76657,0.9657,0.44701,0.81760,0.40391,0.80278,97.93,0.9989,live,0.2772,0.3097,189.49,611.79
147809.109088,60.0,0.6757,4,3,0,0.40703,0.79861,0.36250,0.76944,0.32812,0.72778,0.30391,0.70278,0.28906,0.67500,0.36406,0.63056,0.32812,0.60139,0.29844,0.60972,0.27422,0.62917,0.37812,0.63889,0.33281,0.59583,0.30078,0.61944,0.28047,0.64583,0.38984,0.66111,0.35156,0.61667,0.31797,0.63889,0.29609,0.66250,0.39609,0.69861,0.36562,0.67083,0.33984,0.68194,0.32109,0.69722,0.57781,0.77098,0.9971,0.57105,1.00000,0.8400,0.39737,0.76323,0.9652,0.43901,0.81380,0.40703,0.79861,97.74,0.9988,live,0.2772,0.2988,181.91,608.75
147809.175996,60.0,0.7426,4,3,0,0.41094,0.79583,0.36641,0.76528,0.33359,0.72361,0.31094,0.69861,0.29375,0.66944,0.36641,0.62917,0.33203,0.59722,0.30391,0.60556,0.28047,0.62222,0.38203,0.63472,0.34063,0.59028,0.30703,0.61250,0.28672,0.63889,0.39453,0.65556,0.35859,0.61111,0.32422,0.63056,0.30312,0.65417,0.40156,0.69167,0.37266,0.66389,0.34609,0.67361,0.32734,0.68750,0.57610,0.76839,0.9963,0.57127,1.00000,0.8302,0.39939,0.76452,0.9575,0.43340,0.81021,0.41094,0.79583,98.55,0.9985,live,0.2772,0.2733,165.79,606.66
147809.242965,60.0,0.8096,4,3,0,0.41953,0.79306,0.37266,0.76111,0.33906,0.71944,0.31641,0.69444,0.29844,0.66389,0.37031,0.62778,0.33672,0.59444,0.30781,0.60139,0.28437,0.62083,0.38594,0.63472,0.34531,0.58889,0.31172,0.60833,0.28984,0.63333,0.39922,0.65417,0.36406,0.60694,0.32969,0.62500,0.30703,0.64861,0.40703,0.69028,0.37891,0.65972,0.35234,0.66667,0.33281,0.68056,0.57652,0.76807,0.9963,0.57179,1.00000,0.8264,0.40081,0.75195,0.9568,0.43062,0.80678,0.41953,0.79306,99.32,0.9989,live,0.2690,0.2319,140.36,605.37
147809.309093,60.0,0.8757,4,3,0,0.42500,0.79167,0.37891,0.76111,0.34609,0.71667,0.32500,0.69028,0.30469,0.66250,0.37656,0.62361,0.34453,0.59167,0.31641,0.60000,0.29297,0.61806,0.39219,0.63056,0.35391,0.58611,0.32031,0.60417,0.29844,0.62917,0.40625,0.65000,0.37266,0.60556,0.33906,0.62222,0.31641,0.64306,0.41563,0.68611,0.38750,0.65556,0.36172,0.66528,0.34375,0.67917,0.57569,0.76848,0.9964,0.57240,1.00000,0.8285,0.40133,0.74489,0.9587,0.42950,0.80376,0.42500,0.79167,100.88,0.9983,live,0.2628,0.2348,142.11,605.36
147809.375871,60.0,0.9425,4,3,0,0.43984,0.79722,0.39609,0.76667,0.36406,0.72222,0.34219,0.69583,0.32344,0.66667,0.39531,0.62361,0.36094,0.59167,0.33281,0.60139,0.30938,0.62083,0.41016,0.62778,0.36797,0.58750,0.33437,0.60556,0.31406,0.62778,0.42266,0.64861,0.38516,0.60556,0.35234,0.62500,0.33281,0.64583,0.43125,0.68472,0.40234,0.65833,0.37812,0.66806,0.36172,0.68056,0.58114,0.76971,0.9966,0.58505,1.00000,0.8303,0.41397,0.74588,0.9596,0.43157,0.80245,0.43984,0.79722,102.64,0.9985,live,0.2394,0.1328,80.57,606.62
147809.442748,60.0,0.0094,4,4,0,0.46016,0.80694,0.41953,0.77500,0.38984,0.72917,0.37031,0.70000,0.35547,0.67222,0.41797,0.63472,0.39375,0.59028,0.36562,0.60000,0.34297,0.62222,0.43359,0.64028,0.40313,0.58889,0.36875,0.60556,0.34844,0.62917,0.44844,0.66111,0.42188,0.60833,0.38906,0.62500,0.36953,0.64583,0.46016,0.69583,0.43906,0.66111,0.41484,0.66667,0.39766,0.68056,0.58111,0.77006,0.9968,0.60226,1.00000,0.8338,0.44756,0.75447,0.9607,0.43729,0.80335,0.46016,0.80694,102.41,0.9987,live,0.2131,0.0932,56.63,607.56
147809.509170,60.0,0.0758,4,4,0,0.49688,0.82222,0.45781,0.78056,0.42812,0.73750,0.41016,0.70694,0.40625,0.67500,0.45703,0.65139,0.44375,0.60139,0.41797,0.60972,0.39766,0.63056,0.47578,0.65556,0.46094,0.59583,0.42969,0.61111,0.41016,0.63750,0.49453,0.67639,0.48438,0.61667,0.45469,0.63194,0.43672,0.65972,0.51016,0.71111,0.50000,0.67361,0.47656,0.67917,0.45937,0.69306,0.58119,0.77086,0.9970,0.63178,1.00000,0.8434,0.50082,0.77268,0.9640,0.44920,0.80712,0.49688,0.82222,104.60,0.9953,live,0.1862,0.0634,38.67,609.96
147809.575996,60.0,0.1426,4,4,0,0.52969,0.83194,0.50156,0.79167,0.48281,0.74444,0.47734,0.70694,0.48672,0.68056,0.50703,0.66111,0.51094,0.60694,0.49453,0.61250,0.48047,0.63611,0.52266,0.66806,0.52734,0.60833,0.50469,0.60972,0.48906,0.63056,0.53750,0.68611,0.54453,0.63472,0.52578,0.63194,0.51172,0.64861,0.54844,0.71528,0.55000,0.68333,0.53828,0.67778,0.52891,0.68194,0.58196,0.77824,0.9973,0.66571,1.00000,0.8548,0.56397,0.79172,0.9674,0.46530,0.81209,0.52969,0.83194,99.47,0.9702,live,0.1666,0.0774,47.11,608.38
147809.642916,60.0,0.2095,4,4,0,0.52969,0.83194,0.50156,0.79167,0.48281,0.74444,0.47734,0.70694,0.48672,0.68056,0.50703,0.66111,0.51094,0.60694,0.49453,0.61250,0.48047,0.63611,0.52266,0.66806,0.52734,0.60833,0.50469,0.60972,0.48906,0.63056,0.53750,0.68611,0.54453,0.63472,0.52578,0.63194,0.51172,0.64861,0.54844,0.71528,0.55000,0.68333,0.53828,0.67778,0.52891,0.68194,0.60414,0.79315,0.9975,0.69120,1.00000,0.8641,0.63568,0.80926,0.9703,0.46530,0.81209,0.52969,0.83194,99.47,0.5821,hold,0.1666,0.0774,47.11,608.38
147809.709445,60.0,0.2761,4,4,0,0.70234,0.81250,0.68125,0.77500,0.67812,0.71528,0.69063,0.67083,0.71094,0.64722,0.72266,0.64444,0.74219,0.59583,0.73438,0.59583,0.72500,0.61944,0.74609,0.66250,0.77422,0.61250,0.76016,0.61111,0.74531,0.63611,0.76328,0.69167,0.79219,0.64861,0.77734,0.64306,0.76250,0.66528,0.77578,0.73056,0.79844,0.69583,0.78672,0.68611,0.77187,0.69861,0.60339,0.80650,0.9977,0.70603,1.00000,0.8616,0.71744,0.80611,0.9725,0.51271,0.81217,0.70234,0.81250,112.11,0.9933,live,0.1666,0.1732,106.74,616.09
147809.776204,60.0,0.3428,4,4,0,0.76094,0.83472,0.80078,0.79722,0.83047,0.74028,0.85078,0.70556,0.87031,0.68472,0.80547,0.65972,0.82109,0.61667,0.83672,0.61389,0.85078,0.63472,0.78438,0.65833,0.80078,0.60417,0.81875,0.59861,0.83359,0.61944,0.76328,0.67639,0.77109,0.61806,0.78750,0.60417,0.80312,0.60972,0.74141,0.70972,0.74844,0.67917,0.76328,0.66528,0.77891,0.66250,0.60209,0.80586,0.9979,0.70640,1.00000,0.8646,0.76860,0.80347,0.9746,0.76094,0.83472,0.76094,0.83472,112.94,0.9796,live,0.2593,0.6815,424.88,623.48
147809.842772,60.0,0.4094,4,4,0,0.78984,0.81528,0.77500,0.76667,0.77500,0.70833,0.79844,0.67361,0.82500,0.65972,0.81406,0.64028,0.82734,0.59722,0.83828,0.59028,0.84766,0.60556,0.84062,0.65139,0.86172,0.60000,0.87578,0.59306,0.88359,0.61389,0.86016,0.67778,0.88750,0.63333,0.90234,0.63056,0.90938,0.65278,0.87344,0.71806,0.89922,0.69444,0.91406,0.68889,0.92266,0.70000,0.60195,0.80903,0.9981,0.71792,1.00000,0.8651,0.79929,0.79843,0.9764,0.60835,0.81307,0.78984,0.81528,121.69,0.9673,live,0.3328,0.6678,424.88,636.27
147809.909516,60.0,0.4761,4,4,0,0.80547,0.81250,0.78984,0.76250,0.79297,0.70556,0.81719,0.67222,0.84219,0.64722,0.83125,0.63889,0.84453,0.59583,0.86016,0.58611,0.87344,0.59861,0.85781,0.65139,0.87734,0.60000,0.89375,0.59167,0.90469,0.60972,0.87578,0.67778,0.89844,0.63611,0.91563,0.62778,0.92422,0.64444,0.88750,0.71528,0.91094,0.69028,0.92656,0.68472,0.93594,0.69444,0.60544,0.80935,0.9983,0.73097,1.00000,0.8636,0.80963,0.79775,0.9781,0.64778,0.81295,0.80547,0.81250,120.01,0.9447,live,0.3905,0.6533,422.23,646.33
147809.976474,60.0,0.5431,4,4,0,0.80781,0.80972,0.79453,0.75556,0.79922,0.70000,0.82500,0.66944,0.85078,0.65000,0.83516,0.63472,0.84766,0.59306,0.86172,0.58333,0.87422,0.59444,0.86172,0.65000,0.87969,0.60000,0.89531,0.59028,0.90547,0.60556,0.87969,0.67639,0.90156,0.63472,0.91719,0.62639,0.92656,0.63889,0.89141,0.71667,0.91406,0.68889,0.92891,0.68056,0.93906,0.68611,0.60560,0.81138,0.9984,0.73270,1.00000,0.8648,0.81524,0.79458,0.9797,0.67978,0.81231,0.80781,0.80972,121.05,0.9695,live,0.4341,0.6325,414.89,655.93
147810.043096,60.0,0.6097,4,4,0,0.80859,0.80694,0.79453,0.75556,0.79844,0.70000,0.82344,0.66528,0.84844,0.64028,0.83359,0.63194,0.84609,0.58889,0.86094,0.57917,0.87500,0.59028,0.86016,0.64583,0.87891,0.59583,0.89453,0.58611,0.90469,0.60000,0.87891,0.67222,0.90078,0.63056,0.91641,0.61944,0.92500,0.63472,0.89062,0.71111,0.91328,0.68333,0.92812,0.67361,0.93750,0.67917,0.60901,0.81195,0.9985,0.73372,1.00000,0.8610,0.81770,0.79628,0.9809,0.70555,0.81123,0.80859,0.80694,120.43,0.9655,live,0.4642,0.6017,399.51,663.93
147810.109652,60.0,0.6763,4,4,0,0.80859,0.80417,0.79375,0.75278,0.79766,0.69583,0.82188,0.65972,0.84688,0.63333,0.83281,0.63056,0.84453,0.58750,0.85859,0.57500,0.87187,0.58611,0.85938,0.64306,0.87734,0.59306,0.89219,0.58194,0.90234,0.59444,0.87734,0.66944,0.89922,0.62778,0.91406,0.61667,0.92266,0.62917,0.88906,0.70694,0.91172,0.67917,0.92656,0.67083,0.93594,0.67500,0.61079,0.81289,0.9987,0.73877,1.00000,0.8659,0.81871,0.78454,0.9823,0.72615,0.80982,0.80859,0.80417,119.22,0.9568,live,0.4824,0.5654,378.84,670.10
147810.176187,60.0,0.7428,4,4,0,0.80547,0.80139,0.79063,0.75000,0.79375,0.69167,0.81641,0.65417,0.84062,0.62917,0.82969,0.62778,0.84141,0.58333,0.85547,0.57222,0.86641,0.58472,0.85547,0.63889,0.87344,0.58889,0.88828,0.57778,0.89687,0.59167,0.87266,0.66528,0.89531,0.62222,0.91016,0.60972,0.91797,0.62083,0.88438,0.70278,0.90625,0.67639,0.92188,0.66667,0.93203,0.67083,0.61174,0.81364,0.9988,0.73743,1.00000,0.8659,0.81481,0.77850,0.9833,0.74202,0.80813,0.80547,0.80139,118.50,0.9488,live,0.4824,0.4716,318.31,675.01
147810.243726,60.0,0.8103,4,4,0,0.80156,0.79306,0.78516,0.74444,0.78672,0.68750,0.80859,0.64861,0.83125,0.61944,0.82422,0.62083,0.83437,0.57778,0.84766,0.56528,0.85938,0.57639,0.85000,0.63194,0.86719,0.58194,0.88125,0.56806,0.88906,0.58194,0.86875,0.65694,0.89141,0.61250,0.90469,0.60139,0.90938,0.61528,0.88047,0.69444,0.90234,0.66528,0.91563,0.65556,0.92031,0.66111,0.61168,0.81353,0.9989,0.73742,1.00000,0.8673,0.81311,0.77198,0.9844,0.75393,0.80512,0.80156,0.79306,117.93,0.9358,live,0.4824,0.4690,318.45,678.92
147810.309707,60.0,0.8763,4,4,0,0.79297,0.77778,0.77656,0.72778,0.77500,0.66944,0.79609,0.62917,0.82031,0.60556,0.81172,0.60417,0.82266,0.55972,0.83516,0.55139,0.84375,0.56667,0.83828,0.61528,0.85469,0.56250,0.86797,0.54861,0.87344,0.56528,0.85781,0.64028,0.87734,0.59444,0.89062,0.58194,0.89453,0.59444,0.87031,0.67778,0.89219,0.64722,0.90547,0.63611,0.91094,0.64167,0.61253,0.81350,0.9990,0.73412,1.00000,0.8709,0.81133,0.76499,0.9854,0.76174,0.79965,0.79297,0.77778,118.03,0.9537,live,0.4478,0.2901,197.95,682.43
147810.376490,60.0,0.9431,4,4,0,0.77812,0.75139,0.76094,0.70278,0.75938,0.64444,0.77734,0.60000,0.79688,0.56667,0.79219,0.57639,0.79922,0.53194,0.81094,0.52083,0.82109,0.53056,0.81797,0.58472,0.83125,0.53333,0.84375,0.52222,0.85156,0.53750,0.83750,0.60833,0.85547,0.56250,0.86719,0.54861,0.87187,0.55972,0.85156,0.64444,0.87266,0.61528,0.88438,0.60556,0.88906,0.61111,0.61176,0.81343,0.9990,0.72459,1.00000,0.8714,0.79792,0.74779,0.9862,0.76501,0.79000,0.77812,0.75139,117.40,0.9455,live,0.4201,0.2937,201.21,685.07
147810.442996,60.0,0.0096,4,1,1,0.75313,0.71528,0.73828,0.66389,0.73828,0.60556,0.75156,0.56111,0.76406,0.52083,0.76641,0.53611,0.77187,0.49167,0.77656,0.47500,0.78125,0.48056,0.79141,0.54583,0.80469,0.49583,0.81094,0.48056,0.81328,0.48611,0.81094,0.56806,0.82812,0.52083,0.83594,0.50139,0.83750,0.51111,0.82578,0.60417,0.84297,0.57083,0.85391,0.55139,0.85938,0.55139,0.60832,0.81295,0.9991,0.72088,1.00000,0.8723,0.78161,0.72519,0.9871,0.76264,0.77505,0.75313,0.71528,118.67,0.9880,live,0.3843,0.2216,152.52,688.30
147810.509758,60.0,0.0764,4,1,1,0.73125,0.66389,0.71094,0.60556,0.70703,0.54444,0.71953,0.49722,0.73125,0.45972,0.73828,0.47917,0.73984,0.43194,0.73984,0.41389,0.73906,0.41250,0.76172,0.48333,0.77109,0.43333,0.77266,0.40833,0.76797,0.40694,0.78125,0.50139,0.79375,0.45694,0.79609,0.43056,0.79141,0.42639,0.79844,0.53056,0.81406,0.49722,0.81719,0.47361,0.81250,0.46389,0.60624,0.81483,0.9992,0.72168,1.00000,0.8751,0.75639,0.66438,0.9880,0.75636,0.75282,0.73125,0.66389,120.84,0.9876,live,0.3456,0.1692,117.20,692.71
147810.576757,60.0,0.1434,4,1,1,0.70469,0.60000,0.68594,0.53194,0.68125,0.46944,0.68984,0.41528,0.69453,0.36389,0.71484,0.42083,0.71406,0.37222,0.70781,0.34444,0.70078,0.32222,0.73203,0.42500,0.73672,0.37361,0.73125,0.34306,0.72344,0.32083,0.74531,0.44028,0.75391,0.39028,0.75156,0.36111,0.74531,0.34306,0.75781,0.46389,0.76797,0.42361,0.76719,0.39583,0.76250,0.37639,0.60090,0.80838,0.9992,0.72165,1.00000,0.8773,0.72127,0.59094,0.9887,0.74602,0.72226,0.70469,0.60000,110.71,0.8856,live,0.3094,0.1443,99.49,689.29
147810.643196,60.0,0.2098,4,1,1,0.67422,0.52917,0.65234,0.45972,0.64766,0.40139,0.65234,0.35278,0.65547,0.31111,0.67578,0.35139,0.67109,0.30139,0.66328,0.26944,0.65625,0.24306,0.69141,0.35139,0.69063,0.29583,0.68359,0.26250,0.67422,0.23472,0.70469,0.35972,0.70937,0.31111,0.70234,0.27778,0.69297,0.25417,0.71875,0.38056,0.72500,0.33750,0.72109,0.30833,0.71250,0.28611,0.59524,0.80285,0.9992,0.72242,0.94331,0.8821,0.68108,0.50652,0.9896,0.73166,0.68364,0.67422,0.52917,109.50,0.9418,live,0.2809,0.1511,103.58,685.42
147810.710108,60.0,0.2767,4,1,1,0.64609,0.45972,0.61641,0.38750,0.60703,0.32639,0.61016,0.27500,0.61016,0.23056,0.63438,0.27778,0.62656,0.23056,0.61797,0.20000,0.61094,0.17361,0.65078,0.27361,0.64766,0.22361,0.64062,0.19028,0.63203,0.16111,0.66641,0.28194,0.66641,0.23194,0.66016,0.19722,0.65078,0.17083,0.68359,0.30000,0.68516,0.25417,0.68047,0.22500,0.67266,0.20139,0.59125,0.79788,0.9993,0.72245,0.90081,0.8835,0.65673,0.45230,0.9903,0.71455,0.63886,0.64609,0.45972,113.90,0.9358,live,0.2666,0.2013,137.94,685.18
147810.776652,60.0,0.3433,4,1,1,0.62422,0.39722,0.59141,0.33333,0.58047,0.27639,0.57969,0.22361,0.58125,0.18333,0.60234,0.22500,0.59688,0.17917,0.58828,0.15278,0.57812,0.12778,0.61953,0.21667,0.61797,0.16528,0.60938,0.13611,0.59766,0.11250,0.63672,0.22222,0.63672,0.16944,0.62969,0.14028,0.61875,0.11944,0.65312,0.23750,0.65391,0.19167,0.64844,0.16389,0.63906,0.14306,0.58641,0.78895,0.9993,0.71827,0.84650,0.8849,0.64485,0.40968,0.9910,0.69648,0.59053,0.62422,0.39722,110.92,0.9488,live,0.2666,0.2602,177.67,682.82
147810.843983,60.0,0.4106,4,1,1,0.61172,0.34167,0.57812,0.29444,0.56641,0.24028,0.56719,0.18889,0.56797,0.15139,0.58828,0.19167,0.58203,0.15000,0.57266,0.12500,0.56406,0.10139,0.60469,0.18194,0.60000,0.13333,0.59062,0.10556,0.57969,0.08194,0.62031,0.18333,0.61953,0.13194,0.61172,0.10417,0.60234,0.08333,0.63672,0.19167,0.63672,0.15000,0.63047,0.12639,0.62109,0.10833,0.58381,0.77562,0.9993,0.71258,0.77383,0.8866,0.63626,0.35742,0.9916,0.67953,0.54076,0.61172,0.34167,100.52,0.9741,live,0.2764,0.3210,216.15,673.26
147810.909952,60.0,0.4766,4,1,1,0.60391,0.30972,0.57109,0.27083,0.55859,0.22222,0.55781,0.17222,0.56016,0.13194,0.58047,0.17917,0.57422,0.13889,0.56563,0.11528,0.55625,0.09306,0.59688,0.16806,0.59141,0.12083,0.58125,0.09306,0.56953,0.07083,0.61094,0.16667,0.60859,0.11667,0.60000,0.09167,0.58906,0.07361,0.62813,0.17361,0.62656,0.13194,0.61953,0.10694,0.60859,0.08889,0.58425,0.77051,0.9993,0.71230,0.74004,0.8893,0.62632,0.33724,0.9922,0.66441,0.49455,0.60391,0.30972,91.25,0.9739,live,0.2946,0.3778,248.67,658.16
147810.977421,60.0,0.5440,4,1,1,0.60156,0.29861,0.56719,0.25972,0.55547,0.21389,0.55312,0.16806,0.55547,0.13056,0.57891,0.17778,0.57109,0.13750,0.56172,0.11389,0.55078,0.09306,0.59375,0.16667,0.58906,0.11944,0.57891,0.09306,0.56563,0.07083,0.60781,0.16389,0.60547,0.11528,0.59609,0.08889,0.58437,0.07083,0.62266,0.16667,0.62187,0.12361,0.61406,0.10000,0.60313,0.08194,0.58397,0.76956,0.9993,0.70701,0.72074,0.8939,0.62246,0.33055,0.9927,0.65184,0.45536,0.60156,0.29861,85.64,0.9785,live,0.3175,0.4219,270.36,640.84
147811.043806,60.0,0.6104,4,1,1,0.60000,0.29306,0.56797,0.25833,0.55547,0.21528,0.55234,0.17083,0.55547,0.13333,0.57969,0.18056,0.57109,0.14167,0.56094,0.11944,0.55078,0.09722,0.59375,0.16806,0.58906,0.12361,0.57812,0.09583,0.56563,0.07500,0.60781,0.16528,0.60469,0.11806,0.59609,0.09028,0.58359,0.07361,0.62266,0.16806,0.62109,0.12639,0.61328,0.10278,0.60156,0.08611,0.58326,0.76941,0.9992,0.70685,0.72516,0.8982,0.62317,0.32579,0.9931,0.64147,0.42290,0.60000,0.29306,81.43,0.9743,live,0.3412,0.4487,279.38,622.57
147811.110116,60.0,0.6767,4,1,1,0.60234,0.29444,0.57031,0.26111,0.55781,0.21667,0.55547,0.17222,0.55781,0.13889,0.58125,0.18472,0.57344,0.14722,0.56406,0.12500,0.55391,0.10417,0.59609,0.17222,0.59062,0.12778,0.58125,0.10139,0.56953,0.07917,0.61016,0.16806,0.60703,0.12361,0.59844,0.09583,0.58672,0.07778,0.62500,0.17083,0.62344,0.13056,0.61562,0.10694,0.60469,0.09167,0.58333,0.76158,0.9992,0.70682,0.71905,0.8991,0.62352,0.31922,0.9935,0.63364,0.39721,0.60234,0.29444,80.59,0.9623,live,0.3614,0.4534,274.71,605.88
147811.176649,60.0,0.7433,4,1,1,0.60469,0.29861,0.57344,0.26667,0.56172,0.22083,0.56016,0.17639,0.56172,0.14167,0.58516,0.18889,0.57656,0.15139,0.56719,0.12917,0.55703,0.10833,0.59922,0.17639,0.59453,0.13333,0.58516,0.10694,0.57266,0.08472,0.61406,0.17361,0.61094,0.12917,0.60234,0.10139,0.59141,0.08333,0.62891,0.17639,0.62734,0.13611,0.62031,0.11250,0.61016,0.09583,0.58357,0.75558,0.9992,0.70774,0.72859,0.9005,0.62563,0.32566,0.9937,0.62785,0.37749,0.60469,0.29861,80.29,0.9581,live,0.3849,0.4919,290.69,590.99
147811.243540,60.0,0.8102,4,1,1,0.60859,0.30417,0.57734,0.27222,0.56563,0.22639,0.56406,0.18194,0.56641,0.14722,0.58906,0.19444,0.58125,0.15556,0.57188,0.13333,0.56172,0.11111,0.60391,0.18194,0.59922,0.13750,0.58984,0.11111,0.57812,0.08889,0.61875,0.17778,0.61562,0.13333,0.60781,0.10694,0.59609,0.08750,0.63438,0.18056,0.63281,0.14028,0.62578,0.11667,0.61484,0.10000,0.58597,0.75663,0.9992,0.70839,0.72933,0.9025,0.62779,0.33015,0.9940,0.62400,0.36283,0.60859,0.30417,81.21,0.9569,live,0.3849,0.3977,230.07,578.54
147811.310110,60.0,0.8767,4,1,1,0.61328,0.31111,0.58203,0.27778,0.57031,0.23194,0.56797,0.18611,0.57188,0.15278,0.59375,0.19861,0.58594,0.15972,0.57734,0.13750,0.56719,0.11528,0.60859,0.18611,0.60391,0.14167,0.59531,0.11389,0.58359,0.09167,0.62422,0.18333,0.62187,0.13750,0.61328,0.10972,0.60156,0.09306,0.63984,0.18611,0.63906,0.14583,0.63203,0.12222,0.62031,0.10556,0.58589,0.75974,0.9992,0.71185,0.73264,0.9037,0.63054,0.33248,0.9943,0.62186,0.35248,0.61328,0.31111,82.72,0.9607,live,0.3777,0.3450,196.21,568.67
147811.377128,60.0,0.9437,4,1,1,0.61719,0.32361,0.58672,0.29028,0.57500,0.24306,0.57266,0.19583,0.57578,0.15972,0.59922,0.20417,0.59219,0.16667,0.58281,0.14444,0.57266,0.12361,0.61484,0.19306,0.61016,0.14861,0.60156,0.12083,0.58906,0.10139,0.62969,0.19167,0.62813,0.14583,0.61953,0.11806,0.60781,0.10139,0.64531,0.19722,0.64531,0.15556,0.63828,0.13194,0.62734,0.11667,0.58824,0.76007,0.9992,0.71549,0.74350,0.9059,0.63311,0.33372,0.9947,0.62092,0.34671,0.61719,0.32361,85.04,0.9722,live,0.3605,0.2823,158.58,561.66
147811.443529,60.0,0.0101,4,2,0,0.62031,0.34444,0.58984,0.30972,0.57734,0.25694,0.57656,0.20972,0.57969,0.17222,0.60234,0.21667,0.59609,0.17639,0.58750,0.15417,0.57656,0.13611,0.61875,0.20556,0.61484,0.15972,0.60547,0.13194,0.59375,0.11250,0.63359,0.20556,0.63281,0.15833,0.62422,0.13194,0.61250,0.11528,0.65000,0.21250,0.65078,0.17083,0.64375,0.14583,0.63281,0.13056,0.58832,0.76029,0.9993,0.71550,0.76937,0.9063,0.63591,0.35343,0.9950,0.62080,0.34626,0.62031,0.34444,89.56,0.9727,live,0.3468,0.2845,158.94,558.74
147811.510326,60.0,0.0769,4,2,0,0.62422,0.37917,0.59375,0.34444,0.58125,0.28889,0.58047,0.23889,0.58281,0.20139,0.60625,0.24306,0.60078,0.20139,0.59141,0.17778,0.58047,0.15972,0.62344,0.23333,0.62031,0.18611,0.61094,0.15972,0.59844,0.14028,0.63906,0.23611,0.63828,0.18611,0.62969,0.15972,0.61797,0.14167,0.65547,0.24583,0.65625,0.20278,0.64922,0.17917,0.63750,0.16389,0.58976,0.76317,0.9993,0.71615,0.82223,0.9061,0.63775,0.38178,0.9953,0.62148,0.35284,0.62422,0.37917,93.17,0.9725,live,0.3128,0.1575,88.03,558.78
147811.576644,60.0,0.1433,4,2,0,0.62969,0.42778,0.60000,0.39722,0.58516,0.33889,0.58281,0.28750,0.58359,0.24722,0.61016,0.28333,0.60313,0.23889,0.59375,0.21528,0.58281,0.19722,0.62813,0.27639,0.62500,0.22222,0.61484,0.19583,0.60234,0.18333,0.64609,0.28056,0.64609,0.22639,0.63672,0.20139,0.62422,0.19444,0.66328,0.29444,0.66484,0.24861,0.65781,0.22222,0.64531,0.21111,0.58932,0.77087,0.9993,0.71777,0.88583,0.9047,0.64010,0.44453,0.9955,0.62313,0.36783,0.62969,0.42778,97.41,0.9805,live,0.2847,0.1567,88.03,561.86
147811.644364,60.0,0.2110,4,2,0,0.63203,0.48472,0.60469,0.45694,0.58984,0.39861,0.58594,0.35139,0.58828,0.30972,0.61797,0.33611,0.61328,0.28611,0.60234,0.26389,0.59062,0.25694,0.63594,0.33333,0.63750,0.27361,0.62500,0.25278,0.61016,0.25972,0.65469,0.34444,0.66094,0.28056,0.64922,0.26111,0.63438,0.27222,0.67266,0.36528,0.67969,0.31389,0.66953,0.29028,0.65391,0.29306,0.58925,0.77275,0.9993,0.71949,0.93044,0.9047,0.64680,0.48478,0.9956,0.62491,0.39120,0.63203,0.48472,97.80,0.9895,live,0.2462,0.0712,40.20,564.85
147811.710331,60.0,0.2769,4,2,0,0.64297,0.54583,0.61406,0.52500,0.59688,0.47361,0.59219,0.43194,0.59609,0.39306,0.62344,0.39861,0.62187,0.34583,0.61016,0.33472,0.59766,0.34167,0.64453,0.40000,0.64844,0.33611,0.63594,0.33194,0.62422,0.35278,0.66484,0.41528,0.67109,0.35278,0.65703,0.35139,0.64531,0.37083,0.68359,0.44306,0.69063,0.39722,0.67969,0.39167,0.66875,0.40694,0.58987,0.78246,0.9993,0.71504,0.96939,0.9080,0.64858,0.55394,0.9958,0.62852,0.42213,0.64297,0.54583,96.94,0.9807,live,0.2195,0.0979,55.52,566.87
147811.777347,60.0,0.3440,4,2,0,0.64687,0.59861,0.62187,0.58889,0.60391,0.55278,0.60000,0.52083,0.60547,0.48750,0.63203,0.47083,0.63047,0.42083,0.61797,0.41806,0.60703,0.43472,0.65547,0.47500,0.66016,0.41528,0.64609,0.41806,0.63438,0.44444,0.67656,0.49583,0.68437,0.44028,0.66875,0.44861,0.65547,0.47639,0.69609,0.52917,0.70625,0.49028,0.69609,0.49167,0.68437,0.50972,0.59405,0.79280,0.9993,0.71064,1.00000,0.9039,0.65851,0.65792,0.9957,0.63219,0.45743,0.64687,0.59861,89.04,0.9708,live,0.2060,0.1445,81.36,562.95
147811.843839,60.0,0.4105,4,2,0,0.66563,0.62361,0.64219,0.62222,0.62266,0.60417,0.61094,0.59583,0.60625,0.58333,0.64141,0.53750,0.63516,0.49444,0.62109,0.49722,0.61172,0.51528,0.66406,0.54583,0.66797,0.48750,0.65078,0.50000,0.63906,0.53333,0.68437,0.57083,0.69219,0.52361,0.67422,0.53750,0.66172,0.56528,0.70391,0.60556,0.71328,0.57778,0.70078,0.58611,0.68906,0.60556,0.60011,0.79519,0.9994,0.72260,1.00000,0.9065,0.66337,0.73218,0.9957,0.63888,0.49066,0.66563,0.62361,67.47,0.9929,live,0.2060,0.1958,106.52,543.98
147811.910712,60.0,0.4773,4,2,0,0.65312,0.68333,0.62969,0.67778,0.61250,0.65972,0.60625,0.65000,0.61016,0.63750,0.64062,0.58056,0.63672,0.53472,0.62187,0.55000,0.60938,0.57639,0.66406,0.59583,0.66875,0.53889,0.65078,0.56250,0.63750,0.59583,0.68359,0.62361,0.69219,0.57361,0.67422,0.59306,0.65938,0.62222,0.70078,0.66111,0.71172,0.63472,0.70078,0.64722,0.68750,0.66389,0.60198,0.79952,0.9994,0.71953,1.00000,0.9044,0.66262,0.78080,0.9954,0.64173,0.52920,0.65312,0.68333,74.93,0.9865,live,0.2144,0.2524,134.41,532.65
147811.977433,60.0,0.5440,4,2,0,0.64766,0.75139,0.62578,0.74444,0.60781,0.71111,0.60156,0.68611,0.61094,0.66250,0.64141,0.62778,0.63984,0.57083,0.62344,0.58056,0.60938,0.60694,0.66484,0.64028,0.67266,0.57222,0.65234,0.59306,0.63750,0.62917,0.68437,0.66944,0.69609,0.60833,0.67656,0.62778,0.66172,0.65694,0.70312,0.70972,0.71641,0.66806,0.70312,0.67917,0.68984,0.70000,0.60459,0.80017,0.9994,0.70956,1.00000,0.9084,0.66251,0.82115,0.9956,0.64291,0.57364,0.64766,0.75139,87.00,0.9950,live,0.2321,0.3127,166.14,531.37
147812.043848,60.0,0.6105,4,2,0,0.64609,0.79444,0.62031,0.77361,0.60391,0.72639,0.59688,0.69583,0.60859,0.67083,0.63672,0.64167,0.63906,0.58472,0.62344,0.59306,0.60938,0.61806,0.66094,0.65694,0.66953,0.58889,0.65000,0.61111,0.63516,0.64444,0.68125,0.68333,0.69453,0.62361,0.67578,0.64167,0.65938,0.67222,0.70078,0.72222,0.71641,0.68056,0.70234,0.69028,0.68516,0.71250,0.60676,0.80260,0.9994,0.70602,1.00000,0.9022,0.66205,0.82118,0.9950,0.64355,0.61780,0.64609,0.79444,99.77,0.9955,live,0.2546,0.3575,192.85,539.44
147812.110636,60.0,0.6772,4,2,0,0.64687,0.80694,0.62031,0.77778,0.60469,0.72917,0.60078,0.70000,0.61250,0.67361,0.63906,0.64583,0.64062,0.58750,0.62344,0.59444,0.60703,0.61806,0.66172,0.66111,0.66953,0.59167,0.64922,0.61389,0.63359,0.64583,0.68203,0.68889,0.69453,0.62500,0.67500,0.64583,0.65859,0.67639,0.70156,0.72917,0.71797,0.68472,0.70234,0.69444,0.68516,0.71667,0.60532,0.80274,0.9994,0.70525,1.00000,0.8989,0.66196,0.81842,0.9948,0.64421,0.65563,0.64687,0.80694,103.19,0.9961,live,0.2773,0.3806,208.97,549.01
147812.177228,60.0,0.7438,4,2,0,0.64453,0.81250,0.61875,0.77917,0.60391,0.73056,0.60000,0.70139,0.61016,0.67361,0.63750,0.64722,0.63984,0.58889,0.62266,0.59722,0.60703,0.62222,0.66016,0.66111,0.66875,0.59306,0.64766,0.61528,0.63359,0.64722,0.68125,0.68889,0.69297,0.62639,0.67266,0.64722,0.65625,0.67639,0.70000,0.73056,0.71719,0.68611,0.70078,0.69444,0.68281,0.71389,0.60736,0.80314,0.9994,0.70946,1.00000,0.9041,0.66293,0.82436,0.9951,0.64428,0.68700,0.64453,0.81250,105.62,0.9930,live,0.2964,0.3834,214.41,559.17
147812.244592,60.0,0.8112,4,2,0,0.64219,0.81806,0.61641,0.78333,0.60156,0.73333,0.59766,0.70556,0.60625,0.67639,0.63516,0.65139,0.63750,0.59167,0.61953,0.60000,0.60391,0.62639,0.65781,0.66667,0.66641,0.59583,0.64531,0.61944,0.63125,0.65000,0.67812,0.69444,0.69063,0.63194,0.67031,0.65139,0.65312,0.68056,0.69688,0.73472,0.71328,0.69028,0.69766,0.69861,0.67969,0.71667,0.60783,0.80312,0.9994,0.70669,1.00000,0.9005,0.66278,0.82807,0.9947,0.64386,0.71321,0.64219,0.81806,105.64,0.9917,live,0.3098,0.3706,210.55,568.13
147812.310683,60.0,0.8773,4,2,0,0.63281,0.82222,0.60859,0.78472,0.59297,0.73750,0.58828,0.70833,0.59844,0.68056,0.62734,0.65556,0.63047,0.59722,0.61250,0.60278,0.59688,0.62639,0.65000,0.67222,0.65938,0.60278,0.63906,0.62083,0.62344,0.65139,0.67031,0.70139,0.68281,0.63889,0.66250,0.65833,0.64609,0.68750,0.68828,0.74306,0.70391,0.69722,0.68906,0.70417,0.67188,0.72361,0.60474,0.80137,0.9994,0.69713,1.00000,0.8945,0.65758,0.82812,0.9944,0.64165,0.73501,0.63281,0.82222,105.43,0.9959,live,0.3167,0.3481,200.46,575.87
147812.377467,60.0,0.9441,4,2,0,0.61953,0.82639,0.59531,0.79028,0.57969,0.74306,0.57422,0.71389,0.58281,0.68472,0.61484,0.66111,0.61562,0.60278,0.59531,0.61111,0.57969,0.63333,0.63750,0.67778,0.64531,0.60833,0.62187,0.62778,0.60469,0.65694,0.65625,0.70556,0.66875,0.64444,0.64531,0.66389,0.62813,0.68889,0.67422,0.74722,0.68906,0.70139,0.67109,0.70972,0.65391,0.72778,0.60490,0.80219,0.9994,0.69128,1.00000,0.8915,0.64827,0.83609,0.9943,0.63723,0.75329,0.61953,0.82639,104.24,0.9939,live,0.3167,0.3254,189.31,581.82
147812.445097,60.0,0.0117,4,3,0,0.60156,0.83194,0.57656,0.79444,0.55859,0.74583,0.55312,0.71528,0.56172,0.69167,0.59453,0.66389,0.59453,0.60694,0.57266,0.61528,0.55547,0.63333,0.61641,0.68194,0.62344,0.61389,0.59688,0.63194,0.57891,0.66111,0.63438,0.71250,0.64531,0.65139,0.62109,0.66944,0.60313,0.69444,0.65234,0.75417,0.66406,0.70833,0.64531,0.71806,0.62734,0.73750,0.60808,0.80224,0.9995,0.68832,1.00000,0.8928,0.63238,0.84438,0.9941,0.63009,0.76902,0.60156,0.83194,103.82,0.9958,live,0.3167,0.2959,173.62,586.75
147812.510459,60.0,0.0771,4,3,0,0.57656,0.83194,0.55000,0.79028,0.52969,0.74444,0.52187,0.71667,0.52500,0.69306,0.56484,0.66111,0.55859,0.61111,0.53672,0.62222,0.51875,0.64306,0.58672,0.67917,0.58516,0.61806,0.55781,0.63611,0.53906,0.66389,0.60625,0.70972,0.60703,0.65556,0.58047,0.67361,0.56016,0.69722,0.62344,0.75000,0.62969,0.71111,0.61016,0.71944,0.59062,0.73472,0.58856,0.80149,0.9995,0.66634,1.00000,0.8935,0.60424,0.84174,0.9938,0.61939,0.78161,0.57656,0.83194,104.36,0.9974,live,0.3167,0.3119,184.50,591.47
147812.577584,60.0,0.1442,4,3,0,0.55156,0.83194,0.52109,0.79028,0.49922,0.74722,0.48828,0.71944,0.48516,0.69861,0.53047,0.66250,0.51641,0.60833,0.49219,0.61944,0.47344,0.64028,0.55234,0.67500,0.54141,0.61250,0.51016,0.63194,0.48828,0.66111,0.57188,0.70278,0.56250,0.64722,0.53203,0.66944,0.51172,0.69583,0.58984,0.74167,0.58516,0.70556,0.56172,0.71667,0.54141,0.73472,0.58360,0.79091,0.9995,0.66750,1.00000,0.8995,0.56927,0.81903,0.9941,0.60582,0.79167,0.55156,0.83194,103.59,0.9990,live,0.3004,0.2261,134.52,595.08
147812.644056,60.0,0.2107,4,3,0,0.52500,0.82917,0.48984,0.78472,0.46484,0.73889,0.44688,0.70972,0.43438,0.68472,0.50000,0.63194,0.46875,0.60556,0.44141,0.61528,0.42031,0.63472,0.52031,0.64306,0.48750,0.61250,0.45469,0.63611,0.43359,0.66528,0.53672,0.67500,0.51094,0.64444,0.47813,0.66806,0.45703,0.69444,0.54922,0.72222,0.53047,0.70000,0.50391,0.71111,0.48359,0.72639,0.59590,0.78785,0.9995,0.66907,1.00000,0.9023,0.53258,0.81821,0.9940,0.58966,0.79917,0.52500,0.82917,113.31,0.9994,live,0.2834,0.2062,124.78,605.25
147812.710881,60.0,0.2775,4,3,0,0.50078,0.82222,0.45625,0.77917,0.42812,0.73333,0.40937,0.70417,0.39219,0.68472,0.45781,0.63194,0.42266,0.60139,0.39453,0.61667,0.37500,0.64306,0.47578,0.64028,0.43438,0.59861,0.40156,0.62500,0.38281,0.65833,0.49062,0.66806,0.45703,0.62639,0.42344,0.65694,0.40391,0.68889,0.50078,0.70833,0.47578,0.67917,0.44844,0.69167,0.43047,0.71111,0.58987,0.78574,0.9993,0.63451,1.00000,0.9011,0.49597,0.81683,0.9936,0.57188,0.80378,0.50078,0.82222,110.57,0.9991,live,0.2692,0.2044,125.13,612.23
147812.777573,60.0,0.3442,4,3,0,0.46719,0.80278,0.41953,0.77083,0.38750,0.72639,0.36562,0.69861,0.34687,0.67361,0.42031,0.61389,0.38125,0.58889,0.35156,0.60694,0.33047,0.63194,0.43750,0.62083,0.38984,0.58750,0.35547,0.61667,0.33750,0.65000,0.45000,0.64861,0.41172,0.61250,0.37812,0.64167,0.35938,0.67500,0.45937,0.69167,0.42891,0.66667,0.40234,0.67917,0.38359,0.69861,0.58308,0.77220,0.9989,0.62800,1.00000,0.8991,0.46167,0.78449,0.9903,0.55094,0.80358,0.46719,0.80278,110.19,0.9990,live,0.2602,0.2194,135.64,618.10
147812.844777,60.0,0.4114,4,3,0,0.44531,0.78333,0.39609,0.75000,0.36250,0.70833,0.33828,0.68194,0.31953,0.65417,0.39375,0.60278,0.35703,0.57639,0.32734,0.59028,0.30469,0.61250,0.40937,0.60833,0.36484,0.57361,0.33047,0.60000,0.31094,0.63056,0.42188,0.63194,0.38359,0.59583,0.35000,0.62222,0.33125,0.65278,0.42969,0.67083,0.40000,0.64583,0.37266,0.65833,0.35469,0.67639,0.58216,0.76841,0.9988,0.60360,1.00000,0.8948,0.42854,0.74302,0.9894,0.52982,0.79953,0.44531,0.78333,107.64,0.9982,live,0.2602,0.2437,151.47,621.43
147812.911084,60.0,0.4777,4,3,0,0.43125,0.76389,0.38516,0.73333,0.35234,0.69306,0.32812,0.66667,0.30547,0.64306,0.38047,0.59028,0.34453,0.55833,0.31484,0.57222,0.29453,0.59583,0.39453,0.59444,0.35313,0.55417,0.31953,0.58056,0.30234,0.61111,0.40625,0.61389,0.36875,0.57500,0.33594,0.60278,0.31797,0.63333,0.41328,0.64861,0.38047,0.62361,0.35469,0.63750,0.33828,0.65556,0.58148,0.77529,0.9986,0.58977,1.00000,0.8875,0.41191,0.72035,0.9873,0.51010,0.79240,0.43125,0.76389,104.29,0.9970,live,0.2602,0.2681,166.73,621.94
147812.977866,60.0,0.5445,4,3,0,0.42812,0.74861,0.38047,0.71667,0.34766,0.67500,0.32344,0.65000,0.30312,0.62361,0.37812,0.56806,0.34141,0.54306,0.31172,0.55694,0.28984,0.58056,0.39141,0.57361,0.34687,0.54167,0.31406,0.56806,0.29609,0.59583,0.40156,0.59306,0.36328,0.55972,0.33047,0.58750,0.31250,0.61667,0.40625,0.62917,0.37500,0.60278,0.34844,0.61528,0.33203,0.63194,0.57912,0.79079,0.9981,0.58942,1.00000,0.8791,0.40772,0.70991,0.9842,0.49371,0.78364,0.42812,0.74861,106.67,0.9978,live,0.2602,0.2826,176.36,624.11
147813.044311,60.0,0.6109,4,3,0,0.42734,0.74028,0.38203,0.71111,0.35000,0.66806,0.32578,0.64306,0.30469,0.61667,0.37656,0.56667,0.33984,0.53750,0.31172,0.55000,0.29063,0.57222,0.39141,0.56806,0.34766,0.53056,0.31641,0.55694,0.30000,0.58750,0.40313,0.58611,0.36250,0.54583,0.33047,0.57361,0.31328,0.60278,0.40859,0.61806,0.37578,0.58889,0.34922,0.60278,0.33281,0.61944,0.57077,0.78095,0.9980,0.58571,0.99861,0.8737,0.40353,0.68937,0.9835,0.48044,0.77497,0.42734,0.74028,104.90,0.9977,live,0.2690,0.3092,193.19,624.74
147813.111220,60.0,0.6778,4,3,0,0.42969,0.73611,0.38516,0.70833,0.35391,0.66389,0.32969,0.63889,0.30859,0.61111,0.38047,0.56667,0.34609,0.53194,0.31719,0.54306,0.29609,0.56528,0.39453,0.56667,0.35391,0.52361,0.32188,0.55000,0.30469,0.58056,0.40547,0.58194,0.36719,0.53889,0.33516,0.56667,0.31641,0.59444,0.41172,0.61111,0.37969,0.58056,0.35469,0.59583,0.33750,0.61528,0.57118,0.76395,0.9974,0.58642,0.97668,0.8615,0.40622,0.68830,0.9734,0.47029,0.76720,0.42969,0.73611,102.86,0.9967,live,0.2690,0.2813,175.48,623.84
147813.177811,60.0,0.7444,4,3,0,0.43672,0.73333,0.39219,0.70417,0.36016,0.65972,0.33594,0.63472,0.31484,0.60556,0.38984,0.56389,0.35469,0.52917,0.32656,0.54028,0.30469,0.56250,0.40313,0.56667,0.36094,0.52083,0.32812,0.54583,0.30938,0.57361,0.41406,0.58194,0.37500,0.53889,0.34297,0.56389,0.32344,0.59306,0.41953,0.61250,0.38906,0.57778,0.36328,0.59028,0.34531,0.60833,0.57059,0.76901,0.9970,0.58684,0.98148,0.8560,0.41207,0.69002,0.9717,0.46357,0.76043,0.43672,0.73333,101.21,0.9975,live,0.2690,0.2643,164.38,621.85
147813.244669,60.0,0.8113,4,3,0,0.44531,0.73194,0.40234,0.70417,0.37031,0.66250,0.34687,0.63750,0.32656,0.60833,0.39687,0.56528,0.36406,0.52917,0.33672,0.54167,0.31562,0.56250,0.41094,0.56667,0.37031,0.52361,0.33906,0.54722,0.32109,0.57500,0.42266,0.58333,0.38516,0.54028,0.35391,0.56667,0.33594,0.59444,0.42969,0.61389,0.40078,0.58056,0.37578,0.59444,0.35859,0.61389,0.56926,0.76197,0.9970,0.58906,0.97525,0.8586,0.41383,0.69115,0.9736,0.45992,0.75473,0.44531,0.73194,100.98,0.9974,live,0.2635,0.2381,147.60,619.93
147813.311324,60.0,0.8779,4,3,0,0.45781,0.74167,0.41719,0.70972,0.38594,0.66667,0.36328,0.64028,0.34297,0.61250,0.41484,0.56944,0.38359,0.53472,0.35625,0.54444,0.33437,0.56389,0.42891,0.57361,0.38984,0.52778,0.35781,0.55000,0.33906,0.57500,0.44141,0.59167,0.40625,0.54861,0.37344,0.57361,0.35625,0.59861,0.44922,0.62361,0.42109,0.59028,0.39531,0.60278,0.37969,0.61944,0.56945,0.76552,0.9971,0.59474,0.97734,0.8628,0.44144,0.69202,0.9754,0.45950,0.75212,0.45781,0.74167,101.67,0.9982,live,0.2518,0.1984,122.77,618.74
147813.378253,60.0,0.9449,4,3,0,0.47813,0.75972,0.43828,0.72361,0.40781,0.67639,0.38672,0.64861,0.37109,0.61806,0.43906,0.58056,0.41172,0.54444,0.38438,0.55278,0.36172,0.57361,0.45391,0.58750,0.41953,0.53750,0.38750,0.55833,0.36875,0.58750,0.46797,0.60833,0.43828,0.55556,0.40625,0.57917,0.38828,0.60833,0.47734,0.64444,0.45391,0.60556,0.42812,0.61944,0.41172,0.64306,0.57892,0.77127,0.9972,0.61213,1.00000,0.8645,0.47318,0.69572,0.9770,0.46322,0.75364,0.47813,0.75972,104.10,0.9986,live,0.2344,0.1554,96.26,619.44
147813.444857,60.0,0.0115,4,4,0,0.50547,0.77917,0.46797,0.74167,0.44062,0.69306,0.42188,0.66250,0.40859,0.63333,0.46797,0.60417,0.44766,0.55833,0.42188,0.57222,0.40234,0.59722,0.48516,0.60972,0.46328,0.55139,0.43203,0.57500,0.41484,0.60833,0.50234,0.63333,0.48516,0.57361,0.45391,0.60000,0.43750,0.63194,0.51719,0.66806,0.49922,0.62778,0.47422,0.64028,0.45859,0.66111,0.58171,0.78361,0.9974,0.62947,1.00000,0.8702,0.51014,0.72953,0.9790,0.47167,0.75874,0.50547,0.77917,104.74,0.9971,live,0.2128,0.1144,70.97,620.53
147813.511004,60.0,0.0776,4,4,0,0.54219,0.80278,0.50703,0.76111,0.48281,0.71389,0.46797,0.68194,0.46484,0.65417,0.50859,0.62500,0.49609,0.58056,0.47266,0.59028,0.45391,0.60833,0.52812,0.63333,0.51797,0.57639,0.48750,0.59722,0.46953,0.62778,0.54688,0.65972,0.54063,0.60278,0.51250,0.62639,0.49688,0.65972,0.56250,0.69722,0.55703,0.65833,0.53438,0.66944,0.51875,0.68750,0.58464,0.79286,0.9976,0.67727,1.00000,0.8788,0.55561,0.76334,0.9809,0.48578,0.76755,0.54219,0.80278,106.27,0.9968,live,0.1950,0.1140,70.97,622.58
147813.577761,60.0,0.1444,4,4,0,0.58828,0.82083,0.55625,0.77639,0.53438,0.72639,0.52422,0.69167,0.52734,0.66389,0.56563,0.63056,0.55859,0.59444,0.53984,0.60417,0.52187,0.62500,0.58516,0.64167,0.58047,0.59722,0.55625,0.60972,0.53672,0.63056,0.60313,0.66806,0.60234,0.63056,0.58047,0.64444,0.56406,0.66528,0.61719,0.70833,0.62109,0.68056,0.60938,0.68333,0.59844,0.69167,0.59087,0.79868,0.9978,0.68245,1.00000,0.8846,0.59893,0.78833,0.9824,0.50628,0.77821,0.58828,0.82083,111.18,0.9950,live,0.1783,0.1020,64.03,627.91
147813.644682,60.0,0.2113,4,4,0,0.65000,0.82639,0.62500,0.77778,0.60938,0.72222,0.60859,0.68889,0.62422,0.67083,0.64609,0.65139,0.64687,0.59306,0.62813,0.59722,0.61328,0.61667,0.66719,0.66389,0.67578,0.59444,0.65234,0.60972,0.63516,0.63889,0.68750,0.68889,0.70078,0.62778,0.67812,0.64306,0.66016,0.67361,0.70547,0.72639,0.71719,0.68611,0.70000,0.69028,0.68359,0.70833,0.59747,0.80435,0.9979,0.70815,1.00000,0.8854,0.66896,0.81326,0.9835,0.53502,0.78784,0.65000,0.82639,109.87,0.9719,live,0.1783,0.1584,100.03,631.67
147813.711332,60.0,0.2779,4,4,0,0.69688,0.81667,0.67188,0.77778,0.65938,0.72500,0.66406,0.68750,0.67969,0.66111,0.69375,0.64444,0.70391,0.58889,0.70000,0.58472,0.69297,0.61528,0.72109,0.65417,0.74453,0.59167,0.73438,0.59583,0.71875,0.62917,0.74219,0.67917,0.76641,0.62778,0.75859,0.63611,0.74766,0.66389,0.75547,0.71944,0.77187,0.69861,0.77656,0.69306,0.77891,0.70000,0.60005,0.80479,0.9981,0.72573,1.00000,0.8772,0.72357,0.80674,0.9842,0.56739,0.79361,0.69688,0.81667,110.85,0.9855,live,0.1862,0.2223,141.30,635.68
147813.778097,60.0,0.3447,4,4,0,0.73828,0.81528,0.71719,0.76944,0.70937,0.71389,0.72500,0.67222,0.74844,0.64722,0.74453,0.63750,0.75703,0.58472,0.76172,0.57639,0.75859,0.60417,0.77187,0.64722,0.79453,0.58889,0.79531,0.58750,0.78594,0.61944,0.79219,0.67361,0.81719,0.62778,0.81875,0.62639,0.81094,0.64861,0.80547,0.71250,0.82578,0.69028,0.83125,0.68056,0.82734,0.68333,0.60198,0.80619,0.9983,0.71282,1.00000,0.8756,0.75467,0.80208,0.9852,0.60157,0.79794,0.73828,0.81528,116.25,0.9586,live,0.2044,0.2874,184.82,643.10
147813.844905,60.0,0.4115,4,4,0,0.76406,0.81250,0.74609,0.76250,0.74219,0.70417,0.76250,0.66944,0.78594,0.64722,0.78203,0.63333,0.79219,0.58750,0.79922,0.58194,0.80000,0.60694,0.80859,0.64583,0.83125,0.58611,0.83672,0.58750,0.82969,0.62083,0.82812,0.67361,0.85547,0.62778,0.86016,0.62500,0.85000,0.65000,0.84219,0.71528,0.86797,0.68889,0.87187,0.68056,0.86172,0.69306,0.60437,0.80585,0.9984,0.71098,1.00000,0.8755,0.77759,0.79937,0.9860,0.63407,0.80085,0.76406,0.81250,120.74,0.9591,live,0.2300,0.3465,226.19,652.86
147813.911566,60.0,0.4782,4,4,0,0.78203,0.81111,0.76562,0.75417,0.76562,0.69583,0.78828,0.66111,0.81328,0.63750,0.80234,0.63056,0.81406,0.58194,0.82422,0.57778,0.82812,0.60278,0.82891,0.64444,0.85156,0.58333,0.86094,0.58611,0.85547,0.61806,0.84844,0.67222,0.87344,0.62500,0.88125,0.62361,0.87266,0.65000,0.86172,0.71250,0.88906,0.68472,0.89766,0.67778,0.89219,0.69028,0.60478,0.80691,0.9985,0.72348,1.00000,0.8796,0.79166,0.79380,0.9867,0.66366,0.80291,0.78203,0.81111,121.81,0.9580,live,0.2590,0.3911,259.00,662.22
147813.978217,60.0,0.5448,4,4,0,0.78984,0.80278,0.77500,0.75000,0.77734,0.69306,0.80078,0.66250,0.82578,0.63611,0.81484,0.62639,0.82578,0.58056,0.83516,0.57500,0.83906,0.59583,0.84062,0.64028,0.86328,0.58056,0.87109,0.58472,0.86719,0.61389,0.85859,0.66667,0.88281,0.61806,0.89219,0.61528,0.88438,0.64167,0.87109,0.70694,0.89609,0.67500,0.90625,0.66667,0.90312,0.68056,0.60463,0.80679,0.9987,0.72908,1.00000,0.8819,0.80137,0.78765,0.9874,0.68890,0.80288,0.78984,0.80278,120.52,0.9552,live,0.2906,0.4347,291.03,669.52
147814.044811,60.0,0.6114,4,4,0,0.79141,0.79722,0.78047,0.74583,0.78516,0.69028,0.80703,0.65556,0.83203,0.62917,0.81641,0.62083,0.82812,0.57778,0.83906,0.57083,0.84297,0.59028,0.84297,0.63472,0.86406,0.57917,0.87422,0.57639,0.87344,0.60000,0.86172,0.66250,0.88516,0.61528,0.89531,0.60833,0.88906,0.63472,0.87422,0.70139,0.89844,0.67083,0.91016,0.65972,0.90938,0.67083,0.60453,0.80675,0.9988,0.73086,1.00000,0.8815,0.80278,0.77985,0.9879,0.70940,0.80175,0.79141,0.79722,121.45,0.9642,live,0.3197,0.4522,305.95,676.63
147814.111534,60.0,0.6781,4,4,0,0.79375,0.79167,0.78125,0.74028,0.78672,0.68472,0.80859,0.65000,0.83203,0.62361,0.81719,0.61250,0.82891,0.57083,0.83828,0.56528,0.84219,0.58333,0.84375,0.62778,0.86406,0.57500,0.87266,0.57222,0.87266,0.59028,0.86172,0.65556,0.88438,0.60972,0.89375,0.60278,0.88672,0.62639,0.87422,0.69444,0.89766,0.66111,0.90938,0.65139,0.90781,0.66250,0.60416,0.80555,0.9989,0.72932,1.00000,0.8788,0.80491,0.77483,0.9883,0.72627,0.79973,0.79375,0.79167,121.27,0.9695,live,0.3365,0.4133,282.15,682.74
147814.178423,60.0,0.7450,4,4,0,0.79531,0.78611,0.78125,0.73611,0.78516,0.67778,0.80625,0.64028,0.82891,0.61111,0.81484,0.60972,0.82656,0.56389,0.83750,0.55972,0.84297,0.57778,0.84062,0.62500,0.86094,0.56806,0.87187,0.56528,0.87266,0.58472,0.85938,0.65000,0.88125,0.60278,0.89297,0.59583,0.88750,0.62083,0.87187,0.68750,0.89609,0.65139,0.90859,0.64167,0.90859,0.65556,0.60409,0.80565,0.9990,0.73085,1.00000,0.8803,0.80612,0.76825,0.9887,0.74008,0.79701,0.79531,0.78611,118.04,0.9555,live,0.3449,0.3830,262.70,685.80
147814.245041,60.0,0.8117,4,4,0,0.79297,0.77778,0.77969,0.72500,0.78359,0.66806,0.80547,0.62917,0.82891,0.60139,0.81250,0.60417,0.82422,0.55833,0.83437,0.55000,0.83906,0.56806,0.83828,0.61528,0.85703,0.55833,0.86797,0.55139,0.86953,0.57222,0.85703,0.64167,0.87891,0.59306,0.88906,0.58333,0.88594,0.60556,0.86953,0.67917,0.89219,0.64722,0.90469,0.63611,0.90625,0.64583,0.60404,0.80562,0.9990,0.73160,1.00000,0.8812,0.80288,0.75751,0.9891,0.75066,0.79316,0.79297,0.77778,117.47,0.9549,live,0.3449,0.3411,234.68,688.08
147814.311755,60.0,0.8784,4,4,0,0.78750,0.76806,0.77344,0.71528,0.77578,0.65833,0.79688,0.61528,0.81875,0.58472,0.80547,0.59306,0.81641,0.54583,0.82812,0.53611,0.83516,0.55139,0.83125,0.60417,0.84922,0.54444,0.86094,0.53472,0.86016,0.55833,0.85000,0.62917,0.87187,0.57917,0.88203,0.56667,0.87813,0.58611,0.86328,0.66528,0.88516,0.63750,0.89766,0.62500,0.89922,0.63194,0.60350,0.80547,0.9991,0.73126,1.00000,0.8834,0.80162,0.74381,0.9897,0.75802,0.78814,0.78750,0.76806,117.79,0.9460,live,0.3351,0.2905,200.54,690.32
147814.378610,60.0,0.9452,4,4,0,0.77578,0.74583,0.76172,0.68889,0.76250,0.63472,0.78125,0.59444,0.80156,0.56250,0.79063,0.56806,0.79922,0.52222,0.81172,0.51111,0.81953,0.52500,0.81641,0.57917,0.83516,0.52083,0.84453,0.51389,0.84375,0.53472,0.83594,0.60417,0.85703,0.55278,0.86562,0.54167,0.86016,0.56250,0.85078,0.63889,0.87422,0.60972,0.88516,0.59583,0.88438,0.60278,0.60415,0.80739,0.9992,0.72992,1.00000,0.8871,0.79921,0.73776,0.9902,0.76158,0.77968,0.77578,0.74583,118.90,0.9689,live,0.3174,0.2367,164.06,693.09
147814.445655,60.0,0.0123,4,1,1,0.75781,0.71667,0.74453,0.66111,0.74453,0.60556,0.75781,0.55972,0.77656,0.52778,0.77109,0.53333,0.78047,0.48333,0.78594,0.47083,0.78672,0.48889,0.79688,0.54444,0.81484,0.48333,0.81875,0.47917,0.81328,0.50000,0.81719,0.56667,0.83906,0.51250,0.84219,0.50278,0.83281,0.53056,0.83359,0.60278,0.85469,0.56528,0.86172,0.55000,0.85781,0.55972,0.59847,0.80743,0.9992,0.71996,1.00000,0.8894,0.78147,0.72334,0.9909,0.76082,0.76708,0.75781,0.71667,122.04,0.9847,live,0.2933,0.1834,127.96,697.79
147814.511634,60.0,0.0782,4,1,1,0.74141,0.68472,0.72266,0.63056,0.71953,0.56806,0.73438,0.51806,0.74922,0.47639,0.74687,0.49583,0.75313,0.44167,0.75703,0.42361,0.75625,0.43889,0.77187,0.50139,0.78594,0.43750,0.78828,0.42083,0.78281,0.43472,0.79297,0.52222,0.81016,0.46389,0.81172,0.45000,0.80312,0.47500,0.81172,0.55556,0.83203,0.51389,0.83516,0.49306,0.82578,0.50139,0.59856,0.80720,0.9993,0.72061,1.00000,0.8883,0.76805,0.68060,0.9913,0.75694,0.75061,0.74141,0.68472,124.18,0.9874,live,0.2662,0.1427,100.35,703.46
147814.578580,60.0,0.1452,4,1,1,0.72422,0.62917,0.70312,0.56806,0.69766,0.50556,0.70859,0.45694,0.72109,0.41667,0.72578,0.43611,0.72969,0.38611,0.72813,0.36667,0.72578,0.36389,0.74844,0.44167,0.75938,0.38333,0.75938,0.36389,0.75469,0.36389,0.76719,0.46111,0.78203,0.40556,0.78438,0.38472,0.77812,0.39306,0.78438,0.49444,0.79844,0.45417,0.80234,0.43056,0.80000,0.42639,0.59856,0.80861,0.9993,0.73160,1.00000,0.8911,0.75443,0.63448,0.9919,0.75040,0.72632,0.72422,0.62917,121.83,0.9809,live,0.2402,0.1218,86.08,706.77
147814.645193,60.0,0.2118,4,1,1,0.70391,0.56944,0.68281,0.50278,0.67656,0.44306,0.68281,0.39444,0.69063,0.35556,0.70469,0.37917,0.70547,0.33333,0.70000,0.30972,0.69453,0.29444,0.72500,0.38333,0.73203,0.33056,0.72969,0.30417,0.72422,0.29028,0.74297,0.40139,0.75391,0.34861,0.75391,0.32083,0.74766,0.31111,0.76016,0.43194,0.77187,0.38889,0.77422,0.36111,0.77031,0.34444,0.59898,0.80137,0.9993,0.74134,0.98276,0.8948,0.73882,0.56765,0.9925,0.74110,0.69494,0.70391,0.56944,119.16,0.9811,live,0.2193,0.1243,87.95,707.75
147814.711693,60.0,0.2783,4,1,1,0.69453,0.51111,0.66875,0.43889,0.66016,0.37917,0.66563,0.32500,0.67344,0.27917,0.68750,0.32083,0.68516,0.27500,0.67891,0.24861,0.67188,0.22500,0.70781,0.32083,0.71094,0.26944,0.70703,0.24167,0.70000,0.21528,0.72500,0.33472,0.73203,0.28472,0.73047,0.25556,0.72344,0.23611,0.74297,0.35972,0.75156,0.31667,0.75078,0.29028,0.74531,0.26944,0.59916,0.79701,0.9993,0.74034,0.94154,0.8951,0.71550,0.50714,0.9929,0.73178,0.65818,0.69453,0.51111,119.27,0.9719,live,0.2070,0.1510,106.99,708.69
147814.778569,60.0,0.3452,4,1,1,0.68516,0.45278,0.65547,0.38194,0.64687,0.32361,0.65156,0.26667,0.65859,0.21667,0.67422,0.27083,0.66953,0.22361,0.66172,0.19444,0.65469,0.16944,0.69219,0.26667,0.69531,0.21250,0.68984,0.18333,0.68125,0.16250,0.70937,0.27500,0.71641,0.22361,0.71250,0.19444,0.70234,0.18194,0.72734,0.29444,0.73594,0.24861,0.73516,0.22361,0.72813,0.20972,0.59918,0.79518,0.9993,0.73987,0.87364,0.8933,0.69774,0.44516,0.9930,0.72246,0.61710,0.68516,0.45278,115.57,0.9769,live,0.2070,0.1928,136.30,706.86
147814.845468,60.0,0.4121,4,1,1,0.67812,0.40139,0.64687,0.34167,0.63750,0.28056,0.64219,0.22361,0.64766,0.17778,0.66016,0.22778,0.65547,0.18056,0.64844,0.15417,0.64141,0.12778,0.67891,0.22222,0.67969,0.16944,0.67422,0.14167,0.66563,0.12083,0.69609,0.22917,0.70078,0.17639,0.69688,0.14722,0.68750,0.13333,0.71484,0.24583,0.72109,0.20278,0.71719,0.17500,0.70859,0.15833,0.60015,0.79225,0.9993,0.74094,0.84277,0.8963,0.68930,0.40053,0.9935,0.71359,0.57396,0.67812,0.40139,112.19,0.9752,live,0.2123,0.2362,165.99,702.81
147814.912007,60.0,0.4786,4,1,1,0.67344,0.36250,0.64141,0.31250,0.62969,0.25556,0.63203,0.19722,0.63906,0.15278,0.65156,0.19861,0.64687,0.15556,0.63984,0.13056,0.63281,0.10556,0.66953,0.19306,0.66875,0.14444,0.66250,0.11667,0.65391,0.09722,0.68672,0.20000,0.68906,0.14861,0.68437,0.12222,0.67500,0.11111,0.70469,0.21389,0.70703,0.17083,0.70312,0.14583,0.69453,0.13194,0.59987,0.78924,0.9994,0.74066,0.79453,0.8990,0.68321,0.36608,0.9938,0.70556,0.53166,0.67344,0.36250,106.62,0.9794,live,0.2239,0.2768,192.43,695.24
147814.978885,60.0,0.5455,4,1,1,0.66953,0.34444,0.63750,0.29861,0.62422,0.24167,0.62500,0.18611,0.63125,0.14167,0.64609,0.19306,0.64062,0.14861,0.63438,0.12500,0.62734,0.10139,0.66406,0.18611,0.66094,0.13750,0.65469,0.11111,0.64531,0.09028,0.67969,0.19028,0.68047,0.13889,0.67500,0.11389,0.66563,0.10000,0.69766,0.20139,0.69922,0.15833,0.69453,0.13333,0.68516,0.11667,0.59988,0.78868,0.9994,0.74066,0.78532,0.9032,0.68173,0.35215,0.9941,0.69836,0.49422,0.66953,0.34444,100.66,0.9763,live,0.2394,0.3100,212.11,684.29
147815.046250,60.0,0.6129,4,1,1,0.66641,0.33750,0.63438,0.29167,0.62187,0.23750,0.62344,0.18333,0.62969,0.14167,0.64453,0.19583,0.63828,0.15278,0.63125,0.12778,0.62344,0.10278,0.66172,0.18750,0.65859,0.14028,0.65156,0.11250,0.64219,0.09028,0.67734,0.19028,0.67734,0.14167,0.67188,0.11528,0.66094,0.10000,0.69453,0.19861,0.69531,0.15694,0.68984,0.13194,0.68047,0.11389,0.60021,0.78762,0.9994,0.74058,0.77148,0.9067,0.68055,0.34731,0.9944,0.69197,0.46288,0.66641,0.33750,96.06,0.9748,live,0.2561,0.3325,223.24,671.34
147815.112026,60.0,0.6786,4,1,1,0.66406,0.33750,0.63281,0.29444,0.62109,0.24028,0.62266,0.18889,0.62813,0.14861,0.64219,0.20278,0.63672,0.16111,0.62969,0.13611,0.62109,0.11250,0.65859,0.19444,0.65625,0.14722,0.64922,0.11944,0.63906,0.10000,0.67422,0.19583,0.67500,0.14722,0.66875,0.12222,0.65859,0.10694,0.69141,0.20278,0.69141,0.16250,0.68594,0.13750,0.67656,0.12083,0.59938,0.78532,0.9994,0.74032,0.77207,0.9091,0.67845,0.35471,0.9948,0.68638,0.43780,0.66406,0.33750,92.58,0.9787,live,0.2712,0.3397,223.31,657.44
147815.178674,60.0,0.7453,4,1,1,0.66328,0.34444,0.63047,0.30417,0.61875,0.25278,0.61953,0.20139,0.62578,0.16111,0.64141,0.21528,0.63516,0.17500,0.62734,0.15000,0.61797,0.12778,0.65703,0.20556,0.65469,0.16111,0.64687,0.13194,0.63594,0.11250,0.67188,0.20694,0.67188,0.15972,0.66563,0.13333,0.65469,0.11667,0.68828,0.21389,0.68906,0.17361,0.68359,0.14861,0.67422,0.13194,0.60037,0.78534,0.9994,0.74029,0.76191,0.9118,0.67622,0.35763,0.9951,0.68176,0.41913,0.66328,0.34444,89.19,0.9816,live,0.2819,0.3308,212.61,642.76
147815.245770,60.0,0.8124,4,1,1,0.66094,0.35972,0.62969,0.31944,0.61797,0.26667,0.61875,0.21528,0.62500,0.17639,0.64141,0.22778,0.63594,0.18889,0.62734,0.16389,0.61797,0.14306,0.65703,0.21944,0.65469,0.17361,0.64687,0.14583,0.63594,0.12778,0.67266,0.21944,0.67266,0.17222,0.66484,0.14583,0.65391,0.13194,0.68906,0.22639,0.68984,0.18611,0.68359,0.16250,0.67422,0.14722,0.60039,0.78357,0.9994,0.74277,0.76985,0.9136,0.67618,0.36226,0.9953,0.67760,0.40725,0.66094,0.35972,90.72,0.9846,live,0.2819,0.3067,193.52,630.95
147815.311971,60.0,0.8786,4,1,1,0.66172,0.37917,0.62969,0.33750,0.61719,0.28472,0.61719,0.23333,0.62500,0.19444,0.64141,0.24444,0.63594,0.20417,0.62734,0.17917,0.61719,0.15833,0.65781,0.23472,0.65547,0.19028,0.64766,0.16111,0.63594,0.14583,0.67344,0.23611,0.67344,0.18889,0.66641,0.16111,0.65469,0.15000,0.69063,0.24444,0.69141,0.20278,0.68516,0.17778,0.67500,0.16528,0.60264,0.78288,0.9994,0.74478,0.80021,0.9147,0.67613,0.38545,0.9955,0.67442,0.40163,0.66172,0.37917,92.84,0.9806,live,0.2819,0.2683,166.88,622.08
147815.378682,60.0,0.9453,4,1,1,0.65938,0.40556,0.62813,0.36667,0.61562,0.31111,0.61641,0.25694,0.62187,0.21667,0.64141,0.26250,0.63516,0.22083,0.62656,0.19444,0.61797,0.17083,0.65859,0.25417,0.65547,0.20556,0.64844,0.17500,0.63750,0.15556,0.67500,0.25833,0.67656,0.20694,0.66953,0.17917,0.65781,0.16389,0.69297,0.26944,0.69453,0.22639,0.68750,0.20139,0.67656,0.18889,0.60260,0.78287,0.9994,0.74363,0.84495,0.9122,0.67522,0.41473,0.9955,0.67141,0.40242,0.65938,0.40556,96.94,0.9800,live,0.2706,0.2192,135.31,617.23
147815.445697,60.0,0.0123,4,2,0,0.65859,0.44722,0.62734,0.40833,0.61484,0.35139,0.61406,0.30000,0.61641,0.25556,0.64062,0.29306,0.63281,0.24722,0.62500,0.21944,0.61641,0.19444,0.66016,0.28750,0.65703,0.23333,0.64922,0.20139,0.63906,0.18056,0.67734,0.29444,0.68125,0.23611,0.67344,0.20833,0.66172,0.19306,0.69453,0.30972,0.69922,0.26389,0.69219,0.23889,0.67969,0.22639,0.60260,0.78393,0.9995,0.74362,0.89105,0.9125,0.67396,0.44457,0.9958,0.66885,0.41138,0.65859,0.44722,101.89,0.9812,live,0.2525,0.1699,104.75,616.52
147815.512206,60.0,0.0788,4,2,0,0.65703,0.50278,0.62891,0.46528,0.61484,0.40972,0.61328,0.35972,0.61562,0.31806,0.64219,0.33889,0.63594,0.29167,0.62734,0.26389,0.61875,0.24028,0.66250,0.33472,0.66250,0.27778,0.65547,0.24722,0.64453,0.22917,0.68203,0.34583,0.68594,0.28889,0.67812,0.26250,0.66641,0.25000,0.70000,0.36806,0.70547,0.32361,0.69922,0.29861,0.68828,0.28611,0.60278,0.78308,0.9995,0.74418,0.93706,0.9159,0.67404,0.49511,0.9960,0.66649,0.42966,0.65703,0.50278,107.29,0.9899,live,0.2297,0.1261,78.15,619.79
147815.579110,60.0,0.1457,4,2,0,0.66875,0.56667,0.63984,0.54028,0.62344,0.49028,0.62109,0.44583,0.62187,0.40417,0.65234,0.40972,0.64609,0.35972,0.63906,0.33889,0.63047,0.32222,0.67500,0.40694,0.67734,0.35000,0.67031,0.32778,0.65938,0.32083,0.69453,0.42222,0.70078,0.37222,0.69688,0.35278,0.68750,0.34861,0.71250,0.45000,0.72188,0.41389,0.71875,0.39583,0.71016,0.39028,0.60371,0.79250,0.9995,0.74125,0.98769,0.9179,0.67427,0.57460,0.9962,0.66694,0.45706,0.66875,0.56667,103.36,0.9840,live,0.2043,0.0885,54.85,619.83
147815.645777,60.0,0.2124,4,2,0,0.69141,0.57083,0.66719,0.56389,0.64844,0.54861,0.63672,0.54722,0.63203,0.54167,0.66953,0.48889,0.66719,0.45278,0.66406,0.44861,0.65938,0.45139,0.69453,0.49583,0.69922,0.45139,0.69766,0.45278,0.69453,0.46944,0.71562,0.51806,0.72656,0.47500,0.72500,0.48056,0.71875,0.49861,0.73359,0.55139,0.74844,0.53750,0.75000,0.53889,0.74531,0.54444,0.60670,0.80249,0.9995,0.73412,1.00000,0.9181,0.68297,0.68279,0.9962,0.67183,0.47981,0.69141,0.57083,67.19,0.9543,live,0.1873,0.1096,65.06,593.83
147815.712361,60.0,0.2790,4,2,0,0.70937,0.50972,0.68437,0.54167,0.66250,0.58333,0.65156,0.63889,0.64531,0.68472,0.68125,0.53889,0.68359,0.56111,0.68437,0.59167,0.68359,0.62222,0.70781,0.54722,0.71250,0.55833,0.70937,0.59167,0.70469,0.62917,0.73125,0.55833,0.73906,0.57639,0.73672,0.61667,0.73203,0.65000,0.74844,0.57361,0.75938,0.60278,0.76016,0.63056,0.75781,0.65417,0.61424,0.80275,0.9995,0.74776,1.00000,0.9139,0.70789,0.78181,0.9957,0.67934,0.48580,0.70937,0.50972,56.56,0.9948,live,0.1739,0.1130,63.68,563.30
147815.779074,60.0,0.3457,4,2,0,0.69766,0.84306,0.67031,0.82222,0.65000,0.77917,0.65469,0.77083,0.67656,0.77639,0.68750,0.68472,0.69297,0.63472,0.69141,0.67639,0.68984,0.71806,0.71797,0.70278,0.73125,0.64028,0.72578,0.69028,0.71719,0.73889,0.74375,0.73194,0.76328,0.67500,0.76016,0.72361,0.75156,0.76806,0.76328,0.76944,0.78672,0.74028,0.78828,0.76944,0.78203,0.79861,0.61402,0.81354,0.9995,0.74590,1.00000,0.9103,0.71774,0.83996,0.9952,0.68300,0.55725,0.69766,0.84306,108.24,0.9893,live,0.1739,0.1988,114.02,573.63
147815.845721,60.0,0.4123,4,2,0,0.71562,0.80278,0.68672,0.79861,0.66641,0.77639,0.66797,0.79444,0.67969,0.81944,0.68828,0.71528,0.69141,0.68889,0.69063,0.72917,0.68828,0.77778,0.72188,0.72083,0.73281,0.69306,0.72891,0.74306,0.72188,0.79583,0.74844,0.73889,0.76250,0.72500,0.75938,0.77639,0.75000,0.82083,0.76641,0.76250,0.78281,0.76528,0.78203,0.80139,0.77500,0.83056,0.61383,0.82363,0.9995,0.73150,1.00000,0.9012,0.72199,0.91774,0.9942,0.68953,0.60635,0.71562,0.80278,77.10,0.9989,live,0.1909,0.2683,150.32,560.31
147815.912227,60.0,0.4788,4,2,0,0.69219,0.89722,0.66953,0.87222,0.65391,0.82361,0.66172,0.82083,0.68672,0.84167,0.69063,0.73056,0.70078,0.70000,0.69922,0.74306,0.69375,0.78750,0.72500,0.75000,0.74219,0.70278,0.73594,0.75972,0.72422,0.81389,0.75078,0.78194,0.77187,0.74444,0.76641,0.79861,0.75234,0.84444,0.76797,0.82222,0.79453,0.81111,0.79453,0.84722,0.78750,0.87639,0.61370,0.82601,0.9995,0.71448,1.00000,0.8933,0.72139,0.93318,0.9928,0.69006,0.66453,0.69219,0.89722,116.01,0.9966,live,0.2162,0.3315,191.12,576.60
147815.979341,60.0,0.5460,4,2,0,0.69453,0.90278,0.67109,0.86944,0.65469,0.82500,0.66328,0.82083,0.69063,0.83750,0.69531,0.73194,0.70312,0.69722,0.70078,0.73611,0.69844,0.77778,0.72656,0.75000,0.74062,0.70139,0.73516,0.75000,0.72656,0.80000,0.75156,0.78056,0.77266,0.73889,0.76719,0.78889,0.75469,0.83194,0.76953,0.81944,0.79531,0.80139,0.79453,0.83611,0.78516,0.86806,0.61353,0.82543,0.9995,0.71072,1.00000,0.8859,0.72074,0.92962,0.9918,0.69095,0.71218,0.69453,0.90278,116.90,0.9945,live,0.2439,0.3699,218.83,591.57
147816.046131,60.0,0.6127,4,2,0,0.69453,0.88194,0.67031,0.85139,0.65469,0.80694,0.66172,0.80000,0.68672,0.81389,0.69531,0.71389,0.70469,0.67361,0.70156,0.70972,0.69531,0.75278,0.72578,0.73194,0.74297,0.67639,0.73516,0.72222,0.72344,0.77083,0.75078,0.76250,0.77344,0.71250,0.76719,0.76111,0.75391,0.80694,0.76953,0.80000,0.79375,0.77778,0.79375,0.81111,0.78516,0.84306,0.61343,0.82496,0.9996,0.71224,1.00000,0.8831,0.71996,0.91735,0.9912,0.69167,0.74613,0.69453,0.88194,115.57,0.9969,live,0.2686,0.3811,230.13,603.80
147816.112545,60.0,0.6792,4,2,0,0.69375,0.85556,0.66797,0.82500,0.65156,0.77917,0.65938,0.76806,0.68203,0.77500,0.69063,0.69306,0.69922,0.65000,0.69688,0.68194,0.69141,0.72500,0.72109,0.70694,0.73750,0.64722,0.73125,0.68611,0.72031,0.73194,0.74687,0.73333,0.76719,0.68194,0.76094,0.72222,0.74766,0.76389,0.76641,0.77083,0.79141,0.74028,0.78828,0.76806,0.77734,0.79722,0.61298,0.82424,0.9996,0.72385,1.00000,0.8830,0.71861,0.90596,0.9909,0.69209,0.76802,0.69375,0.85556,113.22,0.9950,live,0.2867,0.3691,226.19,612.86
147816.179088,60.0,0.7457,4,2,0,0.68906,0.82778,0.66328,0.80139,0.64609,0.75278,0.65312,0.73611,0.67578,0.73889,0.68281,0.66944,0.69141,0.60972,0.68750,0.63056,0.68125,0.66944,0.71172,0.68194,0.72969,0.61250,0.72031,0.64861,0.70859,0.69167,0.73594,0.70833,0.75781,0.64583,0.74922,0.68056,0.73750,0.71944,0.75547,0.74583,0.78047,0.70694,0.77578,0.72778,0.76484,0.75556,0.61253,0.82210,0.9996,0.71951,1.00000,0.8864,0.71621,0.85271,0.9911,0.69148,0.77997,0.68906,0.82778,108.68,0.9938,live,0.3035,0.3801,234.71,617.57
147816.246623,60.0,0.8132,4,2,0,0.67891,0.80000,0.65312,0.77222,0.63672,0.72778,0.64141,0.70556,0.66172,0.69444,0.66875,0.63889,0.67500,0.58056,0.67109,0.58889,0.66641,0.62361,0.69766,0.65000,0.71406,0.58056,0.70391,0.60556,0.69219,0.64583,0.72188,0.67639,0.74219,0.61528,0.73203,0.63889,0.71797,0.67639,0.74219,0.71806,0.76484,0.67639,0.75781,0.68611,0.74375,0.70972,0.61154,0.81986,0.9996,0.74786,1.00000,0.8895,0.71398,0.81245,0.9913,0.68897,0.78397,0.67891,0.80000,109.38,0.9934,live,0.3111,0.3460,215.31,622.21
147816.312641,60.0,0.8793,4,2,0,0.66328,0.78611,0.63750,0.75417,0.62031,0.70694,0.62422,0.68056,0.64297,0.66389,0.65312,0.61667,0.65781,0.56389,0.64844,0.56806,0.63750,0.59861,0.67969,0.62778,0.69141,0.55972,0.67734,0.57917,0.66406,0.61944,0.70312,0.65278,0.71875,0.59167,0.70625,0.61528,0.69375,0.65139,0.72500,0.69167,0.74609,0.65000,0.73516,0.66250,0.72031,0.68611,0.61097,0.81005,0.9996,0.74877,1.00000,0.8860,0.70633,0.80102,0.9914,0.68383,0.78440,0.66328,0.78611,112.38,0.9926,live,0.3021,0.2609,163.96,628.46
147816.379443,60.0,0.9461,4,2,0,0.64219,0.78472,0.61562,0.75000,0.59688,0.70417,0.59531,0.67361,0.61016,0.65694,0.63047,0.61250,0.63438,0.55417,0.61875,0.56111,0.60547,0.58889,0.65469,0.62361,0.66406,0.55278,0.64609,0.57083,0.63203,0.60833,0.67734,0.65000,0.69063,0.58194,0.67500,0.60139,0.66250,0.63611,0.69844,0.68889,0.71562,0.64167,0.70234,0.65139,0.68750,0.67500,0.61054,0.80852,0.9997,0.74418,1.00000,0.8852,0.67221,0.78757,0.9912,0.67550,0.78447,0.64219,0.78472,111.16,0.9949,live,0.2847,0.2053,129.99,633.08
147816.445993,60.0,0.0126,4,3,0,0.61562,0.79306,0.58906,0.75556,0.56875,0.71111,0.56328,0.67917,0.57031,0.66111,0.59922,0.61806,0.59766,0.56111,0.57734,0.56944,0.56250,0.59167,0.62266,0.62917,0.62656,0.55833,0.60391,0.57778,0.58906,0.60972,0.64375,0.65556,0.65312,0.59028,0.63203,0.60972,0.61797,0.63889,0.66563,0.69444,0.67656,0.64722,0.66094,0.65694,0.64687,0.67778,0.61055,0.80792,0.9996,0.71326,1.00000,0.8794,0.63810,0.78207,0.9911,0.66353,0.78618,0.61562,0.79306,110.73,0.9944,live,0.2603,0.1490,94.92,636.84
147816.512467,60.0,0.0791,4,3,0,0.58594,0.80417,0.55625,0.76250,0.53359,0.72083,0.52344,0.69583,0.52109,0.67639,0.56172,0.62639,0.54922,0.57083,0.52422,0.58472,0.50469,0.60694,0.58359,0.63889,0.57266,0.57222,0.54063,0.59444,0.51953,0.62361,0.60391,0.66389,0.60078,0.60139,0.57109,0.62639,0.55078,0.65556,0.62500,0.70278,0.63047,0.65972,0.60938,0.66944,0.59062,0.68889,0.61051,0.80748,0.9996,0.70785,1.00000,0.8870,0.59573,0.78168,0.9916,0.64801,0.78978,0.58594,0.80417,109.28,0.9984,live,0.2358,0.1242,79.40,639.10
147816.579430,60.0,0.1460,4,3,0,0.55703,0.80694,0.52266,0.76667,0.49688,0.72639,0.48203,0.70278,0.47031,0.68472,0.52266,0.62361,0.49766,0.58333,0.47266,0.59306,0.45391,0.61389,0.54297,0.63056,0.51562,0.58056,0.48438,0.60000,0.46406,0.62917,0.56172,0.65556,0.54141,0.60694,0.50938,0.63472,0.48984,0.66389,0.57969,0.69583,0.56953,0.66111,0.54531,0.67500,0.52734,0.69306,0.60600,0.79084,0.9996,0.69179,1.00000,0.8955,0.55978,0.77274,0.9923,0.62981,0.79321,0.55703,0.80694,110.53,0.9982,live,0.2176,0.1349,86.62,641.99
147816.646417,60.0,0.2130,4,3,0,0.52031,0.79167,0.47891,0.75278,0.45156,0.71667,0.43359,0.69444,0.41641,0.67500,0.47656,0.60139,0.44297,0.57222,0.41406,0.58889,0.39531,0.61389,0.49531,0.60833,0.45469,0.57222,0.42109,0.59722,0.40234,0.62917,0.51250,0.63472,0.48047,0.59583,0.44766,0.62639,0.42969,0.65833,0.52734,0.67639,0.50703,0.65278,0.47969,0.66806,0.46016,0.68889,0.60066,0.79308,0.9995,0.66261,1.00000,0.8986,0.51856,0.76739,0.9924,0.60791,0.79290,0.52031,0.79167,112.95,0.9991,live,0.2089,0.1691,109.26,646.28
147816.712595,60.0,0.2792,4,3,0,0.48594,0.77639,0.43672,0.75139,0.40469,0.70833,0.38203,0.68333,0.36094,0.66250,0.42891,0.59167,0.39219,0.56667,0.36250,0.58194,0.34063,0.60556,0.44688,0.59444,0.40313,0.55833,0.36719,0.58611,0.34766,0.61667,0.46250,0.61806,0.42734,0.57917,0.39062,0.60833,0.37031,0.63889,0.47578,0.65972,0.44766,0.63472,0.41875,0.65000,0.40000,0.67083,0.58889,0.78117,0.9992,0.64622,1.00000,0.8920,0.47515,0.75396,0.9907,0.58352,0.78960,0.48594,0.77639,113.60,0.9990,live,0.2089,0.2129,138.52,650.52
147816.779810,60.0,0.3464,4,3,0,0.45234,0.75694,0.40391,0.73611,0.36875,0.69583,0.34687,0.67083,0.32500,0.64583,0.38906,0.58333,0.35391,0.55556,0.32500,0.56667,0.30156,0.58750,0.40625,0.58333,0.36328,0.54722,0.32734,0.56944,0.30547,0.59861,0.42188,0.60139,0.38359,0.55972,0.35000,0.58750,0.32891,0.61806,0.43516,0.63750,0.40469,0.61111,0.37969,0.62917,0.36328,0.65278,0.58373,0.78186,0.9991,0.61307,1.00000,0.8881,0.43195,0.71384,0.9903,0.55728,0.78307,0.45234,0.75694,111.67,0.9990,live,0.2178,0.2584,168.71,652.86
147816.847157,60.0,0.4138,4,3,0,0.43281,0.73750,0.38359,0.71389,0.34766,0.67361,0.32344,0.65139,0.30078,0.62639,0.37188,0.56667,0.33672,0.53750,0.30781,0.54861,0.28516,0.57083,0.38750,0.56806,0.34609,0.52778,0.31250,0.55278,0.29219,0.58194,0.40313,0.58472,0.36484,0.54444,0.33047,0.57083,0.30938,0.59861,0.41563,0.61944,0.38359,0.58889,0.35625,0.60417,0.33828,0.62500,0.58485,0.77838,0.9989,0.59638,0.97160,0.8904,0.40334,0.67824,0.9905,0.53239,0.77396,0.43281,0.73750,109.05,0.9984,live,0.2322,0.2976,194.34,653.03
147816.913221,60.0,0.4798,4,3,0,0.42500,0.72500,0.37734,0.70000,0.34297,0.65833,0.31797,0.63472,0.29375,0.61111,0.36641,0.55000,0.32969,0.52222,0.30156,0.53333,0.27813,0.55556,0.38203,0.55139,0.33828,0.51667,0.30625,0.54028,0.28672,0.56806,0.39609,0.56667,0.35703,0.53194,0.32266,0.55556,0.30156,0.58194,0.40625,0.59861,0.37344,0.57222,0.34609,0.58611,0.32812,0.60278,0.58444,0.77876,0.9986,0.60042,0.97076,0.8816,0.40336,0.66421,0.9868,0.51091,0.76416,0.42500,0.72500,109.79,0.9980,live,0.2487,0.3239,211.71,653.72
147816.979803,60.0,0.5464,4,3,0,0.42578,0.71806,0.37812,0.69444,0.34453,0.64861,0.32109,0.62361,0.29844,0.59861,0.36641,0.54306,0.33125,0.51528,0.30234,0.52500,0.27969,0.54306,0.38281,0.54167,0.34141,0.50556,0.30859,0.52778,0.28828,0.55278,0.39687,0.55556,0.35859,0.51944,0.32578,0.54306,0.30625,0.56944,0.40781,0.58611,0.37500,0.55694,0.34844,0.57083,0.33125,0.58750,0.57888,0.76978,0.9985,0.60770,0.97294,0.8778,0.40469,0.66132,0.9862,0.49389,0.75494,0.42578,0.71806,111.17,0.9980,live,0.2640,0.3340,218.88,655.31
147817.046949,60.0,0.6136,4,3,0,0.43047,0.70972,0.38516,0.68750,0.35156,0.64306,0.32891,0.61806,0.30703,0.58889,0.37188,0.54444,0.33906,0.50833,0.31172,0.51528,0.28906,0.53333,0.38750,0.54167,0.34922,0.49722,0.31719,0.51806,0.29688,0.54583,0.40313,0.55417,0.36797,0.50972,0.33516,0.53194,0.31484,0.55833,0.41563,0.57917,0.38594,0.54722,0.35859,0.56111,0.34141,0.58056,0.57875,0.77039,0.9984,0.60736,0.96106,0.8744,0.41039,0.64505,0.9849,0.48120,0.74590,0.43047,0.70972,107.70,0.9974,live,0.2760,0.3305,216.21,654.22
147817.112987,60.0,0.6796,4,3,0,0.43828,0.70417,0.39609,0.68056,0.36250,0.63472,0.34063,0.60833,0.32109,0.57917,0.38750,0.53472,0.35547,0.49722,0.32734,0.50833,0.30312,0.52917,0.40234,0.53194,0.36250,0.48889,0.33047,0.51389,0.31094,0.54028,0.41641,0.54444,0.37891,0.50278,0.34687,0.52778,0.32734,0.55417,0.42734,0.57222,0.39687,0.54167,0.37109,0.55694,0.35391,0.57361,0.57877,0.77023,0.9976,0.59931,0.95988,0.8697,0.41656,0.63848,0.9838,0.47262,0.73755,0.43828,0.70417,106.06,0.9966,live,0.2829,0.3146,205.16,652.08
147817.179783,60.0,0.7464,4,3,0,0.44844,0.70417,0.40703,0.68333,0.37500,0.63472,0.35391,0.60556,0.33516,0.57639,0.39375,0.54167,0.36719,0.49861,0.33984,0.50694,0.31719,0.52500,0.41016,0.53750,0.37656,0.48611,0.34453,0.50694,0.32500,0.53194,0.42578,0.54861,0.39375,0.50139,0.36172,0.52222,0.34219,0.54583,0.43906,0.57361,0.41250,0.53889,0.38672,0.55000,0.36953,0.56528,0.57754,0.76842,0.9977,0.60063,0.96277,0.8694,0.42244,0.64325,0.9844,0.46778,0.73088,0.44844,0.70417,105.78,0.9973,live,0.2829,0.2844,184.84,649.99
147817.246598,60.0,0.8132,4,3,0,0.46172,0.70694,0.42188,0.68194,0.39062,0.63333,0.36953,0.60556,0.35000,0.57639,0.41016,0.54306,0.38438,0.50000,0.35703,0.50556,0.33437,0.52222,0.42578,0.54028,0.39453,0.48750,0.36328,0.50556,0.34375,0.52778,0.44219,0.55139,0.41406,0.50139,0.38203,0.52222,0.36250,0.54444,0.45703,0.57778,0.43203,0.54167,0.40703,0.55417,0.39062,0.56944,0.57908,0.76854,0.9978,0.62955,0.97256,0.8733,0.45163,0.66028,0.9851,0.46657,0.72609,0.46172,0.70694,105.48,0.9969,live,0.2755,0.2416,156.52,647.93
147817.313040,60.0,0.8797,4,3,0,0.48125,0.70972,0.44062,0.68194,0.41016,0.63750,0.39062,0.60833,0.37578,0.57639,0.43281,0.55000,0.40937,0.50278,0.38203,0.50833,0.35938,0.52083,0.44844,0.54861,0.42109,0.48889,0.38828,0.50417,0.36875,0.52500,0.46406,0.56111,0.44062,0.50417,0.40781,0.52361,0.38828,0.54722,0.47969,0.58750,0.46094,0.54306,0.43594,0.55278,0.41953,0.57083,0.57299,0.76815,0.9980,0.64528,0.98503,0.8801,0.48577,0.67854,0.9861,0.46951,0.72282,0.48125,0.70972,101.96,0.9962,live,0.2606,0.1926,123.95,643.59
147817.379982,60.0,0.9466,4,3,0,0.50469,0.72361,0.46875,0.68611,0.43984,0.63889,0.41953,0.60833,0.40781,0.57639,0.46250,0.55972,0.44609,0.50556,0.41953,0.50694,0.39766,0.52222,0.47891,0.55972,0.46250,0.49306,0.43125,0.50694,0.41016,0.53056,0.49688,0.57361,0.48516,0.50556,0.45234,0.52361,0.43203,0.55000,0.51406,0.59861,0.50078,0.55000,0.47578,0.56111,0.45781,0.58333,0.57330,0.78455,0.9981,0.65747,1.00000,0.8877,0.51437,0.69365,0.9872,0.47654,0.72297,0.50469,0.72361,103.70,0.9950,live,0.2395,0.1434,91.94,641.02
147817.446390,60.0,0.0130,4,4,0,0.53750,0.73472,0.50391,0.69722,0.47500,0.65139,0.45625,0.61806,0.44922,0.58056,0.49922,0.56667,0.49062,0.50833,0.46641,0.50972,0.44609,0.52639,0.51719,0.57083,0.51172,0.49861,0.48125,0.51250,0.46172,0.53750,0.53672,0.58750,0.53516,0.51806,0.50469,0.53194,0.48594,0.55694,0.55469,0.61667,0.55234,0.56528,0.53047,0.56944,0.51250,0.58611,0.58933,0.79866,0.9983,0.67023,1.00000,0.8929,0.54683,0.69779,0.9880,0.48873,0.72532,0.53750,0.73472,104.70,0.9954,live,0.2223,0.1438,91.94,639.48
147817.513302,60.0,0.0799,4,4,0,0.57812,0.74722,0.54766,0.70833,0.52266,0.65417,0.50938,0.61667,0.50703,0.58472,0.54922,0.57361,0.54375,0.51667,0.52344,0.51667,0.50391,0.53194,0.56797,0.58056,0.56406,0.51389,0.53750,0.52083,0.51719,0.54028,0.58672,0.60000,0.58828,0.53472,0.56563,0.54583,0.54922,0.57083,0.60469,0.63194,0.60781,0.58333,0.59297,0.58472,0.57969,0.59722,0.60223,0.80347,0.9984,0.69579,1.00000,0.8983,0.58454,0.70764,0.9889,0.50661,0.72970,0.57812,0.74722,105.81,0.9958,live,0.1981,0.0880,56.23,638.93
147817.580182,60.0,0.1468,4,4,0,0.62344,0.75000,0.59062,0.71111,0.57031,0.66528,0.56719,0.62222,0.58594,0.60694,0.59688,0.57639,0.59922,0.52083,0.58672,0.52083,0.57578,0.54167,0.61641,0.58056,0.62109,0.52083,0.60625,0.52500,0.59453,0.54722,0.63594,0.60000,0.64453,0.54722,0.63359,0.55556,0.62344,0.57917,0.65391,0.63333,0.66172,0.60139,0.65625,0.60000,0.65000,0.60972,0.60116,0.80440,0.9985,0.70363,1.00000,0.8930,0.64090,0.71711,0.9886,0.52998,0.73376,0.62344,0.75000,107.05,0.9819,live,0.1858,0.1296,82.85,639.33
147817.646823,60.0,0.2134,4,4,0,0.67969,0.75139,0.65547,0.71528,0.63984,0.66111,0.64297,0.62083,0.66016,0.59028,0.67188,0.58194,0.67969,0.52639,0.66406,0.52361,0.64922,0.54028,0.69375,0.58750,0.70312,0.51667,0.68672,0.52222,0.67344,0.54583,0.71484,0.60694,0.72969,0.54444,0.71641,0.55833,0.70625,0.58750,0.73516,0.64167,0.75547,0.60139,0.74375,0.60556,0.72969,0.62222,0.60596,0.80527,0.9987,0.74081,1.00000,0.8934,0.69939,0.74191,0.9890,0.55992,0.73729,0.67969,0.75139,109.92,0.9965,live,0.1858,0.1880,120.64,641.76
147817.713094,60.0,0.2797,4,4,0,0.71875,0.75556,0.69688,0.71528,0.68750,0.66667,0.69453,0.62917,0.71016,0.59861,0.71484,0.57500,0.72031,0.52500,0.72578,0.51389,0.72656,0.53611,0.74219,0.58056,0.75703,0.51944,0.75781,0.51944,0.74922,0.55278,0.76484,0.60278,0.78516,0.54861,0.78359,0.55278,0.77266,0.58333,0.78281,0.64167,0.80312,0.61528,0.80156,0.60833,0.79297,0.62083,0.60565,0.81110,0.9988,0.73541,1.00000,0.8937,0.73844,0.74785,0.9897,0.59169,0.74094,0.71875,0.75556,118.74,0.9718,live,0.1968,0.2471,160.68,650.24
147817.780163,60.0,0.3468,4,4,0,0.75000,0.75694,0.73203,0.70694,0.72656,0.65278,0.74062,0.62083,0.76641,0.60556,0.76094,0.57361,0.76875,0.53333,0.77266,0.52917,0.77500,0.55000,0.78750,0.58194,0.80625,0.52361,0.80859,0.51944,0.80312,0.54583,0.80781,0.60556,0.83359,0.55417,0.83516,0.55139,0.82656,0.57917,0.82344,0.64722,0.84922,0.61806,0.85234,0.60833,0.84531,0.61944,0.60716,0.80966,0.9989,0.72819,1.00000,0.8925,0.76531,0.74696,0.9903,0.62335,0.74414,0.75000,0.75694,121.58,0.9716,live,0.2163,0.3051,201.26,659.75
147817.846729,60.0,0.4133,4,4,0,0.77969,0.75417,0.76328,0.70556,0.76172,0.65139,0.78125,0.61806,0.80547,0.59583,0.79219,0.58056,0.80078,0.53750,0.81094,0.52917,0.81953,0.54167,0.81875,0.58750,0.83594,0.52361,0.84531,0.51944,0.84688,0.54306,0.83984,0.61111,0.86172,0.55833,0.87109,0.55278,0.86953,0.58056,0.85625,0.65000,0.88047,0.61944,0.89062,0.60972,0.88828,0.62222,0.60903,0.80974,0.9989,0.73268,1.00000,0.8929,0.79134,0.74535,0.9908,0.65462,0.74615,0.77969,0.75417,118.87,0.9585,live,0.2415,0.3566,237.54,666.16
147817.913276,60.0,0.4799,4,4,0,0.80000,0.75139,0.78281,0.70139,0.78438,0.64583,0.80859,0.61667,0.83437,0.59444,0.81563,0.57917,0.82500,0.53611,0.83828,0.52917,0.84766,0.55000,0.84219,0.58750,0.86016,0.52639,0.87266,0.52361,0.87500,0.54861,0.86250,0.61250,0.88438,0.56250,0.89687,0.55694,0.89531,0.58194,0.87734,0.65139,0.90234,0.62083,0.91406,0.61250,0.91328,0.62500,0.61094,0.80965,0.9990,0.73744,1.00000,0.8959,0.80207,0.74458,0.9913,0.68369,0.74720,0.80000,0.75139,118.09,0.9668,live,0.2693,0.3959,265.73,671.25
147817.980290,60.0,0.5469,4,4,0,0.80703,0.75417,0.79141,0.70417,0.79688,0.65139,0.82422,0.62083,0.85000,0.59583,0.82266,0.58194,0.83750,0.54306,0.85234,0.53750,0.86250,0.55278,0.85078,0.59444,0.87187,0.53472,0.88516,0.53472,0.88984,0.55694,0.86953,0.61944,0.89297,0.57222,0.90625,0.56528,0.90703,0.58889,0.88359,0.65833,0.90547,0.62778,0.91797,0.61667,0.92188,0.62500,0.61157,0.81020,0.9991,0.74659,1.00000,0.8981,0.81101,0.74435,0.9918,0.70836,0.74859,0.80703,0.75417,117.20,0.9749,live,0.2959,0.4172,281.62,675.08
147818.046995,60.0,0.6136,4,4,0,0.81094,0.75972,0.79609,0.71250,0.80078,0.65833,0.82578,0.62500,0.85156,0.59583,0.82734,0.58889,0.84062,0.54722,0.85391,0.54028,0.86406,0.55694,0.85391,0.60000,0.87422,0.54167,0.88750,0.53750,0.89297,0.55972,0.87266,0.62500,0.89531,0.57778,0.90938,0.57222,0.91016,0.59583,0.88594,0.66250,0.90625,0.63194,0.91875,0.62361,0.92031,0.63611,0.61271,0.81068,0.9992,0.74614,1.00000,0.8987,0.81516,0.74353,0.9923,0.72888,0.75082,0.81094,0.75972,115.73,0.9663,live,0.3184,0.4206,284.90,677.40
147818.113485,60.0,0.6801,4,4,0,0.80781,0.75694,0.79453,0.71250,0.79844,0.65972,0.82188,0.62778,0.84922,0.60139,0.82578,0.58750,0.83750,0.54722,0.85000,0.54167,0.86016,0.55833,0.85234,0.59861,0.87109,0.54306,0.88359,0.53889,0.88906,0.55972,0.87031,0.62500,0.89297,0.57917,0.90625,0.57222,0.90703,0.59722,0.88281,0.66389,0.90391,0.63333,0.91406,0.62500,0.91484,0.63611,0.61291,0.81082,0.9992,0.74688,1.00000,0.9004,0.81486,0.74247,0.9927,0.74466,0.75204,0.80781,0.75694,115.02,0.9784,live,0.3340,0.4052,275.11,678.92
147818.180256,60.0,0.7469,4,4,0,0.80156,0.75556,0.78672,0.70972,0.79297,0.65417,0.81797,0.62361,0.84375,0.60000,0.81953,0.58333,0.83125,0.54444,0.84453,0.53750,0.85391,0.55278,0.84609,0.59444,0.86406,0.53750,0.87734,0.53194,0.88125,0.55417,0.86406,0.61944,0.88750,0.57361,0.90078,0.56528,0.89922,0.58750,0.87734,0.65972,0.90000,0.63056,0.91016,0.62222,0.90859,0.63472,0.61259,0.81134,0.9993,0.74566,1.00000,0.8989,0.81024,0.74523,0.9929,0.75604,0.75274,0.80156,0.75556,116.65,0.9806,live,0.3403,0.3688,251.29,681.44
147818.246990,60.0,0.8136,4,4,0,0.79453,0.74167,0.77812,0.69861,0.78047,0.64306,0.80234,0.60972,0.82500,0.58472,0.80547,0.57083,0.81563,0.53056,0.82812,0.52639,0.83672,0.54444,0.83281,0.58056,0.85000,0.51806,0.86250,0.51667,0.86641,0.54306,0.85234,0.60417,0.87344,0.55278,0.88516,0.55000,0.88359,0.57639,0.86641,0.64306,0.88750,0.61111,0.89531,0.60556,0.89219,0.62083,0.61323,0.81059,0.9993,0.74493,1.00000,0.9015,0.80677,0.73982,0.9932,0.76374,0.75053,0.79453,0.74167,114.92,0.9768,live,0.3403,0.3230,220.39,682.41
147818.313330,60.0,0.8799,4,4,0,0.77734,0.71667,0.76094,0.67361,0.76172,0.62083,0.78203,0.58889,0.80312,0.56250,0.78672,0.54306,0.79453,0.50833,0.80547,0.49722,0.81563,0.50833,0.81250,0.55000,0.82656,0.48889,0.83828,0.48194,0.84219,0.50417,0.83203,0.57361,0.85234,0.52222,0.86172,0.51806,0.85781,0.54167,0.84609,0.61111,0.86328,0.58194,0.86875,0.57639,0.86250,0.59028,0.61280,0.80657,0.9994,0.74025,1.00000,0.9034,0.79709,0.74098,0.9935,0.76646,0.74376,0.77734,0.71667,115.11,0.9803,live,0.3273,0.2682,183.30,683.40
147818.380304,60.0,0.9469,4,4,0,0.75938,0.67917,0.73984,0.63611,0.73359,0.58472,0.74687,0.54444,0.76562,0.51667,0.76016,0.50139,0.76719,0.45694,0.77500,0.44444,0.78203,0.45556,0.78438,0.50417,0.79766,0.44722,0.80312,0.43194,0.80234,0.44306,0.80391,0.52639,0.82500,0.46944,0.82422,0.46111,0.81563,0.48333,0.82031,0.56528,0.83594,0.52778,0.83125,0.52500,0.81797,0.54583,0.61277,0.80657,0.9994,0.74072,1.00000,0.9036,0.78625,0.68178,0.9938,0.76504,0.73084,0.75938,0.67917,115.22,0.9859,live,0.3063,0.2105,144.03,684.35
147818.446933,60.0,0.0135,4,1,1,0.73750,0.62083,0.71406,0.57083,0.70781,0.51250,0.71953,0.46528,0.72813,0.42083,0.73047,0.43472,0.73359,0.38750,0.73281,0.37222,0.73047,0.37917,0.75234,0.43750,0.76094,0.38056,0.76016,0.36528,0.75391,0.37500,0.77187,0.45556,0.78750,0.39861,0.78203,0.39583,0.77266,0.41806,0.78984,0.48750,0.79766,0.45139,0.78750,0.45694,0.77500,0.48056,0.60982,0.80242,0.9994,0.74698,1.00000,0.9063,0.76016,0.62679,0.9942,0.75954,0.70884,0.73750,0.62083,117.43,0.9908,live,0.2801,0.1610,110.56,686.77
147818.513591,60.0,0.0802,4,1,1,0.71094,0.56528,0.68672,0.50694,0.67734,0.45278,0.68281,0.40833,0.68906,0.36806,0.69766,0.37361,0.69453,0.32917,0.68828,0.30694,0.68359,0.30000,0.71953,0.37222,0.72344,0.31667,0.71875,0.29722,0.71172,0.29722,0.73828,0.38750,0.74766,0.33194,0.74062,0.31944,0.73047,0.33056,0.75703,0.41806,0.76406,0.37361,0.75313,0.37222,0.73984,0.39028,0.60895,0.80160,0.9995,0.76150,0.96384,0.9075,0.73407,0.56184,0.9944,0.74982,0.68013,0.71094,0.56528,120.56,0.9917,live,0.2534,0.1315,90.91,691.16
147818.580458,60.0,0.1471,4,1,1,0.69297,0.50278,0.66484,0.43750,0.65234,0.38056,0.65391,0.33056,0.66016,0.28889,0.67109,0.30972,0.66797,0.26528,0.65938,0.24028,0.65000,0.23056,0.69063,0.30556,0.69297,0.25139,0.68594,0.22639,0.67578,0.21944,0.70937,0.31528,0.71719,0.26111,0.70859,0.24167,0.69688,0.24722,0.72813,0.34028,0.73281,0.29167,0.72422,0.28472,0.71250,0.29583,0.60895,0.79437,0.9995,0.76068,0.90464,0.9069,0.70267,0.48994,0.9944,0.73845,0.64466,0.69297,0.50278,121.36,0.9868,live,0.2314,0.1315,91.49,695.60
147818.647179,60.0,0.2138,4,1,1,0.67812,0.44167,0.64687,0.37639,0.63359,0.31944,0.63203,0.26528,0.63672,0.21806,0.65234,0.25972,0.64609,0.21389,0.63672,0.18750,0.62656,0.16944,0.67031,0.25278,0.67031,0.19722,0.66172,0.17222,0.64844,0.15694,0.68750,0.25972,0.69219,0.20417,0.68437,0.17778,0.67031,0.17361,0.70547,0.28194,0.70937,0.23333,0.70234,0.20833,0.68828,0.20000,0.60884,0.79039,0.9995,0.76005,0.86424,0.9078,0.69155,0.43422,0.9945,0.72638,0.60406,0.67812,0.44167,115.38,0.9780,live,0.2205,0.1708,118.71,695.20
147818.713774,60.0,0.2804,4,1,1,0.66641,0.38194,0.63203,0.32222,0.61875,0.26528,0.61719,0.21111,0.62031,0.16528,0.63750,0.21111,0.63047,0.16528,0.62109,0.14167,0.61094,0.12639,0.65391,0.20417,0.65156,0.15278,0.64141,0.12778,0.62813,0.11389,0.67109,0.20694,0.67266,0.15694,0.66328,0.12917,0.65078,0.12222,0.68906,0.22083,0.69063,0.17639,0.68437,0.15139,0.67344,0.13889,0.60814,0.78990,0.9995,0.75970,0.79064,0.9098,0.67919,0.38706,0.9948,0.71439,0.55964,0.66641,0.38194,110.85,0.9816,live,0.2205,0.2230,154.19,691.59
147818.780457,60.0,0.3471,4,1,1,0.65703,0.33333,0.62109,0.28194,0.60781,0.22639,0.60625,0.17222,0.61016,0.12778,0.62500,0.18056,0.61875,0.13750,0.60938,0.11528,0.60000,0.10139,0.64219,0.17222,0.63906,0.12083,0.62813,0.09722,0.61641,0.09028,0.65859,0.17500,0.65859,0.12083,0.64766,0.09861,0.63516,0.10000,0.67578,0.18333,0.67734,0.13611,0.66797,0.11528,0.65469,0.11111,0.60106,0.78030,0.9995,0.74572,0.76116,0.9135,0.66667,0.32766,0.9952,0.70292,0.51438,0.65703,0.33333,102.65,0.9754,live,0.2305,0.2762,188.48,682.51
147818.847256,60.0,0.4139,4,1,1,0.64375,0.30278,0.61250,0.26250,0.59922,0.20972,0.59844,0.15833,0.60469,0.11944,0.62031,0.16389,0.61406,0.12083,0.60391,0.09861,0.59453,0.09167,0.63438,0.15694,0.63203,0.10278,0.62031,0.08194,0.60859,0.08472,0.65000,0.15833,0.65078,0.10278,0.63906,0.08750,0.62734,0.09722,0.66641,0.16667,0.66719,0.11806,0.65703,0.10139,0.64453,0.10556,0.59799,0.77270,0.9995,0.73322,0.73359,0.9150,0.66259,0.31835,0.9955,0.69108,0.47206,0.64375,0.30278,92.83,0.9731,live,0.2479,0.3268,218.12,667.44
147818.914594,60.0,0.4812,4,1,1,0.63984,0.29306,0.60781,0.25000,0.59531,0.20417,0.59453,0.15556,0.59922,0.11389,0.61875,0.16389,0.61094,0.12361,0.60078,0.10278,0.59062,0.09028,0.63281,0.15694,0.62891,0.10556,0.61797,0.08750,0.60391,0.09028,0.64687,0.15833,0.64687,0.10278,0.63516,0.08611,0.62187,0.09444,0.66328,0.16389,0.66250,0.11806,0.65234,0.10139,0.63984,0.10694,0.59829,0.76851,0.9995,0.73168,0.71190,0.9183,0.65890,0.30018,0.9957,0.68083,0.43626,0.63984,0.29306,87.49,0.9819,live,0.2691,0.3658,237.92,650.34
147818.980936,60.0,0.5476,4,1,1,0.63672,0.29306,0.60625,0.25417,0.59297,0.20972,0.59219,0.16111,0.59766,0.12222,0.61641,0.17500,0.60781,0.13611,0.59922,0.11250,0.58984,0.09722,0.62969,0.16528,0.62656,0.11667,0.61641,0.09583,0.60391,0.09444,0.64375,0.16389,0.64375,0.11389,0.63281,0.09306,0.61953,0.10000,0.66016,0.16667,0.66172,0.12500,0.65156,0.10556,0.63906,0.10972,0.59513,0.76546,0.9994,0.72784,0.70412,0.9220,0.65357,0.30717,0.9958,0.67201,0.40762,0.63672,0.29306,83.37,0.9816,live,0.2901,0.3860,244.11,632.33
147819.047410,60.0,0.6140,4,1,1,0.63672,0.29722,0.60469,0.25833,0.59297,0.21528,0.59219,0.16806,0.59688,0.12917,0.61719,0.18472,0.60938,0.14583,0.60078,0.12222,0.59141,0.10139,0.63125,0.17500,0.62734,0.13056,0.61797,0.10556,0.60703,0.09861,0.64609,0.17361,0.64531,0.12639,0.63594,0.10278,0.62344,0.10417,0.66328,0.17361,0.66484,0.13472,0.65625,0.11389,0.64375,0.11528,0.59478,0.76562,0.9995,0.72684,0.71533,0.9238,0.65524,0.31655,0.9961,0.66495,0.38554,0.63672,0.29722,81.97,0.9803,live,0.3076,0.3872,238.30,615.46
147819.113903,60.0,0.6805,4,1,1,0.63594,0.30417,0.60625,0.26667,0.59453,0.22361,0.59375,0.17500,0.59922,0.13750,0.62109,0.19306,0.61328,0.15417,0.60469,0.12917,0.59531,0.10694,0.63438,0.18472,0.63203,0.13750,0.62266,0.11111,0.61094,0.10000,0.65000,0.18333,0.65000,0.13472,0.64062,0.11111,0.62734,0.10972,0.66719,0.18333,0.66875,0.14306,0.66016,0.12222,0.64687,0.12222,0.59552,0.76604,0.9994,0.72608,0.72259,0.9243,0.65560,0.31647,0.9962,0.65915,0.36926,0.63594,0.30417,80.85,0.9795,live,0.3191,0.3714,222.75,599.82
147819.180826,60.0,0.7474,4,1,1,0.63594,0.31528,0.60625,0.27778,0.59531,0.23056,0.59531,0.18194,0.60078,0.14306,0.62266,0.19861,0.61562,0.16111,0.60703,0.13472,0.59844,0.11111,0.63672,0.19028,0.63516,0.14167,0.62500,0.11528,0.61250,0.10972,0.65234,0.19028,0.65391,0.13750,0.64219,0.11667,0.62734,0.12222,0.66953,0.19444,0.67266,0.15139,0.66250,0.13333,0.64766,0.13750,0.59430,0.76631,0.9994,0.72623,0.73514,0.9277,0.65637,0.32575,0.9965,0.65451,0.35847,0.63594,0.31528,83.21,0.9820,live,0.3191,0.3391,199.33,587.75
147819.247557,60.0,0.8142,4,1,1,0.63750,0.33333,0.60625,0.29444,0.59609,0.24306,0.59688,0.19444,0.60234,0.15556,0.62500,0.20833,0.61797,0.16944,0.60938,0.14167,0.60078,0.11944,0.63984,0.20000,0.63906,0.15000,0.62813,0.12500,0.61484,0.12083,0.65547,0.20139,0.65859,0.14861,0.64609,0.12778,0.63203,0.13194,0.67344,0.20694,0.67812,0.16250,0.66719,0.14306,0.65156,0.14722,0.59458,0.77152,0.9994,0.72512,0.77510,0.9288,0.65677,0.34724,0.9967,0.65111,0.35344,0.63750,0.33333,87.86,0.9810,live,0.3141,0.2913,169.12,580.48
147819.314264,60.0,0.8809,4,1,1,0.63750,0.36389,0.60781,0.32917,0.59688,0.26944,0.59766,0.21806,0.60156,0.17917,0.62578,0.22778,0.61953,0.18611,0.61094,0.15556,0.60313,0.13333,0.64297,0.21944,0.64219,0.16667,0.63125,0.13889,0.61797,0.13194,0.65938,0.22361,0.66250,0.16806,0.64922,0.14583,0.63359,0.14722,0.67656,0.23333,0.68047,0.18611,0.66875,0.16528,0.65391,0.16667,0.59522,0.77463,0.9994,0.72518,0.81243,0.9274,0.65604,0.36694,0.9969,0.64838,0.35553,0.63750,0.36389,93.74,0.9826,live,0.2997,0.2339,135.27,578.32
147819.380892,60.0,0.9475,4,1,1,0.63672,0.41250,0.60703,0.37639,0.59609,0.31111,0.59766,0.25694,0.60391,0.21528,0.62500,0.26528,0.61953,0.21806,0.61094,0.18750,0.60078,0.16528,0.64375,0.25972,0.64375,0.20000,0.63203,0.17222,0.61719,0.16667,0.66172,0.26528,0.66563,0.20139,0.65156,0.17917,0.63594,0.18333,0.67891,0.28056,0.68437,0.22639,0.67344,0.20417,0.65781,0.20556,0.59541,0.77832,0.9994,0.72524,0.88082,0.9238,0.65576,0.42798,0.9969,0.64605,0.36692,0.63672,0.41250,99.14,0.9844,live,0.2777,0.1776,103.03,580.30
147819.447905,60.0,0.0145,4,2,0,0.63438,0.47500,0.60703,0.45000,0.59375,0.38333,0.59141,0.33333,0.59531,0.29167,0.62656,0.32639,0.62344,0.27361,0.61016,0.25000,0.59922,0.24167,0.64531,0.32500,0.64609,0.25278,0.62891,0.24444,0.61719,0.26389,0.66406,0.33611,0.66797,0.26389,0.64922,0.26389,0.63984,0.28889,0.68281,0.35833,0.68750,0.30139,0.67109,0.29444,0.65859,0.31389,0.59489,0.77929,0.9994,0.72652,0.94283,0.9200,0.65446,0.48873,0.9968,0.64372,0.38854,0.63438,0.47500,99.09,0.9872,live,0.2513,0.1310,76.24,582.01
147819.514183,60.0,0.0808,4,2,0,0.64219,0.50556,0.61641,0.49306,0.60078,0.45833,0.59453,0.42778,0.59688,0.39861,0.62656,0.39722,0.62344,0.36111,0.61328,0.35972,0.60625,0.36667,0.64844,0.40278,0.65000,0.35278,0.63906,0.36667,0.63125,0.39583,0.66953,0.41944,0.67344,0.37083,0.65938,0.39444,0.65156,0.42500,0.68984,0.44861,0.69531,0.41667,0.68281,0.43194,0.67344,0.45556,0.59702,0.78132,0.9995,0.72640,0.98522,0.9194,0.65368,0.59725,0.9969,0.64341,0.41194,0.64219,0.50556,79.38,0.9562,live,0.2302,0.1343,76.49,569.32
147819.581120,60.0,0.1477,4,2,0,0.64219,0.75278,0.61406,0.70417,0.59688,0.64028,0.59297,0.59028,0.60078,0.54722,0.63125,0.55833,0.62734,0.50556,0.61484,0.52500,0.61094,0.55556,0.65469,0.56667,0.66094,0.49861,0.64062,0.52500,0.63125,0.56111,0.67656,0.58889,0.68594,0.53194,0.66328,0.56111,0.65078,0.59722,0.69766,0.62361,0.70859,0.58056,0.68984,0.59583,0.67656,0.62361,0.59879,0.79354,0.9995,0.73753,1.00000,0.9165,0.65590,0.73775,0.9967,0.64317,0.48011,0.64219,0.75278,122.45,0.9886,live,0.2179,0.1619,95.37,589.16
147819.647582,60.0,0.2142,4,2,0,0.64453,0.81667,0.61797,0.79167,0.60000,0.74306,0.59766,0.70694,0.60469,0.66944,0.63359,0.65694,0.63359,0.60278,0.62266,0.62500,0.61641,0.65556,0.65938,0.67222,0.66484,0.60278,0.64609,0.64167,0.63516,0.68750,0.68359,0.70417,0.69375,0.64444,0.67188,0.68611,0.65703,0.72639,0.70703,0.74583,0.71875,0.70417,0.70000,0.72639,0.68281,0.75556,0.61346,0.79576,0.9995,0.73429,1.00000,0.9171,0.66361,0.85024,0.9965,0.64344,0.54742,0.64453,0.81667,107.54,0.9857,live,0.2179,0.2369,141.16,595.89
147819.714393,60.0,0.2810,4,2,0,0.64609,0.87500,0.61953,0.85556,0.60078,0.80556,0.59844,0.77222,0.60781,0.73333,0.63672,0.71944,0.63984,0.65972,0.62578,0.68750,0.61484,0.72500,0.66484,0.73472,0.67188,0.66667,0.65078,0.71250,0.63672,0.75833,0.68906,0.76528,0.69922,0.70694,0.67578,0.75000,0.66016,0.79028,0.71094,0.80694,0.72266,0.76944,0.70391,0.79444,0.68594,0.82361,0.61626,0.79965,0.9995,0.73359,1.00000,0.9139,0.68319,0.91911,0.9960,0.64397,0.61294,0.64609,0.87500,106.71,0.9928,live,0.2348,0.3117,187.40,601.21
147819.781409,60.0,0.3480,4,2,0,0.65156,0.89306,0.62266,0.86111,0.60391,0.80417,0.60078,0.76806,0.61328,0.73194,0.64141,0.71806,0.64453,0.66528,0.63047,0.68056,0.61953,0.71250,0.66875,0.73472,0.67578,0.66806,0.65469,0.70833,0.64141,0.75139,0.69219,0.76528,0.70234,0.70833,0.67969,0.74583,0.66406,0.78611,0.71328,0.80833,0.72578,0.76944,0.70547,0.79167,0.68750,0.81806,0.61661,0.80382,0.9995,0.71521,1.00000,0.9141,0.68404,0.91973,0.9958,0.64549,0.66896,0.65156,0.89306,113.81,0.9946,live,0.2595,0.3722,227.40,611.01
147819.848105,60.0,0.4147,4,2,0,0.65625,0.86667,0.62578,0.82917,0.60938,0.77222,0.60938,0.73333,0.61562,0.69306,0.64375,0.68611,0.64687,0.62917,0.63516,0.64028,0.62422,0.66528,0.66953,0.69861,0.67734,0.63056,0.65859,0.66389,0.64531,0.70139,0.69297,0.72639,0.70469,0.66528,0.68437,0.70139,0.66953,0.74028,0.71484,0.76667,0.72969,0.72500,0.71094,0.74306,0.69219,0.76944,0.61627,0.80644,0.9995,0.71599,1.00000,0.9181,0.68255,0.89223,0.9960,0.64764,0.70850,0.65625,0.86667,116.26,0.9925,live,0.2865,0.4091,254.23,621.40
147819.914405,60.0,0.4810,4,2,0,0.65938,0.82639,0.62813,0.78194,0.61094,0.72500,0.61250,0.68472,0.61953,0.64444,0.64531,0.63611,0.64922,0.58194,0.63828,0.58611,0.62813,0.60972,0.67109,0.65000,0.67969,0.58333,0.66250,0.60833,0.64922,0.64444,0.69453,0.67778,0.70625,0.61667,0.68594,0.64722,0.67109,0.68472,0.71484,0.71944,0.73047,0.67361,0.71328,0.68889,0.69609,0.71528,0.61593,0.80692,0.9995,0.72060,1.00000,0.9104,0.68170,0.87285,0.9954,0.64999,0.73208,0.65938,0.82639,119.53,0.9946,live,0.3097,0.4156,263.06,632.89
147819.981422,60.0,0.5480,4,2,0,0.66016,0.78472,0.63047,0.73750,0.61484,0.67778,0.61562,0.63472,0.62422,0.59167,0.65078,0.59167,0.65312,0.53889,0.64141,0.53750,0.62969,0.55556,0.67500,0.60417,0.68359,0.53611,0.66563,0.55278,0.65156,0.58750,0.69766,0.63056,0.70859,0.56806,0.68984,0.59028,0.67578,0.62500,0.71875,0.66944,0.73281,0.61944,0.71719,0.62917,0.70078,0.65417,0.61301,0.80740,0.9995,0.72102,1.00000,0.9018,0.68119,0.81639,0.9946,0.65202,0.74261,0.66016,0.78472,121.56,0.9964,live,0.3252,0.3960,255.18,644.47
147820.047769,60.0,0.6144,4,2,0,0.66094,0.74306,0.63125,0.69722,0.61641,0.63611,0.61641,0.59167,0.62500,0.54861,0.65156,0.55556,0.65469,0.49722,0.64219,0.48889,0.62813,0.50417,0.67500,0.56667,0.68437,0.49306,0.66719,0.50139,0.65078,0.53056,0.69766,0.59028,0.70859,0.52500,0.68984,0.53889,0.67500,0.57083,0.71797,0.62917,0.73125,0.57500,0.71562,0.57778,0.69922,0.60139,0.61110,0.80704,0.9995,0.73243,1.00000,0.9013,0.68241,0.77380,0.9944,0.65380,0.74270,0.66094,0.74306,118.44,0.9975,live,0.3371,0.3914,255.36,652.41
147820.114676,60.0,0.6813,4,2,0,0.65859,0.70694,0.63047,0.65972,0.61641,0.59444,0.61484,0.54722,0.62344,0.50556,0.65312,0.52083,0.65781,0.46111,0.64219,0.44861,0.62578,0.45694,0.67500,0.53056,0.68437,0.45694,0.66328,0.45833,0.64453,0.48472,0.69609,0.55278,0.70937,0.48472,0.68828,0.49167,0.67109,0.52222,0.71562,0.58889,0.72969,0.53056,0.71328,0.52917,0.69609,0.55278,0.61082,0.80575,0.9996,0.73022,1.00000,0.9041,0.68208,0.72845,0.9946,0.65476,0.73555,0.65859,0.70694,117.19,0.9972,live,0.3283,0.2880,189.65,658.50
147820.181367,60.0,0.7480,4,2,0,0.65391,0.67639,0.62578,0.62917,0.61328,0.56111,0.61172,0.51111,0.62109,0.46667,0.64844,0.49444,0.65234,0.43472,0.63828,0.41806,0.62344,0.42222,0.66953,0.50278,0.67969,0.42500,0.65938,0.42500,0.64141,0.45000,0.68984,0.52361,0.70391,0.45278,0.68359,0.45556,0.66719,0.48333,0.71016,0.55833,0.72422,0.49722,0.70859,0.49306,0.69141,0.51389,0.61035,0.80538,0.9996,0.72926,1.00000,0.9021,0.68023,0.70550,0.9946,0.65459,0.72372,0.65391,0.67639,115.15,0.9962,live,0.3076,0.2134,141.34,662.38
147820.247965,60.0,0.8146,4,2,0,0.64844,0.66250,0.62031,0.61806,0.60625,0.55000,0.60469,0.49861,0.61094,0.45139,0.63984,0.48194,0.64375,0.41806,0.62891,0.40556,0.61484,0.40833,0.66094,0.48889,0.66953,0.40694,0.64844,0.40972,0.63203,0.43194,0.68125,0.50694,0.69375,0.43056,0.67188,0.43611,0.65625,0.46250,0.70156,0.53889,0.71250,0.47778,0.69609,0.47361,0.67891,0.49306,0.61029,0.79935,0.9996,0.72667,1.00000,0.8963,0.66994,0.67131,0.9944,0.65336,0.71147,0.64844,0.66250,114.37,0.9946,live,0.2778,0.1420,94.44,665.25
147820.314670,60.0,0.8813,4,2,0,0.63828,0.66250,0.61016,0.61389,0.59609,0.54583,0.59375,0.49722,0.59844,0.45139,0.62891,0.47778,0.63125,0.41389,0.61406,0.40278,0.59766,0.40694,0.64922,0.48472,0.65703,0.40556,0.63359,0.40694,0.61562,0.42778,0.66875,0.50417,0.67969,0.42917,0.65625,0.43333,0.63906,0.45833,0.68828,0.53750,0.70000,0.47500,0.68125,0.47083,0.66484,0.48750,0.60617,0.79811,0.9996,0.72387,1.00000,0.8882,0.66015,0.65708,0.9946,0.65034,0.70168,0.63828,0.66250,115.02,0.9924,live,0.2424,0.0814,54.40,668.23
147820.381439,60.0,0.9481,4,2,0,0.62578,0.67917,0.59844,0.62917,0.58359,0.55833,0.58047,0.50833,0.58516,0.46528,0.61641,0.49444,0.61953,0.43056,0.60156,0.42083,0.58437,0.42222,0.63594,0.50139,0.64297,0.42083,0.61953,0.42222,0.60313,0.44167,0.65547,0.52083,0.66484,0.44306,0.64141,0.45278,0.62422,0.47778,0.67500,0.55278,0.68437,0.49167,0.66641,0.48889,0.65078,0.50694,0.60392,0.79792,0.9996,0.71938,1.00000,0.8887,0.64601,0.66713,0.9945,0.64543,0.69718,0.62578,0.67917,114.71,0.9934,live,0.2082,0.0520,34.88,670.63
147820.448884,60.0,0.0155,4,3,0,0.60781,0.69861,0.58203,0.64861,0.56719,0.58194,0.56484,0.53611,0.56797,0.49306,0.60000,0.51667,0.60313,0.44861,0.58359,0.44306,0.56641,0.45278,0.61953,0.52500,0.62656,0.44306,0.60156,0.45139,0.58437,0.47500,0.63828,0.54583,0.64844,0.46667,0.62266,0.48194,0.60625,0.51111,0.65703,0.57778,0.66563,0.51667,0.64609,0.52083,0.63047,0.54306,0.60101,0.79799,0.9996,0.71810,1.00000,0.8877,0.63022,0.66953,0.9943,0.63791,0.69746,0.60781,0.69861,112.48,0.9929,live,0.1812,0.0585,39.24,671.14
147820.514311,60.0,0.0809,4,3,0,0.59062,0.73472,0.56406,0.68750,0.54609,0.62222,0.54063,0.57361,0.54453,0.53472,0.57969,0.55278,0.58047,0.48333,0.55781,0.48472,0.53906,0.49861,0.59844,0.56111,0.60234,0.48194,0.57422,0.49444,0.55625,0.51944,0.61719,0.58333,0.62422,0.50833,0.59609,0.52917,0.57812,0.55833,0.63594,0.61667,0.64297,0.55972,0.62031,0.56667,0.60313,0.58750,0.60609,0.79896,0.9996,0.71308,1.00000,0.8855,0.61415,0.69511,0.9939,0.62845,0.70491,0.59062,0.73472,111.37,0.9946,live,0.1612,0.0701,46.99,670.79
147820.581411,60.0,0.1480,4,3,0,0.56641,0.77361,0.53906,0.72639,0.52031,0.66528,0.51094,0.62222,0.51250,0.58472,0.55312,0.59028,0.54922,0.52500,0.52500,0.53056,0.50547,0.54861,0.57266,0.60139,0.57109,0.52361,0.53984,0.54028,0.52031,0.57083,0.59141,0.62639,0.59375,0.55417,0.56328,0.57639,0.54531,0.60694,0.61016,0.66250,0.61172,0.60833,0.58672,0.61806,0.56875,0.64167,0.59765,0.80050,0.9996,0.68741,1.00000,0.8903,0.59273,0.74261,0.9942,0.61604,0.71865,0.56641,0.77361,111.16,0.9941,live,0.1482,0.0886,59.42,670.33
147820.647867,60.0,0.2145,4,3,0,0.54609,0.80972,0.51406,0.76528,0.49141,0.70833,0.47891,0.67083,0.47422,0.63611,0.52031,0.62222,0.51172,0.56111,0.48594,0.56944,0.46484,0.58889,0.53984,0.63472,0.53281,0.56389,0.50078,0.58333,0.47891,0.61389,0.55859,0.65833,0.55547,0.59444,0.52500,0.61667,0.50547,0.64722,0.57656,0.69444,0.57188,0.64583,0.54688,0.66111,0.52812,0.68472,0.59785,0.77517,0.9996,0.69101,1.00000,0.8956,0.55994,0.76735,0.9944,0.60205,0.73687,0.54609,0.80972,111.44,0.9966,live,0.1412,0.1093,73.27,670.13
147820.714634,60.0,0.2812,4,3,0,0.52031,0.82500,0.48125,0.77917,0.45391,0.73056,0.43672,0.70000,0.42969,0.67222,0.49141,0.62500,0.46953,0.58333,0.44141,0.59861,0.41953,0.62500,0.51172,0.63611,0.48984,0.58611,0.45469,0.61389,0.43438,0.64722,0.52969,0.66528,0.51328,0.61806,0.47969,0.64583,0.46016,0.67778,0.54375,0.70833,0.52969,0.67500,0.50313,0.69028,0.48516,0.71250,0.60452,0.77893,0.9995,0.67719,1.00000,0.8984,0.52996,0.78072,0.9941,0.58570,0.75449,0.52031,0.82500,116.06,0.9985,live,0.1412,0.1449,97.55,673.28
147820.781520,60.0,0.3481,4,3,0,0.49922,0.83194,0.45469,0.78889,0.42500,0.73889,0.40625,0.70417,0.39453,0.67083,0.45469,0.63889,0.42656,0.60417,0.39922,0.62083,0.37969,0.64722,0.47500,0.64583,0.44453,0.59722,0.41094,0.62500,0.39141,0.65833,0.49297,0.67083,0.46797,0.62639,0.43516,0.65972,0.41719,0.69444,0.50547,0.71250,0.48516,0.67778,0.45859,0.69861,0.44141,0.72500,0.59478,0.77655,0.9994,0.65833,1.00000,0.9020,0.50067,0.79705,0.9942,0.56841,0.76998,0.49922,0.83194,114.50,0.9993,live,0.1479,0.1789,120.72,674.93
147820.848245,60.0,0.4149,4,3,0,0.47656,0.82083,0.42578,0.78333,0.39219,0.73194,0.37266,0.69722,0.35625,0.66528,0.42578,0.62639,0.39141,0.59861,0.36094,0.61528,0.33984,0.64028,0.44453,0.63333,0.40391,0.59583,0.36953,0.62778,0.35313,0.66389,0.46016,0.65972,0.42578,0.61944,0.39141,0.65278,0.37422,0.68750,0.47109,0.70278,0.44219,0.67500,0.41406,0.69444,0.39687,0.71944,0.59041,0.76928,0.9994,0.64202,1.00000,0.9058,0.47484,0.79214,0.9940,0.55004,0.78015,0.47656,0.82083,115.17,0.9990,live,0.1590,0.2092,141.61,676.85
147820.914866,60.0,0.4815,4,3,0,0.45625,0.80139,0.40469,0.76528,0.36875,0.71528,0.34687,0.68194,0.32891,0.65000,0.40313,0.61111,0.36719,0.58472,0.33672,0.60417,0.31562,0.63056,0.42109,0.61667,0.37734,0.58194,0.34375,0.61667,0.32734,0.65139,0.43516,0.63889,0.39687,0.60417,0.36484,0.64028,0.34922,0.67500,0.44531,0.67917,0.41484,0.65833,0.38750,0.68056,0.37109,0.70417,0.58963,0.77095,0.9992,0.63429,1.00000,0.9047,0.45811,0.78942,0.9923,0.53128,0.78440,0.45625,0.80139,113.84,0.9978,live,0.1726,0.2347,159.04,677.60
147820.981560,60.0,0.5482,4,3,0,0.44609,0.78056,0.39531,0.74444,0.36172,0.69028,0.33828,0.65417,0.31797,0.62361,0.39687,0.59306,0.36172,0.55972,0.33047,0.57361,0.30938,0.59861,0.41172,0.59861,0.37031,0.55833,0.33437,0.58750,0.31797,0.62083,0.42266,0.62083,0.38672,0.57917,0.35313,0.61389,0.33750,0.64861,0.42969,0.65694,0.40000,0.62917,0.37344,0.64861,0.35781,0.67083,0.58692,0.77061,0.9990,0.61900,1.00000,0.9041,0.43439,0.75317,0.9912,0.51424,0.78363,0.44609,0.78056,110.23,0.9982,live,0.1869,0.2519,170.22,675.65
147821.048296,60.0,0.6149,4,3,0,0.43984,0.76111,0.39219,0.71944,0.35938,0.66806,0.33828,0.63056,0.32031,0.59722,0.39453,0.57222,0.36016,0.54028,0.33047,0.55139,0.30859,0.57083,0.41016,0.57778,0.37031,0.53611,0.33594,0.56389,0.31797,0.59444,0.42266,0.59861,0.38594,0.55556,0.35234,0.58750,0.33594,0.61944,0.42812,0.63472,0.39687,0.60556,0.37031,0.62222,0.35391,0.64167,0.58157,0.76636,0.9984,0.59863,0.99625,0.8888,0.42391,0.71871,0.9810,0.49936,0.77913,0.43984,0.76111,109.92,0.9972,live,0.2035,0.2791,188.06,673.71
147821.115113,60.0,0.6817,4,3,0,0.44062,0.74444,0.39297,0.70417,0.36172,0.65000,0.34063,0.61389,0.32656,0.57917,0.39844,0.55694,0.36328,0.52222,0.33203,0.53194,0.30938,0.55278,0.41406,0.56111,0.37266,0.51528,0.33750,0.54306,0.31875,0.57500,0.42578,0.58194,0.38828,0.53472,0.35391,0.56528,0.33594,0.59861,0.43125,0.61667,0.40000,0.58472,0.37266,0.60139,0.35703,0.62222,0.58017,0.76666,0.9972,0.59780,0.98319,0.8858,0.42947,0.71035,0.9756,0.48762,0.77219,0.44062,0.74444,108.65,0.9977,live,0.2127,0.2549,171.07,671.10
147821.181682,60.0,0.7483,4,3,0,0.44531,0.73472,0.39844,0.69028,0.36719,0.63472,0.34531,0.59861,0.32812,0.56389,0.40547,0.54583,0.37031,0.50972,0.33984,0.51944,0.31797,0.53889,0.42031,0.55000,0.37891,0.50139,0.34453,0.52917,0.32734,0.56111,0.43203,0.57083,0.39453,0.52083,0.36016,0.55000,0.34219,0.58056,0.43672,0.60556,0.40625,0.56944,0.37891,0.58611,0.36250,0.60972,0.57875,0.76691,0.9969,0.60082,0.98507,0.8864,0.43137,0.69716,0.9761,0.47916,0.76470,0.44531,0.73472,108.60,0.9983,live,0.2178,0.2407,160.99,668.76
147821.248986,60.0,0.8156,4,3,0,0.45156,0.72361,0.40703,0.68056,0.37812,0.62361,0.35781,0.58472,0.33906,0.55139,0.41328,0.53750,0.38438,0.49583,0.35469,0.50417,0.33125,0.52500,0.42891,0.54306,0.39375,0.49028,0.35938,0.51389,0.33984,0.54306,0.44219,0.56250,0.41016,0.50972,0.37578,0.53611,0.35625,0.56667,0.44922,0.59444,0.42188,0.55833,0.39531,0.57361,0.37734,0.59583,0.57164,0.77391,0.9968,0.61110,0.98803,0.8899,0.44064,0.68684,0.9778,0.47364,0.75648,0.45156,0.72361,107.64,0.9977,live,0.2178,0.2178,145.05,666.01
147821.315094,60.0,0.8817,4,3,0,0.46328,0.72222,0.42422,0.67917,0.39687,0.61944,0.37734,0.57917,0.36172,0.54167,0.42969,0.53889,0.40625,0.49028,0.37734,0.49722,0.35469,0.51528,0.44531,0.54444,0.41563,0.48611,0.38047,0.50556,0.36094,0.53056,0.45937,0.56389,0.43203,0.50833,0.39687,0.53194,0.37812,0.55972,0.46953,0.59722,0.44688,0.55417,0.41953,0.56389,0.40234,0.58333,0.57704,0.76895,0.9970,0.62384,0.99009,0.8935,0.46315,0.68751,0.9794,0.47157,0.74963,0.46328,0.72222,106.33,0.9974,live,0.2129,0.1908,126.46,662.64
147821.381755,60.0,0.9484,4,3,0,0.48125,0.72500,0.44766,0.68333,0.42188,0.62222,0.40391,0.58472,0.39297,0.54583,0.45312,0.53194,0.43828,0.48194,0.40937,0.49167,0.38594,0.51250,0.46953,0.54167,0.44844,0.48333,0.41406,0.50278,0.39375,0.53056,0.48438,0.56528,0.46563,0.50833,0.43203,0.52917,0.41250,0.55694,0.49609,0.60278,0.48047,0.55417,0.45469,0.56250,0.43750,0.58056,0.57717,0.76735,0.9972,0.63064,1.00000,0.8961,0.49538,0.68874,0.9809,0.47350,0.74470,0.48125,0.72500,110.37,0.9980,live,0.2030,0.1576,104.43,662.59
147821.448585,60.0,0.0152,4,4,0,0.51328,0.73750,0.47969,0.68611,0.45469,0.63056,0.43750,0.59167,0.43125,0.55000,0.48984,0.54167,0.47891,0.49028,0.45312,0.49583,0.43281,0.51667,0.50625,0.55000,0.49453,0.49167,0.46172,0.50556,0.44141,0.53194,0.52266,0.57222,0.51406,0.51806,0.48047,0.53611,0.46094,0.56667,0.53594,0.60694,0.52578,0.56250,0.50156,0.57222,0.48438,0.59306,0.57872,0.77447,0.9974,0.64323,1.00000,0.8956,0.52634,0.68973,0.9824,0.48146,0.74326,0.51328,0.73750,113.31,0.9965,live,0.1886,0.1233,81.97,664.66
147821.515051,60.0,0.0817,4,4,0,0.55469,0.75139,0.52656,0.69583,0.50547,0.64028,0.49297,0.59722,0.49375,0.55556,0.53438,0.56250,0.53750,0.50000,0.51172,0.50139,0.48906,0.51944,0.55391,0.57222,0.55547,0.50139,0.52500,0.51250,0.50469,0.53750,0.57109,0.59583,0.57578,0.52917,0.54688,0.54722,0.52891,0.57639,0.58594,0.63194,0.58672,0.58472,0.56563,0.59028,0.54922,0.60694,0.60372,0.82120,0.9977,0.68818,1.00000,0.9022,0.57036,0.71499,0.9839,0.49610,0.74489,0.55469,0.75139,111.28,0.9956,live,0.1714,0.0930,61.88,665.02
147821.582223,60.0,0.1488,4,4,0,0.61641,0.77222,0.58984,0.70833,0.57578,0.64306,0.57031,0.60139,0.57344,0.56667,0.61719,0.57639,0.61641,0.51389,0.59375,0.51389,0.57578,0.52639,0.63516,0.59167,0.63828,0.51667,0.60938,0.52222,0.58906,0.54583,0.65312,0.61806,0.65938,0.55278,0.62891,0.56806,0.60859,0.59722,0.67188,0.65556,0.67656,0.60556,0.65391,0.60972,0.63516,0.62778,0.60287,0.81555,0.9978,0.70306,1.00000,0.8947,0.63075,0.72928,0.9847,0.52016,0.75035,0.61641,0.77222,118.36,0.9902,live,0.1587,0.1005,67.35,670.44
147821.648710,60.0,0.2153,4,4,0,0.66016,0.78333,0.63906,0.71806,0.62813,0.65556,0.62578,0.60972,0.63906,0.58056,0.67109,0.58750,0.68750,0.53056,0.66953,0.52917,0.65234,0.54167,0.69141,0.60417,0.71562,0.53750,0.69063,0.54167,0.67188,0.56389,0.70859,0.63194,0.73516,0.57361,0.71172,0.57917,0.69453,0.60278,0.72109,0.67500,0.74062,0.63750,0.72891,0.63333,0.71875,0.64028,0.60451,0.81285,0.9980,0.70971,1.00000,0.8894,0.69154,0.77400,0.9855,0.54816,0.75695,0.66016,0.78333,119.22,0.9836,live,0.1587,0.1483,100.23,675.83
147821.715229,60.0,0.2818,4,4,0,0.71484,0.79861,0.69219,0.73472,0.68516,0.67222,0.69141,0.63056,0.70937,0.60972,0.73281,0.60139,0.75391,0.54861,0.74297,0.54444,0.72656,0.56389,0.75391,0.62222,0.78047,0.56389,0.76484,0.56389,0.74609,0.58611,0.76953,0.65417,0.79609,0.60694,0.78281,0.60833,0.76484,0.62778,0.78047,0.70000,0.79844,0.67083,0.79219,0.66667,0.78203,0.67083,0.60452,0.81408,0.9981,0.71320,1.00000,0.8827,0.73887,0.78325,0.9861,0.58150,0.76528,0.71484,0.79861,120.98,0.9806,live,0.1675,0.2077,141.61,681.84
147821.781844,60.0,0.3485,4,4,0,0.75859,0.81806,0.73984,0.75833,0.73672,0.69583,0.75000,0.65139,0.77266,0.62778,0.78047,0.63056,0.80000,0.57917,0.80234,0.56528,0.79766,0.58472,0.80703,0.64861,0.83984,0.59167,0.83437,0.58333,0.81875,0.61111,0.82656,0.67917,0.85781,0.63472,0.85234,0.63056,0.84062,0.65556,0.83750,0.72500,0.85781,0.70139,0.86094,0.69306,0.85938,0.70139,0.60410,0.81239,0.9983,0.71564,1.00000,0.8811,0.78449,0.78922,0.9869,0.61692,0.77584,0.75859,0.81806,123.92,0.9743,live,0.1863,0.2721,187.52,689.24
147821.848926,60.0,0.4155,4,4,0,0.79766,0.83611,0.78516,0.77222,0.78828,0.71250,0.80859,0.67083,0.83281,0.64167,0.83125,0.64722,0.85078,0.59861,0.85703,0.59306,0.85391,0.61528,0.85938,0.66667,0.89297,0.61250,0.89219,0.61111,0.87813,0.63611,0.87813,0.70000,0.91328,0.65556,0.91094,0.65556,0.89766,0.67222,0.88906,0.74583,0.91641,0.72500,0.92500,0.71250,0.92500,0.70972,0.60836,0.81336,0.9984,0.73035,1.00000,0.8845,0.81540,0.79649,0.9878,0.65307,0.78789,0.79766,0.83611,131.09,0.9769,live,0.2130,0.3346,234.53,700.92
147821.915439,60.0,0.4821,4,4,0,0.83437,0.84306,0.82188,0.78750,0.82500,0.72917,0.84688,0.69028,0.87109,0.65694,0.87266,0.65694,0.89141,0.60972,0.90156,0.60694,0.90312,0.62917,0.90000,0.67639,0.92812,0.61667,0.93437,0.62361,0.92734,0.65278,0.91875,0.70972,0.95156,0.66250,0.95547,0.66528,0.94297,0.69028,0.93047,0.75417,0.96250,0.72361,0.96562,0.72083,0.95234,0.73472,0.61201,0.81756,0.9986,0.76250,1.00000,0.8879,0.84216,0.80643,0.9885,0.68933,0.79892,0.83437,0.84306,132.42,0.9555,live,0.2452,0.3920,279.15,712.15
147821.982341,60.0,0.5490,4,4,0,0.84531,0.83056,0.83672,0.77222,0.84531,0.72083,0.87031,0.69028,0.89297,0.65833,0.89219,0.65417,0.90938,0.61111,0.91953,0.60694,0.92031,0.62917,0.91641,0.67639,0.94688,0.61667,0.95234,0.61944,0.94453,0.64861,0.93359,0.70833,0.96562,0.66528,0.96953,0.66528,0.95547,0.68889,0.94375,0.75278,0.97734,0.72361,0.98047,0.71528,0.96562,0.72639,0.61395,0.81772,0.9987,0.76072,1.00000,0.8894,0.85405,0.80945,0.9889,0.72052,0.80525,0.84531,0.83056,129.70,0.9684,live,0.2784,0.4295,309.24,720.08
147822.048762,60.0,0.6154,4,4,0,0.84922,0.82500,0.83984,0.77083,0.84922,0.71528,0.87344,0.68194,0.89609,0.65000,0.88906,0.64861,0.90547,0.60556,0.91719,0.60139,0.92031,0.62361,0.91563,0.67083,0.94375,0.60972,0.95078,0.61389,0.94375,0.64306,0.93437,0.70417,0.96484,0.65694,0.96875,0.65694,0.95625,0.68056,0.94531,0.74722,0.97656,0.71528,0.97969,0.70833,0.96641,0.71944,0.61560,0.81965,0.9988,0.76473,1.00000,0.8900,0.86085,0.80876,0.9895,0.74626,0.80920,0.84922,0.82500,128.23,0.9694,live,0.3085,0.4456,323.53,726.00
147822.115488,60.0,0.6821,4,4,0,0.84922,0.81806,0.83984,0.76111,0.84844,0.70694,0.87344,0.67361,0.89609,0.64167,0.88672,0.64583,0.90312,0.60278,0.91484,0.59722,0.91797,0.61667,0.91250,0.66528,0.94063,0.60694,0.94766,0.60833,0.94141,0.63472,0.93125,0.69722,0.96094,0.65278,0.96484,0.64861,0.95234,0.67083,0.94297,0.73889,0.97188,0.70694,0.97578,0.69861,0.96406,0.70972,0.61684,0.81956,0.9989,0.77045,1.00000,0.8882,0.85714,0.80757,0.9899,0.76685,0.81097,0.84922,0.81806,125.19,0.9729,live,0.3317,0.4373,318.77,729.02
147822.182286,60.0,0.7489,4,4,0,0.84531,0.81389,0.83594,0.75417,0.84453,0.69861,0.86953,0.66528,0.89219,0.63611,0.88125,0.63472,0.89922,0.59167,0.91328,0.58611,0.91875,0.60556,0.90625,0.65556,0.93125,0.59861,0.94141,0.60000,0.93828,0.62500,0.92344,0.68611,0.95156,0.64167,0.95859,0.63750,0.94844,0.66250,0.93594,0.72778,0.96406,0.69583,0.96953,0.68611,0.95937,0.69722,0.61834,0.81987,0.9990,0.76780,1.00000,0.8868,0.85482,0.80710,0.9901,0.78255,0.81156,0.84531,0.81389,125.88,0.9689,live,0.3464,0.4133,302.58,732.17
147822.248934,60.0,0.8155,4,4,0,0.83672,0.79861,0.82812,0.74028,0.83594,0.68472,0.85859,0.64167,0.88047,0.60694,0.86641,0.61806,0.88359,0.57222,0.89687,0.56806,0.90391,0.58750,0.89219,0.63750,0.91641,0.58194,0.92500,0.58056,0.92500,0.60000,0.91016,0.66667,0.93594,0.62222,0.94219,0.61389,0.93359,0.63611,0.92344,0.70556,0.94922,0.67361,0.95469,0.65972,0.94609,0.67083,0.61844,0.81923,0.9991,0.76642,1.00000,0.8841,0.84874,0.79798,0.9904,0.79338,0.80897,0.83672,0.79861,124.38,0.9771,live,0.3510,0.3723,273.25,733.86
147822.315233,60.0,0.8818,4,4,0,0.81797,0.76667,0.80859,0.70972,0.81484,0.65139,0.83516,0.60972,0.85313,0.57222,0.84531,0.58472,0.86094,0.54167,0.86875,0.53194,0.87109,0.54861,0.87031,0.60278,0.89297,0.54722,0.89766,0.54306,0.89297,0.56111,0.88906,0.63056,0.91484,0.58611,0.91641,0.57639,0.90469,0.60000,0.90312,0.66944,0.92500,0.63611,0.92656,0.62083,0.91641,0.62917,0.61712,0.81919,0.9991,0.76414,1.00000,0.8852,0.84091,0.75813,0.9908,0.79830,0.80051,0.81797,0.76667,124.18,0.9833,live,0.3450,0.3177,233.59,735.21
147822.382541,60.0,0.9492,4,4,0,0.79844,0.72778,0.78281,0.66806,0.78828,0.60556,0.80859,0.56528,0.82109,0.52500,0.81875,0.54444,0.82969,0.49306,0.83281,0.48056,0.83047,0.49583,0.84219,0.55972,0.86094,0.50000,0.85938,0.48889,0.85156,0.50417,0.86016,0.58472,0.88125,0.53472,0.87969,0.52083,0.86797,0.54306,0.87422,0.62500,0.89219,0.58472,0.89375,0.56389,0.88516,0.56944,0.61623,0.81709,0.9992,0.75864,1.00000,0.8870,0.81623,0.73126,0.9913,0.79833,0.78596,0.79844,0.72778,120.39,0.9856,live,0.3288,0.2547,186.84,733.66
147822.448866,60.0,0.0155,4,1,1,0.77187,0.67778,0.75469,0.60556,0.76094,0.53333,0.77891,0.48750,0.78828,0.44722,0.79297,0.49306,0.80156,0.44583,0.79766,0.42222,0.78828,0.41667,0.81172,0.50417,0.82578,0.45000,0.82109,0.42361,0.80781,0.42361,0.82656,0.52778,0.84453,0.47639,0.83828,0.45000,0.82500,0.45000,0.83906,0.56111,0.85469,0.51806,0.85156,0.48750,0.83984,0.47500,0.61172,0.81464,0.9993,0.75264,1.00000,0.8884,0.79582,0.68517,0.9919,0.79304,0.76432,0.77187,0.67778,116.91,0.9650,live,0.3162,0.2590,189.02,729.80
147822.515527,60.0,0.0821,4,1,1,0.74453,0.61389,0.72500,0.53194,0.72969,0.45972,0.74219,0.40556,0.74609,0.35833,0.76094,0.43056,0.76484,0.37917,0.75625,0.34861,0.74531,0.33194,0.77656,0.43889,0.78047,0.37917,0.77109,0.34861,0.75625,0.33472,0.78906,0.45556,0.79531,0.39583,0.78281,0.36389,0.76719,0.34722,0.80156,0.48333,0.80469,0.43194,0.79688,0.40000,0.78594,0.37778,0.61108,0.81293,0.9993,0.75282,0.99673,0.8941,0.77179,0.61534,0.9926,0.78333,0.73424,0.74453,0.61389,112.40,0.9452,live,0.2877,0.1578,114.09,723.15
147822.582787,60.0,0.1494,4,1,1,0.72109,0.55000,0.69531,0.47083,0.69453,0.39722,0.70234,0.33889,0.70391,0.29028,0.71875,0.36250,0.71797,0.31389,0.71172,0.28472,0.70391,0.25833,0.73516,0.36389,0.73359,0.31250,0.72578,0.28056,0.71562,0.25417,0.74844,0.37361,0.74844,0.32222,0.73984,0.28750,0.72734,0.26111,0.76250,0.39306,0.75938,0.34444,0.75078,0.31250,0.73984,0.28750,0.61053,0.80195,0.9993,0.75636,0.95708,0.8969,0.73446,0.53544,0.9931,0.77089,0.69739,0.72109,0.55000,113.80,0.9192,live,0.2624,0.1473,105.82,718.31
147822.649368,60.0,0.2160,4,1,1,0.69063,0.48333,0.65938,0.40833,0.65625,0.34167,0.66641,0.28750,0.67031,0.24444,0.67578,0.30000,0.67031,0.25278,0.66328,0.22083,0.65703,0.19028,0.69219,0.29722,0.68906,0.24583,0.68203,0.21111,0.67500,0.17639,0.70781,0.30556,0.70703,0.25556,0.69922,0.21944,0.69063,0.18889,0.72344,0.32222,0.72109,0.27500,0.71484,0.24444,0.70703,0.21667,0.60243,0.79424,0.9994,0.75047,0.90493,0.9015,0.70310,0.47268,0.9936,0.75483,0.65458,0.69063,0.48333,113.45,0.9604,live,0.2470,0.1765,125.99,713.80
147822.715841,60.0,0.2825,4,1,1,0.66641,0.42222,0.63281,0.35278,0.62656,0.29028,0.63281,0.23611,0.63594,0.19444,0.64219,0.24444,0.63672,0.20000,0.63047,0.16944,0.62500,0.13611,0.65859,0.23889,0.65547,0.18889,0.64922,0.15278,0.64219,0.11806,0.67422,0.24444,0.67188,0.19444,0.66484,0.15972,0.65703,0.12778,0.68984,0.26111,0.68672,0.21528,0.68125,0.18611,0.67422,0.15833,0.60193,0.79108,0.9994,0.75040,0.84241,0.9057,0.68249,0.39822,0.9939,0.73715,0.60811,0.66641,0.42222,111.52,0.9735,live,0.2470,0.2345,166.10,708.43
147822.782585,60.0,0.3492,4,1,1,0.64922,0.36528,0.61406,0.30972,0.60625,0.25139,0.61094,0.20139,0.61406,0.16250,0.62109,0.20694,0.61406,0.16250,0.60703,0.13194,0.60078,0.10139,0.63594,0.19722,0.63047,0.14722,0.62344,0.11389,0.61562,0.08056,0.65078,0.20000,0.64766,0.14861,0.64062,0.11528,0.63281,0.08611,0.66641,0.21111,0.66328,0.16528,0.65703,0.13750,0.64922,0.10972,0.59965,0.78286,0.9994,0.74116,0.77414,0.9092,0.66429,0.35977,0.9943,0.71956,0.55954,0.64922,0.36528,103.24,0.9456,live,0.2556,0.2952,205.95,697.76
147822.849067,60.0,0.4157,4,1,1,0.63281,0.32083,0.60000,0.27778,0.59219,0.22222,0.59688,0.17361,0.60078,0.13889,0.60781,0.17917,0.60156,0.13750,0.59375,0.11111,0.58750,0.08611,0.62187,0.17083,0.61562,0.12222,0.60781,0.09306,0.60000,0.06667,0.63516,0.17083,0.63125,0.12083,0.62422,0.09028,0.61641,0.06389,0.65078,0.17778,0.64531,0.13611,0.63984,0.10833,0.63359,0.08194,0.59597,0.77416,0.9994,0.72449,0.73859,0.9132,0.65209,0.31632,0.9947,0.70221,0.51180,0.63281,0.32083,94.09,0.9646,live,0.2734,0.3543,241.55,681.77
147822.916124,60.0,0.4827,4,1,1,0.62344,0.29583,0.59297,0.25833,0.58594,0.20972,0.59062,0.16528,0.59453,0.13194,0.59766,0.16528,0.59219,0.12778,0.58594,0.10556,0.57969,0.08472,0.61172,0.15556,0.60547,0.11111,0.59844,0.08611,0.58984,0.06389,0.62344,0.15556,0.62031,0.10833,0.61406,0.08194,0.60703,0.05972,0.63828,0.15972,0.63359,0.12083,0.62891,0.09583,0.62266,0.07222,0.59426,0.76817,0.9994,0.72552,0.71727,0.9176,0.63987,0.29842,0.9951,0.68646,0.46861,0.62344,0.29583,88.43,0.9606,live,0.2973,0.4063,269.65,663.62
147822.982843,60.0,0.5495,4,1,1,0.61719,0.28750,0.58750,0.25139,0.58203,0.20556,0.58828,0.16250,0.59297,0.13333,0.59219,0.16667,0.58672,0.13056,0.58047,0.10833,0.57500,0.08611,0.60625,0.15556,0.60000,0.11389,0.59375,0.08889,0.58594,0.06667,0.61797,0.15417,0.61406,0.10972,0.60781,0.08194,0.60156,0.06111,0.63281,0.15694,0.62734,0.11806,0.62266,0.09306,0.61641,0.07083,0.59202,0.76475,0.9994,0.71869,0.69698,0.9204,0.63389,0.29890,0.9952,0.67260,0.43239,0.61719,0.28750,84.32,0.9666,live,0.3232,0.4411,284.40,644.70
147823.049279,60.0,0.6159,4,1,1,0.61250,0.28750,0.58359,0.25139,0.57891,0.20833,0.58594,0.16667,0.58984,0.13472,0.58906,0.17500,0.58281,0.14028,0.57500,0.11806,0.56719,0.09722,0.60156,0.16250,0.59531,0.12222,0.58750,0.09583,0.57734,0.07361,0.61406,0.15972,0.60859,0.11528,0.60156,0.08750,0.59297,0.06667,0.62813,0.15972,0.62344,0.11944,0.61719,0.09444,0.60938,0.07222,0.59129,0.76062,0.9994,0.71641,0.69354,0.9230,0.63093,0.29418,0.9954,0.66058,0.40341,0.61250,0.28750,80.70,0.9773,live,0.3472,0.4562,285.35,625.44
147823.116272,60.0,0.6829,4,1,1,0.61094,0.29444,0.58203,0.25694,0.57734,0.21389,0.58359,0.17222,0.58672,0.14028,0.58828,0.18194,0.58047,0.14583,0.57344,0.12361,0.56563,0.10139,0.60078,0.16944,0.59375,0.12778,0.58594,0.10139,0.57578,0.07917,0.61250,0.16528,0.60859,0.12083,0.60078,0.09444,0.59219,0.07361,0.62734,0.16667,0.62266,0.12639,0.61641,0.10139,0.60781,0.08056,0.58892,0.75954,0.9994,0.71473,0.70857,0.9250,0.63479,0.30625,0.9956,0.65065,0.38162,0.61094,0.29444,80.63,0.9800,live,0.3659,0.4512,274.55,608.45
147823.183064,60.0,0.7497,4,1,1,0.61328,0.30556,0.58203,0.26667,0.57812,0.22222,0.58437,0.17917,0.58828,0.14722,0.58828,0.18750,0.58125,0.15139,0.57422,0.12778,0.56641,0.10556,0.60234,0.17639,0.59531,0.13333,0.58672,0.10694,0.57656,0.08472,0.61484,0.17361,0.61016,0.12778,0.60156,0.10000,0.59297,0.08056,0.63047,0.17500,0.62422,0.13333,0.61719,0.10833,0.60859,0.08611,0.58774,0.75976,0.9994,0.71234,0.71501,0.9268,0.63451,0.31233,0.9959,0.64318,0.36640,0.61328,0.30556,84.04,0.9720,live,0.3761,0.4228,251.94,595.94
147823.249582,60.0,0.8162,4,1,1,0.61641,0.32500,0.58672,0.28472,0.58203,0.23472,0.58828,0.19028,0.59219,0.15556,0.59531,0.20000,0.58828,0.15972,0.58047,0.13472,0.57188,0.11111,0.61016,0.19028,0.60313,0.14444,0.59453,0.11528,0.58359,0.09167,0.62344,0.18889,0.61797,0.14028,0.60938,0.11111,0.59922,0.08889,0.63828,0.19167,0.63281,0.14722,0.62500,0.11944,0.61562,0.09583,0.58838,0.76001,0.9994,0.71271,0.72431,0.9272,0.63498,0.31490,0.9961,0.63782,0.35812,0.61641,0.32500,86.65,0.9639,live,0.3761,0.3755,220.36,586.82
147823.315891,60.0,0.8825,4,1,1,0.62266,0.35278,0.59297,0.31250,0.58750,0.25556,0.59297,0.20694,0.59688,0.16944,0.60391,0.21806,0.59688,0.17500,0.58828,0.14722,0.57891,0.12361,0.61875,0.20833,0.61250,0.16111,0.60234,0.12917,0.58984,0.10417,0.63281,0.20833,0.62813,0.15833,0.61875,0.12639,0.60781,0.10417,0.64766,0.21528,0.64297,0.16944,0.63516,0.14167,0.62578,0.11806,0.58843,0.76310,0.9994,0.71397,0.81154,0.9246,0.63798,0.35787,0.9964,0.63479,0.35705,0.62266,0.35278,91.03,0.9576,live,0.3646,0.3123,181.74,581.94
147823.382697,60.0,0.9493,4,1,1,0.62813,0.39722,0.60000,0.35833,0.59453,0.29306,0.60078,0.24167,0.60469,0.20139,0.61172,0.24722,0.60625,0.19861,0.59609,0.17083,0.58516,0.14861,0.62734,0.24028,0.62187,0.18750,0.61172,0.15556,0.59922,0.13194,0.64141,0.24306,0.63750,0.18889,0.62813,0.15694,0.61641,0.13472,0.65625,0.25278,0.65312,0.20417,0.64531,0.17500,0.63438,0.15139,0.58854,0.76651,0.9994,0.71705,0.85292,0.9231,0.64060,0.39968,0.9966,0.63346,0.36509,0.62813,0.39722,97.56,0.9734,live,0.3429,0.2438,141.98,582.35
147823.449397,60.0,0.0160,4,2,0,0.63359,0.45694,0.60469,0.41667,0.60000,0.35139,0.60938,0.29861,0.61406,0.25833,0.61797,0.29444,0.61172,0.24444,0.60234,0.21806,0.59062,0.19861,0.63594,0.29167,0.63125,0.23611,0.62109,0.20556,0.60781,0.18333,0.65078,0.30139,0.64922,0.24444,0.63984,0.21389,0.62891,0.19306,0.66797,0.31806,0.66719,0.26944,0.66016,0.24028,0.65000,0.21806,0.58844,0.76949,0.9994,0.71737,0.91568,0.9191,0.64290,0.45890,0.9966,0.63349,0.38346,0.63359,0.45694,103.30,0.9887,live,0.3134,0.1792,105.13,586.84
147823.516360,60.0,0.0830,4,2,0,0.63984,0.52639,0.61172,0.49722,0.60391,0.43611,0.61484,0.38333,0.62500,0.34583,0.62266,0.36528,0.61797,0.31250,0.60938,0.29167,0.59922,0.28333,0.64531,0.36389,0.64453,0.30417,0.63516,0.28056,0.62266,0.27500,0.66250,0.37917,0.66719,0.32361,0.65859,0.30278,0.64766,0.30417,0.68047,0.40833,0.68203,0.36944,0.67500,0.34722,0.66563,0.33889,0.58838,0.77326,0.9994,0.71746,0.96040,0.9186,0.65036,0.52880,0.9968,0.63476,0.41204,0.63984,0.52639,103.79,0.9952,live,0.2795,0.1249,73.84,591.15
147823.583200,60.0,0.1498,4,2,0,0.64844,0.68472,0.61797,0.63194,0.60625,0.56111,0.61719,0.51111,0.63125,0.47361,0.63281,0.49722,0.62891,0.44028,0.61797,0.42083,0.60703,0.42083,0.65625,0.50000,0.66016,0.42917,0.64766,0.41944,0.63594,0.43472,0.67578,0.52083,0.68516,0.45417,0.67031,0.45139,0.65703,0.47083,0.69297,0.55556,0.69844,0.50972,0.68594,0.50000,0.67344,0.51111,0.59826,0.78029,0.9994,0.72375,1.00000,0.9148,0.65413,0.66268,0.9965,0.63749,0.46658,0.64844,0.68472,116.66,0.9896,live,0.2548,0.1426,86.16,604.21
147823.649658,60.0,0.2163,4,2,0,0.64687,0.75000,0.62187,0.72222,0.60703,0.67500,0.61250,0.63889,0.62578,0.60833,0.63438,0.58611,0.63359,0.54028,0.62266,0.55278,0.61562,0.57500,0.65703,0.60000,0.66328,0.53750,0.64766,0.55417,0.63828,0.58611,0.67734,0.62917,0.68750,0.57639,0.67109,0.59444,0.65859,0.62361,0.69688,0.67083,0.70391,0.64028,0.69063,0.65000,0.67969,0.66667,0.60941,0.79724,0.9994,0.72424,1.00000,0.9071,0.65796,0.78503,0.9958,0.63937,0.52326,0.64687,0.75000,103.54,0.9870,live,0.2451,0.2007,121.68,606.25
147823.716310,60.0,0.2829,4,2,0,0.64297,0.80000,0.62187,0.78889,0.60625,0.75417,0.60938,0.73056,0.62734,0.71806,0.63594,0.67639,0.63516,0.62639,0.62344,0.64167,0.61484,0.67083,0.65938,0.68889,0.66719,0.62500,0.65234,0.65139,0.64141,0.69306,0.67969,0.71944,0.69141,0.66528,0.67656,0.69306,0.66406,0.72778,0.69844,0.75972,0.70859,0.73472,0.69844,0.74861,0.68750,0.76667,0.60983,0.80814,0.9994,0.71549,1.00000,0.8983,0.66550,0.86237,0.9946,0.64009,0.57861,0.64297,0.80000,87.21,0.9934,live,0.2451,0.2683,160.01,596.30
147823.782871,60.0,0.3495,4,2,0,0.64844,0.85000,0.62344,0.83750,0.60781,0.78889,0.61250,0.75972,0.63203,0.74444,0.64141,0.71389,0.64297,0.66111,0.62734,0.66944,0.61406,0.69583,0.66484,0.72917,0.67422,0.66111,0.65625,0.68472,0.64219,0.72083,0.68359,0.75833,0.69688,0.70000,0.67734,0.72083,0.66328,0.75278,0.70078,0.79861,0.71016,0.75972,0.69609,0.76806,0.68281,0.78611,0.61055,0.80881,0.9994,0.70746,1.00000,0.9016,0.66914,0.89100,0.9948,0.64176,0.63289,0.64844,0.85000,90.48,0.9984,live,0.2617,0.3373,198.99,589.88
147823.849734,60.0,0.4163,4,2,0,0.65469,0.85000,0.62969,0.82222,0.61250,0.76806,0.61875,0.73194,0.63906,0.71528,0.64297,0.69167,0.64531,0.63889,0.63359,0.64028,0.62187,0.66389,0.66719,0.70417,0.67656,0.64028,0.66016,0.65278,0.64609,0.68750,0.68828,0.73194,0.70000,0.67639,0.68203,0.69306,0.66875,0.72222,0.70625,0.77222,0.71406,0.73611,0.70000,0.74028,0.68672,0.75556,0.61231,0.80818,0.9994,0.70822,1.00000,0.8922,0.67375,0.87438,0.9941,0.64434,0.67631,0.65469,0.85000,101.84,0.9987,live,0.2846,0.3887,230.29,592.42
147823.916479,60.0,0.4831,4,2,0,0.65859,0.81528,0.63281,0.77639,0.61875,0.72083,0.62656,0.68333,0.64531,0.65972,0.64844,0.64444,0.65000,0.59028,0.63984,0.58611,0.62891,0.60972,0.67188,0.65556,0.67891,0.59306,0.66484,0.59444,0.65234,0.62361,0.69219,0.68333,0.70156,0.62500,0.68516,0.62917,0.67109,0.65556,0.70937,0.72361,0.71719,0.68611,0.70469,0.68056,0.69141,0.69167,0.61290,0.80771,0.9994,0.71764,1.00000,0.8842,0.67462,0.84339,0.9935,0.64719,0.70410,0.65859,0.81528,107.29,0.9984,live,0.3069,0.4088,244.72,598.59
147823.983326,60.0,0.5499,4,2,0,0.66094,0.77500,0.63281,0.72361,0.62109,0.66389,0.62891,0.62222,0.64531,0.59028,0.65156,0.59583,0.65547,0.54583,0.64375,0.53333,0.63047,0.53889,0.67422,0.60417,0.68281,0.54028,0.66875,0.53333,0.65312,0.55417,0.69219,0.63056,0.70469,0.56944,0.69063,0.56528,0.67500,0.58333,0.70703,0.67361,0.71797,0.63472,0.70859,0.61667,0.69609,0.61389,0.61335,0.80036,0.9994,0.73192,1.00000,0.8838,0.67910,0.78790,0.9936,0.64994,0.71828,0.66094,0.77500,109.50,0.9970,live,0.3236,0.3996,241.99,605.60
147824.050151,60.0,0.6168,4,2,0,0.66016,0.73056,0.63203,0.67361,0.62266,0.61111,0.63125,0.56667,0.64531,0.53194,0.65469,0.54167,0.65469,0.49444,0.64141,0.47778,0.62578,0.48056,0.67500,0.54861,0.68125,0.48750,0.66484,0.47500,0.64844,0.48750,0.69297,0.56944,0.70391,0.51111,0.68906,0.50417,0.67422,0.52083,0.70781,0.60694,0.71406,0.56111,0.70312,0.55000,0.69219,0.55556,0.60628,0.80203,0.9995,0.73092,1.00000,0.8864,0.67895,0.74143,0.9936,0.65199,0.72074,0.66016,0.73056,114.78,0.9962,live,0.3307,0.3628,223.35,615.57
147824.116460,60.0,0.6831,4,2,0,0.66016,0.68611,0.63125,0.62917,0.62109,0.56250,0.63125,0.51389,0.64609,0.47639,0.65156,0.49583,0.65312,0.44583,0.64062,0.42778,0.62578,0.42639,0.67188,0.50000,0.67969,0.43750,0.66563,0.42222,0.64922,0.43194,0.68984,0.51944,0.70234,0.45972,0.68828,0.44722,0.67344,0.46111,0.70547,0.55417,0.71094,0.50694,0.70156,0.49167,0.69063,0.49583,0.60592,0.79654,0.9995,0.73019,1.00000,0.8915,0.67853,0.68207,0.9939,0.65362,0.71381,0.66016,0.68611,116.09,0.9934,live,0.3242,0.2945,184.15,625.28
147824.183191,60.0,0.7498,4,2,0,0.65547,0.64167,0.62656,0.58750,0.61719,0.51944,0.62813,0.47222,0.64297,0.43472,0.64687,0.45556,0.64844,0.40417,0.63516,0.38472,0.62109,0.38472,0.66563,0.45833,0.67266,0.39306,0.65703,0.37639,0.64141,0.38750,0.68359,0.47639,0.69531,0.41250,0.68125,0.39861,0.66641,0.40972,0.69844,0.50972,0.70469,0.45833,0.69531,0.43889,0.68437,0.43889,0.59963,0.79548,0.9995,0.72858,1.00000,0.8962,0.67410,0.62894,0.9943,0.65399,0.69938,0.65547,0.64167,113.38,0.9935,live,0.3183,0.2915,184.21,631.88
147824.250041,60.0,0.8167,4,2,0,0.64687,0.60972,0.61797,0.55833,0.60781,0.49167,0.61719,0.44167,0.63047,0.40417,0.63594,0.42500,0.63594,0.37361,0.62422,0.35278,0.61094,0.35000,0.65469,0.42639,0.65859,0.36111,0.64453,0.34583,0.62969,0.35694,0.67266,0.44167,0.68203,0.37778,0.66875,0.36389,0.65391,0.37639,0.68906,0.47222,0.69531,0.42361,0.68672,0.40556,0.67344,0.40694,0.59591,0.78610,0.9996,0.72472,0.97438,0.9008,0.66834,0.59822,0.9946,0.65257,0.68145,0.64687,0.60972,113.73,0.9923,live,0.2903,0.1628,103.87,637.94
147824.316586,60.0,0.8832,4,2,0,0.63594,0.60000,0.60781,0.55278,0.59531,0.48333,0.60000,0.43056,0.61328,0.38750,0.62266,0.41944,0.62031,0.36667,0.60781,0.34306,0.59531,0.33889,0.64141,0.41944,0.64453,0.35139,0.62813,0.33333,0.61172,0.34306,0.65938,0.43333,0.66797,0.36389,0.65234,0.35000,0.63750,0.36250,0.67656,0.45972,0.68281,0.40417,0.66953,0.38889,0.65547,0.39722,0.59532,0.77923,0.9996,0.72366,0.97168,0.9035,0.65546,0.57611,0.9948,0.64924,0.66516,0.63594,0.60000,112.44,0.9943,live,0.2563,0.1014,65.16,642.34
147824.383340,60.0,0.9500,4,2,0,0.62187,0.60694,0.59453,0.55833,0.58125,0.49167,0.58281,0.44028,0.59219,0.39583,0.61016,0.42361,0.60547,0.37083,0.59375,0.34722,0.57891,0.33611,0.62891,0.42361,0.63203,0.35833,0.61875,0.33333,0.60234,0.32500,0.64609,0.44028,0.65156,0.37222,0.63672,0.35278,0.61875,0.35000,0.66094,0.46944,0.66250,0.42083,0.65234,0.39861,0.63828,0.38889,0.58950,0.77934,0.9996,0.71760,0.96824,0.9056,0.63877,0.57329,0.9949,0.64377,0.65352,0.62187,0.60694,112.24,0.9909,live,0.2241,0.0776,50.14,646.07
147824.450017,60.0,0.0166,4,3,0,0.60391,0.63333,0.57812,0.58611,0.56563,0.51667,0.56563,0.46250,0.57422,0.41806,0.59453,0.45000,0.59062,0.39444,0.57812,0.37083,0.56328,0.35556,0.61328,0.45000,0.61562,0.38194,0.60469,0.35000,0.58984,0.33333,0.62969,0.46667,0.63594,0.39861,0.62266,0.37500,0.60547,0.36528,0.64375,0.49861,0.64531,0.45278,0.63516,0.42639,0.62187,0.40972,0.58921,0.77943,0.9996,0.71390,0.97709,0.9087,0.62431,0.58733,0.9951,0.63580,0.64948,0.60391,0.63333,111.69,0.9910,live,0.1994,0.0868,56.34,648.96
147824.516646,60.0,0.0833,4,3,0,0.58437,0.66250,0.55781,0.61944,0.54219,0.55417,0.54141,0.50417,0.54766,0.46528,0.57188,0.48056,0.56641,0.42361,0.55234,0.40278,0.53672,0.39583,0.59062,0.48333,0.59453,0.41111,0.58125,0.38472,0.56563,0.37778,0.60859,0.50278,0.61641,0.43333,0.60078,0.41389,0.58359,0.41250,0.62266,0.53750,0.62656,0.48889,0.61484,0.46389,0.60078,0.45417,0.58856,0.77954,0.9996,0.70167,0.98042,0.9096,0.59967,0.60050,0.9950,0.62551,0.65208,0.58437,0.66250,110.14,0.9944,live,0.1809,0.0968,62.94,650.38
147824.583161,60.0,0.1498,4,3,0,0.56250,0.70417,0.53594,0.66389,0.51953,0.60278,0.51484,0.55278,0.51641,0.50972,0.54297,0.52361,0.53750,0.45972,0.51797,0.44722,0.50000,0.45000,0.56172,0.52639,0.56172,0.44722,0.54219,0.43333,0.52422,0.44306,0.58047,0.54306,0.58359,0.46806,0.56406,0.46250,0.54688,0.47361,0.59844,0.57222,0.59766,0.51806,0.58203,0.50556,0.56641,0.51111,0.59706,0.79589,0.9996,0.69532,1.00000,0.9051,0.58126,0.65374,0.9945,0.61291,0.66250,0.56250,0.70417,111.27,0.9919,live,0.1686,0.1126,73.47,652.45
147824.649881,60.0,0.2165,4,3,0,0.54141,0.74583,0.51172,0.71250,0.48750,0.65694,0.47656,0.61250,0.47500,0.57361,0.50703,0.56806,0.50234,0.49306,0.47813,0.49028,0.46016,0.50278,0.52500,0.57361,0.52422,0.48472,0.49688,0.48333,0.47969,0.50556,0.54375,0.59028,0.54531,0.51528,0.51875,0.51389,0.50000,0.52917,0.56172,0.61944,0.55781,0.56806,0.53906,0.56389,0.52344,0.57361,0.58588,0.78934,0.9996,0.67889,1.00000,0.8974,0.55817,0.70407,0.9941,0.59861,0.67917,0.54141,0.74583,108.73,0.9967,live,0.1624,0.1341,87.51,652.45
147824.716738,60.0,0.2834,4,3,0,0.51875,0.78333,0.47891,0.74028,0.45078,0.68750,0.43594,0.64444,0.42891,0.60833,0.47500,0.60000,0.46016,0.53611,0.43281,0.54028,0.41094,0.55556,0.49375,0.60556,0.47891,0.53056,0.44375,0.53889,0.42109,0.56528,0.51094,0.62361,0.50078,0.55694,0.46641,0.56667,0.44453,0.58889,0.52734,0.65556,0.51641,0.60833,0.49219,0.60972,0.47422,0.62222,0.58559,0.77695,0.9996,0.67029,1.00000,0.9018,0.52195,0.73108,0.9941,0.58264,0.70000,0.51875,0.78333,111.50,0.9961,live,0.1624,0.1502,98.31,654.44
147824.783714,60.0,0.3503,4,3,0,0.48828,0.79028,0.44453,0.76111,0.41406,0.70972,0.39687,0.67500,0.38203,0.64028,0.43750,0.61111,0.41484,0.55694,0.38438,0.56528,0.36172,0.58194,0.45781,0.61528,0.43359,0.54861,0.39687,0.56389,0.37500,0.58889,0.47578,0.63750,0.45391,0.57778,0.41641,0.59306,0.39453,0.61250,0.48984,0.67222,0.46641,0.63194,0.43906,0.64028,0.42188,0.65417,0.58093,0.76249,0.9996,0.65285,1.00000,0.9065,0.49102,0.73963,0.9940,0.56377,0.71806,0.48828,0.79028,110.38,0.9985,live,0.1672,0.1891,123.93,655.38
147824.850149,60.0,0.4168,4,3,0,0.46719,0.78889,0.41797,0.76389,0.38281,0.71667,0.36094,0.68333,0.34141,0.65278,0.41016,0.60556,0.37656,0.57083,0.34766,0.57778,0.32344,0.59306,0.42656,0.60694,0.38750,0.56250,0.35313,0.57639,0.33047,0.60000,0.44062,0.62778,0.40625,0.58750,0.37266,0.60278,0.35000,0.62222,0.45078,0.66389,0.42031,0.64028,0.39531,0.64583,0.37578,0.65694,0.57880,0.75936,0.9994,0.64074,0.99541,0.9055,0.45607,0.73918,0.9929,0.54445,0.73222,0.46719,0.78889,112.76,0.9987,live,0.1773,0.2231,146.77,657.92
147824.916905,60.0,0.4835,4,3,0,0.44297,0.77500,0.39219,0.75278,0.35781,0.70556,0.33516,0.67361,0.31406,0.64583,0.38594,0.59861,0.35234,0.56111,0.32344,0.56528,0.29922,0.58056,0.40156,0.60000,0.36094,0.55694,0.32500,0.57361,0.30156,0.59722,0.41406,0.61944,0.37656,0.58056,0.34141,0.59722,0.31875,0.61944,0.42344,0.65417,0.39141,0.63056,0.36484,0.63750,0.34609,0.64861,0.58064,0.76471,0.9989,0.61029,0.98607,0.8993,0.42249,0.73432,0.9912,0.52415,0.74078,0.44297,0.77500,109.05,0.9979,live,0.1910,0.2534,166.62,657.48
147824.983717,60.0,0.5503,4,3,0,0.42891,0.75694,0.37891,0.73472,0.34453,0.68611,0.32188,0.65556,0.30078,0.62778,0.37188,0.58056,0.33672,0.54444,0.30625,0.55139,0.28359,0.56944,0.38672,0.58333,0.34453,0.53611,0.31016,0.55417,0.28906,0.57917,0.39844,0.60139,0.35938,0.56111,0.32422,0.57639,0.30156,0.59444,0.40625,0.63611,0.37188,0.61111,0.34453,0.61528,0.32500,0.62361,0.56969,0.76798,0.9987,0.61886,0.97439,0.9007,0.40713,0.71394,0.9831,0.50510,0.74401,0.42891,0.75694,108.46,0.9966,live,0.2061,0.2750,180.60,656.67
147825.053188,60.0,0.6198,4,3,0,0.42031,0.73611,0.37188,0.71389,0.33906,0.66250,0.31641,0.63194,0.29531,0.60000,0.36797,0.55972,0.33281,0.51944,0.30312,0.52361,0.28047,0.54028,0.38281,0.56250,0.33906,0.51250,0.30547,0.52917,0.28359,0.55139,0.39531,0.57917,0.35625,0.53750,0.32031,0.55000,0.29531,0.56667,0.40234,0.61111,0.36797,0.58194,0.34141,0.58472,0.32188,0.59028,0.57487,0.76133,0.9982,0.60276,0.96344,0.8901,0.39449,0.67473,0.9797,0.48815,0.74243,0.42031,0.73611,106.97,0.9969,live,0.2207,0.2869,187.87,654.89
147825.116713,60.0,0.6833,4,3,0,0.41875,0.71944,0.37188,0.69583,0.33984,0.64028,0.32031,0.60833,0.30000,0.58056,0.36875,0.54028,0.33516,0.50000,0.30547,0.50278,0.28125,0.51667,0.38359,0.54167,0.34219,0.49028,0.30781,0.50417,0.28437,0.52361,0.39531,0.55833,0.35781,0.51250,0.32266,0.52500,0.29844,0.54028,0.40313,0.58889,0.36875,0.55694,0.34219,0.55833,0.32266,0.56250,0.57422,0.76160,0.9982,0.60864,0.95756,0.8914,0.40334,0.66794,0.9794,0.47427,0.73783,0.41875,0.71944,108.00,0.9971,live,0.2324,0.2858,186.91,654.06
147825.183542,60.0,0.7502,4,3,0,0.42812,0.70694,0.38047,0.67917,0.34844,0.62222,0.32734,0.58889,0.30859,0.55972,0.37969,0.52778,0.34687,0.48472,0.31641,0.48472,0.29141,0.49722,0.39375,0.52778,0.35313,0.47361,0.31797,0.48472,0.29453,0.50278,0.40547,0.54444,0.36641,0.49583,0.33047,0.50417,0.30703,0.51944,0.41094,0.57361,0.37734,0.54167,0.35156,0.54167,0.33281,0.54583,0.56814,0.75917,0.9981,0.61034,0.95883,0.8873,0.40783,0.65805,0.9790,0.46504,0.73166,0.42812,0.70694,107.44,0.9968,live,0.2394,0.2714,177.23,652.93
147825.250709,60.0,0.8173,4,3,0,0.43750,0.70139,0.39375,0.67222,0.36328,0.61528,0.34453,0.57778,0.32500,0.54722,0.38750,0.52778,0.36250,0.47500,0.33516,0.47361,0.31172,0.48472,0.40234,0.52500,0.37188,0.46250,0.33750,0.46944,0.31406,0.48889,0.41484,0.53750,0.38438,0.48333,0.35156,0.49028,0.32891,0.50556,0.42344,0.56250,0.39609,0.52917,0.37031,0.52917,0.35234,0.53472,0.56396,0.75862,0.9981,0.61577,0.96227,0.8832,0.42844,0.66037,0.9798,0.45953,0.72560,0.43750,0.70139,107.28,0.9939,live,0.2394,0.2466,160.73,651.83
147825.317024,60.0,0.8836,4,3,0,0.45781,0.69722,0.41406,0.66806,0.38516,0.60972,0.36797,0.57083,0.35156,0.53611,0.40781,0.53056,0.38750,0.46944,0.36094,0.46250,0.33828,0.46806,0.42188,0.53056,0.40000,0.45833,0.36641,0.45972,0.34219,0.47361,0.43594,0.54306,0.41563,0.47778,0.38203,0.48056,0.35938,0.49167,0.44766,0.56528,0.42656,0.52083,0.40156,0.51667,0.38281,0.51944,0.55961,0.76183,0.9981,0.63793,0.96333,0.8888,0.46086,0.66828,0.9813,0.45919,0.71993,0.45781,0.69722,104.30,0.9899,live,0.2338,0.2084,135.16,648.70
147825.384006,60.0,0.9506,4,3,0,0.48203,0.70417,0.43984,0.66944,0.41172,0.61111,0.39687,0.56806,0.38594,0.53056,0.43828,0.53056,0.42031,0.46806,0.39531,0.46111,0.37266,0.46944,0.45312,0.53056,0.43359,0.45833,0.40234,0.45833,0.37891,0.47083,0.46797,0.54444,0.45000,0.47917,0.41797,0.47917,0.39453,0.48750,0.48047,0.57083,0.46328,0.52361,0.43828,0.51806,0.41953,0.51944,0.56017,0.77177,0.9982,0.64346,0.96832,0.8928,0.48980,0.66871,0.9825,0.46376,0.71677,0.48203,0.70417,106.16,0.9947,live,0.2226,0.1713,110.88,647.29
147825.451083,60.0,0.0177,4,4,0,0.51094,0.72222,0.47344,0.67361,0.44766,0.61389,0.43125,0.57083,0.42188,0.52639,0.47656,0.54028,0.46484,0.47917,0.43906,0.46944,0.41641,0.47500,0.49219,0.54444,0.48125,0.46806,0.44922,0.46250,0.42500,0.47222,0.50703,0.55972,0.49766,0.49167,0.46563,0.48472,0.44141,0.49306,0.51953,0.58472,0.50625,0.53611,0.48438,0.52361,0.46484,0.52361,0.57181,0.78110,0.9984,0.65673,1.00000,0.8989,0.51953,0.67314,0.9840,0.47319,0.71786,0.51094,0.72222,107.92,0.9942,live,0.2063,0.1320,85.44,647.32
147825.517124,60.0,0.0837,4,4,0,0.54531,0.73194,0.51328,0.68611,0.49219,0.62500,0.47891,0.58056,0.47344,0.53194,0.51328,0.54861,0.50859,0.48056,0.48672,0.47361,0.46563,0.48194,0.53125,0.55278,0.53438,0.46944,0.50859,0.46944,0.48828,0.48472,0.54844,0.57222,0.55156,0.50139,0.52578,0.49861,0.50625,0.50972,0.56406,0.60278,0.56016,0.55139,0.54141,0.54028,0.52500,0.54306,0.58537,0.79523,0.9985,0.66874,1.00000,0.8938,0.55368,0.68066,0.9845,0.48762,0.72068,0.54531,0.73194,110.08,0.9926,live,0.1863,0.0955,61.96,648.90
147825.583666,60.0,0.1503,4,4,0,0.58437,0.75417,0.55156,0.70139,0.53359,0.63889,0.52656,0.59306,0.52969,0.55417,0.56172,0.57083,0.55859,0.50833,0.53828,0.49722,0.51953,0.50278,0.58047,0.57917,0.59141,0.49583,0.56953,0.49028,0.55156,0.50694,0.59766,0.60139,0.60781,0.52917,0.58437,0.52083,0.56641,0.53333,0.61250,0.63611,0.61719,0.58472,0.60078,0.56944,0.58594,0.56806,0.59739,0.80376,0.9986,0.68258,1.00000,0.8901,0.58659,0.69075,0.9851,0.50697,0.72738,0.58437,0.75417,108.44,0.9895,live,0.1706,0.0989,64.23,649.11
147825.651047,60.0,0.2177,4,4,0,0.62813,0.77500,0.59922,0.72361,0.58203,0.66667,0.57812,0.62361,0.58672,0.58611,0.61406,0.58611,0.61953,0.52639,0.60313,0.51250,0.58750,0.52222,0.63359,0.59306,0.64531,0.51806,0.62500,0.50972,0.60625,0.52778,0.65156,0.61528,0.66563,0.54583,0.64687,0.54306,0.63125,0.56250,0.66797,0.65139,0.67656,0.60278,0.66328,0.59583,0.65000,0.60694,0.60084,0.80325,0.9986,0.69595,1.00000,0.8855,0.63840,0.71578,0.9856,0.53120,0.73690,0.62813,0.77500,113.61,0.9877,live,0.1658,0.1440,94.01,653.01
147825.717095,60.0,0.2837,4,4,0,0.67109,0.80556,0.64375,0.74583,0.63047,0.68194,0.63672,0.63611,0.65078,0.60278,0.65938,0.60833,0.66797,0.55556,0.66875,0.54167,0.66719,0.55417,0.68125,0.61806,0.69297,0.55694,0.69297,0.54167,0.69063,0.55556,0.70078,0.64306,0.71797,0.58750,0.71719,0.57917,0.71328,0.59444,0.71719,0.68333,0.73203,0.65000,0.73203,0.63333,0.72969,0.63333,0.61265,0.80200,0.9987,0.74440,1.00000,0.8860,0.69735,0.77466,0.9864,0.55918,0.75063,0.67109,0.80556,118.99,0.9645,live,0.1715,0.1973,130.29,660.33
147825.784074,60.0,0.3507,4,4,0,0.71875,0.81389,0.69297,0.76111,0.68359,0.69583,0.69609,0.64583,0.71094,0.60556,0.71328,0.62361,0.72734,0.57083,0.72969,0.56250,0.72969,0.58333,0.73750,0.63194,0.75859,0.57222,0.75625,0.56389,0.75078,0.58611,0.75781,0.65694,0.78047,0.60833,0.77812,0.60417,0.77266,0.62361,0.77344,0.69722,0.79063,0.66944,0.79063,0.65694,0.78750,0.65972,0.61007,0.80567,0.9988,0.73215,1.00000,0.8813,0.73045,0.79018,0.9869,0.59109,0.76328,0.71875,0.81389,118.29,0.9418,live,0.1871,0.2583,172.13,666.26
147825.850591,60.0,0.4172,4,4,0,0.75313,0.82500,0.73203,0.77222,0.72578,0.71250,0.74141,0.67222,0.76250,0.64861,0.76016,0.63889,0.77031,0.59444,0.78125,0.58194,0.79297,0.59028,0.78594,0.64722,0.80156,0.59306,0.81484,0.58333,0.82344,0.60000,0.80703,0.67222,0.82656,0.62778,0.83828,0.62222,0.84453,0.64028,0.82266,0.70972,0.84062,0.68194,0.84922,0.67222,0.85391,0.67917,0.61229,0.80515,0.9989,0.72574,1.00000,0.8811,0.76921,0.78492,0.9877,0.62350,0.77563,0.75313,0.82500,121.40,0.9254,live,0.2108,0.3185,214.55,673.71
147825.917381,60.0,0.4840,4,4,0,0.78438,0.82778,0.76641,0.77500,0.76484,0.71528,0.78359,0.67361,0.80547,0.64444,0.80391,0.64444,0.82031,0.59583,0.83516,0.59028,0.84766,0.60417,0.82891,0.65833,0.85000,0.60417,0.86641,0.60278,0.87656,0.62639,0.84766,0.68472,0.87031,0.63750,0.88438,0.63194,0.89375,0.65000,0.86172,0.72222,0.88203,0.69167,0.89453,0.68472,0.90234,0.69167,0.61181,0.80499,0.9990,0.72880,1.00000,0.8820,0.79786,0.78533,0.9884,0.65567,0.78606,0.78438,0.82778,121.65,0.9165,live,0.2391,0.3684,250.67,680.46
147825.984209,60.0,0.5508,4,4,0,0.80703,0.83194,0.78984,0.77639,0.79141,0.71667,0.81641,0.68194,0.83906,0.65417,0.82969,0.64722,0.84531,0.60417,0.86250,0.59722,0.87891,0.60833,0.85625,0.66250,0.87656,0.61250,0.89297,0.60417,0.90469,0.61944,0.87500,0.68889,0.89766,0.64722,0.91406,0.63889,0.92422,0.65278,0.88828,0.72917,0.91016,0.70278,0.92500,0.69583,0.93594,0.70139,0.61284,0.80710,0.9991,0.73447,1.00000,0.8859,0.81885,0.79117,0.9891,0.68595,0.79523,0.80703,0.83194,124.12,0.9290,live,0.2688,0.4039,277.96,688.17
147826.051012,60.0,0.6176,4,4,0,0.82188,0.82917,0.80703,0.77361,0.81172,0.71389,0.83984,0.67917,0.86406,0.65139,0.84922,0.64861,0.86406,0.60833,0.88125,0.60000,0.89687,0.60833,0.87656,0.66389,0.89609,0.61528,0.91172,0.60556,0.92266,0.62083,0.89453,0.69167,0.91953,0.65000,0.93516,0.64167,0.94531,0.65417,0.90703,0.73056,0.93047,0.70417,0.94531,0.69722,0.95547,0.70417,0.61405,0.80741,0.9992,0.74251,1.00000,0.8858,0.82674,0.78893,0.9897,0.71313,0.80202,0.82188,0.82917,124.35,0.9679,live,0.3015,0.4503,313.04,695.13
147826.117628,60.0,0.6842,4,4,0,0.83203,0.83056,0.81797,0.77361,0.82578,0.71528,0.85547,0.68333,0.88203,0.65556,0.86094,0.65000,0.87656,0.60972,0.89453,0.60139,0.91172,0.60972,0.88828,0.66528,0.90781,0.61806,0.92500,0.60972,0.93828,0.61944,0.90625,0.69306,0.93047,0.65417,0.94609,0.64583,0.95781,0.65556,0.91797,0.73194,0.94141,0.70556,0.95547,0.70000,0.96641,0.70417,0.61396,0.81037,0.9992,0.75003,1.00000,0.8840,0.84447,0.78802,0.9901,0.73691,0.80773,0.83203,0.83056,124.76,0.9630,live,0.3242,0.4276,299.96,701.54
147826.184250,60.0,0.7509,4,4,0,0.83672,0.82917,0.82344,0.77361,0.83203,0.71667,0.86328,0.68472,0.89062,0.65556,0.86406,0.64722,0.88281,0.60833,0.90234,0.59861,0.92188,0.60694,0.89141,0.66389,0.91328,0.61528,0.93125,0.60972,0.94766,0.61944,0.90938,0.69167,0.93437,0.65139,0.95156,0.64583,0.96484,0.65972,0.92188,0.72917,0.94531,0.70278,0.96094,0.69583,0.97344,0.70000,0.61443,0.81439,0.9993,0.75266,1.00000,0.8834,0.84720,0.78747,0.9907,0.75687,0.81202,0.83672,0.82917,124.73,0.9551,live,0.3406,0.4156,293.88,707.16
147826.251194,60.0,0.8178,4,4,0,0.83594,0.82639,0.82188,0.76944,0.83281,0.71111,0.86406,0.67778,0.89141,0.65139,0.86484,0.64167,0.88359,0.60000,0.90312,0.59167,0.92109,0.60139,0.89219,0.65833,0.91484,0.60694,0.93359,0.60000,0.94688,0.61250,0.91016,0.68611,0.93594,0.64444,0.95391,0.63472,0.96484,0.65139,0.92109,0.72500,0.94609,0.69583,0.96172,0.68611,0.97344,0.69167,0.61441,0.81394,0.9993,0.75252,1.00000,0.8793,0.85050,0.78106,0.9911,0.77269,0.81489,0.83594,0.82639,125.94,0.9727,live,0.3493,0.3888,277.18,712.98
147826.317423,60.0,0.8840,4,4,0,0.83359,0.81389,0.81953,0.75694,0.82969,0.69722,0.86016,0.66111,0.88750,0.63194,0.86016,0.62917,0.87734,0.59028,0.89766,0.58056,0.91719,0.58750,0.88672,0.64444,0.90859,0.59444,0.92656,0.58750,0.94063,0.59861,0.90469,0.67083,0.92969,0.62778,0.94609,0.61944,0.95859,0.63194,0.91641,0.70972,0.93984,0.67778,0.95469,0.66806,0.96562,0.67222,0.61497,0.81387,0.9994,0.75471,1.00000,0.8797,0.84619,0.77010,0.9916,0.78487,0.81469,0.83359,0.81389,124.81,0.9470,live,0.3493,0.3496,250.80,717.29
147826.384210,60.0,0.9508,4,4,0,0.82578,0.78611,0.81250,0.73194,0.81875,0.67361,0.84531,0.63472,0.86953,0.60556,0.84609,0.60000,0.86016,0.55833,0.87891,0.54861,0.89687,0.55417,0.87344,0.61250,0.89219,0.56250,0.90859,0.55417,0.92266,0.56389,0.89297,0.63750,0.91484,0.59444,0.93047,0.58472,0.94375,0.59444,0.90703,0.67361,0.92656,0.64306,0.94063,0.63611,0.95234,0.64028,0.61640,0.81336,0.9994,0.75428,1.00000,0.8822,0.84355,0.74142,0.9921,0.79305,0.80897,0.82578,0.78611,125.43,0.9649,live,0.3410,0.3033,218.86,721.52
147826.451480,60.0,0.0181,4,1,1,0.81016,0.73889,0.79766,0.68889,0.79922,0.63056,0.82109,0.58889,0.84297,0.55278,0.82969,0.55278,0.84297,0.50972,0.85781,0.49583,0.86953,0.50139,0.85469,0.56528,0.87109,0.51667,0.88672,0.50833,0.89609,0.52083,0.87266,0.59306,0.89297,0.54722,0.90703,0.53611,0.91406,0.54722,0.88516,0.63194,0.90391,0.59861,0.91641,0.58472,0.92500,0.58472,0.61354,0.81042,0.9994,0.75174,1.00000,0.8874,0.82445,0.72232,0.9926,0.79647,0.79496,0.81016,0.73889,121.95,0.9338,live,0.3248,0.2510,181.41,722.74
147826.517557,60.0,0.0842,4,1,1,0.79219,0.68611,0.77344,0.63611,0.77344,0.57083,0.79141,0.52083,0.80859,0.47500,0.80781,0.49306,0.82109,0.44028,0.83359,0.43056,0.84531,0.43611,0.82969,0.50417,0.84609,0.45417,0.85781,0.44306,0.86797,0.45000,0.84609,0.52917,0.86484,0.48333,0.87500,0.47083,0.88125,0.47778,0.85859,0.56528,0.87422,0.52778,0.88281,0.51250,0.88750,0.51111,0.61354,0.81036,0.9995,0.75162,1.00000,0.8927,0.80531,0.66762,0.9931,0.79561,0.77319,0.79219,0.68611,121.20,0.9356,live,0.3023,0.2000,144.62,723.28
147826.584303,60.0,0.1509,4,1,1,0.76953,0.62917,0.75078,0.56667,0.74609,0.50278,0.75859,0.44444,0.77266,0.40000,0.76719,0.42639,0.77109,0.37222,0.77422,0.35139,0.77969,0.33889,0.79141,0.43750,0.79688,0.38194,0.80078,0.35972,0.80469,0.34167,0.80937,0.45556,0.81875,0.40972,0.82188,0.38333,0.82500,0.37361,0.82656,0.48889,0.83437,0.44583,0.83672,0.42083,0.83828,0.40278,0.61202,0.79829,0.9995,0.75611,0.98403,0.8969,0.78382,0.59978,0.9936,0.79040,0.74438,0.76953,0.62917,124.95,0.9528,live,0.2772,0.1626,118.14,726.45
147826.651124,60.0,0.2177,4,1,1,0.74141,0.55972,0.71641,0.48194,0.71641,0.41667,0.72969,0.36250,0.73594,0.31667,0.73281,0.36667,0.73359,0.31667,0.73359,0.28611,0.73438,0.25556,0.75391,0.36806,0.75703,0.31528,0.75859,0.28333,0.75938,0.25000,0.76953,0.37778,0.77656,0.33056,0.77734,0.29861,0.77812,0.27500,0.78750,0.40000,0.79219,0.35278,0.79375,0.32778,0.79453,0.30417,0.61387,0.79828,0.9995,0.76715,0.93713,0.9002,0.75898,0.53371,0.9940,0.78060,0.70745,0.74141,0.55972,120.40,0.9395,live,0.2542,0.1496,108.61,725.97
147826.717463,60.0,0.2841,4,1,1,0.71484,0.48611,0.68516,0.40972,0.68203,0.34306,0.69219,0.28194,0.69844,0.23611,0.69844,0.30417,0.69766,0.25278,0.69453,0.21944,0.69297,0.18472,0.71719,0.30000,0.71953,0.24861,0.71797,0.21250,0.71641,0.17500,0.73359,0.30694,0.73828,0.25972,0.73750,0.22222,0.73594,0.19167,0.75156,0.32500,0.75469,0.27500,0.75469,0.24444,0.75391,0.21806,0.60944,0.79460,0.9995,0.76602,0.89600,0.9023,0.73097,0.46436,0.9943,0.76745,0.66318,0.71484,0.48611,115.38,0.9276,live,0.2417,0.1845,133.20,721.92
147826.784489,60.0,0.3511,4,1,1,0.69766,0.42222,0.66250,0.34583,0.65625,0.28056,0.66250,0.22222,0.66563,0.17500,0.67266,0.24861,0.67109,0.19722,0.66797,0.15972,0.66641,0.12222,0.69141,0.24306,0.69219,0.19028,0.69063,0.15000,0.68750,0.10972,0.70703,0.24722,0.71094,0.19722,0.70937,0.15694,0.70469,0.12222,0.72422,0.25972,0.72656,0.20972,0.72422,0.17778,0.71953,0.14583,0.60937,0.79378,0.9995,0.76489,0.83194,0.9055,0.70993,0.40914,0.9945,0.75349,0.61499,0.69766,0.42222,111.65,0.9424,live,0.2369,0.2153,154.08,715.68
147826.851169,60.0,0.4178,4,1,1,0.68203,0.36528,0.64453,0.29444,0.63672,0.23333,0.64141,0.17639,0.64687,0.13333,0.65312,0.20000,0.64922,0.15278,0.64453,0.11944,0.64141,0.08611,0.67031,0.19167,0.66797,0.14028,0.66406,0.10417,0.65859,0.06806,0.68516,0.19306,0.68594,0.14306,0.68203,0.10833,0.67656,0.07917,0.70312,0.20417,0.70234,0.15694,0.70078,0.12778,0.69688,0.10139,0.60375,0.78484,0.9995,0.75712,0.78199,0.9068,0.68895,0.34794,0.9948,0.73920,0.56505,0.68203,0.36528,108.42,0.9597,live,0.2437,0.2744,194.25,707.86
147826.917797,60.0,0.4844,4,1,1,0.66875,0.31528,0.63281,0.26528,0.62344,0.20694,0.62734,0.15278,0.63203,0.11111,0.63906,0.16806,0.63594,0.12222,0.63047,0.09444,0.62500,0.06528,0.65625,0.15833,0.65391,0.10972,0.64766,0.08056,0.63906,0.05278,0.67109,0.15972,0.67188,0.11111,0.66641,0.07917,0.65938,0.05556,0.68828,0.16944,0.68672,0.12639,0.68281,0.09861,0.67734,0.07361,0.60290,0.77565,0.9995,0.74405,0.73562,0.9102,0.67951,0.31758,0.9950,0.72511,0.51509,0.66875,0.31528,99.42,0.9526,live,0.2595,0.3318,230.47,694.50
147826.984668,60.0,0.5513,4,1,1,0.66016,0.29167,0.62266,0.24583,0.61250,0.19306,0.61641,0.14306,0.62109,0.10417,0.62891,0.15833,0.62422,0.11250,0.61875,0.08472,0.61328,0.05833,0.64531,0.14861,0.64141,0.10000,0.63594,0.07083,0.62813,0.04306,0.65938,0.14861,0.65859,0.09861,0.65234,0.06944,0.64609,0.04583,0.67578,0.15417,0.67500,0.11111,0.67109,0.08472,0.66406,0.05972,0.59712,0.76499,0.9995,0.73559,0.70643,0.9130,0.67286,0.28831,0.9954,0.71212,0.47041,0.66016,0.29167,92.45,0.9635,live,0.2812,0.3798,257.41,677.73
147827.051176,60.0,0.6178,4,1,1,0.65391,0.28333,0.61641,0.23889,0.60703,0.19028,0.61016,0.14167,0.61250,0.10556,0.62344,0.15833,0.61875,0.11389,0.61328,0.08750,0.60703,0.06111,0.63984,0.15000,0.63594,0.10139,0.63047,0.07222,0.62266,0.04583,0.65391,0.14861,0.65234,0.09861,0.64609,0.06944,0.63906,0.04583,0.67188,0.15278,0.66875,0.10972,0.66328,0.08472,0.65625,0.06250,0.59546,0.76570,0.9995,0.73076,0.70320,0.9155,0.66829,0.29039,0.9955,0.70048,0.43299,0.65391,0.28333,88.67,0.9538,live,0.3091,0.4364,288.13,660.24
147827.117902,60.0,0.6845,4,1,1,0.65078,0.28333,0.61328,0.23889,0.60391,0.19167,0.60703,0.14722,0.61016,0.10972,0.62109,0.16389,0.61562,0.11806,0.61094,0.09028,0.60469,0.06389,0.63750,0.15417,0.63359,0.10694,0.62813,0.07639,0.62031,0.05139,0.65234,0.15278,0.64922,0.10417,0.64375,0.07361,0.63594,0.05000,0.66953,0.15417,0.66641,0.11389,0.66172,0.08889,0.65391,0.06667,0.59485,0.76359,0.9995,0.72714,0.69661,0.9180,0.66581,0.29015,0.9958,0.69054,0.40306,0.65078,0.28333,86.75,0.9411,live,0.3310,0.4305,277.01,643.47
147827.184512,60.0,0.7511,4,1,1,0.64922,0.28889,0.61250,0.24444,0.60391,0.20000,0.60781,0.15417,0.61328,0.11806,0.62187,0.17083,0.61641,0.12639,0.61094,0.10000,0.60391,0.07361,0.63828,0.16111,0.63516,0.11250,0.62891,0.08333,0.61875,0.05833,0.65312,0.15972,0.65156,0.11250,0.64531,0.08056,0.63594,0.05972,0.67109,0.16111,0.67031,0.12222,0.66484,0.09861,0.65547,0.07917,0.59206,0.75993,0.9995,0.72692,0.70158,0.9201,0.66388,0.29056,0.9960,0.68227,0.38023,0.64922,0.28889,86.13,0.9521,live,0.3479,0.4252,267.11,628.27
147827.251468,60.0,0.8181,4,1,1,0.64922,0.30139,0.61406,0.25972,0.60547,0.21250,0.61016,0.16389,0.61562,0.12639,0.62422,0.18194,0.61797,0.13750,0.61172,0.10833,0.60469,0.08194,0.64141,0.17222,0.63750,0.12361,0.63047,0.09444,0.62031,0.06806,0.65625,0.17083,0.65391,0.12361,0.64687,0.09306,0.63828,0.07222,0.67422,0.17361,0.67266,0.13472,0.66719,0.10972,0.65781,0.09028,0.59238,0.76013,0.9995,0.72560,0.70830,0.9230,0.66418,0.29133,0.9963,0.67566,0.36446,0.64922,0.30139,86.75,0.9450,live,0.3570,0.3983,245.08,615.33
147827.317794,60.0,0.8844,4,1,1,0.65312,0.32639,0.61562,0.28194,0.60781,0.23056,0.61250,0.18056,0.61953,0.14306,0.62813,0.19861,0.62266,0.15417,0.61562,0.12361,0.60859,0.09583,0.64531,0.19028,0.64141,0.14167,0.63438,0.10972,0.62422,0.08472,0.66094,0.19028,0.65859,0.14028,0.65156,0.10972,0.64219,0.08750,0.67891,0.19306,0.67734,0.15139,0.67188,0.12778,0.66250,0.10694,0.59239,0.76524,0.9995,0.72557,0.72660,0.9251,0.66453,0.31905,0.9965,0.67115,0.35685,0.65312,0.32639,90.64,0.9437,live,0.3570,0.3521,213.66,606.75
147827.384832,60.0,0.9514,4,1,1,0.65312,0.36528,0.62031,0.32083,0.61094,0.26250,0.61641,0.20833,0.62500,0.17083,0.63203,0.22639,0.62734,0.17917,0.62187,0.15000,0.61484,0.12222,0.65078,0.21944,0.64844,0.16806,0.64141,0.13611,0.63203,0.11111,0.66719,0.22222,0.66719,0.16944,0.66094,0.14028,0.65156,0.11806,0.68516,0.23056,0.68672,0.18472,0.68047,0.15972,0.67031,0.14167,0.59307,0.76852,0.9995,0.72632,0.78484,0.9243,0.66524,0.36841,0.9966,0.66755,0.35853,0.65312,0.36528,95.50,0.9663,live,0.3452,0.2916,175.74,602.70
147827.452199,60.0,0.0188,4,2,0,0.65391,0.42361,0.62422,0.38472,0.61641,0.32361,0.62187,0.26944,0.62969,0.23056,0.64062,0.27500,0.63594,0.22639,0.62891,0.20000,0.62109,0.17639,0.65938,0.27083,0.65781,0.21667,0.65156,0.18750,0.64219,0.16667,0.67578,0.28056,0.67812,0.22500,0.67188,0.19861,0.66172,0.18472,0.69453,0.29722,0.69766,0.25000,0.69219,0.22361,0.68203,0.20694,0.59317,0.77406,0.9994,0.72659,0.87798,0.9192,0.66684,0.43118,0.9967,0.66482,0.37155,0.65391,0.42361,98.55,0.9880,live,0.3243,0.2288,137.61,601.34
147827.517804,60.0,0.0844,4,2,0,0.65547,0.49028,0.62813,0.45833,0.61953,0.39583,0.62422,0.34306,0.63125,0.30417,0.64687,0.34028,0.64453,0.29028,0.63672,0.26944,0.62734,0.25972,0.66641,0.34306,0.66641,0.28750,0.65859,0.26667,0.64687,0.26528,0.68359,0.35833,0.68828,0.30278,0.67969,0.28194,0.66797,0.28611,0.70234,0.38333,0.70703,0.33889,0.70078,0.31389,0.68906,0.30972,0.59265,0.77525,0.9995,0.72454,0.93780,0.9163,0.66752,0.50359,0.9967,0.66295,0.39529,0.65547,0.49028,97.64,0.9920,live,0.2969,0.1721,103.18,599.48
147827.584225,60.0,0.1508,4,2,0,0.68047,0.48889,0.65625,0.47500,0.63984,0.45000,0.62969,0.43333,0.62656,0.41806,0.66094,0.40972,0.65391,0.38194,0.64453,0.37500,0.63672,0.37361,0.68047,0.41806,0.67734,0.38333,0.66875,0.38472,0.66172,0.39444,0.69766,0.43750,0.70000,0.40417,0.69219,0.40694,0.68437,0.42083,0.71406,0.46528,0.71797,0.45000,0.71250,0.45139,0.70547,0.45833,0.59381,0.79826,0.9995,0.72035,1.00000,0.9158,0.66984,0.61682,0.9967,0.66645,0.41401,0.68047,0.48889,59.59,0.8649,live,0.2760,0.1809,103.18,570.45
147827.651903,60.0,0.2185,4,2,0,0.66563,0.75417,0.63984,0.70833,0.62734,0.64583,0.62734,0.60000,0.63906,0.56389,0.65859,0.57222,0.66406,0.51528,0.65547,0.50278,0.64609,0.51667,0.68281,0.58194,0.69453,0.51250,0.68203,0.51389,0.67031,0.54306,0.70391,0.60694,0.71719,0.54861,0.70234,0.55556,0.68984,0.58333,0.72266,0.64306,0.73438,0.60000,0.72344,0.60278,0.71172,0.62361,0.60100,0.79842,0.9995,0.73021,1.00000,0.9130,0.68548,0.75077,0.9966,0.66629,0.48204,0.66563,0.75417,115.53,0.9889,live,0.2561,0.1654,96.81,585.17
147827.718125,60.0,0.2847,4,2,0,0.66953,0.81806,0.64297,0.79167,0.62734,0.74306,0.63203,0.70694,0.64375,0.67361,0.65938,0.65972,0.66250,0.60000,0.65625,0.61944,0.65312,0.65417,0.68437,0.67778,0.69531,0.60833,0.68750,0.63750,0.68125,0.67917,0.70703,0.70972,0.72266,0.65278,0.71250,0.68750,0.70312,0.72639,0.72813,0.75139,0.74453,0.71389,0.73438,0.73472,0.72188,0.76250,0.60887,0.79876,0.9995,0.73089,1.00000,0.9113,0.69134,0.84842,0.9964,0.66694,0.54925,0.66953,0.81806,104.14,0.9760,live,0.2561,0.2385,140.72,589.93
147827.784754,60.0,0.3514,4,2,0,0.66875,0.87500,0.64375,0.85417,0.62734,0.80556,0.62578,0.77639,0.63984,0.74444,0.66016,0.72083,0.66484,0.66389,0.66016,0.67222,0.65391,0.70833,0.68828,0.73750,0.70000,0.66944,0.68906,0.70694,0.67734,0.75417,0.71094,0.76806,0.72500,0.71389,0.71328,0.75278,0.70078,0.80000,0.73203,0.80833,0.74609,0.77222,0.73672,0.80000,0.72500,0.83611,0.60830,0.81065,0.9995,0.71956,1.00000,0.9129,0.69149,0.90268,0.9964,0.66730,0.61440,0.66875,0.87500,104.83,0.9962,live,0.2664,0.3131,186.15,594.62
147827.851676,60.0,0.4183,4,2,0,0.66875,0.86806,0.64219,0.83611,0.62500,0.79028,0.62656,0.75833,0.63906,0.72778,0.65859,0.70417,0.66250,0.65139,0.66016,0.65417,0.65625,0.68889,0.68594,0.71944,0.69766,0.65694,0.68828,0.68889,0.67734,0.73333,0.70937,0.74861,0.72422,0.70000,0.71406,0.73750,0.70156,0.77778,0.72891,0.79028,0.74687,0.75972,0.73828,0.78333,0.72500,0.81111,0.60801,0.80980,0.9995,0.70801,1.00000,0.9056,0.69121,0.87766,0.9955,0.66759,0.66513,0.66875,0.86806,108.11,0.9881,live,0.2850,0.3697,222.21,601.10
147827.918198,60.0,0.4848,4,2,0,0.66797,0.82222,0.64062,0.77917,0.62422,0.73056,0.62500,0.69444,0.63750,0.66250,0.65625,0.64444,0.65859,0.59861,0.65781,0.58889,0.65469,0.60972,0.68281,0.65556,0.69219,0.60000,0.68594,0.61389,0.67656,0.64861,0.70625,0.68194,0.72031,0.63333,0.71172,0.65139,0.69844,0.68611,0.72578,0.72083,0.74141,0.68611,0.73203,0.69722,0.71875,0.72222,0.60786,0.80947,0.9995,0.72872,1.00000,0.9038,0.69135,0.83329,0.9952,0.66767,0.69655,0.66797,0.82222,114.74,0.9850,live,0.3053,0.3981,243.45,611.58
147827.985071,60.0,0.5517,4,2,0,0.66875,0.76944,0.63906,0.71389,0.62422,0.65556,0.62578,0.60972,0.63438,0.56806,0.65547,0.58611,0.65625,0.54167,0.65078,0.51806,0.64375,0.50972,0.67891,0.59028,0.68594,0.53472,0.68203,0.52083,0.67500,0.52778,0.70000,0.60972,0.71250,0.55694,0.70625,0.55417,0.69609,0.57778,0.71797,0.64583,0.73203,0.60278,0.72656,0.59861,0.71484,0.61806,0.60704,0.80908,0.9996,0.71725,1.00000,0.9066,0.69051,0.77135,0.9953,0.66788,0.71113,0.66875,0.76944,115.65,0.9836,live,0.3212,0.3936,244.58,621.46
147828.051669,60.0,0.6183,4,2,0,0.66563,0.70833,0.63594,0.64028,0.62109,0.57917,0.62422,0.53056,0.62969,0.48472,0.65625,0.51528,0.65312,0.47083,0.64687,0.44306,0.64062,0.41806,0.67578,0.51806,0.67969,0.46944,0.67812,0.44167,0.67344,0.42500,0.69453,0.53611,0.70391,0.48889,0.70312,0.46528,0.69688,0.45972,0.71250,0.56528,0.72266,0.52222,0.72266,0.50833,0.71641,0.50833,0.60171,0.79783,0.9996,0.71740,1.00000,0.9074,0.68446,0.67507,0.9954,0.66743,0.71057,0.66563,0.70833,119.21,0.9785,live,0.3330,0.3866,244.58,632.72
147828.118382,60.0,0.6850,4,2,0,0.66172,0.64861,0.63281,0.57083,0.62109,0.50833,0.62422,0.45694,0.62891,0.40972,0.65391,0.45139,0.64844,0.40417,0.64219,0.37222,0.63672,0.33889,0.67266,0.45417,0.67422,0.40417,0.67188,0.37222,0.66719,0.34306,0.69063,0.47083,0.69609,0.42500,0.69609,0.39306,0.68984,0.37500,0.70859,0.49861,0.71641,0.45417,0.71641,0.42778,0.71094,0.41111,0.59953,0.78804,0.9996,0.71826,0.97646,0.9100,0.67922,0.60598,0.9957,0.66629,0.69818,0.66172,0.64861,121.10,0.9853,live,0.3330,0.3322,213.93,643.98
147828.185384,60.0,0.7520,4,2,0,0.66172,0.59167,0.63125,0.51250,0.62031,0.45000,0.62422,0.39583,0.62891,0.34722,0.65234,0.39167,0.64609,0.34444,0.63984,0.31528,0.63359,0.28056,0.67109,0.39167,0.67188,0.34028,0.66797,0.30972,0.66094,0.27917,0.68906,0.40694,0.69297,0.35694,0.68984,0.32778,0.68203,0.30556,0.70547,0.43472,0.71172,0.39028,0.71094,0.36111,0.70469,0.33889,0.59913,0.78463,0.9996,0.72804,0.95148,0.9152,0.67719,0.53463,0.9959,0.66537,0.67687,0.66172,0.59167,122.46,0.9778,live,0.3184,0.2519,164.97,654.88
147828.251728,60.0,0.8183,4,2,0,0.66172,0.54028,0.63047,0.47222,0.62109,0.41250,0.62500,0.35556,0.63047,0.30694,0.65000,0.34306,0.64687,0.29861,0.64062,0.27222,0.63359,0.24444,0.67109,0.34306,0.67266,0.29167,0.66641,0.26806,0.65547,0.24444,0.68828,0.35694,0.69453,0.30972,0.68984,0.28194,0.67891,0.26806,0.70703,0.38750,0.71250,0.34306,0.70937,0.31667,0.70078,0.29583,0.59693,0.78332,0.9996,0.72868,0.92830,0.9152,0.67563,0.50903,0.9960,0.66464,0.64956,0.66172,0.54028,122.34,0.9886,live,0.3058,0.2483,164.99,664.38
147828.318357,60.0,0.8850,4,2,0,0.66172,0.51528,0.62969,0.45556,0.61875,0.39444,0.62187,0.33611,0.62969,0.28750,0.64922,0.32917,0.64531,0.28194,0.63906,0.25694,0.63203,0.23056,0.66953,0.32917,0.67031,0.27361,0.66484,0.24861,0.65391,0.22639,0.68672,0.34306,0.69297,0.28750,0.68672,0.26111,0.67500,0.24861,0.70547,0.36944,0.70859,0.32361,0.70391,0.29722,0.69531,0.27917,0.59424,0.78397,0.9996,0.73115,0.93081,0.9150,0.67527,0.50608,0.9961,0.66406,0.62270,0.66172,0.51528,116.49,0.9902,live,0.2695,0.1044,69.82,668.52
147828.385263,60.0,0.9519,4,2,0,0.65938,0.52222,0.62813,0.46806,0.61641,0.40417,0.61953,0.34583,0.62734,0.29861,0.64844,0.34167,0.64531,0.29306,0.63828,0.26667,0.62969,0.24306,0.66875,0.34028,0.66875,0.28333,0.66250,0.25556,0.65078,0.23889,0.68594,0.35278,0.69219,0.29444,0.68594,0.26667,0.67266,0.25694,0.70391,0.37639,0.70859,0.33056,0.70391,0.30417,0.69219,0.29028,0.59124,0.78406,0.9996,0.73060,0.93181,0.9133,0.67061,0.50075,0.9962,0.66312,0.60260,0.65938,0.52222,114.26,0.9861,live,0.2420,0.1169,78.37,670.57
147828.451996,60.0,0.0186,4,3,0,0.65234,0.54861,0.62344,0.49306,0.61250,0.42917,0.61641,0.37361,0.62344,0.32778,0.64453,0.36806,0.64219,0.32083,0.63516,0.29167,0.62734,0.26806,0.66484,0.36806,0.66719,0.31111,0.66094,0.28056,0.65000,0.26667,0.68281,0.38056,0.69063,0.32361,0.68359,0.29583,0.67188,0.28611,0.70000,0.40556,0.70781,0.35972,0.70234,0.33194,0.69063,0.31806,0.59040,0.78190,0.9996,0.72655,0.93401,0.9129,0.67004,0.51722,0.9964,0.66097,0.59181,0.65234,0.54861,114.26,0.9886,live,0.2216,0.1285,86.37,672.37
147828.518488,60.0,0.0851,4,3,0,0.64062,0.59028,0.61484,0.54028,0.60234,0.47639,0.60469,0.42639,0.61016,0.38194,0.63438,0.41111,0.63281,0.35972,0.62422,0.33472,0.61562,0.31944,0.65391,0.41250,0.65859,0.35000,0.65000,0.32361,0.63828,0.32083,0.67266,0.42917,0.68359,0.36250,0.67344,0.34306,0.66094,0.35000,0.69063,0.45694,0.70078,0.40278,0.69297,0.38056,0.67969,0.38472,0.59199,0.77950,0.9996,0.71891,0.93926,0.9120,0.66450,0.55295,0.9965,0.65690,0.59150,0.64062,0.59028,113.24,0.9888,live,0.2050,0.1296,87.27,673.21
147828.585109,60.0,0.1517,4,3,0,0.62578,0.64028,0.60000,0.60694,0.58281,0.54306,0.58203,0.49306,0.58828,0.45000,0.61484,0.46806,0.61797,0.41111,0.60547,0.39167,0.59219,0.39028,0.63516,0.46944,0.64297,0.39861,0.62813,0.38750,0.61328,0.40417,0.65391,0.48750,0.66484,0.41667,0.64922,0.41389,0.63750,0.43472,0.67266,0.51806,0.68047,0.46389,0.66719,0.46250,0.65547,0.48194,0.59178,0.78150,0.9996,0.71422,0.98193,0.9096,0.64478,0.62031,0.9964,0.65067,0.60126,0.62578,0.64028,109.29,0.9918,live,0.1918,0.1317,88.37,671.12
147828.652042,60.0,0.2187,4,3,0,0.60234,0.70000,0.57422,0.67083,0.55234,0.61389,0.54922,0.56667,0.55859,0.52778,0.58516,0.53056,0.58906,0.46250,0.56875,0.46250,0.55312,0.47778,0.60547,0.54028,0.61250,0.46111,0.58984,0.46667,0.57578,0.49167,0.62578,0.56250,0.63438,0.49167,0.61328,0.49861,0.59922,0.52083,0.64531,0.59583,0.65312,0.54583,0.63672,0.54583,0.62344,0.56111,0.59847,0.78688,0.9996,0.70226,1.00000,0.9075,0.61788,0.67404,0.9960,0.64101,0.62100,0.60234,0.70000,105.56,0.9934,live,0.1798,0.1250,83.35,666.59
147828.718574,60.0,0.2852,4,3,0,0.57031,0.75694,0.54297,0.72778,0.52031,0.68194,0.51172,0.64444,0.51016,0.60833,0.54844,0.58889,0.53906,0.53056,0.51328,0.54583,0.49609,0.57083,0.56875,0.59861,0.56172,0.53056,0.53125,0.55139,0.51484,0.58472,0.58750,0.62083,0.58828,0.56111,0.56094,0.58194,0.54531,0.60833,0.60703,0.65694,0.60859,0.61528,0.58906,0.62639,0.57422,0.64722,0.60085,0.80223,0.9996,0.70369,1.00000,0.9135,0.58482,0.75015,0.9963,0.62687,0.64819,0.57031,0.75694,103.45,0.9966,live,0.1689,0.1192,78.79,661.08
147828.785165,60.0,0.3518,4,3,0,0.54219,0.81528,0.51328,0.78194,0.48750,0.73750,0.47109,0.70556,0.46328,0.67639,0.51562,0.63750,0.49297,0.59028,0.46719,0.60278,0.44766,0.62500,0.53516,0.64722,0.51250,0.59028,0.48047,0.61667,0.46094,0.65000,0.55312,0.67222,0.53594,0.62361,0.50234,0.65278,0.48281,0.68472,0.56875,0.71111,0.55469,0.67639,0.52969,0.69306,0.51328,0.71528,0.60076,0.80077,0.9996,0.70060,1.00000,0.9192,0.55546,0.79205,0.9965,0.60993,0.68161,0.54219,0.81528,105.58,0.9992,live,0.1689,0.1462,96.15,657.77
147828.851920,60.0,0.4185,4,3,0,0.52422,0.85417,0.47969,0.81806,0.44844,0.77778,0.42812,0.74861,0.41094,0.72500,0.47813,0.65972,0.44297,0.63333,0.41406,0.65139,0.39297,0.67639,0.49766,0.66667,0.45703,0.63194,0.42266,0.65972,0.40156,0.69306,0.51484,0.69306,0.48047,0.66389,0.44688,0.69306,0.42656,0.72361,0.52812,0.73750,0.50313,0.71806,0.47734,0.73611,0.45859,0.75694,0.60603,0.80286,0.9996,0.68978,1.00000,0.9217,0.51535,0.82385,0.9962,0.59279,0.71612,0.52422,0.85417,115.08,0.9991,live,0.1689,0.1934,127.96,661.70
147828.918772,60.0,0.4854,4,3,0,0.49453,0.86389,0.44141,0.83611,0.40625,0.79444,0.38359,0.76528,0.36406,0.74028,0.43281,0.66944,0.39687,0.65139,0.36797,0.67083,0.34687,0.69444,0.45312,0.67500,0.41016,0.65139,0.37734,0.68194,0.35781,0.71250,0.47109,0.70139,0.43516,0.67500,0.40234,0.70694,0.38359,0.73750,0.48594,0.74583,0.45937,0.72778,0.43281,0.74722,0.41406,0.76806,0.60362,0.79933,0.9995,0.66352,1.00000,0.9245,0.48468,0.82248,0.9953,0.57314,0.74567,0.49453,0.86389,119.97,0.9994,live,0.1816,0.2392,159.96,668.67
147828.985662,60.0,0.5523,4,3,0,0.46563,0.85833,0.41250,0.83333,0.37734,0.79583,0.35547,0.76806,0.33906,0.74167,0.40234,0.67222,0.36562,0.65694,0.33750,0.67222,0.31406,0.69444,0.42188,0.67500,0.37734,0.65556,0.34375,0.68194,0.32344,0.70972,0.43828,0.69722,0.39766,0.68194,0.36641,0.70972,0.34687,0.73750,0.45156,0.73611,0.41797,0.73194,0.39375,0.75139,0.37578,0.77222,0.60167,0.79949,0.9991,0.65045,1.00000,0.9161,0.46085,0.81822,0.9874,0.55164,0.76821,0.46563,0.85833,116.95,0.9989,live,0.1995,0.2812,189.13,672.64
147829.052849,60.0,0.6195,4,3,0,0.44844,0.84444,0.39609,0.82083,0.36016,0.77917,0.33750,0.75278,0.31797,0.72639,0.38828,0.66944,0.35078,0.64861,0.32266,0.66250,0.30078,0.68750,0.40547,0.67222,0.36250,0.64444,0.32734,0.66944,0.30469,0.69861,0.42031,0.69306,0.38047,0.66806,0.34766,0.69583,0.32578,0.72361,0.43047,0.73194,0.39844,0.72083,0.37188,0.73889,0.35313,0.75833,0.59779,0.79917,0.9988,0.64051,1.00000,0.9099,0.43814,0.80772,0.9825,0.53100,0.78345,0.44844,0.84444,109.45,0.9977,live,0.2206,0.3165,212.30,670.72
147829.118862,60.0,0.6855,4,3,0,0.44062,0.83056,0.38984,0.80972,0.35313,0.76667,0.32969,0.73889,0.31094,0.71111,0.38047,0.65556,0.34531,0.63611,0.31562,0.64861,0.29219,0.67083,0.39687,0.65833,0.35391,0.62917,0.31953,0.65139,0.29766,0.67639,0.41172,0.67778,0.37266,0.64861,0.33906,0.67361,0.31797,0.70139,0.42266,0.71528,0.38984,0.69722,0.36484,0.71528,0.34687,0.73750,0.59331,0.79910,0.9984,0.62733,1.00000,0.8964,0.42773,0.80664,0.9682,0.51292,0.79287,0.44062,0.83056,109.72,0.9991,live,0.2411,0.3345,223.88,669.24
147829.185686,60.0,0.7523,4,3,0,0.43984,0.82083,0.38984,0.79722,0.35391,0.75417,0.33047,0.72222,0.31484,0.69167,0.38047,0.64722,0.34766,0.62222,0.31875,0.63194,0.29531,0.65139,0.39687,0.64861,0.35469,0.61528,0.32109,0.63611,0.30000,0.66250,0.41250,0.66528,0.37266,0.63472,0.34063,0.65833,0.31875,0.68472,0.42266,0.70139,0.38906,0.68333,0.36328,0.69861,0.34453,0.71528,0.58773,0.79631,0.9982,0.62051,0.99463,0.8894,0.42547,0.79375,0.9659,0.49831,0.79847,0.43984,0.82083,109.33,0.9979,live,0.2578,0.3339,222.91,667.65
147829.252388,60.0,0.8190,4,3,0,0.44531,0.81250,0.39766,0.78889,0.36172,0.74167,0.33984,0.71111,0.32266,0.67917,0.39219,0.63611,0.35703,0.60556,0.32734,0.61667,0.30312,0.63889,0.40859,0.64028,0.36406,0.60139,0.32969,0.62500,0.30781,0.65139,0.42266,0.66111,0.38281,0.62500,0.34922,0.64861,0.32734,0.67361,0.43281,0.69861,0.40078,0.67083,0.37422,0.68472,0.35547,0.70278,0.58682,0.77547,0.9983,0.62574,0.99462,0.8896,0.43656,0.78754,0.9674,0.48771,0.80127,0.44531,0.81250,107.25,0.9986,live,0.2681,0.3151,209.47,664.74
147829.318892,60.0,0.8855,4,3,0,0.46094,0.80833,0.41328,0.78472,0.37656,0.74028,0.35469,0.71111,0.33750,0.67917,0.40625,0.63194,0.37188,0.60556,0.34219,0.61528,0.31797,0.63333,0.42188,0.63472,0.37969,0.59722,0.34453,0.61528,0.32188,0.63750,0.43672,0.65417,0.39844,0.61806,0.36406,0.64028,0.34219,0.66111,0.44688,0.69167,0.41641,0.66667,0.39141,0.68194,0.37344,0.69722,0.58460,0.77591,0.9983,0.62583,0.99385,0.8901,0.44109,0.78132,0.9692,0.48235,0.80268,0.46094,0.80833,108.26,0.9987,live,0.2681,0.2792,185.11,662.92
147829.385709,60.0,0.9523,4,3,0,0.47266,0.80972,0.42656,0.78611,0.39062,0.74028,0.36953,0.70972,0.35234,0.67778,0.41875,0.63056,0.38750,0.60278,0.36016,0.61250,0.33672,0.63194,0.43594,0.63472,0.39687,0.59722,0.36328,0.61667,0.34219,0.63750,0.45234,0.65417,0.41641,0.61944,0.38203,0.64167,0.36172,0.66389,0.46406,0.69028,0.43516,0.66389,0.41016,0.67917,0.39375,0.69722,0.58221,0.78045,0.9982,0.62712,1.00000,0.8888,0.44137,0.77167,0.9706,0.48041,0.80409,0.47266,0.80972,109.92,0.9985,live,0.2625,0.2372,157.17,662.51
147829.452438,60.0,0.0191,4,4,0,0.48672,0.80972,0.44297,0.78611,0.40781,0.73889,0.38750,0.70556,0.37109,0.67500,0.43438,0.63889,0.40625,0.60417,0.37969,0.61111,0.35625,0.62778,0.45312,0.64167,0.41875,0.59167,0.38516,0.60972,0.36562,0.63472,0.47031,0.65972,0.43984,0.61528,0.40469,0.63750,0.38516,0.65972,0.48438,0.69444,0.45781,0.66250,0.43203,0.67639,0.41563,0.69444,0.58825,0.78765,0.9984,0.64484,1.00000,0.8905,0.46555,0.77166,0.9726,0.48167,0.80522,0.48672,0.80972,106.75,0.9989,live,0.2497,0.1912,126.19,659.87
147829.518950,60.0,0.0856,4,4,0,0.50547,0.81250,0.46094,0.78056,0.42812,0.73472,0.40781,0.70278,0.39609,0.66667,0.45391,0.63750,0.42969,0.60000,0.40547,0.60417,0.38281,0.62222,0.47266,0.64028,0.44453,0.58889,0.41250,0.60556,0.39141,0.62917,0.49141,0.65972,0.46563,0.61111,0.43438,0.63333,0.41406,0.65972,0.50781,0.69444,0.48516,0.66111,0.46094,0.67500,0.44375,0.69583,0.59173,0.80193,0.9984,0.65643,1.00000,0.8942,0.49774,0.77190,0.9747,0.48643,0.80667,0.50547,0.81250,109.62,0.9991,live,0.2308,0.1444,95.28,659.61
147829.585802,60.0,0.1524,4,4,0,0.52578,0.81806,0.48594,0.78472,0.45547,0.74306,0.43438,0.71528,0.42734,0.67778,0.48125,0.64444,0.46172,0.60000,0.43828,0.60556,0.41719,0.62361,0.50156,0.64861,0.48281,0.59306,0.45234,0.60833,0.43203,0.63333,0.52109,0.66944,0.50469,0.61806,0.47578,0.63889,0.45703,0.66806,0.53906,0.70417,0.52031,0.67361,0.49609,0.68611,0.47891,0.70556,0.59224,0.79947,0.9986,0.66340,1.00000,0.8982,0.53079,0.78699,0.9769,0.49430,0.80895,0.52578,0.81806,108.15,0.9983,live,0.2076,0.1022,67.30,658.32
147829.652356,60.0,0.2190,4,4,0,0.55469,0.83472,0.51719,0.80000,0.48984,0.75139,0.47734,0.71111,0.47500,0.67361,0.51250,0.66667,0.50156,0.61806,0.48047,0.62222,0.46094,0.63889,0.53438,0.66944,0.52422,0.60833,0.49766,0.61944,0.47891,0.63889,0.55625,0.69028,0.54844,0.63333,0.52187,0.65417,0.50391,0.68056,0.57734,0.72500,0.56953,0.68750,0.54922,0.69861,0.53281,0.71667,0.59247,0.79676,0.9987,0.69827,1.00000,0.9041,0.56188,0.79209,0.9789,0.50638,0.81411,0.55469,0.83472,107.87,0.9981,live,0.1890,0.1041,68.40,656.99
147829.719295,60.0,0.2859,4,4,0,0.58672,0.84444,0.55469,0.80972,0.53047,0.76389,0.52187,0.72917,0.52500,0.69861,0.55625,0.67361,0.55312,0.62361,0.53516,0.62639,0.51953,0.64167,0.57891,0.68056,0.57969,0.61667,0.55859,0.63194,0.54219,0.65833,0.60000,0.70417,0.60313,0.65000,0.58203,0.66806,0.56641,0.69306,0.62109,0.74028,0.62344,0.70417,0.60859,0.71389,0.59531,0.73056,0.59294,0.79602,0.9987,0.70200,1.00000,0.9104,0.59229,0.80541,0.9808,0.52245,0.82017,0.58672,0.84444,107.57,0.9965,live,0.1704,0.0855,56.03,655.61
147829.785756,60.0,0.3524,4,4,0,0.63594,0.86250,0.60234,0.81667,0.57734,0.77222,0.57578,0.73056,0.59609,0.71667,0.60547,0.68611,0.60703,0.63611,0.59922,0.63611,0.59375,0.65417,0.62656,0.69722,0.63047,0.65000,0.62187,0.65833,0.61641,0.67639,0.64609,0.71944,0.65156,0.68750,0.64375,0.70139,0.63750,0.72222,0.66328,0.75417,0.67109,0.73194,0.66719,0.73472,0.66328,0.74167,0.60757,0.79868,0.9988,0.70567,1.00000,0.9157,0.65006,0.83947,0.9823,0.54515,0.82864,0.63594,0.86250,106.68,0.9590,live,0.1631,0.1303,85.17,653.74
147829.852731,60.0,0.4193,4,4,0,0.68750,0.86389,0.66250,0.82917,0.64531,0.77500,0.65234,0.73889,0.67266,0.71389,0.68125,0.68056,0.68906,0.62917,0.68437,0.63472,0.67812,0.66667,0.70937,0.69722,0.72578,0.63611,0.71406,0.64722,0.70156,0.68056,0.73203,0.72639,0.74922,0.68056,0.73672,0.69444,0.72422,0.72500,0.75313,0.77083,0.76484,0.73750,0.75313,0.74306,0.74141,0.76389,0.60692,0.81023,0.9989,0.72273,1.00000,0.9100,0.70217,0.85008,0.9830,0.57362,0.83569,0.68750,0.86389,118.89,0.9964,live,0.1631,0.1841,121.64,660.89
147829.919353,60.0,0.4860,4,4,0,0.73047,0.87222,0.70625,0.83333,0.69063,0.78472,0.69922,0.75417,0.72031,0.73889,0.72578,0.69444,0.73594,0.64583,0.74531,0.64722,0.75156,0.67500,0.75391,0.70278,0.77500,0.64722,0.78125,0.65417,0.78047,0.68889,0.77656,0.72778,0.79766,0.68472,0.80312,0.69722,0.80078,0.72778,0.79297,0.76806,0.81016,0.74583,0.81719,0.75000,0.81875,0.76806,0.60678,0.81260,0.9990,0.72036,1.00000,0.9029,0.74636,0.84801,0.9837,0.60499,0.84300,0.73047,0.87222,116.11,0.9578,live,0.1776,0.2434,161.89,665.19
147829.985983,60.0,0.5526,4,4,0,0.75625,0.88472,0.73359,0.83472,0.72500,0.77917,0.74219,0.74167,0.76797,0.72361,0.75781,0.70417,0.77344,0.64722,0.78828,0.65139,0.80000,0.67778,0.77812,0.71944,0.80391,0.65417,0.81719,0.65278,0.82656,0.67500,0.79297,0.74722,0.81563,0.69444,0.82578,0.69167,0.83437,0.70556,0.80234,0.78750,0.81641,0.76250,0.82266,0.75972,0.82812,0.76389,0.60770,0.81172,0.9991,0.73072,1.00000,0.9021,0.77973,0.84554,0.9847,0.63524,0.85134,0.75625,0.88472,106.64,0.8899,live,0.1998,0.3011,199.35,662.15
147830.052862,60.0,0.6195,4,4,0,0.78906,0.87361,0.76641,0.82222,0.75938,0.76667,0.78203,0.73194,0.80937,0.71528,0.79688,0.69306,0.81406,0.64028,0.82656,0.64028,0.83672,0.66528,0.82578,0.70278,0.85000,0.64028,0.86250,0.64444,0.86797,0.67361,0.84844,0.72778,0.87344,0.68056,0.88438,0.68333,0.88906,0.70417,0.86484,0.76667,0.88594,0.73889,0.89531,0.72917,0.90000,0.73056,0.60780,0.81145,0.9991,0.72936,1.00000,0.8974,0.80376,0.83373,0.9854,0.66600,0.85579,0.78906,0.87361,121.94,0.9355,live,0.2263,0.3468,232.56,670.49
147830.119514,60.0,0.6861,4,4,0,0.81016,0.86389,0.79063,0.81667,0.78438,0.76250,0.80781,0.73056,0.83594,0.70972,0.82734,0.68750,0.84219,0.63750,0.85625,0.63750,0.86953,0.66250,0.85625,0.69722,0.87734,0.63472,0.89219,0.63611,0.90000,0.66806,0.87734,0.72361,0.90156,0.67778,0.91719,0.67778,0.92344,0.70278,0.89219,0.76389,0.91719,0.73889,0.93047,0.73750,0.93516,0.75278,0.60956,0.81351,0.9992,0.73528,1.00000,0.8942,0.82071,0.81843,0.9862,0.69483,0.85741,0.81016,0.86389,122.37,0.9401,live,0.2543,0.3820,259.04,678.14
147830.186276,60.0,0.7529,4,4,0,0.82109,0.85556,0.80156,0.80972,0.80078,0.75694,0.82578,0.72361,0.85234,0.69861,0.84062,0.68472,0.85625,0.63750,0.87187,0.63889,0.88438,0.66389,0.86953,0.69444,0.89062,0.63333,0.90703,0.63333,0.91563,0.66250,0.88984,0.71944,0.91484,0.67639,0.93281,0.67778,0.93906,0.70417,0.90391,0.75833,0.93047,0.72917,0.94375,0.72917,0.94766,0.75000,0.61097,0.81507,0.9993,0.73892,1.00000,0.8902,0.82519,0.80909,0.9868,0.72009,0.85704,0.82109,0.85556,120.22,0.9531,live,0.2811,0.4029,275.32,683.32
147830.252846,60.0,0.8195,4,4,0,0.82344,0.85417,0.80547,0.80694,0.80391,0.75278,0.82969,0.71944,0.85703,0.69306,0.84141,0.67917,0.85938,0.63472,0.87500,0.63472,0.88828,0.65833,0.87109,0.69028,0.89375,0.63056,0.90938,0.63194,0.91953,0.66111,0.89219,0.71667,0.91719,0.67361,0.93516,0.67500,0.94297,0.70000,0.90625,0.75556,0.93203,0.72778,0.94609,0.72778,0.95156,0.74583,0.61149,0.81618,0.9993,0.74079,1.00000,0.8903,0.82737,0.80919,0.9874,0.74076,0.85647,0.82344,0.85417,122.02,0.9644,live,0.3038,0.4073,280.72,689.17
147830.319139,60.0,0.8858,4,4,0,0.82266,0.84861,0.80469,0.80278,0.80312,0.74861,0.82891,0.71667,0.85547,0.69306,0.84062,0.67500,0.85547,0.63056,0.87031,0.63056,0.88281,0.65139,0.87031,0.68472,0.89141,0.62778,0.90781,0.62778,0.91719,0.65556,0.89141,0.71111,0.91484,0.67083,0.93281,0.66944,0.94063,0.69444,0.90625,0.75000,0.93047,0.72361,0.94453,0.72222,0.95078,0.73889,0.61155,0.81643,0.9993,0.74136,1.00000,0.8841,0.82688,0.80948,0.9872,0.75714,0.85490,0.82266,0.84861,122.05,0.9679,live,0.3273,0.4344,301.60,694.35
147830.386178,60.0,0.9528,4,4,0,0.82031,0.84306,0.80234,0.79583,0.80000,0.74167,0.82422,0.70278,0.85156,0.67639,0.83672,0.66667,0.85234,0.61944,0.86641,0.61944,0.88047,0.64167,0.86562,0.67778,0.88750,0.61806,0.90391,0.61667,0.91484,0.64444,0.88594,0.70278,0.91094,0.66111,0.92891,0.66111,0.93906,0.68472,0.90078,0.74167,0.92500,0.71389,0.93906,0.71250,0.94766,0.72639,0.61177,0.81634,0.9994,0.74254,1.00000,0.8847,0.82703,0.80761,0.9877,0.76977,0.85253,0.82031,0.84306,121.38,0.9581,live,0.3332,0.3602,251.57,698.42
147830.452737,60.0,0.0194,4,1,1,0.81484,0.82500,0.79453,0.77778,0.78906,0.72222,0.81016,0.68333,0.83437,0.65556,0.82812,0.64583,0.84219,0.59861,0.85781,0.60278,0.87109,0.62639,0.85703,0.65556,0.87656,0.59444,0.89297,0.60000,0.90156,0.63056,0.87734,0.68194,0.90078,0.63333,0.91797,0.63750,0.92500,0.66250,0.89141,0.72083,0.91563,0.69167,0.92969,0.69306,0.93594,0.70694,0.61179,0.81638,0.9994,0.74217,1.00000,0.8855,0.82298,0.80695,0.9885,0.77879,0.84702,0.81484,0.82500,121.07,0.9140,live,0.3332,0.3173,222.70,701.78
147830.519467,60.0,0.0861,4,1,1,0.79844,0.78333,0.77891,0.74028,0.77344,0.68750,0.78906,0.64861,0.80859,0.61528,0.81016,0.60278,0.82031,0.55694,0.83203,0.55972,0.83984,0.58472,0.83828,0.61111,0.85313,0.55417,0.86641,0.55972,0.87187,0.58889,0.85938,0.63611,0.87734,0.58611,0.88984,0.59167,0.89219,0.61806,0.87422,0.67361,0.89453,0.63750,0.90625,0.63889,0.90859,0.65694,0.61179,0.81380,0.9995,0.74082,1.00000,0.8860,0.81741,0.77516,0.9891,0.78272,0.83428,0.79844,0.78333,121.65,0.9346,live,0.3216,0.2687,189.50,705.16
147830.586306,60.0,0.1529,4,1,1,0.76953,0.73611,0.75469,0.68889,0.75000,0.63611,0.76094,0.59444,0.77578,0.54861,0.77891,0.54583,0.78906,0.50972,0.79922,0.50417,0.80937,0.51528,0.80469,0.55556,0.81953,0.50694,0.82734,0.50833,0.83359,0.52083,0.82500,0.58056,0.84141,0.53889,0.84844,0.53333,0.84844,0.55139,0.83906,0.61806,0.85547,0.58750,0.86172,0.57361,0.86172,0.57500,0.61076,0.81331,0.9995,0.73683,1.00000,0.8868,0.79577,0.72777,0.9899,0.78008,0.81465,0.76953,0.73611,122.77,0.9626,live,0.3024,0.2152,152.53,708.93
147830.653041,60.0,0.2197,4,1,1,0.75234,0.68611,0.72969,0.62639,0.72344,0.56667,0.73203,0.51111,0.73906,0.45972,0.74844,0.48750,0.74766,0.43750,0.74844,0.41806,0.75000,0.40833,0.77031,0.49444,0.77500,0.43750,0.77500,0.42083,0.77344,0.41806,0.78828,0.51250,0.79531,0.46111,0.79609,0.43750,0.79063,0.44583,0.80703,0.54167,0.81953,0.50417,0.82031,0.47778,0.81563,0.47083,0.60748,0.80559,0.9995,0.74444,1.00000,0.8891,0.77213,0.63297,0.9907,0.77453,0.78894,0.75234,0.68611,123.22,0.9091,live,0.2790,0.1724,122.82,712.58
147830.719588,60.0,0.2862,4,1,1,0.71953,0.61667,0.69375,0.53750,0.68984,0.46389,0.69688,0.40000,0.69922,0.34028,0.71484,0.42500,0.71406,0.37083,0.71250,0.33889,0.71094,0.30556,0.73281,0.43194,0.73438,0.38056,0.73281,0.34722,0.73125,0.31250,0.74766,0.44583,0.75234,0.39861,0.75156,0.36389,0.74922,0.33611,0.76484,0.46944,0.77109,0.42778,0.77187,0.39861,0.77187,0.37222,0.60622,0.80175,0.9995,0.75084,0.96289,0.8939,0.73760,0.57342,0.9914,0.76353,0.75449,0.71953,0.61667,116.15,0.8823,live,0.2564,0.1534,108.99,710.70
147830.786449,60.0,0.3531,4,1,1,0.69844,0.53333,0.66328,0.45417,0.65391,0.38333,0.65938,0.32222,0.66406,0.26528,0.67266,0.35417,0.66953,0.29583,0.66719,0.25972,0.66641,0.22083,0.69297,0.35556,0.69453,0.30139,0.69688,0.25972,0.69922,0.21944,0.71172,0.36250,0.71641,0.31528,0.71641,0.27222,0.71562,0.23194,0.73203,0.37778,0.73594,0.33472,0.73516,0.30278,0.73281,0.27222,0.60289,0.79243,0.9995,0.74844,0.90764,0.8934,0.70322,0.49280,0.9919,0.75051,0.71026,0.69844,0.53333,114.80,0.9104,live,0.2403,0.1669,118.18,708.07
147830.852955,60.0,0.4196,4,1,1,0.68125,0.45556,0.64219,0.38056,0.63203,0.31528,0.63516,0.25556,0.63750,0.20417,0.64844,0.28194,0.64453,0.22917,0.64297,0.19444,0.64141,0.15833,0.66797,0.27778,0.66719,0.22361,0.66641,0.18611,0.66484,0.15000,0.68594,0.28194,0.68750,0.23194,0.68594,0.19167,0.68203,0.15556,0.70547,0.29444,0.70781,0.24722,0.70547,0.21806,0.70156,0.19028,0.60280,0.78952,0.9995,0.74817,0.83728,0.8967,0.68800,0.42773,0.9925,0.73666,0.65932,0.68125,0.45556,113.65,0.9329,live,0.2403,0.2166,152.66,704.93
147830.919678,60.0,0.4863,4,1,1,0.66953,0.39306,0.62969,0.32500,0.61797,0.25972,0.61953,0.19861,0.62187,0.15139,0.63438,0.22639,0.62969,0.17639,0.62578,0.14583,0.62187,0.10972,0.65234,0.21667,0.64922,0.16528,0.64531,0.12778,0.63984,0.09167,0.66953,0.21667,0.66875,0.16944,0.66484,0.13472,0.65781,0.10694,0.68906,0.22778,0.68750,0.18194,0.68359,0.15278,0.67656,0.12778,0.60274,0.78437,0.9995,0.74790,0.78298,0.8999,0.67681,0.37249,0.9928,0.72323,0.60606,0.66953,0.39306,112.16,0.9337,live,0.2466,0.2754,193.10,701.10
147830.986728,60.0,0.5533,4,1,1,0.66094,0.34306,0.62031,0.28889,0.60859,0.23194,0.60859,0.17639,0.61094,0.13333,0.62422,0.19167,0.61953,0.14444,0.61562,0.11806,0.60938,0.09028,0.64297,0.18333,0.63984,0.13194,0.63516,0.10278,0.62656,0.07778,0.65938,0.18333,0.65938,0.13333,0.65312,0.10417,0.64453,0.08333,0.67891,0.19028,0.67734,0.14722,0.67266,0.11944,0.66406,0.09722,0.60153,0.77981,0.9995,0.74688,0.75550,0.9027,0.66825,0.34405,0.9932,0.71078,0.55346,0.66094,0.34306,104.59,0.9455,live,0.2622,0.3330,230.55,692.27
147831.053964,60.0,0.6206,4,1,1,0.65391,0.32222,0.61562,0.27778,0.60391,0.22500,0.60469,0.17083,0.60547,0.13194,0.62031,0.18333,0.61641,0.14028,0.61172,0.11667,0.60547,0.09167,0.63906,0.17500,0.63516,0.12778,0.63047,0.10139,0.62266,0.07639,0.65391,0.17639,0.65391,0.12639,0.64766,0.09861,0.64062,0.08056,0.67266,0.18333,0.67109,0.13889,0.66641,0.11389,0.65938,0.09306,0.60116,0.77943,0.9995,0.74550,0.74963,0.9052,0.66673,0.33246,0.9937,0.69940,0.50721,0.65391,0.32222,96.60,0.9571,live,0.2835,0.3809,258.51,678.75
147831.119835,60.0,0.6864,4,1,1,0.65391,0.32083,0.61484,0.27222,0.60313,0.22361,0.60234,0.17639,0.60313,0.13750,0.62266,0.18889,0.61641,0.14583,0.61172,0.12083,0.60469,0.09444,0.63984,0.18056,0.63594,0.13194,0.63047,0.10556,0.62031,0.07917,0.65547,0.17917,0.65312,0.13194,0.64687,0.10278,0.63828,0.08194,0.67422,0.18472,0.67188,0.14167,0.66719,0.11667,0.65859,0.09306,0.60036,0.77919,0.9995,0.73888,0.73733,0.9080,0.66540,0.32255,0.9941,0.69030,0.46994,0.65391,0.32083,93.28,0.9530,live,0.3066,0.4116,273.50,664.46
147831.186511,60.0,0.7531,4,1,1,0.65391,0.32083,0.61719,0.27778,0.60469,0.22917,0.60391,0.18056,0.60547,0.14306,0.62500,0.19583,0.61875,0.15139,0.61328,0.12639,0.60703,0.10000,0.64219,0.18611,0.63828,0.13750,0.63203,0.10833,0.62266,0.08194,0.65781,0.18611,0.65625,0.13750,0.65000,0.10694,0.64141,0.08611,0.67578,0.19028,0.67578,0.14722,0.67109,0.12083,0.66328,0.10000,0.59986,0.77736,0.9995,0.73666,0.73299,0.9107,0.66607,0.33197,0.9945,0.68302,0.44012,0.65391,0.32083,89.67,0.9515,live,0.3282,0.4268,277.12,649.29
147831.253093,60.0,0.8197,4,1,1,0.65547,0.32639,0.61953,0.28333,0.60703,0.23472,0.60625,0.18611,0.60859,0.15000,0.62891,0.20139,0.62266,0.15694,0.61641,0.13056,0.60938,0.10278,0.64609,0.19167,0.64219,0.14306,0.63594,0.11250,0.62578,0.08472,0.66250,0.19028,0.66094,0.14167,0.65469,0.11111,0.64609,0.08889,0.68125,0.19583,0.68125,0.15417,0.67656,0.12778,0.66797,0.10417,0.59972,0.77714,0.9995,0.73650,0.74444,0.9133,0.66745,0.33927,0.9948,0.67751,0.41737,0.65547,0.32639,90.17,0.9584,live,0.3445,0.4189,266.53,636.30
147831.319726,60.0,0.8863,4,1,1,0.66016,0.33750,0.62344,0.29167,0.61328,0.24167,0.61328,0.19306,0.61484,0.15556,0.63438,0.20556,0.62891,0.15972,0.62344,0.13194,0.61719,0.10417,0.65312,0.19722,0.64922,0.14722,0.64297,0.11667,0.63438,0.08889,0.66953,0.19722,0.66875,0.14722,0.66250,0.11667,0.65391,0.09444,0.68828,0.20417,0.68906,0.16111,0.68437,0.13472,0.67578,0.11250,0.59976,0.77822,0.9995,0.73742,0.74892,0.9163,0.66854,0.34440,0.9951,0.67404,0.40140,0.66016,0.33750,93.38,0.9564,live,0.3523,0.3874,242.97,627.17
147831.386531,60.0,0.9531,4,1,1,0.66484,0.35694,0.63047,0.31250,0.62031,0.25278,0.62109,0.20139,0.62344,0.16389,0.64297,0.21389,0.63828,0.16806,0.63281,0.13889,0.62656,0.11250,0.66250,0.20556,0.66016,0.15556,0.65391,0.12500,0.64531,0.09583,0.68047,0.20694,0.67969,0.15833,0.67500,0.12917,0.66641,0.10417,0.69844,0.21667,0.70000,0.17361,0.69531,0.14722,0.68672,0.12500,0.59976,0.78390,0.9995,0.73718,0.77292,0.9178,0.67037,0.35359,0.9953,0.67220,0.39251,0.66484,0.35694,99.14,0.9624,live,0.3523,0.3354,209.07,623.30
147831.453487,60.0,0.0201,4,2,0,0.66953,0.38750,0.63516,0.33889,0.62813,0.28056,0.63125,0.22500,0.63359,0.18194,0.65312,0.23333,0.64844,0.18611,0.64375,0.15833,0.63750,0.12917,0.67344,0.22639,0.67188,0.17500,0.66641,0.14444,0.65703,0.11667,0.69063,0.23194,0.69297,0.18056,0.68750,0.15139,0.67891,0.12917,0.71016,0.24583,0.71250,0.20000,0.70781,0.17500,0.69922,0.15278,0.59995,0.78506,0.9995,0.73646,0.81246,0.9168,0.67532,0.37722,0.9956,0.67167,0.39151,0.66953,0.38750,104.28,0.9772,live,0.3373,0.2694,167.99,623.58
147831.519834,60.0,0.0864,4,2,0,0.67266,0.44167,0.64141,0.39306,0.63438,0.33333,0.63672,0.27778,0.63906,0.23611,0.66016,0.27778,0.65703,0.22778,0.65156,0.20000,0.64531,0.17361,0.68281,0.27500,0.68203,0.22083,0.67812,0.19167,0.66875,0.16389,0.70156,0.28611,0.70391,0.23333,0.70000,0.20694,0.69297,0.18611,0.72109,0.30972,0.72500,0.26250,0.72266,0.23889,0.71562,0.21806,0.59829,0.78529,0.9995,0.73529,0.86542,0.9147,0.67710,0.42890,0.9958,0.67187,0.40154,0.67266,0.44167,108.64,0.9846,live,0.3131,0.2024,126.90,626.97
147831.586682,60.0,0.1533,4,2,0,0.67422,0.51250,0.64453,0.47500,0.63594,0.41389,0.63750,0.36528,0.63984,0.32361,0.66328,0.34861,0.66250,0.29861,0.65703,0.27500,0.65078,0.25556,0.68594,0.35417,0.68984,0.29722,0.68516,0.27500,0.67656,0.25278,0.70312,0.37222,0.71094,0.32222,0.70703,0.29583,0.70078,0.27917,0.72266,0.40417,0.72969,0.36111,0.72891,0.33472,0.72422,0.31250,0.59831,0.78509,0.9995,0.73529,0.92975,0.9133,0.68811,0.50172,0.9960,0.67234,0.42373,0.67422,0.51250,104.83,0.9956,live,0.2931,0.2023,126.90,627.21
147831.653924,60.0,0.2205,4,2,0,0.69453,0.54583,0.66406,0.53750,0.64453,0.50556,0.63828,0.47361,0.64141,0.44167,0.67188,0.43611,0.66797,0.39306,0.66172,0.37778,0.65625,0.37500,0.69531,0.43472,0.69922,0.38750,0.69297,0.37639,0.68516,0.38472,0.71641,0.45139,0.72422,0.40556,0.71953,0.39861,0.71172,0.41111,0.73516,0.47917,0.74297,0.45139,0.73984,0.44861,0.73359,0.45972,0.59843,0.78628,0.9995,0.73397,0.98000,0.9138,0.68908,0.60520,0.9962,0.67678,0.44815,0.69453,0.54583,80.41,0.8891,live,0.2671,0.1485,90.56,609.85
147831.720218,60.0,0.2868,4,2,0,0.68047,0.74444,0.65156,0.70556,0.63438,0.64583,0.63594,0.60278,0.65312,0.56667,0.66875,0.55833,0.67031,0.50417,0.66484,0.49028,0.65859,0.50278,0.69375,0.56111,0.70234,0.48889,0.69609,0.48750,0.68750,0.51528,0.71719,0.58194,0.72813,0.51667,0.71875,0.52917,0.70859,0.56806,0.73828,0.61806,0.74609,0.56944,0.73594,0.58056,0.72656,0.61250,0.60499,0.79667,0.9995,0.74614,1.00000,0.9138,0.69647,0.73084,0.9962,0.67751,0.50741,0.68047,0.74444,121.02,0.9947,live,0.2435,0.1358,84.71,623.80
147831.787067,60.0,0.3537,4,2,0,0.68203,0.80278,0.65312,0.77500,0.63438,0.72361,0.63438,0.68889,0.65078,0.65556,0.66563,0.62361,0.67109,0.55972,0.66719,0.56250,0.66094,0.59444,0.69297,0.63333,0.70391,0.55417,0.69766,0.56806,0.68750,0.60972,0.71562,0.65972,0.72891,0.59306,0.72109,0.61250,0.70937,0.65278,0.73594,0.70139,0.75156,0.65556,0.74375,0.66528,0.72969,0.69306,0.60576,0.80655,0.9995,0.74567,1.00000,0.9116,0.69680,0.79208,0.9957,0.67842,0.56648,0.68203,0.80278,114.99,0.9911,live,0.2356,0.1999,126.28,631.73
147831.853662,60.0,0.4203,4,2,0,0.68281,0.84306,0.65312,0.81528,0.63516,0.76250,0.63516,0.72778,0.65312,0.69722,0.66719,0.66667,0.67344,0.60278,0.66875,0.60278,0.66328,0.63611,0.69453,0.67778,0.70859,0.59583,0.70078,0.61250,0.69063,0.65556,0.71875,0.70417,0.73359,0.63472,0.72500,0.65278,0.71406,0.69444,0.73984,0.74722,0.75781,0.69861,0.74922,0.70556,0.73438,0.73333,0.60730,0.81634,0.9995,0.74530,1.00000,0.9119,0.69877,0.83889,0.9957,0.67930,0.62180,0.68281,0.84306,114.64,0.9943,live,0.2356,0.2602,166.10,638.46
147831.920129,60.0,0.4867,4,2,0,0.68125,0.84583,0.65156,0.81667,0.63516,0.76389,0.63438,0.72917,0.65312,0.70000,0.66953,0.66806,0.67734,0.60556,0.67109,0.60278,0.66328,0.63750,0.69609,0.67917,0.70859,0.60278,0.70078,0.61667,0.68984,0.65694,0.71875,0.70694,0.73438,0.63889,0.72656,0.65278,0.71406,0.69444,0.73984,0.75000,0.75703,0.70278,0.75000,0.70833,0.73594,0.73611,0.60692,0.82303,0.9996,0.74461,1.00000,0.9128,0.69867,0.83488,0.9955,0.67969,0.66660,0.68125,0.84583,114.97,0.9936,live,0.2486,0.3077,198.34,644.63
147831.986885,60.0,0.5535,4,2,0,0.68281,0.82917,0.65312,0.79861,0.63672,0.74167,0.63750,0.70556,0.65547,0.67500,0.67031,0.65139,0.67734,0.59028,0.67031,0.58750,0.66094,0.62083,0.69609,0.66250,0.70859,0.58611,0.69844,0.59722,0.68672,0.63750,0.71953,0.68750,0.73438,0.62222,0.72500,0.63333,0.71250,0.67361,0.73984,0.72917,0.75625,0.68194,0.74844,0.68611,0.73516,0.71250,0.60647,0.81868,0.9996,0.73666,1.00000,0.9097,0.69898,0.82410,0.9953,0.68031,0.69912,0.68281,0.82917,114.47,0.9948,live,0.2653,0.3413,221.76,649.69
147832.053686,60.0,0.6203,4,2,0,0.68281,0.80417,0.65312,0.77083,0.63672,0.71528,0.63828,0.67639,0.65547,0.64583,0.66875,0.62639,0.67344,0.56944,0.66797,0.56111,0.66328,0.58472,0.69453,0.63472,0.70469,0.56111,0.69609,0.56806,0.68594,0.60417,0.71719,0.65833,0.73125,0.59583,0.72266,0.60417,0.71094,0.64028,0.73672,0.69861,0.75313,0.65417,0.74453,0.65556,0.72969,0.68056,0.60630,0.81629,0.9996,0.73575,1.00000,0.9114,0.69748,0.81180,0.9953,0.68081,0.72013,0.68281,0.80417,114.05,0.9938,live,0.2808,0.3513,229.67,653.84
147832.120242,60.0,0.6869,4,2,0,0.68047,0.77778,0.65078,0.74028,0.63516,0.68472,0.63672,0.64444,0.65000,0.60556,0.66875,0.59722,0.67109,0.55417,0.66563,0.53889,0.65938,0.54583,0.69297,0.60278,0.70312,0.53611,0.69609,0.53194,0.68594,0.55556,0.71484,0.62361,0.72969,0.56250,0.72266,0.56528,0.71094,0.59583,0.73438,0.66389,0.75078,0.61806,0.74297,0.61667,0.72813,0.64028,0.60644,0.81586,0.9996,0.73718,1.00000,0.9108,0.69892,0.80643,0.9952,0.68074,0.73166,0.68047,0.77778,115.45,0.9957,live,0.2909,0.3371,221.97,658.50
147832.187314,60.0,0.7539,4,2,0,0.67734,0.74861,0.64766,0.70972,0.63203,0.65417,0.63281,0.60972,0.64609,0.57222,0.66797,0.56944,0.67109,0.52222,0.66406,0.50833,0.65391,0.51111,0.69063,0.57361,0.69844,0.50833,0.69297,0.49722,0.68203,0.51389,0.71172,0.59444,0.72578,0.53056,0.71875,0.52500,0.70703,0.54861,0.73047,0.63194,0.74609,0.58472,0.74062,0.57500,0.72734,0.59028,0.60639,0.81522,0.9996,0.74340,1.00000,0.9112,0.69684,0.77533,0.9953,0.68006,0.73505,0.67734,0.74861,114.14,0.9951,live,0.2909,0.3123,206.63,661.66
147832.253745,60.0,0.8204,4,2,0,0.67422,0.73056,0.64375,0.69028,0.62891,0.63194,0.63047,0.58611,0.64219,0.54444,0.66484,0.55139,0.66641,0.50417,0.65938,0.48611,0.64844,0.48750,0.68828,0.55417,0.69531,0.48889,0.68672,0.47500,0.67422,0.49167,0.70859,0.57500,0.72188,0.51250,0.71484,0.50000,0.70234,0.52083,0.72656,0.61111,0.74062,0.56528,0.73516,0.55278,0.72188,0.56667,0.60608,0.81069,0.9996,0.72164,1.00000,0.9109,0.68973,0.74441,0.9953,0.67889,0.73415,0.67422,0.73056,114.20,0.9956,live,0.2909,0.3110,206.63,664.49
147832.320492,60.0,0.8871,4,2,0,0.66719,0.72361,0.63828,0.68333,0.62344,0.62361,0.62344,0.57917,0.63359,0.53750,0.65859,0.54306,0.66172,0.49306,0.65312,0.47500,0.64219,0.47917,0.68125,0.54583,0.68984,0.47778,0.67812,0.46528,0.66250,0.48333,0.70156,0.56667,0.71641,0.50139,0.70625,0.49028,0.69297,0.51111,0.71953,0.60417,0.73281,0.55417,0.72578,0.54306,0.71328,0.55833,0.60564,0.80937,0.9997,0.73463,1.00000,0.9130,0.68796,0.73826,0.9955,0.67655,0.73204,0.66719,0.72361,114.57,0.9971,live,0.2713,0.1821,121.49,667.24
147832.387499,60.0,0.9541,4,2,0,0.65781,0.72639,0.62969,0.68472,0.61328,0.62778,0.61328,0.58333,0.62266,0.54306,0.64687,0.54444,0.65312,0.48889,0.64062,0.47639,0.62734,0.48333,0.66953,0.54722,0.68047,0.47778,0.66484,0.46944,0.65000,0.49167,0.68984,0.56944,0.70391,0.50278,0.69063,0.49861,0.67812,0.52083,0.70781,0.60556,0.72266,0.55556,0.71250,0.54722,0.69844,0.56250,0.60369,0.80383,0.9997,0.72160,1.00000,0.9131,0.68010,0.72584,0.9955,0.67281,0.73091,0.65781,0.72639,114.79,0.9936,live,0.2446,0.1227,82.18,669.82
147832.454267,60.0,0.0209,4,3,0,0.64453,0.74028,0.61562,0.70000,0.59844,0.64444,0.59688,0.60417,0.60547,0.56250,0.63203,0.55556,0.63594,0.50139,0.62109,0.49444,0.60703,0.50417,0.65391,0.55972,0.66406,0.49028,0.64609,0.49306,0.63125,0.51667,0.67344,0.58056,0.68750,0.51528,0.67109,0.51667,0.65625,0.54167,0.69219,0.61528,0.70391,0.56389,0.69219,0.56111,0.67891,0.57778,0.60081,0.80239,0.9997,0.71813,1.00000,0.9166,0.65954,0.71869,0.9955,0.66715,0.73278,0.64453,0.74028,115.36,0.9907,live,0.2145,0.0778,52.29,672.50
147832.520278,60.0,0.0869,4,3,0,0.62500,0.76528,0.59531,0.72778,0.57500,0.67361,0.57031,0.62917,0.57891,0.58889,0.60703,0.58333,0.61562,0.51667,0.59609,0.51389,0.57891,0.52917,0.62813,0.59167,0.63750,0.51250,0.61484,0.51944,0.60000,0.54722,0.64766,0.61250,0.65938,0.54028,0.63906,0.55000,0.62422,0.57778,0.66797,0.64722,0.67812,0.58889,0.66328,0.59306,0.64922,0.61528,0.60131,0.79979,0.9997,0.71862,1.00000,0.9149,0.64365,0.71939,0.9951,0.65872,0.73928,0.62500,0.76528,112.47,0.9941,live,0.1867,0.0601,40.45,672.78
147832.587242,60.0,0.1539,4,3,0,0.59922,0.79028,0.56953,0.75139,0.54688,0.69722,0.53906,0.65417,0.54375,0.61944,0.57734,0.60972,0.57734,0.54583,0.55391,0.54861,0.53594,0.56389,0.59766,0.61944,0.60078,0.54028,0.57266,0.55417,0.55547,0.58194,0.61797,0.64167,0.62578,0.57083,0.60078,0.58333,0.58437,0.60833,0.63750,0.67639,0.64297,0.62361,0.62422,0.62778,0.60938,0.64583,0.59487,0.80198,0.9997,0.70971,1.00000,0.9099,0.61329,0.74473,0.9944,0.64682,0.74948,0.59922,0.79028,110.56,0.9939,live,0.1661,0.0720,48.37,671.65
147832.654541,60.0,0.2212,4,3,0,0.56953,0.81806,0.53672,0.77778,0.51250,0.72778,0.50313,0.69028,0.50156,0.65417,0.53984,0.63611,0.53125,0.57639,0.50625,0.58194,0.48672,0.60000,0.56094,0.64583,0.55312,0.57361,0.52266,0.58889,0.50391,0.61667,0.58125,0.67083,0.58047,0.60278,0.55156,0.62083,0.53203,0.64722,0.60156,0.70694,0.60000,0.65833,0.57812,0.66667,0.56094,0.68611,0.58758,0.79879,0.9997,0.69101,1.00000,0.9144,0.57531,0.77437,0.9947,0.63136,0.76320,0.56953,0.81806,111.20,0.9974,live,0.1543,0.1004,67.35,671.12
147832.720603,60.0,0.2872,4,3,0,0.54375,0.84028,0.50313,0.80278,0.47422,0.75556,0.46016,0.72222,0.45234,0.68472,0.50547,0.65556,0.48594,0.60833,0.45937,0.62361,0.43984,0.64583,0.52656,0.66250,0.50313,0.60139,0.47031,0.62639,0.45078,0.65833,0.54531,0.68472,0.52891,0.63194,0.49609,0.65556,0.47656,0.68611,0.56250,0.72222,0.54844,0.68194,0.52187,0.69722,0.50391,0.71944,0.58745,0.78151,0.9997,0.68923,1.00000,0.9179,0.54310,0.79106,0.9947,0.61384,0.77861,0.54375,0.84028,111.83,0.9989,live,0.1543,0.1363,91.46,671.10
147832.787373,60.0,0.3540,4,3,0,0.51797,0.84861,0.47187,0.81528,0.43828,0.77361,0.41563,0.74583,0.39687,0.71944,0.46719,0.65417,0.43516,0.62500,0.40781,0.63889,0.38672,0.66250,0.48828,0.66111,0.45078,0.62361,0.41719,0.65139,0.39844,0.68472,0.50625,0.68889,0.47578,0.65417,0.44219,0.68056,0.42266,0.70972,0.52031,0.73333,0.49688,0.70694,0.47109,0.72083,0.45234,0.74028,0.59009,0.77779,0.9996,0.68069,1.00000,0.9198,0.51550,0.81867,0.9944,0.59467,0.79261,0.51797,0.84861,116.60,0.9995,live,0.1543,0.1729,116.61,674.52
147832.854536,60.0,0.4211,4,3,0,0.48984,0.85000,0.43594,0.82222,0.39922,0.77917,0.37891,0.74861,0.36250,0.71944,0.42891,0.66250,0.39531,0.64306,0.36562,0.66111,0.34375,0.68472,0.44844,0.66528,0.40781,0.63472,0.37344,0.66389,0.35391,0.69583,0.46484,0.69028,0.43125,0.65833,0.39687,0.68750,0.37656,0.71806,0.47813,0.73194,0.44844,0.71667,0.42266,0.73333,0.40391,0.75139,0.58787,0.76976,0.9996,0.67011,1.00000,0.9207,0.48377,0.82049,0.9937,0.57370,0.80409,0.48984,0.85000,116.46,0.9989,live,0.1642,0.2093,141.80,677.42
147832.920712,60.0,0.4873,4,3,0,0.46250,0.84028,0.41094,0.81806,0.37422,0.77639,0.35156,0.75000,0.33516,0.72083,0.40234,0.65417,0.36641,0.63611,0.33594,0.65417,0.31250,0.68056,0.42109,0.65833,0.37500,0.63472,0.34063,0.66389,0.32031,0.69583,0.43672,0.68194,0.39531,0.65694,0.36406,0.68611,0.34531,0.71806,0.44844,0.72361,0.41484,0.70972,0.38984,0.72917,0.37188,0.75000,0.58959,0.77052,0.9993,0.64171,1.00000,0.9186,0.45879,0.81616,0.9915,0.55146,0.81133,0.46250,0.84028,114.78,0.9989,live,0.1786,0.2442,165.76,678.77
147832.987608,60.0,0.5542,4,3,0,0.44766,0.82500,0.39531,0.80417,0.35938,0.76111,0.33516,0.73194,0.31641,0.70417,0.38750,0.65000,0.35000,0.62778,0.32031,0.64306,0.29766,0.66667,0.40391,0.65139,0.35859,0.62083,0.32422,0.64722,0.30234,0.67778,0.41875,0.67083,0.37578,0.64167,0.34297,0.67083,0.32266,0.70000,0.42734,0.70833,0.39219,0.69306,0.36641,0.71250,0.34922,0.73333,0.58515,0.77518,0.9989,0.62442,1.00000,0.9139,0.42964,0.79910,0.9862,0.53070,0.81406,0.44766,0.82500,109.66,0.9977,live,0.1955,0.2724,184.20,676.27
147833.054274,60.0,0.6209,4,3,0,0.44062,0.80833,0.39141,0.78889,0.35391,0.74722,0.33047,0.71806,0.31016,0.69028,0.38047,0.63472,0.34375,0.60833,0.31250,0.62222,0.28984,0.64444,0.39687,0.63611,0.35234,0.60139,0.31719,0.62639,0.29766,0.65694,0.41094,0.65278,0.36953,0.61944,0.33516,0.64583,0.31406,0.67500,0.42109,0.68889,0.38516,0.67222,0.35859,0.68889,0.33984,0.70833,0.58307,0.77545,0.9985,0.63280,1.00000,0.9097,0.43506,0.78520,0.9808,0.51269,0.81292,0.44062,0.80833,109.36,0.9979,live,0.2122,0.2887,194.52,673.86
147833.120882,60.0,0.6875,4,3,0,0.44062,0.79444,0.39062,0.77083,0.35391,0.72500,0.32969,0.69028,0.31328,0.65833,0.38047,0.61944,0.34687,0.58750,0.31641,0.59861,0.29375,0.61944,0.39687,0.61944,0.35391,0.58194,0.32031,0.60694,0.30078,0.63611,0.41094,0.63611,0.37109,0.60139,0.33672,0.62639,0.31641,0.65417,0.42031,0.67083,0.38516,0.64861,0.35859,0.66389,0.34063,0.68056,0.57999,0.76713,0.9982,0.63427,0.99165,0.9081,0.43727,0.77603,0.9766,0.49827,0.80922,0.44062,0.79444,110.32,0.9978,live,0.2264,0.2911,195.74,672.43
147833.187827,60.0,0.7544,4,3,0,0.44453,0.78611,0.39453,0.75833,0.35703,0.71250,0.33203,0.67778,0.31562,0.64306,0.38672,0.60694,0.35156,0.57500,0.32188,0.58333,0.29766,0.60000,0.40234,0.60556,0.35781,0.56667,0.32422,0.59028,0.30312,0.61806,0.41563,0.62222,0.37578,0.58472,0.34063,0.60694,0.31797,0.63333,0.42422,0.65694,0.39062,0.63194,0.36406,0.64444,0.34453,0.66111,0.57923,0.77370,0.9980,0.63324,0.98553,0.9071,0.43859,0.75786,0.9760,0.48752,0.80460,0.44453,0.78611,111.51,0.9977,live,0.2360,0.2793,187.72,672.02
147833.254466,60.0,0.8211,4,3,0,0.45469,0.77639,0.40313,0.75139,0.36641,0.70278,0.34297,0.66944,0.32500,0.63472,0.39766,0.59583,0.36328,0.55972,0.33359,0.56806,0.30938,0.58750,0.41250,0.59722,0.36875,0.55417,0.33437,0.57778,0.31328,0.60417,0.42500,0.61528,0.38516,0.57500,0.35078,0.59722,0.32969,0.62361,0.43281,0.65000,0.40156,0.61944,0.37500,0.63056,0.35547,0.64722,0.57857,0.78133,0.9980,0.63175,0.98556,0.9087,0.43156,0.72963,0.9777,0.48096,0.79896,0.45469,0.77639,110.92,0.9975,live,0.2460,0.2920,195.97,671.25
147833.320716,60.0,0.8873,4,3,0,0.46641,0.77361,0.41953,0.74444,0.38594,0.69444,0.36328,0.66111,0.34375,0.63056,0.41484,0.59306,0.38203,0.55278,0.35234,0.55833,0.32812,0.57222,0.43047,0.59444,0.38984,0.54583,0.35547,0.56667,0.33516,0.59167,0.44375,0.61111,0.40703,0.56528,0.37188,0.58889,0.35156,0.61389,0.45156,0.64444,0.42188,0.61250,0.39531,0.62222,0.37734,0.63750,0.57730,0.78050,0.9980,0.63306,0.98904,0.9067,0.43606,0.71745,0.9784,0.47805,0.79389,0.46641,0.77361,109.37,0.9968,live,0.2460,0.2242,150.07,669.45
147833.387869,60.0,0.9545,4,3,0,0.48438,0.77222,0.43828,0.73472,0.40703,0.68472,0.38750,0.65139,0.37188,0.61806,0.43672,0.58889,0.40859,0.54861,0.37969,0.55278,0.35469,0.56806,0.45312,0.59444,0.42109,0.53889,0.38594,0.55694,0.36484,0.58056,0.46797,0.61528,0.43984,0.56111,0.40313,0.58194,0.38281,0.60833,0.47891,0.65000,0.45469,0.60694,0.42734,0.61806,0.41094,0.63611,0.57897,0.78193,0.9981,0.63610,1.00000,0.9092,0.46739,0.71997,0.9799,0.47931,0.78956,0.48438,0.77222,109.36,0.9982,live,0.2351,0.1852,123.70,667.85
147833.454296,60.0,0.0209,4,4,0,0.50781,0.77917,0.46641,0.74167,0.43516,0.69167,0.41719,0.65417,0.40625,0.61944,0.46172,0.59861,0.44531,0.54583,0.41797,0.55000,0.39453,0.56806,0.47969,0.60139,0.46094,0.54028,0.42734,0.55556,0.40625,0.57917,0.49766,0.61944,0.48047,0.55972,0.44688,0.57917,0.42656,0.60417,0.51328,0.65278,0.49453,0.61111,0.46953,0.61944,0.45234,0.63611,0.57900,0.78254,0.9983,0.64727,1.00000,0.9130,0.50419,0.72140,0.9816,0.48501,0.78748,0.50781,0.77917,110.91,0.9975,live,0.2262,0.1856,123.92,667.57
147833.520938,60.0,0.0876,4,4,0,0.54063,0.78889,0.50313,0.74861,0.47656,0.70139,0.46016,0.66528,0.45469,0.62500,0.49766,0.61389,0.48828,0.55694,0.46484,0.55833,0.44531,0.57222,0.51641,0.61806,0.51094,0.54583,0.48203,0.55833,0.46250,0.58472,0.53516,0.63611,0.53125,0.57083,0.50156,0.58611,0.48203,0.60972,0.55234,0.66667,0.54297,0.62361,0.51953,0.63194,0.50234,0.64722,0.58099,0.78284,0.9984,0.67278,1.00000,0.9191,0.54400,0.73018,0.9832,0.49614,0.78776,0.54063,0.78889,108.31,0.9956,live,0.2044,0.1053,70.06,665.45
147833.587838,60.0,0.1545,4,4,0,0.57812,0.80278,0.54453,0.76111,0.52109,0.70556,0.51172,0.66389,0.51250,0.62778,0.54766,0.62361,0.54453,0.56528,0.52344,0.56528,0.50391,0.58056,0.56641,0.63194,0.56484,0.55972,0.53906,0.56806,0.52031,0.59167,0.58594,0.65139,0.58906,0.58472,0.56641,0.59444,0.55078,0.61944,0.60469,0.68333,0.60781,0.63889,0.59219,0.63889,0.57891,0.65000,0.59345,0.78864,0.9985,0.69935,1.00000,0.9196,0.58762,0.75811,0.9843,0.51253,0.79076,0.57812,0.80278,108.97,0.9896,live,0.1806,0.0722,47.97,664.05
147833.654604,60.0,0.2212,4,4,0,0.63203,0.80972,0.59609,0.76667,0.57422,0.71528,0.57500,0.66806,0.59375,0.65000,0.59922,0.63333,0.60625,0.57361,0.59609,0.57083,0.58672,0.59028,0.61797,0.63889,0.62500,0.58056,0.61484,0.57917,0.60547,0.59722,0.63672,0.65556,0.64375,0.60972,0.63438,0.62361,0.62656,0.65000,0.65469,0.68611,0.66172,0.65139,0.65703,0.65694,0.65156,0.67361,0.59823,0.79343,0.9986,0.70049,1.00000,0.9101,0.64383,0.76512,0.9845,0.53643,0.79456,0.63203,0.80972,108.05,0.9536,live,0.1689,0.1153,76.36,662.16
147833.720910,60.0,0.2875,4,4,0,0.69063,0.80694,0.66641,0.77361,0.65156,0.71111,0.65703,0.66111,0.67891,0.63056,0.68672,0.62917,0.69453,0.57500,0.68828,0.57083,0.68125,0.59167,0.71172,0.63750,0.72656,0.56944,0.71328,0.57083,0.70078,0.60000,0.73359,0.66111,0.75469,0.59861,0.73906,0.60556,0.72578,0.63611,0.75313,0.70139,0.76953,0.65833,0.75625,0.65694,0.74141,0.67639,0.60378,0.80184,0.9987,0.72789,1.00000,0.9069,0.70353,0.78019,0.9852,0.56727,0.79703,0.69063,0.80694,115.76,0.9984,live,0.1689,0.1725,114.87,666.05
147833.787959,60.0,0.3546,4,4,0,0.73906,0.82361,0.71406,0.77361,0.70312,0.71250,0.71641,0.67083,0.73984,0.64444,0.73594,0.63472,0.74844,0.58333,0.75938,0.57222,0.76562,0.59306,0.76328,0.64306,0.78281,0.58611,0.79219,0.57917,0.79453,0.60417,0.78516,0.66806,0.80469,0.62361,0.81328,0.61667,0.81641,0.64028,0.80234,0.70556,0.81797,0.67639,0.82578,0.66667,0.82969,0.67500,0.60602,0.80331,0.9988,0.73213,1.00000,0.9023,0.75645,0.77874,0.9856,0.60163,0.80235,0.73906,0.82361,121.56,0.9283,live,0.1808,0.2354,158.55,673.65
147833.854989,60.0,0.4216,4,4,0,0.77266,0.82361,0.75313,0.76806,0.75000,0.70694,0.76797,0.66667,0.79375,0.64444,0.78516,0.64028,0.79766,0.58889,0.80937,0.57917,0.82031,0.59444,0.81094,0.65278,0.83281,0.59028,0.84531,0.58611,0.85234,0.60833,0.83125,0.67778,0.85625,0.62917,0.86719,0.62361,0.87109,0.64444,0.84688,0.71528,0.86719,0.68611,0.87813,0.67500,0.88359,0.68194,0.60555,0.80314,0.9989,0.72710,1.00000,0.9012,0.78877,0.77852,0.9866,0.63583,0.80660,0.77266,0.82361,120.99,0.9474,live,0.2019,0.2977,202.44,679.93
147833.921054,60.0,0.4877,4,4,0,0.80156,0.81806,0.78281,0.76944,0.78125,0.70694,0.80391,0.66667,0.82969,0.64167,0.82266,0.63611,0.83750,0.59028,0.85078,0.58333,0.86016,0.60278,0.85000,0.64861,0.87031,0.59028,0.88438,0.58750,0.89062,0.61528,0.86875,0.67639,0.89297,0.62500,0.90781,0.61944,0.91172,0.64444,0.88281,0.71667,0.90547,0.68611,0.91719,0.67917,0.92109,0.69306,0.60521,0.80706,0.9990,0.72836,1.00000,0.8944,0.80869,0.77878,0.9870,0.66898,0.80889,0.80156,0.81806,123.52,0.9021,live,0.2293,0.3540,243.26,687.27
147833.988161,60.0,0.5548,4,4,0,0.81406,0.81389,0.79844,0.75694,0.80234,0.69722,0.82812,0.66111,0.85313,0.63750,0.84062,0.63472,0.85469,0.59167,0.87031,0.58333,0.88359,0.59722,0.86719,0.64861,0.88672,0.59167,0.90156,0.58611,0.90859,0.60694,0.88594,0.67500,0.90859,0.62917,0.92266,0.62222,0.92812,0.64444,0.89922,0.71389,0.92266,0.68472,0.93516,0.67639,0.94063,0.68889,0.60965,0.80926,0.9990,0.74056,1.00000,0.8931,0.82050,0.77855,0.9880,0.69800,0.80989,0.81406,0.81389,123.82,0.9598,live,0.2588,0.3935,273.10,693.95
147834.054848,60.0,0.6215,4,4,0,0.82109,0.81111,0.80703,0.75694,0.81016,0.70139,0.83516,0.66250,0.86094,0.63611,0.84531,0.62917,0.86172,0.58750,0.87891,0.58056,0.89219,0.59583,0.87344,0.64306,0.89297,0.58889,0.90859,0.58333,0.91719,0.60000,0.89219,0.66944,0.91484,0.62500,0.92969,0.61806,0.93516,0.63750,0.90469,0.70972,0.92812,0.68056,0.94297,0.67222,0.95000,0.68194,0.61031,0.81161,0.9991,0.74339,1.00000,0.8901,0.82819,0.77835,0.9887,0.72262,0.81014,0.82109,0.81111,124.52,0.9560,live,0.2869,0.4146,290.34,700.33
147834.121383,60.0,0.6880,4,4,0,0.82266,0.80833,0.80781,0.75139,0.81172,0.69444,0.83828,0.65833,0.86484,0.63333,0.84922,0.62639,0.86562,0.58611,0.88125,0.57639,0.89453,0.59028,0.87656,0.64167,0.89687,0.58889,0.91172,0.57778,0.91875,0.59444,0.89531,0.66806,0.91875,0.62222,0.93359,0.61250,0.93750,0.63056,0.90781,0.70694,0.93203,0.67778,0.94688,0.66806,0.95312,0.67639,0.61124,0.81350,0.9992,0.74618,1.00000,0.8887,0.83124,0.76906,0.9894,0.74262,0.80977,0.82266,0.80833,124.94,0.9438,live,0.3104,0.4175,294.85,706.24
147834.187857,60.0,0.7545,4,4,0,0.82188,0.80417,0.80937,0.74861,0.81484,0.69306,0.84062,0.65417,0.86484,0.62639,0.84922,0.62222,0.86641,0.57917,0.88203,0.56944,0.89297,0.58472,0.87656,0.63750,0.89766,0.58333,0.91172,0.57361,0.91875,0.59028,0.89531,0.66389,0.91953,0.61944,0.93437,0.60694,0.93828,0.62500,0.90781,0.70278,0.93125,0.67500,0.94688,0.66250,0.95391,0.66944,0.61099,0.81376,0.9992,0.74555,1.00000,0.8846,0.83256,0.76447,0.9899,0.75847,0.80865,0.82188,0.80417,125.34,0.9693,live,0.3264,0.3996,284.43,711.74
147834.255148,60.0,0.8218,4,4,0,0.82266,0.79583,0.81016,0.74444,0.81484,0.68750,0.83828,0.64444,0.86094,0.61111,0.84766,0.61528,0.86172,0.57083,0.87734,0.56111,0.88984,0.57222,0.87578,0.62917,0.89453,0.57500,0.90859,0.56528,0.91641,0.58056,0.89375,0.65417,0.91719,0.60972,0.93125,0.59722,0.93516,0.61667,0.90703,0.69306,0.92891,0.66389,0.94219,0.65139,0.94766,0.65972,0.61104,0.81123,0.9993,0.74538,1.00000,0.8837,0.82756,0.76273,0.9905,0.77131,0.80609,0.82266,0.79583,124.28,0.9556,live,0.3334,0.3651,261.34,715.81
147834.321417,60.0,0.8880,4,4,0,0.81953,0.77917,0.80469,0.72778,0.80703,0.67083,0.82891,0.62917,0.85156,0.60139,0.84141,0.59722,0.85547,0.55556,0.87109,0.54583,0.88281,0.55833,0.86875,0.61111,0.88672,0.55833,0.90156,0.55000,0.90859,0.56667,0.88750,0.63611,0.90859,0.59028,0.92188,0.57917,0.92734,0.59583,0.90078,0.67361,0.92109,0.64306,0.93359,0.63333,0.93984,0.64167,0.60809,0.81123,0.9993,0.74515,1.00000,0.8862,0.82569,0.76042,0.9910,0.78095,0.80070,0.81953,0.77917,123.25,0.9663,live,0.3334,0.3195,229.64,718.66
147834.388179,60.0,0.9548,4,4,0,0.80703,0.75417,0.78984,0.70139,0.78984,0.64028,0.80937,0.59722,0.83125,0.56528,0.82578,0.57222,0.83594,0.52639,0.85000,0.51389,0.86094,0.52361,0.85156,0.58333,0.86797,0.52917,0.88125,0.51806,0.88828,0.53333,0.87109,0.60833,0.88984,0.55972,0.90234,0.54722,0.90625,0.56389,0.88438,0.64583,0.90312,0.61389,0.91484,0.60139,0.92031,0.60694,0.60801,0.81115,0.9994,0.74573,1.00000,0.8920,0.82206,0.74284,0.9917,0.78617,0.79140,0.80703,0.75417,121.65,0.9540,live,0.3216,0.2679,192.90,720.01
147834.454922,60.0,0.0215,4,1,1,0.78672,0.71528,0.76953,0.66389,0.76484,0.60417,0.78047,0.55694,0.80078,0.51667,0.80156,0.52639,0.81328,0.48472,0.82500,0.47222,0.83594,0.47778,0.82578,0.53750,0.83906,0.48750,0.85000,0.47639,0.86016,0.48750,0.84453,0.56111,0.86172,0.51528,0.87031,0.50278,0.87656,0.51806,0.85938,0.59861,0.87344,0.56250,0.88281,0.55000,0.88906,0.55278,0.60776,0.80841,0.9994,0.74331,1.00000,0.8895,0.80349,0.71766,0.9921,0.78628,0.77617,0.78672,0.71528,122.63,0.9437,live,0.3121,0.2689,194.12,721.90
147834.521510,60.0,0.0881,4,1,1,0.76172,0.67500,0.74219,0.61944,0.73828,0.55417,0.75078,0.50139,0.76406,0.46111,0.76484,0.48333,0.77031,0.43194,0.77500,0.41667,0.77891,0.42083,0.78828,0.49028,0.79531,0.43750,0.80000,0.42222,0.80156,0.42083,0.80703,0.51111,0.81797,0.46389,0.82109,0.44444,0.82031,0.45000,0.82422,0.54306,0.83594,0.50278,0.83906,0.48333,0.83828,0.47917,0.60746,0.80840,0.9994,0.74477,1.00000,0.8935,0.78458,0.65739,0.9927,0.78137,0.75594,0.76172,0.67500,121.71,0.9367,live,0.2857,0.1654,119.55,722.90
147834.588301,60.0,0.1549,4,1,1,0.72500,0.61250,0.70625,0.54167,0.70625,0.47222,0.71719,0.41806,0.72422,0.37500,0.73594,0.42500,0.73984,0.37361,0.73594,0.34722,0.73047,0.33333,0.75391,0.43194,0.76328,0.37917,0.76016,0.35000,0.75234,0.33333,0.76875,0.45139,0.77969,0.40000,0.77656,0.36944,0.76953,0.35694,0.78203,0.48194,0.79141,0.43750,0.79141,0.40833,0.78750,0.39167,0.60639,0.80257,0.9995,0.74863,0.97721,0.8957,0.75989,0.59227,0.9932,0.77009,0.72725,0.72500,0.61250,115.44,0.9709,live,0.2596,0.1404,101.00,719.27
147834.655019,60.0,0.2216,4,1,1,0.70469,0.55278,0.67891,0.48194,0.67188,0.41667,0.67891,0.35417,0.68437,0.29861,0.69375,0.36389,0.69297,0.31250,0.68984,0.28333,0.68516,0.25556,0.71328,0.36806,0.71328,0.31389,0.71016,0.28194,0.70469,0.25556,0.72813,0.37917,0.73281,0.32917,0.72891,0.29583,0.72344,0.27083,0.74531,0.40278,0.74922,0.35833,0.74687,0.33056,0.74219,0.30556,0.60080,0.79401,0.9995,0.74465,0.94646,0.8957,0.71254,0.53406,0.9936,0.75701,0.69236,0.70469,0.55278,115.43,0.8911,live,0.2383,0.1415,101.34,716.07
147834.721610,60.0,0.2882,4,1,1,0.67812,0.48750,0.64375,0.40972,0.63516,0.34722,0.64062,0.28889,0.64531,0.24167,0.65781,0.30417,0.65312,0.25694,0.64687,0.22778,0.64062,0.19722,0.67500,0.30000,0.67422,0.24861,0.66875,0.21528,0.66172,0.18194,0.69141,0.30694,0.69297,0.25972,0.68828,0.22639,0.68047,0.19861,0.71016,0.32778,0.71250,0.28056,0.70859,0.25139,0.70156,0.22500,0.60084,0.78953,0.9995,0.74355,0.88879,0.8970,0.68797,0.46978,0.9939,0.74124,0.65139,0.67812,0.48750,115.20,0.9437,live,0.2275,0.1782,127.07,713.09
147834.788506,60.0,0.3551,4,1,1,0.66172,0.42500,0.62344,0.35278,0.61172,0.29167,0.61406,0.23194,0.61875,0.18333,0.63125,0.25000,0.62578,0.20417,0.61953,0.17222,0.61406,0.13889,0.64922,0.24306,0.64609,0.19167,0.64141,0.15694,0.63359,0.12222,0.66563,0.24722,0.66641,0.19861,0.66172,0.16389,0.65312,0.13750,0.68437,0.26111,0.68516,0.21528,0.68203,0.18750,0.67500,0.16250,0.59872,0.78858,0.9995,0.74170,0.83474,0.8988,0.67281,0.41516,0.9942,0.72533,0.60611,0.66172,0.42500,113.46,0.9605,live,0.2275,0.2309,163.76,709.21
147834.855145,60.0,0.4218,4,1,1,0.64922,0.36806,0.60938,0.30417,0.59844,0.24583,0.59922,0.18889,0.60313,0.14583,0.61641,0.20556,0.61094,0.15972,0.60391,0.13056,0.59688,0.09861,0.63359,0.19444,0.62969,0.14444,0.62344,0.11250,0.61406,0.08056,0.65000,0.19722,0.64844,0.14583,0.64297,0.11528,0.63359,0.09306,0.66875,0.20694,0.66641,0.16111,0.66172,0.13333,0.65391,0.11111,0.59836,0.78631,0.9995,0.74078,0.78751,0.9028,0.66058,0.36395,0.9946,0.71011,0.55850,0.64922,0.36806,109.14,0.9554,live,0.2386,0.2892,203.19,702.69
147834.921868,60.0,0.4885,4,1,1,0.63906,0.32083,0.60156,0.26944,0.59297,0.21111,0.59453,0.15833,0.59844,0.11806,0.60859,0.17083,0.60391,0.12500,0.59766,0.09861,0.58984,0.07222,0.62578,0.16111,0.62187,0.11250,0.61484,0.08472,0.60391,0.05694,0.64062,0.16250,0.63984,0.11250,0.63203,0.08333,0.62187,0.06111,0.65859,0.16944,0.65469,0.12500,0.64844,0.09861,0.63906,0.07639,0.59230,0.78262,0.9995,0.72467,0.75453,0.9075,0.65239,0.32021,0.9951,0.69590,0.51096,0.63906,0.32083,101.73,0.9645,live,0.2562,0.3365,232.70,691.61
147834.988375,60.0,0.5550,4,1,1,0.63438,0.28889,0.59766,0.24306,0.58828,0.19028,0.59141,0.14028,0.59609,0.10139,0.60703,0.15417,0.60156,0.10972,0.59531,0.08333,0.58828,0.05833,0.62266,0.14583,0.61797,0.09583,0.61172,0.06806,0.60156,0.04167,0.63672,0.14583,0.63516,0.09583,0.62891,0.06667,0.61953,0.04444,0.65312,0.15000,0.65156,0.10694,0.64531,0.08194,0.63594,0.05833,0.59211,0.77305,0.9995,0.72003,0.72035,0.9120,0.64934,0.28391,0.9954,0.68359,0.46655,0.63438,0.28889,92.28,0.9731,live,0.2791,0.3834,258.79,675.06
147835.054953,60.0,0.6216,4,1,1,0.63438,0.27917,0.59844,0.23472,0.58984,0.18611,0.59219,0.13889,0.59609,0.10139,0.60703,0.15278,0.60156,0.10972,0.59609,0.08333,0.58906,0.05833,0.62266,0.14444,0.61875,0.09583,0.61250,0.06806,0.60234,0.04167,0.63672,0.14306,0.63438,0.09306,0.62734,0.06389,0.61875,0.04306,0.65312,0.14583,0.65078,0.10278,0.64453,0.07778,0.63594,0.05556,0.59028,0.76332,0.9995,0.71806,0.68783,0.9148,0.64509,0.26937,0.9955,0.67375,0.42907,0.63438,0.27917,88.45,0.9597,live,0.3035,0.4146,272.69,657.74
147835.121827,60.0,0.6884,4,1,1,0.63438,0.27639,0.60156,0.23333,0.59297,0.18750,0.59531,0.13889,0.59766,0.10278,0.60938,0.15417,0.60469,0.11250,0.59922,0.08750,0.59219,0.06111,0.62500,0.14444,0.62109,0.09722,0.61484,0.06944,0.60547,0.04444,0.63906,0.14306,0.63594,0.09444,0.62969,0.06528,0.62109,0.04583,0.65547,0.14583,0.65312,0.10417,0.64687,0.07917,0.63828,0.05833,0.58877,0.76296,0.9995,0.71168,0.67472,0.9196,0.64758,0.27146,0.9958,0.66588,0.39854,0.63438,0.27639,86.62,0.9631,live,0.3251,0.4237,271.68,641.18
147835.188646,60.0,0.7553,4,1,1,0.63594,0.27917,0.60391,0.23611,0.59531,0.18889,0.59766,0.14167,0.60234,0.10556,0.61406,0.15833,0.60938,0.11667,0.60391,0.09028,0.59609,0.06389,0.62969,0.14861,0.62578,0.10278,0.61953,0.07361,0.61016,0.04861,0.64375,0.14861,0.64141,0.10000,0.63516,0.07083,0.62578,0.05000,0.65938,0.15278,0.65703,0.10972,0.65156,0.08472,0.64219,0.06389,0.58863,0.76145,0.9995,0.71268,0.67825,0.9230,0.64987,0.27535,0.9960,0.65989,0.37466,0.63594,0.27917,84.92,0.9609,live,0.3415,0.4163,260.34,625.38
147835.255289,60.0,0.8219,4,1,1,0.63984,0.28889,0.60703,0.24861,0.59844,0.19722,0.60078,0.15000,0.60625,0.11389,0.61719,0.16806,0.61250,0.12500,0.60625,0.09861,0.60000,0.07222,0.63281,0.15833,0.62891,0.11250,0.62187,0.08333,0.61250,0.05833,0.64687,0.15833,0.64453,0.10972,0.63828,0.08056,0.62969,0.05833,0.66328,0.16111,0.66094,0.11944,0.65469,0.09444,0.64609,0.07361,0.58867,0.76234,0.9995,0.71516,0.68826,0.9263,0.65092,0.28287,0.9963,0.65588,0.35751,0.63984,0.28889,85.53,0.9503,live,0.3501,0.3892,238.13,611.92
147835.321966,60.0,0.8886,4,1,1,0.64141,0.30556,0.60781,0.26111,0.60000,0.21250,0.60313,0.16389,0.60938,0.12778,0.62031,0.18194,0.61562,0.13750,0.61016,0.10972,0.60234,0.08472,0.63594,0.17222,0.63359,0.12639,0.62656,0.09722,0.61719,0.07222,0.65078,0.17222,0.64922,0.12500,0.64297,0.09444,0.63359,0.07361,0.66797,0.17500,0.66563,0.13472,0.66016,0.10972,0.65078,0.08889,0.58852,0.76331,0.9995,0.71556,0.70768,0.9280,0.65126,0.29914,0.9964,0.65298,0.34712,0.64141,0.30556,87.61,0.9554,live,0.3501,0.3461,208.20,601.56
147835.388687,60.0,0.9553,4,1,1,0.64297,0.33194,0.61016,0.29028,0.60156,0.23472,0.60469,0.18611,0.61172,0.15000,0.62266,0.20139,0.61875,0.15833,0.61250,0.12917,0.60547,0.10417,0.63906,0.19306,0.63672,0.14444,0.62969,0.11389,0.62031,0.08889,0.65469,0.19306,0.65312,0.14444,0.64609,0.11389,0.63594,0.09167,0.67109,0.19861,0.67031,0.15556,0.66406,0.13056,0.65391,0.10972,0.59203,0.76552,0.9995,0.72081,0.73827,0.9290,0.65220,0.32605,0.9966,0.65098,0.34408,0.64297,0.33194,90.55,0.9540,live,0.3391,0.2892,171.93,594.57
147835.455124,60.0,0.0217,4,2,0,0.64687,0.37361,0.61406,0.33333,0.60391,0.26944,0.60781,0.21667,0.61484,0.18056,0.62578,0.23333,0.62187,0.18611,0.61562,0.15694,0.60859,0.13194,0.64297,0.22500,0.64062,0.17361,0.63359,0.14167,0.62422,0.11667,0.65859,0.22639,0.65859,0.17500,0.65156,0.14306,0.64141,0.11944,0.67578,0.23472,0.67500,0.18889,0.66797,0.16250,0.65781,0.14167,0.59241,0.77112,0.9995,0.72244,0.80162,0.9275,0.65559,0.37413,0.9968,0.65016,0.34999,0.64687,0.37361,95.57,0.9620,live,0.3305,0.2912,172.40,592.04
147835.521933,60.0,0.0885,4,2,0,0.64766,0.42639,0.61641,0.38472,0.60781,0.31806,0.61250,0.26389,0.61875,0.22500,0.63047,0.27500,0.62656,0.22639,0.61953,0.19861,0.61094,0.17500,0.64844,0.26806,0.64609,0.21389,0.63906,0.18194,0.62969,0.15972,0.66484,0.27222,0.66563,0.21528,0.65859,0.18472,0.64844,0.16528,0.68203,0.28194,0.68281,0.23472,0.67656,0.20833,0.66641,0.19028,0.59244,0.77391,0.9995,0.72240,0.87948,0.9229,0.65700,0.43550,0.9969,0.64966,0.36527,0.64766,0.42639,101.08,0.9776,live,0.3008,0.1655,98.29,593.77
147835.588569,60.0,0.1552,4,2,0,0.64922,0.49167,0.61953,0.45694,0.60781,0.39028,0.61094,0.33472,0.61875,0.29167,0.63125,0.33194,0.62969,0.27778,0.62266,0.25278,0.61172,0.23889,0.65078,0.32917,0.65234,0.26944,0.64531,0.24028,0.63438,0.22917,0.66875,0.33889,0.67422,0.27917,0.66719,0.25000,0.65547,0.24028,0.68750,0.35833,0.69063,0.30972,0.68437,0.28194,0.67344,0.26806,0.59123,0.77632,0.9995,0.72520,0.93187,0.9184,0.65730,0.48634,0.9969,0.64957,0.39055,0.64922,0.49167,104.14,0.9892,live,0.2673,0.1148,68.57,597.50
147835.655429,60.0,0.2220,4,2,0,0.65469,0.55694,0.62422,0.53194,0.61016,0.47639,0.61250,0.42361,0.61875,0.38056,0.63359,0.40417,0.63281,0.34722,0.62578,0.32917,0.61797,0.33056,0.65391,0.39861,0.65391,0.33889,0.64687,0.32222,0.64062,0.33056,0.67266,0.40833,0.67656,0.34722,0.67109,0.33611,0.66406,0.35278,0.69219,0.42917,0.69453,0.38750,0.68828,0.37639,0.68047,0.38472,0.59124,0.77799,0.9995,0.71975,0.96683,0.9137,0.65939,0.58007,0.9969,0.65059,0.42383,0.65469,0.55694,102.04,0.9802,live,0.2376,0.1019,61.09,599.27
147835.722034,60.0,0.2886,4,2,0,0.66172,0.59167,0.63672,0.58194,0.61875,0.55278,0.61328,0.52500,0.61875,0.49583,0.63828,0.47917,0.63594,0.44306,0.62891,0.44028,0.62422,0.45417,0.66016,0.48056,0.66094,0.43611,0.65625,0.43889,0.65234,0.46667,0.67891,0.49861,0.68672,0.45972,0.67969,0.46389,0.67188,0.48750,0.69688,0.52917,0.70391,0.51667,0.69844,0.51806,0.69141,0.53194,0.59902,0.78318,0.9995,0.71984,1.00000,0.9119,0.66671,0.71246,0.9968,0.65282,0.45740,0.66172,0.59167,78.31,0.9370,live,0.2203,0.1416,82.65,583.74
147835.788697,60.0,0.3553,4,2,0,0.65469,0.80139,0.62656,0.76389,0.61016,0.70972,0.60859,0.66944,0.62109,0.63333,0.63750,0.62222,0.63672,0.55556,0.62734,0.56667,0.62344,0.60278,0.66016,0.62917,0.66875,0.55000,0.65469,0.56250,0.64687,0.59861,0.68047,0.65139,0.69297,0.58056,0.67656,0.59306,0.66641,0.62639,0.70000,0.68472,0.70937,0.63611,0.69609,0.64306,0.68516,0.66944,0.60703,0.78682,0.9995,0.72953,1.00000,0.9080,0.66856,0.78250,0.9962,0.65319,0.52619,0.65469,0.80139,112.23,0.9901,live,0.2203,0.2210,131.37,594.50
147835.855355,60.0,0.4220,4,2,0,0.65547,0.86528,0.62813,0.83750,0.61094,0.79028,0.61328,0.75417,0.62422,0.71667,0.63828,0.69306,0.63828,0.63194,0.63125,0.65278,0.62813,0.68750,0.66328,0.70417,0.67188,0.62917,0.66172,0.65694,0.65469,0.69722,0.68516,0.73056,0.69844,0.66667,0.68516,0.69306,0.67500,0.72917,0.70625,0.76944,0.71641,0.72361,0.70312,0.74028,0.69063,0.76667,0.60885,0.79869,0.9995,0.72289,1.00000,0.9022,0.67445,0.86863,0.9955,0.65365,0.59401,0.65547,0.86528,110.02,0.9958,live,0.2344,0.2989,180.02,602.37
147835.921959,60.0,0.4886,4,2,0,0.66016,0.90278,0.63125,0.87917,0.61250,0.83056,0.61172,0.79861,0.62500,0.76250,0.64219,0.73611,0.64375,0.67639,0.63359,0.69306,0.62656,0.72917,0.66719,0.74722,0.67656,0.66806,0.66328,0.70000,0.65234,0.74028,0.68984,0.77222,0.70312,0.70278,0.68906,0.73333,0.67656,0.77361,0.70937,0.81111,0.72031,0.76667,0.70781,0.78472,0.69375,0.81250,0.61253,0.80836,0.9995,0.72338,1.00000,0.8976,0.67952,0.91945,0.9946,0.65495,0.65576,0.66016,0.90278,106.83,0.9974,live,0.2588,0.3699,224.52,607.01
147835.989382,60.0,0.5560,4,2,0,0.66016,0.89861,0.63281,0.86944,0.61484,0.82361,0.61562,0.79167,0.62969,0.75833,0.64531,0.72778,0.64609,0.67083,0.63672,0.68333,0.62969,0.71806,0.66953,0.73611,0.67812,0.66389,0.66563,0.69028,0.65547,0.73056,0.69141,0.76111,0.70469,0.69583,0.69063,0.72083,0.67891,0.75833,0.71172,0.80000,0.72344,0.75694,0.71172,0.77222,0.69922,0.79861,0.61366,0.81024,0.9995,0.71226,1.00000,0.8893,0.68039,0.91021,0.9935,0.65599,0.70433,0.66016,0.89861,109.66,0.9948,live,0.2872,0.4163,255.26,613.12
147836.055523,60.0,0.6221,4,2,0,0.66172,0.86667,0.63516,0.83611,0.61797,0.78889,0.61875,0.75278,0.63359,0.71806,0.64609,0.69306,0.64922,0.63472,0.64062,0.64306,0.63516,0.67500,0.67109,0.70278,0.67969,0.62917,0.66797,0.64722,0.65859,0.68611,0.69297,0.72639,0.70625,0.65972,0.69297,0.67778,0.68125,0.71250,0.71328,0.76528,0.72422,0.72083,0.71172,0.73056,0.69766,0.75556,0.61333,0.80978,0.9994,0.71356,1.00000,0.8841,0.68158,0.87979,0.9931,0.65714,0.73680,0.66172,0.86667,111.03,0.9979,live,0.3132,0.4321,267.68,619.49
147836.122351,60.0,0.6890,4,2,0,0.66328,0.82778,0.63672,0.79306,0.62031,0.74306,0.62031,0.70417,0.63203,0.66528,0.64531,0.65278,0.64531,0.59444,0.64141,0.59167,0.63828,0.61806,0.66875,0.65972,0.67734,0.58889,0.66953,0.59167,0.66094,0.62500,0.69063,0.68333,0.70391,0.61667,0.69219,0.62361,0.68125,0.65694,0.70937,0.72083,0.72344,0.67222,0.71250,0.67500,0.69922,0.70139,0.61104,0.80948,0.9995,0.72644,1.00000,0.8842,0.68142,0.86060,0.9929,0.65837,0.75500,0.66328,0.82778,110.45,0.9975,live,0.3325,0.4204,262.64,624.68
147836.188896,60.0,0.7555,4,2,0,0.66016,0.78472,0.63359,0.74583,0.61797,0.69167,0.61953,0.65139,0.63047,0.61389,0.65000,0.60694,0.65078,0.55833,0.63984,0.54722,0.62969,0.55556,0.67188,0.61111,0.68125,0.54583,0.66719,0.54167,0.65469,0.56667,0.69141,0.63333,0.70547,0.56806,0.68984,0.56806,0.67734,0.59444,0.70859,0.67083,0.72031,0.61944,0.70781,0.61806,0.69531,0.64167,0.60781,0.80938,0.9995,0.73147,1.00000,0.8831,0.68068,0.81133,0.9929,0.65872,0.76094,0.66016,0.78472,111.33,0.9963,live,0.3421,0.3857,242.94,629.88
147836.256161,60.0,0.8228,4,2,0,0.65703,0.74444,0.62969,0.70417,0.61562,0.64722,0.61719,0.60417,0.62500,0.56250,0.64922,0.56250,0.65000,0.51250,0.63906,0.49861,0.62656,0.50417,0.67031,0.56528,0.67891,0.50139,0.66563,0.49028,0.65078,0.51111,0.68906,0.58611,0.70234,0.52361,0.68906,0.51389,0.67578,0.53333,0.70469,0.62222,0.71641,0.57361,0.70625,0.56250,0.69297,0.57500,0.60476,0.80812,0.9995,0.73155,1.00000,0.8855,0.67721,0.75511,0.9928,0.65839,0.75764,0.65703,0.74444,112.89,0.9951,live,0.3421,0.3441,218.68,635.58
147836.322295,60.0,0.8889,4,2,0,0.65469,0.71389,0.62734,0.67083,0.61406,0.60833,0.61406,0.55972,0.62266,0.51944,0.64687,0.53194,0.64766,0.48056,0.63594,0.46250,0.62344,0.46111,0.66719,0.53472,0.67422,0.46806,0.66094,0.45278,0.64531,0.46528,0.68516,0.55417,0.69844,0.48750,0.68594,0.47361,0.67109,0.48889,0.70078,0.58750,0.71250,0.53472,0.70156,0.51944,0.68672,0.52639,0.59957,0.80253,0.9995,0.71662,1.00000,0.8904,0.67039,0.71270,0.9933,0.65765,0.74889,0.65469,0.71389,112.39,0.9949,live,0.3281,0.2642,169.17,640.23
147836.389166,60.0,0.9558,4,2,0,0.64922,0.69167,0.62266,0.64722,0.61016,0.58472,0.61016,0.53472,0.61953,0.49028,0.64297,0.50972,0.64219,0.46111,0.63125,0.44167,0.61953,0.43611,0.66250,0.51250,0.66875,0.44444,0.65547,0.42917,0.64062,0.43889,0.67969,0.53056,0.69297,0.46250,0.67891,0.45000,0.66406,0.46389,0.69609,0.56250,0.70625,0.50694,0.69375,0.49444,0.67734,0.50417,0.59956,0.80269,0.9996,0.71784,1.00000,0.8903,0.66822,0.70434,0.9933,0.65596,0.73745,0.64922,0.69167,112.48,0.9942,live,0.3027,0.1868,120.37,644.39
147836.455958,60.0,0.0226,4,3,0,0.64062,0.69306,0.61484,0.64861,0.60156,0.58333,0.60078,0.53472,0.60938,0.48889,0.63281,0.51250,0.63516,0.45833,0.62266,0.43750,0.60938,0.43472,0.65234,0.51389,0.66094,0.44167,0.64453,0.42639,0.62734,0.44028,0.67031,0.53194,0.68359,0.46111,0.66719,0.45000,0.65078,0.46389,0.68672,0.56528,0.69688,0.50972,0.68281,0.49722,0.66641,0.50833,0.59696,0.80097,0.9996,0.70715,1.00000,0.8917,0.66279,0.68906,0.9936,0.65289,0.72857,0.64062,0.69306,112.08,0.9937,live,0.2693,0.1175,76.09,647.76
147836.522189,60.0,0.0888,4,3,0,0.62969,0.70972,0.60234,0.66111,0.58828,0.59861,0.58672,0.55278,0.59375,0.51111,0.61875,0.52639,0.62187,0.46944,0.60703,0.45417,0.59141,0.45556,0.63828,0.53056,0.64531,0.45833,0.62734,0.44861,0.61172,0.46250,0.65625,0.54861,0.66797,0.47778,0.65000,0.46944,0.63516,0.48472,0.67266,0.57917,0.68125,0.52222,0.66719,0.51111,0.65234,0.52361,0.59619,0.79858,0.9996,0.70105,1.00000,0.8935,0.64171,0.68143,0.9936,0.64825,0.72480,0.62969,0.70972,112.47,0.9894,live,0.2327,0.0659,42.90,651.01
147836.589038,60.0,0.1557,4,3,0,0.61250,0.73750,0.58516,0.69444,0.56953,0.63333,0.56875,0.58750,0.57266,0.54444,0.59844,0.55417,0.60391,0.49167,0.58594,0.48333,0.57031,0.49306,0.61797,0.55972,0.62656,0.48333,0.60547,0.48472,0.59062,0.50556,0.63594,0.57778,0.64844,0.50694,0.62578,0.51111,0.61016,0.53472,0.65391,0.60972,0.66016,0.55417,0.64297,0.55417,0.62891,0.57361,0.59518,0.79406,0.9996,0.69880,1.00000,0.8916,0.63170,0.68790,0.9934,0.64110,0.72734,0.61250,0.73750,112.27,0.9907,live,0.2036,0.0713,46.58,653.72
147836.656041,60.0,0.2227,4,3,0,0.59062,0.77639,0.56406,0.73750,0.54453,0.67778,0.53984,0.63333,0.54688,0.59167,0.57344,0.59306,0.57422,0.52639,0.55312,0.52778,0.53594,0.54167,0.59297,0.60278,0.59766,0.52361,0.57188,0.53333,0.55469,0.55972,0.61094,0.62500,0.61953,0.55278,0.59609,0.56389,0.57891,0.58611,0.62891,0.65972,0.63438,0.60417,0.61641,0.60556,0.60078,0.62222,0.59650,0.79427,0.9996,0.68714,1.00000,0.8875,0.60764,0.70947,0.9931,0.63101,0.73715,0.59062,0.77639,110.45,0.9949,live,0.1791,0.0672,44.00,654.80
147836.722661,60.0,0.2893,4,3,0,0.56953,0.81667,0.53984,0.77639,0.51562,0.72500,0.50547,0.68472,0.50703,0.64583,0.54219,0.63750,0.53672,0.57500,0.51172,0.58333,0.49375,0.60278,0.56250,0.64722,0.56016,0.56944,0.52891,0.58611,0.51016,0.61667,0.58203,0.67083,0.58516,0.59861,0.55625,0.61806,0.53906,0.64722,0.60000,0.70556,0.59766,0.65556,0.57500,0.66667,0.55859,0.68889,0.57879,0.79503,0.9996,0.67599,1.00000,0.8900,0.58115,0.77109,0.9931,0.61871,0.75305,0.56953,0.81667,108.44,0.9971,live,0.1627,0.0878,57.45,654.30
147836.789124,60.0,0.3557,4,3,0,0.54766,0.84722,0.51250,0.80833,0.48672,0.76111,0.47578,0.72639,0.46953,0.69028,0.51094,0.66667,0.49844,0.61667,0.47344,0.62917,0.45312,0.64861,0.53203,0.67361,0.52031,0.60972,0.48984,0.63056,0.47109,0.66250,0.55156,0.69722,0.54375,0.64028,0.51406,0.66250,0.49531,0.69028,0.56953,0.73472,0.55937,0.69861,0.53438,0.71250,0.51641,0.73194,0.57891,0.77508,0.9996,0.67685,1.00000,0.8984,0.55150,0.78291,0.9935,0.60450,0.77189,0.54766,0.84722,110.03,0.9988,live,0.1545,0.1173,76.85,655.00
147836.855823,60.0,0.4224,4,3,0,0.52891,0.85972,0.48281,0.82083,0.45391,0.77361,0.43594,0.74028,0.42109,0.70833,0.48984,0.66250,0.46172,0.63889,0.43438,0.65833,0.41328,0.68472,0.50938,0.67222,0.47891,0.63750,0.44453,0.66389,0.42422,0.69583,0.52656,0.70278,0.50234,0.66806,0.47031,0.69167,0.45078,0.71944,0.53828,0.75000,0.51797,0.72778,0.49219,0.74167,0.47500,0.75972,0.57988,0.75840,0.9996,0.67445,1.00000,0.9038,0.53170,0.81471,0.9937,0.58938,0.78945,0.52891,0.85972,114.03,0.9994,live,0.1545,0.1516,99.84,658.51
147836.922739,60.0,0.4894,4,3,0,0.50625,0.85694,0.45625,0.82500,0.42188,0.77917,0.40156,0.74583,0.38594,0.71667,0.45625,0.66944,0.42344,0.64722,0.39531,0.66528,0.37344,0.68889,0.47500,0.67500,0.43672,0.63889,0.40313,0.66944,0.38438,0.70139,0.48984,0.70139,0.45859,0.66667,0.42500,0.69722,0.40547,0.72778,0.50000,0.74444,0.47422,0.72500,0.44766,0.74167,0.42891,0.75972,0.58351,0.76141,0.9996,0.67565,1.00000,0.9083,0.50291,0.84181,0.9935,0.57276,0.80295,0.50625,0.85694,111.39,0.9995,live,0.1596,0.1826,120.45,659.69
147836.991010,60.0,0.5576,4,3,0,0.47969,0.84306,0.42891,0.81806,0.39375,0.77361,0.37188,0.74444,0.35703,0.71667,0.42344,0.65833,0.38906,0.64167,0.35938,0.65694,0.33594,0.68056,0.44141,0.66250,0.39766,0.63611,0.36406,0.66111,0.34297,0.68889,0.45547,0.68750,0.41719,0.65694,0.38594,0.68333,0.36562,0.70972,0.46563,0.72778,0.43281,0.71250,0.40703,0.72917,0.38906,0.74861,0.58331,0.77320,0.9996,0.66198,1.00000,0.9102,0.47249,0.82959,0.9928,0.55414,0.81097,0.47969,0.84306,112.17,0.9990,live,0.1692,0.2129,140.81,661.29
147837.056445,60.0,0.6231,4,3,0,0.46172,0.81806,0.41016,0.79583,0.37422,0.75139,0.35156,0.72361,0.33594,0.69444,0.40391,0.64167,0.36875,0.61667,0.33750,0.63056,0.31406,0.65556,0.41953,0.64583,0.37422,0.61250,0.33906,0.63889,0.31875,0.66667,0.43203,0.66944,0.39219,0.63472,0.35859,0.66111,0.33906,0.68889,0.44062,0.71111,0.40625,0.68889,0.38047,0.70556,0.36250,0.72361,0.58313,0.77535,0.9996,0.64781,1.00000,0.9109,0.44654,0.79733,0.9926,0.53566,0.81239,0.46172,0.81806,108.11,0.9980,live,0.1816,0.2384,157.32,659.78
147837.122890,60.0,0.6895,4,3,0,0.44609,0.80278,0.39531,0.77778,0.36094,0.73056,0.33750,0.69722,0.31719,0.66944,0.39453,0.62500,0.35703,0.59306,0.32656,0.60694,0.30469,0.63194,0.40859,0.63056,0.36406,0.59028,0.32891,0.61528,0.30938,0.64444,0.41953,0.65139,0.37734,0.61389,0.34297,0.63889,0.32344,0.66667,0.42500,0.69028,0.38906,0.66528,0.36250,0.68056,0.34453,0.69861,0.58018,0.77683,0.9993,0.63939,0.99810,0.9058,0.42836,0.78094,0.9876,0.51774,0.81047,0.44609,0.80278,105.86,0.9967,live,0.1953,0.2578,169.36,656.82
147837.189616,60.0,0.7562,4,3,0,0.44453,0.79028,0.39297,0.76528,0.35781,0.71528,0.33516,0.68194,0.31719,0.65694,0.39062,0.61111,0.35391,0.57639,0.32188,0.58889,0.29844,0.61111,0.40391,0.61806,0.35859,0.57361,0.32344,0.60000,0.30469,0.63194,0.41328,0.63889,0.37266,0.59861,0.33906,0.62222,0.31953,0.65139,0.41797,0.67361,0.38125,0.64583,0.35547,0.65694,0.33828,0.67222,0.57674,0.77727,0.9988,0.62438,0.99510,0.9008,0.42818,0.75826,0.9848,0.50310,0.80643,0.44453,0.79028,107.10,0.9981,live,0.2076,0.2632,172.45,655.11
147837.256870,60.0,0.8235,4,3,0,0.44219,0.77917,0.39141,0.75139,0.35703,0.70139,0.33359,0.66389,0.31250,0.63472,0.38906,0.59722,0.35469,0.56111,0.32500,0.56944,0.30156,0.58889,0.40234,0.60000,0.35859,0.55972,0.32344,0.58472,0.30391,0.61389,0.41328,0.61944,0.37344,0.58194,0.33828,0.60694,0.31797,0.63333,0.41797,0.65278,0.38359,0.62639,0.35625,0.63889,0.33750,0.65278,0.57385,0.77477,0.9985,0.60874,0.98712,0.8978,0.42322,0.73510,0.9816,0.49092,0.80098,0.44219,0.77917,109.23,0.9969,live,0.2167,0.2581,169.06,655.15
147837.323032,60.0,0.8896,4,3,0,0.45234,0.77083,0.40234,0.74028,0.36797,0.69167,0.34375,0.65833,0.32344,0.62500,0.39766,0.59583,0.36406,0.55694,0.33437,0.56111,0.31172,0.57639,0.41172,0.59722,0.36875,0.54861,0.33437,0.56806,0.31328,0.59306,0.42266,0.61250,0.38281,0.56667,0.34844,0.58750,0.32656,0.61250,0.42812,0.64306,0.39531,0.61111,0.36875,0.62083,0.34922,0.63611,0.57402,0.77614,0.9985,0.61537,0.99083,0.8977,0.43194,0.73177,0.9821,0.48320,0.79495,0.45234,0.77083,107.09,0.9959,live,0.2212,0.2417,157.97,653.63
147837.389748,60.0,0.9564,4,3,0,0.46875,0.76806,0.41875,0.73194,0.38672,0.68333,0.36406,0.64722,0.34766,0.61667,0.42188,0.58472,0.38750,0.54861,0.35703,0.55278,0.33203,0.56667,0.43516,0.58750,0.39219,0.53889,0.35781,0.55833,0.33750,0.58333,0.44453,0.60417,0.40547,0.56111,0.37031,0.57917,0.34922,0.60278,0.44844,0.63750,0.41797,0.60556,0.39062,0.61250,0.37188,0.62500,0.57354,0.77573,0.9985,0.61644,0.99156,0.8936,0.43422,0.71367,0.9825,0.48031,0.78957,0.46875,0.76806,107.61,0.9959,live,0.2212,0.2154,140.58,652.68
147837.456230,60.0,0.0228,4,4,0,0.49141,0.77639,0.44375,0.73472,0.41328,0.68333,0.39453,0.64722,0.38047,0.61250,0.44688,0.59028,0.41953,0.54583,0.38906,0.55000,0.36484,0.56528,0.46250,0.59861,0.43203,0.53750,0.39687,0.55694,0.37656,0.58611,0.47422,0.61944,0.44688,0.56389,0.40937,0.58056,0.38906,0.60417,0.48203,0.65278,0.45625,0.60972,0.42891,0.61667,0.41172,0.63194,0.57646,0.78208,0.9985,0.62718,1.00000,0.8952,0.47408,0.71625,0.9835,0.48253,0.78693,0.49141,0.77639,108.08,0.9974,live,0.2144,0.1836,119.74,652.17
147837.523062,60.0,0.0897,4,4,0,0.51719,0.78472,0.47734,0.74167,0.44844,0.69028,0.43125,0.65278,0.42422,0.61389,0.47422,0.59722,0.46016,0.54444,0.43281,0.54861,0.41094,0.56667,0.49219,0.60417,0.47578,0.54167,0.44141,0.55556,0.42031,0.58056,0.50781,0.62500,0.49531,0.56528,0.46172,0.58056,0.44062,0.60556,0.52109,0.65972,0.50625,0.61667,0.48125,0.62361,0.46406,0.63889,0.57766,0.78991,0.9986,0.63744,1.00000,0.9004,0.50632,0.71660,0.9850,0.48946,0.78649,0.51719,0.78472,111.20,0.9970,live,0.2023,0.1473,96.32,653.97
147837.589672,60.0,0.1563,4,4,0,0.55391,0.80278,0.51953,0.75694,0.49609,0.70278,0.48438,0.66111,0.47969,0.62083,0.51797,0.61667,0.51719,0.55278,0.49375,0.55694,0.47344,0.57639,0.53594,0.62361,0.53438,0.55278,0.50625,0.56667,0.48906,0.59167,0.55312,0.64167,0.55156,0.57917,0.52266,0.59444,0.50547,0.61944,0.56875,0.67361,0.56094,0.63056,0.53750,0.63750,0.52187,0.65278,0.57767,0.79461,0.9987,0.67784,1.00000,0.9053,0.55289,0.73072,0.9862,0.50235,0.78975,0.55391,0.80278,111.12,0.9921,live,0.1924,0.1469,96.32,655.50
147837.656269,60.0,0.2229,4,4,0,0.60156,0.81806,0.56875,0.76806,0.55000,0.71111,0.54453,0.66806,0.54609,0.63333,0.57266,0.63750,0.57734,0.57222,0.55859,0.57361,0.54141,0.59167,0.59219,0.64583,0.59922,0.56806,0.57578,0.57222,0.56016,0.59306,0.61094,0.66528,0.62109,0.59306,0.59922,0.60278,0.58437,0.62639,0.62813,0.69583,0.63359,0.64722,0.62031,0.64861,0.60938,0.66111,0.59308,0.79852,0.9988,0.69073,1.00000,0.9088,0.60939,0.76232,0.9871,0.52219,0.79541,0.60156,0.81806,109.14,0.9932,live,0.1778,0.1118,73.25,655.43
147837.722987,60.0,0.2896,4,4,0,0.66094,0.82778,0.62891,0.78611,0.60938,0.73194,0.61250,0.68472,0.62734,0.64861,0.62266,0.65278,0.62969,0.59167,0.63594,0.58056,0.64219,0.59861,0.64062,0.65417,0.64844,0.59444,0.65078,0.58750,0.65234,0.60417,0.65859,0.66806,0.66641,0.62083,0.66797,0.62639,0.66875,0.65000,0.67656,0.69306,0.68437,0.65417,0.68672,0.65139,0.68828,0.66111,0.59971,0.79856,0.9989,0.73501,1.00000,0.8986,0.67966,0.79279,0.9867,0.54994,0.80188,0.66094,0.82778,109.19,0.9167,live,0.1706,0.1377,90.27,655.39
147837.789632,60.0,0.3562,4,4,0,0.71094,0.82639,0.68906,0.78750,0.68125,0.72083,0.69141,0.66528,0.71094,0.62917,0.71484,0.64722,0.73438,0.58750,0.72422,0.58611,0.71250,0.60833,0.73672,0.65972,0.75859,0.59028,0.74219,0.59306,0.72734,0.62083,0.75469,0.68611,0.77812,0.62639,0.76328,0.63194,0.74844,0.65972,0.77187,0.72500,0.79219,0.68611,0.78125,0.67917,0.76641,0.69167,0.60677,0.81024,0.9990,0.74240,1.00000,0.8984,0.72319,0.82418,0.9872,0.58214,0.80678,0.71094,0.82639,113.10,0.9962,live,0.1758,0.1993,131.16,658.17
147837.856563,60.0,0.4232,4,4,0,0.74141,0.83611,0.72266,0.78472,0.71484,0.73056,0.72891,0.69306,0.74922,0.66806,0.75078,0.64722,0.76250,0.59861,0.76797,0.59028,0.76797,0.61389,0.77812,0.65694,0.79688,0.59583,0.80078,0.59306,0.79453,0.62361,0.79922,0.68333,0.82344,0.63611,0.82578,0.63333,0.81563,0.65833,0.81406,0.72500,0.83828,0.70139,0.83750,0.69306,0.82578,0.70556,0.60570,0.81009,0.9991,0.73563,1.00000,0.8952,0.76182,0.81384,0.9876,0.61399,0.81265,0.74141,0.83611,123.74,0.9627,live,0.1905,0.2576,172.15,668.29
147837.922909,60.0,0.4895,4,4,0,0.77109,0.82778,0.75234,0.77500,0.75000,0.71667,0.76875,0.67917,0.78984,0.65000,0.78594,0.64583,0.79844,0.59722,0.80859,0.59167,0.81172,0.61528,0.81250,0.65972,0.83359,0.59444,0.84141,0.59583,0.83672,0.62778,0.83281,0.68889,0.85859,0.63611,0.86328,0.63611,0.85391,0.66389,0.84688,0.73056,0.87187,0.69861,0.87500,0.69583,0.86562,0.71389,0.60501,0.80987,0.9991,0.74061,1.00000,0.8957,0.78490,0.81317,0.9882,0.64541,0.81568,0.77109,0.82778,120.78,0.9745,live,0.2128,0.3146,212.37,675.05
147837.991803,60.0,0.5584,4,4,0,0.78672,0.82222,0.77031,0.76806,0.77031,0.70972,0.79063,0.66944,0.81406,0.64028,0.80781,0.64167,0.82188,0.59167,0.83047,0.58611,0.83125,0.61111,0.83359,0.65556,0.85703,0.59167,0.86328,0.59028,0.85547,0.62222,0.85313,0.68472,0.87969,0.63611,0.88359,0.63056,0.87031,0.65694,0.86719,0.72500,0.89687,0.69444,0.90078,0.68333,0.88672,0.69861,0.60484,0.80850,0.9992,0.73628,1.00000,0.8965,0.79690,0.80868,0.9886,0.67368,0.81698,0.78672,0.82222,122.08,0.9686,live,0.2394,0.3602,245.65,681.94
147838.056804,60.0,0.6234,4,4,0,0.79766,0.81944,0.78281,0.76667,0.78203,0.71250,0.80156,0.67500,0.82578,0.64167,0.81875,0.63889,0.83203,0.59444,0.84141,0.58889,0.84531,0.60972,0.84531,0.65417,0.86875,0.59167,0.87500,0.59306,0.87031,0.62222,0.86484,0.68194,0.88984,0.63194,0.89609,0.62778,0.88594,0.65694,0.87891,0.72222,0.90391,0.68750,0.91016,0.67778,0.90156,0.69444,0.60592,0.81102,0.9993,0.73710,1.00000,0.8979,0.80525,0.80757,0.9890,0.69847,0.81748,0.79766,0.81944,122.37,0.9680,live,0.2665,0.3901,268.46,688.21
147838.123067,60.0,0.6897,4,4,0,0.80234,0.81667,0.78750,0.76389,0.79141,0.70694,0.81328,0.67222,0.83672,0.64306,0.82812,0.63750,0.84375,0.59306,0.85391,0.58750,0.85703,0.60833,0.85391,0.65417,0.87734,0.59167,0.88594,0.59306,0.88203,0.62083,0.87266,0.68056,0.89844,0.63194,0.90703,0.62639,0.89766,0.65417,0.88594,0.72083,0.91016,0.68750,0.91953,0.67639,0.91328,0.69028,0.60741,0.81487,0.9993,0.74490,1.00000,0.8968,0.81291,0.79673,0.9895,0.71925,0.81731,0.80234,0.81667,122.52,0.9758,live,0.2907,0.4012,278.34,693.84
147838.189926,60.0,0.7565,4,4,0,0.80391,0.81389,0.79063,0.76111,0.79531,0.70417,0.81797,0.66944,0.84141,0.64167,0.83203,0.63472,0.84453,0.59167,0.85547,0.58333,0.86016,0.60139,0.85781,0.65139,0.87969,0.59167,0.88984,0.58750,0.88828,0.61250,0.87578,0.67778,0.90078,0.63056,0.91016,0.62222,0.90391,0.64583,0.88828,0.71806,0.90938,0.68750,0.92031,0.67361,0.91875,0.68056,0.60850,0.81653,0.9994,0.74491,1.00000,0.8996,0.81492,0.79759,0.9901,0.73618,0.81663,0.80391,0.81389,122.91,0.9690,live,0.3090,0.3925,274.36,699.08
147838.256657,60.0,0.8233,4,4,0,0.80312,0.80972,0.78828,0.75556,0.79375,0.69861,0.81641,0.66111,0.83828,0.63333,0.83047,0.62778,0.84219,0.58611,0.85391,0.57639,0.86250,0.59028,0.85625,0.64306,0.87422,0.58889,0.88594,0.58056,0.88828,0.59861,0.87422,0.67083,0.89609,0.62639,0.90547,0.61667,0.90391,0.63472,0.88750,0.70972,0.90703,0.68056,0.91719,0.66667,0.91875,0.66944,0.60894,0.81691,0.9994,0.74480,1.00000,0.8975,0.81544,0.79421,0.9905,0.74957,0.81525,0.80312,0.80972,124.30,0.9629,live,0.3188,0.3630,255.77,704.68
147838.323492,60.0,0.8901,4,4,0,0.79844,0.79583,0.78516,0.73889,0.78828,0.68194,0.80937,0.64028,0.82969,0.61111,0.82266,0.61528,0.83594,0.57083,0.84766,0.55972,0.85391,0.57222,0.84844,0.62778,0.86641,0.57361,0.87734,0.56111,0.87891,0.57639,0.86719,0.65278,0.88750,0.60972,0.89687,0.59722,0.89375,0.61528,0.88125,0.68889,0.90000,0.65694,0.91016,0.64167,0.91016,0.64583,0.60906,0.81627,0.9994,0.74294,1.00000,0.8958,0.81306,0.77043,0.9910,0.75934,0.81137,0.79844,0.79583,123.35,0.9677,live,0.3188,0.3201,226.95,708.93
147838.390155,60.0,0.9568,4,4,0,0.78828,0.76389,0.77266,0.71111,0.77500,0.65417,0.79375,0.61389,0.81172,0.57639,0.80625,0.58194,0.81875,0.53889,0.83125,0.52917,0.83906,0.54167,0.83047,0.59444,0.84844,0.54028,0.85781,0.53333,0.86016,0.54583,0.84922,0.61944,0.86953,0.57222,0.87734,0.56250,0.87422,0.58194,0.86328,0.65556,0.88281,0.61667,0.89062,0.60000,0.88906,0.60556,0.60898,0.81273,0.9995,0.73882,1.00000,0.8957,0.81093,0.74436,0.9915,0.76513,0.80187,0.78828,0.76389,120.08,0.9722,live,0.3105,0.2728,193.78,710.31
147838.456832,60.0,0.0234,4,1,1,0.76875,0.73056,0.75313,0.67917,0.75313,0.62361,0.76562,0.57917,0.77969,0.53750,0.78203,0.54167,0.79219,0.49583,0.79922,0.48611,0.80391,0.50000,0.80625,0.55417,0.82031,0.49583,0.82500,0.49028,0.82344,0.50139,0.82500,0.57639,0.84141,0.52778,0.84453,0.51389,0.83828,0.53611,0.83984,0.61250,0.85469,0.56944,0.85859,0.54583,0.85391,0.54861,0.60896,0.81250,0.9995,0.73686,1.00000,0.8963,0.79411,0.72439,0.9920,0.76585,0.78761,0.76875,0.73056,121.81,0.9801,live,0.2939,0.2184,155.65,712.78
147838.523501,60.0,0.0901,4,1,1,0.74609,0.69583,0.72344,0.63472,0.72266,0.56250,0.73828,0.50694,0.74844,0.45694,0.75313,0.50139,0.76094,0.45000,0.76094,0.43194,0.75781,0.43611,0.77422,0.51111,0.78672,0.45417,0.78516,0.43194,0.77734,0.43472,0.79141,0.53194,0.80703,0.48194,0.80391,0.45556,0.79453,0.45833,0.80625,0.56389,0.81797,0.52222,0.81641,0.49167,0.80937,0.48056,0.60790,0.81159,0.9995,0.73736,1.00000,0.8958,0.77688,0.68671,0.9924,0.76190,0.76925,0.74609,0.69583,120.48,0.9673,live,0.2720,0.1723,122.99,713.99
147838.589984,60.0,0.1566,4,1,1,0.71875,0.64028,0.69531,0.57361,0.68906,0.50833,0.69844,0.45833,0.70937,0.41667,0.71719,0.44583,0.71953,0.39583,0.71562,0.37083,0.70859,0.35833,0.73594,0.45139,0.74453,0.39722,0.73984,0.36944,0.72891,0.35417,0.75234,0.46806,0.76172,0.41667,0.75703,0.38750,0.74766,0.37361,0.76641,0.49722,0.77344,0.45278,0.76953,0.42500,0.76250,0.40556,0.60727,0.80924,0.9995,0.74088,0.98498,0.8983,0.73617,0.62148,0.9929,0.75327,0.74346,0.71875,0.64028,117.64,0.9632,live,0.2557,0.1816,129.47,713.01
147838.657006,60.0,0.2236,4,1,1,0.69609,0.58056,0.66406,0.50972,0.65312,0.44583,0.66016,0.38750,0.66797,0.33889,0.67891,0.39167,0.67734,0.34167,0.67109,0.31250,0.66250,0.28472,0.69844,0.39167,0.69766,0.33750,0.69063,0.30556,0.67969,0.27917,0.71484,0.40278,0.71797,0.35000,0.71094,0.31806,0.70078,0.29583,0.73281,0.42639,0.73516,0.38056,0.73047,0.35000,0.72188,0.32500,0.60515,0.80239,0.9995,0.74452,0.95276,0.8977,0.71071,0.55480,0.9932,0.74184,0.71088,0.69609,0.58056,116.93,0.9616,live,0.2343,0.1365,97.12,711.64
147838.723591,60.0,0.2902,4,1,1,0.67422,0.52083,0.63828,0.44722,0.62734,0.38750,0.62969,0.33194,0.63438,0.28750,0.65156,0.33333,0.64687,0.28750,0.63984,0.25556,0.63438,0.22222,0.66875,0.33056,0.66641,0.27778,0.65859,0.24444,0.65000,0.20694,0.68516,0.33889,0.68516,0.28750,0.67891,0.25278,0.66953,0.22639,0.70312,0.36111,0.70312,0.31111,0.69766,0.27917,0.69063,0.25139,0.60250,0.79542,0.9996,0.74426,0.89824,0.9001,0.68248,0.48132,0.9935,0.72831,0.67287,0.67422,0.52083,116.26,0.9581,live,0.2210,0.1607,114.12,709.95
147838.790221,60.0,0.3568,4,1,1,0.65938,0.45972,0.62187,0.38889,0.61016,0.32500,0.61172,0.26667,0.61797,0.21944,0.63125,0.28056,0.62734,0.23194,0.62109,0.20000,0.61484,0.16528,0.64922,0.27361,0.64531,0.22361,0.63906,0.18611,0.63047,0.15139,0.66563,0.27917,0.66484,0.22917,0.65938,0.19444,0.65078,0.16667,0.68359,0.29444,0.68281,0.24722,0.67891,0.21806,0.67266,0.19028,0.60113,0.79084,0.9996,0.74309,0.86232,0.8994,0.66999,0.44036,0.9936,0.71452,0.63024,0.65938,0.45972,114.82,0.9686,live,0.2210,0.2100,148.53,707.42
147838.856978,60.0,0.4236,4,1,1,0.65312,0.40278,0.61406,0.34167,0.60156,0.28194,0.60234,0.22500,0.60859,0.17917,0.61953,0.23472,0.61484,0.18750,0.60859,0.15833,0.60156,0.12639,0.63594,0.22500,0.63203,0.17361,0.62500,0.14167,0.61562,0.10972,0.65156,0.22778,0.65000,0.17500,0.64297,0.14444,0.63359,0.12083,0.66953,0.24028,0.66719,0.19167,0.66094,0.16250,0.65312,0.13750,0.60084,0.78540,0.9996,0.74072,0.81640,0.8993,0.66150,0.39896,0.9939,0.70224,0.58475,0.65312,0.40278,110.32,0.9490,live,0.2280,0.2598,182.35,701.96
147838.923371,60.0,0.4900,4,1,1,0.64609,0.35556,0.60859,0.31111,0.59688,0.24861,0.59844,0.19167,0.60313,0.15278,0.61406,0.20139,0.60938,0.15417,0.60313,0.12639,0.59609,0.09861,0.63125,0.19306,0.62734,0.14167,0.62031,0.11250,0.61016,0.08333,0.64687,0.19444,0.64453,0.14444,0.63828,0.11389,0.62891,0.09028,0.66406,0.20417,0.66094,0.15972,0.65547,0.13333,0.64687,0.10833,0.59873,0.78056,0.9996,0.73136,0.75898,0.9014,0.65475,0.35492,0.9942,0.69101,0.53891,0.64609,0.35556,103.07,0.9636,live,0.2438,0.3155,218.31,691.94
147838.990401,60.0,0.5570,4,1,1,0.64375,0.32778,0.60859,0.28750,0.59766,0.22917,0.59844,0.17778,0.60391,0.13889,0.61406,0.18611,0.61016,0.14028,0.60313,0.11528,0.59531,0.09028,0.62969,0.17639,0.62578,0.12778,0.61797,0.10000,0.60781,0.07222,0.64375,0.17639,0.64219,0.12639,0.63516,0.09861,0.62656,0.07778,0.66094,0.18333,0.65859,0.14028,0.65234,0.11389,0.64375,0.09028,0.59430,0.77648,0.9996,0.73144,0.75353,0.9032,0.65762,0.34624,0.9946,0.68156,0.49668,0.64375,0.32778,96.41,0.9779,live,0.2624,0.3474,235.62,678.33
147839.057346,60.0,0.6240,4,1,1,0.64531,0.32083,0.61172,0.27778,0.60156,0.22222,0.60313,0.17083,0.60859,0.13333,0.61719,0.18333,0.61250,0.14028,0.60547,0.11528,0.59766,0.09028,0.63203,0.17500,0.62734,0.12639,0.62031,0.09861,0.60938,0.07222,0.64609,0.17500,0.64297,0.12361,0.63516,0.09583,0.62578,0.07500,0.66250,0.18194,0.65781,0.13611,0.65078,0.10972,0.64219,0.08750,0.59364,0.77286,0.9996,0.73163,0.75262,0.9062,0.65887,0.33767,0.9949,0.67431,0.46151,0.64531,0.32083,93.03,0.9714,live,0.2825,0.3740,248.32,663.91
147839.124075,60.0,0.6907,4,1,1,0.64766,0.31806,0.61484,0.27639,0.60547,0.22083,0.60859,0.17083,0.61484,0.13333,0.62031,0.18611,0.61562,0.14306,0.60859,0.11806,0.60078,0.09444,0.63516,0.17778,0.63047,0.12917,0.62266,0.10139,0.61172,0.07917,0.64844,0.17778,0.64453,0.12778,0.63672,0.09861,0.62656,0.07778,0.66406,0.18194,0.65781,0.13889,0.65078,0.11111,0.64219,0.08750,0.59347,0.77240,0.9995,0.73170,0.74912,0.9091,0.66043,0.33788,0.9951,0.66898,0.43282,0.64766,0.31806,89.95,0.9634,live,0.3005,0.3826,248.32,649.00
147839.190815,60.0,0.7574,4,1,1,0.65156,0.32361,0.62031,0.28333,0.61172,0.22917,0.61406,0.18056,0.62031,0.14444,0.62578,0.19167,0.62109,0.15000,0.61406,0.12500,0.60625,0.10139,0.64062,0.18333,0.63594,0.13611,0.62813,0.10833,0.61797,0.08472,0.65391,0.18472,0.65000,0.13472,0.64219,0.10556,0.63281,0.08472,0.66953,0.19028,0.66406,0.14583,0.65703,0.11806,0.64844,0.09583,0.59358,0.77261,0.9995,0.73267,0.74746,0.9125,0.66152,0.33869,0.9954,0.66550,0.41098,0.65156,0.32361,89.31,0.9659,live,0.3136,0.3730,237.01,635.43
147839.257119,60.0,0.8237,4,1,1,0.65781,0.34028,0.62578,0.29722,0.61641,0.24028,0.61953,0.19028,0.62578,0.15417,0.63281,0.20694,0.62734,0.16250,0.62031,0.13611,0.61250,0.11111,0.64766,0.19722,0.64297,0.14861,0.63516,0.11944,0.62500,0.09583,0.66172,0.19722,0.65781,0.14861,0.65000,0.11806,0.64062,0.09722,0.67656,0.20278,0.67266,0.15972,0.66563,0.13194,0.65625,0.10972,0.59386,0.77361,0.9995,0.73341,0.74804,0.9140,0.66194,0.34522,0.9955,0.66396,0.39684,0.65781,0.34028,90.74,0.9594,live,0.3191,0.3445,215.13,624.51
147839.323675,60.0,0.8903,4,1,1,0.66016,0.36667,0.62813,0.32222,0.62109,0.26250,0.62578,0.21111,0.63281,0.17500,0.64062,0.22361,0.63516,0.17778,0.62813,0.15278,0.61875,0.12778,0.65625,0.21528,0.65156,0.16667,0.64297,0.13750,0.63125,0.11389,0.67031,0.21806,0.66719,0.16667,0.65859,0.13750,0.64687,0.11667,0.68516,0.22500,0.68125,0.18056,0.67344,0.15278,0.66406,0.13056,0.59520,0.77363,0.9995,0.73400,0.76717,0.9156,0.66670,0.36318,0.9956,0.66320,0.39080,0.66016,0.36667,94.75,0.9591,live,0.3191,0.2986,184.49,617.79
147839.390382,60.0,0.9570,4,1,1,0.66406,0.40556,0.63281,0.36111,0.62422,0.29722,0.62813,0.24444,0.63516,0.20417,0.64297,0.25556,0.63828,0.20833,0.63047,0.18194,0.62109,0.15833,0.65859,0.24861,0.65391,0.20000,0.64453,0.17083,0.63281,0.14722,0.67266,0.25278,0.67031,0.20139,0.66172,0.17222,0.65078,0.15139,0.68906,0.26389,0.68672,0.21806,0.68047,0.19028,0.67031,0.16806,0.59542,0.77491,0.9995,0.73587,0.81850,0.9149,0.67028,0.40232,0.9957,0.66337,0.39375,0.66406,0.40556,97.69,0.9761,live,0.3052,0.2416,148.31,613.99
147839.457151,60.0,0.0238,4,2,0,0.66406,0.45972,0.63438,0.41667,0.62578,0.35139,0.62891,0.29861,0.63594,0.25694,0.64766,0.30000,0.64219,0.25000,0.63359,0.22222,0.62266,0.20556,0.66484,0.29583,0.66094,0.23889,0.65156,0.20972,0.63750,0.19722,0.67969,0.30278,0.67969,0.24444,0.67031,0.21667,0.65781,0.20556,0.69609,0.31806,0.69453,0.26944,0.68672,0.24167,0.67500,0.22361,0.59501,0.77594,0.9996,0.73673,0.88277,0.9154,0.67435,0.44413,0.9959,0.66351,0.40695,0.66406,0.45972,102.05,0.9857,live,0.2832,0.1832,112.42,613.79
147839.523963,60.0,0.0906,4,2,0,0.66875,0.52361,0.63750,0.48333,0.62656,0.42083,0.63047,0.36806,0.64219,0.32639,0.64844,0.36250,0.64531,0.30694,0.63828,0.28194,0.62813,0.26944,0.66641,0.36111,0.66484,0.30278,0.65703,0.27778,0.64453,0.26806,0.68359,0.37222,0.68437,0.31667,0.67734,0.28750,0.66641,0.27917,0.70234,0.39167,0.70156,0.34861,0.69609,0.32083,0.68672,0.30556,0.59527,0.78087,0.9996,0.73676,0.93823,0.9159,0.67615,0.50669,0.9960,0.66456,0.43028,0.66875,0.52361,103.08,0.9866,live,0.2556,0.1298,79.77,614.35
147839.590854,60.0,0.1575,4,2,0,0.67031,0.59167,0.64297,0.56528,0.63281,0.50556,0.64062,0.45278,0.64766,0.41111,0.65078,0.43750,0.65078,0.38194,0.64375,0.36250,0.63594,0.36667,0.67109,0.43750,0.67344,0.37500,0.66563,0.35833,0.65625,0.37083,0.68984,0.45000,0.69453,0.39167,0.68594,0.37639,0.67500,0.38750,0.70781,0.47361,0.70937,0.42917,0.70156,0.40833,0.69063,0.40694,0.59590,0.78617,0.9996,0.73321,1.00000,0.9151,0.67630,0.60191,0.9962,0.66571,0.46256,0.67031,0.59167,99.97,0.9884,live,0.2253,0.0875,53.58,612.61
147839.657803,60.0,0.2244,4,2,0,0.67188,0.73194,0.64219,0.68889,0.63281,0.61806,0.64687,0.56528,0.66094,0.52500,0.65469,0.55139,0.65469,0.49861,0.64687,0.48056,0.63984,0.48194,0.67812,0.55278,0.68594,0.48194,0.67578,0.47917,0.66563,0.50278,0.69766,0.56944,0.70781,0.50278,0.69375,0.51111,0.68203,0.53750,0.71484,0.60139,0.71484,0.55278,0.70234,0.55833,0.69297,0.57917,0.59931,0.79636,0.9996,0.73407,1.00000,0.9105,0.69080,0.74304,0.9960,0.66694,0.51644,0.67188,0.73194,113.75,0.9897,live,0.2111,0.1461,90.76,621.00
147839.724214,60.0,0.2908,4,2,0,0.66953,0.80139,0.64453,0.77222,0.63359,0.72083,0.64375,0.68056,0.65781,0.64861,0.65391,0.63472,0.65547,0.57778,0.65078,0.58472,0.64687,0.61389,0.67656,0.64306,0.68672,0.57222,0.67656,0.58750,0.66875,0.62500,0.69688,0.66806,0.70781,0.60833,0.69297,0.62917,0.68281,0.66250,0.71484,0.70556,0.72109,0.66667,0.70781,0.67917,0.69688,0.70278,0.60287,0.79988,0.9996,0.72718,1.00000,0.9002,0.69242,0.82614,0.9953,0.66746,0.57343,0.66953,0.80139,104.84,0.9933,live,0.2111,0.2116,131.60,621.96
147839.790989,60.0,0.3576,4,2,0,0.66719,0.86389,0.64687,0.84722,0.63203,0.80972,0.63672,0.77917,0.65469,0.75694,0.65547,0.71528,0.65781,0.66389,0.64922,0.67361,0.64375,0.70278,0.67969,0.72778,0.69219,0.66250,0.67812,0.68750,0.66719,0.72778,0.70000,0.75833,0.71406,0.70278,0.69844,0.72778,0.68594,0.76111,0.71797,0.80000,0.72578,0.76528,0.71328,0.77917,0.70078,0.80000,0.60350,0.80424,0.9996,0.70611,1.00000,0.8911,0.69205,0.89214,0.9948,0.66741,0.63152,0.66719,0.86389,96.89,0.9934,live,0.2237,0.2810,173.40,617.09
147839.857670,60.0,0.4243,4,2,0,0.66953,0.92083,0.64609,0.90278,0.63203,0.85556,0.63984,0.82500,0.66094,0.80139,0.65859,0.76667,0.66484,0.70972,0.65469,0.71250,0.64375,0.74167,0.68281,0.78194,0.69609,0.71250,0.68203,0.73333,0.66797,0.77222,0.70312,0.81111,0.71797,0.75417,0.70156,0.77500,0.68672,0.80833,0.72031,0.85278,0.72969,0.81389,0.71719,0.82361,0.70234,0.84583,0.60348,0.81000,0.9995,0.68952,1.00000,0.8799,0.68846,0.93564,0.9937,0.66783,0.68938,0.66953,0.92083,98.78,0.9990,live,0.2464,0.3502,215.06,614.16
147839.924152,60.0,0.4908,4,2,0,0.66641,0.93194,0.64375,0.90139,0.63125,0.85278,0.64297,0.82222,0.66328,0.80139,0.65781,0.76250,0.66563,0.70833,0.65547,0.70000,0.64375,0.72222,0.68203,0.77917,0.69531,0.71528,0.67891,0.72917,0.66484,0.76389,0.70234,0.80972,0.71641,0.75278,0.69766,0.76806,0.68125,0.79722,0.71875,0.85417,0.72656,0.81528,0.71172,0.82222,0.69688,0.84167,0.60145,0.81618,0.9995,0.68400,1.00000,0.8690,0.68521,0.92918,0.9927,0.66755,0.73789,0.66641,0.93194,105.95,0.9988,live,0.2744,0.4019,247.85,616.75
147839.991010,60.0,0.5576,4,2,0,0.66641,0.91250,0.64375,0.87917,0.63203,0.83056,0.64141,0.79583,0.65938,0.76667,0.65469,0.73889,0.66094,0.68472,0.65312,0.67083,0.64219,0.68889,0.67891,0.75278,0.69297,0.68889,0.67969,0.69722,0.66406,0.72917,0.69922,0.78333,0.71328,0.72500,0.69844,0.73611,0.68281,0.76389,0.71562,0.82639,0.72344,0.78750,0.71094,0.78750,0.69766,0.80278,0.60006,0.81582,0.9995,0.68532,1.00000,0.8590,0.68217,0.91065,0.9919,0.66732,0.77282,0.66641,0.91250,107.67,0.9988,live,0.3015,0.4248,263.48,620.25
147840.058920,60.0,0.6255,4,2,0,0.66406,0.87639,0.63984,0.83750,0.63047,0.78472,0.64062,0.74861,0.65547,0.71528,0.65234,0.70000,0.65859,0.64444,0.65078,0.62917,0.63984,0.64444,0.67656,0.71111,0.68828,0.64722,0.67578,0.64861,0.66094,0.67917,0.69688,0.73889,0.70937,0.67917,0.69375,0.68472,0.67891,0.71250,0.71406,0.78056,0.72109,0.73889,0.70859,0.73611,0.69453,0.75000,0.59953,0.81521,0.9995,0.68736,1.00000,0.8648,0.67892,0.89417,0.9923,0.66667,0.79353,0.66406,0.87639,110.02,0.9981,live,0.3225,0.4185,261.57,625.04
147840.124441,60.0,0.6911,4,2,0,0.66094,0.83333,0.63750,0.78889,0.62969,0.73194,0.63828,0.69306,0.65078,0.65556,0.65156,0.65139,0.65781,0.59583,0.64844,0.57639,0.63594,0.58194,0.67422,0.66250,0.68672,0.59583,0.67344,0.58750,0.65781,0.61111,0.69297,0.69028,0.70703,0.62639,0.69219,0.61944,0.67734,0.64028,0.70859,0.73194,0.71875,0.68472,0.70781,0.66944,0.69375,0.67639,0.59734,0.80781,0.9995,0.69767,1.00000,0.8665,0.67906,0.83234,0.9922,0.66552,0.80149,0.66094,0.83333,111.02,0.9966,live,0.3342,0.3874,244.05,629.97
147840.191373,60.0,0.7580,4,2,0,0.66016,0.78889,0.63594,0.73750,0.62813,0.67778,0.63516,0.63611,0.64609,0.59306,0.65391,0.60000,0.65703,0.54444,0.64375,0.52222,0.62734,0.51806,0.67422,0.60833,0.68359,0.54167,0.66797,0.52500,0.64922,0.53472,0.69063,0.63472,0.70469,0.56944,0.68906,0.55417,0.67188,0.56389,0.70469,0.67500,0.71484,0.62500,0.70391,0.60417,0.68984,0.60139,0.59612,0.80630,0.9995,0.72140,1.00000,0.8714,0.67910,0.78227,0.9925,0.66445,0.79897,0.66016,0.78889,112.96,0.9949,live,0.3342,0.3229,205.29,635.70
147840.257859,60.0,0.8245,4,2,0,0.65547,0.74167,0.63125,0.69028,0.62344,0.62778,0.63047,0.58194,0.63906,0.53750,0.64844,0.55278,0.65000,0.49583,0.63750,0.47222,0.62266,0.46944,0.66797,0.55694,0.67812,0.49028,0.66406,0.47222,0.64687,0.48056,0.68516,0.57778,0.69844,0.51111,0.68359,0.49722,0.66797,0.50972,0.70000,0.60972,0.70937,0.55833,0.69844,0.54167,0.68359,0.54583,0.59473,0.80374,0.9996,0.71984,1.00000,0.8748,0.67550,0.72005,0.9928,0.66265,0.78751,0.65547,0.74167,114.69,0.9913,live,0.3201,0.2560,164.34,641.99
147840.324296,60.0,0.8909,4,2,0,0.64922,0.70833,0.62344,0.65556,0.61641,0.59028,0.62266,0.54306,0.63281,0.50000,0.64297,0.52083,0.64375,0.46250,0.62969,0.44028,0.61406,0.43889,0.66172,0.52500,0.66953,0.45278,0.65234,0.43750,0.63438,0.44861,0.67969,0.54444,0.69219,0.47500,0.67656,0.46111,0.65938,0.47361,0.69453,0.57639,0.70234,0.52361,0.69141,0.50417,0.67656,0.50694,0.59466,0.80049,0.9996,0.71294,1.00000,0.8780,0.67129,0.68938,0.9930,0.65997,0.77167,0.64922,0.70833,114.17,0.9928,live,0.2967,0.1897,122.79,647.16
147840.391353,60.0,0.9580,4,2,0,0.64219,0.69583,0.61641,0.64722,0.60859,0.58194,0.61406,0.53472,0.62187,0.48889,0.63359,0.51111,0.63516,0.45000,0.62031,0.43194,0.60313,0.43056,0.65312,0.51528,0.66094,0.44167,0.64141,0.42778,0.62187,0.43889,0.67031,0.53472,0.68203,0.46389,0.66406,0.45000,0.64609,0.45833,0.68594,0.56528,0.69297,0.51111,0.68047,0.49444,0.66484,0.49861,0.59079,0.80026,0.9996,0.70798,1.00000,0.8849,0.66157,0.68390,0.9935,0.65641,0.75651,0.64219,0.69583,112.79,0.9926,live,0.2660,0.1261,82.03,650.70
147840.457813,60.0,0.0244,4,3,0,0.63438,0.70694,0.60859,0.65833,0.60000,0.59028,0.60391,0.54167,0.61094,0.49444,0.62656,0.51944,0.62813,0.45833,0.61172,0.43889,0.59453,0.43750,0.64531,0.52500,0.65156,0.44861,0.63125,0.43194,0.61172,0.44306,0.66172,0.54306,0.67188,0.46806,0.65156,0.45556,0.63359,0.46667,0.67656,0.57222,0.68047,0.51250,0.66563,0.49722,0.65078,0.50278,0.59032,0.79893,0.9996,0.70791,1.00000,0.8892,0.65993,0.69001,0.9937,0.65200,0.74659,0.63438,0.70694,113.14,0.9917,live,0.2318,0.0763,49.92,654.08
147840.524041,60.0,0.0907,4,3,0,0.62422,0.72500,0.59844,0.67500,0.58750,0.60972,0.59141,0.56250,0.59844,0.51667,0.61562,0.54028,0.61797,0.47500,0.59922,0.45972,0.58047,0.46389,0.63359,0.54583,0.64141,0.46806,0.61953,0.45833,0.60156,0.47222,0.65000,0.56528,0.66094,0.49167,0.63984,0.48194,0.62187,0.49444,0.66484,0.59583,0.67188,0.53889,0.65625,0.52639,0.63984,0.53194,0.58700,0.79639,0.9996,0.69650,1.00000,0.8862,0.64047,0.68757,0.9937,0.64645,0.74228,0.62422,0.72500,111.05,0.9887,live,0.2047,0.0811,53.16,655.55
147840.591176,60.0,0.1578,4,3,0,0.60703,0.75556,0.58203,0.71111,0.57109,0.64444,0.57422,0.59722,0.57812,0.55278,0.59766,0.57083,0.60313,0.50278,0.58203,0.49306,0.56328,0.49861,0.61641,0.57778,0.62500,0.49583,0.59922,0.49306,0.58125,0.51389,0.63203,0.59861,0.64297,0.52222,0.61719,0.52361,0.60000,0.54444,0.64766,0.63056,0.65391,0.56944,0.63516,0.56528,0.61875,0.58056,0.58858,0.79982,0.9996,0.69685,1.00000,0.8862,0.62470,0.69544,0.9937,0.63856,0.74493,0.60703,0.75556,110.79,0.9915,live,0.1831,0.0850,55.78,656.65
147840.658174,60.0,0.2248,4,3,0,0.58594,0.78611,0.55937,0.74167,0.54688,0.67778,0.54609,0.63194,0.54766,0.58889,0.57422,0.60139,0.57500,0.53194,0.55000,0.53056,0.52969,0.54306,0.59219,0.61111,0.59453,0.52778,0.56406,0.53472,0.54531,0.55972,0.60938,0.63333,0.61562,0.55694,0.58750,0.56806,0.56953,0.59028,0.62578,0.66806,0.63047,0.60972,0.61016,0.60972,0.59375,0.62361,0.59570,0.80132,0.9996,0.68843,1.00000,0.8854,0.59845,0.72271,0.9937,0.62804,0.75317,0.58594,0.78611,110.21,0.9939,live,0.1681,0.0993,65.29,657.20
147840.724225,60.0,0.2908,4,3,0,0.56484,0.81944,0.53516,0.77500,0.51719,0.71667,0.51172,0.67361,0.51016,0.63472,0.53984,0.63056,0.53438,0.56806,0.50781,0.56806,0.48672,0.58056,0.55859,0.64028,0.55547,0.56250,0.52344,0.57361,0.50313,0.59722,0.57578,0.66250,0.57812,0.59167,0.54766,0.60694,0.52812,0.63194,0.59141,0.69861,0.59062,0.64583,0.56797,0.65139,0.55078,0.66944,0.58290,0.79857,0.9996,0.67018,1.00000,0.8933,0.57170,0.75149,0.9941,0.61540,0.76642,0.56484,0.81944,111.14,0.9970,live,0.1589,0.1170,77.03,658.36
147840.791268,60.0,0.3579,4,3,0,0.53750,0.83889,0.50156,0.79306,0.48047,0.73611,0.47109,0.69861,0.46719,0.66667,0.51172,0.63472,0.49531,0.59028,0.46641,0.60556,0.44609,0.63056,0.52969,0.64722,0.51484,0.58750,0.47891,0.60556,0.45859,0.63611,0.54531,0.67500,0.53672,0.61806,0.50156,0.63333,0.48047,0.65972,0.55703,0.71667,0.54453,0.67500,0.51797,0.68056,0.49922,0.69583,0.58338,0.79388,0.9996,0.67430,1.00000,0.8985,0.54050,0.78085,0.9944,0.59982,0.78092,0.53750,0.83889,115.81,0.9991,live,0.1589,0.1392,92.25,662.74
147840.857962,60.0,0.4246,4,3,0,0.51250,0.84306,0.47109,0.80278,0.44219,0.75417,0.42656,0.72222,0.42109,0.69722,0.47969,0.63889,0.45078,0.60139,0.42109,0.61528,0.40000,0.63889,0.49766,0.64861,0.46172,0.60278,0.42578,0.62222,0.40547,0.64861,0.51016,0.67917,0.48125,0.63472,0.44609,0.65278,0.42500,0.67778,0.51719,0.72361,0.49531,0.68889,0.46797,0.69722,0.44922,0.71389,0.59023,0.79417,0.9996,0.65140,1.00000,0.8980,0.51169,0.79335,0.9941,0.58236,0.79334,0.51250,0.84306,114.50,0.9991,live,0.1589,0.1591,105.93,665.65
147840.924361,60.0,0.4910,4,3,0,0.48750,0.84028,0.43516,0.80000,0.40469,0.74583,0.38828,0.70972,0.37891,0.68194,0.43828,0.64444,0.40547,0.61528,0.37500,0.62917,0.35234,0.64861,0.45625,0.65000,0.41719,0.60556,0.38125,0.62778,0.36172,0.65694,0.46875,0.67361,0.43438,0.63194,0.39922,0.65556,0.37891,0.68333,0.47578,0.71528,0.44609,0.69167,0.41797,0.70417,0.39844,0.72361,0.58260,0.78752,0.9995,0.63076,1.00000,0.8998,0.47001,0.79717,0.9935,0.56338,0.80273,0.48750,0.84028,114.61,0.9989,live,0.1644,0.1897,126.78,668.29
147840.991658,60.0,0.5583,4,3,0,0.46016,0.82639,0.40859,0.79306,0.37812,0.74167,0.36094,0.70833,0.34766,0.68056,0.41094,0.63333,0.37656,0.60556,0.34375,0.61667,0.31875,0.63611,0.42656,0.64167,0.38359,0.60417,0.34766,0.62778,0.32656,0.65556,0.43750,0.66667,0.40000,0.62917,0.36641,0.65000,0.34609,0.67639,0.44297,0.70833,0.41094,0.68333,0.38516,0.69306,0.36719,0.70694,0.57928,0.78766,0.9994,0.61600,1.00000,0.9018,0.44968,0.79340,0.9927,0.54274,0.80746,0.46016,0.82639,112.00,0.9981,live,0.1745,0.2206,147.52,668.73
147841.058696,60.0,0.6253,4,3,0,0.44531,0.80833,0.39141,0.77639,0.35938,0.72361,0.34063,0.68750,0.32266,0.66111,0.39375,0.62222,0.35625,0.59306,0.32500,0.60833,0.30156,0.63056,0.40781,0.62917,0.36406,0.59306,0.32656,0.61806,0.30625,0.64722,0.41875,0.65417,0.37812,0.61944,0.34297,0.64167,0.32344,0.66528,0.42422,0.69306,0.39141,0.66806,0.36484,0.67917,0.34609,0.69306,0.57701,0.78650,0.9993,0.61139,1.00000,0.8992,0.42980,0.78960,0.9914,0.52325,0.80764,0.44531,0.80833,109.62,0.9974,live,0.1875,0.2466,164.56,667.41
147841.126382,60.0,0.6930,4,3,0,0.43750,0.79861,0.38516,0.76667,0.35391,0.71528,0.33516,0.68056,0.31875,0.65556,0.38516,0.61944,0.34922,0.58194,0.31797,0.59306,0.29609,0.61528,0.39844,0.62500,0.35625,0.58056,0.32031,0.60278,0.30156,0.63056,0.40781,0.64583,0.36875,0.60417,0.33437,0.62500,0.31484,0.65139,0.41172,0.68194,0.37812,0.65139,0.35156,0.66250,0.33359,0.67778,0.57571,0.78598,0.9991,0.60173,1.00000,0.8970,0.41606,0.76393,0.9866,0.50610,0.80583,0.43750,0.79861,106.66,0.9956,live,0.2013,0.2642,175.46,664.12
147841.191761,60.0,0.7584,4,3,0,0.43516,0.78750,0.38438,0.75833,0.35391,0.70694,0.33594,0.67222,0.31953,0.64722,0.38359,0.60972,0.34922,0.57083,0.31797,0.58056,0.29531,0.60139,0.39687,0.61528,0.35547,0.56806,0.31875,0.59028,0.29844,0.61667,0.40625,0.63472,0.36719,0.58889,0.33125,0.60972,0.31016,0.63472,0.41094,0.66806,0.37500,0.63611,0.34766,0.64722,0.33047,0.66250,0.57404,0.77869,0.9987,0.59769,0.99696,0.8882,0.41130,0.74164,0.9809,0.49191,0.80217,0.43516,0.78750,105.86,0.9973,live,0.2137,0.2703,178.60,660.64
147841.258353,60.0,0.8250,4,3,0,0.43594,0.77917,0.38672,0.74722,0.35547,0.69444,0.33594,0.65556,0.31719,0.62639,0.38672,0.59861,0.35391,0.55833,0.32266,0.56528,0.30000,0.58194,0.40000,0.60139,0.35938,0.55556,0.32266,0.57778,0.30156,0.60556,0.40937,0.61944,0.37266,0.57639,0.33750,0.59722,0.31719,0.62222,0.41406,0.65139,0.38281,0.62222,0.35547,0.63194,0.33750,0.64583,0.57441,0.78729,0.9986,0.59651,0.99690,0.8869,0.41757,0.73125,0.9811,0.48072,0.79757,0.43594,0.77917,107.08,0.9966,live,0.2231,0.2657,174.93,658.46
147841.324729,60.0,0.8913,4,3,0,0.44453,0.77361,0.39766,0.74306,0.36562,0.68889,0.34531,0.65000,0.32656,0.61667,0.39453,0.59444,0.36406,0.55278,0.33437,0.55694,0.31172,0.57222,0.40859,0.59444,0.36797,0.54583,0.33359,0.56389,0.31328,0.58750,0.41953,0.61111,0.38203,0.56528,0.34766,0.58333,0.32656,0.60556,0.42500,0.64306,0.39453,0.60972,0.36797,0.61667,0.34844,0.63056,0.57180,0.77943,0.9980,0.59819,0.99144,0.8846,0.41879,0.71987,0.9769,0.47348,0.79277,0.44453,0.77361,107.66,0.9964,live,0.2231,0.2479,162.85,656.96
147841.391431,60.0,0.9580,4,3,0,0.45781,0.76944,0.41250,0.73194,0.38359,0.67778,0.36484,0.63889,0.34844,0.60694,0.41406,0.58472,0.38594,0.53750,0.35469,0.54444,0.33203,0.56250,0.42812,0.58750,0.39141,0.53472,0.35625,0.55278,0.33672,0.57778,0.43750,0.60417,0.40234,0.55278,0.36719,0.56944,0.34687,0.59306,0.44219,0.63472,0.41328,0.60000,0.38672,0.60694,0.36797,0.62222,0.57163,0.77348,0.9979,0.59959,0.98458,0.8830,0.42907,0.71270,0.9779,0.47035,0.78811,0.45781,0.76944,107.67,0.9945,live,0.2231,0.2197,144.06,655.64
147841.458353,60.0,0.0250,4,4,0,0.47344,0.76806,0.43047,0.72500,0.40313,0.66944,0.38672,0.63056,0.37344,0.59583,0.43672,0.57639,0.40781,0.53333,0.37656,0.53889,0.35078,0.55556,0.45078,0.58194,0.41719,0.52778,0.38281,0.54306,0.36172,0.56389,0.46172,0.60139,0.43203,0.54861,0.39687,0.56389,0.37656,0.58333,0.46641,0.63611,0.44219,0.59722,0.41563,0.60139,0.39687,0.61250,0.57170,0.77375,0.9980,0.60001,0.98546,0.8841,0.45659,0.69981,0.9789,0.47097,0.78410,0.47344,0.76806,108.92,0.9973,live,0.2160,0.1835,120.29,655.39
147841.524718,60.0,0.0913,4,4,0,0.49922,0.76806,0.46172,0.73056,0.43672,0.67361,0.42188,0.63194,0.41016,0.59861,0.46172,0.58056,0.44453,0.52778,0.41563,0.53194,0.39141,0.55139,0.47734,0.58333,0.45469,0.52222,0.42031,0.53611,0.39922,0.55972,0.49141,0.60278,0.47187,0.54583,0.43750,0.56250,0.41719,0.58611,0.50234,0.63611,0.48281,0.59583,0.45781,0.60139,0.44141,0.61389,0.57065,0.77558,0.9981,0.63061,1.00000,0.8897,0.49595,0.70435,0.9807,0.47662,0.78089,0.49922,0.76806,109.97,0.9963,live,0.2031,0.1443,94.64,655.92
147841.591880,60.0,0.1585,4,4,0,0.53203,0.78056,0.49844,0.73472,0.47656,0.68194,0.46484,0.64167,0.45391,0.60417,0.49453,0.60417,0.49062,0.53750,0.46563,0.54028,0.44688,0.55972,0.51094,0.60833,0.50703,0.53056,0.47578,0.54167,0.45781,0.56528,0.52656,0.62500,0.52656,0.55278,0.49531,0.56250,0.47578,0.58333,0.54219,0.65278,0.53594,0.60278,0.51172,0.60556,0.49375,0.61944,0.57347,0.78542,0.9982,0.65193,1.00000,0.8941,0.53109,0.71453,0.9821,0.48770,0.78082,0.53203,0.78056,106.48,0.9943,live,0.1859,0.1077,70.42,653.88
147841.658467,60.0,0.2251,4,4,0,0.57031,0.79583,0.53828,0.74722,0.51953,0.68750,0.51484,0.64306,0.51406,0.60417,0.54297,0.60833,0.53828,0.55139,0.51406,0.55139,0.49141,0.56667,0.56172,0.61528,0.56094,0.54306,0.53203,0.54861,0.51094,0.56944,0.57969,0.63750,0.58437,0.56944,0.55625,0.57639,0.53828,0.59722,0.59766,0.67222,0.59766,0.61944,0.57578,0.62222,0.55937,0.63611,0.59293,0.80291,0.9984,0.68543,1.00000,0.8964,0.57513,0.73673,0.9835,0.50422,0.78382,0.57031,0.79583,112.33,0.9957,live,0.1717,0.1073,70.42,656.29
147841.725097,60.0,0.2917,4,4,0,0.61719,0.81250,0.58750,0.76111,0.57188,0.70139,0.57500,0.65694,0.58984,0.62361,0.60078,0.62639,0.60859,0.56111,0.59062,0.55417,0.57344,0.56944,0.62031,0.63472,0.63203,0.55833,0.60938,0.55833,0.59219,0.58194,0.63828,0.65694,0.65156,0.58750,0.63047,0.58889,0.61484,0.61250,0.65547,0.69167,0.66484,0.64167,0.65000,0.63611,0.63672,0.64861,0.59940,0.80469,0.9985,0.70057,1.00000,0.8955,0.62905,0.75345,0.9846,0.52681,0.78956,0.61719,0.81250,111.97,0.9924,live,0.1612,0.1132,74.49,658.15
147841.791645,60.0,0.3583,4,4,0,0.66953,0.83194,0.64219,0.77917,0.63125,0.71806,0.63828,0.66528,0.65234,0.62222,0.65391,0.64028,0.66328,0.58194,0.65469,0.57222,0.64531,0.58472,0.67266,0.64444,0.68125,0.58750,0.67109,0.58194,0.66016,0.59444,0.69063,0.66111,0.70156,0.61250,0.69141,0.61389,0.68047,0.63194,0.70781,0.69028,0.71562,0.65417,0.71016,0.65278,0.70234,0.66250,0.60077,0.80686,0.9985,0.71695,1.00000,0.8925,0.68803,0.80038,0.9854,0.55536,0.79804,0.66953,0.83194,116.37,0.9810,live,0.1612,0.1658,109.89,662.96
147841.858899,60.0,0.4255,4,4,0,0.72031,0.83194,0.70078,0.79444,0.69297,0.73472,0.70625,0.69028,0.72813,0.66389,0.72031,0.65417,0.72578,0.60278,0.72813,0.59444,0.72813,0.61528,0.74687,0.66250,0.76562,0.59306,0.76016,0.59306,0.74922,0.62222,0.76797,0.68750,0.78984,0.63056,0.78125,0.63333,0.76875,0.66528,0.78516,0.72639,0.80391,0.68194,0.79609,0.68056,0.78125,0.70278,0.59989,0.81358,0.9987,0.71283,1.00000,0.8888,0.73059,0.80384,0.9861,0.58835,0.80482,0.72031,0.83194,116.28,0.9952,live,0.1732,0.2279,152.03,667.13
147841.925125,60.0,0.4917,4,4,0,0.74922,0.84722,0.73281,0.79306,0.73125,0.73611,0.75000,0.70000,0.77344,0.67500,0.75781,0.66250,0.76719,0.61111,0.77500,0.60556,0.77891,0.62778,0.78438,0.67222,0.80312,0.60833,0.81094,0.60833,0.80937,0.63889,0.80547,0.69722,0.82812,0.64583,0.83359,0.64167,0.82656,0.66667,0.82188,0.73611,0.84375,0.70278,0.84688,0.69167,0.83828,0.70139,0.60147,0.81301,0.9987,0.71139,1.00000,0.8859,0.76701,0.80372,0.9868,0.62052,0.81330,0.74922,0.84722,121.89,0.9487,live,0.1937,0.2869,193.64,674.83
147841.992064,60.0,0.5587,4,4,0,0.77500,0.85139,0.75938,0.79861,0.75859,0.74306,0.77891,0.70556,0.80156,0.67778,0.78594,0.66944,0.79609,0.62083,0.80625,0.61528,0.81328,0.63750,0.81328,0.68056,0.83359,0.61528,0.84141,0.61528,0.83984,0.64306,0.83516,0.70694,0.85859,0.65694,0.86562,0.65139,0.85859,0.67778,0.85078,0.74583,0.87344,0.71250,0.87813,0.70278,0.87031,0.71667,0.60202,0.81264,0.9989,0.73628,1.00000,0.8843,0.78470,0.80605,0.9876,0.65142,0.82092,0.77500,0.85139,121.74,0.9744,live,0.2203,0.3416,232.78,681.50
147842.058758,60.0,0.6254,4,4,0,0.79453,0.84444,0.78047,0.79306,0.78203,0.73611,0.80469,0.70278,0.82969,0.67222,0.80703,0.66389,0.81719,0.61806,0.82891,0.61250,0.83359,0.63750,0.83437,0.67639,0.85469,0.61111,0.86328,0.61389,0.86172,0.64444,0.85469,0.70278,0.87891,0.65000,0.88750,0.64861,0.88047,0.67639,0.87031,0.74028,0.89531,0.70417,0.90234,0.69583,0.89531,0.71250,0.60553,0.81235,0.9989,0.73258,1.00000,0.8834,0.80462,0.80518,0.9884,0.68004,0.82562,0.79453,0.84444,120.70,0.9701,live,0.2494,0.3821,262.37,686.63
147842.125250,60.0,0.6919,4,4,0,0.80547,0.83611,0.78984,0.79028,0.79141,0.73472,0.81406,0.69722,0.83906,0.66250,0.81563,0.65556,0.82656,0.60833,0.83906,0.60833,0.84453,0.63611,0.84375,0.66667,0.86328,0.60139,0.87422,0.60972,0.87344,0.64444,0.86484,0.69028,0.88594,0.63750,0.89687,0.63889,0.89219,0.67083,0.87969,0.72778,0.90312,0.69028,0.91250,0.68472,0.90781,0.70417,0.61222,0.81432,0.9990,0.74030,1.00000,0.8838,0.81041,0.80622,0.9891,0.70513,0.82772,0.80547,0.83611,120.53,0.9557,live,0.2776,0.4057,280.35,691.02
147842.192025,60.0,0.7586,4,4,0,0.81016,0.82361,0.79531,0.77500,0.79844,0.71944,0.82188,0.68056,0.84609,0.64722,0.82188,0.64306,0.83281,0.59444,0.84688,0.59028,0.85391,0.61528,0.84922,0.65139,0.86641,0.58750,0.87891,0.58889,0.88047,0.62361,0.86953,0.67500,0.89062,0.62222,0.90234,0.62083,0.90078,0.65000,0.88438,0.71250,0.90547,0.67639,0.91641,0.66806,0.91484,0.68194,0.61179,0.81406,0.9991,0.74024,1.00000,0.8810,0.81043,0.80562,0.9895,0.72613,0.82690,0.81016,0.82361,120.78,0.9574,live,0.3016,0.4112,285.80,695.05
147842.258735,60.0,0.8253,4,4,0,0.80859,0.80556,0.79453,0.75556,0.79844,0.69583,0.82188,0.65139,0.84609,0.61944,0.82188,0.62222,0.83047,0.57917,0.84219,0.56806,0.85000,0.58194,0.84766,0.63056,0.86172,0.57083,0.87344,0.56250,0.87578,0.58750,0.86797,0.65278,0.88594,0.60278,0.89687,0.59583,0.89609,0.61806,0.88359,0.68750,0.90312,0.65139,0.91328,0.64167,0.91250,0.65278,0.61169,0.81394,0.9992,0.74121,1.00000,0.8831,0.81311,0.78856,0.9901,0.74262,0.82263,0.80859,0.80556,122.20,0.9674,live,0.3187,0.3968,277.60,699.63
147842.325369,60.0,0.8920,4,4,0,0.80391,0.77639,0.79063,0.72917,0.79141,0.67222,0.80937,0.62639,0.83047,0.59028,0.81250,0.59306,0.82109,0.55139,0.83359,0.53889,0.84219,0.55000,0.83906,0.60139,0.85313,0.54028,0.86484,0.53194,0.86719,0.55417,0.86016,0.62361,0.87734,0.57361,0.88828,0.56111,0.88672,0.58056,0.87578,0.66111,0.89531,0.62361,0.90469,0.60833,0.90234,0.61389,0.61183,0.81124,0.9992,0.74224,1.00000,0.8846,0.80764,0.75329,0.9909,0.75488,0.81338,0.80391,0.77639,121.21,0.9584,live,0.3270,0.3646,256.28,702.94
147842.392132,60.0,0.9587,4,4,0,0.79609,0.73750,0.77812,0.69028,0.77812,0.62778,0.79688,0.58472,0.81641,0.55278,0.79766,0.55556,0.80625,0.51111,0.81797,0.50000,0.82500,0.50972,0.82266,0.56250,0.83672,0.50278,0.84766,0.49861,0.85078,0.51806,0.84453,0.58472,0.86172,0.52917,0.87109,0.52361,0.86953,0.54583,0.86172,0.61806,0.87813,0.57639,0.88516,0.56806,0.88281,0.58056,0.61173,0.81109,0.9993,0.74241,1.00000,0.8871,0.80412,0.72549,0.9916,0.76312,0.79821,0.79609,0.73750,118.82,0.9743,live,0.3270,0.3191,224.72,704.14
147842.459361,60.0,0.0260,4,1,1,0.77812,0.70000,0.76094,0.65139,0.75781,0.59028,0.77109,0.54167,0.78750,0.49722,0.77656,0.51667,0.78203,0.47222,0.78750,0.45972,0.79063,0.46528,0.80078,0.52361,0.81250,0.46806,0.81875,0.45972,0.81953,0.46806,0.82188,0.54444,0.83672,0.48889,0.84297,0.47639,0.83906,0.49444,0.83906,0.57778,0.85391,0.53194,0.85859,0.51528,0.85313,0.52222,0.61185,0.81188,0.9993,0.74495,1.00000,0.8905,0.79539,0.69011,0.9922,0.76612,0.77856,0.77812,0.70000,117.79,0.9651,live,0.3166,0.2693,189.70,704.46
147842.525320,60.0,0.0919,4,1,1,0.75313,0.65694,0.73594,0.60278,0.73438,0.53889,0.74375,0.48611,0.75469,0.44028,0.74922,0.46806,0.75234,0.42083,0.75703,0.40417,0.76016,0.40556,0.77344,0.47361,0.77969,0.41944,0.78359,0.40417,0.78438,0.40417,0.79375,0.49167,0.80312,0.44028,0.80547,0.42222,0.80391,0.43333,0.81328,0.52083,0.82344,0.47361,0.82500,0.45139,0.82188,0.45000,0.61183,0.81171,0.9994,0.74901,1.00000,0.8917,0.78266,0.63555,0.9928,0.76352,0.75424,0.75313,0.65694,121.41,0.9903,live,0.2993,0.2206,156.06,707.34
147842.592020,60.0,0.1586,4,1,1,0.73047,0.60833,0.70937,0.55000,0.70625,0.48333,0.71641,0.42639,0.72578,0.37778,0.72188,0.42500,0.72578,0.37361,0.72344,0.35000,0.71797,0.34306,0.74297,0.42917,0.75078,0.37361,0.74844,0.34861,0.74219,0.33611,0.76094,0.44306,0.77109,0.39167,0.77031,0.36389,0.76484,0.35556,0.77891,0.46944,0.78672,0.42361,0.78750,0.39583,0.78438,0.37778,0.61004,0.81033,0.9994,0.75393,0.98400,0.8948,0.75986,0.59281,0.9933,0.75691,0.72506,0.73047,0.60833,114.95,0.9874,live,0.2874,0.2331,164.38,705.22
147842.658957,60.0,0.2256,4,1,1,0.71250,0.55556,0.68516,0.49028,0.67891,0.42500,0.68828,0.36806,0.69375,0.31806,0.69688,0.37222,0.69609,0.32222,0.68906,0.29722,0.68125,0.28056,0.71641,0.36944,0.72031,0.31667,0.71484,0.28889,0.70625,0.27222,0.73359,0.37778,0.74062,0.32500,0.73594,0.29583,0.72656,0.28194,0.75156,0.39444,0.75703,0.34722,0.75547,0.32083,0.74844,0.30417,0.61002,0.80511,0.9994,0.75575,0.95351,0.8987,0.73776,0.54877,0.9938,0.74803,0.69116,0.71250,0.55556,116.43,0.9749,live,0.2678,0.1782,125.55,704.42
147842.725189,60.0,0.2918,4,1,1,0.69688,0.50000,0.66484,0.42917,0.65859,0.36389,0.66484,0.30556,0.66563,0.25417,0.67500,0.31667,0.67188,0.27083,0.66563,0.24444,0.65781,0.22083,0.69375,0.31389,0.69453,0.26111,0.68906,0.23333,0.68047,0.20972,0.71016,0.32083,0.71406,0.27083,0.71016,0.24028,0.70156,0.22222,0.72734,0.33750,0.73203,0.29167,0.72969,0.26111,0.72500,0.23889,0.60327,0.79983,0.9994,0.75236,0.91796,0.8977,0.70741,0.48695,0.9940,0.73780,0.65293,0.69688,0.50000,115.25,0.9739,live,0.2575,0.2107,148.10,702.87
147842.792328,60.0,0.3589,4,1,1,0.68281,0.44583,0.64844,0.37639,0.64141,0.30972,0.64687,0.25000,0.64766,0.20000,0.65859,0.26944,0.65391,0.22361,0.64687,0.19583,0.63828,0.16944,0.67500,0.26389,0.67344,0.21250,0.66719,0.18194,0.65703,0.15972,0.69141,0.26806,0.69375,0.21528,0.68828,0.18333,0.67734,0.16667,0.70859,0.28056,0.71016,0.23194,0.70625,0.20139,0.69922,0.18056,0.60316,0.79645,0.9994,0.74948,0.87565,0.9004,0.69352,0.44953,0.9944,0.72680,0.61151,0.68281,0.44583,112.52,0.9740,live,0.2523,0.2289,160.12,699.54
147842.859343,60.0,0.4260,4,1,1,0.67422,0.39167,0.63906,0.33333,0.63047,0.27083,0.63438,0.21528,0.63828,0.17222,0.64219,0.23056,0.63672,0.18472,0.63047,0.15833,0.62422,0.13611,0.65938,0.22222,0.65703,0.16944,0.65000,0.14306,0.63984,0.12500,0.67578,0.22361,0.67734,0.17083,0.67031,0.14167,0.66016,0.12778,0.69453,0.23194,0.69453,0.18611,0.68906,0.15833,0.68047,0.13889,0.60332,0.78825,0.9995,0.74944,0.79859,0.9046,0.68229,0.38669,0.9947,0.71629,0.56754,0.67422,0.39167,107.85,0.9711,live,0.2523,0.2714,188.15,693.25
147842.925528,60.0,0.4921,4,1,1,0.66406,0.34861,0.62891,0.30139,0.62266,0.24167,0.62734,0.19028,0.63125,0.15139,0.63281,0.20139,0.62813,0.15833,0.62187,0.13472,0.61484,0.11389,0.65000,0.19444,0.64687,0.14444,0.63906,0.12083,0.62813,0.10000,0.66484,0.19583,0.66563,0.14583,0.65781,0.11944,0.64922,0.10417,0.68203,0.20417,0.68125,0.15972,0.67500,0.13194,0.66641,0.10972,0.60150,0.78461,0.9995,0.74796,0.76521,0.9081,0.67106,0.35032,0.9949,0.70584,0.52375,0.66406,0.34861,98.82,0.9725,live,0.2630,0.3114,212.14,681.22
147842.992585,60.0,0.5592,4,1,1,0.66094,0.32500,0.62500,0.28472,0.61562,0.23056,0.61875,0.18056,0.62344,0.14444,0.62891,0.19444,0.62266,0.15278,0.61562,0.12917,0.60781,0.10833,0.64453,0.18611,0.64062,0.13889,0.63281,0.11389,0.62266,0.09167,0.65859,0.18472,0.65703,0.13611,0.65000,0.10972,0.64062,0.09306,0.67422,0.18889,0.67266,0.14583,0.66719,0.12083,0.65859,0.10139,0.59991,0.78092,0.9995,0.74462,0.74238,0.9118,0.66346,0.31695,0.9952,0.69686,0.48400,0.66094,0.32500,90.58,0.9633,live,0.2779,0.3458,229.87,664.69
147843.059446,60.0,0.6261,4,1,1,0.65547,0.31667,0.62266,0.27778,0.61328,0.22639,0.61719,0.17778,0.62187,0.14306,0.62500,0.19306,0.61953,0.15139,0.61250,0.12917,0.60469,0.10833,0.64062,0.18333,0.63672,0.13889,0.62969,0.11528,0.61797,0.09167,0.65391,0.18333,0.65312,0.13472,0.64609,0.10833,0.63672,0.09167,0.67031,0.18611,0.66797,0.14444,0.66250,0.11944,0.65391,0.10000,0.59953,0.77735,0.9995,0.74104,0.72494,0.9149,0.66607,0.32031,0.9955,0.68858,0.45054,0.65547,0.31667,87.29,0.9780,live,0.2942,0.3686,238.78,647.77
147843.125773,60.0,0.6924,4,1,1,0.65156,0.31528,0.62109,0.27917,0.61094,0.22778,0.61406,0.17917,0.61875,0.14444,0.62422,0.19583,0.61875,0.15694,0.61172,0.13333,0.60391,0.11389,0.63828,0.18611,0.63438,0.14306,0.62656,0.11806,0.61562,0.09583,0.65234,0.18472,0.65000,0.13889,0.64219,0.11250,0.63281,0.09444,0.66719,0.18889,0.66484,0.14861,0.65938,0.12361,0.65078,0.10417,0.59682,0.77571,0.9995,0.73967,0.72773,0.9191,0.66613,0.32239,0.9957,0.68118,0.42348,0.65156,0.31528,83.95,0.9804,live,0.3091,0.3772,237.79,630.48
147843.192529,60.0,0.7591,4,1,1,0.64844,0.31667,0.61953,0.28056,0.61094,0.23056,0.61406,0.18333,0.61719,0.14861,0.62422,0.20278,0.61797,0.16389,0.61094,0.14028,0.60313,0.11944,0.63750,0.19306,0.63359,0.15000,0.62578,0.12361,0.61484,0.10139,0.65078,0.19167,0.64844,0.14583,0.64141,0.11944,0.63203,0.10000,0.66563,0.19444,0.66328,0.15417,0.65703,0.13056,0.64844,0.10972,0.59686,0.77479,0.9995,0.73969,0.73118,0.9219,0.66711,0.33353,0.9959,0.67463,0.40212,0.64844,0.31667,80.45,0.9791,live,0.3206,0.3726,228.33,612.75
147843.259187,60.0,0.8258,4,1,1,0.64766,0.32222,0.61797,0.28750,0.60938,0.23750,0.61328,0.19028,0.61719,0.15417,0.62344,0.20972,0.61719,0.17083,0.61094,0.14722,0.60313,0.12639,0.63672,0.20000,0.63281,0.15694,0.62500,0.13056,0.61484,0.10972,0.65078,0.19861,0.64766,0.15278,0.64062,0.12639,0.63125,0.10833,0.66563,0.20139,0.66328,0.16111,0.65703,0.13611,0.64844,0.11806,0.59689,0.77485,0.9995,0.73818,0.73566,0.9239,0.66652,0.33702,0.9961,0.66924,0.38614,0.64766,0.32222,80.04,0.9848,live,0.3266,0.3538,211.18,596.85
147843.325568,60.0,0.8922,4,1,1,0.64687,0.33056,0.61719,0.29444,0.60938,0.24444,0.61250,0.19722,0.61797,0.16250,0.62344,0.21806,0.61719,0.17917,0.61094,0.15556,0.60313,0.13333,0.63750,0.20833,0.63281,0.16528,0.62500,0.13750,0.61484,0.11528,0.65078,0.20556,0.64844,0.16111,0.64141,0.13333,0.63125,0.11389,0.66641,0.20833,0.66328,0.16806,0.65781,0.14444,0.64922,0.12500,0.59682,0.77543,0.9995,0.73653,0.73753,0.9250,0.66551,0.33955,0.9962,0.66476,0.37502,0.64687,0.33056,80.53,0.9773,live,0.3266,0.3221,187.88,583.21
147843.392519,60.0,0.9591,4,1,1,0.64687,0.34306,0.61719,0.30556,0.60938,0.25417,0.61250,0.20694,0.61797,0.17083,0.62578,0.22639,0.61953,0.18472,0.61250,0.15972,0.60391,0.13889,0.63984,0.21667,0.63594,0.17222,0.62734,0.14444,0.61641,0.12222,0.65391,0.21528,0.65078,0.16806,0.64297,0.14028,0.63203,0.12222,0.66797,0.21806,0.66563,0.17639,0.65938,0.15139,0.64922,0.13333,0.59683,0.78058,0.9995,0.73674,0.76034,0.9276,0.66456,0.34291,0.9964,0.66119,0.36863,0.64687,0.34306,81.99,0.9654,live,0.3180,0.2790,159.64,572.26
147843.458965,60.0,0.0256,4,2,0,0.64766,0.36111,0.61562,0.32222,0.60703,0.27083,0.61016,0.22361,0.61562,0.18750,0.62656,0.23889,0.62187,0.19583,0.61406,0.17083,0.60469,0.15139,0.64219,0.22917,0.63828,0.18333,0.62969,0.15556,0.61875,0.13611,0.65547,0.22917,0.65391,0.18056,0.64531,0.15417,0.63438,0.13611,0.67031,0.23194,0.66875,0.19028,0.66172,0.16667,0.65078,0.14861,0.59719,0.78292,0.9995,0.73679,0.78650,0.9291,0.66478,0.36396,0.9966,0.65848,0.36713,0.64766,0.36111,85.24,0.9707,live,0.3124,0.2870,162.16,564.96
147843.525696,60.0,0.0923,4,2,0,0.65000,0.39444,0.61562,0.35417,0.60547,0.30000,0.60625,0.25139,0.61328,0.21389,0.62813,0.26250,0.62266,0.22083,0.61406,0.19444,0.60391,0.17361,0.64375,0.25417,0.64062,0.20556,0.63125,0.17778,0.61797,0.16111,0.65859,0.25417,0.65781,0.20417,0.64844,0.17639,0.63594,0.16389,0.67500,0.25972,0.67422,0.21667,0.66641,0.19167,0.65469,0.17639,0.59721,0.78498,0.9995,0.73680,0.83452,0.9281,0.66397,0.40250,0.9968,0.65678,0.37259,0.65000,0.39444,90.63,0.9716,live,0.2877,0.1752,98.55,562.42
147843.593120,60.0,0.1597,4,2,0,0.65078,0.44028,0.61875,0.40556,0.60625,0.34444,0.60781,0.29167,0.61484,0.25694,0.62891,0.29583,0.62187,0.25139,0.61406,0.22500,0.60469,0.20556,0.64609,0.28889,0.64219,0.23750,0.63359,0.20972,0.62187,0.19722,0.66250,0.29167,0.66250,0.23889,0.65391,0.21250,0.64297,0.20694,0.68047,0.30139,0.68125,0.25694,0.67344,0.23056,0.66172,0.21944,0.59607,0.78721,0.9995,0.73444,0.89578,0.9240,0.66405,0.43927,0.9969,0.65558,0.38613,0.65078,0.44028,97.49,0.9857,live,0.2593,0.1299,73.42,565.12
147843.659427,60.0,0.2260,4,2,0,0.65391,0.49861,0.62266,0.46806,0.60781,0.40556,0.60859,0.34861,0.61641,0.30694,0.63125,0.34861,0.62734,0.29583,0.61875,0.27083,0.60859,0.26111,0.64922,0.34444,0.65000,0.28472,0.64062,0.25833,0.62813,0.25694,0.66797,0.35417,0.67188,0.29167,0.66406,0.26528,0.65156,0.26806,0.68594,0.36944,0.69063,0.31944,0.68359,0.29306,0.67031,0.28889,0.59608,0.78717,0.9995,0.74137,0.93144,0.9223,0.66421,0.48270,0.9970,0.65525,0.40862,0.65391,0.49861,99.05,0.9843,live,0.2360,0.1296,73.67,568.63
147843.725751,60.0,0.2924,4,2,0,0.65625,0.55972,0.62734,0.53889,0.61094,0.48333,0.61172,0.43333,0.61719,0.39167,0.63516,0.40972,0.63359,0.35972,0.62500,0.34028,0.61641,0.34028,0.65547,0.40417,0.65703,0.34028,0.64844,0.32917,0.64062,0.34583,0.67422,0.41250,0.67969,0.35000,0.66953,0.34444,0.66172,0.36389,0.69375,0.43472,0.69844,0.38889,0.68906,0.38056,0.67891,0.39583,0.59682,0.78431,0.9995,0.73996,0.95966,0.9186,0.66357,0.54996,0.9971,0.65545,0.43884,0.65625,0.55972,100.61,0.9886,live,0.2128,0.1072,61.38,572.83
147843.793144,60.0,0.3598,4,2,0,0.66016,0.61667,0.63438,0.60000,0.61719,0.56389,0.61484,0.52917,0.62031,0.49444,0.63906,0.47361,0.63672,0.43194,0.62734,0.42083,0.62109,0.42083,0.66094,0.47361,0.66328,0.41806,0.65391,0.42639,0.64844,0.45000,0.68125,0.49167,0.68516,0.44306,0.67344,0.45972,0.66641,0.48611,0.70000,0.52222,0.70391,0.48889,0.69297,0.50000,0.68594,0.52222,0.59982,0.78951,0.9996,0.73834,1.00000,0.9136,0.66490,0.65593,0.9970,0.65639,0.47441,0.66016,0.61667,94.99,0.9793,live,0.1994,0.1385,79.29,572.49
147843.859434,60.0,0.4260,4,2,0,0.66484,0.62639,0.64219,0.62361,0.62578,0.61528,0.61953,0.61944,0.61641,0.62083,0.64297,0.54583,0.63906,0.51250,0.63125,0.51250,0.62656,0.52361,0.66484,0.55417,0.66641,0.50833,0.65469,0.51944,0.64766,0.55139,0.68437,0.57639,0.69063,0.54167,0.67734,0.55972,0.66719,0.58750,0.70312,0.60972,0.71016,0.59167,0.70078,0.60417,0.69141,0.62222,0.60015,0.79831,0.9996,0.74514,1.00000,0.9121,0.66649,0.74503,0.9964,0.65808,0.50480,0.66484,0.62639,64.14,0.9896,live,0.1994,0.1816,99.87,549.97
147843.926354,60.0,0.4930,4,2,0,0.66250,0.65694,0.64297,0.65278,0.62891,0.64028,0.62344,0.65139,0.62109,0.66944,0.64531,0.60417,0.64062,0.56944,0.63750,0.57500,0.63281,0.59306,0.66719,0.61250,0.67031,0.57500,0.66016,0.59722,0.64922,0.63056,0.68594,0.63333,0.69219,0.60694,0.68125,0.63611,0.67031,0.66389,0.70156,0.65972,0.70937,0.65694,0.70234,0.67778,0.69375,0.69722,0.60984,0.79829,0.9996,0.74501,1.00000,0.9092,0.66916,0.80827,0.9959,0.65896,0.53523,0.66250,0.65694,52.22,0.9954,live,0.2054,0.2325,121.27,521.57
147843.993066,60.0,0.5597,4,2,0,0.66797,0.70556,0.65000,0.70139,0.63438,0.68194,0.62500,0.70278,0.61641,0.72917,0.64687,0.64306,0.64219,0.60556,0.63359,0.61389,0.62656,0.63333,0.67031,0.65417,0.67266,0.60556,0.65781,0.63472,0.64531,0.67083,0.68984,0.67778,0.69844,0.64028,0.68281,0.67083,0.66875,0.70000,0.70625,0.70694,0.71328,0.70000,0.70391,0.72222,0.69531,0.74167,0.60954,0.80345,0.9996,0.73253,1.00000,0.8976,0.67088,0.84315,0.9947,0.66077,0.56930,0.66797,0.70556,56.86,0.9996,live,0.2209,0.2915,145.73,499.92
147844.060541,60.0,0.6272,4,2,0,0.65703,0.75833,0.63359,0.75278,0.61719,0.73056,0.61328,0.71806,0.61719,0.70278,0.63594,0.65417,0.63828,0.60556,0.63125,0.59861,0.62344,0.61389,0.66250,0.66111,0.66953,0.59861,0.65625,0.61944,0.64375,0.65694,0.68516,0.68472,0.69453,0.62778,0.68125,0.65278,0.66797,0.68472,0.70469,0.71667,0.71484,0.68472,0.70625,0.70139,0.69609,0.72639,0.61113,0.80621,0.9996,0.74156,1.00000,0.8967,0.67101,0.84412,0.9944,0.66002,0.60710,0.65703,0.75833,79.22,0.9987,live,0.2423,0.3401,169.00,496.97
147844.126261,60.0,0.6929,4,2,0,0.65469,0.77500,0.62656,0.76389,0.60703,0.71806,0.60547,0.68194,0.61797,0.65000,0.63125,0.63056,0.63594,0.58056,0.63125,0.55833,0.62344,0.56111,0.65703,0.63472,0.66563,0.57083,0.65547,0.57083,0.64375,0.60000,0.68047,0.65556,0.69063,0.59583,0.67969,0.60556,0.66797,0.63472,0.70234,0.68889,0.71406,0.64583,0.70547,0.65556,0.69375,0.68194,0.60672,0.81095,0.9996,0.74169,1.00000,0.8993,0.67091,0.81253,0.9944,0.65895,0.64068,0.65469,0.77500,99.12,0.9953,live,0.2636,0.3606,183.42,508.70
147844.193265,60.0,0.7599,4,2,0,0.65703,0.74722,0.62656,0.72361,0.60859,0.67500,0.60781,0.63750,0.61641,0.60000,0.63672,0.58056,0.63984,0.53056,0.63203,0.50833,0.62266,0.50972,0.66016,0.58472,0.66719,0.51944,0.65469,0.51944,0.64219,0.54722,0.68125,0.60417,0.69141,0.54306,0.67734,0.55000,0.66563,0.57917,0.70078,0.63750,0.71328,0.58889,0.70234,0.59444,0.69063,0.62083,0.60263,0.80997,0.9996,0.72027,1.00000,0.9001,0.66984,0.77223,0.9946,0.65857,0.66199,0.65703,0.74722,107.09,0.9965,live,0.2788,0.3479,182.56,524.76
147844.259618,60.0,0.8262,4,2,0,0.65703,0.71389,0.62578,0.68333,0.60859,0.62917,0.60938,0.58611,0.61719,0.54306,0.63828,0.54167,0.64062,0.48472,0.63125,0.46111,0.62187,0.45694,0.66016,0.54583,0.66641,0.47639,0.65234,0.46944,0.63984,0.49444,0.68047,0.56528,0.69063,0.49722,0.67656,0.49444,0.66563,0.52222,0.70000,0.59861,0.71172,0.54306,0.70156,0.53889,0.68984,0.56111,0.60199,0.80780,0.9996,0.71577,1.00000,0.9012,0.66983,0.72867,0.9947,0.65826,0.67237,0.65703,0.71389,108.99,0.9948,live,0.2847,0.3115,168.28,540.26
147844.326670,60.0,0.8933,4,2,0,0.65547,0.68472,0.62422,0.65000,0.60859,0.59167,0.60938,0.54583,0.61875,0.50139,0.63828,0.50278,0.64062,0.44722,0.63281,0.42083,0.62344,0.42083,0.66016,0.50556,0.66797,0.43889,0.65625,0.42778,0.64375,0.44861,0.68047,0.52500,0.69141,0.45972,0.67891,0.45000,0.66641,0.47361,0.69922,0.55833,0.71094,0.50556,0.70312,0.49306,0.68984,0.50833,0.59850,0.80508,0.9997,0.71630,1.00000,0.9018,0.66822,0.67916,0.9949,0.65770,0.67484,0.65547,0.68472,114.12,0.9930,live,0.2800,0.2590,144.42,557.60
147844.392646,60.0,0.9593,4,2,0,0.65391,0.66528,0.62344,0.62639,0.60859,0.56806,0.61016,0.52083,0.61797,0.47639,0.63906,0.48194,0.63984,0.42917,0.63203,0.40556,0.62266,0.40139,0.66016,0.48472,0.66641,0.41667,0.65547,0.40278,0.64219,0.41667,0.67891,0.50139,0.69063,0.43611,0.67891,0.42222,0.66406,0.44167,0.69766,0.53472,0.71016,0.47917,0.70156,0.46389,0.68750,0.47778,0.59777,0.79592,0.9997,0.71722,1.00000,0.9083,0.66795,0.65601,0.9953,0.65694,0.67293,0.65391,0.66528,114.28,0.9951,live,0.2750,0.2521,144.42,572.96
147844.460409,60.0,0.0270,4,3,0,0.64922,0.65694,0.62031,0.61667,0.60547,0.55833,0.60625,0.51111,0.61484,0.46250,0.63594,0.47361,0.63516,0.42500,0.62734,0.40278,0.61797,0.39722,0.65703,0.47500,0.66328,0.40694,0.65234,0.39306,0.63828,0.40417,0.67656,0.49306,0.68750,0.42778,0.67578,0.41528,0.66172,0.43056,0.69453,0.52639,0.70625,0.47083,0.69531,0.45833,0.67969,0.47361,0.59528,0.79332,0.9997,0.71778,0.99256,0.9096,0.66490,0.63728,0.9955,0.65540,0.66973,0.64922,0.65694,114.75,0.9970,live,0.2564,0.1717,100.75,586.83
147844.526243,60.0,0.0929,4,3,0,0.64297,0.66389,0.61641,0.62083,0.60078,0.56250,0.60000,0.51389,0.60781,0.46667,0.62969,0.47917,0.62969,0.42917,0.61953,0.40833,0.60938,0.40556,0.65078,0.48056,0.65781,0.40972,0.64453,0.39861,0.63047,0.41250,0.67109,0.49861,0.68203,0.43056,0.66797,0.42222,0.65391,0.44306,0.68906,0.53194,0.70078,0.47639,0.68906,0.46389,0.67344,0.47778,0.59697,0.78773,0.9997,0.71711,1.00000,0.9087,0.66138,0.64661,0.9956,0.65291,0.66856,0.64297,0.66389,115.82,0.9953,live,0.2406,0.1684,101.02,599.80
147844.593413,60.0,0.1600,4,3,0,0.63281,0.68056,0.60469,0.63611,0.58906,0.57917,0.58750,0.53472,0.59375,0.49306,0.61875,0.49583,0.62187,0.43750,0.60703,0.42500,0.59297,0.43194,0.63984,0.50000,0.64687,0.42639,0.63047,0.41944,0.61562,0.44028,0.65859,0.51806,0.67031,0.44861,0.65391,0.44306,0.63984,0.46389,0.67734,0.55139,0.68750,0.49583,0.67578,0.48611,0.66250,0.50139,0.59150,0.78810,0.9997,0.71516,1.00000,0.9092,0.64735,0.65102,0.9956,0.64889,0.67096,0.63281,0.68056,114.65,0.9921,live,0.2123,0.0832,50.81,610.37
147844.659966,60.0,0.2266,4,3,0,0.61641,0.71250,0.58750,0.67361,0.56953,0.61667,0.56797,0.57083,0.57266,0.52778,0.59766,0.53056,0.60078,0.46389,0.58359,0.45694,0.56797,0.47083,0.61719,0.53472,0.62422,0.45694,0.60313,0.45972,0.58828,0.48611,0.63672,0.55278,0.64766,0.48056,0.62734,0.48611,0.61250,0.51250,0.65781,0.58194,0.66641,0.52361,0.65234,0.52639,0.63828,0.54861,0.59205,0.79167,0.9997,0.71215,1.00000,0.9092,0.63417,0.65897,0.9956,0.64240,0.67927,0.61641,0.71250,113.63,0.9925,live,0.1905,0.0915,56.64,618.94
147844.726224,60.0,0.2928,4,3,0,0.59375,0.75000,0.56563,0.71389,0.54375,0.65972,0.53750,0.61667,0.54297,0.57778,0.56953,0.57222,0.57031,0.50000,0.54688,0.50417,0.52969,0.52222,0.58906,0.57917,0.59141,0.49444,0.56484,0.50833,0.54844,0.53750,0.60938,0.59722,0.61562,0.52083,0.59141,0.53611,0.57578,0.56528,0.62969,0.62639,0.63594,0.56806,0.61875,0.57222,0.60469,0.59306,0.59335,0.79920,0.9997,0.71111,1.00000,0.9057,0.60571,0.70000,0.9948,0.63267,0.69342,0.59375,0.75000,110.34,0.9968,live,0.1709,0.0813,50.73,624.11
147844.793379,60.0,0.3600,4,3,0,0.56797,0.79306,0.53828,0.75417,0.51328,0.70139,0.50313,0.65833,0.50000,0.62083,0.53516,0.61250,0.52734,0.54861,0.50234,0.55694,0.48438,0.57639,0.55547,0.61944,0.54766,0.54167,0.51797,0.56111,0.50078,0.59167,0.57500,0.63750,0.57422,0.56667,0.54688,0.58889,0.53047,0.61944,0.59531,0.66944,0.59844,0.61667,0.57734,0.62361,0.56094,0.64306,0.58787,0.79878,0.9997,0.70173,1.00000,0.9114,0.58087,0.75924,0.9951,0.61973,0.71334,0.56797,0.79306,111.38,0.9950,live,0.1570,0.0936,58.93,629.41
147844.859656,60.0,0.4263,4,3,0,0.54375,0.82361,0.50625,0.78750,0.47734,0.74028,0.46172,0.70694,0.45391,0.67500,0.50234,0.64444,0.48516,0.59167,0.45937,0.60694,0.44062,0.63194,0.52109,0.65000,0.50313,0.58472,0.47031,0.60972,0.45156,0.64306,0.53906,0.67083,0.52812,0.60833,0.49609,0.63333,0.47656,0.66389,0.55625,0.70417,0.54922,0.65694,0.52578,0.66667,0.50703,0.68611,0.58679,0.78503,0.9997,0.68575,1.00000,0.9155,0.54428,0.77434,0.9953,0.60453,0.73540,0.54375,0.82361,109.14,0.9971,live,0.1524,0.1318,83.35,632.46
147844.926488,60.0,0.4931,4,3,0,0.51641,0.83472,0.47266,0.80556,0.44062,0.76528,0.41953,0.73611,0.40313,0.70833,0.46406,0.65417,0.43750,0.61806,0.41172,0.63472,0.39219,0.66111,0.48203,0.65556,0.45156,0.61111,0.41953,0.63889,0.40156,0.67361,0.49922,0.67500,0.47266,0.63889,0.44141,0.66806,0.42266,0.69861,0.51328,0.70972,0.49453,0.68333,0.47031,0.69722,0.45391,0.71667,0.59311,0.78793,0.9996,0.67964,1.00000,0.9173,0.51369,0.79891,0.9949,0.58691,0.75526,0.51641,0.83472,111.82,0.9986,live,0.1524,0.1727,110.04,637.07
147844.993520,60.0,0.5601,4,3,0,0.48672,0.83750,0.43906,0.81389,0.40547,0.76806,0.38516,0.73750,0.37031,0.70972,0.42891,0.65556,0.39766,0.63333,0.36953,0.64722,0.34766,0.66944,0.44609,0.65833,0.40937,0.62361,0.37656,0.65139,0.35859,0.68333,0.46328,0.67778,0.43125,0.64167,0.39922,0.67083,0.38047,0.70139,0.47813,0.71250,0.45234,0.68611,0.42734,0.70278,0.41094,0.72500,0.59189,0.78837,0.9995,0.66312,1.00000,0.9163,0.47676,0.80718,0.9934,0.56687,0.77171,0.48672,0.83750,113.84,0.9993,live,0.1629,0.2108,135.49,642.59
147845.060740,60.0,0.6274,4,3,0,0.46328,0.82778,0.41641,0.80556,0.38281,0.76111,0.36094,0.73333,0.34297,0.70417,0.40703,0.65139,0.37422,0.62500,0.34453,0.63889,0.32188,0.66111,0.42344,0.65278,0.38281,0.61667,0.34922,0.64583,0.32969,0.67639,0.43828,0.67222,0.40234,0.63750,0.36953,0.66528,0.35000,0.69444,0.45000,0.70833,0.42266,0.68056,0.39687,0.69583,0.37969,0.71528,0.58478,0.78817,0.9994,0.64454,1.00000,0.9140,0.45441,0.79963,0.9926,0.54615,0.78292,0.46328,0.82778,109.55,0.9990,live,0.1782,0.2476,159.54,644.35
147845.126788,60.0,0.6934,4,3,0,0.45234,0.81111,0.40469,0.79167,0.37031,0.74444,0.34844,0.71250,0.32891,0.68472,0.39531,0.64028,0.36172,0.60833,0.33203,0.62222,0.31016,0.64444,0.40937,0.64167,0.37109,0.59722,0.33594,0.62500,0.31641,0.65556,0.42344,0.65972,0.38906,0.62083,0.35391,0.64722,0.33437,0.67639,0.43359,0.69306,0.40625,0.65972,0.37969,0.67222,0.36328,0.69028,0.58455,0.78661,0.9991,0.63404,1.00000,0.9029,0.43982,0.78809,0.9899,0.52739,0.78856,0.45234,0.81111,106.80,0.9988,live,0.1956,0.2750,177.08,643.92
147845.193243,60.0,0.7599,4,3,0,0.44922,0.79722,0.40078,0.77500,0.36719,0.72500,0.34531,0.69167,0.32344,0.66250,0.39297,0.62083,0.35859,0.58472,0.32969,0.59861,0.30781,0.61944,0.40781,0.62222,0.36641,0.57917,0.33281,0.60694,0.31484,0.63750,0.42109,0.63889,0.38438,0.60139,0.35078,0.62917,0.33203,0.65833,0.43047,0.67083,0.40000,0.63889,0.37422,0.65139,0.35781,0.66806,0.58408,0.78665,0.9990,0.62692,1.00000,0.8972,0.44590,0.78283,0.9890,0.51176,0.79029,0.44922,0.79722,109.20,0.9985,live,0.2149,0.3029,195.43,645.28
147845.260246,60.0,0.8269,4,3,0,0.45078,0.78333,0.40469,0.75972,0.37109,0.71250,0.35000,0.68056,0.33047,0.64861,0.39766,0.60694,0.36719,0.56528,0.33750,0.57778,0.31484,0.60000,0.41172,0.60694,0.37422,0.55972,0.34063,0.58611,0.32109,0.61806,0.42422,0.62083,0.39062,0.58056,0.35859,0.60556,0.33906,0.63333,0.43359,0.65000,0.40703,0.61806,0.38203,0.62917,0.36484,0.64306,0.57513,0.78670,0.9988,0.61394,0.99179,0.8942,0.43221,0.74746,0.9884,0.49956,0.78890,0.45078,0.78333,108.63,0.9969,live,0.2275,0.2850,184.10,646.05
147845.326473,60.0,0.8931,4,3,0,0.45859,0.77500,0.41563,0.75000,0.38438,0.69583,0.36562,0.66111,0.34687,0.63056,0.40234,0.60833,0.37891,0.55694,0.35078,0.56111,0.32812,0.57778,0.41797,0.60556,0.38828,0.54583,0.35547,0.56528,0.33516,0.59306,0.43281,0.61528,0.40547,0.56250,0.37266,0.58611,0.35234,0.61250,0.44609,0.63750,0.42344,0.60000,0.39766,0.60972,0.38047,0.62500,0.57538,0.78572,0.9988,0.61921,0.98652,0.8949,0.44188,0.72466,0.9882,0.49137,0.78612,0.45859,0.77500,108.16,0.9939,live,0.2349,0.2682,173.39,646.41
147845.393291,60.0,0.9599,4,3,0,0.47109,0.76528,0.42891,0.73194,0.40000,0.68056,0.38125,0.64583,0.36641,0.61250,0.42031,0.60278,0.39766,0.54861,0.36875,0.55000,0.34531,0.56389,0.43438,0.60000,0.41250,0.53056,0.37812,0.54444,0.35703,0.56944,0.45000,0.61111,0.43047,0.54583,0.39609,0.56528,0.37578,0.59167,0.46406,0.63472,0.44531,0.58472,0.41875,0.59306,0.40078,0.61111,0.57479,0.79058,0.9989,0.62858,0.98857,0.8984,0.45664,0.71934,0.9886,0.48731,0.78195,0.47109,0.76528,104.19,0.9910,live,0.2424,0.2770,178.32,643.85
147845.460312,60.0,0.0269,4,4,0,0.48672,0.75694,0.44688,0.72639,0.41875,0.67361,0.40234,0.63611,0.39062,0.60000,0.44062,0.59444,0.42500,0.52917,0.39687,0.53472,0.37344,0.55417,0.45625,0.59583,0.43750,0.51944,0.40313,0.53472,0.38203,0.55972,0.47187,0.60833,0.45703,0.53750,0.42266,0.55278,0.40156,0.57778,0.48750,0.63056,0.47422,0.57639,0.44844,0.57917,0.43125,0.59444,0.57378,0.78853,0.9989,0.63335,0.98957,0.9033,0.48033,0.70880,0.9893,0.48719,0.77695,0.48672,0.75694,102.45,0.9930,live,0.2354,0.2032,130.10,640.36
147845.526943,60.0,0.0936,4,4,0,0.50625,0.75833,0.46875,0.71667,0.44375,0.66250,0.42812,0.62361,0.41563,0.58611,0.46484,0.58750,0.45469,0.52222,0.42969,0.52500,0.40781,0.54167,0.48125,0.58889,0.47031,0.51528,0.43828,0.52500,0.41641,0.54583,0.49844,0.60278,0.49062,0.53333,0.45859,0.54722,0.43750,0.57083,0.51562,0.62639,0.50547,0.57500,0.48203,0.57917,0.46484,0.59444,0.57377,0.79556,0.9990,0.64657,1.00000,0.9073,0.50381,0.70663,0.9899,0.49101,0.77323,0.50625,0.75833,106.65,0.9954,live,0.2219,0.1606,102.86,640.30
147845.593649,60.0,0.1603,4,4,0,0.53750,0.76528,0.50469,0.72083,0.48125,0.67222,0.46563,0.63472,0.46016,0.59583,0.50234,0.59028,0.49922,0.51944,0.47422,0.52222,0.45469,0.54028,0.51953,0.59583,0.51484,0.51528,0.48438,0.52500,0.46484,0.55000,0.53594,0.61111,0.53438,0.54028,0.50391,0.54722,0.48438,0.56944,0.55234,0.63611,0.54922,0.58333,0.52812,0.58056,0.51094,0.59167,0.57866,0.80269,0.9990,0.66646,1.00000,0.9058,0.53842,0.70187,0.9905,0.50030,0.77164,0.53750,0.76528,106.22,0.9939,live,0.2035,0.1198,76.65,639.94
147845.660799,60.0,0.2274,4,4,0,0.57578,0.77917,0.54453,0.73472,0.52344,0.67500,0.51484,0.62917,0.51094,0.58611,0.54609,0.60278,0.54375,0.53611,0.52187,0.53889,0.50391,0.55556,0.56406,0.60694,0.56250,0.52778,0.53516,0.53611,0.51641,0.55972,0.58203,0.62361,0.58516,0.54722,0.56094,0.55556,0.54453,0.57778,0.60078,0.65139,0.60391,0.59444,0.58594,0.59444,0.57031,0.60833,0.58747,0.80573,0.9991,0.68032,1.00000,0.9109,0.57076,0.69924,0.9913,0.51540,0.77314,0.57578,0.77917,108.28,0.9923,live,0.1818,0.0829,53.18,641.11
147845.726827,60.0,0.2934,4,4,0,0.62266,0.79167,0.59141,0.75000,0.57109,0.69306,0.56953,0.64583,0.58437,0.62222,0.59844,0.60694,0.60313,0.54583,0.58594,0.54444,0.57266,0.56250,0.61953,0.61250,0.62734,0.53611,0.60625,0.54167,0.59297,0.56944,0.63984,0.63194,0.65078,0.56111,0.63125,0.56944,0.61875,0.59722,0.65938,0.66389,0.66797,0.61250,0.65547,0.61111,0.64531,0.62639,0.59123,0.80845,0.9992,0.70981,1.00000,0.9089,0.63512,0.74681,0.9915,0.53685,0.77685,0.62266,0.79167,114.26,0.9923,live,0.1672,0.1005,64.96,646.45
147845.793774,60.0,0.3604,4,4,0,0.67188,0.80694,0.64531,0.76250,0.62969,0.70833,0.63438,0.66667,0.64609,0.62917,0.65312,0.62222,0.66406,0.55556,0.66016,0.55000,0.65703,0.56944,0.67500,0.62917,0.69219,0.55833,0.68047,0.55417,0.67031,0.57917,0.69609,0.65000,0.71562,0.58611,0.70547,0.58611,0.69609,0.60972,0.71328,0.68472,0.72891,0.64583,0.72969,0.63472,0.72969,0.63889,0.59855,0.80869,0.9992,0.73990,1.00000,0.9070,0.69601,0.78166,0.9916,0.56386,0.78287,0.67188,0.80694,113.78,0.9795,live,0.1672,0.1520,98.91,650.80
147845.860347,60.0,0.4270,4,4,0,0.72578,0.82222,0.69766,0.76944,0.68750,0.70972,0.70156,0.66389,0.72500,0.63333,0.71172,0.63194,0.72813,0.57778,0.73984,0.56806,0.74609,0.59167,0.73438,0.63889,0.75313,0.58194,0.76172,0.56944,0.76484,0.58889,0.75469,0.66111,0.77422,0.61389,0.78203,0.60556,0.78516,0.62639,0.77187,0.69583,0.78828,0.66806,0.79688,0.65694,0.80156,0.66250,0.59840,0.80844,0.9993,0.72661,1.00000,0.9042,0.74455,0.77900,0.9916,0.59624,0.79074,0.72578,0.82222,117.20,0.9394,live,0.1755,0.2135,140.26,657.08
147845.926925,60.0,0.4935,4,4,0,0.76172,0.82500,0.74375,0.77361,0.73828,0.71667,0.75547,0.67778,0.77891,0.64861,0.76719,0.63750,0.78125,0.58194,0.79453,0.58056,0.80703,0.60139,0.79063,0.64861,0.81406,0.59028,0.82734,0.59306,0.83672,0.61528,0.81016,0.67500,0.83281,0.62778,0.84531,0.62639,0.85469,0.64306,0.82500,0.71250,0.84219,0.68056,0.85391,0.67083,0.86250,0.67083,0.59863,0.80592,0.9993,0.72243,1.00000,0.9008,0.77840,0.77640,0.9917,0.62934,0.79759,0.76172,0.82500,118.41,0.9655,live,0.1935,0.2757,182.90,663.48
147845.993802,60.0,0.5604,4,4,0,0.79609,0.81806,0.77891,0.76667,0.77891,0.70833,0.80156,0.67222,0.82578,0.64444,0.81250,0.63472,0.82812,0.58750,0.84297,0.58472,0.85313,0.60556,0.83828,0.64722,0.85938,0.58750,0.87344,0.59167,0.87813,0.62083,0.85703,0.67083,0.88125,0.62083,0.89297,0.62222,0.89687,0.64861,0.87266,0.70833,0.89531,0.67500,0.90781,0.66944,0.91250,0.68194,0.59940,0.80789,0.9994,0.72949,1.00000,0.8981,0.80484,0.77423,0.9919,0.66269,0.80168,0.79609,0.81806,121.84,0.9589,live,0.2192,0.3360,225.67,671.59
147846.061117,60.0,0.6277,4,4,0,0.81641,0.81667,0.80000,0.76389,0.80312,0.70417,0.82891,0.67083,0.85313,0.64167,0.83750,0.63333,0.85078,0.58750,0.86641,0.58472,0.87656,0.60694,0.86406,0.64722,0.88359,0.58750,0.89766,0.58889,0.90000,0.61944,0.88281,0.67222,0.90625,0.62222,0.92031,0.62083,0.91953,0.64861,0.89766,0.71111,0.92188,0.67639,0.93359,0.67083,0.93437,0.68472,0.60056,0.81172,0.9994,0.74222,1.00000,0.9018,0.82336,0.77538,0.9923,0.69343,0.80468,0.81641,0.81667,123.79,0.9551,live,0.2486,0.3826,260.20,680.13
147846.127037,60.0,0.6937,4,4,0,0.82266,0.80833,0.80781,0.76111,0.81250,0.70694,0.83672,0.67083,0.85938,0.63472,0.84141,0.62917,0.85781,0.58472,0.87578,0.57917,0.88516,0.60139,0.86953,0.64306,0.89062,0.58056,0.90469,0.58333,0.90625,0.61111,0.88906,0.66667,0.91172,0.61528,0.92656,0.61250,0.92422,0.64306,0.90312,0.70278,0.92578,0.66389,0.93906,0.65694,0.93984,0.67222,0.60388,0.81608,0.9995,0.74734,1.00000,0.9047,0.82978,0.77474,0.9927,0.71928,0.80541,0.82266,0.80833,121.90,0.9716,live,0.2776,0.4099,281.34,686.28
147846.194073,60.0,0.7607,4,4,0,0.81953,0.80417,0.80781,0.75139,0.81250,0.69583,0.83672,0.65694,0.86250,0.62222,0.84062,0.61944,0.85469,0.57500,0.86953,0.57083,0.87969,0.58889,0.86797,0.63194,0.88672,0.57778,0.89922,0.57361,0.90391,0.59028,0.88672,0.65694,0.90859,0.61111,0.92031,0.60417,0.92031,0.62500,0.90000,0.69583,0.92031,0.66111,0.93281,0.64861,0.93594,0.65417,0.60499,0.81609,0.9995,0.74965,1.00000,0.9018,0.82894,0.77095,0.9929,0.73933,0.80516,0.81953,0.80417,124.34,0.9759,live,0.3023,0.4147,287.57,693.45
147846.261526,60.0,0.8281,4,4,0,0.81641,0.79444,0.80625,0.74306,0.81250,0.68889,0.83594,0.65000,0.85781,0.61389,0.83672,0.60833,0.85156,0.56806,0.86641,0.55972,0.87891,0.57361,0.86406,0.62361,0.88047,0.56944,0.89297,0.56250,0.90000,0.57500,0.88281,0.64722,0.90156,0.60139,0.91328,0.59306,0.91563,0.61250,0.89609,0.68472,0.91406,0.64861,0.92500,0.63333,0.92969,0.63750,0.60572,0.81659,0.9995,0.74745,1.00000,0.8977,0.82503,0.76934,0.9932,0.75474,0.80302,0.81641,0.79444,124.16,0.9805,live,0.3198,0.3997,279.66,699.63
147846.327257,60.0,0.8939,4,4,0,0.81328,0.78750,0.80156,0.73194,0.80703,0.67639,0.82969,0.63472,0.85156,0.60000,0.83125,0.59861,0.84453,0.56111,0.86094,0.54861,0.87656,0.55139,0.85625,0.61250,0.87187,0.56389,0.88516,0.55278,0.89687,0.55556,0.87500,0.63611,0.89297,0.59444,0.90469,0.58056,0.91328,0.58750,0.88906,0.67222,0.90469,0.63889,0.91563,0.62361,0.92422,0.62222,0.60553,0.81753,0.9995,0.74627,1.00000,0.8990,0.82029,0.76397,0.9935,0.76645,0.79991,0.81328,0.78750,123.52,0.9833,live,0.3286,0.3688,259.83,704.61
147846.394005,60.0,0.9606,4,4,0,0.80781,0.77222,0.79297,0.71528,0.79766,0.65417,0.82109,0.61389,0.84219,0.58194,0.82422,0.58472,0.83906,0.54722,0.85703,0.53056,0.87266,0.52500,0.84766,0.60000,0.86406,0.55417,0.87813,0.53750,0.88984,0.53611,0.86562,0.62500,0.88438,0.58056,0.89687,0.56111,0.90625,0.56250,0.87969,0.66250,0.89531,0.62639,0.90547,0.60833,0.91406,0.60278,0.60548,0.81452,0.9996,0.74557,1.00000,0.9018,0.81709,0.74646,0.9938,0.77472,0.79438,0.80781,0.77222,120.60,0.9510,live,0.3286,0.3235,228.70,706.89
147846.460767,60.0,0.0274,4,1,1,0.79922,0.74722,0.78203,0.69583,0.78047,0.63611,0.79922,0.59444,0.81953,0.55833,0.80781,0.56250,0.82422,0.52222,0.84219,0.50833,0.85859,0.50417,0.83125,0.57639,0.84688,0.53056,0.86172,0.51528,0.87500,0.51111,0.84922,0.60000,0.86641,0.55694,0.87969,0.53889,0.88984,0.53889,0.86250,0.63611,0.87578,0.60000,0.88516,0.58056,0.89375,0.57222,0.60543,0.81377,0.9996,0.74365,1.00000,0.9017,0.80932,0.72778,0.9941,0.77962,0.78495,0.79922,0.74722,116.19,0.9342,live,0.3187,0.2734,192.93,705.72
147846.527491,60.0,0.0941,4,1,1,0.78047,0.71250,0.76328,0.66250,0.75938,0.60417,0.77344,0.55694,0.79375,0.52083,0.78750,0.52639,0.80078,0.48472,0.81484,0.46667,0.83047,0.45833,0.80937,0.53750,0.82266,0.49167,0.83516,0.47500,0.84766,0.46667,0.82656,0.56111,0.84141,0.51667,0.85156,0.49722,0.86094,0.49167,0.84141,0.59722,0.85156,0.55972,0.85938,0.54167,0.86562,0.53056,0.60539,0.81297,0.9996,0.74128,1.00000,0.9005,0.79810,0.70826,0.9943,0.77979,0.77046,0.78047,0.71250,116.33,0.9543,live,0.3002,0.2157,151.99,704.79
147846.593881,60.0,0.1605,4,1,1,0.75547,0.66806,0.73906,0.61111,0.73594,0.54861,0.74687,0.50000,0.76250,0.45972,0.76094,0.48056,0.76797,0.43333,0.77812,0.41250,0.79141,0.40000,0.77891,0.49028,0.78672,0.43750,0.79531,0.41528,0.80469,0.39722,0.79609,0.50833,0.80703,0.45972,0.81484,0.43472,0.82109,0.42222,0.81250,0.54028,0.82188,0.49583,0.82656,0.46806,0.83125,0.44722,0.60484,0.81242,0.9996,0.74177,1.00000,0.9037,0.78712,0.64826,0.9947,0.77493,0.74998,0.75547,0.66806,115.72,0.9679,live,0.2762,0.1671,117.53,703.53
147846.660975,60.0,0.2276,4,1,1,0.73359,0.61528,0.71016,0.55278,0.70703,0.48750,0.71875,0.43472,0.73125,0.38750,0.72813,0.42917,0.73203,0.38194,0.73359,0.35417,0.73516,0.32778,0.74687,0.43333,0.75156,0.38333,0.75156,0.35139,0.75078,0.31806,0.76250,0.44722,0.76953,0.39861,0.77031,0.36528,0.76953,0.33750,0.77969,0.47361,0.78438,0.42778,0.78516,0.39583,0.78516,0.36528,0.60206,0.80040,0.9996,0.74463,0.97864,0.9068,0.75344,0.59207,0.9950,0.76666,0.72304,0.73359,0.61528,114.37,0.9628,live,0.2587,0.1788,125.45,701.45
147846.727199,60.0,0.2938,4,1,1,0.70781,0.55833,0.68281,0.48889,0.67734,0.42639,0.68516,0.37222,0.69063,0.32778,0.69141,0.37361,0.68984,0.32222,0.68828,0.28889,0.68906,0.25556,0.70937,0.37083,0.71016,0.31667,0.71016,0.28056,0.71016,0.24306,0.72578,0.38056,0.72813,0.33056,0.72734,0.29306,0.72656,0.26111,0.74297,0.40278,0.74297,0.35833,0.74141,0.32917,0.73906,0.30278,0.60174,0.79824,0.9996,0.75153,0.93671,0.9104,0.72768,0.52869,0.9951,0.75489,0.69010,0.70781,0.55833,114.91,0.9398,live,0.2372,0.1396,97.71,700.01
147846.794220,60.0,0.3608,4,1,1,0.68516,0.49583,0.65547,0.43194,0.64609,0.36806,0.65234,0.31250,0.65547,0.26806,0.65859,0.31528,0.65625,0.26389,0.65391,0.22917,0.65391,0.19306,0.67578,0.30972,0.67500,0.25556,0.67500,0.21667,0.67500,0.17778,0.69219,0.31667,0.69297,0.26667,0.69141,0.22917,0.68906,0.19444,0.71016,0.33472,0.70859,0.29167,0.70469,0.26111,0.70000,0.23194,0.60175,0.79580,0.9996,0.74613,0.90148,0.9086,0.69121,0.47724,0.9953,0.74094,0.65124,0.68516,0.49583,114.18,0.9545,live,0.2255,0.1720,120.06,698.22
147846.860751,60.0,0.4274,4,1,1,0.66641,0.43611,0.63125,0.36944,0.62266,0.30972,0.62813,0.25694,0.63203,0.21389,0.63438,0.26667,0.62891,0.22083,0.62422,0.18611,0.62187,0.14861,0.65078,0.25833,0.64609,0.20556,0.64297,0.16667,0.63906,0.12778,0.66641,0.26111,0.66406,0.20972,0.65938,0.17222,0.65391,0.13750,0.68437,0.27500,0.68047,0.23056,0.67656,0.20000,0.67109,0.16944,0.60054,0.79160,0.9996,0.74630,0.85331,0.9104,0.67801,0.42970,0.9955,0.72604,0.60822,0.66641,0.43611,110.20,0.9431,live,0.2255,0.2252,156.23,693.77
147846.927642,60.0,0.4943,4,1,1,0.65234,0.38194,0.61875,0.33056,0.60781,0.27083,0.61016,0.21806,0.61328,0.17639,0.61641,0.22917,0.61016,0.18194,0.60625,0.14861,0.60234,0.11667,0.63203,0.21806,0.62578,0.16667,0.62109,0.13194,0.61562,0.09583,0.64687,0.21806,0.64297,0.16806,0.63750,0.13333,0.63203,0.10417,0.66406,0.22778,0.65938,0.18472,0.65547,0.15556,0.65078,0.12778,0.59854,0.79088,0.9996,0.74553,0.79456,0.9118,0.66556,0.38409,0.9956,0.71130,0.56296,0.65234,0.38194,103.27,0.9296,live,0.2344,0.2749,188.28,684.88
147846.994042,60.0,0.5607,4,1,1,0.63984,0.33750,0.60703,0.29861,0.59531,0.24167,0.59844,0.19028,0.60313,0.15278,0.60625,0.20139,0.59922,0.15833,0.59375,0.13194,0.58984,0.10556,0.62031,0.19306,0.61406,0.14306,0.60859,0.11389,0.60156,0.08472,0.63438,0.19306,0.62969,0.14444,0.62344,0.11250,0.61641,0.08611,0.65078,0.20000,0.64531,0.15972,0.63984,0.13194,0.63359,0.10694,0.59519,0.78622,0.9996,0.73717,0.75372,0.9141,0.65682,0.34102,0.9959,0.69701,0.51787,0.63984,0.33750,92.74,0.9598,live,0.2512,0.3280,219.56,669.47
147847.061192,60.0,0.6278,4,1,1,0.63281,0.31250,0.59922,0.27500,0.58906,0.22361,0.59219,0.17639,0.59609,0.14028,0.59922,0.19444,0.59219,0.15000,0.58672,0.12361,0.58125,0.09722,0.61250,0.18333,0.60703,0.13611,0.60078,0.10833,0.59297,0.07917,0.62578,0.18194,0.62109,0.13472,0.61484,0.10417,0.60781,0.07778,0.64141,0.18472,0.63594,0.14583,0.63125,0.11806,0.62422,0.09306,0.59498,0.77451,0.9996,0.73451,0.71339,0.9178,0.64664,0.30566,0.9960,0.68417,0.47680,0.63281,0.31250,84.73,0.9575,live,0.2736,0.3758,244.31,650.14
147847.127804,60.0,0.6944,4,1,1,0.62891,0.30000,0.59766,0.26667,0.58594,0.21944,0.58750,0.17361,0.59062,0.13750,0.59609,0.19167,0.58906,0.15139,0.58359,0.12500,0.57734,0.10000,0.60938,0.18056,0.60313,0.13611,0.59688,0.10833,0.58906,0.08056,0.62187,0.17778,0.61719,0.13194,0.61016,0.10139,0.60313,0.07639,0.63750,0.17917,0.63203,0.14028,0.62578,0.11389,0.61875,0.09028,0.59152,0.77036,0.9996,0.72779,0.70373,0.9211,0.64370,0.31199,0.9961,0.67312,0.44144,0.62891,0.30000,79.90,0.9560,live,0.2980,0.4090,257.55,629.65
147847.194379,60.0,0.7610,4,1,1,0.62578,0.29861,0.59531,0.26806,0.58516,0.22222,0.58672,0.17639,0.58906,0.14167,0.59297,0.19444,0.58594,0.15556,0.58125,0.13056,0.57578,0.10694,0.60703,0.18333,0.60078,0.14028,0.59453,0.11389,0.58750,0.08889,0.61953,0.18056,0.61484,0.13611,0.60859,0.10694,0.60156,0.08333,0.63516,0.18056,0.62891,0.14306,0.62344,0.11806,0.61562,0.09583,0.59021,0.76526,0.9996,0.72207,0.69130,0.9239,0.64028,0.29820,0.9963,0.66365,0.41287,0.62578,0.29861,78.28,0.9665,live,0.3208,0.4248,259.34,610.45
147847.260877,60.0,0.8275,4,1,1,0.62422,0.30417,0.59375,0.27222,0.58437,0.22778,0.58672,0.18194,0.58906,0.14861,0.59375,0.20278,0.58750,0.16528,0.58203,0.13889,0.57578,0.11528,0.60781,0.19167,0.60156,0.14861,0.59531,0.12361,0.58672,0.09861,0.62031,0.18750,0.61484,0.14306,0.60781,0.11528,0.60000,0.09306,0.63516,0.18750,0.62891,0.14861,0.62344,0.12361,0.61562,0.10139,0.58904,0.76559,0.9996,0.72164,0.70642,0.9251,0.64081,0.31121,0.9962,0.65576,0.39113,0.62422,0.30417,76.43,0.9665,live,0.3476,0.4693,277.95,592.23
147847.327686,60.0,0.8943,4,1,1,0.62422,0.31528,0.59453,0.28194,0.58594,0.23611,0.58750,0.19167,0.58984,0.15556,0.59766,0.21389,0.58984,0.17500,0.58437,0.14861,0.57812,0.12361,0.61094,0.20278,0.60469,0.15833,0.59766,0.13056,0.58828,0.10556,0.62344,0.19861,0.61797,0.15278,0.61016,0.12361,0.60156,0.10000,0.63828,0.19722,0.63125,0.15694,0.62422,0.13056,0.61562,0.10833,0.58898,0.76584,0.9996,0.72278,0.71384,0.9271,0.64121,0.31393,0.9964,0.64945,0.37596,0.62422,0.31528,75.89,0.9617,live,0.3570,0.3998,230.21,575.80
147847.394508,60.0,0.9611,4,1,1,0.62422,0.33194,0.59609,0.29722,0.58750,0.24861,0.58906,0.20278,0.59375,0.16944,0.60234,0.22361,0.59609,0.18194,0.58906,0.15417,0.58281,0.12917,0.61641,0.21250,0.61016,0.16667,0.60234,0.13750,0.59297,0.11250,0.62891,0.20972,0.62344,0.16250,0.61562,0.13056,0.60703,0.10694,0.64375,0.20833,0.63750,0.16806,0.63047,0.14028,0.62187,0.11667,0.58865,0.77049,0.9995,0.72114,0.73617,0.9278,0.64236,0.32043,0.9966,0.64441,0.36716,0.62422,0.33194,79.01,0.9514,live,0.3570,0.3595,202.59,563.59
147847.461406,60.0,0.0280,4,2,0,0.62656,0.36111,0.59766,0.32500,0.58906,0.27222,0.59219,0.22361,0.59922,0.18889,0.60781,0.24306,0.60156,0.19722,0.59453,0.16806,0.58672,0.14167,0.62187,0.23333,0.61562,0.18333,0.60703,0.15139,0.59766,0.12222,0.63516,0.23194,0.62969,0.18056,0.62187,0.14722,0.61328,0.11944,0.65000,0.23472,0.64531,0.19028,0.63828,0.16111,0.62969,0.13611,0.58872,0.77287,0.9995,0.72130,0.78902,0.9272,0.64302,0.35654,0.9967,0.64084,0.36595,0.62656,0.36111,82.67,0.9555,live,0.3472,0.3026,168.09,555.48
147847.527951,60.0,0.0946,4,2,0,0.62969,0.40694,0.60000,0.37083,0.59141,0.30972,0.59297,0.25833,0.59922,0.22222,0.60938,0.27500,0.60391,0.22500,0.59688,0.19444,0.58984,0.16667,0.62500,0.26528,0.61953,0.21250,0.61094,0.17917,0.60078,0.15000,0.63984,0.26528,0.63594,0.21111,0.62734,0.17778,0.61797,0.15000,0.65547,0.27083,0.65234,0.22361,0.64531,0.19444,0.63594,0.16944,0.58817,0.77831,0.9995,0.72109,0.86820,0.9239,0.64377,0.41838,0.9968,0.63861,0.37415,0.62969,0.40694,90.79,0.9446,live,0.3277,0.2391,132.49,554.19
147847.594567,60.0,0.1612,4,2,0,0.63281,0.46667,0.60469,0.43333,0.59375,0.36944,0.59688,0.31389,0.60313,0.27361,0.61406,0.31806,0.60938,0.26528,0.60234,0.23611,0.59375,0.21111,0.63125,0.31250,0.62656,0.25694,0.61797,0.22500,0.60781,0.19861,0.64687,0.31806,0.64453,0.26111,0.63750,0.22917,0.62813,0.20556,0.66328,0.33056,0.66172,0.28194,0.65625,0.25417,0.64766,0.23194,0.58817,0.77763,0.9995,0.71613,0.91956,0.9203,0.64392,0.46835,0.9969,0.63745,0.39265,0.63281,0.46667,97.45,0.9779,live,0.3009,0.1788,99.73,557.85
147847.661298,60.0,0.2279,4,2,0,0.63203,0.53333,0.60547,0.50278,0.59766,0.44583,0.60078,0.39444,0.60625,0.35417,0.61406,0.37917,0.61172,0.32917,0.60625,0.30556,0.60000,0.28472,0.63438,0.38056,0.63203,0.32778,0.62500,0.30278,0.61641,0.27778,0.65156,0.39444,0.65156,0.34444,0.64453,0.31667,0.63750,0.29306,0.67109,0.41944,0.67109,0.37639,0.66641,0.35139,0.65938,0.32778,0.58833,0.78104,0.9995,0.71554,0.96047,0.9185,0.64422,0.53607,0.9969,0.63637,0.42079,0.63203,0.53333,99.50,0.9843,live,0.2698,0.1278,71.88,562.55
147847.727979,60.0,0.2946,4,2,0,0.64922,0.56111,0.62266,0.55000,0.60625,0.52361,0.60078,0.49583,0.60234,0.46667,0.62422,0.45417,0.61953,0.41250,0.61250,0.40139,0.60547,0.39722,0.64453,0.45278,0.64219,0.41806,0.63438,0.40972,0.62656,0.40833,0.66250,0.46528,0.66172,0.43611,0.65469,0.42917,0.64609,0.43056,0.67812,0.48611,0.67734,0.46528,0.67188,0.45972,0.66484,0.45972,0.59042,0.78221,0.9995,0.70963,1.00000,0.9128,0.65183,0.62358,0.9965,0.63894,0.44885,0.64922,0.56111,74.95,0.7421,live,0.2439,0.1260,69.16,549.01
147847.794407,60.0,0.3610,4,2,0,0.64141,0.75417,0.61328,0.71806,0.59688,0.66389,0.59766,0.61944,0.60859,0.58056,0.62266,0.58056,0.62031,0.53333,0.61250,0.51389,0.60469,0.50972,0.64453,0.58056,0.64687,0.52222,0.63906,0.51667,0.63125,0.53056,0.66484,0.59861,0.67031,0.54167,0.66328,0.54167,0.65547,0.55972,0.68281,0.63056,0.68516,0.59167,0.67891,0.58889,0.67109,0.59861,0.59245,0.78798,0.9995,0.71523,1.00000,0.9038,0.65084,0.72535,0.9956,0.63943,0.50992,0.64141,0.75417,110.23,0.9828,live,0.2341,0.1895,106.59,562.49
147847.860863,60.0,0.4275,4,2,0,0.64141,0.80972,0.61250,0.78194,0.59531,0.73333,0.59688,0.69583,0.60391,0.65694,0.61953,0.64306,0.61875,0.59028,0.61016,0.58194,0.60156,0.59306,0.64297,0.64861,0.64844,0.58194,0.63828,0.58056,0.62813,0.60556,0.66328,0.67222,0.67266,0.61389,0.66094,0.61389,0.64844,0.63472,0.68203,0.71111,0.68906,0.67083,0.68047,0.66111,0.66875,0.66944,0.59895,0.78806,0.9995,0.71618,1.00000,0.9029,0.65249,0.78656,0.9951,0.63983,0.56988,0.64141,0.80972,105.26,0.9963,live,0.2389,0.2609,148.91,570.78
147847.927905,60.0,0.4945,4,2,0,0.63984,0.84028,0.61094,0.80972,0.59375,0.76111,0.59453,0.72778,0.60078,0.68889,0.61953,0.67083,0.61797,0.61667,0.60781,0.60833,0.59844,0.62500,0.64219,0.68056,0.64609,0.61250,0.63281,0.61667,0.61953,0.64444,0.66328,0.70556,0.67188,0.64444,0.65938,0.64444,0.64531,0.66806,0.68125,0.74861,0.68984,0.70556,0.68047,0.69861,0.66719,0.70694,0.60783,0.78872,0.9995,0.71245,1.00000,0.9078,0.65247,0.82195,0.9953,0.63983,0.62396,0.63984,0.84028,105.32,0.9980,live,0.2538,0.3218,186.05,578.12
147847.994801,60.0,0.5614,4,2,0,0.63984,0.82778,0.61172,0.79444,0.59453,0.74722,0.59453,0.71111,0.60391,0.67361,0.61875,0.65694,0.61875,0.60972,0.61016,0.59722,0.60234,0.60556,0.64219,0.66250,0.64609,0.60000,0.63438,0.59722,0.62344,0.62222,0.66328,0.68750,0.67266,0.62778,0.66016,0.62500,0.64687,0.64583,0.68125,0.72778,0.68906,0.68750,0.68047,0.67500,0.66875,0.68056,0.60193,0.79257,0.9995,0.71103,1.00000,0.9049,0.65249,0.80178,0.9950,0.63983,0.66472,0.63984,0.82778,107.31,0.9981,live,0.2742,0.3672,215.19,586.01
147848.061807,60.0,0.6284,4,2,0,0.63828,0.78889,0.61094,0.75000,0.59453,0.70139,0.59609,0.66389,0.60313,0.62361,0.62109,0.61528,0.62109,0.56667,0.61172,0.54861,0.60000,0.55278,0.64297,0.61944,0.64766,0.55694,0.63594,0.55000,0.62344,0.56944,0.66250,0.64167,0.67188,0.58194,0.66016,0.57361,0.64687,0.59028,0.67891,0.68194,0.68828,0.64167,0.68047,0.62500,0.66875,0.62639,0.60122,0.79278,0.9996,0.72444,1.00000,0.9076,0.65170,0.77302,0.9950,0.63952,0.68955,0.63828,0.78889,107.55,0.9957,live,0.2938,0.3830,227.14,593.12
147848.128120,60.0,0.6947,4,2,0,0.63984,0.74861,0.61016,0.70000,0.59531,0.64861,0.59688,0.60694,0.60234,0.56389,0.62187,0.56528,0.61875,0.52222,0.61016,0.50139,0.60078,0.49167,0.64297,0.56944,0.64531,0.51389,0.63672,0.49861,0.62656,0.50278,0.66172,0.58750,0.67109,0.53333,0.66094,0.51806,0.64844,0.52500,0.67891,0.62361,0.68594,0.58333,0.67891,0.56250,0.66719,0.55694,0.59707,0.79772,0.9996,0.72007,1.00000,0.9112,0.64771,0.74803,0.9951,0.63959,0.70137,0.63984,0.74861,112.56,0.9929,live,0.3073,0.3687,222.32,602.99
147848.194921,60.0,0.7615,4,2,0,0.63828,0.70694,0.61094,0.65417,0.59844,0.59861,0.59922,0.55278,0.60469,0.50833,0.62344,0.51806,0.62109,0.47361,0.61172,0.45000,0.60234,0.43472,0.64375,0.52083,0.64531,0.46806,0.63750,0.44861,0.62578,0.44306,0.66250,0.54028,0.67031,0.48333,0.66250,0.46667,0.65000,0.46667,0.67891,0.57639,0.68516,0.53333,0.67891,0.50833,0.66719,0.49722,0.59286,0.79770,0.9996,0.71339,1.00000,0.9134,0.64761,0.68182,0.9953,0.63933,0.70248,0.63828,0.70694,115.36,0.9933,live,0.3073,0.3306,202.87,613.68
147848.261428,60.0,0.8280,4,2,0,0.63594,0.66528,0.61016,0.61389,0.60156,0.55833,0.60234,0.51389,0.60625,0.46806,0.62344,0.47500,0.62187,0.43333,0.61406,0.40972,0.60625,0.39167,0.64531,0.48056,0.64687,0.42778,0.63984,0.40833,0.62813,0.39722,0.66328,0.49861,0.67188,0.44861,0.66406,0.42500,0.65312,0.41944,0.67969,0.53750,0.68437,0.49444,0.67891,0.46667,0.66875,0.45000,0.59103,0.79286,0.9996,0.71003,0.99361,0.9148,0.64795,0.63484,0.9955,0.63865,0.69504,0.63594,0.66528,116.02,0.9970,live,0.3073,0.2929,182.62,623.58
147848.328193,60.0,0.8948,4,2,0,0.63672,0.64028,0.61094,0.59028,0.60313,0.53333,0.60313,0.48611,0.60859,0.44167,0.62422,0.44861,0.62187,0.40833,0.61484,0.38333,0.60781,0.36111,0.64531,0.45139,0.64453,0.40000,0.63750,0.38333,0.62656,0.36806,0.66250,0.46806,0.66719,0.41667,0.66172,0.39444,0.65156,0.38611,0.68047,0.50278,0.68281,0.45694,0.67812,0.43056,0.66797,0.41389,0.59103,0.78937,0.9996,0.70977,0.97655,0.9172,0.64973,0.60710,0.9957,0.63826,0.68409,0.63672,0.64028,117.75,0.9960,live,0.2914,0.2189,138.66,633.53
147848.395023,60.0,0.9616,4,2,0,0.63672,0.63194,0.61094,0.58333,0.60234,0.52361,0.60234,0.47500,0.60781,0.42917,0.62422,0.44167,0.62266,0.39861,0.61484,0.37222,0.60703,0.35000,0.64531,0.44444,0.64453,0.39028,0.63750,0.37083,0.62656,0.35278,0.66172,0.46111,0.66719,0.40833,0.66094,0.38472,0.65000,0.37639,0.67969,0.49444,0.68281,0.44722,0.67812,0.42083,0.66875,0.40417,0.59099,0.78819,0.9997,0.70978,0.96643,0.9183,0.65042,0.58895,0.9957,0.63795,0.67366,0.63672,0.63194,116.79,0.9950,live,0.2657,0.1489,95.51,641.59
147848.461639,60.0,0.0283,4,3,0,0.63359,0.63056,0.60781,0.58194,0.59609,0.52361,0.59766,0.47361,0.60391,0.42639,0.62031,0.44028,0.61797,0.39722,0.61172,0.37222,0.60313,0.35139,0.64062,0.44306,0.64062,0.38750,0.63359,0.36806,0.62187,0.35833,0.65859,0.45833,0.66484,0.40278,0.65781,0.38194,0.64609,0.37917,0.67578,0.49167,0.67891,0.44861,0.67422,0.42083,0.66406,0.40417,0.58905,0.78839,0.9997,0.70944,0.96766,0.9165,0.64937,0.58914,0.9958,0.63708,0.66504,0.63359,0.63056,116.77,0.9932,live,0.2336,0.0873,56.65,648.67
147848.528225,60.0,0.0948,4,3,0,0.62500,0.64583,0.59922,0.59861,0.58672,0.54028,0.58750,0.49167,0.59062,0.44444,0.60938,0.45972,0.60781,0.41250,0.60000,0.38611,0.59141,0.37222,0.63047,0.46250,0.63125,0.40278,0.62187,0.38056,0.60859,0.37500,0.64844,0.48056,0.65625,0.41944,0.64766,0.39722,0.63438,0.39861,0.66563,0.51389,0.67031,0.46667,0.66328,0.44028,0.65156,0.43056,0.58948,0.78658,0.9997,0.70699,0.97078,0.9167,0.63996,0.59168,0.9959,0.63467,0.66120,0.62500,0.64583,114.46,0.9923,live,0.2000,0.0466,30.45,653.24
147848.595025,60.0,0.1616,4,3,0,0.61172,0.66528,0.58516,0.62361,0.56875,0.56528,0.56641,0.51806,0.57109,0.47500,0.59609,0.48611,0.59609,0.43472,0.58281,0.41389,0.56953,0.40556,0.61484,0.48611,0.62031,0.42083,0.60391,0.40556,0.58906,0.41250,0.63281,0.50278,0.64062,0.43611,0.62500,0.42500,0.60938,0.43472,0.64844,0.53333,0.65391,0.48333,0.64219,0.46528,0.62891,0.46667,0.58695,0.78699,0.9997,0.70673,0.97235,0.9182,0.62845,0.59958,0.9959,0.63008,0.66201,0.61172,0.66528,110.18,0.9859,live,0.1728,0.0491,32.12,654.19
147848.661862,60.0,0.2285,4,3,0,0.59219,0.69444,0.56406,0.65833,0.54453,0.60278,0.54141,0.55694,0.54297,0.51389,0.56797,0.52222,0.56563,0.45972,0.54688,0.45000,0.53203,0.45417,0.58750,0.52500,0.59062,0.44722,0.56875,0.44583,0.55391,0.46528,0.60547,0.54028,0.61094,0.47083,0.58984,0.46806,0.57344,0.48333,0.62344,0.56944,0.62578,0.51667,0.61016,0.50833,0.59609,0.51806,0.58828,0.79144,0.9997,0.69839,0.98760,0.9182,0.59915,0.62569,0.9957,0.62250,0.66850,0.59219,0.69444,106.79,0.9925,live,0.1519,0.0566,36.90,652.57
147848.728126,60.0,0.2947,4,3,0,0.56953,0.74167,0.54063,0.70417,0.51953,0.64722,0.51094,0.60278,0.50781,0.56389,0.54219,0.57083,0.53672,0.50556,0.51094,0.50000,0.49062,0.50556,0.55937,0.57500,0.55391,0.49444,0.52266,0.49722,0.50313,0.51667,0.57656,0.59167,0.57656,0.51667,0.54844,0.52083,0.53047,0.54028,0.59297,0.62083,0.59219,0.56667,0.57188,0.56250,0.55547,0.57500,0.59370,0.79480,0.9997,0.69187,1.00000,0.9174,0.57941,0.68406,0.9957,0.61190,0.68313,0.56953,0.74167,103.73,0.9947,live,0.1373,0.0709,45.99,648.95
147848.795237,60.0,0.3619,4,3,0,0.54766,0.77917,0.51406,0.74306,0.48828,0.69167,0.47344,0.65417,0.46328,0.61806,0.50703,0.60694,0.49297,0.55000,0.46484,0.56111,0.44531,0.58056,0.52422,0.61111,0.50781,0.53750,0.47422,0.55694,0.45469,0.58750,0.54219,0.62778,0.53281,0.55833,0.50000,0.57500,0.48047,0.60139,0.55937,0.65556,0.55000,0.60556,0.52500,0.60833,0.50703,0.62361,0.58718,0.79144,0.9997,0.68239,1.00000,0.9226,0.54999,0.72644,0.9960,0.59906,0.70234,0.54766,0.77917,106.24,0.9978,live,0.1289,0.0906,58.70,647.57
147848.861730,60.0,0.4283,4,3,0,0.52266,0.79722,0.47891,0.76250,0.44922,0.72083,0.43516,0.69028,0.42656,0.65833,0.47734,0.60278,0.45078,0.57083,0.42578,0.59028,0.40781,0.61806,0.49531,0.60833,0.46328,0.57361,0.43125,0.59722,0.41250,0.62639,0.51172,0.63194,0.48359,0.59861,0.45078,0.62222,0.43047,0.64861,0.52344,0.67222,0.50000,0.64583,0.47578,0.65694,0.45781,0.67222,0.58702,0.80117,0.9997,0.67028,1.00000,0.9259,0.52360,0.74247,0.9961,0.58378,0.72132,0.52266,0.79722,114.83,0.9984,live,0.1289,0.1258,82.08,652.54
147848.928256,60.0,0.4949,4,3,0,0.50391,0.80972,0.45234,0.77778,0.42031,0.73333,0.39922,0.70417,0.38438,0.67639,0.44688,0.62083,0.41563,0.59583,0.38594,0.60972,0.36328,0.63056,0.46328,0.62500,0.42422,0.59028,0.38984,0.61528,0.37109,0.64444,0.47734,0.64722,0.44297,0.61528,0.40859,0.64028,0.38906,0.66667,0.48672,0.68472,0.45859,0.65972,0.43203,0.67083,0.41484,0.68889,0.58424,0.79442,0.9996,0.65946,1.00000,0.9255,0.49462,0.76655,0.9956,0.56780,0.73900,0.50391,0.80972,114.62,0.9986,live,0.1347,0.1611,105.83,656.76
147848.995250,60.0,0.5619,4,3,0,0.47500,0.80417,0.42656,0.78194,0.39141,0.74306,0.36953,0.71528,0.35234,0.68611,0.41719,0.62361,0.38047,0.60417,0.35078,0.61528,0.32578,0.63194,0.43203,0.62500,0.38594,0.59861,0.35313,0.62222,0.33281,0.64722,0.44453,0.64444,0.40469,0.62222,0.37266,0.64444,0.35234,0.66667,0.45234,0.68194,0.41953,0.66528,0.39531,0.67639,0.37656,0.69028,0.58392,0.79329,0.9996,0.63861,1.00000,0.9235,0.45449,0.75655,0.9952,0.54924,0.75203,0.47500,0.80417,111.01,0.9986,live,0.1460,0.1977,130.07,657.88
147849.062481,60.0,0.6291,4,3,0,0.45781,0.79028,0.40703,0.77083,0.37109,0.72500,0.34687,0.69444,0.32500,0.66667,0.39844,0.61389,0.36094,0.59306,0.33047,0.60694,0.30781,0.62639,0.41328,0.61806,0.36719,0.59028,0.33281,0.61528,0.31250,0.64167,0.42500,0.63889,0.38359,0.61389,0.35000,0.63611,0.32969,0.65833,0.43281,0.67500,0.40000,0.65417,0.37500,0.66528,0.35625,0.67917,0.58280,0.79584,0.9992,0.63731,1.00000,0.9194,0.43260,0.75053,0.9920,0.53096,0.75968,0.45781,0.79028,108.91,0.9979,live,0.1610,0.2289,150.50,657.35
147849.128856,60.0,0.6955,4,3,0,0.44766,0.78056,0.39609,0.75694,0.36016,0.70972,0.33516,0.67778,0.31406,0.64861,0.38906,0.60556,0.35078,0.57917,0.32188,0.59028,0.30000,0.60972,0.40234,0.60833,0.35625,0.57500,0.32344,0.59583,0.30312,0.62083,0.41328,0.62500,0.37188,0.59722,0.33750,0.61528,0.31562,0.63611,0.41953,0.65833,0.38516,0.63611,0.35859,0.64444,0.33984,0.65694,0.57980,0.79482,0.9990,0.60890,0.99575,0.9072,0.41434,0.73335,0.9829,0.51430,0.76386,0.44766,0.78056,108.26,0.9971,live,0.1773,0.2519,165.35,656.42
147849.195286,60.0,0.7619,4,3,0,0.44062,0.76111,0.39062,0.74306,0.35703,0.69444,0.33437,0.66389,0.31250,0.63333,0.38359,0.58611,0.34687,0.55972,0.31875,0.56806,0.29688,0.58611,0.39766,0.58611,0.35234,0.55556,0.31953,0.57639,0.29844,0.60000,0.40937,0.60278,0.36797,0.57222,0.33281,0.59167,0.31016,0.61111,0.41563,0.63611,0.38047,0.61389,0.35469,0.62222,0.33594,0.63194,0.57778,0.79047,0.9987,0.61227,0.99047,0.9014,0.41483,0.71866,0.9806,0.49956,0.76331,0.44062,0.76111,108.30,0.9971,live,0.1925,0.2619,171.68,655.62
147849.262070,60.0,0.8287,4,3,0,0.44062,0.74861,0.39141,0.72500,0.35781,0.67778,0.33437,0.64722,0.31250,0.61667,0.38516,0.57222,0.34844,0.54861,0.32109,0.55417,0.29844,0.56806,0.39922,0.57222,0.35391,0.54167,0.32266,0.56111,0.30078,0.58472,0.41094,0.58750,0.36953,0.56111,0.33594,0.57639,0.31250,0.59444,0.41719,0.61944,0.38281,0.59722,0.35703,0.60278,0.33750,0.61250,0.57166,0.77898,0.9981,0.61224,0.97673,0.8906,0.42002,0.71417,0.9765,0.48777,0.76037,0.44062,0.74861,108.52,0.9962,live,0.2044,0.2583,169.18,655.08
147849.328737,60.0,0.8954,4,3,0,0.44219,0.73750,0.39687,0.71250,0.36484,0.66389,0.34297,0.63333,0.32266,0.60417,0.39219,0.56111,0.35547,0.53333,0.32734,0.53889,0.30312,0.55278,0.40547,0.55972,0.36094,0.52639,0.32734,0.54167,0.30469,0.56111,0.41641,0.57361,0.37500,0.54583,0.34141,0.55972,0.31797,0.57778,0.42266,0.60417,0.38906,0.58056,0.36328,0.58611,0.34453,0.59444,0.56972,0.77538,0.9979,0.61161,0.96873,0.8871,0.42306,0.69410,0.9769,0.47866,0.75579,0.44219,0.73750,106.90,0.9960,live,0.2118,0.2454,160.35,653.44
147849.395522,60.0,0.9621,4,3,0,0.45234,0.73333,0.40859,0.70556,0.37734,0.65556,0.35625,0.62361,0.33594,0.59583,0.40313,0.55556,0.36953,0.52500,0.34141,0.52778,0.31797,0.54028,0.41719,0.55417,0.37578,0.51667,0.34297,0.52917,0.32109,0.54861,0.42812,0.56944,0.38828,0.53472,0.35469,0.54583,0.33281,0.56250,0.43359,0.59861,0.40156,0.57083,0.37578,0.57639,0.35781,0.58611,0.56998,0.77495,0.9980,0.61324,0.96942,0.8892,0.43264,0.69181,0.9785,0.47339,0.75130,0.45234,0.73333,107.26,0.9960,live,0.2118,0.2216,144.57,652.25
147849.462162,60.0,0.0288,4,4,0,0.46563,0.73056,0.42344,0.70278,0.39375,0.65278,0.37422,0.61806,0.35703,0.58472,0.42031,0.55833,0.39141,0.51528,0.36250,0.51806,0.33906,0.53056,0.43438,0.55694,0.39766,0.50694,0.36484,0.52083,0.34375,0.54028,0.44531,0.57083,0.41172,0.52500,0.37656,0.53889,0.35469,0.55694,0.45312,0.59722,0.42500,0.56389,0.39844,0.56944,0.37891,0.58056,0.57150,0.77634,0.9982,0.63587,0.98014,0.8949,0.46276,0.69150,0.9801,0.47184,0.74715,0.46563,0.73056,103.99,0.9967,live,0.2118,0.1913,124.13,648.85
147849.528907,60.0,0.0955,4,4,0,0.48906,0.74028,0.44609,0.70833,0.41563,0.65833,0.39609,0.62361,0.38359,0.58611,0.44375,0.56389,0.41719,0.52222,0.38984,0.52361,0.36641,0.53333,0.45781,0.56528,0.42578,0.51528,0.39297,0.52778,0.37109,0.54583,0.47109,0.58056,0.44141,0.53611,0.40703,0.54861,0.38594,0.56528,0.47969,0.60833,0.45391,0.57222,0.42891,0.57639,0.41172,0.58611,0.57272,0.77660,0.9983,0.65070,0.98321,0.8997,0.48470,0.69247,0.9818,0.47528,0.74578,0.48906,0.74028,105.90,0.9973,live,0.2014,0.1544,99.92,647.24
147849.595590,60.0,0.1622,4,4,0,0.51328,0.75833,0.47344,0.72083,0.44609,0.66806,0.43125,0.63056,0.42031,0.59583,0.47187,0.57917,0.45156,0.53333,0.42500,0.53611,0.40156,0.55000,0.48750,0.58194,0.46484,0.52639,0.43203,0.53611,0.41094,0.55833,0.50313,0.59722,0.48281,0.54444,0.45000,0.55556,0.42812,0.57500,0.51562,0.62778,0.49531,0.58889,0.47109,0.59167,0.45312,0.60000,0.57064,0.78533,0.9984,0.65933,0.99731,0.9066,0.51082,0.69797,0.9834,0.48288,0.74829,0.51328,0.75833,107.69,0.9972,live,0.1865,0.1186,76.78,647.11
147849.662501,60.0,0.2291,4,4,0,0.54531,0.77778,0.51250,0.74306,0.48984,0.69444,0.47734,0.65833,0.46641,0.61944,0.50781,0.61528,0.49688,0.55694,0.47266,0.55972,0.45234,0.57500,0.52500,0.61806,0.51797,0.54722,0.48750,0.55694,0.46797,0.57917,0.54297,0.63472,0.53906,0.56806,0.51016,0.57778,0.48984,0.59722,0.56016,0.66111,0.55312,0.61389,0.53203,0.61667,0.51562,0.62778,0.57307,0.78600,0.9985,0.67965,1.00000,0.9121,0.55035,0.72473,0.9848,0.49537,0.75419,0.54531,0.77778,101.29,0.9911,live,0.1686,0.0870,55.88,642.39
147849.728932,60.0,0.2955,4,4,0,0.59062,0.79583,0.56016,0.76111,0.53828,0.70833,0.53047,0.66667,0.52812,0.63472,0.55859,0.62778,0.55781,0.56667,0.53750,0.56528,0.52031,0.58194,0.57656,0.63472,0.58125,0.55972,0.55781,0.56111,0.54219,0.58333,0.59531,0.65417,0.60078,0.58750,0.57891,0.59028,0.56484,0.61111,0.61328,0.68333,0.61641,0.64028,0.60156,0.63750,0.58984,0.64861,0.58834,0.79207,0.9986,0.68365,1.00000,0.9083,0.58901,0.73026,0.9854,0.51442,0.76252,0.59062,0.79583,102.95,0.9917,live,0.1540,0.0875,55.95,639.42
147849.795691,60.0,0.3623,4,4,0,0.63750,0.80556,0.60547,0.77083,0.58984,0.72361,0.59297,0.67778,0.60703,0.64167,0.60703,0.64444,0.61719,0.58056,0.60781,0.57083,0.59766,0.58611,0.62500,0.64306,0.63594,0.58056,0.62578,0.56944,0.61484,0.58611,0.64297,0.65278,0.65547,0.59861,0.64844,0.59167,0.64062,0.60694,0.65938,0.67361,0.67109,0.64028,0.66875,0.63056,0.66484,0.63889,0.59764,0.79818,0.9987,0.71819,1.00000,0.9088,0.66141,0.77913,0.9862,0.53904,0.77112,0.63750,0.80556,102.43,0.8932,live,0.1540,0.1382,87.93,636.44
147849.862687,60.0,0.4293,4,4,0,0.68359,0.82083,0.65625,0.77639,0.65000,0.71250,0.66172,0.65972,0.67969,0.62083,0.65938,0.65833,0.67188,0.59306,0.68828,0.57222,0.70312,0.57639,0.67500,0.66528,0.69375,0.60278,0.70703,0.58472,0.71797,0.58472,0.68906,0.68333,0.70703,0.63194,0.71953,0.61667,0.73203,0.61667,0.70234,0.70833,0.71484,0.67500,0.72656,0.66250,0.73750,0.65833,0.59781,0.80527,0.9988,0.71092,1.00000,0.9011,0.70298,0.79594,0.9868,0.56795,0.78107,0.68359,0.82083,95.95,0.9685,live,0.1622,0.1997,125.61,629.15
147849.929170,60.0,0.4958,4,4,0,0.72188,0.81250,0.70000,0.76111,0.69297,0.70278,0.70703,0.66250,0.72813,0.63194,0.71328,0.63056,0.72578,0.58611,0.73984,0.57083,0.75547,0.56806,0.73203,0.64583,0.74922,0.60139,0.76406,0.58333,0.77891,0.57361,0.74766,0.67361,0.76484,0.63611,0.77812,0.62083,0.79219,0.61250,0.76094,0.71250,0.77578,0.68889,0.78594,0.67500,0.79531,0.66111,0.59749,0.80657,0.9989,0.72734,1.00000,0.9019,0.74465,0.78668,0.9875,0.59873,0.78735,0.72188,0.81250,106.17,0.9643,live,0.1802,0.2621,165.16,630.10
147849.995569,60.0,0.5622,4,4,0,0.75078,0.79861,0.73125,0.74306,0.72813,0.68889,0.74531,0.65417,0.76641,0.62917,0.75469,0.61806,0.76094,0.58056,0.76953,0.56250,0.78047,0.55972,0.77969,0.62917,0.79219,0.58333,0.80156,0.56806,0.81016,0.56389,0.79922,0.65417,0.81563,0.61528,0.82500,0.59861,0.83359,0.59861,0.81484,0.69444,0.83125,0.66806,0.84062,0.65139,0.85000,0.64306,0.59894,0.80639,0.9990,0.72045,1.00000,0.9001,0.76451,0.78390,0.9883,0.62914,0.78960,0.75078,0.79861,115.83,0.9666,live,0.2053,0.3195,203.81,637.89
147850.062677,60.0,0.6293,4,4,0,0.76641,0.78750,0.75156,0.73750,0.75078,0.68611,0.76797,0.64861,0.78906,0.62083,0.78125,0.60972,0.78672,0.57500,0.79688,0.56111,0.80703,0.55972,0.80781,0.62083,0.82031,0.57639,0.82969,0.55972,0.83437,0.55972,0.82812,0.64861,0.84531,0.60556,0.85469,0.58889,0.85469,0.60139,0.84375,0.68611,0.86016,0.65556,0.87031,0.63889,0.87109,0.64306,0.59911,0.80722,0.9991,0.71830,1.00000,0.9019,0.77766,0.78239,0.9890,0.65660,0.78918,0.76641,0.78750,120.17,0.9926,live,0.2334,0.3615,234.21,647.86
147850.128989,60.0,0.6956,4,4,0,0.77891,0.78750,0.76250,0.73750,0.76406,0.68472,0.78516,0.64583,0.80703,0.61389,0.79297,0.61111,0.80156,0.57083,0.81406,0.55694,0.82500,0.56250,0.81953,0.62222,0.83359,0.57361,0.84531,0.55694,0.85078,0.56528,0.83906,0.64861,0.85703,0.60417,0.86875,0.58750,0.87031,0.60139,0.85313,0.68333,0.87266,0.65139,0.88359,0.63750,0.88516,0.64583,0.59928,0.80750,0.9992,0.72082,1.00000,0.9042,0.78809,0.77391,0.9897,0.68106,0.78885,0.77891,0.78750,118.02,0.9768,live,0.2616,0.3899,255.40,655.09
147850.195956,60.0,0.7626,4,4,0,0.78281,0.78750,0.76875,0.73750,0.77031,0.68611,0.79141,0.64583,0.81328,0.61389,0.79766,0.60972,0.80781,0.56806,0.81953,0.55694,0.82969,0.56528,0.82422,0.62083,0.83906,0.57083,0.85000,0.55694,0.85547,0.56667,0.84453,0.64722,0.86250,0.60278,0.87422,0.59028,0.87500,0.60556,0.85859,0.68333,0.87813,0.65278,0.88906,0.63889,0.89141,0.64583,0.59921,0.80704,0.9992,0.72353,1.00000,0.9017,0.79116,0.76224,0.9903,0.70141,0.78858,0.78281,0.78750,119.38,0.9815,live,0.2865,0.4000,264.96,662.43
147850.263412,60.0,0.8300,4,4,0,0.78047,0.78333,0.76719,0.73333,0.77109,0.68056,0.79297,0.64444,0.81484,0.61528,0.79922,0.60972,0.80781,0.56944,0.81875,0.55417,0.82891,0.55833,0.82578,0.62083,0.83984,0.56944,0.85078,0.55417,0.85703,0.56250,0.84531,0.64583,0.86406,0.60000,0.87344,0.58472,0.87500,0.60278,0.85938,0.68194,0.87969,0.64861,0.89062,0.63333,0.89297,0.64028,0.59948,0.80712,0.9993,0.72728,1.00000,0.9000,0.79415,0.76103,0.9909,0.71722,0.78753,0.78047,0.78333,118.85,0.9751,live,0.3050,0.3894,260.32,668.51
147850.329293,60.0,0.8959,4,4,0,0.77891,0.77500,0.76562,0.72361,0.76719,0.67222,0.78594,0.63194,0.80703,0.60000,0.79453,0.59722,0.80391,0.55833,0.81641,0.54583,0.82734,0.54861,0.82109,0.60833,0.83516,0.55694,0.84609,0.54167,0.85156,0.54444,0.84062,0.63194,0.85781,0.58750,0.86875,0.57222,0.86797,0.58611,0.85547,0.66806,0.87344,0.63750,0.88359,0.62222,0.88516,0.62778,0.60033,0.80722,0.9993,0.72927,1.00000,0.9005,0.79136,0.75222,0.9914,0.72956,0.78502,0.77891,0.77500,119.74,0.9826,live,0.3153,0.3621,244.23,674.51
147850.395726,60.0,0.9623,4,4,0,0.76875,0.75417,0.75547,0.70139,0.75469,0.64861,0.77266,0.60972,0.79219,0.57917,0.78047,0.57500,0.78828,0.53472,0.80078,0.52083,0.81094,0.52500,0.80625,0.58472,0.81953,0.53472,0.83125,0.51944,0.83672,0.52639,0.82656,0.60833,0.84375,0.56389,0.85391,0.54722,0.85547,0.55972,0.84141,0.64583,0.85859,0.61528,0.86953,0.60000,0.87344,0.60278,0.60118,0.80716,0.9994,0.72887,1.00000,0.8991,0.78777,0.74551,0.9920,0.73740,0.77885,0.76875,0.75417,118.89,0.9889,live,0.3153,0.3196,217.03,679.16
147850.463042,60.0,0.0297,4,1,1,0.75000,0.73611,0.73594,0.68056,0.73594,0.62639,0.74922,0.58472,0.76562,0.55417,0.75938,0.55139,0.76328,0.51389,0.77031,0.49722,0.77891,0.49306,0.78359,0.56250,0.79375,0.51667,0.80078,0.50139,0.80703,0.49306,0.80312,0.58611,0.81641,0.54444,0.82422,0.52500,0.82812,0.52778,0.81875,0.62361,0.83125,0.59028,0.83984,0.56944,0.84453,0.56111,0.60161,0.80803,0.9994,0.72850,1.00000,0.9000,0.78297,0.73904,0.9924,0.73992,0.77030,0.75000,0.73611,119.35,0.9904,live,0.3063,0.2651,181.25,683.60
147850.529314,60.0,0.0959,4,1,1,0.73359,0.69583,0.71328,0.64722,0.71016,0.59028,0.72266,0.54444,0.73594,0.50556,0.73281,0.51250,0.73750,0.46389,0.74062,0.44583,0.74141,0.45417,0.75547,0.51944,0.76484,0.46389,0.76797,0.44861,0.76562,0.45556,0.77578,0.53889,0.78828,0.48611,0.79063,0.46944,0.78516,0.48472,0.79453,0.57083,0.80703,0.52500,0.80781,0.50972,0.80156,0.52083,0.60033,0.81187,0.9994,0.72857,1.00000,0.9025,0.76733,0.70142,0.9930,0.73865,0.75541,0.73359,0.69583,117.66,0.9924,live,0.2889,0.2097,143.91,686.28
147850.595866,60.0,0.1625,4,1,1,0.70859,0.65556,0.68672,0.60000,0.68203,0.54028,0.69219,0.49167,0.69766,0.44722,0.70234,0.47083,0.70625,0.42222,0.70312,0.39861,0.69766,0.39306,0.72344,0.47778,0.73047,0.42361,0.72813,0.40000,0.71953,0.39306,0.74062,0.49722,0.75156,0.44722,0.74922,0.41806,0.74219,0.41250,0.75703,0.53194,0.76484,0.49306,0.76562,0.46528,0.76172,0.44861,0.59743,0.81148,0.9995,0.73380,1.00000,0.9036,0.72811,0.65281,0.9934,0.73264,0.73544,0.70859,0.65556,113.45,0.9891,live,0.2667,0.1655,113.45,685.61
147850.662971,60.0,0.2296,4,1,1,0.68594,0.60694,0.65781,0.54861,0.64766,0.49306,0.65234,0.44167,0.65859,0.40000,0.66719,0.42083,0.66406,0.37361,0.65781,0.34861,0.65078,0.32917,0.68750,0.41944,0.68828,0.36667,0.68203,0.34306,0.67188,0.32500,0.70547,0.43194,0.70859,0.38333,0.70312,0.35278,0.69297,0.34444,0.72422,0.45694,0.72891,0.41389,0.72500,0.38889,0.71641,0.37639,0.59764,0.79921,0.9995,0.74963,0.97423,0.9067,0.70021,0.58131,0.9937,0.72330,0.70974,0.68594,0.60694,116.81,0.9775,live,0.2434,0.1374,94.45,687.44
147850.729333,60.0,0.2959,4,1,1,0.65859,0.55417,0.62656,0.48750,0.61484,0.42778,0.61719,0.37361,0.62031,0.32917,0.63281,0.36667,0.62656,0.32083,0.61797,0.29444,0.60781,0.26944,0.65156,0.36111,0.64922,0.30972,0.64141,0.28194,0.63047,0.25694,0.66953,0.36944,0.67188,0.31944,0.66484,0.29306,0.65391,0.27500,0.68750,0.39167,0.68984,0.34722,0.68516,0.31944,0.67500,0.30000,0.59595,0.79499,0.9995,0.74720,0.92972,0.9110,0.66962,0.51231,0.9942,0.71036,0.67863,0.65859,0.55417,118.31,0.9759,live,0.2239,0.1351,93.26,690.13
147850.796204,60.0,0.3628,4,1,1,0.63984,0.49306,0.60391,0.42639,0.59141,0.36806,0.59219,0.31389,0.59375,0.26667,0.60859,0.30972,0.60156,0.26528,0.59219,0.23611,0.58359,0.20694,0.62578,0.30417,0.62109,0.25278,0.61250,0.22083,0.60234,0.18889,0.64219,0.30972,0.64219,0.25972,0.63516,0.22917,0.62422,0.20417,0.66094,0.32778,0.66172,0.28194,0.65625,0.25556,0.64687,0.23333,0.59221,0.78813,0.9995,0.73687,0.89383,0.9082,0.64905,0.47137,0.9944,0.69626,0.64151,0.63984,0.49306,116.35,0.9710,live,0.2146,0.1723,119.06,691.08
147850.862724,60.0,0.4293,4,1,1,0.62891,0.42917,0.59219,0.36667,0.57969,0.30833,0.57969,0.25278,0.58125,0.20556,0.59531,0.25833,0.58750,0.20972,0.57891,0.18194,0.56875,0.15278,0.61172,0.24861,0.60547,0.19583,0.59688,0.16389,0.58594,0.13472,0.62734,0.25139,0.62500,0.20000,0.61719,0.16806,0.60547,0.14444,0.64531,0.26528,0.64375,0.21806,0.63828,0.19167,0.62969,0.16806,0.59095,0.78237,0.9995,0.73124,0.83708,0.9076,0.63965,0.42337,0.9947,0.68279,0.59904,0.62891,0.42917,111.55,0.9447,live,0.2146,0.2239,154.16,688.47
147850.929679,60.0,0.4963,4,1,1,0.62109,0.37500,0.58672,0.32222,0.57578,0.26250,0.57578,0.20833,0.57812,0.16389,0.59062,0.20972,0.58359,0.16528,0.57422,0.13889,0.56406,0.11250,0.60625,0.20139,0.60078,0.15139,0.59141,0.12222,0.57891,0.09583,0.62187,0.20278,0.61953,0.15278,0.61172,0.12361,0.60000,0.10000,0.63906,0.21528,0.63672,0.17083,0.63047,0.14444,0.62109,0.12222,0.59050,0.77885,0.9995,0.72427,0.79993,0.9071,0.64034,0.37728,0.9949,0.67045,0.55423,0.62109,0.37500,107.77,0.9722,live,0.2246,0.2700,184.56,683.45
147850.996336,60.0,0.5629,4,1,1,0.61562,0.33056,0.58281,0.28611,0.57266,0.22778,0.57422,0.17500,0.57734,0.13333,0.58906,0.18333,0.58203,0.13750,0.57422,0.11389,0.56484,0.09028,0.60547,0.17361,0.60000,0.12500,0.58984,0.09722,0.57812,0.07222,0.62031,0.17500,0.61797,0.12361,0.60938,0.09583,0.59844,0.07361,0.63672,0.18333,0.63438,0.14028,0.62813,0.11528,0.61875,0.09167,0.58962,0.77384,0.9995,0.71779,0.77431,0.9087,0.63604,0.34371,0.9952,0.65948,0.50950,0.61562,0.33056,98.86,0.9716,live,0.2415,0.3184,214.15,672.61
147851.063281,60.0,0.6299,4,1,1,0.61562,0.30556,0.58437,0.26667,0.57422,0.21111,0.57500,0.16111,0.57812,0.12083,0.59062,0.17222,0.58437,0.12778,0.57578,0.10278,0.56641,0.08194,0.60547,0.16250,0.60000,0.11389,0.58984,0.08611,0.57812,0.06250,0.61953,0.16111,0.61641,0.10972,0.60859,0.08194,0.59688,0.05972,0.63516,0.16667,0.63281,0.12361,0.62656,0.09722,0.61719,0.07500,0.58835,0.77392,0.9995,0.71245,0.72784,0.9101,0.63285,0.32429,0.9954,0.65071,0.46871,0.61562,0.30556,91.31,0.9714,live,0.2624,0.3575,235.12,657.64
147851.129061,60.0,0.6957,4,1,1,0.61562,0.29583,0.58359,0.25278,0.57500,0.20278,0.57656,0.15417,0.57969,0.11667,0.59219,0.16944,0.58516,0.12500,0.57734,0.10000,0.56797,0.07917,0.60703,0.15972,0.60078,0.11111,0.59219,0.08333,0.57969,0.05972,0.62031,0.15833,0.61719,0.10833,0.60938,0.07917,0.59844,0.05833,0.63594,0.16250,0.63281,0.12083,0.62656,0.09444,0.61719,0.07222,0.58663,0.76986,0.9995,0.70895,0.70832,0.9139,0.63433,0.30687,0.9956,0.64369,0.43413,0.61562,0.29583,87.53,0.9692,live,0.2884,0.4072,261.31,641.74
147851.196544,60.0,0.7632,4,1,1,0.61484,0.29167,0.58437,0.25139,0.57656,0.20000,0.57891,0.15139,0.58125,0.11389,0.59219,0.17083,0.58594,0.12778,0.57891,0.10278,0.57031,0.08194,0.60703,0.16111,0.60156,0.11389,0.59297,0.08611,0.58203,0.06111,0.62109,0.15972,0.61797,0.10972,0.61016,0.08194,0.60000,0.05972,0.63594,0.16250,0.63281,0.12083,0.62734,0.09583,0.61797,0.07361,0.58618,0.76882,0.9994,0.70644,0.71308,0.9166,0.63450,0.30526,0.9958,0.63792,0.40564,0.61484,0.29167,84.85,0.9678,live,0.3069,0.3910,244.71,625.83
147851.263101,60.0,0.8297,4,1,1,0.61406,0.29167,0.58516,0.25417,0.57734,0.20417,0.57969,0.15694,0.58437,0.12083,0.59531,0.17361,0.58906,0.13194,0.58047,0.10694,0.57266,0.08611,0.60859,0.16528,0.60391,0.11944,0.59453,0.09167,0.58359,0.06667,0.62266,0.16389,0.61953,0.11528,0.61172,0.08611,0.60156,0.06389,0.63750,0.16667,0.63516,0.12500,0.62891,0.10000,0.62031,0.07917,0.58482,0.76931,0.9994,0.70613,0.70689,0.9190,0.63494,0.30115,0.9960,0.63315,0.38285,0.61406,0.29167,82.17,0.9702,live,0.3209,0.3849,234.77,609.89
147851.329603,60.0,0.8962,4,1,1,0.61719,0.29861,0.58750,0.26111,0.57969,0.21111,0.58203,0.16389,0.58672,0.12917,0.59922,0.18333,0.59219,0.14028,0.58437,0.11528,0.57578,0.09306,0.61250,0.17361,0.60703,0.12778,0.59844,0.09861,0.58672,0.07500,0.62656,0.17222,0.62266,0.12361,0.61484,0.09444,0.60469,0.07222,0.64141,0.17500,0.63828,0.13333,0.63203,0.10833,0.62266,0.08750,0.58474,0.76893,0.9994,0.70437,0.70940,0.9223,0.63549,0.30559,0.9963,0.62996,0.36600,0.61719,0.29861,81.23,0.9605,live,0.3284,0.3625,215.76,595.19
147851.396291,60.0,0.9629,4,1,1,0.61953,0.30972,0.58984,0.26944,0.58281,0.22083,0.58516,0.17361,0.58984,0.13889,0.60234,0.19167,0.59531,0.15139,0.58828,0.12500,0.57969,0.10139,0.61641,0.18333,0.61094,0.13750,0.60234,0.10833,0.59141,0.08333,0.63047,0.18194,0.62656,0.13333,0.61875,0.10417,0.60859,0.08194,0.64531,0.18472,0.64219,0.14306,0.63594,0.11806,0.62656,0.09722,0.58569,0.76957,0.9994,0.70823,0.71307,0.9233,0.63585,0.30642,0.9964,0.62787,0.35474,0.61953,0.30972,82.49,0.9624,live,0.3284,0.3248,189.42,583.16
147851.462944,60.0,0.0296,4,2,0,0.62031,0.32917,0.59062,0.29028,0.58359,0.23611,0.58594,0.18889,0.59141,0.15417,0.60547,0.20556,0.59922,0.16389,0.59141,0.13889,0.58125,0.11667,0.62031,0.19583,0.61484,0.15139,0.60625,0.12083,0.59453,0.09583,0.63438,0.19583,0.63125,0.14861,0.62344,0.11806,0.61250,0.09444,0.64922,0.20139,0.64687,0.15972,0.63984,0.13472,0.62969,0.11389,0.58579,0.76984,0.9994,0.70920,0.74532,0.9232,0.63762,0.32517,0.9965,0.62636,0.34963,0.62031,0.32917,85.56,0.9616,live,0.3187,0.2745,157.75,574.79
147851.529640,60.0,0.0963,4,2,0,0.62187,0.36389,0.59297,0.32639,0.58437,0.26806,0.58594,0.21806,0.59141,0.18194,0.60625,0.23194,0.60000,0.18611,0.59141,0.15972,0.58203,0.13750,0.62109,0.22222,0.61562,0.17500,0.60703,0.14444,0.59531,0.11944,0.63594,0.22361,0.63281,0.17361,0.62422,0.14306,0.61328,0.12083,0.65156,0.23056,0.65000,0.18750,0.64297,0.16111,0.63203,0.14167,0.58610,0.77291,0.9994,0.71272,0.78999,0.9216,0.63769,0.36747,0.9965,0.62546,0.35248,0.62187,0.36389,90.09,0.9534,live,0.3112,0.2772,158.17,570.67
147851.596061,60.0,0.1627,4,2,0,0.62344,0.41389,0.59531,0.37917,0.58437,0.31944,0.58516,0.26806,0.58984,0.22917,0.60469,0.27222,0.59844,0.22639,0.58984,0.20000,0.58047,0.17917,0.62109,0.26528,0.61641,0.21389,0.60703,0.18472,0.59609,0.16389,0.63672,0.26944,0.63438,0.21528,0.62656,0.18750,0.61562,0.16806,0.65312,0.28056,0.65234,0.23611,0.64609,0.21250,0.63594,0.19444,0.58620,0.77531,0.9994,0.71368,0.87202,0.9176,0.63900,0.43008,0.9965,0.62506,0.36476,0.62344,0.41389,94.34,0.9804,live,0.2941,0.2162,123.25,570.12
147851.663355,60.0,0.2300,4,2,0,0.62500,0.47778,0.59844,0.45000,0.58750,0.39167,0.58672,0.34028,0.59062,0.30139,0.60703,0.33333,0.60078,0.28472,0.59219,0.26250,0.58203,0.24583,0.62578,0.32917,0.62266,0.27500,0.61406,0.25000,0.60313,0.23750,0.64297,0.33889,0.64375,0.28333,0.63594,0.25972,0.62578,0.25000,0.66172,0.35833,0.66250,0.31389,0.65547,0.29028,0.64453,0.27778,0.58609,0.78079,0.9994,0.71587,0.92430,0.9163,0.63963,0.48907,0.9966,0.62505,0.38737,0.62500,0.47778,95.95,0.9928,live,0.2618,0.1145,65.36,570.79
147851.729835,60.0,0.2964,4,2,0,0.63906,0.53472,0.60938,0.51806,0.59375,0.48056,0.59062,0.44028,0.59141,0.40556,0.61406,0.40417,0.60781,0.35972,0.59844,0.34444,0.58984,0.34028,0.63438,0.39861,0.62969,0.35139,0.62187,0.33750,0.61406,0.34028,0.65234,0.40972,0.65312,0.36250,0.64609,0.35139,0.63828,0.35972,0.67109,0.43333,0.67109,0.40139,0.66484,0.39167,0.65703,0.39583,0.58663,0.78122,0.9994,0.71583,0.96789,0.9155,0.63991,0.55732,0.9967,0.62785,0.41684,0.63906,0.53472,89.29,0.9501,live,0.2309,0.0902,51.12,566.58
147851.796724,60.0,0.3633,4,2,0,0.64141,0.69444,0.61406,0.65972,0.59844,0.60694,0.59609,0.56528,0.60156,0.52639,0.62344,0.52500,0.61953,0.47917,0.61016,0.45278,0.59922,0.44028,0.64531,0.52361,0.64844,0.46111,0.63984,0.45000,0.62969,0.46111,0.66563,0.54028,0.67109,0.47917,0.66094,0.47639,0.65000,0.49444,0.68359,0.57083,0.68828,0.52639,0.67812,0.52778,0.66797,0.54861,0.59254,0.78651,0.9994,0.71465,1.00000,0.9120,0.64001,0.65860,0.9965,0.63056,0.47236,0.64141,0.69444,108.78,0.9885,live,0.2171,0.1542,88.97,576.92
147851.863459,60.0,0.4301,4,2,0,0.64531,0.75833,0.61719,0.74028,0.60000,0.69583,0.59922,0.65972,0.60391,0.62222,0.62500,0.59583,0.62500,0.53750,0.61484,0.52639,0.60391,0.53333,0.64766,0.60278,0.65391,0.53472,0.64297,0.54306,0.63125,0.57361,0.66875,0.62778,0.67812,0.56667,0.66484,0.57639,0.65234,0.60417,0.68906,0.66528,0.69609,0.62083,0.68594,0.62917,0.67422,0.65139,0.59440,0.79018,0.9994,0.72294,1.00000,0.9082,0.64631,0.75790,0.9959,0.63351,0.52955,0.64531,0.75833,103.81,0.9946,live,0.2171,0.2232,130.00,582.43
147851.930016,60.0,0.4966,4,2,0,0.64687,0.81528,0.61953,0.80000,0.60000,0.75972,0.59844,0.72778,0.60391,0.69028,0.62266,0.65417,0.62344,0.59861,0.61641,0.58472,0.60781,0.59306,0.64687,0.66250,0.65391,0.59167,0.64297,0.60694,0.63203,0.64306,0.66953,0.68611,0.67891,0.62222,0.66719,0.64167,0.65547,0.67500,0.68984,0.72500,0.70000,0.68056,0.68984,0.69306,0.67812,0.71806,0.59704,0.79622,0.9994,0.71840,1.00000,0.9026,0.65162,0.82568,0.9956,0.63618,0.58670,0.64687,0.81528,103.80,0.9965,live,0.2305,0.2917,171.28,587.28
147851.996909,60.0,0.5635,4,2,0,0.64609,0.83750,0.61719,0.81250,0.60000,0.76528,0.59844,0.73611,0.60313,0.69722,0.62422,0.66667,0.62734,0.61111,0.61875,0.59444,0.60859,0.60417,0.64844,0.67500,0.65391,0.60556,0.64141,0.62083,0.62969,0.65556,0.67031,0.70000,0.67969,0.63611,0.66641,0.65139,0.65391,0.68472,0.69141,0.74028,0.70234,0.69306,0.68984,0.70556,0.67500,0.73333,0.59877,0.80180,0.9994,0.71635,1.00000,0.8971,0.65522,0.82959,0.9948,0.63817,0.63686,0.64609,0.83750,108.78,0.9976,live,0.2518,0.3486,207.49,595.12
147852.063532,60.0,0.6301,4,2,0,0.64687,0.81111,0.61797,0.78333,0.60156,0.73611,0.60078,0.70000,0.60703,0.66250,0.62422,0.63889,0.62422,0.58611,0.61719,0.56806,0.60938,0.57778,0.64844,0.64583,0.65391,0.57778,0.64297,0.58472,0.63125,0.61806,0.67109,0.66944,0.68047,0.60694,0.66875,0.61667,0.65625,0.65000,0.69141,0.70833,0.70156,0.66111,0.69141,0.66667,0.67812,0.69167,0.59959,0.80169,0.9994,0.71621,1.00000,0.8936,0.65864,0.80941,0.9944,0.63991,0.67171,0.64687,0.81111,109.81,0.9975,live,0.2753,0.3826,230.63,602.77
147852.129802,60.0,0.6964,4,2,0,0.64375,0.77083,0.61641,0.73750,0.60078,0.68750,0.60000,0.65139,0.60703,0.61111,0.62734,0.59306,0.62969,0.54028,0.61953,0.51944,0.60703,0.52361,0.65000,0.60139,0.65625,0.53472,0.64297,0.53333,0.63047,0.56111,0.67031,0.62500,0.67969,0.55972,0.66563,0.56250,0.65312,0.59167,0.68906,0.66250,0.69922,0.61111,0.68906,0.60972,0.67656,0.63194,0.59834,0.80353,0.9994,0.72618,1.00000,0.8956,0.65835,0.78681,0.9943,0.64068,0.69153,0.64375,0.77083,110.67,0.9980,live,0.2954,0.3870,236.12,610.12
147852.196950,60.0,0.7636,4,2,0,0.64687,0.73194,0.61719,0.69167,0.60234,0.63889,0.60313,0.59861,0.60781,0.55556,0.62891,0.55000,0.62891,0.49861,0.61875,0.47778,0.60781,0.47500,0.65078,0.55417,0.65703,0.48889,0.64375,0.48056,0.63203,0.50000,0.67031,0.57361,0.68125,0.50972,0.66797,0.50278,0.65625,0.52361,0.68828,0.60972,0.70000,0.55972,0.68984,0.54861,0.67812,0.56111,0.59201,0.80163,0.9995,0.71702,1.00000,0.8961,0.65832,0.72037,0.9943,0.64192,0.69962,0.64687,0.73194,112.79,0.9947,live,0.3080,0.3654,225.86,618.11
147852.264065,60.0,0.8307,4,2,0,0.64844,0.69167,0.61875,0.65000,0.60547,0.59583,0.60703,0.55278,0.61094,0.50972,0.63203,0.50694,0.62891,0.46111,0.62109,0.43889,0.61328,0.42917,0.65312,0.50972,0.65703,0.44861,0.64844,0.43472,0.63750,0.44583,0.67188,0.52778,0.68281,0.46667,0.67266,0.45278,0.66016,0.47222,0.68984,0.56111,0.69922,0.51111,0.69063,0.50000,0.67812,0.51389,0.59210,0.79808,0.9995,0.71216,1.00000,0.8958,0.65796,0.68361,0.9943,0.64322,0.69803,0.64844,0.69167,114.34,0.9952,live,0.3080,0.3266,204.55,626.26
147852.330094,60.0,0.8967,4,2,0,0.64766,0.66806,0.61953,0.62222,0.60703,0.56667,0.60859,0.51944,0.61172,0.47222,0.63359,0.48194,0.63047,0.43750,0.62344,0.41250,0.61562,0.39306,0.65391,0.48333,0.65703,0.42222,0.65000,0.40417,0.63984,0.40139,0.67266,0.50000,0.68125,0.43889,0.67422,0.42222,0.66250,0.43472,0.69063,0.53194,0.69922,0.48056,0.69297,0.46250,0.68047,0.47083,0.59217,0.79760,0.9995,0.71078,1.00000,0.8956,0.65786,0.66236,0.9945,0.64411,0.69203,0.64766,0.66806,115.55,0.9946,live,0.2993,0.2594,164.54,634.31
147852.396856,60.0,0.9635,4,2,0,0.64609,0.65278,0.61953,0.60278,0.61016,0.54583,0.61172,0.49722,0.61562,0.45000,0.63594,0.46389,0.63359,0.41944,0.62656,0.39306,0.61875,0.37361,0.65703,0.46667,0.66016,0.40694,0.65391,0.38750,0.64375,0.38194,0.67500,0.48333,0.68437,0.42500,0.67812,0.40417,0.66563,0.41250,0.69297,0.51528,0.70156,0.46528,0.69688,0.43889,0.68516,0.43750,0.59149,0.79293,0.9995,0.71074,0.99698,0.8997,0.65863,0.63011,0.9948,0.64450,0.68418,0.64609,0.65278,117.24,0.9933,live,0.2799,0.1918,123.25,642.60
147852.463718,60.0,0.0303,4,3,0,0.64375,0.64861,0.61719,0.59722,0.60703,0.54028,0.60938,0.49028,0.61484,0.44306,0.63594,0.45833,0.63359,0.41389,0.62656,0.38750,0.61875,0.36667,0.65703,0.46111,0.66094,0.40417,0.65469,0.38472,0.64297,0.37917,0.67500,0.47917,0.68437,0.42361,0.67891,0.40000,0.66719,0.40417,0.69297,0.51111,0.70156,0.46389,0.69922,0.43611,0.68828,0.42917,0.59098,0.79173,0.9996,0.70909,0.99624,0.9007,0.65963,0.62417,0.9951,0.64435,0.67707,0.64375,0.64861,118.27,0.9944,live,0.2522,0.1260,82.00,650.65
147852.530257,60.0,0.0969,4,3,0,0.63594,0.65417,0.61094,0.60556,0.60156,0.55000,0.60313,0.50417,0.60625,0.45417,0.62891,0.46667,0.62578,0.42083,0.61875,0.39583,0.61094,0.38056,0.65000,0.47083,0.65312,0.41111,0.64531,0.39306,0.63203,0.38333,0.66797,0.48889,0.67734,0.43333,0.67188,0.40833,0.66016,0.40972,0.68672,0.52222,0.69609,0.47500,0.69453,0.44583,0.68516,0.43611,0.58619,0.79042,0.9996,0.70728,0.98756,0.9031,0.65698,0.61982,0.9953,0.64267,0.67249,0.63594,0.65417,116.94,0.9963,live,0.2194,0.0699,45.91,656.76
147852.596967,60.0,0.1636,4,3,0,0.62656,0.67917,0.60000,0.63194,0.58672,0.57361,0.58672,0.52778,0.59062,0.48333,0.61719,0.49306,0.61641,0.44583,0.60703,0.42361,0.59453,0.41389,0.63750,0.49306,0.64297,0.43194,0.63125,0.41250,0.61641,0.41944,0.65703,0.50972,0.66641,0.44861,0.65625,0.43194,0.64297,0.44028,0.67500,0.54028,0.68516,0.49306,0.67969,0.47222,0.66875,0.47222,0.58742,0.79040,0.9996,0.70715,1.00000,0.8995,0.65248,0.63870,0.9949,0.63945,0.67382,0.62656,0.67917,117.09,0.9894,live,0.1857,0.0319,21.11,662.26
147852.663994,60.0,0.2306,4,3,0,0.60859,0.70833,0.58125,0.66528,0.56484,0.60833,0.56406,0.56389,0.56641,0.51806,0.59297,0.52639,0.59453,0.46944,0.57891,0.45556,0.56328,0.45694,0.61250,0.52917,0.61719,0.45972,0.60000,0.45417,0.58437,0.46944,0.63125,0.54444,0.63906,0.48056,0.62266,0.47500,0.60703,0.49028,0.65000,0.57361,0.66016,0.52083,0.64844,0.51250,0.63438,0.52361,0.58747,0.79511,0.9996,0.70615,1.00000,0.9021,0.62635,0.65935,0.9949,0.63328,0.68073,0.60859,0.70833,113.17,0.9863,live,0.1588,0.0365,24.25,664.27
147852.730195,60.0,0.2968,4,3,0,0.58359,0.75417,0.55625,0.71944,0.53438,0.66111,0.52891,0.61667,0.52891,0.57917,0.55859,0.57639,0.55391,0.50833,0.53125,0.50972,0.51484,0.52639,0.57891,0.58056,0.57891,0.50139,0.55312,0.50556,0.53750,0.53056,0.59844,0.59722,0.60391,0.52361,0.57969,0.52778,0.56328,0.55139,0.62031,0.62500,0.62656,0.56944,0.60859,0.56806,0.59297,0.58611,0.58913,0.80993,0.9996,0.69964,1.00000,0.9048,0.59054,0.68929,0.9950,0.62334,0.69541,0.58359,0.75417,111.92,0.9940,live,0.1393,0.0502,33.40,665.14
147852.797068,60.0,0.3637,4,3,0,0.56250,0.79722,0.53125,0.76250,0.50625,0.70972,0.49531,0.66667,0.49062,0.62917,0.52734,0.62639,0.51875,0.56250,0.49297,0.56389,0.47187,0.57639,0.54453,0.63056,0.53203,0.55139,0.50078,0.56250,0.48203,0.58889,0.56172,0.64583,0.55781,0.57222,0.52969,0.58889,0.51172,0.61528,0.58125,0.67222,0.58125,0.61944,0.56094,0.62222,0.54453,0.63889,0.58524,0.80945,0.9996,0.68842,1.00000,0.9069,0.56743,0.73177,0.9950,0.61117,0.71578,0.56250,0.79722,105.70,0.9934,live,0.1286,0.0799,52.84,661.43
147852.863834,60.0,0.4304,4,3,0,0.53594,0.82222,0.50078,0.78611,0.47344,0.73889,0.45703,0.70694,0.44375,0.67778,0.49219,0.64583,0.47813,0.58889,0.45156,0.59722,0.43203,0.61667,0.51094,0.65139,0.49297,0.58472,0.46016,0.60278,0.44141,0.63194,0.52891,0.67083,0.51641,0.60694,0.48594,0.62778,0.46719,0.65556,0.54766,0.70278,0.53906,0.65278,0.51641,0.65833,0.50000,0.67639,0.58518,0.80427,0.9996,0.68607,1.00000,0.9122,0.54194,0.77641,0.9952,0.59613,0.73706,0.53594,0.82222,108.79,0.9972,live,0.1286,0.1173,77.44,660.39
147852.930399,60.0,0.4970,4,3,0,0.51719,0.82778,0.47500,0.79444,0.44609,0.75139,0.42812,0.72222,0.41406,0.69306,0.46563,0.65556,0.44531,0.60972,0.42031,0.62083,0.39922,0.64028,0.48359,0.65556,0.45937,0.60000,0.42891,0.61944,0.41016,0.64583,0.50078,0.67083,0.48203,0.61806,0.45156,0.63889,0.43359,0.66389,0.51719,0.70139,0.50234,0.66389,0.47891,0.67361,0.46328,0.69167,0.58361,0.80023,0.9996,0.67305,1.00000,0.9152,0.51944,0.79143,0.9949,0.58034,0.75521,0.51719,0.82778,109.13,0.9983,live,0.1331,0.1538,101.45,659.71
147852.997255,60.0,0.5639,4,3,0,0.50078,0.82083,0.45781,0.79306,0.42656,0.74861,0.40781,0.71806,0.39219,0.68611,0.44688,0.65972,0.42344,0.61528,0.39687,0.61944,0.37422,0.63472,0.46406,0.65972,0.43984,0.60417,0.40781,0.62083,0.38672,0.64583,0.48125,0.67361,0.46094,0.62083,0.42812,0.63889,0.40781,0.66250,0.49766,0.70278,0.48125,0.66250,0.45547,0.66944,0.43750,0.68333,0.58351,0.80083,0.9996,0.66724,1.00000,0.9185,0.50425,0.78810,0.9950,0.56443,0.76833,0.50078,0.82083,104.31,0.9976,live,0.1430,0.1882,123.41,655.65
147853.064196,60.0,0.6308,4,3,0,0.48750,0.80833,0.44766,0.78194,0.41719,0.73611,0.39844,0.70556,0.38125,0.67361,0.43594,0.65556,0.41406,0.60556,0.38594,0.60972,0.36406,0.62500,0.45156,0.65417,0.42891,0.59167,0.39531,0.60694,0.37500,0.63056,0.46875,0.66806,0.44922,0.60694,0.41406,0.62222,0.39219,0.64444,0.48438,0.69444,0.46641,0.65000,0.43984,0.65694,0.42266,0.67222,0.58172,0.79580,0.9996,0.66293,1.00000,0.9204,0.49861,0.78351,0.9948,0.54904,0.77633,0.48750,0.80833,99.64,0.9981,live,0.1565,0.2177,141.26,648.71
147853.130538,60.0,0.6972,4,3,0,0.48359,0.79028,0.44297,0.76944,0.41172,0.72222,0.39453,0.68889,0.37734,0.65972,0.43203,0.63333,0.40937,0.58750,0.38359,0.59167,0.36172,0.60417,0.44844,0.63333,0.42422,0.57500,0.39219,0.59028,0.37188,0.61389,0.46484,0.64722,0.44453,0.59167,0.41172,0.60694,0.39062,0.62778,0.48047,0.67500,0.46016,0.63194,0.43594,0.63750,0.41953,0.65278,0.58160,0.79267,0.9996,0.66172,1.00000,0.9215,0.49096,0.77382,0.9946,0.53595,0.77912,0.48359,0.79028,101.12,0.9981,live,0.1710,0.2371,152.64,643.67
147853.197520,60.0,0.7641,4,3,0,0.48516,0.77778,0.44453,0.75278,0.41563,0.70556,0.39766,0.67222,0.37969,0.64028,0.43750,0.61528,0.41250,0.57361,0.38594,0.57639,0.36250,0.58889,0.45234,0.61389,0.42578,0.55833,0.39375,0.57222,0.37188,0.59444,0.46875,0.62778,0.44453,0.57361,0.41172,0.59028,0.39141,0.60972,0.48203,0.65556,0.46094,0.61528,0.43516,0.62083,0.41797,0.63194,0.57896,0.78846,0.9996,0.65981,1.00000,0.9223,0.48880,0.74205,0.9946,0.52579,0.77885,0.48516,0.77778,102.31,0.9975,live,0.1837,0.2418,154.75,640.09
147853.263987,60.0,0.8306,4,3,0,0.48906,0.77083,0.45078,0.74583,0.42188,0.69583,0.40547,0.66111,0.38828,0.62778,0.43984,0.61389,0.42188,0.56111,0.39531,0.56111,0.37344,0.57083,0.45547,0.61250,0.43750,0.54722,0.40547,0.55972,0.38359,0.58056,0.47266,0.62500,0.45547,0.56528,0.42266,0.57639,0.40156,0.59444,0.48906,0.65000,0.47344,0.60000,0.44844,0.60139,0.43047,0.61250,0.57819,0.79186,0.9995,0.66028,1.00000,0.9254,0.49409,0.74100,0.9947,0.51845,0.77725,0.48906,0.77083,101.59,0.9949,live,0.1968,0.2564,163.17,636.43
147853.330641,60.0,0.8973,4,3,0,0.49844,0.76389,0.46016,0.73472,0.43203,0.68472,0.41484,0.65000,0.40234,0.61528,0.45234,0.60278,0.43281,0.55139,0.40625,0.55278,0.38281,0.56528,0.46797,0.60278,0.45078,0.53889,0.41875,0.54861,0.39687,0.56667,0.48594,0.61528,0.47109,0.55417,0.43906,0.56667,0.41797,0.58611,0.50234,0.64167,0.48750,0.59167,0.46250,0.59722,0.44531,0.60972,0.57821,0.79519,0.9995,0.66033,1.00000,0.9290,0.49468,0.73237,0.9949,0.51444,0.77458,0.49844,0.76389,102.63,0.9963,live,0.1968,0.2081,131.95,633.95
147853.397323,60.0,0.9639,4,3,0,0.51172,0.76250,0.47500,0.73194,0.44844,0.68056,0.43359,0.64444,0.41953,0.61111,0.46797,0.60000,0.45312,0.53889,0.42812,0.54306,0.40469,0.55972,0.48359,0.60278,0.46875,0.53194,0.43672,0.54444,0.41484,0.56528,0.50078,0.61806,0.48984,0.55139,0.45859,0.56250,0.43750,0.58333,0.51797,0.64444,0.50703,0.59167,0.48359,0.59306,0.46563,0.60417,0.57782,0.79575,0.9995,0.66483,1.00000,0.9320,0.50742,0.73140,0.9952,0.51390,0.77216,0.51172,0.76250,101.79,0.9978,live,0.1968,0.1735,109.52,631.16
147853.464181,60.0,0.0308,4,4,0,0.53281,0.77222,0.49844,0.73472,0.47344,0.68611,0.45781,0.65139,0.44766,0.61528,0.49453,0.60556,0.48594,0.54167,0.46328,0.54444,0.44297,0.56250,0.51016,0.60833,0.50156,0.53611,0.47187,0.54444,0.45156,0.56528,0.52656,0.62222,0.51875,0.55833,0.48906,0.56667,0.46719,0.58472,0.54297,0.64583,0.53516,0.59722,0.51406,0.59583,0.49688,0.60833,0.57768,0.79564,0.9995,0.66435,1.00000,0.9345,0.52365,0.72173,0.9955,0.51768,0.77217,0.53281,0.77222,102.88,0.9961,live,0.1862,0.1378,86.77,629.49
147853.530888,60.0,0.0975,4,4,0,0.56016,0.77917,0.52734,0.74722,0.50469,0.69583,0.49531,0.65556,0.49141,0.61806,0.52187,0.61806,0.51484,0.55417,0.49141,0.55694,0.47109,0.57222,0.53906,0.61944,0.53516,0.54306,0.50938,0.54722,0.49141,0.56806,0.55703,0.63472,0.55703,0.56389,0.53203,0.56944,0.51406,0.58750,0.57578,0.65972,0.57422,0.60833,0.55625,0.60972,0.54063,0.62361,0.57988,0.79481,0.9996,0.67304,1.00000,0.9381,0.55704,0.73739,0.9957,0.52618,0.77357,0.56016,0.77917,101.90,0.9930,live,0.1714,0.1038,65.14,627.32
147853.597499,60.0,0.1641,4,4,0,0.59531,0.79306,0.56563,0.75556,0.54531,0.70139,0.53594,0.66111,0.53281,0.62361,0.56641,0.62639,0.56328,0.56528,0.54375,0.56111,0.52734,0.57083,0.58516,0.63056,0.58672,0.55417,0.56328,0.55694,0.54766,0.57917,0.60313,0.64722,0.60859,0.57639,0.58594,0.57917,0.56953,0.59722,0.62266,0.67639,0.62813,0.62361,0.61250,0.61944,0.59844,0.63056,0.59399,0.79813,0.9996,0.68883,1.00000,0.9346,0.58961,0.74121,0.9949,0.54000,0.77747,0.59531,0.79306,103.70,0.9916,live,0.1535,0.0722,45.26,626.70
147853.664362,60.0,0.2310,4,4,0,0.63594,0.80139,0.60859,0.76250,0.59219,0.71250,0.59141,0.67500,0.60078,0.64583,0.61797,0.62917,0.62109,0.57361,0.60547,0.56806,0.59062,0.58333,0.63828,0.63194,0.64687,0.56111,0.62813,0.56111,0.61328,0.58611,0.65703,0.65000,0.66875,0.58611,0.65312,0.58472,0.63906,0.60417,0.67500,0.68333,0.68594,0.64028,0.67578,0.63611,0.66328,0.64722,0.59616,0.80045,0.9996,0.70090,1.00000,0.9306,0.64541,0.75755,0.9943,0.55919,0.78225,0.63594,0.80139,107.38,0.9811,live,0.1426,0.0929,58.43,628.82
147853.730628,60.0,0.2972,4,4,0,0.68672,0.82083,0.65938,0.77361,0.64687,0.71111,0.65391,0.65694,0.66406,0.61111,0.66250,0.63889,0.66797,0.57917,0.67656,0.56528,0.68203,0.58333,0.68437,0.64306,0.69375,0.57917,0.69688,0.56806,0.69688,0.58472,0.70469,0.66250,0.71797,0.60278,0.72109,0.59583,0.71953,0.61250,0.72266,0.69583,0.73750,0.66250,0.74297,0.65000,0.74375,0.65278,0.60078,0.81001,0.9996,0.73710,1.00000,0.9279,0.69795,0.78822,0.9942,0.58470,0.78997,0.68672,0.82083,112.74,0.9779,live,0.1426,0.1442,91.52,634.53
147853.797763,60.0,0.3644,4,4,0,0.72656,0.82222,0.70391,0.76528,0.69766,0.69861,0.71094,0.64722,0.73438,0.61111,0.71719,0.63472,0.72969,0.58611,0.74219,0.57639,0.75156,0.59444,0.74062,0.64167,0.75703,0.58750,0.76484,0.57778,0.76641,0.59167,0.76094,0.66528,0.77812,0.61806,0.78359,0.61111,0.78359,0.62639,0.77734,0.70139,0.78984,0.67222,0.79688,0.65833,0.80078,0.65833,0.60082,0.81556,0.9996,0.74049,1.00000,0.9230,0.74562,0.79265,0.9943,0.61307,0.79642,0.72656,0.82222,116.53,0.9627,live,0.1529,0.1995,128.13,642.29
147853.864876,60.0,0.4315,4,4,0,0.76094,0.82083,0.74219,0.76944,0.73672,0.71111,0.74922,0.66944,0.77187,0.64167,0.76172,0.63611,0.77031,0.59167,0.78125,0.57917,0.79219,0.58889,0.78750,0.64444,0.80234,0.58472,0.81094,0.57500,0.81484,0.58889,0.80859,0.66528,0.82812,0.61667,0.83437,0.60833,0.83437,0.63056,0.82656,0.70139,0.84453,0.66806,0.85078,0.65278,0.85156,0.65833,0.60066,0.81528,0.9996,0.74401,1.00000,0.9173,0.77005,0.78964,0.9944,0.64264,0.80130,0.76094,0.82083,120.02,0.9764,live,0.1712,0.2549,166.12,651.63
147853.930988,60.0,0.4976,4,4,0,0.78828,0.81528,0.76953,0.76944,0.76562,0.71389,0.78281,0.67361,0.80469,0.64167,0.79609,0.63472,0.80469,0.59028,0.81797,0.57639,0.83047,0.58333,0.82266,0.64167,0.83594,0.58611,0.84688,0.57639,0.85469,0.59028,0.84297,0.66528,0.86094,0.61528,0.87109,0.60556,0.87500,0.62361,0.85938,0.70278,0.87734,0.66667,0.88750,0.65417,0.89219,0.65972,0.60378,0.81708,0.9996,0.76067,1.00000,0.9175,0.79452,0.78871,0.9946,0.67177,0.80410,0.78828,0.81528,119.85,0.9364,live,0.1959,0.3083,203.38,659.72
147853.997787,60.0,0.5644,4,4,0,0.80469,0.80972,0.78672,0.75694,0.78672,0.70139,0.80781,0.65972,0.82891,0.62778,0.81406,0.62639,0.82266,0.58194,0.83672,0.57083,0.84766,0.57917,0.84062,0.63611,0.85469,0.58056,0.86641,0.56806,0.87266,0.57917,0.86094,0.65972,0.87891,0.60972,0.89062,0.59722,0.89219,0.61806,0.87734,0.69306,0.89844,0.65556,0.90938,0.64167,0.91172,0.65278,0.60825,0.81808,0.9996,0.77549,1.00000,0.9190,0.80763,0.78808,0.9948,0.69835,0.80522,0.80469,0.80972,121.30,0.9674,live,0.2233,0.3481,232.48,667.89
147854.064651,60.0,0.6313,4,4,0,0.81172,0.80556,0.79531,0.75694,0.79609,0.70139,0.81719,0.66111,0.83828,0.62639,0.82422,0.62222,0.83437,0.58056,0.84844,0.56667,0.86016,0.57361,0.85000,0.63194,0.86484,0.57917,0.87656,0.56667,0.88281,0.57639,0.87031,0.65556,0.88828,0.60833,0.90000,0.59583,0.90234,0.61250,0.88516,0.69167,0.90547,0.65694,0.91563,0.64306,0.91797,0.65278,0.61552,0.82042,0.9997,0.76773,1.00000,0.9160,0.81269,0.78870,0.9947,0.72103,0.80529,0.81172,0.80556,121.15,0.9607,live,0.2499,0.3711,250.45,674.98
147854.130715,60.0,0.6973,4,4,0,0.81406,0.80139,0.79922,0.75000,0.80078,0.69722,0.82188,0.65694,0.84297,0.62361,0.82656,0.62083,0.83750,0.57639,0.85078,0.56389,0.86016,0.57361,0.85313,0.63056,0.86875,0.57639,0.88047,0.56389,0.88594,0.57361,0.87344,0.65417,0.89219,0.60694,0.90391,0.59167,0.90547,0.61111,0.88906,0.68889,0.90781,0.65417,0.91953,0.63889,0.92266,0.64583,0.61799,0.82088,0.9997,0.76505,1.00000,0.9149,0.81554,0.78384,0.9949,0.73963,0.80451,0.81406,0.80139,120.79,0.9743,live,0.2774,0.4026,274.18,680.95
147854.197926,60.0,0.7645,4,4,0,0.81406,0.79861,0.80000,0.74722,0.80312,0.69167,0.82422,0.65000,0.84609,0.61528,0.82812,0.61250,0.83984,0.57083,0.85313,0.55694,0.86406,0.56667,0.85391,0.62361,0.86875,0.57222,0.88047,0.55833,0.88828,0.56667,0.87344,0.64861,0.89141,0.60278,0.90312,0.58750,0.90859,0.60139,0.88828,0.68472,0.90547,0.65139,0.91719,0.63472,0.92422,0.63750,0.61799,0.82410,0.9997,0.76266,1.00000,0.9134,0.82044,0.77102,0.9950,0.75452,0.80333,0.81406,0.79861,122.39,0.9813,live,0.2931,0.3645,250.57,687.36
147854.264236,60.0,0.8309,4,4,0,0.81172,0.78889,0.79922,0.73889,0.80156,0.68333,0.82031,0.64028,0.84062,0.60556,0.82422,0.60833,0.83437,0.56667,0.84609,0.55000,0.85703,0.55139,0.85078,0.61806,0.86406,0.56667,0.87500,0.55000,0.88281,0.55556,0.87031,0.64028,0.88672,0.59444,0.89844,0.57639,0.90469,0.58472,0.88516,0.67639,0.90156,0.64167,0.91250,0.62500,0.91797,0.62778,0.61866,0.82422,0.9997,0.76334,1.00000,0.9152,0.81866,0.76544,0.9951,0.76596,0.80044,0.81172,0.78889,119.99,0.9872,live,0.3094,0.3836,265.18,691.26
147854.331078,60.0,0.8977,4,4,0,0.80781,0.77500,0.79219,0.72639,0.79375,0.66944,0.81172,0.62639,0.82969,0.59028,0.81641,0.59444,0.82656,0.55139,0.83828,0.53472,0.84844,0.53750,0.84141,0.60278,0.85391,0.54861,0.86484,0.53194,0.87031,0.54167,0.86172,0.62500,0.87734,0.57361,0.88828,0.55694,0.89062,0.57361,0.87891,0.65833,0.89609,0.62083,0.90703,0.60556,0.90859,0.61250,0.62172,0.82509,0.9997,0.76262,1.00000,0.9161,0.81535,0.76599,0.9953,0.77433,0.79535,0.80781,0.77500,119.46,0.9733,live,0.3094,0.2975,206.54,694.32
147854.397974,60.0,0.9646,4,4,0,0.79844,0.76111,0.78125,0.70833,0.77812,0.65139,0.79453,0.60833,0.81328,0.57361,0.79922,0.57639,0.80703,0.53472,0.82031,0.51806,0.83281,0.51944,0.82500,0.58472,0.83594,0.53472,0.84766,0.51806,0.85625,0.52083,0.84531,0.60694,0.86016,0.55972,0.86953,0.54167,0.87500,0.54722,0.86250,0.64167,0.87813,0.60694,0.88828,0.58889,0.89375,0.58611,0.62168,0.82568,0.9997,0.75999,1.00000,0.9129,0.81454,0.75432,0.9955,0.77915,0.78850,0.79844,0.76111,119.24,0.9762,live,0.2989,0.2513,175.15,696.86
147854.464080,60.0,0.0307,4,1,1,0.77969,0.73750,0.76250,0.68472,0.75938,0.62917,0.77187,0.58194,0.78594,0.54583,0.78125,0.55833,0.78828,0.51250,0.79922,0.49861,0.80781,0.50278,0.80469,0.56528,0.81563,0.51111,0.82344,0.49722,0.82812,0.49861,0.82500,0.58611,0.83906,0.53611,0.84531,0.52083,0.84531,0.53750,0.84297,0.61806,0.85859,0.57917,0.86719,0.55833,0.86797,0.55972,0.62294,0.82644,0.9997,0.77931,1.00000,0.9126,0.80243,0.74734,0.9958,0.77926,0.77830,0.77969,0.73750,116.29,0.9796,live,0.2906,0.2524,175.94,696.96
