timestamp,bpm,beat_phase,meter_beats,beat_in_bar,is_downbeat,lm_0_x,lm_0_y,lm_1_x,lm_1_y,lm_2_x,lm_2_y,lm_3_x,lm_3_y,lm_4_x,lm_4_y,lm_5_x,lm_5_y,lm_6_x,lm_6_y,lm_7_x,lm_7_y,lm_8_x,lm_8_y,lm_9_x,lm_9_y,lm_10_x,lm_10_y,lm_11_x,lm_11_y,lm_12_x,lm_12_y,lm_13_x,lm_13_y,lm_14_x,lm_14_y,lm_15_x,lm_15_y,lm_16_x,lm_16_y,lm_17_x,lm_17_y,lm_18_x,lm_18_y,lm_19_x,lm_19_y,lm_20_x,lm_20_y,right_shoulder_x,right_shoulder_y,right_shoulder_conf,right_elbow_x,right_elbow_y,right_elbow_conf,right_wrist_x,right_wrist_y,right_wrist_conf,wrist_x,wrist_y,raw_wrist_x,raw_wrist_y,hand_scale_px,confidence,tracking_mode,dynamics_intensity,dynamics_raw_intensity,dynamics_span_px,dynamics_reference_span_px
156454.953055,100.0,0.0498,4,1,1,0.68281,0.44028,0.64609,0.39722,0.62734,0.33056,0.62500,0.26528,0.63047,0.21389,0.65703,0.25972,0.65000,0.21111,0.63984,0.18472,0.62813,0.16389,0.67812,0.24861,0.67578,0.18889,0.66484,0.15833,0.64766,0.14722,0.69922,0.25278,0.70078,0.19028,0.69063,0.15972,0.67500,0.14861,0.71953,0.26806,0.72266,0.21528,0.71562,0.18472,0.70391,0.16944,0.64781,0.72057,0.9998,0.80247,0.97234,0.8865,0.70814,0.43858,0.9955,0.69484,0.52202,0.68281,0.44028,121.27,0.9877,live,0.1583,0.2108,157.17,745.57
156455.020737,100.0,0.1626,4,1,1,0.68125,0.47778,0.64609,0.43333,0.62969,0.36806,0.62813,0.30417,0.63359,0.25556,0.65938,0.29306,0.65312,0.24444,0.64297,0.21806,0.63125,0.19861,0.68047,0.28472,0.67891,0.22361,0.66797,0.19306,0.65156,0.18056,0.70156,0.29028,0.70391,0.22639,0.69453,0.19583,0.67891,0.19028,0.72266,0.30972,0.72734,0.25417,0.71953,0.22222,0.70547,0.20833,0.64826,0.72572,0.9998,0.79845,0.97872,0.8843,0.70595,0.44931,0.9957,0.69212,0.51317,0.68125,0.47778,122.23,0.9909,live,0.1684,0.2146,159.68,744.10
156455.086522,100.0,0.2722,4,1,1,0.68203,0.54444,0.65000,0.50417,0.63203,0.43611,0.62891,0.37778,0.63438,0.33194,0.66328,0.36111,0.65781,0.30556,0.64687,0.28194,0.63516,0.27083,0.68516,0.35278,0.68437,0.28611,0.67344,0.25694,0.65859,0.25694,0.70781,0.36250,0.71172,0.29444,0.70156,0.26667,0.68672,0.26944,0.72891,0.38333,0.73438,0.32778,0.72734,0.29583,0.71406,0.28750,0.65356,0.72843,0.9998,0.79504,1.00000,0.8880,0.70661,0.53614,0.9959,0.69010,0.51942,0.68203,0.54444,122.08,0.9925,live,0.1740,0.1998,148.38,742.71
156455.153421,100.0,0.3837,4,1,1,0.68359,0.61667,0.65312,0.57639,0.63906,0.51250,0.63750,0.46111,0.64375,0.41667,0.67266,0.42917,0.66953,0.37083,0.65938,0.35278,0.64922,0.35417,0.69453,0.42917,0.69844,0.35833,0.68906,0.33889,0.67500,0.34861,0.71641,0.44583,0.72500,0.37500,0.71797,0.35417,0.70469,0.36806,0.73750,0.47500,0.74844,0.41944,0.74219,0.39167,0.72813,0.39167,0.65684,0.72943,0.9998,0.79293,1.00000,0.8809,0.71860,0.64112,0.9957,0.68880,0.53887,0.68359,0.61667,120.98,0.9968,live,0.1740,0.1723,127.61,740.69
156455.220816,100.0,0.4961,4,1,1,0.68672,0.68056,0.65703,0.64167,0.64219,0.57639,0.64219,0.52639,0.65156,0.48194,0.67891,0.49167,0.67969,0.43611,0.66875,0.41944,0.65703,0.42361,0.70234,0.49444,0.71094,0.41944,0.69844,0.40417,0.68359,0.42222,0.72422,0.51250,0.73906,0.43750,0.72656,0.41944,0.71094,0.44028,0.74453,0.54722,0.75938,0.48889,0.75000,0.46528,0.73516,0.47361,0.65679,0.73167,0.9998,0.78226,1.00000,0.8812,0.72061,0.70691,0.9956,0.68838,0.56721,0.68672,0.68056,121.52,0.9962,live,0.1673,0.1364,100.87,739.31
156455.286350,100.0,0.6053,4,1,1,0.68594,0.72639,0.65859,0.67778,0.64297,0.61389,0.64219,0.56250,0.65391,0.51944,0.68125,0.53194,0.68516,0.47778,0.67031,0.46250,0.65703,0.46250,0.70469,0.53472,0.71562,0.45972,0.69844,0.45000,0.68203,0.46944,0.72578,0.55556,0.74375,0.48194,0.72656,0.46944,0.71016,0.48611,0.74531,0.59306,0.76328,0.53472,0.75156,0.51389,0.73516,0.52222,0.64933,0.73554,0.9998,0.75613,1.00000,0.8802,0.71934,0.74758,0.9956,0.68790,0.59905,0.68594,0.72639,123.93,0.9947,live,0.1617,0.1366,101.03,739.82
156455.353642,100.0,0.7174,4,1,1,0.68125,0.74583,0.65391,0.69444,0.63984,0.62917,0.63750,0.57917,0.64844,0.53750,0.67891,0.55000,0.68281,0.49722,0.66797,0.48194,0.65391,0.48611,0.70234,0.55556,0.71250,0.47917,0.69531,0.46944,0.67734,0.48889,0.72344,0.57778,0.74141,0.50278,0.72422,0.49306,0.70703,0.51389,0.74297,0.61667,0.75938,0.55556,0.74687,0.54028,0.73047,0.55278,0.64551,0.74679,0.9998,0.74822,1.00000,0.8831,0.71488,0.76638,0.9958,0.68657,0.62840,0.68125,0.74583,124.43,0.9936,live,0.1533,0.1149,85.12,740.62
156455.420811,100.0,0.8294,4,1,1,0.67734,0.75278,0.65078,0.70000,0.63594,0.63611,0.63594,0.58611,0.64687,0.54306,0.67422,0.55972,0.67812,0.50694,0.66484,0.49306,0.65156,0.49583,0.69844,0.56389,0.70859,0.48889,0.69141,0.48194,0.67422,0.50417,0.71953,0.58472,0.73750,0.51250,0.72109,0.50278,0.70469,0.52361,0.73906,0.62222,0.75469,0.56250,0.74297,0.54722,0.72656,0.55833,0.64217,0.74753,0.9998,0.74810,1.00000,0.8879,0.70863,0.76781,0.9960,0.68472,0.65328,0.67734,0.75278,123.73,0.9926,live,0.1533,0.1380,102.27,740.83
156455.487053,100.0,0.9398,4,1,1,0.67500,0.75556,0.64766,0.70417,0.63281,0.64028,0.63281,0.59167,0.64375,0.54722,0.67031,0.56667,0.67578,0.51111,0.66250,0.49722,0.64922,0.50139,0.69453,0.56944,0.70781,0.49167,0.69063,0.48333,0.67344,0.50556,0.71641,0.59028,0.73438,0.51528,0.71953,0.50556,0.70312,0.52778,0.73594,0.62917,0.75234,0.56944,0.74062,0.55278,0.72344,0.56389,0.63844,0.74974,0.9998,0.74588,1.00000,0.8933,0.70366,0.76290,0.9962,0.68278,0.67373,0.67500,0.75556,121.90,0.9934,live,0.1533,0.1577,116.63,739.70
156455.553467,100.0,0.0505,4,2,0,0.66875,0.75972,0.64219,0.70694,0.62734,0.64306,0.62578,0.59583,0.63750,0.55139,0.66563,0.56944,0.67031,0.51111,0.65547,0.50000,0.64141,0.50694,0.68906,0.57500,0.70000,0.49722,0.68047,0.49306,0.66328,0.51250,0.71016,0.59583,0.72656,0.52083,0.70781,0.51389,0.69141,0.53472,0.72969,0.63472,0.74531,0.57222,0.73203,0.55833,0.71484,0.57083,0.63857,0.74972,0.9998,0.74720,1.00000,0.8957,0.70275,0.76476,0.9962,0.67997,0.69093,0.66875,0.75972,121.55,0.9917,live,0.1533,0.1746,128.93,738.45
156455.653053,100.0,0.2164,4,2,0,0.63750,0.76389,0.61250,0.70833,0.59922,0.64583,0.59609,0.60000,0.60234,0.56111,0.63672,0.56944,0.64141,0.50833,0.62031,0.50417,0.60313,0.51389,0.65703,0.57917,0.66641,0.50000,0.64219,0.50000,0.62500,0.51944,0.67656,0.60000,0.69141,0.52500,0.66875,0.52222,0.65156,0.53889,0.69531,0.63611,0.70625,0.57500,0.68906,0.56667,0.67422,0.57778,0.63629,0.74947,0.9998,0.73828,1.00000,0.8992,0.67594,0.76405,0.9964,0.67148,0.70552,0.63750,0.76389,120.61,0.9912,live,0.1590,0.1847,136.10,736.68
156455.720547,100.0,0.3289,4,2,0,0.60938,0.76111,0.58125,0.70972,0.56172,0.64583,0.55547,0.59861,0.55469,0.55556,0.59688,0.57361,0.59531,0.50417,0.56953,0.50139,0.55000,0.51389,0.61484,0.58056,0.61484,0.49444,0.58516,0.49722,0.56719,0.51944,0.63281,0.60000,0.63828,0.51667,0.61172,0.51667,0.59453,0.53750,0.65234,0.63056,0.65859,0.56667,0.63828,0.55694,0.62031,0.56806,0.63344,0.74776,0.9998,0.71923,1.00000,0.9036,0.63269,0.76178,0.9965,0.65906,0.71664,0.60938,0.76111,114.26,0.9908,live,0.1590,0.1828,133.54,730.54
156455.787128,100.0,0.4399,4,2,0,0.58203,0.75417,0.55156,0.70556,0.53047,0.64028,0.52109,0.59306,0.51875,0.55000,0.56016,0.56944,0.55469,0.49722,0.52891,0.49444,0.50938,0.50694,0.57812,0.57500,0.57344,0.48472,0.54375,0.48889,0.52578,0.51250,0.59609,0.59167,0.59609,0.50694,0.56797,0.50833,0.54922,0.52778,0.61641,0.61944,0.61484,0.55417,0.59297,0.54583,0.57500,0.55556,0.61709,0.74594,0.9998,0.71490,1.00000,0.9091,0.60079,0.75625,0.9967,0.64365,0.72415,0.58203,0.75417,113.01,0.9935,live,0.1590,0.1749,126.67,724.24
156455.853650,100.0,0.5508,4,2,0,0.56406,0.74722,0.53359,0.70000,0.51328,0.63750,0.50234,0.59306,0.49844,0.54861,0.53750,0.56667,0.53203,0.49167,0.50703,0.49167,0.48672,0.50694,0.55625,0.57083,0.55156,0.48056,0.52187,0.48750,0.50234,0.50972,0.57422,0.58611,0.57422,0.50139,0.54531,0.50417,0.52500,0.52222,0.59297,0.61250,0.58984,0.55000,0.56953,0.53889,0.55156,0.54583,0.61361,0.74058,0.9998,0.69989,1.00000,0.9139,0.58801,0.74675,0.9969,0.62773,0.72876,0.56406,0.74722,110.97,0.9916,live,0.1590,0.1688,121.05,717.23
156455.920867,100.0,0.6628,4,2,0,0.56016,0.74167,0.52969,0.69861,0.50859,0.63472,0.49688,0.58889,0.48750,0.54444,0.53438,0.56250,0.52734,0.48889,0.50078,0.48889,0.48047,0.50417,0.55156,0.56667,0.54453,0.47917,0.51250,0.48611,0.49297,0.50833,0.56875,0.58194,0.56719,0.49861,0.53516,0.50278,0.51406,0.52222,0.58672,0.60833,0.58281,0.54306,0.55937,0.53611,0.54063,0.54444,0.61242,0.74086,0.9998,0.70207,1.00000,0.9168,0.58188,0.74120,0.9970,0.61422,0.73134,0.56016,0.74167,109.04,0.9936,live,0.1590,0.1671,118.61,709.67
156455.986995,100.0,0.7730,4,2,0,0.56172,0.74306,0.53047,0.70139,0.50938,0.63889,0.49844,0.59583,0.49219,0.55139,0.53750,0.56389,0.52891,0.49306,0.50234,0.49167,0.48281,0.50556,0.55391,0.56806,0.54609,0.48194,0.51406,0.48750,0.49453,0.50972,0.57188,0.58333,0.56797,0.50139,0.53672,0.50556,0.51562,0.52361,0.58984,0.60833,0.58359,0.54306,0.56016,0.53889,0.54297,0.55000,0.61159,0.74621,0.9998,0.70109,1.00000,0.9201,0.58104,0.73968,0.9972,0.60372,0.73368,0.56172,0.74306,109.20,0.9950,live,0.1590,0.1689,118.75,703.13
156456.053947,100.0,0.8846,4,2,0,0.56875,0.74722,0.53750,0.70000,0.51797,0.63889,0.50703,0.59444,0.50234,0.55278,0.54531,0.56806,0.53828,0.50000,0.51250,0.50139,0.49219,0.51528,0.56172,0.57222,0.55703,0.48750,0.52734,0.49306,0.50703,0.51389,0.57969,0.58750,0.57969,0.50833,0.55000,0.51250,0.52969,0.53056,0.59688,0.61389,0.59609,0.55000,0.57344,0.54583,0.55547,0.55694,0.61182,0.74713,0.9998,0.70160,1.00000,0.9237,0.58441,0.73930,0.9974,0.59672,0.73639,0.56875,0.74722,108.77,0.9943,live,0.1590,0.1708,119.03,697.07
156456.120426,100.0,0.9954,4,2,0,0.58281,0.75278,0.55469,0.70417,0.53594,0.64167,0.52500,0.59722,0.52422,0.55139,0.56328,0.57083,0.55937,0.50417,0.53516,0.50417,0.51562,0.51667,0.58047,0.57639,0.58047,0.49306,0.55234,0.49722,0.53438,0.51667,0.59844,0.59306,0.60234,0.51667,0.57422,0.51806,0.55547,0.53611,0.61641,0.62083,0.61875,0.55833,0.59766,0.55278,0.58047,0.56250,0.61218,0.75089,0.9998,0.70269,1.00000,0.9272,0.58898,0.73923,0.9975,0.59394,0.73967,0.58281,0.75278,110.40,0.9932,live,0.1590,0.1668,115.57,692.91
156456.187198,100.0,0.1067,4,3,0,0.60938,0.76111,0.58125,0.70972,0.56406,0.64861,0.55703,0.60556,0.55859,0.56667,0.59766,0.57917,0.59844,0.50972,0.57500,0.50556,0.55547,0.51806,0.61562,0.58750,0.62031,0.50556,0.59297,0.50694,0.57500,0.52639,0.63359,0.60556,0.64297,0.52917,0.61719,0.52500,0.59922,0.53889,0.65156,0.63472,0.66016,0.57361,0.64219,0.56250,0.62656,0.57083,0.62643,0.75399,0.9998,0.70460,1.00000,0.9275,0.61699,0.75361,0.9975,0.59703,0.74396,0.60938,0.76111,110.67,0.9907,live,0.1590,0.1494,103.03,689.45
156456.254037,100.0,0.2181,4,3,0,0.64922,0.77361,0.62422,0.71389,0.61172,0.65139,0.60859,0.60833,0.61406,0.57083,0.64687,0.58889,0.65781,0.52778,0.63906,0.51806,0.62031,0.52500,0.66563,0.59583,0.67969,0.52083,0.65781,0.51250,0.64141,0.52639,0.68359,0.61250,0.70234,0.54028,0.68203,0.53194,0.66641,0.54722,0.70234,0.64167,0.71641,0.58472,0.70234,0.57222,0.69063,0.58194,0.63251,0.75885,0.9998,0.73721,1.00000,0.9243,0.67225,0.76072,0.9975,0.60747,0.74989,0.64922,0.77361,115.03,0.9759,live,0.1530,0.1258,86.72,689.53
156456.320635,100.0,0.3291,4,3,0,0.69453,0.78333,0.67109,0.72222,0.66094,0.65833,0.66563,0.60833,0.68203,0.57083,0.70391,0.59444,0.71797,0.54167,0.70937,0.52361,0.69609,0.52778,0.72578,0.60000,0.74531,0.53333,0.73125,0.51806,0.71406,0.53333,0.74531,0.61944,0.76797,0.55694,0.75547,0.54167,0.74062,0.55694,0.76328,0.65417,0.78203,0.60972,0.77656,0.59167,0.76641,0.59583,0.63396,0.76172,0.9998,0.73589,1.00000,0.9164,0.72184,0.76485,0.9971,0.62488,0.75658,0.69453,0.78333,122.45,0.9794,live,0.1430,0.0975,67.78,694.95
156456.387412,100.0,0.4404,4,3,0,0.73359,0.79444,0.71016,0.73194,0.70391,0.66111,0.71562,0.60833,0.73516,0.57500,0.75078,0.59861,0.76250,0.54861,0.75938,0.52778,0.75391,0.53056,0.77422,0.60833,0.79531,0.54583,0.78906,0.52639,0.77734,0.54028,0.79375,0.63333,0.81953,0.57222,0.81406,0.55417,0.80312,0.56667,0.81094,0.67083,0.83359,0.62639,0.83281,0.60556,0.82422,0.60972,0.64056,0.76333,0.9998,0.74980,1.00000,0.9084,0.75977,0.76651,0.9965,0.64662,0.76415,0.73359,0.79444,128.12,0.9670,live,0.1357,0.1024,72.08,703.81
156456.454325,100.0,0.5519,4,3,0,0.75625,0.79444,0.73359,0.73194,0.73047,0.66111,0.74453,0.60833,0.76562,0.57361,0.77500,0.60417,0.78359,0.54583,0.78516,0.52778,0.78203,0.54306,0.79922,0.61111,0.81875,0.54722,0.81797,0.52500,0.80703,0.54167,0.81953,0.63611,0.84297,0.57639,0.84375,0.55417,0.83359,0.57222,0.83672,0.67361,0.86016,0.63194,0.86406,0.60556,0.85625,0.60833,0.64313,0.77291,0.9998,0.76541,1.00000,0.9030,0.77877,0.76713,0.9958,0.66855,0.77021,0.75625,0.79444,127.60,0.9686,live,0.1357,0.1399,99.51,711.22
156456.520944,100.0,0.6629,4,3,0,0.76641,0.78750,0.74609,0.72083,0.74531,0.65417,0.76016,0.60278,0.78125,0.56806,0.78359,0.59444,0.79453,0.54306,0.79766,0.52639,0.79688,0.53333,0.80937,0.60694,0.82812,0.54306,0.83125,0.52778,0.82500,0.53611,0.83047,0.63194,0.85313,0.57361,0.85547,0.55278,0.84453,0.57222,0.84844,0.66944,0.87109,0.62639,0.87656,0.60139,0.86875,0.60556,0.64525,0.77455,0.9998,0.76200,1.00000,0.8952,0.78565,0.77344,0.9953,0.68812,0.77367,0.76641,0.78750,129.00,0.9831,live,0.1423,0.1724,123.94,718.76
156456.588090,100.0,0.7748,4,3,0,0.77031,0.78472,0.74922,0.71944,0.74766,0.65139,0.76328,0.59861,0.78594,0.56250,0.78672,0.59444,0.79531,0.54306,0.80078,0.52500,0.80312,0.52639,0.81250,0.60417,0.82969,0.54444,0.83437,0.52778,0.82969,0.53472,0.83281,0.63056,0.85391,0.57500,0.85781,0.55278,0.84844,0.56944,0.85078,0.66667,0.87187,0.62500,0.87891,0.60000,0.87266,0.60278,0.64523,0.77724,0.9998,0.76049,1.00000,0.8912,0.78737,0.77952,0.9951,0.70456,0.77588,0.77031,0.78472,127.50,0.9800,live,0.1526,0.1994,144.41,724.31
156456.654250,100.0,0.8851,4,3,0,0.76875,0.78194,0.74609,0.71944,0.74375,0.65278,0.75859,0.59861,0.77891,0.56111,0.78281,0.59167,0.79063,0.53889,0.79531,0.52083,0.79531,0.52917,0.80859,0.60139,0.82500,0.54028,0.82734,0.52083,0.82109,0.53194,0.82891,0.62639,0.84922,0.57083,0.85313,0.54583,0.84453,0.56111,0.84766,0.66250,0.86797,0.62083,0.87344,0.59306,0.86719,0.59306,0.64526,0.77808,0.9998,0.76756,1.00000,0.8881,0.78588,0.78079,0.9949,0.71740,0.77709,0.76875,0.78194,126.97,0.9874,live,0.1647,0.2200,160.30,728.81
156456.720815,100.0,0.9961,4,3,0,0.75703,0.76667,0.73438,0.70833,0.73047,0.63889,0.74453,0.58750,0.76484,0.55556,0.77266,0.58194,0.78125,0.52778,0.78281,0.50556,0.77969,0.51111,0.79688,0.58889,0.81563,0.52639,0.81328,0.50417,0.80156,0.51806,0.81719,0.61250,0.83984,0.55417,0.83750,0.52917,0.82578,0.54583,0.83516,0.65000,0.85703,0.60556,0.85859,0.57778,0.85000,0.58056,0.64667,0.77645,0.9998,0.76678,1.00000,0.8797,0.78049,0.78058,0.9946,0.72532,0.77501,0.75703,0.76667,124.17,0.9881,live,0.1759,0.2271,165.94,730.76
156456.787612,100.0,0.1074,4,4,0,0.73438,0.73889,0.71250,0.67778,0.70781,0.60694,0.71797,0.55556,0.73516,0.51944,0.75469,0.55278,0.76641,0.49861,0.75703,0.47639,0.74375,0.47639,0.77656,0.55972,0.79688,0.49444,0.78203,0.47361,0.76172,0.48611,0.79609,0.58194,0.81953,0.51806,0.80547,0.49444,0.78672,0.50556,0.81328,0.61806,0.83281,0.56528,0.82344,0.54028,0.80625,0.54167,0.64689,0.76717,0.9998,0.75624,1.00000,0.8702,0.77674,0.75624,0.9942,0.72713,0.76778,0.73438,0.73889,124.54,0.9841,live,0.1822,0.2107,154.42,732.74
156456.854116,100.0,0.2182,4,4,0,0.71172,0.69444,0.68672,0.62917,0.67891,0.55694,0.68594,0.50278,0.69688,0.46111,0.72031,0.50000,0.72500,0.44444,0.71250,0.41806,0.69844,0.40972,0.74062,0.50278,0.75156,0.43472,0.73359,0.41111,0.71406,0.41389,0.75859,0.52083,0.77422,0.45000,0.75703,0.42778,0.73828,0.43333,0.77578,0.55139,0.78984,0.49167,0.77734,0.46944,0.76016,0.47083,0.64683,0.76156,0.9998,0.75648,1.00000,0.8701,0.75151,0.71780,0.9945,0.72405,0.75312,0.71172,0.69444,123.76,0.9603,live,0.1822,0.1799,132.02,733.91
156456.920520,100.0,0.3289,4,4,0,0.69063,0.63056,0.66016,0.55417,0.65000,0.48333,0.65547,0.42778,0.66172,0.38472,0.68672,0.42778,0.68594,0.37361,0.67578,0.34444,0.66172,0.32778,0.70625,0.42778,0.71094,0.36667,0.69844,0.33750,0.68203,0.32639,0.72500,0.44167,0.73438,0.37917,0.72266,0.35139,0.70859,0.34583,0.74297,0.46667,0.75234,0.41111,0.74297,0.38472,0.72813,0.37917,0.64407,0.75964,0.9998,0.76028,1.00000,0.8755,0.72156,0.62632,0.9948,0.71737,0.72860,0.69063,0.63056,126.60,0.9662,live,0.1822,0.1838,135.46,736.99
156456.987924,100.0,0.4412,4,4,0,0.67344,0.56528,0.64219,0.49306,0.63125,0.42222,0.63359,0.36111,0.64062,0.31528,0.66641,0.36250,0.66406,0.30694,0.65234,0.27639,0.63828,0.25278,0.68516,0.35833,0.68750,0.29583,0.67578,0.26528,0.65859,0.25139,0.70312,0.36667,0.71016,0.30556,0.69922,0.27500,0.68203,0.26944,0.72109,0.38889,0.72734,0.33472,0.71953,0.30278,0.70547,0.28889,0.63847,0.75901,0.9998,0.76341,1.00000,0.8791,0.70214,0.54729,0.9949,0.70858,0.69594,0.67344,0.56528,127.36,0.9834,live,0.1725,0.1284,95.07,740.26
156457.054541,100.0,0.5523,4,4,0,0.66875,0.50833,0.63203,0.44167,0.61953,0.36944,0.62031,0.31111,0.62656,0.26111,0.65391,0.30972,0.65156,0.25417,0.64062,0.22361,0.62656,0.20417,0.67344,0.30417,0.67500,0.24028,0.66094,0.20972,0.64141,0.20139,0.69141,0.31111,0.69844,0.24583,0.68516,0.21389,0.66563,0.20694,0.71016,0.33194,0.71719,0.27917,0.70859,0.24722,0.69297,0.23333,0.63195,0.75389,0.9998,0.76458,0.97676,0.8808,0.69320,0.49179,0.9951,0.70061,0.65842,0.66875,0.50833,125.69,0.9836,live,0.1655,0.1334,98.97,741.92
156457.121367,100.0,0.6636,4,4,0,0.66563,0.47222,0.62969,0.41806,0.61406,0.35000,0.61406,0.29028,0.62031,0.23889,0.64844,0.28889,0.64531,0.23611,0.63438,0.20833,0.62031,0.19167,0.66797,0.28056,0.66797,0.21528,0.65469,0.18889,0.63672,0.18194,0.68594,0.28750,0.69141,0.21944,0.67969,0.19306,0.66172,0.19028,0.70312,0.30694,0.70859,0.25278,0.70000,0.22222,0.68437,0.21111,0.62645,0.75066,0.9998,0.76485,0.96297,0.8864,0.68662,0.47294,0.9954,0.69362,0.62118,0.66563,0.47222,117.84,0.9729,live,0.1655,0.1629,120.18,737.74
156457.187873,100.0,0.7745,4,4,0,0.66094,0.47083,0.62734,0.42639,0.61250,0.35694,0.61094,0.29722,0.61719,0.24861,0.64531,0.29444,0.64141,0.24306,0.63047,0.21528,0.61641,0.20000,0.66484,0.28611,0.66406,0.22361,0.65078,0.19583,0.63047,0.19167,0.68281,0.29028,0.68750,0.22778,0.67422,0.20000,0.65547,0.19722,0.70078,0.30833,0.70469,0.25694,0.69609,0.22500,0.68047,0.21389,0.62446,0.75059,0.9998,0.76483,0.96714,0.8881,0.68476,0.47104,0.9956,0.68708,0.59111,0.66094,0.47083,115.25,0.9840,live,0.1709,0.1958,143.39,732.19
156457.254401,100.0,0.8854,4,4,0,0.65859,0.49444,0.62422,0.45000,0.61094,0.37639,0.61094,0.31528,0.61641,0.26667,0.64375,0.31528,0.63906,0.26250,0.62891,0.23333,0.61484,0.21806,0.66406,0.30833,0.66172,0.24444,0.64766,0.21528,0.62969,0.21111,0.68281,0.31389,0.68672,0.24861,0.67266,0.21806,0.65312,0.21389,0.70156,0.33333,0.70625,0.27778,0.69609,0.24722,0.67891,0.23750,0.62482,0.74999,0.9998,0.76480,0.96849,0.8876,0.68180,0.48547,0.9957,0.68138,0.57178,0.65859,0.49444,117.02,0.9862,live,0.1791,0.2163,157.61,728.58
156457.321400,100.0,0.9970,4,4,0,0.65781,0.53472,0.62500,0.48611,0.61016,0.41528,0.61016,0.35417,0.61562,0.30694,0.64531,0.35000,0.64141,0.29861,0.63047,0.27222,0.61641,0.25694,0.66563,0.34306,0.66328,0.28194,0.65000,0.25417,0.63281,0.24722,0.68437,0.35139,0.68906,0.28611,0.67578,0.25833,0.65781,0.25417,0.70312,0.37361,0.70859,0.31806,0.69844,0.28750,0.68125,0.27639,0.62396,0.75058,0.9998,0.76198,0.97224,0.8863,0.68019,0.48702,0.9958,0.67667,0.56437,0.65781,0.53472,119.49,0.9861,live,0.1865,0.2201,160.07,727.18
156457.388614,100.0,0.1090,4,1,1,0.65547,0.59028,0.62578,0.54722,0.61094,0.47361,0.61016,0.41944,0.61641,0.37500,0.64609,0.40417,0.64375,0.34444,0.63047,0.31944,0.61562,0.31528,0.66563,0.40139,0.66563,0.33056,0.65078,0.30833,0.63359,0.31389,0.68516,0.41250,0.69141,0.33750,0.67656,0.31667,0.65938,0.32500,0.70469,0.43750,0.71094,0.37639,0.69844,0.35000,0.68203,0.35000,0.62414,0.75662,0.9998,0.75967,1.00000,0.8906,0.67601,0.56011,0.9960,0.67243,0.56955,0.65547,0.59028,119.17,0.9905,live,0.1865,0.2082,151.11,725.72
156457.454525,100.0,0.2189,4,1,1,0.65547,0.65694,0.62813,0.61667,0.61406,0.54583,0.61406,0.49583,0.62187,0.45556,0.65156,0.47361,0.65234,0.40833,0.63594,0.39444,0.61875,0.40139,0.67188,0.47917,0.67969,0.39861,0.66094,0.38889,0.64453,0.40972,0.69219,0.49861,0.70391,0.41944,0.68359,0.40833,0.66719,0.42639,0.71094,0.53056,0.72109,0.46667,0.70469,0.45139,0.68828,0.46389,0.62726,0.76271,0.9998,0.75403,1.00000,0.8958,0.67713,0.67255,0.9963,0.66904,0.58703,0.65547,0.65694,115.90,0.9946,live,0.1865,0.1848,133.45,722.08
156457.521070,100.0,0.3298,4,1,1,0.65547,0.72361,0.63047,0.68056,0.61875,0.61389,0.61641,0.56806,0.62500,0.52639,0.65781,0.54306,0.66016,0.47778,0.64141,0.46667,0.62500,0.47361,0.67812,0.55278,0.68984,0.46944,0.66797,0.46528,0.64922,0.48750,0.69844,0.57778,0.71406,0.49722,0.69141,0.49306,0.67344,0.51389,0.71719,0.61389,0.73047,0.55278,0.71328,0.54028,0.69531,0.55139,0.62939,0.76319,0.9998,0.75710,1.00000,0.8970,0.67802,0.73647,0.9964,0.66632,0.61434,0.65547,0.72361,114.91,0.9961,live,0.1803,0.1519,109.09,718.16
156457.588079,100.0,0.4415,4,1,1,0.65625,0.76528,0.63203,0.71250,0.61953,0.64444,0.61719,0.59722,0.63047,0.55556,0.66016,0.57639,0.66484,0.51528,0.64531,0.50417,0.62734,0.50556,0.68125,0.58889,0.69141,0.50833,0.66797,0.50556,0.64844,0.52361,0.70078,0.61389,0.71875,0.53472,0.69453,0.53333,0.67500,0.55278,0.71875,0.65417,0.73359,0.59028,0.71484,0.57917,0.69609,0.59167,0.62854,0.76369,0.9998,0.74547,1.00000,0.9007,0.67860,0.75850,0.9965,0.66431,0.64453,0.65625,0.76528,118.45,0.9970,live,0.1684,0.1145,82.13,717.27
156457.654631,100.0,0.5524,4,1,1,0.65781,0.77083,0.63359,0.71667,0.61953,0.64861,0.61719,0.60139,0.63203,0.55972,0.66094,0.57778,0.66719,0.51250,0.64766,0.50139,0.63047,0.51250,0.68203,0.59028,0.69609,0.50694,0.67188,0.50556,0.65312,0.53056,0.70234,0.61667,0.72109,0.53889,0.69688,0.53750,0.67812,0.56250,0.72109,0.65694,0.73516,0.59444,0.71797,0.58472,0.70000,0.59861,0.62890,0.76389,0.9998,0.74193,1.00000,0.8984,0.67909,0.76469,0.9965,0.66301,0.66979,0.65781,0.77083,120.94,0.9969,live,0.1595,0.1189,85.42,718.27
156457.721655,100.0,0.6641,4,1,1,0.65938,0.76806,0.63438,0.71250,0.62187,0.64444,0.62031,0.59583,0.63438,0.55417,0.66250,0.57361,0.67109,0.50833,0.65234,0.49583,0.63438,0.50417,0.68437,0.58611,0.69922,0.50278,0.67578,0.50000,0.65703,0.52222,0.70391,0.61111,0.72422,0.53333,0.70234,0.53056,0.68281,0.55417,0.72344,0.65139,0.73828,0.59028,0.72266,0.57778,0.70547,0.58750,0.62860,0.76607,0.9998,0.74140,1.00000,0.9027,0.67935,0.76594,0.9967,0.66228,0.68944,0.65938,0.76806,122.08,0.9956,live,0.1547,0.1326,95.49,719.98
156457.787863,100.0,0.7745,4,1,1,0.66250,0.76667,0.63672,0.70972,0.62344,0.64167,0.62344,0.59028,0.63828,0.54722,0.66563,0.57222,0.67344,0.50833,0.65547,0.49444,0.63750,0.49861,0.68750,0.58194,0.70156,0.49861,0.67891,0.49444,0.66016,0.51528,0.70703,0.60556,0.72813,0.52778,0.70703,0.52361,0.68750,0.54583,0.72656,0.64444,0.74219,0.58333,0.72578,0.57083,0.70781,0.58056,0.62929,0.76801,0.9998,0.74161,1.00000,0.8993,0.68337,0.77988,0.9966,0.66233,0.70489,0.66250,0.76667,122.72,0.9947,live,0.1547,0.1469,106.04,721.94
156457.854736,100.0,0.8859,4,1,1,0.66328,0.76528,0.63672,0.70833,0.62500,0.63750,0.62500,0.58889,0.63906,0.54861,0.66719,0.56806,0.67578,0.50417,0.65703,0.49167,0.63906,0.49722,0.68906,0.58056,0.70391,0.49722,0.68125,0.49306,0.66250,0.51389,0.70859,0.60556,0.73047,0.52778,0.70859,0.52361,0.68984,0.54583,0.72734,0.64583,0.74453,0.58472,0.72969,0.56944,0.71250,0.57778,0.62965,0.76843,0.9998,0.74184,1.00000,0.9016,0.68394,0.77853,0.9967,0.66252,0.71697,0.66328,0.76528,123.29,0.9954,live,0.1547,0.1539,111.41,724.08
156457.920870,100.0,0.9961,4,1,1,0.65859,0.76528,0.63359,0.70833,0.62187,0.64028,0.62187,0.59306,0.63516,0.55000,0.66328,0.56944,0.66953,0.50556,0.65234,0.49583,0.63672,0.50417,0.68516,0.58194,0.70078,0.49861,0.67656,0.49583,0.65781,0.51944,0.70469,0.60972,0.72578,0.53194,0.70234,0.52917,0.68359,0.55278,0.72266,0.65000,0.73984,0.58611,0.72266,0.57500,0.70547,0.58889,0.63503,0.76662,0.9998,0.74174,1.00000,0.9055,0.68362,0.77510,0.9969,0.66173,0.72663,0.65859,0.76528,122.43,0.9946,live,0.1547,0.1632,118.38,725.33
156457.988193,100.0,0.1083,4,2,0,0.63750,0.77222,0.61484,0.71111,0.60469,0.64444,0.60547,0.59861,0.61484,0.55972,0.64531,0.57778,0.65312,0.51389,0.63047,0.50694,0.61094,0.51528,0.66641,0.58889,0.67891,0.50972,0.65234,0.50833,0.63359,0.52639,0.68594,0.61389,0.70312,0.53889,0.67891,0.53889,0.66016,0.55833,0.70469,0.65139,0.72109,0.59167,0.70312,0.58611,0.68437,0.59861,0.63472,0.76795,0.9998,0.73678,1.00000,0.9087,0.67184,0.77399,0.9969,0.65689,0.73575,0.63750,0.77222,123.11,0.9860,live,0.1547,0.1669,121.31,726.93
156458.054630,100.0,0.2191,4,2,0,0.61016,0.79028,0.58203,0.73194,0.56641,0.66528,0.56406,0.61528,0.56563,0.57222,0.60234,0.59583,0.60391,0.52361,0.57969,0.51806,0.56172,0.52778,0.62266,0.60694,0.62734,0.51944,0.59609,0.52222,0.57656,0.54444,0.64062,0.63056,0.65078,0.54861,0.62109,0.55417,0.60156,0.57639,0.65859,0.66667,0.66875,0.60417,0.64844,0.59583,0.62969,0.60694,0.63078,0.76891,0.9998,0.71447,1.00000,0.9104,0.63665,0.77444,0.9970,0.64754,0.74665,0.61016,0.79028,117.51,0.9915,live,0.1547,0.1356,98.25,724.30
156458.122223,100.0,0.3317,4,2,0,0.57656,0.79583,0.54766,0.73611,0.52969,0.67222,0.52266,0.62639,0.51953,0.58333,0.56328,0.59861,0.55703,0.52778,0.52891,0.53333,0.50859,0.55139,0.58125,0.60833,0.57578,0.52361,0.54219,0.53333,0.52266,0.55833,0.59766,0.63056,0.59844,0.55139,0.56563,0.56111,0.54531,0.58333,0.61484,0.66528,0.61484,0.60417,0.59062,0.60139,0.57109,0.61389,0.62550,0.75264,0.9998,0.71027,1.00000,0.9158,0.59899,0.77478,0.9972,0.63334,0.75649,0.57656,0.79583,116.44,0.9962,live,0.1493,0.1245,89.83,721.22
156458.188779,100.0,0.4427,4,2,0,0.55234,0.79028,0.52031,0.73750,0.50078,0.67361,0.49141,0.62917,0.48828,0.58750,0.53047,0.59583,0.52266,0.52778,0.49531,0.53194,0.47422,0.54861,0.54844,0.60556,0.54297,0.52222,0.51016,0.53333,0.48984,0.55833,0.56641,0.62778,0.56563,0.54861,0.53359,0.55972,0.51328,0.58194,0.58281,0.65972,0.57891,0.59861,0.55312,0.59861,0.53516,0.61250,0.62089,0.74690,0.9998,0.70964,1.00000,0.9197,0.57170,0.77396,0.9973,0.61714,0.76325,0.55234,0.79028,114.73,0.9969,live,0.1493,0.1245,89.30,717.28
156458.255090,100.0,0.5532,4,2,0,0.54219,0.78194,0.50938,0.73472,0.48984,0.66944,0.47656,0.62639,0.46875,0.58056,0.51562,0.59306,0.51094,0.52222,0.48438,0.52639,0.46406,0.54722,0.53438,0.60278,0.53047,0.51806,0.49688,0.53056,0.47578,0.55694,0.55234,0.62222,0.55156,0.54444,0.51719,0.55556,0.49531,0.57778,0.56875,0.65417,0.56484,0.59306,0.53906,0.59028,0.51953,0.60278,0.62045,0.74490,0.9998,0.69014,1.00000,0.9211,0.56043,0.77685,0.9974,0.60215,0.76699,0.54219,0.78194,112.16,0.9970,live,0.1493,0.1339,95.33,711.96
156458.321718,100.0,0.6642,4,2,0,0.54219,0.78194,0.51016,0.73472,0.49062,0.66944,0.47891,0.62778,0.47109,0.58194,0.52031,0.59028,0.51250,0.52083,0.48438,0.52778,0.46328,0.54722,0.53750,0.59861,0.52969,0.51806,0.49453,0.53194,0.47344,0.55833,0.55469,0.62083,0.55156,0.54444,0.51641,0.55556,0.49453,0.57778,0.57031,0.65417,0.56484,0.59306,0.53906,0.59167,0.52031,0.60417,0.61623,0.73568,0.9998,0.68820,1.00000,0.9215,0.55904,0.77620,0.9975,0.59016,0.76998,0.54219,0.78194,112.64,0.9981,live,0.1493,0.1467,103.80,707.63
156458.388501,100.0,0.7755,4,2,0,0.54922,0.78333,0.51719,0.73611,0.49922,0.67083,0.48906,0.62778,0.48203,0.58333,0.52656,0.59444,0.51875,0.52639,0.49219,0.52917,0.47109,0.54444,0.54453,0.60417,0.53750,0.52083,0.50469,0.53333,0.48359,0.55972,0.56172,0.62361,0.56172,0.54444,0.52891,0.55556,0.50859,0.57917,0.57891,0.65556,0.57578,0.59444,0.55156,0.59306,0.53281,0.60556,0.61641,0.73777,0.9998,0.69472,1.00000,0.9266,0.56365,0.77582,0.9976,0.58197,0.77265,0.54922,0.78333,111.97,0.9974,live,0.1493,0.1573,110.62,703.33
156458.454973,100.0,0.8863,4,2,0,0.55937,0.78611,0.52891,0.73750,0.51016,0.67361,0.50156,0.63056,0.49688,0.58889,0.53828,0.59861,0.52891,0.53194,0.50234,0.53333,0.48125,0.54722,0.55625,0.60556,0.55000,0.52222,0.51875,0.53333,0.49844,0.55972,0.57500,0.62639,0.57500,0.54583,0.54375,0.55556,0.52422,0.57778,0.59297,0.65833,0.59219,0.59583,0.56797,0.59306,0.54922,0.60556,0.61547,0.73534,0.9998,0.69603,1.00000,0.9301,0.56512,0.78348,0.9978,0.57745,0.77534,0.55937,0.78611,112.86,0.9973,live,0.1493,0.1620,113.44,700.19
156458.521875,100.0,0.9978,4,2,0,0.57422,0.78194,0.54531,0.73611,0.52734,0.67222,0.51875,0.62500,0.51875,0.58194,0.55547,0.59861,0.55000,0.53194,0.52422,0.53472,0.50391,0.54861,0.57422,0.60556,0.57422,0.51944,0.54453,0.52917,0.52656,0.55278,0.59375,0.62500,0.60000,0.54583,0.56953,0.55417,0.55078,0.57500,0.61328,0.65694,0.61641,0.59306,0.59297,0.59167,0.57500,0.60417,0.61398,0.73556,0.9998,0.69521,1.00000,0.9329,0.57670,0.78134,0.9979,0.57681,0.77666,0.57422,0.78194,112.30,0.9952,live,0.1493,0.1530,106.65,697.03
156458.588823,100.0,0.1094,4,3,0,0.60234,0.77639,0.57500,0.72778,0.55937,0.66250,0.55547,0.61528,0.55937,0.57361,0.59297,0.58889,0.59609,0.51806,0.57188,0.51528,0.55156,0.52778,0.61250,0.60000,0.61953,0.51250,0.59141,0.51389,0.57266,0.53333,0.63203,0.62222,0.64531,0.53889,0.61875,0.53889,0.60078,0.55833,0.65234,0.65556,0.66328,0.59306,0.64375,0.58472,0.62656,0.59444,0.62672,0.73781,0.9998,0.70219,1.00000,0.9339,0.61158,0.78167,0.9979,0.58191,0.77661,0.60234,0.77639,115.27,0.9910,live,0.1493,0.1337,93.08,696.38
156458.654934,100.0,0.2196,4,3,0,0.64141,0.77917,0.61719,0.71528,0.60781,0.64444,0.61094,0.59167,0.62734,0.55972,0.64687,0.58056,0.66016,0.51806,0.64375,0.50556,0.62656,0.51389,0.66719,0.59167,0.68594,0.51528,0.66406,0.50694,0.64375,0.52500,0.68594,0.61389,0.71016,0.54167,0.68984,0.53194,0.67188,0.54722,0.70391,0.65139,0.72344,0.59306,0.71094,0.58194,0.69609,0.59167,0.62922,0.75393,0.9998,0.71772,1.00000,0.9331,0.66540,0.77982,0.9979,0.59381,0.77712,0.64141,0.77917,123.28,0.9873,live,0.1413,0.1053,73.88,701.58
156458.722170,100.0,0.3316,4,3,0,0.68047,0.78194,0.65938,0.71389,0.65469,0.64167,0.66563,0.58889,0.68906,0.56111,0.70156,0.58056,0.71953,0.52639,0.71094,0.50556,0.69766,0.51389,0.72422,0.59306,0.74922,0.52778,0.73672,0.50972,0.71719,0.52778,0.74375,0.62083,0.77187,0.55694,0.76016,0.53889,0.74453,0.55694,0.76172,0.66111,0.78672,0.61667,0.78203,0.59444,0.77031,0.59861,0.63012,0.75741,0.9998,0.73636,1.00000,0.9220,0.71273,0.77101,0.9974,0.61114,0.77808,0.68047,0.78194,131.64,0.9753,live,0.1346,0.1039,74.02,712.17
156458.788711,100.0,0.4425,4,3,0,0.71094,0.78611,0.68984,0.71528,0.69063,0.64306,0.70781,0.59167,0.73125,0.56389,0.74062,0.58750,0.75234,0.53611,0.75156,0.51667,0.74531,0.52639,0.76562,0.60000,0.78984,0.53750,0.78438,0.51806,0.76797,0.53750,0.78594,0.62917,0.81406,0.57222,0.80859,0.55139,0.79219,0.56806,0.80234,0.67083,0.83125,0.62778,0.82969,0.60278,0.81563,0.60556,0.63052,0.76573,0.9998,0.73376,1.00000,0.9102,0.73957,0.76944,0.9970,0.63110,0.77969,0.71094,0.78611,135.45,0.9891,live,0.1279,0.0973,70.50,724.23
156458.855391,100.0,0.5537,4,3,0,0.72656,0.79028,0.70859,0.71528,0.71016,0.64306,0.72969,0.59167,0.75547,0.55972,0.75469,0.59167,0.76719,0.53611,0.77031,0.51806,0.76641,0.52639,0.77969,0.60556,0.80234,0.54306,0.80469,0.52222,0.79453,0.53472,0.79922,0.63333,0.82578,0.57778,0.82891,0.55556,0.81641,0.57222,0.81563,0.67361,0.84141,0.63472,0.84688,0.60972,0.83828,0.61250,0.63047,0.76727,0.9998,0.73276,1.00000,0.8994,0.74840,0.76930,0.9964,0.65019,0.78181,0.72656,0.79028,134.06,0.9835,live,0.1279,0.1285,94.32,733.85
156458.922242,100.0,0.6651,4,3,0,0.73203,0.78611,0.71250,0.71389,0.71484,0.64306,0.73438,0.59028,0.75938,0.56111,0.75859,0.59167,0.77266,0.53333,0.77578,0.51806,0.77187,0.53611,0.78359,0.60556,0.80703,0.54167,0.80859,0.52222,0.79766,0.53750,0.80234,0.63333,0.82969,0.57778,0.83281,0.55417,0.82109,0.56944,0.81875,0.67222,0.84375,0.63611,0.85078,0.61111,0.84453,0.61111,0.63052,0.77131,0.9998,0.73131,1.00000,0.8918,0.75185,0.76932,0.9961,0.66656,0.78267,0.73203,0.78611,131.07,0.9791,live,0.1329,0.1555,115.11,740.15
156458.988871,100.0,0.7761,4,3,0,0.73281,0.78889,0.71250,0.71806,0.71484,0.64583,0.73594,0.59167,0.76094,0.56111,0.75938,0.59306,0.77109,0.53472,0.77578,0.51944,0.77422,0.53472,0.78438,0.60556,0.80547,0.54306,0.80859,0.52222,0.80000,0.53750,0.80391,0.63333,0.82891,0.58056,0.83359,0.55417,0.82344,0.56944,0.81953,0.67361,0.84453,0.63750,0.85078,0.61250,0.84453,0.61528,0.63101,0.77114,0.9998,0.73322,1.00000,0.8838,0.75502,0.77074,0.9958,0.67981,0.78391,0.73281,0.78889,131.91,0.9836,live,0.1408,0.1769,131.99,746.31
156459.055481,100.0,0.8872,4,3,0,0.73281,0.78889,0.71250,0.71667,0.71406,0.64444,0.73359,0.59028,0.75938,0.55833,0.75703,0.59306,0.76797,0.53472,0.77266,0.51806,0.77187,0.53333,0.78281,0.60556,0.80391,0.54306,0.80703,0.52222,0.79844,0.53472,0.80234,0.63333,0.82734,0.57639,0.83047,0.55278,0.81953,0.57083,0.81875,0.67222,0.84297,0.63333,0.84844,0.60833,0.84062,0.61250,0.63104,0.77266,0.9998,0.73839,1.00000,0.8785,0.75462,0.77124,0.9952,0.69041,0.78491,0.73281,0.78889,131.72,0.9860,live,0.1503,0.1936,145.54,751.59
156459.122344,100.0,0.9986,4,3,0,0.72891,0.78472,0.70781,0.71111,0.70781,0.64028,0.72500,0.58611,0.74687,0.55278,0.75156,0.59028,0.76094,0.53472,0.76406,0.51528,0.76172,0.52083,0.77656,0.60139,0.79688,0.54028,0.79766,0.51528,0.78750,0.52361,0.79609,0.62778,0.82031,0.57222,0.82266,0.54583,0.81094,0.55694,0.81328,0.66528,0.83672,0.62361,0.84062,0.59722,0.83281,0.59861,0.63100,0.77304,0.9998,0.73825,1.00000,0.8716,0.75227,0.77037,0.9948,0.69811,0.78487,0.72891,0.78472,130.53,0.9907,live,0.1587,0.1971,148.85,755.38
156459.188836,100.0,0.1094,4,4,0,0.71562,0.75694,0.69297,0.69306,0.69219,0.61806,0.70703,0.56528,0.72891,0.53472,0.73906,0.56667,0.75078,0.51389,0.74766,0.49167,0.74141,0.49722,0.76172,0.57639,0.78516,0.51250,0.77734,0.49167,0.76172,0.50694,0.78125,0.60139,0.80781,0.54167,0.80078,0.51944,0.78594,0.53472,0.79688,0.64028,0.82266,0.59306,0.82031,0.56667,0.80781,0.56944,0.63098,0.77431,0.9998,0.73888,1.00000,0.8652,0.75115,0.75388,0.9948,0.70161,0.77929,0.71562,0.75694,126.93,0.9901,live,0.1587,0.1826,138.10,756.13
156459.255519,100.0,0.2206,4,4,0,0.69609,0.72083,0.67344,0.65556,0.66797,0.58472,0.67812,0.53194,0.69375,0.49444,0.71406,0.52778,0.72500,0.47500,0.71484,0.45139,0.70156,0.45000,0.73672,0.53472,0.75469,0.46944,0.74297,0.44444,0.72500,0.45278,0.75703,0.55694,0.77891,0.49167,0.76953,0.46806,0.75313,0.47778,0.77422,0.59167,0.79219,0.53889,0.78672,0.51389,0.77187,0.51528,0.63144,0.77191,0.9998,0.75511,1.00000,0.8656,0.73715,0.73863,0.9949,0.70051,0.76759,0.69609,0.72083,127.72,0.9810,live,0.1587,0.1538,116.47,757.35
156459.322272,100.0,0.3318,4,4,0,0.67578,0.66389,0.65078,0.60000,0.64297,0.52778,0.65078,0.47222,0.66250,0.42917,0.68281,0.46528,0.68828,0.41250,0.67656,0.38889,0.66328,0.38056,0.70469,0.46806,0.71484,0.40278,0.70000,0.38056,0.68359,0.38472,0.72422,0.48611,0.73984,0.41806,0.72578,0.39722,0.71016,0.40417,0.74219,0.51806,0.75703,0.45972,0.74687,0.43472,0.73203,0.43472,0.63176,0.76413,0.9998,0.75305,1.00000,0.8717,0.70956,0.68064,0.9953,0.69556,0.74685,0.67578,0.66389,127.28,0.9680,live,0.1525,0.1244,94.32,758.11
156459.389029,100.0,0.4431,4,4,0,0.65938,0.60556,0.63047,0.53889,0.61797,0.46944,0.62031,0.40972,0.62969,0.36528,0.65547,0.40417,0.65547,0.35139,0.64453,0.32639,0.62969,0.31389,0.67656,0.40417,0.68047,0.34167,0.66719,0.31389,0.64922,0.30972,0.69609,0.41806,0.70625,0.35417,0.69609,0.32778,0.68047,0.32500,0.71562,0.44583,0.72500,0.39028,0.71641,0.36389,0.70156,0.35694,0.63189,0.76434,0.9998,0.75254,1.00000,0.8795,0.68069,0.60563,0.9956,0.68833,0.71859,0.65938,0.60556,127.52,0.9778,live,0.1444,0.1071,81.31,758.95
156459.455741,100.0,0.5543,4,4,0,0.64766,0.55139,0.61641,0.49306,0.60469,0.42083,0.60625,0.36389,0.61172,0.31667,0.63750,0.35417,0.63359,0.30278,0.62266,0.27778,0.61094,0.26528,0.65781,0.35139,0.65859,0.28750,0.64609,0.25972,0.62813,0.25417,0.67734,0.36250,0.68437,0.29722,0.67344,0.26667,0.65547,0.26111,0.69688,0.38750,0.70312,0.33194,0.69453,0.30000,0.67812,0.28472,0.63034,0.76121,0.9998,0.75525,1.00000,0.8849,0.67547,0.55744,0.9956,0.68019,0.68515,0.64766,0.55139,125.16,0.9884,live,0.1385,0.1117,84.69,757.99
156459.522501,100.0,0.6655,4,4,0,0.64531,0.51111,0.61250,0.45694,0.59766,0.38750,0.59766,0.32500,0.60625,0.27639,0.62969,0.32500,0.62656,0.27222,0.61641,0.24722,0.60391,0.23472,0.65000,0.31667,0.65000,0.25417,0.63672,0.22778,0.61875,0.22361,0.67031,0.32500,0.67500,0.25833,0.66406,0.23056,0.64609,0.22778,0.68906,0.34583,0.69375,0.29167,0.68516,0.26250,0.66875,0.25139,0.62988,0.75896,0.9998,0.75481,0.99254,0.8880,0.67031,0.51665,0.9957,0.67322,0.65034,0.64531,0.51111,121.15,0.9782,live,0.1385,0.1372,103.48,754.26
156459.589130,100.0,0.7766,4,4,0,0.64453,0.49583,0.61094,0.45000,0.59531,0.37778,0.59609,0.31667,0.60469,0.26806,0.62891,0.31389,0.62422,0.25972,0.61328,0.23194,0.59922,0.21944,0.64922,0.30694,0.64844,0.23750,0.63359,0.21250,0.61484,0.21250,0.66875,0.31389,0.67344,0.24167,0.66016,0.21389,0.64141,0.21528,0.68672,0.33333,0.69063,0.27639,0.68125,0.24444,0.66484,0.23194,0.62936,0.75742,0.9998,0.75487,0.98682,0.8925,0.66535,0.50887,0.9959,0.66748,0.61944,0.64453,0.49583,118.21,0.9834,live,0.1441,0.1695,126.89,748.86
156459.655514,100.0,0.8872,4,4,0,0.64297,0.49861,0.61016,0.45278,0.59688,0.38056,0.59688,0.31944,0.60391,0.26944,0.62813,0.32083,0.62500,0.26944,0.61406,0.24167,0.60078,0.22639,0.64844,0.31250,0.64922,0.24861,0.63594,0.22222,0.61719,0.21944,0.66797,0.31944,0.67344,0.25417,0.66016,0.22361,0.64141,0.22083,0.68594,0.33750,0.69141,0.28472,0.68281,0.25278,0.66797,0.23889,0.62916,0.75453,0.9997,0.75447,0.98388,0.8946,0.66287,0.51359,0.9960,0.66258,0.59528,0.64297,0.49861,116.73,0.9842,live,0.1533,0.1956,145.37,743.04
156459.722675,100.0,0.9992,4,4,0,0.64297,0.52361,0.61172,0.47500,0.59922,0.40139,0.59922,0.34167,0.60625,0.29444,0.63047,0.34028,0.62656,0.28889,0.61562,0.26111,0.60156,0.24861,0.65078,0.33472,0.65000,0.27222,0.63750,0.24444,0.61953,0.23889,0.67031,0.34167,0.67578,0.27778,0.66406,0.24861,0.64609,0.24167,0.68906,0.36250,0.69531,0.30833,0.68672,0.27639,0.67031,0.26111,0.62945,0.75337,0.9997,0.75447,0.99194,0.9000,0.66320,0.52368,0.9963,0.65866,0.58094,0.64297,0.52361,119.04,0.9871,live,0.1630,0.2069,153.03,739.58
156459.789230,100.0,0.1101,4,1,1,0.64375,0.55694,0.61406,0.50833,0.60234,0.43472,0.60156,0.37639,0.60781,0.33333,0.63438,0.36944,0.63203,0.31528,0.61953,0.28889,0.60391,0.27917,0.65469,0.36528,0.65469,0.30139,0.64062,0.27500,0.62187,0.27361,0.67422,0.37639,0.68047,0.30694,0.66719,0.27778,0.64844,0.27500,0.69297,0.40000,0.70000,0.34306,0.69063,0.31111,0.67344,0.30000,0.62882,0.75192,0.9997,0.75312,0.99306,0.9060,0.66165,0.52583,0.9965,0.65567,0.57614,0.64375,0.55694,120.44,0.9902,live,0.1701,0.2024,149.31,737.55
156459.855412,100.0,0.2204,4,1,1,0.64141,0.60556,0.61406,0.55694,0.60000,0.48611,0.60000,0.42917,0.60859,0.38333,0.63672,0.41528,0.63594,0.35556,0.62187,0.33333,0.60703,0.33194,0.65703,0.41389,0.65781,0.34444,0.64297,0.32361,0.62578,0.33056,0.67578,0.42778,0.68594,0.35417,0.67109,0.33194,0.65391,0.33750,0.69453,0.45556,0.70312,0.39722,0.69297,0.36806,0.67656,0.36250,0.63125,0.75229,0.9997,0.74979,1.00000,0.9120,0.66143,0.58537,0.9968,0.65282,0.58203,0.64141,0.60556,120.92,0.9919,live,0.1763,0.2048,150.76,736.11
156459.922325,100.0,0.3319,4,1,1,0.64062,0.65833,0.61562,0.60972,0.60313,0.53889,0.60234,0.48611,0.61016,0.44167,0.63984,0.46944,0.64219,0.40694,0.62578,0.38750,0.60938,0.39028,0.66016,0.47222,0.66875,0.39722,0.65156,0.38194,0.63438,0.39722,0.67891,0.49028,0.69453,0.41389,0.67656,0.39583,0.65938,0.40833,0.69688,0.52222,0.71016,0.46250,0.69688,0.43750,0.67969,0.43750,0.63130,0.75669,0.9997,0.73921,1.00000,0.9157,0.66230,0.65239,0.9970,0.65038,0.59729,0.64062,0.65833,119.05,0.9937,live,0.1763,0.1547,113.48,733.50
156459.989335,100.0,0.4436,4,1,1,0.64062,0.70278,0.61641,0.65139,0.60547,0.58333,0.60469,0.53333,0.61562,0.49028,0.64453,0.51250,0.64766,0.45139,0.62891,0.43194,0.61172,0.43194,0.66406,0.51806,0.67500,0.43889,0.65234,0.42778,0.63281,0.44444,0.68359,0.53889,0.70156,0.45972,0.67891,0.44583,0.65938,0.45972,0.70078,0.57361,0.71484,0.50972,0.69844,0.48889,0.68125,0.49583,0.63134,0.76149,0.9997,0.73919,1.00000,0.9109,0.66439,0.71045,0.9970,0.64843,0.61839,0.64062,0.70278,119.64,0.9944,live,0.1663,0.1208,88.39,731.62
156460.055839,100.0,0.5544,4,1,1,0.64297,0.72639,0.61797,0.67361,0.60703,0.60694,0.60547,0.55833,0.61641,0.51389,0.64531,0.53333,0.64922,0.47500,0.63281,0.45833,0.61719,0.45972,0.66641,0.53889,0.67891,0.46111,0.65859,0.45278,0.64062,0.46944,0.68594,0.56250,0.70469,0.48611,0.68359,0.47639,0.66563,0.49583,0.70391,0.60000,0.71797,0.53750,0.70234,0.52222,0.68437,0.53333,0.63288,0.76166,0.9997,0.73924,1.00000,0.9144,0.66465,0.73432,0.9972,0.64734,0.63999,0.64297,0.72639,121.56,0.9944,live,0.1519,0.0860,62.86,731.34
156460.122395,100.0,0.6654,4,1,1,0.64609,0.73472,0.61953,0.68194,0.60781,0.61250,0.60547,0.56250,0.61719,0.51806,0.64609,0.54028,0.65156,0.47917,0.63359,0.46389,0.61797,0.46944,0.66797,0.54861,0.68203,0.46528,0.66016,0.45972,0.64219,0.48194,0.68750,0.57083,0.70703,0.49444,0.68594,0.48611,0.66719,0.50694,0.70625,0.60833,0.71953,0.54583,0.70469,0.52917,0.68750,0.53889,0.63538,0.76559,0.9997,0.74133,1.00000,0.9101,0.66613,0.73793,0.9972,0.64709,0.65893,0.64609,0.73472,121.84,0.9949,live,0.1414,0.0935,68.35,731.31
156460.189412,100.0,0.7770,4,1,1,0.64609,0.73472,0.62031,0.68056,0.60781,0.61250,0.60547,0.56250,0.61719,0.51944,0.64766,0.54028,0.65391,0.47778,0.63516,0.46250,0.61797,0.46667,0.66875,0.54861,0.68281,0.46528,0.65938,0.45972,0.64062,0.48056,0.68828,0.57083,0.70859,0.49306,0.68594,0.48472,0.66719,0.50417,0.70625,0.60833,0.71953,0.54583,0.70312,0.53056,0.68594,0.54167,0.63463,0.76553,0.9997,0.74050,1.00000,0.9131,0.66948,0.74312,0.9973,0.64689,0.67409,0.64609,0.73472,121.48,0.9944,live,0.1340,0.1003,73.33,731.01
156460.255968,100.0,0.8880,4,1,1,0.64531,0.73333,0.61953,0.67917,0.60781,0.61111,0.60547,0.56111,0.61719,0.51528,0.64609,0.54028,0.65234,0.47639,0.63359,0.46111,0.61719,0.46528,0.66797,0.54722,0.68203,0.46389,0.65938,0.45833,0.63984,0.47917,0.68750,0.57083,0.70781,0.49167,0.68516,0.48194,0.66641,0.50139,0.70469,0.60833,0.71875,0.54444,0.70234,0.52917,0.68516,0.53889,0.63465,0.76502,0.9997,0.74017,1.00000,0.9157,0.66867,0.74666,0.9974,0.64657,0.68594,0.64531,0.73333,120.87,0.9938,live,0.1340,0.1103,80.55,730.32
156460.322510,100.0,0.9989,4,1,1,0.64141,0.73472,0.61484,0.67917,0.60391,0.61111,0.60313,0.56250,0.61172,0.51528,0.64062,0.54028,0.64609,0.47778,0.62969,0.46389,0.61562,0.46944,0.66250,0.54861,0.67656,0.46528,0.65469,0.45972,0.63594,0.47917,0.68125,0.57083,0.70078,0.49306,0.67969,0.48194,0.66094,0.50139,0.70000,0.60833,0.71328,0.54444,0.69766,0.52639,0.68047,0.53472,0.63450,0.76519,0.9997,0.73494,1.00000,0.9070,0.66809,0.74174,0.9973,0.64554,0.69570,0.64141,0.73472,121.26,0.9912,live,0.1340,0.1201,87.70,729.99
156460.389420,100.0,0.1104,4,2,0,0.62344,0.73611,0.60078,0.68056,0.59062,0.61250,0.58906,0.56528,0.59531,0.52083,0.62813,0.54444,0.63516,0.47778,0.61406,0.46944,0.59609,0.47778,0.64766,0.55556,0.65859,0.47222,0.63359,0.46944,0.61641,0.48750,0.66563,0.57639,0.68125,0.49722,0.65859,0.49167,0.64062,0.50694,0.68437,0.61111,0.69609,0.54722,0.67891,0.53472,0.66406,0.54444,0.63453,0.76474,0.9997,0.73088,1.00000,0.9101,0.65487,0.74729,0.9974,0.64112,0.70378,0.62344,0.73611,119.35,0.9866,live,0.1340,0.1221,88.93,728.33
156460.456107,100.0,0.2215,4,2,0,0.60625,0.74444,0.58125,0.69028,0.56719,0.62500,0.56250,0.57361,0.56953,0.53056,0.60469,0.55556,0.60938,0.48472,0.58359,0.48056,0.56484,0.49306,0.62266,0.56389,0.63203,0.47500,0.60391,0.47639,0.58672,0.49722,0.63984,0.58472,0.65312,0.50278,0.62656,0.50000,0.60938,0.51667,0.65703,0.61667,0.66719,0.55278,0.64766,0.54028,0.63125,0.54861,0.63324,0.76511,0.9996,0.72371,1.00000,0.9128,0.63459,0.74595,0.9976,0.63415,0.71191,0.60625,0.74444,115.13,0.9899,live,0.1340,0.1176,85.11,723.82
156460.522872,100.0,0.3328,4,2,0,0.59141,0.74583,0.56484,0.69444,0.55078,0.62639,0.54453,0.57917,0.54609,0.53333,0.58516,0.55694,0.58594,0.48611,0.56094,0.48333,0.54063,0.49444,0.60391,0.56806,0.61094,0.48056,0.58203,0.48333,0.56328,0.50278,0.62109,0.58750,0.63203,0.50694,0.60391,0.50556,0.58516,0.52222,0.63672,0.62083,0.64375,0.55556,0.62266,0.54444,0.60469,0.55278,0.63030,0.76513,0.9996,0.71209,1.00000,0.9155,0.61991,0.74554,0.9977,0.62560,0.71870,0.59141,0.74583,113.19,0.9920,live,0.1294,0.1084,77.91,718.45
156460.589498,100.0,0.4439,4,2,0,0.58437,0.74583,0.55781,0.69722,0.54219,0.63056,0.53516,0.58194,0.53594,0.53333,0.57266,0.55694,0.57109,0.48472,0.54766,0.48333,0.52812,0.49583,0.59219,0.56389,0.59453,0.47639,0.56719,0.48194,0.54844,0.50278,0.61016,0.58472,0.61797,0.50139,0.58984,0.50278,0.56953,0.52083,0.62734,0.61667,0.63047,0.55278,0.60859,0.54306,0.59062,0.55000,0.62333,0.75127,0.9997,0.69890,1.00000,0.9205,0.61061,0.74485,0.9978,0.61735,0.72412,0.58437,0.74583,114.60,0.9946,live,0.1241,0.1003,71.71,714.75
156460.656216,100.0,0.5551,4,2,0,0.58359,0.74722,0.55625,0.69722,0.53984,0.62778,0.53281,0.57917,0.53438,0.53472,0.57266,0.55556,0.56953,0.48472,0.54453,0.48472,0.52656,0.50000,0.59062,0.56250,0.59453,0.47361,0.56484,0.48056,0.54609,0.50556,0.60859,0.58333,0.61797,0.49861,0.58750,0.50139,0.56797,0.52222,0.62500,0.61528,0.62813,0.55000,0.60469,0.54167,0.58672,0.55000,0.62350,0.75056,0.9997,0.70112,1.00000,0.9251,0.60806,0.74359,0.9980,0.61060,0.72874,0.58359,0.74722,115.10,0.9956,live,0.1192,0.0964,68.61,711.86
156460.722990,100.0,0.6663,4,2,0,0.58672,0.74722,0.55859,0.69583,0.54297,0.62778,0.53594,0.57778,0.53672,0.53056,0.57500,0.55556,0.57109,0.48472,0.54688,0.48611,0.52891,0.50139,0.59375,0.56250,0.59453,0.47361,0.56719,0.48194,0.55000,0.50417,0.61094,0.58194,0.61953,0.49722,0.59219,0.50278,0.57422,0.52500,0.62813,0.61528,0.63125,0.55000,0.60938,0.54167,0.59219,0.55000,0.62282,0.75346,0.9997,0.69888,1.00000,0.9290,0.60650,0.74327,0.9981,0.60582,0.73244,0.58672,0.74722,115.34,0.9952,live,0.1192,0.0948,67.29,709.48
156460.789602,100.0,0.7774,4,2,0,0.59219,0.75000,0.56328,0.69722,0.54844,0.63056,0.54141,0.58194,0.54219,0.53611,0.58125,0.55972,0.57812,0.48889,0.55469,0.48750,0.53516,0.50139,0.59922,0.56806,0.60156,0.47778,0.57344,0.48333,0.55547,0.50556,0.61719,0.58750,0.62656,0.50278,0.59922,0.50556,0.58047,0.52639,0.63438,0.61944,0.63828,0.55417,0.61641,0.54444,0.59922,0.55278,0.62114,0.75210,0.9997,0.69983,1.00000,0.9321,0.60833,0.74329,0.9982,0.60310,0.73595,0.59219,0.75000,114.47,0.9941,live,0.1146,0.0938,66.28,706.76
156460.856165,100.0,0.8883,4,2,0,0.59609,0.75278,0.56875,0.70000,0.55469,0.63472,0.54922,0.58611,0.55078,0.54167,0.58750,0.56528,0.58750,0.49306,0.56328,0.49167,0.54375,0.50417,0.60547,0.57361,0.61094,0.48194,0.58359,0.48472,0.56641,0.50694,0.62266,0.59167,0.63438,0.50833,0.60781,0.50833,0.58906,0.52917,0.64062,0.62361,0.64687,0.55833,0.62656,0.54722,0.60938,0.55556,0.62122,0.75487,0.9997,0.70274,1.00000,0.9330,0.60932,0.73354,0.9982,0.60170,0.73932,0.59609,0.75278,113.50,0.9931,live,0.1146,0.0914,64.31,703.67
156460.922748,100.0,0.9993,4,2,0,0.60703,0.75417,0.58047,0.70278,0.56719,0.63611,0.56172,0.58889,0.56484,0.54444,0.60078,0.56667,0.60313,0.49583,0.57969,0.49306,0.56094,0.50417,0.61875,0.57500,0.62578,0.48611,0.59922,0.48750,0.58125,0.50694,0.63594,0.59444,0.64687,0.51389,0.62109,0.51250,0.60234,0.52917,0.65312,0.62778,0.66016,0.56389,0.64062,0.55139,0.62422,0.55694,0.62366,0.75404,0.9997,0.70601,1.00000,0.9342,0.61861,0.73645,0.9983,0.60276,0.74229,0.60703,0.75417,113.43,0.9933,live,0.1087,0.0821,57.58,700.90
156460.989812,100.0,0.1110,4,3,0,0.62031,0.75694,0.59688,0.70139,0.58516,0.63611,0.58125,0.58889,0.58750,0.54722,0.62109,0.56667,0.62734,0.49722,0.60547,0.49167,0.58594,0.50139,0.63906,0.57639,0.64922,0.49306,0.62344,0.49028,0.60625,0.50833,0.65625,0.59722,0.67266,0.51806,0.64844,0.51389,0.62969,0.53056,0.67344,0.63056,0.68516,0.56806,0.66641,0.55417,0.65000,0.56250,0.63085,0.74921,0.9997,0.71853,1.00000,0.9361,0.64007,0.74975,0.9982,0.60627,0.74522,0.62031,0.75694,116.02,0.9857,live,0.1015,0.0685,47.96,700.32
156461.056267,100.0,0.2218,4,3,0,0.64219,0.76111,0.61875,0.70417,0.60859,0.63750,0.60938,0.59028,0.61797,0.55000,0.64609,0.57222,0.65391,0.50972,0.63516,0.49722,0.61641,0.50417,0.66563,0.58056,0.67891,0.50139,0.65625,0.49306,0.63750,0.50972,0.68437,0.60139,0.70312,0.52500,0.68125,0.51528,0.66250,0.53194,0.70312,0.63472,0.71875,0.57500,0.70234,0.56111,0.68437,0.56944,0.63181,0.75753,0.9997,0.72193,1.00000,0.9371,0.66049,0.75624,0.9982,0.61346,0.74840,0.64219,0.76111,118.78,0.9877,live,0.0928,0.0532,37.33,701.80
156461.123000,100.0,0.3330,4,3,0,0.66484,0.76250,0.64375,0.70556,0.63516,0.63889,0.63828,0.59028,0.65078,0.55139,0.67734,0.57361,0.68828,0.51528,0.67188,0.50139,0.65469,0.50694,0.69688,0.58333,0.71406,0.50833,0.69219,0.49722,0.67266,0.51250,0.71562,0.60556,0.73828,0.53333,0.71797,0.52083,0.70000,0.53611,0.73281,0.64306,0.75078,0.58472,0.73516,0.57083,0.71641,0.58056,0.63174,0.76371,0.9997,0.71381,1.00000,0.9276,0.68723,0.75700,0.9980,0.62373,0.75122,0.66484,0.76250,120.37,0.9916,live,0.0849,0.0487,34.30,704.25
156461.189990,100.0,0.4447,4,3,0,0.68203,0.76389,0.66172,0.70694,0.65625,0.63750,0.66406,0.58750,0.68047,0.54861,0.70078,0.57639,0.71172,0.51806,0.69844,0.50139,0.68203,0.50556,0.72188,0.58472,0.74141,0.51111,0.72344,0.49722,0.70391,0.51389,0.73984,0.60972,0.76328,0.54028,0.74687,0.52361,0.72891,0.54028,0.75625,0.64861,0.77656,0.59167,0.76406,0.57361,0.74453,0.58472,0.63382,0.76487,0.9997,0.72350,1.00000,0.9161,0.70284,0.76535,0.9976,0.63539,0.75375,0.68203,0.76389,122.50,0.9933,live,0.0849,0.0660,46.74,707.94
156461.256631,100.0,0.5557,4,3,0,0.69297,0.76389,0.67266,0.70139,0.66875,0.63333,0.67656,0.58472,0.69531,0.54722,0.71406,0.57361,0.72656,0.51806,0.71484,0.50000,0.70000,0.50417,0.73516,0.58472,0.75625,0.51389,0.74062,0.49861,0.72109,0.51250,0.75313,0.60972,0.77891,0.54444,0.76406,0.52639,0.74609,0.53889,0.76875,0.64861,0.78984,0.59444,0.77969,0.57222,0.76172,0.57500,0.63523,0.76233,0.9997,0.72333,1.00000,0.9075,0.71557,0.76792,0.9975,0.64691,0.75578,0.69297,0.76389,123.89,0.9950,live,0.0849,0.0846,60.26,712.19
156461.323281,100.0,0.6668,4,3,0,0.69844,0.76250,0.67812,0.70000,0.67422,0.63194,0.68281,0.58472,0.70000,0.54722,0.72031,0.57361,0.73125,0.52083,0.71953,0.50000,0.70469,0.50139,0.74219,0.58333,0.76172,0.51250,0.74687,0.49861,0.72891,0.51528,0.76016,0.60694,0.78594,0.54167,0.77109,0.52361,0.75313,0.53611,0.77656,0.64583,0.79844,0.59167,0.78828,0.56944,0.76875,0.57500,0.63541,0.76338,0.9997,0.73148,1.00000,0.9032,0.72599,0.76770,0.9973,0.65721,0.75712,0.69844,0.76250,124.72,0.9940,live,0.0849,0.1014,72.68,716.53
156461.390181,100.0,0.7783,4,3,0,0.69922,0.75972,0.67891,0.69861,0.67578,0.62778,0.68281,0.57917,0.70312,0.54444,0.72188,0.57083,0.73125,0.51944,0.72031,0.49722,0.70703,0.49861,0.74375,0.58056,0.76328,0.50972,0.74844,0.49306,0.72813,0.51111,0.76172,0.60556,0.78672,0.53889,0.77266,0.51806,0.75547,0.53333,0.77578,0.64444,0.79766,0.58750,0.78750,0.56667,0.76953,0.57361,0.63546,0.76442,0.9997,0.74270,1.00000,0.8969,0.72848,0.76687,0.9970,0.66562,0.75764,0.69922,0.75972,123.88,0.9938,live,0.0903,0.1151,82.87,719.74
156461.456801,100.0,0.8894,4,3,0,0.69609,0.75556,0.67578,0.69583,0.67188,0.62500,0.67969,0.57639,0.69766,0.53611,0.71641,0.56667,0.72578,0.51250,0.71484,0.49167,0.70234,0.49306,0.73906,0.57500,0.75859,0.50417,0.74297,0.48750,0.72344,0.50278,0.75781,0.60000,0.78359,0.53194,0.76797,0.51250,0.75000,0.52778,0.77187,0.64028,0.79375,0.58472,0.78203,0.56250,0.76250,0.57083,0.63711,0.76469,0.9997,0.72988,1.00000,0.8899,0.72444,0.76951,0.9968,0.67171,0.75723,0.69609,0.75556,123.97,0.9938,live,0.0962,0.1231,88.94,722.63
156461.523080,100.0,0.9998,4,3,0,0.68828,0.75139,0.66719,0.69028,0.66250,0.61944,0.66875,0.56806,0.68594,0.52917,0.70625,0.56389,0.71641,0.50972,0.70391,0.48750,0.68906,0.48750,0.72813,0.57083,0.74609,0.50000,0.73047,0.48194,0.71172,0.49583,0.74687,0.59444,0.77109,0.52500,0.75547,0.50694,0.73828,0.52500,0.76406,0.63194,0.78281,0.57500,0.76953,0.55556,0.75156,0.56806,0.63933,0.76404,0.9997,0.73752,1.00000,0.8849,0.72205,0.76839,0.9968,0.67502,0.75606,0.68828,0.75139,123.74,0.9911,live,0.1009,0.1220,88.46,725.01
156461.589803,100.0,0.1110,4,4,0,0.67422,0.73472,0.65391,0.67778,0.64687,0.60833,0.64922,0.55833,0.66328,0.51944,0.68828,0.54861,0.69609,0.49444,0.68125,0.47639,0.66641,0.47917,0.70859,0.55694,0.72500,0.48194,0.70703,0.46806,0.68828,0.48194,0.72813,0.57917,0.74922,0.50694,0.73125,0.49306,0.71328,0.51111,0.74531,0.61528,0.76250,0.55556,0.74766,0.53750,0.72891,0.54722,0.63955,0.76293,0.9997,0.74155,1.00000,0.8811,0.71361,0.76272,0.9968,0.67486,0.75179,0.67422,0.73472,120.78,0.9916,live,0.1009,0.1220,88.46,724.97
156461.656558,100.0,0.2223,4,4,0,0.65547,0.71667,0.63438,0.66111,0.62578,0.59444,0.62734,0.54444,0.63672,0.50139,0.66406,0.53194,0.66719,0.47639,0.65078,0.45694,0.63594,0.45417,0.68437,0.53611,0.69453,0.45972,0.67578,0.44861,0.65938,0.46111,0.70391,0.55417,0.72109,0.47778,0.70234,0.46667,0.68437,0.48194,0.72188,0.58889,0.73594,0.52778,0.71953,0.51111,0.70078,0.52083,0.63893,0.76259,0.9997,0.74266,1.00000,0.8774,0.69907,0.73813,0.9967,0.67098,0.74477,0.65547,0.71667,119.62,0.9921,live,0.1009,0.0916,66.30,724.10
156461.723445,100.0,0.3338,4,4,0,0.64219,0.69028,0.61719,0.63750,0.60547,0.56667,0.60391,0.51111,0.61328,0.46528,0.64141,0.50000,0.64297,0.44028,0.62500,0.42361,0.60859,0.42361,0.66172,0.50278,0.67109,0.42639,0.65078,0.41389,0.63281,0.42639,0.68125,0.51944,0.69688,0.44306,0.67656,0.43056,0.65859,0.44583,0.69922,0.55278,0.71094,0.49167,0.69531,0.47083,0.67734,0.47361,0.63869,0.76126,0.9997,0.73069,1.00000,0.8846,0.67121,0.71287,0.9970,0.66523,0.73387,0.64219,0.69028,120.12,0.9916,live,0.0960,0.0740,53.54,723.69
156461.790008,100.0,0.4447,4,4,0,0.63359,0.65833,0.60625,0.60417,0.59375,0.52917,0.59219,0.47500,0.59844,0.43194,0.62891,0.46389,0.62500,0.40972,0.60859,0.38889,0.59062,0.38333,0.64766,0.46389,0.65078,0.39306,0.63125,0.37778,0.61016,0.38472,0.66641,0.47778,0.67656,0.40417,0.65859,0.38472,0.63906,0.39028,0.68281,0.50694,0.69297,0.44861,0.67969,0.42500,0.66172,0.42361,0.63882,0.76511,0.9997,0.72960,1.00000,0.8919,0.65452,0.68306,0.9972,0.65890,0.71876,0.63359,0.65833,120.71,0.9901,live,0.0901,0.0630,45.60,723.76
156461.856722,100.0,0.5559,4,4,0,0.62969,0.61944,0.60078,0.56667,0.58672,0.49444,0.58437,0.43750,0.58984,0.38611,0.61953,0.42500,0.61719,0.36806,0.60156,0.34722,0.58594,0.34167,0.63906,0.42361,0.63984,0.35278,0.62109,0.33611,0.60078,0.34444,0.65781,0.43611,0.66797,0.36111,0.64922,0.34028,0.62891,0.34583,0.67578,0.46389,0.68359,0.40417,0.66953,0.37778,0.65156,0.37500,0.63857,0.76454,0.9997,0.73053,1.00000,0.8979,0.64649,0.64068,0.9973,0.65306,0.69890,0.62969,0.61944,121.49,0.9886,live,0.0901,0.0701,50.79,724.38
156461.923668,100.0,0.6675,4,4,0,0.63047,0.59444,0.60078,0.54444,0.58594,0.46806,0.58359,0.40694,0.58906,0.35417,0.61797,0.40000,0.61328,0.34583,0.59844,0.32083,0.58281,0.31111,0.63828,0.39583,0.63828,0.32639,0.62031,0.30417,0.60000,0.30694,0.65703,0.40833,0.66563,0.33472,0.64922,0.30972,0.62813,0.30972,0.67500,0.43472,0.68047,0.37500,0.66875,0.34444,0.65078,0.33611,0.63854,0.76284,0.9997,0.73131,1.00000,0.9034,0.64660,0.61651,0.9975,0.64854,0.67801,0.63047,0.59444,122.44,0.9860,live,0.0901,0.0918,66.61,725.61
156461.990324,100.0,0.7786,4,4,0,0.63125,0.58194,0.60078,0.53333,0.58672,0.45694,0.58516,0.39583,0.58984,0.34583,0.61875,0.39028,0.61328,0.33750,0.60000,0.31250,0.58359,0.30000,0.63828,0.38611,0.63906,0.31667,0.62266,0.29167,0.60156,0.29306,0.65625,0.39583,0.66484,0.32222,0.64922,0.29444,0.62813,0.29306,0.67344,0.41806,0.67891,0.35972,0.66719,0.32917,0.64922,0.31806,0.63994,0.76300,0.9997,0.73582,1.00000,0.9088,0.64746,0.61582,0.9976,0.64508,0.65879,0.63125,0.58194,120.70,0.9876,live,0.0901,0.1111,80.57,725.44
156462.056923,100.0,0.8896,4,4,0,0.63281,0.57917,0.60156,0.53333,0.58828,0.45694,0.58594,0.39444,0.59141,0.34306,0.61875,0.38889,0.61484,0.33333,0.60078,0.31111,0.58437,0.30139,0.63828,0.38472,0.63984,0.31389,0.62187,0.29167,0.60078,0.29444,0.65625,0.39444,0.66484,0.32361,0.64844,0.29583,0.62734,0.29583,0.67422,0.41667,0.67969,0.35972,0.66797,0.33056,0.65078,0.32083,0.63862,0.76010,0.9997,0.73731,1.00000,0.9135,0.64599,0.60265,0.9977,0.64263,0.64287,0.63281,0.57917,120.14,0.9884,live,0.0966,0.1261,91.44,724.89
156462.123663,100.0,0.0008,4,1,1,0.63125,0.59306,0.60234,0.54722,0.58828,0.46944,0.58594,0.40972,0.58906,0.35556,0.61875,0.40139,0.61562,0.34583,0.60078,0.32083,0.58437,0.31250,0.63828,0.39722,0.63906,0.32778,0.62187,0.30417,0.60078,0.30833,0.65781,0.40833,0.66563,0.33611,0.64844,0.30833,0.62734,0.30833,0.67578,0.43333,0.68203,0.37361,0.66953,0.34306,0.65156,0.33750,0.63858,0.75947,0.9997,0.73733,1.00000,0.9182,0.64695,0.60981,0.9978,0.64035,0.63291,0.63125,0.59306,121.28,0.9886,live,0.1031,0.1328,96.32,725.22
156462.190373,100.0,0.1120,4,1,1,0.63281,0.62083,0.60469,0.57361,0.59062,0.49444,0.58828,0.43472,0.59219,0.38611,0.62266,0.42778,0.62031,0.36944,0.60469,0.34444,0.58672,0.33750,0.64141,0.42500,0.64219,0.35278,0.62266,0.33056,0.60156,0.33611,0.66016,0.43611,0.67031,0.35972,0.65312,0.33472,0.63281,0.33889,0.67891,0.46111,0.68594,0.40000,0.67188,0.37222,0.65312,0.36806,0.63891,0.76500,0.9997,0.73726,1.00000,0.9228,0.64746,0.61944,0.9979,0.63884,0.63049,0.63281,0.62083,121.55,0.9900,live,0.1031,0.1268,91.99,725.71
156462.256790,100.0,0.2227,4,1,1,0.63203,0.65556,0.60547,0.60556,0.59297,0.53194,0.59062,0.47500,0.59297,0.42778,0.62500,0.45972,0.62266,0.40000,0.60625,0.37917,0.58828,0.37778,0.64453,0.45972,0.64609,0.38611,0.62734,0.36944,0.60703,0.37639,0.66406,0.47361,0.67578,0.39444,0.65625,0.37639,0.63594,0.38472,0.68125,0.50556,0.68906,0.44167,0.67422,0.41806,0.65625,0.41667,0.64077,0.76538,0.9997,0.73750,1.00000,0.9245,0.64787,0.65380,0.9980,0.63748,0.63550,0.63203,0.65556,121.86,0.9926,live,0.1031,0.1135,82.47,726.36
156462.323534,100.0,0.3339,4,1,1,0.63203,0.69861,0.60781,0.64722,0.59531,0.57639,0.59062,0.52083,0.59375,0.47083,0.62656,0.50278,0.62578,0.43889,0.60703,0.42083,0.58984,0.42083,0.64609,0.50417,0.65156,0.42361,0.63203,0.41528,0.61484,0.43333,0.66563,0.52222,0.67812,0.44028,0.65781,0.42917,0.63984,0.44583,0.68516,0.55417,0.69531,0.48750,0.67969,0.46944,0.66250,0.47639,0.64107,0.76578,0.9997,0.74623,1.00000,0.9248,0.65068,0.69986,0.9980,0.63639,0.64813,0.63203,0.69861,122.55,0.9922,live,0.1031,0.0959,69.78,727.43
156462.390437,100.0,0.4454,4,1,1,0.63516,0.73056,0.60938,0.67778,0.59766,0.60972,0.59531,0.55833,0.59922,0.51111,0.63125,0.53194,0.63281,0.46806,0.61328,0.45417,0.59453,0.45694,0.65156,0.53889,0.65938,0.45556,0.63828,0.45278,0.62031,0.47222,0.67109,0.55833,0.68594,0.47778,0.66328,0.47083,0.64453,0.48750,0.68984,0.59306,0.70078,0.52778,0.68437,0.51389,0.66641,0.52500,0.64097,0.76560,0.9997,0.73419,1.00000,0.9261,0.65325,0.73986,0.9981,0.63614,0.66461,0.63516,0.73056,122.72,0.9933,live,0.0978,0.0739,53.80,728.50
156462.457332,100.0,0.5569,4,1,1,0.63750,0.75000,0.61172,0.69722,0.60000,0.63056,0.59688,0.58333,0.60313,0.53750,0.63516,0.55139,0.63828,0.48611,0.61875,0.47500,0.60078,0.48333,0.65625,0.56111,0.66484,0.47639,0.64219,0.47500,0.62422,0.49722,0.67578,0.58333,0.69141,0.50139,0.66875,0.49444,0.65000,0.51528,0.69375,0.62083,0.70625,0.55417,0.68828,0.54167,0.67109,0.55417,0.64267,0.76083,0.9997,0.73281,1.00000,0.9272,0.65586,0.75357,0.9981,0.63642,0.68169,0.63750,0.75000,122.22,0.9954,live,0.0901,0.0550,40.13,729.08
156462.523818,100.0,0.6677,4,1,1,0.63828,0.76250,0.61328,0.70833,0.60156,0.64028,0.59844,0.59167,0.60547,0.54444,0.63516,0.56528,0.63828,0.49722,0.61719,0.48889,0.59922,0.50000,0.65703,0.57500,0.66641,0.48889,0.64219,0.48750,0.62344,0.51111,0.67656,0.60000,0.69453,0.51667,0.67031,0.51250,0.65156,0.53472,0.69609,0.63750,0.70937,0.57083,0.69141,0.55972,0.67344,0.57222,0.64247,0.76047,0.9997,0.72983,1.00000,0.9286,0.65836,0.76399,0.9981,0.63679,0.69785,0.63828,0.76250,122.36,0.9953,live,0.0901,0.0683,49.83,729.69
156462.590183,100.0,0.7783,4,1,1,0.63984,0.76528,0.61406,0.71111,0.60156,0.64306,0.59688,0.59444,0.60469,0.55000,0.63516,0.56528,0.63672,0.49861,0.61562,0.49028,0.59844,0.50278,0.65703,0.57500,0.66641,0.48750,0.64141,0.48750,0.62266,0.51528,0.67734,0.60000,0.69375,0.51528,0.66953,0.51250,0.65156,0.53750,0.69609,0.63889,0.70781,0.57083,0.68984,0.56111,0.67266,0.57500,0.64238,0.76012,0.9997,0.72955,1.00000,0.9303,0.65949,0.76691,0.9982,0.63740,0.71134,0.63984,0.76528,123.31,0.9956,live,0.0901,0.0812,59.32,730.91
156462.656791,100.0,0.8893,4,1,1,0.63906,0.76806,0.61328,0.71250,0.60000,0.64306,0.59453,0.59444,0.60313,0.55139,0.63359,0.56667,0.63672,0.49861,0.61484,0.49028,0.59766,0.50139,0.65547,0.57639,0.66563,0.48750,0.64062,0.48889,0.62187,0.51528,0.67500,0.60000,0.69297,0.51667,0.66797,0.51389,0.64922,0.53889,0.69453,0.63889,0.70625,0.57083,0.68672,0.56111,0.66953,0.57639,0.64274,0.75945,0.9997,0.72732,1.00000,0.9315,0.65963,0.77272,0.9982,0.63773,0.72268,0.63906,0.76806,123.88,0.9941,live,0.0901,0.0913,66.89,732.39
156462.723967,100.0,0.0013,4,2,0,0.63516,0.76667,0.60859,0.71111,0.59531,0.64444,0.59219,0.59583,0.59844,0.55000,0.62969,0.56667,0.63203,0.49722,0.61094,0.49028,0.59375,0.50139,0.65078,0.57500,0.65938,0.48750,0.63359,0.48889,0.61562,0.51250,0.67031,0.59861,0.68672,0.51389,0.66172,0.51250,0.64375,0.53472,0.68984,0.63611,0.70078,0.56806,0.68125,0.55972,0.66328,0.57361,0.64297,0.75945,0.9997,0.73123,1.00000,0.9336,0.65903,0.78128,0.9982,0.63722,0.73148,0.63516,0.76667,123.16,0.9935,live,0.0901,0.0993,72.79,733.17
156462.790882,100.0,0.1128,4,2,0,0.62266,0.76250,0.59844,0.70694,0.58594,0.63889,0.58203,0.59167,0.58516,0.54722,0.62031,0.56528,0.62266,0.49444,0.60078,0.49028,0.58203,0.50278,0.63984,0.57500,0.64687,0.48889,0.62031,0.49028,0.60078,0.51250,0.65938,0.59861,0.67188,0.51667,0.64687,0.51389,0.62813,0.52917,0.67812,0.63333,0.68828,0.56944,0.66875,0.55833,0.65156,0.56806,0.64160,0.75943,0.9997,0.71286,1.00000,0.9342,0.64988,0.77840,0.9982,0.63430,0.73768,0.62266,0.76250,121.14,0.9925,live,0.0901,0.1006,73.70,732.41
156462.857217,100.0,0.2234,4,2,0,0.60547,0.75972,0.57969,0.70694,0.56563,0.63889,0.56016,0.58889,0.56094,0.54306,0.59844,0.56944,0.59922,0.49861,0.57500,0.49583,0.55547,0.50694,0.61641,0.57778,0.62344,0.48889,0.59688,0.49028,0.57969,0.51111,0.63359,0.59722,0.64453,0.51389,0.61797,0.51528,0.60078,0.53472,0.65234,0.62778,0.66172,0.56528,0.64141,0.55556,0.62422,0.56667,0.63917,0.76002,0.9997,0.71422,1.00000,0.9343,0.63740,0.77782,0.9983,0.62854,0.74209,0.60547,0.75972,115.54,0.9869,live,0.0901,0.0944,68.67,727.72
156462.924012,100.0,0.3347,4,2,0,0.58437,0.75417,0.55781,0.70139,0.54219,0.63333,0.53594,0.58333,0.53750,0.53889,0.57188,0.56528,0.56875,0.49722,0.54297,0.49306,0.52266,0.50278,0.58906,0.57222,0.59141,0.48472,0.56328,0.48750,0.54453,0.50833,0.60625,0.59167,0.61406,0.50833,0.58594,0.51111,0.56719,0.52917,0.62422,0.62222,0.62813,0.55833,0.60703,0.54861,0.58906,0.55417,0.63028,0.75152,0.9997,0.70504,1.00000,0.9363,0.61071,0.76356,0.9983,0.61971,0.74451,0.58437,0.75417,113.61,0.9918,live,0.0901,0.0858,61.98,722.19
156462.990414,100.0,0.4454,4,2,0,0.57109,0.74722,0.54297,0.69583,0.52656,0.62917,0.51719,0.58056,0.51328,0.53194,0.55156,0.56111,0.54766,0.49028,0.52344,0.48750,0.50391,0.49861,0.56953,0.56667,0.56953,0.47639,0.53984,0.48333,0.52109,0.50694,0.58672,0.58333,0.59062,0.50000,0.56172,0.50278,0.54141,0.52222,0.60391,0.61250,0.60391,0.54861,0.58203,0.53750,0.56328,0.54306,0.61968,0.75088,0.9997,0.70329,1.00000,0.9366,0.59678,0.76332,0.9984,0.60998,0.74505,0.57109,0.74722,112.14,0.9915,live,0.0901,0.0949,67.94,716.27
156463.057401,100.0,0.5570,4,2,0,0.56250,0.73889,0.53359,0.68611,0.51797,0.62083,0.51016,0.57083,0.50234,0.52361,0.54297,0.55417,0.53594,0.48750,0.51328,0.48472,0.49375,0.49583,0.56094,0.55694,0.56016,0.47500,0.53125,0.47778,0.51016,0.50000,0.57812,0.57361,0.58047,0.49306,0.55078,0.49306,0.52969,0.51111,0.59375,0.60139,0.59062,0.53889,0.56875,0.52917,0.55000,0.53611,0.61985,0.75110,0.9997,0.70161,1.00000,0.9371,0.58528,0.75005,0.9984,0.60049,0.74382,0.56250,0.73889,111.62,0.9908,live,0.0901,0.0824,58.55,710.68
156463.123933,100.0,0.6679,4,2,0,0.56172,0.73333,0.53281,0.68750,0.51641,0.62222,0.50781,0.57500,0.50078,0.52917,0.54141,0.55556,0.53516,0.48611,0.51094,0.48472,0.49141,0.49722,0.55859,0.55833,0.55703,0.47361,0.52656,0.47778,0.50703,0.50000,0.57500,0.57361,0.57734,0.49167,0.54688,0.49306,0.52656,0.51111,0.59062,0.60139,0.58828,0.53889,0.56484,0.52778,0.54688,0.53333,0.61701,0.75074,0.9997,0.69338,1.00000,0.9378,0.58419,0.74223,0.9985,0.59273,0.74172,0.56172,0.73333,107.44,0.9913,live,0.0901,0.0889,62.50,702.76
156463.191144,100.0,0.7799,4,2,0,0.56484,0.73611,0.53672,0.68750,0.52109,0.61944,0.51094,0.57222,0.50391,0.52500,0.54766,0.55556,0.53750,0.49306,0.51328,0.49028,0.49375,0.50000,0.56484,0.55833,0.55937,0.47778,0.53047,0.48194,0.51094,0.50139,0.58125,0.57500,0.58203,0.49306,0.55234,0.49583,0.53281,0.51528,0.59766,0.60278,0.59375,0.53750,0.57109,0.53056,0.55312,0.53750,0.61115,0.75072,0.9997,0.69413,1.00000,0.9387,0.58589,0.73602,0.9985,0.58715,0.74060,0.56484,0.73611,109.28,0.9935,live,0.0901,0.0957,66.71,697.10
156463.257286,100.0,0.8902,4,2,0,0.57266,0.73611,0.54531,0.68889,0.52891,0.62361,0.52109,0.57500,0.51719,0.52917,0.55547,0.55694,0.54844,0.49028,0.52500,0.48889,0.50547,0.50139,0.57266,0.56111,0.56953,0.47917,0.54219,0.48472,0.52344,0.50556,0.58984,0.57639,0.59297,0.49444,0.56484,0.50139,0.54609,0.52222,0.60625,0.60417,0.60469,0.54167,0.58281,0.53472,0.56563,0.54306,0.61175,0.75336,0.9997,0.69165,1.00000,0.9404,0.58729,0.72619,0.9986,0.58426,0.73970,0.57266,0.73611,108.62,0.9925,live,0.0901,0.0990,68.49,691.66
156463.324039,100.0,0.0014,4,3,0,0.58594,0.73889,0.56094,0.68889,0.54609,0.62500,0.53828,0.57639,0.53906,0.53472,0.57344,0.55833,0.57266,0.49167,0.55000,0.49028,0.53047,0.50278,0.58984,0.56528,0.59453,0.48472,0.56953,0.48750,0.55156,0.50556,0.60625,0.58194,0.61484,0.50556,0.58906,0.50694,0.57031,0.52222,0.62187,0.60833,0.62578,0.54861,0.60703,0.53889,0.59062,0.54444,0.61214,0.75197,0.9997,0.69794,1.00000,0.9409,0.59835,0.72591,0.9986,0.58459,0.73954,0.58594,0.73889,108.11,0.9848,live,0.0901,0.0936,64.28,686.50
156463.390711,100.0,0.1125,4,3,0,0.60469,0.74167,0.58203,0.68750,0.57031,0.62500,0.56484,0.57917,0.56719,0.53750,0.60156,0.56528,0.60547,0.49861,0.58437,0.49028,0.56563,0.49722,0.61719,0.57222,0.62500,0.49167,0.59922,0.48611,0.58047,0.50139,0.63281,0.58889,0.64531,0.51250,0.62109,0.50556,0.60313,0.51806,0.64844,0.61667,0.65781,0.55694,0.64141,0.54167,0.62578,0.54722,0.61739,0.75872,0.9997,0.70141,1.00000,0.9405,0.61673,0.74121,0.9985,0.58861,0.73996,0.60469,0.74167,106.65,0.9824,live,0.0901,0.0944,64.28,680.91
156463.457494,100.0,0.2238,4,3,0,0.62891,0.74444,0.60781,0.68611,0.60078,0.62500,0.60000,0.57778,0.60469,0.53611,0.63203,0.56667,0.63672,0.50972,0.62031,0.49722,0.60391,0.50000,0.64922,0.57222,0.65781,0.50139,0.63828,0.49028,0.62109,0.50139,0.66563,0.58889,0.67969,0.51944,0.66094,0.50833,0.64453,0.51944,0.68203,0.61944,0.69219,0.56389,0.67891,0.54861,0.66406,0.55556,0.62537,0.75100,0.9997,0.71149,1.00000,0.9327,0.64994,0.74142,0.9983,0.59667,0.74086,0.62891,0.74444,110.50,0.9850,live,0.0901,0.0671,45.55,678.76
156463.524289,100.0,0.3352,4,3,0,0.64922,0.74306,0.62969,0.68472,0.62344,0.62083,0.62344,0.57361,0.63203,0.53194,0.65625,0.56806,0.66172,0.51667,0.64766,0.49861,0.63125,0.49583,0.67344,0.57361,0.68516,0.50694,0.66641,0.49306,0.64766,0.50278,0.68984,0.59028,0.70781,0.52361,0.68906,0.50972,0.67109,0.52083,0.70469,0.61944,0.71875,0.56250,0.70469,0.54861,0.68750,0.55833,0.62447,0.75795,0.9997,0.69901,1.00000,0.9264,0.66767,0.74521,0.9981,0.60718,0.74130,0.64922,0.74306,109.56,0.9909,live,0.0827,0.0491,33.17,676.19
156463.591017,100.0,0.4464,4,3,0,0.66250,0.74167,0.64375,0.68472,0.63672,0.62222,0.63984,0.57083,0.65469,0.53056,0.67031,0.56806,0.67578,0.51806,0.66484,0.50000,0.65156,0.49444,0.68828,0.57361,0.69844,0.51111,0.68516,0.49444,0.66875,0.50139,0.70469,0.59028,0.72109,0.52917,0.70859,0.51111,0.69219,0.52083,0.71953,0.61944,0.73281,0.56944,0.72266,0.54861,0.70703,0.55139,0.62530,0.76094,0.9997,0.72344,1.00000,0.9193,0.68324,0.74929,0.9979,0.61824,0.74137,0.66250,0.74167,109.55,0.9912,live,0.0827,0.0647,43.61,673.93
156463.657319,100.0,0.5569,4,3,0,0.67344,0.74444,0.65547,0.68750,0.65078,0.62361,0.65547,0.57361,0.66875,0.53333,0.68516,0.57500,0.68984,0.52778,0.68047,0.50556,0.66875,0.50000,0.70156,0.57917,0.71250,0.51944,0.70078,0.50000,0.68437,0.50417,0.71797,0.59722,0.73438,0.53611,0.72344,0.51806,0.70703,0.52639,0.73203,0.62639,0.74531,0.57778,0.73672,0.55556,0.72109,0.55694,0.62664,0.76471,0.9997,0.72134,1.00000,0.9080,0.68803,0.75888,0.9974,0.62928,0.74199,0.67344,0.74444,107.77,0.9905,live,0.0827,0.0861,57.72,670.65
156463.724433,100.0,0.6687,4,3,0,0.68203,0.74722,0.66484,0.69028,0.66250,0.62639,0.66875,0.57778,0.68281,0.53889,0.69688,0.58194,0.70391,0.53194,0.69453,0.50972,0.68281,0.50556,0.71406,0.58750,0.72656,0.52639,0.71484,0.50556,0.69844,0.50972,0.72969,0.60417,0.74766,0.54444,0.73594,0.52361,0.71953,0.53194,0.74375,0.63194,0.75703,0.58472,0.74922,0.56111,0.73438,0.56111,0.62934,0.76846,0.9997,0.73104,1.00000,0.9039,0.69914,0.75637,0.9973,0.63983,0.74303,0.68203,0.74722,106.79,0.9907,live,0.0827,0.1067,71.18,667.06
156463.791137,100.0,0.7799,4,3,0,0.68906,0.75139,0.67031,0.69444,0.66797,0.63056,0.67422,0.58194,0.68984,0.54583,0.70312,0.58472,0.71016,0.53750,0.70234,0.51389,0.69063,0.50972,0.72109,0.59028,0.73438,0.53472,0.72500,0.51111,0.70859,0.51806,0.73672,0.60694,0.75469,0.55278,0.74609,0.52917,0.73047,0.53472,0.75078,0.63472,0.76406,0.59028,0.75781,0.56528,0.74453,0.56389,0.63066,0.77692,0.9997,0.73059,1.00000,0.8994,0.70642,0.75643,0.9971,0.64968,0.74471,0.68906,0.75139,107.63,0.9911,live,0.0905,0.1261,83.82,664.51
156463.857751,100.0,0.8909,4,3,0,0.68984,0.75000,0.67031,0.69167,0.66875,0.62778,0.67578,0.57778,0.69141,0.54306,0.70312,0.58333,0.71250,0.53611,0.70391,0.51389,0.69063,0.50972,0.72109,0.58889,0.73438,0.53194,0.72422,0.50972,0.70781,0.51667,0.73672,0.60694,0.75469,0.55139,0.74531,0.52917,0.73125,0.53611,0.75000,0.63472,0.76484,0.59028,0.75859,0.56528,0.74609,0.56389,0.62947,0.78183,0.9997,0.73181,1.00000,0.8928,0.70411,0.75650,0.9969,0.65771,0.74576,0.68984,0.75000,106.90,0.9914,live,0.0997,0.1416,93.70,661.74
156463.924353,100.0,0.0019,4,4,0,0.68281,0.73472,0.66484,0.67917,0.66250,0.61528,0.66875,0.56667,0.68203,0.53333,0.69609,0.57083,0.70156,0.52639,0.69453,0.50278,0.68437,0.49722,0.71406,0.57500,0.72578,0.51944,0.71562,0.49861,0.69922,0.50556,0.72969,0.59167,0.74609,0.53750,0.73672,0.51806,0.72188,0.52500,0.74297,0.62083,0.75625,0.57778,0.75000,0.55417,0.73750,0.55278,0.62938,0.78162,0.9997,0.73217,1.00000,0.8901,0.70236,0.75614,0.9969,0.66273,0.74356,0.68281,0.73472,105.86,0.9927,live,0.1077,0.1442,94.97,658.55
156463.991193,100.0,0.1133,4,4,0,0.66953,0.71250,0.65078,0.65972,0.64766,0.59583,0.65234,0.54722,0.66328,0.51389,0.68125,0.55139,0.68437,0.50833,0.67500,0.48333,0.66328,0.47222,0.69844,0.55278,0.70859,0.49861,0.69609,0.47639,0.67969,0.47500,0.71406,0.56667,0.72969,0.50972,0.71953,0.48889,0.70391,0.49028,0.72734,0.59167,0.73984,0.54583,0.73281,0.52222,0.71953,0.51667,0.62934,0.78144,0.9997,0.73703,1.00000,0.8899,0.70210,0.75131,0.9968,0.66409,0.73734,0.66953,0.71250,104.43,0.9881,live,0.1077,0.1321,86.51,654.71
156464.057647,100.0,0.2241,4,4,0,0.65469,0.66944,0.63359,0.61528,0.62969,0.55139,0.63438,0.50556,0.64297,0.47361,0.65938,0.50139,0.66094,0.45694,0.65078,0.43611,0.63828,0.43056,0.67578,0.50278,0.68203,0.45000,0.66875,0.42917,0.65156,0.42917,0.69141,0.51667,0.70391,0.46111,0.69219,0.44028,0.67656,0.44167,0.70625,0.54167,0.71562,0.49444,0.70703,0.47222,0.69375,0.46667,0.63015,0.78149,0.9997,0.72784,1.00000,0.8937,0.69034,0.69359,0.9970,0.66221,0.72376,0.65469,0.66944,106.00,0.9878,live,0.1077,0.1143,74.55,652.47
156464.124676,100.0,0.3358,4,4,0,0.63984,0.62361,0.61641,0.57083,0.60938,0.50556,0.61172,0.45694,0.61797,0.42083,0.63672,0.45556,0.63594,0.41111,0.62500,0.39028,0.61172,0.38194,0.65312,0.45556,0.65391,0.40139,0.63906,0.38056,0.62109,0.37778,0.66875,0.46528,0.67500,0.40694,0.66250,0.38333,0.64531,0.37917,0.68437,0.48611,0.68906,0.43750,0.68047,0.41250,0.66641,0.40417,0.63044,0.78140,0.9997,0.72763,1.00000,0.8985,0.66784,0.61310,0.9972,0.65774,0.70373,0.63984,0.62361,105.58,0.9860,live,0.1077,0.1016,66.03,650.19
156464.191075,100.0,0.4465,4,4,0,0.62969,0.58056,0.60391,0.52778,0.59531,0.45972,0.59766,0.40833,0.60313,0.36944,0.62266,0.41389,0.61953,0.36944,0.60781,0.34722,0.59453,0.33611,0.63750,0.40972,0.63750,0.35556,0.62422,0.33333,0.60703,0.33056,0.65312,0.41528,0.65781,0.35833,0.64531,0.33472,0.62891,0.33194,0.66953,0.43056,0.67266,0.38333,0.66328,0.35833,0.64844,0.35000,0.63031,0.76505,0.9997,0.72807,1.00000,0.8982,0.65489,0.58023,0.9972,0.65213,0.67910,0.62969,0.58056,106.09,0.9860,live,0.1077,0.1010,65.49,648.56
156464.257804,100.0,0.5577,4,4,0,0.62813,0.54028,0.59922,0.49444,0.58984,0.42639,0.59297,0.37222,0.59844,0.33056,0.61562,0.37639,0.61250,0.32917,0.60156,0.30833,0.58828,0.30139,0.63047,0.37222,0.62969,0.31806,0.61562,0.29583,0.59844,0.29444,0.64609,0.37778,0.64922,0.31944,0.63594,0.29722,0.61875,0.29722,0.66250,0.39444,0.66563,0.34583,0.65625,0.32083,0.64141,0.30972,0.63033,0.75876,0.9997,0.72817,1.00000,0.9040,0.65075,0.54951,0.9973,0.64733,0.65133,0.62813,0.54028,103.84,0.9836,live,0.1077,0.1158,74.74,645.49
156464.324726,100.0,0.6692,4,4,0,0.62813,0.51944,0.59922,0.47639,0.58750,0.41111,0.58906,0.35556,0.59609,0.31111,0.61406,0.36111,0.61094,0.31389,0.60000,0.29028,0.58750,0.28194,0.63047,0.35417,0.62891,0.29861,0.61641,0.27500,0.60000,0.27361,0.64609,0.35972,0.64844,0.30000,0.63672,0.27639,0.62109,0.27500,0.66172,0.37361,0.66328,0.32361,0.65391,0.29722,0.63984,0.28750,0.63007,0.75200,0.9997,0.72763,0.98185,0.9062,0.64809,0.52770,0.9974,0.64349,0.62496,0.62813,0.51944,102.39,0.9784,live,0.1138,0.1416,90.89,641.76
156464.391920,100.0,0.7812,4,4,0,0.62891,0.51389,0.60000,0.47500,0.58906,0.40972,0.58984,0.35556,0.59531,0.31389,0.61562,0.35833,0.61172,0.31111,0.60078,0.28889,0.58750,0.27778,0.63125,0.35139,0.62891,0.29583,0.61562,0.27361,0.59844,0.27222,0.64609,0.35556,0.64844,0.29583,0.63594,0.27083,0.61953,0.26944,0.66172,0.36806,0.66328,0.31944,0.65312,0.29167,0.63984,0.28194,0.63033,0.74509,0.9997,0.72750,0.96914,0.9053,0.64633,0.53023,0.9974,0.64057,0.60274,0.62891,0.51389,100.71,0.9808,live,0.1237,0.1684,107.29,637.25
156464.457958,100.0,0.8913,4,4,0,0.62813,0.52222,0.59922,0.48056,0.58828,0.41667,0.58828,0.36111,0.59609,0.31806,0.61406,0.36528,0.61094,0.32083,0.60000,0.29722,0.58672,0.28750,0.63047,0.35972,0.62891,0.30556,0.61641,0.28194,0.59922,0.27917,0.64531,0.36389,0.64844,0.30833,0.63672,0.28333,0.62031,0.28056,0.66094,0.37639,0.66328,0.33056,0.65469,0.30278,0.64219,0.29167,0.63028,0.74385,0.9996,0.72691,0.98029,0.9049,0.64711,0.53408,0.9975,0.63808,0.58664,0.62813,0.52222,101.27,0.9875,live,0.1349,0.1859,117.78,633.70
156464.524707,100.0,0.0025,4,1,1,0.62969,0.54028,0.60078,0.50000,0.58984,0.43056,0.59062,0.37500,0.59844,0.33194,0.61719,0.37917,0.61328,0.33333,0.60234,0.31111,0.58828,0.30278,0.63359,0.37500,0.63203,0.32083,0.61797,0.29722,0.60078,0.29444,0.64922,0.38056,0.65156,0.32222,0.63906,0.29722,0.62187,0.29583,0.66563,0.39583,0.66797,0.34583,0.65859,0.31806,0.64453,0.30833,0.63029,0.74411,0.9996,0.72741,0.98409,0.9091,0.64774,0.54032,0.9976,0.63640,0.57737,0.62969,0.54028,103.27,0.9889,live,0.1449,0.1907,120.51,632.01
156464.591471,100.0,0.1138,4,1,1,0.63281,0.56528,0.60625,0.52361,0.59609,0.45278,0.59688,0.39722,0.60469,0.35694,0.62266,0.40139,0.61953,0.35556,0.60859,0.33333,0.59453,0.32500,0.63906,0.39722,0.63750,0.34167,0.62422,0.31944,0.60703,0.32083,0.65469,0.40417,0.65938,0.34306,0.64609,0.32083,0.62891,0.32083,0.67109,0.42083,0.67578,0.37083,0.66563,0.34444,0.65078,0.33611,0.62867,0.74814,0.9997,0.72613,0.99189,0.9086,0.64767,0.54781,0.9976,0.63568,0.57495,0.63281,0.56528,104.63,0.9894,live,0.1509,0.1780,112.40,631.50
156464.658096,100.0,0.2249,4,1,1,0.63906,0.60139,0.61562,0.55833,0.60625,0.48889,0.60781,0.43472,0.61562,0.39583,0.63438,0.43611,0.63203,0.39028,0.62187,0.36806,0.60859,0.35833,0.65000,0.43194,0.65078,0.37500,0.63828,0.35278,0.62187,0.35278,0.66641,0.44167,0.67266,0.38056,0.66172,0.35694,0.64531,0.35694,0.68203,0.46111,0.68750,0.41250,0.67969,0.38472,0.66563,0.37639,0.62901,0.76175,0.9997,0.72612,1.00000,0.9112,0.65299,0.56414,0.9977,0.63636,0.58024,0.63906,0.60139,105.14,0.9896,live,0.1509,0.1535,96.93,631.42
156464.724887,100.0,0.3362,4,1,1,0.65000,0.64167,0.62734,0.59444,0.61953,0.52639,0.62187,0.47222,0.62891,0.43472,0.65078,0.47361,0.65000,0.42778,0.63828,0.40556,0.62500,0.39861,0.66719,0.47361,0.67031,0.41528,0.65781,0.39167,0.63984,0.38889,0.68359,0.48611,0.69297,0.42222,0.68203,0.40000,0.66563,0.40139,0.69922,0.50972,0.70781,0.45833,0.69922,0.43333,0.68437,0.42917,0.63066,0.76301,0.9996,0.72871,1.00000,0.9057,0.66305,0.64327,0.9976,0.63909,0.59252,0.65000,0.64167,106.30,0.9872,live,0.1459,0.1232,77.89,632.19
156464.791655,100.0,0.4475,4,1,1,0.66094,0.68194,0.63750,0.63194,0.63047,0.56250,0.63359,0.50833,0.64453,0.47083,0.66328,0.50972,0.66484,0.46250,0.65469,0.43889,0.64219,0.43194,0.68203,0.51111,0.68828,0.45139,0.67656,0.42917,0.66094,0.43333,0.69922,0.52639,0.71250,0.46250,0.70078,0.44167,0.68516,0.45000,0.71484,0.55417,0.72578,0.50139,0.71719,0.47778,0.70234,0.47639,0.63069,0.76951,0.9997,0.72810,1.00000,0.9089,0.67434,0.69035,0.9977,0.64346,0.61041,0.66094,0.68194,109.58,0.9884,live,0.1358,0.0897,56.98,635.22
156464.860398,100.0,0.5620,4,1,1,0.66719,0.71111,0.64375,0.65972,0.63750,0.59306,0.64062,0.54028,0.65078,0.50278,0.67031,0.53611,0.67344,0.48611,0.66328,0.46389,0.65078,0.45694,0.68906,0.53750,0.69844,0.47361,0.68516,0.45556,0.66875,0.46111,0.70625,0.55417,0.72266,0.48889,0.70937,0.47083,0.69297,0.47917,0.72188,0.58472,0.73438,0.53333,0.72578,0.50972,0.71094,0.50833,0.63006,0.76979,0.9997,0.72880,1.00000,0.9035,0.68649,0.71818,0.9975,0.64820,0.63055,0.66719,0.71111,110.92,0.9930,live,0.1235,0.0675,43.12,638.86
156464.925300,100.0,0.6702,4,1,1,0.66875,0.72639,0.64609,0.66944,0.63828,0.60556,0.64219,0.55556,0.65391,0.51944,0.67344,0.55000,0.67812,0.50139,0.66641,0.47917,0.65312,0.47222,0.69297,0.55278,0.70312,0.49028,0.68984,0.47083,0.67344,0.47639,0.71016,0.56944,0.72891,0.50694,0.71484,0.48611,0.69766,0.49167,0.72578,0.60000,0.73984,0.55000,0.73047,0.52639,0.71406,0.52639,0.63108,0.76787,0.9997,0.73791,1.00000,0.8995,0.69385,0.74414,0.9973,0.65231,0.64972,0.66875,0.72639,112.16,0.9932,live,0.1175,0.0900,57.89,642.95
156464.991831,100.0,0.7811,4,1,1,0.67031,0.72778,0.64687,0.67500,0.64062,0.60833,0.64531,0.55833,0.65781,0.51667,0.67656,0.55278,0.68125,0.50278,0.66953,0.48194,0.65469,0.47917,0.69609,0.55556,0.70781,0.49167,0.69297,0.47222,0.67500,0.48056,0.71328,0.57361,0.73203,0.50972,0.71719,0.49028,0.70000,0.49722,0.72891,0.60556,0.74219,0.55417,0.73203,0.52917,0.71562,0.52917,0.63155,0.76758,0.9997,0.71769,1.00000,0.9013,0.69534,0.74515,0.9974,0.65591,0.66533,0.67031,0.72778,111.81,0.9927,live,0.1175,0.1084,70.04,646.30
156465.058357,100.0,0.8920,4,1,1,0.67109,0.72778,0.64766,0.67361,0.64141,0.60833,0.64531,0.55972,0.65781,0.51667,0.67812,0.55278,0.68281,0.50139,0.67031,0.48056,0.65547,0.47778,0.69688,0.55556,0.70937,0.49167,0.69375,0.47222,0.67578,0.48056,0.71406,0.57500,0.73281,0.50972,0.71719,0.48889,0.70000,0.49861,0.72813,0.60694,0.74297,0.55278,0.73125,0.52917,0.71406,0.53333,0.63158,0.76679,0.9997,0.72004,1.00000,0.8940,0.69724,0.74315,0.9973,0.65895,0.67782,0.67109,0.72778,110.79,0.9939,live,0.1175,0.1231,79.83,648.51
156465.124936,100.0,0.0029,4,2,0,0.67109,0.72917,0.64766,0.67500,0.64141,0.60833,0.64531,0.55972,0.65781,0.51667,0.67734,0.55139,0.68203,0.50000,0.66953,0.47917,0.65469,0.47500,0.69688,0.55556,0.70859,0.49167,0.69297,0.47222,0.67422,0.48056,0.71406,0.57500,0.73203,0.51111,0.71641,0.48889,0.69922,0.49861,0.72891,0.60694,0.74297,0.55278,0.73125,0.52917,0.71406,0.53472,0.63225,0.76671,0.9997,0.73094,1.00000,0.8938,0.69666,0.74731,0.9972,0.66138,0.68809,0.67109,0.72917,112.42,0.9932,live,0.1175,0.1348,87.85,651.63
156465.191482,100.0,0.1138,4,2,0,0.66250,0.72639,0.64141,0.67222,0.63594,0.60833,0.63984,0.56250,0.65000,0.52222,0.67188,0.55139,0.67656,0.50000,0.66328,0.48056,0.64844,0.47917,0.69063,0.55556,0.70078,0.49167,0.68281,0.47361,0.66406,0.48194,0.70859,0.57500,0.72578,0.50972,0.70937,0.48889,0.69141,0.49583,0.72266,0.60833,0.73750,0.55556,0.72578,0.53333,0.70781,0.53472,0.63139,0.76828,0.9997,0.73319,1.00000,0.8906,0.69422,0.74667,0.9971,0.66160,0.69575,0.66250,0.72639,111.57,0.9920,live,0.1175,0.1365,89.22,653.76
156465.258328,100.0,0.2252,4,2,0,0.64141,0.73056,0.62266,0.67639,0.61484,0.61389,0.61641,0.56528,0.62578,0.52639,0.64844,0.55694,0.65312,0.50139,0.63672,0.48472,0.62109,0.48333,0.66563,0.56111,0.67500,0.49167,0.65547,0.47917,0.63828,0.48889,0.68281,0.57778,0.69766,0.50833,0.67891,0.49722,0.66172,0.50972,0.69922,0.60833,0.71094,0.55417,0.69766,0.53611,0.68203,0.53889,0.63111,0.77340,0.9997,0.72861,1.00000,0.8934,0.67877,0.74152,0.9972,0.65756,0.70271,0.64141,0.73056,110.24,0.9863,live,0.1175,0.1289,84.41,654.69
156465.325221,100.0,0.3367,4,2,0,0.62031,0.74028,0.59609,0.69306,0.58281,0.62778,0.57969,0.57778,0.58359,0.53889,0.61406,0.56389,0.61562,0.50000,0.59531,0.49167,0.57891,0.49861,0.63047,0.56806,0.63281,0.49028,0.60781,0.48750,0.59141,0.50417,0.64687,0.58333,0.65469,0.50694,0.63125,0.50139,0.61406,0.51667,0.66406,0.60972,0.66953,0.55000,0.65156,0.53750,0.63594,0.54583,0.63113,0.77317,0.9997,0.71885,1.00000,0.8980,0.64667,0.74323,0.9973,0.65011,0.71022,0.62031,0.74028,108.34,0.9886,live,0.1175,0.1155,75.53,654.13
156465.391906,100.0,0.4479,4,2,0,0.59766,0.74167,0.57266,0.69583,0.55703,0.63194,0.55000,0.58194,0.54766,0.53750,0.58281,0.56667,0.58125,0.50139,0.56094,0.49306,0.54453,0.49722,0.59922,0.56944,0.59844,0.49167,0.57266,0.49306,0.55469,0.50972,0.61562,0.58194,0.62031,0.50417,0.59609,0.50278,0.57891,0.51944,0.63281,0.60694,0.63281,0.54722,0.61484,0.53611,0.59922,0.54028,0.62737,0.77215,0.9998,0.70911,1.00000,0.9002,0.61567,0.73694,0.9972,0.63962,0.71651,0.59766,0.74167,107.16,0.9904,live,0.1175,0.1042,67.99,652.79
156465.459734,100.0,0.5609,4,2,0,0.58281,0.74028,0.55625,0.69306,0.54063,0.62778,0.53281,0.57917,0.52891,0.53194,0.56406,0.56806,0.56094,0.50417,0.53906,0.50000,0.52187,0.50694,0.58125,0.56944,0.57969,0.49167,0.55391,0.49167,0.53516,0.50833,0.59688,0.58194,0.59922,0.50694,0.57266,0.50556,0.55312,0.51806,0.61328,0.60417,0.61094,0.54722,0.59219,0.53472,0.57500,0.53750,0.62683,0.76453,0.9998,0.71053,1.00000,0.9055,0.60222,0.73238,0.9973,0.62826,0.72127,0.58281,0.74028,105.74,0.9919,live,0.1175,0.1199,78.02,650.58
156465.525421,100.0,0.6704,4,2,0,0.57812,0.73333,0.55000,0.68889,0.53438,0.62361,0.52578,0.57500,0.51875,0.53056,0.55625,0.56250,0.55000,0.50000,0.52734,0.49583,0.50781,0.50556,0.57188,0.56528,0.56953,0.48750,0.54219,0.48750,0.52187,0.50556,0.58828,0.57639,0.58906,0.50139,0.56172,0.49861,0.54063,0.51250,0.60469,0.59722,0.60234,0.53750,0.58203,0.52917,0.56406,0.53750,0.62293,0.76408,0.9998,0.71120,1.00000,0.9108,0.59755,0.73281,0.9974,0.61823,0.72368,0.57812,0.73333,104.50,0.9916,live,0.1175,0.1075,69.62,647.75
156465.592635,100.0,0.7824,4,2,0,0.57812,0.73333,0.54922,0.69167,0.53203,0.62639,0.52266,0.58056,0.51562,0.53750,0.55547,0.56250,0.55000,0.50000,0.52656,0.49583,0.50859,0.50556,0.57109,0.56528,0.56875,0.48750,0.54063,0.48750,0.52187,0.50694,0.58750,0.57639,0.58750,0.50417,0.55937,0.50139,0.53984,0.51389,0.60391,0.59861,0.60078,0.54028,0.57969,0.52917,0.56250,0.53333,0.62592,0.76458,0.9998,0.71169,1.00000,0.9136,0.59648,0.72785,0.9975,0.61021,0.72561,0.57812,0.73333,104.35,0.9913,live,0.1175,0.1151,74.24,645.15
156465.658627,100.0,0.8924,4,2,0,0.58125,0.73472,0.55391,0.69306,0.53672,0.62778,0.52734,0.58194,0.52109,0.53611,0.55859,0.56389,0.55234,0.50139,0.52969,0.49722,0.51094,0.50694,0.57578,0.56667,0.57031,0.48889,0.54297,0.49167,0.52422,0.50972,0.59297,0.57778,0.59141,0.50278,0.56406,0.50278,0.54531,0.51667,0.60938,0.60000,0.60469,0.54028,0.58437,0.53056,0.56797,0.53611,0.62519,0.75710,0.9998,0.71699,1.00000,0.9169,0.59627,0.72720,0.9976,0.60442,0.72743,0.58125,0.73472,105.26,0.9917,live,0.1175,0.1220,78.49,643.52
156465.725389,100.0,0.0037,4,3,0,0.59219,0.73889,0.56563,0.69306,0.54922,0.63194,0.53984,0.58333,0.53672,0.53750,0.57109,0.56667,0.56641,0.50556,0.54453,0.50139,0.52656,0.50833,0.58750,0.56806,0.58516,0.49167,0.56016,0.49167,0.54219,0.50833,0.60469,0.58056,0.60625,0.50417,0.58047,0.50417,0.56094,0.51944,0.62187,0.60417,0.62031,0.54722,0.60078,0.53611,0.58437,0.53889,0.63335,0.75803,0.9998,0.73075,1.00000,0.9178,0.59912,0.72677,0.9974,0.60197,0.72972,0.59219,0.73889,106.15,0.9888,live,0.1175,0.1247,80.15,642.73
156465.792424,100.0,0.1154,4,3,0,0.61328,0.74444,0.58828,0.69583,0.57266,0.63472,0.56406,0.58889,0.56172,0.54722,0.60078,0.57222,0.59922,0.50694,0.57734,0.50000,0.55937,0.50833,0.61641,0.57361,0.61797,0.49722,0.59219,0.49444,0.57344,0.51111,0.63281,0.58611,0.63828,0.51111,0.61406,0.50694,0.59609,0.51944,0.65000,0.60972,0.65391,0.55000,0.63594,0.53750,0.61953,0.54167,0.63434,0.76410,0.9998,0.73008,1.00000,0.9171,0.61784,0.72840,0.9972,0.60423,0.73267,0.61328,0.74444,106.11,0.9848,live,0.1175,0.1158,74.35,642.00
156465.858601,100.0,0.2257,4,3,0,0.64687,0.74861,0.62266,0.69028,0.61016,0.62778,0.60547,0.58056,0.60625,0.53750,0.64062,0.57083,0.64453,0.50972,0.62734,0.49722,0.60859,0.50278,0.65703,0.57500,0.66406,0.50139,0.64297,0.49167,0.62500,0.50556,0.67500,0.58889,0.68672,0.51667,0.66719,0.50417,0.65000,0.51389,0.69297,0.61389,0.70234,0.55556,0.68828,0.54028,0.67344,0.54583,0.64124,0.75503,0.9998,0.73561,1.00000,0.9179,0.66816,0.73196,0.9972,0.61276,0.73586,0.64687,0.74861,110.32,0.9847,live,0.1175,0.0998,64.32,644.39
156465.925653,100.0,0.3374,4,3,0,0.68516,0.75139,0.66172,0.69306,0.65312,0.62500,0.65469,0.57222,0.66797,0.53333,0.68672,0.56528,0.69688,0.50972,0.68437,0.49167,0.67031,0.49167,0.70625,0.57083,0.72109,0.50000,0.70625,0.48750,0.69063,0.50278,0.72500,0.58750,0.74219,0.51806,0.72734,0.50694,0.71250,0.52500,0.74375,0.61667,0.75781,0.56111,0.74766,0.54444,0.73516,0.55000,0.64682,0.75524,0.9998,0.77014,1.00000,0.9140,0.71154,0.74398,0.9969,0.62724,0.73896,0.68516,0.75139,117.81,0.9806,live,0.1104,0.0780,50.83,651.89
156465.992690,100.0,0.4492,4,3,0,0.72031,0.75417,0.69766,0.69306,0.69063,0.62500,0.69609,0.57222,0.71172,0.53194,0.72969,0.57083,0.73828,0.51667,0.72891,0.49444,0.71719,0.49167,0.75000,0.57500,0.76875,0.50556,0.75391,0.48889,0.73594,0.50139,0.76953,0.59167,0.78984,0.52500,0.77500,0.50694,0.75859,0.52222,0.78750,0.61944,0.80469,0.56528,0.79453,0.54306,0.77969,0.55139,0.64785,0.76844,0.9998,0.76643,1.00000,0.9060,0.74199,0.74950,0.9965,0.64586,0.74200,0.72031,0.75417,119.63,0.9828,live,0.1104,0.0881,58.12,659.79
156466.061540,100.0,0.5639,4,3,0,0.74219,0.75694,0.71875,0.69306,0.71562,0.62222,0.72578,0.56806,0.74062,0.52778,0.75547,0.56806,0.76172,0.51528,0.75781,0.49444,0.75156,0.49583,0.77578,0.57222,0.79141,0.50833,0.78438,0.48889,0.77031,0.50139,0.79453,0.59167,0.81406,0.53056,0.80781,0.50833,0.79531,0.52083,0.81250,0.62361,0.83047,0.57639,0.82812,0.55139,0.81641,0.55139,0.65371,0.77604,0.9998,0.76117,1.00000,0.8991,0.76507,0.75287,0.9960,0.66512,0.74499,0.74219,0.75694,122.92,0.9879,live,0.1104,0.1230,82.27,669.12
156466.125801,100.0,0.6710,4,3,0,0.75547,0.75972,0.73281,0.69306,0.72891,0.62361,0.74062,0.56667,0.75938,0.52778,0.76641,0.56944,0.77344,0.52083,0.77109,0.49861,0.76406,0.49444,0.78750,0.57639,0.80156,0.51667,0.79766,0.49583,0.78594,0.50278,0.80703,0.59583,0.82578,0.53750,0.82188,0.51389,0.80859,0.52222,0.82500,0.62639,0.84141,0.58056,0.84141,0.55556,0.83047,0.55417,0.65351,0.78354,0.9998,0.77968,1.00000,0.8936,0.77227,0.75934,0.9954,0.68319,0.74794,0.75547,0.75972,123.08,0.9854,live,0.1184,0.1553,105.20,677.44
156466.192233,100.0,0.7817,4,3,0,0.76172,0.76111,0.73828,0.69583,0.73438,0.62917,0.74609,0.57361,0.76250,0.53472,0.77187,0.57639,0.77891,0.52500,0.77734,0.50278,0.77266,0.50139,0.79297,0.58194,0.80703,0.52083,0.80469,0.49861,0.79609,0.50556,0.81250,0.60139,0.83047,0.54444,0.82891,0.51667,0.81719,0.52778,0.83047,0.63056,0.84766,0.58750,0.84844,0.55833,0.83828,0.55556,0.65337,0.78688,0.9998,0.77494,1.00000,0.8852,0.77577,0.76154,0.9950,0.69890,0.75057,0.76172,0.76111,120.50,0.9835,live,0.1302,0.1836,125.36,682.91
156466.258908,100.0,0.8929,4,3,0,0.76484,0.75833,0.74219,0.69583,0.73672,0.63056,0.74687,0.57639,0.76484,0.53611,0.77422,0.57361,0.78125,0.52361,0.78047,0.50278,0.77656,0.50417,0.79609,0.57917,0.81016,0.51944,0.80859,0.49861,0.79922,0.50694,0.81563,0.59861,0.83437,0.54306,0.83281,0.51667,0.82109,0.52778,0.83281,0.62917,0.85078,0.58472,0.85156,0.55694,0.84141,0.55556,0.65394,0.78687,0.9998,0.78206,1.00000,0.8771,0.78022,0.76344,0.9945,0.71209,0.75212,0.76484,0.75833,120.24,0.9863,live,0.1439,0.2063,141.87,687.53
156466.325547,100.0,0.0039,4,4,0,0.76484,0.75000,0.74062,0.68750,0.73516,0.62083,0.74609,0.56667,0.76406,0.52778,0.77266,0.56667,0.77656,0.52083,0.77656,0.49861,0.77266,0.49722,0.79453,0.57083,0.80625,0.51250,0.80547,0.48889,0.79531,0.49583,0.81406,0.58889,0.83047,0.53194,0.82969,0.50417,0.81875,0.51250,0.83203,0.61944,0.84766,0.57361,0.84922,0.54583,0.84062,0.54167,0.65416,0.79274,0.9998,0.78032,1.00000,0.8744,0.77981,0.76326,0.9943,0.72264,0.75170,0.76484,0.75000,119.81,0.9870,live,0.1576,0.2202,152.20,691.29
156466.392384,100.0,0.1153,4,4,0,0.75859,0.72639,0.73281,0.66806,0.72578,0.60139,0.73438,0.54583,0.75078,0.51250,0.76484,0.54444,0.77031,0.50000,0.76719,0.47778,0.76016,0.47083,0.78594,0.54722,0.79531,0.49028,0.79141,0.46806,0.78047,0.47361,0.80547,0.56389,0.82109,0.50556,0.81797,0.48194,0.80781,0.48750,0.82422,0.59306,0.83828,0.54583,0.83750,0.51944,0.82812,0.51250,0.65675,0.79152,0.9998,0.79526,1.00000,0.8711,0.77774,0.74793,0.9943,0.72983,0.74664,0.75859,0.72639,119.04,0.9844,live,0.1711,0.2325,161.37,694.04
156466.458880,100.0,0.2262,4,4,0,0.75000,0.69028,0.72266,0.63333,0.71328,0.56944,0.71953,0.51389,0.73359,0.47222,0.75000,0.51111,0.75391,0.46528,0.74922,0.44028,0.74141,0.43333,0.77109,0.51250,0.77969,0.45417,0.77422,0.43056,0.76250,0.43194,0.79063,0.52778,0.80234,0.46806,0.79922,0.44583,0.78906,0.45278,0.81016,0.55556,0.82188,0.50694,0.82031,0.48056,0.81172,0.47500,0.65694,0.79231,0.9998,0.79238,1.00000,0.8726,0.77387,0.70695,0.9945,0.73386,0.73537,0.75000,0.69028,116.76,0.9756,live,0.1758,0.1972,137.01,694.82
156466.525750,100.0,0.3376,4,4,0,0.74531,0.65278,0.71719,0.59722,0.70547,0.53333,0.70937,0.47500,0.72109,0.43194,0.73828,0.47222,0.73906,0.42639,0.73438,0.40417,0.72734,0.39444,0.75938,0.47083,0.76484,0.41389,0.76016,0.39167,0.75000,0.39028,0.77891,0.48333,0.78828,0.42500,0.78516,0.40278,0.77578,0.41389,0.80000,0.50972,0.80937,0.46111,0.80703,0.43333,0.79844,0.42917,0.65807,0.79277,0.9998,0.79419,1.00000,0.8701,0.77111,0.67226,0.9946,0.73615,0.71885,0.74531,0.65278,117.64,0.9871,live,0.1758,0.1696,118.04,696.15
156466.592204,100.0,0.4484,4,4,0,0.74297,0.61389,0.71250,0.55972,0.70312,0.49444,0.70781,0.43611,0.71406,0.38889,0.73359,0.43611,0.73281,0.38611,0.72656,0.36528,0.71797,0.35972,0.75391,0.43333,0.75859,0.37500,0.75156,0.35139,0.73984,0.34861,0.77344,0.44444,0.78203,0.38611,0.77812,0.35972,0.76719,0.36389,0.79453,0.46667,0.80312,0.41806,0.79922,0.38889,0.78828,0.38194,0.65803,0.79350,0.9998,0.79840,1.00000,0.8716,0.77041,0.63004,0.9947,0.73752,0.69786,0.74297,0.61389,116.31,0.9893,live,0.1758,0.1776,123.66,696.35
156466.659072,100.0,0.5598,4,4,0,0.74219,0.57500,0.71016,0.52083,0.69922,0.45417,0.70391,0.39306,0.71016,0.34444,0.73047,0.39861,0.72969,0.34861,0.72188,0.32778,0.71172,0.32083,0.75078,0.39444,0.75469,0.33889,0.74687,0.31250,0.73438,0.30972,0.77031,0.40556,0.77891,0.34861,0.77344,0.32083,0.76250,0.31944,0.78984,0.42500,0.79766,0.37778,0.79375,0.34722,0.78281,0.33750,0.65938,0.79345,0.9998,0.80036,1.00000,0.8742,0.76816,0.58401,0.9949,0.73845,0.67328,0.74219,0.57500,115.18,0.9880,live,0.1758,0.1577,109.69,695.72
156466.725538,100.0,0.6706,4,4,0,0.74219,0.54306,0.70859,0.49306,0.69609,0.42778,0.69922,0.36667,0.70625,0.31944,0.72578,0.37083,0.72422,0.32083,0.71641,0.29722,0.70625,0.28333,0.74609,0.36528,0.74922,0.30833,0.73984,0.28333,0.72422,0.28056,0.76562,0.37222,0.77187,0.31389,0.76406,0.28611,0.74922,0.28472,0.78516,0.39028,0.79219,0.34028,0.78672,0.31250,0.77500,0.30417,0.65995,0.79000,0.9998,0.80579,1.00000,0.8733,0.76732,0.55876,0.9950,0.73920,0.64724,0.74219,0.54306,113.53,0.9824,live,0.1712,0.1500,104.13,693.97
156466.792358,100.0,0.7820,4,4,0,0.74062,0.53194,0.70781,0.48194,0.69531,0.41250,0.69766,0.35000,0.70469,0.30000,0.72344,0.36111,0.71953,0.31389,0.71172,0.28750,0.70078,0.27083,0.74375,0.35417,0.74297,0.29861,0.73359,0.27361,0.71953,0.26806,0.76328,0.36111,0.76641,0.30139,0.75938,0.27500,0.74609,0.27639,0.78281,0.37639,0.78672,0.32500,0.78125,0.29444,0.77031,0.28611,0.65995,0.78888,0.9998,0.80897,1.00000,0.8778,0.76488,0.54091,0.9952,0.73948,0.62418,0.74062,0.53194,113.54,0.9841,live,0.1660,0.1424,98.57,692.44
156466.859074,100.0,0.8931,4,4,0,0.73906,0.53194,0.70781,0.48472,0.69375,0.42083,0.69609,0.36111,0.70391,0.31667,0.72266,0.36667,0.71797,0.31944,0.71016,0.29306,0.69844,0.27500,0.74297,0.35972,0.74375,0.30417,0.73281,0.27917,0.71641,0.27639,0.76172,0.36389,0.76641,0.30833,0.75781,0.28194,0.74375,0.28056,0.78125,0.37917,0.78672,0.33472,0.78125,0.30556,0.77031,0.29583,0.66039,0.78822,0.9998,0.81076,1.00000,0.8761,0.76331,0.54088,0.9953,0.73940,0.60573,0.73906,0.53194,110.75,0.9857,live,0.1660,0.1557,107.29,689.09
156466.926058,100.0,0.0048,4,1,1,0.73828,0.55000,0.70625,0.50139,0.69531,0.43611,0.69766,0.37639,0.70547,0.32778,0.72422,0.38333,0.72188,0.33750,0.71406,0.31250,0.70391,0.29861,0.74453,0.37778,0.74453,0.32361,0.73594,0.29722,0.72266,0.29306,0.76328,0.38333,0.76719,0.32778,0.75938,0.30000,0.74531,0.29722,0.78281,0.39861,0.78828,0.35000,0.78203,0.32083,0.76953,0.31250,0.66031,0.78507,0.9998,0.80796,1.00000,0.8776,0.76161,0.54083,0.9955,0.73918,0.59459,0.73828,0.55000,111.10,0.9867,live,0.1660,0.1605,110.17,686.39
156466.992909,100.0,0.1162,4,1,1,0.73906,0.58056,0.70859,0.53056,0.69766,0.46528,0.70078,0.40556,0.70937,0.36111,0.72734,0.41250,0.72578,0.36667,0.71797,0.34167,0.70781,0.32917,0.74766,0.40694,0.75000,0.35139,0.74141,0.32500,0.72734,0.32222,0.76719,0.41528,0.77422,0.35694,0.76641,0.32917,0.75234,0.32778,0.78672,0.43472,0.79375,0.38611,0.78828,0.35694,0.77578,0.34722,0.66028,0.78521,0.9998,0.80770,1.00000,0.8826,0.76166,0.56740,0.9956,0.73915,0.59178,0.73906,0.58056,111.63,0.9901,live,0.1660,0.1514,103.63,684.40
156467.059211,100.0,0.2267,4,1,1,0.73828,0.62361,0.70937,0.57500,0.69844,0.50972,0.70156,0.45139,0.71016,0.40833,0.73047,0.45417,0.73047,0.40556,0.72344,0.38194,0.71406,0.37222,0.75000,0.45139,0.75391,0.39306,0.74687,0.36528,0.73516,0.36389,0.76875,0.46111,0.77656,0.40000,0.77187,0.37361,0.76016,0.37639,0.78828,0.47917,0.79688,0.42917,0.79297,0.40000,0.78281,0.39444,0.66036,0.78528,0.9998,0.80513,1.00000,0.8830,0.76159,0.61216,0.9957,0.73898,0.59815,0.73828,0.62361,111.40,0.9899,live,0.1602,0.1342,91.59,682.48
156467.125802,100.0,0.3377,4,1,1,0.73828,0.67083,0.71016,0.62222,0.69844,0.55694,0.70156,0.50000,0.71094,0.45694,0.73125,0.49583,0.73125,0.44444,0.72422,0.42222,0.71562,0.41667,0.75234,0.49444,0.75703,0.43333,0.75000,0.40833,0.73750,0.41111,0.77187,0.50694,0.78125,0.44444,0.77422,0.42083,0.76172,0.43194,0.79141,0.53194,0.80078,0.48194,0.79609,0.45278,0.78359,0.45000,0.66029,0.78544,0.9998,0.80155,1.00000,0.8809,0.76027,0.68561,0.9956,0.73884,0.61268,0.73828,0.67083,114.20,0.9903,live,0.1515,0.1119,76.42,682.80
156467.192640,100.0,0.4491,4,1,1,0.73906,0.71111,0.71094,0.65833,0.70078,0.59306,0.70312,0.53750,0.71328,0.49167,0.73438,0.53333,0.73672,0.48750,0.72969,0.46528,0.72109,0.45833,0.75547,0.53333,0.76250,0.47222,0.75391,0.45139,0.74062,0.45556,0.77578,0.54861,0.78750,0.48333,0.77812,0.46528,0.76406,0.47778,0.79453,0.57500,0.80625,0.52361,0.80000,0.49722,0.78672,0.49722,0.66037,0.78449,0.9998,0.79649,1.00000,0.8798,0.75945,0.72407,0.9954,0.73888,0.63237,0.73906,0.71111,115.38,0.9880,live,0.1397,0.0858,58.70,683.94
156467.259047,100.0,0.5598,4,1,1,0.73828,0.74028,0.71172,0.68333,0.70312,0.61806,0.70625,0.56250,0.71719,0.51944,0.73828,0.55833,0.74062,0.51111,0.73359,0.48889,0.72500,0.48333,0.75859,0.55833,0.76875,0.49583,0.76016,0.47639,0.74609,0.48472,0.77812,0.57500,0.79375,0.51111,0.78438,0.49167,0.76953,0.50556,0.79688,0.60556,0.81016,0.55278,0.80312,0.52778,0.78828,0.53056,0.66015,0.78153,0.9998,0.78985,1.00000,0.8785,0.75899,0.74212,0.9952,0.73876,0.65395,0.73828,0.74028,117.38,0.9935,live,0.1300,0.0855,58.70,686.38
156467.326147,100.0,0.6716,4,1,1,0.73828,0.75000,0.71172,0.69306,0.70391,0.63056,0.70703,0.57917,0.71797,0.53750,0.73984,0.56944,0.74531,0.52222,0.73594,0.50000,0.72500,0.49722,0.76172,0.57083,0.77344,0.50556,0.76094,0.49028,0.74609,0.50417,0.78047,0.58750,0.79844,0.52361,0.78594,0.50417,0.77031,0.51806,0.79922,0.61944,0.81406,0.56806,0.80547,0.54306,0.78984,0.54583,0.66095,0.78324,0.9998,0.77279,1.00000,0.8758,0.75901,0.75353,0.9951,0.73867,0.67316,0.73828,0.75000,117.18,0.9938,live,0.1219,0.0851,58.60,688.38
156467.392917,100.0,0.7829,4,1,1,0.73828,0.75417,0.71250,0.69861,0.70391,0.63472,0.70703,0.58194,0.71641,0.53750,0.73984,0.57222,0.74375,0.52639,0.73516,0.50694,0.72578,0.50000,0.76172,0.57361,0.77266,0.50972,0.76094,0.49444,0.74609,0.50417,0.78125,0.59028,0.79766,0.52917,0.78594,0.50833,0.77031,0.52083,0.79922,0.62222,0.81406,0.56944,0.80547,0.54583,0.78906,0.55139,0.66055,0.78560,0.9998,0.77508,1.00000,0.8732,0.75855,0.75918,0.9948,0.73859,0.68936,0.73828,0.75417,117.86,0.9933,live,0.1219,0.1017,70.27,690.63
156467.459428,100.0,0.8937,4,1,1,0.73672,0.75278,0.71016,0.69722,0.70156,0.63056,0.70391,0.57639,0.71484,0.53194,0.73828,0.57083,0.74219,0.52500,0.73281,0.50417,0.72344,0.49861,0.76016,0.57222,0.77187,0.50694,0.75938,0.49028,0.74453,0.50139,0.77891,0.58889,0.79531,0.52639,0.78281,0.50556,0.76797,0.51806,0.79609,0.62083,0.81172,0.56667,0.80234,0.54306,0.78594,0.55000,0.66057,0.78185,0.9998,0.76507,1.00000,0.8700,0.75775,0.75530,0.9948,0.73822,0.70205,0.73672,0.75278,117.10,0.9904,live,0.1219,0.1147,79.40,692.07
156467.525991,100.0,0.0047,4,2,0,0.73047,0.74444,0.70469,0.69028,0.69531,0.62500,0.69688,0.57361,0.70781,0.53056,0.73125,0.56667,0.73438,0.51667,0.72578,0.49722,0.71562,0.49444,0.75234,0.56667,0.76406,0.50000,0.75000,0.48333,0.73438,0.49722,0.77187,0.58194,0.78750,0.51528,0.77422,0.50000,0.75938,0.51667,0.78984,0.61250,0.80469,0.55694,0.79375,0.53750,0.77734,0.54583,0.66060,0.78131,0.9998,0.77199,1.00000,0.8710,0.75586,0.75667,0.9946,0.73667,0.71052,0.73047,0.74444,115.66,0.9908,live,0.1219,0.1236,85.56,692.29
156467.592948,100.0,0.1163,4,2,0,0.71719,0.74028,0.69219,0.68750,0.68125,0.62361,0.68281,0.57361,0.69063,0.53056,0.71719,0.56250,0.72031,0.51111,0.70859,0.49306,0.69531,0.49306,0.73750,0.56389,0.74687,0.49722,0.73203,0.48194,0.71562,0.49306,0.75625,0.57917,0.77109,0.51111,0.75703,0.49583,0.74141,0.50972,0.77578,0.60833,0.78906,0.55417,0.77734,0.53611,0.76016,0.54444,0.66035,0.78080,0.9998,0.77403,1.00000,0.8735,0.74829,0.75994,0.9947,0.73277,0.71648,0.71719,0.74028,115.15,0.9914,live,0.1219,0.1236,85.57,692.13
156467.659433,100.0,0.2271,4,2,0,0.69453,0.73889,0.66953,0.68472,0.65703,0.62083,0.65703,0.57083,0.66406,0.53056,0.69219,0.56111,0.69531,0.50833,0.67969,0.49444,0.66484,0.49306,0.71172,0.56389,0.72031,0.49306,0.70234,0.48333,0.68672,0.49583,0.73125,0.57917,0.74453,0.50833,0.72813,0.50000,0.71172,0.51528,0.75078,0.60833,0.76094,0.55139,0.74766,0.53472,0.73203,0.54306,0.66062,0.77758,0.9998,0.78048,1.00000,0.8741,0.73180,0.75827,0.9946,0.72512,0.72096,0.69453,0.73889,114.17,0.9893,live,0.1219,0.1156,79.92,691.28
156467.726094,100.0,0.3382,4,2,0,0.67031,0.74167,0.64453,0.69167,0.63125,0.62778,0.62891,0.57778,0.63281,0.53889,0.66563,0.56389,0.66641,0.50556,0.64844,0.49583,0.63203,0.49861,0.68359,0.56667,0.68750,0.49306,0.66563,0.48750,0.64922,0.50278,0.70156,0.58194,0.71172,0.50694,0.69141,0.50278,0.67500,0.51944,0.72031,0.60972,0.72813,0.55278,0.71250,0.53889,0.69688,0.54306,0.65813,0.76851,0.9998,0.76098,1.00000,0.8697,0.70111,0.75748,0.9946,0.71416,0.72510,0.67031,0.74167,111.80,0.9903,live,0.1219,0.1073,73.89,688.82
156467.793169,100.0,0.4500,4,2,0,0.65078,0.74583,0.62500,0.69583,0.61094,0.63472,0.60625,0.58750,0.60625,0.54167,0.64062,0.57083,0.64141,0.50972,0.62187,0.50278,0.60547,0.50972,0.65859,0.57222,0.66250,0.49583,0.64062,0.49444,0.62422,0.51111,0.67656,0.58611,0.68516,0.51111,0.66328,0.50694,0.64609,0.52361,0.69531,0.61111,0.70234,0.55278,0.68672,0.53889,0.67031,0.54583,0.65591,0.75883,0.9998,0.75575,1.00000,0.8758,0.67906,0.75573,0.9948,0.70148,0.72925,0.65078,0.74583,110.09,0.9843,live,0.1219,0.1054,72.22,685.43
156467.859233,100.0,0.5601,4,2,0,0.64062,0.74583,0.61484,0.70139,0.59922,0.63750,0.59219,0.59028,0.59453,0.54444,0.62813,0.57222,0.62734,0.51111,0.60781,0.50417,0.59219,0.51111,0.64687,0.57500,0.64844,0.49722,0.62578,0.49722,0.60938,0.51667,0.66484,0.58889,0.67188,0.51389,0.65000,0.50972,0.63203,0.52639,0.68359,0.61528,0.68906,0.55694,0.67266,0.54444,0.65625,0.55139,0.65577,0.75275,0.9998,0.74212,1.00000,0.8799,0.66588,0.75938,0.9949,0.68931,0.73256,0.64062,0.74583,108.92,0.9900,live,0.1219,0.1119,76.29,681.59
156467.926689,100.0,0.6725,4,2,0,0.63672,0.74583,0.61094,0.70139,0.59531,0.63889,0.58672,0.59167,0.58672,0.54306,0.62500,0.57222,0.62344,0.50833,0.60313,0.50139,0.58750,0.51111,0.64297,0.57639,0.64453,0.49722,0.62031,0.49722,0.60391,0.51667,0.66016,0.59028,0.66797,0.51389,0.64531,0.50694,0.62734,0.52222,0.67891,0.61806,0.68359,0.55694,0.66641,0.54444,0.64922,0.55139,0.65262,0.75314,0.9998,0.73416,1.00000,0.8828,0.66066,0.75993,0.9950,0.67879,0.73522,0.63672,0.74583,107.83,0.9914,live,0.1219,0.1230,83.36,677.44
156467.993173,100.0,0.7833,4,2,0,0.63750,0.74444,0.61172,0.70139,0.59531,0.63611,0.58828,0.59028,0.58906,0.54583,0.62578,0.57083,0.62266,0.50833,0.60234,0.50139,0.58516,0.50972,0.64297,0.57361,0.64375,0.49583,0.62031,0.49444,0.60313,0.51528,0.66094,0.58889,0.66719,0.51389,0.64453,0.50833,0.62656,0.52361,0.67891,0.61667,0.68359,0.55556,0.66563,0.54306,0.64922,0.55139,0.65184,0.75285,0.9998,0.73093,1.00000,0.8889,0.65895,0.75987,0.9953,0.67054,0.73706,0.63750,0.74444,107.71,0.9933,live,0.1219,0.1339,90.23,673.70
156468.059762,100.0,0.8943,4,2,0,0.64219,0.74722,0.61562,0.70417,0.60078,0.64028,0.59453,0.59444,0.59375,0.55000,0.62969,0.57361,0.62656,0.51250,0.60703,0.50278,0.58984,0.50833,0.64687,0.57500,0.64766,0.49861,0.62578,0.49583,0.60781,0.51528,0.66484,0.58889,0.67266,0.51389,0.65078,0.50833,0.63281,0.52500,0.68359,0.61667,0.68828,0.55694,0.67188,0.54444,0.65469,0.55139,0.65199,0.75472,0.9998,0.73211,1.00000,0.8952,0.66044,0.77383,0.9954,0.66487,0.73909,0.64219,0.74722,108.43,0.9940,live,0.1219,0.1404,94.18,670.93
156468.126593,100.0,0.0057,4,3,0,0.64922,0.75000,0.62422,0.70417,0.60938,0.64444,0.60313,0.59861,0.60547,0.55694,0.63750,0.57639,0.63672,0.51667,0.61719,0.50694,0.60000,0.51389,0.65547,0.57917,0.65781,0.50278,0.63594,0.50000,0.61875,0.51944,0.67344,0.59306,0.68281,0.51806,0.66172,0.51389,0.64453,0.53194,0.69297,0.62083,0.69922,0.56111,0.68281,0.54861,0.66719,0.55556,0.64949,0.75637,0.9998,0.73337,1.00000,0.8974,0.66279,0.77339,0.9954,0.66174,0.74128,0.64922,0.75000,108.90,0.9925,live,0.1219,0.1385,92.66,668.82
156468.192942,100.0,0.1163,4,3,0,0.66016,0.75972,0.63516,0.71389,0.62266,0.65139,0.61797,0.60556,0.61875,0.56250,0.65234,0.58194,0.65156,0.52639,0.63438,0.51528,0.61797,0.51806,0.67031,0.58611,0.67578,0.51111,0.65547,0.50556,0.63750,0.52361,0.68828,0.60139,0.70000,0.52778,0.67969,0.52083,0.66250,0.53611,0.70781,0.62917,0.71719,0.56944,0.70234,0.55556,0.68516,0.56389,0.64913,0.75691,0.9998,0.74007,1.00000,0.9017,0.67785,0.77271,0.9957,0.66142,0.74497,0.66016,0.75972,111.21,0.9911,live,0.1219,0.1400,93.60,668.64
156468.259819,100.0,0.2277,4,3,0,0.67656,0.76944,0.65312,0.71944,0.63984,0.65833,0.63672,0.61250,0.64531,0.57361,0.67266,0.59028,0.67734,0.53611,0.66016,0.52361,0.64375,0.52778,0.69219,0.59444,0.70078,0.52222,0.68125,0.51528,0.66484,0.53194,0.71172,0.61111,0.72500,0.54028,0.70625,0.53194,0.69063,0.54861,0.73125,0.64167,0.74375,0.58472,0.72969,0.57083,0.71406,0.57917,0.64914,0.76574,0.9998,0.75895,1.00000,0.9046,0.69306,0.77266,0.9958,0.66445,0.74986,0.67656,0.76944,113.98,0.9884,live,0.1219,0.1041,69.82,670.46
156468.326608,100.0,0.3390,4,3,0,0.70078,0.77778,0.67812,0.72361,0.66641,0.66250,0.66719,0.61528,0.67734,0.57639,0.70234,0.59583,0.70859,0.54444,0.69688,0.53194,0.68359,0.53472,0.72344,0.60000,0.73516,0.53194,0.71797,0.52222,0.70078,0.53889,0.74297,0.61944,0.75938,0.55139,0.74375,0.53889,0.72734,0.55556,0.76172,0.65278,0.77656,0.59861,0.76484,0.58333,0.74844,0.59167,0.64943,0.76791,0.9998,0.76937,1.00000,0.9040,0.72417,0.78377,0.9958,0.67172,0.75544,0.70078,0.77778,116.93,0.9924,live,0.1145,0.0810,54.64,674.19
156468.393044,100.0,0.4498,4,3,0,0.72813,0.78611,0.70625,0.73056,0.69844,0.66528,0.70391,0.61389,0.71953,0.57361,0.73984,0.60278,0.74922,0.55278,0.73906,0.53472,0.72656,0.53889,0.76094,0.60694,0.77734,0.54028,0.76172,0.52778,0.74453,0.54722,0.78047,0.62639,0.80234,0.56250,0.78672,0.54583,0.77109,0.56389,0.79844,0.66111,0.81797,0.60833,0.80703,0.59028,0.78984,0.60139,0.64945,0.77216,0.9998,0.76930,1.00000,0.8951,0.74708,0.78518,0.9954,0.68300,0.76158,0.72813,0.78611,120.44,0.9916,live,0.1088,0.0828,56.32,680.01
156468.459709,100.0,0.5609,4,3,0,0.75078,0.78889,0.72891,0.73056,0.72578,0.66389,0.73750,0.61250,0.75469,0.57500,0.76719,0.60417,0.77656,0.55000,0.77266,0.53194,0.76641,0.54444,0.79063,0.60972,0.80937,0.54444,0.80078,0.52778,0.78594,0.55000,0.81016,0.63194,0.83281,0.56944,0.82422,0.55000,0.81016,0.57361,0.82891,0.66667,0.85078,0.61806,0.84609,0.59583,0.83203,0.60694,0.64890,0.78144,0.9998,0.75730,1.00000,0.8849,0.76892,0.78821,0.9947,0.69655,0.76704,0.75078,0.78889,124.37,0.9904,live,0.1024,0.0734,50.47,687.95
156468.526966,100.0,0.6730,4,3,0,0.76797,0.78889,0.74844,0.72500,0.74687,0.65694,0.76172,0.60417,0.78281,0.56250,0.78516,0.60000,0.79375,0.55000,0.79453,0.53056,0.79063,0.53611,0.80859,0.60833,0.82578,0.54583,0.82500,0.52778,0.81484,0.54444,0.82812,0.63056,0.85000,0.57083,0.84922,0.55139,0.83750,0.57083,0.84531,0.66667,0.86641,0.61944,0.86875,0.59583,0.86016,0.60139,0.64885,0.78468,0.9998,0.76043,1.00000,0.8758,0.78135,0.78831,0.9941,0.71084,0.77141,0.76797,0.78889,125.24,0.9829,live,0.1024,0.0976,67.92,695.57
156468.593394,100.0,0.7837,4,3,0,0.77578,0.78333,0.75625,0.71667,0.75625,0.65139,0.77187,0.59722,0.79219,0.55833,0.79297,0.59444,0.80391,0.53889,0.80625,0.52222,0.80312,0.53333,0.81641,0.60417,0.83516,0.53889,0.83594,0.52083,0.82734,0.53611,0.83594,0.62778,0.85859,0.56528,0.85938,0.54306,0.84844,0.56250,0.85391,0.66111,0.87500,0.61667,0.87891,0.59028,0.87109,0.59167,0.64819,0.78906,0.9998,0.75936,1.00000,0.8703,0.79603,0.78026,0.9933,0.72383,0.77379,0.77578,0.78333,125.41,0.9713,live,0.1024,0.1192,83.69,702.40
156468.659904,100.0,0.8945,4,3,0,0.77891,0.77639,0.75938,0.71111,0.76016,0.64444,0.77656,0.58889,0.79609,0.54583,0.79609,0.58611,0.80625,0.53333,0.80937,0.51528,0.80859,0.52361,0.82031,0.59583,0.83828,0.53194,0.83906,0.51806,0.83047,0.53472,0.84062,0.61944,0.86172,0.55972,0.86172,0.53611,0.85156,0.55556,0.85859,0.65278,0.87969,0.60833,0.88359,0.58056,0.87500,0.58194,0.64840,0.79107,0.9998,0.78136,1.00000,0.8682,0.80166,0.77980,0.9933,0.73484,0.77431,0.77891,0.77639,126.95,0.9844,live,0.1086,0.1366,96.94,709.52
156468.726450,100.0,0.0054,4,4,0,0.77734,0.77083,0.75781,0.70417,0.75938,0.63611,0.77578,0.58056,0.79531,0.53750,0.79453,0.58194,0.80312,0.52917,0.80625,0.50972,0.80469,0.51111,0.81797,0.59028,0.83359,0.52639,0.83516,0.50833,0.82812,0.51667,0.83828,0.61250,0.85781,0.55417,0.86016,0.52917,0.85078,0.54444,0.85703,0.64722,0.87500,0.60139,0.87969,0.57222,0.87266,0.57222,0.64838,0.79096,0.9998,0.78237,1.00000,0.8649,0.80157,0.76615,0.9933,0.74334,0.77362,0.77734,0.77083,126.48,0.9878,live,0.1161,0.1503,107.52,715.45
156468.794007,100.0,0.1180,4,4,0,0.77266,0.76389,0.75313,0.70000,0.75234,0.63333,0.76641,0.57917,0.78594,0.53750,0.78750,0.57500,0.79688,0.52083,0.79922,0.50000,0.79766,0.50278,0.81172,0.58333,0.82812,0.52083,0.82812,0.50139,0.81797,0.51111,0.83125,0.60556,0.85156,0.54722,0.85234,0.52083,0.84141,0.53611,0.85000,0.64028,0.86875,0.59583,0.87187,0.56667,0.86406,0.56806,0.64690,0.79161,0.9998,0.76608,1.00000,0.8667,0.79853,0.76021,0.9933,0.74921,0.77167,0.77266,0.76389,125.63,0.9902,live,0.1227,0.1526,109.91,720.04
156468.859999,100.0,0.2280,4,4,0,0.76094,0.75556,0.74062,0.69167,0.73984,0.62500,0.75234,0.57222,0.76953,0.53194,0.77656,0.56806,0.78594,0.51528,0.78594,0.49306,0.78125,0.49583,0.79922,0.57500,0.81641,0.51111,0.81328,0.49167,0.80078,0.50556,0.81875,0.59722,0.83906,0.53611,0.83750,0.51111,0.82500,0.52778,0.83750,0.63056,0.85703,0.58472,0.85859,0.55556,0.84844,0.55833,0.64612,0.79162,0.9998,0.77010,1.00000,0.8627,0.79010,0.75928,0.9933,0.75155,0.76845,0.76094,0.75556,124.63,0.9897,live,0.1227,0.1425,103.09,723.37
156468.926889,100.0,0.3395,4,4,0,0.74453,0.74306,0.72266,0.68194,0.71875,0.61389,0.73047,0.56111,0.74766,0.52639,0.76094,0.55972,0.76953,0.50972,0.76328,0.48611,0.75391,0.48611,0.78203,0.56528,0.79844,0.50000,0.78984,0.47917,0.77500,0.49167,0.80000,0.58472,0.82031,0.52083,0.81328,0.49861,0.79922,0.51250,0.81719,0.61667,0.83594,0.56806,0.83281,0.54167,0.82031,0.54306,0.64574,0.79052,0.9998,0.77011,1.00000,0.8613,0.77461,0.75400,0.9933,0.75015,0.76337,0.74453,0.74306,120.83,0.9862,live,0.1227,0.1219,88.23,723.57
156468.993897,100.0,0.4512,4,4,0,0.72656,0.72361,0.70391,0.66667,0.69766,0.59583,0.70547,0.54167,0.72188,0.50278,0.73750,0.53750,0.74609,0.48194,0.73594,0.46250,0.72500,0.46528,0.75781,0.54167,0.77187,0.47361,0.75938,0.45694,0.74453,0.47083,0.77734,0.55972,0.79531,0.49306,0.78359,0.47500,0.76875,0.49028,0.79531,0.59306,0.81016,0.53889,0.80234,0.51528,0.78750,0.51806,0.64575,0.78934,0.9998,0.77285,1.00000,0.8620,0.75494,0.73951,0.9935,0.74543,0.75542,0.72656,0.72361,121.15,0.9916,live,0.1227,0.0990,71.70,723.96
156469.059894,100.0,0.5612,4,4,0,0.71016,0.69722,0.68516,0.63889,0.67656,0.56944,0.68125,0.51528,0.69531,0.47361,0.71406,0.50833,0.71797,0.45694,0.70781,0.43611,0.69609,0.43472,0.73438,0.50972,0.74844,0.44306,0.73516,0.42222,0.71875,0.43056,0.75391,0.52639,0.77109,0.45833,0.75859,0.44028,0.74297,0.45417,0.77187,0.55694,0.78594,0.50139,0.77578,0.47778,0.76094,0.48194,0.64557,0.78472,0.9998,0.77111,1.00000,0.8669,0.74028,0.72535,0.9939,0.73838,0.74378,0.71016,0.69722,121.17,0.9895,live,0.1147,0.0781,56.56,724.33
156469.127505,100.0,0.6739,4,4,0,0.69609,0.65000,0.66953,0.59167,0.66172,0.52222,0.66641,0.46806,0.67891,0.42917,0.69688,0.46528,0.69844,0.41667,0.68828,0.39444,0.67500,0.38750,0.71641,0.46528,0.72422,0.40278,0.71328,0.38056,0.69766,0.38194,0.73516,0.47917,0.74687,0.41389,0.73750,0.39167,0.72188,0.39722,0.75313,0.50694,0.76484,0.45139,0.75703,0.42639,0.74375,0.42361,0.64538,0.77996,0.9998,0.75720,1.00000,0.8714,0.73140,0.68424,0.9943,0.72992,0.72502,0.69609,0.65000,118.19,0.9796,live,0.1065,0.0695,50.19,722.51
156469.193530,100.0,0.7839,4,4,0,0.68828,0.60556,0.66094,0.54583,0.65156,0.47778,0.65391,0.41944,0.66484,0.37778,0.68359,0.41944,0.68203,0.36667,0.67188,0.34444,0.66016,0.33889,0.70234,0.41806,0.70625,0.35972,0.69609,0.33333,0.68203,0.32917,0.72188,0.43194,0.72969,0.37083,0.72188,0.34444,0.70703,0.34583,0.74062,0.45556,0.74844,0.40417,0.74219,0.37500,0.72891,0.36944,0.64100,0.77588,0.9998,0.75493,1.00000,0.8708,0.71308,0.61047,0.9945,0.72159,0.70113,0.68828,0.60556,118.73,0.9893,live,0.1065,0.0904,65.17,721.29
156469.260258,100.0,0.8951,4,4,0,0.68672,0.56944,0.65625,0.51250,0.64609,0.44167,0.65000,0.38194,0.66250,0.33750,0.67500,0.38750,0.67500,0.33472,0.66563,0.31250,0.65312,0.30694,0.69531,0.38472,0.69844,0.32361,0.68828,0.30000,0.67266,0.30000,0.71406,0.39444,0.72266,0.33194,0.71328,0.30556,0.69766,0.30694,0.73359,0.41667,0.74219,0.36528,0.73516,0.33750,0.72188,0.33194,0.63932,0.76625,0.9998,0.75431,1.00000,0.8685,0.70811,0.56854,0.9947,0.71462,0.67479,0.68672,0.56944,117.12,0.9831,live,0.1065,0.1188,85.43,719.07
156469.326841,100.0,0.0061,4,1,1,0.68750,0.55833,0.65703,0.50139,0.64453,0.43194,0.64766,0.37083,0.65859,0.32222,0.67500,0.37778,0.67344,0.32917,0.66484,0.30278,0.65312,0.29028,0.69453,0.37361,0.69609,0.31389,0.68750,0.28750,0.67266,0.28472,0.71328,0.38194,0.71953,0.32083,0.71172,0.29306,0.69688,0.29306,0.73125,0.40278,0.73750,0.35000,0.73125,0.31944,0.71797,0.31111,0.63726,0.76647,0.9998,0.75099,1.00000,0.8674,0.70303,0.54832,0.9947,0.70919,0.65150,0.68750,0.55833,115.93,0.9809,live,0.1130,0.1426,102.11,716.25
156469.394009,100.0,0.1180,4,1,1,0.68750,0.55972,0.65859,0.50694,0.64766,0.43750,0.64844,0.37917,0.66016,0.33611,0.67734,0.38194,0.67578,0.33194,0.66563,0.31111,0.65234,0.30278,0.69531,0.37778,0.69766,0.31944,0.68672,0.29583,0.67031,0.29444,0.71406,0.38611,0.72031,0.32639,0.71172,0.30000,0.69609,0.29722,0.73281,0.40556,0.73984,0.35556,0.73359,0.32778,0.72109,0.31806,0.63704,0.76367,0.9998,0.75120,1.00000,0.8682,0.70551,0.55447,0.9949,0.70485,0.63315,0.68750,0.55972,114.57,0.9906,live,0.1215,0.1603,114.29,712.79
156469.460074,100.0,0.2282,4,1,1,0.68984,0.58333,0.66016,0.52778,0.65156,0.45833,0.65391,0.39861,0.66328,0.35417,0.68203,0.40417,0.68047,0.35417,0.67109,0.33056,0.65859,0.31944,0.70078,0.40139,0.70156,0.34306,0.69297,0.31667,0.67891,0.31250,0.71953,0.41111,0.72656,0.35139,0.71875,0.32222,0.70391,0.32083,0.73906,0.43056,0.74609,0.37917,0.73984,0.34861,0.72500,0.34028,0.63432,0.76689,0.9998,0.75120,1.00000,0.8673,0.70649,0.56445,0.9949,0.70185,0.62318,0.68984,0.58333,115.83,0.9918,live,0.1296,0.1666,118.36,710.66
156469.526929,100.0,0.3396,4,1,1,0.69375,0.61528,0.66641,0.56111,0.65859,0.49028,0.66094,0.43333,0.67188,0.39167,0.68906,0.43472,0.68906,0.38333,0.68047,0.35694,0.66797,0.34722,0.70781,0.43333,0.71172,0.37222,0.70234,0.34444,0.68672,0.34444,0.72656,0.44583,0.73594,0.38194,0.72734,0.35278,0.71172,0.35278,0.74609,0.46944,0.75547,0.41667,0.74844,0.38472,0.73438,0.37778,0.63300,0.76688,0.9998,0.75097,1.00000,0.8678,0.70694,0.58785,0.9950,0.70023,0.62160,0.69375,0.61528,116.02,0.9925,live,0.1348,0.1585,112.38,708.91
156469.594237,100.0,0.4518,4,1,1,0.69922,0.65556,0.67422,0.60139,0.66641,0.53333,0.66797,0.47778,0.68125,0.43472,0.69844,0.47500,0.70156,0.42361,0.69219,0.40000,0.68125,0.39722,0.71797,0.47500,0.72656,0.41111,0.71641,0.38750,0.70078,0.39167,0.73750,0.49028,0.75000,0.42222,0.73984,0.40139,0.72500,0.41250,0.75547,0.51944,0.76797,0.46250,0.76016,0.43611,0.74609,0.43472,0.63254,0.76798,0.9998,0.75666,1.00000,0.8683,0.71492,0.66455,0.9952,0.70003,0.62839,0.69922,0.65556,115.88,0.9890,live,0.1348,0.1424,100.73,707.27
156469.660412,100.0,0.5620,4,1,1,0.70469,0.70139,0.68047,0.65139,0.67344,0.58194,0.67734,0.52639,0.69141,0.48472,0.70781,0.52083,0.71250,0.46667,0.70156,0.44444,0.68984,0.44444,0.72891,0.52361,0.74297,0.45417,0.73125,0.43472,0.71484,0.44722,0.74844,0.54167,0.76484,0.47361,0.75234,0.45417,0.73828,0.47222,0.76562,0.57222,0.78125,0.51667,0.77344,0.49306,0.75938,0.50000,0.63325,0.76802,0.9998,0.76440,1.00000,0.8697,0.71908,0.69823,0.9955,0.70096,0.64299,0.70469,0.70139,116.47,0.9897,live,0.1348,0.1185,83.72,706.26
156469.727508,100.0,0.6739,4,1,1,0.70859,0.73611,0.68594,0.68194,0.67969,0.61389,0.68437,0.56111,0.70078,0.51944,0.71641,0.55000,0.72578,0.49306,0.71406,0.47361,0.70000,0.47639,0.73672,0.55694,0.75234,0.48611,0.73828,0.47222,0.72188,0.48611,0.75547,0.57778,0.77422,0.50972,0.76172,0.49722,0.74609,0.51389,0.77344,0.61250,0.79063,0.55556,0.78203,0.53750,0.76797,0.54444,0.63324,0.76996,0.9998,0.76425,1.00000,0.8685,0.72573,0.72545,0.9953,0.70249,0.66162,0.70859,0.73611,118.94,0.9907,live,0.1267,0.0899,63.56,707.14
156469.794233,100.0,0.7851,4,1,1,0.71094,0.75417,0.68750,0.69722,0.68125,0.62778,0.68750,0.57639,0.70312,0.53472,0.71953,0.56528,0.73047,0.50833,0.72031,0.48750,0.70703,0.49306,0.74062,0.57222,0.75625,0.50000,0.74375,0.48611,0.72734,0.50278,0.75938,0.59306,0.78047,0.52500,0.76953,0.50972,0.75391,0.52778,0.77812,0.62917,0.79609,0.57500,0.78828,0.55417,0.77266,0.55972,0.63289,0.77627,0.9998,0.75909,1.00000,0.8679,0.72761,0.74224,0.9952,0.70418,0.68013,0.71094,0.75417,121.33,0.9927,live,0.1156,0.0649,46.09,709.64
156469.860449,100.0,0.8954,4,1,1,0.70859,0.75139,0.68594,0.69583,0.68047,0.62778,0.68672,0.58056,0.70391,0.54306,0.71875,0.56389,0.72891,0.51111,0.71797,0.49167,0.70312,0.49722,0.74062,0.57083,0.75703,0.50000,0.74297,0.48611,0.72500,0.50417,0.76016,0.59167,0.78125,0.52500,0.76797,0.50972,0.75234,0.52917,0.77656,0.62917,0.79688,0.57500,0.78750,0.55556,0.77031,0.56389,0.63094,0.77626,0.9998,0.75495,1.00000,0.8650,0.72718,0.75180,0.9951,0.70506,0.69438,0.70859,0.75139,120.84,0.9931,live,0.1084,0.0755,53.70,711.49
156469.927156,100.0,0.0066,4,2,0,0.70703,0.74722,0.68516,0.69028,0.67969,0.62083,0.68594,0.57222,0.70391,0.53333,0.71797,0.55972,0.72813,0.50556,0.71719,0.48750,0.70312,0.49167,0.73984,0.56667,0.75469,0.49583,0.73906,0.48333,0.72109,0.50139,0.75859,0.58889,0.77891,0.52083,0.76484,0.50556,0.74844,0.52361,0.77578,0.62500,0.79375,0.56806,0.78359,0.55000,0.76641,0.56111,0.63050,0.77682,0.9998,0.73872,1.00000,0.8628,0.72752,0.75010,0.9949,0.70545,0.70495,0.70703,0.74722,121.11,0.9940,live,0.1084,0.0847,60.41,713.31
156469.994128,100.0,0.1182,4,2,0,0.70391,0.74444,0.68281,0.68889,0.67656,0.61944,0.68281,0.56944,0.69922,0.53056,0.71406,0.55694,0.72344,0.50139,0.71250,0.48333,0.69922,0.48750,0.73594,0.56389,0.74922,0.49306,0.73438,0.47917,0.71562,0.49444,0.75469,0.58472,0.77500,0.51667,0.76172,0.50139,0.74531,0.51667,0.77109,0.62083,0.78984,0.56528,0.77969,0.54722,0.76328,0.55694,0.63050,0.77727,0.9998,0.74340,1.00000,0.8656,0.72538,0.75432,0.9948,0.70515,0.71285,0.70391,0.74444,120.50,0.9944,live,0.1084,0.0925,66.06,714.47
156470.060812,100.0,0.2294,4,2,0,0.69688,0.74306,0.67500,0.68750,0.66875,0.61944,0.67266,0.56806,0.68906,0.52778,0.70547,0.55972,0.71406,0.50417,0.70156,0.48611,0.68828,0.48889,0.72656,0.56528,0.74141,0.49444,0.72500,0.48056,0.70703,0.49583,0.74531,0.58611,0.76562,0.51528,0.75000,0.50278,0.73438,0.52222,0.76328,0.62083,0.77891,0.56528,0.76719,0.54861,0.75078,0.56250,0.63028,0.77771,0.9998,0.73789,1.00000,0.8669,0.72368,0.75481,0.9948,0.70349,0.71889,0.69688,0.74306,118.60,0.9920,live,0.1084,0.0986,70.39,714.13
156470.127530,100.0,0.3406,4,2,0,0.67734,0.74444,0.65625,0.68750,0.64766,0.62083,0.65000,0.57222,0.66250,0.53472,0.68437,0.55833,0.69297,0.50000,0.67734,0.48611,0.66172,0.48889,0.70391,0.56528,0.71641,0.49444,0.69766,0.48333,0.68125,0.49583,0.72188,0.58611,0.73906,0.51667,0.72188,0.50694,0.70547,0.52222,0.74062,0.61944,0.75547,0.56250,0.74297,0.54583,0.72656,0.55278,0.63185,0.77713,0.9998,0.73435,1.00000,0.8702,0.71616,0.75493,0.9949,0.69826,0.72400,0.67734,0.74444,118.29,0.9866,live,0.1084,0.0973,69.45,713.60
156470.194165,100.0,0.4516,4,2,0,0.65078,0.74583,0.62813,0.69306,0.61953,0.62778,0.62109,0.58056,0.62891,0.54167,0.65391,0.56111,0.65859,0.50139,0.63906,0.49028,0.62266,0.49722,0.67266,0.56806,0.68203,0.49167,0.65938,0.48611,0.64297,0.50278,0.69141,0.58611,0.70547,0.51250,0.68437,0.50833,0.66875,0.52639,0.71016,0.61806,0.72031,0.55833,0.70469,0.54722,0.68984,0.55833,0.63052,0.77709,0.9998,0.72620,1.00000,0.8709,0.68658,0.74421,0.9950,0.68877,0.72837,0.65078,0.74583,116.57,0.9929,live,0.1084,0.1055,75.08,711.90
156470.260844,100.0,0.5628,4,2,0,0.62813,0.74583,0.60469,0.69306,0.59297,0.63056,0.59062,0.58333,0.59531,0.54444,0.62422,0.56389,0.62656,0.50000,0.60625,0.49306,0.58906,0.50139,0.64219,0.56944,0.64922,0.48889,0.62578,0.48750,0.60938,0.50417,0.66016,0.58750,0.67109,0.51111,0.64922,0.51111,0.63359,0.52917,0.67891,0.61667,0.68750,0.55556,0.67188,0.54444,0.65703,0.55139,0.62912,0.77656,0.9998,0.71565,1.00000,0.8776,0.65940,0.74442,0.9953,0.67664,0.73186,0.62813,0.74583,113.12,0.9911,live,0.1084,0.0884,62.60,707.92
156470.327484,100.0,0.6738,4,2,0,0.61250,0.73889,0.58828,0.69167,0.57344,0.62778,0.56719,0.58194,0.57109,0.53889,0.60313,0.56111,0.60078,0.49306,0.57812,0.48750,0.56094,0.49722,0.62109,0.56667,0.62422,0.48194,0.59844,0.48333,0.58125,0.50556,0.63828,0.58333,0.64687,0.50278,0.62266,0.50139,0.60547,0.51944,0.65625,0.61250,0.66406,0.55139,0.64687,0.53750,0.63047,0.54444,0.62972,0.77282,0.9998,0.71502,1.00000,0.8819,0.64077,0.74558,0.9956,0.66381,0.73327,0.61250,0.73889,109.33,0.9910,live,0.1084,0.1057,74.18,701.69
156470.394358,100.0,0.7853,4,2,0,0.60156,0.73333,0.57734,0.69028,0.56250,0.62361,0.55703,0.57778,0.55859,0.53472,0.59141,0.55556,0.59141,0.48750,0.56953,0.48333,0.55156,0.49444,0.60938,0.56111,0.61250,0.47639,0.58594,0.47917,0.56797,0.50000,0.62656,0.57778,0.63516,0.49722,0.60938,0.49444,0.59062,0.51250,0.64375,0.60556,0.65078,0.54306,0.63203,0.53194,0.61484,0.54028,0.62788,0.77268,0.9998,0.71443,1.00000,0.8883,0.62786,0.73553,0.9958,0.65136,0.73328,0.60156,0.73333,108.95,0.9909,live,0.1084,0.1073,74.69,695.93
156470.460605,100.0,0.8957,4,2,0,0.59922,0.73333,0.57500,0.69028,0.56094,0.62222,0.55469,0.57500,0.55547,0.53056,0.58828,0.55417,0.58672,0.48611,0.56563,0.48056,0.54844,0.49306,0.60625,0.55694,0.60938,0.47361,0.58359,0.46944,0.56484,0.49028,0.62344,0.57500,0.63359,0.49306,0.60938,0.48472,0.59062,0.50000,0.64062,0.60556,0.64766,0.54306,0.62891,0.52778,0.61094,0.53472,0.62469,0.76898,0.9998,0.71142,1.00000,0.8931,0.62099,0.73560,0.9960,0.64093,0.73329,0.59922,0.73333,109.95,0.9933,live,0.1084,0.1230,85.07,691.58
156470.527738,100.0,0.0076,4,3,0,0.60313,0.73889,0.57812,0.68889,0.56406,0.62500,0.55937,0.57778,0.56328,0.53472,0.59453,0.55556,0.58984,0.49861,0.57031,0.48889,0.55234,0.49722,0.61172,0.55833,0.62031,0.47778,0.59844,0.46389,0.57812,0.47639,0.62969,0.57639,0.64219,0.49722,0.62031,0.48889,0.60078,0.50278,0.64531,0.60833,0.65234,0.54583,0.63438,0.53194,0.61797,0.53611,0.62487,0.76985,0.9998,0.70984,1.00000,0.8990,0.62425,0.73564,0.9962,0.63337,0.73441,0.60313,0.73889,111.66,0.9954,live,0.1132,0.1352,93.17,688.98
156470.594321,100.0,0.1186,4,3,0,0.61328,0.74167,0.58984,0.69444,0.57734,0.63056,0.57266,0.58472,0.57656,0.54306,0.60703,0.55972,0.60469,0.50139,0.58359,0.49167,0.56484,0.49722,0.62578,0.56389,0.63672,0.48333,0.61562,0.46667,0.59688,0.47500,0.64219,0.58333,0.65625,0.50556,0.63594,0.49306,0.61641,0.50139,0.65781,0.61667,0.66563,0.55556,0.65000,0.53889,0.63281,0.53889,0.62609,0.76574,0.9998,0.71025,1.00000,0.8996,0.62790,0.73963,0.9963,0.62935,0.73586,0.61328,0.74167,110.91,0.9940,live,0.1179,0.1394,95.68,686.15
156470.660967,100.0,0.2296,4,3,0,0.62969,0.75139,0.60781,0.69722,0.59844,0.63194,0.59609,0.58611,0.60156,0.54861,0.63125,0.57361,0.63047,0.51528,0.61328,0.50278,0.59609,0.50694,0.64922,0.57639,0.66172,0.49861,0.64531,0.47500,0.62813,0.47361,0.66641,0.59444,0.68047,0.51667,0.65938,0.50556,0.64062,0.51528,0.68125,0.62639,0.68906,0.56389,0.67188,0.55139,0.65469,0.55694,0.62684,0.76742,0.9998,0.71672,1.00000,0.9032,0.64546,0.74168,0.9964,0.62942,0.73897,0.62969,0.75139,110.63,0.9891,live,0.1179,0.1300,88.86,683.47
156470.727832,100.0,0.3411,4,3,0,0.65703,0.76111,0.63516,0.70694,0.62578,0.64583,0.62500,0.59722,0.63984,0.56667,0.66250,0.57639,0.66719,0.52361,0.65469,0.50833,0.63906,0.51250,0.68125,0.57917,0.69766,0.51250,0.68594,0.48750,0.66953,0.49028,0.69922,0.60000,0.71875,0.52917,0.70469,0.50972,0.68750,0.51806,0.71328,0.63472,0.72500,0.57917,0.71172,0.56111,0.69375,0.56667,0.62594,0.77150,0.9998,0.70354,1.00000,0.8920,0.66694,0.74866,0.9961,0.63494,0.74340,0.65703,0.76111,115.31,0.9907,live,0.1179,0.1122,76.81,684.47
156470.794549,100.0,0.4523,4,3,0,0.68750,0.77222,0.66641,0.71389,0.66094,0.65000,0.66719,0.60139,0.68437,0.57083,0.70078,0.58056,0.70937,0.53056,0.70312,0.51111,0.69141,0.52222,0.72344,0.58611,0.74609,0.52222,0.73906,0.48889,0.72422,0.49444,0.74219,0.60833,0.76406,0.54583,0.75391,0.52500,0.73984,0.53611,0.75703,0.64722,0.77187,0.59861,0.76250,0.57639,0.74766,0.57778,0.62547,0.77333,0.9998,0.72631,1.00000,0.8889,0.71035,0.75322,0.9960,0.64545,0.74916,0.68750,0.77222,123.46,0.9874,live,0.1128,0.0894,61.79,691.22
156470.860997,100.0,0.5630,4,3,0,0.71484,0.78333,0.69531,0.72222,0.69609,0.65278,0.70937,0.60278,0.73203,0.57361,0.74062,0.59444,0.74844,0.54306,0.74375,0.52083,0.73359,0.53056,0.76328,0.60000,0.78594,0.53889,0.78516,0.50000,0.77344,0.50000,0.78047,0.62361,0.80625,0.56250,0.80156,0.53333,0.78750,0.53611,0.79297,0.65972,0.81094,0.61111,0.80703,0.58194,0.79375,0.57778,0.62568,0.77480,0.9998,0.72747,1.00000,0.8856,0.73635,0.76519,0.9957,0.65933,0.75600,0.71484,0.78333,125.37,0.9902,live,0.1046,0.0673,47.04,698.55
156470.927905,100.0,0.6745,4,3,0,0.73594,0.78889,0.72031,0.72222,0.72344,0.65139,0.74062,0.60139,0.76328,0.57083,0.76641,0.60139,0.77187,0.55139,0.77266,0.52778,0.76797,0.53472,0.78906,0.60833,0.81094,0.55139,0.81484,0.51250,0.80703,0.51111,0.80703,0.63194,0.83203,0.57500,0.83594,0.54306,0.82578,0.54028,0.81953,0.66667,0.83828,0.62222,0.84062,0.59167,0.83125,0.58194,0.62676,0.77575,0.9998,0.72695,1.00000,0.8825,0.75956,0.77585,0.9954,0.67465,0.76257,0.73594,0.78889,127.11,0.9889,live,0.1046,0.0874,61.70,706.24
156470.996859,100.0,0.7895,4,3,0,0.75391,0.78611,0.73594,0.72083,0.74062,0.65000,0.76250,0.59861,0.78750,0.56528,0.78125,0.59861,0.78906,0.54444,0.79141,0.53472,0.78984,0.55139,0.80469,0.60833,0.82422,0.55278,0.83281,0.52222,0.83203,0.51806,0.82266,0.63472,0.84531,0.58056,0.85313,0.55278,0.85078,0.54722,0.83672,0.66944,0.85469,0.62639,0.86094,0.60278,0.85859,0.59167,0.62678,0.77684,0.9998,0.72709,1.00000,0.8796,0.77007,0.77754,0.9954,0.69050,0.76728,0.75391,0.78611,126.42,0.9875,live,0.1046,0.1151,82.01,712.51
156471.061119,100.0,0.8966,4,3,0,0.75859,0.78056,0.74453,0.71250,0.75156,0.64861,0.77187,0.60000,0.79766,0.56667,0.78828,0.59167,0.79844,0.54167,0.80078,0.53333,0.80000,0.54583,0.81328,0.60556,0.83203,0.55278,0.83984,0.52500,0.84062,0.51528,0.83047,0.63333,0.85156,0.58472,0.86094,0.55694,0.86094,0.54722,0.84375,0.67083,0.86250,0.63194,0.86953,0.60556,0.86953,0.58889,0.62816,0.77533,0.9998,0.75343,1.00000,0.8748,0.78165,0.77851,0.9951,0.70412,0.76994,0.75859,0.78056,127.75,0.9900,live,0.1106,0.1378,99.06,718.99
156471.128083,100.0,0.0082,4,4,0,0.75938,0.77778,0.74297,0.71389,0.74922,0.64306,0.77187,0.59167,0.79766,0.55972,0.78594,0.59028,0.79609,0.53611,0.79922,0.52639,0.79766,0.54167,0.81172,0.60139,0.82891,0.54722,0.83750,0.51667,0.83594,0.51250,0.82969,0.62778,0.85078,0.57778,0.86016,0.54722,0.85859,0.53889,0.84453,0.66389,0.86172,0.62361,0.86953,0.59722,0.86953,0.58333,0.62788,0.77535,0.9998,0.74791,1.00000,0.8720,0.78395,0.77418,0.9949,0.71517,0.77150,0.75938,0.77778,127.76,0.9925,live,0.1187,0.1557,112.81,724.70
156471.195017,100.0,0.1197,4,4,0,0.75234,0.76944,0.73516,0.70417,0.73906,0.63611,0.75938,0.58611,0.78281,0.55278,0.77891,0.58056,0.78594,0.52639,0.79063,0.51111,0.78984,0.52500,0.80312,0.59028,0.82188,0.53333,0.82812,0.50139,0.82266,0.50139,0.82109,0.61667,0.84375,0.56250,0.85078,0.53194,0.84375,0.53472,0.83594,0.65139,0.85625,0.60833,0.86172,0.57917,0.85469,0.57222,0.62804,0.77544,0.9998,0.74753,1.00000,0.8702,0.78322,0.76913,0.9948,0.72261,0.77109,0.75234,0.76944,127.58,0.9930,live,0.1273,0.1666,121.56,729.60
156471.260981,100.0,0.2297,4,4,0,0.74141,0.75833,0.72188,0.69444,0.72344,0.62361,0.74062,0.57222,0.76328,0.54028,0.76562,0.57500,0.77266,0.52083,0.77344,0.49861,0.76797,0.50417,0.78750,0.58056,0.80703,0.52083,0.81094,0.48611,0.80156,0.48611,0.80625,0.60417,0.82891,0.54722,0.83359,0.51667,0.82266,0.51667,0.82109,0.63611,0.84375,0.59306,0.84688,0.56250,0.83672,0.55417,0.62912,0.77517,0.9998,0.74127,1.00000,0.8682,0.77213,0.76335,0.9949,0.72637,0.76854,0.74141,0.75833,123.69,0.9860,live,0.1336,0.1624,118.76,731.11
156471.327967,100.0,0.3413,4,4,0,0.72500,0.73611,0.70469,0.67361,0.70547,0.60278,0.72031,0.55417,0.74062,0.52222,0.74844,0.55556,0.75625,0.50278,0.75234,0.47778,0.74141,0.47917,0.76953,0.55972,0.78750,0.49861,0.78438,0.46528,0.77109,0.46667,0.78750,0.57917,0.80937,0.51944,0.80703,0.48750,0.79453,0.49028,0.80156,0.60972,0.82031,0.56389,0.81953,0.53333,0.80781,0.52639,0.62901,0.77585,0.9998,0.74441,1.00000,0.8676,0.75776,0.74957,0.9948,0.72609,0.76205,0.72500,0.73611,121.19,0.9818,live,0.1336,0.1435,104.81,730.63
156471.394993,100.0,0.4530,4,4,0,0.70703,0.71111,0.68594,0.65139,0.68281,0.58056,0.69141,0.52917,0.70625,0.49444,0.72422,0.52361,0.73047,0.46806,0.71797,0.44444,0.70391,0.44306,0.74297,0.52639,0.75859,0.46111,0.74375,0.43611,0.72344,0.44167,0.76094,0.54306,0.78047,0.47778,0.76797,0.45139,0.75234,0.45556,0.77578,0.57222,0.78906,0.51806,0.78125,0.49028,0.76797,0.48889,0.62994,0.77504,0.9998,0.74923,1.00000,0.8655,0.73346,0.72561,0.9947,0.72228,0.75187,0.70703,0.71111,121.36,0.9890,live,0.1336,0.1191,86.96,730.33
156471.461391,100.0,0.5637,4,4,0,0.68828,0.67222,0.66406,0.61250,0.65859,0.54306,0.66406,0.49028,0.67656,0.45139,0.69531,0.48194,0.70000,0.42917,0.68828,0.40833,0.67344,0.40417,0.71328,0.48333,0.72344,0.41944,0.70937,0.39722,0.69063,0.40139,0.73125,0.49861,0.74609,0.43194,0.73438,0.40694,0.71875,0.41111,0.74609,0.52500,0.75625,0.46944,0.74687,0.44306,0.73359,0.44028,0.63045,0.77446,0.9998,0.75884,1.00000,0.8664,0.72214,0.69464,0.9948,0.71548,0.73594,0.68828,0.67222,119.57,0.9859,live,0.1271,0.0974,70.97,728.78
156471.528328,100.0,0.6752,4,4,0,0.67344,0.62639,0.64922,0.57083,0.64219,0.50000,0.64609,0.44583,0.65703,0.40694,0.67422,0.43889,0.67500,0.38472,0.66406,0.36250,0.65078,0.35833,0.69219,0.44028,0.69688,0.37361,0.68359,0.35000,0.66641,0.35000,0.70937,0.45417,0.71875,0.38750,0.70859,0.36111,0.69297,0.35694,0.72578,0.48056,0.73281,0.42778,0.72656,0.39722,0.71406,0.38333,0.63046,0.77016,0.9998,0.75213,1.00000,0.8593,0.70476,0.63597,0.9947,0.70707,0.71403,0.67344,0.62639,117.05,0.9876,live,0.1196,0.0852,61.80,725.60
156471.594724,100.0,0.7859,4,4,0,0.66797,0.59583,0.63984,0.54028,0.63047,0.46806,0.63203,0.41250,0.64141,0.36944,0.66250,0.40833,0.65938,0.35694,0.64766,0.33472,0.63359,0.32639,0.68125,0.40417,0.68359,0.34306,0.67109,0.31806,0.65312,0.31250,0.69844,0.41667,0.70625,0.35139,0.69609,0.32361,0.67891,0.31806,0.71484,0.44028,0.71953,0.38750,0.71250,0.35694,0.69922,0.34167,0.62841,0.76954,0.9998,0.74529,1.00000,0.8573,0.69012,0.57527,0.9949,0.69925,0.69039,0.66797,0.59583,118.03,0.9898,live,0.1196,0.1027,74.28,723.51
156471.661535,100.0,0.8973,4,4,0,0.66406,0.57500,0.63438,0.52083,0.62344,0.44722,0.62500,0.38889,0.63438,0.34167,0.65547,0.38889,0.65391,0.33611,0.64297,0.31111,0.62813,0.30278,0.67422,0.38472,0.67500,0.32083,0.66094,0.29583,0.64297,0.29583,0.69063,0.39444,0.69766,0.32639,0.68594,0.29861,0.66875,0.29444,0.70703,0.41806,0.71172,0.36250,0.70391,0.33194,0.68984,0.31944,0.62859,0.75563,0.9998,0.74475,1.00000,0.8529,0.68155,0.56943,0.9950,0.69221,0.66731,0.66406,0.57500,116.75,0.9824,live,0.1196,0.1205,86.83,720.75
156471.728268,100.0,0.0085,4,1,1,0.66250,0.56944,0.63281,0.51806,0.62187,0.44306,0.62187,0.38611,0.63047,0.34167,0.65234,0.38472,0.64844,0.33611,0.63828,0.31250,0.62344,0.29861,0.67031,0.38056,0.67031,0.31806,0.65781,0.29444,0.63984,0.28750,0.68672,0.38889,0.69063,0.32361,0.68047,0.29722,0.66406,0.28889,0.70234,0.40833,0.70547,0.35556,0.69766,0.32361,0.68437,0.30556,0.62859,0.75627,0.9998,0.74343,1.00000,0.8558,0.67737,0.55448,0.9952,0.68627,0.64774,0.66250,0.56944,115.73,0.9867,live,0.1196,0.1429,102.58,717.59
156471.794800,100.0,0.1194,4,1,1,0.66328,0.57500,0.63359,0.52639,0.62266,0.45139,0.62344,0.39306,0.63203,0.34861,0.65234,0.39306,0.65078,0.34167,0.63828,0.31667,0.62344,0.30972,0.67031,0.38889,0.67188,0.32500,0.65859,0.30000,0.63906,0.30000,0.68750,0.39722,0.69453,0.33194,0.68203,0.30278,0.66406,0.30000,0.70391,0.41667,0.70781,0.36389,0.69922,0.33056,0.68516,0.31806,0.62928,0.75616,0.9998,0.74340,1.00000,0.8608,0.67952,0.56097,0.9954,0.68167,0.63319,0.66328,0.57500,114.88,0.9880,live,0.1269,0.1604,114.59,714.19
156471.861506,100.0,0.2305,4,1,1,0.66641,0.60139,0.63828,0.54861,0.62891,0.47222,0.63047,0.41667,0.63828,0.37222,0.65859,0.41528,0.65781,0.36250,0.64609,0.33750,0.63125,0.33056,0.67656,0.41250,0.67734,0.34861,0.66484,0.32361,0.64609,0.32500,0.69375,0.42222,0.70078,0.35417,0.68828,0.32500,0.67109,0.32222,0.71094,0.44444,0.71562,0.39028,0.70625,0.35833,0.69141,0.34444,0.62896,0.75973,0.9998,0.73839,1.00000,0.8607,0.68008,0.56825,0.9954,0.67862,0.62683,0.66641,0.60139,116.94,0.9887,live,0.1331,0.1610,114.77,712.69
156471.928490,100.0,0.3422,4,1,1,0.66953,0.64028,0.64609,0.58750,0.63750,0.51667,0.63906,0.45972,0.64922,0.41667,0.66953,0.45556,0.66953,0.40556,0.65938,0.37917,0.64609,0.37083,0.68828,0.45417,0.69141,0.39028,0.68047,0.36250,0.66406,0.35972,0.70547,0.46667,0.71406,0.40000,0.70547,0.37361,0.69063,0.37500,0.72188,0.49306,0.72891,0.43750,0.72188,0.40556,0.70781,0.39444,0.63068,0.76217,0.9998,0.73989,1.00000,0.8651,0.68120,0.63627,0.9956,0.67680,0.62952,0.66953,0.64028,116.69,0.9866,live,0.1331,0.1507,107.21,711.18
156471.995037,100.0,0.4531,4,1,1,0.67969,0.69722,0.65469,0.64861,0.64531,0.57917,0.64766,0.52500,0.66016,0.48611,0.68203,0.51250,0.68203,0.45694,0.67031,0.43611,0.65547,0.43056,0.70078,0.51250,0.70703,0.44583,0.69531,0.42361,0.67891,0.42778,0.71875,0.52778,0.73281,0.45833,0.72266,0.43472,0.70625,0.44028,0.73438,0.55833,0.74453,0.50417,0.73672,0.47500,0.72266,0.46806,0.63168,0.76408,0.9998,0.74757,1.00000,0.8685,0.69364,0.71274,0.9956,0.67738,0.64306,0.67969,0.69722,116.37,0.9915,live,0.1331,0.1309,92.86,709.63
156472.061833,100.0,0.5644,4,1,1,0.69063,0.74583,0.66719,0.69306,0.65781,0.62778,0.66016,0.57639,0.67422,0.53750,0.69531,0.55833,0.69922,0.50417,0.68594,0.48194,0.67109,0.47917,0.71562,0.56111,0.72734,0.49167,0.71172,0.47083,0.69297,0.47917,0.73438,0.58056,0.75156,0.51111,0.73750,0.49306,0.72031,0.50417,0.74922,0.61667,0.76406,0.56111,0.75391,0.53750,0.73750,0.53750,0.63086,0.76561,0.9998,0.73990,1.00000,0.8676,0.70525,0.74911,0.9952,0.68003,0.66361,0.69063,0.74583,118.05,0.9886,live,0.1278,0.1040,73.78,709.47
156472.128709,100.0,0.6759,4,1,1,0.69688,0.77222,0.67422,0.71806,0.66719,0.65000,0.66875,0.59722,0.68359,0.55833,0.70312,0.58194,0.70937,0.52639,0.69844,0.50278,0.68594,0.50139,0.72344,0.58750,0.73828,0.51528,0.72422,0.49583,0.70625,0.50833,0.74219,0.60833,0.76172,0.53611,0.74766,0.51806,0.73047,0.53333,0.75781,0.64444,0.77109,0.58611,0.76094,0.56250,0.74531,0.56528,0.63025,0.76800,0.9998,0.75358,1.00000,0.8652,0.71269,0.76921,0.9949,0.68340,0.68534,0.69688,0.77222,119.59,0.9936,live,0.1185,0.0761,54.04,710.43
156472.196976,100.0,0.7897,4,1,1,0.70078,0.77778,0.67734,0.72361,0.66953,0.65556,0.67188,0.60556,0.68594,0.56528,0.70781,0.58750,0.71562,0.52917,0.70312,0.50833,0.68828,0.51111,0.72891,0.59306,0.74375,0.51944,0.72891,0.50278,0.71094,0.51806,0.74687,0.61528,0.76797,0.54444,0.75391,0.52639,0.73672,0.54167,0.76328,0.65278,0.77734,0.59583,0.76719,0.57500,0.75078,0.58056,0.63027,0.76842,0.9998,0.75341,1.00000,0.8617,0.71579,0.77181,0.9945,0.68687,0.70382,0.70078,0.77778,120.16,0.9951,live,0.1121,0.0827,58.84,711.70
156472.261888,100.0,0.8978,4,1,1,0.70234,0.77778,0.67812,0.72500,0.67031,0.65694,0.67266,0.60694,0.68750,0.56667,0.70937,0.58750,0.71797,0.52917,0.70469,0.50972,0.68906,0.51389,0.73047,0.59306,0.74766,0.51806,0.73125,0.50278,0.71172,0.52083,0.74844,0.61389,0.77031,0.54444,0.75469,0.52639,0.73672,0.54306,0.76406,0.65139,0.77812,0.59306,0.76641,0.57222,0.74922,0.57917,0.63127,0.77077,0.9998,0.75771,1.00000,0.8612,0.71912,0.77245,0.9942,0.68997,0.71862,0.70234,0.77778,119.84,0.9927,live,0.1121,0.0957,68.20,712.58
156472.328661,100.0,0.0091,4,2,0,0.70078,0.77917,0.67812,0.72500,0.66953,0.65694,0.67031,0.60694,0.68672,0.56528,0.70781,0.59028,0.71641,0.53056,0.70234,0.51250,0.68750,0.51806,0.72891,0.59444,0.74531,0.51806,0.72813,0.50417,0.71016,0.52222,0.74687,0.61528,0.76797,0.54167,0.75234,0.52639,0.73594,0.54583,0.76250,0.65139,0.77656,0.59167,0.76406,0.57222,0.74687,0.58333,0.63207,0.77077,0.9998,0.76360,1.00000,0.8593,0.72057,0.77282,0.9940,0.69213,0.73073,0.70078,0.77917,119.51,0.9906,live,0.1121,0.1084,77.34,713.11
156472.395254,100.0,0.1201,4,2,0,0.69609,0.78472,0.67422,0.72778,0.66563,0.65972,0.66719,0.60972,0.68281,0.56667,0.70469,0.59306,0.71172,0.53472,0.69688,0.51667,0.68203,0.52222,0.72578,0.59722,0.74141,0.52222,0.72266,0.50833,0.70312,0.52500,0.74375,0.61944,0.76562,0.54583,0.74844,0.53194,0.73125,0.55000,0.75859,0.65694,0.77266,0.59722,0.76016,0.57639,0.74219,0.58194,0.63225,0.77081,0.9998,0.76484,1.00000,0.8584,0.72065,0.77173,0.9940,0.69292,0.74152,0.69609,0.78472,120.88,0.9912,live,0.1121,0.1191,85.12,714.57
156472.461741,100.0,0.2309,4,2,0,0.68594,0.78472,0.66406,0.73056,0.65469,0.66389,0.65781,0.61667,0.67188,0.57361,0.69453,0.59583,0.70156,0.53472,0.68594,0.51944,0.67031,0.52917,0.71484,0.60278,0.72813,0.52500,0.70859,0.51250,0.69063,0.53056,0.73281,0.62361,0.75234,0.54722,0.73438,0.53472,0.71719,0.55278,0.74922,0.65972,0.76172,0.59861,0.74844,0.58056,0.73203,0.59028,0.63524,0.77094,0.9998,0.76286,1.00000,0.8536,0.71882,0.79200,0.9939,0.69153,0.75016,0.68594,0.78472,119.35,0.9877,live,0.1121,0.1249,89.28,714.76
156472.528824,100.0,0.3427,4,2,0,0.66875,0.78611,0.64609,0.72778,0.63438,0.66528,0.63516,0.61944,0.64844,0.58056,0.67422,0.59722,0.68203,0.53750,0.66172,0.52778,0.64453,0.53472,0.69453,0.60417,0.70703,0.52917,0.68359,0.52222,0.66641,0.53750,0.71250,0.62639,0.72969,0.55139,0.70859,0.54444,0.69141,0.56111,0.72813,0.66111,0.73984,0.60139,0.72422,0.58333,0.70703,0.59028,0.63577,0.76863,0.9998,0.74310,1.00000,0.8581,0.70258,0.78802,0.9941,0.68697,0.75735,0.66875,0.78611,118.00,0.9865,live,0.1121,0.1186,84.66,713.95
156472.595368,100.0,0.4536,4,2,0,0.64844,0.78611,0.62500,0.73056,0.61406,0.66806,0.61328,0.62361,0.62031,0.58889,0.64766,0.59861,0.65156,0.53611,0.62891,0.53056,0.61250,0.54306,0.66641,0.60556,0.67734,0.52500,0.65156,0.52083,0.63438,0.54167,0.68359,0.62639,0.70000,0.54861,0.67656,0.54028,0.65938,0.55833,0.70000,0.65972,0.71016,0.60000,0.69219,0.58611,0.67734,0.59444,0.63577,0.76067,0.9998,0.72537,1.00000,0.8629,0.67947,0.78587,0.9943,0.67926,0.76311,0.64844,0.78611,114.90,0.9885,live,0.1121,0.1037,73.74,711.00
156472.661874,100.0,0.5645,4,2,0,0.62734,0.78472,0.60313,0.73194,0.58984,0.67083,0.58750,0.62361,0.59062,0.58472,0.62187,0.60000,0.62187,0.53472,0.59922,0.53194,0.58203,0.54583,0.64062,0.60556,0.64687,0.52083,0.62109,0.52222,0.60391,0.54444,0.65781,0.62500,0.66875,0.54583,0.64375,0.54306,0.62578,0.56111,0.67344,0.65694,0.67969,0.59722,0.66172,0.58333,0.64531,0.58750,0.63550,0.76260,0.9998,0.71769,1.00000,0.8669,0.65798,0.79981,0.9943,0.66888,0.76743,0.62734,0.78472,112.57,0.9905,live,0.1121,0.0943,66.64,706.73
156472.728784,100.0,0.6760,4,2,0,0.61250,0.78056,0.58672,0.73194,0.57266,0.66667,0.56641,0.62083,0.56563,0.57778,0.60234,0.59722,0.60391,0.52500,0.58047,0.52639,0.56250,0.54306,0.62031,0.60417,0.62578,0.51667,0.59844,0.52222,0.58125,0.54444,0.63672,0.62222,0.64531,0.54167,0.61875,0.54306,0.60000,0.56111,0.65234,0.65139,0.65547,0.59167,0.63516,0.58056,0.61797,0.58333,0.62831,0.76276,0.9998,0.71622,1.00000,0.8702,0.63651,0.79781,0.9942,0.65760,0.77005,0.61250,0.78056,110.26,0.9892,live,0.1121,0.0937,65.71,701.31
156472.795580,100.0,0.7873,4,2,0,0.60391,0.77361,0.57734,0.72917,0.56172,0.66667,0.55312,0.62361,0.55078,0.57778,0.58750,0.59444,0.58516,0.52222,0.56172,0.52361,0.54375,0.53889,0.60625,0.59861,0.60703,0.51111,0.57891,0.51806,0.56094,0.54167,0.62344,0.61667,0.62891,0.53333,0.60156,0.53611,0.58203,0.55556,0.63906,0.64583,0.63984,0.58472,0.61797,0.57222,0.60078,0.57778,0.62645,0.75056,0.9998,0.71200,1.00000,0.8772,0.62248,0.78172,0.9945,0.64686,0.77077,0.60391,0.77361,108.70,0.9932,live,0.1121,0.1095,76.15,695.42
156472.861762,100.0,0.8976,4,2,0,0.60234,0.77222,0.57500,0.72778,0.55859,0.66250,0.55078,0.61806,0.54844,0.57500,0.58594,0.59167,0.58203,0.51944,0.55859,0.51944,0.54063,0.53611,0.60391,0.59444,0.60391,0.50833,0.57578,0.51389,0.55781,0.53889,0.62109,0.61250,0.62578,0.52917,0.59844,0.53056,0.58047,0.54861,0.63672,0.64167,0.63672,0.57917,0.61562,0.56806,0.59844,0.57222,0.62642,0.74963,0.9998,0.71292,1.00000,0.8832,0.62077,0.77456,0.9947,0.63796,0.77106,0.60234,0.77222,109.45,0.9930,live,0.1121,0.1156,79.84,690.77
156472.928634,100.0,0.0091,4,3,0,0.60781,0.77222,0.57969,0.72500,0.56484,0.66111,0.55703,0.61528,0.55391,0.57361,0.59375,0.58889,0.58984,0.51806,0.56484,0.51667,0.54609,0.53194,0.61094,0.59306,0.61016,0.50694,0.58203,0.51250,0.56484,0.53472,0.62734,0.60972,0.63281,0.52639,0.60625,0.52917,0.58828,0.54861,0.64375,0.63889,0.64375,0.57500,0.62187,0.56528,0.60547,0.56944,0.62649,0.75000,0.9998,0.71179,1.00000,0.8881,0.62404,0.76971,0.9949,0.63193,0.77129,0.60781,0.77222,110.54,0.9925,live,0.1121,0.1212,83.35,687.47
156472.995263,100.0,0.1201,4,3,0,0.62187,0.77083,0.59609,0.72361,0.58125,0.65833,0.57422,0.61250,0.57812,0.57639,0.60938,0.58611,0.61328,0.51528,0.58984,0.51389,0.57109,0.52778,0.62734,0.59306,0.63281,0.50694,0.60547,0.50833,0.58750,0.52917,0.64453,0.60972,0.65469,0.52778,0.62891,0.52500,0.61016,0.53889,0.66016,0.63889,0.66484,0.57917,0.64609,0.56389,0.62891,0.56389,0.62925,0.74962,0.9998,0.71154,1.00000,0.8891,0.62490,0.76979,0.9949,0.62992,0.77120,0.62187,0.77083,111.08,0.9866,live,0.1121,0.1172,80.31,684.95
156473.061873,100.0,0.2311,4,3,0,0.64453,0.77361,0.62109,0.71528,0.61016,0.65139,0.60547,0.60694,0.61016,0.56944,0.64141,0.58611,0.64453,0.52222,0.62578,0.51250,0.60703,0.52222,0.65938,0.59167,0.66719,0.51389,0.64375,0.50556,0.62422,0.52222,0.67656,0.60972,0.69063,0.53333,0.66875,0.52222,0.65000,0.53333,0.69297,0.64167,0.70234,0.58194,0.68750,0.56528,0.67109,0.56944,0.63395,0.74976,0.9998,0.71933,1.00000,0.8865,0.66020,0.76280,0.9948,0.63284,0.77168,0.64453,0.77361,114.51,0.9855,live,0.1121,0.1076,73.75,685.21
156473.129058,100.0,0.3431,4,3,0,0.67266,0.77639,0.65078,0.72083,0.63984,0.65833,0.64062,0.61111,0.65234,0.57222,0.67734,0.58611,0.68594,0.52639,0.66875,0.51389,0.65078,0.52083,0.69766,0.59306,0.71172,0.51806,0.69063,0.50694,0.67109,0.52222,0.71562,0.61250,0.73594,0.54028,0.71719,0.52639,0.69922,0.54028,0.73359,0.64722,0.74922,0.59167,0.73516,0.57361,0.71719,0.57778,0.63537,0.75176,0.9998,0.73739,1.00000,0.8803,0.69636,0.76569,0.9947,0.64080,0.77262,0.67266,0.77639,119.68,0.9887,live,0.1121,0.0922,63.53,689.15
156473.196721,100.0,0.4559,4,3,0,0.70000,0.78194,0.68047,0.71944,0.67422,0.65417,0.68125,0.60556,0.69766,0.56667,0.71641,0.59028,0.72656,0.53750,0.71250,0.51944,0.69609,0.52361,0.73594,0.59722,0.75391,0.52917,0.73594,0.51389,0.71562,0.52778,0.75469,0.61806,0.77812,0.55278,0.76094,0.53472,0.74219,0.54861,0.77109,0.65278,0.78906,0.59861,0.77578,0.57917,0.75703,0.58611,0.63540,0.76228,0.9998,0.74404,1.00000,0.8783,0.72500,0.76669,0.9946,0.65264,0.77449,0.70000,0.78194,123.41,0.9909,live,0.1049,0.0721,50.13,695.31
156473.262085,100.0,0.5648,4,3,0,0.72344,0.78472,0.70547,0.72361,0.70312,0.65417,0.71250,0.60556,0.73047,0.56806,0.74844,0.59583,0.76094,0.54028,0.74844,0.52083,0.73281,0.52500,0.76797,0.60417,0.78750,0.53611,0.76875,0.51806,0.74922,0.53194,0.78516,0.62639,0.81094,0.55972,0.79531,0.54028,0.77734,0.55556,0.80078,0.66250,0.82188,0.60694,0.81094,0.58611,0.79297,0.59306,0.63539,0.76220,0.9998,0.75097,1.00000,0.8786,0.74402,0.77485,0.9945,0.66680,0.77653,0.72344,0.78472,124.13,0.9912,live,0.0982,0.0677,47.44,701.25
156473.329223,100.0,0.6767,4,3,0,0.74062,0.78333,0.72266,0.72222,0.72188,0.65139,0.73594,0.60417,0.75703,0.57222,0.76797,0.59861,0.77969,0.54444,0.77266,0.52222,0.76172,0.52639,0.78906,0.60694,0.81094,0.54306,0.80000,0.51944,0.78203,0.53472,0.80625,0.62917,0.83281,0.56944,0.82500,0.54722,0.81016,0.56111,0.82109,0.66667,0.84297,0.61806,0.83906,0.59167,0.82578,0.59306,0.63539,0.77104,0.9998,0.75523,1.00000,0.8769,0.76198,0.77576,0.9942,0.68157,0.77789,0.74062,0.78333,123.89,0.9910,live,0.0982,0.0939,66.31,706.30
156473.395789,100.0,0.7877,4,3,0,0.75078,0.78333,0.73438,0.71944,0.73594,0.65000,0.75156,0.60139,0.77500,0.56667,0.77812,0.59583,0.78828,0.54444,0.78438,0.52083,0.77422,0.52639,0.80078,0.60278,0.82031,0.54306,0.81719,0.51667,0.80312,0.52778,0.81875,0.62639,0.84453,0.56944,0.84219,0.54306,0.82891,0.55139,0.83359,0.66250,0.85391,0.62083,0.85391,0.59167,0.84297,0.58889,0.63628,0.77691,0.9998,0.74819,1.00000,0.8762,0.77519,0.77620,0.9941,0.69541,0.77898,0.75078,0.78333,126.80,0.9878,live,0.0982,0.1179,84.02,712.84
156473.462348,100.0,0.8986,4,3,0,0.75469,0.78056,0.73750,0.71528,0.73984,0.64583,0.75547,0.59583,0.77969,0.55972,0.78125,0.59167,0.79063,0.54167,0.79063,0.51667,0.78359,0.51806,0.80391,0.60000,0.82344,0.53889,0.82422,0.51389,0.81250,0.52361,0.82266,0.62361,0.84609,0.56667,0.84766,0.53889,0.83672,0.54583,0.83750,0.65972,0.85703,0.61806,0.86016,0.58750,0.85156,0.58056,0.63648,0.77705,0.9998,0.75505,1.00000,0.8758,0.78195,0.77547,0.9941,0.70727,0.77930,0.75469,0.78056,127.22,0.9899,live,0.1053,0.1380,99.17,718.90
156473.528861,100.0,0.0095,4,4,0,0.75234,0.77361,0.73359,0.70972,0.73516,0.64028,0.75156,0.59167,0.77344,0.55417,0.77812,0.58611,0.78672,0.53472,0.78516,0.50972,0.77578,0.51111,0.80078,0.59444,0.81953,0.53333,0.81719,0.50556,0.80234,0.51528,0.81953,0.61667,0.84219,0.55972,0.84141,0.53056,0.82812,0.53889,0.83437,0.65278,0.85313,0.61111,0.85391,0.58056,0.84375,0.57500,0.63661,0.77814,0.9998,0.74145,1.00000,0.8749,0.77899,0.77103,0.9941,0.71628,0.77816,0.75234,0.77361,126.25,0.9899,live,0.1139,0.1530,110.70,723.53
156473.595942,100.0,0.1213,4,4,0,0.74219,0.76528,0.72422,0.70278,0.72422,0.63056,0.73828,0.58056,0.76094,0.54722,0.76953,0.58056,0.78125,0.52917,0.77422,0.50556,0.76172,0.50833,0.78984,0.58750,0.80703,0.52500,0.79766,0.50139,0.77969,0.51250,0.80703,0.60972,0.83203,0.54861,0.82500,0.52222,0.81016,0.53056,0.82188,0.64583,0.84297,0.59722,0.83984,0.56944,0.82656,0.56806,0.63677,0.77808,0.9998,0.74742,1.00000,0.8717,0.77575,0.77063,0.9940,0.72146,0.77558,0.74219,0.76528,123.64,0.9917,live,0.1216,0.1565,113.57,725.73
156473.662143,100.0,0.2316,4,4,0,0.72734,0.75417,0.70781,0.69583,0.70469,0.62778,0.71562,0.57917,0.73281,0.54306,0.75078,0.57222,0.76172,0.51944,0.74922,0.49722,0.73516,0.50000,0.76953,0.58056,0.78828,0.51389,0.77344,0.49167,0.75547,0.50000,0.78750,0.60139,0.81094,0.53750,0.79766,0.51528,0.78203,0.52500,0.80312,0.63472,0.82188,0.58194,0.81172,0.55833,0.79531,0.56250,0.63726,0.77690,0.9998,0.75321,1.00000,0.8699,0.77049,0.76126,0.9940,0.72264,0.77130,0.72734,0.75417,120.23,0.9884,live,0.1216,0.1447,104.91,725.20
156473.729224,100.0,0.3434,4,4,0,0.70625,0.73889,0.68672,0.68194,0.68203,0.61389,0.68906,0.56389,0.70625,0.52917,0.72578,0.55417,0.73594,0.49583,0.72188,0.47639,0.70781,0.48056,0.74453,0.56111,0.76172,0.49167,0.74453,0.47222,0.72656,0.48333,0.76250,0.58194,0.78438,0.51250,0.76797,0.49444,0.75078,0.50694,0.77891,0.61528,0.79375,0.55972,0.77969,0.53889,0.76172,0.54444,0.63730,0.77459,0.9998,0.75029,1.00000,0.8645,0.74560,0.74195,0.9941,0.71936,0.76482,0.70625,0.73889,120.53,0.9907,live,0.1216,0.1244,90.20,724.96
156473.796104,100.0,0.4549,4,4,0,0.68750,0.71111,0.66563,0.65694,0.65938,0.58889,0.66406,0.54167,0.67422,0.50694,0.69688,0.52361,0.70234,0.46667,0.68672,0.44861,0.67188,0.45000,0.71641,0.52639,0.73203,0.45556,0.71328,0.43750,0.69375,0.45139,0.73438,0.54444,0.75313,0.47500,0.73672,0.45556,0.71953,0.46667,0.75000,0.57500,0.76250,0.52083,0.75156,0.49722,0.73672,0.49861,0.63879,0.77443,0.9998,0.75624,1.00000,0.8623,0.72197,0.74283,0.9939,0.71299,0.75408,0.68750,0.71111,119.38,0.9917,live,0.1216,0.1263,91.41,723.91
156473.862236,100.0,0.5651,4,4,0,0.67109,0.67361,0.64766,0.61389,0.63906,0.54722,0.64062,0.49583,0.65078,0.45556,0.67344,0.48611,0.67578,0.43333,0.66172,0.40972,0.64609,0.40139,0.69219,0.48611,0.70000,0.41944,0.68516,0.39861,0.66719,0.39861,0.70937,0.50139,0.72500,0.43194,0.71172,0.40833,0.69375,0.41111,0.72422,0.52917,0.73594,0.47500,0.72578,0.44861,0.71016,0.44306,0.63651,0.77050,0.9998,0.75137,1.00000,0.8678,0.70307,0.70752,0.9943,0.70461,0.73798,0.67109,0.67361,117.24,0.9872,live,0.1148,0.0837,60.40,721.46
156473.929705,100.0,0.6775,4,4,0,0.66016,0.62222,0.63438,0.56667,0.62578,0.49722,0.62734,0.44444,0.63359,0.40139,0.65859,0.43333,0.65781,0.38194,0.64609,0.35972,0.63125,0.35278,0.67656,0.43333,0.68125,0.37083,0.66875,0.34583,0.65078,0.34306,0.69297,0.44722,0.70469,0.38194,0.69297,0.35694,0.67578,0.35556,0.70859,0.47500,0.71719,0.41944,0.70859,0.39167,0.69297,0.38194,0.63526,0.76658,0.9998,0.74091,1.00000,0.8710,0.68115,0.62708,0.9946,0.69572,0.71483,0.66016,0.62222,116.78,0.9866,live,0.1086,0.0807,58.04,718.97
156473.996361,100.0,0.7886,4,4,0,0.65469,0.58056,0.62578,0.52778,0.61484,0.45694,0.61484,0.40278,0.62266,0.35833,0.64687,0.39444,0.64453,0.34167,0.63203,0.31667,0.61719,0.30694,0.66484,0.39167,0.66797,0.32778,0.65312,0.30000,0.63438,0.29722,0.68203,0.40278,0.69219,0.33611,0.67812,0.30972,0.66016,0.30833,0.69688,0.42778,0.70391,0.37222,0.69375,0.34306,0.67812,0.33472,0.63504,0.76082,0.9998,0.74001,1.00000,0.8777,0.67609,0.58823,0.9951,0.68751,0.68798,0.65469,0.58056,115.47,0.9865,live,0.1086,0.1113,79.65,715.83
156474.062705,100.0,0.8992,4,4,0,0.65156,0.55000,0.62031,0.50000,0.60781,0.42917,0.60703,0.37083,0.61406,0.32500,0.63828,0.36806,0.63594,0.31667,0.62422,0.29028,0.61094,0.27778,0.65781,0.36389,0.66094,0.29722,0.64609,0.26944,0.62656,0.26944,0.67422,0.37361,0.68437,0.30417,0.66953,0.27778,0.65078,0.27917,0.68906,0.39583,0.69609,0.34028,0.68516,0.31111,0.66875,0.30139,0.63405,0.75915,0.9998,0.73975,1.00000,0.8815,0.67426,0.56569,0.9953,0.68032,0.66038,0.65156,0.55000,113.82,0.9795,live,0.1145,0.1413,100.62,711.88
156474.129596,100.0,0.0107,4,1,1,0.64922,0.53750,0.61875,0.49028,0.60547,0.41944,0.60469,0.36389,0.61172,0.31806,0.63594,0.35556,0.63125,0.30556,0.61953,0.28056,0.60469,0.26667,0.65391,0.35139,0.65547,0.28611,0.63984,0.25972,0.62031,0.25694,0.66953,0.35972,0.67812,0.29167,0.66406,0.26528,0.64531,0.26389,0.68437,0.37917,0.68906,0.32639,0.67891,0.29444,0.66328,0.28056,0.63422,0.75576,0.9998,0.73926,1.00000,0.8828,0.67124,0.55122,0.9955,0.67410,0.63580,0.64922,0.53750,113.27,0.9785,live,0.1240,0.1670,118.27,708.01
156474.195906,100.0,0.1212,4,1,1,0.64844,0.53889,0.61875,0.49583,0.60625,0.42361,0.60547,0.36667,0.61016,0.32083,0.63516,0.36250,0.63203,0.31111,0.61953,0.28472,0.60469,0.27500,0.65312,0.35694,0.65547,0.29167,0.64062,0.26528,0.62109,0.26528,0.66953,0.36528,0.67812,0.29861,0.66328,0.26944,0.64375,0.26806,0.68516,0.38472,0.68984,0.33194,0.67969,0.30139,0.66406,0.29167,0.63433,0.75567,0.9998,0.74140,1.00000,0.8847,0.66921,0.54480,0.9957,0.66897,0.61642,0.64844,0.53889,111.45,0.9852,live,0.1359,0.1900,133.61,703.29
156474.262434,100.0,0.2321,4,1,1,0.65078,0.56528,0.62109,0.51944,0.61016,0.44583,0.60859,0.39028,0.61406,0.34861,0.64062,0.38333,0.63750,0.33194,0.62344,0.30556,0.60859,0.29444,0.65859,0.37917,0.65938,0.31389,0.64297,0.28750,0.62266,0.28750,0.67500,0.38889,0.68281,0.31944,0.66563,0.29028,0.64453,0.28750,0.68984,0.41111,0.69531,0.35417,0.68281,0.32361,0.66563,0.31111,0.63329,0.75657,0.9998,0.74033,1.00000,0.8886,0.67092,0.55672,0.9960,0.66533,0.60619,0.65078,0.56528,113.46,0.9896,live,0.1457,0.1906,133.52,700.59
156474.329886,100.0,0.3445,4,1,1,0.65391,0.60139,0.62891,0.55139,0.61875,0.48194,0.61719,0.42639,0.62422,0.38194,0.64922,0.41806,0.64766,0.36389,0.63438,0.33889,0.61875,0.32778,0.66719,0.41528,0.67109,0.34861,0.65625,0.32222,0.63594,0.32222,0.68359,0.42639,0.69375,0.35694,0.67969,0.33056,0.66016,0.33056,0.69922,0.45139,0.70625,0.39583,0.69609,0.36528,0.67969,0.35556,0.63341,0.75820,0.9998,0.74156,1.00000,0.8941,0.67189,0.57852,0.9962,0.66305,0.60523,0.65391,0.60139,114.54,0.9886,live,0.1516,0.1785,124.79,698.98
156474.396029,100.0,0.4547,4,1,1,0.66094,0.64722,0.63672,0.59861,0.62813,0.53056,0.62891,0.47778,0.63516,0.43889,0.66172,0.46528,0.66016,0.41111,0.64687,0.38889,0.63125,0.38333,0.67969,0.46389,0.68516,0.39722,0.67031,0.37083,0.65234,0.37083,0.69688,0.47917,0.71016,0.40972,0.69531,0.38194,0.67656,0.38194,0.71172,0.50833,0.72031,0.45139,0.70859,0.42361,0.69219,0.41806,0.63401,0.75849,0.9998,0.74137,1.00000,0.8980,0.67541,0.64336,0.9965,0.66262,0.61363,0.66094,0.64722,113.89,0.9890,live,0.1566,0.1794,125.06,697.10
156474.462556,100.0,0.5656,4,1,1,0.67031,0.69861,0.64609,0.65139,0.63672,0.58333,0.63750,0.53194,0.64922,0.49444,0.67422,0.51528,0.67422,0.46111,0.65938,0.43889,0.64375,0.43750,0.69297,0.51667,0.70156,0.44861,0.68516,0.42778,0.66563,0.43611,0.71016,0.53472,0.72656,0.46389,0.71016,0.44167,0.69219,0.45000,0.72500,0.56667,0.73750,0.50972,0.72500,0.48472,0.70781,0.48472,0.63386,0.75890,0.9998,0.74713,1.00000,0.9021,0.68599,0.70919,0.9966,0.66416,0.63063,0.67031,0.69861,114.77,0.9911,live,0.1516,0.1287,89.56,696.08
156474.530018,100.0,0.6781,4,1,1,0.68047,0.74028,0.65781,0.68889,0.64844,0.62500,0.64844,0.57639,0.66328,0.53889,0.68594,0.55694,0.68828,0.50139,0.67344,0.48194,0.65781,0.48194,0.70547,0.55972,0.71953,0.48750,0.70234,0.47222,0.68437,0.48333,0.72344,0.58056,0.74297,0.50972,0.72656,0.49444,0.70937,0.50972,0.73828,0.61667,0.75391,0.56111,0.74062,0.53889,0.72344,0.54306,0.63622,0.76210,0.9998,0.74465,1.00000,0.9011,0.70395,0.75735,0.9966,0.66742,0.65256,0.68047,0.74028,115.36,0.9897,live,0.1418,0.0971,67.56,695.61
156474.596266,100.0,0.7885,4,1,1,0.68750,0.76250,0.66563,0.70972,0.65703,0.64444,0.65781,0.59444,0.67422,0.55556,0.69531,0.57361,0.70234,0.51667,0.68750,0.50000,0.67266,0.50417,0.71562,0.57917,0.73125,0.50694,0.71406,0.49167,0.69609,0.50417,0.73281,0.60139,0.75391,0.53194,0.73750,0.51667,0.72031,0.53194,0.74844,0.64028,0.76328,0.58194,0.75000,0.56250,0.73281,0.56944,0.63613,0.76242,0.9998,0.75354,1.00000,0.9050,0.70658,0.77325,0.9968,0.67144,0.67455,0.68750,0.76250,118.50,0.9934,live,0.1337,0.0969,67.56,697.46
156474.662997,100.0,0.8997,4,1,1,0.69297,0.76806,0.67109,0.71389,0.66328,0.64861,0.66641,0.60139,0.67969,0.56111,0.70078,0.58056,0.70781,0.52639,0.69609,0.50556,0.68281,0.50833,0.72188,0.58611,0.73906,0.51250,0.72344,0.49583,0.70547,0.51250,0.74062,0.60694,0.76172,0.53750,0.74687,0.52361,0.72969,0.54028,0.75625,0.64583,0.77109,0.58889,0.75938,0.57083,0.74297,0.58056,0.63601,0.76890,0.9998,0.74840,1.00000,0.9060,0.71071,0.77684,0.9967,0.67574,0.69325,0.69297,0.76806,119.06,0.9953,live,0.1265,0.0937,65.56,699.49
156474.729753,100.0,0.0109,4,2,0,0.69531,0.76528,0.67344,0.71250,0.66641,0.64722,0.67031,0.60000,0.68437,0.55972,0.70781,0.57361,0.71719,0.51667,0.70156,0.50139,0.68594,0.50972,0.72734,0.58194,0.74531,0.50694,0.72813,0.49306,0.70859,0.51111,0.74531,0.60556,0.76953,0.53611,0.75313,0.51944,0.73516,0.53472,0.76016,0.64444,0.77734,0.58750,0.76562,0.56944,0.74766,0.57500,0.63578,0.76901,0.9998,0.76167,1.00000,0.9041,0.71635,0.77837,0.9968,0.67966,0.70765,0.69531,0.76528,120.40,0.9951,live,0.1265,0.1095,76.90,702.24
156474.796396,100.0,0.1220,4,2,0,0.69688,0.76111,0.67500,0.70833,0.66875,0.64167,0.67266,0.59444,0.68750,0.55417,0.71016,0.57083,0.71953,0.51389,0.70469,0.49722,0.68906,0.50417,0.73047,0.57778,0.74844,0.50417,0.73125,0.48889,0.71250,0.50694,0.74766,0.60000,0.77187,0.53194,0.75625,0.51528,0.73828,0.52917,0.76172,0.63889,0.77891,0.58194,0.76641,0.56111,0.74844,0.56667,0.63228,0.76913,0.9998,0.76142,1.00000,0.9012,0.71749,0.77308,0.9965,0.68310,0.71834,0.69688,0.76111,120.01,0.9926,live,0.1265,0.1215,85.56,704.38
156474.862891,100.0,0.2328,4,2,0,0.69453,0.75833,0.67344,0.70278,0.66641,0.63611,0.66953,0.58611,0.68672,0.54861,0.70625,0.56667,0.71562,0.50972,0.70234,0.49167,0.68750,0.49861,0.72734,0.57361,0.74453,0.50000,0.72891,0.48333,0.70937,0.50139,0.74531,0.59722,0.76797,0.52778,0.75391,0.50833,0.73672,0.52222,0.75938,0.63472,0.77578,0.57917,0.76484,0.55694,0.74609,0.56111,0.63146,0.77238,0.9998,0.76160,1.00000,0.8993,0.71701,0.77233,0.9964,0.68539,0.72634,0.69453,0.75833,120.95,0.9930,live,0.1265,0.1301,91.94,706.93
156474.929921,100.0,0.3446,4,2,0,0.68516,0.75139,0.66406,0.69722,0.65625,0.63194,0.66094,0.58333,0.67656,0.54444,0.69688,0.56667,0.70625,0.50556,0.69141,0.48750,0.67656,0.49444,0.71719,0.57222,0.73203,0.49722,0.71328,0.48056,0.69453,0.49722,0.73438,0.59444,0.75625,0.52083,0.73906,0.50417,0.72109,0.51944,0.75000,0.62917,0.76484,0.57083,0.75156,0.55278,0.73359,0.56389,0.63176,0.76950,0.9998,0.76125,1.00000,0.8974,0.71627,0.77493,0.9962,0.68534,0.73135,0.68516,0.75139,117.93,0.9906,live,0.1265,0.1268,89.63,707.01
156474.996488,100.0,0.4555,4,2,0,0.66875,0.74861,0.64844,0.69167,0.63906,0.62778,0.64141,0.58056,0.65391,0.54444,0.67891,0.56389,0.68750,0.50417,0.66875,0.49028,0.65156,0.49722,0.69844,0.57222,0.71328,0.49722,0.69141,0.48472,0.67344,0.49861,0.71484,0.59306,0.73438,0.52222,0.71562,0.50833,0.69766,0.52222,0.72969,0.62778,0.74453,0.57222,0.73203,0.55000,0.71562,0.55139,0.63144,0.76947,0.9998,0.75973,1.00000,0.8956,0.71121,0.77395,0.9960,0.68202,0.73480,0.66875,0.74861,115.67,0.9843,live,0.1265,0.1131,79.78,705.45
156475.062836,100.0,0.5661,4,2,0,0.64844,0.74861,0.62656,0.69444,0.61562,0.63333,0.61641,0.58611,0.62656,0.55000,0.65234,0.56250,0.65859,0.50278,0.63672,0.49167,0.62031,0.50000,0.67109,0.56944,0.68359,0.49306,0.65859,0.48333,0.64141,0.50000,0.68750,0.58889,0.70547,0.51528,0.68359,0.50417,0.66641,0.51944,0.70312,0.62361,0.71562,0.56667,0.69922,0.54861,0.68359,0.55278,0.63061,0.76939,0.9998,0.74703,1.00000,0.8928,0.68852,0.76598,0.9961,0.67531,0.73757,0.64844,0.74861,114.71,0.9878,live,0.1205,0.0930,65.38,703.38
156475.129950,100.0,0.6779,4,2,0,0.62734,0.75278,0.60469,0.69722,0.59453,0.63611,0.59141,0.59306,0.59609,0.55556,0.62578,0.56667,0.63047,0.50278,0.60781,0.49722,0.58906,0.50833,0.64453,0.57500,0.65234,0.49444,0.62734,0.49167,0.61016,0.50972,0.66094,0.59444,0.67422,0.51806,0.65234,0.51111,0.63438,0.52500,0.67578,0.62639,0.68516,0.56944,0.66953,0.55139,0.65312,0.55139,0.63130,0.75873,0.9998,0.72701,1.00000,0.8968,0.66166,0.76113,0.9962,0.66571,0.74061,0.62734,0.75278,112.78,0.9888,live,0.1205,0.0974,68.22,700.18
156475.196870,100.0,0.7895,4,2,0,0.61484,0.75278,0.59062,0.70417,0.57656,0.64167,0.57031,0.59583,0.57344,0.55417,0.60703,0.56944,0.61016,0.50278,0.58672,0.49861,0.56797,0.50972,0.62500,0.57639,0.63125,0.49306,0.60469,0.49167,0.58672,0.51111,0.64141,0.59444,0.65234,0.51528,0.62734,0.51111,0.60781,0.52500,0.65625,0.62639,0.66016,0.56667,0.64141,0.55139,0.62500,0.55278,0.62978,0.75894,0.9998,0.72535,1.00000,0.9019,0.63927,0.75988,0.9963,0.65554,0.74304,0.61484,0.75278,110.13,0.9904,live,0.1123,0.0753,52.39,695.45
156475.263018,100.0,0.8997,4,2,0,0.60625,0.75000,0.58203,0.70417,0.56719,0.64167,0.56016,0.59583,0.56016,0.55139,0.59609,0.56944,0.59609,0.49861,0.57266,0.49444,0.55547,0.50694,0.61406,0.57500,0.61953,0.48889,0.59141,0.48889,0.57266,0.51111,0.63047,0.59306,0.64062,0.51250,0.61250,0.50833,0.59297,0.52639,0.64531,0.62361,0.64766,0.56250,0.62734,0.54861,0.61016,0.55278,0.62817,0.75831,0.9998,0.72037,1.00000,0.9019,0.62915,0.75867,0.9965,0.64568,0.74443,0.60625,0.75000,108.74,0.9928,live,0.1071,0.0830,57.31,690.29
156475.330129,100.0,0.0116,4,3,0,0.60547,0.74861,0.58047,0.70139,0.56641,0.63750,0.55859,0.59306,0.55859,0.55000,0.59453,0.56528,0.59453,0.49583,0.57109,0.49306,0.55312,0.50833,0.61328,0.57083,0.61797,0.48611,0.59062,0.48750,0.57188,0.50972,0.62969,0.59028,0.64062,0.50972,0.61406,0.50556,0.59531,0.52083,0.64375,0.62222,0.64687,0.56111,0.62734,0.54583,0.61016,0.54722,0.62820,0.75850,0.9998,0.71593,1.00000,0.9049,0.62493,0.74789,0.9966,0.63764,0.74527,0.60547,0.74861,109.91,0.9937,live,0.1071,0.0934,64.12,686.59
156475.396694,100.0,0.1225,4,3,0,0.60859,0.74861,0.58359,0.70000,0.56953,0.63611,0.56328,0.59028,0.56406,0.54861,0.60000,0.56528,0.60000,0.49722,0.57656,0.49306,0.55859,0.50417,0.61719,0.57083,0.62266,0.48611,0.59531,0.48472,0.57656,0.50556,0.63359,0.58889,0.64375,0.50972,0.61719,0.50694,0.59844,0.52361,0.64844,0.61944,0.65156,0.55833,0.63125,0.54444,0.61484,0.54722,0.62770,0.75770,0.9998,0.71687,1.00000,0.9086,0.62838,0.73955,0.9968,0.63183,0.74594,0.60859,0.74861,110.06,0.9930,live,0.1071,0.1024,69.99,683.44
156475.463385,100.0,0.2337,4,3,0,0.61719,0.75139,0.59219,0.70278,0.57891,0.64028,0.57344,0.59583,0.57422,0.55417,0.60859,0.56806,0.60938,0.50139,0.58594,0.49444,0.56797,0.50556,0.62656,0.57500,0.63281,0.48889,0.60625,0.48611,0.58750,0.50417,0.64297,0.59167,0.65469,0.51250,0.62969,0.50556,0.61016,0.52083,0.65859,0.62361,0.66328,0.56111,0.64453,0.54583,0.62734,0.54722,0.62793,0.75831,0.9998,0.71627,1.00000,0.9123,0.63094,0.73939,0.9969,0.62890,0.74703,0.61719,0.75139,110.42,0.9893,live,0.1071,0.1074,73.12,680.93
156475.530247,100.0,0.3451,4,3,0,0.63047,0.75139,0.60703,0.70139,0.59531,0.63889,0.58906,0.59444,0.59453,0.55694,0.62500,0.56944,0.62813,0.50694,0.60703,0.49861,0.58906,0.50833,0.64297,0.57500,0.65156,0.49583,0.62656,0.49167,0.60781,0.50833,0.65938,0.59444,0.67422,0.51667,0.65156,0.50833,0.63125,0.52083,0.67422,0.62639,0.68359,0.56806,0.66719,0.55000,0.65000,0.54861,0.62610,0.75836,0.9998,0.71012,1.00000,0.9124,0.63927,0.74336,0.9970,0.62921,0.74790,0.63047,0.75139,110.09,0.9891,live,0.1071,0.1012,68.65,678.48
156475.596869,100.0,0.4561,4,3,0,0.65078,0.76111,0.62891,0.70556,0.61719,0.64444,0.61406,0.59861,0.62266,0.56111,0.65078,0.57778,0.65469,0.51806,0.63594,0.50556,0.61797,0.50972,0.66797,0.58333,0.67812,0.50694,0.65469,0.49583,0.63594,0.51250,0.68516,0.60139,0.70156,0.52639,0.67969,0.51389,0.66094,0.52778,0.70078,0.63333,0.71406,0.57500,0.69922,0.55556,0.68203,0.56111,0.62664,0.75835,0.9998,0.71305,1.00000,0.9079,0.67017,0.74301,0.9966,0.63353,0.75054,0.65078,0.76111,112.36,0.9856,live,0.1071,0.0887,60.13,677.96
156475.663289,100.0,0.5668,4,3,0,0.67266,0.76667,0.65234,0.71250,0.64297,0.65000,0.64453,0.60556,0.65703,0.56944,0.68125,0.57917,0.68984,0.52083,0.67500,0.50694,0.65781,0.51389,0.70000,0.58611,0.71328,0.51528,0.69375,0.50139,0.67422,0.51667,0.71719,0.60694,0.73750,0.53750,0.71953,0.52083,0.70156,0.53472,0.73359,0.64306,0.74844,0.58750,0.73516,0.56944,0.71797,0.57639,0.62950,0.76134,0.9998,0.73547,1.00000,0.9045,0.69818,0.76154,0.9964,0.64135,0.75377,0.67266,0.76667,117.42,0.9912,live,0.1005,0.0706,48.06,681.15
156475.731497,100.0,0.6805,4,3,0,0.69609,0.77083,0.67656,0.71389,0.67109,0.65000,0.67891,0.60278,0.69531,0.56806,0.71250,0.58194,0.72500,0.52778,0.71250,0.51250,0.69609,0.51667,0.73281,0.59028,0.75156,0.52222,0.73438,0.50694,0.71484,0.52222,0.75000,0.61250,0.77344,0.54861,0.75781,0.53194,0.74141,0.54722,0.76641,0.64861,0.78438,0.59583,0.77266,0.57778,0.75469,0.58611,0.62950,0.76848,0.9998,0.74772,1.00000,0.8964,0.72173,0.76307,0.9960,0.65230,0.75718,0.69609,0.77083,121.44,0.9929,live,0.0917,0.0518,35.58,686.85
156475.797222,100.0,0.7901,4,3,0,0.71641,0.77222,0.69844,0.71528,0.69766,0.64722,0.70781,0.60139,0.72500,0.56806,0.74141,0.58889,0.75625,0.53333,0.74375,0.51389,0.72891,0.51806,0.76094,0.59722,0.78359,0.52778,0.76641,0.50972,0.74766,0.52500,0.77812,0.61944,0.80547,0.55417,0.78984,0.53611,0.77266,0.55139,0.79297,0.65556,0.81563,0.60278,0.80391,0.58194,0.78594,0.59028,0.63002,0.77446,0.9998,0.75019,1.00000,0.8874,0.73965,0.76532,0.9956,0.66512,0.76019,0.71641,0.77222,121.20,0.9905,live,0.0917,0.0690,47.73,691.69
156475.863485,100.0,0.9005,4,3,0,0.73359,0.77361,0.71562,0.71111,0.71641,0.64167,0.73125,0.59583,0.75156,0.56389,0.76172,0.59028,0.77422,0.54028,0.76719,0.51806,0.75625,0.51806,0.78203,0.59861,0.80547,0.53611,0.79531,0.51250,0.77812,0.52361,0.80000,0.62222,0.82734,0.56111,0.81875,0.53889,0.80312,0.55278,0.81328,0.65833,0.83594,0.60833,0.82969,0.58333,0.81484,0.58750,0.63079,0.77840,0.9998,0.74849,1.00000,0.8829,0.75065,0.77568,0.9953,0.67882,0.76287,0.73359,0.77361,122.74,0.9903,live,0.0917,0.0934,65.14,697.06
156475.930365,100.0,0.0120,4,4,0,0.74297,0.77500,0.72578,0.71250,0.72656,0.64167,0.74375,0.59444,0.76719,0.56111,0.77031,0.58611,0.78281,0.53472,0.77734,0.51111,0.76641,0.51667,0.79219,0.59583,0.81406,0.53194,0.80703,0.50833,0.79063,0.52083,0.81016,0.61806,0.83750,0.55972,0.83125,0.53333,0.81641,0.54444,0.82422,0.65278,0.84609,0.60833,0.84375,0.57917,0.83047,0.57778,0.63082,0.77845,0.9998,0.74746,1.00000,0.8793,0.76142,0.77725,0.9950,0.69165,0.76530,0.74297,0.77500,126.07,0.9892,live,0.0917,0.1158,81.52,704.19
156475.997829,100.0,0.1244,4,4,0,0.74531,0.76667,0.72656,0.70417,0.72813,0.63472,0.74375,0.58750,0.76641,0.55417,0.77266,0.58056,0.78438,0.53194,0.78047,0.50833,0.76953,0.50833,0.79453,0.58889,0.81484,0.52917,0.81016,0.50417,0.79453,0.51528,0.81250,0.61250,0.83750,0.55556,0.83359,0.52917,0.82031,0.53611,0.82656,0.64861,0.84688,0.60278,0.84531,0.57361,0.83437,0.57083,0.63145,0.77889,0.9998,0.73929,1.00000,0.8781,0.76864,0.77476,0.9950,0.70238,0.76557,0.74531,0.76667,125.03,0.9901,live,0.0993,0.1339,95.00,709.70
156476.063521,100.0,0.2339,4,4,0,0.73828,0.76111,0.72031,0.69861,0.72109,0.62778,0.73594,0.58056,0.75781,0.55139,0.76719,0.57361,0.77969,0.52500,0.77266,0.50278,0.76172,0.50278,0.78750,0.58333,0.80703,0.52222,0.79766,0.49861,0.78125,0.50833,0.80469,0.60556,0.83047,0.54722,0.82344,0.52083,0.80937,0.52778,0.81797,0.64167,0.83906,0.59583,0.83594,0.56806,0.82422,0.56389,0.63146,0.77889,0.9998,0.74468,1.00000,0.8762,0.76308,0.77292,0.9949,0.70956,0.76468,0.73828,0.76111,124.36,0.9901,live,0.1076,0.1451,103.63,714.08
156476.130543,100.0,0.3456,4,4,0,0.72734,0.74861,0.70859,0.69167,0.70781,0.62083,0.71875,0.57222,0.73828,0.54583,0.75156,0.56528,0.76328,0.51250,0.75313,0.49028,0.73984,0.49444,0.77109,0.57361,0.79063,0.50833,0.77734,0.48611,0.75938,0.50139,0.78906,0.59583,0.81328,0.53194,0.80156,0.50833,0.78594,0.52222,0.80391,0.63056,0.82266,0.57778,0.81406,0.55417,0.79922,0.56250,0.62964,0.77940,0.9998,0.73847,1.00000,0.8765,0.76189,0.77042,0.9949,0.71312,0.76147,0.72734,0.74861,121.26,0.9906,live,0.1140,0.1431,102.45,715.70
156476.197092,100.0,0.4565,4,4,0,0.71016,0.73056,0.69063,0.67778,0.68594,0.60833,0.69375,0.55694,0.71172,0.52500,0.73047,0.55000,0.73984,0.49306,0.72734,0.47222,0.71406,0.47500,0.74922,0.55556,0.76562,0.48611,0.75000,0.46667,0.73203,0.47778,0.76719,0.57500,0.78828,0.50694,0.77344,0.48750,0.75703,0.50000,0.78281,0.60833,0.79844,0.55417,0.78516,0.53333,0.76719,0.53750,0.63132,0.78047,0.9998,0.73504,1.00000,0.8786,0.74122,0.75572,0.9951,0.71252,0.75528,0.71016,0.73056,118.81,0.9901,live,0.1140,0.1290,92.25,715.36
156476.263563,100.0,0.5673,4,4,0,0.69375,0.70694,0.67188,0.65278,0.66484,0.58611,0.66953,0.53611,0.68437,0.50278,0.70312,0.51806,0.71094,0.45972,0.69609,0.44167,0.68125,0.44722,0.72266,0.52222,0.73984,0.45139,0.72266,0.43194,0.70469,0.44861,0.74141,0.54167,0.76094,0.47222,0.74609,0.45139,0.72969,0.46389,0.75703,0.57500,0.77031,0.51944,0.76016,0.49444,0.74531,0.49583,0.63369,0.77940,0.9998,0.76026,1.00000,0.8783,0.72923,0.74201,0.9952,0.70877,0.74562,0.69375,0.70694,119.92,0.9904,live,0.1140,0.1106,79.16,715.86
156476.330743,100.0,0.6793,4,4,0,0.67891,0.67222,0.65469,0.61389,0.64687,0.54583,0.65000,0.49306,0.66250,0.45417,0.68125,0.48333,0.68516,0.42917,0.67344,0.40694,0.65859,0.40417,0.70078,0.48333,0.71172,0.41806,0.69922,0.39861,0.68125,0.40556,0.71875,0.50000,0.73516,0.43194,0.72344,0.40972,0.70625,0.41528,0.73438,0.53056,0.74687,0.47778,0.73828,0.45000,0.72344,0.44306,0.63461,0.77483,0.9998,0.75614,1.00000,0.8770,0.71164,0.69390,0.9952,0.70280,0.73094,0.67891,0.67222,118.80,0.9870,live,0.1140,0.1142,81.74,715.49
156476.397341,100.0,0.7903,4,4,0,0.66875,0.62639,0.64297,0.57222,0.63516,0.50000,0.63828,0.44722,0.64609,0.40694,0.66797,0.44028,0.66797,0.38889,0.65625,0.36667,0.64141,0.36111,0.68672,0.43889,0.69141,0.37361,0.67891,0.34861,0.66094,0.34722,0.70391,0.45278,0.71562,0.38333,0.70391,0.35833,0.68750,0.35833,0.71953,0.47917,0.72813,0.42361,0.72031,0.39583,0.70469,0.38611,0.63592,0.76998,0.9998,0.74206,1.00000,0.8790,0.69205,0.62542,0.9954,0.69599,0.71003,0.66875,0.62639,116.75,0.9870,live,0.1084,0.0832,59.39,713.69
156476.463619,100.0,0.9007,4,4,0,0.66563,0.58750,0.63750,0.53333,0.62813,0.45833,0.63125,0.39861,0.64297,0.35556,0.65938,0.40000,0.65859,0.34861,0.64687,0.32361,0.63281,0.31528,0.67891,0.39722,0.68047,0.33472,0.66797,0.30694,0.64922,0.30417,0.69609,0.40833,0.70547,0.34306,0.69375,0.31528,0.67578,0.31528,0.71250,0.43194,0.71875,0.37917,0.70937,0.35000,0.69453,0.34167,0.63551,0.77023,0.9998,0.74301,1.00000,0.8867,0.68359,0.58785,0.9958,0.68992,0.68552,0.66563,0.58750,118.03,0.9858,live,0.1084,0.0909,64.84,713.03
156476.530660,100.0,0.0125,4,1,1,0.66484,0.55833,0.63594,0.50278,0.62578,0.43056,0.62734,0.37083,0.63828,0.32500,0.65625,0.37361,0.65547,0.32361,0.64453,0.29861,0.63203,0.28611,0.67500,0.37083,0.67734,0.30694,0.66563,0.27917,0.64844,0.27222,0.69141,0.38194,0.70156,0.31389,0.68906,0.28472,0.67109,0.28056,0.70625,0.40417,0.71250,0.35000,0.70234,0.32083,0.68672,0.31111,0.63652,0.76377,0.9998,0.74150,1.00000,0.8875,0.67649,0.56295,0.9959,0.68490,0.66008,0.66484,0.55833,114.94,0.9775,live,0.1084,0.1184,84.10,710.22
156476.597739,100.0,0.1243,4,1,1,0.66406,0.55139,0.63594,0.50000,0.62656,0.42639,0.62813,0.36806,0.63750,0.32361,0.65703,0.36944,0.65547,0.31806,0.64375,0.29306,0.62969,0.27639,0.67500,0.36528,0.67734,0.30139,0.66484,0.27222,0.64687,0.26111,0.69063,0.37500,0.70078,0.30694,0.68750,0.27778,0.66797,0.27083,0.70469,0.39444,0.71016,0.34028,0.69844,0.31111,0.68203,0.30000,0.63214,0.76368,0.9998,0.74143,1.00000,0.8915,0.67749,0.54945,0.9962,0.68073,0.63835,0.66406,0.55139,113.51,0.9884,live,0.1145,0.1423,100.55,706.72
156476.663747,100.0,0.2343,4,1,1,0.66719,0.56111,0.63750,0.50694,0.62891,0.43194,0.63047,0.37222,0.64141,0.32778,0.65781,0.37778,0.65703,0.32639,0.64687,0.30000,0.63359,0.28472,0.67656,0.37639,0.67891,0.31389,0.66719,0.28472,0.65000,0.27083,0.69453,0.38750,0.70312,0.31944,0.69063,0.29028,0.67188,0.28056,0.70937,0.40694,0.71250,0.35278,0.70000,0.32917,0.68281,0.32361,0.63219,0.76311,0.9998,0.74213,1.00000,0.8919,0.67576,0.54664,0.9963,0.67802,0.62290,0.66719,0.56111,114.70,0.9880,live,0.1219,0.1553,109.41,704.50
156476.730709,100.0,0.3459,4,1,1,0.66797,0.58611,0.64062,0.53056,0.63359,0.45556,0.63672,0.39583,0.64609,0.35000,0.66328,0.40278,0.66250,0.35139,0.65234,0.32500,0.63906,0.30694,0.68203,0.40278,0.68437,0.34028,0.67266,0.30833,0.65547,0.29444,0.70000,0.41528,0.70937,0.34444,0.69531,0.31389,0.67656,0.30278,0.71641,0.43750,0.72109,0.37917,0.70625,0.36111,0.68594,0.36250,0.63286,0.76342,0.9998,0.74227,1.00000,0.8925,0.67636,0.55560,0.9964,0.67601,0.61554,0.66797,0.58611,115.37,0.9926,live,0.1283,0.1578,110.94,703.02
156476.797357,100.0,0.4570,4,1,1,0.67031,0.61806,0.64687,0.56806,0.63906,0.49444,0.64062,0.43750,0.65312,0.39583,0.67031,0.43750,0.67109,0.38194,0.65938,0.35556,0.64609,0.34167,0.68906,0.43889,0.69219,0.37222,0.67969,0.34444,0.66406,0.33611,0.70703,0.45556,0.71797,0.38194,0.70469,0.35694,0.68672,0.35278,0.72344,0.48333,0.72969,0.42222,0.71562,0.41111,0.69688,0.42222,0.63148,0.76349,0.9998,0.74043,1.00000,0.8994,0.68025,0.59102,0.9967,0.67487,0.61604,0.67031,0.61806,113.81,0.9944,live,0.1283,0.1473,103.22,700.61
156476.864245,100.0,0.5684,4,1,1,0.67578,0.66389,0.65156,0.61528,0.64375,0.54583,0.64609,0.49444,0.65859,0.45139,0.67891,0.48056,0.68047,0.42083,0.66875,0.39722,0.65547,0.39583,0.69766,0.48611,0.70703,0.41528,0.69531,0.39306,0.68047,0.39861,0.71562,0.50833,0.72969,0.43472,0.71562,0.41806,0.69922,0.42778,0.73125,0.54306,0.74219,0.48194,0.72734,0.46944,0.70937,0.48194,0.63258,0.76355,0.9998,0.74373,1.00000,0.9044,0.68853,0.67298,0.9969,0.67505,0.62561,0.67578,0.66389,114.02,0.9952,live,0.1283,0.1295,90.45,698.63
156476.931048,100.0,0.6798,4,1,1,0.68047,0.71111,0.65703,0.66389,0.64844,0.59722,0.65078,0.54722,0.66484,0.50694,0.68594,0.52639,0.68984,0.46944,0.67656,0.45000,0.66172,0.45000,0.70547,0.53333,0.71719,0.45972,0.70312,0.44583,0.68750,0.45972,0.72422,0.55556,0.73984,0.48194,0.72422,0.47361,0.70781,0.49028,0.74141,0.59167,0.75469,0.53194,0.74062,0.52083,0.72344,0.53472,0.63265,0.76359,0.9998,0.75274,1.00000,0.9015,0.70218,0.72741,0.9967,0.67614,0.64271,0.68047,0.71111,116.59,0.9947,live,0.1283,0.1048,73.20,698.74
156476.997321,100.0,0.7902,4,1,1,0.68594,0.75000,0.66328,0.70000,0.65391,0.63472,0.65625,0.58750,0.66953,0.54583,0.69219,0.55972,0.69922,0.50417,0.68359,0.48889,0.66797,0.49167,0.71328,0.56806,0.72578,0.49444,0.70781,0.48750,0.68984,0.50417,0.73203,0.59306,0.75156,0.52083,0.73438,0.51528,0.71719,0.53472,0.74922,0.63056,0.76641,0.57361,0.75234,0.56250,0.73594,0.57500,0.63199,0.76739,0.9998,0.75873,1.00000,0.9018,0.70859,0.75225,0.9966,0.67810,0.66417,0.68594,0.75000,120.00,0.9957,live,0.1283,0.1044,73.20,701.30
156477.064189,100.0,0.9017,4,1,1,0.68828,0.76944,0.66641,0.71528,0.65859,0.65278,0.66094,0.60694,0.67500,0.56528,0.69609,0.58056,0.70625,0.51944,0.68984,0.50694,0.67422,0.51806,0.71797,0.58889,0.73281,0.50972,0.71406,0.50556,0.69688,0.52917,0.73672,0.61250,0.75781,0.53750,0.74062,0.53194,0.72422,0.55694,0.75469,0.65278,0.77266,0.59583,0.76016,0.58194,0.74453,0.59583,0.63113,0.76772,0.9998,0.75517,1.00000,0.8961,0.70843,0.76834,0.9962,0.68013,0.68522,0.68828,0.76944,120.64,0.9959,live,0.1185,0.0736,51.79,704.00
156477.130934,100.0,0.0129,4,2,0,0.69219,0.77500,0.66875,0.72083,0.66094,0.65417,0.66406,0.60694,0.67891,0.56528,0.69922,0.58333,0.71094,0.52222,0.69609,0.50833,0.68125,0.52222,0.72109,0.59306,0.73906,0.51111,0.72188,0.50556,0.70469,0.53194,0.74062,0.61667,0.76406,0.54306,0.74844,0.53472,0.73125,0.56250,0.75781,0.65833,0.77734,0.60139,0.76719,0.58750,0.75000,0.60139,0.62962,0.77130,0.9998,0.75489,1.00000,0.8924,0.71151,0.76915,0.9958,0.68254,0.70318,0.69219,0.77500,121.41,0.9951,live,0.1134,0.0903,63.86,706.94
156477.197334,100.0,0.1236,4,2,0,0.69219,0.77083,0.66953,0.71806,0.66172,0.65278,0.66406,0.60556,0.67969,0.56111,0.69922,0.57639,0.71094,0.51667,0.69531,0.50417,0.67969,0.51806,0.72188,0.58611,0.73906,0.50694,0.72109,0.50278,0.70312,0.52778,0.74141,0.61111,0.76484,0.53611,0.74922,0.53056,0.73281,0.55694,0.75938,0.65278,0.77812,0.59444,0.76641,0.58194,0.74922,0.59583,0.62960,0.77136,0.9998,0.75459,1.00000,0.8911,0.71442,0.76506,0.9958,0.68447,0.71671,0.69219,0.77083,123.54,0.9953,live,0.1134,0.1039,73.87,711.05
156477.263810,100.0,0.2344,4,2,0,0.69063,0.76250,0.66875,0.70972,0.66016,0.64444,0.66250,0.59722,0.67891,0.55417,0.69766,0.56944,0.70859,0.50972,0.69375,0.49722,0.67734,0.50972,0.72031,0.57917,0.73672,0.50000,0.71953,0.49444,0.70078,0.51806,0.73984,0.60278,0.76250,0.53056,0.74766,0.52222,0.73047,0.54583,0.75703,0.64444,0.77656,0.58750,0.76562,0.57222,0.74766,0.58472,0.63018,0.77162,0.9998,0.73521,1.00000,0.8927,0.71414,0.76345,0.9959,0.68570,0.72587,0.69063,0.76250,122.52,0.9957,live,0.1134,0.1129,80.64,713.94
156477.331160,100.0,0.3466,4,2,0,0.68437,0.75833,0.66250,0.70278,0.65469,0.63750,0.65703,0.59028,0.67188,0.54861,0.69219,0.56250,0.70078,0.50417,0.68672,0.49167,0.67109,0.50139,0.71484,0.57222,0.72969,0.49583,0.71016,0.49028,0.69063,0.51111,0.73516,0.59583,0.75547,0.52500,0.73906,0.51389,0.72109,0.53472,0.75234,0.63611,0.77187,0.58056,0.76094,0.56389,0.74219,0.57500,0.63228,0.77399,0.9998,0.73381,1.00000,0.8933,0.71160,0.76950,0.9959,0.68544,0.73236,0.68437,0.75833,124.53,0.9948,live,0.1134,0.1182,84.89,717.93
156477.397068,100.0,0.4565,4,2,0,0.67266,0.75278,0.65078,0.69722,0.64219,0.63333,0.64375,0.58611,0.65625,0.54583,0.68047,0.56111,0.68906,0.50278,0.67266,0.48889,0.65547,0.49444,0.70156,0.57083,0.71484,0.49583,0.69453,0.48889,0.67656,0.50694,0.72109,0.59444,0.74141,0.52222,0.72344,0.51389,0.70625,0.53194,0.73906,0.63194,0.75703,0.57639,0.74609,0.56111,0.72891,0.56806,0.63254,0.77196,0.9998,0.74059,1.00000,0.8882,0.70952,0.76792,0.9958,0.68288,0.73644,0.67266,0.75278,121.70,0.9936,live,0.1134,0.1220,87.79,719.41
156477.463885,100.0,0.5678,4,2,0,0.65469,0.75000,0.63203,0.69722,0.61953,0.63472,0.62031,0.58750,0.63047,0.54444,0.65625,0.55972,0.66172,0.49861,0.64219,0.48611,0.62500,0.49167,0.67656,0.56667,0.68672,0.48889,0.66484,0.48611,0.64766,0.50556,0.69609,0.58889,0.71250,0.51389,0.69297,0.51111,0.67656,0.53333,0.71562,0.62500,0.73203,0.56667,0.71641,0.55556,0.69922,0.56806,0.63028,0.77208,0.9998,0.74216,1.00000,0.8872,0.68986,0.76032,0.9957,0.67724,0.73916,0.65469,0.75000,120.10,0.9940,live,0.1134,0.1152,82.88,719.55
156477.531499,100.0,0.6805,4,2,0,0.63438,0.74444,0.61016,0.69306,0.59766,0.63056,0.59531,0.58333,0.60000,0.54167,0.62891,0.55556,0.63281,0.49028,0.61172,0.48333,0.59531,0.49028,0.64922,0.56389,0.65547,0.48194,0.63203,0.48333,0.61562,0.50278,0.66875,0.58472,0.68125,0.50694,0.65938,0.50694,0.64297,0.52639,0.68828,0.61806,0.69766,0.55833,0.68047,0.55139,0.66484,0.56250,0.62866,0.76792,0.9998,0.72756,1.00000,0.8861,0.66758,0.74313,0.9958,0.66867,0.74021,0.63438,0.74444,117.52,0.9943,live,0.1078,0.0821,58.93,717.82
156477.598299,100.0,0.7919,4,2,0,0.61562,0.73056,0.59062,0.68472,0.57578,0.62083,0.56875,0.57361,0.57031,0.52917,0.60547,0.54167,0.60391,0.47222,0.58125,0.46667,0.56172,0.47639,0.62422,0.55139,0.62813,0.46667,0.60313,0.46667,0.58437,0.48472,0.64297,0.57500,0.65312,0.49444,0.62969,0.49167,0.61094,0.50694,0.66172,0.60972,0.66875,0.54722,0.64922,0.54028,0.63125,0.55000,0.62780,0.76793,0.9998,0.71917,1.00000,0.8898,0.64256,0.72913,0.9960,0.65806,0.73828,0.61562,0.73056,114.57,0.9959,live,0.1018,0.0743,53.10,714.18
156477.664412,100.0,0.9020,4,2,0,0.60313,0.71111,0.57656,0.66806,0.56094,0.60417,0.55312,0.55833,0.55156,0.51250,0.58828,0.52639,0.58828,0.45417,0.56797,0.44583,0.54922,0.45278,0.60625,0.53611,0.61172,0.45000,0.58750,0.44444,0.56797,0.45833,0.62422,0.55556,0.63281,0.47500,0.60859,0.47083,0.58906,0.48194,0.64141,0.58889,0.64375,0.52778,0.62500,0.51806,0.60703,0.52361,0.62875,0.77948,0.9998,0.71665,1.00000,0.8947,0.62548,0.70649,0.9962,0.64707,0.73285,0.60313,0.71111,110.67,0.9961,live,0.1018,0.0793,56.18,708.16
156477.731453,100.0,0.0138,4,3,0,0.59609,0.69444,0.56719,0.64861,0.55234,0.58472,0.54688,0.53750,0.54297,0.49167,0.58203,0.51250,0.57812,0.44722,0.55937,0.43056,0.53984,0.42639,0.59922,0.51806,0.60156,0.43750,0.57812,0.42500,0.55625,0.43194,0.61562,0.53611,0.62344,0.45972,0.59844,0.44722,0.57734,0.45278,0.63125,0.56806,0.63203,0.50972,0.61250,0.49583,0.59375,0.49861,0.62824,0.78227,0.9998,0.71693,1.00000,0.8997,0.61700,0.67770,0.9964,0.63688,0.72517,0.59609,0.69444,108.86,0.9950,live,0.1018,0.0923,64.75,701.56
156477.797958,100.0,0.1246,4,3,0,0.59531,0.68750,0.56641,0.64167,0.55156,0.57361,0.54531,0.52639,0.54297,0.47917,0.58047,0.50417,0.57656,0.44028,0.55859,0.42361,0.53984,0.42083,0.59844,0.50972,0.59844,0.43333,0.57578,0.41944,0.55391,0.42361,0.61484,0.52917,0.62109,0.45417,0.59844,0.43750,0.57734,0.44028,0.63125,0.56250,0.63203,0.50417,0.61484,0.48333,0.59688,0.47917,0.62899,0.78678,0.9998,0.71676,1.00000,0.9031,0.61366,0.67441,0.9966,0.62856,0.71763,0.59531,0.68750,109.97,0.9947,live,0.1018,0.1076,74.92,696.55
156477.864618,100.0,0.2357,4,3,0,0.60156,0.69167,0.57266,0.64444,0.55625,0.57778,0.55078,0.52917,0.54922,0.48194,0.58672,0.50694,0.58281,0.44722,0.56406,0.43056,0.54531,0.42917,0.60469,0.51250,0.60547,0.43750,0.58281,0.42222,0.56094,0.42639,0.62187,0.53194,0.62969,0.45694,0.60781,0.44167,0.58594,0.44306,0.63828,0.56389,0.64062,0.50694,0.62422,0.48750,0.60703,0.48194,0.62821,0.78350,0.9998,0.71558,1.00000,0.9072,0.61807,0.67484,0.9967,0.62316,0.71244,0.60156,0.69167,111.11,0.9960,live,0.1018,0.1186,82.18,692.96
156477.931368,100.0,0.3470,4,3,0,0.61250,0.70278,0.58516,0.65278,0.56953,0.58750,0.56484,0.54028,0.56641,0.49444,0.60234,0.51667,0.59922,0.46111,0.58281,0.44583,0.56406,0.44306,0.62031,0.52222,0.62266,0.45139,0.60313,0.43611,0.58281,0.43889,0.63750,0.54444,0.64609,0.46944,0.62734,0.45278,0.60703,0.45417,0.65234,0.57917,0.65703,0.52361,0.64297,0.50000,0.62656,0.49306,0.62832,0.78138,0.9998,0.71679,1.00000,0.9056,0.62371,0.68207,0.9966,0.62103,0.71051,0.61250,0.70278,111.46,0.9963,live,0.1018,0.1188,82.01,690.05
156477.998002,100.0,0.4580,4,3,0,0.62969,0.72917,0.60469,0.67361,0.59297,0.60833,0.58984,0.56250,0.59141,0.51806,0.62734,0.54306,0.62734,0.48750,0.61250,0.46944,0.59453,0.46667,0.64609,0.55000,0.65156,0.48056,0.63438,0.45833,0.61484,0.45556,0.66328,0.57222,0.67578,0.50139,0.65938,0.47917,0.63984,0.47500,0.67812,0.60972,0.68516,0.55278,0.67422,0.52500,0.65859,0.51250,0.62810,0.77445,0.9998,0.71909,1.00000,0.9051,0.64770,0.69176,0.9966,0.62276,0.71424,0.62969,0.72917,112.89,0.9913,live,0.1018,0.1090,75.06,688.53
156478.064669,100.0,0.5691,4,3,0,0.65859,0.74583,0.63594,0.68889,0.62344,0.62500,0.62187,0.57778,0.62969,0.53750,0.66094,0.55833,0.66250,0.50972,0.65078,0.48889,0.63672,0.48611,0.68125,0.56111,0.69141,0.49583,0.67734,0.47222,0.65859,0.47361,0.69922,0.58333,0.71562,0.51528,0.70000,0.49306,0.68203,0.49444,0.71406,0.61944,0.72344,0.56806,0.71172,0.54722,0.69531,0.54444,0.62688,0.77462,0.9998,0.74278,1.00000,0.9042,0.68137,0.73746,0.9965,0.62993,0.72056,0.65859,0.74583,116.89,0.9899,live,0.1018,0.0936,64.62,690.07
156478.131541,100.0,0.6806,4,3,0,0.68828,0.75694,0.66484,0.69861,0.65391,0.63472,0.65938,0.58750,0.67344,0.55000,0.70000,0.56528,0.70469,0.51528,0.70000,0.49306,0.68984,0.49306,0.72344,0.57083,0.74062,0.51111,0.73359,0.48194,0.71719,0.48333,0.74219,0.59583,0.76094,0.53750,0.75313,0.51250,0.73750,0.51250,0.75625,0.63750,0.76875,0.59583,0.76328,0.57083,0.75078,0.56111,0.62700,0.77486,0.9998,0.76312,1.00000,0.8994,0.71240,0.74852,0.9965,0.64160,0.72784,0.68828,0.75694,122.83,0.9817,live,0.0968,0.0739,51.44,695.69
156478.198255,100.0,0.7918,4,3,0,0.71797,0.76528,0.69609,0.70278,0.68906,0.63889,0.69922,0.58889,0.71562,0.55278,0.73750,0.56667,0.74453,0.52083,0.74531,0.50000,0.74453,0.49861,0.76250,0.57500,0.77891,0.52083,0.78125,0.49167,0.77656,0.48611,0.78203,0.60139,0.80234,0.54861,0.80547,0.52083,0.79922,0.52083,0.79766,0.64167,0.81406,0.60417,0.81641,0.57778,0.80937,0.56944,0.62948,0.77466,0.9998,0.75821,1.00000,0.8913,0.73806,0.76208,0.9962,0.65687,0.73532,0.71797,0.76528,130.74,0.9796,live,0.0968,0.0728,51.44,706.35
156478.264918,100.0,0.9029,4,3,0,0.74219,0.76111,0.71875,0.69583,0.71562,0.62639,0.73281,0.57778,0.75156,0.54444,0.76328,0.56389,0.77109,0.52083,0.77422,0.50139,0.77734,0.49167,0.78984,0.57639,0.80469,0.52639,0.81250,0.50278,0.81719,0.48611,0.80937,0.60417,0.82812,0.55833,0.83828,0.53056,0.84531,0.51111,0.82500,0.64583,0.84141,0.60833,0.85000,0.58611,0.85625,0.56667,0.63221,0.77466,0.9998,0.75608,1.00000,0.8881,0.75764,0.76720,0.9961,0.67394,0.74048,0.74219,0.76111,131.02,0.9752,live,0.0968,0.0993,71.07,715.92
156478.331698,100.0,0.0142,4,4,0,0.75703,0.75278,0.73672,0.68889,0.73516,0.62083,0.75078,0.57222,0.77500,0.54444,0.78125,0.55694,0.79375,0.50139,0.79922,0.48750,0.80156,0.49167,0.80781,0.57361,0.82500,0.51944,0.83359,0.49583,0.83984,0.48194,0.82656,0.60417,0.84609,0.55556,0.85703,0.52917,0.86641,0.50972,0.84141,0.64722,0.85859,0.60972,0.86953,0.58750,0.87891,0.56528,0.63205,0.77480,0.9998,0.74561,1.00000,0.8857,0.77706,0.76202,0.9959,0.69056,0.74294,0.75703,0.75278,130.41,0.9846,live,0.1022,0.1271,92.00,723.91
156478.398476,100.0,0.1255,4,4,0,0.76016,0.75000,0.74062,0.68333,0.74141,0.61389,0.76016,0.56528,0.78281,0.53611,0.78750,0.55278,0.80000,0.50417,0.80703,0.49028,0.81172,0.48611,0.81328,0.57083,0.83047,0.51944,0.83984,0.49583,0.84688,0.47778,0.83203,0.60000,0.85156,0.55556,0.86328,0.52778,0.87344,0.50556,0.84609,0.64167,0.86406,0.60694,0.87578,0.58333,0.88516,0.55972,0.63170,0.77498,0.9998,0.74551,1.00000,0.8870,0.78236,0.75923,0.9959,0.70448,0.74435,0.76016,0.75000,131.38,0.9814,live,0.1108,0.1497,109.55,731.63
156478.464925,100.0,0.2362,4,4,0,0.76016,0.75000,0.73984,0.68611,0.73906,0.61944,0.75703,0.57083,0.78203,0.53750,0.78516,0.55556,0.79844,0.50278,0.80312,0.48750,0.80547,0.49028,0.81094,0.57222,0.82812,0.51806,0.83672,0.49583,0.83984,0.48889,0.82969,0.60139,0.85000,0.55278,0.86094,0.52500,0.86641,0.51111,0.84453,0.64306,0.86250,0.60556,0.87266,0.58056,0.87969,0.55972,0.63178,0.77638,0.9998,0.74305,1.00000,0.8842,0.78122,0.75726,0.9958,0.71561,0.74548,0.76016,0.75000,129.63,0.9847,live,0.1210,0.1677,123.65,737.17
156478.531418,100.0,0.3471,4,4,0,0.75391,0.75139,0.73203,0.68889,0.72813,0.62222,0.74453,0.57083,0.76641,0.54028,0.77422,0.56250,0.78516,0.51389,0.79141,0.49306,0.79531,0.48889,0.80078,0.57500,0.81563,0.52222,0.82344,0.49583,0.82578,0.48611,0.82109,0.60139,0.83828,0.55139,0.84844,0.52083,0.85391,0.50556,0.83672,0.63889,0.85078,0.59861,0.85859,0.57222,0.86328,0.55556,0.63173,0.77675,0.9998,0.74135,1.00000,0.8820,0.78081,0.74801,0.9957,0.72327,0.74666,0.75391,0.75139,127.35,0.9836,live,0.1310,0.1766,130.75,740.40
156478.598218,100.0,0.4584,4,4,0,0.73984,0.74167,0.71875,0.68056,0.71406,0.61667,0.72734,0.56389,0.74687,0.53194,0.76094,0.55139,0.76875,0.50278,0.77266,0.48611,0.77500,0.48056,0.78516,0.56250,0.79922,0.50972,0.80547,0.48750,0.80547,0.47917,0.80391,0.59028,0.82188,0.54028,0.82969,0.51111,0.83047,0.49722,0.81875,0.63056,0.83281,0.59444,0.83906,0.56528,0.83984,0.54444,0.63164,0.77514,0.9998,0.75821,1.00000,0.8790,0.77903,0.74507,0.9955,0.72659,0.74566,0.73984,0.74167,125.83,0.9900,live,0.1378,0.1686,125.14,742.15
156478.664570,100.0,0.5690,4,4,0,0.72266,0.72500,0.70156,0.65972,0.69609,0.59444,0.70469,0.54444,0.72188,0.50833,0.73828,0.53056,0.74219,0.49028,0.74219,0.46528,0.74219,0.44306,0.76172,0.54028,0.77109,0.48889,0.77187,0.46528,0.77109,0.44583,0.77969,0.56389,0.79297,0.51250,0.79531,0.48333,0.79375,0.46111,0.79531,0.60278,0.80469,0.55833,0.80703,0.52917,0.80547,0.50278,0.63165,0.77020,0.9998,0.76223,1.00000,0.8724,0.75778,0.74154,0.9952,0.72580,0.74153,0.72266,0.72500,125.29,0.9861,live,0.1433,0.1684,125.14,743.31
156478.731594,100.0,0.6807,4,4,0,0.70625,0.68333,0.67969,0.61667,0.67344,0.55139,0.68203,0.49722,0.69297,0.45417,0.71094,0.48611,0.71328,0.43750,0.71016,0.41111,0.70547,0.39167,0.73203,0.49167,0.73750,0.43750,0.73203,0.40833,0.72109,0.38889,0.75078,0.50972,0.75938,0.45556,0.75469,0.42361,0.74531,0.40139,0.76875,0.54444,0.77422,0.49444,0.77031,0.46250,0.76328,0.43611,0.63163,0.76572,0.9998,0.76505,1.00000,0.8730,0.73993,0.69669,0.9952,0.72189,0.72989,0.70625,0.68333,124.29,0.9828,live,0.1433,0.1211,90.04,743.60
156478.798459,100.0,0.7921,4,4,0,0.68672,0.63750,0.65938,0.56944,0.65312,0.50417,0.65781,0.45139,0.66484,0.40556,0.68672,0.43889,0.68594,0.39167,0.67969,0.36528,0.67266,0.33889,0.70703,0.44167,0.70625,0.38889,0.69922,0.36111,0.68984,0.33194,0.72422,0.45833,0.72813,0.40417,0.72266,0.37222,0.71484,0.34444,0.74297,0.48889,0.74375,0.43889,0.73906,0.40694,0.73125,0.37778,0.63150,0.76670,0.9998,0.75685,1.00000,0.8724,0.72713,0.64634,0.9953,0.71486,0.71141,0.68672,0.63750,123.96,0.9910,live,0.1349,0.0968,72.01,743.62
156478.864805,100.0,0.9027,4,4,0,0.67266,0.59306,0.64375,0.53472,0.63516,0.46389,0.63906,0.40833,0.64687,0.36250,0.66953,0.40000,0.66719,0.35278,0.66016,0.32500,0.65234,0.29861,0.68828,0.40139,0.68594,0.34722,0.67812,0.31667,0.66797,0.28750,0.70547,0.41528,0.70859,0.35556,0.70234,0.32361,0.69297,0.29444,0.72344,0.44306,0.72422,0.39306,0.71953,0.36250,0.71172,0.33333,0.63159,0.76685,0.9998,0.75336,1.00000,0.8731,0.69905,0.59134,0.9955,0.70642,0.68774,0.67266,0.59306,120.05,0.9882,live,0.1300,0.1075,79.63,740.82
156478.931565,100.0,0.0140,4,1,1,0.66641,0.56667,0.63438,0.50833,0.62500,0.43750,0.62813,0.38194,0.63516,0.33472,0.65781,0.37500,0.65547,0.32500,0.64766,0.29861,0.63906,0.27222,0.67734,0.37500,0.67422,0.31944,0.66484,0.28750,0.65312,0.25833,0.69375,0.38750,0.69531,0.32778,0.68828,0.29306,0.67812,0.26389,0.71094,0.41250,0.71094,0.35972,0.70469,0.32778,0.69609,0.29861,0.63191,0.76578,0.9998,0.74710,1.00000,0.8783,0.68069,0.54959,0.9958,0.69841,0.66353,0.66641,0.56667,118.77,0.9889,live,0.1250,0.1025,75.56,737.44
156478.998443,100.0,0.1254,4,1,1,0.66172,0.55694,0.63047,0.49583,0.62031,0.42778,0.62344,0.36944,0.63047,0.32083,0.65234,0.36528,0.64922,0.31528,0.64141,0.28750,0.63281,0.25694,0.67188,0.36250,0.66875,0.30694,0.66016,0.27639,0.64766,0.24444,0.68828,0.37361,0.68828,0.31528,0.68203,0.28194,0.67031,0.25417,0.70547,0.39861,0.70469,0.34583,0.69922,0.31389,0.68906,0.28472,0.63190,0.76518,0.9998,0.74568,0.99907,0.8778,0.67762,0.53931,0.9960,0.69107,0.64221,0.66172,0.55694,119.56,0.9883,live,0.1250,0.1196,87.87,735.03
156479.065202,100.0,0.2367,4,1,1,0.66172,0.55833,0.62891,0.50000,0.61797,0.42917,0.62109,0.37083,0.62891,0.32361,0.65078,0.37083,0.64766,0.32083,0.64062,0.29306,0.63047,0.26250,0.66953,0.36667,0.66563,0.31250,0.65703,0.27917,0.64531,0.25000,0.68594,0.37778,0.68594,0.31667,0.67969,0.28472,0.66797,0.25556,0.70312,0.40000,0.70234,0.34861,0.69688,0.31667,0.68750,0.28611,0.63027,0.76495,0.9998,0.74402,1.00000,0.8848,0.67737,0.54177,0.9963,0.68520,0.62543,0.66172,0.55833,117.50,0.9818,live,0.1250,0.1396,102.10,731.43
156479.131672,100.0,0.3475,4,1,1,0.66094,0.57361,0.63125,0.51944,0.62187,0.44861,0.62344,0.39028,0.62969,0.34167,0.65234,0.38194,0.65000,0.33333,0.64297,0.30556,0.63438,0.27778,0.67266,0.38056,0.66875,0.32778,0.66016,0.29722,0.64766,0.26806,0.69063,0.39444,0.68984,0.33750,0.68281,0.30556,0.67188,0.27778,0.70781,0.41944,0.70703,0.36806,0.70078,0.33611,0.69063,0.30972,0.63116,0.76592,0.9998,0.74397,1.00000,0.8867,0.67937,0.55116,0.9964,0.68035,0.61507,0.66094,0.57361,120.10,0.9889,live,0.1299,0.1522,111.10,730.13
156479.198338,100.0,0.4586,4,1,1,0.66250,0.60139,0.63438,0.54861,0.62578,0.47500,0.62813,0.41806,0.63516,0.37361,0.65703,0.41250,0.65547,0.36111,0.64844,0.33333,0.63984,0.30833,0.67656,0.41250,0.67500,0.35694,0.66641,0.32500,0.65391,0.29861,0.69453,0.42500,0.69688,0.36667,0.68906,0.33333,0.67812,0.30694,0.71172,0.45139,0.71328,0.40139,0.70703,0.36806,0.69766,0.34028,0.62611,0.76716,0.9998,0.74362,1.00000,0.8917,0.68110,0.55499,0.9967,0.67678,0.61233,0.66250,0.60139,118.45,0.9882,live,0.1299,0.1542,112.21,727.79
156479.265546,100.0,0.5706,4,1,1,0.66484,0.64028,0.63750,0.58472,0.63125,0.51944,0.63359,0.46667,0.63828,0.41944,0.66250,0.44861,0.66094,0.40000,0.65391,0.37222,0.64609,0.34861,0.68359,0.45139,0.68359,0.39444,0.67656,0.36806,0.66484,0.34167,0.70000,0.46667,0.70547,0.40972,0.69844,0.38056,0.68828,0.35833,0.71875,0.49861,0.72188,0.44722,0.71719,0.41667,0.70859,0.39167,0.62576,0.76935,0.9998,0.73641,1.00000,0.8963,0.68196,0.59532,0.9968,0.67439,0.61792,0.66484,0.64028,119.94,0.9944,live,0.1299,0.1434,104.21,726.82
156479.332292,100.0,0.6818,4,1,1,0.66797,0.68194,0.64297,0.62778,0.63438,0.56528,0.63516,0.51528,0.64453,0.47222,0.66875,0.49167,0.66797,0.44722,0.66094,0.42083,0.65312,0.39861,0.69141,0.49722,0.69375,0.44167,0.68594,0.41806,0.67422,0.39722,0.70937,0.51667,0.71797,0.46111,0.71172,0.43194,0.70078,0.41389,0.72656,0.55556,0.73281,0.50833,0.72969,0.47917,0.72031,0.45556,0.62831,0.76938,0.9998,0.75086,1.00000,0.8914,0.69206,0.67991,0.9968,0.67311,0.63073,0.66797,0.68194,119.60,0.9931,live,0.1299,0.1228,89.13,725.71
156479.398658,100.0,0.7925,4,1,1,0.67109,0.71806,0.64609,0.66528,0.63828,0.60556,0.63984,0.56111,0.64844,0.51806,0.67344,0.52917,0.67344,0.48750,0.66797,0.46389,0.66172,0.44722,0.69688,0.53611,0.70078,0.48333,0.69453,0.46250,0.68359,0.44722,0.71562,0.55972,0.72656,0.50556,0.72266,0.47778,0.71328,0.46111,0.73203,0.60278,0.74141,0.56111,0.74062,0.53472,0.73281,0.51250,0.62889,0.76985,0.9998,0.76006,1.00000,0.8931,0.70025,0.72433,0.9967,0.67271,0.64819,0.67109,0.71806,119.22,0.9965,live,0.1238,0.0957,69.35,724.46
156479.465133,100.0,0.9032,4,1,1,0.67500,0.74306,0.65000,0.68889,0.64062,0.63194,0.64141,0.58611,0.65234,0.54722,0.67656,0.55694,0.67891,0.51667,0.67344,0.49306,0.66719,0.47639,0.70078,0.56389,0.70469,0.51389,0.70000,0.49583,0.69063,0.48056,0.71953,0.58611,0.73047,0.53889,0.72891,0.51111,0.72188,0.49583,0.73750,0.62917,0.74687,0.59028,0.74609,0.56806,0.73906,0.55139,0.62914,0.77014,0.9998,0.76307,1.00000,0.8932,0.70328,0.75536,0.9968,0.67316,0.66717,0.67500,0.74306,118.87,0.9974,live,0.1143,0.0711,51.39,723.11
156479.532252,100.0,0.0151,4,2,0,0.67656,0.75972,0.65156,0.70833,0.64219,0.65000,0.64375,0.60417,0.65547,0.56389,0.67969,0.57083,0.68125,0.53194,0.67734,0.50972,0.67188,0.49583,0.70469,0.57917,0.71094,0.52917,0.70703,0.50833,0.69688,0.50000,0.72500,0.60278,0.73672,0.55556,0.73516,0.52778,0.72813,0.51528,0.74219,0.64583,0.75234,0.60833,0.75313,0.58611,0.74687,0.57083,0.63169,0.77166,0.9998,0.76219,1.00000,0.8896,0.70402,0.76276,0.9964,0.67384,0.68568,0.67656,0.75972,121.21,0.9980,live,0.1081,0.0799,57.80,723.61
156479.598721,100.0,0.1259,4,2,0,0.67734,0.76667,0.65156,0.71389,0.64219,0.65833,0.64297,0.61389,0.65469,0.57500,0.68203,0.57917,0.68359,0.54028,0.67812,0.52083,0.67188,0.50833,0.70703,0.58750,0.71328,0.53472,0.70703,0.51806,0.69453,0.50972,0.72656,0.61250,0.73828,0.56111,0.73438,0.53611,0.72344,0.52778,0.74219,0.65694,0.75391,0.62500,0.75391,0.60139,0.74687,0.58333,0.62891,0.77558,0.9998,0.76183,1.00000,0.8892,0.70501,0.77570,0.9962,0.67454,0.70187,0.67734,0.76667,119.85,0.9975,live,0.1081,0.0919,66.42,723.07
156479.665582,100.0,0.2373,4,2,0,0.67656,0.77083,0.65156,0.71806,0.64062,0.66250,0.64297,0.61944,0.65312,0.57917,0.68203,0.58611,0.68359,0.54722,0.67734,0.52639,0.67109,0.51667,0.70625,0.59306,0.71484,0.54028,0.70859,0.52083,0.69531,0.51528,0.72656,0.61806,0.73984,0.56667,0.73672,0.54028,0.72500,0.53194,0.74141,0.66250,0.75391,0.62917,0.75391,0.60556,0.74531,0.58889,0.62893,0.77704,0.9998,0.75620,1.00000,0.8850,0.70495,0.77697,0.9962,0.67495,0.71567,0.67656,0.77083,118.60,0.9964,live,0.1081,0.1040,75.04,721.70
156479.732382,100.0,0.3487,4,2,0,0.67344,0.77222,0.64844,0.72083,0.63672,0.66667,0.63828,0.62222,0.64922,0.58194,0.67812,0.59028,0.68047,0.54861,0.67422,0.52778,0.66797,0.52083,0.70234,0.59861,0.71172,0.54306,0.70469,0.52083,0.69063,0.52222,0.72266,0.62500,0.73750,0.56806,0.73359,0.54028,0.72031,0.53472,0.73828,0.66806,0.75234,0.63194,0.75156,0.60556,0.74141,0.59306,0.62972,0.77619,0.9998,0.75619,1.00000,0.8839,0.70488,0.77558,0.9960,0.67465,0.72698,0.67344,0.77222,117.14,0.9945,live,0.1081,0.1150,82.71,719.44
156479.798956,100.0,0.4596,4,2,0,0.66563,0.77500,0.64062,0.72639,0.62734,0.66944,0.62578,0.62500,0.63828,0.58750,0.66797,0.59167,0.67344,0.54722,0.66484,0.52917,0.65391,0.52778,0.69297,0.60139,0.70469,0.54444,0.69375,0.52639,0.67656,0.53194,0.71250,0.62778,0.72891,0.57361,0.72266,0.54722,0.70859,0.54583,0.72891,0.67361,0.74219,0.63333,0.73984,0.60694,0.72891,0.59722,0.63028,0.77628,0.9998,0.75506,1.00000,0.8830,0.70256,0.77468,0.9960,0.67284,0.73658,0.66563,0.77500,117.17,0.9963,live,0.1081,0.1191,85.48,717.47
156479.865455,100.0,0.5705,4,2,0,0.65078,0.77500,0.62422,0.72778,0.61016,0.67222,0.60938,0.63056,0.61875,0.59167,0.65234,0.59167,0.66094,0.54167,0.64844,0.52917,0.63203,0.53333,0.67578,0.60139,0.68672,0.54306,0.67344,0.52778,0.65547,0.53750,0.69531,0.62639,0.71094,0.56944,0.70156,0.54861,0.68672,0.55278,0.71094,0.66944,0.72656,0.62639,0.71953,0.60694,0.70625,0.60556,0.62977,0.77721,0.9998,0.75346,1.00000,0.8854,0.68830,0.77451,0.9959,0.66843,0.74427,0.65078,0.77500,115.71,0.9956,live,0.1081,0.1278,91.35,714.68
156479.932002,100.0,0.6814,4,2,0,0.63438,0.77361,0.60859,0.72639,0.59375,0.67083,0.59062,0.62917,0.59609,0.59028,0.63047,0.59167,0.63594,0.54167,0.62344,0.52778,0.60859,0.53194,0.65312,0.60000,0.66250,0.53889,0.64922,0.52500,0.63281,0.53333,0.67344,0.62361,0.68672,0.56250,0.67500,0.54583,0.66016,0.55139,0.69063,0.66528,0.70312,0.61806,0.69297,0.60000,0.67812,0.60139,0.62836,0.77486,0.9998,0.72902,1.00000,0.8835,0.66812,0.77336,0.9959,0.66162,0.75013,0.63438,0.77361,114.50,0.9954,live,0.1081,0.1232,87.65,711.36
156479.999094,100.0,0.7932,4,2,0,0.62109,0.76667,0.59297,0.71806,0.57734,0.66389,0.57266,0.62361,0.57422,0.58194,0.61250,0.58750,0.61328,0.53194,0.60156,0.51944,0.58672,0.52361,0.63438,0.59444,0.63828,0.53056,0.62578,0.51667,0.60938,0.52083,0.65312,0.61944,0.66406,0.55417,0.65156,0.53611,0.63438,0.53750,0.67031,0.65972,0.68047,0.61250,0.67031,0.59306,0.65547,0.59028,0.62807,0.77511,0.9998,0.72054,1.00000,0.8895,0.64832,0.77299,0.9962,0.65351,0.75344,0.62109,0.76667,111.14,0.9964,live,0.1081,0.0962,67.91,706.02
156480.065424,100.0,0.9037,4,2,0,0.61328,0.75694,0.58516,0.71250,0.56641,0.65556,0.55937,0.61250,0.56172,0.56806,0.60000,0.57778,0.59766,0.52500,0.58359,0.51389,0.56641,0.51389,0.62109,0.58333,0.62344,0.52083,0.60781,0.50694,0.58906,0.51111,0.64062,0.60833,0.65156,0.54167,0.63594,0.52361,0.61797,0.52222,0.65859,0.64722,0.66797,0.59583,0.65547,0.58056,0.63828,0.57917,0.62847,0.76838,0.9998,0.71990,1.00000,0.8939,0.64216,0.76379,0.9962,0.64547,0.75414,0.61328,0.75694,110.91,0.9984,live,0.1081,0.0885,62.08,701.16
156480.132455,100.0,0.0155,4,3,0,0.60938,0.75417,0.58047,0.71111,0.56406,0.65278,0.55781,0.60972,0.55937,0.56528,0.59844,0.57639,0.59609,0.52222,0.58125,0.50833,0.56250,0.50833,0.61953,0.58333,0.62187,0.51944,0.60469,0.50417,0.58516,0.50556,0.63828,0.60694,0.64766,0.54167,0.63281,0.52222,0.61484,0.51944,0.65469,0.64583,0.66328,0.59722,0.65234,0.57639,0.63594,0.57083,0.62796,0.76709,0.9998,0.71833,1.00000,0.9010,0.63855,0.75458,0.9965,0.63825,0.75415,0.60938,0.75417,109.33,0.9983,live,0.1081,0.0865,60.19,695.73
156480.199628,100.0,0.1274,4,3,0,0.61328,0.75417,0.58516,0.71111,0.56641,0.65278,0.55937,0.60694,0.56328,0.56389,0.60078,0.57222,0.59766,0.52222,0.58437,0.50833,0.56797,0.50694,0.62187,0.57917,0.62344,0.51944,0.60781,0.50417,0.58906,0.50417,0.64219,0.60139,0.65156,0.53889,0.63672,0.52083,0.61719,0.51944,0.65938,0.63889,0.66797,0.58889,0.65625,0.57222,0.63906,0.57222,0.62856,0.75776,0.9998,0.71386,1.00000,0.9066,0.63567,0.75853,0.9967,0.63326,0.75415,0.61328,0.75417,112.33,0.9986,live,0.1081,0.0868,60.13,693.12
156480.265710,100.0,0.2375,4,3,0,0.62344,0.75556,0.59531,0.71111,0.58047,0.65556,0.57656,0.61389,0.57656,0.57083,0.61172,0.57500,0.61172,0.52222,0.60156,0.50833,0.58906,0.51111,0.63359,0.58194,0.63984,0.51944,0.62813,0.50556,0.61172,0.50972,0.65312,0.60556,0.66484,0.54167,0.65312,0.52222,0.63594,0.52361,0.67109,0.64444,0.68047,0.59583,0.67109,0.57639,0.65625,0.57361,0.62845,0.75913,0.9998,0.71477,1.00000,0.9115,0.63812,0.75674,0.9969,0.63129,0.75443,0.62344,0.75556,112.03,0.9972,live,0.1081,0.0853,58.91,690.61
156480.332562,100.0,0.3490,4,3,0,0.63828,0.75694,0.61016,0.71111,0.59688,0.65556,0.59297,0.61250,0.59531,0.57083,0.62969,0.57639,0.63203,0.52639,0.62266,0.50972,0.61016,0.50972,0.65234,0.58194,0.66094,0.51944,0.64844,0.50417,0.63125,0.51111,0.67109,0.60417,0.68516,0.54167,0.67422,0.52222,0.65781,0.52917,0.68828,0.64444,0.70156,0.59444,0.69297,0.57500,0.67812,0.57778,0.62818,0.76012,0.9998,0.72355,1.00000,0.9104,0.64989,0.75604,0.9970,0.63269,0.75493,0.63828,0.75694,112.64,0.9960,live,0.1030,0.0796,54.80,688.84
156480.399420,100.0,0.4604,4,3,0,0.65625,0.75833,0.62891,0.70972,0.61406,0.65278,0.61172,0.60833,0.61953,0.56806,0.65312,0.57361,0.65547,0.52500,0.64609,0.50833,0.63359,0.50833,0.67500,0.57917,0.68594,0.51806,0.67344,0.50000,0.65547,0.50833,0.69531,0.60278,0.71094,0.54028,0.70078,0.52083,0.68516,0.52778,0.71250,0.64167,0.72734,0.59583,0.72109,0.57500,0.70703,0.57361,0.62476,0.76290,0.9998,0.72952,1.00000,0.9079,0.67052,0.75687,0.9969,0.63740,0.75561,0.65625,0.75833,116.33,0.9950,live,0.0970,0.0699,48.23,689.94
156480.465723,100.0,0.5709,4,3,0,0.67656,0.75833,0.65000,0.70417,0.63594,0.64583,0.63750,0.59861,0.65000,0.56111,0.67812,0.56806,0.67969,0.52222,0.67500,0.50139,0.66719,0.49722,0.70156,0.57639,0.71406,0.52083,0.70781,0.49722,0.69375,0.49583,0.72188,0.60139,0.73828,0.54722,0.73359,0.52222,0.72188,0.51806,0.73750,0.64444,0.75234,0.61250,0.75313,0.58750,0.74687,0.57222,0.62593,0.76891,0.9998,0.75270,1.00000,0.9048,0.70159,0.75727,0.9968,0.64523,0.75616,0.67656,0.75833,119.71,0.9853,live,0.0897,0.0563,39.06,693.34
156480.532505,100.0,0.6822,4,3,0,0.69531,0.75278,0.67031,0.69722,0.66016,0.63750,0.66484,0.58889,0.67969,0.55278,0.70234,0.56250,0.70312,0.51667,0.70234,0.49583,0.69922,0.48889,0.72578,0.57083,0.73906,0.51806,0.73828,0.49306,0.73047,0.48611,0.74609,0.59583,0.76172,0.54722,0.76328,0.51944,0.75625,0.51667,0.76250,0.63611,0.77656,0.60139,0.78047,0.57500,0.77812,0.56250,0.62782,0.77322,0.9998,0.75556,1.00000,0.9025,0.71730,0.75729,0.9967,0.65525,0.75548,0.69531,0.75278,121.92,0.9912,live,0.0815,0.0440,30.73,697.92
156480.599772,100.0,0.7943,4,3,0,0.71016,0.74444,0.68672,0.68889,0.67969,0.62778,0.68828,0.57917,0.70391,0.54167,0.72188,0.55139,0.72500,0.50833,0.72656,0.48889,0.72578,0.48194,0.74766,0.55972,0.75938,0.50972,0.76250,0.48611,0.76016,0.47778,0.76797,0.58472,0.78359,0.53750,0.78906,0.51250,0.78750,0.50556,0.78516,0.62500,0.80000,0.59167,0.80469,0.57083,0.80391,0.55833,0.62791,0.77323,0.9998,0.75074,1.00000,0.8977,0.72851,0.75140,0.9965,0.66623,0.75327,0.71016,0.74444,126.72,0.9882,live,0.0815,0.0635,44.77,705.41
156480.665955,100.0,0.9046,4,3,0,0.72500,0.74028,0.70156,0.68194,0.69531,0.61806,0.70547,0.56944,0.72266,0.53333,0.73906,0.54861,0.74297,0.50417,0.74453,0.48333,0.74531,0.47361,0.76406,0.55833,0.77578,0.50833,0.78047,0.48194,0.77969,0.46806,0.78438,0.58333,0.80078,0.53611,0.80859,0.50972,0.80781,0.49583,0.80078,0.62222,0.81719,0.58750,0.82344,0.56667,0.82344,0.55139,0.62830,0.77306,0.9998,0.75041,1.00000,0.8929,0.74318,0.73637,0.9962,0.67798,0.75068,0.72500,0.74028,125.87,0.9871,live,0.0815,0.0842,59.90,711.39
156480.732825,100.0,0.0161,4,4,0,0.72813,0.73611,0.70703,0.67500,0.70469,0.61389,0.71641,0.56389,0.73281,0.52778,0.74375,0.54167,0.75078,0.50000,0.75469,0.48056,0.75859,0.46806,0.77031,0.55417,0.78359,0.50556,0.78984,0.48333,0.79219,0.46250,0.78984,0.58056,0.80703,0.53889,0.81484,0.51389,0.81797,0.49722,0.80547,0.62222,0.82109,0.58889,0.82969,0.56667,0.83516,0.54583,0.62847,0.77271,0.9998,0.75013,1.00000,0.8900,0.75239,0.73666,0.9961,0.68801,0.74776,0.72813,0.73611,127.42,0.9927,live,0.0815,0.1015,72.85,717.76
156480.799305,100.0,0.1269,4,4,0,0.72969,0.73333,0.70937,0.67083,0.70547,0.61111,0.71797,0.56389,0.73594,0.52500,0.74844,0.53889,0.75469,0.49722,0.75859,0.47639,0.76172,0.46528,0.77500,0.55278,0.78750,0.50278,0.79297,0.48056,0.79531,0.45972,0.79375,0.58056,0.81094,0.53750,0.81797,0.51250,0.82109,0.49444,0.80781,0.62222,0.82422,0.58889,0.83359,0.56806,0.83828,0.54722,0.62762,0.77281,0.9998,0.75058,1.00000,0.8854,0.75035,0.73275,0.9958,0.69635,0.74488,0.72969,0.73333,127.32,0.9936,live,0.0876,0.1157,83.67,723.30
156480.865853,100.0,0.2378,4,4,0,0.73047,0.73472,0.70781,0.67778,0.70156,0.61389,0.71328,0.56528,0.73203,0.53056,0.74609,0.54444,0.75078,0.50139,0.75313,0.48056,0.75469,0.47083,0.77187,0.55556,0.78516,0.50556,0.79063,0.47778,0.79141,0.45972,0.79219,0.58333,0.80937,0.53611,0.81797,0.50972,0.82031,0.49028,0.80781,0.62222,0.82500,0.58750,0.83281,0.56667,0.83437,0.55000,0.62755,0.77492,0.9998,0.75411,1.00000,0.8874,0.75076,0.73037,0.9958,0.70317,0.74285,0.73047,0.73472,125.67,0.9881,live,0.0943,0.1248,90.73,726.99
156480.932510,100.0,0.3489,4,4,0,0.72500,0.73611,0.70156,0.67917,0.69375,0.61806,0.70469,0.56806,0.72109,0.53333,0.73516,0.54583,0.73984,0.50000,0.74297,0.48056,0.74531,0.47639,0.76250,0.55417,0.77422,0.50417,0.78047,0.47639,0.77969,0.46528,0.78359,0.58056,0.79922,0.53472,0.80781,0.50556,0.80859,0.49306,0.80000,0.61944,0.81484,0.58750,0.82188,0.56528,0.82344,0.55139,0.62773,0.77489,0.9998,0.75399,1.00000,0.8850,0.74885,0.72968,0.9958,0.70754,0.74150,0.72500,0.73611,125.79,0.9901,live,0.1011,0.1320,96.39,730.32
156480.999498,100.0,0.4605,4,4,0,0.71016,0.73056,0.68828,0.67361,0.67969,0.61667,0.68672,0.56806,0.70234,0.53056,0.72266,0.54028,0.72500,0.50000,0.72500,0.48056,0.72500,0.46806,0.74844,0.54722,0.76016,0.49861,0.76328,0.47361,0.76016,0.45833,0.76797,0.57222,0.78281,0.52639,0.78828,0.50000,0.78594,0.48889,0.78359,0.61389,0.79688,0.57917,0.80156,0.55556,0.80078,0.54028,0.62776,0.77384,0.9998,0.75390,1.00000,0.8843,0.74469,0.72936,0.9956,0.70806,0.73931,0.71016,0.73056,124.77,0.9941,live,0.1011,0.1110,81.33,732.52
156481.066119,100.0,0.5716,4,4,0,0.69688,0.70833,0.67188,0.65139,0.66328,0.59167,0.66875,0.54306,0.68125,0.50556,0.70703,0.51389,0.70625,0.47222,0.70312,0.45139,0.70000,0.43889,0.73047,0.51944,0.74062,0.46806,0.73906,0.44028,0.73125,0.42639,0.75000,0.54167,0.76484,0.49167,0.76484,0.46528,0.75703,0.45556,0.76562,0.57917,0.77578,0.54167,0.77734,0.51806,0.77500,0.50278,0.62971,0.77215,0.9998,0.74536,1.00000,0.8815,0.73192,0.72157,0.9956,0.70582,0.73311,0.69688,0.70833,124.95,0.9949,live,0.1011,0.0946,69.49,734.58
156481.133043,100.0,0.6831,4,4,0,0.67969,0.66528,0.65469,0.60694,0.64531,0.54722,0.65078,0.50000,0.65781,0.45694,0.68437,0.47222,0.68516,0.42639,0.68047,0.40278,0.67344,0.38333,0.70781,0.47778,0.71562,0.42222,0.71328,0.39306,0.70625,0.36944,0.72578,0.49861,0.73984,0.44444,0.73828,0.41667,0.72969,0.39722,0.74062,0.53611,0.75156,0.49306,0.75078,0.46667,0.74531,0.44583,0.62959,0.77088,0.9998,0.74168,1.00000,0.8808,0.72219,0.67661,0.9957,0.70060,0.71955,0.67969,0.66528,121.42,0.9904,live,0.1011,0.0801,58.79,733.85
156481.199581,100.0,0.7940,4,4,0,0.66641,0.61667,0.63984,0.55972,0.63203,0.49722,0.63594,0.44583,0.64375,0.40139,0.66797,0.42083,0.66563,0.37361,0.65781,0.34722,0.65000,0.32361,0.68984,0.42361,0.69453,0.36806,0.68906,0.33611,0.68125,0.30694,0.70859,0.44167,0.71875,0.38750,0.71562,0.35556,0.70859,0.32778,0.72422,0.47639,0.73203,0.43194,0.73047,0.40417,0.72344,0.37778,0.62714,0.77157,0.9998,0.74051,1.00000,0.8809,0.69783,0.62530,0.9958,0.69376,0.69897,0.66641,0.61667,122.70,0.9930,live,0.1011,0.0903,66.30,734.13
156481.266373,100.0,0.9053,4,4,0,0.66016,0.57222,0.63203,0.51806,0.62266,0.45139,0.62578,0.39722,0.63281,0.35000,0.65781,0.37500,0.65547,0.32639,0.64687,0.30139,0.63750,0.27917,0.67891,0.37639,0.68125,0.31944,0.67578,0.28611,0.66797,0.25694,0.69688,0.39444,0.70469,0.33472,0.70078,0.30139,0.69297,0.27222,0.71250,0.42500,0.71875,0.37778,0.71562,0.34722,0.70859,0.31944,0.62660,0.77139,0.9998,0.73648,1.00000,0.8792,0.68031,0.57319,0.9959,0.68704,0.67362,0.66016,0.57222,122.29,0.9909,live,0.1011,0.0814,59.78,734.08
156481.332918,100.0,0.0162,4,1,1,0.66016,0.54444,0.63047,0.49028,0.61953,0.42361,0.62266,0.36389,0.62891,0.31528,0.65312,0.34861,0.65000,0.30000,0.64219,0.27361,0.63516,0.24583,0.67500,0.34722,0.67656,0.28889,0.66953,0.25694,0.66016,0.22500,0.69297,0.36111,0.70000,0.30139,0.69375,0.26806,0.68359,0.24167,0.70937,0.39028,0.71406,0.34028,0.70781,0.31111,0.69766,0.28472,0.62450,0.76987,0.9998,0.73530,1.00000,0.8786,0.67557,0.53907,0.9960,0.68166,0.64779,0.66016,0.54444,122.55,0.9925,live,0.1011,0.1057,77.64,734.23
156481.400250,100.0,0.1284,4,1,1,0.66094,0.53611,0.63047,0.48194,0.61953,0.41250,0.62187,0.35278,0.62969,0.30417,0.65234,0.34583,0.64922,0.29444,0.64062,0.26806,0.63047,0.24167,0.67344,0.34167,0.67422,0.27917,0.66797,0.24583,0.65781,0.21250,0.69141,0.35556,0.69766,0.29028,0.69219,0.25694,0.68125,0.22917,0.70703,0.38056,0.71094,0.32917,0.70625,0.29583,0.69688,0.26806,0.62298,0.77019,0.9998,0.73529,0.99972,0.8811,0.67562,0.52843,0.9962,0.67752,0.62545,0.66094,0.53611,119.82,0.9895,live,0.1058,0.1272,93.13,732.39
156481.465961,100.0,0.2380,4,1,1,0.66094,0.54306,0.63125,0.49028,0.62031,0.41944,0.62344,0.35972,0.63203,0.30972,0.65312,0.35139,0.65000,0.30139,0.64219,0.27361,0.63359,0.24583,0.67500,0.34861,0.67500,0.28889,0.66797,0.25556,0.65703,0.22639,0.69375,0.36111,0.70000,0.30000,0.69375,0.26667,0.68203,0.23750,0.71016,0.38750,0.71484,0.33889,0.70937,0.30694,0.69922,0.27917,0.62318,0.77019,0.9998,0.73500,1.00000,0.8825,0.67612,0.53517,0.9964,0.67420,0.60897,0.66094,0.54306,121.38,0.9846,live,0.1125,0.1432,104.80,731.89
156481.533124,100.0,0.3499,4,1,1,0.66250,0.56806,0.63359,0.51250,0.62266,0.44028,0.62656,0.38194,0.63516,0.33611,0.65859,0.37361,0.65703,0.32083,0.64922,0.29444,0.63906,0.27083,0.67969,0.37361,0.68203,0.31250,0.67500,0.27778,0.66484,0.25139,0.69844,0.38750,0.70625,0.32500,0.70078,0.29028,0.68984,0.26389,0.71562,0.41389,0.72188,0.36528,0.71719,0.33333,0.70625,0.30694,0.62298,0.77022,0.9997,0.73502,1.00000,0.8866,0.67584,0.54372,0.9966,0.67186,0.60079,0.66250,0.56806,122.63,0.9878,live,0.1193,0.1502,109.97,732.36
156481.599762,100.0,0.4610,4,1,1,0.66563,0.60278,0.63828,0.54444,0.63125,0.48056,0.63359,0.42639,0.64062,0.37917,0.66484,0.40694,0.66406,0.35833,0.65547,0.33194,0.64687,0.30972,0.68672,0.40694,0.69063,0.34722,0.68437,0.31667,0.67344,0.29167,0.70547,0.42361,0.71484,0.36250,0.70937,0.33056,0.69766,0.30556,0.72266,0.45556,0.73047,0.40417,0.72578,0.37500,0.71562,0.35139,0.61943,0.77022,0.9998,0.73612,1.00000,0.8853,0.67612,0.56004,0.9966,0.67061,0.60119,0.66563,0.60278,123.78,0.9893,live,0.1193,0.1437,105.40,733.60
156481.666132,100.0,0.5716,4,1,1,0.66484,0.65000,0.64062,0.59583,0.63281,0.53194,0.63438,0.47917,0.64375,0.43611,0.66797,0.45417,0.66875,0.40417,0.66094,0.37917,0.65078,0.36250,0.69063,0.45694,0.69609,0.39583,0.68906,0.36667,0.67578,0.34861,0.70937,0.47639,0.72109,0.41528,0.71562,0.38472,0.70234,0.36667,0.72578,0.51250,0.73672,0.46389,0.73359,0.43333,0.72266,0.41111,0.61938,0.77281,0.9998,0.74956,1.00000,0.8857,0.68900,0.64228,0.9967,0.66946,0.61095,0.66484,0.65000,123.76,0.9937,live,0.1193,0.1284,94.34,734.68
156481.733289,100.0,0.6835,4,1,1,0.66172,0.69444,0.63828,0.63889,0.63047,0.57917,0.63125,0.52778,0.64141,0.48750,0.66484,0.49306,0.66641,0.44722,0.66016,0.42500,0.65078,0.41389,0.68984,0.49722,0.69844,0.43889,0.69297,0.41528,0.67969,0.40278,0.70937,0.51944,0.72344,0.46389,0.71953,0.43333,0.70625,0.42639,0.72656,0.56111,0.73750,0.51389,0.73516,0.48333,0.72500,0.46667,0.62012,0.77284,0.9998,0.74680,1.00000,0.8834,0.69332,0.70050,0.9968,0.66791,0.62765,0.66172,0.69444,127.85,0.9969,live,0.1193,0.1057,78.05,738.57
156481.800617,100.0,0.7957,4,1,1,0.66094,0.71806,0.63672,0.66389,0.62578,0.60556,0.62656,0.55417,0.63672,0.50972,0.66172,0.51944,0.66250,0.47500,0.65469,0.45139,0.64609,0.44167,0.68672,0.52222,0.69609,0.46389,0.68906,0.43889,0.67500,0.43472,0.70781,0.54444,0.72422,0.48611,0.71797,0.45694,0.70312,0.45556,0.72422,0.58472,0.73594,0.53750,0.73359,0.50833,0.72266,0.49861,0.62153,0.77287,0.9998,0.74778,1.00000,0.8838,0.69346,0.72500,0.9969,0.66652,0.64573,0.66094,0.71806,126.55,0.9965,live,0.1121,0.0791,58.65,741.06
156481.866662,100.0,0.9058,4,1,1,0.65938,0.72639,0.63281,0.67222,0.62187,0.61250,0.62344,0.56250,0.63438,0.51806,0.66016,0.52778,0.66094,0.48194,0.65156,0.46250,0.64141,0.45556,0.68516,0.53194,0.69297,0.47361,0.68359,0.45139,0.66797,0.44444,0.70547,0.55278,0.72031,0.49444,0.71328,0.46667,0.69766,0.46389,0.72266,0.59306,0.73281,0.54722,0.72969,0.51806,0.71797,0.50556,0.62147,0.77292,0.9997,0.74569,1.00000,0.8838,0.69359,0.73082,0.9966,0.66509,0.66186,0.65938,0.72639,126.31,0.9962,live,0.1037,0.0657,48.82,743.07
156481.933337,100.0,0.0169,4,2,0,0.65781,0.72778,0.63125,0.67500,0.62031,0.61667,0.62109,0.56667,0.63125,0.52083,0.65859,0.52778,0.65859,0.48194,0.65000,0.46250,0.63984,0.45833,0.68359,0.53056,0.69141,0.47222,0.68281,0.45000,0.66641,0.44722,0.70391,0.55278,0.71875,0.49444,0.71094,0.46806,0.69453,0.46528,0.72031,0.59444,0.73047,0.54722,0.72656,0.52083,0.71406,0.50972,0.62148,0.77359,0.9997,0.72437,1.00000,0.8848,0.69323,0.74118,0.9967,0.66363,0.67504,0.65781,0.72778,126.80,0.9970,live,0.0987,0.0756,56.34,745.20
156482.000452,100.0,0.1288,4,2,0,0.65703,0.72917,0.63047,0.67639,0.61797,0.61667,0.61875,0.56528,0.63047,0.52083,0.65703,0.52917,0.65703,0.48333,0.64844,0.46389,0.63750,0.45833,0.68125,0.53194,0.68984,0.47361,0.68125,0.45000,0.66484,0.44722,0.70234,0.55417,0.71641,0.49444,0.70937,0.46806,0.69297,0.46806,0.71875,0.59306,0.72891,0.54583,0.72422,0.51944,0.71094,0.51250,0.62169,0.77283,0.9997,0.73047,1.00000,0.8857,0.69149,0.74050,0.9967,0.66231,0.68587,0.65703,0.72917,126.66,0.9961,live,0.0987,0.0845,63.12,746.97
156482.066453,100.0,0.2388,4,2,0,0.65547,0.73056,0.62891,0.67639,0.61719,0.61806,0.61719,0.56667,0.62813,0.52222,0.65469,0.53056,0.65547,0.48333,0.64609,0.46528,0.63516,0.46111,0.67891,0.53333,0.68750,0.47361,0.67891,0.45139,0.66172,0.44861,0.70000,0.55556,0.71484,0.49583,0.70703,0.46944,0.69063,0.47083,0.71641,0.59444,0.72656,0.54722,0.72266,0.52222,0.70937,0.51528,0.62195,0.77257,0.9998,0.73475,1.00000,0.8863,0.68798,0.73739,0.9967,0.66094,0.69481,0.65547,0.73056,126.45,0.9966,live,0.0987,0.0924,69.12,748.38
156482.133350,100.0,0.3503,4,2,0,0.65078,0.73056,0.62500,0.67639,0.61328,0.61806,0.61328,0.56944,0.62109,0.52500,0.65000,0.53194,0.64922,0.48611,0.63984,0.46667,0.62813,0.46389,0.67422,0.53611,0.68281,0.47639,0.67344,0.45417,0.65703,0.45278,0.69531,0.55694,0.71016,0.49861,0.70234,0.47222,0.68594,0.47222,0.71172,0.59583,0.72266,0.55000,0.71641,0.52500,0.70234,0.51806,0.62264,0.77252,0.9997,0.71815,1.00000,0.8779,0.68193,0.73466,0.9965,0.65891,0.70196,0.65078,0.73056,125.52,0.9970,live,0.0987,0.0989,74.08,748.95
156482.200188,100.0,0.4617,4,2,0,0.64141,0.73194,0.61484,0.67917,0.60156,0.61806,0.60078,0.56806,0.60859,0.52500,0.63750,0.54028,0.63750,0.48889,0.62656,0.47083,0.61406,0.46806,0.66094,0.54167,0.67188,0.47917,0.65938,0.45556,0.64062,0.45833,0.68125,0.56250,0.69844,0.49861,0.68672,0.47083,0.66875,0.47361,0.69844,0.59861,0.71094,0.54722,0.70156,0.52361,0.68437,0.52361,0.62230,0.77255,0.9997,0.71790,1.00000,0.8765,0.67108,0.73340,0.9964,0.65541,0.70795,0.64141,0.73194,121.64,0.9939,live,0.0987,0.0966,72.12,746.65
156482.266361,100.0,0.5720,4,2,0,0.62500,0.73194,0.60078,0.68194,0.58750,0.61944,0.58359,0.57222,0.58828,0.52917,0.62109,0.54167,0.61875,0.49167,0.60703,0.47639,0.59219,0.47500,0.64297,0.54306,0.65078,0.48056,0.63672,0.45972,0.61875,0.46250,0.66406,0.56389,0.67656,0.49861,0.66406,0.47639,0.64687,0.47778,0.68047,0.60139,0.69141,0.55139,0.68125,0.53056,0.66484,0.52917,0.62231,0.77266,0.9997,0.71855,1.00000,0.8795,0.66101,0.73598,0.9966,0.64933,0.71275,0.62500,0.73194,120.04,0.9940,live,0.0987,0.0884,65.73,743.48
156482.333125,100.0,0.6832,4,2,0,0.61172,0.73194,0.58516,0.68472,0.56875,0.62361,0.56484,0.57778,0.57031,0.53750,0.60234,0.54167,0.59766,0.49028,0.58359,0.47917,0.56719,0.48056,0.62344,0.54306,0.62813,0.47778,0.61094,0.46111,0.59219,0.46667,0.64375,0.56250,0.65469,0.49722,0.63828,0.47778,0.61953,0.48056,0.66094,0.60000,0.66953,0.54722,0.65781,0.52778,0.64141,0.52639,0.62390,0.76902,0.9997,0.71884,1.00000,0.8862,0.63993,0.73960,0.9968,0.64181,0.71659,0.61172,0.73194,118.57,0.9961,live,0.0987,0.0977,72.23,739.63
156482.400325,100.0,0.7952,4,2,0,0.60313,0.72778,0.57500,0.68194,0.55781,0.61806,0.55234,0.57222,0.55312,0.52778,0.58906,0.53889,0.58437,0.48889,0.57031,0.47639,0.55547,0.47361,0.60938,0.54167,0.61250,0.47500,0.59688,0.45833,0.57734,0.45833,0.62891,0.56111,0.63906,0.49167,0.62344,0.47222,0.60469,0.47083,0.64609,0.59583,0.65391,0.54444,0.64219,0.52361,0.62500,0.51944,0.62218,0.77104,0.9997,0.71333,1.00000,0.8945,0.62704,0.73132,0.9970,0.63407,0.71883,0.60313,0.72778,116.23,0.9966,live,0.0987,0.0913,67.04,734.56
156482.466479,100.0,0.9055,4,2,0,0.59844,0.72500,0.56953,0.67917,0.55312,0.61667,0.54609,0.56944,0.54844,0.52222,0.58437,0.53889,0.58047,0.48889,0.56563,0.47361,0.54922,0.47222,0.60469,0.54028,0.60625,0.47361,0.58984,0.45417,0.56953,0.45417,0.62422,0.56111,0.63438,0.48889,0.61719,0.46806,0.59688,0.46667,0.64062,0.59722,0.64844,0.53889,0.63359,0.51944,0.61406,0.51667,0.62204,0.77709,0.9998,0.70842,1.00000,0.9016,0.61749,0.72401,0.9972,0.62694,0.72006,0.59844,0.72500,114.62,0.9973,live,0.0987,0.0883,64.34,728.94
156482.533599,100.0,0.0174,4,3,0,0.59844,0.72222,0.57031,0.67778,0.55391,0.61528,0.54844,0.56806,0.55078,0.52083,0.58516,0.53194,0.58047,0.48194,0.56641,0.46944,0.55078,0.47222,0.60625,0.53194,0.60703,0.46806,0.59219,0.44861,0.57266,0.45000,0.62578,0.55278,0.63516,0.48611,0.61953,0.46667,0.60000,0.46528,0.64219,0.58889,0.64844,0.53750,0.63594,0.51667,0.61797,0.50972,0.62128,0.78235,0.9998,0.70150,1.00000,0.9027,0.61457,0.72055,0.9973,0.62124,0.72049,0.59844,0.72222,117.57,0.9982,live,0.0987,0.0801,58.18,726.12
156482.600203,100.0,0.1284,4,3,0,0.60781,0.72361,0.57969,0.67778,0.56328,0.61528,0.55937,0.56806,0.56016,0.52083,0.59766,0.53750,0.59219,0.48472,0.57656,0.46944,0.55859,0.46806,0.61719,0.53889,0.61797,0.47222,0.60156,0.45139,0.58125,0.45000,0.63594,0.55694,0.64453,0.48611,0.62891,0.46528,0.60859,0.46250,0.65234,0.59167,0.66016,0.53889,0.64844,0.51667,0.63125,0.50833,0.62128,0.78314,0.9998,0.70240,1.00000,0.9093,0.61811,0.72165,0.9975,0.61856,0.72112,0.60781,0.72361,114.77,0.9966,live,0.0987,0.0852,61.49,721.62
156482.666791,100.0,0.2393,4,3,0,0.61953,0.72500,0.59219,0.67917,0.57734,0.61806,0.57500,0.57222,0.57578,0.52361,0.61094,0.53750,0.60469,0.48333,0.58906,0.47083,0.57109,0.47500,0.63203,0.53889,0.63672,0.47361,0.62187,0.45139,0.60234,0.45139,0.65156,0.55833,0.66328,0.49167,0.65000,0.46944,0.63125,0.46806,0.66719,0.59444,0.67812,0.54167,0.66797,0.51806,0.65078,0.51250,0.62127,0.78120,0.9998,0.70545,1.00000,0.9086,0.63025,0.73199,0.9975,0.61875,0.72189,0.61953,0.72500,116.33,0.9966,live,0.0987,0.0746,53.61,718.78
156482.733597,100.0,0.3507,4,3,0,0.63516,0.73333,0.60781,0.68611,0.59375,0.62361,0.59297,0.57778,0.59766,0.53472,0.62891,0.54306,0.62578,0.49167,0.61328,0.47500,0.59688,0.47778,0.65078,0.54444,0.65781,0.48194,0.64531,0.45972,0.62656,0.46111,0.67109,0.56528,0.68281,0.50000,0.67266,0.47500,0.65547,0.47500,0.68750,0.60139,0.69766,0.55278,0.69063,0.52917,0.67578,0.52361,0.62127,0.77933,0.9998,0.71744,1.00000,0.9127,0.64911,0.74321,0.9977,0.62203,0.72418,0.63516,0.73333,119.23,0.9952,live,0.0931,0.0677,48.60,718.37
156482.800308,100.0,0.4619,4,3,0,0.65000,0.74583,0.62422,0.69444,0.61250,0.63472,0.61172,0.58611,0.62109,0.54722,0.64922,0.55417,0.64766,0.50556,0.63672,0.48889,0.62344,0.48889,0.67109,0.55556,0.67969,0.49444,0.66875,0.47222,0.65000,0.47639,0.69063,0.57500,0.70469,0.51250,0.69453,0.48750,0.67812,0.49028,0.70781,0.61250,0.72031,0.56250,0.71250,0.54028,0.69609,0.54028,0.62122,0.77859,0.9998,0.71706,1.00000,0.9057,0.66601,0.74277,0.9975,0.62763,0.72851,0.65000,0.74583,121.20,0.9959,live,0.0866,0.0570,40.99,719.43
156482.867066,100.0,0.5731,4,3,0,0.66328,0.75556,0.63984,0.70278,0.62969,0.64444,0.62891,0.59583,0.64141,0.55833,0.66875,0.56250,0.67031,0.51528,0.66016,0.49861,0.64687,0.50000,0.69219,0.56528,0.70391,0.50556,0.69375,0.48472,0.67578,0.49028,0.71172,0.58889,0.72813,0.52778,0.72031,0.50278,0.70469,0.50694,0.72891,0.62917,0.74297,0.58333,0.73750,0.55694,0.72266,0.55278,0.62116,0.77890,0.9998,0.74903,1.00000,0.9069,0.69250,0.75150,0.9975,0.63476,0.73392,0.66328,0.75556,123.92,0.9951,live,0.0790,0.0447,32.27,722.32
156482.933799,100.0,0.6844,4,3,0,0.68203,0.76250,0.65859,0.70833,0.64922,0.64722,0.65156,0.60000,0.66641,0.56250,0.68984,0.56806,0.69375,0.51667,0.68672,0.49861,0.67422,0.50417,0.71484,0.57361,0.72969,0.51389,0.72266,0.49028,0.70547,0.49583,0.73516,0.59861,0.75313,0.53889,0.74922,0.51250,0.73516,0.51528,0.75156,0.63889,0.76641,0.59861,0.76562,0.57361,0.75781,0.56528,0.62114,0.77923,0.9998,0.75662,1.00000,0.9058,0.70615,0.75388,0.9973,0.64421,0.73964,0.68203,0.76250,125.65,0.9917,live,0.0738,0.0497,36.10,726.11
156483.000498,100.0,0.7955,4,3,0,0.69922,0.76806,0.67578,0.71111,0.66797,0.65000,0.67500,0.60417,0.68984,0.56806,0.70937,0.56806,0.71250,0.52222,0.71094,0.50278,0.70625,0.50417,0.73594,0.57500,0.75000,0.51944,0.75000,0.49583,0.73984,0.49444,0.75625,0.60000,0.77344,0.54722,0.77656,0.52222,0.76953,0.52083,0.77344,0.64167,0.78984,0.60556,0.79453,0.58056,0.79063,0.56806,0.62223,0.77913,0.9998,0.75246,1.00000,0.8996,0.71936,0.75945,0.9969,0.65521,0.74532,0.69922,0.76806,130.13,0.9848,live,0.0738,0.0687,50.32,732.67
156483.067119,100.0,0.9066,4,3,0,0.71172,0.76806,0.68828,0.71111,0.68203,0.64861,0.69063,0.59722,0.70781,0.56111,0.72188,0.56944,0.72734,0.52222,0.72813,0.50417,0.72813,0.50278,0.74844,0.57778,0.76094,0.52083,0.76562,0.49861,0.76250,0.49167,0.76953,0.60139,0.78594,0.54861,0.79141,0.52222,0.78750,0.52500,0.78828,0.64028,0.80469,0.60000,0.80937,0.57639,0.80547,0.57222,0.62542,0.77914,0.9998,0.73172,1.00000,0.8934,0.72842,0.76132,0.9964,0.66651,0.74987,0.71172,0.76806,130.49,0.9909,live,0.0738,0.0879,64.93,738.70
156483.133882,100.0,0.0178,4,4,0,0.71484,0.76806,0.69141,0.70556,0.68516,0.64444,0.69609,0.59444,0.71406,0.55833,0.72656,0.56806,0.73125,0.52083,0.73203,0.50000,0.73203,0.49722,0.75234,0.57500,0.76641,0.51667,0.77031,0.49167,0.76719,0.48611,0.77266,0.60000,0.79141,0.54722,0.79688,0.51806,0.79141,0.52222,0.79063,0.63889,0.80859,0.60139,0.81406,0.57500,0.81016,0.56944,0.62539,0.77847,0.9998,0.72134,1.00000,0.8900,0.73083,0.76165,0.9963,0.67618,0.75351,0.71484,0.76806,130.69,0.9882,live,0.0792,0.1040,77.36,744.16
156483.200670,100.0,0.1291,4,4,0,0.71484,0.76250,0.69063,0.70417,0.68359,0.64167,0.69297,0.59306,0.70937,0.55556,0.72500,0.56389,0.72813,0.51528,0.72891,0.49444,0.72734,0.49722,0.75078,0.57083,0.76406,0.51250,0.76719,0.48472,0.76094,0.48194,0.77109,0.59583,0.78828,0.54167,0.79453,0.51111,0.78828,0.51250,0.78828,0.63333,0.80625,0.59306,0.81094,0.56528,0.80547,0.55833,0.62419,0.77872,0.9998,0.73149,1.00000,0.8884,0.73258,0.75987,0.9962,0.68391,0.75530,0.71484,0.76250,129.12,0.9910,live,0.0858,0.1161,86.81,747.82
156483.266908,100.0,0.2395,4,4,0,0.70781,0.75833,0.68516,0.70000,0.67969,0.63750,0.68750,0.58750,0.70391,0.55000,0.71953,0.56111,0.72344,0.51250,0.72344,0.49306,0.71953,0.49306,0.74531,0.56667,0.75859,0.51250,0.76094,0.48333,0.75313,0.47778,0.76641,0.59167,0.78281,0.54167,0.78906,0.50972,0.78359,0.50278,0.78359,0.63194,0.79844,0.59167,0.80312,0.56389,0.79922,0.55278,0.62426,0.77689,0.9998,0.73733,1.00000,0.8872,0.73144,0.75662,0.9960,0.68869,0.75591,0.70781,0.75833,129.62,0.9959,live,0.0915,0.1176,88.33,751.41
156483.333797,100.0,0.3510,4,4,0,0.70234,0.75000,0.67891,0.69444,0.67109,0.63194,0.67734,0.58056,0.69297,0.54444,0.71250,0.55278,0.71641,0.50278,0.71484,0.48333,0.70625,0.49167,0.73828,0.55833,0.75234,0.50139,0.75234,0.47222,0.73984,0.47361,0.75859,0.58333,0.77656,0.52917,0.78047,0.49722,0.77187,0.49444,0.77500,0.62222,0.79063,0.58611,0.79453,0.55694,0.78984,0.54444,0.62509,0.77735,0.9998,0.73716,1.00000,0.8857,0.73117,0.75860,0.9959,0.69142,0.75473,0.70234,0.75000,128.30,0.9940,live,0.0915,0.1115,84.01,753.62
156483.400328,100.0,0.4619,4,4,0,0.69219,0.73889,0.66875,0.68333,0.66016,0.62083,0.66484,0.56944,0.67891,0.53056,0.70156,0.53889,0.70703,0.48611,0.70078,0.46806,0.68984,0.47639,0.72734,0.54444,0.74141,0.48472,0.73672,0.45972,0.72109,0.46389,0.74766,0.56944,0.76562,0.51250,0.76406,0.48333,0.75156,0.48194,0.76406,0.60972,0.77812,0.57361,0.78125,0.54583,0.77734,0.53194,0.62898,0.77790,0.9998,0.73358,1.00000,0.8832,0.72688,0.75785,0.9959,0.69158,0.75156,0.69219,0.73889,129.31,0.9943,live,0.0915,0.0984,74.43,756.29
156483.467129,100.0,0.5732,4,4,0,0.67969,0.72083,0.65547,0.66250,0.64531,0.60000,0.65078,0.55000,0.66328,0.50972,0.68828,0.52222,0.68906,0.47222,0.68203,0.45417,0.67031,0.45556,0.71172,0.52500,0.72422,0.46528,0.71719,0.44028,0.70078,0.44167,0.73203,0.54722,0.74844,0.48750,0.74531,0.45833,0.73125,0.45972,0.74844,0.58333,0.76250,0.54167,0.76250,0.51389,0.75391,0.50417,0.62980,0.77632,0.9998,0.73265,1.00000,0.8824,0.71914,0.75308,0.9959,0.68920,0.74541,0.67969,0.72083,127.85,0.9912,live,0.0915,0.0815,61.75,757.59
156483.534025,100.0,0.6847,4,4,0,0.66875,0.68611,0.64297,0.62778,0.63359,0.56528,0.63828,0.51250,0.64922,0.47083,0.67500,0.49167,0.67422,0.44167,0.66641,0.42222,0.65469,0.41528,0.69766,0.49167,0.70547,0.43333,0.69766,0.40694,0.68281,0.39861,0.71719,0.51111,0.73203,0.45000,0.72734,0.42222,0.71250,0.41250,0.73281,0.54583,0.74531,0.50000,0.74453,0.47361,0.73438,0.45972,0.62950,0.77481,0.9998,0.74134,1.00000,0.8817,0.70928,0.71783,0.9961,0.68511,0.73355,0.66875,0.68611,124.69,0.9876,live,0.0868,0.0651,49.25,756.46
156483.601126,100.0,0.7966,4,4,0,0.66016,0.64444,0.63438,0.58750,0.62500,0.52361,0.62891,0.47222,0.63828,0.42917,0.66328,0.44444,0.66172,0.39722,0.65234,0.37917,0.63906,0.37222,0.68594,0.44583,0.69141,0.38889,0.68437,0.35972,0.66953,0.34583,0.70547,0.46528,0.71641,0.40694,0.71250,0.37639,0.70000,0.36250,0.72188,0.50000,0.73047,0.45278,0.72891,0.42639,0.71953,0.40694,0.62819,0.77481,0.9998,0.73401,1.00000,0.8870,0.68708,0.65029,0.9964,0.68012,0.71573,0.66016,0.64444,126.60,0.9938,live,0.0814,0.0571,43.20,756.84
156483.667391,100.0,0.9070,4,4,0,0.65703,0.60694,0.62969,0.55000,0.61953,0.48333,0.62187,0.42778,0.63203,0.38333,0.65781,0.40833,0.65625,0.35833,0.64609,0.33889,0.63359,0.33056,0.67891,0.40972,0.68437,0.35000,0.67656,0.31944,0.66250,0.30139,0.69844,0.42639,0.70703,0.36667,0.70234,0.33472,0.68906,0.31667,0.71484,0.45833,0.72344,0.40972,0.72031,0.38056,0.71016,0.35833,0.62858,0.77364,0.9998,0.73352,1.00000,0.8849,0.67911,0.59920,0.9965,0.67550,0.69397,0.65703,0.60694,124.81,0.9923,live,0.0814,0.0650,49.11,755.88
156483.734327,100.0,0.0186,4,1,1,0.65703,0.58194,0.62891,0.52778,0.61875,0.45972,0.62187,0.40278,0.63125,0.35556,0.65703,0.38333,0.65547,0.33472,0.64531,0.31528,0.63359,0.30417,0.67891,0.38194,0.68281,0.32222,0.67422,0.29306,0.66016,0.27083,0.69688,0.39861,0.70703,0.33889,0.70156,0.30833,0.68906,0.29028,0.71328,0.43056,0.72031,0.38056,0.71797,0.35000,0.70859,0.32778,0.62796,0.77216,0.9998,0.73397,1.00000,0.8889,0.67900,0.58462,0.9967,0.67181,0.67157,0.65703,0.58194,124.99,0.9936,live,0.0814,0.0871,65.79,755.16
156483.800867,100.0,0.1295,4,1,1,0.66016,0.57778,0.63203,0.52222,0.62187,0.45278,0.62422,0.39028,0.63516,0.34167,0.65625,0.38194,0.65547,0.33056,0.64609,0.30833,0.63438,0.29167,0.67891,0.37917,0.68203,0.31667,0.67500,0.28472,0.66094,0.26111,0.69766,0.39444,0.70703,0.33056,0.70156,0.29722,0.68906,0.27500,0.71406,0.42361,0.72109,0.37361,0.71797,0.34028,0.70937,0.31389,0.62606,0.76921,0.9998,0.73234,1.00000,0.8898,0.67713,0.57486,0.9968,0.66948,0.65281,0.66016,0.57778,124.16,0.9908,live,0.0814,0.1054,79.44,753.94
156483.866718,100.0,0.2392,4,1,1,0.66328,0.58333,0.63516,0.52778,0.62578,0.45972,0.62813,0.40139,0.63672,0.35139,0.65938,0.38611,0.65859,0.33611,0.64922,0.31389,0.63750,0.30000,0.68125,0.38472,0.68594,0.32361,0.67891,0.29167,0.66406,0.27361,0.70156,0.40000,0.71094,0.33889,0.70469,0.30556,0.69063,0.28611,0.71797,0.42778,0.72578,0.37917,0.72188,0.34722,0.71172,0.32361,0.62641,0.76841,0.9998,0.73093,1.00000,0.8901,0.67462,0.57212,0.9969,0.66824,0.63891,0.66328,0.58333,124.94,0.9916,live,0.0881,0.1186,89.38,753.43
156483.934365,100.0,0.3520,4,1,1,0.66484,0.60556,0.63750,0.54861,0.62969,0.48056,0.63203,0.42222,0.64297,0.37500,0.66406,0.40972,0.66484,0.35833,0.65547,0.33333,0.64375,0.32083,0.68594,0.40972,0.69141,0.34861,0.68437,0.31667,0.67031,0.29722,0.70547,0.42500,0.71484,0.36250,0.71016,0.32917,0.69688,0.30972,0.72422,0.45417,0.73281,0.40417,0.72891,0.37222,0.71719,0.35139,0.62635,0.76852,0.9998,0.72940,1.00000,0.8883,0.67493,0.57291,0.9970,0.66756,0.63224,0.66484,0.60556,125.21,0.9939,live,0.0941,0.1211,91.24,753.16
156484.001086,100.0,0.4632,4,1,1,0.66953,0.63750,0.64375,0.57778,0.63750,0.51528,0.63984,0.45833,0.64922,0.41111,0.67109,0.43889,0.67109,0.39028,0.66328,0.36806,0.65234,0.35694,0.69297,0.44028,0.69844,0.37917,0.69219,0.35278,0.67734,0.33750,0.71250,0.45556,0.72344,0.39583,0.71953,0.36528,0.70625,0.35000,0.73047,0.48889,0.73984,0.43889,0.73750,0.40972,0.72734,0.38889,0.62275,0.77192,0.9998,0.73006,1.00000,0.8936,0.67741,0.60533,0.9972,0.66795,0.63329,0.66953,0.63750,126.16,0.9935,live,0.0941,0.1142,86.06,753.62
156484.067933,100.0,0.5746,4,1,1,0.67578,0.67639,0.65000,0.61944,0.64297,0.55833,0.64687,0.50417,0.65781,0.46111,0.68203,0.47917,0.68125,0.43333,0.67344,0.41250,0.66250,0.40556,0.70469,0.48056,0.71328,0.42222,0.70703,0.39444,0.69063,0.38194,0.72344,0.50000,0.73750,0.44167,0.73438,0.40972,0.72031,0.40278,0.74062,0.53611,0.75156,0.49028,0.75078,0.46250,0.74062,0.44861,0.62401,0.77248,0.9998,0.73187,1.00000,0.8936,0.69540,0.67790,0.9972,0.66952,0.64191,0.67578,0.67639,126.05,0.9931,live,0.0941,0.1012,76.32,753.94
156484.134493,100.0,0.6855,4,1,1,0.68203,0.71944,0.65625,0.66111,0.64687,0.60000,0.65000,0.55000,0.66328,0.51111,0.68828,0.52083,0.68828,0.47361,0.68125,0.45556,0.67031,0.45417,0.71172,0.52361,0.72188,0.46528,0.71562,0.44167,0.69922,0.43750,0.73203,0.54583,0.74766,0.48750,0.74297,0.45833,0.72891,0.45278,0.74766,0.58472,0.76094,0.54167,0.76016,0.51528,0.75156,0.50278,0.62456,0.77343,0.9998,0.74517,1.00000,0.8935,0.70244,0.72341,0.9972,0.67202,0.65742,0.68203,0.71944,126.60,0.9907,live,0.0941,0.0825,62.22,754.62
156484.201137,100.0,0.7966,4,1,1,0.68437,0.75000,0.66016,0.69167,0.65234,0.63333,0.65469,0.58611,0.67031,0.54861,0.69141,0.54861,0.69609,0.50139,0.68906,0.48611,0.67812,0.49167,0.71719,0.55556,0.72891,0.49861,0.72344,0.48056,0.70859,0.47639,0.73672,0.57917,0.75234,0.52778,0.75156,0.50278,0.73984,0.50139,0.75313,0.62361,0.76641,0.58333,0.76641,0.55833,0.75781,0.54722,0.62457,0.77668,0.9998,0.74022,1.00000,0.8946,0.70369,0.75211,0.9972,0.67449,0.67594,0.68437,0.75000,128.43,0.9970,live,0.0880,0.0603,45.59,756.54
156484.267631,100.0,0.9074,4,1,1,0.68672,0.76389,0.66328,0.70833,0.65469,0.64722,0.65625,0.59861,0.67344,0.56250,0.69375,0.56250,0.70000,0.51250,0.69297,0.49722,0.68281,0.50694,0.71875,0.56944,0.73281,0.50833,0.72734,0.49028,0.71406,0.49583,0.73906,0.59444,0.75781,0.53889,0.75781,0.51250,0.74687,0.51806,0.75625,0.63889,0.77109,0.59722,0.77187,0.57083,0.76406,0.56389,0.62393,0.77659,0.9998,0.74431,1.00000,0.8944,0.70615,0.75905,0.9971,0.67694,0.69353,0.68672,0.76389,128.70,0.9973,live,0.0830,0.0603,45.73,758.42
156484.334416,100.0,0.0187,4,2,0,0.68750,0.76667,0.66406,0.71111,0.65547,0.65000,0.65625,0.60139,0.67422,0.56528,0.69453,0.56250,0.70000,0.51389,0.69297,0.49861,0.68359,0.50694,0.71953,0.57083,0.73438,0.50833,0.72734,0.49167,0.71328,0.49722,0.73984,0.59583,0.75938,0.53889,0.75703,0.51389,0.74453,0.52361,0.75703,0.64028,0.77266,0.59583,0.77344,0.56944,0.76250,0.56806,0.62363,0.77611,0.9998,0.74495,1.00000,0.8917,0.70682,0.76213,0.9969,0.67905,0.70815,0.68750,0.76667,129.76,0.9970,live,0.0830,0.0744,56.60,760.84
156484.401184,100.0,0.1300,4,2,0,0.68750,0.76528,0.66406,0.70972,0.65547,0.64861,0.65625,0.60000,0.67500,0.56389,0.69531,0.56111,0.70000,0.51111,0.69219,0.49444,0.68203,0.50278,0.72031,0.56806,0.73516,0.50556,0.72813,0.48611,0.71328,0.49167,0.74141,0.59306,0.76016,0.53472,0.75781,0.50972,0.74531,0.52222,0.75781,0.63750,0.77344,0.59306,0.77422,0.56667,0.76328,0.56528,0.62334,0.77676,0.9998,0.75072,1.00000,0.8908,0.71064,0.75871,0.9967,0.68074,0.71958,0.68750,0.76528,130.30,0.9968,live,0.0830,0.0853,65.11,763.36
156484.467854,100.0,0.2411,4,2,0,0.68828,0.76528,0.66406,0.70833,0.65547,0.64583,0.65625,0.59583,0.67500,0.55972,0.69609,0.55833,0.70000,0.50972,0.69141,0.49306,0.68203,0.50000,0.72031,0.56528,0.73359,0.50278,0.72734,0.48472,0.71328,0.49167,0.74062,0.58889,0.75938,0.53194,0.75703,0.50833,0.74453,0.52083,0.75781,0.63333,0.77266,0.58750,0.77266,0.56250,0.76328,0.56389,0.62638,0.77732,0.9998,0.75123,1.00000,0.8887,0.71084,0.76482,0.9967,0.68225,0.72872,0.68828,0.76528,131.23,0.9964,live,0.0830,0.0939,71.96,766.24
156484.534482,100.0,0.3522,4,2,0,0.68672,0.76250,0.66328,0.70556,0.65391,0.64583,0.65469,0.59722,0.67188,0.55972,0.69453,0.55556,0.69844,0.50833,0.69063,0.49306,0.68125,0.50000,0.71875,0.56250,0.73203,0.50000,0.72500,0.48472,0.71094,0.49167,0.73906,0.58611,0.75703,0.53056,0.75469,0.50694,0.74297,0.52222,0.75703,0.63056,0.77109,0.58611,0.77031,0.55972,0.76094,0.56111,0.62715,0.77966,0.9998,0.75183,1.00000,0.8903,0.71067,0.76422,0.9966,0.68314,0.73548,0.68672,0.76250,131.61,0.9971,live,0.0830,0.0989,76.10,769.05
156484.601464,100.0,0.4638,4,2,0,0.67812,0.75833,0.65469,0.70000,0.64531,0.64028,0.64844,0.59306,0.66328,0.55556,0.68594,0.55417,0.69063,0.50556,0.68125,0.49167,0.67109,0.50000,0.71172,0.55972,0.72344,0.49861,0.71484,0.48194,0.69844,0.48889,0.73203,0.58333,0.75078,0.52917,0.74609,0.50278,0.73281,0.51111,0.74922,0.62639,0.76328,0.58333,0.76094,0.55694,0.75000,0.55278,0.62910,0.77967,0.9998,0.75037,1.00000,0.8925,0.71006,0.76526,0.9967,0.68214,0.74005,0.67812,0.75833,131.12,0.9976,live,0.0830,0.0944,72.78,771.17
156484.667748,100.0,0.5743,4,2,0,0.66328,0.75417,0.63984,0.70139,0.62813,0.63750,0.62969,0.59028,0.64375,0.55417,0.66797,0.55694,0.67266,0.50417,0.65938,0.49167,0.64453,0.50417,0.69141,0.56250,0.70391,0.49722,0.68750,0.48333,0.66953,0.50000,0.71172,0.58611,0.73047,0.52222,0.71562,0.50417,0.69922,0.51667,0.72891,0.62639,0.74453,0.57639,0.73359,0.55833,0.71797,0.56528,0.62794,0.77921,0.9998,0.74576,1.00000,0.8925,0.69829,0.76588,0.9967,0.67837,0.74287,0.66328,0.75417,125.49,0.9943,live,0.0830,0.0972,74.75,768.99
156484.734619,100.0,0.6857,4,2,0,0.64219,0.75417,0.61641,0.70417,0.60234,0.64444,0.60000,0.59583,0.61016,0.55833,0.63984,0.56111,0.64297,0.50139,0.62422,0.49306,0.60859,0.50417,0.66094,0.56528,0.67031,0.49167,0.64844,0.48472,0.63047,0.50139,0.68125,0.58611,0.69766,0.51528,0.67734,0.50278,0.66016,0.51528,0.69844,0.62361,0.71094,0.56667,0.69453,0.55278,0.67812,0.56111,0.62612,0.77721,0.9998,0.72710,1.00000,0.8964,0.67315,0.75548,0.9968,0.67113,0.74513,0.64219,0.75417,120.75,0.9954,live,0.0830,0.0683,52.14,763.65
156484.801294,100.0,0.7968,4,2,0,0.62266,0.75000,0.59531,0.69861,0.57891,0.63889,0.57500,0.59167,0.57969,0.54861,0.61172,0.55556,0.60938,0.49722,0.58984,0.49167,0.57344,0.50278,0.63281,0.56111,0.63750,0.48750,0.61719,0.47778,0.59922,0.48889,0.65312,0.58194,0.66484,0.50972,0.64531,0.49722,0.62734,0.50278,0.67188,0.61806,0.67969,0.55972,0.66484,0.54583,0.64844,0.55000,0.62615,0.77701,0.9998,0.71686,1.00000,0.9013,0.65444,0.75379,0.9969,0.66144,0.74610,0.62266,0.75000,120.12,0.9951,live,0.0830,0.0619,46.96,758.50
156484.867884,100.0,0.9078,4,2,0,0.61016,0.73611,0.58203,0.69306,0.56328,0.62917,0.55625,0.58472,0.56094,0.54167,0.59297,0.54583,0.58984,0.48194,0.57031,0.48056,0.55312,0.49583,0.61328,0.55139,0.61875,0.47083,0.59766,0.46528,0.57891,0.48333,0.63359,0.57083,0.64375,0.49444,0.62266,0.48194,0.60469,0.49583,0.65234,0.60556,0.66016,0.54444,0.64375,0.52917,0.62656,0.53611,0.62567,0.77673,0.9998,0.71093,1.00000,0.9048,0.63463,0.74374,0.9969,0.65118,0.74411,0.61016,0.73611,116.89,0.9956,live,0.0830,0.0655,49.20,751.64
156484.934680,100.0,0.0192,4,3,0,0.60391,0.72500,0.57422,0.68194,0.55547,0.62083,0.54844,0.57639,0.55000,0.52917,0.58437,0.53889,0.58047,0.47500,0.56250,0.47083,0.54453,0.48611,0.60469,0.54306,0.60781,0.46250,0.58750,0.45278,0.56797,0.46806,0.62422,0.56250,0.63359,0.48333,0.61484,0.46667,0.59609,0.47639,0.64297,0.59722,0.65000,0.53472,0.63516,0.51806,0.61797,0.52083,0.62461,0.77584,0.9998,0.70750,1.00000,0.9023,0.62128,0.71829,0.9969,0.64173,0.74028,0.60391,0.72500,114.50,0.9967,live,0.0830,0.0757,56.35,743.88
156485.001286,100.0,0.1302,4,3,0,0.60313,0.72222,0.57344,0.67917,0.55469,0.61528,0.54766,0.56944,0.54922,0.52361,0.58281,0.53333,0.57734,0.47639,0.56016,0.46806,0.54219,0.47917,0.60391,0.53472,0.60625,0.45972,0.58594,0.44861,0.56563,0.46389,0.62422,0.55417,0.63359,0.47778,0.61328,0.46250,0.59375,0.47083,0.64219,0.58889,0.64844,0.52778,0.63281,0.50972,0.61484,0.51389,0.62523,0.77911,0.9998,0.70767,1.00000,0.9060,0.62288,0.71379,0.9970,0.63401,0.73667,0.60313,0.72222,116.90,0.9973,live,0.0830,0.0868,64.13,738.78
156485.067890,100.0,0.2412,4,3,0,0.60703,0.72361,0.57734,0.67917,0.55859,0.61528,0.55312,0.56806,0.55312,0.52222,0.58750,0.52917,0.58359,0.47222,0.56563,0.46528,0.54844,0.47639,0.60781,0.53194,0.60938,0.45972,0.59062,0.44861,0.57109,0.46111,0.62813,0.55139,0.63750,0.47639,0.61875,0.46111,0.59922,0.46667,0.64687,0.58611,0.65312,0.52778,0.63984,0.50833,0.62266,0.50833,0.62375,0.77912,0.9998,0.70853,1.00000,0.9058,0.62179,0.70399,0.9970,0.62861,0.73406,0.60703,0.72361,119.48,0.9979,live,0.0830,0.0955,70.34,736.15
156485.134538,100.0,0.3523,4,3,0,0.61641,0.72361,0.58750,0.67917,0.57031,0.61667,0.56484,0.57083,0.56484,0.52361,0.60078,0.53056,0.59375,0.47361,0.57578,0.46806,0.55781,0.48056,0.62031,0.53333,0.62266,0.46111,0.60391,0.44722,0.58359,0.45972,0.64062,0.55278,0.65000,0.47917,0.63203,0.46250,0.61250,0.46806,0.65938,0.58889,0.66719,0.52917,0.65391,0.51111,0.63750,0.50972,0.62385,0.77035,0.9998,0.71229,1.00000,0.8991,0.62785,0.71165,0.9967,0.62617,0.73197,0.61641,0.72361,118.75,0.9974,live,0.0830,0.0987,72.36,733.31
156485.201459,100.0,0.4638,4,3,0,0.63438,0.72778,0.60703,0.68194,0.59141,0.61944,0.58672,0.57222,0.59141,0.52917,0.62109,0.53750,0.61797,0.48056,0.60313,0.47083,0.58750,0.47917,0.64219,0.53750,0.64766,0.46667,0.62969,0.45278,0.61172,0.46528,0.66250,0.55694,0.67266,0.48472,0.65703,0.46806,0.63984,0.47639,0.68125,0.59167,0.69063,0.53472,0.67891,0.51528,0.66328,0.51806,0.62308,0.76898,0.9998,0.71466,1.00000,0.9016,0.64536,0.71165,0.9967,0.62781,0.73113,0.63438,0.72778,119.16,0.9943,live,0.0830,0.0991,72.45,731.11
156485.268092,100.0,0.5748,4,3,0,0.65859,0.73750,0.63281,0.68611,0.61953,0.62361,0.61719,0.57639,0.62422,0.53472,0.65156,0.54028,0.65391,0.48472,0.64062,0.47361,0.62500,0.48194,0.67344,0.54306,0.68203,0.47500,0.66484,0.45972,0.64609,0.47500,0.69375,0.56250,0.71016,0.49444,0.69531,0.47639,0.67812,0.48611,0.71250,0.59861,0.72656,0.54306,0.71406,0.52500,0.69766,0.53194,0.62263,0.76992,0.9998,0.71513,1.00000,0.8988,0.67820,0.72398,0.9967,0.63397,0.73241,0.65859,0.73750,123.41,0.9936,live,0.0830,0.0800,58.55,732.23
156485.334588,100.0,0.6857,4,3,0,0.68437,0.74583,0.66016,0.68750,0.64766,0.62639,0.65000,0.57778,0.66328,0.54028,0.68750,0.54306,0.69297,0.49167,0.68359,0.47778,0.67109,0.48333,0.71094,0.54722,0.72500,0.48472,0.71172,0.46667,0.69375,0.47917,0.73203,0.57083,0.75156,0.50972,0.74297,0.48750,0.72734,0.49861,0.74922,0.60972,0.76562,0.56667,0.76094,0.54444,0.74844,0.54444,0.62359,0.77002,0.9998,0.74229,1.00000,0.8958,0.70461,0.73484,0.9966,0.64405,0.73509,0.68437,0.74583,128.48,0.9906,live,0.0830,0.0795,58.55,736.87
156485.401657,100.0,0.7975,4,3,0,0.70469,0.75000,0.68047,0.69306,0.67266,0.62639,0.68047,0.57639,0.69609,0.54167,0.71406,0.54722,0.72031,0.49583,0.71562,0.48056,0.70703,0.49167,0.73906,0.55278,0.75391,0.49444,0.75000,0.47222,0.73594,0.47917,0.76016,0.57778,0.77812,0.52222,0.77969,0.49583,0.77109,0.49583,0.77891,0.61806,0.79531,0.57917,0.79766,0.55417,0.79219,0.54306,0.62363,0.77146,0.9998,0.74783,1.00000,0.8901,0.72538,0.73744,0.9960,0.65618,0.73807,0.70469,0.75000,131.73,0.9856,live,0.0776,0.0532,39.53,743.29
156485.468070,100.0,0.9081,4,3,0,0.72422,0.75417,0.70000,0.70000,0.69297,0.63472,0.70469,0.58472,0.72031,0.54722,0.73203,0.55417,0.73516,0.50278,0.73672,0.48333,0.73594,0.48750,0.75859,0.55833,0.77031,0.50139,0.77422,0.47778,0.77109,0.47917,0.78047,0.58194,0.79688,0.52917,0.80234,0.50417,0.80000,0.51111,0.79922,0.62083,0.81719,0.58333,0.82266,0.55972,0.81875,0.55694,0.62318,0.77510,0.9998,0.73468,1.00000,0.8864,0.74263,0.74248,0.9958,0.66979,0.74129,0.72422,0.75417,131.58,0.9826,live,0.0776,0.0752,56.30,748.83
156485.535086,100.0,0.0198,4,4,0,0.73516,0.75417,0.71250,0.69444,0.70781,0.62917,0.72031,0.57639,0.73984,0.53889,0.74297,0.55278,0.74844,0.50000,0.75234,0.48333,0.75234,0.49167,0.77031,0.56111,0.78359,0.50556,0.78984,0.48333,0.78672,0.48194,0.79219,0.58611,0.80937,0.53472,0.81719,0.50972,0.81484,0.51111,0.81172,0.62361,0.82969,0.58611,0.83672,0.56250,0.83516,0.55556,0.62422,0.77449,0.9998,0.74361,1.00000,0.8835,0.74622,0.75265,0.9957,0.68286,0.74387,0.73516,0.75417,132.24,0.9912,live,0.0776,0.0970,73.14,754.18
156485.601708,100.0,0.1309,4,4,0,0.73984,0.75556,0.71875,0.69028,0.71641,0.62639,0.73203,0.57361,0.75078,0.53333,0.75078,0.55278,0.75547,0.50556,0.76094,0.49028,0.76484,0.49028,0.77891,0.56250,0.79219,0.50833,0.79844,0.48889,0.80000,0.48056,0.80000,0.58611,0.81719,0.53750,0.82500,0.51389,0.82422,0.51250,0.81875,0.62361,0.83594,0.58750,0.84375,0.56389,0.84453,0.55139,0.62488,0.77679,0.9998,0.74142,1.00000,0.8830,0.76010,0.75082,0.9956,0.69426,0.74620,0.73984,0.75556,133.47,0.9898,live,0.0845,0.1156,87.82,759.78
156485.668227,100.0,0.2417,4,4,0,0.74297,0.75278,0.72109,0.69028,0.71875,0.62500,0.73438,0.57222,0.75313,0.52778,0.75391,0.55278,0.75938,0.50139,0.76406,0.48333,0.76797,0.48611,0.78125,0.56250,0.79453,0.50694,0.80156,0.48472,0.80391,0.47917,0.80234,0.58611,0.81953,0.53750,0.82812,0.51111,0.82891,0.50972,0.82109,0.62361,0.83828,0.58889,0.84766,0.56389,0.85000,0.55139,0.62561,0.77758,0.9998,0.75090,1.00000,0.8819,0.75915,0.75033,0.9955,0.70400,0.74752,0.74297,0.75278,131.68,0.9849,live,0.0929,0.1314,100.32,763.42
156485.735111,100.0,0.3532,4,4,0,0.73984,0.74861,0.71719,0.68611,0.71250,0.62083,0.72578,0.56528,0.74453,0.52500,0.74844,0.54861,0.75313,0.49583,0.75781,0.47639,0.76016,0.48056,0.77578,0.55556,0.78906,0.49861,0.79453,0.47222,0.79297,0.46944,0.79766,0.57917,0.81406,0.52778,0.82188,0.49861,0.81797,0.50278,0.81719,0.61389,0.83516,0.57500,0.84219,0.54722,0.83906,0.54167,0.62548,0.77818,0.9998,0.75097,1.00000,0.8803,0.75689,0.73972,0.9956,0.71117,0.74774,0.73984,0.74861,132.30,0.9894,live,0.1014,0.1400,107.36,767.06
156485.801553,100.0,0.4639,4,4,0,0.72969,0.73333,0.70547,0.67500,0.69844,0.60833,0.71016,0.55417,0.72734,0.51528,0.73516,0.53750,0.73906,0.48750,0.74141,0.46806,0.74141,0.46806,0.76172,0.54167,0.77344,0.48472,0.77812,0.45833,0.77500,0.45556,0.78438,0.56250,0.80156,0.50972,0.80625,0.48194,0.80156,0.48611,0.80391,0.59722,0.82031,0.55694,0.82578,0.53056,0.82188,0.52500,0.62555,0.77750,0.9998,0.75150,1.00000,0.8793,0.75480,0.73154,0.9955,0.71487,0.74486,0.72969,0.73333,129.89,0.9873,live,0.1075,0.1355,104.14,768.54
156485.868244,100.0,0.5751,4,4,0,0.71250,0.71250,0.68984,0.65417,0.68125,0.58889,0.68828,0.53472,0.70469,0.49444,0.71953,0.51944,0.72266,0.46944,0.71875,0.44861,0.71172,0.44444,0.74375,0.52222,0.75547,0.46528,0.75313,0.44028,0.74297,0.43333,0.76484,0.54167,0.78047,0.48472,0.77969,0.45833,0.77109,0.45278,0.78281,0.57639,0.79688,0.53056,0.79922,0.50278,0.79531,0.48750,0.62796,0.77323,0.9998,0.75318,1.00000,0.8783,0.73989,0.72099,0.9955,0.71440,0.73839,0.71250,0.71250,126.46,0.9853,live,0.1075,0.1187,91.11,767.37
156485.935135,100.0,0.6866,4,4,0,0.69609,0.68056,0.66953,0.62083,0.66094,0.55694,0.66641,0.50417,0.68047,0.46528,0.70000,0.48472,0.70156,0.43611,0.69531,0.41667,0.68594,0.41111,0.72344,0.48472,0.73359,0.42778,0.72734,0.40278,0.71250,0.39444,0.74297,0.50139,0.75781,0.44583,0.75391,0.41667,0.73984,0.40833,0.76016,0.53611,0.77187,0.49167,0.77266,0.46528,0.76484,0.44861,0.62684,0.77324,0.9998,0.75831,1.00000,0.8790,0.73032,0.70671,0.9956,0.71074,0.72682,0.69609,0.68056,126.06,0.9873,live,0.1075,0.1000,76.62,766.05
156486.002025,100.0,0.7981,4,4,0,0.68203,0.63750,0.65469,0.57917,0.64609,0.51944,0.64922,0.46806,0.65938,0.42500,0.68203,0.44167,0.68125,0.39444,0.67344,0.37083,0.66328,0.35972,0.70391,0.44167,0.71016,0.38333,0.70234,0.35833,0.68594,0.34583,0.72344,0.45833,0.73359,0.40000,0.72813,0.37083,0.71328,0.36111,0.74062,0.49028,0.74922,0.44167,0.74687,0.41389,0.73750,0.39722,0.62637,0.77188,0.9998,0.74629,1.00000,0.8789,0.71072,0.64577,0.9957,0.70500,0.70896,0.68203,0.63750,124.34,0.9914,live,0.1075,0.0840,64.11,763.65
156486.068498,100.0,0.9089,4,4,0,0.67031,0.60000,0.64375,0.54306,0.63516,0.47778,0.63750,0.42361,0.64609,0.37778,0.66875,0.40139,0.66719,0.35556,0.65859,0.32917,0.64844,0.30972,0.68984,0.40278,0.69453,0.34444,0.68594,0.31528,0.67109,0.30000,0.70859,0.41806,0.71719,0.35833,0.71094,0.32917,0.69766,0.31528,0.72578,0.44861,0.73281,0.39861,0.72969,0.36944,0.72031,0.34861,0.62530,0.76980,0.9998,0.74165,1.00000,0.8813,0.69784,0.61162,0.9958,0.69806,0.68716,0.67031,0.60000,124.45,0.9934,live,0.1023,0.0786,59.84,761.61
156486.135144,100.0,0.0199,4,1,1,0.66797,0.57361,0.63906,0.51667,0.62813,0.45000,0.62969,0.39167,0.63828,0.34306,0.66250,0.37361,0.65859,0.32361,0.65000,0.29583,0.63984,0.27361,0.68359,0.37361,0.68594,0.31389,0.67734,0.28333,0.66328,0.26528,0.70156,0.38889,0.70859,0.32639,0.70156,0.29583,0.68828,0.27917,0.71797,0.41667,0.72422,0.36389,0.72031,0.33333,0.71016,0.31250,0.62308,0.76902,0.9998,0.74125,1.00000,0.8866,0.68722,0.57526,0.9960,0.69204,0.66445,0.66797,0.57361,124.22,0.9915,live,0.1023,0.0878,66.71,759.66
156486.202756,100.0,0.1326,4,1,1,0.66641,0.55833,0.63750,0.50278,0.62578,0.43333,0.62656,0.37500,0.63750,0.32500,0.65781,0.35972,0.65547,0.30694,0.64687,0.27917,0.63594,0.25556,0.67969,0.35694,0.68203,0.29444,0.67344,0.26528,0.65859,0.24722,0.69766,0.37083,0.70547,0.30694,0.69844,0.27639,0.68437,0.26250,0.71406,0.40000,0.71953,0.34583,0.71562,0.31250,0.70469,0.29028,0.61811,0.76749,0.9998,0.73770,1.00000,0.8853,0.68720,0.54757,0.9961,0.68691,0.64323,0.66641,0.55833,124.08,0.9904,live,0.1023,0.1099,83.32,757.84
156486.269654,100.0,0.2441,4,1,1,0.66797,0.55833,0.63750,0.50139,0.62656,0.43333,0.62656,0.37222,0.63594,0.32083,0.65781,0.36250,0.65469,0.31111,0.64609,0.28194,0.63516,0.25694,0.67891,0.35833,0.68047,0.29722,0.67266,0.26667,0.65781,0.25000,0.69688,0.37083,0.70469,0.30833,0.69766,0.27639,0.68203,0.26111,0.71406,0.39583,0.71953,0.34444,0.71484,0.31250,0.70391,0.29028,0.61752,0.76724,0.9998,0.73780,0.98401,0.8839,0.68706,0.54377,0.9962,0.68312,0.62625,0.66797,0.55833,123.30,0.9876,live,0.1069,0.1276,96.45,755.68
156486.335604,100.0,0.3540,4,1,1,0.66719,0.56944,0.63750,0.51528,0.62734,0.44861,0.62813,0.39028,0.63750,0.34028,0.65859,0.37361,0.65625,0.32222,0.64766,0.29306,0.63594,0.27083,0.68047,0.37083,0.68203,0.30972,0.67344,0.27778,0.65859,0.26250,0.69922,0.38333,0.70625,0.32083,0.69844,0.28889,0.68281,0.27222,0.71719,0.40833,0.72266,0.35833,0.71719,0.32639,0.70547,0.30417,0.61659,0.76733,0.9998,0.73791,0.99410,0.8846,0.68434,0.55006,0.9963,0.67994,0.61489,0.66719,0.56944,124.24,0.9872,live,0.1124,0.1375,103.71,754.45
156486.401729,100.0,0.4642,4,1,1,0.67031,0.59861,0.64062,0.54306,0.63125,0.47500,0.63203,0.41667,0.63984,0.36806,0.66250,0.40000,0.66094,0.34722,0.65156,0.31944,0.64062,0.30000,0.68359,0.39861,0.68750,0.33750,0.67891,0.30694,0.66406,0.29167,0.70312,0.41389,0.71094,0.34861,0.70312,0.31667,0.68750,0.30000,0.72109,0.44167,0.72813,0.38889,0.72344,0.35694,0.71172,0.33611,0.61692,0.76725,0.9998,0.73746,0.99822,0.8877,0.68525,0.55818,0.9965,0.67801,0.61163,0.67031,0.59861,124.87,0.9929,live,0.1124,0.1359,102.46,753.83
156486.468602,100.0,0.5757,4,1,1,0.67266,0.63750,0.64687,0.58056,0.63672,0.51806,0.63672,0.46250,0.64687,0.41667,0.66797,0.43750,0.66719,0.39028,0.65781,0.36250,0.64766,0.34444,0.68984,0.43889,0.69531,0.37639,0.68672,0.35000,0.67188,0.33611,0.70937,0.45556,0.71953,0.39306,0.71250,0.36389,0.69688,0.35278,0.72734,0.48889,0.73594,0.43472,0.73125,0.40417,0.71953,0.38750,0.61796,0.76718,0.9998,0.73774,1.00000,0.8886,0.69333,0.60772,0.9966,0.67694,0.61681,0.67266,0.63750,125.30,0.9943,live,0.1124,0.1241,93.54,753.58
156486.535449,100.0,0.6871,4,1,1,0.67812,0.68472,0.65156,0.63333,0.64219,0.57361,0.64453,0.52361,0.65312,0.48056,0.67656,0.48611,0.67578,0.44028,0.66875,0.41806,0.65859,0.40833,0.70000,0.48889,0.70547,0.43056,0.69922,0.40694,0.68516,0.39444,0.71875,0.50694,0.73047,0.44861,0.72578,0.42222,0.71406,0.41389,0.73672,0.54444,0.74687,0.49583,0.74453,0.46806,0.73438,0.45000,0.62341,0.76651,0.9998,0.73779,1.00000,0.8920,0.70745,0.68971,0.9968,0.67718,0.63039,0.67812,0.68472,125.07,0.9922,live,0.1124,0.1045,78.74,753.20
156486.604100,100.0,0.8015,4,1,1,0.68516,0.73194,0.65859,0.67917,0.64766,0.62083,0.64922,0.57361,0.66016,0.53056,0.68281,0.53194,0.68281,0.48611,0.67656,0.46528,0.66719,0.45833,0.70625,0.53611,0.71328,0.47917,0.70781,0.45833,0.69453,0.45139,0.72656,0.55833,0.73984,0.50278,0.73672,0.47917,0.72500,0.47361,0.74375,0.59861,0.75625,0.55694,0.75547,0.53194,0.74766,0.51667,0.62382,0.77008,0.9998,0.74181,1.00000,0.8947,0.70762,0.73983,0.9967,0.67877,0.65070,0.68516,0.73194,125.25,0.9948,live,0.1067,0.0807,60.73,753.00
156486.669275,100.0,0.9102,4,1,1,0.68828,0.75694,0.66328,0.70417,0.65391,0.65000,0.65312,0.60417,0.66641,0.56528,0.68750,0.55694,0.69063,0.51111,0.68516,0.49444,0.67812,0.49306,0.71172,0.56250,0.72109,0.50417,0.71797,0.48889,0.70625,0.48611,0.73203,0.58472,0.74531,0.53333,0.74531,0.50972,0.73594,0.51528,0.75078,0.62917,0.76328,0.58750,0.76328,0.56389,0.75469,0.55556,0.62385,0.77242,0.9998,0.75177,1.00000,0.8931,0.70892,0.76030,0.9966,0.68068,0.67195,0.68828,0.75694,126.34,0.9975,live,0.0988,0.0631,47.53,753.60
156486.735832,100.0,0.0211,4,2,0,0.69141,0.76667,0.66563,0.71528,0.65625,0.65833,0.65625,0.61111,0.67109,0.57222,0.69141,0.56528,0.69531,0.51667,0.68828,0.50139,0.67969,0.50833,0.71641,0.56944,0.72734,0.50972,0.72188,0.49306,0.70937,0.50000,0.73750,0.59306,0.75313,0.53889,0.75156,0.51389,0.74062,0.52222,0.75625,0.63611,0.76953,0.59722,0.76953,0.57222,0.76016,0.56667,0.62575,0.77295,0.9998,0.75741,1.00000,0.8889,0.71435,0.76989,0.9963,0.68282,0.69089,0.69141,0.76667,128.34,0.9980,live,0.0988,0.0774,58.48,755.58
156486.802871,100.0,0.1328,4,2,0,0.69141,0.76806,0.66797,0.71944,0.65859,0.65972,0.65703,0.61250,0.67344,0.57222,0.69375,0.56528,0.70000,0.51528,0.69219,0.49722,0.68281,0.50417,0.71875,0.57222,0.73125,0.50833,0.72422,0.49167,0.70937,0.50000,0.73984,0.59583,0.75625,0.53889,0.75313,0.51389,0.74062,0.52500,0.75781,0.64167,0.77187,0.59583,0.77109,0.56944,0.76016,0.56806,0.62594,0.77505,0.9998,0.76974,1.00000,0.8897,0.71563,0.76395,0.9963,0.68454,0.70633,0.69141,0.76806,128.64,0.9978,live,0.0988,0.0909,68.87,757.53
156486.869125,100.0,0.2432,4,2,0,0.69219,0.76944,0.66797,0.71944,0.65938,0.65972,0.65859,0.61250,0.67344,0.56944,0.69531,0.56389,0.70234,0.51528,0.69453,0.49722,0.68437,0.50278,0.72109,0.57222,0.73359,0.50833,0.72578,0.49306,0.71016,0.49861,0.74141,0.59583,0.75859,0.53889,0.75547,0.51389,0.74219,0.52361,0.75938,0.64028,0.77344,0.59444,0.77344,0.56806,0.76328,0.56528,0.62564,0.77511,0.9998,0.77353,1.00000,0.8891,0.71806,0.76267,0.9962,0.68607,0.71895,0.69219,0.76944,130.05,0.9978,live,0.0988,0.1028,78.15,760.26
156486.935361,100.0,0.3536,4,2,0,0.69219,0.76667,0.66953,0.71667,0.66016,0.65833,0.65781,0.61111,0.67344,0.56944,0.69688,0.56250,0.70234,0.51389,0.69453,0.49583,0.68594,0.50139,0.72109,0.56944,0.73359,0.50556,0.72578,0.49028,0.71094,0.49583,0.74141,0.59306,0.75781,0.53750,0.75547,0.51111,0.74297,0.52500,0.75938,0.63750,0.77266,0.59167,0.77266,0.56389,0.76250,0.56389,0.62626,0.77636,0.9998,0.77255,1.00000,0.8877,0.71788,0.76424,0.9960,0.68729,0.72849,0.69219,0.76667,129.26,0.9980,live,0.0988,0.1118,85.18,762.10
156487.003038,100.0,0.4664,4,2,0,0.68750,0.76250,0.66484,0.71250,0.65625,0.65556,0.65469,0.60833,0.66953,0.56806,0.69219,0.56111,0.69766,0.51528,0.68828,0.49861,0.67969,0.50278,0.71719,0.56806,0.72813,0.50417,0.71875,0.49028,0.70391,0.49722,0.73750,0.58889,0.75391,0.53472,0.74922,0.50972,0.73828,0.52222,0.75469,0.63333,0.76719,0.58750,0.76562,0.56250,0.75703,0.55972,0.62671,0.77951,0.9998,0.77312,1.00000,0.8872,0.71780,0.76170,0.9959,0.68733,0.73529,0.68750,0.76250,128.07,0.9983,live,0.0988,0.1132,86.34,762.86
156487.068980,100.0,0.5763,4,2,0,0.67578,0.76111,0.65234,0.70972,0.64062,0.65139,0.64062,0.60417,0.65391,0.56528,0.67969,0.55972,0.68672,0.50972,0.67500,0.49583,0.66172,0.50417,0.70391,0.56667,0.71484,0.50278,0.70156,0.48611,0.68437,0.50000,0.72422,0.59028,0.74141,0.52917,0.73281,0.50694,0.71875,0.51528,0.74219,0.63194,0.75625,0.58611,0.75078,0.56250,0.73906,0.56111,0.62868,0.77906,0.9998,0.77252,1.00000,0.8879,0.71487,0.77036,0.9958,0.68502,0.74046,0.67578,0.76111,127.76,0.9976,live,0.0988,0.1052,80.31,763.30
156487.135875,100.0,0.6878,4,2,0,0.65859,0.75694,0.63359,0.70694,0.61719,0.65000,0.61562,0.60556,0.62578,0.56528,0.65469,0.56250,0.65859,0.50556,0.64297,0.49306,0.62891,0.50000,0.67734,0.56667,0.68672,0.49444,0.66797,0.48472,0.64922,0.50139,0.69844,0.58750,0.71250,0.51944,0.69609,0.50556,0.67891,0.51806,0.71641,0.62639,0.73125,0.57222,0.71953,0.55278,0.70312,0.55833,0.62631,0.77997,0.9998,0.76238,1.00000,0.8909,0.69626,0.76890,0.9959,0.67974,0.74375,0.65859,0.75694,122.56,0.9954,live,0.0988,0.0893,67.89,759.95
156487.202267,100.0,0.7985,4,2,0,0.63906,0.75000,0.61016,0.70278,0.59297,0.64306,0.59062,0.59722,0.59531,0.55694,0.62500,0.55556,0.62500,0.49444,0.60781,0.48750,0.59219,0.49583,0.64609,0.55833,0.65156,0.48333,0.63281,0.47639,0.61562,0.49167,0.66719,0.57778,0.67969,0.50833,0.66172,0.49583,0.64375,0.50556,0.68750,0.61389,0.69609,0.55833,0.68203,0.54444,0.66563,0.54861,0.62610,0.76567,0.9998,0.73995,1.00000,0.8897,0.67589,0.75508,0.9959,0.67160,0.74500,0.63906,0.75000,121.44,0.9953,live,0.0988,0.0937,70.82,756.19
156487.268968,100.0,0.9096,4,2,0,0.62109,0.73611,0.59062,0.69444,0.57266,0.63333,0.56641,0.58889,0.56484,0.54306,0.60078,0.54583,0.59609,0.47917,0.57656,0.47361,0.55937,0.48750,0.62187,0.55000,0.62500,0.47083,0.60391,0.46250,0.58672,0.48056,0.64219,0.56944,0.65078,0.49444,0.63125,0.48056,0.61250,0.49028,0.66172,0.60278,0.66875,0.54444,0.65391,0.52639,0.63672,0.53056,0.62536,0.76143,0.9998,0.72483,1.00000,0.8899,0.65078,0.74745,0.9958,0.66150,0.74323,0.62109,0.73611,117.69,0.9951,live,0.0988,0.0828,62.13,750.18
156487.335775,100.0,0.0210,4,3,0,0.61172,0.72222,0.58203,0.68194,0.56094,0.62361,0.55312,0.57917,0.55391,0.53194,0.58750,0.53333,0.58359,0.46944,0.56484,0.46250,0.54609,0.47361,0.60781,0.53750,0.60781,0.45833,0.58594,0.45139,0.56563,0.46667,0.62813,0.55556,0.63594,0.47917,0.61562,0.46389,0.59609,0.47222,0.64844,0.59028,0.65391,0.52917,0.63828,0.51250,0.62031,0.51528,0.62418,0.76379,0.9998,0.72526,1.00000,0.8921,0.63615,0.72513,0.9957,0.65154,0.73902,0.61172,0.72222,116.67,0.9970,live,0.0988,0.0808,60.14,744.17
156487.403174,100.0,0.1333,4,3,0,0.60938,0.71806,0.57812,0.67778,0.55859,0.61667,0.55156,0.57222,0.55000,0.52500,0.58594,0.52917,0.58125,0.46528,0.56250,0.45694,0.54297,0.46667,0.60625,0.53333,0.60625,0.45417,0.58359,0.44444,0.56250,0.45972,0.62578,0.55139,0.63359,0.47222,0.61250,0.45833,0.59219,0.46528,0.64531,0.58472,0.65000,0.52222,0.63359,0.50556,0.61562,0.50972,0.62367,0.77159,0.9998,0.72239,1.00000,0.8975,0.62414,0.70279,0.9959,0.64311,0.73483,0.60938,0.71806,116.17,0.9966,live,0.0988,0.0807,59.63,738.51
156487.469569,100.0,0.2440,4,3,0,0.61172,0.71528,0.58125,0.67361,0.56250,0.61250,0.55469,0.56667,0.55625,0.52222,0.58906,0.52361,0.58437,0.46250,0.56641,0.45278,0.54844,0.46111,0.60938,0.52639,0.60938,0.45139,0.58828,0.44028,0.56719,0.45278,0.62969,0.54444,0.63750,0.46806,0.61719,0.45278,0.59688,0.45972,0.64922,0.57917,0.65391,0.51806,0.63906,0.50000,0.62109,0.50139,0.62463,0.77130,0.9998,0.72403,1.00000,0.9029,0.62977,0.70587,0.9962,0.63683,0.73092,0.61172,0.71528,118.24,0.9974,live,0.0988,0.0894,65.73,735.01
156487.536228,100.0,0.3551,4,3,0,0.62187,0.71667,0.59219,0.67222,0.57500,0.61250,0.56875,0.56667,0.56719,0.51944,0.60078,0.52361,0.59531,0.46528,0.57891,0.45417,0.56172,0.46389,0.62187,0.52500,0.62266,0.45417,0.60547,0.44028,0.58750,0.45139,0.64219,0.54444,0.65078,0.47083,0.63359,0.45556,0.61406,0.46389,0.66094,0.57917,0.66719,0.51944,0.65391,0.50139,0.63672,0.50417,0.62401,0.77129,0.9998,0.72493,1.00000,0.9072,0.63325,0.70115,0.9963,0.63384,0.72807,0.62187,0.71667,119.32,0.9969,live,0.0988,0.0949,69.55,732.72
156487.603351,100.0,0.4669,4,3,0,0.63984,0.72500,0.61094,0.67917,0.59375,0.61667,0.58828,0.56944,0.59219,0.52500,0.62109,0.53333,0.61797,0.47917,0.60469,0.46250,0.59062,0.46389,0.64297,0.53472,0.64609,0.46528,0.62969,0.44861,0.61172,0.45833,0.66328,0.55139,0.67266,0.48194,0.65703,0.46528,0.63906,0.47222,0.68203,0.58472,0.69063,0.52917,0.67891,0.50833,0.66328,0.50833,0.62372,0.76606,0.9998,0.72559,1.00000,0.9010,0.65336,0.70113,0.9963,0.63504,0.72746,0.63984,0.72500,119.50,0.9947,live,0.0988,0.0913,66.72,730.83
156487.669651,100.0,0.5774,4,3,0,0.66016,0.73333,0.63438,0.68611,0.61875,0.62500,0.61406,0.57778,0.62031,0.53611,0.64844,0.54167,0.64922,0.48611,0.63594,0.46944,0.62109,0.47361,0.67031,0.54306,0.67578,0.47222,0.65781,0.45833,0.63906,0.47083,0.69141,0.55972,0.70391,0.49028,0.68750,0.47361,0.67031,0.48194,0.71094,0.59306,0.72422,0.53750,0.71250,0.51944,0.69609,0.52500,0.62487,0.76697,0.9998,0.74884,1.00000,0.9012,0.67918,0.72675,0.9963,0.64006,0.72863,0.66016,0.73333,121.17,0.9935,live,0.0988,0.0823,60.09,730.38
156487.736124,100.0,0.6882,4,3,0,0.68437,0.74444,0.65859,0.69167,0.64609,0.63056,0.64766,0.58194,0.66094,0.54583,0.68359,0.54306,0.69219,0.48889,0.68125,0.47222,0.66719,0.47639,0.70703,0.54861,0.72031,0.48056,0.70703,0.46528,0.68828,0.47917,0.72734,0.57083,0.74609,0.50694,0.73516,0.48750,0.71953,0.49861,0.74531,0.61111,0.76016,0.56528,0.75313,0.54444,0.73984,0.54306,0.63062,0.76969,0.9998,0.76995,1.00000,0.8989,0.70765,0.74666,0.9962,0.64893,0.73179,0.68437,0.74444,126.40,0.9911,live,0.0933,0.0681,49.96,733.74
156487.802468,100.0,0.7988,4,3,0,0.70469,0.74444,0.67891,0.69028,0.67031,0.62361,0.67891,0.57361,0.69453,0.53889,0.71016,0.54167,0.71953,0.48750,0.71406,0.46944,0.70547,0.47639,0.73438,0.55000,0.74844,0.48611,0.74297,0.46528,0.72969,0.47361,0.75469,0.57500,0.77344,0.51389,0.77422,0.48889,0.76719,0.48889,0.77344,0.61528,0.78984,0.57361,0.79297,0.54861,0.78828,0.53750,0.63072,0.77590,0.9998,0.76736,1.00000,0.8934,0.72748,0.74487,0.9958,0.66008,0.73432,0.70469,0.74444,129.02,0.9851,live,0.0856,0.0503,37.18,738.58
156487.869566,100.0,0.9106,4,3,0,0.72266,0.73750,0.69766,0.68333,0.68984,0.61944,0.70078,0.56944,0.71719,0.53194,0.72578,0.53889,0.72969,0.48750,0.73047,0.46806,0.72969,0.47083,0.75234,0.54306,0.76328,0.48611,0.76641,0.46111,0.76406,0.45833,0.77500,0.56528,0.78984,0.51250,0.79531,0.48750,0.79219,0.48889,0.79453,0.60000,0.81094,0.56111,0.81484,0.53750,0.81172,0.53194,0.63129,0.77374,0.9998,0.76523,1.00000,0.8884,0.73765,0.74397,0.9956,0.67259,0.73496,0.72266,0.73750,130.41,0.9825,live,0.0856,0.0676,50.30,743.85
156487.936441,100.0,0.0221,4,4,0,0.72969,0.72500,0.70547,0.67083,0.70078,0.60556,0.71172,0.55139,0.72734,0.51111,0.73281,0.52361,0.73828,0.47361,0.74141,0.45556,0.74297,0.45694,0.76094,0.53194,0.77187,0.47361,0.77656,0.45278,0.77500,0.44444,0.78281,0.55417,0.79844,0.50278,0.80312,0.47778,0.80000,0.48056,0.80312,0.59028,0.81719,0.54583,0.82266,0.51944,0.82031,0.51111,0.63010,0.77399,0.9998,0.76639,1.00000,0.8880,0.74682,0.73021,0.9955,0.68401,0.73297,0.72969,0.72500,131.69,0.9940,live,0.0856,0.0860,64.45,749.41
156488.003681,100.0,0.1342,4,4,0,0.73516,0.71667,0.70937,0.65972,0.70234,0.59167,0.71484,0.53611,0.73281,0.49306,0.73672,0.51806,0.74062,0.46528,0.74297,0.44444,0.74297,0.44444,0.76328,0.52222,0.77422,0.46389,0.77812,0.43611,0.77500,0.42917,0.78516,0.54444,0.80078,0.49028,0.80625,0.45972,0.80156,0.45833,0.80469,0.57778,0.82109,0.53472,0.82578,0.50556,0.82109,0.49583,0.63009,0.77488,0.9998,0.76930,1.00000,0.8871,0.74611,0.72842,0.9952,0.69424,0.72971,0.73516,0.71667,129.62,0.9861,live,0.0856,0.1030,77.50,752.81
156488.069470,100.0,0.2438,4,4,0,0.73438,0.71111,0.70781,0.65417,0.70000,0.59167,0.71094,0.53472,0.72734,0.49167,0.73359,0.51389,0.73672,0.45972,0.73828,0.43889,0.73828,0.43889,0.76016,0.51806,0.77109,0.45694,0.77344,0.43056,0.76953,0.42222,0.78203,0.53889,0.79766,0.48333,0.80234,0.45278,0.79609,0.45694,0.80234,0.57083,0.81797,0.52639,0.82188,0.49722,0.81563,0.49306,0.63013,0.77324,0.9998,0.75465,1.00000,0.8866,0.74900,0.72103,0.9951,0.70227,0.72599,0.73438,0.71111,128.81,0.9866,live,0.0911,0.1163,87.83,755.22
156488.136448,100.0,0.3554,4,4,0,0.72422,0.70972,0.69922,0.65417,0.69141,0.59028,0.70078,0.53472,0.71797,0.49861,0.72656,0.50972,0.73047,0.45833,0.73125,0.43889,0.72734,0.43889,0.75313,0.51528,0.76406,0.45694,0.76562,0.43056,0.75781,0.42639,0.77500,0.53611,0.78906,0.48472,0.79297,0.45278,0.78828,0.45278,0.79453,0.57083,0.80781,0.53056,0.81172,0.50000,0.80859,0.48750,0.63035,0.76961,0.9998,0.75485,1.00000,0.8880,0.74664,0.71551,0.9952,0.70666,0.72273,0.72422,0.70972,130.22,0.9952,live,0.0966,0.1214,92.09,758.35
156488.203636,100.0,0.4674,4,4,0,0.71250,0.70972,0.68828,0.65417,0.67969,0.59167,0.68594,0.53611,0.70156,0.49722,0.71406,0.50972,0.71875,0.45972,0.71562,0.43889,0.70937,0.43750,0.74062,0.51528,0.75234,0.45694,0.74922,0.43333,0.73828,0.43194,0.76172,0.53611,0.77734,0.48194,0.77734,0.45417,0.77031,0.45417,0.78125,0.57361,0.79453,0.53333,0.79688,0.50417,0.79375,0.48889,0.63251,0.76897,0.9998,0.75747,1.00000,0.8905,0.74190,0.71504,0.9954,0.70783,0.72013,0.71250,0.70972,129.45,0.9946,live,0.0966,0.1149,87.39,760.55
156488.269290,100.0,0.5768,4,4,0,0.69844,0.70694,0.67344,0.65556,0.66172,0.59306,0.66250,0.53889,0.67812,0.50278,0.70000,0.50556,0.70469,0.45556,0.69688,0.43889,0.68672,0.44167,0.72266,0.50833,0.73516,0.44444,0.72500,0.42778,0.71016,0.43889,0.74297,0.52917,0.75859,0.46667,0.75234,0.44444,0.74141,0.45694,0.76250,0.56528,0.77500,0.51806,0.77344,0.49167,0.76641,0.49167,0.63268,0.76966,0.9998,0.76151,1.00000,0.8894,0.73154,0.71517,0.9953,0.70595,0.71749,0.69844,0.70694,128.26,0.9954,live,0.0966,0.1151,87.64,761.63
156488.336284,100.0,0.6885,4,4,0,0.67891,0.69306,0.65391,0.64028,0.64141,0.58056,0.64062,0.53056,0.65078,0.48889,0.67578,0.49583,0.67578,0.44444,0.66406,0.42778,0.65312,0.43194,0.69766,0.49583,0.70469,0.43056,0.69219,0.41389,0.67656,0.42500,0.71875,0.51389,0.73281,0.44722,0.72188,0.42639,0.70703,0.43889,0.73750,0.54861,0.74922,0.49444,0.74219,0.47083,0.72813,0.47500,0.63316,0.76810,0.9998,0.75287,1.00000,0.8869,0.72034,0.71091,0.9953,0.70054,0.71261,0.67891,0.69306,125.49,0.9957,live,0.0966,0.0831,63.20,760.59
156488.403654,100.0,0.8008,4,4,0,0.66328,0.66111,0.63594,0.60694,0.62187,0.54444,0.62109,0.49306,0.62969,0.44861,0.65469,0.46667,0.65078,0.41806,0.64062,0.39861,0.62813,0.39167,0.67656,0.46389,0.68047,0.40278,0.66953,0.38194,0.65391,0.37778,0.69688,0.47917,0.70703,0.41528,0.69922,0.39306,0.68359,0.39306,0.71484,0.50972,0.72500,0.45972,0.72031,0.43333,0.70781,0.42361,0.63222,0.77092,0.9998,0.75278,1.00000,0.8910,0.69820,0.68312,0.9957,0.69309,0.70231,0.66328,0.66111,123.47,0.9906,live,0.0912,0.0671,50.86,758.21
156488.469902,100.0,0.9112,4,4,0,0.65156,0.61667,0.62266,0.56389,0.61016,0.50000,0.61016,0.44722,0.61562,0.40000,0.64141,0.41667,0.63594,0.36806,0.62578,0.34722,0.61406,0.34028,0.66250,0.41528,0.66406,0.35556,0.65312,0.33056,0.63672,0.32500,0.68281,0.42917,0.68984,0.36806,0.68125,0.34306,0.66719,0.33889,0.70156,0.45972,0.70625,0.40972,0.70078,0.38194,0.68906,0.36806,0.62477,0.77131,0.9998,0.74730,1.00000,0.8895,0.67618,0.60795,0.9957,0.68478,0.68518,0.65156,0.61667,125.78,0.9946,live,0.0857,0.0607,45.97,757.79
156488.536517,100.0,0.0222,4,1,1,0.64844,0.57222,0.61953,0.52083,0.60391,0.45556,0.60156,0.40000,0.60938,0.35000,0.63516,0.37500,0.62891,0.32500,0.61797,0.30278,0.60469,0.29444,0.65469,0.37222,0.65625,0.30972,0.64453,0.28194,0.62734,0.27639,0.67422,0.38472,0.67969,0.32083,0.67031,0.28889,0.65312,0.27917,0.69219,0.41389,0.69844,0.36111,0.69141,0.32917,0.67734,0.31111,0.62541,0.76639,0.9998,0.74540,1.00000,0.8899,0.67054,0.57323,0.9957,0.67751,0.66259,0.64844,0.57222,123.11,0.9933,live,0.0857,0.0820,61.97,755.49
156488.602920,100.0,0.1329,4,1,1,0.64766,0.54167,0.61641,0.49028,0.60156,0.42500,0.59922,0.36667,0.60469,0.31528,0.63047,0.34306,0.62500,0.29444,0.61484,0.27361,0.60234,0.25694,0.65234,0.33889,0.65234,0.27778,0.64062,0.25278,0.62344,0.23750,0.67109,0.35139,0.67656,0.28889,0.66719,0.26111,0.65078,0.25000,0.68906,0.38056,0.69375,0.32778,0.68672,0.29583,0.67422,0.27639,0.61982,0.76569,0.9998,0.74538,1.00000,0.8927,0.66968,0.53656,0.9959,0.67154,0.63840,0.64766,0.54167,124.51,0.9934,live,0.0857,0.1067,80.49,754.48
156488.669668,100.0,0.2441,4,1,1,0.64922,0.53333,0.61719,0.48194,0.60313,0.41250,0.60000,0.35278,0.60703,0.30417,0.63125,0.33750,0.62656,0.28750,0.61562,0.26528,0.60234,0.24722,0.65234,0.33194,0.65078,0.26944,0.64062,0.24167,0.62500,0.22500,0.67109,0.34167,0.67500,0.27639,0.66563,0.24722,0.65000,0.23194,0.68906,0.36667,0.69219,0.31250,0.68672,0.28056,0.67500,0.25833,0.62001,0.76098,0.9998,0.74400,0.99360,0.8934,0.66910,0.52668,0.9962,0.66708,0.61739,0.64922,0.53333,123.81,0.9924,live,0.0923,0.1222,92.05,753.09
156488.736468,100.0,0.3555,4,1,1,0.65078,0.53750,0.62109,0.48889,0.60547,0.41806,0.60234,0.35694,0.61016,0.30694,0.63281,0.34167,0.62891,0.29167,0.61875,0.26806,0.60625,0.25139,0.65391,0.33611,0.65312,0.27500,0.64375,0.24861,0.62813,0.23750,0.67344,0.34722,0.67812,0.28333,0.66953,0.25556,0.65391,0.24306,0.69219,0.37083,0.69531,0.32083,0.68906,0.28889,0.67734,0.26944,0.62006,0.76480,0.9998,0.74172,1.00000,0.8920,0.66864,0.53625,0.9962,0.66382,0.60141,0.65078,0.53750,124.49,0.9906,live,0.1002,0.1361,102.37,752.35
156488.803260,100.0,0.4668,4,1,1,0.65469,0.56528,0.62266,0.51389,0.60859,0.44444,0.60547,0.38472,0.61328,0.33472,0.63828,0.36944,0.63438,0.31667,0.62344,0.29167,0.60938,0.27917,0.65859,0.36528,0.65859,0.30000,0.64687,0.27361,0.62891,0.26528,0.67812,0.37639,0.68203,0.30694,0.67031,0.27639,0.65234,0.26389,0.69609,0.40278,0.70156,0.34722,0.69375,0.31528,0.67969,0.29306,0.62044,0.76513,0.9998,0.73893,1.00000,0.8942,0.66937,0.54200,0.9964,0.66199,0.59418,0.65469,0.56528,123.22,0.9920,live,0.1080,0.1439,108.01,750.79
156488.869834,100.0,0.5777,4,1,1,0.65625,0.60694,0.62813,0.55417,0.61641,0.48750,0.61484,0.43056,0.62109,0.38194,0.64453,0.40833,0.64062,0.35833,0.62969,0.33333,0.61719,0.32083,0.66563,0.40556,0.66641,0.34306,0.65547,0.31667,0.63828,0.30972,0.68516,0.42083,0.69063,0.35556,0.68047,0.32778,0.66406,0.31944,0.70312,0.45000,0.70859,0.39583,0.70156,0.36528,0.68828,0.34861,0.62010,0.76718,0.9997,0.73666,1.00000,0.8953,0.66994,0.56290,0.9966,0.66084,0.59674,0.65625,0.60694,124.50,0.9926,live,0.1080,0.1323,99.26,750.33
156488.936375,100.0,0.6887,4,1,1,0.66328,0.65694,0.63594,0.60972,0.62344,0.54444,0.62266,0.49167,0.63047,0.44583,0.65547,0.46389,0.65234,0.40972,0.64141,0.38750,0.62891,0.38194,0.67656,0.46250,0.67969,0.39722,0.67031,0.37083,0.65469,0.36944,0.69688,0.47778,0.70547,0.41111,0.69609,0.38333,0.68203,0.38333,0.71484,0.50833,0.72344,0.45417,0.71641,0.42500,0.70312,0.41667,0.62844,0.76799,0.9997,0.74101,1.00000,0.8974,0.68404,0.65663,0.9968,0.66133,0.60878,0.66328,0.65694,122.14,0.9923,live,0.1080,0.1178,88.11,748.23
156489.003443,100.0,0.8004,4,1,1,0.67031,0.70694,0.64297,0.65972,0.62969,0.59722,0.62969,0.54861,0.63828,0.50556,0.66406,0.51111,0.66328,0.45972,0.65156,0.44167,0.63906,0.44028,0.68594,0.51111,0.69297,0.44444,0.68203,0.42778,0.66719,0.43889,0.70703,0.53056,0.72031,0.46250,0.71016,0.44306,0.69453,0.45417,0.72422,0.56528,0.73750,0.51389,0.73047,0.48750,0.71641,0.48611,0.62733,0.77017,0.9997,0.74644,1.00000,0.8961,0.69244,0.71228,0.9966,0.66313,0.62841,0.67031,0.70694,123.27,0.9940,live,0.1080,0.1179,88.11,747.20
156489.069894,100.0,0.9112,4,1,1,0.67656,0.73750,0.65000,0.68750,0.63672,0.62778,0.63594,0.58333,0.64766,0.54167,0.67266,0.54028,0.67500,0.48889,0.66250,0.47361,0.65000,0.47778,0.69531,0.54306,0.70469,0.47500,0.69219,0.46389,0.67578,0.47917,0.71562,0.56528,0.73203,0.50000,0.72109,0.48194,0.70547,0.49167,0.73203,0.60694,0.74766,0.55833,0.74219,0.53333,0.72891,0.52917,0.62727,0.76964,0.9998,0.75839,1.00000,0.8954,0.70193,0.74407,0.9965,0.66581,0.65023,0.67656,0.73750,122.95,0.9964,live,0.1080,0.0969,72.33,746.07
156489.136978,100.0,0.0230,4,2,0,0.67969,0.75278,0.65312,0.70139,0.64141,0.64028,0.64141,0.59444,0.65469,0.55556,0.67734,0.55278,0.68281,0.50000,0.67109,0.48472,0.65938,0.49722,0.70156,0.55556,0.71328,0.48750,0.70078,0.47500,0.68516,0.49167,0.72188,0.57778,0.73984,0.51250,0.73047,0.49306,0.71641,0.50833,0.73984,0.62083,0.75625,0.57222,0.75078,0.54861,0.73750,0.54861,0.62835,0.77054,0.9997,0.76284,1.00000,0.8951,0.70475,0.75236,0.9965,0.66859,0.67074,0.67969,0.75278,126.22,0.9958,live,0.1023,0.0760,56.79,747.41
156489.204150,100.0,0.1349,4,2,0,0.68281,0.75833,0.65703,0.70694,0.64453,0.64583,0.64297,0.59722,0.65781,0.55694,0.68047,0.55556,0.68672,0.50278,0.67500,0.48889,0.66250,0.50278,0.70469,0.55972,0.71641,0.48889,0.70469,0.47778,0.68906,0.49861,0.72578,0.58194,0.74531,0.51806,0.73516,0.49861,0.71953,0.51250,0.74375,0.62500,0.76016,0.57639,0.75469,0.55417,0.73984,0.55556,0.62897,0.77157,0.9998,0.76542,1.00000,0.8950,0.70679,0.76142,0.9964,0.67143,0.68826,0.68281,0.75833,127.66,0.9953,live,0.1023,0.0921,69.08,749.64
156489.270014,100.0,0.2447,4,2,0,0.68281,0.75972,0.65781,0.71111,0.64609,0.64861,0.64531,0.60000,0.65938,0.55694,0.68203,0.55694,0.68828,0.50278,0.67578,0.49028,0.66250,0.50556,0.70625,0.56111,0.71797,0.48889,0.70547,0.47917,0.68984,0.50000,0.72656,0.58333,0.74687,0.51806,0.73672,0.49861,0.72109,0.51389,0.74453,0.62639,0.76094,0.57500,0.75469,0.55417,0.73984,0.55972,0.62803,0.77123,0.9998,0.75961,1.00000,0.8914,0.70706,0.75582,0.9961,0.67371,0.70255,0.68281,0.75972,127.70,0.9963,live,0.1023,0.1061,79.74,751.62
156489.336854,100.0,0.3561,4,2,0,0.68359,0.75972,0.65859,0.71111,0.64687,0.64861,0.64531,0.60139,0.65938,0.55833,0.68281,0.55694,0.68984,0.50139,0.67656,0.48889,0.66250,0.50556,0.70703,0.56250,0.72031,0.48889,0.70703,0.47778,0.68984,0.50000,0.72813,0.58472,0.74844,0.51944,0.73828,0.50000,0.72266,0.51667,0.74531,0.62778,0.76172,0.57639,0.75547,0.55556,0.74141,0.56111,0.62709,0.77447,0.9998,0.76106,1.00000,0.8912,0.70826,0.76303,0.9959,0.67569,0.71399,0.68359,0.75972,127.39,0.9961,live,0.1023,0.1173,88.32,753.15
156489.404491,100.0,0.4688,4,2,0,0.68125,0.75972,0.65781,0.70972,0.64609,0.64861,0.64375,0.60000,0.65859,0.55833,0.68125,0.55972,0.68828,0.50694,0.67500,0.49444,0.66250,0.50694,0.70625,0.56528,0.71953,0.49306,0.70469,0.48194,0.68828,0.50278,0.72656,0.58611,0.74687,0.52083,0.73594,0.50278,0.72109,0.52222,0.74453,0.62917,0.76016,0.57639,0.75313,0.55417,0.73828,0.56250,0.62713,0.77502,0.9998,0.76099,1.00000,0.8897,0.70867,0.75989,0.9956,0.67680,0.72313,0.68125,0.75972,126.72,0.9967,live,0.1023,0.1237,93.27,754.01
156489.470240,100.0,0.5784,4,2,0,0.67344,0.75833,0.64844,0.70833,0.63438,0.64861,0.63359,0.60139,0.64844,0.56111,0.67188,0.56111,0.67969,0.50278,0.66406,0.49306,0.64922,0.50972,0.69609,0.56528,0.70859,0.49306,0.69141,0.48333,0.67344,0.50556,0.71719,0.58889,0.73672,0.52083,0.72422,0.50278,0.70937,0.51944,0.73594,0.63194,0.75234,0.58194,0.74375,0.55972,0.72891,0.56389,0.62733,0.77503,0.9998,0.76034,1.00000,0.8891,0.70518,0.76429,0.9955,0.67613,0.73017,0.67344,0.75833,125.43,0.9954,live,0.1023,0.1189,89.62,753.84
156489.536916,100.0,0.6896,4,2,0,0.65391,0.75556,0.62891,0.70556,0.61250,0.64861,0.61172,0.60278,0.62266,0.56111,0.64766,0.56111,0.65234,0.50417,0.63594,0.49583,0.62109,0.50833,0.67109,0.56528,0.68125,0.49306,0.66094,0.48611,0.64375,0.50556,0.69141,0.58611,0.70781,0.51528,0.69063,0.50556,0.67500,0.52222,0.71094,0.62361,0.72422,0.56806,0.71094,0.55417,0.69531,0.56389,0.62589,0.77703,0.9998,0.75206,1.00000,0.8871,0.69229,0.76361,0.9954,0.67168,0.73525,0.65391,0.75556,122.86,0.9935,live,0.1023,0.1049,78.89,751.84
156489.603510,100.0,0.8005,4,2,0,0.63125,0.75417,0.60547,0.70417,0.58984,0.64583,0.58594,0.60000,0.59141,0.56111,0.62109,0.56111,0.62344,0.49722,0.60313,0.49444,0.58750,0.50694,0.64219,0.56667,0.64766,0.48750,0.62578,0.48472,0.61016,0.50417,0.66172,0.58611,0.67422,0.51111,0.65469,0.50278,0.63750,0.51528,0.68125,0.62083,0.68984,0.56389,0.67422,0.55000,0.65859,0.55417,0.62642,0.76112,0.9998,0.72912,1.00000,0.8836,0.67010,0.75851,0.9953,0.66360,0.73903,0.63125,0.75417,119.73,0.9951,live,0.1023,0.0884,66.13,747.82
156489.670331,100.0,0.9119,4,2,0,0.61484,0.74583,0.58828,0.70139,0.56953,0.63889,0.56094,0.59444,0.56250,0.54722,0.59688,0.55694,0.59531,0.49167,0.57422,0.48611,0.55703,0.49861,0.61719,0.56250,0.62109,0.47917,0.59688,0.47639,0.57891,0.49722,0.63750,0.58333,0.64687,0.50417,0.62422,0.49444,0.60547,0.50833,0.65781,0.61667,0.66406,0.55417,0.64766,0.54028,0.63047,0.54861,0.62408,0.76531,0.9998,0.72909,1.00000,0.8901,0.64658,0.75287,0.9956,0.65385,0.74039,0.61484,0.74583,116.77,0.9957,live,0.1023,0.0783,58.12,742.16
156489.737102,100.0,0.0232,4,3,0,0.60469,0.73611,0.57734,0.69444,0.55781,0.63333,0.55000,0.58889,0.55078,0.54167,0.58359,0.55139,0.58203,0.48194,0.56094,0.47917,0.54297,0.49444,0.60469,0.55694,0.60703,0.47222,0.58281,0.46806,0.56406,0.48889,0.62422,0.57500,0.63281,0.49444,0.61016,0.48472,0.59062,0.49722,0.64375,0.60833,0.65000,0.54583,0.63281,0.53194,0.61641,0.53750,0.62310,0.76255,0.9998,0.71720,1.00000,0.8902,0.63336,0.73906,0.9956,0.64401,0.73954,0.60469,0.73611,114.16,0.9967,live,0.0976,0.0766,56.30,735.30
156489.803731,100.0,0.1342,4,3,0,0.60391,0.73333,0.57500,0.69167,0.55547,0.62917,0.54844,0.58611,0.54766,0.53889,0.58203,0.54444,0.57812,0.47639,0.55781,0.47222,0.53984,0.48750,0.60313,0.55000,0.60469,0.46667,0.57969,0.46250,0.56016,0.48472,0.62266,0.57083,0.63203,0.48750,0.60781,0.47778,0.58906,0.49028,0.64219,0.60556,0.64766,0.54028,0.62891,0.52500,0.61172,0.53056,0.62193,0.75787,0.9998,0.71655,1.00000,0.8904,0.62735,0.71585,0.9955,0.63599,0.73830,0.60391,0.73333,115.94,0.9973,live,0.0976,0.0880,64.32,730.54
156489.870438,100.0,0.2454,4,3,0,0.60938,0.73194,0.57969,0.68750,0.56016,0.62639,0.55234,0.58194,0.55312,0.53611,0.58906,0.54306,0.58516,0.47778,0.56406,0.47222,0.54531,0.48194,0.60859,0.54722,0.61094,0.46528,0.58672,0.45972,0.56719,0.47778,0.62891,0.56667,0.63750,0.48472,0.61484,0.47639,0.59531,0.48750,0.64766,0.60000,0.65234,0.53611,0.63594,0.52083,0.61875,0.52361,0.62252,0.75797,0.9998,0.70941,1.00000,0.8900,0.62867,0.71763,0.9955,0.63067,0.73703,0.60938,0.73194,115.96,0.9972,live,0.0976,0.0854,62.03,726.37
156489.936860,100.0,0.3561,4,3,0,0.61875,0.72917,0.58984,0.68611,0.57266,0.62361,0.56719,0.57917,0.56563,0.53194,0.60000,0.53889,0.59609,0.47639,0.57578,0.46944,0.55625,0.48056,0.62031,0.54444,0.62187,0.46528,0.60000,0.45694,0.57969,0.47500,0.63984,0.56389,0.65000,0.48472,0.62891,0.47222,0.60859,0.48056,0.65859,0.59722,0.66641,0.53472,0.65156,0.51806,0.63438,0.52083,0.62145,0.76003,0.9998,0.70965,1.00000,0.8958,0.63138,0.71780,0.9957,0.62829,0.73545,0.61875,0.72917,116.47,0.9970,live,0.0976,0.0876,63.33,723.06
156490.003816,100.0,0.4677,4,3,0,0.63203,0.72917,0.60469,0.68472,0.58984,0.62222,0.58516,0.57778,0.58750,0.53333,0.61875,0.53889,0.61875,0.47778,0.60078,0.47083,0.58359,0.48056,0.63906,0.54306,0.64453,0.46528,0.62422,0.45694,0.60625,0.47361,0.65859,0.56250,0.67031,0.48611,0.65000,0.47361,0.63203,0.48333,0.67812,0.59722,0.68672,0.53472,0.67109,0.51806,0.65469,0.52361,0.62253,0.75599,0.9998,0.71218,1.00000,0.8998,0.64536,0.70463,0.9959,0.62903,0.73420,0.63203,0.72917,117.75,0.9956,live,0.0976,0.0878,63.33,721.08
156490.070440,100.0,0.5788,4,3,0,0.65312,0.73056,0.62656,0.68472,0.61094,0.62222,0.60703,0.57500,0.61328,0.53056,0.64141,0.53889,0.64141,0.48056,0.62578,0.46944,0.61094,0.47500,0.66250,0.54167,0.66953,0.46667,0.65000,0.45694,0.63203,0.47639,0.68281,0.55972,0.69609,0.48611,0.67812,0.47222,0.66172,0.48611,0.70234,0.59306,0.71328,0.53333,0.70000,0.51806,0.68359,0.52639,0.62220,0.76558,0.9998,0.74189,1.00000,0.9018,0.67092,0.71062,0.9960,0.63385,0.73347,0.65312,0.73056,119.97,0.9933,live,0.0976,0.0774,55.77,720.93
156490.136846,100.0,0.6894,4,3,0,0.67188,0.72917,0.64609,0.67778,0.63359,0.61667,0.63438,0.56806,0.64375,0.52500,0.66953,0.53472,0.67500,0.47639,0.66172,0.46389,0.64687,0.46944,0.69141,0.53889,0.70391,0.46389,0.68516,0.45139,0.66563,0.46667,0.71094,0.56111,0.72891,0.48889,0.71328,0.47222,0.69609,0.48333,0.72969,0.59722,0.74531,0.54028,0.73359,0.52083,0.71719,0.52639,0.62492,0.76812,0.9998,0.74026,1.00000,0.8976,0.69479,0.73385,0.9958,0.64146,0.73261,0.67188,0.72917,122.22,0.9925,live,0.0976,0.0773,55.83,722.42
156490.203501,100.0,0.8005,4,3,0,0.69219,0.72500,0.66641,0.67361,0.65625,0.60556,0.66094,0.55278,0.67500,0.51250,0.69609,0.52500,0.70469,0.46806,0.69453,0.45139,0.68125,0.45972,0.71875,0.52917,0.73359,0.45833,0.72031,0.44306,0.70312,0.45972,0.73828,0.55000,0.75781,0.48056,0.74844,0.46250,0.73359,0.47917,0.75703,0.58611,0.77344,0.53333,0.76719,0.51389,0.75391,0.52361,0.62612,0.77045,0.9998,0.75286,1.00000,0.8970,0.71428,0.73346,0.9958,0.65160,0.73109,0.69219,0.72500,127.16,0.9921,live,0.0914,0.0628,45.69,727.28
156490.270626,100.0,0.9124,4,3,0,0.70703,0.72361,0.68359,0.66528,0.67656,0.59444,0.68672,0.54167,0.70312,0.50000,0.71797,0.52083,0.72344,0.46806,0.71641,0.44861,0.70547,0.45000,0.74141,0.52639,0.75547,0.46389,0.74844,0.44028,0.73281,0.44722,0.76172,0.54722,0.78047,0.48750,0.77812,0.46250,0.76719,0.46667,0.77891,0.58611,0.79609,0.54306,0.79609,0.51528,0.78750,0.50556,0.62585,0.77205,0.9998,0.75052,1.00000,0.8938,0.72104,0.73323,0.9957,0.66269,0.72959,0.70703,0.72361,130.39,0.9892,live,0.0859,0.0608,44.61,733.89
156490.337412,100.0,0.0237,4,4,0,0.72266,0.71944,0.69922,0.66111,0.69375,0.59167,0.70469,0.53611,0.72344,0.49583,0.73047,0.51806,0.73594,0.46389,0.73594,0.44444,0.73203,0.44861,0.75625,0.52222,0.76875,0.46250,0.76953,0.43611,0.76172,0.43750,0.77734,0.54444,0.79531,0.48750,0.79688,0.46111,0.78828,0.46667,0.79609,0.58056,0.81328,0.53472,0.81563,0.50833,0.80937,0.50694,0.62720,0.77115,0.9998,0.74945,1.00000,0.8880,0.73409,0.73029,0.9957,0.67468,0.72756,0.72266,0.71944,131.56,0.9887,live,0.0859,0.0809,59.89,740.55
156490.404152,100.0,0.1349,4,4,0,0.72734,0.71667,0.70547,0.65278,0.70234,0.58472,0.71562,0.52778,0.73438,0.49028,0.73750,0.51111,0.74375,0.45972,0.74531,0.44028,0.74375,0.44306,0.76406,0.51806,0.77734,0.45972,0.78047,0.43333,0.77500,0.42917,0.78516,0.54306,0.80312,0.48889,0.80703,0.45833,0.80078,0.46111,0.80391,0.58056,0.82031,0.53889,0.82578,0.51111,0.82188,0.50000,0.62717,0.77038,0.9998,0.75371,1.00000,0.8895,0.74388,0.72208,0.9956,0.68521,0.72538,0.72734,0.71667,134.08,0.9910,live,0.0859,0.0980,73.35,748.22
156490.470586,100.0,0.2457,4,4,0,0.72969,0.71111,0.70625,0.64861,0.70234,0.58194,0.71562,0.52500,0.73516,0.48333,0.73906,0.50972,0.74375,0.45833,0.74531,0.43750,0.74375,0.43750,0.76484,0.51667,0.77812,0.45694,0.78047,0.42778,0.77500,0.42222,0.78594,0.54028,0.80312,0.48472,0.80781,0.45417,0.80156,0.45417,0.80469,0.57500,0.82188,0.53194,0.82578,0.50139,0.82109,0.49167,0.62597,0.77133,0.9998,0.75319,1.00000,0.8889,0.74615,0.71932,0.9955,0.69411,0.72253,0.72969,0.71111,131.50,0.9902,live,0.0907,0.1126,84.77,753.11
156490.537376,100.0,0.3570,4,4,0,0.72656,0.70833,0.70234,0.65139,0.69688,0.58472,0.70937,0.52917,0.72734,0.48889,0.73438,0.50972,0.73984,0.45972,0.73906,0.43750,0.73516,0.43889,0.76094,0.51389,0.77344,0.45694,0.77422,0.42778,0.76562,0.42639,0.78203,0.53611,0.79922,0.48194,0.80234,0.45139,0.79531,0.45000,0.80000,0.57222,0.81563,0.52917,0.81953,0.50139,0.81484,0.49306,0.62428,0.77132,0.9998,0.75307,1.00000,0.8875,0.74581,0.71593,0.9956,0.70060,0.71969,0.72656,0.70833,130.30,0.9920,live,0.0963,0.1219,92.20,756.55
156490.603861,100.0,0.4678,4,4,0,0.71406,0.70417,0.69141,0.65000,0.68516,0.58194,0.69375,0.52639,0.71172,0.49167,0.72266,0.50833,0.72891,0.45694,0.72578,0.43472,0.71797,0.43472,0.74844,0.51389,0.76328,0.45417,0.76016,0.42778,0.74687,0.42778,0.76953,0.53750,0.78750,0.48056,0.78828,0.45000,0.77969,0.44722,0.78750,0.57500,0.80391,0.53472,0.80703,0.50417,0.80234,0.48750,0.62664,0.77117,0.9998,0.75336,1.00000,0.8859,0.74497,0.71524,0.9956,0.70329,0.71658,0.71406,0.70417,128.36,0.9949,live,0.0963,0.1183,89.71,758.18
156490.671209,100.0,0.5800,4,4,0,0.70000,0.70278,0.67656,0.65000,0.66719,0.58472,0.67031,0.52917,0.68750,0.49167,0.70703,0.50417,0.71250,0.45556,0.70703,0.43472,0.69766,0.43611,0.73125,0.50972,0.74531,0.44722,0.73828,0.42500,0.72266,0.43194,0.75156,0.53194,0.76875,0.47083,0.76484,0.44444,0.75313,0.45278,0.76953,0.56944,0.78281,0.51944,0.78203,0.49167,0.77422,0.48889,0.62661,0.77130,0.9998,0.75397,1.00000,0.8835,0.73465,0.71574,0.9955,0.70263,0.71382,0.70000,0.70278,127.90,0.9957,live,0.0963,0.1058,80.30,759.29
156490.737596,100.0,0.6907,4,4,0,0.68047,0.69028,0.65547,0.63750,0.64375,0.57500,0.64609,0.52222,0.65859,0.48194,0.68125,0.49167,0.68594,0.43750,0.67500,0.42222,0.66484,0.42778,0.70312,0.49444,0.71328,0.42639,0.70156,0.40972,0.68828,0.41806,0.72422,0.51389,0.74062,0.44583,0.73125,0.42500,0.71719,0.43750,0.74297,0.55000,0.75625,0.49722,0.75000,0.47361,0.73750,0.47639,0.62508,0.77192,0.9998,0.75743,1.00000,0.8829,0.71828,0.70864,0.9955,0.69820,0.70911,0.68047,0.69028,126.32,0.9942,live,0.0963,0.0896,68.03,759.12
156490.804035,100.0,0.8014,4,4,0,0.66328,0.66528,0.63594,0.60972,0.62344,0.54306,0.62344,0.49028,0.63203,0.44444,0.65703,0.46667,0.65625,0.41528,0.64453,0.39444,0.63047,0.39306,0.67891,0.46528,0.68516,0.40139,0.67344,0.37778,0.65781,0.38056,0.70000,0.48056,0.71250,0.41528,0.70234,0.39167,0.68672,0.39444,0.71797,0.51389,0.72891,0.46389,0.72266,0.43611,0.70859,0.42917,0.62506,0.77195,0.9998,0.73598,1.00000,0.8856,0.69620,0.68797,0.9958,0.69122,0.70035,0.66328,0.66528,125.81,0.9918,live,0.0963,0.0739,56.08,758.61
156490.870971,100.0,0.9130,4,4,0,0.64922,0.61944,0.62109,0.56528,0.60859,0.49861,0.61016,0.44444,0.61562,0.39722,0.64297,0.42083,0.63750,0.36944,0.62656,0.35000,0.61328,0.34444,0.66406,0.41944,0.66484,0.35833,0.65312,0.33333,0.63594,0.32778,0.68359,0.43611,0.68984,0.37083,0.68047,0.34583,0.66484,0.34306,0.70156,0.46806,0.70781,0.41667,0.70234,0.38750,0.68984,0.37361,0.62502,0.77268,0.9998,0.72927,1.00000,0.8864,0.67535,0.62036,0.9959,0.68282,0.68417,0.64922,0.61944,124.69,0.9917,live,0.0904,0.0636,48.14,757.36
156490.937490,100.0,0.0238,4,1,1,0.64766,0.57917,0.61797,0.52639,0.60391,0.45694,0.60313,0.39722,0.61172,0.34722,0.63438,0.38194,0.62891,0.33056,0.61797,0.30833,0.60547,0.29861,0.65547,0.37778,0.65547,0.31528,0.64375,0.28889,0.62578,0.28194,0.67578,0.39167,0.68047,0.32639,0.67031,0.29722,0.65312,0.29028,0.69375,0.42222,0.69922,0.36806,0.69297,0.33889,0.67969,0.32361,0.62276,0.77270,0.9998,0.73118,1.00000,0.8894,0.66806,0.58536,0.9961,0.67579,0.66317,0.64766,0.57917,124.29,0.9917,live,0.0904,0.0754,56.98,755.97
156491.004427,100.0,0.1354,4,1,1,0.64687,0.55278,0.61562,0.50000,0.60078,0.43056,0.59922,0.36944,0.60703,0.31667,0.63125,0.35278,0.62656,0.30278,0.61641,0.28056,0.60313,0.26944,0.65312,0.35000,0.65312,0.28750,0.64219,0.26250,0.62500,0.25139,0.67266,0.36250,0.67734,0.29861,0.66797,0.26806,0.65156,0.25972,0.69141,0.39167,0.69609,0.33750,0.68906,0.30556,0.67500,0.29028,0.62395,0.76565,0.9998,0.73235,1.00000,0.8919,0.66617,0.55974,0.9962,0.67000,0.64109,0.64687,0.55278,125.70,0.9934,live,0.0904,0.0959,72.48,755.75
156491.070535,100.0,0.2456,4,1,1,0.64844,0.54444,0.61719,0.49306,0.60234,0.42083,0.60078,0.35972,0.60859,0.30833,0.63203,0.34722,0.62734,0.29583,0.61641,0.27361,0.60156,0.25972,0.65312,0.34167,0.65156,0.27778,0.64062,0.25139,0.62266,0.23889,0.67266,0.35278,0.67656,0.28611,0.66641,0.25556,0.65000,0.24306,0.69063,0.37778,0.69531,0.32500,0.68906,0.29167,0.67656,0.27083,0.62378,0.76276,0.9998,0.73786,1.00000,0.8974,0.66853,0.53669,0.9964,0.66569,0.62176,0.64844,0.54444,124.85,0.9922,live,0.0904,0.1153,87.07,754.96
156491.137818,100.0,0.3577,4,1,1,0.65078,0.54583,0.61953,0.49722,0.60547,0.42500,0.60313,0.36250,0.61172,0.31250,0.63438,0.35139,0.62969,0.30139,0.61953,0.27639,0.60547,0.26389,0.65547,0.34583,0.65547,0.28333,0.64453,0.25556,0.62656,0.24861,0.67500,0.35694,0.68047,0.29167,0.67031,0.26111,0.65312,0.25139,0.69375,0.38056,0.69922,0.32778,0.69219,0.29583,0.67891,0.27778,0.62371,0.75974,0.9998,0.73452,1.00000,0.8964,0.66861,0.54159,0.9966,0.66271,0.60657,0.65078,0.54583,123.91,0.9896,live,0.0968,0.1257,94.72,753.58
156491.204910,100.0,0.4695,4,1,1,0.65469,0.56667,0.62422,0.51528,0.61016,0.44306,0.60859,0.38333,0.61719,0.33194,0.63906,0.37222,0.63594,0.31944,0.62500,0.29444,0.61172,0.28194,0.66016,0.36806,0.66016,0.30278,0.64844,0.27639,0.63047,0.26944,0.68047,0.37917,0.68516,0.30972,0.67344,0.27917,0.65547,0.26944,0.69922,0.40694,0.70547,0.35139,0.69844,0.31944,0.68281,0.30139,0.62257,0.76169,0.9998,0.73462,1.00000,0.8983,0.66952,0.54893,0.9967,0.66110,0.59859,0.65469,0.56667,123.48,0.9925,live,0.1029,0.1310,98.53,752.05
156491.271060,100.0,0.5798,4,1,1,0.65781,0.60278,0.63047,0.55000,0.61875,0.47917,0.61797,0.41944,0.62656,0.37083,0.64766,0.40556,0.64453,0.35417,0.63359,0.32917,0.62031,0.31806,0.66875,0.40278,0.67031,0.33889,0.65859,0.31389,0.64062,0.30833,0.68828,0.41806,0.69531,0.35000,0.68516,0.32361,0.66719,0.31806,0.70781,0.44722,0.71406,0.39167,0.70781,0.36111,0.69375,0.34722,0.62441,0.76190,0.9998,0.73667,1.00000,0.8995,0.67012,0.56358,0.9967,0.66045,0.59943,0.65781,0.60278,124.73,0.9939,live,0.1081,0.1317,98.99,751.61
156491.337893,100.0,0.6912,4,1,1,0.66563,0.65000,0.63828,0.60139,0.62656,0.53472,0.62656,0.48056,0.63594,0.43611,0.65781,0.45417,0.65625,0.40139,0.64531,0.37778,0.63281,0.37361,0.67969,0.45278,0.68281,0.38889,0.67188,0.36528,0.65547,0.36389,0.69922,0.46944,0.70859,0.40417,0.69922,0.37639,0.68359,0.37361,0.71797,0.50278,0.72734,0.44861,0.72031,0.41944,0.70703,0.40972,0.62448,0.76677,0.9998,0.73724,1.00000,0.9037,0.67732,0.63479,0.9969,0.66148,0.60954,0.66563,0.65000,123.62,0.9932,live,0.1081,0.1108,83.18,750.42
156491.404614,100.0,0.8024,4,1,1,0.67422,0.69861,0.64687,0.65139,0.63438,0.58750,0.63516,0.53611,0.64687,0.49444,0.66875,0.50000,0.66953,0.44722,0.65781,0.42778,0.64453,0.43194,0.69063,0.50139,0.69766,0.43472,0.68672,0.41667,0.67109,0.42778,0.71172,0.52083,0.72578,0.45278,0.71562,0.43056,0.70000,0.44167,0.72969,0.55694,0.74297,0.50278,0.73594,0.47778,0.72266,0.47639,0.62443,0.76726,0.9998,0.75619,1.00000,0.9023,0.69038,0.71390,0.9968,0.66403,0.62736,0.67422,0.69861,124.78,0.9935,live,0.1081,0.0906,67.94,750.21
156491.471191,100.0,0.9133,4,1,1,0.68203,0.73194,0.65469,0.68056,0.64141,0.61944,0.64141,0.57083,0.65547,0.53056,0.67812,0.53194,0.68125,0.48056,0.66953,0.46389,0.65625,0.47083,0.70078,0.53472,0.71094,0.46667,0.69844,0.45417,0.68281,0.46944,0.72109,0.55694,0.73750,0.49028,0.72813,0.47222,0.71328,0.48472,0.73828,0.59722,0.75391,0.54722,0.74922,0.52222,0.73672,0.52083,0.62623,0.76738,0.9998,0.76360,1.00000,0.8989,0.70721,0.73293,0.9966,0.66763,0.64827,0.68203,0.73194,124.78,0.9946,live,0.1008,0.0673,50.47,750.02
156491.538086,100.0,0.0248,4,2,0,0.68828,0.74583,0.66094,0.69583,0.64922,0.63194,0.65000,0.58333,0.66406,0.54167,0.68516,0.54722,0.69297,0.48889,0.68047,0.47500,0.66719,0.48750,0.70859,0.55139,0.72109,0.47778,0.70625,0.46667,0.68984,0.48889,0.72891,0.57361,0.74687,0.50417,0.73516,0.48750,0.72031,0.50556,0.74766,0.61389,0.76406,0.55972,0.75625,0.53750,0.74219,0.54167,0.62604,0.76993,0.9998,0.76716,1.00000,0.9001,0.70949,0.74591,0.9966,0.67176,0.66779,0.68828,0.74583,125.10,0.9954,live,0.0951,0.0692,51.88,750.09
156491.604986,100.0,0.1363,4,2,0,0.69219,0.75139,0.66563,0.69722,0.65469,0.63333,0.65703,0.58472,0.67109,0.54444,0.69141,0.54861,0.70078,0.49167,0.68828,0.47778,0.67578,0.49028,0.71562,0.55278,0.72734,0.48194,0.71562,0.46944,0.70000,0.49028,0.73594,0.57500,0.75547,0.50833,0.74531,0.49028,0.73047,0.50694,0.75547,0.61528,0.77109,0.56389,0.76484,0.54444,0.75078,0.54861,0.62589,0.77040,0.9998,0.76633,1.00000,0.8987,0.71037,0.75677,0.9963,0.67585,0.68451,0.69219,0.75139,128.57,0.9950,live,0.0951,0.0863,64.92,752.65
156491.670986,100.0,0.2463,4,2,0,0.69375,0.75278,0.66797,0.69861,0.65859,0.63472,0.66094,0.58611,0.67656,0.54444,0.69609,0.54583,0.70625,0.49167,0.69375,0.47778,0.68125,0.49306,0.72031,0.55278,0.73438,0.48056,0.72188,0.47083,0.70703,0.49167,0.74141,0.57500,0.76172,0.51111,0.75234,0.49167,0.73750,0.50833,0.75938,0.61806,0.77656,0.56806,0.77109,0.54583,0.75781,0.54861,0.62492,0.77048,0.9998,0.76586,1.00000,0.8959,0.71306,0.75519,0.9960,0.67943,0.69816,0.69375,0.75278,130.39,0.9948,live,0.0951,0.1001,75.69,756.21
156491.737875,100.0,0.3578,4,2,0,0.69609,0.75278,0.67031,0.70139,0.66016,0.63472,0.66172,0.58472,0.67891,0.54167,0.69766,0.55139,0.70781,0.49444,0.69609,0.47778,0.68359,0.49306,0.72188,0.55556,0.73594,0.48194,0.72422,0.46944,0.70859,0.49167,0.74219,0.57778,0.76328,0.51250,0.75469,0.49167,0.74062,0.50972,0.76016,0.61944,0.77656,0.56806,0.77187,0.54583,0.75938,0.55139,0.62521,0.77217,0.9998,0.76566,1.00000,0.8941,0.71555,0.75341,0.9958,0.68276,0.70908,0.69609,0.75278,127.72,0.9940,live,0.0951,0.1116,84.53,757.42
156491.804898,100.0,0.4695,4,2,0,0.69531,0.75139,0.66953,0.70139,0.65859,0.63611,0.65938,0.58472,0.67734,0.54444,0.69688,0.55278,0.70625,0.49583,0.69375,0.48056,0.68047,0.49444,0.72109,0.55694,0.73516,0.48333,0.72188,0.47083,0.70547,0.49444,0.74141,0.57778,0.76172,0.51111,0.75234,0.49167,0.73750,0.51111,0.75938,0.61806,0.77500,0.56667,0.76953,0.54583,0.75625,0.55556,0.62504,0.77347,0.9998,0.76758,1.00000,0.8928,0.71983,0.75446,0.9958,0.68527,0.71755,0.69531,0.75139,126.47,0.9941,live,0.0997,0.1206,91.35,757.59
156491.871257,100.0,0.5801,4,2,0,0.68906,0.74861,0.66406,0.69861,0.65312,0.63472,0.65312,0.58472,0.66953,0.54306,0.68984,0.55000,0.69688,0.49722,0.68516,0.48194,0.67266,0.49167,0.71406,0.55278,0.72656,0.48194,0.71250,0.46944,0.69609,0.49028,0.73594,0.57361,0.75469,0.50833,0.74453,0.48889,0.73047,0.50556,0.75391,0.61389,0.76953,0.56250,0.76250,0.54028,0.74687,0.54861,0.62524,0.77352,0.9998,0.76413,1.00000,0.8910,0.71733,0.75799,0.9957,0.68603,0.72376,0.68906,0.74861,127.32,0.9965,live,0.0997,0.1161,88.03,758.35
156491.938150,100.0,0.6916,4,2,0,0.67734,0.74028,0.65234,0.68750,0.64141,0.62500,0.64297,0.57778,0.65469,0.53611,0.67656,0.54306,0.68281,0.48889,0.66953,0.47639,0.65625,0.48611,0.70078,0.54722,0.71250,0.47639,0.69766,0.46667,0.68125,0.48611,0.72109,0.56944,0.73984,0.50139,0.72656,0.48611,0.71250,0.50000,0.73906,0.60972,0.75469,0.55556,0.74453,0.53611,0.72969,0.54167,0.62600,0.77357,0.9998,0.74644,1.00000,0.8917,0.71420,0.75793,0.9957,0.68429,0.72706,0.67734,0.74028,125.07,0.9952,live,0.0997,0.1018,77.11,757.40
156492.004827,100.0,0.8027,4,2,0,0.66016,0.72778,0.63594,0.67778,0.62266,0.61528,0.62187,0.56667,0.63281,0.52500,0.65781,0.53194,0.65938,0.47639,0.64375,0.46528,0.62969,0.47361,0.67969,0.53611,0.69063,0.46250,0.67109,0.45556,0.65312,0.47500,0.70000,0.55833,0.71562,0.48889,0.69844,0.47639,0.68125,0.49028,0.71797,0.59722,0.73203,0.54167,0.71875,0.52222,0.70234,0.52778,0.62440,0.77436,0.9998,0.73589,1.00000,0.8919,0.69847,0.74907,0.9958,0.67946,0.72721,0.66016,0.72778,122.78,0.9953,live,0.0997,0.0815,61.52,754.91
156492.071539,100.0,0.9139,4,2,0,0.64375,0.71944,0.61797,0.66944,0.60391,0.60556,0.60000,0.55694,0.60859,0.51389,0.63516,0.52639,0.63672,0.46389,0.61875,0.45417,0.60234,0.46250,0.65625,0.53056,0.66328,0.45417,0.64297,0.44444,0.62578,0.46111,0.67578,0.55000,0.68906,0.47639,0.67031,0.46389,0.65312,0.47639,0.69531,0.58333,0.70547,0.52500,0.69219,0.50694,0.67500,0.51111,0.62420,0.77387,0.9998,0.72662,1.00000,0.8954,0.67668,0.72485,0.9960,0.67232,0.72565,0.64375,0.71944,120.44,0.9954,live,0.0929,0.0619,46.52,751.04
156492.138239,100.0,0.0251,4,3,0,0.63125,0.70694,0.60391,0.66111,0.58828,0.59444,0.58281,0.54722,0.58750,0.50278,0.61719,0.51389,0.61641,0.45278,0.59766,0.44444,0.57969,0.45417,0.63750,0.51944,0.64297,0.43889,0.62031,0.43333,0.60234,0.45278,0.65703,0.53750,0.66719,0.46111,0.64687,0.45000,0.62969,0.46250,0.67578,0.57222,0.68359,0.51111,0.66953,0.49167,0.65312,0.49444,0.62443,0.76634,0.9998,0.72476,1.00000,0.8918,0.66230,0.68271,0.9958,0.66411,0.72191,0.63125,0.70694,118.47,0.9956,live,0.0862,0.0558,41.62,746.21
156492.205144,100.0,0.1366,4,3,0,0.62344,0.69583,0.59688,0.65139,0.58047,0.58611,0.57422,0.54028,0.57422,0.49167,0.60859,0.50694,0.60547,0.44028,0.58437,0.43472,0.56484,0.44722,0.62813,0.51111,0.62969,0.42917,0.60625,0.42361,0.58594,0.44167,0.64687,0.52917,0.65625,0.44861,0.63438,0.43472,0.61406,0.44444,0.66563,0.56250,0.67344,0.50000,0.65703,0.48194,0.63906,0.48611,0.62236,0.76458,0.9998,0.71985,1.00000,0.8927,0.65261,0.68855,0.9958,0.65597,0.71670,0.62344,0.69583,115.96,0.9947,live,0.0813,0.0592,43.79,740.16
156492.271464,100.0,0.2471,4,3,0,0.62422,0.69583,0.59531,0.65000,0.57891,0.58472,0.57266,0.53750,0.57344,0.48889,0.60547,0.50278,0.60078,0.44167,0.58125,0.43333,0.56328,0.44444,0.62656,0.50556,0.62734,0.42778,0.60547,0.41806,0.58516,0.43472,0.64687,0.52361,0.65469,0.44722,0.63359,0.43194,0.61406,0.44028,0.66563,0.55694,0.67109,0.49583,0.65547,0.47778,0.63750,0.48056,0.62235,0.75519,0.9998,0.72123,1.00000,0.8888,0.64534,0.67963,0.9955,0.64962,0.71252,0.62422,0.69583,119.39,0.9957,live,0.0813,0.0656,48.39,737.30
156492.338194,100.0,0.3583,4,3,0,0.62734,0.69583,0.59766,0.65000,0.58125,0.58472,0.57578,0.53472,0.57500,0.48889,0.61016,0.50556,0.60469,0.44444,0.58437,0.43611,0.56563,0.44444,0.62969,0.50833,0.63203,0.42917,0.61016,0.41944,0.58906,0.43333,0.64922,0.52500,0.65938,0.44722,0.63828,0.43333,0.61797,0.44167,0.66719,0.55694,0.67422,0.49722,0.65859,0.47917,0.64141,0.47917,0.62230,0.75635,0.9998,0.73073,1.00000,0.8887,0.64740,0.68196,0.9955,0.64517,0.70919,0.62734,0.69583,116.97,0.9952,live,0.0813,0.0735,53.89,733.05
156492.405567,100.0,0.4706,4,3,0,0.63203,0.70000,0.60313,0.65417,0.58750,0.58750,0.58281,0.53889,0.58359,0.49306,0.61562,0.50972,0.61172,0.44861,0.59219,0.43889,0.57266,0.44444,0.63516,0.50972,0.63594,0.43611,0.61484,0.42778,0.59453,0.44167,0.65547,0.52639,0.66484,0.45000,0.64453,0.43611,0.62422,0.44444,0.67422,0.55833,0.68125,0.50000,0.66719,0.48056,0.65000,0.48056,0.62057,0.75661,0.9997,0.72844,1.00000,0.8944,0.64950,0.68246,0.9958,0.64254,0.70735,0.63203,0.70000,118.46,0.9968,live,0.0813,0.0787,57.47,730.37
156492.471594,100.0,0.5807,4,3,0,0.64141,0.70694,0.61328,0.65833,0.59844,0.59444,0.59453,0.54583,0.59844,0.50278,0.62813,0.51667,0.62656,0.45694,0.60938,0.44306,0.59141,0.44722,0.64766,0.51806,0.64922,0.44444,0.63047,0.43333,0.61172,0.44583,0.66719,0.53611,0.67734,0.46111,0.65859,0.44722,0.63906,0.45556,0.68516,0.56806,0.69375,0.50833,0.68047,0.48889,0.66406,0.48889,0.62108,0.76024,0.9998,0.73657,1.00000,0.8994,0.65869,0.69329,0.9960,0.64231,0.70727,0.64141,0.70694,117.68,0.9960,live,0.0813,0.0765,55.62,727.46
156492.538508,100.0,0.6922,4,3,0,0.65703,0.71250,0.63125,0.66389,0.61641,0.60139,0.61250,0.55278,0.62031,0.51111,0.64766,0.52361,0.64766,0.46667,0.63125,0.45417,0.61406,0.45972,0.66719,0.52500,0.67344,0.45139,0.65391,0.44028,0.63672,0.45556,0.68672,0.54306,0.69922,0.46944,0.68125,0.45556,0.66328,0.46806,0.70547,0.57500,0.71484,0.51528,0.70156,0.49722,0.68437,0.50417,0.62161,0.76712,0.9998,0.73491,1.00000,0.9018,0.67566,0.70597,0.9961,0.64526,0.70831,0.65703,0.71250,117.92,0.9939,live,0.0813,0.0685,49.67,725.07
156492.605023,100.0,0.8031,4,3,0,0.67578,0.72361,0.65156,0.67083,0.63828,0.60833,0.63828,0.56111,0.64766,0.52083,0.67266,0.53333,0.67734,0.47500,0.66172,0.46389,0.64531,0.47083,0.69375,0.53750,0.70391,0.46250,0.68359,0.45278,0.66563,0.47083,0.71406,0.55694,0.72891,0.48472,0.71094,0.47083,0.69453,0.48333,0.73203,0.59306,0.74609,0.53611,0.73359,0.51667,0.71797,0.52222,0.62588,0.76809,0.9998,0.73851,1.00000,0.9018,0.70365,0.73052,0.9962,0.65136,0.71137,0.67578,0.72361,119.69,0.9929,live,0.0768,0.0561,40.63,724.24
156492.671722,100.0,0.9142,4,3,0,0.69922,0.73472,0.67422,0.68194,0.66406,0.61528,0.66641,0.56528,0.68125,0.52917,0.70156,0.53750,0.71016,0.48056,0.69766,0.46806,0.68359,0.47778,0.72344,0.54167,0.73594,0.47222,0.71953,0.45694,0.70156,0.47500,0.74375,0.56111,0.76250,0.49306,0.74766,0.47639,0.73281,0.49167,0.76172,0.59722,0.77656,0.54167,0.76484,0.52639,0.74922,0.53889,0.62692,0.77072,0.9998,0.73730,1.00000,0.9003,0.72084,0.73294,0.9960,0.66093,0.71604,0.69922,0.73472,124.98,0.9942,live,0.0703,0.0410,29.82,727.31
156492.738689,100.0,0.0258,4,4,0,0.71562,0.73611,0.69063,0.68333,0.68281,0.61389,0.69063,0.56250,0.70703,0.52500,0.72422,0.53472,0.73672,0.47917,0.72578,0.46528,0.71172,0.47778,0.74687,0.54167,0.76250,0.47222,0.74922,0.45694,0.73125,0.47500,0.76641,0.56250,0.78672,0.49583,0.77734,0.47639,0.76406,0.49306,0.78438,0.60000,0.80312,0.55000,0.79766,0.52778,0.78359,0.53056,0.62976,0.77068,0.9998,0.74797,1.00000,0.8949,0.73231,0.73388,0.9957,0.67187,0.72006,0.71562,0.73611,128.24,0.9903,live,0.0703,0.0532,38.94,732.37
156492.805808,100.0,0.1377,4,4,0,0.72813,0.74028,0.70469,0.68194,0.69922,0.61389,0.70859,0.56389,0.72500,0.52500,0.73906,0.53472,0.74687,0.48750,0.74141,0.47083,0.73359,0.47500,0.76328,0.54167,0.77812,0.47778,0.77031,0.45972,0.75703,0.47361,0.78359,0.56389,0.80391,0.50139,0.79844,0.47917,0.78672,0.49167,0.80156,0.60139,0.81953,0.55139,0.81641,0.52639,0.80469,0.52778,0.62973,0.77228,0.9998,0.75167,1.00000,0.8917,0.74539,0.73336,0.9954,0.68312,0.72410,0.72813,0.74028,132.28,0.9956,live,0.0703,0.0725,53.62,739.72
156492.871860,100.0,0.2478,4,4,0,0.73516,0.73889,0.71406,0.67361,0.71016,0.60417,0.72344,0.55000,0.74219,0.50833,0.74687,0.53194,0.75625,0.48056,0.75391,0.46250,0.74766,0.47083,0.77187,0.54028,0.78750,0.47778,0.78516,0.45694,0.77500,0.46667,0.79219,0.56250,0.81328,0.50417,0.81172,0.48056,0.80156,0.49167,0.81094,0.60139,0.82812,0.55972,0.83125,0.53333,0.82500,0.52639,0.62988,0.77230,0.9998,0.75451,1.00000,0.8884,0.75119,0.73766,0.9954,0.69353,0.72706,0.73516,0.73889,133.73,0.9886,live,0.0703,0.0898,67.09,747.24
156492.938809,100.0,0.3594,4,4,0,0.73984,0.73611,0.71953,0.66806,0.71641,0.60278,0.72969,0.54722,0.74922,0.50694,0.75234,0.53056,0.76016,0.48056,0.76016,0.46111,0.75547,0.46528,0.77734,0.53889,0.79219,0.47778,0.79297,0.45556,0.78438,0.45972,0.79766,0.56111,0.81719,0.50556,0.81875,0.48056,0.80859,0.49167,0.81719,0.59861,0.83516,0.55556,0.83828,0.52639,0.83047,0.52083,0.63177,0.77184,0.9998,0.76003,1.00000,0.8844,0.75849,0.73751,0.9951,0.70279,0.72887,0.73984,0.73611,133.79,0.9870,live,0.0765,0.1047,78.96,753.90
156493.005192,100.0,0.4700,4,4,0,0.74062,0.73611,0.71875,0.67083,0.71562,0.60417,0.72969,0.54861,0.74766,0.50694,0.75313,0.53194,0.75859,0.48333,0.75781,0.46250,0.75391,0.46250,0.77891,0.53889,0.79141,0.47917,0.79219,0.45278,0.78516,0.45417,0.79922,0.56111,0.81719,0.50556,0.81953,0.47778,0.81172,0.48750,0.81797,0.59861,0.83437,0.55278,0.83672,0.52361,0.82891,0.51806,0.63176,0.77233,0.9998,0.75926,1.00000,0.8822,0.76218,0.73783,0.9949,0.71036,0.73032,0.74062,0.73611,133.49,0.9921,live,0.0838,0.1167,88.67,759.55
156493.071982,100.0,0.5813,4,4,0,0.73281,0.72917,0.71016,0.66806,0.70625,0.59722,0.72031,0.54306,0.73828,0.50278,0.74687,0.52778,0.75313,0.47917,0.75000,0.45833,0.74375,0.46250,0.77187,0.53472,0.78516,0.47500,0.78125,0.45139,0.76875,0.45833,0.79219,0.55694,0.81172,0.50000,0.80859,0.47222,0.79844,0.47917,0.81016,0.59444,0.82734,0.55000,0.82734,0.52083,0.81875,0.51389,0.63160,0.77253,0.9998,0.76033,1.00000,0.8808,0.75895,0.73608,0.9949,0.71485,0.73009,0.73281,0.72917,131.88,0.9915,live,0.0900,0.1185,90.48,763.36
156493.138772,100.0,0.6926,4,4,0,0.71797,0.71667,0.69688,0.65972,0.68984,0.59306,0.69688,0.54028,0.71250,0.50556,0.73047,0.51944,0.73828,0.46944,0.73125,0.45278,0.72266,0.45833,0.75313,0.52500,0.76797,0.46111,0.75859,0.44306,0.74453,0.45694,0.77344,0.54722,0.79297,0.48472,0.78672,0.46250,0.77500,0.47361,0.79141,0.58472,0.80781,0.53750,0.80547,0.50972,0.79609,0.50556,0.63202,0.77228,0.9998,0.76041,1.00000,0.8803,0.75073,0.72786,0.9948,0.71547,0.72740,0.71797,0.71667,128.19,0.9928,live,0.0900,0.1089,83.19,764.05
156493.205899,100.0,0.8045,4,4,0,0.69922,0.70139,0.67656,0.64722,0.66641,0.58194,0.66953,0.52778,0.68516,0.49306,0.70469,0.50000,0.71094,0.44583,0.69844,0.43194,0.68750,0.43889,0.72656,0.50278,0.73906,0.43472,0.72578,0.42083,0.71172,0.43472,0.74766,0.52222,0.76562,0.45556,0.75234,0.43889,0.73828,0.45278,0.76719,0.55694,0.78047,0.50417,0.77109,0.48194,0.75703,0.48611,0.63336,0.77231,0.9998,0.76522,1.00000,0.8827,0.73512,0.72411,0.9951,0.71222,0.72220,0.69922,0.70139,129.47,0.9946,live,0.0900,0.0922,70.56,765.58
156493.272431,100.0,0.9154,4,4,0,0.68203,0.67083,0.65391,0.61389,0.64219,0.54583,0.64375,0.49306,0.65625,0.45278,0.67734,0.46944,0.67969,0.41528,0.66563,0.40000,0.65156,0.40278,0.69766,0.46944,0.70625,0.40139,0.69063,0.38611,0.67344,0.39444,0.71797,0.48611,0.73281,0.41667,0.71797,0.39722,0.70000,0.40694,0.73594,0.51806,0.74609,0.46111,0.73438,0.43889,0.71797,0.44167,0.62908,0.77283,0.9998,0.74753,1.00000,0.8859,0.71087,0.69234,0.9953,0.70618,0.71193,0.68203,0.67083,126.03,0.9894,live,0.0900,0.0750,57.36,764.45
156493.338898,100.0,0.0262,4,1,1,0.66406,0.62222,0.63594,0.56944,0.62109,0.50417,0.62187,0.45000,0.63516,0.41111,0.65391,0.42500,0.65234,0.37222,0.63906,0.35417,0.62422,0.35556,0.67422,0.42500,0.67812,0.35972,0.66484,0.34028,0.64687,0.34444,0.69453,0.44028,0.70312,0.37222,0.69219,0.35000,0.67656,0.35278,0.71250,0.47083,0.71953,0.41944,0.71250,0.39167,0.70000,0.38056,0.62814,0.77303,0.9998,0.74292,1.00000,0.8831,0.68606,0.60588,0.9955,0.69776,0.69399,0.66406,0.62222,123.13,0.9902,live,0.0854,0.0643,48.98,761.37
156493.405659,100.0,0.1375,4,1,1,0.65703,0.58194,0.62734,0.53056,0.61250,0.46250,0.61016,0.40417,0.61875,0.35833,0.64141,0.38472,0.63594,0.33611,0.62500,0.31528,0.61250,0.30833,0.66250,0.38056,0.66172,0.31944,0.65000,0.29444,0.63281,0.28889,0.68203,0.39444,0.68672,0.33056,0.67656,0.30417,0.66016,0.30000,0.70078,0.42361,0.70547,0.36944,0.69844,0.34167,0.68437,0.33056,0.62816,0.77049,0.9998,0.74335,1.00000,0.8856,0.67562,0.57111,0.9956,0.68961,0.67158,0.65703,0.58194,124.14,0.9920,live,0.0854,0.0779,59.19,759.39
156493.472490,100.0,0.2488,4,1,1,0.65469,0.54861,0.62422,0.49722,0.60703,0.42917,0.60391,0.36944,0.61328,0.31806,0.63672,0.35417,0.63125,0.30417,0.62109,0.28333,0.60703,0.27639,0.65781,0.34861,0.65703,0.28750,0.64531,0.26250,0.62813,0.25556,0.67656,0.36111,0.68047,0.29583,0.67031,0.26806,0.65469,0.26250,0.69531,0.38750,0.69844,0.33472,0.69063,0.30556,0.67656,0.29028,0.62826,0.76748,0.9998,0.74306,1.00000,0.8911,0.66972,0.54675,0.9959,0.68263,0.64698,0.65469,0.54861,122.95,0.9920,live,0.0854,0.0968,73.26,756.79
156493.538993,100.0,0.3597,4,1,1,0.65547,0.53889,0.62344,0.48750,0.60781,0.41806,0.60625,0.35972,0.61406,0.30972,0.63594,0.34583,0.63047,0.29583,0.61953,0.27500,0.60469,0.26389,0.65625,0.33889,0.65469,0.27639,0.64297,0.25139,0.62500,0.24028,0.67500,0.34861,0.67891,0.28194,0.66875,0.25417,0.65078,0.24306,0.69297,0.37222,0.69609,0.31806,0.68906,0.28611,0.67500,0.26528,0.62828,0.76586,0.9998,0.74235,0.99283,0.8944,0.67053,0.53402,0.9961,0.67720,0.62537,0.65547,0.53889,122.48,0.9925,live,0.0915,0.1194,90.06,754.16
156493.605504,100.0,0.4705,4,1,1,0.65703,0.53889,0.62500,0.49306,0.61016,0.42083,0.60703,0.36111,0.61562,0.31250,0.63750,0.35000,0.63281,0.30000,0.62109,0.27778,0.60703,0.26667,0.65703,0.34306,0.65547,0.28194,0.64375,0.25556,0.62656,0.24861,0.67656,0.35139,0.67969,0.28750,0.66953,0.25833,0.65234,0.24861,0.69531,0.37361,0.69844,0.32222,0.69141,0.29167,0.67812,0.27361,0.62246,0.76572,0.9998,0.74264,0.99706,0.8977,0.67173,0.53649,0.9963,0.67316,0.60807,0.65703,0.53889,120.97,0.9908,live,0.0998,0.1375,103.20,750.76
156493.672259,100.0,0.5818,4,1,1,0.65938,0.56111,0.62734,0.51389,0.61328,0.44028,0.61094,0.38194,0.62031,0.33333,0.64062,0.37083,0.63672,0.31806,0.62500,0.29444,0.61016,0.28611,0.66094,0.36389,0.66016,0.30139,0.64766,0.27500,0.62969,0.27083,0.68047,0.37500,0.68437,0.30694,0.67266,0.27639,0.65469,0.26806,0.70000,0.39861,0.70391,0.34583,0.69609,0.31389,0.68125,0.29583,0.62447,0.76610,0.9997,0.73980,1.00000,0.9003,0.67069,0.54554,0.9965,0.67041,0.59868,0.65938,0.56111,121.93,0.9928,live,0.1081,0.1459,109.17,748.46
156493.739126,100.0,0.6932,4,1,1,0.66016,0.59583,0.63203,0.54306,0.62031,0.47361,0.61953,0.41528,0.62656,0.36667,0.64844,0.40000,0.64453,0.35278,0.63281,0.32917,0.61875,0.31667,0.66875,0.39722,0.66797,0.33472,0.65547,0.30972,0.63750,0.30417,0.68750,0.40972,0.69297,0.34306,0.68125,0.31667,0.66328,0.30833,0.70625,0.43611,0.71094,0.38056,0.70312,0.35000,0.68906,0.33472,0.62458,0.76663,0.9997,0.74038,1.00000,0.8990,0.67097,0.56035,0.9965,0.66836,0.59811,0.66016,0.59583,123.23,0.9942,live,0.1140,0.1412,105.52,747.37
156493.805770,100.0,0.8043,4,1,1,0.66797,0.64167,0.64141,0.59167,0.62891,0.52361,0.62813,0.46667,0.63828,0.42083,0.65781,0.44722,0.65469,0.39306,0.64453,0.37083,0.63281,0.36667,0.67891,0.44583,0.68125,0.38194,0.67109,0.35833,0.65547,0.35694,0.69922,0.46250,0.70703,0.39444,0.69688,0.36806,0.68125,0.36667,0.71875,0.49306,0.72500,0.43750,0.71797,0.40833,0.70391,0.40000,0.62546,0.76730,0.9997,0.73706,1.00000,0.9029,0.67663,0.62158,0.9968,0.66828,0.60682,0.66797,0.64167,123.05,0.9927,live,0.1190,0.1415,105.58,746.28
156493.872202,100.0,0.9150,4,1,1,0.67578,0.69306,0.64922,0.64861,0.63594,0.58472,0.63516,0.53333,0.64844,0.49306,0.66953,0.50000,0.66875,0.44583,0.65703,0.42778,0.64453,0.43333,0.69063,0.50000,0.69844,0.43194,0.68672,0.41528,0.67109,0.42778,0.71172,0.51944,0.72578,0.45000,0.71406,0.43194,0.69922,0.44583,0.72969,0.55417,0.74219,0.50000,0.73281,0.47778,0.71797,0.48194,0.62449,0.77023,0.9998,0.74241,1.00000,0.8996,0.69100,0.70281,0.9967,0.66978,0.62407,0.67578,0.69306,121.83,0.9938,live,0.1190,0.1279,95.23,744.44
156493.939427,100.0,0.0271,4,2,0,0.68437,0.74028,0.65781,0.69306,0.64375,0.63056,0.64375,0.58056,0.65859,0.54306,0.67891,0.54722,0.68047,0.49167,0.66875,0.47917,0.65625,0.48889,0.70156,0.54861,0.71172,0.47778,0.70000,0.46667,0.68594,0.48889,0.72266,0.57083,0.73906,0.50139,0.72891,0.48750,0.71484,0.50694,0.74062,0.60833,0.75625,0.55833,0.74922,0.53750,0.73516,0.54306,0.62472,0.77016,0.9998,0.75733,1.00000,0.8978,0.70845,0.73221,0.9967,0.67270,0.64731,0.68437,0.74028,122.14,0.9936,live,0.1120,0.0801,59.53,743.05
156494.006079,100.0,0.1382,4,2,0,0.68750,0.76528,0.66250,0.71528,0.65156,0.65417,0.65078,0.61250,0.66406,0.57361,0.68672,0.56944,0.69453,0.51250,0.67891,0.50417,0.66484,0.51944,0.71016,0.57639,0.72344,0.50278,0.70781,0.49722,0.69141,0.52222,0.73047,0.60139,0.74922,0.53333,0.73672,0.51944,0.72109,0.53750,0.74844,0.64306,0.76641,0.58889,0.75781,0.56944,0.74297,0.57500,0.62556,0.77102,0.9998,0.76589,1.00000,0.8972,0.70969,0.76257,0.9966,0.67566,0.67090,0.68750,0.76528,123.20,0.9939,live,0.1053,0.0748,55.54,742.58
156494.072426,100.0,0.2487,4,2,0,0.69141,0.77500,0.66563,0.72500,0.65469,0.66250,0.65547,0.61944,0.67031,0.58056,0.69063,0.58056,0.69844,0.52361,0.68516,0.51389,0.67188,0.53056,0.71484,0.58611,0.72813,0.50972,0.71406,0.50417,0.69922,0.53056,0.73516,0.60833,0.75625,0.53750,0.74453,0.52500,0.72969,0.55000,0.75469,0.65000,0.77187,0.59444,0.76406,0.57917,0.75000,0.59167,0.62554,0.77212,0.9998,0.76295,1.00000,0.8952,0.71243,0.77560,0.9963,0.67881,0.69172,0.69141,0.77500,124.10,0.9938,live,0.1053,0.0940,69.86,742.83
156494.139000,100.0,0.3597,4,2,0,0.69219,0.77500,0.66797,0.72639,0.65703,0.66389,0.65625,0.61944,0.67188,0.58056,0.69375,0.58333,0.70234,0.52361,0.68750,0.51389,0.67344,0.53194,0.71641,0.59028,0.73281,0.50972,0.71641,0.50417,0.70000,0.53056,0.73672,0.61389,0.75938,0.54167,0.74687,0.52778,0.73125,0.55139,0.75469,0.65556,0.77187,0.60000,0.76406,0.58056,0.74844,0.58889,0.62558,0.77388,0.9998,0.76484,1.00000,0.8957,0.71257,0.77819,0.9962,0.68148,0.70838,0.69219,0.77500,121.45,0.9947,live,0.1053,0.1095,81.17,741.13
156494.205536,100.0,0.4706,4,2,0,0.69219,0.77500,0.66797,0.72639,0.65625,0.66250,0.65469,0.61667,0.67109,0.57778,0.69297,0.58194,0.70156,0.52500,0.68672,0.51250,0.67266,0.53056,0.71719,0.58750,0.73125,0.50972,0.71562,0.50278,0.69922,0.52917,0.73750,0.61111,0.75938,0.54028,0.74687,0.52639,0.73203,0.55000,0.75547,0.65278,0.77187,0.59583,0.76328,0.57778,0.74844,0.59028,0.62699,0.77529,0.9998,0.74444,1.00000,0.8937,0.71203,0.78201,0.9959,0.68362,0.72170,0.69219,0.77500,123.06,0.9950,live,0.1053,0.1230,91.13,740.79
156494.272681,100.0,0.5825,4,2,0,0.69063,0.77083,0.66641,0.72361,0.65391,0.66111,0.65234,0.61528,0.66875,0.57639,0.69063,0.58056,0.69844,0.52083,0.68281,0.51111,0.66797,0.52917,0.71406,0.58611,0.72813,0.50833,0.71094,0.50278,0.69453,0.53056,0.73438,0.60833,0.75547,0.53750,0.74297,0.52500,0.72734,0.55000,0.75313,0.64861,0.76875,0.59306,0.76016,0.57500,0.74531,0.58611,0.62701,0.77651,0.9998,0.73919,1.00000,0.8921,0.71205,0.77789,0.9959,0.68502,0.73153,0.69063,0.77083,121.52,0.9953,live,0.1103,0.1331,98.42,739.39
156494.339214,100.0,0.6934,4,2,0,0.68203,0.76806,0.65703,0.71806,0.64375,0.65972,0.64297,0.61667,0.65703,0.57639,0.68125,0.57500,0.68828,0.51667,0.67266,0.50972,0.65703,0.52917,0.70469,0.58056,0.71719,0.50556,0.69922,0.50139,0.68125,0.52500,0.72500,0.60417,0.74453,0.53333,0.73047,0.52361,0.71406,0.54444,0.74375,0.64583,0.76094,0.59167,0.75078,0.57500,0.73438,0.58472,0.62704,0.77679,0.9998,0.74981,1.00000,0.8916,0.71023,0.77452,0.9958,0.68443,0.73883,0.68203,0.76806,122.55,0.9953,live,0.1103,0.1319,97.44,738.90
156494.406458,100.0,0.8055,4,2,0,0.66563,0.76528,0.64062,0.71528,0.62734,0.65556,0.62656,0.61111,0.63828,0.57361,0.66328,0.57500,0.66953,0.51528,0.65000,0.50833,0.63359,0.52361,0.68516,0.58194,0.69453,0.50556,0.67188,0.50278,0.65469,0.52500,0.70547,0.60417,0.72031,0.52917,0.70156,0.52222,0.68516,0.54306,0.72422,0.64028,0.73750,0.58333,0.72500,0.56806,0.70937,0.57639,0.62697,0.77845,0.9998,0.75058,1.00000,0.8923,0.70237,0.77422,0.9957,0.68067,0.74412,0.66563,0.76528,119.90,0.9931,live,0.1103,0.1203,88.62,736.56
156494.472422,100.0,0.9154,4,2,0,0.64453,0.76250,0.61875,0.71389,0.60234,0.65556,0.60078,0.60833,0.60938,0.57083,0.63672,0.57500,0.63750,0.51389,0.61641,0.51111,0.60000,0.52361,0.65703,0.58056,0.66328,0.50000,0.63906,0.49861,0.62266,0.51806,0.67656,0.59861,0.68906,0.52222,0.66719,0.51806,0.65078,0.53472,0.69531,0.63194,0.70391,0.57222,0.68672,0.56528,0.67109,0.57917,0.62701,0.76715,0.9998,0.73733,1.00000,0.8936,0.68282,0.76495,0.9958,0.67344,0.74780,0.64453,0.76250,116.78,0.9944,live,0.1103,0.1011,74.05,732.25
156494.539441,100.0,0.0271,4,3,0,0.62500,0.75694,0.59922,0.71111,0.58125,0.65278,0.57500,0.60833,0.57969,0.56667,0.61016,0.56944,0.60938,0.50278,0.58672,0.50417,0.57109,0.52222,0.62969,0.57639,0.63359,0.49167,0.60859,0.49583,0.59219,0.52083,0.65000,0.59444,0.65859,0.51667,0.63516,0.51667,0.61875,0.53472,0.66953,0.62778,0.67578,0.56806,0.65781,0.55833,0.64141,0.56667,0.62613,0.76672,0.9998,0.72403,1.00000,0.8947,0.65314,0.76047,0.9958,0.66375,0.74963,0.62500,0.75694,115.59,0.9953,live,0.1103,0.0864,62.88,727.61
156494.606298,100.0,0.1385,4,3,0,0.61250,0.75139,0.58672,0.70694,0.56797,0.64583,0.55937,0.60278,0.56094,0.55833,0.59531,0.56944,0.59297,0.49861,0.57031,0.50417,0.55312,0.52361,0.61406,0.57500,0.61641,0.48889,0.58984,0.49306,0.57266,0.51667,0.63281,0.59444,0.64141,0.51111,0.61641,0.50972,0.59766,0.52639,0.65234,0.62361,0.65781,0.56111,0.63906,0.55139,0.62266,0.55972,0.62562,0.75894,0.9998,0.71469,1.00000,0.9005,0.63754,0.75522,0.9960,0.65350,0.74998,0.61250,0.75139,111.95,0.9934,live,0.1050,0.0807,58.20,720.90
156494.672703,100.0,0.2492,4,3,0,0.61094,0.74861,0.58359,0.70556,0.56406,0.64583,0.55391,0.60278,0.55547,0.55694,0.58984,0.56528,0.58516,0.49722,0.56250,0.50000,0.54531,0.51667,0.61016,0.57083,0.61016,0.48611,0.58281,0.49028,0.56484,0.51667,0.62969,0.59028,0.63672,0.50694,0.61094,0.50417,0.59219,0.52083,0.64922,0.62361,0.65391,0.55694,0.63359,0.54722,0.61719,0.55694,0.62539,0.75779,0.9998,0.71199,1.00000,0.9048,0.63434,0.75245,0.9962,0.64499,0.74971,0.61094,0.74861,113.01,0.9968,live,0.1050,0.0829,59.36,715.76
156494.739520,100.0,0.3606,4,3,0,0.61484,0.74861,0.58750,0.70556,0.56875,0.64444,0.56016,0.60000,0.56172,0.55694,0.59531,0.56250,0.59297,0.49306,0.57031,0.49306,0.55234,0.50972,0.61484,0.56944,0.61719,0.48472,0.59141,0.48611,0.57422,0.50972,0.63438,0.58889,0.64375,0.50694,0.61875,0.50278,0.60078,0.51944,0.65391,0.62083,0.65859,0.55694,0.63984,0.54583,0.62344,0.55278,0.62525,0.76230,0.9998,0.71496,1.00000,0.9089,0.63517,0.75239,0.9964,0.63896,0.74949,0.61484,0.74861,114.00,0.9976,live,0.1050,0.0876,62.38,711.95
156494.806253,100.0,0.4718,4,3,0,0.62500,0.74722,0.59688,0.70278,0.58047,0.64306,0.57422,0.59861,0.57656,0.55694,0.60625,0.56111,0.60391,0.49583,0.58203,0.49583,0.56563,0.50972,0.62656,0.56667,0.63047,0.48194,0.60625,0.48333,0.58906,0.50694,0.64609,0.58472,0.65469,0.50694,0.63203,0.50139,0.61406,0.51806,0.66563,0.61667,0.67031,0.55556,0.65312,0.54444,0.63750,0.55278,0.62554,0.76469,0.9998,0.71727,1.00000,0.9129,0.63776,0.74374,0.9964,0.63617,0.74903,0.62500,0.74722,114.86,0.9967,live,0.1050,0.0901,63.93,709.22
156494.872775,100.0,0.5827,4,3,0,0.63906,0.74444,0.61250,0.70000,0.59609,0.64028,0.58984,0.59722,0.59766,0.55556,0.62344,0.55833,0.62500,0.49444,0.60469,0.49306,0.58828,0.50972,0.64375,0.56389,0.65000,0.48194,0.62734,0.48056,0.61172,0.50278,0.66328,0.58333,0.67578,0.50417,0.65469,0.49722,0.63750,0.51528,0.68281,0.61528,0.69141,0.55139,0.67500,0.54028,0.65859,0.55000,0.62562,0.76402,0.9998,0.71814,1.00000,0.9105,0.65478,0.73845,0.9962,0.63675,0.74812,0.63906,0.74444,115.13,0.9945,live,0.1050,0.0881,62.29,707.01
156494.939600,100.0,0.6940,4,3,0,0.65859,0.74444,0.63359,0.69861,0.61797,0.63750,0.61406,0.59167,0.62187,0.55000,0.64687,0.55417,0.65078,0.49028,0.63281,0.48611,0.61562,0.50000,0.66797,0.55972,0.67578,0.47917,0.65391,0.47639,0.63672,0.50000,0.68828,0.57917,0.70156,0.50139,0.68047,0.49306,0.66406,0.50972,0.70859,0.61250,0.71875,0.55000,0.70391,0.53750,0.68828,0.54861,0.62438,0.77280,0.9998,0.74332,1.00000,0.9109,0.67908,0.73865,0.9961,0.64112,0.74738,0.65859,0.74444,118.84,0.9943,live,0.1050,0.0807,57.11,707.73
156495.007125,100.0,0.8066,4,3,0,0.68047,0.73750,0.65469,0.68750,0.64062,0.62639,0.64219,0.57917,0.65469,0.54167,0.67578,0.54028,0.68516,0.48194,0.66953,0.47500,0.65234,0.48889,0.69688,0.54722,0.71016,0.47222,0.69063,0.46528,0.67188,0.48472,0.71719,0.57083,0.73516,0.49861,0.71719,0.48611,0.70000,0.50139,0.73516,0.60833,0.75000,0.54861,0.73594,0.53611,0.72031,0.54861,0.62486,0.77374,0.9998,0.74207,1.00000,0.9065,0.70166,0.74211,0.9960,0.64899,0.74541,0.68047,0.73750,121.89,0.9940,live,0.0982,0.0673,47.82,710.57
156495.072835,100.0,0.9161,4,3,0,0.69922,0.73472,0.67500,0.68194,0.66484,0.61389,0.67188,0.56111,0.68672,0.52222,0.70469,0.53333,0.71484,0.47639,0.70312,0.46250,0.68906,0.47500,0.72734,0.53889,0.74141,0.46667,0.72656,0.45278,0.70937,0.47083,0.74687,0.55972,0.76641,0.49167,0.75469,0.47361,0.73984,0.49028,0.76562,0.59722,0.78359,0.54444,0.77656,0.52361,0.76250,0.53056,0.62767,0.77441,0.9998,0.73890,1.00000,0.9029,0.71568,0.74179,0.9960,0.65903,0.74327,0.69922,0.73472,127.93,0.9926,live,0.0895,0.0497,35.64,717.41
156495.139724,100.0,0.0276,4,4,0,0.71641,0.72778,0.69297,0.66806,0.68672,0.60139,0.69531,0.55000,0.71172,0.50972,0.72578,0.52361,0.73359,0.47222,0.72656,0.45556,0.71641,0.46528,0.74922,0.52917,0.76250,0.46389,0.75313,0.44722,0.73828,0.46111,0.76875,0.55000,0.78750,0.48750,0.78281,0.46667,0.77031,0.47917,0.78672,0.58611,0.80312,0.54167,0.80234,0.51667,0.79297,0.51250,0.62771,0.77301,0.9998,0.74844,1.00000,0.8964,0.73062,0.73215,0.9957,0.67051,0.74017,0.71641,0.72778,130.65,0.9903,live,0.0844,0.0614,44.52,725.39
156495.206776,100.0,0.1393,4,4,0,0.72578,0.72639,0.70469,0.65833,0.70078,0.59306,0.71250,0.54028,0.73125,0.50278,0.73516,0.51944,0.74141,0.47083,0.73984,0.45417,0.73438,0.45833,0.76094,0.52500,0.77266,0.46667,0.77187,0.44722,0.76172,0.44861,0.78125,0.54722,0.79766,0.49167,0.79844,0.46806,0.78984,0.47639,0.80000,0.58472,0.81563,0.54444,0.81797,0.51806,0.81172,0.50833,0.62695,0.77284,0.9998,0.75224,1.00000,0.8931,0.74281,0.72034,0.9955,0.68156,0.73741,0.72578,0.72639,134.02,0.9887,live,0.0844,0.0800,58.78,734.84
156495.273060,100.0,0.2498,4,4,0,0.73203,0.72361,0.71094,0.65694,0.70703,0.58889,0.72031,0.53472,0.74062,0.49444,0.74219,0.52083,0.74844,0.46806,0.74844,0.44861,0.74531,0.45417,0.76641,0.52778,0.78125,0.46528,0.78125,0.44167,0.77344,0.44583,0.78750,0.55000,0.80625,0.49028,0.80781,0.46389,0.79844,0.47639,0.80625,0.58472,0.82500,0.54167,0.82812,0.51111,0.82109,0.50694,0.62571,0.77275,0.9998,0.75293,1.00000,0.8897,0.74779,0.72092,0.9956,0.69166,0.73465,0.73203,0.72361,131.56,0.9823,live,0.0844,0.0969,71.82,741.38
156495.339759,100.0,0.3610,4,4,0,0.73125,0.72222,0.70937,0.65972,0.70547,0.59306,0.71875,0.53750,0.73828,0.49861,0.74297,0.52083,0.74844,0.47222,0.74766,0.45139,0.74375,0.45278,0.76797,0.52778,0.78047,0.46944,0.78125,0.44306,0.77344,0.44306,0.78828,0.55000,0.80625,0.49583,0.80859,0.46806,0.80078,0.47361,0.80703,0.58611,0.82422,0.54444,0.82734,0.51667,0.82031,0.50972,0.62570,0.77115,0.9998,0.73748,1.00000,0.8852,0.74623,0.72108,0.9956,0.69957,0.73217,0.73125,0.72222,131.46,0.9890,live,0.0890,0.1098,82.07,747.07
156495.406560,100.0,0.4723,4,4,0,0.72266,0.71667,0.70000,0.65833,0.69453,0.59028,0.70625,0.53472,0.72656,0.50000,0.73281,0.51944,0.73750,0.46806,0.73516,0.44583,0.72969,0.44722,0.75781,0.52639,0.77109,0.46806,0.76953,0.44167,0.75859,0.44306,0.77891,0.54861,0.79531,0.49306,0.79688,0.46528,0.78984,0.46667,0.79688,0.58611,0.81328,0.54444,0.81641,0.51667,0.81172,0.50694,0.62575,0.77097,0.9998,0.75034,1.00000,0.8839,0.74438,0.72129,0.9955,0.70419,0.72907,0.72266,0.71667,128.86,0.9928,live,0.0939,0.1165,87.41,750.20
156495.473067,100.0,0.5831,4,4,0,0.70703,0.70833,0.68359,0.65556,0.67500,0.58750,0.68125,0.53333,0.69922,0.49861,0.71484,0.51389,0.71719,0.46250,0.71172,0.44167,0.70391,0.44167,0.73828,0.51806,0.75078,0.45694,0.74531,0.43056,0.73203,0.43472,0.75938,0.53889,0.77656,0.47917,0.77422,0.45139,0.76250,0.45417,0.77734,0.57500,0.79297,0.52778,0.79297,0.50000,0.78438,0.49444,0.62585,0.77100,0.9998,0.75308,1.00000,0.8806,0.73685,0.71794,0.9955,0.70476,0.72492,0.70703,0.70833,126.49,0.9936,live,0.0939,0.1106,83.05,751.25
156495.539817,100.0,0.6944,4,4,0,0.68906,0.68750,0.66328,0.63194,0.65234,0.56667,0.65625,0.51111,0.67109,0.46944,0.68828,0.48889,0.68984,0.43750,0.68203,0.41389,0.67031,0.40417,0.71094,0.49167,0.72188,0.43194,0.71562,0.40556,0.70156,0.39861,0.73203,0.51111,0.74687,0.44861,0.74062,0.42222,0.72422,0.41944,0.75000,0.54444,0.76172,0.49444,0.75781,0.47083,0.74531,0.46528,0.62623,0.76975,0.9998,0.74422,1.00000,0.8797,0.72454,0.71330,0.9957,0.70162,0.71744,0.68906,0.68750,126.13,0.9917,live,0.0939,0.0986,74.17,751.91
156495.606612,100.0,0.8057,4,4,0,0.66875,0.64306,0.64141,0.58750,0.62969,0.52222,0.63281,0.46806,0.64219,0.42500,0.66406,0.44444,0.66172,0.39167,0.65234,0.36667,0.63984,0.34722,0.68516,0.44583,0.68906,0.38472,0.67969,0.35556,0.66563,0.34028,0.70469,0.46389,0.71406,0.40139,0.70625,0.37361,0.69063,0.35972,0.72188,0.49722,0.73203,0.44861,0.72734,0.42083,0.71562,0.40556,0.62639,0.76939,0.9998,0.74102,1.00000,0.8752,0.70668,0.65706,0.9958,0.69505,0.70256,0.66875,0.64306,123.74,0.9899,live,0.0939,0.1036,77.77,750.77
156495.673325,100.0,0.9169,4,4,0,0.65547,0.59583,0.62422,0.54167,0.61172,0.47500,0.61484,0.41806,0.62187,0.36944,0.64531,0.40000,0.63984,0.34444,0.62891,0.31528,0.61719,0.28889,0.66563,0.39861,0.66563,0.33611,0.65703,0.30278,0.64453,0.27500,0.68437,0.41389,0.69141,0.35000,0.68437,0.31667,0.67109,0.29444,0.70234,0.44167,0.70937,0.39167,0.70469,0.36250,0.69297,0.34167,0.62761,0.76638,0.9998,0.74107,1.00000,0.8804,0.68124,0.57930,0.9961,0.68713,0.68121,0.65547,0.59583,122.32,0.9898,live,0.0939,0.0815,61.02,748.75
156495.740153,100.0,0.0283,4,1,1,0.64922,0.55278,0.61641,0.49861,0.60469,0.42500,0.60703,0.36528,0.61562,0.31528,0.63438,0.35694,0.62969,0.30139,0.61953,0.27222,0.60938,0.24306,0.65469,0.35417,0.65156,0.29306,0.64297,0.25694,0.63125,0.22639,0.67344,0.36667,0.67578,0.30139,0.66875,0.26667,0.65703,0.23750,0.69141,0.39028,0.69688,0.34028,0.69063,0.30972,0.67969,0.28333,0.62770,0.76385,0.9998,0.74110,1.00000,0.8855,0.67160,0.55376,0.9962,0.67955,0.65553,0.64922,0.55278,122.79,0.9892,live,0.0939,0.0899,67.21,747.31
156495.806792,100.0,0.1393,4,1,1,0.64766,0.51944,0.61406,0.46667,0.60156,0.39583,0.60391,0.33472,0.61250,0.28333,0.63047,0.32639,0.62578,0.27500,0.61719,0.24583,0.60781,0.21667,0.65156,0.32083,0.64766,0.26111,0.63828,0.22639,0.62656,0.19306,0.66953,0.33056,0.67188,0.26806,0.66328,0.23333,0.65078,0.20556,0.68828,0.35417,0.69141,0.30278,0.68437,0.27222,0.67188,0.24583,0.62603,0.76274,0.9998,0.74096,0.99840,0.8914,0.66943,0.52678,0.9964,0.67317,0.62831,0.64766,0.51944,122.58,0.9879,live,0.0939,0.1161,86.59,745.89
156495.873280,100.0,0.2502,4,1,1,0.64922,0.51250,0.61562,0.45972,0.60391,0.38750,0.60703,0.32500,0.61250,0.27500,0.63125,0.32222,0.62734,0.26667,0.61797,0.23750,0.60703,0.20833,0.65234,0.31667,0.64844,0.25417,0.63984,0.21806,0.62813,0.18472,0.67109,0.32500,0.67188,0.26111,0.66563,0.22639,0.65391,0.19722,0.68906,0.34583,0.69141,0.29444,0.68516,0.26250,0.67422,0.23611,0.62302,0.76267,0.9998,0.74079,0.99384,0.8975,0.66843,0.51066,0.9967,0.66838,0.60515,0.64922,0.51250,121.57,0.9874,live,0.1019,0.1380,102.63,743.92
156495.939820,100.0,0.3611,4,1,1,0.65234,0.51944,0.61953,0.46667,0.60859,0.39583,0.60938,0.33333,0.61719,0.28472,0.63516,0.32917,0.63203,0.27778,0.62422,0.25000,0.61484,0.22083,0.65625,0.32361,0.65312,0.26528,0.64453,0.22917,0.63281,0.19722,0.67578,0.33194,0.67812,0.27083,0.67109,0.23611,0.65859,0.20833,0.69453,0.35278,0.69766,0.30278,0.69141,0.27222,0.67969,0.24722,0.62296,0.76284,0.9998,0.74008,0.99317,0.8997,0.66936,0.51991,0.9968,0.66517,0.58801,0.65234,0.51944,122.33,0.9856,live,0.1110,0.1528,113.50,742.73
156496.006847,100.0,0.4728,4,1,1,0.65703,0.54722,0.62422,0.49306,0.61406,0.42083,0.61641,0.35833,0.62500,0.30972,0.64375,0.35417,0.64141,0.30278,0.63281,0.27500,0.62187,0.24861,0.66484,0.35000,0.66406,0.29167,0.65547,0.25833,0.64297,0.23194,0.68359,0.36111,0.68750,0.29861,0.68047,0.26528,0.66797,0.24167,0.70156,0.38333,0.70547,0.33194,0.69922,0.30139,0.68672,0.27639,0.62328,0.76127,0.9998,0.74008,0.99452,0.9010,0.66983,0.52821,0.9969,0.66354,0.57985,0.65703,0.54722,122.59,0.9859,live,0.1194,0.1577,117.02,741.86
156496.073065,100.0,0.5831,4,1,1,0.66094,0.58750,0.63203,0.53194,0.62344,0.46528,0.62500,0.40694,0.63047,0.35833,0.65312,0.39167,0.65000,0.33889,0.64062,0.31111,0.62969,0.28889,0.67422,0.39028,0.67578,0.32778,0.66719,0.29722,0.65469,0.27361,0.69219,0.40417,0.69922,0.34167,0.69219,0.30972,0.67891,0.29028,0.71016,0.43194,0.71641,0.38056,0.71094,0.35139,0.70000,0.32917,0.62364,0.76331,0.9997,0.73942,1.00000,0.9026,0.67073,0.53308,0.9971,0.66302,0.58138,0.66094,0.58750,122.86,0.9888,live,0.1264,0.1583,117.32,741.29
156496.139961,100.0,0.6946,4,1,1,0.66641,0.63889,0.63906,0.58611,0.63047,0.51944,0.63281,0.46528,0.64062,0.41944,0.66328,0.44444,0.66094,0.39167,0.65078,0.36667,0.63828,0.35139,0.68437,0.44583,0.68750,0.38194,0.67812,0.35278,0.66250,0.33472,0.70312,0.46250,0.71094,0.39861,0.70312,0.36667,0.68750,0.35000,0.72031,0.49444,0.72969,0.44444,0.72500,0.41528,0.71172,0.39583,0.62450,0.76363,0.9998,0.73923,1.00000,0.9042,0.67891,0.61376,0.9971,0.66370,0.59288,0.66641,0.63889,121.79,0.9902,live,0.1264,0.1316,97.40,740.03
156496.207352,100.0,0.8069,4,1,1,0.67422,0.68889,0.64687,0.63611,0.63672,0.57361,0.63906,0.52083,0.64844,0.47500,0.67344,0.49167,0.67109,0.44306,0.66250,0.41944,0.65078,0.40694,0.69531,0.49306,0.70156,0.43194,0.69375,0.40556,0.67734,0.39583,0.71484,0.51250,0.72656,0.45000,0.72031,0.42083,0.70469,0.41528,0.73203,0.54861,0.74375,0.49861,0.73984,0.47083,0.72734,0.45972,0.62519,0.76971,0.9998,0.75489,1.00000,0.9023,0.69091,0.68989,0.9969,0.66580,0.61208,0.67422,0.68889,124.06,0.9915,live,0.1264,0.1070,79.24,740.55
156496.273663,100.0,0.9175,4,1,1,0.68203,0.72361,0.65547,0.66944,0.64453,0.60972,0.64531,0.55833,0.65859,0.51528,0.68203,0.52639,0.67969,0.47917,0.67266,0.45556,0.66250,0.44583,0.70391,0.52917,0.71172,0.46806,0.70469,0.44583,0.68906,0.44028,0.72422,0.55000,0.73672,0.48889,0.73203,0.46250,0.71641,0.46528,0.74219,0.58889,0.75469,0.53889,0.75234,0.51389,0.73906,0.51111,0.62933,0.77046,0.9998,0.76551,1.00000,0.8996,0.70435,0.74291,0.9967,0.66905,0.63439,0.68203,0.72361,124.45,0.9960,live,0.1179,0.0788,58.45,741.29
156496.340629,100.0,0.0291,4,2,0,0.68906,0.74583,0.66250,0.68889,0.65312,0.62917,0.65391,0.58056,0.66563,0.53750,0.68828,0.54444,0.68906,0.49722,0.68203,0.47639,0.67188,0.47083,0.71250,0.54861,0.72188,0.48889,0.71562,0.46944,0.70078,0.46806,0.73203,0.57222,0.74766,0.51389,0.74375,0.48889,0.72891,0.49167,0.75078,0.61389,0.76406,0.57083,0.76172,0.54583,0.75000,0.54028,0.63031,0.77260,0.9998,0.75180,1.00000,0.8996,0.70779,0.76884,0.9966,0.67305,0.65668,0.68906,0.74583,127.01,0.9980,live,0.1104,0.0764,56.82,743.78
156496.406955,100.0,0.1396,4,2,0,0.69297,0.75694,0.66641,0.70139,0.65547,0.64167,0.65625,0.59028,0.67188,0.55000,0.69219,0.55278,0.69609,0.50139,0.68750,0.48194,0.67734,0.48611,0.71719,0.55833,0.72813,0.49444,0.72109,0.47639,0.70625,0.48194,0.73750,0.58194,0.75469,0.52361,0.75000,0.49722,0.73516,0.50694,0.75625,0.62500,0.77109,0.57778,0.76875,0.55278,0.75625,0.55000,0.63248,0.77333,0.9998,0.76447,1.00000,0.8996,0.71124,0.76471,0.9967,0.67704,0.67673,0.69297,0.75694,128.82,0.9975,live,0.1104,0.0964,72.02,747.27
156496.473622,100.0,0.2507,4,2,0,0.69297,0.76250,0.66797,0.70694,0.65781,0.64444,0.65859,0.59583,0.67422,0.55556,0.69609,0.55417,0.70078,0.50278,0.69063,0.48472,0.67812,0.49028,0.72031,0.56111,0.73203,0.49722,0.72266,0.48056,0.70547,0.48750,0.74141,0.58472,0.75938,0.52778,0.75313,0.50139,0.73672,0.50972,0.75938,0.62917,0.77422,0.58333,0.77187,0.55833,0.75781,0.55556,0.63214,0.77560,0.9998,0.76425,1.00000,0.8993,0.71234,0.76503,0.9965,0.68022,0.69388,0.69297,0.76250,131.20,0.9975,live,0.1104,0.1130,85.00,752.06
156496.540092,100.0,0.3615,4,2,0,0.69219,0.75972,0.66719,0.70694,0.65859,0.64444,0.65938,0.59444,0.67578,0.55417,0.69531,0.55417,0.70078,0.50417,0.69141,0.48611,0.68125,0.49028,0.72031,0.56111,0.73047,0.49583,0.72031,0.48056,0.70391,0.48750,0.73984,0.58472,0.75781,0.52778,0.75156,0.50139,0.73750,0.51389,0.75781,0.62917,0.77187,0.58056,0.76953,0.55417,0.75625,0.55278,0.63147,0.77573,0.9998,0.74351,1.00000,0.8991,0.71548,0.76626,0.9966,0.68261,0.70705,0.69219,0.75972,129.52,0.9980,live,0.1104,0.1258,94.96,755.07
156496.607072,100.0,0.4731,4,2,0,0.68672,0.75833,0.66250,0.70278,0.65156,0.64167,0.65312,0.59167,0.66875,0.55278,0.68984,0.55556,0.69609,0.50417,0.68672,0.48611,0.67422,0.49167,0.71406,0.56111,0.72578,0.49583,0.71406,0.47778,0.69688,0.48611,0.73516,0.58333,0.75234,0.52361,0.74453,0.50000,0.72891,0.50833,0.75234,0.62500,0.76719,0.57778,0.76172,0.55278,0.74766,0.55417,0.62995,0.77467,0.9998,0.74909,1.00000,0.8979,0.71492,0.76224,0.9964,0.68344,0.71731,0.68672,0.75833,128.55,0.9974,live,0.1104,0.1338,101.30,757.02
156496.673750,100.0,0.5843,4,2,0,0.67344,0.75417,0.64922,0.70278,0.63594,0.63889,0.63594,0.59028,0.65000,0.54861,0.67344,0.55556,0.67891,0.50139,0.66484,0.48750,0.65156,0.49306,0.69609,0.56111,0.70703,0.49306,0.68984,0.48056,0.67188,0.49444,0.71719,0.58472,0.73359,0.51806,0.71875,0.50139,0.70312,0.51389,0.73438,0.62500,0.75000,0.57083,0.73828,0.55417,0.72188,0.56389,0.63016,0.77464,0.9998,0.75938,1.00000,0.8989,0.71337,0.76533,0.9965,0.68144,0.72468,0.67344,0.75417,124.76,0.9960,live,0.1104,0.1299,98.20,756.00
156496.740402,100.0,0.6954,4,2,0,0.65234,0.75417,0.62813,0.70417,0.61250,0.64444,0.61172,0.59583,0.62187,0.55278,0.64844,0.55833,0.65156,0.50139,0.63594,0.48889,0.62109,0.49583,0.67031,0.56389,0.67812,0.49306,0.66016,0.48194,0.64297,0.49583,0.69063,0.58472,0.70469,0.51528,0.68750,0.50278,0.67031,0.51389,0.70859,0.62361,0.72109,0.56667,0.70703,0.55139,0.68906,0.56111,0.62906,0.77656,0.9998,0.74740,1.00000,0.8971,0.68798,0.76393,0.9963,0.67562,0.73058,0.65234,0.75417,122.16,0.9949,live,0.1104,0.1172,88.25,753.23
156496.807173,100.0,0.8066,4,2,0,0.63359,0.75139,0.60781,0.70417,0.59219,0.64306,0.58828,0.59722,0.59219,0.55417,0.62187,0.55972,0.62187,0.49583,0.60391,0.48889,0.58828,0.50139,0.64297,0.56528,0.64687,0.48889,0.62734,0.48056,0.61094,0.49444,0.66328,0.58611,0.67422,0.51250,0.65469,0.50278,0.63750,0.51250,0.68281,0.62083,0.69063,0.56250,0.67578,0.54861,0.65938,0.55278,0.63139,0.76395,0.9998,0.74003,1.00000,0.9021,0.66987,0.75409,0.9965,0.66721,0.73474,0.63359,0.75139,119.02,0.9959,live,0.1104,0.1218,91.15,748.54
156496.873943,100.0,0.9179,4,2,0,0.61875,0.74722,0.59219,0.70000,0.57422,0.63889,0.56719,0.59306,0.57031,0.55000,0.60234,0.55833,0.59844,0.49861,0.57891,0.49028,0.56172,0.49861,0.62187,0.56389,0.62422,0.48611,0.60313,0.47917,0.58516,0.49444,0.64141,0.58472,0.65078,0.50833,0.63047,0.49583,0.61172,0.50556,0.66094,0.61806,0.66719,0.55694,0.65156,0.54167,0.63438,0.54583,0.63138,0.76056,0.9998,0.73151,1.00000,0.9061,0.64622,0.75334,0.9966,0.65752,0.73724,0.61875,0.74722,115.92,0.9951,live,0.1104,0.0900,66.82,742.17
156496.940623,100.0,0.0291,4,3,0,0.61094,0.74306,0.58203,0.70000,0.56250,0.63611,0.55547,0.59028,0.55859,0.54444,0.59141,0.55694,0.58828,0.49306,0.56875,0.48611,0.55000,0.49583,0.61094,0.56111,0.61250,0.48194,0.58906,0.47500,0.56875,0.49028,0.63125,0.57917,0.63828,0.50139,0.61562,0.48889,0.59609,0.49722,0.65000,0.61250,0.65547,0.55139,0.63906,0.53750,0.62109,0.54167,0.63132,0.76077,0.9998,0.72489,1.00000,0.9114,0.63047,0.73125,0.9968,0.64820,0.73840,0.61094,0.74306,114.70,0.9974,live,0.1104,0.1008,74.13,735.69
156497.007282,100.0,0.1402,4,3,0,0.60781,0.74028,0.57891,0.69861,0.56094,0.63611,0.55391,0.59306,0.55469,0.54722,0.58750,0.55139,0.58359,0.48472,0.56328,0.48056,0.54453,0.49444,0.60781,0.55694,0.60859,0.47778,0.58437,0.47083,0.56406,0.48750,0.62813,0.57778,0.63516,0.49861,0.61250,0.48611,0.59297,0.49583,0.64687,0.61250,0.65156,0.55000,0.63359,0.53333,0.61641,0.53750,0.62840,0.76158,0.9998,0.71799,1.00000,0.9133,0.62863,0.72099,0.9969,0.64013,0.73878,0.60781,0.74028,115.75,0.9976,live,0.1104,0.0878,64.17,730.75
156497.073569,100.0,0.2506,4,3,0,0.61016,0.74167,0.58125,0.69722,0.56250,0.63472,0.55469,0.58889,0.55703,0.54444,0.59141,0.55139,0.58750,0.49028,0.56797,0.48194,0.55000,0.49167,0.61172,0.55556,0.61406,0.47639,0.59219,0.46944,0.57344,0.48750,0.63125,0.57639,0.63984,0.49722,0.61797,0.48750,0.59844,0.49861,0.64922,0.61111,0.65391,0.54861,0.63594,0.53194,0.61875,0.53611,0.62730,0.76438,0.9998,0.71815,1.00000,0.9182,0.63098,0.72164,0.9971,0.63413,0.73935,0.61016,0.74167,116.29,0.9969,live,0.1104,0.0978,71.10,726.79
156497.140647,100.0,0.3624,4,3,0,0.61875,0.74167,0.58984,0.69583,0.57266,0.63472,0.56563,0.58889,0.56719,0.54167,0.60000,0.55000,0.59453,0.49028,0.57500,0.48056,0.55625,0.49028,0.61953,0.55278,0.62031,0.47778,0.59922,0.46944,0.57969,0.48333,0.63906,0.57222,0.64766,0.49722,0.62656,0.48333,0.60625,0.49167,0.65781,0.60556,0.66328,0.54583,0.64844,0.52917,0.63125,0.53194,0.62556,0.76460,0.9998,0.71894,1.00000,0.9178,0.63360,0.72224,0.9972,0.63106,0.73982,0.61875,0.74167,117.55,0.9977,live,0.1104,0.0952,68.98,724.21
156497.207209,100.0,0.4734,4,3,0,0.63047,0.73750,0.60313,0.69306,0.58750,0.63194,0.58281,0.58611,0.58516,0.54028,0.61484,0.54861,0.61250,0.48611,0.59453,0.47778,0.57578,0.48750,0.63516,0.55278,0.63828,0.47639,0.61719,0.46667,0.59922,0.48194,0.65469,0.57083,0.66406,0.49583,0.64375,0.48194,0.62500,0.49306,0.67422,0.60417,0.68125,0.54306,0.66641,0.52639,0.64922,0.53194,0.62499,0.76448,0.9998,0.72605,1.00000,0.9165,0.64197,0.72268,0.9971,0.63094,0.73935,0.63047,0.73750,116.91,0.9955,live,0.1104,0.0909,65.55,721.48
156497.273994,100.0,0.5847,4,3,0,0.65156,0.73750,0.62500,0.69167,0.60859,0.62778,0.60625,0.57778,0.61250,0.53194,0.63984,0.54722,0.63984,0.48889,0.62500,0.47500,0.60938,0.47917,0.66016,0.54861,0.66719,0.47500,0.64922,0.46250,0.63047,0.47639,0.67969,0.56667,0.69297,0.49306,0.67656,0.47639,0.65938,0.48611,0.69922,0.59861,0.71016,0.53889,0.69688,0.52361,0.68047,0.53194,0.62532,0.76859,0.9998,0.73960,1.00000,0.9098,0.66488,0.72302,0.9968,0.63506,0.73898,0.65156,0.73750,118.98,0.9938,live,0.1049,0.0799,57.58,720.57
156497.340684,100.0,0.6958,4,3,0,0.67266,0.73472,0.64609,0.68333,0.63281,0.61806,0.63516,0.56667,0.64609,0.52361,0.67031,0.54028,0.67422,0.48194,0.66172,0.46667,0.64766,0.47222,0.69141,0.54444,0.70078,0.47222,0.68437,0.45833,0.66563,0.47083,0.71172,0.56389,0.72734,0.49167,0.71328,0.47361,0.69688,0.48472,0.73047,0.60000,0.74297,0.54167,0.73125,0.52361,0.71406,0.52917,0.62790,0.77101,0.9998,0.75772,1.00000,0.9041,0.69380,0.74196,0.9967,0.64258,0.73813,0.67266,0.73472,122.33,0.9944,live,0.0976,0.0645,46.58,722.18
156497.407613,100.0,0.8074,4,3,0,0.69609,0.72917,0.66953,0.67639,0.66016,0.60833,0.66328,0.55278,0.67891,0.51250,0.69844,0.53056,0.70547,0.47361,0.69609,0.45278,0.68359,0.45833,0.72109,0.53472,0.73594,0.46528,0.72266,0.44444,0.70391,0.45556,0.74141,0.55417,0.76094,0.48472,0.75000,0.46389,0.73359,0.47778,0.76016,0.58889,0.77500,0.53472,0.76719,0.51389,0.75313,0.52222,0.63102,0.77179,0.9998,0.76330,1.00000,0.9008,0.71354,0.74309,0.9966,0.65328,0.73634,0.69609,0.72917,126.55,0.9921,live,0.0885,0.0470,34.12,726.63
156497.474135,100.0,0.9183,4,3,0,0.71094,0.73194,0.68672,0.66944,0.68125,0.60000,0.69141,0.54444,0.70625,0.49861,0.72031,0.52917,0.72344,0.47639,0.71875,0.45417,0.70937,0.45417,0.74375,0.53333,0.75703,0.46944,0.75078,0.44444,0.73516,0.44861,0.76406,0.55417,0.78125,0.49306,0.77891,0.46528,0.76641,0.47083,0.78125,0.59167,0.79766,0.54583,0.79766,0.51667,0.78828,0.50694,0.63299,0.77235,0.9998,0.76131,1.00000,0.8963,0.72630,0.74275,0.9962,0.66481,0.73546,0.71094,0.73194,130.22,0.9913,live,0.0833,0.0593,43.48,733.19
156497.540963,100.0,0.0296,4,4,0,0.72344,0.72917,0.70000,0.66667,0.69453,0.60000,0.70391,0.54583,0.72188,0.50417,0.72969,0.52361,0.73438,0.47361,0.73281,0.45417,0.72891,0.45417,0.75469,0.52917,0.76641,0.46944,0.76641,0.44583,0.75781,0.44444,0.77578,0.55139,0.79219,0.49444,0.79297,0.46806,0.78281,0.47222,0.79531,0.58889,0.80937,0.54583,0.81172,0.51667,0.80469,0.50833,0.63292,0.77087,0.9998,0.76008,1.00000,0.8884,0.73722,0.73983,0.9958,0.67654,0.73420,0.72344,0.72917,132.64,0.9898,live,0.0833,0.0790,58.51,740.71
156497.607521,100.0,0.1406,4,4,0,0.72578,0.72778,0.70312,0.66528,0.69844,0.59722,0.70937,0.54028,0.72813,0.50139,0.73516,0.52361,0.74062,0.47222,0.73906,0.45139,0.73359,0.45139,0.76016,0.52917,0.77344,0.46806,0.77344,0.44167,0.76406,0.44167,0.78047,0.55139,0.79844,0.49444,0.79922,0.46528,0.78906,0.47083,0.79922,0.58750,0.81484,0.54583,0.81719,0.51389,0.80937,0.50417,0.63262,0.77343,0.9998,0.76159,1.00000,0.8871,0.74601,0.73586,0.9959,0.68639,0.73292,0.72578,0.72778,132.28,0.9889,live,0.0833,0.0952,71.15,747.06
156497.674164,100.0,0.2516,4,4,0,0.72578,0.72500,0.70156,0.66389,0.69609,0.59583,0.70859,0.54306,0.72578,0.50139,0.73516,0.52361,0.73906,0.47500,0.73672,0.45278,0.72969,0.45000,0.76094,0.52778,0.77187,0.47083,0.77109,0.44306,0.76016,0.44028,0.78125,0.55000,0.79766,0.49583,0.79844,0.46528,0.78984,0.46528,0.79922,0.58611,0.81328,0.54167,0.81484,0.51250,0.80781,0.50139,0.63298,0.76961,0.9998,0.76009,1.00000,0.8817,0.74549,0.73276,0.9957,0.69427,0.73133,0.72578,0.72500,131.31,0.9913,live,0.0833,0.1081,81.29,751.96
156497.740741,100.0,0.3626,4,4,0,0.72031,0.71944,0.69609,0.66111,0.68984,0.59306,0.70078,0.53611,0.71953,0.49167,0.72891,0.52361,0.73281,0.47500,0.72891,0.45000,0.72109,0.44861,0.75391,0.52639,0.76641,0.46806,0.76250,0.43889,0.74844,0.44028,0.77500,0.54722,0.79141,0.49167,0.79063,0.45972,0.77891,0.45972,0.79219,0.58194,0.80625,0.54028,0.80781,0.50972,0.80000,0.49861,0.63291,0.76711,0.9998,0.75821,1.00000,0.8810,0.74200,0.72646,0.9955,0.69948,0.72896,0.72031,0.71944,128.33,0.9910,live,0.0893,0.1168,88.05,754.12
156497.807747,100.0,0.4743,4,4,0,0.70703,0.71111,0.68359,0.65694,0.67500,0.58889,0.68125,0.53472,0.69688,0.49583,0.71406,0.51667,0.71641,0.46528,0.71016,0.44444,0.70000,0.44444,0.73750,0.51944,0.75078,0.45694,0.74375,0.43194,0.72734,0.43889,0.75781,0.54028,0.77500,0.47778,0.77109,0.45139,0.75781,0.45833,0.77578,0.57500,0.79063,0.52778,0.78906,0.50000,0.77891,0.49306,0.63301,0.76923,0.9998,0.74570,1.00000,0.8855,0.73766,0.72651,0.9956,0.70099,0.72539,0.70703,0.71111,126.22,0.9929,live,0.0893,0.1126,84.95,754.50
156497.874137,100.0,0.5849,4,4,0,0.68516,0.70000,0.66172,0.64722,0.65156,0.58194,0.65625,0.53056,0.66875,0.49028,0.68906,0.50556,0.69453,0.45000,0.68359,0.43194,0.67188,0.43611,0.71094,0.50694,0.72188,0.43889,0.70937,0.41944,0.69531,0.43056,0.73125,0.52639,0.74766,0.45556,0.73594,0.43611,0.72188,0.45000,0.75000,0.55972,0.76250,0.50278,0.75313,0.48194,0.73906,0.48750,0.63303,0.76915,0.9998,0.75319,1.00000,0.8814,0.72729,0.72654,0.9956,0.69782,0.72031,0.68516,0.70000,125.22,0.9932,live,0.0893,0.1006,75.85,754.12
156497.941102,100.0,0.6965,4,4,0,0.66641,0.68056,0.63984,0.62500,0.62656,0.55694,0.62656,0.50278,0.63750,0.45972,0.65859,0.47917,0.65859,0.42778,0.64687,0.40972,0.63281,0.40833,0.68047,0.47778,0.68672,0.41250,0.67422,0.39167,0.65781,0.39583,0.70156,0.49444,0.71484,0.42639,0.70312,0.40556,0.68594,0.41111,0.71953,0.52778,0.72891,0.47361,0.71953,0.45000,0.70469,0.44583,0.63237,0.76936,0.9998,0.75708,1.00000,0.8871,0.69875,0.69778,0.9959,0.69154,0.71236,0.66641,0.68056,126.82,0.9936,live,0.0893,0.0841,63.45,754.93
156498.007117,100.0,0.8066,4,4,0,0.64766,0.63056,0.61797,0.57639,0.60391,0.50972,0.60469,0.45417,0.61406,0.40972,0.63750,0.43472,0.63203,0.38333,0.61953,0.36111,0.60469,0.35694,0.65781,0.43194,0.65781,0.36667,0.64531,0.34444,0.62734,0.34444,0.67656,0.44583,0.68437,0.37778,0.67344,0.35278,0.65625,0.35000,0.69531,0.47639,0.70156,0.42500,0.69453,0.39722,0.67969,0.38472,0.62899,0.76701,0.9998,0.74339,1.00000,0.8951,0.67062,0.62721,0.9962,0.68276,0.69600,0.64766,0.63056,122.92,0.9914,live,0.0893,0.0898,67.62,752.85
156498.073737,100.0,0.9176,4,4,0,0.63672,0.58750,0.60625,0.53333,0.59219,0.46250,0.59141,0.40417,0.59922,0.35417,0.62344,0.38889,0.61797,0.33611,0.60625,0.31667,0.59219,0.30972,0.64297,0.38611,0.64219,0.32361,0.62969,0.29722,0.61172,0.28889,0.66172,0.40139,0.66797,0.33333,0.65703,0.30556,0.63906,0.29583,0.67969,0.42917,0.68516,0.37639,0.67734,0.34722,0.66250,0.32917,0.63001,0.76640,0.9998,0.73747,1.00000,0.8978,0.65781,0.58234,0.9964,0.67355,0.67430,0.63672,0.58750,123.36,0.9935,live,0.0893,0.0850,63.90,751.32
156498.141357,100.0,0.0303,4,1,1,0.63438,0.55278,0.60234,0.50000,0.58672,0.42917,0.58594,0.36806,0.59219,0.31528,0.61641,0.35556,0.61094,0.30556,0.60000,0.28333,0.58672,0.27222,0.63750,0.35139,0.63594,0.29028,0.62344,0.26389,0.60547,0.25278,0.65547,0.36389,0.66094,0.29861,0.64922,0.26944,0.63203,0.25833,0.67344,0.39167,0.67734,0.33750,0.66875,0.30694,0.65312,0.28889,0.62970,0.76473,0.9998,0.73821,1.00000,0.9032,0.65505,0.55786,0.9965,0.66572,0.64999,0.63438,0.55278,123.18,0.9890,live,0.0893,0.0998,74.85,749.85
156498.207727,100.0,0.1409,4,1,1,0.63438,0.54167,0.60078,0.49306,0.58594,0.41944,0.58594,0.35833,0.59219,0.30694,0.61484,0.34861,0.60938,0.29583,0.59844,0.27222,0.58281,0.25694,0.63516,0.34167,0.63359,0.27778,0.62187,0.25139,0.60313,0.23750,0.65391,0.35139,0.65781,0.28472,0.64687,0.25417,0.62813,0.24306,0.67109,0.37500,0.67422,0.31944,0.66563,0.28889,0.65078,0.26944,0.62840,0.75918,0.9998,0.73699,0.98163,0.9045,0.65128,0.53720,0.9967,0.65945,0.62833,0.63438,0.54167,122.14,0.9885,live,0.0952,0.1220,91.25,747.81
156498.274506,100.0,0.2522,4,1,1,0.63594,0.54306,0.60391,0.49722,0.58906,0.42222,0.58750,0.36111,0.59375,0.31111,0.61719,0.35278,0.61250,0.30000,0.60156,0.27639,0.58672,0.26389,0.63672,0.34583,0.63672,0.28333,0.62500,0.25556,0.60703,0.24722,0.65625,0.35556,0.66172,0.28889,0.65000,0.25972,0.63281,0.25139,0.67422,0.37639,0.67812,0.32500,0.67031,0.29306,0.65625,0.27639,0.62392,0.76097,0.9997,0.73698,0.99935,0.9090,0.65402,0.53749,0.9969,0.65475,0.61127,0.63594,0.54306,121.42,0.9890,live,0.1030,0.1386,103.36,745.49
156498.341275,100.0,0.3635,4,1,1,0.64062,0.56250,0.60859,0.51389,0.59375,0.43750,0.59219,0.37639,0.60000,0.32778,0.62266,0.37083,0.61875,0.31806,0.60703,0.29306,0.59219,0.28194,0.64297,0.36667,0.64219,0.30139,0.62891,0.27500,0.61016,0.26806,0.66250,0.37778,0.66719,0.30694,0.65391,0.27639,0.63438,0.26667,0.68047,0.40139,0.68437,0.34861,0.67578,0.31528,0.65938,0.29722,0.62467,0.76092,0.9998,0.73675,1.00000,0.9128,0.65513,0.54828,0.9971,0.65192,0.60152,0.64062,0.56250,121.21,0.9930,live,0.1109,0.1467,109.08,743.31
156498.407925,100.0,0.4746,4,1,1,0.64375,0.59306,0.61406,0.54306,0.60078,0.47222,0.59844,0.41389,0.60703,0.36528,0.62969,0.39861,0.62578,0.34583,0.61328,0.31944,0.59844,0.30833,0.64922,0.39444,0.64844,0.32917,0.63516,0.30278,0.61641,0.30139,0.66875,0.40694,0.67422,0.33611,0.66250,0.30694,0.64297,0.30139,0.68750,0.43472,0.69375,0.38056,0.68516,0.34861,0.66875,0.33333,0.62400,0.76354,0.9997,0.73683,1.00000,0.9167,0.65655,0.55044,0.9973,0.65029,0.59983,0.64375,0.59306,122.44,0.9941,live,0.1166,0.1427,105.96,742.27
156498.474493,100.0,0.5855,4,1,1,0.65000,0.63056,0.62266,0.58056,0.61016,0.51111,0.60938,0.45417,0.61797,0.40694,0.63906,0.43472,0.63672,0.38194,0.62578,0.35694,0.61328,0.34861,0.66016,0.43333,0.66172,0.36667,0.65078,0.34167,0.63359,0.34167,0.67969,0.44861,0.68750,0.37917,0.67734,0.35278,0.66016,0.35417,0.69844,0.48056,0.70391,0.42639,0.69688,0.39583,0.68203,0.38472,0.62148,0.76789,0.9998,0.73702,1.00000,0.9170,0.66507,0.59317,0.9974,0.65023,0.60597,0.65000,0.63056,122.92,0.9935,live,0.1166,0.1304,96.75,741.70
156498.541601,100.0,0.6974,4,1,1,0.65859,0.67778,0.63047,0.62778,0.61875,0.56111,0.61953,0.50694,0.63047,0.46389,0.65156,0.48056,0.65000,0.42361,0.63828,0.40417,0.62422,0.40556,0.67266,0.48056,0.67734,0.41250,0.66484,0.39028,0.64844,0.39167,0.69219,0.49861,0.70391,0.42778,0.69219,0.40417,0.67578,0.40833,0.71094,0.53194,0.72031,0.47361,0.71094,0.44722,0.69531,0.44306,0.62659,0.76807,0.9998,0.73669,1.00000,0.9176,0.67491,0.66563,0.9975,0.65190,0.62033,0.65859,0.67778,123.63,0.9937,live,0.1166,0.1089,80.80,741.71
156498.607757,100.0,0.8076,4,1,1,0.66797,0.71111,0.63984,0.65972,0.62734,0.59306,0.62734,0.54028,0.64141,0.49861,0.66172,0.51250,0.66328,0.45833,0.65078,0.43889,0.63750,0.44028,0.68359,0.51389,0.69297,0.44306,0.67891,0.42778,0.66250,0.44028,0.70391,0.53333,0.71953,0.46111,0.70547,0.44444,0.68906,0.45694,0.72188,0.57083,0.73516,0.51250,0.72422,0.48750,0.70859,0.49028,0.62605,0.76960,0.9998,0.73624,1.00000,0.9159,0.68924,0.70855,0.9972,0.65512,0.63849,0.66797,0.71111,124.16,0.9939,live,0.1105,0.0827,61.37,742.10
156498.674261,100.0,0.9185,4,1,1,0.67422,0.72778,0.64609,0.67361,0.63359,0.60833,0.63438,0.55833,0.64687,0.51389,0.66719,0.52917,0.67188,0.47222,0.65938,0.45417,0.64609,0.45972,0.68984,0.53194,0.70156,0.45833,0.68750,0.44306,0.67031,0.45972,0.71094,0.55139,0.72813,0.48056,0.71484,0.46250,0.69844,0.47639,0.72969,0.58889,0.74375,0.53194,0.73359,0.50972,0.71797,0.51250,0.62643,0.76962,0.9998,0.75314,1.00000,0.9147,0.69611,0.73885,0.9972,0.65894,0.65635,0.67422,0.72778,124.79,0.9963,live,0.1016,0.0609,45.27,742.90
156498.741305,100.0,0.0302,4,2,0,0.67734,0.73333,0.64922,0.68194,0.63672,0.61528,0.63828,0.56389,0.65156,0.51944,0.67188,0.52917,0.67734,0.47222,0.66406,0.45833,0.65000,0.46667,0.69531,0.53333,0.70703,0.45833,0.69219,0.44722,0.67500,0.46667,0.71562,0.55417,0.73516,0.48472,0.72188,0.46806,0.70469,0.48194,0.73438,0.59167,0.74922,0.53611,0.73984,0.51667,0.72344,0.52083,0.62663,0.76955,0.9998,0.75880,1.00000,0.9112,0.70054,0.75397,0.9969,0.66262,0.67174,0.67734,0.73333,127.55,0.9958,live,0.0967,0.0744,55.45,745.59
156498.808259,100.0,0.1418,4,2,0,0.67734,0.73333,0.64922,0.68194,0.63672,0.61389,0.63984,0.56389,0.65312,0.51944,0.67344,0.52917,0.67969,0.47222,0.66641,0.45694,0.65156,0.46528,0.69609,0.53333,0.70781,0.45833,0.69297,0.44722,0.67578,0.46806,0.71641,0.55417,0.73672,0.48333,0.72266,0.46528,0.70625,0.48194,0.73516,0.59306,0.75078,0.53611,0.74062,0.51528,0.72344,0.52222,0.62743,0.77085,0.9998,0.76324,1.00000,0.9090,0.70424,0.75373,0.9968,0.66556,0.68406,0.67734,0.73333,127.42,0.9949,live,0.0967,0.0852,63.75,747.86
156498.874757,100.0,0.2526,4,2,0,0.67656,0.73056,0.65000,0.67778,0.63750,0.61111,0.63828,0.56111,0.65312,0.51667,0.67344,0.52778,0.67734,0.47500,0.66484,0.45694,0.65078,0.46250,0.69609,0.53194,0.70625,0.45972,0.69063,0.44583,0.67344,0.46250,0.71641,0.55278,0.73438,0.48333,0.72031,0.46528,0.70391,0.47778,0.73359,0.59167,0.74844,0.53333,0.73750,0.51250,0.71953,0.51944,0.62680,0.77066,0.9998,0.76207,1.00000,0.9083,0.70450,0.74704,0.9968,0.66776,0.69336,0.67656,0.73056,126.18,0.9952,live,0.0967,0.0948,70.99,748.97
156498.941675,100.0,0.3642,4,2,0,0.67344,0.72639,0.64609,0.67500,0.63438,0.60972,0.63594,0.55972,0.65000,0.51667,0.66953,0.52639,0.67422,0.47222,0.66094,0.45694,0.64687,0.46389,0.69297,0.53056,0.70391,0.45833,0.68750,0.44444,0.66797,0.45972,0.71250,0.55139,0.73125,0.48194,0.71719,0.46389,0.69922,0.47500,0.73047,0.58889,0.74531,0.53194,0.73438,0.51250,0.71641,0.51667,0.62680,0.77080,0.9998,0.76196,1.00000,0.9049,0.70439,0.74763,0.9967,0.66890,0.69997,0.67344,0.72639,125.08,0.9954,live,0.0967,0.1014,75.96,749.15
156499.008648,100.0,0.4758,4,2,0,0.66406,0.72222,0.63750,0.67083,0.62578,0.60556,0.62656,0.55833,0.63672,0.51528,0.65938,0.52639,0.66484,0.46944,0.65000,0.45417,0.63438,0.45972,0.68203,0.53056,0.69297,0.45556,0.67344,0.44444,0.65469,0.46250,0.70312,0.55000,0.72031,0.47778,0.70312,0.45972,0.68672,0.47083,0.72109,0.58750,0.73438,0.52917,0.72109,0.51250,0.70391,0.52083,0.62605,0.77055,0.9998,0.76165,1.00000,0.9055,0.69849,0.74595,0.9966,0.66793,0.70442,0.66406,0.72222,123.21,0.9953,live,0.0967,0.1000,74.80,747.97
156499.074461,100.0,0.5855,4,2,0,0.64922,0.71944,0.62422,0.66944,0.61094,0.60278,0.60859,0.55417,0.61719,0.50972,0.64375,0.52500,0.64531,0.46944,0.62891,0.45694,0.61250,0.45972,0.66406,0.52917,0.67266,0.45278,0.65234,0.44444,0.63438,0.45972,0.68437,0.54722,0.69766,0.47361,0.67812,0.46111,0.66172,0.47500,0.70312,0.58056,0.71406,0.52083,0.69922,0.50556,0.68203,0.51389,0.62652,0.77231,0.9998,0.75564,1.00000,0.9040,0.68438,0.74133,0.9966,0.66419,0.70742,0.64922,0.71944,121.47,0.9933,live,0.0967,0.1031,76.85,745.67
156499.141707,100.0,0.6975,4,2,0,0.63047,0.71944,0.60469,0.66944,0.59062,0.60417,0.58594,0.55278,0.59219,0.50833,0.62031,0.52639,0.62109,0.46528,0.60234,0.45417,0.58594,0.45972,0.63984,0.53056,0.64531,0.45278,0.62344,0.44444,0.60625,0.45833,0.65938,0.54861,0.67109,0.47222,0.64922,0.46250,0.63203,0.47500,0.67891,0.58194,0.68672,0.51944,0.67031,0.50556,0.65391,0.51389,0.62273,0.77230,0.9998,0.73787,1.00000,0.9049,0.66486,0.71014,0.9966,0.65744,0.70983,0.63047,0.71944,119.49,0.9936,live,0.0967,0.0732,54.31,742.22
156499.208436,100.0,0.8088,4,2,0,0.61562,0.71389,0.58906,0.66806,0.57188,0.60278,0.56563,0.55417,0.56797,0.50833,0.59922,0.52361,0.59766,0.45556,0.57500,0.45417,0.55703,0.46667,0.61875,0.53056,0.62187,0.44444,0.59609,0.44583,0.57812,0.46667,0.63828,0.54861,0.64687,0.46806,0.62266,0.46389,0.60469,0.47778,0.65781,0.58194,0.66250,0.51806,0.64531,0.50556,0.62891,0.51111,0.62315,0.76705,0.9998,0.72530,1.00000,0.9046,0.64736,0.70528,0.9966,0.64908,0.71064,0.61562,0.71389,116.47,0.9949,live,0.0907,0.0632,46.60,737.01
156499.275000,100.0,0.9197,4,2,0,0.60703,0.70972,0.57891,0.66528,0.56094,0.60000,0.55625,0.55278,0.55703,0.50556,0.58828,0.52222,0.58672,0.45139,0.56484,0.44861,0.54609,0.46250,0.60703,0.52778,0.60859,0.44167,0.58125,0.44167,0.56172,0.46111,0.62578,0.54583,0.63359,0.46111,0.60859,0.45694,0.58828,0.47083,0.64531,0.57639,0.64844,0.51250,0.62969,0.49861,0.61172,0.50417,0.62319,0.77063,0.9998,0.72067,1.00000,0.9090,0.63197,0.70192,0.9967,0.64067,0.71046,0.60703,0.70972,114.67,0.9936,live,0.0856,0.0625,45.71,731.13
156499.341730,100.0,0.0309,4,3,0,0.60625,0.70556,0.57656,0.66389,0.55781,0.59861,0.55234,0.54861,0.55391,0.50139,0.58359,0.51944,0.57969,0.45278,0.55937,0.44444,0.54219,0.45417,0.60313,0.52222,0.60234,0.43889,0.57812,0.43333,0.55937,0.45417,0.62344,0.53889,0.62969,0.45556,0.60625,0.44722,0.58750,0.46111,0.64297,0.57083,0.64531,0.50694,0.62656,0.49306,0.60859,0.49861,0.62310,0.77587,0.9998,0.71885,1.00000,0.9129,0.62741,0.69699,0.9968,0.63379,0.70948,0.60625,0.70556,115.37,0.9955,live,0.0856,0.0672,48.85,726.46
156499.408498,100.0,0.1422,4,3,0,0.60859,0.70417,0.57969,0.66389,0.56172,0.59722,0.55625,0.54861,0.55703,0.50556,0.58828,0.51528,0.58516,0.44722,0.56406,0.44167,0.54531,0.45278,0.60781,0.51944,0.60781,0.43611,0.58281,0.43333,0.56406,0.45139,0.62734,0.53611,0.63516,0.45417,0.61094,0.44583,0.59219,0.45833,0.64609,0.56806,0.64844,0.50417,0.62969,0.49028,0.61250,0.49444,0.62424,0.77551,0.9998,0.72338,1.00000,0.9164,0.63088,0.69733,0.9968,0.62875,0.70841,0.60859,0.70417,115.94,0.9954,live,0.0856,0.0732,52.88,722.77
156499.474955,100.0,0.2530,4,3,0,0.61797,0.70556,0.58984,0.65972,0.57344,0.59444,0.56719,0.54722,0.56719,0.50278,0.60078,0.51528,0.59688,0.45000,0.57656,0.44444,0.55703,0.45278,0.61953,0.51944,0.62031,0.43750,0.59688,0.43194,0.57812,0.44861,0.63828,0.53750,0.64609,0.45694,0.62422,0.44722,0.60391,0.45694,0.65703,0.56806,0.66094,0.50833,0.64531,0.49167,0.62891,0.49028,0.62421,0.77217,0.9998,0.72403,1.00000,0.9144,0.63292,0.69682,0.9967,0.62659,0.70784,0.61797,0.70556,116.27,0.9958,live,0.0856,0.0760,54.69,719.75
156499.541853,100.0,0.3644,4,3,0,0.63359,0.70694,0.60625,0.66111,0.58984,0.59444,0.58516,0.54583,0.59141,0.50139,0.61953,0.51667,0.61875,0.45417,0.60000,0.44444,0.58203,0.45139,0.63828,0.52083,0.64219,0.44167,0.62109,0.43333,0.60313,0.44722,0.65781,0.53889,0.66797,0.45972,0.64687,0.44861,0.62891,0.46111,0.67656,0.57083,0.68359,0.50833,0.66797,0.49167,0.65234,0.49444,0.62418,0.76799,0.9998,0.72429,1.00000,0.9172,0.64567,0.68403,0.9969,0.62799,0.70766,0.63359,0.70694,116.86,0.9924,live,0.0856,0.0740,53.10,717.52
156499.608285,100.0,0.4752,4,3,0,0.65625,0.71250,0.63047,0.66111,0.61641,0.59583,0.61328,0.54722,0.62031,0.50417,0.64766,0.51806,0.65000,0.45694,0.63438,0.44306,0.61719,0.45139,0.66719,0.52083,0.67422,0.44583,0.65312,0.43333,0.63359,0.45139,0.68750,0.53889,0.70078,0.46389,0.68203,0.44722,0.66484,0.45833,0.70547,0.57083,0.71641,0.50972,0.70234,0.49444,0.68594,0.50556,0.62610,0.76846,0.9998,0.74124,1.00000,0.9199,0.67843,0.70329,0.9970,0.63364,0.70863,0.65625,0.71250,120.55,0.9941,live,0.0856,0.0739,53.10,718.22
156499.675034,100.0,0.5864,4,3,0,0.68125,0.71806,0.65703,0.66111,0.64609,0.59444,0.64766,0.54167,0.66016,0.49861,0.68437,0.52083,0.69141,0.46389,0.67812,0.44722,0.66328,0.45139,0.70469,0.52500,0.71875,0.45139,0.70000,0.43611,0.67969,0.45139,0.72422,0.54444,0.74453,0.47222,0.72656,0.45556,0.70859,0.46806,0.74297,0.57917,0.75703,0.51944,0.74219,0.50556,0.72422,0.51944,0.62598,0.76871,0.9998,0.75833,1.00000,0.9189,0.70360,0.72300,0.9969,0.64317,0.71052,0.68125,0.71806,124.41,0.9909,live,0.0801,0.0548,39.55,721.61
156499.742008,100.0,0.6980,4,3,0,0.70625,0.72361,0.68281,0.66528,0.67500,0.59583,0.68203,0.54028,0.69766,0.49722,0.71719,0.52361,0.72734,0.46806,0.71719,0.44861,0.70391,0.45000,0.73984,0.52778,0.75625,0.45833,0.74062,0.43889,0.72031,0.45139,0.76016,0.54722,0.78203,0.48194,0.76875,0.46111,0.75156,0.47222,0.77891,0.58333,0.79766,0.52917,0.78828,0.50833,0.77187,0.51389,0.62662,0.76914,0.9998,0.75664,1.00000,0.9110,0.72639,0.72391,0.9967,0.65578,0.71313,0.70625,0.72361,129.83,0.9925,live,0.0749,0.0516,37.57,728.50
156499.808822,100.0,0.8094,4,3,0,0.72422,0.72778,0.70156,0.66667,0.69766,0.59444,0.70859,0.54028,0.72578,0.50000,0.74219,0.52778,0.75156,0.47361,0.74609,0.45000,0.73594,0.45278,0.76484,0.53472,0.78125,0.46944,0.77422,0.44444,0.75781,0.45417,0.78438,0.55833,0.80547,0.49722,0.80312,0.46944,0.79141,0.47500,0.80078,0.59861,0.82031,0.55139,0.82031,0.52083,0.81016,0.51250,0.62663,0.76943,0.9998,0.75585,1.00000,0.9101,0.74321,0.72516,0.9966,0.66947,0.71606,0.72422,0.72778,130.01,0.9926,live,0.0749,0.0752,55.22,734.68
156499.875193,100.0,0.9200,4,3,0,0.73594,0.73194,0.71406,0.66528,0.71016,0.59444,0.72344,0.53889,0.74453,0.49861,0.75000,0.52639,0.75781,0.47222,0.75625,0.45278,0.75078,0.45417,0.77500,0.53472,0.79063,0.47361,0.79141,0.44861,0.78203,0.44861,0.79609,0.55972,0.81563,0.50278,0.81797,0.47500,0.80859,0.48056,0.81484,0.59722,0.83281,0.55556,0.83672,0.52639,0.82969,0.51806,0.62651,0.76971,0.9998,0.75587,1.00000,0.9042,0.74852,0.72675,0.9964,0.68276,0.71924,0.73594,0.73194,134.27,0.9881,live,0.0749,0.0974,72.38,743.20
156499.941864,100.0,0.0311,4,4,0,0.73984,0.73194,0.71875,0.66389,0.71641,0.59444,0.73125,0.53750,0.75156,0.50139,0.75547,0.52778,0.76328,0.47500,0.76328,0.45278,0.75859,0.45278,0.78047,0.53611,0.79609,0.47361,0.79844,0.44861,0.79141,0.45000,0.80156,0.56111,0.82109,0.50417,0.82422,0.47500,0.81563,0.48333,0.81953,0.59861,0.83828,0.55556,0.84297,0.52500,0.83672,0.51944,0.62645,0.77074,0.9998,0.75647,1.00000,0.9011,0.75312,0.72653,0.9962,0.69418,0.72178,0.73984,0.73194,133.82,0.9895,live,0.0823,0.1161,87.11,750.36
156500.009778,100.0,0.1443,4,4,0,0.74141,0.73333,0.71875,0.66667,0.71562,0.59583,0.73047,0.54028,0.75078,0.50000,0.75625,0.53056,0.76250,0.47917,0.76172,0.45556,0.75625,0.45417,0.78125,0.53750,0.79609,0.47778,0.79766,0.45000,0.78984,0.44861,0.80156,0.56250,0.82031,0.50833,0.82422,0.47778,0.81641,0.48056,0.81953,0.60000,0.83828,0.55694,0.84219,0.52778,0.83516,0.52083,0.62645,0.77078,0.9998,0.75622,1.00000,0.8966,0.75464,0.73020,0.9961,0.70362,0.72409,0.74141,0.73333,132.75,0.9897,live,0.0912,0.1314,99.31,755.90
156500.075552,100.0,0.2539,4,4,0,0.73672,0.73056,0.71406,0.66667,0.70859,0.59583,0.72344,0.53889,0.74375,0.50000,0.75000,0.53056,0.75469,0.47917,0.75469,0.45417,0.75000,0.45278,0.77500,0.53611,0.78906,0.47639,0.78906,0.44722,0.78047,0.44583,0.79609,0.56111,0.81328,0.50417,0.81719,0.47361,0.80937,0.47639,0.81484,0.59583,0.83203,0.55278,0.83516,0.52361,0.82969,0.51667,0.62645,0.77083,0.9998,0.75608,1.00000,0.8926,0.75156,0.73226,0.9960,0.71024,0.72538,0.73672,0.73056,132.01,0.9911,live,0.0999,0.1395,106.05,760.23
156500.141934,100.0,0.3646,4,4,0,0.72266,0.71528,0.70000,0.65833,0.69531,0.58750,0.70547,0.53333,0.72344,0.49306,0.73750,0.51806,0.74453,0.46528,0.73984,0.44167,0.73047,0.44306,0.76172,0.52500,0.77656,0.46111,0.77109,0.43472,0.75625,0.44444,0.78203,0.54722,0.80078,0.48611,0.79844,0.45694,0.78750,0.46250,0.79922,0.58611,0.81719,0.54028,0.81797,0.50972,0.80859,0.50139,0.62856,0.77067,0.9998,0.75584,1.00000,0.8916,0.75125,0.73152,0.9961,0.71273,0.72336,0.72266,0.71528,129.29,0.9921,live,0.1060,0.1338,101.94,762.10
156500.208762,100.0,0.4760,4,4,0,0.70469,0.70000,0.68203,0.64167,0.67422,0.57361,0.67969,0.51944,0.69531,0.48056,0.71484,0.50000,0.72109,0.44444,0.71250,0.42361,0.70000,0.42639,0.73750,0.50417,0.75078,0.43889,0.74141,0.41528,0.72656,0.42361,0.75781,0.52500,0.77734,0.45972,0.76953,0.43472,0.75547,0.44167,0.77656,0.56250,0.79219,0.51111,0.78750,0.48333,0.77500,0.48056,0.62969,0.76639,0.9998,0.75567,1.00000,0.8882,0.73688,0.72020,0.9961,0.71112,0.71869,0.70469,0.70000,129.44,0.9916,live,0.1060,0.1174,89.68,763.84
156500.275099,100.0,0.5865,4,4,0,0.68672,0.67500,0.66094,0.61389,0.65156,0.54306,0.65547,0.48750,0.66875,0.44444,0.68984,0.47083,0.69453,0.41667,0.68281,0.39583,0.66797,0.39444,0.71094,0.47222,0.72109,0.40694,0.70859,0.38472,0.68984,0.39028,0.73125,0.49028,0.74844,0.42222,0.73672,0.39722,0.71875,0.40139,0.74844,0.52500,0.76094,0.47083,0.75313,0.44444,0.73750,0.44028,0.62538,0.76633,0.9998,0.76205,1.00000,0.8897,0.72563,0.69883,0.9963,0.70624,0.70995,0.68672,0.67500,128.66,0.9915,live,0.1060,0.0964,73.73,764.82
156500.342325,100.0,0.6986,4,4,0,0.66875,0.63472,0.64219,0.57500,0.63047,0.50694,0.63359,0.45278,0.64609,0.40972,0.66563,0.43472,0.66563,0.38056,0.65391,0.35833,0.63984,0.35278,0.68672,0.43472,0.69063,0.36806,0.67891,0.34444,0.66172,0.34306,0.70625,0.45139,0.71719,0.38194,0.70625,0.35694,0.68906,0.35417,0.72422,0.48194,0.73359,0.42778,0.72656,0.39861,0.71250,0.38889,0.62539,0.76552,0.9998,0.74298,1.00000,0.8897,0.70177,0.65686,0.9964,0.69874,0.69491,0.66875,0.63472,125.79,0.9906,live,0.1009,0.0780,59.56,763.61
156500.408817,100.0,0.8094,4,4,0,0.65703,0.59444,0.62891,0.53889,0.61641,0.46806,0.61719,0.41111,0.62734,0.36528,0.65078,0.39861,0.64687,0.34722,0.63438,0.32361,0.62031,0.31528,0.67109,0.39583,0.67266,0.33194,0.65938,0.30556,0.64141,0.29861,0.69063,0.41111,0.69688,0.34167,0.68672,0.31389,0.66953,0.30833,0.70859,0.43889,0.71562,0.38472,0.70859,0.35556,0.69453,0.34167,0.62641,0.76551,0.9998,0.74197,1.00000,0.8973,0.67876,0.59204,0.9966,0.69040,0.67481,0.65703,0.59444,123.71,0.9879,live,0.1009,0.0871,66.27,761.05
156500.475540,100.0,0.9206,4,4,0,0.65391,0.56250,0.62187,0.50833,0.60859,0.43472,0.60859,0.37500,0.61797,0.32639,0.64062,0.36528,0.63516,0.31389,0.62344,0.29167,0.61016,0.28194,0.66172,0.36111,0.66094,0.29861,0.64766,0.27083,0.63047,0.26250,0.68047,0.37500,0.68750,0.30694,0.67500,0.27778,0.65703,0.27083,0.69844,0.40278,0.70469,0.34722,0.69531,0.31667,0.67969,0.30278,0.62644,0.76471,0.9998,0.73987,1.00000,0.8980,0.66971,0.55568,0.9966,0.68310,0.65235,0.65391,0.56250,123.87,0.9888,live,0.1009,0.0854,64.83,758.91
156500.542506,100.0,0.0322,4,1,1,0.65156,0.54306,0.61953,0.48889,0.60469,0.41528,0.60469,0.35417,0.61328,0.30000,0.63672,0.34444,0.63203,0.29444,0.62109,0.26944,0.60703,0.25556,0.65703,0.34028,0.65625,0.27778,0.64375,0.25000,0.62500,0.24167,0.67578,0.35278,0.68047,0.28472,0.66953,0.25417,0.65234,0.24444,0.69375,0.37917,0.69766,0.32500,0.68984,0.29306,0.67500,0.27500,0.62370,0.76363,0.9998,0.73825,0.99672,0.8992,0.66851,0.53723,0.9967,0.67679,0.63049,0.65156,0.54306,124.34,0.9894,live,0.1009,0.1087,82.36,757.36
156500.609123,100.0,0.1432,4,1,1,0.65234,0.53611,0.61953,0.48472,0.60547,0.41111,0.60391,0.34861,0.61328,0.29861,0.63594,0.34028,0.63203,0.29028,0.62031,0.26667,0.60547,0.25417,0.65625,0.33472,0.65547,0.27222,0.64375,0.24444,0.62500,0.23611,0.67500,0.34583,0.68125,0.27778,0.66953,0.24861,0.65156,0.23889,0.69297,0.36944,0.69766,0.31528,0.68906,0.28194,0.67500,0.26250,0.62537,0.76122,0.9998,0.73841,1.00000,0.9013,0.66785,0.53300,0.9969,0.67190,0.61162,0.65234,0.53611,123.60,0.9917,live,0.1059,0.1286,97.16,755.47
156500.675631,100.0,0.2541,4,1,1,0.65312,0.54028,0.62187,0.49306,0.60781,0.41667,0.60625,0.35417,0.61484,0.30694,0.63672,0.34722,0.63359,0.29722,0.62187,0.27361,0.60781,0.25972,0.65781,0.34167,0.65781,0.28056,0.64609,0.25139,0.62813,0.24306,0.67734,0.35139,0.68281,0.28611,0.67188,0.25694,0.65391,0.24722,0.69531,0.37500,0.70000,0.32361,0.69219,0.29167,0.67812,0.27361,0.62532,0.76265,0.9998,0.73857,1.00000,0.9013,0.66808,0.53092,0.9970,0.66815,0.59735,0.65312,0.54028,123.00,0.9890,live,0.1125,0.1423,107.18,753.37
156500.742273,100.0,0.3651,4,1,1,0.65547,0.56111,0.62422,0.51250,0.61016,0.43611,0.60859,0.37639,0.61797,0.32639,0.63984,0.36806,0.63750,0.31389,0.62500,0.28889,0.61094,0.27917,0.66094,0.36250,0.66094,0.29861,0.64844,0.27083,0.63047,0.26389,0.68125,0.37361,0.68750,0.30417,0.67500,0.27361,0.65625,0.26389,0.70000,0.40000,0.70547,0.34583,0.69688,0.31389,0.68047,0.29583,0.62665,0.76288,0.9998,0.74052,1.00000,0.9039,0.66940,0.53893,0.9971,0.66561,0.59010,0.65547,0.56111,123.30,0.9932,live,0.1184,0.1455,109.38,751.75
156500.809717,100.0,0.4776,4,1,1,0.65469,0.59444,0.62578,0.54306,0.61406,0.46944,0.61250,0.41111,0.61953,0.36250,0.64375,0.39583,0.64062,0.34167,0.62891,0.31667,0.61406,0.30833,0.66406,0.39167,0.66406,0.32778,0.65078,0.30000,0.63125,0.29722,0.68359,0.40556,0.69063,0.33611,0.67891,0.30694,0.66016,0.30139,0.70312,0.43472,0.70937,0.38056,0.70156,0.34861,0.68594,0.33472,0.62357,0.76834,0.9998,0.74069,1.00000,0.9067,0.67008,0.56562,0.9972,0.66343,0.59097,0.65469,0.59444,125.45,0.9955,live,0.1184,0.1360,102.22,751.86
156500.875660,100.0,0.5875,4,1,1,0.65781,0.63611,0.62891,0.58333,0.61641,0.51389,0.61484,0.45833,0.62344,0.41111,0.64766,0.43472,0.64609,0.37917,0.63438,0.35556,0.62031,0.35278,0.66875,0.43472,0.67031,0.36806,0.65859,0.34306,0.64141,0.34444,0.68906,0.45000,0.69844,0.38056,0.68750,0.35417,0.67109,0.35556,0.70781,0.48194,0.71406,0.42917,0.70547,0.39861,0.69141,0.39028,0.62654,0.76829,0.9998,0.73737,1.00000,0.9110,0.67265,0.61824,0.9974,0.66230,0.60000,0.65781,0.63611,125.89,0.9944,live,0.1184,0.1179,88.71,752.28
156500.941986,100.0,0.6980,4,1,1,0.66094,0.67917,0.63359,0.62639,0.62109,0.55833,0.61953,0.50556,0.62969,0.46111,0.65547,0.48194,0.65391,0.42361,0.64062,0.40278,0.62578,0.40139,0.67578,0.48194,0.68047,0.40972,0.66563,0.39028,0.64766,0.39583,0.69531,0.50000,0.70703,0.42361,0.69297,0.40278,0.67500,0.41250,0.71328,0.53333,0.72422,0.47500,0.71328,0.44722,0.69688,0.44444,0.62732,0.76976,0.9998,0.73686,1.00000,0.9144,0.67572,0.65596,0.9976,0.66203,0.61583,0.66094,0.67917,123.18,0.9948,live,0.1184,0.1184,88.89,750.70
156501.009219,100.0,0.8101,4,1,1,0.66484,0.70972,0.63672,0.65556,0.62344,0.59028,0.62266,0.54028,0.63438,0.49444,0.65938,0.50972,0.66094,0.45417,0.64687,0.43750,0.63203,0.43750,0.68125,0.51250,0.69063,0.43889,0.67344,0.42778,0.65547,0.43889,0.70078,0.53333,0.71797,0.45833,0.70078,0.44306,0.68203,0.45694,0.71875,0.57222,0.73203,0.51111,0.71953,0.48750,0.70234,0.49028,0.62758,0.76923,0.9998,0.75023,1.00000,0.9132,0.68285,0.71507,0.9975,0.66259,0.63461,0.66484,0.70972,124.18,0.9959,live,0.1096,0.0697,52.31,750.02
156501.075921,100.0,0.9212,4,1,1,0.66875,0.72778,0.64062,0.67361,0.62813,0.60833,0.62734,0.55694,0.63828,0.51250,0.66250,0.52917,0.66641,0.47083,0.65156,0.45556,0.63750,0.45833,0.68516,0.53194,0.69609,0.45556,0.67891,0.44444,0.66172,0.45972,0.70547,0.55417,0.72344,0.47778,0.70703,0.46389,0.68906,0.47917,0.72422,0.59306,0.73672,0.53056,0.72422,0.51111,0.70781,0.51667,0.62758,0.76789,0.9998,0.75306,1.00000,0.9102,0.69119,0.73779,0.9974,0.66382,0.65324,0.66875,0.72778,124.35,0.9959,live,0.1017,0.0657,49.23,749.55
156501.142676,100.0,0.0325,4,2,0,0.67109,0.73611,0.64297,0.68194,0.62969,0.61389,0.62891,0.56389,0.63984,0.52083,0.66484,0.53750,0.66953,0.47778,0.65391,0.46250,0.63828,0.46806,0.68828,0.54167,0.70000,0.45972,0.68125,0.45139,0.66328,0.47222,0.70859,0.56250,0.72813,0.48472,0.71016,0.47222,0.69219,0.48889,0.72656,0.60278,0.74141,0.54167,0.72813,0.52222,0.71172,0.52639,0.62746,0.77126,0.9998,0.76551,1.00000,0.9093,0.69321,0.75955,0.9973,0.66528,0.66982,0.67109,0.73611,124.07,0.9955,live,0.1017,0.0785,58.77,748.93
156501.209242,100.0,0.1434,4,2,0,0.67109,0.73889,0.64297,0.68611,0.62969,0.61806,0.62891,0.56806,0.64141,0.52361,0.66563,0.54028,0.67031,0.47917,0.65391,0.46528,0.63906,0.47361,0.68828,0.54583,0.70234,0.46111,0.68203,0.45417,0.66328,0.47778,0.70859,0.56806,0.72969,0.48750,0.71016,0.47639,0.69219,0.49722,0.72656,0.60833,0.74062,0.54444,0.72656,0.52500,0.70937,0.53194,0.62863,0.77088,0.9998,0.76392,1.00000,0.9067,0.69595,0.76127,0.9972,0.66644,0.68363,0.67109,0.73889,123.45,0.9943,live,0.1017,0.0906,67.80,747.95
156501.275616,100.0,0.2541,4,2,0,0.67031,0.74028,0.64297,0.68750,0.62891,0.62083,0.62734,0.56944,0.63906,0.52361,0.66484,0.54167,0.66953,0.47917,0.65312,0.46667,0.63828,0.47500,0.68750,0.54583,0.70078,0.46250,0.68047,0.45556,0.66172,0.47917,0.70781,0.56806,0.72734,0.48750,0.70859,0.47778,0.69063,0.49722,0.72578,0.60694,0.73984,0.54306,0.72500,0.52639,0.70781,0.53750,0.62831,0.77055,0.9998,0.76388,1.00000,0.9073,0.69676,0.75985,0.9971,0.66722,0.69496,0.67031,0.74028,123.84,0.9945,live,0.1017,0.1016,75.90,747.36
156501.342589,100.0,0.3657,4,2,0,0.66719,0.74167,0.64062,0.68889,0.62656,0.62222,0.62578,0.57222,0.63672,0.52361,0.66094,0.54028,0.66641,0.47778,0.65000,0.46667,0.63438,0.47639,0.68437,0.54583,0.69688,0.46111,0.67656,0.45556,0.65781,0.48056,0.70469,0.56806,0.72422,0.48611,0.70547,0.47778,0.68750,0.49722,0.72344,0.60694,0.73750,0.54444,0.72188,0.52917,0.70391,0.53889,0.62691,0.77007,0.9998,0.76340,1.00000,0.9054,0.69630,0.75677,0.9971,0.66721,0.70430,0.66719,0.74167,125.51,0.9942,live,0.1017,0.1094,81.87,748.04
156501.409324,100.0,0.4769,4,2,0,0.65938,0.73889,0.63281,0.68611,0.61953,0.62083,0.61875,0.57361,0.62656,0.52639,0.65391,0.54028,0.65781,0.47639,0.64062,0.46667,0.62344,0.47639,0.67656,0.54583,0.68516,0.46389,0.66328,0.45833,0.64453,0.47917,0.69688,0.56667,0.71250,0.48750,0.69219,0.47639,0.67344,0.49306,0.71641,0.60417,0.72813,0.54167,0.71250,0.52639,0.69453,0.53611,0.62674,0.77070,0.9998,0.76318,1.00000,0.9039,0.69437,0.75566,0.9970,0.66564,0.71122,0.65938,0.73889,124.40,0.9912,live,0.1017,0.1161,86.83,747.84
156501.475834,100.0,0.5877,4,2,0,0.64453,0.74028,0.61875,0.68750,0.60547,0.62083,0.60234,0.57083,0.61016,0.52778,0.63828,0.54306,0.64297,0.47917,0.62266,0.47222,0.60547,0.48194,0.65938,0.54861,0.66875,0.46667,0.64453,0.46250,0.62656,0.47917,0.67969,0.56806,0.69375,0.48889,0.67109,0.48194,0.65312,0.49583,0.69844,0.60278,0.70859,0.53889,0.69141,0.52778,0.67500,0.53611,0.62686,0.77046,0.9998,0.73937,1.00000,0.9053,0.68146,0.73703,0.9970,0.66142,0.71703,0.64453,0.74028,122.60,0.9914,live,0.1017,0.0981,73.24,746.37
156501.542543,100.0,0.6989,4,2,0,0.62969,0.74028,0.60313,0.68889,0.58750,0.62361,0.58281,0.57639,0.58750,0.53056,0.61797,0.54444,0.62031,0.47778,0.59766,0.47500,0.57891,0.48611,0.63828,0.55139,0.64453,0.46667,0.61875,0.46667,0.60156,0.48611,0.65781,0.57083,0.66875,0.49167,0.64453,0.48889,0.62734,0.50417,0.67656,0.60417,0.68437,0.54028,0.66641,0.53194,0.65000,0.54167,0.62804,0.76786,0.9998,0.73502,1.00000,0.9098,0.66730,0.72841,0.9971,0.65507,0.72168,0.62969,0.74028,119.90,0.9915,live,0.1017,0.0869,64.59,743.13
156501.609205,100.0,0.8100,4,2,0,0.61719,0.73750,0.58906,0.69028,0.57109,0.62639,0.56406,0.57917,0.56563,0.53333,0.60156,0.54583,0.59922,0.47778,0.57500,0.47500,0.55547,0.48611,0.62109,0.55278,0.62344,0.46667,0.59609,0.46806,0.57734,0.48889,0.63984,0.57222,0.64687,0.49028,0.62109,0.48750,0.60234,0.50417,0.65859,0.60417,0.66250,0.53889,0.64219,0.53194,0.62578,0.54444,0.62495,0.76599,0.9998,0.72270,1.00000,0.9132,0.64386,0.72818,0.9972,0.64750,0.72484,0.61719,0.73750,116.60,0.9938,live,0.1017,0.0945,69.70,737.91
156501.676035,100.0,0.9214,4,2,0,0.60938,0.73611,0.58047,0.69167,0.56016,0.62778,0.55156,0.58194,0.55547,0.53750,0.58906,0.55000,0.58672,0.47778,0.56250,0.47639,0.54297,0.48889,0.60859,0.55556,0.60859,0.46528,0.58047,0.46806,0.56172,0.49028,0.62734,0.57361,0.63281,0.48750,0.60625,0.48472,0.58672,0.50000,0.64687,0.60417,0.64922,0.53750,0.62891,0.52778,0.61172,0.53611,0.62496,0.76418,0.9997,0.71776,1.00000,0.9091,0.63304,0.72256,0.9970,0.63987,0.72710,0.60938,0.73611,114.15,0.9950,live,0.0967,0.0739,54.09,731.55
156501.743248,100.0,0.0334,4,3,0,0.60703,0.73056,0.57734,0.68750,0.55703,0.62222,0.55000,0.57500,0.55312,0.53056,0.58516,0.54167,0.58203,0.47083,0.55937,0.47083,0.54063,0.48611,0.60547,0.54722,0.60547,0.46111,0.57812,0.46389,0.56016,0.49028,0.62500,0.56667,0.63125,0.48194,0.60547,0.47917,0.58672,0.49722,0.64453,0.60000,0.64687,0.53333,0.62656,0.52222,0.60938,0.53056,0.62337,0.76428,0.9998,0.71396,1.00000,0.9137,0.62792,0.72003,0.9971,0.63330,0.72779,0.60703,0.73056,115.81,0.9960,live,0.0967,0.0740,53.81,727.15
156501.809708,100.0,0.1442,4,3,0,0.61016,0.72778,0.58125,0.68194,0.56172,0.61944,0.55391,0.57500,0.55625,0.53194,0.59062,0.53611,0.58750,0.46667,0.56406,0.46528,0.54453,0.47917,0.61094,0.54306,0.61094,0.45556,0.58437,0.45833,0.56641,0.48194,0.62969,0.56250,0.63750,0.47778,0.61094,0.47639,0.59219,0.49306,0.64844,0.59583,0.65078,0.53056,0.63125,0.51944,0.61406,0.52500,0.62164,0.75524,0.9997,0.71541,1.00000,0.9127,0.62953,0.71535,0.9970,0.62867,0.72779,0.61016,0.72778,116.43,0.9967,live,0.0967,0.0756,54.70,723.72
156501.875968,100.0,0.2546,4,3,0,0.61875,0.72639,0.58984,0.68194,0.57109,0.61667,0.56563,0.56944,0.56641,0.52222,0.60000,0.53611,0.59531,0.46806,0.57266,0.46528,0.55391,0.47778,0.61953,0.54167,0.62031,0.45417,0.59531,0.45417,0.57734,0.47639,0.63828,0.56111,0.64687,0.47778,0.62266,0.47222,0.60391,0.48611,0.65781,0.59306,0.66172,0.52917,0.64375,0.51528,0.62656,0.51806,0.62170,0.75687,0.9997,0.72072,1.00000,0.9167,0.63159,0.71222,0.9971,0.62669,0.72751,0.61875,0.72639,116.23,0.9962,live,0.0967,0.0757,54.55,720.56
156501.942322,100.0,0.3652,4,3,0,0.62891,0.72639,0.60156,0.68056,0.58672,0.61667,0.58047,0.56944,0.58047,0.52361,0.61328,0.53333,0.61016,0.46806,0.58750,0.46389,0.56797,0.47361,0.63359,0.53889,0.63594,0.45556,0.61094,0.45417,0.59141,0.47361,0.65312,0.55833,0.66328,0.47778,0.63906,0.47222,0.61875,0.48472,0.67266,0.59167,0.67812,0.52778,0.66016,0.51528,0.64297,0.52083,0.62075,0.75951,0.9998,0.72086,1.00000,0.9198,0.63994,0.70725,0.9972,0.62713,0.72728,0.62891,0.72639,118.60,0.9960,live,0.0967,0.0758,54.55,719.49
156502.009624,100.0,0.4774,4,3,0,0.64766,0.72778,0.62031,0.68056,0.60391,0.61528,0.59844,0.56528,0.60625,0.52361,0.63359,0.53611,0.63516,0.47083,0.61562,0.46389,0.59688,0.47500,0.65312,0.54028,0.65859,0.45972,0.63516,0.45417,0.61797,0.47361,0.67266,0.55833,0.68359,0.47778,0.66172,0.47083,0.64453,0.48750,0.69219,0.58889,0.70156,0.52500,0.68516,0.51250,0.66797,0.52222,0.62332,0.75906,0.9998,0.72549,1.00000,0.9177,0.66662,0.70806,0.9972,0.63124,0.72738,0.64766,0.72778,118.38,0.9925,live,0.0906,0.0628,45.13,718.38
156502.076315,100.0,0.5886,4,3,0,0.66797,0.72500,0.64219,0.67778,0.62656,0.61111,0.62422,0.56111,0.63281,0.51667,0.65859,0.53056,0.66094,0.46944,0.64453,0.45972,0.62813,0.46806,0.67969,0.53333,0.68750,0.45694,0.66719,0.44861,0.64766,0.46944,0.70000,0.55278,0.71406,0.47639,0.69453,0.46528,0.67734,0.48056,0.71953,0.58611,0.73125,0.52361,0.71562,0.51250,0.69922,0.52500,0.62415,0.77000,0.9998,0.75347,1.00000,0.9152,0.68748,0.72555,0.9971,0.63858,0.72691,0.66797,0.72500,121.70,0.9933,live,0.0835,0.0508,36.60,719.80
156502.142994,100.0,0.6997,4,3,0,0.68906,0.72361,0.66328,0.67361,0.65078,0.60556,0.65156,0.55278,0.66406,0.50972,0.68594,0.52500,0.69297,0.46528,0.67891,0.45278,0.66328,0.46111,0.70781,0.52917,0.72031,0.45278,0.70156,0.44167,0.68281,0.45972,0.72734,0.55000,0.74609,0.47639,0.72891,0.46250,0.71250,0.47500,0.74687,0.58472,0.76094,0.52500,0.74766,0.51250,0.73047,0.52500,0.62680,0.77022,0.9998,0.76299,1.00000,0.9123,0.71205,0.72843,0.9970,0.64868,0.72625,0.68906,0.72361,124.64,0.9939,live,0.0755,0.0390,28.23,723.17
156502.209751,100.0,0.8109,4,3,0,0.70781,0.72361,0.68281,0.66944,0.67422,0.59861,0.68047,0.54444,0.69453,0.50000,0.71406,0.52222,0.72578,0.46250,0.71250,0.44583,0.69688,0.45417,0.73672,0.52778,0.75313,0.45417,0.73594,0.43611,0.71641,0.45278,0.75625,0.54722,0.77812,0.47639,0.76406,0.45694,0.74766,0.47083,0.77578,0.58333,0.79375,0.52639,0.78359,0.50556,0.76719,0.51250,0.62688,0.77154,0.9998,0.74611,1.00000,0.9094,0.72833,0.73101,0.9968,0.66051,0.72572,0.70781,0.72361,128.68,0.9921,live,0.0755,0.0594,43.31,729.04
156502.276305,100.0,0.9219,4,3,0,0.72500,0.72500,0.70078,0.66528,0.69531,0.59306,0.70547,0.53750,0.72188,0.49722,0.73672,0.52083,0.74453,0.46528,0.73750,0.44583,0.72813,0.44861,0.76016,0.52639,0.77422,0.45833,0.76562,0.43750,0.75000,0.44861,0.77969,0.54722,0.79922,0.48333,0.79375,0.45833,0.78203,0.47083,0.79766,0.58333,0.81484,0.53333,0.81250,0.50556,0.80078,0.50556,0.62724,0.77096,0.9998,0.74994,1.00000,0.9018,0.74209,0.73148,0.9965,0.67340,0.72558,0.72500,0.72500,131.44,0.9918,live,0.0755,0.0813,59.82,736.19
156502.343245,100.0,0.0334,4,4,0,0.73516,0.72778,0.71250,0.66250,0.70937,0.59028,0.72109,0.53333,0.74062,0.49167,0.74531,0.51944,0.75234,0.46528,0.75000,0.44444,0.74219,0.44861,0.77031,0.52639,0.78438,0.46389,0.78281,0.43889,0.77109,0.44444,0.79063,0.55000,0.81016,0.48889,0.81016,0.46111,0.79844,0.46667,0.80937,0.58750,0.82578,0.54444,0.82891,0.51389,0.82188,0.50417,0.62603,0.77291,0.9998,0.76200,1.00000,0.9017,0.75347,0.73163,0.9965,0.68576,0.72602,0.73516,0.72778,134.14,0.9904,live,0.0802,0.1016,75.62,744.43
156502.409895,100.0,0.1445,4,4,0,0.73906,0.72639,0.71641,0.65972,0.71250,0.58889,0.72578,0.52917,0.74687,0.49028,0.75078,0.52083,0.75781,0.46528,0.75625,0.44306,0.74844,0.44583,0.77500,0.52639,0.78906,0.46250,0.78906,0.43611,0.77891,0.44167,0.79531,0.55000,0.81406,0.48889,0.81484,0.46111,0.80469,0.46944,0.81406,0.58611,0.83203,0.54167,0.83437,0.50972,0.82656,0.50278,0.62669,0.77293,0.9998,0.76468,1.00000,0.8989,0.75522,0.72988,0.9964,0.69642,0.72609,0.73906,0.72639,133.23,0.9846,live,0.0871,0.1189,89.26,751.02
156502.476443,100.0,0.2554,4,4,0,0.73828,0.72500,0.71484,0.66111,0.71094,0.58889,0.72422,0.53333,0.74219,0.49028,0.75078,0.51944,0.75625,0.47083,0.75313,0.44722,0.74609,0.44583,0.77578,0.52639,0.78828,0.46528,0.78672,0.43750,0.77578,0.44028,0.79609,0.54861,0.81406,0.49167,0.81484,0.46111,0.80625,0.46389,0.81406,0.58750,0.82891,0.54306,0.83047,0.51111,0.82344,0.50000,0.63012,0.77288,0.9998,0.76506,1.00000,0.8951,0.75182,0.73398,0.9962,0.70479,0.72587,0.73828,0.72500,133.24,0.9908,live,0.0951,0.1313,99.41,756.84
156502.543243,100.0,0.3668,4,4,0,0.73359,0.72222,0.70937,0.66111,0.70312,0.58889,0.71641,0.53333,0.73516,0.49028,0.74219,0.51944,0.74609,0.46667,0.74375,0.44306,0.73750,0.44583,0.76719,0.52361,0.77969,0.46111,0.77656,0.43333,0.76562,0.43889,0.78906,0.54444,0.80547,0.48611,0.80469,0.45556,0.79453,0.46111,0.80781,0.58194,0.82344,0.53889,0.82422,0.50833,0.81719,0.49861,0.63015,0.77298,0.9998,0.76448,1.00000,0.8941,0.75125,0.73342,0.9960,0.71055,0.72514,0.73359,0.72222,132.42,0.9887,live,0.1020,0.1334,101.53,761.36
156502.610194,100.0,0.4784,4,4,0,0.71797,0.71111,0.69531,0.65417,0.68828,0.58333,0.69609,0.53056,0.71172,0.49028,0.72891,0.51111,0.73594,0.45694,0.72813,0.43611,0.71641,0.43889,0.75156,0.51667,0.76562,0.45000,0.75625,0.42778,0.74062,0.43889,0.77187,0.53889,0.79063,0.47361,0.78438,0.44861,0.77109,0.45972,0.79063,0.57500,0.80703,0.52500,0.80391,0.49583,0.79219,0.49444,0.63038,0.77156,0.9998,0.76415,1.00000,0.8902,0.74626,0.73094,0.9960,0.71203,0.72234,0.71797,0.71111,129.41,0.9932,live,0.1020,0.1233,94.07,763.17
156502.676360,100.0,0.5886,4,4,0,0.69922,0.70000,0.67656,0.64722,0.66641,0.57778,0.66875,0.52222,0.68516,0.48333,0.70703,0.50417,0.71328,0.44722,0.70000,0.42778,0.68750,0.43194,0.72813,0.50694,0.74219,0.43611,0.72656,0.41528,0.70937,0.42917,0.74922,0.52639,0.76719,0.45556,0.75313,0.43750,0.73672,0.45278,0.76797,0.56111,0.78203,0.50278,0.77109,0.48056,0.75469,0.48750,0.63341,0.77158,0.9998,0.77175,1.00000,0.8905,0.73668,0.72619,0.9961,0.70947,0.71787,0.69922,0.70000,126.63,0.9928,live,0.1020,0.1066,81.32,762.77
156502.743141,100.0,0.6999,4,4,0,0.68047,0.68056,0.65547,0.62639,0.64297,0.55833,0.64219,0.50556,0.65547,0.46528,0.67812,0.47639,0.68203,0.41806,0.66875,0.40139,0.65469,0.40833,0.69922,0.47917,0.70937,0.40833,0.69375,0.39306,0.67812,0.40417,0.72031,0.50000,0.73594,0.42778,0.72188,0.40972,0.70625,0.42361,0.73906,0.53611,0.75078,0.48056,0.74062,0.45417,0.72578,0.45278,0.63462,0.77028,0.9998,0.75689,1.00000,0.8953,0.71497,0.71353,0.9963,0.70367,0.71041,0.68047,0.68056,127.82,0.9941,live,0.1020,0.0877,66.92,763.27
156502.810017,100.0,0.8114,4,4,0,0.66484,0.64722,0.63672,0.59028,0.62344,0.52222,0.62344,0.46528,0.63516,0.42361,0.65781,0.45000,0.65625,0.39444,0.64297,0.37361,0.62734,0.36944,0.67812,0.44722,0.68125,0.38194,0.66875,0.35972,0.65078,0.35833,0.69766,0.46250,0.70781,0.39444,0.69688,0.36944,0.67969,0.36806,0.71484,0.49167,0.72344,0.43750,0.71562,0.40972,0.70156,0.40139,0.63456,0.77286,0.9998,0.74464,1.00000,0.8993,0.69020,0.66134,0.9965,0.69591,0.69777,0.66484,0.64722,123.80,0.9898,live,0.0963,0.0703,53.48,760.81
156502.876555,100.0,0.9223,4,4,0,0.65156,0.60417,0.62266,0.55000,0.60938,0.47778,0.60859,0.41944,0.61641,0.37083,0.64219,0.40417,0.63750,0.35278,0.62578,0.33194,0.61172,0.32639,0.66250,0.40278,0.66172,0.34167,0.64922,0.31528,0.63125,0.30833,0.68203,0.41667,0.68750,0.35139,0.67734,0.32500,0.66016,0.31944,0.70000,0.44583,0.70469,0.39167,0.69688,0.36250,0.68281,0.34722,0.63402,0.76984,0.9998,0.74105,1.00000,0.9042,0.67594,0.60761,0.9968,0.68704,0.67905,0.65156,0.60417,124.95,0.9926,live,0.0903,0.0629,47.73,759.48
156502.943454,100.0,0.0338,4,1,1,0.64844,0.56944,0.61641,0.51806,0.60078,0.44444,0.60078,0.38333,0.60938,0.33472,0.63359,0.37222,0.62891,0.32083,0.61641,0.29861,0.60234,0.29028,0.65391,0.36944,0.65234,0.30556,0.63828,0.27917,0.61953,0.27361,0.67266,0.38194,0.67734,0.31389,0.66484,0.28611,0.64609,0.28056,0.69063,0.40972,0.69531,0.35417,0.68672,0.32361,0.67109,0.30972,0.63145,0.76643,0.9998,0.74136,1.00000,0.9090,0.66863,0.56746,0.9970,0.67932,0.65713,0.64844,0.56944,123.08,0.9894,live,0.0903,0.0858,64.96,756.96
156503.010005,100.0,0.1447,4,1,1,0.64687,0.55556,0.61406,0.50417,0.60000,0.42778,0.59922,0.36667,0.60547,0.31528,0.63125,0.35972,0.62500,0.30972,0.61250,0.28750,0.59609,0.27500,0.65078,0.35417,0.64922,0.28889,0.63438,0.26389,0.61328,0.25833,0.66875,0.36528,0.67266,0.29444,0.65938,0.26528,0.63984,0.25833,0.68594,0.38889,0.68984,0.33333,0.68047,0.30139,0.66563,0.28333,0.62964,0.76533,0.9998,0.73754,1.00000,0.9080,0.66554,0.55134,0.9971,0.67283,0.63681,0.64687,0.55556,122.64,0.9885,live,0.0903,0.1079,81.43,754.43
156503.076538,100.0,0.2556,4,1,1,0.64766,0.55139,0.61484,0.50000,0.59922,0.42778,0.59688,0.36528,0.60547,0.31528,0.62891,0.35694,0.62422,0.30694,0.61250,0.28333,0.59688,0.27083,0.64922,0.35000,0.64766,0.28750,0.63516,0.26111,0.61641,0.25417,0.66719,0.35972,0.67266,0.29444,0.66016,0.26389,0.64219,0.25556,0.68437,0.38333,0.68906,0.32917,0.68125,0.29722,0.66719,0.27778,0.62802,0.76335,0.9998,0.73761,1.00000,0.9114,0.66547,0.55018,0.9972,0.66779,0.61973,0.64766,0.55139,122.59,0.9919,live,0.0967,0.1259,94.70,752.16
156503.143543,100.0,0.3673,4,1,1,0.65078,0.55833,0.61875,0.50972,0.60469,0.43472,0.60234,0.37222,0.60938,0.32222,0.63203,0.36250,0.62813,0.31250,0.61641,0.29028,0.60156,0.27917,0.65234,0.35833,0.65156,0.29583,0.63906,0.26944,0.62031,0.26250,0.67188,0.36944,0.67578,0.30417,0.66406,0.27361,0.64609,0.26806,0.69141,0.39444,0.69453,0.34167,0.68672,0.30833,0.67188,0.29028,0.62714,0.76315,0.9998,0.73610,1.00000,0.9119,0.66627,0.55043,0.9973,0.66439,0.60745,0.65078,0.55833,123.85,0.9916,live,0.1039,0.1368,102.77,751.07
156503.210825,100.0,0.4794,4,1,1,0.65547,0.57917,0.62422,0.52917,0.61094,0.45278,0.61016,0.39306,0.61797,0.34306,0.63906,0.38472,0.63438,0.33194,0.62266,0.30833,0.60781,0.29861,0.65938,0.38056,0.65703,0.31528,0.64375,0.29028,0.62500,0.28750,0.67891,0.39028,0.68281,0.31944,0.66953,0.29028,0.64922,0.28333,0.69844,0.41667,0.70312,0.36111,0.69375,0.33056,0.67656,0.31528,0.62752,0.76245,0.9997,0.73627,1.00000,0.9140,0.66717,0.55647,0.9974,0.66261,0.60179,0.65547,0.57917,123.34,0.9925,live,0.1099,0.1372,102.87,749.75
156503.276780,100.0,0.5893,4,1,1,0.65938,0.61250,0.63047,0.55833,0.61953,0.48750,0.61875,0.42917,0.62656,0.38194,0.64766,0.41389,0.64453,0.36250,0.63281,0.33750,0.61875,0.32639,0.66719,0.41111,0.66719,0.34722,0.65469,0.32222,0.63594,0.31944,0.68672,0.42500,0.69297,0.35694,0.68203,0.32917,0.66406,0.32500,0.70625,0.45278,0.71172,0.39722,0.70391,0.36528,0.68828,0.34861,0.62341,0.76843,0.9997,0.73692,1.00000,0.9167,0.66878,0.57750,0.9975,0.66196,0.60393,0.65938,0.61250,124.72,0.9945,live,0.1099,0.1263,94.69,749.58
156503.343629,100.0,0.7007,4,1,1,0.66406,0.64861,0.63672,0.59444,0.62656,0.52500,0.62656,0.46806,0.63438,0.42222,0.65625,0.45139,0.65547,0.39722,0.64453,0.37361,0.63047,0.36667,0.67734,0.45000,0.68125,0.38333,0.67031,0.35972,0.65391,0.35972,0.69688,0.46667,0.70703,0.39722,0.69609,0.37222,0.67812,0.37361,0.71562,0.49861,0.72344,0.44167,0.71562,0.41250,0.70000,0.40417,0.62767,0.76833,0.9998,0.73720,1.00000,0.9201,0.67519,0.63519,0.9977,0.66238,0.61287,0.66406,0.64861,124.05,0.9940,live,0.1099,0.1090,81.63,748.94
156503.410544,100.0,0.8123,4,1,1,0.66797,0.68750,0.64141,0.63472,0.62969,0.56667,0.62813,0.51389,0.64062,0.46944,0.66328,0.49028,0.66406,0.43472,0.65078,0.41389,0.63594,0.41250,0.68359,0.49167,0.69063,0.42083,0.67578,0.40278,0.65859,0.41111,0.70391,0.51111,0.71719,0.43611,0.70234,0.41667,0.68437,0.42778,0.72109,0.54444,0.73203,0.48472,0.72109,0.45972,0.70469,0.45833,0.62758,0.77118,0.9998,0.73718,1.00000,0.9220,0.68136,0.67792,0.9977,0.66350,0.62780,0.66797,0.68750,122.90,0.9948,live,0.1099,0.0859,64.22,747.56
156503.477086,100.0,0.9232,4,1,1,0.67188,0.71944,0.64453,0.66528,0.63203,0.60000,0.63203,0.55000,0.64531,0.50694,0.66719,0.52083,0.66875,0.46667,0.65469,0.44861,0.63984,0.45139,0.68828,0.52361,0.69609,0.45278,0.68047,0.44167,0.66328,0.45556,0.70781,0.54306,0.72344,0.47083,0.70859,0.45556,0.69141,0.46944,0.72578,0.58056,0.73828,0.52361,0.72734,0.50000,0.71172,0.50139,0.62617,0.77132,0.9998,0.75178,1.00000,0.9194,0.69094,0.72509,0.9976,0.66517,0.64613,0.67188,0.71944,123.41,0.9953,live,0.1011,0.0611,45.62,746.70
156503.543990,100.0,0.0347,4,2,0,0.67500,0.74028,0.64766,0.68333,0.63594,0.61806,0.63516,0.56944,0.64844,0.52639,0.67109,0.54306,0.67578,0.48472,0.66016,0.47083,0.64531,0.47500,0.69297,0.54861,0.70391,0.47083,0.68594,0.46250,0.66875,0.47917,0.71250,0.56944,0.72969,0.49444,0.71250,0.48333,0.69531,0.50000,0.73125,0.60833,0.74453,0.54722,0.73125,0.52639,0.71562,0.53194,0.62631,0.77232,0.9998,0.76796,1.00000,0.9179,0.69779,0.75524,0.9975,0.66714,0.66496,0.67500,0.74028,122.85,0.9954,live,0.0944,0.0638,47.56,745.55
156503.610306,100.0,0.1452,4,2,0,0.67891,0.75000,0.65156,0.69444,0.63828,0.62778,0.63828,0.57639,0.65000,0.53472,0.67500,0.55000,0.67969,0.49306,0.66406,0.47778,0.64844,0.48333,0.69688,0.55556,0.70781,0.47778,0.69063,0.46944,0.67344,0.48889,0.71719,0.57639,0.73594,0.50278,0.72031,0.49028,0.70312,0.50694,0.73516,0.61528,0.75000,0.55833,0.73828,0.53750,0.72188,0.54028,0.62979,0.77152,0.9998,0.76297,1.00000,0.9173,0.70401,0.76409,0.9975,0.66949,0.68196,0.67891,0.75000,124.24,0.9945,live,0.0944,0.0785,58.52,745.54
156503.676994,100.0,0.2563,4,2,0,0.67812,0.75417,0.65156,0.69861,0.63828,0.63194,0.63750,0.58333,0.65156,0.53889,0.67500,0.55556,0.68047,0.49722,0.66484,0.48333,0.64922,0.49028,0.69766,0.56111,0.71094,0.48194,0.69141,0.47500,0.67344,0.49722,0.71797,0.58333,0.73828,0.50833,0.72031,0.49444,0.70234,0.51528,0.73594,0.62361,0.75078,0.56250,0.73828,0.54167,0.72109,0.55000,0.63042,0.77210,0.9998,0.76345,1.00000,0.9161,0.70362,0.76776,0.9973,0.67122,0.69641,0.67812,0.75417,124.01,0.9938,live,0.0944,0.0928,69.14,745.36
156503.743608,100.0,0.3674,4,2,0,0.67656,0.75417,0.65000,0.70000,0.63672,0.63472,0.63594,0.58472,0.65078,0.54167,0.67344,0.55417,0.68047,0.49306,0.66406,0.48194,0.64766,0.49167,0.69609,0.56111,0.70937,0.48056,0.68984,0.47500,0.67109,0.49861,0.71641,0.58472,0.73594,0.50833,0.71875,0.49583,0.70156,0.51667,0.73516,0.62361,0.75000,0.56389,0.73750,0.54583,0.72031,0.55417,0.63024,0.77425,0.9998,0.76289,1.00000,0.9133,0.70307,0.77681,0.9972,0.67229,0.70796,0.67656,0.75417,124.76,0.9952,live,0.0944,0.1040,77.57,745.75
156503.810265,100.0,0.4785,4,2,0,0.67188,0.75417,0.64687,0.69722,0.63359,0.63194,0.63281,0.58472,0.64609,0.54167,0.66875,0.55417,0.67500,0.49444,0.65859,0.48333,0.64297,0.49306,0.69141,0.55972,0.70391,0.48194,0.68359,0.47500,0.66484,0.49722,0.71172,0.58333,0.73125,0.50694,0.71328,0.49444,0.69531,0.51250,0.73047,0.62222,0.74531,0.56111,0.73203,0.54444,0.71406,0.55417,0.63113,0.77367,0.9998,0.76504,1.00000,0.9135,0.70278,0.77359,0.9972,0.67221,0.71720,0.67188,0.75417,125.07,0.9942,live,0.0944,0.1127,84.14,746.30
156503.877465,100.0,0.5905,4,2,0,0.66328,0.75278,0.63828,0.69861,0.62500,0.63333,0.62500,0.58750,0.63516,0.54306,0.66094,0.55694,0.66719,0.49306,0.64844,0.48472,0.63125,0.49306,0.68281,0.56389,0.69219,0.48333,0.66953,0.47917,0.65156,0.49861,0.70312,0.58472,0.71953,0.50694,0.69922,0.49722,0.68125,0.51250,0.72188,0.62361,0.73594,0.56250,0.72109,0.54583,0.70391,0.55278,0.62669,0.77437,0.9998,0.75983,1.00000,0.9120,0.69518,0.77212,0.9971,0.67042,0.72431,0.66328,0.75278,122.59,0.9915,live,0.0944,0.1090,81.24,745.01
156503.943432,100.0,0.7004,4,2,0,0.64687,0.75278,0.62109,0.70000,0.60703,0.63611,0.60547,0.58750,0.61484,0.54583,0.64062,0.55972,0.64531,0.49583,0.62422,0.49028,0.60703,0.50000,0.66172,0.56667,0.67031,0.48611,0.64531,0.48333,0.62813,0.50000,0.68125,0.58611,0.69531,0.50833,0.67266,0.50417,0.65547,0.52083,0.70078,0.61806,0.71172,0.55694,0.69375,0.54722,0.67656,0.55833,0.62664,0.77438,0.9998,0.74244,1.00000,0.9122,0.68457,0.76294,0.9971,0.66571,0.73001,0.64687,0.75278,120.33,0.9894,live,0.0944,0.1149,85.29,742.25
156504.010785,100.0,0.8127,4,2,0,0.62734,0.75417,0.60156,0.70278,0.58594,0.64028,0.58047,0.59444,0.58516,0.55139,0.61797,0.56111,0.61719,0.49722,0.59375,0.49583,0.57578,0.50833,0.63750,0.56944,0.64141,0.48611,0.61484,0.48750,0.59766,0.50833,0.65625,0.58889,0.66563,0.51111,0.64141,0.50833,0.62344,0.52500,0.67500,0.62361,0.68359,0.56111,0.66406,0.55139,0.64766,0.55972,0.62653,0.76912,0.9998,0.73011,1.00000,0.9078,0.66688,0.75837,0.9968,0.65804,0.73484,0.62734,0.75417,117.74,0.9943,live,0.0944,0.0900,66.43,737.95
156504.077213,100.0,0.9234,4,2,0,0.61328,0.75139,0.58672,0.70417,0.56953,0.63889,0.56094,0.59306,0.56328,0.54722,0.59922,0.55833,0.59688,0.49167,0.57344,0.49028,0.55547,0.50417,0.61797,0.56667,0.62031,0.48194,0.59297,0.48611,0.57422,0.50833,0.63672,0.58750,0.64375,0.50694,0.61719,0.50556,0.59922,0.52222,0.65547,0.61944,0.65859,0.55556,0.63906,0.54722,0.62187,0.55556,0.62019,0.76771,0.9997,0.71722,1.00000,0.9061,0.64395,0.74479,0.9967,0.64909,0.73815,0.61328,0.75139,116.74,0.9951,live,0.0944,0.0825,60.49,733.45
156504.143924,100.0,0.0346,4,3,0,0.60781,0.74583,0.57969,0.70139,0.56016,0.63750,0.55078,0.59306,0.55312,0.54722,0.58750,0.55972,0.58516,0.48889,0.56094,0.48750,0.54297,0.50000,0.60703,0.56667,0.60859,0.47778,0.58125,0.47917,0.56250,0.50278,0.62578,0.58472,0.63281,0.50000,0.60625,0.49583,0.58750,0.51111,0.64531,0.61667,0.64844,0.55139,0.62891,0.53889,0.61094,0.54583,0.62000,0.75953,0.9997,0.71275,1.00000,0.9111,0.63057,0.74339,0.9969,0.64083,0.73969,0.60781,0.74583,113.69,0.9950,live,0.0944,0.0924,67.20,727.29
156504.210869,100.0,0.1461,4,3,0,0.60703,0.73611,0.57812,0.69444,0.55937,0.63056,0.55156,0.58750,0.55312,0.54444,0.58906,0.54583,0.58516,0.47639,0.56250,0.47500,0.54297,0.49028,0.60859,0.55417,0.60938,0.46667,0.58281,0.46944,0.56406,0.49444,0.62734,0.57361,0.63516,0.49028,0.60938,0.48611,0.59062,0.50139,0.64609,0.60694,0.64922,0.54167,0.62969,0.53056,0.61250,0.53750,0.62029,0.75974,0.9997,0.71001,1.00000,0.9157,0.62983,0.73335,0.9970,0.63407,0.73897,0.60703,0.73611,115.19,0.9965,live,0.0944,0.0802,58.00,722.95
156504.277436,100.0,0.2571,4,3,0,0.61328,0.73056,0.58516,0.68611,0.56563,0.62222,0.55781,0.57639,0.56094,0.53194,0.59453,0.53889,0.59062,0.47361,0.56875,0.46944,0.54922,0.48194,0.61406,0.54444,0.61484,0.46111,0.58906,0.46250,0.57031,0.48472,0.63359,0.56389,0.64141,0.48056,0.61641,0.47778,0.59844,0.49306,0.65234,0.59722,0.65625,0.53194,0.63750,0.52083,0.62109,0.52639,0.61866,0.75979,0.9997,0.71560,1.00000,0.9200,0.63350,0.73018,0.9972,0.62991,0.73729,0.61328,0.73056,116.85,0.9968,live,0.0944,0.0817,58.85,720.33
156504.344341,100.0,0.3686,4,3,0,0.62266,0.72778,0.59453,0.68194,0.57812,0.61806,0.57344,0.57222,0.57344,0.52639,0.60625,0.53472,0.60156,0.47083,0.57969,0.46667,0.56016,0.47778,0.62656,0.54028,0.62734,0.45833,0.60313,0.45556,0.58359,0.47639,0.64531,0.55972,0.65469,0.47917,0.63125,0.47361,0.61172,0.48611,0.66406,0.59444,0.67031,0.53056,0.65391,0.51667,0.63672,0.51944,0.62074,0.75757,0.9998,0.72327,1.00000,0.9236,0.63486,0.72444,0.9973,0.62846,0.73539,0.62266,0.72778,117.73,0.9969,live,0.0944,0.0811,58.28,718.66
156504.410756,100.0,0.4793,4,3,0,0.63516,0.73194,0.60938,0.68333,0.59453,0.61944,0.59062,0.57222,0.59688,0.52917,0.62500,0.54028,0.62578,0.47917,0.60547,0.47083,0.58672,0.47917,0.64453,0.54583,0.64844,0.46667,0.62500,0.46111,0.60703,0.47778,0.66328,0.56389,0.67500,0.48472,0.65234,0.47500,0.63359,0.48889,0.68203,0.59722,0.69063,0.53194,0.67344,0.51806,0.65703,0.52500,0.62080,0.75740,0.9998,0.74497,1.00000,0.9239,0.65233,0.72325,0.9974,0.62980,0.73470,0.63516,0.73194,117.73,0.9936,live,0.0944,0.0765,54.84,717.19
156504.477153,100.0,0.5899,4,3,0,0.65547,0.74444,0.63047,0.69167,0.61641,0.62639,0.61328,0.57917,0.62187,0.53889,0.64844,0.55278,0.65156,0.49167,0.63281,0.48056,0.61484,0.48750,0.66797,0.55694,0.67578,0.48056,0.65312,0.47222,0.63516,0.48750,0.68750,0.57639,0.70156,0.49861,0.68047,0.48889,0.66328,0.50278,0.70703,0.60972,0.71797,0.54722,0.70234,0.53194,0.68594,0.53889,0.62107,0.77291,0.9998,0.74937,1.00000,0.9222,0.67415,0.73549,0.9973,0.63493,0.73665,0.65547,0.74444,119.26,0.9891,live,0.0944,0.0765,54.84,716.99
156504.544221,100.0,0.7017,4,3,0,0.67656,0.75556,0.65234,0.69861,0.63984,0.63472,0.64062,0.58750,0.65234,0.55139,0.67422,0.55833,0.68203,0.50139,0.66641,0.49028,0.64922,0.49722,0.69609,0.56667,0.70781,0.49306,0.68906,0.48194,0.67031,0.50000,0.71562,0.58889,0.73438,0.51667,0.71719,0.50278,0.70000,0.51667,0.73438,0.62917,0.74922,0.57222,0.73750,0.55278,0.72188,0.55556,0.62136,0.77332,0.9998,0.76466,1.00000,0.9208,0.70064,0.74652,0.9973,0.64326,0.74043,0.67656,0.75556,122.49,0.9912,live,0.0869,0.0530,38.08,719.14
156504.610703,100.0,0.8125,4,3,0,0.69609,0.76528,0.67188,0.71250,0.66172,0.64444,0.66719,0.59583,0.68203,0.55833,0.70078,0.56667,0.71094,0.51111,0.69766,0.49722,0.68281,0.50833,0.72266,0.57222,0.73672,0.50278,0.72109,0.49167,0.70234,0.51111,0.74297,0.59444,0.76250,0.52639,0.74922,0.51111,0.73359,0.52639,0.76172,0.63333,0.77812,0.58056,0.76719,0.56250,0.75156,0.57222,0.62137,0.77597,0.9998,0.74131,1.00000,0.9185,0.71300,0.76055,0.9970,0.65383,0.74540,0.69609,0.76528,126.16,0.9928,live,0.0809,0.0534,38.63,723.68
156504.677808,100.0,0.9244,4,3,0,0.71250,0.76944,0.68828,0.71250,0.68125,0.64444,0.68984,0.59583,0.70625,0.55972,0.72266,0.56944,0.73438,0.51389,0.72500,0.49861,0.71094,0.50972,0.74609,0.57639,0.76328,0.50694,0.74922,0.49444,0.73203,0.51389,0.76562,0.59861,0.78750,0.53333,0.77656,0.51528,0.76172,0.53194,0.78438,0.63750,0.80469,0.58472,0.79609,0.56528,0.77891,0.57222,0.62234,0.77638,0.9998,0.75246,1.00000,0.9112,0.72918,0.76682,0.9964,0.66556,0.75021,0.71250,0.76944,128.82,0.9919,live,0.0809,0.0669,48.78,729.59
156504.744202,100.0,0.0350,4,4,0,0.72578,0.76944,0.70234,0.70972,0.69766,0.63889,0.70937,0.59028,0.72734,0.55278,0.74062,0.56528,0.75234,0.51389,0.74375,0.49722,0.73203,0.50417,0.76328,0.57500,0.78125,0.50833,0.76953,0.49167,0.75234,0.50694,0.78281,0.59861,0.80625,0.53472,0.79688,0.51389,0.78281,0.52500,0.80000,0.63750,0.82031,0.58750,0.81641,0.56389,0.80469,0.56528,0.62352,0.77765,0.9998,0.75651,1.00000,0.9071,0.74347,0.77180,0.9963,0.67761,0.75406,0.72578,0.76944,130.67,0.9939,live,0.0809,0.0875,64.43,736.12
156504.811429,100.0,0.1471,4,4,0,0.73203,0.76528,0.71016,0.70417,0.70547,0.63333,0.71797,0.58333,0.73828,0.54861,0.74687,0.56111,0.76016,0.50833,0.75313,0.49167,0.74297,0.50417,0.77031,0.57083,0.78828,0.50556,0.78047,0.48750,0.76641,0.50417,0.79063,0.59583,0.81484,0.53333,0.80937,0.50972,0.79531,0.52361,0.80781,0.63472,0.82812,0.58889,0.82734,0.56250,0.81641,0.56111,0.62356,0.77775,0.9998,0.75743,1.00000,0.9036,0.74653,0.77224,0.9961,0.68849,0.75630,0.73203,0.76528,131.48,0.9907,live,0.0809,0.1056,78.39,742.45
156504.877730,100.0,0.2576,4,4,0,0.73359,0.76528,0.71094,0.70278,0.70781,0.63194,0.72109,0.58056,0.73984,0.54306,0.75000,0.55972,0.76172,0.51111,0.75547,0.49167,0.74453,0.49722,0.77344,0.56944,0.78906,0.50694,0.78281,0.48750,0.76875,0.50139,0.79297,0.59306,0.81484,0.53611,0.81250,0.50833,0.80156,0.51389,0.81016,0.63333,0.82891,0.58611,0.82812,0.55694,0.81875,0.55139,0.62399,0.78105,0.9998,0.74583,1.00000,0.9001,0.75571,0.77189,0.9961,0.69751,0.75810,0.73359,0.76528,132.35,0.9927,live,0.0880,0.1202,89.97,748.65
156504.944309,100.0,0.3685,4,4,0,0.72969,0.75556,0.70625,0.69583,0.70156,0.62500,0.71484,0.57500,0.73359,0.53750,0.74375,0.55417,0.75469,0.50417,0.74922,0.48750,0.73906,0.49167,0.76797,0.56250,0.78359,0.49861,0.77578,0.47917,0.76094,0.49167,0.78750,0.58611,0.80937,0.52500,0.80391,0.50000,0.79141,0.50694,0.80391,0.62500,0.82344,0.57639,0.82188,0.55139,0.81094,0.54861,0.62587,0.77844,0.9998,0.74846,1.00000,0.8938,0.75277,0.77167,0.9956,0.70395,0.75759,0.72969,0.75556,129.87,0.9931,live,0.0956,0.1304,98.08,752.32
156505.011495,100.0,0.4805,4,4,0,0.71953,0.74306,0.69609,0.69028,0.69141,0.61806,0.70078,0.56667,0.71875,0.53194,0.73047,0.55000,0.74141,0.49306,0.73281,0.47778,0.72188,0.48750,0.75234,0.55833,0.76953,0.48611,0.75781,0.47083,0.74219,0.48889,0.77266,0.58194,0.79531,0.50972,0.78359,0.49722,0.76953,0.51806,0.79063,0.61944,0.81016,0.56250,0.79922,0.55000,0.78203,0.56528,0.62589,0.77778,0.9998,0.74900,1.00000,0.8954,0.75133,0.76163,0.9956,0.70706,0.75468,0.71953,0.74306,124.57,0.9956,live,0.1008,0.1245,93.61,751.73
156505.077593,100.0,0.5907,4,4,0,0.70547,0.73056,0.68047,0.68194,0.67109,0.60972,0.67656,0.55694,0.69375,0.51806,0.71172,0.53611,0.71953,0.47778,0.70859,0.46111,0.69609,0.47083,0.73359,0.54306,0.74687,0.46806,0.73125,0.45694,0.71562,0.47361,0.75391,0.56528,0.77266,0.49167,0.75703,0.48750,0.74141,0.51250,0.77344,0.60278,0.78750,0.54306,0.77266,0.53472,0.75547,0.55278,0.62875,0.77699,0.9998,0.73887,1.00000,0.8931,0.73646,0.74563,0.9956,0.70674,0.74986,0.70547,0.73056,124.75,0.9962,live,0.1008,0.1100,82.65,751.34
156505.144504,100.0,0.7022,4,4,0,0.68828,0.70556,0.66250,0.65833,0.65234,0.58889,0.65625,0.53889,0.67109,0.50278,0.68984,0.51389,0.69531,0.45556,0.68281,0.44167,0.67031,0.45139,0.71094,0.51944,0.72422,0.44306,0.70937,0.43194,0.69531,0.45000,0.73125,0.54028,0.74844,0.46528,0.73281,0.45972,0.71797,0.48333,0.74922,0.57639,0.76094,0.51389,0.74609,0.50556,0.73047,0.52361,0.62947,0.77863,0.9998,0.76182,1.00000,0.8997,0.72760,0.73288,0.9959,0.70305,0.74100,0.68828,0.70556,121.20,0.9956,live,0.1008,0.0925,69.25,748.45
156505.210449,100.0,0.8121,4,4,0,0.67344,0.67222,0.64766,0.62222,0.63516,0.55278,0.63594,0.50000,0.64922,0.45694,0.66875,0.47917,0.67109,0.41944,0.65781,0.40278,0.64375,0.40972,0.68906,0.48194,0.69922,0.40694,0.68437,0.39306,0.66797,0.40556,0.70937,0.50139,0.72500,0.42222,0.70781,0.41389,0.69063,0.43333,0.72734,0.53472,0.73750,0.47083,0.72188,0.45972,0.70469,0.47361,0.63130,0.77359,0.9998,0.74690,1.00000,0.9018,0.71068,0.70454,0.9962,0.69713,0.72724,0.67344,0.67222,120.81,0.9946,live,0.1008,0.0961,71.67,745.62
156505.277826,100.0,0.9244,4,4,0,0.66250,0.63194,0.63594,0.57778,0.62344,0.50694,0.62266,0.45278,0.63516,0.40972,0.65547,0.43611,0.65547,0.37917,0.63984,0.35972,0.62422,0.36250,0.67500,0.43889,0.68125,0.36806,0.66406,0.34861,0.64531,0.35139,0.69375,0.45417,0.70547,0.37917,0.68906,0.36111,0.67031,0.36667,0.71094,0.48472,0.71875,0.42222,0.70469,0.40556,0.68750,0.41389,0.62501,0.77356,0.9998,0.73719,1.00000,0.9004,0.68424,0.63624,0.9962,0.69020,0.70818,0.66250,0.63194,120.79,0.9934,live,0.0953,0.0701,52.09,743.12
156505.345067,100.0,0.0365,4,1,1,0.65938,0.59306,0.63047,0.54167,0.61641,0.46667,0.61641,0.40694,0.62813,0.35833,0.64766,0.39722,0.64609,0.34444,0.63359,0.32083,0.61953,0.31389,0.66797,0.39583,0.67109,0.32778,0.65703,0.30139,0.63984,0.29861,0.68672,0.40972,0.69609,0.33750,0.68203,0.31389,0.66328,0.31667,0.70391,0.43750,0.71094,0.37778,0.69844,0.35556,0.68125,0.35833,0.62488,0.76804,0.9998,0.73765,1.00000,0.9030,0.67413,0.57486,0.9964,0.68404,0.68516,0.65938,0.59306,121.88,0.9910,live,0.0953,0.0812,60.22,741.69
156505.411585,100.0,0.1473,4,1,1,0.66016,0.56250,0.62969,0.50833,0.61484,0.43611,0.61484,0.37500,0.62578,0.32500,0.64609,0.36667,0.64375,0.31389,0.63203,0.29167,0.61797,0.28194,0.66641,0.36389,0.66875,0.29861,0.65625,0.27083,0.63828,0.26111,0.68437,0.37639,0.69453,0.30417,0.68047,0.27917,0.66094,0.27778,0.70156,0.40278,0.70781,0.34167,0.69531,0.31667,0.67734,0.31528,0.62098,0.76808,0.9998,0.73747,1.00000,0.9028,0.67514,0.55455,0.9965,0.67926,0.66063,0.66016,0.56250,121.90,0.9882,live,0.0953,0.1063,78.69,740.46
156505.477995,100.0,0.2580,4,1,1,0.66250,0.55139,0.63047,0.49722,0.61719,0.42500,0.61641,0.36528,0.62656,0.31528,0.64766,0.35833,0.64453,0.30694,0.63281,0.28194,0.61797,0.26806,0.66719,0.35278,0.66875,0.28750,0.65625,0.25833,0.63828,0.24583,0.68516,0.36250,0.69453,0.29306,0.68203,0.26250,0.66328,0.25694,0.70234,0.38472,0.70781,0.32917,0.69766,0.29861,0.68047,0.28889,0.62130,0.76603,0.9998,0.73769,1.00000,0.9043,0.67381,0.54276,0.9967,0.67591,0.63878,0.66250,0.55139,121.58,0.9882,live,0.1011,0.1277,94.38,739.15
156505.544878,100.0,0.3695,4,1,1,0.66328,0.55139,0.63203,0.49861,0.62109,0.42639,0.62031,0.36528,0.62891,0.31667,0.64922,0.35972,0.64687,0.30833,0.63438,0.28472,0.62031,0.27500,0.66875,0.35417,0.66953,0.29028,0.65781,0.26111,0.63984,0.25278,0.68672,0.36528,0.69609,0.29722,0.68437,0.26667,0.66563,0.26111,0.70312,0.38750,0.70937,0.33194,0.69922,0.30417,0.68281,0.29583,0.62143,0.76509,0.9998,0.73762,1.00000,0.9034,0.67285,0.53502,0.9968,0.67338,0.62130,0.66328,0.55139,120.43,0.9902,live,0.1086,0.1428,105.27,737.16
156505.611927,100.0,0.4812,4,1,1,0.66250,0.56806,0.63281,0.51667,0.62109,0.44306,0.62109,0.38472,0.63125,0.33472,0.65078,0.37500,0.64766,0.32361,0.63594,0.29861,0.62109,0.29028,0.67031,0.37083,0.67188,0.30694,0.65938,0.27917,0.64219,0.27361,0.68906,0.38194,0.69844,0.31250,0.68516,0.28472,0.66719,0.28056,0.70703,0.40694,0.71328,0.35000,0.70156,0.32500,0.68359,0.32083,0.62144,0.76509,0.9998,0.73761,1.00000,0.9059,0.67266,0.54594,0.9969,0.67121,0.61065,0.66250,0.56806,121.75,0.9929,live,0.1160,0.1495,110.07,736.36
156505.677735,100.0,0.5909,4,1,1,0.66172,0.59861,0.63359,0.54444,0.62344,0.47361,0.62344,0.41528,0.63203,0.36667,0.65312,0.40417,0.65156,0.35417,0.63984,0.32917,0.62656,0.31806,0.67344,0.40139,0.67578,0.33750,0.66328,0.30972,0.64609,0.30278,0.69219,0.41389,0.70391,0.34583,0.69063,0.31944,0.67188,0.31667,0.70937,0.44167,0.71719,0.38472,0.70625,0.35833,0.68828,0.35417,0.62114,0.76518,0.9997,0.73485,1.00000,0.9083,0.67314,0.55365,0.9971,0.66931,0.60824,0.66172,0.59861,122.13,0.9953,live,0.1207,0.1425,104.89,735.93
156505.744857,100.0,0.7028,4,1,1,0.66250,0.63472,0.63594,0.58194,0.62578,0.51250,0.62578,0.45556,0.63516,0.40833,0.65469,0.44028,0.65469,0.38611,0.64375,0.36250,0.63125,0.35833,0.67578,0.43889,0.68125,0.37222,0.66953,0.34722,0.65234,0.34722,0.69531,0.45556,0.70859,0.38333,0.69531,0.35972,0.67734,0.36528,0.71328,0.48611,0.72188,0.42639,0.71094,0.40417,0.69375,0.40694,0.62293,0.76212,0.9998,0.73357,1.00000,0.9095,0.67348,0.60352,0.9972,0.66795,0.61354,0.66250,0.63472,122.38,0.9957,live,0.1207,0.1270,93.47,735.73
156505.811964,100.0,0.8146,4,1,1,0.66406,0.67778,0.63906,0.62778,0.62813,0.55833,0.62734,0.50556,0.63984,0.46250,0.66172,0.48333,0.66250,0.42500,0.64844,0.40278,0.63281,0.40417,0.68125,0.48472,0.68906,0.41250,0.67422,0.39167,0.65625,0.39861,0.70078,0.50278,0.71484,0.42778,0.69766,0.40972,0.67891,0.42083,0.71797,0.53611,0.72891,0.47361,0.71562,0.45556,0.69844,0.46528,0.62289,0.76719,0.9997,0.74795,1.00000,0.9101,0.68159,0.67588,0.9972,0.66717,0.62639,0.66406,0.67778,121.33,0.9950,live,0.1207,0.1058,77.76,734.80
156505.877838,100.0,0.9244,4,1,1,0.66797,0.71806,0.64297,0.66944,0.63125,0.60278,0.63281,0.55278,0.64609,0.51111,0.66719,0.52222,0.67188,0.46528,0.65547,0.44861,0.63906,0.45278,0.68828,0.52778,0.69922,0.45417,0.68203,0.44306,0.66484,0.45694,0.70703,0.54861,0.72500,0.47500,0.70781,0.46111,0.68984,0.47500,0.72422,0.58611,0.73750,0.52500,0.72344,0.50694,0.70625,0.51389,0.62411,0.76710,0.9998,0.74953,1.00000,0.9104,0.68844,0.71832,0.9974,0.66733,0.64472,0.66797,0.71806,121.48,0.9948,live,0.1136,0.0810,59.44,734.09
156505.944829,100.0,0.0361,4,2,0,0.67422,0.74722,0.64844,0.69583,0.63672,0.63056,0.63672,0.58194,0.65234,0.54167,0.67422,0.55000,0.67969,0.49306,0.66406,0.47917,0.64687,0.48472,0.69609,0.55694,0.71016,0.48056,0.69297,0.47222,0.67422,0.48750,0.71562,0.58056,0.73438,0.50694,0.71641,0.50000,0.69922,0.51806,0.73281,0.62083,0.74766,0.55972,0.73359,0.54722,0.71641,0.55833,0.62403,0.76941,0.9998,0.74373,1.00000,0.9088,0.69643,0.75417,0.9973,0.66871,0.66522,0.67422,0.74722,122.61,0.9964,live,0.1077,0.0809,59.44,734.28
156506.012873,100.0,0.1495,4,2,0,0.67812,0.76250,0.65234,0.70972,0.64219,0.64306,0.64297,0.59583,0.65781,0.55417,0.68047,0.56667,0.68828,0.50556,0.67109,0.49306,0.65469,0.50278,0.70156,0.57500,0.71484,0.49306,0.69609,0.48750,0.67891,0.50833,0.72109,0.59861,0.74062,0.51944,0.72344,0.51389,0.70625,0.53889,0.73906,0.63889,0.75469,0.57639,0.74141,0.56389,0.72500,0.57917,0.62327,0.76939,0.9998,0.74438,1.00000,0.9061,0.70028,0.75618,0.9972,0.67059,0.68468,0.67812,0.76250,122.23,0.9963,live,0.1021,0.0765,56.16,734.18
156506.078755,100.0,0.2593,4,2,0,0.68047,0.76944,0.65469,0.71667,0.64375,0.65000,0.64531,0.60278,0.66016,0.56111,0.68203,0.57083,0.68984,0.50833,0.67344,0.49722,0.65859,0.51250,0.70469,0.57917,0.72031,0.49583,0.70156,0.49306,0.68437,0.51806,0.72422,0.60417,0.74687,0.52500,0.72969,0.51944,0.71250,0.54722,0.74297,0.64583,0.75859,0.58333,0.74609,0.57222,0.72969,0.58889,0.62347,0.77147,0.9998,0.74385,1.00000,0.9033,0.69992,0.77273,0.9971,0.67257,0.70163,0.68047,0.76944,124.50,0.9962,live,0.1021,0.0920,67.71,735.72
156506.144931,100.0,0.3696,4,2,0,0.68047,0.77361,0.65469,0.71944,0.64453,0.65139,0.64531,0.60278,0.66172,0.56111,0.68281,0.57222,0.69063,0.51111,0.67500,0.49861,0.65938,0.51389,0.70547,0.58056,0.72109,0.49861,0.70234,0.49306,0.68516,0.51806,0.72500,0.60556,0.74766,0.52639,0.73047,0.52083,0.71406,0.54861,0.74375,0.64583,0.75938,0.58333,0.74687,0.57083,0.73125,0.58889,0.62377,0.77172,0.9998,0.72989,1.00000,0.9006,0.70005,0.77498,0.9970,0.67415,0.71603,0.68047,0.77361,126.14,0.9954,live,0.1021,0.1058,78.12,738.25
156506.211787,100.0,0.4810,4,2,0,0.67812,0.77222,0.65312,0.71806,0.64141,0.65139,0.64141,0.60278,0.65859,0.56111,0.67891,0.57083,0.68672,0.50972,0.67031,0.49861,0.65391,0.51528,0.70156,0.57917,0.71641,0.49861,0.69609,0.49306,0.67734,0.51944,0.72188,0.60417,0.74375,0.52500,0.72578,0.52222,0.70937,0.55000,0.73984,0.64583,0.75625,0.58333,0.74219,0.57222,0.72578,0.59028,0.62368,0.77656,0.9998,0.74447,1.00000,0.9057,0.69988,0.77584,0.9971,0.67494,0.72727,0.67812,0.77222,125.64,0.9956,live,0.1021,0.1166,86.27,740.13
156506.278297,100.0,0.5919,4,2,0,0.67031,0.77083,0.64531,0.71667,0.63281,0.65139,0.63438,0.60556,0.65000,0.56389,0.67188,0.56944,0.67656,0.50972,0.65938,0.50278,0.64297,0.51667,0.69375,0.57917,0.70391,0.50139,0.68281,0.49722,0.66406,0.51806,0.71406,0.60417,0.73281,0.52639,0.71328,0.52083,0.69609,0.54306,0.73203,0.64444,0.74766,0.58194,0.73203,0.57083,0.71328,0.58333,0.62452,0.77838,0.9998,0.74668,1.00000,0.9038,0.69843,0.77957,0.9970,0.67402,0.73598,0.67031,0.77083,125.20,0.9943,live,0.1021,0.1197,88.72,741.45
156506.345050,100.0,0.7031,4,2,0,0.65625,0.76944,0.63125,0.71806,0.61953,0.65417,0.61953,0.60694,0.63203,0.56806,0.65625,0.57639,0.66250,0.51111,0.64141,0.50556,0.62344,0.51667,0.67734,0.58611,0.68750,0.50417,0.66328,0.50000,0.64531,0.51944,0.69688,0.60833,0.71328,0.52917,0.69141,0.52500,0.67422,0.54306,0.71484,0.64444,0.72734,0.58194,0.71016,0.57222,0.69375,0.58611,0.62444,0.78121,0.9998,0.74454,1.00000,0.9032,0.69001,0.77927,0.9970,0.67046,0.74267,0.65625,0.76944,120.12,0.9927,live,0.1021,0.1141,84.31,738.96
156506.411565,100.0,0.8140,4,2,0,0.63906,0.76944,0.61406,0.71944,0.59922,0.65833,0.59844,0.61389,0.60703,0.57500,0.63281,0.57778,0.63672,0.51111,0.61328,0.50972,0.59531,0.52500,0.65312,0.58750,0.66172,0.50278,0.63516,0.50417,0.61797,0.52500,0.67266,0.60833,0.68672,0.52917,0.66250,0.53056,0.64531,0.55139,0.69141,0.64306,0.70078,0.57917,0.68125,0.57639,0.66563,0.59306,0.62359,0.77092,0.9998,0.72503,1.00000,0.8997,0.67690,0.76956,0.9968,0.66418,0.74803,0.63906,0.76944,117.99,0.9940,live,0.1021,0.1206,88.66,735.24
156506.478490,100.0,0.9255,4,2,0,0.62266,0.76806,0.59688,0.72222,0.58125,0.65972,0.57656,0.61667,0.58203,0.57639,0.61250,0.58056,0.61250,0.51111,0.58750,0.51111,0.57031,0.52639,0.63203,0.58889,0.63594,0.50139,0.60781,0.50556,0.58984,0.52917,0.65078,0.61111,0.66094,0.52917,0.63516,0.53056,0.61719,0.55139,0.66953,0.64583,0.67656,0.58194,0.65547,0.57639,0.63828,0.58889,0.62085,0.76751,0.9997,0.71334,1.00000,0.8988,0.65179,0.76818,0.9967,0.65588,0.75203,0.62266,0.76806,114.63,0.9949,live,0.1021,0.0920,67.10,729.55
156506.545278,100.0,0.0368,4,3,0,0.61328,0.76389,0.58594,0.71944,0.56953,0.65694,0.56172,0.61250,0.56484,0.56806,0.59844,0.57639,0.59609,0.50556,0.57188,0.50833,0.55391,0.52500,0.61719,0.58333,0.61953,0.49722,0.59219,0.50278,0.57422,0.52500,0.63594,0.60278,0.64453,0.51944,0.61719,0.52361,0.59922,0.54583,0.65469,0.63611,0.65859,0.57083,0.63750,0.56806,0.62031,0.58194,0.62091,0.76592,0.9997,0.71522,1.00000,0.9040,0.63660,0.76797,0.9969,0.64736,0.75440,0.61328,0.76389,114.12,0.9948,live,0.1021,0.0848,61.38,724.16
156506.611941,100.0,0.1479,4,3,0,0.61016,0.75556,0.58359,0.71250,0.56563,0.64861,0.55625,0.60417,0.56016,0.56389,0.59297,0.56806,0.59062,0.50000,0.56719,0.50000,0.54844,0.51389,0.61250,0.57500,0.61406,0.48750,0.58594,0.49167,0.56641,0.51944,0.63203,0.59583,0.63906,0.50972,0.61172,0.51250,0.59375,0.53194,0.65000,0.63056,0.65391,0.56389,0.63203,0.55833,0.61406,0.57222,0.61712,0.76553,0.9997,0.71054,1.00000,0.9037,0.63168,0.76034,0.9968,0.63992,0.75463,0.61016,0.75556,114.00,0.9969,live,0.1021,0.0937,67.43,719.35
156506.678657,100.0,0.2591,4,3,0,0.61328,0.75139,0.58594,0.70556,0.56953,0.64306,0.56172,0.60000,0.56328,0.55694,0.59844,0.55833,0.59375,0.49306,0.57031,0.49306,0.55156,0.50694,0.61719,0.56528,0.61797,0.48194,0.59062,0.48750,0.57344,0.51111,0.63672,0.58750,0.64531,0.50278,0.61797,0.50833,0.60000,0.53056,0.65469,0.62222,0.65703,0.55694,0.63516,0.55278,0.61875,0.56667,0.61687,0.75998,0.9997,0.71123,1.00000,0.9039,0.63293,0.74933,0.9967,0.63459,0.75399,0.61328,0.75139,116.72,0.9973,live,0.1021,0.0896,64.22,717.06
156506.745217,100.0,0.3701,4,3,0,0.62109,0.74861,0.59375,0.70278,0.57812,0.64028,0.57344,0.59583,0.57422,0.55139,0.60703,0.55694,0.60156,0.49167,0.57812,0.49167,0.55937,0.50556,0.62578,0.56389,0.62656,0.47778,0.59922,0.48333,0.58047,0.50833,0.64453,0.58333,0.65312,0.50000,0.62734,0.50278,0.60938,0.52639,0.66328,0.61667,0.66719,0.55278,0.64766,0.54722,0.63047,0.55972,0.61784,0.76030,0.9997,0.71955,1.00000,0.9088,0.63540,0.74943,0.9968,0.63189,0.75291,0.62109,0.74861,116.36,0.9968,live,0.1021,0.0819,58.52,714.79
156506.812108,100.0,0.4815,4,3,0,0.63281,0.75417,0.60703,0.70556,0.59219,0.64167,0.58672,0.59722,0.59297,0.55417,0.62266,0.56111,0.62109,0.49583,0.59844,0.49167,0.58125,0.50417,0.64141,0.56806,0.64453,0.48333,0.61953,0.48472,0.60313,0.50556,0.66016,0.58889,0.67031,0.50694,0.64687,0.50556,0.62891,0.52500,0.67891,0.62222,0.68594,0.55694,0.66719,0.54861,0.65078,0.56250,0.61957,0.75816,0.9997,0.72142,1.00000,0.9147,0.64813,0.74019,0.9970,0.63208,0.75316,0.63281,0.75417,117.57,0.9956,live,0.1021,0.0779,55.57,713.67
156506.878599,100.0,0.5924,4,3,0,0.65312,0.76389,0.62656,0.71250,0.61094,0.65139,0.60781,0.60556,0.61641,0.56389,0.64297,0.57361,0.64687,0.50972,0.62578,0.50278,0.60781,0.51250,0.66250,0.58056,0.67109,0.50000,0.64766,0.49583,0.63047,0.51528,0.68203,0.60000,0.69688,0.52083,0.67422,0.51667,0.65859,0.53611,0.70078,0.63194,0.71250,0.56806,0.69531,0.55972,0.67891,0.57361,0.61958,0.76947,0.9997,0.72581,1.00000,0.9124,0.66592,0.74285,0.9971,0.63629,0.75531,0.65312,0.76389,117.04,0.9888,live,0.0964,0.0705,50.20,712.29
156506.945362,100.0,0.7036,4,3,0,0.67266,0.77361,0.64766,0.72222,0.63359,0.65972,0.63281,0.61389,0.64375,0.57500,0.66719,0.57917,0.67266,0.51806,0.65547,0.51250,0.63828,0.52500,0.68906,0.58750,0.69922,0.51111,0.67891,0.50556,0.66094,0.52500,0.70937,0.60972,0.72578,0.53333,0.70859,0.52778,0.69141,0.54722,0.72969,0.64722,0.74375,0.58611,0.72891,0.57778,0.71172,0.59167,0.62445,0.77097,0.9998,0.73169,1.00000,0.9120,0.69093,0.76060,0.9970,0.64356,0.75897,0.67266,0.77361,121.57,0.9931,live,0.0897,0.0589,42.08,714.35
156507.012064,100.0,0.8148,4,3,0,0.69063,0.77917,0.66641,0.72778,0.65547,0.66528,0.65703,0.61806,0.67266,0.58056,0.69063,0.58194,0.70078,0.52083,0.68437,0.51250,0.66797,0.52778,0.71328,0.59028,0.72891,0.51389,0.71094,0.50694,0.69375,0.53194,0.73281,0.61528,0.75313,0.53889,0.73828,0.53194,0.72344,0.55417,0.75234,0.65694,0.76875,0.59861,0.75703,0.58472,0.74219,0.59722,0.62473,0.77511,0.9998,0.75117,1.00000,0.9151,0.70642,0.76936,0.9971,0.65297,0.76301,0.69063,0.77917,123.75,0.9944,live,0.0815,0.0442,31.70,717.73
156507.078966,100.0,0.9263,4,3,0,0.70625,0.77917,0.68125,0.72778,0.67266,0.66111,0.67891,0.61389,0.69531,0.57917,0.71328,0.58056,0.72344,0.52500,0.71016,0.51111,0.69453,0.52500,0.73594,0.58750,0.75234,0.51528,0.73750,0.50556,0.71953,0.52917,0.75625,0.61250,0.77812,0.54028,0.76484,0.53056,0.75000,0.55278,0.77500,0.65417,0.79453,0.59583,0.78359,0.58194,0.76641,0.60000,0.62491,0.77992,0.9998,0.74912,1.00000,0.9096,0.72034,0.77586,0.9968,0.66363,0.76624,0.70625,0.77917,126.86,0.9956,live,0.0815,0.0577,41.74,722.94
156507.145805,100.0,0.0377,4,4,0,0.71953,0.77500,0.69531,0.72083,0.68906,0.65139,0.70000,0.60278,0.71875,0.56667,0.73125,0.57083,0.74062,0.51944,0.73125,0.50417,0.71953,0.51528,0.75391,0.57917,0.77031,0.51111,0.75703,0.49861,0.74062,0.52083,0.77344,0.60278,0.79609,0.53611,0.78359,0.52500,0.76875,0.54583,0.79141,0.64167,0.81172,0.58750,0.80234,0.57361,0.78672,0.58889,0.62495,0.78012,0.9998,0.75549,1.00000,0.9066,0.73277,0.77639,0.9965,0.67481,0.76799,0.71953,0.77500,130.20,0.9963,live,0.0815,0.0767,56.00,729.93
156507.212444,100.0,0.1488,4,4,0,0.72891,0.76944,0.70625,0.71111,0.70156,0.64028,0.71328,0.59167,0.73281,0.55694,0.74297,0.56389,0.75391,0.51111,0.74453,0.49583,0.73359,0.50972,0.76562,0.57361,0.78359,0.50417,0.77187,0.49028,0.75625,0.51111,0.78594,0.59722,0.81094,0.53056,0.80000,0.51806,0.78516,0.54028,0.80312,0.63750,0.82578,0.58472,0.81875,0.56806,0.80391,0.57917,0.62480,0.78008,0.9998,0.75539,1.00000,0.9038,0.74531,0.77507,0.9963,0.68563,0.76828,0.72891,0.76944,131.39,0.9953,live,0.0815,0.0945,69.67,736.94
156507.278610,100.0,0.2590,4,4,0,0.73203,0.76667,0.71016,0.70833,0.70625,0.63611,0.71797,0.58611,0.73828,0.54722,0.74687,0.56111,0.75703,0.51111,0.74844,0.49306,0.73672,0.50278,0.77031,0.56944,0.78594,0.50139,0.77656,0.48472,0.76172,0.50833,0.79063,0.59444,0.81484,0.52917,0.80703,0.50972,0.79453,0.52778,0.80781,0.63333,0.82969,0.58194,0.82422,0.56111,0.81016,0.56944,0.62557,0.78003,0.9998,0.75825,1.00000,0.8983,0.75012,0.77697,0.9957,0.69491,0.76796,0.73203,0.76667,132.41,0.9955,live,0.0865,0.1095,81.42,743.84
156507.345643,100.0,0.3708,4,4,0,0.72969,0.75833,0.70625,0.70000,0.70156,0.62917,0.71484,0.58056,0.73359,0.54306,0.74375,0.55556,0.75469,0.50417,0.74609,0.48750,0.73359,0.49583,0.76719,0.56250,0.78359,0.49444,0.77266,0.47917,0.75625,0.49861,0.78672,0.58611,0.81016,0.52083,0.80156,0.50278,0.78828,0.51944,0.80391,0.62639,0.82578,0.57222,0.81953,0.55417,0.80469,0.56528,0.62566,0.77999,0.9998,0.75915,1.00000,0.8946,0.75208,0.77514,0.9955,0.70186,0.76603,0.72969,0.75833,130.69,0.9954,live,0.0926,0.1202,89.99,748.68
156507.412407,100.0,0.4820,4,4,0,0.72266,0.74583,0.69844,0.69167,0.69375,0.61806,0.70547,0.56667,0.72578,0.53194,0.73359,0.54444,0.74375,0.49028,0.73516,0.47500,0.72344,0.48472,0.75703,0.55139,0.77187,0.48194,0.76094,0.46667,0.74531,0.48750,0.77734,0.57361,0.79922,0.50556,0.78984,0.48889,0.77656,0.50833,0.79531,0.61250,0.81484,0.55694,0.80625,0.53889,0.79063,0.55139,0.62589,0.77792,0.9998,0.75882,1.00000,0.8934,0.74875,0.76130,0.9956,0.70602,0.76199,0.72266,0.74583,129.76,0.9951,live,0.0974,0.1193,89.75,752.26
156507.478705,100.0,0.5925,4,4,0,0.71094,0.72361,0.68672,0.67083,0.67969,0.60000,0.68672,0.54861,0.70156,0.51111,0.71875,0.52361,0.72656,0.46806,0.71641,0.45139,0.70469,0.46111,0.74141,0.52917,0.75703,0.45972,0.74453,0.44306,0.72813,0.46250,0.76172,0.55139,0.78281,0.48194,0.77187,0.46667,0.75781,0.48611,0.77969,0.58889,0.79688,0.53472,0.78828,0.51528,0.77344,0.52778,0.62513,0.77449,0.9998,0.75708,1.00000,0.8939,0.74143,0.73856,0.9957,0.70701,0.75432,0.71094,0.72361,127.93,0.9946,live,0.0974,0.1085,81.83,754.10
156507.546237,100.0,0.7051,4,4,0,0.69766,0.69583,0.67188,0.64306,0.66250,0.57222,0.66875,0.52083,0.68359,0.47917,0.69922,0.49583,0.70312,0.44028,0.69219,0.42222,0.68125,0.43056,0.72031,0.49861,0.73203,0.42917,0.71953,0.41528,0.70547,0.43194,0.74141,0.51806,0.75859,0.44861,0.74531,0.43472,0.73047,0.45278,0.76016,0.55278,0.77422,0.49583,0.76250,0.47778,0.74609,0.48889,0.62464,0.77547,0.9998,0.75724,1.00000,0.8947,0.72855,0.72185,0.9957,0.70514,0.74262,0.69766,0.69583,126.87,0.9930,live,0.0974,0.0948,71.59,754.95
156507.612610,100.0,0.8157,4,4,0,0.68516,0.66111,0.65859,0.60556,0.64844,0.53472,0.65078,0.47917,0.66484,0.43750,0.68281,0.46528,0.68359,0.41250,0.67266,0.38750,0.65938,0.38611,0.70391,0.46528,0.71250,0.39722,0.70000,0.37500,0.68359,0.38056,0.72344,0.48194,0.73906,0.41111,0.72656,0.39167,0.71016,0.40417,0.74141,0.51250,0.75469,0.45417,0.74453,0.43333,0.72891,0.44028,0.62606,0.77299,0.9998,0.74604,1.00000,0.8972,0.70934,0.68409,0.9959,0.70114,0.72632,0.68516,0.66111,123.84,0.9900,live,0.0974,0.0839,63.21,753.53
156507.679067,100.0,0.9265,4,4,0,0.67500,0.62083,0.64844,0.56667,0.63750,0.49583,0.63828,0.44028,0.65078,0.39861,0.67031,0.42500,0.66875,0.37361,0.65625,0.35139,0.64219,0.34861,0.68984,0.42361,0.69531,0.35833,0.68203,0.33333,0.66563,0.33472,0.71016,0.43889,0.72188,0.36944,0.71016,0.34583,0.69453,0.35278,0.72813,0.46944,0.73984,0.41111,0.73047,0.38611,0.71484,0.38889,0.62603,0.77294,0.9998,0.74435,1.00000,0.9030,0.69411,0.63417,0.9962,0.69591,0.70522,0.67500,0.62083,123.37,0.9919,live,0.0974,0.0815,61.32,751.93
156507.747980,100.0,0.0413,4,1,1,0.67422,0.59306,0.64453,0.54028,0.63203,0.46667,0.63359,0.40694,0.64687,0.35972,0.66406,0.39444,0.66250,0.34167,0.65156,0.31944,0.63750,0.31528,0.68516,0.39167,0.68750,0.32917,0.67578,0.30278,0.65938,0.30000,0.70469,0.40556,0.71484,0.33889,0.70391,0.31250,0.68750,0.31389,0.72266,0.43472,0.73125,0.37778,0.72188,0.35278,0.70625,0.35000,0.62554,0.77095,0.9998,0.74330,1.00000,0.9024,0.68880,0.60177,0.9962,0.69157,0.68279,0.67422,0.59306,124.86,0.9892,live,0.0974,0.0896,67.36,751.60
156507.812534,100.0,0.1489,4,1,1,0.67266,0.58056,0.64375,0.52639,0.63203,0.45417,0.63281,0.39444,0.64453,0.34861,0.66484,0.38472,0.66172,0.33333,0.65000,0.30972,0.63516,0.30000,0.68437,0.38194,0.68672,0.31667,0.67422,0.28750,0.65625,0.28194,0.70312,0.39444,0.71328,0.32500,0.70234,0.29583,0.68359,0.29167,0.71953,0.41944,0.72891,0.36389,0.72109,0.33472,0.70469,0.32639,0.62463,0.76749,0.9998,0.74141,1.00000,0.9053,0.68781,0.57272,0.9964,0.68779,0.66234,0.67266,0.58056,122.52,0.9920,live,0.0974,0.1066,79.92,749.62
156507.879235,100.0,0.2601,4,1,1,0.67500,0.57778,0.64609,0.52361,0.63438,0.45278,0.63438,0.39167,0.64531,0.34028,0.66484,0.38333,0.66172,0.33194,0.65000,0.30694,0.63594,0.29583,0.68516,0.37778,0.68594,0.31528,0.67500,0.28611,0.65703,0.27917,0.70391,0.39028,0.71250,0.32361,0.70234,0.29444,0.68437,0.28889,0.72109,0.41528,0.72813,0.36111,0.72031,0.33333,0.70469,0.32500,0.62462,0.76537,0.9998,0.74063,1.00000,0.9053,0.68679,0.57251,0.9965,0.68523,0.64543,0.67500,0.57778,122.95,0.9928,live,0.0974,0.1219,91.20,748.19
156507.946010,100.0,0.3714,4,1,1,0.67734,0.58611,0.64766,0.53333,0.63672,0.46111,0.63828,0.40278,0.64844,0.35278,0.66641,0.39306,0.66406,0.34028,0.65234,0.31806,0.63750,0.31111,0.68672,0.38889,0.68984,0.32639,0.67812,0.30000,0.66016,0.29583,0.70625,0.40139,0.71562,0.33472,0.70469,0.30556,0.68672,0.30139,0.72422,0.42639,0.73203,0.37222,0.72344,0.34583,0.70703,0.33750,0.62437,0.76578,0.9998,0.74094,1.00000,0.9037,0.68747,0.57858,0.9966,0.68365,0.63357,0.67734,0.58611,122.43,0.9925,live,0.1033,0.1302,97.18,746.56
156508.012732,100.0,0.4826,4,1,1,0.67891,0.60972,0.65078,0.55556,0.63984,0.48472,0.64062,0.42778,0.65078,0.38056,0.67188,0.41667,0.66953,0.36667,0.65781,0.34167,0.64375,0.33194,0.69141,0.41250,0.69453,0.35000,0.68359,0.32361,0.66719,0.31944,0.71094,0.42500,0.72188,0.35833,0.71094,0.33056,0.69297,0.32639,0.72891,0.45139,0.73906,0.39722,0.72969,0.37222,0.71250,0.36806,0.62495,0.76248,0.9998,0.74093,1.00000,0.9001,0.68975,0.59212,0.9966,0.68270,0.62880,0.67891,0.60972,122.52,0.9943,live,0.1033,0.1283,95.58,745.19
156508.079133,100.0,0.5932,4,1,1,0.68125,0.64167,0.65469,0.58750,0.64375,0.51806,0.64453,0.46111,0.65547,0.41528,0.67344,0.44583,0.67266,0.39306,0.66250,0.36944,0.65000,0.36806,0.69375,0.44444,0.69922,0.37778,0.68828,0.35139,0.67266,0.35694,0.71406,0.46111,0.72656,0.39028,0.71641,0.36667,0.70000,0.37778,0.73281,0.49306,0.74375,0.43472,0.73516,0.40972,0.71953,0.41111,0.62480,0.76187,0.9998,0.73577,1.00000,0.9023,0.69492,0.62223,0.9967,0.68241,0.63137,0.68125,0.64167,123.31,0.9962,live,0.1033,0.1168,86.96,744.55
156508.146087,100.0,0.7048,4,1,1,0.68672,0.67917,0.65938,0.62778,0.64844,0.55833,0.64844,0.50417,0.66406,0.46111,0.68047,0.48333,0.68437,0.42361,0.67031,0.40417,0.65625,0.40833,0.70078,0.48472,0.71094,0.41250,0.69766,0.39444,0.68203,0.40694,0.72109,0.50417,0.73594,0.42917,0.72188,0.41250,0.70703,0.42917,0.73906,0.53750,0.75156,0.47639,0.73906,0.45556,0.72422,0.46528,0.62493,0.76499,0.9998,0.76008,1.00000,0.9020,0.70542,0.68259,0.9967,0.68327,0.64093,0.68672,0.67917,122.24,0.9950,live,0.1033,0.1170,86.96,743.21
156508.213335,100.0,0.8169,4,1,1,0.68984,0.71250,0.66328,0.65972,0.65312,0.59306,0.65469,0.54028,0.67031,0.49861,0.68672,0.51389,0.69141,0.45833,0.67734,0.44028,0.66328,0.44583,0.70859,0.51806,0.72109,0.44444,0.70625,0.43333,0.68906,0.45000,0.72813,0.53889,0.74609,0.46667,0.73047,0.45417,0.71406,0.47222,0.74609,0.57500,0.75938,0.51389,0.74687,0.49722,0.73125,0.50972,0.62723,0.76743,0.9998,0.76309,1.00000,0.9020,0.71091,0.72363,0.9967,0.68459,0.65524,0.68984,0.71250,123.83,0.9959,live,0.0987,0.0776,57.67,743.18
156508.279544,100.0,0.9273,4,1,1,0.69531,0.73611,0.66797,0.68194,0.65703,0.61528,0.65938,0.56389,0.67422,0.51944,0.69219,0.53472,0.69922,0.47500,0.68516,0.45833,0.67031,0.46667,0.71406,0.54028,0.72578,0.46389,0.71094,0.45417,0.69531,0.47361,0.73359,0.56111,0.75234,0.48750,0.73750,0.47778,0.72188,0.50000,0.75313,0.60000,0.76719,0.53750,0.75547,0.52361,0.73984,0.53889,0.62793,0.76885,0.9998,0.76570,1.00000,0.9022,0.71383,0.73746,0.9967,0.68673,0.67142,0.69531,0.73611,125.49,0.9948,live,0.0907,0.0545,40.60,744.35
156508.348270,100.0,0.0418,4,2,0,0.69766,0.74722,0.67031,0.69583,0.66094,0.62500,0.66328,0.57500,0.67891,0.53056,0.69609,0.54722,0.70391,0.48472,0.68906,0.47083,0.67500,0.48333,0.71875,0.55417,0.73125,0.47361,0.71484,0.46667,0.69922,0.48889,0.73984,0.57639,0.75938,0.49861,0.74375,0.49028,0.72813,0.51528,0.75859,0.61389,0.77344,0.55278,0.76172,0.53889,0.74687,0.55417,0.62776,0.77046,0.9998,0.76518,1.00000,0.9022,0.71423,0.75390,0.9967,0.68892,0.68658,0.69766,0.74722,125.65,0.9956,live,0.0846,0.0569,42.43,745.50
156508.413280,100.0,0.1502,4,2,0,0.70000,0.75278,0.67266,0.69861,0.66172,0.62917,0.66484,0.57917,0.68047,0.53611,0.69922,0.55139,0.70937,0.48750,0.69453,0.47361,0.67969,0.48611,0.72188,0.55833,0.73672,0.47639,0.72031,0.46944,0.70391,0.49306,0.74141,0.58056,0.76328,0.50417,0.74844,0.49444,0.73281,0.52083,0.76016,0.61806,0.77578,0.55556,0.76484,0.54306,0.74922,0.55972,0.62705,0.77055,0.9998,0.76439,1.00000,0.9004,0.71843,0.74837,0.9965,0.69113,0.69982,0.70000,0.75278,125.80,0.9941,live,0.0846,0.0701,52.34,746.62
156508.479369,100.0,0.2603,4,2,0,0.70000,0.75417,0.67266,0.70139,0.66250,0.63194,0.66484,0.58056,0.68203,0.54028,0.70078,0.55278,0.71094,0.48750,0.69531,0.47500,0.67969,0.48889,0.72266,0.55972,0.73906,0.47778,0.72188,0.47083,0.70469,0.49722,0.74297,0.58194,0.76484,0.50694,0.74922,0.49722,0.73359,0.52500,0.76172,0.61944,0.77656,0.55833,0.76484,0.54722,0.75078,0.56667,0.62593,0.77146,0.9998,0.74114,1.00000,0.9007,0.71988,0.74934,0.9964,0.69291,0.71069,0.70000,0.75417,126.17,0.9946,live,0.0846,0.0809,60.47,747.86
156508.546532,100.0,0.3722,4,2,0,0.69922,0.75556,0.67188,0.70278,0.66172,0.63194,0.66484,0.58056,0.68125,0.53889,0.70000,0.55278,0.71016,0.48889,0.69453,0.47639,0.67891,0.49306,0.72188,0.56111,0.73750,0.47917,0.71953,0.47361,0.70234,0.49861,0.74219,0.58333,0.76328,0.50833,0.74766,0.50000,0.73203,0.52639,0.76094,0.62083,0.77656,0.55833,0.76484,0.54722,0.75000,0.56528,0.62668,0.77151,0.9998,0.74665,1.00000,0.8980,0.71972,0.75220,0.9963,0.69417,0.71966,0.69922,0.75556,126.55,0.9944,live,0.0846,0.0896,67.13,749.23
156508.612951,100.0,0.4829,4,2,0,0.69453,0.75417,0.66875,0.70278,0.65703,0.63333,0.65781,0.58194,0.67578,0.53889,0.69297,0.55417,0.70078,0.49028,0.68516,0.47778,0.66953,0.49444,0.71562,0.55972,0.72813,0.48056,0.71016,0.47222,0.69219,0.49722,0.73594,0.58194,0.75547,0.50556,0.73984,0.49583,0.72344,0.51944,0.75547,0.62083,0.77109,0.55833,0.75781,0.54583,0.74062,0.56250,0.62752,0.77212,0.9998,0.75469,1.00000,0.9039,0.71961,0.75431,0.9965,0.69424,0.72656,0.69453,0.75417,125.90,0.9929,live,0.0846,0.0936,70.19,749.97
156508.679790,100.0,0.5943,4,2,0,0.68203,0.75139,0.65703,0.69861,0.64375,0.63194,0.64531,0.58194,0.66016,0.54167,0.67891,0.55139,0.68594,0.48889,0.66875,0.48056,0.65234,0.49306,0.70078,0.55833,0.71250,0.48056,0.69297,0.47639,0.67578,0.49722,0.72109,0.58056,0.73906,0.50556,0.72031,0.49861,0.70312,0.51944,0.74062,0.61806,0.75313,0.55694,0.73828,0.54722,0.72266,0.56111,0.62825,0.77271,0.9998,0.76983,1.00000,0.9037,0.71821,0.76231,0.9964,0.69180,0.73153,0.68203,0.75139,124.84,0.9932,live,0.0846,0.0890,66.72,749.86
156508.746341,100.0,0.7053,4,2,0,0.66328,0.74722,0.63828,0.69722,0.62578,0.63194,0.62500,0.58333,0.63594,0.54583,0.65859,0.55417,0.66328,0.49028,0.64219,0.48472,0.62578,0.49722,0.67891,0.56111,0.68750,0.48056,0.66406,0.47778,0.64766,0.49861,0.69844,0.58194,0.71406,0.50278,0.69219,0.50000,0.67656,0.51944,0.71797,0.61667,0.73125,0.55278,0.71406,0.54444,0.69766,0.55833,0.62794,0.77388,0.9998,0.76880,1.00000,0.9061,0.69626,0.76107,0.9965,0.68610,0.73467,0.66328,0.74722,120.03,0.9915,live,0.0846,0.0784,58.50,746.30
156508.812942,100.0,0.8163,4,2,0,0.64766,0.74028,0.62187,0.69306,0.60859,0.62917,0.60547,0.58194,0.61250,0.53750,0.63828,0.55000,0.63906,0.48472,0.61953,0.48056,0.60313,0.49444,0.65781,0.55556,0.66250,0.47500,0.64062,0.47361,0.62422,0.49444,0.67734,0.57361,0.68906,0.49583,0.66875,0.49167,0.65234,0.51111,0.69766,0.60556,0.70703,0.54306,0.69063,0.53611,0.67422,0.55000,0.62717,0.77300,0.9998,0.74333,1.00000,0.9065,0.67802,0.72823,0.9966,0.67841,0.73579,0.64766,0.74028,118.31,0.9940,live,0.0846,0.0828,61.43,741.93
156508.879467,100.0,0.9271,4,2,0,0.63594,0.73194,0.60938,0.68611,0.59453,0.62222,0.58984,0.57639,0.59531,0.53194,0.62266,0.54306,0.62344,0.47639,0.60234,0.47361,0.58437,0.48611,0.64219,0.55000,0.64766,0.46528,0.62422,0.46528,0.60703,0.48750,0.66172,0.56944,0.67344,0.48750,0.65078,0.48333,0.63359,0.50278,0.68203,0.60139,0.69063,0.53611,0.67266,0.52778,0.65547,0.54028,0.62536,0.76061,0.9998,0.72864,1.00000,0.9030,0.66822,0.70900,0.9965,0.66991,0.73502,0.63594,0.73194,116.53,0.9942,live,0.0846,0.0758,55.84,736.80
156508.949917,100.0,0.0446,4,3,0,0.62813,0.72083,0.60234,0.67778,0.58750,0.61389,0.58359,0.56806,0.58516,0.52222,0.61328,0.53333,0.61094,0.46667,0.58906,0.46389,0.57031,0.47639,0.63359,0.53889,0.63672,0.45417,0.61250,0.45417,0.59453,0.47639,0.65312,0.55833,0.66250,0.47500,0.63906,0.46944,0.62109,0.48472,0.67266,0.59167,0.68125,0.52500,0.66250,0.51528,0.64453,0.52917,0.62135,0.75941,0.9998,0.72822,1.00000,0.9023,0.65489,0.70792,0.9965,0.66156,0.73218,0.62813,0.72083,115.86,0.9956,live,0.0846,0.0672,49.21,731.80
156509.013421,100.0,0.1504,4,3,0,0.62656,0.71528,0.60000,0.67222,0.58516,0.60833,0.57969,0.56250,0.58203,0.51667,0.61016,0.52500,0.60703,0.45833,0.58516,0.45417,0.56641,0.46944,0.63047,0.53056,0.63281,0.44583,0.60781,0.44167,0.58828,0.46528,0.65000,0.55000,0.66016,0.46528,0.63672,0.45694,0.61719,0.47361,0.66953,0.58472,0.67656,0.51667,0.65781,0.50556,0.63984,0.51667,0.62288,0.75603,0.9998,0.72757,1.00000,0.9005,0.64984,0.69754,0.9964,0.65456,0.72880,0.62656,0.71528,116.98,0.9960,live,0.0846,0.0740,53.92,728.21
156509.079468,100.0,0.2605,4,3,0,0.62891,0.71528,0.60156,0.66944,0.58594,0.60278,0.57969,0.55417,0.58359,0.50972,0.61250,0.52361,0.60859,0.45694,0.58750,0.45278,0.57031,0.46667,0.63203,0.52639,0.63438,0.44306,0.61016,0.44167,0.59219,0.46528,0.65156,0.54444,0.66172,0.46111,0.63828,0.45556,0.62109,0.47361,0.67109,0.57778,0.67734,0.51111,0.65859,0.49861,0.64141,0.50972,0.62177,0.75769,0.9997,0.72838,1.00000,0.9014,0.65108,0.69931,0.9963,0.64943,0.72610,0.62891,0.71528,118.24,0.9946,live,0.0846,0.0806,58.53,725.96
156509.146538,100.0,0.3723,4,3,0,0.63594,0.71806,0.60781,0.66944,0.59219,0.60417,0.58750,0.55556,0.59141,0.50972,0.62031,0.52500,0.61719,0.46111,0.59609,0.45278,0.57734,0.46250,0.63984,0.52917,0.64141,0.44722,0.61875,0.44306,0.60078,0.46250,0.65938,0.54722,0.67031,0.46389,0.64766,0.45694,0.62969,0.47500,0.67812,0.57917,0.68437,0.51250,0.66719,0.50278,0.65078,0.51250,0.62178,0.75784,0.9998,0.72901,1.00000,0.9061,0.65183,0.68137,0.9965,0.64673,0.72449,0.63594,0.71806,118.46,0.9960,live,0.0846,0.0847,61.36,724.13
156509.213331,100.0,0.4836,4,3,0,0.64687,0.72222,0.61953,0.67500,0.60469,0.60972,0.60078,0.56111,0.60781,0.51944,0.63281,0.52917,0.63438,0.46528,0.61406,0.45556,0.59609,0.46528,0.65156,0.53333,0.65703,0.45278,0.63516,0.44583,0.61797,0.46528,0.67109,0.55139,0.68359,0.47083,0.66250,0.46250,0.64453,0.47917,0.68984,0.58333,0.69844,0.51806,0.68281,0.50556,0.66641,0.51667,0.62179,0.76110,0.9998,0.72989,1.00000,0.9100,0.66507,0.68220,0.9966,0.64676,0.72404,0.64687,0.72222,118.30,0.9954,live,0.0846,0.0807,58.31,722.41
156509.279904,100.0,0.5945,4,3,0,0.66484,0.72917,0.63984,0.67917,0.62578,0.61389,0.62187,0.56667,0.63047,0.52639,0.65547,0.53472,0.65859,0.47083,0.63906,0.46250,0.62187,0.47222,0.67500,0.54028,0.68437,0.45833,0.66172,0.45417,0.64453,0.47361,0.69375,0.55972,0.70859,0.47917,0.68672,0.47222,0.67031,0.49028,0.71328,0.59167,0.72422,0.52500,0.70703,0.51528,0.69063,0.52917,0.62188,0.76925,0.9998,0.76239,1.00000,0.9099,0.67956,0.71856,0.9967,0.65038,0.72506,0.66484,0.72917,119.64,0.9907,live,0.0846,0.0708,51.10,721.86
156509.346512,100.0,0.7055,4,3,0,0.68750,0.73194,0.66250,0.68056,0.64922,0.61389,0.65078,0.56389,0.66484,0.52639,0.68359,0.53611,0.69141,0.47361,0.67578,0.46389,0.65938,0.47639,0.70391,0.54167,0.71641,0.46389,0.69688,0.45556,0.67812,0.47778,0.72422,0.56111,0.74141,0.48611,0.72344,0.47500,0.70625,0.49306,0.74297,0.59583,0.75625,0.53611,0.74297,0.52500,0.72656,0.53750,0.62592,0.76940,0.9998,0.76694,1.00000,0.9056,0.70581,0.73153,0.9966,0.65780,0.72644,0.68750,0.73194,122.01,0.9922,live,0.0797,0.0573,41.42,723.08
156509.413288,100.0,0.8168,4,3,0,0.70703,0.73750,0.68359,0.68472,0.67422,0.61389,0.67969,0.56250,0.69609,0.52639,0.71328,0.53611,0.72344,0.47778,0.71016,0.46389,0.69453,0.47500,0.73516,0.54167,0.74922,0.46944,0.73203,0.45694,0.71250,0.47639,0.75547,0.56111,0.77578,0.49167,0.76094,0.47778,0.74453,0.49583,0.77422,0.59722,0.78984,0.54167,0.77812,0.52917,0.76172,0.54306,0.62616,0.77095,0.9998,0.76515,1.00000,0.9033,0.72321,0.73420,0.9965,0.66765,0.72865,0.70703,0.73750,128.24,0.9942,live,0.0730,0.0422,30.71,728.64
156509.479907,100.0,0.9279,4,3,0,0.72578,0.73611,0.70156,0.68194,0.69609,0.60694,0.70703,0.55417,0.72422,0.51806,0.73750,0.53472,0.74922,0.47639,0.73672,0.46250,0.72188,0.47222,0.75859,0.54167,0.77578,0.46944,0.75859,0.45694,0.74062,0.47500,0.77734,0.56250,0.80078,0.49306,0.78594,0.47917,0.77109,0.49722,0.79531,0.59861,0.81484,0.54028,0.80469,0.52500,0.78828,0.53889,0.62641,0.77069,0.9998,0.76435,1.00000,0.9004,0.74060,0.73339,0.9964,0.67927,0.73014,0.72578,0.73611,128.05,0.9937,live,0.0730,0.0574,42.07,733.40
156509.546445,100.0,0.0388,4,4,0,0.73594,0.73472,0.71328,0.67500,0.71094,0.60139,0.72500,0.55000,0.74375,0.51111,0.75000,0.53056,0.75938,0.47639,0.75156,0.45972,0.74062,0.46806,0.77266,0.53750,0.78984,0.46944,0.77891,0.45278,0.76328,0.47083,0.79297,0.55972,0.81641,0.49444,0.80625,0.47778,0.79219,0.49444,0.81016,0.59722,0.83125,0.54444,0.82422,0.52361,0.80937,0.53056,0.62840,0.77140,0.9998,0.76560,1.00000,0.8986,0.74998,0.73527,0.9964,0.69061,0.73106,0.73594,0.73472,131.40,0.9936,live,0.0730,0.0763,56.47,740.00
156509.613689,100.0,0.1508,4,4,0,0.74297,0.73194,0.72031,0.67222,0.71875,0.59722,0.73438,0.54444,0.75469,0.50972,0.75703,0.52500,0.76797,0.47222,0.76016,0.45556,0.74922,0.46667,0.78047,0.53194,0.79844,0.46528,0.79063,0.44722,0.77656,0.46667,0.80078,0.55417,0.82500,0.49028,0.81797,0.47222,0.80391,0.49028,0.81875,0.59167,0.83906,0.54167,0.83516,0.51944,0.82188,0.52500,0.62795,0.77678,0.9998,0.76537,1.00000,0.8959,0.75570,0.73936,0.9962,0.70108,0.73124,0.74297,0.73194,133.59,0.9932,live,0.0730,0.0933,69.76,747.38
156509.680255,100.0,0.2618,4,4,0,0.74531,0.72917,0.72188,0.66944,0.71953,0.59583,0.73359,0.54306,0.75313,0.50556,0.75859,0.52917,0.76641,0.47778,0.76016,0.45694,0.74922,0.46250,0.78203,0.53472,0.79688,0.46806,0.79141,0.44583,0.77656,0.46250,0.80234,0.55556,0.82422,0.49306,0.81953,0.46944,0.80703,0.48194,0.81953,0.59167,0.83828,0.53750,0.83437,0.51389,0.82031,0.52083,0.62780,0.77726,0.9998,0.75132,1.00000,0.8955,0.76170,0.72864,0.9963,0.70993,0.73082,0.74531,0.72917,129.98,0.9922,live,0.0792,0.1079,81.06,751.29
156509.746919,100.0,0.3729,4,4,0,0.73906,0.72083,0.71641,0.66250,0.71328,0.58889,0.72734,0.53611,0.74687,0.49861,0.75313,0.52083,0.76094,0.47083,0.75469,0.45139,0.74453,0.45556,0.77656,0.52639,0.79141,0.46250,0.78203,0.44028,0.76719,0.45278,0.79688,0.54861,0.81875,0.48472,0.81016,0.46250,0.79609,0.47500,0.81406,0.58472,0.83437,0.53333,0.82734,0.51111,0.81250,0.51667,0.62875,0.77741,0.9998,0.75862,1.00000,0.8944,0.75804,0.72813,0.9962,0.71575,0.72882,0.73906,0.72083,130.22,0.9920,live,0.0861,0.1172,88.47,754.89
156509.814029,100.0,0.4847,4,4,0,0.73047,0.70694,0.70703,0.65278,0.70078,0.58056,0.71094,0.52639,0.72969,0.49306,0.73906,0.50833,0.74609,0.45417,0.73672,0.43611,0.72656,0.44306,0.76172,0.51389,0.77656,0.44444,0.76484,0.42639,0.75000,0.44306,0.78125,0.53472,0.80156,0.46667,0.79297,0.44861,0.77969,0.46528,0.80000,0.57083,0.81719,0.51667,0.80937,0.49722,0.79453,0.50694,0.62899,0.77572,0.9998,0.75863,1.00000,0.8918,0.75701,0.72411,0.9962,0.71870,0.72445,0.73047,0.70694,127.62,0.9946,live,0.0914,0.1158,87.59,756.19
156509.879806,100.0,0.5944,4,4,0,0.71562,0.68611,0.69219,0.63194,0.68437,0.56111,0.69141,0.50833,0.70703,0.47083,0.72109,0.49028,0.72578,0.43750,0.71562,0.41806,0.70391,0.42083,0.74297,0.49306,0.75469,0.42500,0.74297,0.40694,0.72813,0.41944,0.76328,0.51111,0.78047,0.44306,0.76953,0.42500,0.75469,0.43889,0.78125,0.54444,0.79609,0.48889,0.78594,0.46944,0.77031,0.47917,0.62952,0.77526,0.9998,0.76491,1.00000,0.8909,0.74792,0.71277,0.9962,0.71808,0.71678,0.71562,0.68611,125.74,0.9908,live,0.0959,0.1165,88.07,755.98
156509.946939,100.0,0.7063,4,4,0,0.70469,0.65833,0.67812,0.60278,0.66875,0.53333,0.67266,0.47778,0.68672,0.43333,0.70312,0.46389,0.70469,0.40972,0.69531,0.38611,0.68281,0.38472,0.72422,0.46250,0.73281,0.39722,0.72266,0.37222,0.70625,0.37778,0.74453,0.47917,0.75938,0.41111,0.74844,0.38889,0.73203,0.40000,0.76250,0.50972,0.77500,0.45278,0.76484,0.43056,0.74922,0.43611,0.63071,0.77467,0.9998,0.75718,1.00000,0.8904,0.73700,0.68902,0.9962,0.71540,0.70509,0.70469,0.65833,124.04,0.9906,live,0.0959,0.0901,68.00,754.57
156510.013677,100.0,0.8175,4,4,0,0.69297,0.62083,0.66641,0.56667,0.65625,0.49583,0.65938,0.44167,0.67109,0.40000,0.68828,0.42500,0.68750,0.37222,0.67578,0.35000,0.66172,0.34861,0.70859,0.42361,0.71406,0.35833,0.70078,0.33472,0.68437,0.33611,0.72891,0.43889,0.74141,0.36944,0.72891,0.34583,0.71328,0.35278,0.74687,0.46944,0.75781,0.40972,0.74766,0.38611,0.73203,0.38889,0.63038,0.77272,0.9998,0.75390,1.00000,0.8932,0.72350,0.64310,0.9964,0.71092,0.68824,0.69297,0.62083,123.77,0.9908,live,0.0959,0.0786,59.20,753.14
156510.080342,100.0,0.9286,4,4,0,0.68750,0.59028,0.65938,0.53333,0.64922,0.46250,0.65078,0.40417,0.66484,0.36111,0.68047,0.39722,0.67734,0.34583,0.66484,0.32361,0.65078,0.31944,0.70000,0.39306,0.70234,0.33194,0.68984,0.30417,0.67344,0.30278,0.71875,0.40556,0.72891,0.33889,0.71719,0.31250,0.70078,0.31389,0.73672,0.43056,0.74687,0.37500,0.73828,0.35000,0.72266,0.34861,0.63236,0.76696,0.9998,0.75280,1.00000,0.8949,0.71493,0.59649,0.9965,0.70623,0.66865,0.68750,0.59028,122.30,0.9893,live,0.0959,0.0768,57.65,750.82
156510.146889,100.0,0.0395,4,1,1,0.68672,0.56806,0.65625,0.50972,0.64453,0.43889,0.64844,0.37917,0.66094,0.33056,0.67500,0.37083,0.67266,0.31806,0.66094,0.29583,0.64609,0.29167,0.69453,0.36806,0.69609,0.30556,0.68516,0.27917,0.66875,0.27639,0.71328,0.38056,0.72266,0.31389,0.71172,0.28611,0.69531,0.28472,0.73125,0.40694,0.73828,0.35278,0.73047,0.32639,0.71484,0.31806,0.63192,0.76527,0.9998,0.75187,1.00000,0.8991,0.70266,0.56100,0.9966,0.70233,0.64853,0.68672,0.56806,123.23,0.9891,live,0.0959,0.0850,63.68,749.45
156510.213451,100.0,0.1504,4,1,1,0.68516,0.56111,0.65547,0.50556,0.64531,0.43333,0.64687,0.37222,0.65938,0.32639,0.67578,0.36944,0.67266,0.31806,0.66094,0.29306,0.64609,0.28333,0.69531,0.36389,0.69688,0.30000,0.68437,0.27222,0.66641,0.26667,0.71328,0.37361,0.72344,0.30556,0.71094,0.27500,0.69141,0.27361,0.72969,0.39583,0.73672,0.34167,0.72813,0.31250,0.71172,0.30278,0.63132,0.76567,0.9998,0.75190,1.00000,0.9020,0.70480,0.55211,0.9968,0.69890,0.63105,0.68516,0.56111,121.16,0.9915,live,0.0959,0.1024,76.46,746.75
156510.280320,100.0,0.2619,4,1,1,0.68516,0.56389,0.65625,0.50694,0.64609,0.43750,0.64844,0.37778,0.66094,0.32778,0.67422,0.37500,0.67109,0.32222,0.66016,0.29861,0.64609,0.29167,0.69375,0.36944,0.69688,0.30556,0.68437,0.27639,0.66641,0.27361,0.71250,0.37917,0.72188,0.31250,0.71094,0.28333,0.69297,0.28194,0.72969,0.40139,0.73672,0.34861,0.72891,0.32083,0.71328,0.31250,0.63064,0.76501,0.9998,0.75109,1.00000,0.8994,0.70055,0.55560,0.9968,0.69615,0.61761,0.68516,0.56389,120.20,0.9923,live,0.0959,0.1144,85.11,743.68
156510.346962,100.0,0.3730,4,1,1,0.68594,0.58333,0.65703,0.52778,0.64844,0.45556,0.65078,0.39722,0.66328,0.35000,0.67656,0.39306,0.67500,0.33889,0.66250,0.31528,0.64766,0.30972,0.69531,0.38889,0.69766,0.32639,0.68516,0.29861,0.66719,0.29444,0.71406,0.40000,0.72344,0.33333,0.71250,0.30278,0.69453,0.29722,0.73203,0.42361,0.73984,0.36944,0.73047,0.34167,0.71406,0.33472,0.63066,0.76509,0.9998,0.75132,1.00000,0.8955,0.70125,0.55804,0.9969,0.69411,0.61076,0.68594,0.58333,120.40,0.9925,live,0.0959,0.1183,87.70,741.13
156510.414067,100.0,0.4848,4,1,1,0.68828,0.61389,0.66094,0.55833,0.65156,0.49167,0.65312,0.43472,0.66328,0.39028,0.68047,0.42361,0.67812,0.37222,0.66719,0.34861,0.65391,0.34167,0.69922,0.42083,0.70234,0.35694,0.69141,0.33056,0.67500,0.32917,0.71875,0.43333,0.72969,0.36667,0.72031,0.34028,0.70391,0.34444,0.73750,0.46111,0.74687,0.40556,0.73750,0.37778,0.72109,0.37500,0.63065,0.76601,0.9998,0.75175,1.00000,0.8979,0.70584,0.58565,0.9970,0.69294,0.61138,0.68828,0.61389,120.42,0.9952,live,0.0959,0.1121,82.84,738.90
156510.480130,100.0,0.5949,4,1,1,0.69063,0.65278,0.66406,0.60000,0.65469,0.53194,0.65547,0.47917,0.66875,0.43611,0.68516,0.46111,0.68672,0.40278,0.67344,0.37917,0.65938,0.38194,0.70469,0.46111,0.71172,0.39167,0.69766,0.37083,0.68047,0.38056,0.72422,0.47778,0.73750,0.40278,0.72188,0.38472,0.70547,0.39722,0.74219,0.50694,0.75313,0.44722,0.74141,0.42500,0.72500,0.43194,0.63249,0.76588,0.9998,0.75177,1.00000,0.8983,0.70870,0.65254,0.9971,0.69248,0.61966,0.69063,0.65278,120.37,0.9949,live,0.0959,0.1004,73.99,736.89
156510.547108,100.0,0.7065,4,1,1,0.69453,0.69583,0.66953,0.64583,0.65859,0.57778,0.66094,0.52639,0.67578,0.48611,0.69219,0.50000,0.69531,0.44444,0.67969,0.42639,0.66328,0.43333,0.71172,0.50417,0.72188,0.43194,0.70625,0.41667,0.68906,0.43194,0.73125,0.52361,0.74687,0.45000,0.73047,0.43472,0.71406,0.44861,0.74844,0.55694,0.76016,0.49583,0.74687,0.47917,0.73047,0.49028,0.63294,0.76665,0.9998,0.77398,1.00000,0.8986,0.71694,0.70833,0.9971,0.69289,0.63490,0.69453,0.69583,121.28,0.9949,live,0.0959,0.0823,60.57,735.79
156510.614752,100.0,0.8193,4,1,1,0.70078,0.72778,0.67500,0.67639,0.66563,0.60833,0.66953,0.55833,0.68672,0.51944,0.70000,0.53056,0.70703,0.47083,0.69063,0.45556,0.67422,0.46528,0.72109,0.53611,0.73516,0.46111,0.71641,0.45139,0.69844,0.46944,0.73984,0.55833,0.75859,0.48750,0.74141,0.47500,0.72422,0.49167,0.75781,0.59306,0.77109,0.53472,0.75859,0.51944,0.74297,0.52917,0.63358,0.77597,0.9998,0.77185,1.00000,0.8983,0.71907,0.72660,0.9970,0.69447,0.65347,0.70078,0.72778,122.61,0.9946,live,0.0897,0.0615,45.25,735.77
156510.680345,100.0,0.9286,4,1,1,0.70625,0.74444,0.68047,0.69028,0.67188,0.62361,0.67578,0.57361,0.69141,0.53194,0.70625,0.54722,0.71328,0.48889,0.69922,0.47361,0.68516,0.47917,0.72813,0.55278,0.74062,0.47778,0.72500,0.46667,0.70937,0.48472,0.74766,0.57500,0.76719,0.50000,0.75234,0.49028,0.73672,0.51111,0.76641,0.61250,0.78125,0.55139,0.76953,0.53750,0.75469,0.55000,0.63325,0.77948,0.9998,0.77054,1.00000,0.8965,0.72283,0.74439,0.9969,0.69682,0.67167,0.70625,0.74444,123.83,0.9953,live,0.0847,0.0619,45.63,736.64
156510.747202,100.0,0.0400,4,2,0,0.71016,0.74861,0.68359,0.69583,0.67578,0.62639,0.67969,0.57639,0.69766,0.53889,0.71250,0.54722,0.72109,0.48750,0.70703,0.47222,0.69141,0.48611,0.73438,0.55417,0.74844,0.47778,0.73359,0.46806,0.71641,0.49028,0.75391,0.57639,0.77500,0.50417,0.76094,0.49306,0.74531,0.51667,0.77187,0.61528,0.78750,0.55556,0.77734,0.54167,0.76172,0.55556,0.63325,0.78004,0.9998,0.77032,1.00000,0.8957,0.72612,0.74324,0.9966,0.69949,0.68706,0.71016,0.74861,125.79,0.9954,live,0.0847,0.0753,55.66,738.81
156510.814028,100.0,0.1514,4,2,0,0.71094,0.75000,0.68437,0.69722,0.67656,0.62778,0.68125,0.57778,0.69844,0.53889,0.71328,0.55000,0.72266,0.48889,0.70781,0.47500,0.69219,0.48750,0.73516,0.55833,0.75000,0.47917,0.73359,0.47083,0.71641,0.49444,0.75469,0.57917,0.77734,0.50556,0.76250,0.49583,0.74609,0.51806,0.77266,0.61806,0.78906,0.55694,0.77734,0.54167,0.76016,0.55556,0.63301,0.78311,0.9998,0.76993,1.00000,0.8930,0.72801,0.75351,0.9962,0.70178,0.69964,0.71094,0.75000,124.86,0.9942,live,0.0847,0.0880,65.10,740.06
156510.880573,100.0,0.2623,4,2,0,0.71016,0.75139,0.68437,0.69722,0.67500,0.62917,0.67891,0.58056,0.69688,0.54167,0.71172,0.55000,0.72109,0.48889,0.70547,0.47639,0.68984,0.49028,0.73359,0.55694,0.74766,0.48056,0.73125,0.47083,0.71328,0.49167,0.75313,0.58056,0.77500,0.50694,0.76094,0.49444,0.74531,0.51667,0.77109,0.61944,0.78906,0.55972,0.77734,0.54306,0.75938,0.55417,0.63298,0.78528,0.9998,0.77006,1.00000,0.8918,0.72853,0.75339,0.9960,0.70345,0.70999,0.71016,0.75139,125.52,0.9946,live,0.0847,0.0982,72.82,741.62
156510.947487,100.0,0.3738,4,2,0,0.70547,0.75139,0.68047,0.69861,0.67031,0.62917,0.67500,0.57917,0.69375,0.54028,0.70703,0.55000,0.71562,0.48889,0.70156,0.47639,0.68594,0.49028,0.72891,0.55694,0.74219,0.48056,0.72422,0.47222,0.70625,0.49444,0.74922,0.57917,0.76953,0.50556,0.75391,0.49583,0.73750,0.51667,0.76797,0.61806,0.78438,0.55833,0.77031,0.54444,0.75313,0.55833,0.63297,0.78532,0.9998,0.76997,1.00000,0.8915,0.72846,0.75398,0.9958,0.70386,0.71827,0.70547,0.75139,126.32,0.9943,live,0.0847,0.1053,78.33,743.58
156511.014607,100.0,0.4857,4,2,0,0.69688,0.75139,0.67266,0.69861,0.66172,0.63194,0.66406,0.58333,0.68125,0.54306,0.69688,0.55417,0.70469,0.49167,0.68828,0.47917,0.67266,0.49306,0.71875,0.55972,0.73047,0.48194,0.71172,0.47639,0.69453,0.49861,0.73828,0.58194,0.75625,0.50556,0.73906,0.49722,0.72266,0.51944,0.75703,0.61944,0.77031,0.55833,0.75625,0.54722,0.74062,0.56250,0.63127,0.78399,0.9998,0.76990,1.00000,0.8926,0.72459,0.75537,0.9960,0.70246,0.72490,0.69688,0.75139,123.83,0.9935,live,0.0847,0.1038,77.16,743.50
156511.080676,100.0,0.5958,4,2,0,0.68359,0.74861,0.66016,0.69583,0.64766,0.63056,0.64766,0.58333,0.66172,0.54444,0.68203,0.55278,0.68828,0.49167,0.66875,0.48333,0.65156,0.49583,0.70312,0.55972,0.71328,0.48333,0.69141,0.47917,0.67422,0.49861,0.72188,0.58194,0.73828,0.50556,0.71797,0.50139,0.70156,0.52222,0.73984,0.61806,0.75156,0.55556,0.73594,0.54722,0.72031,0.56250,0.63136,0.78049,0.9998,0.77601,1.00000,0.8940,0.71996,0.75431,0.9961,0.69869,0.72964,0.68359,0.74861,121.34,0.9929,live,0.0847,0.0939,69.64,741.65
156511.147562,100.0,0.7073,4,2,0,0.66719,0.74583,0.64219,0.69722,0.62813,0.63472,0.62734,0.58611,0.63984,0.54861,0.66016,0.55278,0.66406,0.48889,0.64297,0.48472,0.62656,0.49861,0.68047,0.55972,0.68750,0.48056,0.66406,0.47917,0.64766,0.50000,0.70000,0.58056,0.71328,0.50278,0.69141,0.50000,0.67578,0.51944,0.71953,0.61389,0.72969,0.55139,0.71250,0.54306,0.69609,0.55694,0.63137,0.78033,0.9998,0.77520,1.00000,0.8927,0.70248,0.75387,0.9960,0.69239,0.73288,0.66719,0.74583,119.61,0.9930,live,0.0847,0.0799,59.03,738.77
156511.214344,100.0,0.8186,4,2,0,0.65234,0.74167,0.62656,0.69306,0.61328,0.63056,0.61016,0.58472,0.61797,0.54306,0.64219,0.55139,0.64297,0.48611,0.62187,0.48472,0.60547,0.49861,0.66172,0.55833,0.66563,0.47778,0.64219,0.47639,0.62500,0.49722,0.68047,0.57639,0.69141,0.49722,0.66953,0.49444,0.65234,0.51250,0.70000,0.60833,0.70781,0.54444,0.69063,0.53750,0.67422,0.55000,0.63130,0.77193,0.9998,0.75105,1.00000,0.8988,0.68286,0.73058,0.9963,0.68438,0.73464,0.65234,0.74167,117.12,0.9937,live,0.0847,0.0865,63.53,734.45
156511.280749,100.0,0.9293,4,2,0,0.64141,0.73056,0.61484,0.68750,0.60078,0.62361,0.59766,0.57917,0.60156,0.53472,0.62734,0.54583,0.62656,0.47917,0.60625,0.47778,0.58906,0.49028,0.64687,0.55139,0.65078,0.46806,0.62813,0.46806,0.61094,0.49028,0.66563,0.56944,0.67578,0.48889,0.65391,0.48472,0.63672,0.50278,0.68516,0.60000,0.69375,0.53611,0.67578,0.52778,0.65859,0.53889,0.62741,0.76836,0.9998,0.74058,1.00000,0.8994,0.66719,0.71610,0.9963,0.67578,0.73382,0.64141,0.73056,114.12,0.9938,live,0.0847,0.0682,49.65,728.48
156511.347569,100.0,0.0406,4,3,0,0.63516,0.72361,0.61016,0.68056,0.59531,0.61806,0.59219,0.57222,0.59453,0.52639,0.61953,0.53611,0.61719,0.47083,0.59531,0.46806,0.57734,0.48194,0.63906,0.54167,0.64219,0.45694,0.61797,0.45694,0.60000,0.48056,0.65859,0.55972,0.66719,0.47778,0.64375,0.47222,0.62578,0.49028,0.67734,0.59167,0.68516,0.52500,0.66641,0.51667,0.64844,0.53056,0.62650,0.75916,0.9998,0.73637,1.00000,0.8961,0.65921,0.70545,0.9962,0.66766,0.73178,0.63516,0.72361,115.24,0.9961,live,0.0847,0.0728,52.74,724.03
156511.414355,100.0,0.1520,4,3,0,0.63438,0.71806,0.60859,0.67639,0.59375,0.61111,0.58906,0.56389,0.59297,0.51806,0.61797,0.53194,0.61406,0.46389,0.59219,0.45833,0.57344,0.47222,0.63750,0.53472,0.63828,0.45000,0.61250,0.44861,0.59375,0.47222,0.65625,0.55417,0.66563,0.46944,0.64141,0.46250,0.62266,0.47917,0.67578,0.58611,0.68281,0.51944,0.66328,0.50694,0.64531,0.51806,0.62576,0.75943,0.9998,0.73334,1.00000,0.8968,0.65698,0.70599,0.9962,0.66100,0.72903,0.63438,0.71806,115.03,0.9947,live,0.0847,0.0801,57.65,719.97
156511.481027,100.0,0.2631,4,3,0,0.63750,0.71528,0.61094,0.67083,0.59453,0.60694,0.58984,0.55972,0.59375,0.51528,0.62031,0.52778,0.61641,0.46250,0.59531,0.45694,0.57734,0.47083,0.63906,0.53056,0.64062,0.44722,0.61641,0.44722,0.59922,0.47083,0.65859,0.54861,0.66797,0.46528,0.64453,0.45972,0.62734,0.47778,0.67812,0.58056,0.68359,0.51389,0.66484,0.50278,0.64766,0.51389,0.62578,0.75536,0.9998,0.73459,1.00000,0.8957,0.65793,0.68818,0.9961,0.65630,0.72628,0.63750,0.71528,115.76,0.9951,live,0.0847,0.0865,62.00,716.92
156511.547764,100.0,0.3743,4,3,0,0.64609,0.71944,0.61797,0.67222,0.60313,0.60694,0.60000,0.55972,0.60234,0.51806,0.62891,0.52917,0.62656,0.46667,0.60547,0.45833,0.58672,0.46806,0.64766,0.53333,0.64844,0.45278,0.62578,0.44861,0.60781,0.46667,0.66641,0.55000,0.67734,0.46806,0.65469,0.46111,0.63672,0.47778,0.68516,0.58056,0.69141,0.51528,0.67422,0.50417,0.65859,0.51389,0.62534,0.75669,0.9998,0.73527,1.00000,0.8959,0.65968,0.69031,0.9962,0.65426,0.72491,0.64609,0.71944,116.38,0.9960,live,0.0847,0.0869,62.09,714.69
156511.614988,100.0,0.4863,4,3,0,0.65938,0.72639,0.63359,0.68056,0.61797,0.61528,0.61406,0.56806,0.62344,0.52639,0.64609,0.53750,0.64609,0.47361,0.62656,0.46528,0.60938,0.47500,0.66406,0.54167,0.66875,0.46250,0.64609,0.45556,0.62969,0.47361,0.68359,0.55833,0.69531,0.47778,0.67344,0.47083,0.65625,0.48750,0.70234,0.58750,0.71016,0.52222,0.69297,0.51250,0.67656,0.52639,0.62524,0.76479,0.9998,0.75561,1.00000,0.8941,0.67586,0.71225,0.9962,0.65528,0.72521,0.65938,0.72639,116.20,0.9936,live,0.0847,0.0804,57.30,712.59
156511.680848,100.0,0.5961,4,3,0,0.67812,0.73750,0.65469,0.68472,0.64219,0.61944,0.64141,0.57361,0.65469,0.54028,0.67422,0.54444,0.67891,0.48056,0.65938,0.47500,0.64141,0.48750,0.69375,0.55139,0.70156,0.47361,0.67891,0.46806,0.66094,0.48889,0.71250,0.57361,0.72656,0.49444,0.70625,0.48611,0.68906,0.50417,0.73125,0.60972,0.74297,0.54583,0.72734,0.53472,0.71094,0.54583,0.62936,0.76663,0.9998,0.77578,1.00000,0.8933,0.70369,0.73729,0.9963,0.65985,0.72767,0.67812,0.73750,118.95,0.9915,live,0.0847,0.0692,49.30,712.72
156511.747836,100.0,0.7078,4,3,0,0.70312,0.75278,0.67969,0.70000,0.66875,0.63194,0.67344,0.58472,0.69063,0.55278,0.70391,0.55278,0.71250,0.49306,0.69766,0.48194,0.68125,0.49722,0.72500,0.55972,0.73672,0.48611,0.71875,0.47639,0.70156,0.50000,0.74531,0.58056,0.76328,0.50694,0.74766,0.49722,0.73281,0.51944,0.76484,0.61667,0.77969,0.55972,0.76641,0.54722,0.75078,0.56111,0.62934,0.77143,0.9998,0.77281,1.00000,0.8928,0.72077,0.74411,0.9961,0.66851,0.73269,0.70312,0.75278,125.56,0.9917,live,0.0793,0.0546,39.18,717.60
156511.814380,100.0,0.8187,4,3,0,0.72578,0.75694,0.70312,0.70278,0.69766,0.63472,0.70859,0.58611,0.72500,0.55139,0.73594,0.55417,0.74844,0.49722,0.73594,0.48611,0.72031,0.50000,0.75781,0.56111,0.77266,0.49306,0.75625,0.48333,0.73828,0.50556,0.77812,0.58472,0.80000,0.51528,0.78594,0.50278,0.77031,0.51944,0.79609,0.62361,0.81563,0.56806,0.80469,0.55417,0.78828,0.56528,0.63059,0.77157,0.9998,0.77129,1.00000,0.8892,0.74803,0.75082,0.9959,0.67996,0.73754,0.72578,0.75694,129.20,0.9951,live,0.0735,0.0471,34.13,724.51
156511.881221,100.0,0.9301,4,3,0,0.74609,0.75556,0.72266,0.69722,0.72109,0.62222,0.73750,0.57222,0.75469,0.53333,0.76016,0.55556,0.77187,0.49861,0.76094,0.48333,0.74766,0.49306,0.78281,0.56250,0.80078,0.49306,0.78594,0.48056,0.76797,0.50278,0.80156,0.58472,0.82578,0.51667,0.81328,0.50139,0.79844,0.52222,0.81953,0.62222,0.84062,0.56667,0.83359,0.54861,0.81953,0.56111,0.63075,0.77622,0.9998,0.77027,1.00000,0.8843,0.76142,0.75460,0.9954,0.69319,0.74114,0.74609,0.75556,129.02,0.9944,live,0.0735,0.0701,51.18,730.47
156511.947828,100.0,0.0411,4,4,0,0.75781,0.75000,0.73672,0.68889,0.73594,0.62083,0.75234,0.57222,0.77109,0.53194,0.76953,0.54722,0.77969,0.49028,0.77500,0.47361,0.76641,0.48750,0.79375,0.55417,0.81172,0.48611,0.80547,0.47083,0.79297,0.49028,0.81484,0.57778,0.83906,0.51111,0.83359,0.49306,0.82188,0.51528,0.83437,0.61528,0.85781,0.56667,0.85547,0.54444,0.84297,0.55417,0.63109,0.77637,0.9998,0.75767,1.00000,0.8850,0.77938,0.75438,0.9951,0.70611,0.74291,0.75781,0.75000,132.34,0.9911,live,0.0735,0.0916,67.62,738.10
156512.014637,100.0,0.1524,4,4,0,0.76562,0.74167,0.74453,0.68056,0.74375,0.61250,0.75938,0.55972,0.77891,0.51667,0.77656,0.54167,0.78594,0.48750,0.78281,0.46667,0.77578,0.47778,0.80078,0.54722,0.81719,0.48056,0.81328,0.46111,0.80234,0.47778,0.82266,0.56944,0.84609,0.50417,0.84219,0.48194,0.83047,0.50000,0.84141,0.60417,0.86328,0.55417,0.86250,0.52917,0.85156,0.53611,0.63204,0.78424,0.9998,0.77205,1.00000,0.8878,0.78769,0.75198,0.9953,0.71802,0.74267,0.76562,0.74167,131.19,0.9917,live,0.0803,0.1111,82.63,743.98
156512.081334,100.0,0.2636,4,4,0,0.76875,0.73472,0.74609,0.66944,0.74531,0.60000,0.76328,0.54583,0.77891,0.49861,0.77422,0.53194,0.77812,0.47639,0.78047,0.45694,0.77969,0.46806,0.80000,0.53611,0.81250,0.46806,0.81406,0.44861,0.80781,0.46111,0.82188,0.55694,0.84141,0.49583,0.84375,0.46944,0.83516,0.48889,0.84219,0.59167,0.86172,0.54583,0.86406,0.51667,0.85469,0.52083,0.63359,0.78440,0.9998,0.77281,1.00000,0.8865,0.78787,0.74592,0.9954,0.72816,0.74108,0.76875,0.73472,132.79,0.9888,live,0.0887,0.1273,95.48,750.31
156512.147970,100.0,0.3746,4,4,0,0.76172,0.72361,0.73906,0.65972,0.73828,0.58889,0.75391,0.53472,0.77031,0.49167,0.76953,0.52361,0.77500,0.46944,0.77344,0.44722,0.76797,0.45694,0.79453,0.52778,0.80937,0.45972,0.80625,0.43889,0.79531,0.45278,0.81641,0.54861,0.83672,0.48472,0.83359,0.45972,0.82266,0.47917,0.83594,0.58472,0.85547,0.53611,0.85391,0.50833,0.84219,0.51389,0.63397,0.78729,0.9998,0.76341,1.00000,0.8857,0.78298,0.73354,0.9956,0.73487,0.73758,0.76172,0.72361,131.28,0.9925,live,0.0972,0.1360,102.67,754.79
156512.214388,100.0,0.4853,4,4,0,0.74922,0.70972,0.72656,0.65278,0.72422,0.57778,0.73984,0.52639,0.75547,0.48611,0.76016,0.50833,0.76797,0.45694,0.76016,0.43750,0.74922,0.44583,0.78359,0.51389,0.79609,0.44722,0.78828,0.42917,0.77422,0.44722,0.80391,0.53472,0.82422,0.46944,0.81797,0.44722,0.80703,0.46111,0.82344,0.57083,0.84219,0.51806,0.83750,0.49722,0.82422,0.50278,0.63509,0.78649,0.9998,0.75551,1.00000,0.8831,0.77984,0.72757,0.9956,0.73774,0.73201,0.74922,0.70972,130.99,0.9951,live,0.1050,0.1402,106.32,758.53
156512.281153,100.0,0.5966,4,4,0,0.73594,0.69583,0.71328,0.63889,0.70781,0.56944,0.71875,0.51667,0.73281,0.47778,0.74297,0.49722,0.74687,0.44444,0.73906,0.42639,0.72969,0.43056,0.76562,0.50000,0.77734,0.43333,0.76953,0.41389,0.75625,0.42500,0.78672,0.51944,0.80469,0.45278,0.79844,0.43194,0.78594,0.44583,0.80547,0.55417,0.82188,0.50139,0.81719,0.47917,0.80469,0.48472,0.63670,0.78568,0.9998,0.76077,1.00000,0.8810,0.76511,0.71574,0.9957,0.73738,0.72478,0.73594,0.69583,128.64,0.9936,live,0.1050,0.1178,89.58,760.13
156512.348319,100.0,0.7086,4,4,0,0.72266,0.66944,0.69688,0.61250,0.68906,0.54444,0.69531,0.49028,0.71172,0.45000,0.72422,0.47083,0.72578,0.41528,0.71641,0.39722,0.70391,0.40278,0.74609,0.47083,0.75547,0.40694,0.74687,0.38472,0.73203,0.39444,0.76719,0.48889,0.78203,0.42361,0.77422,0.40000,0.76016,0.40972,0.78672,0.52083,0.80000,0.46944,0.79453,0.44444,0.78125,0.44583,0.63700,0.78360,0.9998,0.75941,1.00000,0.8786,0.74860,0.69596,0.9955,0.73444,0.71371,0.72266,0.66944,127.92,0.9879,live,0.1050,0.1010,76.89,761.02
156512.415221,100.0,0.8201,4,4,0,0.70937,0.62917,0.68203,0.57222,0.67266,0.50556,0.67656,0.45000,0.69219,0.41250,0.70703,0.43472,0.70547,0.38333,0.69531,0.35972,0.68359,0.35556,0.72734,0.43194,0.73281,0.36806,0.72188,0.34306,0.70625,0.34444,0.74766,0.44583,0.75859,0.37917,0.75000,0.35417,0.73516,0.35833,0.76719,0.47361,0.77734,0.41806,0.77031,0.39444,0.75625,0.39444,0.63685,0.77037,0.9998,0.75926,1.00000,0.8788,0.74271,0.65601,0.9956,0.72942,0.69680,0.70937,0.62917,125.01,0.9893,live,0.1050,0.0869,65.99,759.70
156512.481412,100.0,0.9304,4,4,0,0.69844,0.58333,0.67031,0.52917,0.66094,0.46111,0.66484,0.40417,0.67578,0.35972,0.69297,0.39167,0.68828,0.34028,0.67656,0.31667,0.66328,0.31250,0.71172,0.38750,0.71406,0.32361,0.70312,0.29722,0.68672,0.29583,0.73125,0.40000,0.73906,0.33333,0.72969,0.30417,0.71250,0.30556,0.75000,0.42361,0.75938,0.37083,0.75391,0.34444,0.73906,0.34167,0.63566,0.76919,0.9998,0.75928,1.00000,0.8818,0.72609,0.60483,0.9958,0.72323,0.67411,0.69844,0.58333,122.33,0.9886,live,0.1050,0.0846,63.98,756.62
156512.548186,100.0,0.0417,4,1,1,0.69219,0.54722,0.66250,0.49444,0.65156,0.42222,0.65391,0.36250,0.66719,0.31806,0.68125,0.35833,0.67578,0.30694,0.66406,0.28333,0.65078,0.27917,0.70156,0.35278,0.70391,0.29028,0.69141,0.26111,0.67344,0.26111,0.72109,0.36250,0.72813,0.29583,0.71719,0.26667,0.70000,0.26528,0.73984,0.38472,0.74687,0.33333,0.74062,0.30556,0.72656,0.29861,0.63356,0.76920,0.9998,0.75927,1.00000,0.8871,0.72024,0.57310,0.9959,0.71702,0.64873,0.69219,0.54722,121.64,0.9874,live,0.1050,0.0964,72.65,753.40
156512.615117,100.0,0.1532,4,1,1,0.68906,0.52361,0.65781,0.46944,0.64609,0.39861,0.64844,0.33889,0.66094,0.29028,0.67656,0.33472,0.67266,0.28333,0.66016,0.26111,0.64531,0.25556,0.69609,0.32778,0.69609,0.26667,0.68281,0.24028,0.66484,0.24028,0.71406,0.33611,0.71953,0.26944,0.70703,0.24028,0.68906,0.24028,0.73281,0.35694,0.73906,0.30278,0.73125,0.27639,0.71719,0.27083,0.63353,0.76622,0.9998,0.76206,1.00000,0.8931,0.71438,0.54460,0.9961,0.71143,0.62371,0.68906,0.52361,121.10,0.9848,live,0.1050,0.1213,90.97,750.19
156512.681573,100.0,0.2640,4,1,1,0.68828,0.51806,0.65625,0.46806,0.64375,0.39722,0.64609,0.33333,0.65938,0.28889,0.67344,0.33333,0.66797,0.28333,0.65703,0.25833,0.64375,0.24861,0.69297,0.32639,0.69375,0.26389,0.68125,0.23750,0.66328,0.23611,0.71094,0.33333,0.71719,0.26806,0.70547,0.23889,0.68672,0.23611,0.72891,0.35139,0.73516,0.30000,0.72734,0.26944,0.71328,0.25972,0.63261,0.76712,0.9998,0.76434,1.00000,0.8970,0.71342,0.52864,0.9963,0.70680,0.60258,0.68828,0.51806,118.86,0.9887,live,0.1114,0.1408,104.97,745.74
156512.748286,100.0,0.3752,4,1,1,0.68672,0.52639,0.65469,0.47500,0.64375,0.40694,0.64687,0.34722,0.65703,0.29861,0.67266,0.34444,0.66797,0.29306,0.65547,0.27222,0.64062,0.26528,0.69141,0.33750,0.69219,0.27639,0.67891,0.25000,0.66094,0.24583,0.70937,0.34444,0.71562,0.28194,0.70312,0.25139,0.68594,0.24722,0.72734,0.36111,0.73359,0.31111,0.72578,0.28333,0.71172,0.27500,0.63260,0.76547,0.9998,0.76441,1.00000,0.8968,0.71103,0.53557,0.9964,0.70278,0.58734,0.68672,0.52639,117.31,0.9912,live,0.1189,0.1531,113.37,740.72
156512.815079,100.0,0.4865,4,1,1,0.68750,0.55139,0.65703,0.50139,0.64609,0.43056,0.64766,0.37083,0.65781,0.32500,0.67578,0.36944,0.67109,0.31806,0.65859,0.29583,0.64375,0.28750,0.69453,0.36250,0.69531,0.30139,0.68281,0.27361,0.66484,0.26806,0.71328,0.37083,0.71953,0.30417,0.70781,0.27361,0.68984,0.26806,0.73125,0.39028,0.73828,0.33750,0.72891,0.30972,0.71328,0.30139,0.63250,0.76537,0.9998,0.76264,1.00000,0.9008,0.70484,0.54322,0.9966,0.69973,0.58015,0.68750,0.55139,117.38,0.9894,live,0.1256,0.1558,114.75,736.35
156512.881400,100.0,0.5970,4,1,1,0.69063,0.58611,0.66094,0.53194,0.65078,0.46528,0.65234,0.40694,0.66172,0.35833,0.68047,0.40278,0.67734,0.35000,0.66563,0.32778,0.65000,0.31806,0.69922,0.39722,0.70078,0.33472,0.68828,0.30694,0.67031,0.30000,0.71797,0.40556,0.72500,0.33889,0.71406,0.30972,0.69609,0.30278,0.73672,0.42639,0.74453,0.37361,0.73594,0.34444,0.72031,0.33611,0.63205,0.76532,0.9998,0.76172,1.00000,0.8994,0.70512,0.56657,0.9966,0.69791,0.58134,0.69063,0.58611,118.08,0.9914,live,0.1256,0.1459,106.93,733.00
156512.948220,100.0,0.7084,4,1,1,0.69297,0.62500,0.66563,0.57222,0.65547,0.50556,0.65703,0.44722,0.66641,0.40278,0.68359,0.43472,0.67969,0.38333,0.66875,0.36250,0.65547,0.35694,0.70234,0.43194,0.70391,0.36944,0.69219,0.34444,0.67578,0.34306,0.72188,0.44583,0.73203,0.37778,0.72266,0.35139,0.70625,0.35278,0.74141,0.47222,0.75078,0.41667,0.74297,0.39028,0.72734,0.38889,0.63469,0.76543,0.9998,0.76170,1.00000,0.9022,0.70963,0.62721,0.9968,0.69692,0.59007,0.69297,0.62500,120.52,0.9959,live,0.1256,0.1469,107.49,731.82
156513.015088,100.0,0.8198,4,1,1,0.69688,0.66111,0.66953,0.60833,0.65859,0.54167,0.66016,0.48611,0.67266,0.44306,0.68906,0.46944,0.68750,0.41667,0.67500,0.39583,0.66094,0.39444,0.70859,0.46806,0.71250,0.40278,0.70078,0.37917,0.68516,0.38472,0.72813,0.48333,0.73984,0.41389,0.73047,0.39028,0.71484,0.39861,0.74766,0.51389,0.75859,0.45556,0.75000,0.43056,0.73516,0.43333,0.63585,0.77221,0.9998,0.77576,1.00000,0.9032,0.71879,0.67846,0.9967,0.69691,0.60428,0.69688,0.66111,121.01,0.9946,live,0.1256,0.1282,93.74,731.13
156513.081633,100.0,0.9307,4,1,1,0.70234,0.69167,0.67422,0.63750,0.66406,0.57083,0.66563,0.51528,0.67812,0.47222,0.69609,0.49861,0.69688,0.44306,0.68516,0.42222,0.67031,0.42500,0.71641,0.49861,0.72266,0.43056,0.71094,0.40972,0.69453,0.41944,0.73594,0.51528,0.75000,0.44306,0.73828,0.42361,0.72188,0.43333,0.75547,0.54722,0.76719,0.48750,0.75781,0.46528,0.74219,0.46806,0.63593,0.77174,0.9998,0.75775,1.00000,0.9000,0.72009,0.70588,0.9966,0.69800,0.62176,0.70234,0.69167,121.83,0.9959,live,0.1167,0.0762,55.68,731.11
156513.148189,100.0,0.0417,4,2,0,0.70703,0.71667,0.68047,0.66250,0.66953,0.59306,0.67188,0.53611,0.68672,0.49306,0.70156,0.51944,0.70391,0.46389,0.69219,0.44167,0.67891,0.44722,0.72266,0.51944,0.73203,0.44861,0.71875,0.42917,0.70312,0.44583,0.74375,0.53750,0.75859,0.46528,0.74531,0.44722,0.72969,0.46250,0.76328,0.56944,0.77578,0.51111,0.76562,0.49028,0.75000,0.49722,0.63954,0.77256,0.9998,0.76387,1.00000,0.9014,0.72306,0.73307,0.9965,0.69980,0.64074,0.70703,0.71667,125.13,0.9962,live,0.1073,0.0646,47.42,733.47
156513.215850,100.0,0.1544,4,2,0,0.71016,0.73194,0.68281,0.67778,0.67344,0.60694,0.67578,0.55278,0.69063,0.51250,0.70703,0.53194,0.71172,0.47361,0.69844,0.45556,0.68437,0.46250,0.72891,0.53472,0.73984,0.46111,0.72422,0.44583,0.70703,0.46528,0.75000,0.55278,0.76797,0.48194,0.75234,0.46528,0.73594,0.48472,0.77031,0.58750,0.78438,0.52778,0.77266,0.50833,0.75625,0.51806,0.64117,0.77368,0.9998,0.76467,1.00000,0.9033,0.72506,0.73822,0.9964,0.70187,0.65898,0.71016,0.73194,126.95,0.9965,live,0.1022,0.0789,58.15,736.86
156513.281849,100.0,0.2644,4,2,0,0.71328,0.74167,0.68594,0.68611,0.67656,0.61667,0.67969,0.56389,0.69531,0.52639,0.71094,0.54028,0.71719,0.48194,0.70391,0.46667,0.68828,0.47500,0.73281,0.54444,0.74375,0.47083,0.72891,0.45833,0.71172,0.47639,0.75391,0.56250,0.77266,0.49306,0.75859,0.47639,0.74219,0.49444,0.77344,0.59861,0.78906,0.54028,0.77812,0.52222,0.76172,0.53056,0.64115,0.77472,0.9998,0.76509,1.00000,0.9027,0.72962,0.74599,0.9964,0.70416,0.67552,0.71328,0.74167,127.04,0.9954,live,0.1022,0.0936,69.29,739.91
156513.348585,100.0,0.3757,4,2,0,0.71406,0.74722,0.68672,0.69167,0.67656,0.62361,0.68125,0.57222,0.69766,0.53056,0.71250,0.54583,0.71719,0.48889,0.70391,0.47361,0.68906,0.48472,0.73438,0.54861,0.74453,0.47500,0.72969,0.46250,0.71328,0.48472,0.75469,0.56667,0.77266,0.49722,0.75938,0.48194,0.74375,0.50139,0.77422,0.60278,0.78984,0.54444,0.77891,0.52778,0.76250,0.53750,0.64111,0.77510,0.9998,0.76549,1.00000,0.8995,0.73130,0.75306,0.9962,0.70614,0.68986,0.71406,0.74722,127.19,0.9949,live,0.1022,0.1075,79.87,742.70
156513.415311,100.0,0.4869,4,2,0,0.71250,0.74861,0.68594,0.69444,0.67500,0.62639,0.67891,0.57500,0.69688,0.53472,0.71016,0.54722,0.71562,0.49028,0.70234,0.47639,0.68672,0.48889,0.73281,0.55139,0.74297,0.47778,0.72734,0.46667,0.70937,0.48889,0.75313,0.57222,0.77187,0.50000,0.75781,0.48611,0.74219,0.50556,0.77266,0.60833,0.78828,0.55000,0.77656,0.53194,0.75938,0.54306,0.64169,0.77532,0.9998,0.76821,1.00000,0.8994,0.73151,0.75465,0.9961,0.70741,0.70161,0.71250,0.74861,126.92,0.9954,live,0.1022,0.1176,87.63,744.96
156513.481923,100.0,0.5979,4,2,0,0.70547,0.74861,0.67969,0.69444,0.66875,0.62639,0.67266,0.57639,0.68906,0.53611,0.70391,0.54861,0.71016,0.48889,0.69453,0.47639,0.67812,0.48889,0.72578,0.55417,0.73516,0.48056,0.71719,0.47083,0.69844,0.49028,0.74687,0.57361,0.76328,0.50139,0.74687,0.48889,0.73047,0.50556,0.76641,0.60972,0.78125,0.55139,0.76797,0.53750,0.75078,0.54861,0.64026,0.77503,0.9998,0.76837,1.00000,0.8991,0.73098,0.75995,0.9959,0.70702,0.71101,0.70547,0.74861,126.13,0.9940,live,0.1022,0.1180,88.11,746.38
156513.548769,100.0,0.7093,4,2,0,0.69219,0.74583,0.66797,0.69167,0.65625,0.62500,0.65703,0.57361,0.67109,0.53472,0.68984,0.55000,0.69375,0.49028,0.67578,0.47917,0.65859,0.48889,0.71016,0.55556,0.72031,0.47917,0.70078,0.47222,0.68359,0.49167,0.73047,0.57500,0.74687,0.50000,0.72813,0.49167,0.71250,0.51250,0.75078,0.60972,0.76328,0.54861,0.74922,0.53611,0.73359,0.55000,0.63883,0.77347,0.9998,0.75448,1.00000,0.8954,0.72566,0.75984,0.9958,0.70405,0.71797,0.69219,0.74583,123.11,0.9919,live,0.1022,0.1113,82.96,745.45
156513.615381,100.0,0.8203,4,2,0,0.67422,0.74306,0.64922,0.69167,0.63438,0.62778,0.63359,0.57917,0.64609,0.54167,0.66719,0.55139,0.66953,0.48611,0.64844,0.48056,0.63203,0.49167,0.68672,0.55694,0.69297,0.47639,0.66953,0.47361,0.65312,0.49306,0.70703,0.57500,0.71797,0.49722,0.69688,0.49167,0.68125,0.51111,0.72734,0.60694,0.73750,0.54444,0.72109,0.53333,0.70469,0.54444,0.63843,0.77133,0.9998,0.76481,1.00000,0.8952,0.71144,0.76624,0.9958,0.69809,0.72299,0.67422,0.74306,119.82,0.9927,live,0.1022,0.0995,73.88,742.27
156513.681871,100.0,0.9311,4,2,0,0.65625,0.74028,0.63047,0.69167,0.61641,0.62917,0.61406,0.58194,0.62109,0.54167,0.64531,0.55417,0.64297,0.49167,0.62266,0.48472,0.60625,0.49444,0.66484,0.55694,0.66719,0.47639,0.64531,0.47361,0.62813,0.49028,0.68437,0.57361,0.69453,0.49306,0.67344,0.48750,0.65625,0.50417,0.70469,0.60278,0.71250,0.53750,0.69609,0.52778,0.67891,0.54028,0.63721,0.76949,0.9998,0.76499,1.00000,0.8961,0.69628,0.75564,0.9958,0.68972,0.72645,0.65625,0.74028,116.92,0.9932,live,0.1022,0.0891,65.73,737.38
156513.748440,100.0,0.0421,4,3,0,0.64453,0.73194,0.61797,0.68750,0.60234,0.62222,0.59844,0.57639,0.60313,0.53472,0.63047,0.54722,0.62734,0.48194,0.60625,0.47778,0.58906,0.49028,0.64922,0.55139,0.65078,0.46806,0.62734,0.46667,0.60938,0.48750,0.66875,0.56667,0.67656,0.48611,0.65469,0.47917,0.63672,0.49722,0.68828,0.59444,0.69531,0.52917,0.67812,0.51806,0.66094,0.52917,0.63299,0.75761,0.9998,0.74682,1.00000,0.9017,0.67465,0.70639,0.9961,0.68068,0.72755,0.64453,0.73194,114.88,0.9927,live,0.1022,0.0821,60.06,731.61
156513.816029,100.0,0.1547,4,3,0,0.63750,0.72083,0.61094,0.67639,0.59609,0.61250,0.59219,0.56806,0.59453,0.52361,0.62187,0.53333,0.61797,0.46806,0.59609,0.46528,0.57734,0.47917,0.64062,0.53750,0.64141,0.45556,0.61641,0.45417,0.59688,0.47639,0.66016,0.55417,0.66797,0.47222,0.64297,0.46528,0.62422,0.48194,0.67969,0.58472,0.68516,0.51667,0.66563,0.50694,0.64766,0.51944,0.63188,0.75699,0.9998,0.74457,1.00000,0.8986,0.65907,0.70368,0.9959,0.67205,0.72620,0.63750,0.72083,115.79,0.9957,live,0.1022,0.0808,58.76,727.18
156513.882121,100.0,0.2649,4,3,0,0.63984,0.71389,0.61172,0.67083,0.59609,0.60556,0.59141,0.55833,0.59531,0.51528,0.62266,0.52639,0.61641,0.46389,0.59609,0.45833,0.57812,0.47083,0.64219,0.52917,0.63984,0.45000,0.61641,0.44444,0.59766,0.46389,0.66172,0.54583,0.66797,0.46528,0.64453,0.45417,0.62578,0.46806,0.68047,0.57639,0.68516,0.50972,0.66719,0.49583,0.64844,0.50694,0.62670,0.75695,0.9998,0.73860,1.00000,0.9030,0.65951,0.69128,0.9961,0.66561,0.72374,0.63984,0.71389,115.98,0.9940,live,0.1022,0.0829,60.00,723.43
156513.948708,100.0,0.3759,4,3,0,0.64531,0.71111,0.61719,0.66667,0.60078,0.60139,0.59609,0.55417,0.60078,0.50972,0.62891,0.52222,0.62500,0.45833,0.60391,0.45139,0.58672,0.46389,0.64766,0.52500,0.64844,0.44583,0.62422,0.44028,0.60547,0.45972,0.66641,0.54028,0.67422,0.46111,0.65078,0.45139,0.63203,0.46667,0.68594,0.56944,0.69141,0.50417,0.67422,0.49167,0.65547,0.50278,0.62686,0.75375,0.9998,0.73790,1.00000,0.9017,0.66307,0.69252,0.9961,0.66155,0.72122,0.64531,0.71111,116.67,0.9952,live,0.1022,0.0855,61.60,720.62
156514.015687,100.0,0.4875,4,3,0,0.65547,0.71528,0.62813,0.66944,0.61250,0.60417,0.60859,0.55556,0.61562,0.51250,0.64141,0.52500,0.63750,0.46250,0.61719,0.45278,0.59766,0.46250,0.65938,0.52778,0.65938,0.45000,0.63672,0.44167,0.61797,0.45972,0.67812,0.54306,0.68672,0.46111,0.66484,0.45139,0.64609,0.46667,0.69688,0.57222,0.70312,0.50556,0.68750,0.49306,0.67031,0.50417,0.62699,0.75413,0.9998,0.73872,1.00000,0.8983,0.66414,0.69406,0.9961,0.66033,0.72003,0.65547,0.71528,116.96,0.9954,live,0.1022,0.0848,60.94,718.35
156514.082017,100.0,0.5981,4,3,0,0.67031,0.72500,0.64297,0.67917,0.62734,0.61250,0.62500,0.56111,0.63516,0.52222,0.65703,0.53472,0.65547,0.47222,0.63672,0.46111,0.61953,0.46944,0.67578,0.53750,0.67891,0.45833,0.65859,0.44861,0.64141,0.46667,0.69531,0.55278,0.70625,0.47222,0.68594,0.46250,0.66797,0.47778,0.71562,0.58194,0.72344,0.51667,0.70781,0.50278,0.69063,0.51250,0.63022,0.76110,0.9998,0.76902,1.00000,0.8994,0.68505,0.72290,0.9962,0.66233,0.72102,0.67031,0.72500,118.45,0.9934,live,0.1022,0.0786,56.39,717.43
156514.148899,100.0,0.7095,4,3,0,0.68984,0.73750,0.66328,0.68611,0.64922,0.61944,0.64844,0.56944,0.66094,0.53056,0.67969,0.54444,0.68359,0.48194,0.66484,0.47361,0.64766,0.48333,0.70000,0.54722,0.70859,0.46944,0.68750,0.46389,0.67109,0.48472,0.71953,0.56667,0.73281,0.48750,0.71250,0.48056,0.69688,0.50139,0.73984,0.59861,0.75000,0.53472,0.73516,0.52222,0.71953,0.53472,0.63414,0.76196,0.9998,0.76904,1.00000,0.8965,0.70396,0.74446,0.9961,0.66783,0.72432,0.68984,0.73750,120.57,0.9896,live,0.0960,0.0677,48.63,718.15
156514.215630,100.0,0.8207,4,3,0,0.71016,0.75000,0.68437,0.69722,0.67188,0.62917,0.67578,0.57778,0.69297,0.54444,0.70469,0.55000,0.71016,0.49167,0.69531,0.48056,0.67969,0.49306,0.72578,0.55417,0.73594,0.48056,0.71797,0.47361,0.70156,0.49583,0.74687,0.57222,0.76250,0.50000,0.74609,0.49028,0.73047,0.50972,0.76797,0.60556,0.78047,0.54722,0.76875,0.53333,0.75313,0.54722,0.63420,0.76987,0.9998,0.77436,1.00000,0.8958,0.72364,0.74933,0.9960,0.67630,0.72945,0.71016,0.75000,126.14,0.9917,live,0.0882,0.0529,38.22,722.79
156514.282185,100.0,0.9317,4,3,0,0.72969,0.75694,0.70469,0.70278,0.69531,0.63333,0.70391,0.58194,0.72031,0.54722,0.73125,0.55417,0.74062,0.49306,0.72656,0.48472,0.71016,0.50000,0.75313,0.55972,0.76562,0.48750,0.74844,0.47917,0.73047,0.50139,0.77266,0.58056,0.79141,0.50833,0.77734,0.49444,0.76172,0.51111,0.79297,0.61528,0.81016,0.55694,0.80000,0.54167,0.78359,0.55417,0.63412,0.77118,0.9998,0.76111,1.00000,0.8928,0.74524,0.75997,0.9957,0.68697,0.73495,0.72969,0.75694,127.96,0.9924,live,0.0812,0.0491,35.76,728.18
156514.349092,100.0,0.0432,4,4,0,0.74609,0.75833,0.72031,0.70278,0.71328,0.63056,0.72422,0.57917,0.74219,0.54167,0.75078,0.55556,0.75703,0.50000,0.74531,0.48750,0.73203,0.49861,0.77266,0.55972,0.78359,0.49028,0.76953,0.48056,0.75313,0.50139,0.79297,0.58056,0.81094,0.51111,0.79844,0.49722,0.78359,0.51528,0.81250,0.61528,0.82969,0.55694,0.82031,0.54028,0.80469,0.55278,0.63587,0.77162,0.9998,0.76876,1.00000,0.8881,0.75639,0.76456,0.9952,0.69880,0.73963,0.74609,0.75833,129.15,0.9948,live,0.0812,0.0698,51.22,733.79
156514.415574,100.0,0.1540,4,4,0,0.75547,0.76111,0.73203,0.70278,0.72734,0.63194,0.74141,0.58056,0.75938,0.54167,0.76328,0.55278,0.77031,0.50000,0.76094,0.48750,0.75000,0.49861,0.78672,0.55833,0.79922,0.49167,0.78828,0.47917,0.77422,0.49861,0.80703,0.58056,0.82656,0.51389,0.81719,0.49861,0.80391,0.51667,0.82578,0.61667,0.84453,0.56250,0.83828,0.54306,0.82422,0.54861,0.63590,0.77794,0.9998,0.77068,1.00000,0.8876,0.76394,0.76425,0.9951,0.71013,0.74393,0.75547,0.76111,132.88,0.9958,live,0.0812,0.0891,66.03,741.41
156514.482367,100.0,0.2653,4,4,0,0.76094,0.75833,0.73750,0.70278,0.73281,0.63333,0.74687,0.58333,0.76562,0.54306,0.76719,0.55417,0.77422,0.50139,0.76562,0.48611,0.75547,0.49722,0.79141,0.55833,0.80391,0.49028,0.79375,0.47778,0.78047,0.50000,0.81250,0.57917,0.83281,0.51250,0.82500,0.49444,0.81250,0.51250,0.83203,0.61667,0.85000,0.56111,0.84453,0.54028,0.83047,0.54861,0.63596,0.77786,0.9998,0.77647,1.00000,0.8877,0.78480,0.76481,0.9950,0.72029,0.74681,0.76094,0.75833,131.88,0.9955,live,0.0812,0.1059,79.14,747.39
156514.549191,100.0,0.3767,4,4,0,0.76328,0.75556,0.73828,0.69861,0.73281,0.63056,0.74609,0.57917,0.76484,0.53889,0.76797,0.55278,0.77422,0.50139,0.76562,0.48611,0.75469,0.49722,0.79219,0.55694,0.80391,0.49167,0.79375,0.47778,0.77969,0.49722,0.81250,0.57778,0.83281,0.51250,0.82578,0.49306,0.81406,0.50833,0.83203,0.61250,0.84922,0.55833,0.84453,0.53750,0.83125,0.54444,0.63722,0.77752,0.9998,0.77528,1.00000,0.8845,0.78006,0.76439,0.9946,0.72889,0.74856,0.76328,0.75556,130.47,0.9950,live,0.0882,0.1199,90.13,751.65
156514.615910,100.0,0.4879,4,4,0,0.75781,0.75139,0.73203,0.69583,0.72734,0.62361,0.74141,0.57083,0.75938,0.52778,0.76328,0.54583,0.77109,0.49306,0.76250,0.48056,0.75000,0.49306,0.78672,0.55000,0.79844,0.48333,0.78828,0.47083,0.77344,0.49167,0.80781,0.57222,0.82656,0.50417,0.81719,0.48611,0.80469,0.50278,0.82656,0.60694,0.84531,0.55417,0.83906,0.53333,0.82500,0.54028,0.63772,0.78077,0.9998,0.77580,1.00000,0.8836,0.77617,0.76384,0.9944,0.73468,0.74912,0.75781,0.75139,131.56,0.9933,live,0.0949,0.1254,94.79,756.17
156514.682484,100.0,0.5988,4,4,0,0.74609,0.74306,0.72188,0.68889,0.71562,0.61667,0.72734,0.56389,0.74531,0.52778,0.74922,0.54028,0.75625,0.48611,0.74531,0.47361,0.73203,0.48472,0.77266,0.54306,0.78359,0.47500,0.77031,0.46111,0.75547,0.48333,0.79375,0.56389,0.81094,0.49444,0.80078,0.47639,0.78672,0.49306,0.81406,0.59861,0.83047,0.54306,0.82188,0.52222,0.80625,0.53056,0.64237,0.77959,0.9998,0.77572,1.00000,0.8843,0.77068,0.75785,0.9946,0.73696,0.74791,0.74609,0.74306,130.66,0.9956,live,0.0949,0.1189,90.27,759.50
156514.749325,100.0,0.7102,4,4,0,0.73359,0.72778,0.70781,0.67361,0.69922,0.60278,0.70703,0.55139,0.72188,0.51389,0.73359,0.52639,0.73906,0.46806,0.72578,0.45556,0.71172,0.46667,0.75625,0.53056,0.76719,0.45833,0.75156,0.44722,0.73438,0.46806,0.77656,0.55000,0.79375,0.47778,0.78047,0.46389,0.76641,0.48472,0.79609,0.58333,0.81094,0.52639,0.80156,0.50694,0.78672,0.51667,0.64154,0.77996,0.9998,0.76511,1.00000,0.8840,0.75907,0.73979,0.9946,0.73629,0.74388,0.73359,0.72778,127.76,0.9953,live,0.0949,0.1038,78.93,760.35
156514.815686,100.0,0.8208,4,4,0,0.72109,0.70972,0.69375,0.65694,0.68203,0.58750,0.68672,0.53472,0.70078,0.49167,0.71641,0.50833,0.71875,0.44861,0.70547,0.43611,0.69141,0.44583,0.73750,0.50972,0.74609,0.43611,0.73047,0.42500,0.71406,0.44167,0.75859,0.52639,0.77266,0.45278,0.75859,0.43889,0.74297,0.45694,0.77891,0.55833,0.79063,0.49861,0.77969,0.48056,0.76406,0.48889,0.64150,0.77820,0.9998,0.76589,1.00000,0.8835,0.74522,0.72868,0.9946,0.73325,0.73705,0.72109,0.70972,127.53,0.9927,live,0.0949,0.0851,64.79,760.93
156514.882539,100.0,0.9323,4,4,0,0.70937,0.68056,0.67969,0.62639,0.66797,0.55556,0.66953,0.50000,0.68125,0.45972,0.69922,0.48333,0.69922,0.42361,0.68516,0.40694,0.66953,0.41389,0.71953,0.48194,0.72500,0.40833,0.70937,0.39167,0.69141,0.40417,0.74062,0.49583,0.75234,0.42083,0.73828,0.40278,0.72109,0.41944,0.76016,0.52500,0.77031,0.46250,0.75859,0.44444,0.74141,0.45278,0.64195,0.77561,0.9998,0.76938,1.00000,0.8828,0.74167,0.71198,0.9946,0.72847,0.72575,0.70937,0.68056,124.81,0.9895,live,0.0900,0.0680,51.66,759.48
156514.949279,100.0,0.0435,4,1,1,0.69844,0.64722,0.66875,0.59028,0.65625,0.51806,0.65781,0.46250,0.66875,0.41806,0.68594,0.44583,0.68203,0.39167,0.66875,0.37222,0.65391,0.37361,0.70547,0.44444,0.70781,0.37639,0.69375,0.35556,0.67734,0.36111,0.72578,0.45833,0.73594,0.38472,0.72266,0.36389,0.70703,0.37500,0.74609,0.48611,0.75547,0.42361,0.74453,0.40278,0.72891,0.40833,0.64219,0.77310,0.9998,0.76693,1.00000,0.8892,0.72857,0.67393,0.9950,0.72247,0.71005,0.69844,0.64722,126.37,0.9912,live,0.0843,0.0585,44.39,759.33
