timestamp,bpm,beat_phase,meter_beats,beat_in_bar,is_downbeat,lm_0_x,lm_0_y,lm_1_x,lm_1_y,lm_2_x,lm_2_y,lm_3_x,lm_3_y,lm_4_x,lm_4_y,lm_5_x,lm_5_y,lm_6_x,lm_6_y,lm_7_x,lm_7_y,lm_8_x,lm_8_y,lm_9_x,lm_9_y,lm_10_x,lm_10_y,lm_11_x,lm_11_y,lm_12_x,lm_12_y,lm_13_x,lm_13_y,lm_14_x,lm_14_y,lm_15_x,lm_15_y,lm_16_x,lm_16_y,lm_17_x,lm_17_y,lm_18_x,lm_18_y,lm_19_x,lm_19_y,lm_20_x,lm_20_y,right_shoulder_x,right_shoulder_y,right_shoulder_conf,right_elbow_x,right_elbow_y,right_elbow_conf,right_wrist_x,right_wrist_y,right_wrist_conf,wrist_x,wrist_y,raw_wrist_x,raw_wrist_y,hand_scale_px,confidence,tracking_mode,dynamics_intensity,dynamics_raw_intensity,dynamics_span_px,dynamics_reference_span_px
155873.035323,80.0,0.0399,3,1,1,0.71562,0.52778,0.67812,0.47083,0.66406,0.38750,0.66328,0.31806,0.66563,0.25833,0.69453,0.32500,0.69297,0.26667,0.68125,0.24028,0.66797,0.23472,0.71719,0.31667,0.71797,0.24167,0.70312,0.21806,0.68516,0.22639,0.73906,0.32222,0.74531,0.24306,0.73047,0.21806,0.71250,0.22778,0.76094,0.34167,0.76328,0.27917,0.75156,0.24583,0.73438,0.23889,0.65302,0.77661,0.9998,0.83556,1.00000,0.8446,0.74937,0.54421,0.9946,0.74837,0.67349,0.71562,0.52778,133.09,0.9781,live,0.1027,0.1304,109.19,837.43
155873.102624,80.0,0.1296,3,1,1,0.71016,0.50972,0.67188,0.45694,0.65625,0.37222,0.65391,0.30000,0.65469,0.24028,0.68828,0.31111,0.68281,0.25556,0.66953,0.23056,0.65391,0.21944,0.70859,0.30139,0.70625,0.22917,0.69063,0.20694,0.67109,0.21111,0.72891,0.30556,0.73125,0.22917,0.71641,0.20278,0.69922,0.20556,0.75000,0.32083,0.75078,0.25833,0.73984,0.22500,0.72500,0.21389,0.65304,0.77662,0.9998,0.83689,1.00000,0.8486,0.73959,0.52858,0.9948,0.74073,0.64074,0.71016,0.50972,130.07,0.9822,live,0.1134,0.1622,134.72,830.59
155873.168961,80.0,0.2181,3,1,1,0.70469,0.49444,0.66563,0.44167,0.64922,0.35833,0.64609,0.28750,0.64453,0.22778,0.68047,0.30000,0.67500,0.24306,0.66250,0.21806,0.64609,0.20972,0.70156,0.28889,0.69844,0.21944,0.68437,0.19444,0.66484,0.19444,0.72188,0.29306,0.72344,0.21944,0.71016,0.19167,0.69219,0.19167,0.74297,0.30833,0.74141,0.24583,0.73125,0.21250,0.71484,0.19861,0.65246,0.77493,0.9998,0.83499,1.00000,0.8526,0.73291,0.51360,0.9950,0.73352,0.61148,0.70469,0.49444,128.59,0.9802,live,0.1275,0.1915,157.72,823.50
155873.235341,80.0,0.3066,3,1,1,0.70000,0.48750,0.66094,0.43194,0.64375,0.35000,0.64062,0.27917,0.63906,0.21806,0.67578,0.29167,0.66953,0.23750,0.65781,0.21389,0.64219,0.20278,0.69766,0.28194,0.69297,0.21528,0.67969,0.19028,0.66094,0.19028,0.71797,0.28611,0.71953,0.21528,0.70703,0.18611,0.68906,0.18611,0.73906,0.30139,0.73828,0.24167,0.72813,0.20694,0.71172,0.19444,0.65461,0.78063,0.9998,0.83456,1.00000,0.8565,0.72469,0.51064,0.9952,0.72682,0.58668,0.70000,0.48750,129.18,0.9823,live,0.1430,0.2136,174.64,817.69
155873.302763,80.0,0.3965,3,1,1,0.69531,0.48194,0.65703,0.43056,0.63906,0.35000,0.63594,0.27917,0.63438,0.21806,0.67266,0.29028,0.66563,0.23611,0.65312,0.21250,0.63750,0.20139,0.69453,0.28056,0.68984,0.21250,0.67422,0.18750,0.65469,0.19028,0.71484,0.28333,0.71562,0.20972,0.70234,0.18056,0.68359,0.18333,0.73594,0.30000,0.73594,0.23750,0.72422,0.20278,0.70703,0.19306,0.65324,0.78054,0.9998,0.83325,1.00000,0.8596,0.72547,0.49580,0.9954,0.72052,0.56573,0.69531,0.48194,127.07,0.9801,live,0.1577,0.2248,182.31,811.05
155873.368828,80.0,0.4845,3,1,1,0.69063,0.48472,0.65391,0.43472,0.63750,0.35417,0.63203,0.28611,0.63203,0.22778,0.67031,0.29444,0.66328,0.23889,0.64922,0.21389,0.63359,0.20556,0.69141,0.28333,0.68828,0.21389,0.67188,0.19028,0.65078,0.19722,0.71172,0.28611,0.71328,0.21250,0.69688,0.18611,0.67656,0.19167,0.73203,0.30139,0.73281,0.24028,0.72109,0.20694,0.70391,0.19722,0.65233,0.78067,0.9998,0.82680,1.00000,0.8625,0.71908,0.49899,0.9955,0.71454,0.54953,0.69063,0.48472,126.46,0.9803,live,0.1694,0.2224,178.99,804.78
155873.435703,80.0,0.5737,3,1,1,0.68594,0.49861,0.64922,0.45139,0.63359,0.36806,0.62891,0.30000,0.62656,0.24028,0.66563,0.30556,0.66016,0.25000,0.64531,0.22500,0.62969,0.21667,0.68672,0.29583,0.68516,0.22500,0.66797,0.20000,0.64687,0.20833,0.70781,0.29861,0.71094,0.22778,0.69375,0.19722,0.67344,0.20278,0.72813,0.31528,0.73047,0.25556,0.71875,0.22222,0.70078,0.21389,0.64929,0.77963,0.9998,0.82398,1.00000,0.8666,0.71660,0.50412,0.9957,0.70882,0.53935,0.68594,0.49861,127.58,0.9836,live,0.1759,0.2059,164.77,800.07
155873.502804,80.0,0.6632,3,1,1,0.68047,0.53194,0.64453,0.48194,0.62813,0.40139,0.62344,0.33333,0.62109,0.27222,0.66172,0.33611,0.65781,0.27500,0.64297,0.25000,0.62500,0.24583,0.68203,0.32778,0.67891,0.25556,0.66094,0.22917,0.64062,0.23611,0.70312,0.33333,0.70625,0.25556,0.68906,0.22639,0.66953,0.23194,0.72500,0.35139,0.72656,0.28750,0.71250,0.25556,0.69297,0.25417,0.64902,0.77934,0.9998,0.81034,1.00000,0.8648,0.71074,0.51712,0.9958,0.70315,0.53787,0.68047,0.53194,128.43,0.9838,live,0.1759,0.1776,141.49,796.53
155873.568887,80.0,0.7513,3,1,1,0.67344,0.58889,0.64141,0.54167,0.62500,0.45972,0.61953,0.39444,0.61719,0.33472,0.65625,0.39167,0.65469,0.32361,0.63906,0.30417,0.62266,0.30972,0.67891,0.38750,0.68047,0.30417,0.66484,0.28889,0.65000,0.31111,0.70078,0.39722,0.70625,0.31389,0.68984,0.29861,0.67500,0.31944,0.72266,0.41806,0.72656,0.34861,0.71172,0.32500,0.69453,0.33333,0.64872,0.78146,0.9998,0.80594,1.00000,0.8673,0.70126,0.57107,0.9960,0.69721,0.54807,0.67344,0.58889,128.54,0.9839,live,0.1759,0.1831,145.32,793.50
155873.635950,80.0,0.8407,3,1,1,0.67578,0.65833,0.64375,0.61389,0.62813,0.53472,0.62266,0.47083,0.62031,0.41250,0.66172,0.46250,0.66016,0.39444,0.64375,0.37917,0.62969,0.38611,0.68437,0.45972,0.68906,0.37222,0.67188,0.36250,0.65625,0.38889,0.70625,0.47222,0.71406,0.38750,0.69609,0.37500,0.67969,0.39583,0.72813,0.49861,0.73594,0.42917,0.72109,0.40694,0.70391,0.41389,0.64817,0.78910,0.9998,0.79491,1.00000,0.8713,0.70294,0.66770,0.9960,0.69292,0.57012,0.67578,0.65833,126.89,0.9913,live,0.1662,0.1217,96.08,789.64
155873.703180,80.0,0.9303,3,1,1,0.67422,0.72083,0.64453,0.67500,0.63125,0.59861,0.62813,0.53889,0.62656,0.48194,0.66406,0.52083,0.66563,0.45139,0.64844,0.43750,0.63359,0.45000,0.68750,0.52222,0.69688,0.43056,0.67656,0.42639,0.66094,0.45833,0.71016,0.53750,0.72422,0.44861,0.70312,0.44028,0.68672,0.46667,0.73281,0.56944,0.74375,0.49861,0.72734,0.47778,0.71016,0.48750,0.64469,0.78900,0.9998,0.79556,1.00000,0.8746,0.70379,0.72662,0.9962,0.68918,0.60027,0.67422,0.72083,128.90,0.9935,live,0.1540,0.0986,77.65,787.69
155873.769330,80.0,0.0185,3,2,0,0.67109,0.75694,0.64297,0.70694,0.62969,0.62917,0.62656,0.57222,0.62891,0.51944,0.66406,0.55278,0.66563,0.48472,0.64687,0.47500,0.63203,0.48750,0.68672,0.55556,0.69609,0.46389,0.67266,0.46528,0.65625,0.49583,0.70859,0.57361,0.72422,0.48472,0.70000,0.47917,0.68281,0.50417,0.73047,0.60556,0.74219,0.53472,0.72500,0.51944,0.70703,0.53333,0.64331,0.79009,0.9998,0.79025,1.00000,0.8767,0.70396,0.76671,0.9962,0.68556,0.63160,0.67109,0.75694,129.91,0.9922,live,0.1459,0.1089,85.69,786.70
155873.836036,80.0,0.1075,3,2,0,0.66797,0.77222,0.63906,0.71806,0.62500,0.64306,0.61953,0.58750,0.62109,0.53333,0.65938,0.56667,0.66172,0.50000,0.64219,0.49306,0.62734,0.50417,0.68203,0.57222,0.68984,0.48333,0.66641,0.48750,0.65000,0.51250,0.70312,0.59028,0.71719,0.50417,0.69453,0.50139,0.67734,0.52639,0.72500,0.62361,0.73516,0.55278,0.71719,0.54028,0.70000,0.55556,0.64310,0.79443,0.9998,0.77673,1.00000,0.8801,0.70137,0.80253,0.9963,0.68204,0.65973,0.66797,0.77222,129.13,0.9902,live,0.1459,0.1281,100.61,785.27
155873.903221,80.0,0.1971,3,2,0,0.66406,0.77917,0.63594,0.72361,0.62187,0.65000,0.61719,0.59722,0.61719,0.54306,0.65547,0.57639,0.65781,0.50972,0.63906,0.50278,0.62422,0.51528,0.67734,0.58194,0.68516,0.49444,0.66250,0.49861,0.64609,0.52361,0.69766,0.60139,0.71250,0.51667,0.68984,0.51528,0.67266,0.54028,0.71953,0.63472,0.72891,0.56528,0.71250,0.55000,0.69531,0.56250,0.64019,0.79691,0.9998,0.77195,1.00000,0.8807,0.69518,0.79611,0.9963,0.67845,0.68361,0.66406,0.77917,126.87,0.9904,live,0.1459,0.1465,114.66,782.39
155873.969006,80.0,0.2848,3,2,0,0.66094,0.78333,0.63359,0.72917,0.62031,0.65694,0.61484,0.60417,0.61484,0.55000,0.65234,0.58472,0.65469,0.51806,0.63516,0.51250,0.62109,0.52639,0.67422,0.59028,0.68359,0.50278,0.66016,0.50694,0.64375,0.53472,0.69531,0.60972,0.71016,0.52639,0.68750,0.52639,0.67031,0.55278,0.71641,0.64306,0.72656,0.57500,0.70937,0.56111,0.69297,0.57361,0.63907,0.80985,0.9998,0.76765,1.00000,0.8823,0.69453,0.80117,0.9963,0.67495,0.70356,0.66094,0.78333,124.76,0.9918,live,0.1459,0.1631,126.93,778.33
155874.036085,80.0,0.3742,3,2,0,0.65625,0.78611,0.62969,0.73194,0.61719,0.66111,0.61172,0.61111,0.61094,0.55833,0.64922,0.59028,0.65078,0.52500,0.63047,0.52083,0.61562,0.53333,0.67031,0.59583,0.67891,0.50972,0.65469,0.51389,0.63828,0.54167,0.69063,0.61528,0.70547,0.53333,0.68125,0.53194,0.66406,0.55694,0.71094,0.64861,0.72188,0.57917,0.70312,0.56806,0.68594,0.58333,0.63898,0.81359,0.9998,0.76115,1.00000,0.8833,0.69201,0.79853,0.9964,0.67121,0.72007,0.65625,0.78611,122.55,0.9905,live,0.1516,0.1777,137.41,773.16
155874.103280,80.0,0.4638,3,2,0,0.65156,0.78889,0.62578,0.73611,0.61250,0.66667,0.60781,0.61806,0.60703,0.56528,0.64453,0.59722,0.64687,0.53056,0.62656,0.52917,0.61250,0.54306,0.66484,0.60417,0.67422,0.51667,0.64922,0.52361,0.63281,0.55139,0.68437,0.62222,0.69922,0.54167,0.67422,0.54167,0.65781,0.56667,0.70469,0.65417,0.71484,0.58750,0.69531,0.57917,0.67891,0.59444,0.63898,0.81331,0.9997,0.76214,1.00000,0.8842,0.68787,0.80657,0.9963,0.66728,0.73383,0.65156,0.78889,119.52,0.9902,live,0.1570,0.1815,139.13,766.44
155874.169477,80.0,0.5521,3,2,0,0.64844,0.79306,0.62187,0.74167,0.60938,0.67222,0.60469,0.62222,0.60156,0.57222,0.63984,0.60417,0.64219,0.53889,0.62187,0.53750,0.60781,0.55000,0.66016,0.60972,0.66797,0.52500,0.64297,0.53194,0.62656,0.55972,0.67891,0.62778,0.69219,0.54861,0.66719,0.55139,0.65078,0.57500,0.69844,0.65833,0.70781,0.59444,0.68828,0.58472,0.67188,0.60000,0.63841,0.81352,0.9997,0.74954,1.00000,0.8845,0.67911,0.80212,0.9963,0.66351,0.74568,0.64844,0.79306,117.51,0.9897,live,0.1570,0.1737,131.89,759.07
155874.236149,80.0,0.6410,3,2,0,0.65234,0.79028,0.62656,0.73889,0.61328,0.67500,0.60781,0.62917,0.60547,0.58333,0.64219,0.61111,0.64375,0.54722,0.62344,0.54444,0.60938,0.55694,0.66094,0.61667,0.66953,0.53056,0.64453,0.53889,0.62891,0.56667,0.67969,0.63194,0.69219,0.55417,0.66875,0.55833,0.65391,0.58472,0.69844,0.65972,0.70625,0.59722,0.68828,0.59167,0.67266,0.60694,0.63816,0.81348,0.9997,0.75119,1.00000,0.8825,0.67944,0.79970,0.9962,0.66128,0.75460,0.65234,0.79028,111.54,0.9880,live,0.1570,0.1560,116.72,748.29
155874.303065,80.0,0.7302,3,2,0,0.66641,0.77778,0.64141,0.72917,0.62969,0.66389,0.62578,0.61389,0.62656,0.56667,0.65938,0.60139,0.66250,0.54028,0.64453,0.53611,0.62969,0.54583,0.67734,0.60556,0.68359,0.52917,0.66250,0.53333,0.64687,0.55556,0.69531,0.62083,0.70703,0.54583,0.68594,0.54861,0.67109,0.57083,0.71562,0.64583,0.72344,0.58472,0.70781,0.58056,0.69297,0.59583,0.63507,0.81150,0.9997,0.76234,1.00000,0.8843,0.68421,0.79827,0.9963,0.66230,0.75923,0.66641,0.77778,111.22,0.9881,live,0.1570,0.1623,119.90,738.58
155874.369695,80.0,0.8190,3,2,0,0.68906,0.76111,0.66563,0.70694,0.65625,0.64306,0.65547,0.59306,0.65938,0.54583,0.68516,0.58611,0.69063,0.53194,0.67734,0.52222,0.66563,0.52778,0.70391,0.59028,0.71328,0.51944,0.69766,0.51806,0.68437,0.53889,0.72188,0.60278,0.73516,0.53333,0.71953,0.53056,0.70625,0.55278,0.73984,0.62778,0.75000,0.57222,0.73828,0.55972,0.72422,0.57222,0.63293,0.81583,0.9997,0.78194,1.00000,0.8867,0.70805,0.79489,0.9963,0.66765,0.75961,0.68906,0.76111,110.66,0.9866,live,0.1477,0.1051,76.67,729.63
155874.436077,80.0,0.9075,3,2,0,0.70781,0.74583,0.68516,0.69028,0.67891,0.62500,0.68203,0.57361,0.68906,0.52917,0.70781,0.57639,0.71406,0.52778,0.70469,0.51111,0.69609,0.50972,0.72578,0.57917,0.73828,0.51250,0.72500,0.50417,0.71172,0.52222,0.74297,0.59167,0.75859,0.52500,0.74453,0.51806,0.73203,0.53889,0.75938,0.61528,0.76953,0.56111,0.75938,0.54722,0.74687,0.55833,0.62986,0.82140,0.9997,0.75508,1.00000,0.8821,0.72222,0.77058,0.9963,0.67569,0.75685,0.70781,0.74583,107.68,0.9867,live,0.1358,0.0819,58.97,719.60
155874.503606,80.0,0.9976,3,2,0,0.71953,0.74028,0.69766,0.68472,0.69219,0.61944,0.69688,0.56806,0.70703,0.52500,0.71953,0.57083,0.72500,0.52778,0.71797,0.50833,0.70937,0.50417,0.73750,0.57361,0.74766,0.51389,0.73906,0.50139,0.72656,0.51528,0.75469,0.58472,0.76797,0.52639,0.75859,0.51250,0.74531,0.52639,0.77187,0.60833,0.78125,0.55972,0.77422,0.54028,0.76328,0.54444,0.62689,0.82441,0.9997,0.75543,1.00000,0.8782,0.73559,0.75524,0.9961,0.68446,0.75354,0.71953,0.74028,108.17,0.9862,live,0.1241,0.0704,50.09,711.13
155874.570949,80.0,0.0874,3,3,0,0.72656,0.74167,0.70469,0.68333,0.70078,0.61944,0.70625,0.56806,0.71562,0.52778,0.72891,0.57639,0.73359,0.53194,0.72813,0.51111,0.72031,0.50694,0.74687,0.57917,0.75703,0.52222,0.74922,0.50694,0.73594,0.51806,0.76328,0.59167,0.77656,0.53611,0.76797,0.51806,0.75469,0.52639,0.77969,0.61389,0.78984,0.56806,0.78438,0.54444,0.77266,0.54306,0.62254,0.83112,0.9997,0.75529,1.00000,0.8740,0.74231,0.75043,0.9960,0.69288,0.75116,0.72656,0.74167,105.92,0.9822,live,0.1144,0.0705,49.46,702.06
155874.636364,80.0,0.1746,3,3,0,0.72813,0.73889,0.70625,0.68472,0.70312,0.62083,0.70937,0.56944,0.71953,0.53056,0.73125,0.58056,0.73750,0.53472,0.73359,0.51389,0.72578,0.51250,0.74922,0.58194,0.76016,0.52639,0.75391,0.51111,0.74141,0.52361,0.76562,0.59444,0.77812,0.54167,0.77109,0.52222,0.75938,0.53056,0.78125,0.61667,0.79141,0.57222,0.78750,0.54861,0.77734,0.54444,0.61982,0.83644,0.9997,0.75534,1.00000,0.8728,0.74159,0.75099,0.9959,0.69993,0.74871,0.72813,0.73889,102.64,0.9810,live,0.1076,0.0764,52.84,691.71
155874.703696,80.0,0.2644,3,3,0,0.72578,0.73889,0.70469,0.68611,0.70078,0.62361,0.70703,0.57083,0.71797,0.53056,0.72891,0.58472,0.73516,0.54167,0.73125,0.52222,0.72344,0.51806,0.74687,0.58611,0.75703,0.53472,0.75078,0.51667,0.73906,0.52639,0.76328,0.59861,0.77578,0.54722,0.76875,0.52778,0.75703,0.53611,0.77812,0.62083,0.78906,0.57778,0.78438,0.55417,0.77344,0.55139,0.61925,0.83620,0.9997,0.75732,1.00000,0.8708,0.73993,0.75263,0.9957,0.70510,0.74675,0.72578,0.73889,100.18,0.9792,live,0.1076,0.0837,56.98,680.83
155874.769384,80.0,0.3520,3,3,0,0.72188,0.74167,0.70156,0.69167,0.69688,0.62917,0.70391,0.57778,0.71484,0.53889,0.72500,0.58889,0.73047,0.54722,0.72656,0.52778,0.71875,0.52500,0.74297,0.59167,0.75313,0.54167,0.74687,0.52361,0.73516,0.53333,0.75859,0.60278,0.77109,0.55417,0.76484,0.53472,0.75313,0.54306,0.77344,0.62500,0.78281,0.58333,0.77969,0.56111,0.77031,0.55972,0.61735,0.84507,0.9997,0.75288,1.00000,0.8748,0.73911,0.75240,0.9957,0.70845,0.74573,0.72188,0.74167,98.86,0.9831,live,0.1076,0.0913,61.21,670.32
155874.836044,80.0,0.4408,3,3,0,0.71641,0.74306,0.69609,0.69306,0.69219,0.63194,0.69844,0.58333,0.70937,0.54444,0.71953,0.59444,0.72500,0.55417,0.72031,0.53472,0.71328,0.53056,0.73672,0.59583,0.74609,0.54722,0.73984,0.53056,0.72813,0.54028,0.75234,0.60833,0.76484,0.55833,0.75781,0.54028,0.74609,0.55000,0.76719,0.62917,0.77656,0.58611,0.77187,0.56806,0.76172,0.57083,0.61431,0.84727,0.9997,0.74785,1.00000,0.8734,0.73875,0.75278,0.9958,0.71004,0.74519,0.71641,0.74306,96.69,0.9838,live,0.1076,0.0959,63.28,659.50
155874.903699,80.0,0.5310,3,3,0,0.70859,0.74444,0.68828,0.69583,0.68516,0.63611,0.69063,0.58750,0.69922,0.55000,0.71094,0.59722,0.71562,0.55694,0.71172,0.53889,0.70469,0.53472,0.72813,0.60000,0.73750,0.55000,0.73047,0.53472,0.71875,0.54444,0.74375,0.61111,0.75625,0.56111,0.74844,0.54306,0.73750,0.55278,0.75859,0.63194,0.76875,0.59167,0.76484,0.57083,0.75469,0.57083,0.61038,0.85355,0.9997,0.74643,1.00000,0.8733,0.73608,0.75856,0.9960,0.70975,0.74504,0.70859,0.74444,95.54,0.9857,live,0.1076,0.0851,55.26,649.15
155874.969853,80.0,0.6192,3,3,0,0.69609,0.73194,0.67656,0.68472,0.67344,0.62500,0.67969,0.57917,0.68672,0.54306,0.70078,0.58750,0.70391,0.55000,0.69766,0.53056,0.68984,0.52361,0.71641,0.58889,0.72578,0.53889,0.71641,0.52500,0.70312,0.53333,0.73125,0.60000,0.74375,0.55000,0.73438,0.53611,0.72188,0.54444,0.74609,0.62083,0.75547,0.58056,0.75000,0.56111,0.73984,0.56111,0.60749,0.85336,0.9997,0.74666,1.00000,0.8736,0.71857,0.76061,0.9961,0.70702,0.74242,0.69609,0.73194,93.91,0.9865,live,0.1009,0.0707,45.19,638.86
155875.036581,80.0,0.7082,3,3,0,0.68047,0.70139,0.66094,0.65417,0.65625,0.59861,0.66094,0.55278,0.66719,0.51667,0.68203,0.55972,0.68437,0.52361,0.67656,0.50694,0.66719,0.49722,0.69766,0.55833,0.70234,0.51389,0.69219,0.49861,0.67891,0.49861,0.71250,0.56667,0.72031,0.51806,0.71016,0.50417,0.69688,0.50694,0.72734,0.58194,0.73281,0.54167,0.72578,0.52361,0.71562,0.52222,0.60511,0.85381,0.9997,0.75216,1.00000,0.8738,0.70325,0.73945,0.9960,0.70171,0.73422,0.68047,0.70139,93.09,0.9742,live,0.0929,0.0566,35.58,629.22
155875.103831,80.0,0.7979,3,3,0,0.66563,0.65972,0.64375,0.60833,0.63672,0.55000,0.63906,0.50417,0.64141,0.46528,0.66172,0.51806,0.66172,0.47778,0.65234,0.45972,0.64062,0.45000,0.67656,0.51389,0.67812,0.46806,0.66641,0.45000,0.65234,0.44861,0.69063,0.51806,0.69531,0.47083,0.68437,0.45139,0.67109,0.45139,0.70625,0.52917,0.70937,0.48611,0.70078,0.46806,0.68828,0.46806,0.60504,0.85228,0.9997,0.74828,1.00000,0.8729,0.69056,0.69200,0.9958,0.69449,0.71932,0.66563,0.65972,93.26,0.9615,live,0.0854,0.0512,31.76,620.86
155875.169535,80.0,0.8855,3,3,0,0.65547,0.61389,0.63047,0.56111,0.62187,0.50556,0.62187,0.45694,0.62422,0.41667,0.64375,0.46667,0.64219,0.42917,0.63359,0.40972,0.62344,0.40139,0.65781,0.46250,0.65859,0.41806,0.65078,0.40000,0.63906,0.39722,0.67266,0.46528,0.67578,0.42083,0.66875,0.40000,0.65781,0.40000,0.68828,0.47778,0.68906,0.43750,0.68281,0.41667,0.67188,0.41111,0.60342,0.85111,0.9997,0.74268,1.00000,0.8743,0.67254,0.60319,0.9959,0.68669,0.69823,0.65547,0.61389,95.07,0.9746,live,0.0854,0.0788,48.44,614.81
155875.236559,80.0,0.9749,3,3,0,0.65156,0.57222,0.62422,0.52222,0.61406,0.46528,0.61172,0.41806,0.61250,0.37778,0.63438,0.42778,0.63047,0.39028,0.62266,0.36944,0.61328,0.35972,0.64844,0.42083,0.64922,0.37500,0.63906,0.35556,0.62656,0.35833,0.66250,0.42222,0.66719,0.37500,0.65781,0.35417,0.64609,0.35556,0.67812,0.43194,0.68125,0.39167,0.67344,0.36944,0.66172,0.36528,0.60253,0.84906,0.9997,0.74017,0.98849,0.8773,0.66599,0.56098,0.9959,0.67966,0.67303,0.65156,0.57222,94.51,0.9802,live,0.0854,0.1080,65.80,609.08
155875.303774,80.0,0.0645,3,1,1,0.64922,0.53472,0.62109,0.49028,0.61016,0.43611,0.60781,0.38611,0.60938,0.34444,0.63359,0.39861,0.63125,0.35972,0.62187,0.34167,0.61172,0.33611,0.64844,0.39167,0.64766,0.34444,0.63594,0.32639,0.62187,0.32917,0.66172,0.39306,0.66563,0.34306,0.65391,0.32361,0.64062,0.32917,0.67656,0.40278,0.67969,0.35972,0.67031,0.33889,0.65781,0.33611,0.60143,0.84179,0.9997,0.74025,0.97988,0.8790,0.66618,0.56133,0.9960,0.67357,0.64537,0.64922,0.53472,89.84,0.9787,live,0.0958,0.1432,86.03,600.67
155875.370105,80.0,0.1529,3,1,1,0.65000,0.51528,0.62266,0.47917,0.61016,0.42500,0.60859,0.37639,0.61094,0.33472,0.63203,0.38472,0.62969,0.34583,0.62109,0.32778,0.61250,0.32222,0.64687,0.37639,0.64453,0.32917,0.63516,0.31250,0.62500,0.31806,0.66094,0.37778,0.66328,0.32639,0.65312,0.31111,0.64219,0.32083,0.67656,0.38611,0.67891,0.34444,0.66953,0.32639,0.65781,0.32917,0.60146,0.83577,0.9997,0.74032,0.96211,0.8804,0.66846,0.54507,0.9961,0.66886,0.61935,0.65000,0.51528,88.22,0.9749,live,0.1104,0.1770,104.83,592.11
155875.436735,80.0,0.2418,3,1,1,0.65156,0.51111,0.62500,0.47361,0.61250,0.41944,0.61016,0.37222,0.61172,0.33194,0.63438,0.37917,0.63047,0.34167,0.62187,0.32500,0.61250,0.31667,0.64844,0.37222,0.64844,0.32361,0.63750,0.30833,0.62578,0.31250,0.66328,0.37361,0.66641,0.32222,0.65547,0.30694,0.64297,0.31528,0.67812,0.38333,0.68125,0.34167,0.67188,0.32500,0.65938,0.32917,0.60149,0.83272,0.9997,0.73991,0.94562,0.8839,0.66925,0.53755,0.9963,0.66540,0.59770,0.65156,0.51111,87.94,0.9790,live,0.1276,0.2059,120.32,584.37
155875.503803,80.0,0.3312,3,1,1,0.65234,0.50972,0.62578,0.47222,0.61328,0.42083,0.61094,0.37222,0.61328,0.33056,0.63516,0.38056,0.63203,0.34167,0.62422,0.32500,0.61484,0.31667,0.65000,0.37222,0.65000,0.32361,0.63906,0.30694,0.62656,0.31389,0.66406,0.37361,0.66797,0.32222,0.65703,0.30556,0.64531,0.31528,0.67891,0.38194,0.68203,0.34167,0.67344,0.32361,0.66094,0.32917,0.60148,0.83081,0.9997,0.73990,0.94112,0.8879,0.67001,0.53079,0.9964,0.66279,0.58011,0.65234,0.50972,87.18,0.9798,live,0.1452,0.2251,129.86,577.01
155875.570163,80.0,0.4197,3,1,1,0.65391,0.51806,0.62656,0.48194,0.61406,0.42917,0.61172,0.38056,0.61406,0.34167,0.63672,0.38889,0.63359,0.35278,0.62500,0.33333,0.61641,0.32500,0.65156,0.38056,0.65078,0.33611,0.64062,0.31806,0.62891,0.32361,0.66563,0.38333,0.66953,0.33472,0.65859,0.31667,0.64687,0.32500,0.68047,0.39167,0.68437,0.35139,0.67500,0.33333,0.66328,0.33611,0.60278,0.83028,0.9996,0.74085,0.94915,0.8880,0.67041,0.53673,0.9965,0.66101,0.56770,0.65391,0.51806,86.95,0.9838,live,0.1603,0.2292,130.72,570.37
155875.636419,80.0,0.5080,3,1,1,0.65391,0.53611,0.62656,0.50000,0.61484,0.44444,0.61250,0.39583,0.61562,0.35556,0.63750,0.40417,0.63516,0.36806,0.62734,0.35000,0.61875,0.34306,0.65234,0.39861,0.65234,0.35139,0.64219,0.33611,0.63125,0.34306,0.66719,0.40278,0.67109,0.34861,0.66016,0.33889,0.65000,0.35278,0.68281,0.41250,0.68594,0.36667,0.67500,0.35556,0.66406,0.36806,0.60307,0.83031,0.9996,0.73932,0.95097,0.8925,0.67067,0.53929,0.9966,0.65959,0.56138,0.65391,0.53611,87.75,0.9891,live,0.1746,0.2400,135.62,565.11
155875.704021,80.0,0.5981,3,1,1,0.65156,0.56528,0.62656,0.53472,0.61484,0.47778,0.61328,0.43056,0.61562,0.38889,0.63750,0.43333,0.63828,0.39306,0.62813,0.37639,0.61875,0.37500,0.65312,0.43056,0.65703,0.37500,0.64375,0.36806,0.63281,0.38194,0.66797,0.43472,0.67266,0.37639,0.65781,0.38472,0.64922,0.41250,0.68516,0.44722,0.68672,0.40000,0.67344,0.40278,0.66406,0.42639,0.60355,0.84088,0.9996,0.73939,1.00000,0.8951,0.67012,0.55070,0.9967,0.65799,0.56216,0.65156,0.56528,87.70,0.9896,live,0.1746,0.1876,105.16,560.44
155875.770136,80.0,0.6863,3,1,1,0.64766,0.60972,0.62656,0.58333,0.61406,0.52778,0.61172,0.48611,0.61172,0.45000,0.63828,0.47639,0.63594,0.43194,0.62578,0.42222,0.61953,0.42778,0.65391,0.47917,0.65938,0.41667,0.64297,0.42639,0.63438,0.45139,0.66953,0.49028,0.66953,0.43472,0.65312,0.46111,0.64844,0.49306,0.68594,0.50833,0.68281,0.46389,0.66875,0.47917,0.66484,0.50556,0.60482,0.84212,0.9997,0.74129,1.00000,0.8986,0.67020,0.61869,0.9968,0.65592,0.57167,0.64766,0.60972,86.05,0.9905,live,0.1746,0.1548,85.94,555.14
155875.836850,80.0,0.7752,3,1,1,0.64766,0.66250,0.62734,0.63750,0.61406,0.58472,0.60859,0.54444,0.60703,0.50972,0.63750,0.52778,0.63672,0.48333,0.62344,0.48056,0.61562,0.48750,0.65469,0.53333,0.65938,0.46806,0.63984,0.49583,0.63281,0.52778,0.67031,0.54861,0.66953,0.49722,0.65000,0.53472,0.64531,0.56528,0.68594,0.57361,0.68047,0.53194,0.66563,0.55417,0.66250,0.57917,0.60620,0.84570,0.9997,0.74015,1.00000,0.9040,0.67019,0.69822,0.9971,0.65427,0.58984,0.64766,0.66250,85.54,0.9935,live,0.1646,0.1188,65.33,550.11
155875.904076,80.0,0.8649,3,1,1,0.64687,0.71250,0.62813,0.68611,0.61562,0.63194,0.61172,0.59444,0.61016,0.55833,0.64062,0.57083,0.63906,0.52361,0.62500,0.52222,0.61484,0.53472,0.65859,0.57778,0.66406,0.51250,0.64375,0.53611,0.63281,0.56806,0.67422,0.59583,0.67578,0.54167,0.65391,0.57500,0.64609,0.60556,0.68984,0.62083,0.68516,0.58056,0.66797,0.60000,0.66250,0.62361,0.60754,0.84743,0.9997,0.73628,1.00000,0.9068,0.67024,0.73346,0.9972,0.65279,0.61437,0.64687,0.71250,89.73,0.9959,live,0.1502,0.0848,46.53,548.71
155875.970193,80.0,0.9530,3,1,1,0.64609,0.74583,0.62734,0.71111,0.61797,0.65694,0.61406,0.61806,0.61484,0.58194,0.64219,0.59583,0.64219,0.54306,0.62734,0.54444,0.61719,0.55972,0.65938,0.60278,0.66563,0.53611,0.64531,0.55833,0.63438,0.58889,0.67578,0.62083,0.67969,0.56111,0.65703,0.59167,0.64687,0.62361,0.69063,0.64861,0.68672,0.60417,0.66797,0.62361,0.65859,0.65000,0.60785,0.84641,0.9997,0.72643,1.00000,0.9046,0.67040,0.75625,0.9972,0.65145,0.64066,0.64609,0.74583,93.87,0.9944,live,0.1427,0.1087,59.81,550.45
155876.036840,80.0,0.0419,3,2,0,0.64609,0.76250,0.62656,0.72361,0.61719,0.66944,0.61484,0.63194,0.61250,0.59583,0.64141,0.60556,0.64219,0.55139,0.62656,0.55417,0.61484,0.57222,0.65859,0.61389,0.66641,0.54722,0.64531,0.56528,0.63203,0.59444,0.67422,0.63333,0.68125,0.57361,0.65703,0.59722,0.64453,0.62778,0.68750,0.66250,0.68437,0.61944,0.66406,0.63611,0.65234,0.66111,0.60842,0.84656,0.9997,0.72475,1.00000,0.9062,0.67042,0.76426,0.9973,0.65038,0.66503,0.64609,0.76250,95.65,0.9954,live,0.1427,0.1379,76.30,553.27
155876.104225,80.0,0.1317,3,2,0,0.64609,0.76528,0.62656,0.72500,0.61641,0.67500,0.61406,0.64028,0.61406,0.60417,0.63828,0.60833,0.64062,0.55278,0.62578,0.55694,0.61406,0.57500,0.65703,0.61528,0.66563,0.54861,0.64453,0.56667,0.63125,0.59583,0.67266,0.63472,0.68047,0.57222,0.65703,0.59722,0.64219,0.62778,0.68594,0.66389,0.68125,0.62361,0.66094,0.63889,0.64844,0.66111,0.60872,0.84490,0.9997,0.71967,1.00000,0.9107,0.66987,0.76850,0.9974,0.64952,0.68508,0.64609,0.76528,96.09,0.9963,live,0.1427,0.1623,90.27,556.05
155876.170195,80.0,0.2197,3,2,0,0.64531,0.76806,0.62500,0.72500,0.61641,0.67361,0.61406,0.63750,0.61406,0.60278,0.63984,0.60694,0.64141,0.55417,0.62578,0.55694,0.61406,0.57500,0.65781,0.61528,0.66563,0.54861,0.64453,0.56667,0.63047,0.59583,0.67344,0.63472,0.68125,0.57361,0.65625,0.59861,0.64141,0.62639,0.68594,0.66389,0.68125,0.62500,0.66016,0.63889,0.64766,0.65833,0.60761,0.84449,0.9997,0.71761,1.00000,0.9121,0.67029,0.77039,0.9976,0.64868,0.70167,0.64531,0.76806,97.62,0.9963,live,0.1498,0.1822,101.97,559.61
155876.236830,80.0,0.3085,3,2,0,0.64687,0.77083,0.62656,0.72639,0.61797,0.67361,0.61562,0.63889,0.61562,0.60417,0.64219,0.60833,0.64375,0.55556,0.62734,0.55694,0.61484,0.57361,0.66016,0.61667,0.66719,0.55000,0.64531,0.56667,0.63047,0.59444,0.67500,0.63611,0.68281,0.57500,0.65781,0.59861,0.64219,0.62639,0.68750,0.66667,0.68281,0.62500,0.66250,0.63750,0.65000,0.65833,0.60649,0.84438,0.9996,0.71539,1.00000,0.9116,0.66997,0.76720,0.9976,0.64832,0.71551,0.64687,0.77083,98.08,0.9960,live,0.1584,0.1973,111.10,563.08
155876.304305,80.0,0.3985,3,2,0,0.65156,0.77083,0.63047,0.72639,0.62266,0.67361,0.62187,0.63889,0.62344,0.60694,0.64922,0.60556,0.65000,0.55417,0.63281,0.55417,0.61953,0.57083,0.66641,0.61528,0.67500,0.55000,0.65234,0.56389,0.63672,0.59028,0.68125,0.63472,0.69063,0.57500,0.66484,0.59583,0.64922,0.62222,0.69375,0.66528,0.69297,0.62083,0.67188,0.63056,0.65859,0.65000,0.60594,0.84512,0.9996,0.71535,1.00000,0.9112,0.67162,0.77189,0.9975,0.64897,0.72657,0.65156,0.77083,99.32,0.9954,live,0.1654,0.1974,111.95,567.02
155876.370526,80.0,0.4868,3,2,0,0.66250,0.76389,0.64297,0.71667,0.63438,0.66389,0.63359,0.62639,0.63984,0.59861,0.66094,0.60278,0.66563,0.54583,0.65000,0.54722,0.63672,0.56250,0.67812,0.61250,0.69141,0.54583,0.66953,0.55694,0.65391,0.58056,0.69297,0.63194,0.70625,0.57083,0.68203,0.58611,0.66641,0.61111,0.70625,0.66250,0.71016,0.61528,0.69063,0.61944,0.67734,0.63611,0.60546,0.84375,0.9996,0.70989,1.00000,0.9056,0.67454,0.76985,0.9973,0.65167,0.73404,0.66250,0.76389,97.76,0.9928,live,0.1654,0.1828,104.10,569.36
155876.437202,80.0,0.5757,3,2,0,0.67891,0.75417,0.66094,0.70556,0.65781,0.64722,0.66172,0.60833,0.67188,0.58889,0.68750,0.59306,0.69531,0.53889,0.67969,0.53472,0.66641,0.54861,0.70312,0.60278,0.71797,0.53889,0.69609,0.54583,0.68047,0.56944,0.71797,0.62361,0.73438,0.56250,0.71016,0.57361,0.69453,0.59722,0.73203,0.65278,0.74062,0.60417,0.72109,0.60694,0.70625,0.62639,0.60627,0.84372,0.9996,0.71659,1.00000,0.9018,0.68871,0.76471,0.9972,0.65712,0.73806,0.67891,0.75417,100.25,0.9910,live,0.1654,0.1566,89.77,573.22
155876.504266,80.0,0.6651,3,2,0,0.70156,0.75139,0.68516,0.69861,0.68359,0.64028,0.69141,0.60417,0.70156,0.57778,0.71562,0.58889,0.72578,0.53750,0.71328,0.52917,0.70000,0.53611,0.73125,0.60000,0.74844,0.53750,0.72891,0.53611,0.71328,0.55417,0.74609,0.61944,0.76562,0.56111,0.74531,0.56389,0.72969,0.58472,0.76094,0.65000,0.77344,0.60000,0.75781,0.59722,0.74219,0.61250,0.60671,0.84874,0.9996,0.72149,1.00000,0.9004,0.71689,0.76199,0.9973,0.66601,0.74073,0.70156,0.75139,103.00,0.9895,live,0.1591,0.1305,75.52,578.59
155876.570551,80.0,0.7535,3,2,0,0.72031,0.74444,0.70469,0.69167,0.70781,0.63194,0.71875,0.59306,0.73125,0.56806,0.74062,0.58889,0.75313,0.53611,0.74062,0.52500,0.72734,0.53194,0.75625,0.60000,0.77500,0.53750,0.75625,0.53333,0.73984,0.55139,0.77031,0.61944,0.79219,0.55972,0.77266,0.55972,0.75703,0.58056,0.78359,0.64861,0.80000,0.60000,0.78594,0.59306,0.77031,0.60972,0.60718,0.84871,0.9996,0.74541,1.00000,0.8997,0.74057,0.76228,0.9972,0.67687,0.74147,0.72031,0.74444,101.23,0.9923,live,0.1509,0.1135,66.07,582.05
155876.636916,80.0,0.8420,3,2,0,0.73359,0.74167,0.71797,0.69028,0.72188,0.62917,0.73594,0.59028,0.75156,0.56528,0.75625,0.58194,0.77031,0.53333,0.76094,0.52361,0.74844,0.53333,0.77266,0.59583,0.79375,0.53472,0.77734,0.53611,0.76094,0.55694,0.78672,0.61806,0.81016,0.56250,0.79375,0.56250,0.77891,0.58472,0.80000,0.65000,0.81797,0.60278,0.80547,0.59444,0.79141,0.60833,0.60842,0.84973,0.9996,0.75316,1.00000,0.9014,0.75440,0.76426,0.9974,0.68821,0.74151,0.73359,0.74167,104.23,0.9935,live,0.1438,0.1111,65.26,587.25
155876.704385,80.0,0.9320,3,2,0,0.74219,0.74444,0.72734,0.69167,0.73047,0.63472,0.74297,0.59722,0.76016,0.56944,0.76406,0.58889,0.77891,0.53889,0.77109,0.52500,0.76016,0.53472,0.78125,0.60000,0.80469,0.53889,0.78984,0.53472,0.77422,0.55694,0.79531,0.62083,0.82031,0.56667,0.80547,0.56250,0.78984,0.58611,0.80859,0.65417,0.82578,0.60972,0.81563,0.59861,0.80078,0.61250,0.60884,0.85012,0.9996,0.74947,1.00000,0.9023,0.76273,0.76297,0.9974,0.69901,0.74210,0.74219,0.74444,102.93,0.9908,live,0.1438,0.1203,71.11,590.89
155876.770850,80.0,0.0206,3,3,0,0.74687,0.74722,0.73203,0.69444,0.73672,0.63750,0.75000,0.60417,0.76797,0.57639,0.76953,0.59028,0.78281,0.54167,0.77656,0.52917,0.76641,0.54028,0.78672,0.60278,0.81094,0.54167,0.79688,0.54028,0.78125,0.56389,0.80156,0.62500,0.82734,0.57083,0.81250,0.56667,0.79688,0.59028,0.81328,0.65833,0.83281,0.61528,0.82266,0.60417,0.80781,0.61806,0.60893,0.85046,0.9996,0.75060,1.00000,0.9024,0.76922,0.76284,0.9975,0.70858,0.74312,0.74687,0.74722,103.33,0.9914,live,0.1438,0.1340,79.66,594.38
155876.837654,80.0,0.1096,3,3,0,0.74922,0.74861,0.73594,0.69722,0.73984,0.64028,0.75391,0.60556,0.77266,0.57917,0.77266,0.59583,0.78516,0.54861,0.77812,0.53611,0.76719,0.54583,0.78984,0.60694,0.81484,0.54583,0.80156,0.54306,0.78438,0.56528,0.80469,0.62917,0.83125,0.57500,0.81641,0.57222,0.80000,0.59444,0.81641,0.66389,0.83594,0.62083,0.82578,0.61111,0.81094,0.62361,0.60899,0.85070,0.9996,0.75354,1.00000,0.9004,0.77300,0.76860,0.9976,0.71671,0.74422,0.74922,0.74861,102.09,0.9930,live,0.1438,0.1469,87.64,596.56
155876.903904,80.0,0.1980,3,3,0,0.75078,0.75000,0.73906,0.69861,0.74375,0.64306,0.75781,0.60694,0.77734,0.58056,0.77578,0.59722,0.78750,0.55278,0.78047,0.54028,0.77031,0.55000,0.79297,0.60972,0.81797,0.55139,0.80469,0.54583,0.78828,0.56806,0.80703,0.63194,0.83516,0.58056,0.81953,0.57639,0.80234,0.59861,0.81875,0.66806,0.83828,0.62500,0.82734,0.61528,0.81172,0.62778,0.61076,0.84923,0.9996,0.74180,1.00000,0.8981,0.77394,0.77529,0.9976,0.72352,0.74538,0.75078,0.75000,102.30,0.9936,live,0.1438,0.1610,96.39,598.63
155876.970801,80.0,0.2872,3,3,0,0.75156,0.75000,0.73984,0.70000,0.74453,0.64444,0.75859,0.60972,0.77812,0.58472,0.77656,0.59861,0.78906,0.55278,0.78203,0.54167,0.77187,0.55417,0.79453,0.61111,0.81953,0.55417,0.80625,0.55000,0.78906,0.57222,0.80859,0.63611,0.83672,0.58472,0.82109,0.58194,0.80391,0.60417,0.81953,0.67083,0.83906,0.62917,0.82734,0.62083,0.81172,0.63472,0.61112,0.84818,0.9996,0.75044,1.00000,0.8983,0.77474,0.78322,0.9976,0.72913,0.74630,0.75156,0.75000,101.86,0.9945,live,0.1438,0.1539,92.37,600.13
155877.037667,80.0,0.3763,3,3,0,0.75156,0.74861,0.73984,0.70000,0.74453,0.64444,0.76016,0.60972,0.78047,0.58611,0.77656,0.59861,0.78672,0.55139,0.77969,0.54167,0.77109,0.55417,0.79453,0.60972,0.81953,0.55139,0.80703,0.54722,0.79063,0.56944,0.80859,0.63333,0.83750,0.57917,0.82031,0.58056,0.80312,0.60417,0.82031,0.66944,0.83672,0.62639,0.82266,0.62083,0.80625,0.63750,0.61158,0.85304,0.9997,0.75703,1.00000,0.9017,0.77391,0.78263,0.9977,0.73362,0.74676,0.75156,0.74861,101.84,0.9949,live,0.1438,0.1441,86.65,601.44
155877.104664,80.0,0.4657,3,3,0,0.74609,0.73611,0.73203,0.68750,0.73984,0.63333,0.75938,0.60278,0.77734,0.57917,0.77031,0.58611,0.77969,0.53750,0.77266,0.52778,0.76328,0.54583,0.78984,0.59583,0.81250,0.53750,0.80078,0.53333,0.78516,0.55972,0.80469,0.61944,0.83125,0.56528,0.81641,0.56250,0.80000,0.58472,0.81484,0.65556,0.82891,0.61389,0.81328,0.61111,0.79688,0.63056,0.61180,0.85302,0.9997,0.74743,1.00000,0.9011,0.77304,0.77166,0.9977,0.73611,0.74463,0.74609,0.73611,102.27,0.9956,live,0.1438,0.1259,75.93,602.90
155877.170724,80.0,0.5537,3,3,0,0.73438,0.70972,0.72031,0.65694,0.72500,0.60139,0.74609,0.57083,0.76719,0.55417,0.75703,0.55278,0.76406,0.50972,0.75547,0.50139,0.74531,0.51528,0.77500,0.55972,0.79141,0.50417,0.78359,0.49861,0.77187,0.51667,0.78984,0.58194,0.81328,0.52639,0.80078,0.52361,0.78594,0.54306,0.80156,0.61528,0.81250,0.57222,0.79766,0.57222,0.78203,0.59028,0.61174,0.84677,0.9997,0.74349,1.00000,0.8996,0.77040,0.74075,0.9977,0.73577,0.73765,0.73438,0.70972,104.70,0.9955,live,0.1362,0.1018,61.66,605.93
155877.237349,80.0,0.6426,3,3,0,0.71719,0.66389,0.70234,0.61111,0.70625,0.55278,0.72344,0.51944,0.73906,0.49583,0.73594,0.50417,0.73906,0.45417,0.72422,0.44861,0.71172,0.46250,0.75234,0.51111,0.76562,0.44861,0.74922,0.44167,0.73359,0.45833,0.76641,0.52917,0.78672,0.46528,0.76953,0.46250,0.75469,0.48333,0.77734,0.55833,0.78750,0.50694,0.77266,0.50000,0.75859,0.51667,0.61163,0.85155,0.9997,0.74414,1.00000,0.9027,0.75717,0.69271,0.9978,0.73205,0.72290,0.71719,0.66389,102.58,0.9925,live,0.1267,0.0832,50.51,607.08
155877.304850,80.0,0.7326,3,3,0,0.69922,0.60556,0.68203,0.55417,0.68516,0.49444,0.69922,0.45972,0.70937,0.43750,0.71094,0.44167,0.71250,0.39444,0.69531,0.38889,0.68281,0.40000,0.72578,0.44722,0.73438,0.38611,0.71562,0.37778,0.70078,0.39167,0.73906,0.46250,0.75547,0.39722,0.73672,0.39028,0.72188,0.40556,0.75000,0.48889,0.75938,0.43750,0.74297,0.43056,0.72891,0.44583,0.61330,0.84903,0.9997,0.74056,1.00000,0.8999,0.73204,0.64629,0.9977,0.72548,0.69943,0.69922,0.60556,101.15,0.9897,live,0.1184,0.0808,49.02,607.05
155877.370845,80.0,0.8206,3,3,0,0.68203,0.55139,0.66172,0.49722,0.66016,0.43889,0.66875,0.40000,0.67891,0.37222,0.68672,0.38472,0.68906,0.33333,0.67188,0.32639,0.65859,0.33750,0.70156,0.38750,0.70937,0.32639,0.68906,0.31667,0.67344,0.33333,0.71641,0.40139,0.73047,0.33611,0.71172,0.32639,0.69766,0.34167,0.72969,0.42500,0.73750,0.37222,0.72266,0.36250,0.70937,0.37500,0.61188,0.84891,0.9996,0.73738,0.97780,0.9016,0.70870,0.57076,0.9978,0.71679,0.66982,0.68203,0.55139,103.12,0.9911,live,0.1184,0.1079,65.66,608.46
155877.437832,80.0,0.9099,3,3,0,0.67188,0.50278,0.65078,0.45000,0.64609,0.39444,0.65234,0.35417,0.66406,0.32500,0.67031,0.33889,0.67266,0.29028,0.65781,0.28194,0.64609,0.29444,0.68516,0.34028,0.69297,0.27778,0.67578,0.27083,0.66172,0.29028,0.70078,0.35139,0.71328,0.28611,0.69766,0.27639,0.68359,0.29444,0.71484,0.37222,0.72266,0.32083,0.71016,0.30833,0.69688,0.31806,0.60816,0.84319,0.9996,0.73435,0.93063,0.9003,0.69460,0.51286,0.9979,0.70781,0.63641,0.67188,0.50278,101.75,0.9884,live,0.1229,0.1435,87.32,608.70
155877.504849,80.0,0.9992,3,3,0,0.66719,0.47361,0.64453,0.42639,0.63906,0.37083,0.64297,0.32778,0.65547,0.29444,0.66406,0.31528,0.66563,0.26389,0.65078,0.25417,0.63828,0.26528,0.67891,0.31389,0.68594,0.25139,0.66953,0.24444,0.65469,0.26111,0.69375,0.32361,0.70703,0.26111,0.69141,0.24861,0.67656,0.26528,0.70859,0.34444,0.71797,0.29306,0.70703,0.27917,0.69297,0.28889,0.60593,0.83838,0.9996,0.73243,0.90431,0.9029,0.68737,0.49733,0.9980,0.69969,0.60385,0.66719,0.47361,99.46,0.9857,live,0.1343,0.1860,112.97,607.27
155877.570725,80.0,0.0871,3,1,1,0.66563,0.46111,0.64219,0.41528,0.63594,0.35972,0.63828,0.31528,0.64844,0.27917,0.66016,0.30278,0.66406,0.25417,0.65000,0.24167,0.63672,0.25278,0.67656,0.30139,0.68359,0.24028,0.66797,0.23056,0.65234,0.25000,0.69063,0.31111,0.70312,0.25000,0.68906,0.23889,0.67500,0.25694,0.70469,0.33056,0.71406,0.28333,0.70312,0.26667,0.68906,0.27500,0.60439,0.83436,0.9995,0.72959,0.90236,0.9039,0.68467,0.48137,0.9981,0.69287,0.57530,0.66563,0.46111,99.24,0.9888,live,0.1503,0.2233,135.29,605.84
155877.637982,80.0,0.1768,3,1,1,0.66328,0.46250,0.64062,0.41528,0.63281,0.35972,0.63438,0.31667,0.64531,0.28056,0.65703,0.30556,0.65859,0.25556,0.64609,0.24444,0.63359,0.25556,0.67266,0.30417,0.67812,0.24444,0.66328,0.23472,0.64922,0.25278,0.68750,0.31389,0.69844,0.25278,0.68437,0.23889,0.67031,0.25556,0.70312,0.33333,0.71094,0.28472,0.70000,0.26806,0.68516,0.27639,0.60382,0.83428,0.9995,0.72975,0.89015,0.9065,0.68212,0.48224,0.9981,0.68695,0.55274,0.66328,0.46250,99.07,0.9871,live,0.1684,0.2512,151.81,604.47
155877.704950,80.0,0.2660,3,1,1,0.66250,0.47222,0.63906,0.42639,0.63125,0.37083,0.63203,0.32639,0.64297,0.28889,0.65703,0.31806,0.65703,0.26944,0.64375,0.25694,0.63125,0.26528,0.67188,0.31667,0.67734,0.25556,0.66250,0.24444,0.64922,0.26111,0.68672,0.32500,0.69922,0.26250,0.68516,0.25000,0.67109,0.26806,0.70312,0.34444,0.71250,0.29583,0.70078,0.27917,0.68594,0.29028,0.60384,0.83395,0.9995,0.72975,0.90336,0.9081,0.68231,0.49208,0.9982,0.68206,0.53664,0.66250,0.47222,97.88,0.9884,live,0.1860,0.2660,160.22,602.41
155877.771061,80.0,0.3542,3,1,1,0.66094,0.48750,0.63906,0.44444,0.63203,0.38611,0.63281,0.34028,0.64141,0.30417,0.65938,0.33611,0.66016,0.28750,0.64687,0.27222,0.63438,0.27639,0.67344,0.33472,0.67969,0.27361,0.66484,0.25972,0.65078,0.27361,0.68828,0.34306,0.69922,0.28056,0.68516,0.26944,0.67109,0.28611,0.70391,0.36250,0.71172,0.31250,0.70000,0.29722,0.68516,0.30556,0.60294,0.83338,0.9994,0.72961,0.90417,0.9089,0.68172,0.49760,0.9983,0.67784,0.52681,0.66094,0.48750,96.43,0.9886,live,0.1998,0.2624,157.31,599.55
155877.837668,80.0,0.4430,3,1,1,0.66016,0.50972,0.63828,0.46944,0.62969,0.41389,0.63047,0.37222,0.64062,0.33750,0.65859,0.36111,0.65859,0.31389,0.64453,0.29861,0.63203,0.30278,0.67344,0.35833,0.67969,0.29722,0.66328,0.28750,0.65000,0.30278,0.68828,0.36806,0.69922,0.30417,0.68359,0.29722,0.67109,0.31806,0.70391,0.38750,0.71172,0.33611,0.69766,0.32361,0.68359,0.33611,0.60294,0.83386,0.9994,0.72974,0.93513,0.9090,0.68145,0.51284,0.9982,0.67430,0.52339,0.66016,0.50972,95.67,0.9889,live,0.2069,0.2392,142.68,596.49
155877.905101,80.0,0.5329,3,1,1,0.65781,0.55139,0.63594,0.51667,0.62578,0.46389,0.62500,0.42361,0.63359,0.39028,0.65234,0.40139,0.65234,0.34861,0.63672,0.34167,0.62578,0.35417,0.66953,0.40278,0.67656,0.33194,0.65781,0.33056,0.64609,0.35556,0.68516,0.41389,0.69531,0.34444,0.67578,0.34167,0.66406,0.36528,0.70156,0.43611,0.70781,0.38056,0.69219,0.37500,0.67891,0.39306,0.60477,0.83763,0.9994,0.73001,0.97865,0.9076,0.67819,0.54971,0.9981,0.67100,0.52899,0.65781,0.55139,96.04,0.9904,live,0.2069,0.2030,120.62,594.06
155877.971403,80.0,0.6213,3,1,1,0.65312,0.60694,0.63359,0.57917,0.62109,0.53056,0.61797,0.49722,0.62500,0.46667,0.65000,0.45694,0.64687,0.40139,0.62813,0.40833,0.61562,0.42917,0.66641,0.46111,0.67344,0.39028,0.65156,0.39861,0.63906,0.42639,0.68281,0.47917,0.69297,0.41111,0.67031,0.42083,0.65781,0.44583,0.69922,0.50694,0.70391,0.45556,0.68516,0.45833,0.67188,0.47778,0.60667,0.83924,0.9995,0.73865,1.00000,0.9064,0.67560,0.61059,0.9980,0.66743,0.54458,0.65312,0.60694,95.02,0.9945,live,0.1990,0.1631,96.40,591.19
155878.037867,80.0,0.7099,3,1,1,0.65469,0.66389,0.63359,0.64306,0.61797,0.60139,0.61328,0.57222,0.61953,0.55000,0.64687,0.52083,0.64297,0.46389,0.62422,0.47778,0.61172,0.50278,0.66484,0.52778,0.66953,0.45833,0.64687,0.47639,0.63438,0.50556,0.68203,0.54861,0.69219,0.48194,0.66797,0.50000,0.65312,0.52778,0.69766,0.58056,0.70156,0.53472,0.68203,0.54306,0.66719,0.56389,0.60680,0.84623,0.9995,0.73699,1.00000,0.9077,0.67113,0.68015,0.9981,0.66488,0.56844,0.65469,0.66389,90.42,0.9902,live,0.1856,0.1248,73.08,585.35
155878.105146,80.0,0.7996,3,1,1,0.65156,0.71667,0.63203,0.69722,0.61719,0.65556,0.61016,0.62639,0.61875,0.60417,0.64453,0.57083,0.63984,0.51528,0.62031,0.53194,0.60703,0.55972,0.66406,0.57917,0.67031,0.50833,0.64844,0.52778,0.63438,0.56111,0.68125,0.60278,0.69297,0.53611,0.66875,0.55417,0.65312,0.58056,0.69766,0.63750,0.70547,0.59028,0.68594,0.59583,0.67188,0.61111,0.60640,0.84602,0.9995,0.73105,1.00000,0.9040,0.67065,0.71704,0.9980,0.66222,0.59809,0.65156,0.71667,92.74,0.9981,live,0.1728,0.1144,66.57,581.88
155878.170968,80.0,0.8874,3,1,1,0.65156,0.75000,0.63047,0.72083,0.61641,0.67639,0.60859,0.64722,0.61562,0.62778,0.64297,0.59444,0.63906,0.54028,0.61797,0.55694,0.60391,0.58611,0.66250,0.60278,0.66875,0.53194,0.64531,0.55417,0.63047,0.58611,0.68125,0.62500,0.69219,0.55833,0.66797,0.57917,0.65234,0.60833,0.69766,0.65972,0.70703,0.61250,0.68828,0.61944,0.67266,0.63611,0.60644,0.84546,0.9995,0.72763,1.00000,0.9049,0.67184,0.74572,0.9981,0.66009,0.62847,0.65156,0.75000,97.89,0.9973,live,0.1674,0.1427,83.11,582.53
155878.237898,80.0,0.9766,3,1,1,0.65156,0.75694,0.62969,0.72222,0.61484,0.67778,0.60703,0.64861,0.61719,0.63056,0.64219,0.59583,0.63750,0.54444,0.61719,0.55972,0.60391,0.58611,0.66250,0.60556,0.66797,0.53889,0.64453,0.56250,0.62969,0.59444,0.68125,0.62917,0.69297,0.56528,0.66641,0.58611,0.65000,0.61389,0.69766,0.66667,0.70625,0.61944,0.68594,0.62639,0.66953,0.64444,0.60803,0.84472,0.9995,0.73218,1.00000,0.9108,0.67163,0.75131,0.9982,0.65838,0.65417,0.65156,0.75694,100.43,0.9967,live,0.1674,0.1727,101.01,584.94
155878.305164,80.0,0.0663,3,2,0,0.65312,0.75972,0.63125,0.72500,0.61562,0.68056,0.60938,0.65139,0.61953,0.63056,0.64219,0.59583,0.63750,0.54306,0.61797,0.56111,0.60469,0.58889,0.66250,0.60556,0.66719,0.53750,0.64375,0.56389,0.63047,0.59583,0.68125,0.62778,0.69219,0.56528,0.66719,0.58611,0.65078,0.61389,0.69766,0.66389,0.70625,0.61667,0.68672,0.62361,0.67109,0.63889,0.61007,0.84602,0.9996,0.73245,1.00000,0.9119,0.67547,0.76703,0.9981,0.65733,0.67528,0.65312,0.75972,101.56,0.9966,live,0.1674,0.1913,112.46,587.87
155878.371516,80.0,0.1548,3,2,0,0.65469,0.75833,0.63281,0.72222,0.61797,0.67778,0.61250,0.64861,0.62109,0.62778,0.64375,0.59444,0.63828,0.54444,0.61953,0.56111,0.60703,0.58889,0.66406,0.60278,0.66797,0.53611,0.64609,0.56111,0.63203,0.59306,0.68203,0.62639,0.69219,0.56389,0.66797,0.58611,0.65234,0.61250,0.69844,0.66250,0.70547,0.61667,0.68594,0.62500,0.67031,0.64167,0.61029,0.84691,0.9996,0.73336,1.00000,0.9166,0.67567,0.75875,0.9982,0.65680,0.69189,0.65469,0.75833,101.44,0.9968,live,0.1749,0.2090,123.37,590.36
155878.438159,80.0,0.2437,3,2,0,0.65781,0.75556,0.63516,0.71806,0.62187,0.67500,0.61953,0.65000,0.62891,0.62778,0.64766,0.59167,0.64141,0.54306,0.62344,0.56111,0.61094,0.58889,0.66797,0.60000,0.67109,0.53472,0.64922,0.56111,0.63672,0.59306,0.68594,0.62361,0.69453,0.56111,0.67031,0.58472,0.65547,0.61389,0.70156,0.65972,0.70625,0.61528,0.68672,0.62222,0.67109,0.63889,0.61075,0.84698,0.9996,0.73248,1.00000,0.9199,0.67567,0.75286,0.9983,0.65700,0.70462,0.65781,0.75556,101.24,0.9974,live,0.1822,0.2156,127.75,592.41
155878.505247,80.0,0.3331,3,2,0,0.66563,0.75139,0.64141,0.71111,0.62813,0.66667,0.63359,0.64167,0.64687,0.62639,0.65547,0.58750,0.64922,0.54167,0.63281,0.55972,0.62187,0.58611,0.67500,0.59583,0.67812,0.53194,0.65781,0.55833,0.64687,0.59167,0.69297,0.61667,0.70156,0.55694,0.67891,0.58056,0.66406,0.60972,0.70859,0.65000,0.71250,0.60694,0.69297,0.61806,0.67812,0.63611,0.61064,0.84740,0.9996,0.73653,1.00000,0.9211,0.68084,0.75071,0.9981,0.65873,0.71398,0.66563,0.75139,101.07,0.9973,live,0.1822,0.2066,122.72,594.10
155878.570538,80.0,0.4202,3,2,0,0.68203,0.74722,0.65859,0.70972,0.64531,0.66528,0.65000,0.63750,0.66328,0.61667,0.67109,0.58333,0.66484,0.53611,0.64922,0.55417,0.63984,0.58194,0.69063,0.58889,0.69219,0.52500,0.67188,0.55000,0.66094,0.58472,0.70937,0.60833,0.71641,0.54861,0.69375,0.57500,0.68047,0.60694,0.72578,0.64028,0.72734,0.59722,0.70703,0.61111,0.69375,0.63194,0.61114,0.84740,0.9996,0.76996,1.00000,0.9198,0.69004,0.75005,0.9979,0.66339,0.72062,0.68203,0.74722,102.42,0.9969,live,0.1879,0.2137,127.48,596.55
155878.637422,80.0,0.5093,3,2,0,0.70469,0.73889,0.68125,0.69861,0.66797,0.65139,0.67422,0.61806,0.69453,0.60417,0.69375,0.57361,0.69219,0.52222,0.67969,0.54028,0.67266,0.56944,0.71406,0.58056,0.72031,0.51389,0.70234,0.53750,0.69141,0.56944,0.73359,0.60139,0.74375,0.53750,0.72500,0.55833,0.71328,0.58750,0.75156,0.63472,0.75625,0.58889,0.73906,0.60139,0.72578,0.62361,0.61305,0.84732,0.9997,0.78567,1.00000,0.9199,0.71288,0.74940,0.9977,0.67165,0.72428,0.70469,0.73889,104.15,0.9961,live,0.1879,0.1897,113.80,599.95
155878.704935,80.0,0.5994,3,2,0,0.73047,0.72639,0.70859,0.68194,0.69844,0.62917,0.71250,0.59861,0.73594,0.58889,0.72578,0.55694,0.73047,0.50556,0.72109,0.51806,0.71484,0.54583,0.74687,0.56250,0.75781,0.49722,0.74375,0.51528,0.73438,0.54722,0.76562,0.58333,0.78281,0.52222,0.76797,0.54028,0.75703,0.57083,0.78438,0.61667,0.79766,0.57222,0.78438,0.58056,0.77187,0.60139,0.61416,0.84685,0.9997,0.78840,1.00000,0.9218,0.75060,0.73953,0.9977,0.68341,0.72470,0.73047,0.72639,108.34,0.9942,live,0.1830,0.1606,97.32,605.96
155878.771491,80.0,0.6881,3,2,0,0.75469,0.71528,0.73516,0.66944,0.73281,0.61250,0.75234,0.58194,0.77734,0.57222,0.76094,0.54306,0.76953,0.49167,0.76406,0.50000,0.75938,0.52917,0.78281,0.55278,0.79922,0.48611,0.78828,0.50000,0.77891,0.53194,0.80156,0.57639,0.82500,0.51528,0.81250,0.52500,0.80078,0.55417,0.81797,0.61111,0.83594,0.56667,0.82578,0.56667,0.81250,0.58472,0.61232,0.84494,0.9997,0.77525,1.00000,0.9213,0.77423,0.72997,0.9977,0.69767,0.72282,0.75469,0.71528,111.25,0.9968,live,0.1714,0.1189,72.91,613.34
155878.838086,80.0,0.7769,3,2,0,0.77344,0.71111,0.75547,0.65972,0.75781,0.60139,0.77969,0.57361,0.80469,0.56389,0.78672,0.54167,0.79688,0.49444,0.79375,0.49722,0.78984,0.52500,0.80859,0.55139,0.82734,0.48889,0.81953,0.49444,0.81016,0.52639,0.82734,0.57639,0.85313,0.51806,0.84219,0.52083,0.82969,0.54722,0.84219,0.61528,0.86328,0.57083,0.85547,0.56389,0.84219,0.57917,0.61169,0.84133,0.9997,0.76870,1.00000,0.9214,0.79086,0.72284,0.9978,0.71282,0.72047,0.77344,0.71111,111.77,0.9947,live,0.1638,0.1291,80.05,620.22
155878.905791,80.0,0.8672,3,2,0,0.78438,0.70972,0.76953,0.65833,0.77422,0.60556,0.79609,0.57778,0.81953,0.56111,0.80234,0.54444,0.81406,0.49722,0.81406,0.49583,0.81016,0.52361,0.82578,0.55556,0.84531,0.49444,0.84062,0.49722,0.82969,0.52639,0.84375,0.58056,0.86797,0.52500,0.86172,0.52361,0.84922,0.55278,0.85781,0.61806,0.88047,0.57778,0.87500,0.56806,0.86094,0.58333,0.61422,0.84196,0.9997,0.76872,1.00000,0.9239,0.80082,0.71299,0.9979,0.72713,0.71832,0.78438,0.70972,111.92,0.9925,live,0.1638,0.1486,93.07,626.37
155878.971551,80.0,0.9548,3,2,0,0.79219,0.71250,0.77734,0.66111,0.78438,0.60694,0.80781,0.58056,0.83281,0.56667,0.81016,0.55139,0.82188,0.50694,0.82344,0.50000,0.82109,0.52222,0.83437,0.56111,0.85469,0.50139,0.85156,0.50278,0.84219,0.53056,0.85313,0.58472,0.87891,0.53056,0.87344,0.53194,0.86094,0.55972,0.86719,0.62361,0.89062,0.58472,0.88594,0.57639,0.87187,0.59028,0.61493,0.84236,0.9997,0.76865,1.00000,0.9256,0.80869,0.70692,0.9980,0.74014,0.71716,0.79219,0.71250,111.23,0.9922,live,0.1638,0.1701,107.40,631.29
155879.038285,80.0,0.0438,3,3,0,0.79688,0.71667,0.78281,0.66667,0.78984,0.61389,0.81250,0.58889,0.83672,0.57778,0.81484,0.55694,0.82812,0.51111,0.82969,0.50556,0.82656,0.52917,0.83906,0.56806,0.86016,0.50556,0.85781,0.50833,0.84922,0.53611,0.85703,0.59306,0.88438,0.53750,0.88047,0.53750,0.86797,0.56528,0.87109,0.63056,0.89531,0.59167,0.89219,0.58333,0.87969,0.59722,0.61626,0.84261,0.9997,0.76853,1.00000,0.9262,0.81177,0.70766,0.9980,0.75149,0.71706,0.79688,0.71667,109.99,0.9888,live,0.1638,0.1875,118.99,634.73
155879.105708,80.0,0.1337,3,3,0,0.79688,0.71944,0.78203,0.67361,0.78906,0.61944,0.81250,0.59306,0.83672,0.58056,0.81719,0.55833,0.82969,0.51389,0.83047,0.51111,0.82578,0.53611,0.83984,0.57083,0.86094,0.50972,0.85781,0.51250,0.84688,0.54167,0.85781,0.59583,0.88594,0.54028,0.88047,0.54167,0.86719,0.56806,0.87187,0.63472,0.89453,0.59583,0.89062,0.58750,0.87656,0.60278,0.61791,0.84067,0.9997,0.76842,1.00000,0.9248,0.81105,0.71768,0.9980,0.76057,0.71754,0.79688,0.71944,110.49,0.9917,live,0.1694,0.1951,124.51,638.11
155879.171592,80.0,0.2216,3,3,0,0.79219,0.72083,0.77578,0.67361,0.78281,0.61667,0.80781,0.59306,0.83203,0.58194,0.81172,0.55833,0.82344,0.51528,0.82422,0.51389,0.82109,0.53889,0.83516,0.57083,0.85625,0.51111,0.85156,0.51667,0.84219,0.54583,0.85234,0.59722,0.87891,0.54306,0.87187,0.54444,0.85938,0.57222,0.86641,0.63472,0.88828,0.59583,0.88281,0.58750,0.86953,0.60278,0.61737,0.84296,0.9997,0.76533,1.00000,0.9243,0.81000,0.72028,0.9980,0.76689,0.71820,0.79219,0.72083,110.83,0.9935,live,0.1694,0.1903,122.03,641.33
155879.238507,80.0,0.3108,3,3,0,0.78125,0.71806,0.76562,0.67361,0.77031,0.61667,0.79375,0.59167,0.81797,0.58333,0.79766,0.55694,0.80937,0.50972,0.80859,0.51389,0.80547,0.54028,0.82031,0.56806,0.84219,0.50694,0.83594,0.51667,0.82656,0.54722,0.83906,0.59444,0.86562,0.53611,0.85625,0.54583,0.84297,0.57361,0.85313,0.63194,0.87500,0.59167,0.86641,0.58750,0.85234,0.60417,0.61748,0.84366,0.9997,0.76624,1.00000,0.9237,0.80843,0.71914,0.9980,0.76976,0.71817,0.78125,0.71806,109.26,0.9921,live,0.1694,0.1721,110.67,643.04
155879.305760,80.0,0.4005,3,3,0,0.76562,0.71667,0.74844,0.66806,0.74766,0.61389,0.76875,0.58889,0.79297,0.58056,0.77891,0.55139,0.79063,0.50278,0.78672,0.50972,0.78047,0.54028,0.80078,0.56250,0.82109,0.50139,0.81172,0.51111,0.80078,0.54167,0.81797,0.58889,0.84375,0.53194,0.83281,0.53889,0.81953,0.56528,0.83203,0.62639,0.85234,0.58472,0.84219,0.58333,0.82656,0.60139,0.61731,0.84373,0.9997,0.76796,1.00000,0.9249,0.79457,0.72067,0.9981,0.76894,0.71787,0.76562,0.71667,108.46,0.9949,live,0.1648,0.1434,92.37,643.96
155879.371620,80.0,0.4883,3,3,0,0.74453,0.70556,0.72734,0.65833,0.72422,0.60278,0.74297,0.57778,0.76406,0.56944,0.75625,0.53750,0.76406,0.48611,0.75781,0.49444,0.75313,0.52222,0.77656,0.54722,0.79297,0.48472,0.78125,0.49583,0.76953,0.52500,0.79375,0.57222,0.81641,0.51250,0.80156,0.52500,0.78672,0.55139,0.80781,0.61111,0.82188,0.56806,0.80781,0.57083,0.79375,0.59028,0.61644,0.84335,0.9997,0.76555,1.00000,0.9251,0.77973,0.70863,0.9981,0.76405,0.71541,0.74453,0.70556,108.37,0.9955,live,0.1555,0.1132,72.98,644.71
155879.438589,80.0,0.5776,3,3,0,0.72656,0.68194,0.70703,0.63194,0.70156,0.57778,0.71562,0.54444,0.73281,0.52639,0.73125,0.51250,0.73594,0.46389,0.72734,0.46528,0.71797,0.48750,0.75078,0.51944,0.76328,0.45556,0.75313,0.45694,0.74219,0.48194,0.76719,0.54028,0.78594,0.47917,0.77187,0.48889,0.75938,0.51806,0.78203,0.57500,0.78672,0.53472,0.77109,0.54167,0.75703,0.56389,0.61402,0.84389,0.9997,0.75115,1.00000,0.9226,0.75468,0.69600,0.9981,0.75656,0.70871,0.72656,0.68194,106.74,0.9953,live,0.1429,0.0854,55.00,644.21
155879.505450,80.0,0.6667,3,3,0,0.70469,0.64028,0.68359,0.59167,0.68047,0.53750,0.68984,0.50278,0.70312,0.47778,0.70781,0.47361,0.70781,0.42917,0.69844,0.42500,0.68984,0.43889,0.72578,0.47917,0.73359,0.41528,0.72344,0.41389,0.71250,0.43333,0.74219,0.49861,0.75547,0.43611,0.74062,0.44444,0.72734,0.46806,0.75547,0.53333,0.76094,0.48750,0.74375,0.49028,0.72813,0.50972,0.61120,0.84394,0.9997,0.75022,1.00000,0.9214,0.73319,0.66731,0.9981,0.74618,0.69503,0.70469,0.64028,103.64,0.9957,live,0.1332,0.0890,57.09,641.52
155879.571940,80.0,0.7554,3,3,0,0.68906,0.59167,0.66797,0.54167,0.66328,0.48750,0.67031,0.44861,0.68203,0.42500,0.68984,0.42917,0.69219,0.37917,0.67734,0.37361,0.66484,0.38194,0.70547,0.43472,0.71328,0.37083,0.69609,0.36806,0.68203,0.38194,0.72031,0.45139,0.73281,0.38472,0.71484,0.38611,0.70000,0.40417,0.73359,0.47917,0.73594,0.43194,0.72031,0.42917,0.70703,0.44167,0.61053,0.84388,0.9997,0.74418,1.00000,0.9202,0.71097,0.61519,0.9981,0.73476,0.67435,0.68906,0.59167,99.39,0.9931,live,0.1247,0.0862,54.81,636.10
155879.638620,80.0,0.8443,3,3,0,0.67656,0.54722,0.65312,0.49861,0.64766,0.44167,0.65312,0.40139,0.66484,0.37500,0.67344,0.38472,0.67812,0.33333,0.66250,0.32222,0.64844,0.32917,0.68828,0.39028,0.69688,0.32500,0.67812,0.31667,0.66250,0.33056,0.70234,0.40417,0.71328,0.33889,0.69531,0.33056,0.68047,0.34444,0.71641,0.42639,0.71875,0.37639,0.70391,0.36667,0.69063,0.37500,0.60948,0.83974,0.9997,0.74099,0.97981,0.9179,0.69999,0.55715,0.9981,0.72312,0.64893,0.67656,0.54722,98.64,0.9874,live,0.1247,0.1233,77.79,630.79
155879.705452,80.0,0.9334,3,3,0,0.66563,0.51111,0.64219,0.46389,0.63594,0.40556,0.64062,0.36250,0.65234,0.33194,0.65938,0.35139,0.66172,0.30139,0.64766,0.28750,0.63359,0.29028,0.67422,0.35278,0.68125,0.29167,0.66563,0.28056,0.65000,0.28889,0.68828,0.36528,0.69844,0.30417,0.68281,0.29028,0.66797,0.29861,0.70156,0.38611,0.70469,0.33611,0.69141,0.32222,0.67812,0.32500,0.60719,0.83632,0.9996,0.74002,0.92858,0.9200,0.68859,0.53006,0.9982,0.71162,0.62136,0.66563,0.51111,97.60,0.9864,live,0.1316,0.1631,101.98,625.36
155879.771807,80.0,0.0219,3,1,1,0.65938,0.48750,0.63516,0.44028,0.62734,0.38056,0.63125,0.33611,0.64297,0.30278,0.65078,0.33194,0.65078,0.28333,0.63750,0.26806,0.62344,0.26806,0.66484,0.33056,0.66875,0.27083,0.65312,0.25833,0.63750,0.26528,0.67812,0.33889,0.68594,0.27917,0.67031,0.26389,0.65391,0.27083,0.69063,0.35833,0.69297,0.31111,0.68047,0.29306,0.66563,0.29306,0.60613,0.83250,0.9996,0.73905,0.90901,0.9200,0.68090,0.50444,0.9983,0.70117,0.59459,0.65938,0.48750,95.35,0.9846,live,0.1443,0.2019,125.00,618.98
155879.838828,80.0,0.1112,3,1,1,0.65703,0.47500,0.62969,0.42917,0.62187,0.37222,0.62500,0.32500,0.63516,0.28750,0.64453,0.32222,0.64375,0.27361,0.63047,0.25972,0.61719,0.26250,0.65781,0.31944,0.65938,0.26111,0.64375,0.24722,0.62656,0.25556,0.67109,0.32639,0.67656,0.26667,0.66094,0.25000,0.64375,0.25694,0.68359,0.34167,0.68437,0.29722,0.67188,0.27917,0.65781,0.27917,0.60614,0.83251,0.9996,0.73784,0.89526,0.9221,0.67362,0.49122,0.9983,0.69234,0.57067,0.65703,0.47500,94.23,0.9849,live,0.1607,0.2357,144.37,612.55
155879.906058,80.0,0.2009,3,1,1,0.65312,0.47083,0.62734,0.42778,0.61953,0.37083,0.62266,0.32361,0.63125,0.28611,0.64141,0.32222,0.63984,0.27639,0.62656,0.25972,0.61328,0.26250,0.65391,0.31944,0.65625,0.26250,0.63984,0.24722,0.62266,0.25556,0.66641,0.32500,0.67188,0.26667,0.65625,0.24861,0.63906,0.25694,0.67969,0.33750,0.67969,0.29306,0.66797,0.27222,0.65312,0.26806,0.60604,0.83145,0.9996,0.73656,0.88663,0.9237,0.66889,0.48798,0.9984,0.68450,0.55071,0.65312,0.47083,92.28,0.9814,live,0.1783,0.2582,156.31,605.48
155879.972174,80.0,0.2890,3,1,1,0.65234,0.47083,0.62656,0.43056,0.61875,0.37222,0.62109,0.32500,0.63047,0.29028,0.63906,0.32639,0.63750,0.28056,0.62422,0.26528,0.61172,0.26667,0.65234,0.32083,0.65312,0.26667,0.63828,0.25139,0.62109,0.25972,0.66563,0.32639,0.66953,0.26944,0.65391,0.25139,0.63672,0.25833,0.67812,0.33889,0.67891,0.29444,0.66641,0.27361,0.65156,0.27222,0.60604,0.83132,0.9996,0.73640,0.89286,0.9247,0.66991,0.49137,0.9984,0.67807,0.53473,0.65234,0.47083,91.19,0.9878,live,0.1945,0.2683,160.58,598.48
155880.039055,80.0,0.3782,3,1,1,0.65391,0.47500,0.62734,0.43472,0.61875,0.37778,0.62109,0.33194,0.62969,0.29444,0.64141,0.33056,0.63984,0.28472,0.62656,0.27083,0.61250,0.27222,0.65391,0.32639,0.65625,0.27222,0.63984,0.25833,0.62266,0.26528,0.66641,0.33194,0.67109,0.27500,0.65469,0.25833,0.63828,0.26528,0.67891,0.34306,0.67891,0.29861,0.66719,0.27917,0.65234,0.27778,0.60584,0.83018,0.9996,0.73581,0.89394,0.9250,0.66805,0.49434,0.9985,0.67324,0.52278,0.65391,0.47500,90.33,0.9869,live,0.2067,0.2624,155.23,591.70
155880.106192,80.0,0.4677,3,1,1,0.65547,0.48750,0.62813,0.44722,0.62031,0.38750,0.62266,0.34028,0.63125,0.30278,0.64375,0.34306,0.64297,0.29444,0.62891,0.27917,0.61562,0.28194,0.65703,0.34028,0.65938,0.28333,0.64219,0.26944,0.62656,0.27917,0.67031,0.34722,0.67578,0.28750,0.65859,0.27222,0.64219,0.27917,0.68281,0.35972,0.68281,0.31389,0.66875,0.29583,0.65312,0.29583,0.60569,0.82916,0.9995,0.73494,0.89629,0.9262,0.66928,0.49709,0.9985,0.66968,0.51573,0.65547,0.48750,90.24,0.9881,live,0.2129,0.2414,141.36,585.66
155880.172434,80.0,0.5560,3,1,1,0.65469,0.50694,0.63047,0.46528,0.62344,0.40556,0.62578,0.35972,0.63516,0.32500,0.64531,0.35833,0.64453,0.31111,0.63047,0.29722,0.61641,0.30000,0.65859,0.35694,0.66094,0.29861,0.64297,0.28611,0.62656,0.29583,0.67266,0.36528,0.67891,0.30278,0.66172,0.29028,0.64531,0.29861,0.68516,0.38194,0.68672,0.33333,0.67266,0.31806,0.65781,0.31944,0.60599,0.83102,0.9995,0.73498,0.92244,0.9274,0.67034,0.51456,0.9985,0.66668,0.51397,0.65469,0.50694,91.91,0.9927,live,0.2129,0.2082,121.08,581.56
155880.238969,80.0,0.6447,3,1,1,0.65469,0.54167,0.63281,0.50000,0.62500,0.44167,0.62656,0.39722,0.63438,0.36250,0.64844,0.39167,0.64844,0.34167,0.63281,0.32778,0.61797,0.33194,0.66250,0.39028,0.66484,0.33056,0.64687,0.32083,0.63125,0.33056,0.67578,0.40000,0.68359,0.33750,0.66563,0.32500,0.65000,0.33611,0.68828,0.41806,0.69063,0.36667,0.67578,0.35278,0.66172,0.35694,0.60577,0.83559,0.9995,0.73527,0.96469,0.9260,0.67093,0.53369,0.9985,0.66428,0.51951,0.65469,0.54167,92.76,0.9898,live,0.2052,0.1698,98.23,578.55
155880.306198,80.0,0.7344,3,1,1,0.65312,0.58750,0.63281,0.55139,0.62500,0.49444,0.62578,0.45278,0.63438,0.41806,0.65000,0.43889,0.65000,0.38472,0.63281,0.37778,0.61875,0.38750,0.66484,0.44028,0.67031,0.37361,0.65000,0.36806,0.63516,0.38750,0.67891,0.45278,0.68672,0.38611,0.66563,0.38333,0.65156,0.40139,0.69219,0.47500,0.69219,0.42222,0.67578,0.41528,0.66328,0.42639,0.60576,0.83978,0.9995,0.73905,1.00000,0.9254,0.67070,0.56661,0.9985,0.66205,0.53311,0.65312,0.58750,92.31,0.9931,live,0.1922,0.1332,76.66,575.59
155880.372300,80.0,0.8225,3,1,1,0.65156,0.64028,0.63281,0.60556,0.62422,0.55139,0.62422,0.51389,0.63281,0.48194,0.65078,0.48750,0.64766,0.43889,0.63047,0.43750,0.61719,0.44861,0.66641,0.49306,0.67188,0.42500,0.65234,0.42639,0.63906,0.44861,0.68125,0.50972,0.68906,0.44306,0.66797,0.44861,0.65391,0.47083,0.69531,0.53750,0.69453,0.48750,0.67656,0.48472,0.66328,0.49861,0.60584,0.84102,0.9995,0.73974,1.00000,0.9269,0.67051,0.62968,0.9986,0.65995,0.55454,0.65156,0.64028,94.48,0.9968,live,0.1758,0.1013,58.18,574.55
155880.439229,80.0,0.9117,3,1,1,0.65234,0.69306,0.63359,0.66250,0.62187,0.61250,0.62109,0.57639,0.63125,0.54583,0.65078,0.54028,0.64609,0.48750,0.62734,0.49444,0.61484,0.51528,0.66797,0.54583,0.67188,0.47917,0.65078,0.48611,0.63750,0.50972,0.68359,0.56667,0.69141,0.50278,0.66719,0.51806,0.65312,0.54444,0.69766,0.59861,0.69531,0.55139,0.67578,0.55833,0.66328,0.57639,0.60621,0.84214,0.9995,0.73422,1.00000,0.9260,0.67005,0.68535,0.9985,0.65843,0.58224,0.65234,0.69306,95.13,0.9982,live,0.1628,0.1035,59.41,574.09
155880.505895,80.0,0.0006,3,2,0,0.65312,0.73750,0.63359,0.70000,0.62266,0.65278,0.62031,0.61944,0.62969,0.59306,0.65078,0.57778,0.64531,0.52639,0.62734,0.53750,0.61406,0.56111,0.66875,0.58611,0.67266,0.51806,0.65000,0.53194,0.63594,0.55833,0.68437,0.60833,0.69375,0.54583,0.66875,0.56250,0.65312,0.59028,0.69766,0.64444,0.69766,0.60000,0.67578,0.60556,0.66094,0.62361,0.60654,0.84229,0.9995,0.73015,1.00000,0.9240,0.67063,0.72478,0.9986,0.65737,0.61330,0.65312,0.73750,97.67,0.9987,live,0.1628,0.1381,79.50,575.52
155880.572226,80.0,0.0891,3,2,0,0.65312,0.75972,0.63281,0.72083,0.62109,0.67361,0.61797,0.63889,0.62813,0.61667,0.64922,0.59722,0.64453,0.54861,0.62578,0.55694,0.61328,0.57639,0.66797,0.60694,0.67266,0.54306,0.65000,0.55694,0.63516,0.58333,0.68437,0.62917,0.69375,0.57083,0.66875,0.58750,0.65312,0.61389,0.69688,0.66528,0.69766,0.62083,0.67656,0.63056,0.66172,0.65139,0.60682,0.84566,0.9995,0.72545,1.00000,0.9245,0.67157,0.75296,0.9986,0.65652,0.64258,0.65312,0.75972,98.77,0.9979,live,0.1628,0.1645,95.04,577.57
155880.638958,80.0,0.1781,3,2,0,0.65234,0.76528,0.63125,0.72500,0.61797,0.67917,0.61250,0.64722,0.62187,0.62778,0.64766,0.60278,0.64297,0.55556,0.62422,0.56389,0.61016,0.58472,0.66641,0.61111,0.67109,0.54861,0.64766,0.56528,0.63281,0.59306,0.68281,0.63611,0.69141,0.57639,0.66484,0.59583,0.64922,0.62222,0.69609,0.67361,0.69531,0.63194,0.67266,0.64167,0.65703,0.65833,0.60651,0.84536,0.9995,0.73417,1.00000,0.9234,0.67257,0.75697,0.9986,0.65569,0.66712,0.65234,0.76528,99.11,0.9976,live,0.1685,0.1941,112.53,579.62
155880.706466,80.0,0.2681,3,2,0,0.65078,0.76806,0.62891,0.72778,0.61484,0.68333,0.60938,0.65139,0.62031,0.62917,0.64453,0.60556,0.63906,0.55833,0.62109,0.56944,0.60781,0.59167,0.66406,0.61528,0.66719,0.55000,0.64375,0.56944,0.62969,0.59722,0.68047,0.63889,0.68828,0.57917,0.66250,0.59861,0.64609,0.62639,0.69375,0.67639,0.69219,0.63611,0.67031,0.64583,0.65469,0.66250,0.60652,0.84426,0.9996,0.73211,1.00000,0.9211,0.67328,0.75839,0.9986,0.65471,0.68731,0.65078,0.76806,98.89,0.9978,live,0.1771,0.2163,125.74,581.26
155880.772601,80.0,0.3562,3,2,0,0.65000,0.76944,0.62813,0.72917,0.61406,0.68194,0.60938,0.65139,0.61953,0.62500,0.64453,0.60694,0.64062,0.55833,0.62187,0.56806,0.60859,0.59028,0.66406,0.61667,0.66797,0.55278,0.64375,0.57083,0.62891,0.60000,0.68047,0.64167,0.68750,0.58194,0.66094,0.60139,0.64453,0.62639,0.69297,0.67917,0.69141,0.63889,0.66953,0.64861,0.65234,0.66389,0.60682,0.84248,0.9996,0.73012,1.00000,0.9237,0.67512,0.77017,0.9986,0.65376,0.70373,0.65000,0.76944,98.68,0.9981,live,0.1864,0.2289,133.32,582.57
155880.839191,80.0,0.4450,3,2,0,0.65000,0.77083,0.62891,0.73194,0.61484,0.68611,0.61016,0.65556,0.61953,0.62917,0.64687,0.60833,0.64375,0.56111,0.62500,0.57083,0.61016,0.59028,0.66563,0.61944,0.67031,0.55694,0.64687,0.57500,0.63125,0.60139,0.68203,0.64306,0.68906,0.58611,0.66328,0.60417,0.64609,0.63056,0.69453,0.68056,0.69375,0.64306,0.67109,0.65278,0.65469,0.66667,0.60662,0.84197,0.9996,0.72723,1.00000,0.9250,0.67484,0.76268,0.9985,0.65301,0.71715,0.65000,0.77083,98.62,0.9975,live,0.1939,0.2279,133.02,583.67
155880.906453,80.0,0.5347,3,2,0,0.65469,0.77361,0.63281,0.73333,0.61953,0.68750,0.61562,0.65694,0.62578,0.63194,0.65234,0.61111,0.64844,0.56389,0.62969,0.57361,0.61562,0.59444,0.67109,0.62222,0.67578,0.55833,0.65312,0.57500,0.63750,0.60417,0.68672,0.64583,0.69609,0.58889,0.66953,0.60833,0.65234,0.63333,0.69922,0.68472,0.70000,0.64583,0.67734,0.65556,0.66094,0.67222,0.60692,0.84194,0.9996,0.72630,1.00000,0.9252,0.67842,0.76575,0.9984,0.65335,0.72845,0.65469,0.77361,98.45,0.9974,live,0.1939,0.2148,125.53,584.51
155880.972703,80.0,0.6230,3,2,0,0.66328,0.77500,0.64297,0.73056,0.63125,0.68472,0.62891,0.65417,0.63906,0.63194,0.66406,0.61250,0.66250,0.56250,0.64297,0.57083,0.62969,0.59444,0.68281,0.62361,0.68906,0.55972,0.66563,0.57500,0.64922,0.60278,0.69844,0.65000,0.70937,0.58750,0.68359,0.60556,0.66719,0.63194,0.71094,0.68750,0.71328,0.64722,0.69063,0.65417,0.67578,0.66944,0.60815,0.84456,0.9996,0.72769,1.00000,0.9257,0.68176,0.76648,0.9984,0.65533,0.73776,0.66328,0.77500,99.31,0.9971,live,0.1939,0.1915,112.18,585.87
155881.039464,80.0,0.7121,3,2,0,0.68047,0.77361,0.66172,0.72917,0.65000,0.67778,0.65234,0.64167,0.66953,0.63056,0.68672,0.60833,0.68984,0.55972,0.67266,0.56667,0.65781,0.58750,0.70547,0.62222,0.71719,0.56111,0.69375,0.57500,0.67734,0.60139,0.72188,0.65000,0.73594,0.59306,0.71172,0.60833,0.69453,0.63194,0.73516,0.68750,0.74062,0.64722,0.71953,0.65278,0.70312,0.66944,0.60845,0.84371,0.9996,0.72787,1.00000,0.9257,0.68905,0.76622,0.9984,0.66036,0.74493,0.68047,0.77361,102.65,0.9960,live,0.1881,0.1616,95.24,589.48
155881.106762,80.0,0.8018,3,2,0,0.70312,0.77500,0.68437,0.72500,0.67812,0.66944,0.68594,0.63611,0.70469,0.62500,0.72031,0.61111,0.72734,0.55972,0.71094,0.56250,0.69531,0.58056,0.73750,0.62639,0.75313,0.56389,0.73125,0.56944,0.71406,0.59306,0.75156,0.65417,0.77266,0.59583,0.75000,0.60556,0.73203,0.62917,0.76406,0.69444,0.77656,0.65139,0.75781,0.65139,0.74062,0.66667,0.60903,0.84368,0.9996,0.72812,1.00000,0.9225,0.71387,0.76859,0.9983,0.66891,0.75094,0.70312,0.77500,103.75,0.9941,live,0.1787,0.1359,80.63,593.44
155881.172778,80.0,0.8898,3,2,0,0.72656,0.77083,0.70937,0.72222,0.70781,0.66528,0.71719,0.63333,0.73672,0.62361,0.75156,0.60694,0.76406,0.55833,0.75078,0.55694,0.73594,0.57361,0.76953,0.62361,0.79219,0.56389,0.77266,0.56806,0.75469,0.59167,0.78359,0.65139,0.81016,0.59722,0.79063,0.60139,0.77266,0.62222,0.79453,0.69167,0.81250,0.65139,0.79609,0.64722,0.77891,0.65972,0.60918,0.84500,0.9996,0.74459,1.00000,0.9229,0.74949,0.77119,0.9984,0.68044,0.75492,0.72656,0.77083,106.96,0.9937,live,0.1682,0.1207,72.31,599.24
155881.239620,80.0,0.9789,3,2,0,0.74453,0.76250,0.72891,0.71389,0.73047,0.65694,0.74375,0.62361,0.76484,0.60833,0.77266,0.60278,0.78828,0.55556,0.77734,0.55139,0.76484,0.57083,0.79141,0.61944,0.81797,0.56111,0.80078,0.56250,0.78281,0.58611,0.80547,0.64722,0.83437,0.59722,0.81641,0.59583,0.79922,0.61806,0.81563,0.68750,0.83672,0.64722,0.82188,0.64167,0.80312,0.65556,0.60917,0.84719,0.9996,0.73633,1.00000,0.9233,0.76546,0.77660,0.9983,0.69326,0.75644,0.74453,0.76250,106.91,0.9953,live,0.1593,0.1185,71.64,604.31
155881.306774,80.0,0.0685,3,3,0,0.75391,0.75833,0.73984,0.70833,0.74219,0.65278,0.75547,0.62083,0.77812,0.60556,0.78438,0.60000,0.79844,0.55278,0.79141,0.54722,0.78047,0.56806,0.80391,0.61528,0.83047,0.55972,0.81797,0.55833,0.80000,0.58194,0.81797,0.64444,0.84766,0.59306,0.83281,0.59306,0.81484,0.61667,0.82891,0.68472,0.84922,0.64583,0.83672,0.63889,0.82031,0.65139,0.61061,0.84400,0.9996,0.75163,1.00000,0.9207,0.77701,0.77720,0.9983,0.70539,0.75682,0.75391,0.75833,108.72,0.9961,live,0.1534,0.1265,77.17,610.07
155881.372817,80.0,0.1565,3,3,0,0.75703,0.75417,0.74297,0.70556,0.74531,0.65000,0.76016,0.61944,0.78281,0.60139,0.78828,0.59861,0.80469,0.55139,0.79609,0.54583,0.78438,0.56667,0.80703,0.61528,0.83594,0.55694,0.82031,0.55694,0.80156,0.58333,0.82109,0.64444,0.85391,0.59306,0.83828,0.59028,0.81953,0.61250,0.83125,0.68472,0.85313,0.64444,0.84062,0.63750,0.82422,0.65139,0.61152,0.84353,0.9996,0.74639,1.00000,0.9180,0.78056,0.77781,0.9983,0.71572,0.75629,0.75703,0.75417,106.97,0.9944,live,0.1534,0.1388,85.19,613.88
155881.439897,80.0,0.2460,3,3,0,0.75859,0.75417,0.74453,0.70417,0.74687,0.64583,0.76172,0.61389,0.78438,0.60000,0.78906,0.59722,0.80469,0.55000,0.79609,0.54444,0.78438,0.56389,0.80703,0.61528,0.83594,0.55556,0.82031,0.55694,0.80234,0.58194,0.82109,0.64306,0.85391,0.59306,0.83750,0.59028,0.81953,0.61250,0.83125,0.68333,0.85234,0.64306,0.84062,0.63611,0.82422,0.65139,0.61208,0.84481,0.9996,0.75691,1.00000,0.9169,0.78143,0.77973,0.9983,0.72429,0.75586,0.75859,0.75417,106.37,0.9937,live,0.1534,0.1509,93.08,616.80
155881.506770,80.0,0.3351,3,3,0,0.75625,0.75139,0.74219,0.70139,0.74453,0.64306,0.76094,0.61111,0.78281,0.59722,0.78594,0.59444,0.80078,0.54583,0.79141,0.54306,0.77969,0.56389,0.80547,0.61111,0.83281,0.55278,0.81563,0.55417,0.79766,0.57917,0.81875,0.64028,0.84922,0.58889,0.83203,0.58750,0.81406,0.60972,0.82969,0.68056,0.85000,0.63889,0.83594,0.63194,0.81953,0.64722,0.61281,0.84476,0.9996,0.76394,1.00000,0.9167,0.78036,0.77891,0.9983,0.73068,0.75497,0.75625,0.75139,107.19,0.9938,live,0.1534,0.1571,97.42,619.96
155881.573049,80.0,0.4235,3,3,0,0.75156,0.74722,0.73750,0.69861,0.73906,0.64167,0.75313,0.61111,0.77500,0.59444,0.78125,0.59028,0.79375,0.54444,0.78516,0.54028,0.77344,0.55972,0.80000,0.60556,0.82578,0.54722,0.81016,0.54861,0.79219,0.57222,0.81484,0.63472,0.84375,0.58333,0.82656,0.58194,0.80937,0.60556,0.82500,0.67500,0.84531,0.63333,0.83203,0.62639,0.81563,0.64028,0.61283,0.84526,0.9996,0.76701,1.00000,0.9164,0.77844,0.77446,0.9984,0.73486,0.75342,0.75156,0.74722,107.20,0.9944,live,0.1534,0.1537,95.74,622.75
155881.639537,80.0,0.5122,3,3,0,0.74219,0.73611,0.72813,0.68611,0.72813,0.63056,0.73828,0.60000,0.75859,0.58750,0.77187,0.58056,0.78594,0.53333,0.77344,0.52639,0.76016,0.54444,0.78906,0.59583,0.81484,0.53611,0.79688,0.53333,0.77969,0.55694,0.80391,0.62222,0.83281,0.56944,0.81563,0.56389,0.79844,0.58472,0.81484,0.66111,0.83594,0.61944,0.82266,0.60833,0.80703,0.62083,0.61251,0.84585,0.9996,0.76300,1.00000,0.9142,0.77819,0.75976,0.9984,0.73633,0.74996,0.74219,0.73611,105.81,0.9934,live,0.1534,0.1385,86.43,624.20
155881.706884,80.0,0.6020,3,3,0,0.73047,0.72083,0.71328,0.66944,0.70937,0.61389,0.71875,0.58056,0.73594,0.56806,0.75391,0.55972,0.76641,0.50972,0.75156,0.50417,0.73750,0.51944,0.77031,0.57222,0.79219,0.51111,0.77266,0.50972,0.75547,0.53056,0.78516,0.59722,0.81172,0.54028,0.79297,0.53611,0.77578,0.55417,0.79688,0.63333,0.81484,0.59167,0.80078,0.58056,0.78516,0.59028,0.61230,0.84638,0.9996,0.74303,1.00000,0.9145,0.77276,0.73461,0.9984,0.73515,0.74413,0.73047,0.72083,105.13,0.9881,live,0.1465,0.1154,72.11,624.99
155881.773074,80.0,0.6902,3,3,0,0.71016,0.68611,0.69375,0.63056,0.68828,0.57500,0.69688,0.53889,0.71094,0.52361,0.72500,0.51528,0.73047,0.46389,0.71406,0.46250,0.70078,0.47917,0.74297,0.52778,0.75703,0.46389,0.73750,0.46250,0.72188,0.48333,0.75703,0.55278,0.77500,0.49167,0.75547,0.49306,0.73906,0.51389,0.76875,0.59028,0.77891,0.54167,0.76250,0.53611,0.74687,0.54861,0.61076,0.84664,0.9996,0.74258,1.00000,0.9130,0.74460,0.69740,0.9984,0.73015,0.73253,0.71016,0.68611,106.41,0.9897,live,0.1368,0.0923,57.83,626.61
155881.839897,80.0,0.7793,3,3,0,0.69141,0.63889,0.67109,0.58611,0.66484,0.53194,0.67031,0.49583,0.67734,0.47361,0.69688,0.47083,0.69922,0.42222,0.68437,0.41667,0.67266,0.42500,0.71328,0.47917,0.72422,0.41528,0.70625,0.41250,0.69141,0.42917,0.72813,0.50000,0.74375,0.43750,0.72422,0.43611,0.70859,0.45417,0.74062,0.53056,0.74844,0.48194,0.73281,0.47361,0.71719,0.48333,0.61201,0.84634,0.9996,0.74298,1.00000,0.9114,0.71627,0.65728,0.9983,0.72240,0.71380,0.69141,0.63889,102.61,0.9874,live,0.1266,0.0804,50.27,625.30
155881.906695,80.0,0.8684,3,3,0,0.67578,0.58889,0.65469,0.53889,0.64609,0.48472,0.64687,0.44444,0.65625,0.41667,0.67656,0.42639,0.67812,0.37222,0.66250,0.36250,0.64844,0.36806,0.69141,0.43194,0.69844,0.36528,0.67969,0.35972,0.66328,0.37361,0.70625,0.44722,0.71875,0.38056,0.69922,0.37778,0.68359,0.39306,0.71875,0.47361,0.72344,0.42222,0.70703,0.41389,0.69219,0.42083,0.61157,0.84258,0.9996,0.74276,1.00000,0.9126,0.69543,0.58876,0.9983,0.71308,0.68882,0.67578,0.58889,98.79,0.9884,live,0.1221,0.1013,62.97,621.39
155881.973323,80.0,0.9572,3,3,0,0.66719,0.54583,0.64453,0.49861,0.63594,0.44028,0.63516,0.39722,0.64609,0.36667,0.66484,0.38750,0.66563,0.33472,0.65000,0.32361,0.63672,0.32778,0.67969,0.39028,0.68828,0.32361,0.67031,0.31667,0.65547,0.33056,0.69453,0.40278,0.70625,0.33750,0.68828,0.32778,0.67344,0.34167,0.70703,0.42500,0.71094,0.37222,0.69609,0.35972,0.68281,0.36806,0.61140,0.84260,0.9996,0.73788,0.99621,0.9115,0.68513,0.55938,0.9983,0.70390,0.66022,0.66719,0.54583,97.10,0.9861,live,0.1221,0.1304,80.40,616.73
155882.039580,80.0,0.0455,3,1,1,0.66406,0.51806,0.64062,0.47361,0.63047,0.41528,0.62969,0.36944,0.64062,0.33889,0.65938,0.36111,0.65938,0.31250,0.64531,0.29861,0.63203,0.29722,0.67422,0.36111,0.67969,0.30000,0.66250,0.28889,0.64609,0.29722,0.68828,0.37222,0.69922,0.30972,0.68281,0.29583,0.66641,0.30278,0.70078,0.39444,0.70703,0.34306,0.69375,0.32639,0.67812,0.32778,0.60932,0.84105,0.9996,0.73597,0.94435,0.9124,0.68312,0.53754,0.9984,0.69593,0.63179,0.66406,0.51806,96.43,0.9857,live,0.1304,0.1686,103.22,612.16
155882.107889,80.0,0.1366,3,1,1,0.66250,0.50139,0.63906,0.45694,0.62891,0.39861,0.62813,0.35278,0.63750,0.31944,0.65703,0.34722,0.65703,0.30139,0.64375,0.28472,0.62969,0.28056,0.67109,0.34583,0.67578,0.28611,0.65859,0.27222,0.64141,0.27778,0.68437,0.35417,0.69531,0.29306,0.67891,0.27917,0.66172,0.28611,0.69766,0.37361,0.70234,0.32500,0.68906,0.30833,0.67344,0.30694,0.60874,0.84022,0.9996,0.73466,0.93235,0.9142,0.67896,0.52056,0.9984,0.68925,0.60571,0.66250,0.50139,95.38,0.9844,live,0.1432,0.2013,122.24,607.37
155882.173236,80.0,0.2238,3,1,1,0.66016,0.49444,0.63750,0.45139,0.62813,0.39028,0.62813,0.34444,0.63594,0.30694,0.65625,0.34167,0.65703,0.29167,0.64141,0.27500,0.62656,0.27500,0.67031,0.34028,0.67500,0.27917,0.65703,0.26667,0.63906,0.27361,0.68437,0.34861,0.69453,0.28611,0.67656,0.27222,0.65938,0.28056,0.69688,0.36806,0.70000,0.31944,0.68672,0.30000,0.67031,0.29861,0.60714,0.84026,0.9995,0.73428,0.93445,0.9158,0.67597,0.51306,0.9984,0.68343,0.58346,0.66016,0.49444,94.91,0.9872,live,0.1585,0.2284,137.68,602.83
155882.240007,80.0,0.3128,3,1,1,0.66172,0.49722,0.63750,0.45417,0.62813,0.39583,0.62734,0.35139,0.63516,0.31528,0.65625,0.34583,0.65625,0.29583,0.64141,0.27917,0.62734,0.27778,0.67031,0.34444,0.67578,0.28333,0.65703,0.26944,0.63984,0.27917,0.68437,0.35278,0.69453,0.28889,0.67422,0.27361,0.65625,0.28333,0.69688,0.37083,0.70000,0.31944,0.68437,0.30139,0.66797,0.30417,0.60640,0.83982,0.9995,0.73388,0.93306,0.9171,0.67467,0.51546,0.9985,0.67909,0.56621,0.66172,0.49722,94.08,0.9845,live,0.1742,0.2455,146.84,598.23
155882.307292,80.0,0.4025,3,1,1,0.66250,0.51111,0.63906,0.46667,0.63047,0.40694,0.62969,0.36250,0.63672,0.32917,0.65781,0.35833,0.65781,0.31111,0.64375,0.29306,0.62891,0.29028,0.67266,0.35833,0.67812,0.29722,0.66016,0.28194,0.64141,0.28611,0.68672,0.36944,0.69688,0.30694,0.67812,0.29028,0.65938,0.29444,0.69922,0.39028,0.70234,0.33611,0.68750,0.31944,0.67109,0.31944,0.60595,0.83827,0.9995,0.73438,0.93652,0.9190,0.67645,0.51773,0.9984,0.67577,0.55519,0.66250,0.51111,94.40,0.9894,live,0.1869,0.2447,145.43,594.40
155882.373380,80.0,0.4906,3,1,1,0.66250,0.52917,0.63906,0.48611,0.63047,0.42639,0.62891,0.38056,0.63828,0.34583,0.65859,0.37500,0.66016,0.32361,0.64531,0.30833,0.63203,0.30972,0.67344,0.37500,0.67891,0.31111,0.66016,0.30000,0.64375,0.30972,0.68750,0.38750,0.69922,0.31944,0.67969,0.31111,0.66406,0.32500,0.70078,0.40972,0.70391,0.35556,0.68828,0.34167,0.67344,0.34583,0.60554,0.83879,0.9994,0.73423,0.95839,0.9181,0.67723,0.51842,0.9985,0.67312,0.54998,0.66250,0.52917,95.37,0.9913,live,0.1939,0.2260,133.76,591.74
155882.440143,80.0,0.5796,3,1,1,0.66172,0.55972,0.64062,0.51806,0.63203,0.45972,0.63125,0.41667,0.64062,0.38194,0.66172,0.40417,0.66484,0.35000,0.64687,0.33889,0.63281,0.34444,0.67656,0.40694,0.68516,0.33750,0.66484,0.33333,0.65000,0.35278,0.69063,0.41944,0.70156,0.35278,0.68047,0.34722,0.66641,0.36389,0.70391,0.44167,0.70859,0.38889,0.69219,0.37639,0.67812,0.38333,0.60542,0.84132,0.9995,0.73411,0.99936,0.9159,0.67769,0.54378,0.9985,0.67084,0.55193,0.66172,0.55972,96.18,0.9867,live,0.1939,0.1926,113.65,589.98
155882.507127,80.0,0.6689,3,1,1,0.66172,0.60278,0.64141,0.56250,0.63281,0.50556,0.63203,0.46389,0.64219,0.43056,0.66328,0.44722,0.66250,0.39583,0.64609,0.38750,0.63359,0.39167,0.67891,0.45278,0.68672,0.38194,0.66641,0.38333,0.65156,0.40556,0.69453,0.46806,0.70469,0.40000,0.68281,0.40278,0.66719,0.42222,0.70781,0.49583,0.71250,0.44167,0.69531,0.43472,0.68047,0.44722,0.60589,0.84238,0.9995,0.73494,1.00000,0.9163,0.67804,0.57857,0.9985,0.66901,0.56210,0.66172,0.60278,96.53,0.9905,live,0.1869,0.1547,91.07,588.69
155882.573398,80.0,0.7573,3,1,1,0.66094,0.65000,0.64219,0.61111,0.63203,0.55833,0.62969,0.52083,0.63672,0.49444,0.66406,0.49306,0.66406,0.44028,0.64531,0.44028,0.63125,0.45417,0.68125,0.50278,0.68516,0.43472,0.66172,0.44167,0.64609,0.46389,0.69609,0.52361,0.70625,0.45833,0.68203,0.46806,0.66484,0.49167,0.71016,0.55556,0.71562,0.50694,0.69688,0.50556,0.68125,0.51944,0.60581,0.84246,0.9995,0.73159,1.00000,0.9156,0.67849,0.63738,0.9985,0.66740,0.57968,0.66094,0.65000,97.28,0.9943,live,0.1744,0.1178,69.30,588.08
155882.640102,80.0,0.8462,3,1,1,0.65625,0.69861,0.63828,0.65972,0.62891,0.60972,0.62734,0.57639,0.63281,0.55139,0.66250,0.54028,0.66172,0.48611,0.64219,0.49167,0.62578,0.50972,0.67891,0.55278,0.68281,0.48750,0.65859,0.49583,0.64141,0.51944,0.69375,0.57778,0.70547,0.51667,0.67891,0.53056,0.66094,0.55556,0.70703,0.61389,0.71250,0.56806,0.69141,0.57083,0.67500,0.58472,0.60738,0.84071,0.9995,0.73108,1.00000,0.9150,0.67797,0.68867,0.9985,0.66517,0.60347,0.65625,0.69861,97.55,0.9977,live,0.1585,0.0861,50.59,587.75
155882.707211,80.0,0.9357,3,1,1,0.65234,0.73472,0.63281,0.69444,0.62266,0.64722,0.61797,0.61667,0.62266,0.59028,0.65312,0.57361,0.65234,0.52222,0.63281,0.53056,0.61797,0.55278,0.67188,0.58611,0.67734,0.52361,0.65234,0.53889,0.63516,0.56528,0.68750,0.61389,0.69844,0.55556,0.67031,0.57222,0.65234,0.59583,0.70000,0.65278,0.70469,0.61250,0.68203,0.61389,0.66406,0.62639,0.60881,0.83829,0.9995,0.72812,1.00000,0.9145,0.67688,0.71852,0.9985,0.66260,0.62972,0.65234,0.73472,98.38,0.9978,live,0.1504,0.1136,66.77,588.05
155882.773775,80.0,0.0245,3,2,0,0.64844,0.75556,0.62891,0.71528,0.61641,0.66806,0.61016,0.63611,0.61641,0.60972,0.64844,0.59306,0.64375,0.54028,0.62422,0.54722,0.60938,0.56806,0.66719,0.60556,0.67109,0.54306,0.64766,0.55694,0.63125,0.58333,0.68359,0.63333,0.69063,0.57500,0.66328,0.59306,0.64531,0.61806,0.69531,0.67222,0.69531,0.63056,0.67188,0.63889,0.65469,0.65556,0.61197,0.83829,0.9995,0.72410,1.00000,0.9134,0.67680,0.74178,0.9985,0.65977,0.65489,0.64844,0.75556,98.81,0.9983,live,0.1504,0.1350,79.47,588.63
155882.839853,80.0,0.1126,3,2,0,0.64609,0.76111,0.62578,0.72083,0.61406,0.67222,0.60859,0.64306,0.61406,0.61667,0.64844,0.59306,0.64375,0.54722,0.62266,0.55556,0.60625,0.57639,0.66797,0.60833,0.67031,0.55139,0.64453,0.56944,0.62656,0.59722,0.68281,0.63889,0.68828,0.58611,0.65938,0.60278,0.64062,0.62778,0.69453,0.68056,0.69219,0.64167,0.66719,0.64861,0.64922,0.66389,0.61195,0.84228,0.9995,0.73355,1.00000,0.9148,0.67302,0.75683,0.9985,0.65703,0.67613,0.64609,0.76111,101.44,0.9987,live,0.1504,0.1609,95.11,591.03
155882.907487,80.0,0.2028,3,2,0,0.64531,0.76389,0.62578,0.72500,0.61484,0.67639,0.61094,0.64722,0.61875,0.62222,0.65000,0.59861,0.64609,0.55278,0.62578,0.56111,0.60859,0.58056,0.66875,0.61389,0.67344,0.55694,0.64766,0.57222,0.62969,0.60000,0.68359,0.64306,0.69141,0.59167,0.66250,0.60694,0.64375,0.63056,0.69453,0.68611,0.69453,0.64722,0.67109,0.65278,0.65391,0.66528,0.61471,0.84089,0.9995,0.73437,1.00000,0.9177,0.67290,0.75964,0.9986,0.65469,0.69368,0.64531,0.76389,100.12,0.9988,live,0.1556,0.1792,106.12,592.19
155882.975147,80.0,0.2930,3,2,0,0.65156,0.77083,0.63125,0.73056,0.61953,0.68056,0.61562,0.65139,0.62500,0.62361,0.65469,0.60556,0.65234,0.55556,0.63281,0.56250,0.61641,0.58333,0.67266,0.62083,0.67969,0.55833,0.65391,0.57500,0.63594,0.60278,0.68750,0.64861,0.69766,0.59306,0.66875,0.60833,0.64922,0.63056,0.69922,0.68750,0.70078,0.64861,0.67734,0.65417,0.65938,0.66667,0.61525,0.83873,0.9995,0.72545,1.00000,0.9151,0.67359,0.76627,0.9986,0.65406,0.70911,0.65156,0.77083,99.50,0.9980,live,0.1626,0.1943,115.19,592.77
155883.040437,80.0,0.3800,3,2,0,0.65859,0.77500,0.63828,0.72917,0.62813,0.67917,0.62656,0.64583,0.63672,0.62361,0.66328,0.60833,0.66172,0.55694,0.64297,0.56111,0.62734,0.58194,0.68125,0.62361,0.68984,0.55972,0.66484,0.57361,0.64687,0.60000,0.69609,0.65139,0.70781,0.59306,0.67969,0.60833,0.66094,0.63194,0.70703,0.69167,0.71094,0.64861,0.68828,0.65139,0.67109,0.66528,0.61515,0.83962,0.9996,0.72100,1.00000,0.9183,0.68088,0.77250,0.9986,0.65497,0.72229,0.65859,0.77500,100.32,0.9981,live,0.1688,0.1969,116.91,593.87
155883.107304,80.0,0.4692,3,2,0,0.66797,0.77778,0.64844,0.73056,0.63984,0.67917,0.63906,0.64583,0.65078,0.62500,0.67500,0.60972,0.67578,0.55694,0.65625,0.55972,0.64141,0.57778,0.69375,0.62361,0.70312,0.56250,0.67812,0.57500,0.66016,0.60000,0.70859,0.65139,0.72188,0.59306,0.69453,0.60694,0.67578,0.62917,0.72109,0.69028,0.72578,0.64722,0.70391,0.64861,0.68750,0.65972,0.61363,0.84040,0.9996,0.71436,1.00000,0.9223,0.68147,0.77987,0.9987,0.65757,0.73339,0.66797,0.77778,103.14,0.9977,live,0.1688,0.1876,111.98,596.87
155883.173753,80.0,0.5578,3,2,0,0.67891,0.77917,0.66172,0.73194,0.65312,0.67917,0.65391,0.64583,0.66875,0.62500,0.68984,0.61250,0.69141,0.55972,0.67188,0.56111,0.65703,0.57778,0.70703,0.62639,0.71953,0.56389,0.69453,0.57361,0.67578,0.59722,0.72188,0.65556,0.73828,0.59583,0.71250,0.60694,0.69453,0.63056,0.73438,0.69444,0.74375,0.64861,0.72188,0.64861,0.70469,0.66250,0.61379,0.83669,0.9996,0.71259,1.00000,0.9133,0.69223,0.78343,0.9986,0.66184,0.74254,0.67891,0.77917,103.05,0.9969,live,0.1688,0.1687,101.14,599.44
155883.240132,80.0,0.6463,3,2,0,0.69375,0.77778,0.67656,0.73056,0.67031,0.67500,0.67500,0.63889,0.69219,0.62778,0.70937,0.61389,0.71641,0.55972,0.69766,0.56389,0.68125,0.58194,0.72656,0.62917,0.74219,0.56806,0.71719,0.57778,0.69844,0.60000,0.74141,0.65833,0.76016,0.60000,0.73516,0.60833,0.71719,0.62917,0.75391,0.69722,0.76719,0.65139,0.74687,0.65278,0.72891,0.66667,0.61463,0.83677,0.9995,0.71675,1.00000,0.9096,0.70896,0.78144,0.9985,0.66822,0.74959,0.69375,0.77778,103.45,0.9929,live,0.1688,0.1465,88.19,601.99
155883.307520,80.0,0.7361,3,2,0,0.71172,0.77639,0.69531,0.72917,0.69219,0.66944,0.70078,0.63472,0.71953,0.62639,0.73594,0.61667,0.74687,0.56389,0.72891,0.56389,0.71172,0.57917,0.75313,0.63333,0.77422,0.57361,0.74844,0.57639,0.72813,0.59583,0.76719,0.66250,0.79297,0.60556,0.76797,0.60556,0.74922,0.62361,0.77891,0.70139,0.79609,0.65694,0.77656,0.65278,0.75859,0.66667,0.61458,0.83758,0.9996,0.71876,1.00000,0.9043,0.73034,0.78056,0.9982,0.67692,0.75495,0.71172,0.77639,104.66,0.9927,live,0.1615,0.1285,77.76,605.10
155883.373913,80.0,0.8247,3,2,0,0.73281,0.77917,0.71719,0.72917,0.71719,0.66944,0.72891,0.63611,0.74844,0.62083,0.76094,0.61944,0.77500,0.56667,0.75859,0.56389,0.74297,0.57778,0.77891,0.63611,0.80312,0.57778,0.77969,0.57917,0.75938,0.59861,0.79297,0.66389,0.82109,0.61111,0.79922,0.60972,0.78047,0.62500,0.80391,0.70417,0.82656,0.66389,0.81016,0.65417,0.79141,0.66250,0.61458,0.83789,0.9996,0.72274,1.00000,0.9019,0.75061,0.78829,0.9982,0.68810,0.75979,0.73281,0.77917,106.79,0.9922,live,0.1544,0.1220,74.34,609.38
155883.440368,80.0,0.9133,3,2,0,0.74844,0.77917,0.73516,0.73056,0.73828,0.67222,0.75234,0.63750,0.77344,0.62222,0.78203,0.62361,0.79766,0.57500,0.78438,0.56667,0.76875,0.58056,0.80000,0.64028,0.82734,0.58194,0.80859,0.57917,0.78906,0.60000,0.81406,0.66944,0.84453,0.61806,0.82656,0.61389,0.80781,0.63194,0.82500,0.70972,0.85000,0.67222,0.83516,0.66111,0.81641,0.67083,0.61667,0.83681,0.9996,0.72913,1.00000,0.9015,0.76880,0.79063,0.9982,0.70017,0.76367,0.74844,0.77917,108.17,0.9948,live,0.1493,0.1264,77.60,614.14
155883.507570,80.0,0.0029,3,3,0,0.75938,0.78194,0.74687,0.72917,0.75078,0.67222,0.76641,0.64028,0.78984,0.62778,0.79453,0.62361,0.81172,0.57639,0.80078,0.57083,0.78750,0.58889,0.81328,0.64167,0.84141,0.58472,0.82578,0.58333,0.80703,0.60556,0.82734,0.67083,0.86016,0.62222,0.84375,0.61806,0.82500,0.63750,0.83828,0.71250,0.86250,0.67500,0.85156,0.66389,0.83516,0.67083,0.61820,0.83789,0.9996,0.73505,1.00000,0.9020,0.78355,0.79723,0.9982,0.71201,0.76732,0.75938,0.78194,110.65,0.9949,live,0.1493,0.1374,85.19,620.11
155883.573613,80.0,0.0909,3,3,0,0.76641,0.78194,0.75391,0.73056,0.75781,0.67500,0.77344,0.64306,0.79766,0.62639,0.80078,0.62639,0.81719,0.57778,0.80703,0.57361,0.79297,0.59444,0.82031,0.64444,0.84922,0.58611,0.83359,0.58472,0.81406,0.60972,0.83516,0.67361,0.86875,0.62361,0.85234,0.61944,0.83281,0.64028,0.84688,0.71528,0.86953,0.67639,0.85859,0.66528,0.84141,0.67361,0.62383,0.84193,0.9996,0.74081,1.00000,0.9046,0.79206,0.79729,0.9982,0.72289,0.77025,0.76641,0.78194,110.42,0.9945,live,0.1493,0.1575,98.48,625.20
155883.640394,80.0,0.1800,3,3,0,0.76875,0.78056,0.75547,0.72917,0.76172,0.67222,0.78047,0.64444,0.80312,0.62639,0.80391,0.62361,0.82109,0.57500,0.81172,0.57083,0.79844,0.59167,0.82266,0.64306,0.85391,0.58611,0.83750,0.58472,0.81875,0.60972,0.83750,0.67361,0.87109,0.62639,0.85469,0.61944,0.83594,0.64028,0.84766,0.71528,0.87187,0.67778,0.86172,0.66528,0.84453,0.67500,0.62520,0.84668,0.9996,0.74644,1.00000,0.9058,0.79461,0.79948,0.9982,0.73206,0.77231,0.76875,0.78056,110.07,0.9937,live,0.1493,0.1669,105.04,629.42
155883.707921,80.0,0.2700,3,3,0,0.76953,0.78194,0.75625,0.72917,0.76172,0.67083,0.78125,0.64306,0.80391,0.62500,0.80312,0.62222,0.81875,0.57361,0.81016,0.57222,0.79844,0.59583,0.82266,0.64167,0.85234,0.58472,0.83750,0.58472,0.81797,0.61111,0.83750,0.67222,0.87031,0.62500,0.85391,0.61944,0.83437,0.64028,0.84766,0.71389,0.87187,0.67639,0.86094,0.66389,0.84453,0.67500,0.62655,0.85144,0.9996,0.74682,1.00000,0.9068,0.79139,0.80541,0.9982,0.73955,0.77424,0.76953,0.78194,110.78,0.9930,live,0.1493,0.1611,102.06,633.65
155883.774074,80.0,0.3582,3,3,0,0.76719,0.77639,0.75469,0.72639,0.75859,0.66944,0.77578,0.64028,0.79766,0.62083,0.79922,0.61667,0.81484,0.56944,0.80625,0.56528,0.79375,0.58611,0.81953,0.63611,0.84844,0.57917,0.83281,0.58056,0.81406,0.60556,0.83437,0.66667,0.86562,0.61944,0.84922,0.61528,0.83047,0.63611,0.84453,0.70833,0.86797,0.67222,0.85781,0.65833,0.84219,0.66806,0.62661,0.85139,0.9996,0.74660,1.00000,0.9062,0.79152,0.80677,0.9981,0.74508,0.77467,0.76719,0.77639,110.40,0.9913,live,0.1493,0.1570,100.03,637.10
155883.840613,80.0,0.4469,3,3,0,0.76094,0.76528,0.74844,0.71667,0.75078,0.65972,0.76562,0.63056,0.78672,0.61250,0.79297,0.60833,0.80859,0.55972,0.79688,0.55556,0.78359,0.57639,0.81172,0.62639,0.83906,0.56806,0.82109,0.56944,0.80234,0.59306,0.82656,0.65556,0.85703,0.60417,0.83984,0.60000,0.82188,0.61944,0.83828,0.69583,0.86094,0.65694,0.85000,0.64444,0.83359,0.65139,0.62663,0.84781,0.9997,0.74699,1.00000,0.9059,0.79005,0.80440,0.9981,0.74825,0.77279,0.76094,0.76528,109.00,0.9930,live,0.1493,0.1446,92.40,639.14
155883.907940,80.0,0.5367,3,3,0,0.75234,0.75417,0.73906,0.70278,0.73984,0.64583,0.75234,0.61389,0.77187,0.59583,0.78047,0.59722,0.79531,0.54583,0.78203,0.54306,0.76719,0.56389,0.79844,0.61250,0.82422,0.55139,0.80391,0.55139,0.78594,0.57500,0.81328,0.63889,0.84062,0.58611,0.82188,0.58333,0.80391,0.60417,0.82578,0.67778,0.84844,0.63750,0.83594,0.62639,0.81953,0.63611,0.62660,0.84706,0.9997,0.74685,1.00000,0.9079,0.78925,0.79559,0.9981,0.74907,0.76906,0.75234,0.75417,106.84,0.9918,live,0.1446,0.1232,78.78,639.36
155883.974044,80.0,0.6248,3,3,0,0.73828,0.74583,0.72344,0.69167,0.72031,0.63611,0.73047,0.60278,0.74844,0.58472,0.76172,0.58472,0.77500,0.52778,0.75781,0.52639,0.74375,0.54306,0.77891,0.59861,0.80156,0.53472,0.77812,0.53750,0.76016,0.55972,0.79375,0.62500,0.81875,0.56806,0.79688,0.56944,0.77891,0.59028,0.80703,0.66111,0.82734,0.61667,0.81172,0.60694,0.79531,0.61806,0.62647,0.84701,0.9997,0.76501,1.00000,0.9074,0.78239,0.77555,0.9980,0.74691,0.76442,0.73828,0.74583,106.22,0.9896,live,0.1364,0.0987,63.10,639.12
155884.040875,80.0,0.7139,3,3,0,0.72266,0.73194,0.70625,0.67778,0.70078,0.62361,0.70859,0.59167,0.72266,0.57083,0.73984,0.56528,0.74844,0.51111,0.72969,0.50972,0.71484,0.52500,0.75625,0.58056,0.77109,0.51528,0.74766,0.52222,0.73125,0.54444,0.77109,0.60417,0.78828,0.54583,0.76562,0.55278,0.74844,0.57500,0.78516,0.63889,0.80000,0.59306,0.78359,0.58889,0.76719,0.60139,0.62355,0.84817,0.9997,0.76752,1.00000,0.9059,0.75570,0.76126,0.9980,0.74206,0.75792,0.72266,0.73194,105.52,0.9914,live,0.1256,0.0767,48.95,638.40
155884.108022,80.0,0.8035,3,3,0,0.70469,0.70694,0.68672,0.65139,0.67969,0.59583,0.68516,0.55833,0.69922,0.54167,0.71641,0.53333,0.71953,0.48194,0.70156,0.48333,0.68672,0.50000,0.73281,0.54583,0.74219,0.48194,0.72109,0.48611,0.70469,0.50694,0.74922,0.57083,0.76172,0.51111,0.73984,0.52222,0.72266,0.54583,0.76406,0.60694,0.77344,0.56111,0.75547,0.55972,0.73906,0.57361,0.61943,0.84595,0.9997,0.77689,1.00000,0.9028,0.73357,0.72637,0.9978,0.73459,0.74773,0.70469,0.70694,108.21,0.9916,live,0.1139,0.0605,38.72,639.71
155884.174139,80.0,0.8916,3,3,0,0.68984,0.65972,0.67031,0.60972,0.66250,0.55556,0.66406,0.51667,0.67422,0.49444,0.69453,0.49444,0.69609,0.44306,0.67734,0.43750,0.66406,0.44722,0.71094,0.50417,0.72031,0.43750,0.69766,0.43889,0.68125,0.45694,0.72656,0.52500,0.73906,0.46111,0.71562,0.46806,0.70078,0.48889,0.74141,0.55694,0.75000,0.50417,0.73281,0.50139,0.71797,0.51528,0.61914,0.84593,0.9997,0.75291,1.00000,0.9000,0.71810,0.68253,0.9978,0.72564,0.73013,0.68984,0.65972,102.13,0.9927,live,0.1058,0.0690,43.91,636.48
155884.240501,80.0,0.9801,3,3,0,0.67734,0.60972,0.65625,0.55694,0.64844,0.50000,0.65000,0.45972,0.66016,0.43194,0.68047,0.44444,0.68125,0.39306,0.66406,0.38194,0.64922,0.38472,0.69609,0.45000,0.70156,0.38611,0.68125,0.38194,0.66563,0.39583,0.71094,0.46667,0.72109,0.40278,0.70234,0.39722,0.68672,0.41111,0.72656,0.49444,0.73203,0.44306,0.71641,0.43472,0.70234,0.44306,0.61775,0.84191,0.9997,0.74625,1.00000,0.8989,0.70732,0.63192,0.9976,0.71598,0.70605,0.67734,0.60972,102.47,0.9892,live,0.1058,0.1027,65.08,633.87
155884.307879,80.0,0.0699,3,1,1,0.66875,0.56250,0.64766,0.50694,0.63984,0.45000,0.63906,0.40694,0.64766,0.37222,0.66875,0.40000,0.66875,0.35000,0.65312,0.33333,0.63906,0.33472,0.68359,0.40139,0.68906,0.33750,0.67109,0.32639,0.65625,0.33611,0.69922,0.41389,0.70781,0.34722,0.69063,0.33750,0.67578,0.34861,0.71484,0.43750,0.71875,0.38472,0.70469,0.37222,0.69063,0.38056,0.61392,0.84166,0.9997,0.74093,0.99669,0.8962,0.69890,0.57608,0.9976,0.70653,0.67734,0.66875,0.56250,101.76,0.9834,live,0.1121,0.1406,88.74,631.08
155884.374347,80.0,0.1586,3,1,1,0.66328,0.52222,0.63984,0.47361,0.63047,0.41111,0.62969,0.36667,0.63984,0.33472,0.65938,0.35833,0.65938,0.30972,0.64453,0.29444,0.62969,0.29722,0.67500,0.35972,0.67891,0.30000,0.66094,0.28750,0.64453,0.29583,0.68984,0.37222,0.69844,0.30972,0.68125,0.29583,0.66563,0.30417,0.70312,0.39583,0.70781,0.34167,0.69453,0.32778,0.67969,0.33472,0.61146,0.83825,0.9997,0.73311,0.96067,0.8955,0.68459,0.54038,0.9977,0.69788,0.64631,0.66328,0.52222,100.64,0.9880,live,0.1241,0.1787,112.18,627.81
155884.440797,80.0,0.2472,3,1,1,0.65781,0.50139,0.63359,0.45278,0.62422,0.39444,0.62266,0.34861,0.63125,0.31528,0.65312,0.34306,0.65156,0.29444,0.63594,0.27778,0.62109,0.27639,0.66719,0.34306,0.66953,0.28194,0.65156,0.26944,0.63359,0.27639,0.68047,0.35278,0.68750,0.29167,0.67031,0.27639,0.65234,0.28194,0.69453,0.37361,0.70000,0.32222,0.68672,0.30417,0.67109,0.30417,0.60943,0.83779,0.9996,0.73262,0.94888,0.8973,0.68099,0.52843,0.9978,0.68987,0.61733,0.65781,0.50139,97.37,0.9863,live,0.1402,0.2136,132.96,622.58
155884.507934,80.0,0.3367,3,1,1,0.65156,0.49167,0.62734,0.44444,0.61797,0.38611,0.61641,0.33889,0.62500,0.30417,0.64609,0.33472,0.64531,0.28472,0.62969,0.26944,0.61406,0.26944,0.65938,0.33472,0.66250,0.27500,0.64453,0.26250,0.62578,0.26944,0.67344,0.34306,0.68047,0.28333,0.66328,0.26806,0.64531,0.27500,0.68750,0.36250,0.69063,0.31528,0.67812,0.29861,0.66250,0.29722,0.60839,0.83703,0.9996,0.73127,0.94267,0.8986,0.67463,0.51515,0.9979,0.68221,0.59220,0.65156,0.49167,96.77,0.9885,live,0.1597,0.2485,153.43,617.54
155884.574427,80.0,0.4253,3,1,1,0.64844,0.49028,0.62344,0.44583,0.61328,0.38750,0.61250,0.34028,0.61875,0.30139,0.64062,0.33750,0.63906,0.28889,0.62422,0.27222,0.61016,0.27083,0.65469,0.33611,0.65547,0.27639,0.63750,0.26250,0.61953,0.26944,0.66875,0.34306,0.67500,0.28194,0.65703,0.26528,0.63906,0.27083,0.68281,0.35972,0.68359,0.31250,0.67031,0.29444,0.65391,0.29444,0.60828,0.83527,0.9996,0.73009,0.94535,0.8986,0.67182,0.51276,0.9980,0.67545,0.57181,0.64844,0.49028,95.46,0.9861,live,0.1776,0.2594,158.82,612.17
155884.641109,80.0,0.5143,3,1,1,0.64453,0.50000,0.61953,0.45694,0.60938,0.39722,0.60781,0.35278,0.61406,0.31806,0.63672,0.34861,0.63359,0.30139,0.61875,0.28472,0.60469,0.28333,0.65078,0.34583,0.64922,0.28750,0.63047,0.27361,0.61172,0.28056,0.66406,0.35417,0.66953,0.29167,0.65078,0.27639,0.63203,0.28056,0.67812,0.37083,0.67891,0.32222,0.66406,0.30556,0.64687,0.30694,0.60687,0.83454,0.9996,0.72756,0.94587,0.8975,0.66755,0.52085,0.9980,0.66927,0.55745,0.64453,0.50000,94.64,0.9885,live,0.1933,0.2645,160.50,606.85
155884.708262,80.0,0.6038,3,1,1,0.63750,0.51806,0.61406,0.47361,0.60234,0.41667,0.59922,0.37361,0.60625,0.33750,0.62969,0.36528,0.62813,0.31389,0.61172,0.30278,0.59688,0.30556,0.64297,0.36389,0.64375,0.30278,0.62422,0.29167,0.60703,0.30139,0.65703,0.37083,0.66250,0.30833,0.64297,0.29722,0.62578,0.30694,0.67188,0.38889,0.67344,0.33889,0.65703,0.32500,0.63984,0.32778,0.60653,0.83180,0.9996,0.72770,0.95648,0.9000,0.66478,0.52301,0.9981,0.66292,0.54957,0.63750,0.51806,95.29,0.9877,live,0.2041,0.2535,152.79,602.64
155884.774260,80.0,0.6918,3,1,1,0.62578,0.54861,0.60313,0.50694,0.58984,0.45139,0.58516,0.40833,0.58984,0.37361,0.61797,0.39444,0.61562,0.33889,0.59609,0.33194,0.57969,0.34167,0.63125,0.39583,0.63047,0.32917,0.60781,0.32639,0.59219,0.34306,0.64531,0.40417,0.64766,0.33611,0.62500,0.33333,0.60859,0.34861,0.65859,0.42083,0.65703,0.36667,0.63828,0.35833,0.62266,0.36806,0.60611,0.83218,0.9996,0.72782,0.97278,0.9016,0.65219,0.53058,0.9981,0.65549,0.54938,0.62578,0.54861,94.54,0.9853,live,0.2041,0.2286,136.82,598.39
155884.840855,80.0,0.7806,3,1,1,0.61406,0.58889,0.58906,0.55417,0.57344,0.50000,0.56563,0.45972,0.56797,0.42778,0.59766,0.43611,0.59531,0.37778,0.57422,0.37778,0.55937,0.39028,0.61172,0.43750,0.61094,0.36528,0.58750,0.37083,0.57266,0.39306,0.62578,0.44861,0.62656,0.37917,0.60234,0.38611,0.58750,0.40694,0.63984,0.46806,0.63594,0.41389,0.61641,0.41111,0.60156,0.42361,0.60772,0.83011,0.9996,0.72788,1.00000,0.9029,0.63813,0.57247,0.9981,0.64720,0.55728,0.61406,0.58889,93.19,0.9875,live,0.2041,0.2011,119.39,593.68
155884.908047,80.0,0.8702,3,1,1,0.60313,0.63472,0.57969,0.60000,0.56172,0.54722,0.55234,0.50972,0.54844,0.47639,0.58203,0.48194,0.57734,0.41944,0.55547,0.42917,0.53984,0.45000,0.59766,0.48611,0.59219,0.41250,0.56563,0.43056,0.55156,0.46111,0.61328,0.49861,0.61016,0.42917,0.58359,0.44861,0.56875,0.47639,0.62969,0.51944,0.62422,0.46806,0.60234,0.47361,0.58750,0.49167,0.60758,0.82898,0.9996,0.72767,1.00000,0.9010,0.62676,0.61513,0.9981,0.63839,0.57277,0.60313,0.63472,94.22,0.9922,live,0.1989,0.1750,103.30,590.28
155884.974427,80.0,0.9587,3,1,1,0.59531,0.67639,0.57266,0.64722,0.55312,0.59861,0.54375,0.56528,0.54219,0.53333,0.57422,0.52222,0.56641,0.46528,0.54609,0.47917,0.53281,0.50278,0.59141,0.52639,0.58359,0.45556,0.55859,0.47917,0.54531,0.51111,0.60859,0.54306,0.60313,0.47778,0.57656,0.50417,0.56328,0.53472,0.62656,0.56806,0.62031,0.51944,0.59844,0.53056,0.58437,0.55139,0.60754,0.82909,0.9996,0.72741,1.00000,0.9054,0.61791,0.65996,0.9981,0.62977,0.59349,0.59531,0.67639,96.17,0.9959,live,0.1909,0.1549,91.16,588.69
155885.041498,80.0,0.0481,3,2,0,0.59531,0.71528,0.57109,0.68472,0.55312,0.63611,0.54531,0.60278,0.54219,0.56944,0.57422,0.55833,0.56406,0.50417,0.54453,0.51944,0.53203,0.54583,0.59297,0.56250,0.58281,0.49861,0.55781,0.52222,0.54453,0.55694,0.61016,0.58194,0.60234,0.52361,0.57578,0.55139,0.56172,0.58333,0.62734,0.60972,0.62031,0.56667,0.59766,0.58056,0.58359,0.60139,0.60973,0.83057,0.9996,0.72264,1.00000,0.9097,0.61520,0.70257,0.9981,0.62288,0.61785,0.59531,0.71528,97.50,0.9979,live,0.1843,0.1539,90.54,588.25
155885.108141,80.0,0.1370,3,2,0,0.59766,0.74583,0.57188,0.71667,0.55234,0.66944,0.54219,0.64028,0.53516,0.60972,0.57500,0.58472,0.56094,0.53472,0.54141,0.55000,0.52891,0.57500,0.59453,0.59028,0.58281,0.53056,0.55859,0.55417,0.54453,0.58611,0.61328,0.61111,0.60547,0.55556,0.57812,0.58194,0.56250,0.61250,0.63047,0.64167,0.62266,0.60278,0.59922,0.61667,0.58437,0.63889,0.61050,0.83091,0.9996,0.72289,1.00000,0.9153,0.61376,0.72645,0.9982,0.61784,0.64345,0.59766,0.74583,99.90,0.9982,live,0.1843,0.1698,100.13,589.59
155885.174741,80.0,0.2258,3,2,0,0.59844,0.75833,0.57266,0.73056,0.55234,0.68611,0.54219,0.65972,0.53438,0.63333,0.57500,0.60000,0.56172,0.55000,0.54063,0.56806,0.52656,0.59444,0.59453,0.60694,0.58516,0.54583,0.56016,0.57222,0.54531,0.60694,0.61328,0.62917,0.60781,0.57083,0.58047,0.59861,0.56406,0.62917,0.63125,0.66111,0.62422,0.62083,0.60078,0.63889,0.58516,0.66111,0.61078,0.83094,0.9996,0.72215,1.00000,0.9200,0.61229,0.73207,0.9982,0.61396,0.66642,0.59844,0.75833,98.25,0.9978,live,0.1843,0.1867,110.07,589.58
155885.241143,80.0,0.3143,3,2,0,0.59609,0.76111,0.57188,0.73333,0.55312,0.69167,0.54219,0.66667,0.53594,0.63889,0.57422,0.60278,0.56016,0.55556,0.54063,0.57500,0.52656,0.60278,0.59453,0.60972,0.58594,0.55139,0.56094,0.57917,0.54609,0.61389,0.61328,0.63194,0.60781,0.57917,0.58047,0.60972,0.56406,0.63889,0.63125,0.66528,0.62422,0.62778,0.60078,0.64583,0.58516,0.66806,0.61077,0.83062,0.9996,0.72130,1.00000,0.9208,0.61232,0.75182,0.9982,0.61038,0.68536,0.59609,0.76111,98.63,0.9983,live,0.1843,0.2014,118.77,589.84
155885.308587,80.0,0.4042,3,2,0,0.59844,0.76250,0.57266,0.73472,0.55312,0.69028,0.54219,0.66389,0.53750,0.63611,0.57578,0.60278,0.56094,0.55694,0.54141,0.57500,0.52734,0.60417,0.59609,0.60833,0.58594,0.55278,0.56094,0.57917,0.54609,0.61250,0.61562,0.62917,0.60781,0.57778,0.58047,0.60833,0.56484,0.63750,0.63203,0.66111,0.62344,0.62639,0.60078,0.64444,0.58516,0.66528,0.61068,0.82706,0.9996,0.72062,1.00000,0.9255,0.61290,0.75336,0.9982,0.60799,0.70079,0.59844,0.76250,99.43,0.9989,live,0.1892,0.2113,124.82,590.65
155885.374679,80.0,0.4923,3,2,0,0.60234,0.76111,0.57656,0.73333,0.55703,0.68611,0.54844,0.65556,0.54219,0.62639,0.57969,0.60139,0.56563,0.55417,0.54688,0.57361,0.53359,0.60278,0.60000,0.60833,0.59062,0.55000,0.56563,0.57778,0.55156,0.61250,0.61875,0.62917,0.61328,0.57639,0.58594,0.60556,0.57031,0.63611,0.63594,0.65972,0.62891,0.62500,0.60625,0.64028,0.59062,0.66111,0.60973,0.82653,0.9996,0.72168,1.00000,0.9260,0.61524,0.75828,0.9981,0.60686,0.71285,0.60234,0.76111,99.18,0.9987,live,0.1892,0.2086,123.34,591.18
155885.441390,80.0,0.5813,3,2,0,0.61094,0.76111,0.58516,0.72778,0.56875,0.68056,0.56016,0.65278,0.55469,0.62361,0.59062,0.59861,0.57734,0.55139,0.55859,0.56944,0.54453,0.59861,0.61016,0.60694,0.60156,0.54583,0.57734,0.57361,0.56328,0.60833,0.62813,0.62639,0.62344,0.57222,0.59766,0.60139,0.58125,0.63194,0.64609,0.65833,0.64062,0.61944,0.61875,0.63333,0.60313,0.65278,0.60791,0.82716,0.9996,0.72141,1.00000,0.9304,0.62076,0.75298,0.9982,0.60768,0.72251,0.61094,0.76111,100.12,0.9982,live,0.1892,0.1943,115.11,592.33
155885.508810,80.0,0.6712,3,2,0,0.62578,0.75556,0.60156,0.72083,0.58516,0.67361,0.57734,0.64306,0.57969,0.61528,0.60938,0.59583,0.60156,0.54167,0.58359,0.55556,0.57031,0.58194,0.62891,0.60417,0.62578,0.54167,0.60156,0.56389,0.58594,0.59444,0.64766,0.62639,0.64687,0.56667,0.62109,0.59028,0.60547,0.61944,0.66641,0.65833,0.66406,0.61389,0.64219,0.62500,0.62656,0.64444,0.60711,0.82734,0.9997,0.72143,1.00000,0.9322,0.64132,0.75223,0.9983,0.61130,0.72912,0.62578,0.75556,99.73,0.9974,live,0.1892,0.1719,101.96,593.06
155885.574612,80.0,0.7589,3,2,0,0.65000,0.75000,0.62500,0.71111,0.61016,0.66389,0.60547,0.63472,0.61562,0.61667,0.63828,0.58750,0.63750,0.53472,0.61953,0.54583,0.60469,0.57083,0.65859,0.60000,0.66250,0.53750,0.63906,0.55556,0.62422,0.58333,0.67578,0.62361,0.68437,0.56528,0.66094,0.58333,0.64453,0.60833,0.69297,0.65833,0.69844,0.61528,0.67969,0.62083,0.66484,0.63611,0.61014,0.82978,0.9996,0.72173,1.00000,0.9266,0.67117,0.75254,0.9982,0.61904,0.73329,0.65000,0.75000,99.76,0.9960,live,0.1811,0.1442,85.61,593.72
155885.641474,80.0,0.8481,3,2,0,0.67266,0.75556,0.65000,0.71250,0.63750,0.65972,0.63828,0.62778,0.65391,0.61806,0.67266,0.58611,0.67422,0.53333,0.65703,0.54444,0.64297,0.56944,0.69297,0.60000,0.70078,0.53611,0.67812,0.55556,0.66250,0.58472,0.71094,0.62778,0.72188,0.56806,0.69844,0.58333,0.68281,0.60972,0.72734,0.66528,0.73750,0.62083,0.72031,0.62222,0.70547,0.63611,0.61114,0.83234,0.9996,0.72254,1.00000,0.9236,0.68909,0.76241,0.9982,0.62976,0.73774,0.67266,0.75556,105.69,0.9965,live,0.1759,0.1523,91.16,598.57
155885.708677,80.0,0.9377,3,2,0,0.69141,0.75972,0.67188,0.71389,0.66250,0.65972,0.66641,0.62500,0.68437,0.61528,0.70000,0.58889,0.70547,0.53333,0.68906,0.54444,0.67578,0.56944,0.71953,0.60556,0.73359,0.54306,0.71172,0.55833,0.69453,0.58611,0.73672,0.63472,0.75547,0.57778,0.73438,0.58889,0.71797,0.61389,0.75313,0.67500,0.76875,0.63056,0.75234,0.62917,0.73672,0.64306,0.61061,0.83641,0.9997,0.72203,1.00000,0.9214,0.70485,0.76354,0.9981,0.64209,0.74214,0.69141,0.75972,108.00,0.9947,live,0.1653,0.1170,70.75,604.50
155885.774630,80.0,0.0256,3,3,0,0.70937,0.76250,0.69063,0.71944,0.68359,0.66528,0.68750,0.63056,0.70547,0.61806,0.72031,0.59444,0.72969,0.54028,0.71484,0.54722,0.70156,0.57222,0.74062,0.61111,0.75938,0.54861,0.73828,0.55972,0.72188,0.58750,0.75781,0.63889,0.77891,0.58194,0.76016,0.58889,0.74453,0.61250,0.77422,0.67778,0.79219,0.63333,0.77734,0.63056,0.76172,0.64444,0.61063,0.83828,0.9997,0.74145,1.00000,0.9178,0.72593,0.76488,0.9979,0.65555,0.74621,0.70937,0.76250,108.09,0.9928,live,0.1606,0.1390,84.76,609.79
155885.841543,80.0,0.1148,3,3,0,0.72188,0.76389,0.70312,0.71806,0.69844,0.66250,0.70703,0.62917,0.72656,0.61667,0.73750,0.59583,0.74766,0.54167,0.73438,0.54444,0.72109,0.57083,0.75703,0.61389,0.77812,0.55139,0.75938,0.55972,0.74219,0.58889,0.77422,0.64167,0.79922,0.58472,0.78203,0.58889,0.76562,0.61389,0.78984,0.68194,0.81172,0.63750,0.79844,0.63333,0.78203,0.64722,0.61313,0.84670,0.9997,0.76329,1.00000,0.9200,0.73903,0.77350,0.9979,0.66881,0.74975,0.72188,0.76389,109.01,0.9947,live,0.1606,0.1411,86.78,615.10
155885.908919,80.0,0.2047,3,3,0,0.73047,0.76528,0.71094,0.71944,0.70781,0.66250,0.71719,0.62917,0.73750,0.61111,0.74687,0.60000,0.75781,0.54583,0.74531,0.55000,0.73281,0.57639,0.76719,0.61528,0.78828,0.55278,0.77031,0.56389,0.75313,0.59306,0.78438,0.64306,0.81094,0.58611,0.79375,0.59028,0.77734,0.61528,0.79922,0.68333,0.82109,0.64028,0.80859,0.63333,0.79219,0.64861,0.61405,0.84654,0.9997,0.76251,1.00000,0.9184,0.75300,0.78235,0.9978,0.68114,0.75285,0.73047,0.76528,108.63,0.9951,live,0.1606,0.1604,99.34,619.50
155885.975037,80.0,0.2928,3,3,0,0.73359,0.76389,0.71484,0.72083,0.71172,0.66250,0.72188,0.63056,0.74219,0.61389,0.75000,0.60000,0.76250,0.54583,0.75000,0.54861,0.73828,0.57361,0.77031,0.61667,0.79297,0.55139,0.77578,0.56250,0.75938,0.59306,0.78750,0.64444,0.81484,0.58472,0.79922,0.58889,0.78281,0.61528,0.80234,0.68333,0.82422,0.64028,0.81328,0.63333,0.79844,0.64722,0.61425,0.84821,0.9997,0.76112,1.00000,0.9168,0.75718,0.78425,0.9978,0.69163,0.75506,0.73359,0.76389,107.79,0.9941,live,0.1606,0.1766,109.99,622.77
155886.041877,80.0,0.3819,3,3,0,0.73281,0.76250,0.71484,0.71667,0.71094,0.65972,0.72109,0.62778,0.74062,0.61389,0.75000,0.59722,0.76172,0.54306,0.74922,0.54722,0.73672,0.57361,0.76953,0.61389,0.79141,0.55000,0.77344,0.55972,0.75703,0.59028,0.78672,0.64306,0.81250,0.58333,0.79688,0.58750,0.77969,0.61389,0.80156,0.68194,0.82266,0.63889,0.81094,0.63333,0.79609,0.64861,0.61499,0.84837,0.9997,0.76133,1.00000,0.9130,0.75754,0.78749,0.9976,0.69987,0.75655,0.73281,0.76250,108.29,0.9929,live,0.1606,0.1838,115.08,626.00
155886.109044,80.0,0.4715,3,3,0,0.72734,0.75833,0.70937,0.71389,0.70547,0.65694,0.71406,0.62639,0.73281,0.61250,0.74453,0.59306,0.75547,0.53750,0.74219,0.54444,0.73047,0.57361,0.76406,0.60972,0.78438,0.54583,0.76562,0.55694,0.75000,0.58611,0.78125,0.63611,0.80625,0.58056,0.78906,0.58472,0.77266,0.60972,0.79531,0.67500,0.81563,0.63333,0.80312,0.62778,0.78750,0.64167,0.61522,0.85095,0.9997,0.76052,1.00000,0.9109,0.75529,0.78695,0.9976,0.70536,0.75691,0.72734,0.75833,107.84,0.9934,live,0.1606,0.1779,111.80,628.52
155886.174922,80.0,0.5593,3,3,0,0.71641,0.75278,0.69844,0.70694,0.69219,0.65139,0.69922,0.61667,0.71719,0.60278,0.73203,0.58750,0.74141,0.53056,0.72734,0.53611,0.71562,0.56389,0.75078,0.60139,0.76953,0.53750,0.75156,0.54861,0.73672,0.57778,0.76797,0.62778,0.78984,0.56944,0.77266,0.57639,0.75781,0.60139,0.78281,0.66528,0.80156,0.62083,0.78750,0.61667,0.77187,0.62917,0.61232,0.85003,0.9997,0.76028,1.00000,0.9070,0.74951,0.77707,0.9976,0.70757,0.75608,0.71641,0.75278,107.45,0.9942,live,0.1606,0.1595,100.55,630.47
155886.241772,80.0,0.6485,3,3,0,0.70234,0.74167,0.68203,0.69583,0.67344,0.64306,0.67812,0.60972,0.69375,0.59861,0.71172,0.57222,0.71953,0.51528,0.70391,0.52222,0.69219,0.54722,0.73047,0.58611,0.74766,0.52083,0.72734,0.53194,0.71250,0.55972,0.74766,0.61111,0.76875,0.55278,0.74922,0.55972,0.73438,0.58611,0.76328,0.65000,0.77969,0.60278,0.76406,0.60139,0.74922,0.61806,0.61213,0.85259,0.9997,0.76678,1.00000,0.9052,0.72695,0.75814,0.9975,0.70653,0.75320,0.70234,0.74167,107.24,0.9940,live,0.1557,0.1337,84.49,632.03
155886.309153,80.0,0.7383,3,3,0,0.68125,0.71944,0.66094,0.66944,0.65234,0.61528,0.65859,0.58194,0.67031,0.57222,0.69063,0.54583,0.69219,0.49306,0.67344,0.50139,0.65938,0.52222,0.70859,0.55972,0.71719,0.49306,0.69453,0.50417,0.67969,0.53056,0.72500,0.58472,0.74141,0.52222,0.71953,0.53194,0.70312,0.55694,0.73984,0.62222,0.75234,0.57639,0.73594,0.57500,0.72109,0.58889,0.61188,0.85145,0.9997,0.76631,1.00000,0.9006,0.70571,0.74511,0.9974,0.70147,0.74645,0.68125,0.71944,108.00,0.9951,live,0.1467,0.1057,67.04,633.94
155886.374995,80.0,0.8261,3,3,0,0.66016,0.68611,0.63906,0.63889,0.62891,0.58472,0.63203,0.55000,0.64141,0.53056,0.66094,0.51389,0.65938,0.45972,0.64062,0.46528,0.62734,0.48611,0.67891,0.52361,0.68359,0.45556,0.66016,0.46389,0.64453,0.48750,0.69609,0.54583,0.70703,0.48056,0.68437,0.48889,0.66797,0.51250,0.71250,0.58056,0.72031,0.52917,0.70078,0.52917,0.68516,0.54583,0.61024,0.83921,0.9997,0.74261,1.00000,0.8966,0.68983,0.71111,0.9974,0.69321,0.73438,0.66016,0.68611,106.59,0.9956,live,0.1351,0.0822,52.20,634.62
155886.442177,80.0,0.9157,3,3,0,0.64297,0.64028,0.62031,0.59444,0.60703,0.54167,0.60391,0.50556,0.60938,0.47917,0.63438,0.47222,0.62969,0.41806,0.61172,0.42083,0.59844,0.43611,0.65234,0.47917,0.65156,0.40972,0.62969,0.41806,0.61562,0.44167,0.66875,0.49583,0.67578,0.42500,0.65391,0.43472,0.63984,0.45972,0.68516,0.52639,0.68906,0.47222,0.67109,0.47083,0.65703,0.48611,0.60747,0.83947,0.9998,0.73305,1.00000,0.8978,0.66713,0.65171,0.9973,0.68316,0.71556,0.64297,0.64028,103.03,0.9933,live,0.1236,0.0712,45.06,632.64
155886.509154,80.0,0.0050,3,1,1,0.62578,0.59444,0.60156,0.55000,0.58672,0.49583,0.58203,0.45556,0.59141,0.42639,0.61484,0.42639,0.61250,0.37083,0.59062,0.37083,0.57500,0.38472,0.63125,0.43056,0.63203,0.35972,0.60781,0.36667,0.59219,0.38889,0.64687,0.44583,0.65312,0.37361,0.63047,0.37778,0.61562,0.39861,0.66250,0.47222,0.66406,0.41667,0.64531,0.41389,0.63047,0.42778,0.60357,0.83642,0.9997,0.72437,1.00000,0.8966,0.64541,0.58659,0.9973,0.67168,0.69134,0.62578,0.59444,102.28,0.9900,live,0.1236,0.1045,65.87,630.37
155886.575391,80.0,0.0933,3,1,1,0.61406,0.54861,0.58828,0.50556,0.57422,0.44861,0.56797,0.40833,0.57500,0.37500,0.60000,0.38472,0.59766,0.32639,0.57734,0.32361,0.56250,0.33750,0.61562,0.38750,0.61797,0.31528,0.59531,0.31944,0.57969,0.34028,0.63125,0.39861,0.63594,0.32778,0.61406,0.32917,0.59844,0.34861,0.64531,0.41944,0.64453,0.36389,0.62656,0.35972,0.61328,0.37361,0.59717,0.82546,0.9997,0.71773,0.96400,0.8935,0.63732,0.55572,0.9971,0.66016,0.66279,0.61406,0.54861,99.94,0.9882,live,0.1236,0.1452,90.97,626.68
155886.642213,80.0,0.1824,3,1,1,0.60625,0.51667,0.57969,0.47500,0.56484,0.41944,0.55781,0.37778,0.56406,0.34306,0.59062,0.35556,0.58594,0.30000,0.56641,0.29583,0.55156,0.30417,0.60469,0.35556,0.60313,0.28611,0.58047,0.28611,0.56406,0.30556,0.61953,0.36528,0.62187,0.29444,0.60000,0.29306,0.58281,0.31111,0.63516,0.38472,0.63281,0.33056,0.61484,0.32222,0.59922,0.33056,0.59451,0.82202,0.9997,0.71312,0.93695,0.8961,0.62674,0.52219,0.9972,0.64938,0.63357,0.60625,0.51667,99.11,0.9849,live,0.1349,0.1861,115.91,622.84
155886.709328,80.0,0.2719,3,1,1,0.60078,0.49861,0.57422,0.45972,0.56016,0.40278,0.55312,0.35833,0.55781,0.32083,0.58437,0.34167,0.58047,0.28611,0.56172,0.27778,0.54688,0.28611,0.59844,0.33889,0.59844,0.26944,0.57578,0.26667,0.55937,0.28472,0.61328,0.34583,0.61719,0.27639,0.59453,0.27083,0.57734,0.28889,0.62891,0.36389,0.62813,0.30972,0.61016,0.29861,0.59453,0.30694,0.59267,0.82223,0.9996,0.71366,0.92830,0.8946,0.62570,0.50637,0.9972,0.63966,0.60658,0.60078,0.49861,98.16,0.9844,live,0.1508,0.2236,138.36,618.77
155886.774810,80.0,0.3592,3,1,1,0.60000,0.49167,0.57266,0.45000,0.55859,0.39306,0.55391,0.35000,0.55625,0.30972,0.58437,0.33472,0.58047,0.28194,0.56250,0.27361,0.54688,0.28056,0.59922,0.33194,0.59922,0.26667,0.57812,0.25972,0.56016,0.27500,0.61406,0.33889,0.61797,0.27083,0.59531,0.26250,0.57812,0.27639,0.62813,0.35556,0.62500,0.30139,0.60625,0.29028,0.59062,0.29722,0.59065,0.81837,0.9996,0.71281,0.92778,0.8943,0.62550,0.50506,0.9973,0.63173,0.58359,0.60000,0.49167,98.03,0.9860,live,0.1698,0.2563,157.63,615.11
155886.842096,80.0,0.4489,3,1,1,0.60078,0.49167,0.57500,0.45000,0.56094,0.39167,0.55625,0.34861,0.55937,0.31111,0.58672,0.33472,0.58125,0.28472,0.56484,0.27500,0.54922,0.27917,0.60078,0.33333,0.59844,0.27083,0.57891,0.26389,0.56172,0.27639,0.61562,0.34028,0.61953,0.27361,0.59844,0.26528,0.58125,0.27639,0.62969,0.35833,0.62813,0.30417,0.61016,0.29444,0.59453,0.30278,0.58966,0.81591,0.9996,0.71112,0.92183,0.8956,0.62524,0.50310,0.9971,0.62554,0.56521,0.60078,0.49167,97.22,0.9870,live,0.1872,0.2662,162.71,611.29
155886.909363,80.0,0.5386,3,1,1,0.60313,0.50000,0.57734,0.45833,0.56484,0.40139,0.56016,0.35833,0.56328,0.32083,0.59062,0.34583,0.58594,0.29306,0.56875,0.28333,0.55312,0.28750,0.60469,0.34444,0.60234,0.27917,0.58203,0.27361,0.56484,0.28611,0.62031,0.35139,0.62266,0.28333,0.60234,0.27639,0.58516,0.29028,0.63516,0.37083,0.63359,0.31667,0.61719,0.30556,0.60078,0.31389,0.58953,0.81600,0.9995,0.71025,0.92807,0.8975,0.62625,0.50424,0.9972,0.62106,0.55217,0.60313,0.50000,96.39,0.9872,live,0.2010,0.2642,160.44,607.34
155886.975471,80.0,0.6267,3,1,1,0.60781,0.51806,0.58281,0.47778,0.57031,0.41806,0.56484,0.37361,0.56953,0.33750,0.59531,0.36250,0.59141,0.30833,0.57422,0.29722,0.56016,0.30417,0.61016,0.36111,0.61016,0.29306,0.58984,0.28750,0.57422,0.30278,0.62500,0.37083,0.63047,0.29861,0.60938,0.29444,0.59297,0.31111,0.64062,0.39306,0.63984,0.33611,0.62266,0.32500,0.60781,0.33194,0.58959,0.81614,0.9995,0.71029,0.92982,0.8971,0.62704,0.51107,0.9973,0.61841,0.54534,0.60781,0.51806,96.88,0.9902,live,0.2089,0.2449,147.95,604.21
155887.042377,80.0,0.7159,3,1,1,0.60859,0.54861,0.58516,0.51111,0.57266,0.45556,0.56719,0.41389,0.57422,0.37917,0.60000,0.39306,0.59766,0.33611,0.57734,0.33056,0.56172,0.34306,0.61484,0.39306,0.61484,0.32222,0.59219,0.32361,0.57734,0.34444,0.63047,0.40556,0.63516,0.33194,0.61250,0.33333,0.59766,0.35278,0.64609,0.42639,0.64687,0.36944,0.62813,0.36389,0.61328,0.37917,0.58964,0.81560,0.9995,0.71042,0.95818,0.8999,0.62715,0.54298,0.9974,0.61644,0.54600,0.60859,0.54861,97.19,0.9887,live,0.2089,0.2105,126.68,601.68
155887.109138,80.0,0.8050,3,1,1,0.61172,0.59722,0.58906,0.56528,0.57266,0.51250,0.56641,0.47361,0.57188,0.44444,0.59844,0.44028,0.59453,0.38333,0.57422,0.39028,0.56016,0.40833,0.61484,0.44583,0.61484,0.37083,0.59297,0.38472,0.58047,0.41111,0.63203,0.46111,0.63516,0.38889,0.61250,0.40417,0.60000,0.43194,0.64844,0.48750,0.64766,0.43333,0.62891,0.43611,0.61484,0.45556,0.59316,0.81559,0.9995,0.71082,0.98465,0.9007,0.62738,0.58782,0.9974,0.61550,0.55624,0.61172,0.59722,96.93,0.9956,live,0.2089,0.2125,127.36,599.28
155887.175678,80.0,0.8937,3,1,1,0.61406,0.65278,0.59219,0.62778,0.57500,0.58194,0.56875,0.54861,0.57109,0.52222,0.59922,0.50278,0.58984,0.45000,0.57109,0.46944,0.56016,0.49583,0.61797,0.50694,0.61484,0.44167,0.59219,0.46806,0.58125,0.50000,0.63672,0.52500,0.63750,0.46250,0.61172,0.48889,0.59844,0.52083,0.65391,0.55556,0.65156,0.51250,0.63047,0.52222,0.61719,0.54028,0.59654,0.82885,0.9995,0.71614,1.00000,0.9035,0.62864,0.65152,0.9975,0.61521,0.57555,0.61406,0.65278,95.26,0.9929,live,0.1946,0.1294,77.12,595.95
155887.242475,80.0,0.9827,3,1,1,0.61562,0.70556,0.59453,0.68333,0.57734,0.64306,0.57031,0.61528,0.57578,0.59583,0.60313,0.55833,0.59297,0.51250,0.57500,0.53472,0.56484,0.56389,0.62266,0.56667,0.61797,0.50833,0.59609,0.53750,0.58437,0.57083,0.64219,0.59028,0.64219,0.53611,0.61719,0.56389,0.60313,0.59306,0.65938,0.62500,0.65703,0.58611,0.63672,0.60139,0.62187,0.62083,0.59672,0.83019,0.9995,0.71607,1.00000,0.9014,0.63409,0.70458,0.9975,0.61529,0.60155,0.61562,0.70556,93.69,0.9961,live,0.1760,0.0913,54.06,591.89
155887.309666,80.0,0.0723,3,2,0,0.62109,0.75000,0.59844,0.72917,0.58125,0.68889,0.57344,0.66528,0.57891,0.63889,0.60859,0.60139,0.59766,0.55278,0.57812,0.57778,0.56641,0.60972,0.62969,0.61111,0.62422,0.55000,0.60078,0.58194,0.58750,0.61944,0.64844,0.63472,0.64922,0.57778,0.62266,0.60556,0.60625,0.63611,0.66563,0.67083,0.66328,0.63333,0.64141,0.64722,0.62500,0.66528,0.59934,0.83079,0.9995,0.71607,1.00000,0.9034,0.63587,0.74930,0.9974,0.61645,0.63124,0.62109,0.75000,94.47,0.9977,live,0.1643,0.1110,65.36,588.88
155887.375854,80.0,0.1606,3,2,0,0.62500,0.77639,0.60313,0.74722,0.58750,0.70556,0.57812,0.68056,0.58047,0.65000,0.61328,0.61944,0.60078,0.57083,0.58125,0.59861,0.56719,0.63194,0.63359,0.62917,0.62813,0.56806,0.60469,0.60139,0.59141,0.63750,0.65312,0.65417,0.65312,0.59583,0.62734,0.62778,0.61094,0.65972,0.66953,0.69028,0.66797,0.65417,0.64531,0.66944,0.62813,0.69028,0.60046,0.83078,0.9995,0.71648,1.00000,0.9039,0.64423,0.77643,0.9975,0.61816,0.66027,0.62500,0.77639,98.25,0.9977,live,0.1643,0.1423,83.80,588.96
155887.442529,80.0,0.2495,3,2,0,0.62813,0.78333,0.60547,0.75278,0.58828,0.71111,0.58047,0.68472,0.58437,0.65972,0.61406,0.62361,0.60391,0.57639,0.58516,0.60139,0.57344,0.63194,0.63516,0.63333,0.63359,0.57500,0.61016,0.60417,0.59688,0.63889,0.65469,0.65833,0.65625,0.60556,0.63125,0.63333,0.61484,0.66250,0.67266,0.69583,0.67109,0.65972,0.65000,0.67500,0.63359,0.69444,0.60135,0.83030,0.9995,0.71644,1.00000,0.9044,0.64715,0.78354,0.9975,0.62016,0.68488,0.62813,0.78333,100.25,0.9973,live,0.1643,0.1706,100.75,590.46
155887.509692,80.0,0.3390,3,2,0,0.63047,0.78472,0.60781,0.75139,0.59141,0.70833,0.58281,0.68056,0.58750,0.65556,0.61797,0.62222,0.60859,0.57778,0.58906,0.60000,0.57578,0.62917,0.63906,0.63333,0.63672,0.57361,0.61328,0.60417,0.59922,0.63889,0.65781,0.65833,0.66016,0.60417,0.63359,0.63194,0.61719,0.66111,0.67500,0.69583,0.67422,0.65833,0.65312,0.67500,0.63594,0.69583,0.60661,0.83025,0.9996,0.71807,1.00000,0.9027,0.64762,0.78308,0.9975,0.62222,0.70485,0.63047,0.78472,100.89,0.9973,live,0.1697,0.1945,115.19,592.25
155887.575906,80.0,0.4273,3,2,0,0.63516,0.78472,0.61172,0.75139,0.59453,0.70833,0.58672,0.68056,0.59453,0.65278,0.62266,0.61944,0.61328,0.57639,0.59375,0.59722,0.58047,0.62778,0.64375,0.63056,0.64062,0.57222,0.61797,0.60278,0.60391,0.63750,0.66250,0.65556,0.66484,0.60139,0.63906,0.62917,0.62187,0.65694,0.67969,0.69306,0.67891,0.65694,0.65703,0.67083,0.63984,0.68889,0.60963,0.82987,0.9996,0.72019,1.00000,0.9023,0.65005,0.78918,0.9975,0.62481,0.72083,0.63516,0.78472,102.26,0.9971,live,0.1775,0.2126,126.47,594.80
155887.642744,80.0,0.5164,3,2,0,0.64141,0.78472,0.61719,0.75000,0.60078,0.70556,0.59531,0.67778,0.60156,0.65417,0.62891,0.62083,0.62031,0.57361,0.60078,0.59444,0.58750,0.62361,0.65000,0.63056,0.64844,0.56944,0.62500,0.60000,0.61172,0.63472,0.66875,0.65556,0.67188,0.59861,0.64609,0.62500,0.63047,0.65417,0.68516,0.69167,0.68516,0.65278,0.66406,0.66667,0.64844,0.68611,0.60996,0.83119,0.9996,0.72052,1.00000,0.9022,0.65631,0.78328,0.9975,0.62813,0.73360,0.64141,0.78472,101.54,0.9979,live,0.1844,0.2159,128.77,596.54
155887.709697,80.0,0.6057,3,2,0,0.65156,0.78333,0.62656,0.74722,0.61094,0.70139,0.60547,0.67361,0.61328,0.65139,0.63984,0.62083,0.63359,0.56944,0.61406,0.58889,0.60078,0.61806,0.66016,0.63056,0.66094,0.56806,0.63672,0.59583,0.62266,0.62917,0.67812,0.65417,0.68359,0.59583,0.65859,0.61944,0.64297,0.64861,0.69453,0.69028,0.69766,0.65000,0.67656,0.66111,0.66094,0.67917,0.61029,0.83120,0.9996,0.72477,1.00000,0.9046,0.66795,0.77971,0.9975,0.63281,0.74355,0.65156,0.78333,100.30,0.9963,live,0.1844,0.2060,123.04,597.17
155887.775605,80.0,0.6936,3,2,0,0.66328,0.77917,0.63984,0.74167,0.62656,0.69444,0.62422,0.66667,0.63281,0.64444,0.65625,0.61667,0.65156,0.56389,0.63281,0.58194,0.62031,0.61111,0.67656,0.62917,0.67969,0.56389,0.65547,0.58889,0.63984,0.62361,0.69531,0.65417,0.70312,0.59167,0.67812,0.61528,0.66250,0.64444,0.71250,0.69028,0.71797,0.64722,0.69766,0.65833,0.68125,0.67639,0.61067,0.83244,0.9996,0.72584,1.00000,0.9078,0.68461,0.77780,0.9975,0.63891,0.75067,0.66328,0.77917,101.47,0.9959,live,0.1902,0.2167,129.69,598.57
155887.842745,80.0,0.7831,3,2,0,0.68125,0.77639,0.65859,0.73611,0.64609,0.68472,0.64687,0.65278,0.66250,0.63889,0.67891,0.61250,0.67891,0.55833,0.66172,0.57500,0.64844,0.60278,0.69922,0.62500,0.70859,0.56111,0.68437,0.58333,0.66875,0.61389,0.71797,0.65278,0.73125,0.59306,0.70781,0.61111,0.69141,0.63611,0.73516,0.68889,0.74687,0.64444,0.72813,0.65139,0.71250,0.66667,0.61582,0.83934,0.9996,0.72724,1.00000,0.9110,0.69055,0.77666,0.9976,0.64738,0.75582,0.68125,0.77639,103.37,0.9948,live,0.1853,0.1631,98.04,601.17
155887.909886,80.0,0.8726,3,2,0,0.70156,0.77500,0.68125,0.73194,0.67031,0.67778,0.67422,0.64306,0.69141,0.63333,0.70469,0.60694,0.71016,0.55278,0.69453,0.56389,0.68203,0.58889,0.72500,0.62083,0.74062,0.55694,0.71875,0.57222,0.70234,0.60139,0.74297,0.65000,0.76250,0.59028,0.74219,0.60278,0.72578,0.62778,0.75938,0.69028,0.77500,0.64444,0.75859,0.64722,0.74219,0.66250,0.61730,0.83874,0.9996,0.72815,1.00000,0.9033,0.71004,0.77645,0.9974,0.65821,0.75965,0.70156,0.77500,106.04,0.9939,live,0.1781,0.1454,88.02,605.37
155887.975845,80.0,0.9606,3,2,0,0.71719,0.77083,0.69844,0.72778,0.69063,0.67222,0.69688,0.64028,0.71562,0.63194,0.72734,0.60417,0.73516,0.54861,0.71875,0.55972,0.70625,0.58611,0.74766,0.61944,0.76562,0.55556,0.74375,0.57083,0.72813,0.60000,0.76484,0.64861,0.78516,0.59028,0.76562,0.60139,0.75000,0.62500,0.78125,0.68750,0.80000,0.64306,0.78438,0.64306,0.76797,0.65694,0.61798,0.84163,0.9996,0.73364,1.00000,0.9043,0.73669,0.77600,0.9974,0.67001,0.76189,0.71719,0.77083,107.38,0.9945,live,0.1781,0.1619,98.78,610.04
155888.042772,80.0,0.0498,3,3,0,0.73047,0.77083,0.71094,0.72361,0.70547,0.66806,0.71484,0.63750,0.73438,0.62917,0.74375,0.60139,0.75313,0.54722,0.73906,0.55556,0.72578,0.58194,0.76406,0.61806,0.78438,0.55556,0.76406,0.56944,0.74687,0.59722,0.78125,0.64722,0.80547,0.59028,0.78594,0.60139,0.76875,0.62500,0.79609,0.68750,0.81719,0.64583,0.80234,0.64444,0.78516,0.65833,0.61873,0.84322,0.9997,0.76185,1.00000,0.9046,0.75290,0.77706,0.9974,0.68210,0.76368,0.73047,0.77083,108.95,0.9941,live,0.1717,0.1423,87.57,615.28
155888.109996,80.0,0.1394,3,3,0,0.73906,0.76944,0.72031,0.72222,0.71641,0.66528,0.72656,0.63333,0.74687,0.62083,0.75625,0.60417,0.76719,0.54861,0.75313,0.55694,0.74062,0.58333,0.77656,0.61944,0.79766,0.55694,0.77734,0.56944,0.76016,0.59861,0.79297,0.64861,0.81875,0.59028,0.80000,0.60000,0.78359,0.62639,0.80781,0.68889,0.83047,0.64722,0.81563,0.64444,0.79844,0.65833,0.61873,0.84337,0.9997,0.76956,1.00000,0.9028,0.76571,0.77784,0.9974,0.69349,0.76483,0.73906,0.76944,108.62,0.9939,live,0.1717,0.1508,93.45,619.65
155888.176227,80.0,0.2277,3,3,0,0.74453,0.76806,0.72813,0.72222,0.72422,0.66806,0.73516,0.63611,0.75547,0.61528,0.76328,0.60556,0.77422,0.55000,0.76250,0.55556,0.75000,0.58333,0.78438,0.62083,0.80547,0.55556,0.78828,0.56667,0.77187,0.59722,0.80078,0.65000,0.82734,0.59167,0.81094,0.59861,0.79375,0.62500,0.81563,0.69028,0.83828,0.64861,0.82500,0.64444,0.80781,0.65833,0.61916,0.84340,0.9997,0.77417,1.00000,0.9048,0.77142,0.77821,0.9974,0.70370,0.76548,0.74453,0.76806,108.63,0.9937,live,0.1717,0.1595,99.42,623.51
155888.242762,80.0,0.3165,3,3,0,0.75000,0.77083,0.73281,0.72639,0.73047,0.66944,0.74141,0.63750,0.76172,0.61944,0.76797,0.60694,0.77969,0.55278,0.76797,0.55833,0.75703,0.58472,0.78906,0.62361,0.81094,0.55556,0.79375,0.56667,0.77734,0.59861,0.80547,0.65139,0.83281,0.59306,0.81563,0.59861,0.79922,0.62361,0.81953,0.69306,0.84219,0.65139,0.82969,0.64583,0.81328,0.65972,0.62016,0.84456,0.9997,0.76087,1.00000,0.9049,0.77616,0.77880,0.9974,0.71296,0.76655,0.75000,0.77083,108.28,0.9936,live,0.1717,0.1658,103.92,626.65
155888.310090,80.0,0.4062,3,3,0,0.75313,0.77083,0.73594,0.72639,0.73359,0.67083,0.74375,0.64028,0.76328,0.62083,0.77109,0.60972,0.78281,0.55694,0.77109,0.55833,0.75938,0.58611,0.79141,0.62500,0.81328,0.55833,0.79688,0.56806,0.78047,0.60000,0.80859,0.65278,0.83516,0.59444,0.81875,0.59861,0.80234,0.62639,0.82266,0.69444,0.84609,0.65278,0.83437,0.64583,0.81719,0.66111,0.62107,0.84826,0.9997,0.76853,1.00000,0.9052,0.77962,0.77928,0.9974,0.72099,0.76740,0.75313,0.77083,107.16,0.9924,live,0.1717,0.1682,105.76,628.60
155888.376204,80.0,0.4944,3,3,0,0.75313,0.76806,0.73594,0.72500,0.73281,0.66944,0.74219,0.63889,0.76250,0.62222,0.77109,0.60694,0.78281,0.55278,0.76953,0.55833,0.75781,0.58611,0.79141,0.62361,0.81328,0.55694,0.79531,0.56667,0.77812,0.59861,0.80859,0.65139,0.83437,0.59444,0.81797,0.59861,0.80078,0.62639,0.82266,0.69306,0.84531,0.65139,0.83281,0.64583,0.81563,0.65972,0.62194,0.84806,0.9997,0.75143,1.00000,0.9040,0.77913,0.78341,0.9973,0.72742,0.76753,0.75313,0.76806,106.97,0.9912,live,0.1717,0.1631,102.80,630.19
155888.442979,80.0,0.5834,3,3,0,0.74609,0.76111,0.72969,0.71528,0.72734,0.65972,0.73750,0.63194,0.75625,0.61667,0.76562,0.59861,0.77734,0.54444,0.76406,0.55139,0.75234,0.58056,0.78594,0.61528,0.80703,0.55139,0.78828,0.56389,0.77266,0.59444,0.80234,0.64306,0.82812,0.58750,0.81016,0.59306,0.79453,0.61944,0.81641,0.68333,0.83828,0.64306,0.82578,0.63611,0.80937,0.65000,0.62263,0.84958,0.9997,0.75042,1.00000,0.9040,0.77725,0.78393,0.9973,0.73115,0.76625,0.74609,0.76111,107.88,0.9934,live,0.1717,0.1479,93.54,632.24
155888.510111,80.0,0.6729,3,3,0,0.73672,0.75139,0.71953,0.70556,0.71484,0.65000,0.72344,0.61944,0.74062,0.60417,0.75469,0.58750,0.76562,0.53194,0.75156,0.53750,0.73906,0.56389,0.77344,0.60278,0.79297,0.53889,0.77500,0.54722,0.75938,0.57639,0.78984,0.62917,0.81328,0.57083,0.79609,0.57500,0.78125,0.60000,0.80391,0.66806,0.82422,0.62361,0.81094,0.61806,0.79531,0.63194,0.62197,0.84938,0.9997,0.76474,1.00000,0.9041,0.77676,0.77674,0.9973,0.73227,0.76328,0.73672,0.75139,106.90,0.9933,live,0.1635,0.1260,79.80,633.34
155888.576423,80.0,0.7613,3,3,0,0.72734,0.73194,0.70703,0.68611,0.70000,0.63472,0.70625,0.60694,0.71953,0.59306,0.73672,0.56389,0.74453,0.50833,0.73047,0.51389,0.71875,0.53750,0.75547,0.57639,0.77266,0.51250,0.75391,0.52361,0.73906,0.55139,0.77266,0.60278,0.79375,0.54167,0.77578,0.55000,0.76016,0.57500,0.78750,0.64028,0.80547,0.59444,0.79141,0.59167,0.77578,0.60556,0.61787,0.84808,0.9997,0.74940,1.00000,0.9065,0.75889,0.75340,0.9973,0.73128,0.75701,0.72734,0.73194,106.45,0.9939,live,0.1524,0.1020,64.66,633.98
155888.642870,80.0,0.8499,3,3,0,0.71406,0.69722,0.69375,0.65139,0.68672,0.59861,0.69141,0.56389,0.70547,0.54444,0.72031,0.52778,0.72578,0.47639,0.71094,0.47917,0.69922,0.50000,0.73906,0.53889,0.75234,0.47222,0.73438,0.48194,0.72031,0.50833,0.75625,0.56111,0.77344,0.50139,0.75547,0.51250,0.74219,0.53750,0.77266,0.59722,0.78750,0.55000,0.77187,0.55000,0.75703,0.56528,0.61689,0.84961,0.9997,0.74861,1.00000,0.9081,0.74454,0.72608,0.9973,0.72784,0.74505,0.71406,0.69722,107.06,0.9941,live,0.1398,0.0822,52.20,634.98
155888.710199,80.0,0.9397,3,3,0,0.70547,0.65278,0.68437,0.60833,0.67812,0.55417,0.68125,0.51806,0.69219,0.48889,0.70781,0.48750,0.71016,0.43194,0.69766,0.43056,0.68750,0.44861,0.72578,0.49722,0.73984,0.42778,0.72344,0.42917,0.70937,0.45417,0.74297,0.51806,0.76016,0.45278,0.74375,0.45694,0.72891,0.48194,0.75781,0.55139,0.77187,0.50139,0.75703,0.49583,0.74219,0.51250,0.61621,0.84761,0.9997,0.74874,1.00000,0.9060,0.73448,0.67941,0.9971,0.72336,0.72660,0.70547,0.65278,102.98,0.9945,live,0.1280,0.0742,46.97,632.93
155888.776513,80.0,0.0281,3,1,1,0.70078,0.60972,0.68047,0.56389,0.67344,0.50694,0.67578,0.46667,0.68750,0.43750,0.70391,0.44306,0.70781,0.38889,0.69297,0.38611,0.68125,0.40139,0.72109,0.45000,0.73125,0.38472,0.71484,0.38472,0.70078,0.40417,0.73672,0.46944,0.75234,0.40417,0.73594,0.40278,0.72266,0.42222,0.75156,0.50000,0.76406,0.45000,0.75078,0.44306,0.73672,0.45417,0.61597,0.84777,0.9997,0.74882,1.00000,0.9064,0.73108,0.64791,0.9971,0.71885,0.70322,0.70078,0.60972,103.44,0.9895,live,0.1199,0.0831,52.49,631.46
155888.845418,80.0,0.1200,3,1,1,0.69844,0.57222,0.67812,0.52361,0.67109,0.46667,0.67266,0.42639,0.68594,0.39444,0.70156,0.40833,0.70469,0.35278,0.68828,0.34444,0.67500,0.35278,0.71719,0.41389,0.72656,0.34861,0.70781,0.34167,0.69219,0.35694,0.73281,0.42917,0.74766,0.36528,0.73125,0.35417,0.71562,0.36667,0.74687,0.45833,0.75781,0.40694,0.74531,0.39583,0.73047,0.40278,0.61605,0.84599,0.9997,0.74891,0.99960,0.9060,0.72811,0.59717,0.9971,0.71477,0.67702,0.69844,0.57222,101.41,0.9889,live,0.1199,0.1096,68.91,628.70
155888.910532,80.0,0.2068,3,1,1,0.69766,0.54306,0.67656,0.49583,0.66953,0.43750,0.67109,0.39306,0.68516,0.36111,0.69766,0.38194,0.70312,0.32778,0.68906,0.31667,0.67734,0.32500,0.71328,0.38611,0.72422,0.31944,0.70781,0.31111,0.69297,0.32778,0.72813,0.40000,0.74375,0.33472,0.72813,0.32639,0.71484,0.34167,0.74297,0.42500,0.75313,0.37361,0.74141,0.36111,0.72734,0.37083,0.61424,0.84477,0.9997,0.74870,0.98040,0.9067,0.72368,0.56636,0.9972,0.71134,0.65023,0.69766,0.54306,99.86,0.9893,live,0.1199,0.1417,88.60,625.15
155888.976340,80.0,0.2946,3,1,1,0.69609,0.52917,0.67422,0.48194,0.66719,0.42361,0.67031,0.37639,0.68281,0.34167,0.69531,0.36944,0.70078,0.31806,0.68750,0.30417,0.67422,0.30833,0.71094,0.37222,0.72031,0.30833,0.70469,0.29722,0.68906,0.30972,0.72578,0.38333,0.73906,0.31944,0.72344,0.30694,0.70781,0.31944,0.73984,0.40694,0.74844,0.35556,0.73594,0.34167,0.72109,0.34861,0.61420,0.83622,0.9997,0.74839,0.95958,0.9069,0.72058,0.55250,0.9974,0.70829,0.62602,0.69609,0.52917,99.24,0.9900,live,0.1289,0.1698,105.53,621.59
155889.043214,80.0,0.3837,3,1,1,0.69375,0.52083,0.67188,0.47361,0.66641,0.41528,0.66953,0.36944,0.68047,0.33333,0.69453,0.36389,0.69766,0.31528,0.68516,0.29861,0.67266,0.30139,0.71016,0.36528,0.71797,0.30556,0.70234,0.29167,0.68594,0.30139,0.72422,0.37639,0.73672,0.31667,0.72109,0.30000,0.70469,0.30833,0.73750,0.39861,0.74609,0.34861,0.73359,0.33194,0.71875,0.33611,0.61319,0.83222,0.9996,0.74840,0.94221,0.9058,0.71832,0.54954,0.9974,0.70539,0.60498,0.69375,0.52083,97.92,0.9883,live,0.1404,0.1928,119.06,617.50
155889.110451,80.0,0.4734,3,1,1,0.69297,0.51806,0.67109,0.47500,0.66406,0.41667,0.66641,0.37083,0.67812,0.33750,0.69297,0.36528,0.69609,0.31389,0.68359,0.29861,0.67109,0.30000,0.70781,0.36667,0.71484,0.30556,0.69844,0.29167,0.68281,0.30139,0.72109,0.37639,0.73359,0.31528,0.71719,0.30000,0.70156,0.30694,0.73438,0.39722,0.74219,0.34722,0.72969,0.33194,0.71484,0.33472,0.61107,0.83171,0.9996,0.74808,0.93164,0.9070,0.71299,0.54435,0.9975,0.70290,0.58760,0.69297,0.51806,95.07,0.9868,live,0.1526,0.2080,127.27,611.85
155889.176319,80.0,0.5612,3,1,1,0.69219,0.52917,0.67031,0.48333,0.66250,0.42500,0.66484,0.37917,0.67500,0.34444,0.69141,0.37639,0.69375,0.32639,0.68203,0.30972,0.66953,0.30972,0.70625,0.37778,0.71172,0.31806,0.69531,0.30278,0.67891,0.30833,0.71953,0.38889,0.73125,0.32639,0.71562,0.30972,0.69922,0.31389,0.73281,0.40833,0.74062,0.35972,0.72891,0.34306,0.71406,0.34583,0.60928,0.83186,0.9996,0.74776,0.94037,0.9089,0.71338,0.55161,0.9976,0.70076,0.57591,0.69219,0.52917,94.90,0.9891,live,0.1655,0.2243,136.12,606.76
155889.242969,80.0,0.6501,3,1,1,0.68984,0.54583,0.66875,0.50139,0.66172,0.44167,0.66328,0.39583,0.67578,0.36528,0.68984,0.39167,0.69375,0.34028,0.68047,0.32500,0.66797,0.32917,0.70391,0.39444,0.71250,0.33056,0.69531,0.31806,0.68047,0.33056,0.71797,0.40694,0.73125,0.34306,0.71406,0.33056,0.69922,0.34306,0.73125,0.42917,0.73984,0.37778,0.72734,0.36250,0.71328,0.36806,0.60571,0.83192,0.9996,0.74588,0.94427,0.9091,0.71127,0.55281,0.9977,0.69858,0.56989,0.68984,0.54583,95.07,0.9903,live,0.1707,0.1946,117.20,602.40
155889.310163,80.0,0.7397,3,1,1,0.68672,0.57500,0.66641,0.53194,0.65938,0.47639,0.66172,0.43333,0.67500,0.40833,0.68672,0.42083,0.69141,0.36806,0.67656,0.35694,0.66328,0.36389,0.70078,0.42500,0.70937,0.36111,0.69219,0.35417,0.67812,0.36806,0.71484,0.43889,0.72813,0.37500,0.71172,0.36667,0.69844,0.38194,0.72969,0.46111,0.73750,0.40972,0.72500,0.39861,0.71250,0.40833,0.60343,0.83293,0.9996,0.74104,0.95566,0.9087,0.70991,0.56578,0.9977,0.69620,0.57092,0.68672,0.57500,95.35,0.9921,live,0.1755,0.1972,118.06,598.76
155889.376524,80.0,0.8281,3,1,1,0.68203,0.61806,0.66328,0.58056,0.65625,0.52778,0.65859,0.49306,0.67109,0.47083,0.68437,0.46250,0.68594,0.41250,0.67188,0.41250,0.66094,0.42917,0.70000,0.46806,0.70781,0.40556,0.69219,0.40833,0.68047,0.43333,0.71562,0.48611,0.72813,0.42500,0.71172,0.42639,0.70000,0.44722,0.73047,0.51389,0.73828,0.46667,0.72500,0.46250,0.71328,0.47778,0.60106,0.83473,0.9996,0.73614,1.00000,0.9027,0.70788,0.61540,0.9974,0.69337,0.58034,0.68203,0.61806,97.35,0.9957,live,0.1686,0.1371,81.85,597.01
155889.443454,80.0,0.9174,3,1,1,0.68594,0.67639,0.66484,0.64722,0.65391,0.59861,0.65938,0.56944,0.67109,0.54722,0.68125,0.52083,0.68125,0.47083,0.67031,0.48194,0.66328,0.50694,0.70000,0.52917,0.70859,0.46667,0.69297,0.48056,0.68359,0.50833,0.71719,0.55139,0.72969,0.49306,0.71250,0.50833,0.70000,0.53472,0.73281,0.58472,0.73984,0.54306,0.72500,0.54861,0.71250,0.56389,0.60063,0.83779,0.9996,0.73579,1.00000,0.9069,0.70263,0.69922,0.9974,0.69188,0.59955,0.68594,0.67639,97.33,0.9959,live,0.1632,0.1386,82.51,595.44
155889.510817,80.0,0.0072,3,2,0,0.68516,0.73472,0.66563,0.70833,0.65391,0.66528,0.65781,0.63611,0.67109,0.60972,0.67969,0.58056,0.67969,0.53194,0.67188,0.54306,0.66719,0.57222,0.70000,0.58889,0.71016,0.52639,0.69844,0.54306,0.68984,0.57778,0.71797,0.61250,0.73125,0.55694,0.71484,0.57639,0.70234,0.60694,0.73359,0.64861,0.74219,0.61111,0.72734,0.62083,0.71406,0.64028,0.59888,0.84132,0.9996,0.74455,1.00000,0.9066,0.70162,0.75286,0.9973,0.69054,0.62659,0.68516,0.73472,97.56,0.9985,live,0.1479,0.0786,46.72,594.23
155889.576642,80.0,0.0950,3,2,0,0.68281,0.78194,0.66250,0.75000,0.65234,0.70139,0.65625,0.67361,0.67109,0.65278,0.68047,0.62222,0.68281,0.57083,0.67188,0.58333,0.66328,0.61111,0.70078,0.63194,0.71094,0.56389,0.69688,0.58056,0.68594,0.61250,0.71719,0.65556,0.73125,0.59444,0.71328,0.61528,0.70000,0.64722,0.73281,0.69306,0.73906,0.65139,0.72188,0.66528,0.70781,0.68750,0.59880,0.84084,0.9996,0.73465,1.00000,0.9041,0.69902,0.78317,0.9971,0.68899,0.65766,0.68281,0.78194,100.04,0.9989,live,0.1415,0.1119,66.58,594.96
155889.643206,80.0,0.1837,3,2,0,0.68203,0.79861,0.66172,0.76389,0.65234,0.71528,0.65703,0.68333,0.67344,0.65972,0.67969,0.63750,0.68203,0.58472,0.67188,0.59167,0.66406,0.61806,0.70078,0.64583,0.71094,0.57778,0.69609,0.59583,0.68516,0.62917,0.71797,0.67083,0.73203,0.60833,0.71406,0.62778,0.70078,0.65972,0.73203,0.70972,0.73906,0.66667,0.72188,0.67917,0.70703,0.70278,0.59678,0.83961,0.9996,0.73369,1.00000,0.9012,0.69924,0.80248,0.9967,0.68760,0.68585,0.68203,0.79861,100.99,0.9980,live,0.1415,0.1451,86.54,596.27
155889.710777,80.0,0.2738,3,2,0,0.67891,0.79861,0.65938,0.76389,0.65156,0.71528,0.65625,0.68611,0.67344,0.66944,0.68047,0.63611,0.68516,0.58333,0.67344,0.59167,0.66406,0.61944,0.70000,0.64861,0.71406,0.58056,0.69922,0.59722,0.68750,0.62917,0.71719,0.67361,0.73438,0.61250,0.71484,0.63056,0.70078,0.66111,0.73047,0.71389,0.74062,0.67222,0.72344,0.68333,0.70859,0.70417,0.59260,0.83995,0.9997,0.72857,1.00000,0.9052,0.69796,0.80124,0.9968,0.68586,0.70840,0.67891,0.79861,100.81,0.9975,live,0.1466,0.1700,101.53,597.30
155889.776690,80.0,0.3617,3,2,0,0.67891,0.79583,0.65938,0.76250,0.65156,0.71389,0.65625,0.68611,0.67266,0.66806,0.67891,0.63750,0.68281,0.58333,0.67188,0.59028,0.66328,0.61944,0.69844,0.64861,0.71094,0.57917,0.69688,0.59722,0.68516,0.63056,0.71562,0.67361,0.73203,0.61111,0.71406,0.63056,0.70078,0.65972,0.72891,0.71111,0.73984,0.67083,0.72344,0.68194,0.70859,0.70278,0.58835,0.84167,0.9997,0.71573,1.00000,0.9066,0.69778,0.79695,0.9967,0.68447,0.72589,0.67891,0.79583,98.60,0.9964,live,0.1545,0.1907,113.76,596.62
155889.843315,80.0,0.4505,3,2,0,0.67969,0.79444,0.66016,0.76250,0.65234,0.71250,0.65859,0.68611,0.67656,0.66944,0.68047,0.63611,0.68516,0.58333,0.67500,0.59028,0.66719,0.61944,0.70000,0.64722,0.71484,0.57778,0.70000,0.59444,0.68828,0.62917,0.71641,0.67083,0.73438,0.60972,0.71641,0.62778,0.70312,0.65833,0.73047,0.70972,0.74141,0.66806,0.72500,0.67917,0.71016,0.70000,0.58672,0.84017,0.9997,0.70978,1.00000,0.9017,0.69784,0.79777,0.9965,0.68351,0.73960,0.67969,0.79444,98.85,0.9972,live,0.1637,0.2055,122.53,596.20
155889.910529,80.0,0.5401,3,2,0,0.68672,0.79722,0.66719,0.76250,0.65859,0.71389,0.66563,0.68472,0.68516,0.66806,0.68828,0.63611,0.69219,0.58472,0.68281,0.58750,0.67578,0.61389,0.70781,0.64583,0.72344,0.57778,0.71094,0.58889,0.69844,0.62222,0.72422,0.66944,0.74141,0.61111,0.72578,0.62778,0.71172,0.65833,0.73828,0.70833,0.75000,0.66528,0.73516,0.67500,0.72109,0.69722,0.58487,0.83910,0.9997,0.70800,1.00000,0.9012,0.70189,0.79691,0.9965,0.68415,0.75112,0.68672,0.79722,100.68,0.9970,live,0.1715,0.2070,123.61,597.14
155889.976965,80.0,0.6287,3,2,0,0.69688,0.79722,0.67734,0.75972,0.67109,0.70972,0.68047,0.68056,0.69922,0.66250,0.69922,0.63611,0.70547,0.58472,0.70078,0.57917,0.69531,0.60278,0.71953,0.64583,0.73516,0.58056,0.72813,0.58333,0.71797,0.61111,0.73672,0.66944,0.75469,0.61111,0.74062,0.62361,0.72734,0.65556,0.75000,0.70694,0.76406,0.66389,0.75078,0.66806,0.73594,0.68889,0.58369,0.83902,0.9997,0.70730,1.00000,0.9046,0.71105,0.79490,0.9966,0.68670,0.76034,0.69688,0.79722,101.38,0.9957,live,0.1715,0.1943,116.26,598.48
155890.043623,80.0,0.7176,3,2,0,0.70937,0.78889,0.68984,0.74861,0.68672,0.69583,0.70078,0.66528,0.72188,0.65278,0.71484,0.62778,0.72188,0.57778,0.72266,0.57222,0.72109,0.59444,0.73594,0.63611,0.75391,0.57222,0.74922,0.57500,0.74062,0.60556,0.75313,0.66111,0.77500,0.60278,0.76328,0.61389,0.75078,0.64444,0.76641,0.70000,0.78203,0.65833,0.77031,0.66250,0.75547,0.68472,0.58160,0.83879,0.9997,0.70693,1.00000,0.9041,0.72243,0.79380,0.9966,0.69123,0.76605,0.70937,0.78889,103.11,0.9955,live,0.1715,0.1679,100.90,600.90
155890.110771,80.0,0.8071,3,2,0,0.72500,0.77917,0.70547,0.73472,0.70391,0.67917,0.72266,0.65139,0.74453,0.64167,0.73438,0.61250,0.74141,0.56944,0.74453,0.56250,0.74375,0.58056,0.75781,0.62361,0.77812,0.56667,0.77812,0.55694,0.76953,0.57778,0.77500,0.65139,0.79844,0.59861,0.79063,0.60139,0.77734,0.62500,0.78672,0.69167,0.80469,0.65278,0.79688,0.65417,0.78203,0.67083,0.57961,0.83543,0.9997,0.70726,1.00000,0.9014,0.73763,0.78624,0.9967,0.69799,0.76868,0.72500,0.77917,107.31,0.9967,live,0.1715,0.1715,103.97,606.05
155890.177047,80.0,0.8955,3,2,0,0.74219,0.76806,0.72656,0.71944,0.72734,0.66528,0.74922,0.63889,0.77266,0.63056,0.75781,0.60556,0.76250,0.57083,0.76641,0.55556,0.76719,0.56250,0.78203,0.61389,0.80469,0.55972,0.80547,0.55000,0.79766,0.56944,0.79844,0.64028,0.82422,0.59583,0.81953,0.59583,0.80781,0.61389,0.81016,0.68056,0.83203,0.65000,0.82734,0.64583,0.81406,0.65694,0.57968,0.83007,0.9997,0.70912,1.00000,0.9020,0.75519,0.77737,0.9968,0.70683,0.76855,0.74219,0.76806,108.58,0.9951,live,0.1603,0.1090,66.68,611.51
155890.243761,80.0,0.9845,3,2,0,0.75781,0.76389,0.74609,0.71250,0.75391,0.65972,0.77656,0.63194,0.80000,0.62083,0.78047,0.60000,0.78828,0.56250,0.79688,0.55000,0.80000,0.56250,0.80391,0.61250,0.82656,0.56111,0.83203,0.55000,0.82734,0.56667,0.81953,0.64028,0.84766,0.59861,0.84688,0.59444,0.83672,0.61111,0.83047,0.67778,0.85391,0.65417,0.85313,0.65000,0.84297,0.65833,0.57981,0.83122,0.9997,0.71626,1.00000,0.9053,0.77057,0.76219,0.9969,0.71702,0.76762,0.75781,0.76389,110.57,0.9901,live,0.1492,0.0988,61.02,617.73
155890.310701,80.0,0.0737,3,3,0,0.77031,0.76111,0.76094,0.70417,0.77109,0.65278,0.79609,0.62917,0.81953,0.61667,0.79922,0.59722,0.81094,0.56250,0.81797,0.55278,0.82109,0.56528,0.82188,0.61389,0.84609,0.56667,0.85078,0.55694,0.84531,0.57222,0.83672,0.64167,0.86562,0.60139,0.86641,0.59583,0.85625,0.61389,0.84688,0.68056,0.87187,0.65694,0.87266,0.65000,0.86250,0.65833,0.57825,0.83385,0.9998,0.71879,1.00000,0.9073,0.78569,0.75680,0.9970,0.72768,0.76632,0.77031,0.76111,111.99,0.9913,live,0.1429,0.1142,71.27,624.24
155890.376938,80.0,0.1620,3,3,0,0.77656,0.76250,0.77031,0.70139,0.78359,0.65417,0.81016,0.63056,0.83203,0.61528,0.80859,0.60000,0.82266,0.56528,0.82969,0.55694,0.83281,0.56667,0.83203,0.61667,0.85547,0.56944,0.86172,0.55972,0.85938,0.56944,0.84688,0.64444,0.87344,0.60417,0.87734,0.59583,0.86875,0.61389,0.85703,0.68472,0.88125,0.65972,0.88516,0.64861,0.87656,0.65556,0.57855,0.83603,0.9998,0.72452,1.00000,0.9066,0.79250,0.75703,0.9970,0.73746,0.76555,0.77656,0.76250,113.74,0.9918,live,0.1377,0.1143,72.15,631.22
155890.443931,80.0,0.2514,3,3,0,0.78359,0.75972,0.77656,0.70556,0.78906,0.65556,0.81406,0.63194,0.83828,0.61944,0.81563,0.60139,0.83047,0.56389,0.83672,0.55694,0.83672,0.57361,0.83984,0.61806,0.86562,0.56667,0.87031,0.56111,0.86406,0.57778,0.85469,0.64583,0.88359,0.60556,0.88594,0.59722,0.87422,0.61667,0.86406,0.68611,0.88906,0.66111,0.89453,0.65000,0.88516,0.65694,0.58106,0.83531,0.9998,0.72988,1.00000,0.9082,0.79928,0.75702,0.9971,0.74669,0.76439,0.78359,0.75972,112.20,0.9904,live,0.1377,0.1274,81.03,636.26
155890.512678,80.0,0.3430,3,3,0,0.78672,0.76250,0.78203,0.70556,0.79453,0.65833,0.81953,0.63472,0.84297,0.62083,0.82109,0.60417,0.83672,0.56528,0.84297,0.55972,0.84375,0.57500,0.84453,0.62222,0.86953,0.57222,0.87500,0.56528,0.87187,0.57639,0.85859,0.65000,0.88594,0.60972,0.89141,0.60139,0.88125,0.62222,0.86797,0.69028,0.89219,0.66528,0.89922,0.65417,0.89141,0.66250,0.58269,0.83519,0.9998,0.73424,1.00000,0.9093,0.80297,0.75443,0.9972,0.75469,0.76401,0.78672,0.76250,112.49,0.9907,live,0.1377,0.1361,87.24,640.90
155890.577351,80.0,0.4292,3,3,0,0.79063,0.76250,0.78203,0.70694,0.79688,0.65694,0.82344,0.63194,0.84688,0.61944,0.82266,0.60139,0.84062,0.55972,0.84688,0.55833,0.84609,0.58194,0.84688,0.62083,0.87344,0.56944,0.87813,0.56528,0.87266,0.58194,0.86094,0.65000,0.88984,0.60972,0.89375,0.60139,0.88359,0.62083,0.87109,0.69028,0.89531,0.66389,0.90078,0.65278,0.89297,0.66111,0.58330,0.83775,0.9998,0.73373,1.00000,0.9086,0.80222,0.75311,0.9973,0.76188,0.76371,0.79063,0.76250,113.09,0.9903,live,0.1377,0.1402,90.50,645.42
155890.643702,80.0,0.5177,3,3,0,0.78750,0.75556,0.78125,0.70139,0.79219,0.65278,0.81641,0.62917,0.84062,0.61667,0.82109,0.59861,0.83672,0.55694,0.84219,0.55278,0.83906,0.57639,0.84453,0.61528,0.87266,0.56528,0.87500,0.56111,0.86562,0.58194,0.86016,0.64444,0.88828,0.60417,0.88984,0.59583,0.87891,0.61667,0.86953,0.68472,0.89375,0.66250,0.90000,0.64861,0.89297,0.65278,0.58563,0.83643,0.9998,0.73399,1.00000,0.9061,0.80113,0.75797,0.9973,0.76700,0.76208,0.78750,0.75556,112.48,0.9806,live,0.1377,0.1363,88.47,648.96
155890.710985,80.0,0.6074,3,3,0,0.78125,0.74861,0.77187,0.69306,0.78438,0.64306,0.80859,0.61250,0.83203,0.59861,0.81094,0.58611,0.82422,0.54444,0.83125,0.53889,0.83047,0.55972,0.83594,0.60278,0.86172,0.55139,0.86641,0.54444,0.85859,0.56111,0.85156,0.63056,0.87891,0.58750,0.88281,0.58056,0.87187,0.60000,0.86250,0.67083,0.88750,0.64444,0.89062,0.63472,0.88047,0.64306,0.58592,0.83667,0.9998,0.73272,1.00000,0.9028,0.80010,0.75658,0.9973,0.76985,0.75938,0.78125,0.74861,114.30,0.9900,live,0.1377,0.1239,80.94,653.38
155890.776679,80.0,0.6950,3,3,0,0.77187,0.72917,0.76094,0.67639,0.77031,0.62222,0.79219,0.58611,0.81406,0.56389,0.80078,0.56528,0.81172,0.52361,0.81641,0.51389,0.81328,0.53333,0.82422,0.58056,0.84922,0.52639,0.85078,0.51944,0.84062,0.54306,0.83906,0.60833,0.86719,0.56111,0.86641,0.55556,0.85391,0.57639,0.85000,0.64722,0.87500,0.61528,0.87500,0.60417,0.86250,0.61250,0.58614,0.83899,0.9998,0.73221,1.00000,0.9012,0.79504,0.74965,0.9973,0.77026,0.75334,0.77187,0.72917,113.08,0.9901,live,0.1377,0.1248,81.93,656.39
155890.844336,80.0,0.7852,3,3,0,0.76016,0.69861,0.74844,0.64722,0.75469,0.59167,0.77578,0.55417,0.79453,0.52500,0.78438,0.53472,0.79922,0.49028,0.80078,0.47778,0.79531,0.49306,0.80625,0.54583,0.82969,0.48889,0.82891,0.48056,0.81875,0.50278,0.82188,0.57083,0.84766,0.52222,0.84609,0.51250,0.83437,0.53333,0.83437,0.60833,0.85781,0.57500,0.85625,0.56250,0.84297,0.57083,0.58676,0.83862,0.9998,0.73095,1.00000,0.8986,0.78933,0.72190,0.9973,0.76824,0.74239,0.76016,0.69861,111.26,0.9848,live,0.1286,0.0869,57.15,657.73
155890.911275,80.0,0.8745,3,3,0,0.74609,0.65694,0.73359,0.60278,0.73906,0.54722,0.75703,0.50833,0.77344,0.47917,0.76641,0.49028,0.77656,0.44722,0.77656,0.43472,0.77187,0.45000,0.78672,0.50000,0.80625,0.44306,0.80547,0.43194,0.79609,0.45000,0.80312,0.52361,0.82734,0.47361,0.82344,0.46389,0.81172,0.48333,0.81641,0.55972,0.83750,0.51944,0.83359,0.50417,0.82109,0.51250,0.58882,0.83993,0.9998,0.73242,1.00000,0.8995,0.77394,0.69214,0.9974,0.76381,0.72530,0.74609,0.65694,110.60,0.9922,live,0.1194,0.0775,51.01,658.44
155890.977147,80.0,0.9623,3,3,0,0.73359,0.60694,0.71719,0.55417,0.72031,0.49583,0.73672,0.45972,0.75391,0.43333,0.75234,0.44167,0.76328,0.39583,0.75391,0.38611,0.74219,0.39861,0.77031,0.44861,0.78906,0.39444,0.77891,0.37917,0.76484,0.39306,0.78516,0.46944,0.80703,0.41667,0.79766,0.40556,0.78438,0.42361,0.79688,0.50278,0.81484,0.46111,0.80781,0.44722,0.79453,0.45694,0.59230,0.84437,0.9997,0.73616,1.00000,0.8997,0.76469,0.63354,0.9975,0.75777,0.70163,0.73359,0.60694,106.78,0.9895,live,0.1128,0.0828,54.33,656.30
155891.044366,80.0,0.0519,3,1,1,0.72031,0.55972,0.70234,0.50972,0.70391,0.44861,0.71797,0.40833,0.73594,0.38611,0.73281,0.39306,0.74297,0.34444,0.73203,0.33472,0.72109,0.34722,0.75078,0.40000,0.76797,0.34167,0.75547,0.32917,0.74141,0.34583,0.76562,0.41944,0.78594,0.36111,0.77422,0.35000,0.76172,0.36667,0.77969,0.44861,0.79531,0.40278,0.78594,0.38750,0.77422,0.39722,0.59403,0.83971,0.9997,0.73872,0.97438,0.8997,0.75537,0.57734,0.9976,0.75027,0.67325,0.72031,0.55972,106.24,0.9909,live,0.1128,0.1073,70.17,654.04
155891.111322,80.0,0.1412,3,1,1,0.71094,0.51528,0.69219,0.46528,0.69219,0.40556,0.70312,0.36389,0.71797,0.33750,0.71953,0.35417,0.72734,0.30556,0.71484,0.29167,0.70234,0.29722,0.73594,0.35833,0.75234,0.29861,0.73906,0.28333,0.72422,0.29583,0.75156,0.37500,0.77031,0.31528,0.75703,0.30556,0.74453,0.32222,0.76562,0.40278,0.77812,0.35417,0.76875,0.34028,0.75625,0.35000,0.59626,0.82987,0.9996,0.73944,0.94210,0.9013,0.74738,0.54534,0.9977,0.74241,0.64166,0.71094,0.51528,102.41,0.9869,live,0.1188,0.1464,95.03,649.29
155891.177438,80.0,0.2294,3,1,1,0.70547,0.48750,0.68594,0.43611,0.68359,0.37778,0.69141,0.33333,0.70703,0.30278,0.70703,0.33056,0.71016,0.28194,0.70234,0.26250,0.69375,0.26806,0.72422,0.32917,0.73516,0.27083,0.72578,0.25000,0.71250,0.25556,0.73984,0.34306,0.75391,0.28333,0.74453,0.26806,0.73125,0.28333,0.75469,0.36667,0.76641,0.31944,0.75781,0.30139,0.74453,0.31111,0.59876,0.82737,0.9996,0.74082,0.91769,0.9039,0.73195,0.51247,0.9978,0.73502,0.61082,0.70547,0.48750,100.81,0.9887,live,0.1304,0.1830,117.87,643.96
155891.244278,80.0,0.3185,3,1,1,0.70156,0.46944,0.68125,0.41806,0.67656,0.35972,0.68437,0.31250,0.70078,0.28056,0.70156,0.31111,0.70469,0.26389,0.69688,0.24722,0.68750,0.25278,0.71797,0.31111,0.72813,0.25139,0.71875,0.23472,0.70625,0.24583,0.73359,0.32361,0.74687,0.26528,0.73750,0.25000,0.72500,0.26528,0.74844,0.34583,0.75938,0.30139,0.75156,0.28333,0.73906,0.29028,0.60176,0.82490,0.9996,0.74605,0.89643,0.9055,0.72943,0.50744,0.9979,0.72833,0.58255,0.70156,0.46944,100.56,0.9920,live,0.1458,0.2162,138.17,639.09
155891.311260,80.0,0.4078,3,1,1,0.69922,0.46250,0.67734,0.41250,0.67266,0.35417,0.67969,0.30694,0.69531,0.27361,0.69766,0.30278,0.70156,0.25694,0.69219,0.24306,0.68203,0.25000,0.71406,0.30278,0.72266,0.24583,0.71250,0.22778,0.69922,0.24028,0.72891,0.31389,0.74219,0.25694,0.73281,0.23750,0.71953,0.24861,0.74375,0.33472,0.75234,0.29028,0.74453,0.27222,0.73125,0.27639,0.60385,0.82460,0.9996,0.74570,0.89288,0.9077,0.72603,0.49559,0.9980,0.72251,0.55854,0.69922,0.46250,100.78,0.9910,live,0.1630,0.2410,153.00,634.96
155891.377521,80.0,0.4961,3,1,1,0.69766,0.46528,0.67500,0.41528,0.67031,0.35417,0.67734,0.30694,0.69141,0.27222,0.69453,0.30556,0.69688,0.25833,0.68750,0.24306,0.67734,0.24722,0.71016,0.30417,0.71875,0.24722,0.70781,0.22917,0.69453,0.23750,0.72578,0.31528,0.73906,0.25833,0.72813,0.23889,0.71484,0.24861,0.73984,0.33611,0.74844,0.28889,0.73906,0.27222,0.72422,0.27917,0.60630,0.82243,0.9996,0.74841,0.88414,0.9091,0.72434,0.49673,0.9981,0.71754,0.53989,0.69766,0.46528,100.44,0.9882,live,0.1792,0.2529,159.60,631.08
155891.444252,80.0,0.5851,3,1,1,0.69609,0.46944,0.67266,0.42083,0.66797,0.35972,0.67500,0.31250,0.68984,0.27778,0.69219,0.31111,0.69453,0.26389,0.68437,0.24861,0.67344,0.25417,0.70859,0.30972,0.71719,0.25278,0.70469,0.23472,0.69063,0.24583,0.72344,0.32083,0.73750,0.26250,0.72422,0.24306,0.71016,0.25417,0.73828,0.34167,0.74766,0.29444,0.73594,0.27778,0.72109,0.28472,0.60875,0.82210,0.9996,0.74892,0.89074,0.9114,0.71840,0.49585,0.9982,0.71325,0.52580,0.69609,0.46944,99.97,0.9893,live,0.1960,0.2727,171.10,627.32
155891.511587,80.0,0.6749,3,1,1,0.69531,0.48333,0.67344,0.43611,0.66797,0.37500,0.67188,0.32639,0.68750,0.29306,0.69297,0.32500,0.69297,0.27639,0.68203,0.25972,0.67266,0.26667,0.70859,0.32361,0.71562,0.26389,0.70312,0.24583,0.68906,0.25833,0.72422,0.33472,0.73672,0.27361,0.72344,0.25417,0.70859,0.26667,0.73906,0.35694,0.74844,0.30833,0.73750,0.28889,0.72188,0.29583,0.61076,0.82505,0.9996,0.74764,0.89400,0.9118,0.71604,0.49937,0.9982,0.70966,0.51731,0.69531,0.48333,100.12,0.9914,live,0.2029,0.2344,146.30,624.13
155891.577734,80.0,0.7631,3,1,1,0.69453,0.50556,0.67422,0.46111,0.66797,0.40139,0.67188,0.35278,0.68828,0.32222,0.69453,0.34722,0.69766,0.29444,0.68437,0.28056,0.67188,0.29028,0.71016,0.34722,0.72031,0.28333,0.70547,0.26667,0.69063,0.27778,0.72656,0.35972,0.73984,0.29444,0.72500,0.28056,0.71016,0.29722,0.74141,0.38472,0.75078,0.33056,0.73906,0.31389,0.72422,0.32083,0.61171,0.82707,0.9996,0.74787,0.91110,0.9131,0.71560,0.51091,0.9982,0.70663,0.51496,0.69453,0.50556,100.30,0.9914,live,0.2029,0.2042,126.93,621.45
155891.644111,80.0,0.8516,3,1,1,0.69531,0.54722,0.67500,0.50556,0.66719,0.44722,0.67031,0.40139,0.68594,0.36944,0.69297,0.38333,0.69609,0.32639,0.68203,0.31806,0.67031,0.33194,0.70937,0.38611,0.71953,0.31667,0.70391,0.30833,0.69063,0.33056,0.72656,0.40139,0.74141,0.33194,0.72500,0.32222,0.71250,0.34167,0.74297,0.42917,0.75391,0.37500,0.74062,0.36250,0.72656,0.37500,0.61171,0.82910,0.9996,0.74790,0.94623,0.9158,0.71613,0.54282,0.9983,0.70437,0.52141,0.69531,0.54722,103.01,0.9942,live,0.2029,0.2065,128.23,621.05
155891.711294,80.0,0.9412,3,1,1,0.68984,0.60278,0.66875,0.56528,0.65938,0.50694,0.66250,0.46667,0.67500,0.43750,0.68984,0.43472,0.69063,0.37917,0.67578,0.38194,0.66406,0.40417,0.70781,0.44028,0.71719,0.37083,0.70234,0.36944,0.68984,0.39583,0.72578,0.46111,0.73984,0.39306,0.72344,0.39167,0.71094,0.41250,0.74141,0.49306,0.75234,0.44306,0.73750,0.44028,0.72422,0.45694,0.61382,0.83506,0.9996,0.74798,1.00000,0.9140,0.71513,0.60680,0.9983,0.70147,0.53768,0.68984,0.60278,105.35,0.9962,live,0.1968,0.1690,105.21,622.38
155891.777847,80.0,0.0299,3,2,0,0.68437,0.66250,0.66172,0.62917,0.65000,0.57500,0.65234,0.54028,0.66484,0.51389,0.68125,0.49583,0.67891,0.44167,0.66250,0.45278,0.65156,0.47917,0.70156,0.50556,0.70937,0.43472,0.69063,0.44722,0.67734,0.47639,0.72031,0.52917,0.73438,0.46389,0.71328,0.47778,0.69922,0.50278,0.73750,0.56528,0.74766,0.51667,0.72891,0.52083,0.71328,0.53889,0.61388,0.83565,0.9996,0.74796,1.00000,0.9133,0.70598,0.66301,0.9982,0.69805,0.56265,0.68437,0.66250,105.11,0.9967,live,0.1794,0.0998,62.22,623.37
155891.844642,80.0,0.1190,3,2,0,0.67891,0.71528,0.65859,0.68056,0.64766,0.62778,0.64922,0.59444,0.66172,0.57222,0.67812,0.54722,0.67734,0.48889,0.66094,0.50694,0.64922,0.53750,0.69922,0.55972,0.71094,0.48472,0.69141,0.50278,0.67812,0.53750,0.71797,0.58750,0.73438,0.51806,0.71328,0.53472,0.69688,0.56528,0.73516,0.62778,0.74687,0.58194,0.72891,0.58611,0.71250,0.60417,0.61560,0.83661,0.9996,0.75503,1.00000,0.9178,0.69959,0.72385,0.9983,0.69422,0.59317,0.67891,0.71528,106.22,0.9984,live,0.1664,0.1071,66.95,625.05
155891.911788,80.0,0.2085,3,2,0,0.67812,0.75278,0.65625,0.71250,0.64453,0.65833,0.64687,0.62500,0.66172,0.60417,0.67734,0.57778,0.67812,0.51944,0.65938,0.54028,0.64766,0.57500,0.69922,0.59028,0.71094,0.51528,0.68984,0.53750,0.67656,0.57361,0.71797,0.61944,0.73438,0.55139,0.71172,0.57222,0.69688,0.60139,0.73438,0.65972,0.74687,0.61528,0.72734,0.62361,0.71016,0.64306,0.61661,0.84194,0.9996,0.74573,1.00000,0.9180,0.69721,0.75560,0.9982,0.69100,0.62509,0.67812,0.75278,109.57,0.9977,live,0.1611,0.1372,86.27,628.93
155891.978184,80.0,0.2970,3,2,0,0.67891,0.76528,0.65625,0.72361,0.64375,0.67361,0.64375,0.64167,0.65625,0.61806,0.67500,0.58750,0.67344,0.52917,0.65547,0.55000,0.64531,0.58333,0.69766,0.60278,0.70937,0.52778,0.68672,0.55139,0.67266,0.58472,0.71562,0.63194,0.73281,0.56528,0.70859,0.58333,0.69219,0.61111,0.73125,0.67361,0.74297,0.62639,0.72266,0.63611,0.70469,0.65556,0.61929,0.84310,0.9997,0.75155,1.00000,0.9211,0.69611,0.77821,0.9982,0.68858,0.65313,0.67891,0.76528,109.15,0.9968,live,0.1611,0.1651,104.38,632.05
155892.044922,80.0,0.3860,3,2,0,0.67500,0.76389,0.65234,0.72083,0.64062,0.66944,0.64141,0.63889,0.65469,0.61667,0.67344,0.58472,0.67266,0.53194,0.65391,0.54861,0.64297,0.57917,0.69453,0.60000,0.70625,0.52917,0.68359,0.55417,0.66953,0.58750,0.71250,0.62917,0.72969,0.56389,0.70547,0.58333,0.68906,0.61111,0.72734,0.67222,0.74062,0.62917,0.71953,0.63611,0.70156,0.65417,0.61997,0.84512,0.9997,0.75831,1.00000,0.9250,0.69658,0.78053,0.9982,0.68587,0.67528,0.67500,0.76389,109.28,0.9953,live,0.1659,0.1880,119.39,634.88
155892.111575,80.0,0.4749,3,2,0,0.67422,0.75972,0.65234,0.71944,0.63984,0.66667,0.64062,0.63472,0.65391,0.61528,0.67188,0.58333,0.67109,0.52639,0.65312,0.54444,0.64062,0.57500,0.69297,0.59722,0.70391,0.52500,0.68047,0.55000,0.66641,0.58333,0.71094,0.62500,0.72734,0.55694,0.70312,0.57778,0.68672,0.60556,0.72578,0.66667,0.73828,0.61944,0.71797,0.62639,0.70156,0.64444,0.61981,0.84548,0.9997,0.73782,1.00000,0.9223,0.69692,0.77964,0.9981,0.68354,0.69217,0.67422,0.75972,107.99,0.9961,live,0.1734,0.2072,131.90,636.45
155892.178078,80.0,0.5635,3,2,0,0.67578,0.75694,0.65391,0.71806,0.64219,0.66389,0.64297,0.63056,0.65703,0.60833,0.67266,0.58194,0.67188,0.52222,0.65391,0.54167,0.64297,0.57361,0.69375,0.59583,0.70547,0.52083,0.68281,0.54583,0.66953,0.58056,0.71172,0.62222,0.72891,0.55417,0.70547,0.57361,0.68906,0.60139,0.72734,0.66250,0.74062,0.61528,0.72109,0.62361,0.70469,0.64167,0.62000,0.84654,0.9997,0.74754,1.00000,0.9269,0.69620,0.77734,0.9982,0.68198,0.70512,0.67578,0.75694,107.50,0.9948,live,0.1804,0.2123,135.34,637.47
155892.244544,80.0,0.6522,3,2,0,0.68125,0.75556,0.65859,0.71389,0.64687,0.66111,0.64844,0.63194,0.66250,0.60972,0.67969,0.58056,0.67969,0.52361,0.66250,0.53889,0.65156,0.56806,0.70078,0.59444,0.71250,0.51944,0.69063,0.54306,0.67734,0.57778,0.71875,0.62083,0.73516,0.55417,0.71172,0.57083,0.69531,0.60000,0.73516,0.66111,0.74687,0.61250,0.72813,0.61806,0.71172,0.63472,0.61999,0.84660,0.9997,0.75182,1.00000,0.9292,0.69629,0.77240,0.9983,0.68184,0.71521,0.68125,0.75556,108.31,0.9966,live,0.1804,0.2039,130.27,638.96
155892.312009,80.0,0.7421,3,2,0,0.69219,0.75556,0.66953,0.71250,0.65938,0.65833,0.66328,0.62778,0.67812,0.60833,0.69375,0.58056,0.69609,0.52361,0.67891,0.53472,0.66719,0.56389,0.71484,0.59444,0.72891,0.52222,0.70703,0.54028,0.69141,0.57500,0.73281,0.62083,0.75000,0.55556,0.72734,0.57222,0.71172,0.60139,0.74922,0.65972,0.76172,0.61250,0.74297,0.61806,0.72734,0.63750,0.61946,0.84678,0.9997,0.75253,1.00000,0.9232,0.70231,0.76998,0.9981,0.68391,0.72328,0.69219,0.75556,109.27,0.9951,live,0.1804,0.1833,117.50,640.96
155892.377826,80.0,0.8299,3,2,0,0.70781,0.75833,0.68828,0.71389,0.67969,0.65556,0.68516,0.61944,0.70469,0.60694,0.71562,0.58056,0.72266,0.52500,0.70781,0.53472,0.69609,0.56389,0.73594,0.59583,0.75391,0.52639,0.73359,0.54167,0.71797,0.57361,0.75469,0.62361,0.77422,0.56250,0.75547,0.57361,0.74062,0.59861,0.77109,0.66250,0.78828,0.61806,0.77266,0.61944,0.75625,0.63611,0.61770,0.84706,0.9997,0.75154,1.00000,0.9212,0.71931,0.76435,0.9980,0.68869,0.73029,0.70781,0.75833,112.38,0.9914,live,0.1804,0.1899,122.47,644.96
155892.444810,80.0,0.9192,3,2,0,0.72891,0.76389,0.71016,0.71389,0.70547,0.65139,0.71797,0.61667,0.73984,0.60556,0.74453,0.58750,0.75469,0.52778,0.74375,0.53472,0.73281,0.56528,0.76562,0.60278,0.78906,0.53472,0.77187,0.54444,0.75469,0.57639,0.78359,0.63194,0.81094,0.56944,0.79375,0.57639,0.77734,0.60417,0.79922,0.67361,0.82188,0.62917,0.80781,0.62500,0.79141,0.64028,0.61740,0.84767,0.9997,0.75582,1.00000,0.9208,0.74807,0.76782,0.9980,0.69673,0.73701,0.72891,0.76389,114.56,0.9927,live,0.1708,0.1274,82.80,650.05
155892.511953,80.0,0.0087,3,3,0,0.74766,0.76528,0.73125,0.71389,0.73125,0.65417,0.74844,0.61944,0.77109,0.60000,0.76953,0.59167,0.78359,0.53750,0.77891,0.53750,0.76953,0.56806,0.79297,0.60833,0.81953,0.54444,0.80781,0.55000,0.79063,0.58194,0.81016,0.63889,0.84062,0.58194,0.82812,0.58472,0.81094,0.61111,0.82422,0.68333,0.85078,0.64306,0.84219,0.63333,0.82500,0.64444,0.61738,0.84663,0.9997,0.75714,1.00000,0.9192,0.76948,0.77534,0.9979,0.70692,0.74266,0.74766,0.76528,116.43,0.9903,live,0.1599,0.1098,72.01,655.87
155892.578125,80.0,0.0969,3,3,0,0.76484,0.76389,0.74844,0.71250,0.75078,0.65417,0.76875,0.62222,0.79297,0.60139,0.79063,0.59028,0.80781,0.53889,0.80391,0.53889,0.79375,0.56944,0.81406,0.61111,0.84375,0.55000,0.83281,0.55556,0.81484,0.58750,0.83047,0.64306,0.86328,0.59028,0.85313,0.59028,0.83516,0.61667,0.84375,0.68750,0.87109,0.65139,0.86641,0.64167,0.85078,0.65139,0.61709,0.84407,0.9997,0.74455,1.00000,0.9174,0.78474,0.77791,0.9978,0.71850,0.74691,0.76484,0.76389,117.16,0.9920,live,0.1535,0.1243,82.23,661.52
155892.644781,80.0,0.1858,3,3,0,0.77109,0.76250,0.75625,0.71111,0.76094,0.65417,0.78047,0.62083,0.80703,0.60278,0.80000,0.59167,0.81563,0.54167,0.81328,0.53889,0.80312,0.56806,0.82344,0.60972,0.85156,0.55139,0.84375,0.55278,0.82734,0.58333,0.83984,0.64167,0.87109,0.59028,0.86406,0.59028,0.84766,0.61667,0.85234,0.68472,0.87969,0.65139,0.87734,0.64306,0.86406,0.65139,0.61790,0.84411,0.9997,0.74305,1.00000,0.9159,0.79117,0.77898,0.9978,0.72902,0.75003,0.77109,0.76250,117.53,0.9832,live,0.1477,0.1213,80.89,666.76
155892.712255,80.0,0.2758,3,3,0,0.77500,0.75833,0.75938,0.70694,0.76406,0.64861,0.78516,0.61528,0.80937,0.59306,0.80391,0.58889,0.81953,0.53889,0.81875,0.53472,0.81016,0.56250,0.82656,0.60833,0.85547,0.54722,0.84844,0.55000,0.83203,0.58056,0.84297,0.63889,0.87578,0.58611,0.86797,0.58611,0.85156,0.61111,0.85547,0.68194,0.88359,0.64722,0.88047,0.63750,0.86562,0.64722,0.61796,0.84415,0.9997,0.74389,1.00000,0.9150,0.79244,0.77876,0.9977,0.73822,0.75169,0.77500,0.75833,116.22,0.9833,live,0.1425,0.1187,79.57,670.43
155892.778091,80.0,0.3636,3,3,0,0.77656,0.75417,0.76172,0.70139,0.76719,0.64444,0.78750,0.60833,0.81094,0.58056,0.80469,0.58472,0.81953,0.53333,0.81875,0.52917,0.81094,0.55694,0.82812,0.60278,0.85469,0.54306,0.84922,0.54583,0.83359,0.57500,0.84453,0.63472,0.87578,0.58333,0.86953,0.58056,0.85391,0.60556,0.85703,0.67639,0.88359,0.64167,0.88125,0.63194,0.86719,0.64167,0.61807,0.84417,0.9997,0.75904,1.00000,0.9142,0.79545,0.77573,0.9976,0.74589,0.75218,0.77656,0.75417,116.48,0.9833,live,0.1425,0.1279,86.19,673.84
155892.845051,80.0,0.4528,3,3,0,0.77500,0.75278,0.76094,0.69861,0.76797,0.64028,0.78828,0.60278,0.81172,0.57500,0.80391,0.58194,0.81875,0.53333,0.81875,0.52639,0.81016,0.55278,0.82734,0.60000,0.85313,0.54167,0.84844,0.54028,0.83281,0.56944,0.84375,0.63056,0.87422,0.58056,0.86953,0.57639,0.85469,0.60000,0.85625,0.67361,0.88125,0.64028,0.87969,0.62917,0.86719,0.63750,0.61819,0.84349,0.9997,0.75142,1.00000,0.9133,0.79572,0.77455,0.9976,0.75171,0.75230,0.77500,0.75278,117.47,0.9872,live,0.1425,0.1317,89.27,677.56
155892.912463,80.0,0.5427,3,3,0,0.77266,0.75000,0.75859,0.69722,0.76328,0.63889,0.78281,0.60278,0.80625,0.57778,0.80000,0.58056,0.81563,0.53056,0.81484,0.52639,0.80547,0.55278,0.82344,0.59861,0.85000,0.54167,0.84297,0.54306,0.82656,0.57222,0.83984,0.62917,0.87031,0.57917,0.86484,0.57500,0.84922,0.59861,0.85156,0.67222,0.87734,0.64167,0.87500,0.63056,0.86250,0.63889,0.61818,0.84257,0.9997,0.74685,1.00000,0.9107,0.79513,0.77391,0.9976,0.75590,0.75184,0.77266,0.75000,115.66,0.9792,live,0.1425,0.1287,87.48,679.53
155892.978581,80.0,0.6309,3,3,0,0.76250,0.74028,0.74922,0.69167,0.75156,0.63333,0.76953,0.60139,0.79297,0.57917,0.78906,0.57361,0.80547,0.52222,0.80234,0.52083,0.79219,0.55000,0.81172,0.59167,0.83906,0.53333,0.82891,0.53611,0.81172,0.56667,0.82812,0.62222,0.85781,0.57083,0.84844,0.57083,0.83203,0.59444,0.83984,0.66528,0.86719,0.63194,0.86250,0.62361,0.84766,0.63333,0.61792,0.84169,0.9997,0.75539,1.00000,0.9090,0.79284,0.77329,0.9976,0.75722,0.74953,0.76250,0.74028,113.57,0.9847,live,0.1375,0.1150,78.20,679.76
155893.045209,80.0,0.7197,3,3,0,0.74609,0.73333,0.73203,0.68333,0.73125,0.62639,0.74609,0.59167,0.76641,0.56944,0.76875,0.56250,0.78281,0.50833,0.77656,0.50556,0.76641,0.53056,0.78984,0.57778,0.81406,0.51667,0.80312,0.51667,0.78750,0.54444,0.80703,0.60833,0.83359,0.55417,0.82109,0.55278,0.80625,0.57778,0.81953,0.65139,0.84609,0.61250,0.83672,0.60278,0.82031,0.61389,0.61788,0.84172,0.9997,0.76463,1.00000,0.9093,0.78385,0.76106,0.9977,0.75499,0.74629,0.74609,0.73333,113.45,0.9880,live,0.1299,0.0953,64.76,679.87
155893.112430,80.0,0.8093,3,3,0,0.72500,0.70972,0.70781,0.65278,0.70625,0.59306,0.72109,0.55694,0.73906,0.53472,0.74375,0.53333,0.75625,0.48194,0.74531,0.47639,0.73281,0.49306,0.76328,0.54861,0.78594,0.48333,0.77031,0.48194,0.75469,0.50556,0.77891,0.57500,0.80547,0.51667,0.79063,0.51528,0.77500,0.53750,0.79297,0.61667,0.81328,0.57500,0.80078,0.56528,0.78516,0.57500,0.61785,0.84188,0.9997,0.75077,1.00000,0.9076,0.76180,0.72910,0.9978,0.74899,0.73898,0.72500,0.70972,113.00,0.9925,live,0.1199,0.0743,50.48,679.64
155893.178514,80.0,0.8975,3,3,0,0.70156,0.66389,0.68359,0.60556,0.68203,0.54722,0.69141,0.51111,0.70312,0.48750,0.71719,0.48611,0.72266,0.43611,0.70937,0.42778,0.69531,0.43750,0.73359,0.49722,0.74766,0.43194,0.73047,0.42500,0.71406,0.44167,0.74922,0.52083,0.76875,0.45694,0.75234,0.45278,0.73750,0.47222,0.76094,0.55694,0.77500,0.50972,0.75938,0.50417,0.74297,0.51806,0.61787,0.84027,0.9998,0.74973,1.00000,0.9041,0.73442,0.68634,0.9977,0.73951,0.72396,0.70156,0.66389,110.07,0.9889,live,0.1093,0.0612,41.46,677.34
155893.245303,80.0,0.9865,3,3,0,0.67969,0.60833,0.66094,0.55139,0.65703,0.49306,0.66250,0.45000,0.67031,0.42083,0.68672,0.43333,0.69063,0.37917,0.67578,0.37083,0.66328,0.37639,0.70312,0.44167,0.71250,0.37639,0.69531,0.36944,0.67969,0.38056,0.71797,0.46250,0.73281,0.39583,0.71484,0.39028,0.69922,0.40417,0.73047,0.49444,0.74062,0.44306,0.72500,0.43333,0.70937,0.44306,0.61342,0.83901,0.9997,0.74632,1.00000,0.9051,0.70955,0.62030,0.9978,0.72754,0.70083,0.67969,0.60833,106.47,0.9863,live,0.1039,0.0789,53.07,672.71
155893.312388,80.0,0.0760,3,1,1,0.66094,0.55417,0.63906,0.50000,0.63359,0.44028,0.63750,0.39722,0.64687,0.36944,0.66094,0.38750,0.66484,0.33472,0.64922,0.32361,0.63516,0.32778,0.67578,0.39167,0.68359,0.32917,0.66563,0.31806,0.64922,0.32778,0.69063,0.40694,0.70312,0.34306,0.68672,0.33056,0.67188,0.34167,0.70469,0.43194,0.71016,0.38056,0.69531,0.36944,0.68203,0.37778,0.60727,0.83711,0.9997,0.73924,0.99140,0.9019,0.68557,0.55921,0.9978,0.71422,0.67150,0.66094,0.55417,101.83,0.9904,live,0.1039,0.1204,80.08,665.31
155893.378421,80.0,0.1640,3,1,1,0.64844,0.51389,0.62422,0.46389,0.61719,0.40556,0.61953,0.36111,0.62969,0.33056,0.64453,0.35556,0.64766,0.30417,0.63281,0.28889,0.61797,0.29028,0.65859,0.35833,0.66563,0.29444,0.64766,0.28194,0.63047,0.28889,0.67188,0.36944,0.68281,0.30417,0.66563,0.29028,0.64922,0.29583,0.68437,0.39028,0.68984,0.33889,0.67578,0.32500,0.66016,0.32639,0.60625,0.83551,0.9997,0.73537,0.95468,0.9012,0.67234,0.52761,0.9979,0.70107,0.63998,0.64844,0.51389,95.96,0.9826,live,0.1149,0.1653,108.20,654.56
155893.445571,80.0,0.2535,3,1,1,0.63828,0.48889,0.61562,0.44167,0.60781,0.38056,0.60859,0.33611,0.61875,0.30417,0.63438,0.33333,0.63672,0.27917,0.62109,0.26528,0.60625,0.27083,0.64766,0.33472,0.65312,0.27083,0.63438,0.25972,0.61719,0.26944,0.66094,0.34444,0.67031,0.28194,0.65234,0.26667,0.63594,0.27500,0.67344,0.36389,0.67500,0.31667,0.66172,0.30000,0.64687,0.30000,0.60478,0.83469,0.9996,0.73015,0.94695,0.9003,0.66541,0.52180,0.9980,0.68851,0.60976,0.63828,0.48889,94.75,0.9858,live,0.1319,0.2094,134.91,644.24
155893.512710,80.0,0.3431,3,1,1,0.63438,0.47917,0.61016,0.43333,0.60234,0.37500,0.60469,0.32778,0.61406,0.29167,0.62734,0.32639,0.62891,0.27500,0.61484,0.25972,0.60078,0.26528,0.64062,0.32500,0.64687,0.26389,0.62969,0.24861,0.61250,0.25972,0.65391,0.33333,0.66250,0.27361,0.64531,0.25694,0.62813,0.26667,0.66641,0.35139,0.66797,0.30417,0.65469,0.28472,0.63906,0.28611,0.60326,0.82896,0.9996,0.72921,0.93669,0.8997,0.65846,0.50908,0.9980,0.67768,0.58364,0.63438,0.47917,93.88,0.9860,live,0.1527,0.2473,156.94,634.52
155893.578552,80.0,0.4308,3,1,1,0.63438,0.48194,0.60703,0.43472,0.60000,0.37778,0.60469,0.33056,0.61484,0.29306,0.62422,0.33194,0.62500,0.28056,0.61172,0.26389,0.59844,0.26667,0.63828,0.33056,0.64297,0.26944,0.62578,0.25417,0.60938,0.26389,0.65156,0.33750,0.65938,0.27639,0.64062,0.25972,0.62344,0.26944,0.66484,0.35278,0.66719,0.30556,0.65156,0.28750,0.63516,0.29028,0.60258,0.82815,0.9996,0.72738,0.93737,0.9001,0.65908,0.51114,0.9981,0.66902,0.56330,0.63438,0.48194,93.22,0.9880,live,0.1757,0.2802,175.28,625.50
155893.645251,80.0,0.5198,3,1,1,0.63359,0.49861,0.60781,0.45139,0.60156,0.38889,0.60703,0.34167,0.61641,0.30417,0.62578,0.34444,0.62656,0.29306,0.61094,0.27639,0.59766,0.27778,0.64062,0.34444,0.64609,0.28194,0.62734,0.26667,0.61094,0.27500,0.65391,0.35278,0.66250,0.29167,0.64297,0.27361,0.62578,0.28056,0.66641,0.37083,0.66875,0.32222,0.65391,0.30417,0.63750,0.30556,0.60221,0.82810,0.9995,0.72712,0.94331,0.8976,0.65799,0.51961,0.9981,0.66194,0.55036,0.63359,0.49861,94.83,0.9918,live,0.1951,0.2839,175.67,618.71
155893.712247,80.0,0.6091,3,1,1,0.63125,0.52639,0.60859,0.47917,0.60313,0.41806,0.60781,0.37222,0.61875,0.33472,0.62969,0.37083,0.63125,0.31667,0.61484,0.30000,0.60000,0.30139,0.64297,0.37083,0.64844,0.30556,0.62969,0.29028,0.61250,0.30000,0.65625,0.38194,0.66563,0.31528,0.64531,0.30278,0.62813,0.31389,0.66875,0.40139,0.67266,0.34722,0.65625,0.33194,0.64062,0.33472,0.60185,0.82800,0.9995,0.72724,0.94617,0.8987,0.65515,0.52234,0.9982,0.65580,0.54557,0.63125,0.52639,95.41,0.9910,live,0.2138,0.2990,183.36,613.16
155893.778495,80.0,0.6974,3,1,1,0.62891,0.57083,0.60781,0.52500,0.60313,0.46389,0.60781,0.41944,0.61875,0.38472,0.62969,0.41111,0.63203,0.35556,0.61328,0.34167,0.59688,0.34583,0.64297,0.41389,0.64766,0.34583,0.62578,0.33750,0.60781,0.35278,0.65547,0.42778,0.66641,0.35833,0.64531,0.35000,0.62813,0.36528,0.66797,0.45000,0.67266,0.39722,0.65625,0.38472,0.64141,0.39028,0.60361,0.82951,0.9995,0.72731,0.98808,0.8991,0.65342,0.55291,0.9982,0.65042,0.55062,0.62891,0.57083,96.55,0.9898,live,0.2261,0.2820,171.76,609.10
155893.845603,80.0,0.7869,3,1,1,0.62656,0.62639,0.60547,0.58889,0.59688,0.53056,0.59922,0.49028,0.60938,0.45833,0.62734,0.46944,0.62656,0.41528,0.60703,0.40972,0.59062,0.41806,0.64219,0.47500,0.64687,0.40694,0.62500,0.40278,0.60859,0.41944,0.65625,0.49306,0.66563,0.42222,0.64297,0.42361,0.62734,0.44306,0.66875,0.52083,0.67031,0.47083,0.65078,0.46667,0.63672,0.47917,0.60599,0.83094,0.9995,0.72710,1.00000,0.8989,0.65051,0.61184,0.9982,0.64565,0.56578,0.62656,0.62639,95.42,0.9965,live,0.2261,0.2087,126.20,604.71
155893.912824,80.0,0.8765,3,1,1,0.62422,0.68333,0.60469,0.65278,0.59375,0.60000,0.59688,0.56250,0.60781,0.53333,0.62500,0.53056,0.62109,0.47639,0.60156,0.48056,0.58672,0.49583,0.64141,0.53889,0.64609,0.46944,0.62500,0.47083,0.60938,0.49028,0.65703,0.56111,0.66641,0.49583,0.64297,0.50417,0.62656,0.52500,0.66953,0.59583,0.67031,0.55000,0.65078,0.55139,0.63594,0.56528,0.60699,0.83142,0.9995,0.72681,1.00000,0.8983,0.65097,0.68934,0.9982,0.64136,0.58929,0.62422,0.68333,93.95,0.9987,live,0.2161,0.1705,102.28,599.79
155893.979070,80.0,0.9649,3,1,1,0.62266,0.73333,0.60313,0.70278,0.59297,0.64861,0.59609,0.60972,0.60703,0.58333,0.62578,0.57639,0.62266,0.52222,0.60234,0.52639,0.58594,0.54306,0.64375,0.58750,0.64922,0.51806,0.62500,0.52083,0.60859,0.54306,0.65859,0.61250,0.66797,0.54583,0.64141,0.55694,0.62422,0.58194,0.67109,0.65000,0.67188,0.60278,0.64922,0.60972,0.63281,0.62917,0.61327,0.83749,0.9995,0.72651,1.00000,0.8987,0.64893,0.71722,0.9982,0.63762,0.61810,0.62266,0.73333,96.58,0.9991,live,0.2024,0.1398,83.48,597.36
155894.045739,80.0,0.0538,3,2,0,0.62422,0.76250,0.60391,0.72917,0.59219,0.67500,0.59609,0.63750,0.60938,0.60972,0.62266,0.60000,0.62031,0.54444,0.60078,0.54861,0.58672,0.56528,0.64141,0.60972,0.65000,0.54028,0.62734,0.54861,0.61172,0.57500,0.65703,0.63611,0.66875,0.57222,0.64297,0.58333,0.62656,0.60694,0.66953,0.67361,0.67188,0.62917,0.65000,0.63611,0.63359,0.65278,0.61311,0.84016,0.9995,0.72414,1.00000,0.8968,0.64755,0.74317,0.9981,0.63494,0.64698,0.62422,0.76250,98.91,0.9986,live,0.1934,0.1529,91.24,596.89
155894.112866,80.0,0.1433,3,2,0,0.62422,0.77778,0.60078,0.73750,0.58906,0.68333,0.59297,0.64722,0.60703,0.62222,0.62187,0.60972,0.61797,0.55556,0.59766,0.55972,0.58281,0.57778,0.64062,0.62083,0.64531,0.55278,0.62031,0.56111,0.60313,0.58472,0.65625,0.64722,0.66563,0.58472,0.63750,0.59722,0.61953,0.61944,0.66797,0.68611,0.66953,0.64167,0.64609,0.64861,0.62813,0.66528,0.61388,0.84076,0.9995,0.72067,1.00000,0.9013,0.64764,0.75894,0.9982,0.63280,0.67314,0.62422,0.77778,100.80,0.9984,live,0.1934,0.1721,102.89,597.84
155894.179476,80.0,0.2321,3,2,0,0.62422,0.78333,0.60078,0.74167,0.58828,0.68750,0.59219,0.65000,0.60781,0.62500,0.61953,0.61389,0.61484,0.55694,0.59531,0.56250,0.57969,0.58472,0.63750,0.62500,0.64219,0.55694,0.61719,0.56667,0.60078,0.59028,0.65312,0.65000,0.66172,0.58889,0.63516,0.60139,0.61719,0.62361,0.66484,0.68889,0.66484,0.64722,0.64219,0.65417,0.62500,0.67222,0.61405,0.84301,0.9995,0.71837,1.00000,0.9006,0.64777,0.78735,0.9981,0.63108,0.69518,0.62422,0.78333,100.56,0.9982,live,0.1934,0.1917,114.73,598.50
155894.245813,80.0,0.3205,3,2,0,0.62500,0.78194,0.60156,0.73889,0.58906,0.68472,0.59375,0.65139,0.61016,0.62917,0.62109,0.61250,0.61875,0.55417,0.59922,0.55972,0.58281,0.58056,0.63906,0.62361,0.64531,0.55417,0.61953,0.56111,0.60156,0.58333,0.65391,0.64861,0.66328,0.58472,0.63672,0.60000,0.61875,0.62361,0.66563,0.68472,0.66563,0.64444,0.64453,0.65000,0.62813,0.66528,0.61499,0.84299,0.9995,0.72778,1.00000,0.9006,0.64780,0.77884,0.9980,0.62986,0.71253,0.62500,0.78194,100.47,0.9982,live,0.1934,0.2082,124.71,599.02
155894.312939,80.0,0.4100,3,2,0,0.62500,0.77917,0.60156,0.73333,0.59062,0.67639,0.59922,0.64306,0.61797,0.62361,0.62500,0.60694,0.62266,0.55000,0.60156,0.55556,0.58516,0.57917,0.64219,0.61806,0.64766,0.55000,0.62109,0.55833,0.60313,0.58194,0.65625,0.64444,0.66563,0.58056,0.63828,0.59444,0.62109,0.61944,0.66719,0.68333,0.66719,0.64028,0.64531,0.64444,0.62969,0.65972,0.61493,0.84334,0.9995,0.72124,1.00000,0.9060,0.64630,0.77108,0.9982,0.62889,0.72586,0.62500,0.77917,101.69,0.9986,live,0.1934,0.2151,129.14,600.35
155894.379219,80.0,0.4984,3,2,0,0.63047,0.77917,0.60703,0.73472,0.59844,0.67222,0.60859,0.63472,0.62578,0.61250,0.63203,0.60556,0.62891,0.55000,0.60781,0.55417,0.59141,0.57361,0.64844,0.61667,0.65469,0.54861,0.62813,0.55278,0.61016,0.57500,0.66250,0.64167,0.67188,0.57917,0.64531,0.59167,0.62813,0.61528,0.67344,0.67917,0.67422,0.63750,0.65234,0.64028,0.63672,0.65417,0.61515,0.84182,0.9995,0.71913,1.00000,0.9075,0.64925,0.76886,0.9982,0.62921,0.73652,0.63047,0.77917,102.45,0.9987,live,0.1934,0.2073,124.79,602.08
155894.445899,80.0,0.5873,3,2,0,0.63828,0.78194,0.61406,0.73194,0.60703,0.66944,0.61953,0.63333,0.63828,0.61528,0.64062,0.60694,0.63906,0.55278,0.61875,0.55556,0.60156,0.57222,0.65781,0.61806,0.66563,0.55139,0.63984,0.55417,0.62109,0.57500,0.67109,0.64444,0.68203,0.58333,0.65547,0.59444,0.63828,0.61806,0.68203,0.68194,0.68359,0.63889,0.66172,0.64167,0.64609,0.65556,0.61510,0.84180,0.9995,0.71747,1.00000,0.9102,0.65586,0.77392,0.9982,0.63102,0.74560,0.63828,0.78194,103.38,0.9985,live,0.1934,0.1881,113.67,604.26
155894.512987,80.0,0.6768,3,2,0,0.65000,0.78611,0.62578,0.73333,0.61953,0.67083,0.63516,0.63611,0.65625,0.62222,0.65469,0.60833,0.65469,0.55417,0.63438,0.55556,0.61641,0.57222,0.67266,0.61944,0.68125,0.55556,0.65625,0.55694,0.63828,0.57639,0.68672,0.64583,0.69844,0.58611,0.67109,0.60000,0.65312,0.62500,0.69688,0.68472,0.70000,0.64028,0.67891,0.64306,0.66328,0.65694,0.61574,0.84171,0.9995,0.73282,1.00000,0.9110,0.66896,0.78596,0.9982,0.63482,0.75371,0.65000,0.78611,105.79,0.9975,live,0.1877,0.1617,98.28,607.92
155894.579300,80.0,0.7652,3,2,0,0.66641,0.78611,0.64609,0.73056,0.64062,0.66667,0.65703,0.63333,0.67891,0.62361,0.67734,0.60833,0.67969,0.55417,0.65859,0.55556,0.64141,0.57361,0.69453,0.62222,0.70469,0.55833,0.67891,0.55972,0.66016,0.57639,0.70781,0.64861,0.72266,0.58889,0.69609,0.59861,0.67812,0.61806,0.71953,0.68611,0.72656,0.64028,0.70625,0.64306,0.68984,0.65694,0.61666,0.84170,0.9996,0.73179,1.00000,0.9123,0.68203,0.79172,0.9982,0.64114,0.76019,0.66641,0.78611,107.24,0.9959,live,0.1783,0.1356,83.00,612.18
155894.645906,80.0,0.8540,3,2,0,0.68750,0.78056,0.66875,0.72222,0.66953,0.65694,0.68906,0.62639,0.71094,0.61667,0.70703,0.60556,0.71406,0.55278,0.69609,0.54861,0.67812,0.56111,0.72500,0.61944,0.73984,0.55694,0.71562,0.55417,0.69688,0.56944,0.73828,0.64722,0.76016,0.58750,0.73516,0.59306,0.71719,0.61528,0.74922,0.68611,0.76406,0.64028,0.74453,0.63750,0.72734,0.65000,0.61648,0.84306,0.9996,0.72266,1.00000,0.9065,0.70033,0.79284,0.9982,0.65041,0.76426,0.68750,0.78056,109.37,0.9959,live,0.1670,0.1152,71.16,617.47
155894.713239,80.0,0.9438,3,2,0,0.71094,0.77361,0.69297,0.71806,0.69688,0.65000,0.71953,0.62500,0.74219,0.62500,0.73750,0.60278,0.74922,0.55139,0.73203,0.54444,0.71562,0.55694,0.75625,0.61667,0.77891,0.55556,0.75547,0.55000,0.73516,0.56806,0.77031,0.64583,0.79531,0.59028,0.77031,0.58889,0.75156,0.60694,0.78125,0.68472,0.79922,0.64167,0.78125,0.63472,0.76328,0.64583,0.61622,0.84740,0.9996,0.72436,1.00000,0.9045,0.73377,0.77508,0.9981,0.66251,0.76613,0.71094,0.77361,111.60,0.9968,live,0.1562,0.1071,66.80,623.73
155894.779114,80.0,0.0316,3,3,0,0.73047,0.77361,0.71406,0.71250,0.72188,0.64444,0.74844,0.61806,0.77344,0.61389,0.75859,0.60278,0.77578,0.55000,0.76172,0.54444,0.74609,0.55694,0.77812,0.61806,0.80547,0.55694,0.78594,0.55139,0.76641,0.56806,0.79219,0.64722,0.82031,0.59306,0.79766,0.59167,0.77734,0.61111,0.80312,0.68611,0.82656,0.64583,0.81094,0.63611,0.79219,0.64444,0.61614,0.84641,0.9996,0.74468,1.00000,0.9030,0.75400,0.77823,0.9981,0.67611,0.76763,0.73047,0.77361,112.70,0.9957,live,0.1509,0.1267,79.83,630.02
155894.845982,80.0,0.1208,3,3,0,0.74062,0.77222,0.72578,0.71250,0.73516,0.64583,0.76328,0.61944,0.78906,0.61389,0.77187,0.60417,0.78750,0.55417,0.77812,0.54167,0.76484,0.55278,0.79063,0.61944,0.81953,0.55972,0.80469,0.54861,0.78594,0.56806,0.80469,0.64861,0.83516,0.59444,0.81719,0.58750,0.79766,0.60556,0.81484,0.68889,0.83750,0.64583,0.82500,0.63333,0.80781,0.64167,0.61666,0.84777,0.9996,0.75082,1.00000,0.9014,0.76308,0.78310,0.9981,0.68901,0.76855,0.74062,0.77222,112.30,0.9968,live,0.1509,0.1304,82.86,635.27
155894.913267,80.0,0.2105,3,3,0,0.74375,0.77222,0.72969,0.70972,0.73984,0.64583,0.76797,0.62083,0.79297,0.61250,0.77578,0.60556,0.79219,0.55972,0.78359,0.54583,0.76953,0.55417,0.79531,0.61944,0.82422,0.56111,0.81094,0.54722,0.79219,0.56250,0.80937,0.64722,0.84219,0.59583,0.82578,0.58889,0.80547,0.60694,0.81953,0.68750,0.84297,0.64722,0.83281,0.63472,0.81641,0.64167,0.61773,0.84771,0.9996,0.74217,1.00000,0.9020,0.77128,0.77885,0.9981,0.69996,0.76928,0.74375,0.77222,112.76,0.9967,live,0.1509,0.1462,93.58,640.22
155894.979611,80.0,0.2989,3,3,0,0.74687,0.76944,0.73359,0.70833,0.74375,0.64444,0.77031,0.61944,0.79609,0.60972,0.77969,0.60556,0.79688,0.55972,0.78750,0.54583,0.77422,0.55417,0.79922,0.61944,0.82891,0.56111,0.81484,0.55000,0.79531,0.56667,0.81328,0.64722,0.84609,0.59722,0.82812,0.59167,0.80781,0.60972,0.82344,0.68750,0.84688,0.64861,0.83594,0.63472,0.81953,0.64167,0.61774,0.84770,0.9996,0.75445,1.00000,0.9015,0.77336,0.77925,0.9980,0.70934,0.76931,0.74687,0.76944,112.02,0.9964,live,0.1509,0.1579,101.69,644.05
155895.045955,80.0,0.3874,3,3,0,0.74844,0.77083,0.73359,0.70972,0.74375,0.64444,0.77109,0.61944,0.79766,0.61111,0.77969,0.60556,0.79688,0.55972,0.78750,0.54583,0.77422,0.55417,0.80000,0.61944,0.82969,0.56250,0.81484,0.55000,0.79531,0.56667,0.81406,0.64722,0.84688,0.59722,0.83047,0.59028,0.81094,0.60972,0.82422,0.68889,0.84766,0.64861,0.83750,0.63472,0.82031,0.64444,0.61827,0.84681,0.9996,0.74413,1.00000,0.9012,0.77354,0.78517,0.9981,0.71716,0.76962,0.74844,0.77083,112.32,0.9961,live,0.1509,0.1637,106.02,647.63
155895.113341,80.0,0.4772,3,3,0,0.74687,0.77361,0.73125,0.71528,0.74219,0.64722,0.76953,0.61944,0.79375,0.60972,0.77812,0.60556,0.79375,0.55972,0.78516,0.54444,0.77187,0.55139,0.79844,0.62083,0.82812,0.56250,0.81328,0.55139,0.79297,0.56944,0.81250,0.64861,0.84531,0.59861,0.82891,0.58889,0.80937,0.60833,0.82266,0.69028,0.84688,0.65000,0.83594,0.63611,0.81875,0.64583,0.61827,0.84676,0.9996,0.74798,1.00000,0.9008,0.77426,0.78695,0.9981,0.72310,0.77042,0.74687,0.77361,113.32,0.9966,live,0.1509,0.1614,105.18,651.50
155895.179228,80.0,0.5651,3,3,0,0.74219,0.77361,0.72656,0.71250,0.73672,0.64583,0.76328,0.61944,0.78906,0.61250,0.77344,0.60417,0.79063,0.55417,0.77891,0.54306,0.76484,0.55417,0.79297,0.61944,0.82109,0.56111,0.80391,0.55278,0.78438,0.57222,0.80703,0.64861,0.83828,0.59722,0.82188,0.58750,0.80391,0.60556,0.81719,0.68889,0.84062,0.64861,0.82812,0.63333,0.81016,0.64028,0.61666,0.84509,0.9996,0.75179,1.00000,0.8974,0.77267,0.79006,0.9979,0.72692,0.77106,0.74219,0.77361,113.39,0.9938,live,0.1509,0.1681,110.08,654.97
155895.246364,80.0,0.6546,3,3,0,0.73125,0.76806,0.71719,0.70694,0.72422,0.64167,0.74687,0.61389,0.77031,0.60139,0.76094,0.59722,0.77578,0.54306,0.76016,0.53889,0.74453,0.55556,0.77891,0.61389,0.80547,0.55139,0.78359,0.54583,0.76328,0.56528,0.79297,0.64028,0.82266,0.58472,0.80156,0.57778,0.78281,0.59444,0.80391,0.67917,0.82656,0.63611,0.81250,0.62222,0.79531,0.63056,0.61722,0.84541,0.9996,0.75778,1.00000,0.8947,0.77200,0.78534,0.9979,0.72779,0.77046,0.73125,0.76806,112.24,0.9918,live,0.1509,0.1272,83.62,657.18
155895.313496,80.0,0.7441,3,3,0,0.71250,0.75556,0.69766,0.69444,0.70391,0.63056,0.72656,0.60139,0.74766,0.58750,0.74219,0.58472,0.75391,0.53333,0.73672,0.52500,0.72109,0.53611,0.75938,0.59861,0.78281,0.53611,0.75938,0.52917,0.73984,0.54444,0.77344,0.62500,0.80000,0.56806,0.77812,0.56250,0.76016,0.58194,0.78438,0.66250,0.80469,0.61806,0.78750,0.60694,0.76953,0.61806,0.61722,0.84551,0.9996,0.73662,1.00000,0.8902,0.74844,0.77666,0.9979,0.72473,0.76748,0.71250,0.75556,112.07,0.9940,live,0.1418,0.1005,66.20,659.01
155895.379537,80.0,0.8322,3,3,0,0.69609,0.73472,0.68047,0.67222,0.68359,0.60833,0.70312,0.57361,0.72344,0.55278,0.71875,0.56111,0.72578,0.50694,0.70625,0.50139,0.69063,0.51250,0.73516,0.57361,0.75234,0.50556,0.72969,0.49722,0.71094,0.51250,0.74844,0.59861,0.77266,0.53611,0.75078,0.53194,0.73281,0.55139,0.75938,0.63611,0.77500,0.58889,0.75703,0.57778,0.73984,0.58611,0.61706,0.83976,0.9996,0.74471,1.00000,0.8851,0.72741,0.74888,0.9980,0.71900,0.76092,0.69609,0.73472,109.33,0.9954,live,0.1300,0.0762,50.17,658.65
155895.446391,80.0,0.9213,3,3,0,0.68047,0.69306,0.66172,0.63472,0.66250,0.57083,0.67734,0.53194,0.69219,0.50417,0.69844,0.51944,0.70312,0.45972,0.68281,0.45556,0.66563,0.46667,0.71406,0.53056,0.72578,0.45833,0.70234,0.45278,0.68359,0.46944,0.72734,0.55556,0.74609,0.48611,0.72422,0.48611,0.70703,0.50694,0.73828,0.59028,0.75000,0.53611,0.73203,0.52917,0.71484,0.54167,0.61764,0.83986,0.9996,0.74124,1.00000,0.8874,0.70073,0.71528,0.9980,0.71130,0.74735,0.68047,0.69306,107.13,0.9959,live,0.1174,0.0601,39.50,656.74
155895.513491,80.0,0.0108,3,1,1,0.66797,0.64583,0.64844,0.58889,0.64453,0.52778,0.65469,0.48750,0.66953,0.46111,0.67734,0.47361,0.68125,0.41806,0.66250,0.40972,0.64687,0.41667,0.69297,0.48194,0.70469,0.41250,0.68281,0.40556,0.66484,0.41944,0.70703,0.50278,0.72578,0.43333,0.70469,0.42778,0.68828,0.44306,0.71875,0.53333,0.72813,0.47917,0.71172,0.46806,0.69766,0.47639,0.61644,0.83831,0.9996,0.74023,1.00000,0.8878,0.69355,0.67822,0.9980,0.70263,0.72705,0.66797,0.64583,104.74,0.9925,live,0.1087,0.0691,45.18,653.34
155895.579904,80.0,0.0993,3,1,1,0.65781,0.59861,0.63594,0.54583,0.63047,0.48472,0.63594,0.44167,0.64922,0.41250,0.66250,0.42778,0.66875,0.36944,0.65000,0.36111,0.63438,0.36944,0.67734,0.43333,0.68828,0.36389,0.66719,0.35278,0.65078,0.36528,0.69063,0.45000,0.70547,0.38333,0.68672,0.36806,0.67109,0.37778,0.70391,0.47778,0.71172,0.42361,0.69609,0.40972,0.68125,0.41528,0.61342,0.83796,0.9996,0.73964,1.00000,0.8926,0.68260,0.60974,0.9981,0.69367,0.70136,0.65781,0.59861,103.48,0.9887,live,0.1087,0.1024,66.52,649.45
155895.646376,80.0,0.1879,3,1,1,0.65312,0.56250,0.62969,0.50972,0.62422,0.44583,0.62969,0.40139,0.64219,0.36806,0.65391,0.38889,0.65469,0.33611,0.63828,0.32361,0.62266,0.32917,0.66875,0.39306,0.67656,0.32778,0.65625,0.31528,0.63828,0.32361,0.68203,0.40694,0.69531,0.34167,0.67656,0.32639,0.65938,0.33333,0.69375,0.43194,0.70156,0.37778,0.68750,0.36111,0.67109,0.36389,0.61097,0.83715,0.9996,0.73836,0.99414,0.8950,0.67800,0.56524,0.9981,0.68556,0.67359,0.65312,0.56250,103.93,0.9906,live,0.1138,0.1370,88.58,646.35
155895.713782,80.0,0.2778,3,1,1,0.65312,0.53611,0.62734,0.48194,0.62031,0.42222,0.62422,0.37500,0.63594,0.33889,0.64922,0.36806,0.65078,0.31528,0.63594,0.30000,0.62109,0.30139,0.66406,0.36806,0.67109,0.30278,0.65234,0.28889,0.63438,0.29444,0.67656,0.38056,0.68828,0.31528,0.67031,0.29861,0.65234,0.30556,0.68906,0.40139,0.69766,0.34722,0.68281,0.33056,0.66641,0.33194,0.60902,0.83310,0.9996,0.73778,0.97100,0.8958,0.67532,0.54780,0.9981,0.67907,0.64609,0.65312,0.53611,101.66,0.9878,live,0.1240,0.1705,109.47,641.98
155895.779938,80.0,0.3660,3,1,1,0.65234,0.52083,0.62734,0.46667,0.62109,0.40833,0.62422,0.35972,0.63516,0.31944,0.64766,0.35417,0.64766,0.30556,0.63438,0.28889,0.62031,0.29028,0.66250,0.35278,0.66797,0.29167,0.65156,0.27361,0.63438,0.27778,0.67500,0.36389,0.68594,0.30139,0.66953,0.28333,0.65156,0.28889,0.68750,0.38472,0.69375,0.33333,0.68047,0.31528,0.66484,0.31528,0.60433,0.83240,0.9996,0.73494,0.95375,0.8977,0.67401,0.53606,0.9982,0.67373,0.62104,0.65234,0.52083,101.31,0.9897,live,0.1378,0.2005,127.91,637.88
155895.846287,80.0,0.4545,3,1,1,0.65078,0.51528,0.62656,0.46528,0.62031,0.40417,0.62344,0.35556,0.63359,0.31667,0.64609,0.35278,0.64687,0.30139,0.63281,0.28611,0.61875,0.28889,0.66016,0.35139,0.66484,0.29028,0.64922,0.27361,0.63125,0.28194,0.67344,0.36111,0.68359,0.29861,0.66719,0.27917,0.64922,0.28611,0.68672,0.38056,0.69219,0.33056,0.68047,0.31111,0.66484,0.31250,0.60287,0.82724,0.9996,0.73498,0.94829,0.9008,0.67414,0.53005,0.9982,0.66914,0.59989,0.65078,0.51528,99.71,0.9873,live,0.1539,0.2273,143.94,633.13
155895.913466,80.0,0.5441,3,1,1,0.65156,0.52083,0.62734,0.47222,0.62031,0.40972,0.62344,0.36111,0.63516,0.32639,0.64687,0.36250,0.64687,0.31389,0.63281,0.29583,0.61875,0.29583,0.66172,0.36250,0.66641,0.30139,0.64922,0.28333,0.63125,0.28750,0.67578,0.37083,0.68516,0.30833,0.66719,0.28750,0.64844,0.29167,0.68906,0.39028,0.69375,0.33889,0.67969,0.32083,0.66250,0.32083,0.60300,0.82723,0.9996,0.73407,0.95721,0.9031,0.67372,0.53322,0.9982,0.66562,0.58408,0.65156,0.52083,98.01,0.9867,live,0.1699,0.2424,152.18,627.72
155895.980015,80.0,0.6328,3,1,1,0.65156,0.54028,0.62656,0.49306,0.61953,0.42917,0.62109,0.38194,0.63047,0.34444,0.64766,0.37917,0.64766,0.33056,0.63359,0.31389,0.61953,0.31389,0.66172,0.37917,0.66641,0.31806,0.64922,0.30000,0.63203,0.30556,0.67500,0.39028,0.68516,0.32639,0.66719,0.30833,0.64922,0.31528,0.68828,0.40972,0.69453,0.35833,0.68047,0.34028,0.66406,0.34306,0.60383,0.83058,0.9996,0.73413,0.95949,0.9056,0.67358,0.53860,0.9983,0.66281,0.57532,0.65156,0.54028,98.60,0.9898,live,0.1793,0.2222,138.54,623.38
155896.046676,80.0,0.7217,3,1,1,0.64844,0.56806,0.62578,0.52222,0.61875,0.46111,0.61953,0.41528,0.62891,0.37917,0.64687,0.40833,0.64844,0.35139,0.63125,0.33750,0.61719,0.34444,0.66094,0.40833,0.66563,0.34028,0.64609,0.32778,0.62969,0.33889,0.67500,0.42083,0.68594,0.35000,0.66641,0.33750,0.65000,0.34861,0.68828,0.44306,0.69375,0.38889,0.67891,0.37222,0.66328,0.37500,0.60387,0.83272,0.9996,0.73466,0.99637,0.9071,0.67164,0.55107,0.9984,0.65994,0.57387,0.64844,0.56806,98.29,0.9900,live,0.1793,0.1987,123.09,619.35
155896.113867,80.0,0.8113,3,1,1,0.64531,0.61250,0.62344,0.57083,0.61562,0.51111,0.61484,0.46806,0.62344,0.43333,0.64375,0.45417,0.64453,0.39444,0.62422,0.38611,0.60938,0.39861,0.65859,0.45556,0.66563,0.38056,0.64219,0.37500,0.62656,0.39583,0.67344,0.46944,0.68359,0.39444,0.66016,0.38750,0.64531,0.40417,0.68750,0.49444,0.69141,0.43611,0.67344,0.42639,0.65859,0.44028,0.60891,0.83507,0.9996,0.73872,1.00000,0.9051,0.67136,0.59571,0.9979,0.65701,0.58159,0.64531,0.61250,98.01,0.9909,live,0.1793,0.1675,103.09,615.60
155896.179704,80.0,0.8990,3,1,1,0.64219,0.65972,0.62266,0.62222,0.61250,0.56667,0.61094,0.52778,0.61875,0.49583,0.64297,0.50139,0.64062,0.44306,0.62031,0.44306,0.60547,0.45694,0.65781,0.50694,0.66328,0.43194,0.64062,0.43333,0.62578,0.45417,0.67344,0.52500,0.68281,0.45139,0.66094,0.45278,0.64609,0.47222,0.68750,0.55278,0.69141,0.49722,0.67344,0.49306,0.65859,0.50556,0.60873,0.83476,0.9996,0.73994,1.00000,0.9053,0.67143,0.64641,0.9980,0.65405,0.59722,0.64219,0.65972,97.54,0.9955,live,0.1793,0.1714,104.87,611.95
155896.246745,80.0,0.9884,3,1,1,0.64219,0.70417,0.62266,0.66667,0.61172,0.61250,0.60859,0.57500,0.61719,0.54167,0.64141,0.53889,0.63594,0.48333,0.61562,0.48611,0.60156,0.50278,0.65859,0.54722,0.66250,0.47222,0.63906,0.47639,0.62422,0.50000,0.67422,0.56806,0.68437,0.49722,0.66016,0.50278,0.64453,0.52361,0.68906,0.60000,0.69375,0.54583,0.67422,0.54306,0.65781,0.55833,0.60947,0.83512,0.9996,0.73850,1.00000,0.9060,0.66922,0.69048,0.9980,0.65167,0.61861,0.64219,0.70417,101.30,0.9978,live,0.1655,0.1026,62.72,611.45
155896.314368,80.0,0.0786,3,2,0,0.64531,0.72778,0.62344,0.68889,0.61172,0.63472,0.60859,0.59861,0.61797,0.56528,0.63984,0.56250,0.63594,0.50556,0.61484,0.50694,0.60078,0.52361,0.65781,0.56944,0.66328,0.49306,0.63906,0.50000,0.62422,0.52500,0.67500,0.59028,0.68516,0.51806,0.65938,0.52778,0.64375,0.55278,0.68906,0.62500,0.69453,0.57083,0.67344,0.57083,0.65781,0.58750,0.60913,0.84202,0.9996,0.73789,1.00000,0.9070,0.66856,0.71822,0.9981,0.65040,0.64044,0.64531,0.72778,101.14,0.9970,live,0.1523,0.0924,56.47,610.90
155896.380387,80.0,0.1666,3,2,0,0.64531,0.73472,0.62266,0.69306,0.61094,0.64028,0.60781,0.60417,0.61641,0.57222,0.63906,0.56528,0.63516,0.50833,0.61484,0.51250,0.60000,0.53056,0.65781,0.57222,0.66094,0.49861,0.63594,0.50694,0.62031,0.53056,0.67344,0.59306,0.68516,0.52222,0.65938,0.53333,0.64297,0.55694,0.68828,0.62917,0.69375,0.57778,0.67344,0.57778,0.65703,0.59167,0.60839,0.83459,0.9996,0.73395,1.00000,0.9094,0.66624,0.72804,0.9982,0.64938,0.65930,0.64531,0.73472,103.04,0.9976,live,0.1445,0.1087,66.51,611.78
155896.446961,80.0,0.2554,3,2,0,0.64453,0.73333,0.62187,0.69167,0.60938,0.63889,0.60703,0.60139,0.61562,0.56944,0.63828,0.56389,0.63516,0.50694,0.61484,0.50972,0.59922,0.52778,0.65625,0.57083,0.66172,0.49722,0.63672,0.50417,0.62109,0.52639,0.67188,0.59306,0.68359,0.52500,0.65859,0.53333,0.64219,0.55556,0.68594,0.62917,0.69141,0.57639,0.67031,0.57778,0.65469,0.59306,0.61043,0.83574,0.9996,0.73466,1.00000,0.9089,0.66602,0.73384,0.9981,0.64841,0.67410,0.64453,0.73333,102.27,0.9980,live,0.1445,0.1233,75.46,612.00
155896.513968,80.0,0.3447,3,2,0,0.64375,0.73194,0.62109,0.69167,0.60938,0.63889,0.60625,0.60139,0.61406,0.56944,0.63750,0.56389,0.63359,0.50556,0.61328,0.50833,0.59766,0.52639,0.65469,0.57083,0.65938,0.49722,0.63438,0.50417,0.61797,0.52639,0.67109,0.59167,0.68203,0.52222,0.65625,0.53194,0.63984,0.55556,0.68516,0.62639,0.68906,0.57361,0.66797,0.57500,0.65234,0.59028,0.61043,0.83563,0.9997,0.73432,1.00000,0.9149,0.66604,0.73551,0.9983,0.64748,0.68567,0.64375,0.73194,101.64,0.9978,live,0.1445,0.1354,82.86,611.74
155896.580239,80.0,0.4331,3,2,0,0.64375,0.73333,0.62031,0.69306,0.60859,0.64028,0.60547,0.60278,0.61328,0.57083,0.63594,0.56667,0.63203,0.50833,0.61172,0.51111,0.59688,0.52917,0.65391,0.57361,0.65781,0.49861,0.63281,0.50694,0.61719,0.52917,0.66953,0.59444,0.68047,0.52361,0.65547,0.53333,0.63906,0.55694,0.68359,0.62778,0.68750,0.57639,0.66719,0.57639,0.65156,0.59028,0.61131,0.83572,0.9997,0.73437,1.00000,0.9198,0.66433,0.73339,0.9984,0.64673,0.69520,0.64375,0.73333,100.72,0.9977,live,0.1445,0.1457,88.98,610.85
155896.646998,80.0,0.5221,3,2,0,0.64375,0.73611,0.62109,0.69583,0.60859,0.64444,0.60703,0.60972,0.61406,0.57500,0.63672,0.57083,0.63203,0.51250,0.61172,0.51806,0.59766,0.53750,0.65391,0.57778,0.65625,0.50278,0.63203,0.51250,0.61797,0.53611,0.67031,0.59722,0.67969,0.52639,0.65547,0.53750,0.63906,0.56250,0.68437,0.63194,0.68828,0.58056,0.66797,0.58056,0.65234,0.59583,0.61124,0.83964,0.9997,0.73391,1.00000,0.9211,0.66434,0.73655,0.9984,0.64614,0.70339,0.64375,0.73611,100.14,0.9974,live,0.1445,0.1456,88.79,609.65
155896.714140,80.0,0.6116,3,2,0,0.64844,0.74444,0.62500,0.70417,0.61250,0.65139,0.60859,0.61389,0.61797,0.58472,0.64062,0.57917,0.63672,0.52222,0.61562,0.52639,0.60078,0.54306,0.65781,0.58611,0.66172,0.50972,0.63750,0.51806,0.62187,0.54167,0.67422,0.60694,0.68359,0.53472,0.65859,0.54583,0.64297,0.56944,0.68906,0.64028,0.69219,0.58750,0.67188,0.58889,0.65625,0.60417,0.61130,0.83987,0.9997,0.73334,1.00000,0.9252,0.66528,0.73932,0.9985,0.64660,0.71160,0.64844,0.74444,100.33,0.9969,live,0.1445,0.1363,82.97,608.73
155896.780291,80.0,0.6998,3,2,0,0.65938,0.75278,0.63594,0.71111,0.62344,0.65972,0.62266,0.62083,0.63203,0.59444,0.65312,0.58472,0.65234,0.52917,0.63125,0.53333,0.61641,0.55000,0.67031,0.59306,0.67812,0.51806,0.65391,0.52639,0.63984,0.54861,0.68594,0.61250,0.69688,0.54306,0.67266,0.55556,0.65781,0.57917,0.70078,0.64444,0.70703,0.59306,0.68672,0.59444,0.67266,0.60972,0.61143,0.83984,0.9997,0.73176,1.00000,0.9290,0.67042,0.74933,0.9986,0.64915,0.71983,0.65938,0.75278,101.51,0.9950,live,0.1445,0.1203,73.23,608.77
155896.847026,80.0,0.7888,3,2,0,0.67891,0.76111,0.65781,0.71250,0.64844,0.65417,0.65234,0.61528,0.66719,0.59444,0.68203,0.58611,0.68594,0.52917,0.66719,0.53194,0.65078,0.55000,0.70000,0.59583,0.71016,0.52778,0.68750,0.53194,0.67031,0.55278,0.71562,0.62083,0.73125,0.55556,0.70937,0.56111,0.69297,0.58194,0.73125,0.65556,0.74062,0.60417,0.72344,0.60556,0.70859,0.62083,0.61200,0.83966,0.9997,0.74385,1.00000,0.9318,0.68558,0.75512,0.9987,0.65510,0.72809,0.67891,0.76111,107.46,0.9946,live,0.1373,0.1046,64.14,613.09
155896.914028,80.0,0.8781,3,2,0,0.70937,0.76806,0.68750,0.71806,0.67969,0.65972,0.68672,0.61944,0.70469,0.60139,0.71875,0.59167,0.72813,0.53750,0.71250,0.53333,0.69844,0.54861,0.73672,0.60278,0.75391,0.53472,0.73438,0.53333,0.71953,0.55417,0.75391,0.62639,0.77422,0.56250,0.75469,0.56528,0.73984,0.58889,0.76953,0.66111,0.78281,0.61250,0.76719,0.60972,0.75234,0.62778,0.61293,0.84230,0.9997,0.74551,1.00000,0.9278,0.71807,0.75775,0.9986,0.66596,0.73608,0.70937,0.76806,110.63,0.9913,live,0.1373,0.1185,73.39,619.17
155896.980485,80.0,0.9668,3,2,0,0.73359,0.76806,0.71406,0.71667,0.71328,0.65417,0.72656,0.61806,0.74531,0.60000,0.75078,0.59167,0.76328,0.53889,0.75000,0.53472,0.73672,0.55000,0.77031,0.60278,0.79141,0.53750,0.77266,0.53750,0.75547,0.56111,0.78750,0.62778,0.81328,0.56528,0.79531,0.56667,0.78047,0.58889,0.80234,0.66528,0.82188,0.61667,0.80859,0.60972,0.79297,0.62361,0.61554,0.84229,0.9997,0.76777,1.00000,0.9278,0.75489,0.77464,0.9985,0.67949,0.74248,0.73359,0.76806,114.12,0.9940,live,0.1313,0.1039,65.16,627.03
155897.047225,80.0,0.0557,3,3,0,0.75313,0.76528,0.73516,0.71250,0.73594,0.65139,0.75391,0.61389,0.77500,0.59306,0.77266,0.59306,0.78516,0.54444,0.77578,0.53333,0.76406,0.54722,0.79297,0.60417,0.81641,0.53889,0.80234,0.53333,0.78516,0.55833,0.80937,0.62917,0.83672,0.57083,0.82188,0.56528,0.80703,0.59028,0.82344,0.66806,0.84531,0.61944,0.83437,0.60972,0.81797,0.62500,0.61720,0.84228,0.9997,0.77842,1.00000,0.9271,0.77481,0.78583,0.9985,0.69421,0.74704,0.75313,0.76528,112.93,0.9956,live,0.1313,0.1197,75.76,633.10
155897.114382,80.0,0.1453,3,3,0,0.76406,0.76111,0.74766,0.70694,0.75000,0.64722,0.76875,0.61250,0.79063,0.59028,0.78438,0.58750,0.79688,0.53889,0.79297,0.52639,0.78516,0.54583,0.80703,0.59861,0.83125,0.53750,0.82344,0.52917,0.80859,0.55556,0.82422,0.62500,0.85156,0.57083,0.84141,0.56250,0.82656,0.58750,0.83750,0.66389,0.86016,0.62083,0.85391,0.60694,0.83906,0.61806,0.61756,0.84304,0.9997,0.78328,1.00000,0.9254,0.78880,0.78506,0.9983,0.70818,0.74985,0.76406,0.76111,115.40,0.9957,live,0.1313,0.1384,88.63,640.22
155897.180573,80.0,0.2335,3,3,0,0.76953,0.75972,0.75391,0.70694,0.75781,0.64861,0.77734,0.61250,0.80078,0.59028,0.79375,0.58889,0.80703,0.54028,0.80312,0.52639,0.79375,0.54444,0.81563,0.60000,0.83906,0.53750,0.83125,0.53056,0.81719,0.55833,0.83203,0.62639,0.86094,0.57083,0.85156,0.56250,0.83750,0.58611,0.84531,0.66667,0.86719,0.62361,0.86172,0.60833,0.84844,0.61944,0.61867,0.84279,0.9997,0.78760,1.00000,0.9241,0.79700,0.78368,0.9983,0.72045,0.75183,0.76953,0.75972,115.14,0.9946,live,0.1359,0.1568,101.32,646.29
155897.247040,80.0,0.3222,3,3,0,0.77266,0.75833,0.75703,0.70556,0.76250,0.64444,0.78203,0.60972,0.80469,0.58611,0.79688,0.59028,0.81172,0.54306,0.80781,0.52639,0.79766,0.54028,0.81797,0.60278,0.84375,0.54028,0.83750,0.52778,0.82266,0.55139,0.83437,0.62917,0.86484,0.57361,0.85625,0.56250,0.84141,0.58611,0.84688,0.66667,0.87031,0.62222,0.86328,0.60556,0.84844,0.61806,0.62024,0.84256,0.9997,0.79383,1.00000,0.9254,0.79863,0.78032,0.9983,0.73089,0.75313,0.77266,0.75833,112.77,0.9936,live,0.1424,0.1723,111.97,649.93
155897.314812,80.0,0.4125,3,3,0,0.77187,0.75972,0.75703,0.70694,0.76328,0.64583,0.78203,0.60833,0.80391,0.57917,0.79609,0.58889,0.80859,0.54306,0.80469,0.52778,0.79531,0.53889,0.81797,0.60139,0.84219,0.54028,0.83437,0.53056,0.81953,0.55278,0.83437,0.62778,0.86406,0.57083,0.85391,0.56111,0.83906,0.58472,0.84766,0.66667,0.86875,0.62083,0.86172,0.60556,0.84688,0.61667,0.62039,0.84223,0.9997,0.79183,1.00000,0.9251,0.79970,0.77985,0.9982,0.73909,0.75445,0.77187,0.75972,114.91,0.9941,live,0.1492,0.1799,117.79,654.68
155897.380951,80.0,0.5007,3,3,0,0.77031,0.75833,0.75469,0.70556,0.75859,0.64444,0.77734,0.60833,0.79922,0.58333,0.79375,0.58750,0.80547,0.54028,0.80078,0.52778,0.79141,0.54167,0.81563,0.60000,0.83906,0.53750,0.82969,0.53056,0.81484,0.55417,0.83203,0.62500,0.86094,0.56944,0.85000,0.56111,0.83516,0.58472,0.84453,0.66389,0.86562,0.62083,0.85859,0.60556,0.84375,0.61667,0.62339,0.84240,0.9997,0.79261,1.00000,0.9227,0.79743,0.77953,0.9981,0.74533,0.75522,0.77031,0.75833,114.12,0.9950,live,0.1544,0.1779,117.14,658.29
155897.447117,80.0,0.5889,3,3,0,0.76484,0.75556,0.74844,0.70278,0.75156,0.64167,0.77031,0.60694,0.79141,0.57917,0.78828,0.58611,0.80156,0.53611,0.79531,0.52361,0.78359,0.53889,0.80937,0.59722,0.83281,0.53472,0.82188,0.52917,0.80547,0.55417,0.82578,0.62361,0.85391,0.56667,0.84297,0.55694,0.82656,0.58056,0.83828,0.66111,0.85938,0.61667,0.85156,0.60278,0.83672,0.61389,0.62340,0.84240,0.9997,0.78679,1.00000,0.9217,0.79560,0.78058,0.9981,0.74924,0.75529,0.76484,0.75556,113.21,0.9941,live,0.1544,0.1627,107.49,660.80
155897.514227,80.0,0.6784,3,3,0,0.75469,0.74583,0.73828,0.69583,0.74062,0.63472,0.75625,0.59861,0.77734,0.57639,0.77734,0.57778,0.78906,0.52778,0.77969,0.51528,0.76719,0.53194,0.79766,0.58889,0.82031,0.52500,0.80625,0.51806,0.78984,0.54444,0.81328,0.61389,0.83984,0.55556,0.82656,0.54583,0.81094,0.56806,0.82578,0.65139,0.84688,0.60694,0.83750,0.59306,0.82266,0.60556,0.62292,0.83939,0.9997,0.78018,1.00000,0.9203,0.79465,0.77873,0.9981,0.75033,0.75340,0.75469,0.74583,111.32,0.9934,live,0.1544,0.1378,91.14,661.66
155897.580786,80.0,0.7672,3,3,0,0.73672,0.72639,0.72188,0.67222,0.72109,0.61389,0.73516,0.57778,0.75234,0.55139,0.75859,0.55417,0.76797,0.50556,0.75703,0.49583,0.74453,0.50972,0.77734,0.56528,0.79609,0.50139,0.78203,0.49583,0.76641,0.51806,0.79297,0.58889,0.81797,0.52917,0.80391,0.52083,0.78906,0.54167,0.80703,0.62639,0.82500,0.57917,0.81484,0.56528,0.80000,0.57500,0.62217,0.84006,0.9997,0.77917,1.00000,0.9197,0.77940,0.75159,0.9981,0.74760,0.74800,0.73672,0.72639,112.60,0.9943,live,0.1461,0.1086,72.07,663.33
155897.647078,80.0,0.8555,3,3,0,0.72109,0.69306,0.70156,0.64028,0.69922,0.58056,0.71094,0.53889,0.72656,0.52083,0.73281,0.51667,0.73906,0.46389,0.72422,0.45833,0.71094,0.47222,0.75000,0.52500,0.76562,0.45833,0.75000,0.45139,0.73516,0.47083,0.76641,0.54722,0.78672,0.48194,0.77187,0.47917,0.75859,0.50278,0.78047,0.58056,0.79453,0.52778,0.78203,0.51806,0.76719,0.53194,0.62089,0.84007,0.9997,0.78063,1.00000,0.9177,0.75930,0.71793,0.9980,0.74230,0.73701,0.72109,0.69306,110.47,0.9938,live,0.1396,0.1101,73.02,663.27
155897.714678,80.0,0.9457,3,3,0,0.70234,0.64722,0.68047,0.59583,0.67578,0.53472,0.68359,0.49167,0.69688,0.47083,0.70625,0.46944,0.70859,0.41806,0.69375,0.41111,0.68125,0.42222,0.72344,0.47500,0.73438,0.40833,0.71875,0.40278,0.70469,0.42083,0.73906,0.49444,0.75469,0.42778,0.73906,0.42222,0.72578,0.44167,0.75313,0.52500,0.76250,0.47083,0.74922,0.45972,0.73672,0.47361,0.61919,0.84021,0.9997,0.76587,1.00000,0.9162,0.73588,0.68265,0.9981,0.73431,0.71905,0.70234,0.64722,109.13,0.9914,live,0.1271,0.0699,46.29,662.25
155897.780529,80.0,0.0335,3,1,1,0.68750,0.59583,0.66406,0.54583,0.65625,0.48611,0.65938,0.44167,0.67422,0.41389,0.68594,0.42083,0.69063,0.36389,0.67422,0.35278,0.66016,0.36111,0.70078,0.42639,0.71016,0.35833,0.69141,0.35000,0.67656,0.36667,0.71641,0.44306,0.72969,0.37361,0.71172,0.36389,0.69844,0.38056,0.73203,0.46944,0.73984,0.41389,0.72500,0.40278,0.71172,0.41528,0.61781,0.84056,0.9997,0.75354,1.00000,0.9175,0.71625,0.61888,0.9981,0.72495,0.69441,0.68750,0.59583,106.29,0.9883,live,0.1201,0.0882,58.17,659.31
155897.847489,80.0,0.1228,3,1,1,0.67656,0.55139,0.65234,0.50417,0.64375,0.44167,0.64531,0.39583,0.65781,0.36528,0.67031,0.38333,0.67500,0.32778,0.65938,0.31389,0.64453,0.31944,0.68594,0.38472,0.69375,0.31806,0.67578,0.30833,0.66094,0.32222,0.70156,0.39722,0.71250,0.33056,0.69609,0.31944,0.68125,0.33333,0.71562,0.41944,0.72188,0.36528,0.70859,0.35278,0.69531,0.36111,0.61407,0.83573,0.9997,0.74350,0.97342,0.9171,0.69770,0.56216,0.9982,0.71527,0.66580,0.67656,0.55139,103.19,0.9855,live,0.1201,0.1200,78.51,654.50
155897.914403,80.0,0.2120,3,1,1,0.66719,0.51806,0.64141,0.46806,0.63281,0.40694,0.63594,0.36111,0.64844,0.32500,0.65938,0.35278,0.66094,0.30139,0.64609,0.28611,0.63203,0.28611,0.67500,0.35278,0.67969,0.28889,0.66328,0.27639,0.64766,0.28333,0.68906,0.36250,0.69766,0.29722,0.68125,0.28472,0.66641,0.29583,0.70312,0.38194,0.70781,0.32778,0.69453,0.31389,0.68047,0.32222,0.61297,0.83577,0.9997,0.74280,0.94391,0.9179,0.69217,0.53358,0.9982,0.70565,0.63625,0.66719,0.51806,101.73,0.9882,live,0.1270,0.1587,103.03,649.20
155897.981067,80.0,0.3009,3,1,1,0.66094,0.49444,0.63438,0.44722,0.62500,0.38611,0.62734,0.33889,0.63984,0.30417,0.65000,0.33333,0.64922,0.28333,0.63594,0.26667,0.62266,0.26667,0.66484,0.33194,0.66797,0.26944,0.65234,0.25417,0.63594,0.26250,0.67891,0.34028,0.68594,0.27778,0.67031,0.26250,0.65469,0.27222,0.69219,0.35972,0.69766,0.30833,0.68516,0.28889,0.67031,0.29167,0.61250,0.83479,0.9997,0.74297,0.91339,0.9204,0.68290,0.51280,0.9983,0.69671,0.60789,0.66094,0.49444,99.03,0.9850,live,0.1396,0.1967,126.38,642.60
155898.047843,80.0,0.3899,3,1,1,0.66016,0.48333,0.63047,0.43194,0.62187,0.37639,0.62266,0.32778,0.63281,0.29028,0.64453,0.32500,0.64219,0.27917,0.63125,0.26250,0.61875,0.25972,0.65938,0.32083,0.66016,0.26250,0.64609,0.24722,0.62969,0.25278,0.67266,0.32639,0.67734,0.26944,0.66328,0.25000,0.64687,0.25694,0.68672,0.34306,0.68906,0.29722,0.67891,0.27778,0.66406,0.27500,0.61244,0.83462,0.9996,0.74313,0.90423,0.9222,0.68044,0.50275,0.9984,0.68940,0.58298,0.66016,0.48333,98.71,0.9860,live,0.1556,0.2284,145.39,636.56
155898.114573,80.0,0.4789,3,1,1,0.65703,0.47778,0.62891,0.43472,0.62031,0.37500,0.62187,0.32500,0.63125,0.28750,0.64219,0.32500,0.64062,0.27639,0.62891,0.25972,0.61641,0.25972,0.65625,0.32083,0.65781,0.26250,0.64375,0.24583,0.62734,0.25278,0.66953,0.32639,0.67500,0.26806,0.66094,0.24861,0.64453,0.25694,0.68359,0.34028,0.68516,0.29444,0.67500,0.27361,0.66016,0.27222,0.61213,0.83434,0.9996,0.74222,0.90134,0.9231,0.67540,0.50171,0.9984,0.68293,0.56194,0.65703,0.47778,95.86,0.9805,live,0.1726,0.2503,157.48,629.19
155898.181080,80.0,0.5675,3,1,1,0.65703,0.48333,0.62734,0.44028,0.61797,0.38056,0.62031,0.33056,0.63047,0.29306,0.64062,0.33056,0.63906,0.28056,0.62734,0.26389,0.61484,0.26806,0.65547,0.32639,0.65625,0.26944,0.64219,0.25417,0.62656,0.26111,0.66875,0.33333,0.67344,0.27500,0.65859,0.25556,0.64219,0.26250,0.68359,0.34722,0.68437,0.30000,0.67344,0.27778,0.65859,0.27500,0.61078,0.83242,0.9996,0.74255,0.90921,0.9235,0.67419,0.50439,0.9984,0.67775,0.54622,0.65703,0.48333,96.26,0.9860,live,0.1879,0.2573,160.31,622.99
155898.247771,80.0,0.6565,3,1,1,0.65547,0.50278,0.62813,0.46111,0.61875,0.39722,0.62031,0.34861,0.62969,0.31111,0.64297,0.34861,0.64141,0.30000,0.62734,0.28056,0.61406,0.27917,0.65703,0.34583,0.65938,0.28611,0.64219,0.26944,0.62500,0.27778,0.67109,0.35278,0.67734,0.29167,0.65781,0.27361,0.64062,0.28056,0.68516,0.36806,0.68828,0.31806,0.67344,0.30000,0.65781,0.30139,0.61026,0.83199,0.9996,0.74254,0.91338,0.9244,0.67442,0.50896,0.9984,0.67329,0.53753,0.65547,0.50278,96.28,0.9881,live,0.1984,0.2465,152.25,617.56
155898.314982,80.0,0.7461,3,1,1,0.65547,0.53056,0.62969,0.48750,0.61875,0.42917,0.61953,0.38056,0.62813,0.34444,0.64297,0.37639,0.64297,0.32361,0.62891,0.30694,0.61641,0.30833,0.65781,0.37361,0.65938,0.30972,0.64375,0.29583,0.62813,0.30278,0.67188,0.38194,0.67812,0.31667,0.66094,0.30278,0.64531,0.31250,0.68594,0.40000,0.68906,0.34722,0.67500,0.33056,0.66016,0.33194,0.61026,0.83298,0.9996,0.74265,0.93827,0.9257,0.67460,0.52087,0.9985,0.66973,0.53614,0.65547,0.53056,96.13,0.9892,live,0.1984,0.2189,134.10,612.66
155898.381067,80.0,0.8342,3,1,1,0.65547,0.57361,0.63047,0.53333,0.61875,0.47500,0.61719,0.42917,0.62578,0.39306,0.64375,0.41389,0.64297,0.35833,0.62578,0.34861,0.61094,0.35417,0.65781,0.41389,0.66016,0.34583,0.64062,0.34028,0.62578,0.35694,0.67188,0.42361,0.67969,0.35556,0.66094,0.34861,0.64687,0.36528,0.68672,0.44444,0.68984,0.39028,0.67500,0.37778,0.66094,0.38611,0.61034,0.83362,0.9996,0.74274,0.99167,0.9227,0.67318,0.55160,0.9984,0.66688,0.54363,0.65547,0.57361,97.87,0.9909,live,0.1984,0.1838,112.04,609.61
155898.447511,80.0,0.9228,3,1,1,0.65234,0.62222,0.62891,0.59028,0.61641,0.53472,0.61328,0.49306,0.62187,0.45833,0.64219,0.46528,0.64141,0.40833,0.62344,0.40417,0.61016,0.41806,0.65781,0.46806,0.66172,0.39306,0.64297,0.39444,0.62969,0.41806,0.67422,0.48194,0.68047,0.40972,0.66016,0.41389,0.64766,0.43611,0.68984,0.50417,0.69141,0.44861,0.67500,0.44583,0.66250,0.46389,0.61284,0.83645,0.9996,0.74550,1.00000,0.9236,0.67387,0.61060,0.9984,0.66397,0.55935,0.65234,0.62222,97.43,0.9955,live,0.1893,0.1478,89.68,606.61
155898.515012,80.0,0.0128,3,2,0,0.65234,0.67778,0.63047,0.65000,0.61562,0.59861,0.61172,0.55972,0.62109,0.52500,0.64062,0.52222,0.63438,0.46250,0.61641,0.46667,0.60469,0.48472,0.65781,0.52500,0.66016,0.44861,0.63984,0.45556,0.62813,0.48333,0.67578,0.54306,0.67969,0.47083,0.65781,0.48333,0.64609,0.51111,0.69297,0.57083,0.69141,0.51667,0.67266,0.51944,0.66094,0.54167,0.61311,0.83647,0.9996,0.76220,1.00000,0.9206,0.67425,0.67239,0.9984,0.66164,0.58303,0.65234,0.67778,97.93,0.9972,live,0.1756,0.1133,68.44,604.32
155898.581208,80.0,0.1011,3,2,0,0.65469,0.72639,0.63125,0.69722,0.61562,0.64722,0.61094,0.61111,0.61953,0.58056,0.63906,0.56250,0.63281,0.50278,0.61406,0.51389,0.60234,0.53889,0.65781,0.56806,0.66016,0.49028,0.63906,0.50556,0.62656,0.53750,0.67578,0.58611,0.68125,0.51389,0.65859,0.53333,0.64609,0.56528,0.69297,0.61528,0.69297,0.56528,0.67344,0.57222,0.66016,0.59306,0.61354,0.84213,0.9996,0.76054,1.00000,0.9219,0.67419,0.70896,0.9984,0.66025,0.61171,0.65469,0.72639,101.58,0.9979,live,0.1636,0.1091,65.97,604.95
155898.647612,80.0,0.1896,3,2,0,0.65547,0.75278,0.63047,0.71806,0.61562,0.66667,0.61016,0.62917,0.62109,0.60139,0.63984,0.58472,0.63516,0.52361,0.61562,0.53194,0.60234,0.55556,0.65859,0.59028,0.66094,0.51389,0.63828,0.53056,0.62500,0.55972,0.67734,0.60972,0.68359,0.53750,0.65938,0.55694,0.64531,0.58611,0.69453,0.64306,0.69531,0.58889,0.67500,0.59722,0.66016,0.61944,0.61361,0.84414,0.9996,0.75980,1.00000,0.9256,0.67403,0.73597,0.9985,0.65930,0.63992,0.65547,0.75278,103.71,0.9966,live,0.1591,0.1385,84.08,607.02
155898.715165,80.0,0.2797,3,2,0,0.65703,0.75833,0.63047,0.72083,0.61484,0.67222,0.60938,0.63611,0.61953,0.60694,0.63984,0.59028,0.63359,0.53056,0.61484,0.54028,0.60156,0.56250,0.65859,0.59444,0.65938,0.51806,0.63672,0.53611,0.62344,0.56667,0.67656,0.61389,0.68359,0.53889,0.65859,0.55972,0.64297,0.59028,0.69219,0.64583,0.69453,0.59306,0.67344,0.60000,0.65859,0.61944,0.61271,0.84437,0.9996,0.75518,1.00000,0.9299,0.67389,0.72888,0.9986,0.65884,0.66360,0.65703,0.75833,102.92,0.9963,live,0.1591,0.1560,94.91,608.28
155898.781186,80.0,0.3677,3,2,0,0.65625,0.75833,0.62969,0.72083,0.61406,0.67083,0.60938,0.63472,0.61875,0.60694,0.63906,0.59028,0.63359,0.52917,0.61406,0.53889,0.60078,0.56250,0.65781,0.59583,0.65859,0.51667,0.63516,0.53611,0.62187,0.56528,0.67578,0.61389,0.68203,0.54028,0.65703,0.56250,0.64219,0.59306,0.69141,0.64583,0.69297,0.59444,0.67266,0.60139,0.65781,0.62222,0.61325,0.84421,0.9996,0.74773,1.00000,0.9268,0.67379,0.73775,0.9986,0.65832,0.68255,0.65625,0.75833,102.67,0.9968,live,0.1591,0.1759,107.14,609.22
155898.847971,80.0,0.4567,3,2,0,0.65547,0.75972,0.62969,0.72083,0.61484,0.67083,0.61016,0.63472,0.61875,0.60694,0.63906,0.59167,0.63359,0.53056,0.61406,0.54028,0.60078,0.56250,0.65781,0.59583,0.65859,0.51806,0.63516,0.53750,0.62187,0.56667,0.67500,0.61389,0.68125,0.54028,0.65625,0.56250,0.64141,0.59306,0.69141,0.64583,0.69297,0.59444,0.67188,0.60278,0.65781,0.62222,0.61400,0.84651,0.9997,0.74927,1.00000,0.9276,0.67488,0.74546,0.9985,0.65775,0.69798,0.65547,0.75972,103.10,0.9965,live,0.1651,0.1926,117.53,610.34
155898.915298,80.0,0.5465,3,2,0,0.65781,0.76111,0.63203,0.72222,0.61719,0.67361,0.61250,0.63750,0.62031,0.60833,0.64219,0.59444,0.63594,0.53611,0.61641,0.54444,0.60313,0.56389,0.66016,0.60000,0.66094,0.52222,0.63828,0.54028,0.62578,0.56944,0.67734,0.61806,0.68281,0.54444,0.65938,0.56389,0.64453,0.59306,0.69375,0.65000,0.69531,0.59722,0.67500,0.60278,0.66016,0.62083,0.61367,0.84699,0.9997,0.74775,1.00000,0.9307,0.67512,0.74668,0.9986,0.65777,0.71061,0.65781,0.76111,101.79,0.9963,live,0.1710,0.1979,120.79,610.39
155898.981378,80.0,0.6346,3,2,0,0.66172,0.76389,0.63672,0.72778,0.62187,0.67778,0.61641,0.64306,0.62578,0.61389,0.64609,0.59861,0.64141,0.54167,0.62109,0.54861,0.60781,0.56806,0.66484,0.60417,0.66875,0.52639,0.64609,0.54583,0.63203,0.57361,0.68203,0.62361,0.68906,0.55139,0.66484,0.57083,0.65000,0.59861,0.69766,0.65694,0.70078,0.60278,0.68125,0.60833,0.66563,0.62500,0.61364,0.84708,0.9997,0.74700,1.00000,0.9308,0.67753,0.74656,0.9986,0.65856,0.72126,0.66172,0.76389,100.92,0.9960,live,0.1710,0.1916,116.85,609.80
155899.048348,80.0,0.7239,3,2,0,0.67031,0.77083,0.64531,0.73194,0.63125,0.68056,0.62969,0.64444,0.64141,0.62222,0.65781,0.60000,0.65547,0.54583,0.63594,0.55417,0.62187,0.57500,0.67656,0.60694,0.68281,0.53333,0.66016,0.55000,0.64766,0.57917,0.69453,0.62778,0.70234,0.55833,0.67969,0.57639,0.66563,0.60278,0.71094,0.65972,0.71484,0.60833,0.69531,0.61389,0.68203,0.63056,0.61364,0.85158,0.9997,0.76261,1.00000,0.9317,0.68489,0.76491,0.9985,0.66091,0.73118,0.67031,0.77083,104.54,0.9960,live,0.1710,0.1745,106.78,611.90
155899.115275,80.0,0.8131,3,2,0,0.68828,0.77500,0.66406,0.73056,0.65156,0.67639,0.65312,0.64028,0.66953,0.61944,0.68125,0.60139,0.68203,0.54444,0.66563,0.55139,0.65312,0.57222,0.70000,0.61111,0.70937,0.53889,0.68906,0.55139,0.67422,0.58056,0.71797,0.63333,0.73047,0.56806,0.70937,0.58194,0.69609,0.60833,0.73516,0.66667,0.74453,0.61528,0.72656,0.61944,0.71250,0.64028,0.61437,0.85110,0.9997,0.76571,1.00000,0.9341,0.69454,0.76936,0.9986,0.66638,0.73994,0.68828,0.77500,106.54,0.9937,live,0.1710,0.1512,92.99,615.18
155899.181620,80.0,0.9016,3,2,0,0.71328,0.78194,0.69063,0.73056,0.68359,0.67222,0.69141,0.63472,0.70781,0.61667,0.72109,0.60139,0.72813,0.55000,0.71250,0.54722,0.69844,0.56250,0.73984,0.61250,0.75391,0.54583,0.73281,0.55000,0.71719,0.57361,0.75625,0.63750,0.77422,0.57639,0.75313,0.58333,0.73828,0.60694,0.77187,0.67361,0.78438,0.62361,0.76797,0.62361,0.75313,0.64167,0.61497,0.84825,0.9997,0.75580,1.00000,0.9291,0.72447,0.77243,0.9985,0.67576,0.74834,0.71328,0.78194,112.12,0.9912,live,0.1638,0.1308,81.40,622.08
155899.248042,80.0,0.9902,3,2,0,0.73672,0.78472,0.71797,0.73194,0.71562,0.67083,0.72813,0.63472,0.74844,0.61944,0.75469,0.60556,0.76797,0.55139,0.75469,0.54861,0.74219,0.56667,0.77422,0.61944,0.79688,0.55139,0.77734,0.55278,0.76094,0.58056,0.79063,0.64583,0.81797,0.58472,0.79922,0.58611,0.78359,0.61111,0.80547,0.68472,0.82578,0.63750,0.81250,0.63056,0.79688,0.64583,0.61495,0.84765,0.9997,0.76299,1.00000,0.9284,0.75931,0.79023,0.9985,0.68795,0.75562,0.73672,0.78472,114.88,0.9938,live,0.1562,0.1217,76.70,630.14
155899.315510,80.0,0.0801,3,3,0,0.75625,0.78194,0.73984,0.73056,0.74141,0.66944,0.75938,0.63611,0.78359,0.62083,0.77891,0.60694,0.79375,0.55972,0.78594,0.55000,0.77500,0.56806,0.80000,0.62083,0.82656,0.55556,0.81250,0.55139,0.79531,0.58056,0.81719,0.64722,0.84609,0.59028,0.83203,0.58472,0.81563,0.60972,0.82969,0.68750,0.85234,0.64306,0.84297,0.63333,0.82656,0.64861,0.61548,0.84430,0.9997,0.76629,1.00000,0.9248,0.77695,0.79079,0.9983,0.70161,0.76088,0.75625,0.78194,115.31,0.9957,live,0.1506,0.1248,79.58,637.55
155899.381396,80.0,0.1680,3,3,0,0.76641,0.77917,0.75234,0.72083,0.75625,0.66389,0.77500,0.63056,0.79766,0.60833,0.79063,0.60417,0.80391,0.55694,0.80312,0.54306,0.79609,0.56111,0.81328,0.61806,0.83906,0.55694,0.83437,0.54861,0.82109,0.57222,0.83125,0.64583,0.85938,0.59306,0.85156,0.58472,0.83594,0.60972,0.84453,0.68472,0.86797,0.64583,0.86328,0.63056,0.84844,0.64167,0.61845,0.84446,0.9997,0.77103,1.00000,0.9232,0.78751,0.79130,0.9983,0.71457,0.76454,0.76641,0.77917,117.86,0.9939,live,0.1506,0.1348,87.10,645.90
155899.449803,80.0,0.2592,3,3,0,0.77187,0.77500,0.75703,0.72083,0.76250,0.66111,0.78438,0.62917,0.80859,0.61111,0.79844,0.60417,0.81250,0.55556,0.81094,0.54167,0.80156,0.56111,0.82031,0.61944,0.84609,0.55833,0.84062,0.54861,0.82656,0.57500,0.83672,0.64722,0.86719,0.59444,0.86016,0.58472,0.84453,0.60694,0.84922,0.68750,0.87344,0.64722,0.86953,0.63194,0.85547,0.64167,0.61935,0.84244,0.9997,0.77248,1.00000,0.9220,0.79798,0.79041,0.9983,0.72603,0.76663,0.77187,0.77500,115.36,0.9939,live,0.1506,0.1477,96.24,651.45
155899.515354,80.0,0.3466,3,3,0,0.77344,0.77639,0.75859,0.72222,0.76484,0.66389,0.78516,0.62917,0.80859,0.60278,0.80000,0.60694,0.81484,0.55972,0.81250,0.54444,0.80312,0.55972,0.82188,0.62222,0.84844,0.55972,0.84375,0.55000,0.82891,0.57361,0.83828,0.64861,0.86875,0.59722,0.86016,0.58611,0.84375,0.61111,0.85000,0.68889,0.87344,0.64722,0.86797,0.63194,0.85391,0.64444,0.62033,0.84284,0.9997,0.77340,1.00000,0.9199,0.79862,0.78984,0.9981,0.73551,0.76858,0.77344,0.77639,114.33,0.9925,live,0.1506,0.1590,104.23,655.60
155899.581604,80.0,0.4349,3,3,0,0.77344,0.77639,0.75859,0.72222,0.76484,0.66250,0.78516,0.62778,0.80781,0.60000,0.79844,0.60556,0.81172,0.55833,0.80937,0.54583,0.80078,0.56250,0.82031,0.62083,0.84609,0.55833,0.83906,0.55278,0.82500,0.57778,0.83750,0.64722,0.86641,0.59306,0.85859,0.58333,0.84297,0.60972,0.85000,0.68611,0.87187,0.64444,0.86719,0.62917,0.85234,0.64167,0.62107,0.84273,0.9997,0.77348,1.00000,0.9169,0.79595,0.78947,0.9980,0.74310,0.77014,0.77344,0.77639,114.90,0.9926,live,0.1506,0.1651,108.88,659.66
155899.648641,80.0,0.5243,3,3,0,0.77031,0.77500,0.75469,0.72083,0.76016,0.66111,0.78047,0.62639,0.80312,0.60139,0.79453,0.60278,0.80781,0.55417,0.80547,0.54306,0.79688,0.56111,0.81719,0.61667,0.84297,0.55694,0.83672,0.54861,0.82266,0.57361,0.83359,0.64444,0.86250,0.59167,0.85391,0.58333,0.83828,0.60694,0.84609,0.68472,0.86875,0.64444,0.86328,0.62917,0.84844,0.64167,0.62268,0.84265,0.9997,0.77544,1.00000,0.9167,0.79564,0.79304,0.9979,0.74854,0.77112,0.77031,0.77500,115.48,0.9916,live,0.1506,0.1620,107.53,663.65
155899.715292,80.0,0.6132,3,3,0,0.76328,0.76806,0.74844,0.71667,0.75234,0.65694,0.77109,0.62361,0.79375,0.60417,0.78906,0.60139,0.80234,0.55139,0.79688,0.53889,0.78594,0.55833,0.81094,0.61389,0.83594,0.55278,0.82500,0.54861,0.80781,0.57639,0.82734,0.64167,0.85547,0.58611,0.84375,0.57778,0.82734,0.60139,0.83984,0.68056,0.86094,0.63889,0.85313,0.62361,0.83828,0.63472,0.62269,0.84252,0.9997,0.77358,1.00000,0.9157,0.79403,0.79341,0.9978,0.75149,0.77050,0.76328,0.76806,113.52,0.9927,live,0.1506,0.1477,98.31,665.74
155899.781639,80.0,0.7016,3,3,0,0.75313,0.76250,0.73750,0.71111,0.74062,0.65000,0.75703,0.61528,0.77891,0.60000,0.77734,0.59306,0.79063,0.54306,0.78047,0.53194,0.76875,0.55139,0.79688,0.60556,0.82188,0.54306,0.80937,0.53750,0.79297,0.56528,0.81328,0.63194,0.84062,0.57639,0.82734,0.56667,0.81016,0.58889,0.82500,0.66944,0.84766,0.62639,0.83906,0.61250,0.82344,0.62500,0.62235,0.84169,0.9997,0.77270,1.00000,0.9131,0.78919,0.78794,0.9978,0.75182,0.76890,0.75313,0.76250,111.98,0.9925,live,0.1458,0.1238,82.50,666.48
155899.848486,80.0,0.7908,3,3,0,0.73750,0.75139,0.71953,0.69444,0.71953,0.63333,0.73516,0.60000,0.75234,0.57917,0.75703,0.57500,0.76797,0.52500,0.75703,0.51806,0.74453,0.53472,0.77578,0.58611,0.79609,0.52361,0.78125,0.51944,0.76484,0.54306,0.79219,0.61111,0.81719,0.55139,0.80312,0.54583,0.78672,0.56528,0.80547,0.64861,0.82344,0.60278,0.81328,0.59028,0.79844,0.59861,0.61858,0.84075,0.9997,0.74603,1.00000,0.9137,0.77697,0.76810,0.9978,0.74895,0.76540,0.73750,0.75139,113.48,0.9919,live,0.1369,0.0968,64.68,668.21
155899.915388,80.0,0.8800,3,3,0,0.71875,0.72083,0.70000,0.66667,0.69609,0.60833,0.70703,0.56806,0.72266,0.54861,0.73281,0.54583,0.74062,0.49444,0.72578,0.48889,0.71172,0.50000,0.75000,0.55556,0.76562,0.48750,0.75078,0.48472,0.73672,0.50278,0.76641,0.57778,0.78516,0.51250,0.76953,0.51528,0.75547,0.53611,0.78047,0.61250,0.79453,0.56111,0.78047,0.55556,0.76484,0.56806,0.61383,0.84476,0.9997,0.76770,1.00000,0.9160,0.74929,0.74786,0.9979,0.74291,0.75649,0.71875,0.72083,110.37,0.9926,live,0.1299,0.0976,65.12,667.48
155899.981523,80.0,0.9681,3,3,0,0.70000,0.67500,0.67891,0.62361,0.67422,0.56667,0.68125,0.52778,0.69297,0.50278,0.70625,0.50139,0.71016,0.45000,0.69609,0.44167,0.68359,0.45139,0.72344,0.50972,0.73750,0.44028,0.72031,0.43611,0.70625,0.45417,0.73906,0.52917,0.75625,0.46389,0.73828,0.46250,0.72500,0.48472,0.75234,0.56111,0.76328,0.50694,0.74766,0.50000,0.73359,0.51528,0.61272,0.84491,0.9997,0.75464,1.00000,0.9139,0.72205,0.70051,0.9978,0.73433,0.74019,0.70000,0.67500,106.72,0.9926,live,0.1173,0.0599,39.81,664.22
155900.048375,80.0,0.0573,3,1,1,0.68125,0.62361,0.66016,0.57083,0.65312,0.51389,0.65625,0.47222,0.66797,0.44583,0.68437,0.45000,0.68906,0.39861,0.67344,0.38611,0.65859,0.38889,0.70000,0.45694,0.71172,0.39028,0.69375,0.38194,0.67812,0.39444,0.71484,0.47500,0.73047,0.40833,0.71328,0.40139,0.69844,0.41667,0.72813,0.50278,0.73750,0.44861,0.72344,0.43889,0.70937,0.45000,0.61253,0.84169,0.9997,0.74442,1.00000,0.9075,0.70966,0.65952,0.9977,0.72371,0.71687,0.68125,0.62361,105.20,0.9884,live,0.1106,0.0804,53.10,660.26
155900.115813,80.0,0.1472,3,1,1,0.66719,0.57361,0.64297,0.52361,0.63359,0.46528,0.63594,0.42222,0.64844,0.39028,0.66563,0.40417,0.67188,0.35139,0.65547,0.33472,0.64062,0.33750,0.68125,0.40833,0.69141,0.34167,0.67344,0.33056,0.65781,0.34306,0.69609,0.42222,0.70859,0.35694,0.69141,0.34583,0.67656,0.35972,0.71016,0.44861,0.71797,0.39306,0.70391,0.38056,0.68906,0.39028,0.60924,0.83891,0.9997,0.73317,1.00000,0.9070,0.68703,0.58185,0.9977,0.71241,0.68822,0.66719,0.57361,103.30,0.9829,live,0.1106,0.1192,78.14,655.41
155900.181909,80.0,0.2353,3,1,1,0.65625,0.53889,0.63203,0.49028,0.62109,0.42917,0.62109,0.38333,0.63203,0.34861,0.65078,0.37500,0.65078,0.32778,0.63750,0.30694,0.62422,0.29861,0.66719,0.37500,0.67344,0.31111,0.65625,0.29583,0.63906,0.29861,0.68203,0.38611,0.69297,0.31944,0.67500,0.30833,0.65859,0.31806,0.69531,0.40833,0.70234,0.35417,0.68828,0.33750,0.67266,0.34028,0.60776,0.83710,0.9997,0.73277,0.97378,0.9038,0.67953,0.55466,0.9977,0.70118,0.65835,0.65625,0.53889,101.34,0.9861,live,0.1195,0.1599,103.89,649.72
155900.248507,80.0,0.3241,3,1,1,0.65234,0.51528,0.62500,0.46806,0.61328,0.40694,0.61172,0.35972,0.62031,0.32500,0.64297,0.35417,0.64141,0.30556,0.62813,0.28472,0.61484,0.27361,0.65938,0.35278,0.66406,0.28889,0.64609,0.27222,0.62891,0.27500,0.67344,0.36250,0.68203,0.29861,0.66328,0.28333,0.64609,0.29028,0.68672,0.38333,0.69219,0.32917,0.67734,0.31111,0.66094,0.31389,0.60561,0.83628,0.9996,0.73096,0.94525,0.9036,0.67212,0.53226,0.9977,0.69141,0.62974,0.65234,0.51528,99.62,0.9857,live,0.1337,0.1986,127.83,643.48
155900.316286,80.0,0.4145,3,1,1,0.64844,0.50139,0.62109,0.45694,0.60938,0.39722,0.60781,0.35000,0.61484,0.31389,0.63750,0.34444,0.63594,0.29722,0.62266,0.27639,0.61016,0.26528,0.65312,0.34167,0.65703,0.27778,0.64062,0.25972,0.62266,0.26389,0.66719,0.34861,0.67578,0.28611,0.65859,0.26944,0.63984,0.27500,0.68047,0.36806,0.68516,0.31944,0.67188,0.30000,0.65625,0.29861,0.60549,0.83451,0.9996,0.73085,0.93203,0.9018,0.66734,0.52307,0.9977,0.68282,0.60407,0.64844,0.50139,97.74,0.9778,live,0.1515,0.2324,147.94,636.64
155900.382435,80.0,0.5027,3,1,1,0.64766,0.49722,0.62031,0.45417,0.60859,0.39444,0.60703,0.34583,0.61328,0.30833,0.63594,0.34167,0.63438,0.29444,0.62187,0.27500,0.60859,0.26667,0.65156,0.33889,0.65625,0.27778,0.63984,0.25972,0.62109,0.26250,0.66563,0.34583,0.67422,0.28472,0.65703,0.26667,0.63828,0.26944,0.67891,0.36250,0.68281,0.31528,0.66953,0.29444,0.65312,0.29306,0.60553,0.83255,0.9996,0.73025,0.93590,0.8957,0.66437,0.51683,0.9976,0.67578,0.58270,0.64766,0.49722,97.26,0.9827,live,0.1703,0.2562,161.48,630.27
155900.448814,80.0,0.5912,3,1,1,0.64844,0.50139,0.62109,0.45972,0.61016,0.40000,0.60859,0.35278,0.61484,0.31528,0.63672,0.35000,0.63438,0.30278,0.62187,0.28194,0.60859,0.27361,0.65234,0.34722,0.65703,0.28611,0.64141,0.26667,0.62344,0.26944,0.66719,0.35417,0.67656,0.29167,0.65859,0.27361,0.64062,0.27917,0.68047,0.37083,0.68437,0.31806,0.66953,0.30000,0.65312,0.30139,0.60543,0.82700,0.9995,0.73033,0.93739,0.8975,0.66523,0.52238,0.9977,0.67031,0.56644,0.64844,0.50139,95.42,0.9851,live,0.1874,0.2654,165.41,623.34
155900.515689,80.0,0.6804,3,1,1,0.64922,0.52083,0.62266,0.47778,0.61172,0.41667,0.61016,0.37083,0.61641,0.33611,0.64062,0.36389,0.63828,0.31806,0.62422,0.29861,0.61094,0.29167,0.65547,0.36250,0.65859,0.30278,0.64141,0.28472,0.62422,0.28889,0.67031,0.37083,0.67734,0.30833,0.65938,0.29167,0.64219,0.29722,0.68359,0.39028,0.68750,0.33750,0.67266,0.32083,0.65625,0.32361,0.60517,0.82707,0.9995,0.72982,0.93998,0.8964,0.66647,0.52664,0.9977,0.66610,0.55732,0.64922,0.52083,97.45,0.9877,live,0.1997,0.2554,158.00,618.70
155900.582258,80.0,0.7691,3,1,1,0.64766,0.55278,0.62344,0.51250,0.61250,0.45278,0.61016,0.40833,0.61797,0.37361,0.64141,0.39861,0.64062,0.34722,0.62500,0.32917,0.61172,0.32917,0.65703,0.39722,0.66016,0.33194,0.64141,0.31944,0.62578,0.33056,0.67109,0.40694,0.67969,0.34028,0.66094,0.33194,0.64609,0.34722,0.68516,0.42639,0.68984,0.37222,0.67500,0.35972,0.66016,0.36806,0.60555,0.82819,0.9995,0.72995,0.96628,0.8967,0.66702,0.54735,0.9977,0.66241,0.55641,0.64766,0.55278,96.57,0.9843,live,0.2047,0.2275,139.66,613.98
155900.648606,80.0,0.8576,3,1,1,0.64609,0.59861,0.62344,0.56250,0.61328,0.50556,0.60938,0.46389,0.61719,0.42778,0.64297,0.44306,0.64297,0.38750,0.62500,0.37639,0.61094,0.38333,0.65859,0.44583,0.66641,0.37500,0.64531,0.36944,0.62891,0.38889,0.67344,0.45972,0.68359,0.39028,0.66094,0.38750,0.64609,0.40694,0.68750,0.48472,0.69141,0.42778,0.67266,0.42083,0.65859,0.43611,0.60601,0.83678,0.9995,0.73004,1.00000,0.8988,0.66610,0.59729,0.9978,0.65914,0.56485,0.64609,0.59861,96.32,0.9917,live,0.2047,0.1917,116.86,609.66
155900.715670,80.0,0.9470,3,1,1,0.64453,0.65139,0.62422,0.61806,0.61406,0.56111,0.61016,0.52222,0.61641,0.49028,0.64375,0.49583,0.64297,0.44028,0.62422,0.43611,0.60938,0.44583,0.66016,0.50139,0.66797,0.42639,0.64609,0.42778,0.63125,0.45000,0.67578,0.51806,0.68594,0.44861,0.66328,0.45139,0.64844,0.47361,0.69141,0.54722,0.69609,0.49167,0.67734,0.48750,0.66172,0.50139,0.60603,0.83695,0.9995,0.72844,1.00000,0.8940,0.66638,0.65014,0.9978,0.65622,0.58216,0.64453,0.65139,97.31,0.9941,live,0.2047,0.1963,119.08,606.56
155900.782243,80.0,0.0358,3,2,0,0.64609,0.70278,0.62578,0.66667,0.61328,0.61389,0.60781,0.57500,0.61484,0.54444,0.64453,0.54167,0.64453,0.48333,0.62344,0.48472,0.60781,0.49861,0.66172,0.55000,0.66719,0.47500,0.64219,0.48194,0.62656,0.50417,0.67812,0.57083,0.68750,0.50000,0.66250,0.51111,0.64609,0.53611,0.69219,0.60278,0.69688,0.55000,0.67656,0.55000,0.66094,0.56667,0.60570,0.83692,0.9996,0.72848,1.00000,0.8924,0.66658,0.69422,0.9978,0.65420,0.60628,0.64609,0.70278,99.03,0.9963,live,0.1890,0.1175,71.11,605.07
155900.848700,80.0,0.1244,3,2,0,0.64531,0.73889,0.62344,0.69722,0.61016,0.64583,0.60391,0.61111,0.61328,0.58333,0.64297,0.57083,0.64062,0.51389,0.61953,0.51806,0.60391,0.53611,0.66094,0.58056,0.66484,0.50833,0.63906,0.51806,0.62187,0.54028,0.67734,0.60417,0.68750,0.53472,0.66016,0.54861,0.64297,0.57361,0.69219,0.64028,0.69688,0.58750,0.67500,0.58889,0.65781,0.60417,0.60554,0.83729,0.9995,0.72758,1.00000,0.8914,0.66811,0.74861,0.9979,0.65242,0.63280,0.64531,0.73889,102.54,0.9974,live,0.1750,0.1111,67.37,606.30
155900.916343,80.0,0.2146,3,2,0,0.64531,0.75278,0.62266,0.70972,0.60938,0.65972,0.60156,0.62222,0.60938,0.59583,0.63984,0.58194,0.63750,0.52639,0.61562,0.53194,0.60000,0.55139,0.65781,0.59444,0.66406,0.52222,0.63828,0.53472,0.62109,0.55972,0.67422,0.61944,0.68594,0.55139,0.65781,0.56389,0.63984,0.58750,0.68828,0.65694,0.69375,0.60278,0.67188,0.60556,0.65547,0.62083,0.60900,0.83861,0.9996,0.72467,1.00000,0.8960,0.66828,0.74961,0.9979,0.65100,0.65680,0.64531,0.75278,102.19,0.9963,live,0.1669,0.1300,78.94,607.12
155900.982446,80.0,0.3027,3,2,0,0.64297,0.75556,0.61953,0.71250,0.60625,0.66250,0.60156,0.62778,0.60703,0.59861,0.63672,0.58472,0.63281,0.52778,0.61172,0.53472,0.59609,0.55417,0.65469,0.59444,0.65859,0.52361,0.63281,0.53611,0.61719,0.55972,0.67109,0.61806,0.68203,0.55000,0.65469,0.56528,0.63750,0.58889,0.68516,0.65417,0.69063,0.60556,0.66953,0.60694,0.65234,0.62083,0.60979,0.83846,0.9996,0.72380,1.00000,0.8966,0.66702,0.75318,0.9980,0.64939,0.67655,0.64297,0.75556,102.67,0.9973,live,0.1669,0.1489,90.55,608.19
155901.049213,80.0,0.3917,3,2,0,0.64141,0.75278,0.61875,0.70972,0.60469,0.65694,0.59844,0.62222,0.60625,0.59167,0.63516,0.58194,0.63203,0.52361,0.61094,0.53056,0.59375,0.55000,0.65312,0.59167,0.65781,0.52083,0.63125,0.53056,0.61328,0.55556,0.66953,0.61667,0.67969,0.54861,0.65312,0.56111,0.63516,0.58611,0.68281,0.65278,0.68750,0.60139,0.66641,0.60417,0.65000,0.61944,0.61009,0.83885,0.9996,0.72302,1.00000,0.8973,0.66692,0.74920,0.9979,0.64780,0.69180,0.64141,0.75278,102.29,0.9979,live,0.1669,0.1647,100.25,608.85
155901.116259,80.0,0.4811,3,2,0,0.64219,0.75000,0.61875,0.70694,0.60469,0.65417,0.59844,0.61806,0.60625,0.58889,0.63438,0.57917,0.63203,0.52083,0.61094,0.52639,0.59531,0.54722,0.65312,0.59028,0.65781,0.51528,0.63203,0.52639,0.61484,0.55000,0.66953,0.61389,0.67969,0.54444,0.65234,0.55694,0.63516,0.58194,0.68359,0.64861,0.68672,0.59583,0.66484,0.59861,0.64922,0.61528,0.60991,0.83881,0.9996,0.72304,1.00000,0.9021,0.66625,0.74896,0.9980,0.64667,0.70344,0.64219,0.75000,102.47,0.9978,live,0.1669,0.1768,107.76,609.57
155901.181925,80.0,0.5687,3,2,0,0.64375,0.75000,0.62031,0.70694,0.60703,0.65417,0.60156,0.62083,0.60703,0.58750,0.63750,0.57917,0.63438,0.52083,0.61328,0.52639,0.59688,0.54583,0.65469,0.58889,0.65781,0.51528,0.63125,0.52500,0.61484,0.54861,0.67109,0.61111,0.67969,0.54167,0.65312,0.55556,0.63594,0.58056,0.68437,0.64583,0.68906,0.59444,0.66719,0.59583,0.65078,0.61111,0.61071,0.83894,0.9996,0.72479,1.00000,0.9086,0.66626,0.74902,0.9981,0.64609,0.71275,0.64375,0.75000,102.05,0.9973,live,0.1669,0.1877,114.49,609.90
155901.249432,80.0,0.6587,3,2,0,0.64687,0.75000,0.62344,0.70556,0.61016,0.65417,0.60547,0.62083,0.61094,0.59028,0.64141,0.57917,0.63828,0.52222,0.61719,0.52778,0.60078,0.54583,0.65859,0.58889,0.66172,0.51667,0.63516,0.52500,0.61797,0.54722,0.67422,0.61250,0.68359,0.54306,0.65703,0.55556,0.63984,0.58056,0.68828,0.64583,0.69297,0.59444,0.67109,0.59583,0.65469,0.60972,0.61065,0.84183,0.9996,0.72478,1.00000,0.9139,0.66762,0.75098,0.9982,0.64625,0.72020,0.64687,0.75000,102.21,0.9971,live,0.1669,0.1642,100.23,610.30
155901.316167,80.0,0.7477,3,2,0,0.65391,0.75000,0.63047,0.70556,0.61641,0.65417,0.61094,0.61806,0.61953,0.59028,0.64844,0.58194,0.64531,0.52639,0.62500,0.52778,0.60938,0.54306,0.66563,0.59167,0.67109,0.51667,0.64609,0.52500,0.62891,0.54722,0.68125,0.61389,0.69063,0.54444,0.66484,0.55694,0.64766,0.58194,0.69531,0.64722,0.70078,0.59444,0.67891,0.59583,0.66250,0.61111,0.61053,0.84195,0.9996,0.72447,1.00000,0.9168,0.67126,0.75751,0.9982,0.64778,0.72616,0.65391,0.75000,100.86,0.9968,live,0.1669,0.1426,86.93,609.68
155901.382560,80.0,0.8362,3,2,0,0.66328,0.75417,0.63984,0.71111,0.62734,0.65556,0.62344,0.61806,0.63281,0.59167,0.66016,0.58472,0.65938,0.52639,0.63906,0.53056,0.62422,0.54583,0.67734,0.59444,0.68437,0.52083,0.65938,0.52917,0.64297,0.55139,0.69375,0.61528,0.70391,0.54861,0.67812,0.56111,0.66250,0.58611,0.70859,0.64861,0.71484,0.59583,0.69531,0.59722,0.67969,0.61389,0.60944,0.84158,0.9997,0.72508,1.00000,0.9198,0.67451,0.75549,0.9982,0.65088,0.73176,0.66328,0.75417,102.82,0.9952,live,0.1580,0.1175,71.71,610.55
155901.449071,80.0,0.9249,3,2,0,0.67969,0.75972,0.65859,0.71111,0.64687,0.65556,0.64687,0.61528,0.66016,0.60139,0.68203,0.58750,0.68516,0.53056,0.66641,0.53472,0.65078,0.55139,0.69922,0.60000,0.70937,0.52917,0.68516,0.53611,0.66875,0.55833,0.71562,0.62361,0.72891,0.55972,0.70469,0.56806,0.68906,0.58889,0.73203,0.65833,0.74219,0.60556,0.72344,0.60694,0.70781,0.62222,0.61159,0.84134,0.9997,0.72656,1.00000,0.9203,0.68617,0.75455,0.9982,0.65664,0.73735,0.67969,0.75972,105.66,0.9932,live,0.1470,0.0971,59.55,613.36
155901.516546,80.0,0.0148,3,3,0,0.70391,0.77222,0.68437,0.71667,0.67812,0.65694,0.68203,0.61806,0.70000,0.60417,0.71953,0.59306,0.72813,0.54167,0.71016,0.53889,0.69453,0.55278,0.73750,0.60694,0.75234,0.54306,0.72891,0.54583,0.71172,0.56806,0.75313,0.63333,0.77344,0.57361,0.75078,0.57500,0.73438,0.59722,0.76875,0.67222,0.78281,0.62361,0.76641,0.61944,0.75000,0.63333,0.61149,0.84225,0.9996,0.72740,1.00000,0.9176,0.72155,0.75574,0.9981,0.66609,0.74433,0.70391,0.77222,112.98,0.9922,live,0.1365,0.0887,55.11,621.10
155901.582531,80.0,0.1028,3,3,0,0.72969,0.78194,0.71172,0.72778,0.70781,0.66806,0.71797,0.63194,0.73750,0.61667,0.75234,0.60694,0.76562,0.55417,0.75000,0.54861,0.73516,0.56250,0.77109,0.62222,0.79375,0.55556,0.77266,0.55556,0.75469,0.57917,0.78594,0.64861,0.81328,0.59028,0.79375,0.58889,0.77656,0.61250,0.80078,0.68889,0.82266,0.64306,0.80937,0.63472,0.79297,0.64583,0.61369,0.84682,0.9997,0.72880,1.00000,0.9169,0.75124,0.77817,0.9979,0.67881,0.75185,0.72969,0.78194,113.63,0.9897,live,0.1292,0.0958,60.20,628.38
155901.649773,80.0,0.1925,3,3,0,0.74844,0.78333,0.73281,0.73194,0.73281,0.67222,0.74531,0.63611,0.76641,0.61528,0.77578,0.61528,0.79297,0.56389,0.77969,0.55556,0.76406,0.57222,0.79531,0.63056,0.82188,0.56667,0.80469,0.56111,0.78516,0.58611,0.81094,0.65833,0.83984,0.60139,0.82500,0.59444,0.80703,0.61667,0.82422,0.70000,0.84766,0.65556,0.83828,0.64167,0.82266,0.65139,0.61467,0.84652,0.9997,0.73070,1.00000,0.9139,0.77507,0.79279,0.9977,0.69274,0.75815,0.74844,0.78333,113.07,0.9911,live,0.1292,0.1128,71.53,634.39
155901.716768,80.0,0.2818,3,3,0,0.76172,0.78472,0.74687,0.73194,0.74922,0.67361,0.76406,0.63889,0.78672,0.61806,0.78906,0.61528,0.80234,0.56250,0.79688,0.55417,0.78594,0.57639,0.81016,0.63056,0.83594,0.56944,0.82422,0.56528,0.80625,0.59306,0.82656,0.65833,0.85547,0.60556,0.84297,0.60000,0.82578,0.62500,0.83984,0.70000,0.86406,0.65833,0.85625,0.64444,0.83984,0.65417,0.61495,0.84714,0.9997,0.75669,1.00000,0.9126,0.78375,0.80005,0.9975,0.70653,0.76346,0.76172,0.78472,115.08,0.9951,live,0.1292,0.1334,85.55,641.12
155901.782499,80.0,0.3694,3,3,0,0.76875,0.78472,0.75391,0.73056,0.75703,0.67361,0.77422,0.64306,0.79844,0.62083,0.79844,0.61667,0.81328,0.56806,0.80859,0.55833,0.79766,0.57917,0.81953,0.63333,0.84688,0.57361,0.83750,0.56806,0.82031,0.59444,0.83594,0.66250,0.86641,0.61111,0.85625,0.60278,0.83984,0.62500,0.84844,0.70278,0.87266,0.66389,0.86719,0.64861,0.85234,0.65833,0.61699,0.84442,0.9997,0.76131,1.00000,0.9111,0.79069,0.80283,0.9974,0.71898,0.76771,0.76875,0.78472,115.17,0.9944,live,0.1292,0.1533,99.18,647.11
155901.849495,80.0,0.4588,3,3,0,0.77266,0.78472,0.75781,0.73333,0.76172,0.67639,0.77891,0.64306,0.80234,0.61806,0.80234,0.61944,0.82031,0.57083,0.81406,0.55972,0.80078,0.57917,0.82344,0.63750,0.85313,0.57639,0.84141,0.57083,0.82266,0.59861,0.83984,0.66528,0.87187,0.61389,0.86094,0.60417,0.84297,0.62639,0.85156,0.70694,0.87578,0.66528,0.86953,0.65139,0.85547,0.66111,0.61697,0.84443,0.9997,0.75137,1.00000,0.9080,0.79426,0.80151,0.9971,0.72971,0.77112,0.77266,0.78472,113.46,0.9935,live,0.1363,0.1686,109.76,651.15
155901.916503,80.0,0.5481,3,3,0,0.77266,0.78611,0.75703,0.73333,0.76172,0.67361,0.78047,0.64167,0.80391,0.61944,0.80156,0.62083,0.81641,0.57083,0.81172,0.56250,0.80000,0.58333,0.82344,0.63750,0.85156,0.57778,0.84141,0.57361,0.82344,0.59861,0.83906,0.66667,0.86953,0.61528,0.85938,0.60556,0.84219,0.62917,0.85078,0.70694,0.87500,0.66667,0.86875,0.65278,0.85391,0.66250,0.61745,0.84374,0.9997,0.74936,1.00000,0.9078,0.79445,0.80077,0.9970,0.73830,0.77411,0.77266,0.78611,113.33,0.9920,live,0.1436,0.1772,115.98,654.61
155901.982900,80.0,0.6366,3,3,0,0.76797,0.78333,0.75313,0.73194,0.75625,0.67222,0.77344,0.64167,0.79609,0.62083,0.79766,0.61667,0.81328,0.56667,0.80547,0.55833,0.79297,0.58056,0.81875,0.63333,0.84688,0.57500,0.83437,0.57083,0.81563,0.59722,0.83437,0.66250,0.86484,0.61250,0.85234,0.60278,0.83437,0.62639,0.84609,0.70417,0.86953,0.66528,0.86250,0.65000,0.84844,0.65972,0.61831,0.84461,0.9997,0.74895,1.00000,0.9057,0.79148,0.80228,0.9969,0.74423,0.77596,0.76797,0.78333,113.86,0.9928,live,0.1494,0.1755,115.51,658.03
155902.049602,80.0,0.7256,3,3,0,0.75781,0.77778,0.74453,0.72639,0.74766,0.66806,0.76172,0.63611,0.78281,0.61667,0.78828,0.61250,0.80391,0.56111,0.79375,0.55417,0.78047,0.57361,0.80781,0.62778,0.83516,0.56667,0.81953,0.56389,0.80078,0.58889,0.82344,0.65556,0.85391,0.60278,0.83906,0.59444,0.82109,0.61528,0.83594,0.69583,0.85938,0.65556,0.85000,0.64028,0.83516,0.64722,0.61843,0.84460,0.9997,0.76340,1.00000,0.9061,0.78969,0.80197,0.9968,0.74695,0.77632,0.75781,0.77778,113.11,0.9933,live,0.1494,0.1605,106.03,660.50
155902.116502,80.0,0.8148,3,3,0,0.74609,0.76667,0.73125,0.71250,0.72969,0.65556,0.74219,0.62083,0.76250,0.60139,0.77187,0.60139,0.78594,0.54861,0.77266,0.54306,0.75859,0.56250,0.79063,0.61528,0.81641,0.55139,0.79922,0.54861,0.78125,0.57361,0.80625,0.64167,0.83281,0.58472,0.81719,0.57917,0.80000,0.60139,0.81953,0.68056,0.84219,0.63611,0.83203,0.62361,0.81563,0.63472,0.61853,0.84839,0.9997,0.77388,1.00000,0.9047,0.78276,0.79960,0.9965,0.74678,0.77439,0.74609,0.76667,110.65,0.9902,live,0.1494,0.1604,106.03,660.91
155902.182719,80.0,0.9031,3,3,0,0.73047,0.75000,0.71406,0.69583,0.71016,0.63889,0.71875,0.60417,0.73672,0.58472,0.75234,0.57917,0.76328,0.52778,0.75000,0.51944,0.73672,0.53333,0.77031,0.59167,0.79219,0.52778,0.77422,0.52361,0.75703,0.54444,0.78594,0.61667,0.81172,0.55694,0.79531,0.55000,0.77812,0.56944,0.80000,0.65556,0.81875,0.60972,0.80703,0.59583,0.79141,0.60417,0.61851,0.84831,0.9997,0.77102,1.00000,0.9036,0.77446,0.77644,0.9965,0.74352,0.76951,0.73047,0.75000,111.29,0.9899,live,0.1417,0.1067,70.62,661.73
155902.249802,80.0,0.9925,3,3,0,0.71406,0.72083,0.69531,0.66806,0.68984,0.60833,0.69766,0.56806,0.71328,0.54722,0.72969,0.54722,0.73672,0.49306,0.72031,0.48750,0.70547,0.50000,0.74687,0.55694,0.76328,0.49028,0.74531,0.48611,0.72969,0.50278,0.76328,0.58056,0.78203,0.51667,0.76406,0.51528,0.74922,0.53611,0.77812,0.61389,0.79141,0.56250,0.77656,0.55556,0.76094,0.56806,0.61664,0.84838,0.9997,0.75566,1.00000,0.9036,0.74204,0.74328,0.9965,0.73763,0.75978,0.71406,0.72083,110.68,0.9906,live,0.1306,0.0802,53.09,662.02
155902.316878,80.0,0.0819,3,1,1,0.69531,0.67917,0.67500,0.62778,0.66797,0.56944,0.67188,0.52778,0.68594,0.50556,0.70312,0.50556,0.70781,0.44861,0.69063,0.44306,0.67734,0.45417,0.71953,0.51528,0.73359,0.44306,0.71328,0.44167,0.69766,0.46250,0.73594,0.53611,0.75313,0.46528,0.73281,0.46806,0.71953,0.49028,0.75000,0.56667,0.76094,0.50972,0.74375,0.50417,0.73047,0.51944,0.61323,0.84900,0.9997,0.74248,1.00000,0.9024,0.71961,0.70206,0.9965,0.72916,0.74365,0.69531,0.67917,107.22,0.9922,live,0.1188,0.0649,42.84,659.77
155902.383162,80.0,0.1703,3,1,1,0.67812,0.63056,0.65625,0.58056,0.64766,0.52361,0.64922,0.48194,0.66016,0.45278,0.67812,0.46250,0.68047,0.40694,0.66328,0.39861,0.65000,0.40833,0.69453,0.46806,0.70391,0.39722,0.68437,0.39583,0.66953,0.41389,0.71016,0.48472,0.72422,0.41389,0.70547,0.41111,0.69063,0.43056,0.72422,0.51250,0.73281,0.45833,0.71719,0.44722,0.70234,0.45694,0.61194,0.84424,0.9997,0.73906,1.00000,0.9002,0.70231,0.64960,0.9965,0.71896,0.72104,0.67812,0.63056,103.11,0.9869,live,0.1121,0.0818,53.56,654.84
155902.449746,80.0,0.2591,3,1,1,0.66328,0.58611,0.64062,0.53750,0.63047,0.48056,0.63125,0.43472,0.64375,0.40556,0.66172,0.42361,0.66484,0.36806,0.64609,0.35833,0.63125,0.36667,0.67656,0.42639,0.68594,0.35694,0.66563,0.35000,0.64922,0.36667,0.69141,0.43889,0.70469,0.37083,0.68437,0.36250,0.66953,0.37778,0.70547,0.46389,0.71172,0.40972,0.69609,0.39722,0.68203,0.40417,0.61201,0.84217,0.9997,0.73860,1.00000,0.8998,0.68634,0.59822,0.9964,0.70782,0.69405,0.66328,0.58611,99.89,0.9795,live,0.1121,0.1197,77.57,648.18
155902.517138,80.0,0.3490,3,1,1,0.65469,0.55278,0.63125,0.50417,0.62187,0.44444,0.62031,0.40000,0.63047,0.36806,0.65000,0.39028,0.65000,0.33750,0.63359,0.32778,0.61797,0.33333,0.66484,0.39167,0.66875,0.32639,0.64922,0.32083,0.63203,0.33056,0.67891,0.40278,0.68828,0.33750,0.66953,0.32778,0.65312,0.33750,0.69219,0.42639,0.69922,0.37083,0.68437,0.35556,0.66797,0.35972,0.61052,0.83078,0.9997,0.73615,0.98442,0.9000,0.67768,0.56899,0.9966,0.69719,0.66580,0.65469,0.55278,99.17,0.9887,live,0.1205,0.1588,101.93,641.81
155902.583327,80.0,0.4372,3,1,1,0.65156,0.53056,0.62500,0.48472,0.61484,0.42500,0.61328,0.38056,0.62422,0.34722,0.64297,0.36944,0.64375,0.31528,0.62656,0.30694,0.61172,0.31389,0.65703,0.37083,0.66172,0.30417,0.64219,0.29722,0.62500,0.31111,0.67109,0.38056,0.67969,0.31667,0.66016,0.30694,0.64219,0.31806,0.68516,0.40000,0.69141,0.34861,0.67578,0.33333,0.65938,0.33611,0.60719,0.82970,0.9997,0.73376,0.96614,0.9013,0.67109,0.54242,0.9968,0.68807,0.63875,0.65156,0.53056,98.35,0.9889,live,0.1341,0.1958,124.47,635.60
155902.649657,80.0,0.5257,3,1,1,0.64844,0.52083,0.62344,0.47500,0.61328,0.41667,0.61172,0.37083,0.61953,0.33333,0.63984,0.36250,0.64062,0.30833,0.62500,0.29722,0.60938,0.30278,0.65391,0.36250,0.65781,0.29861,0.63906,0.28889,0.62109,0.30000,0.66719,0.37083,0.67656,0.30694,0.65781,0.29444,0.63984,0.30417,0.68125,0.38889,0.68672,0.34028,0.67266,0.32361,0.65625,0.32361,0.60817,0.82879,0.9996,0.73475,0.96071,0.9009,0.67014,0.54110,0.9968,0.68014,0.61516,0.64844,0.52083,97.23,0.9843,live,0.1508,0.2271,142.89,629.34
155902.716926,80.0,0.6153,3,1,1,0.65078,0.52222,0.62500,0.47639,0.61406,0.41944,0.61250,0.37361,0.62031,0.33750,0.64062,0.36806,0.63984,0.31667,0.62500,0.30278,0.61016,0.30417,0.65469,0.36667,0.65781,0.30417,0.63984,0.29167,0.62266,0.30278,0.66953,0.37361,0.67734,0.30972,0.65859,0.29444,0.64062,0.30278,0.68281,0.39028,0.68750,0.33889,0.67266,0.32222,0.65625,0.32778,0.60733,0.82826,0.9996,0.73382,0.95892,0.9019,0.66910,0.53872,0.9969,0.67427,0.59658,0.65078,0.52222,95.92,0.9850,live,0.1678,0.2454,152.84,622.87
155902.783248,80.0,0.7038,3,1,1,0.65078,0.53611,0.62578,0.49167,0.61562,0.43056,0.61484,0.38472,0.62344,0.35000,0.64297,0.37917,0.64297,0.32778,0.62734,0.31528,0.61250,0.31806,0.65703,0.37917,0.66016,0.31667,0.64141,0.30556,0.62422,0.31528,0.67188,0.38889,0.67969,0.32500,0.66094,0.31111,0.64375,0.31944,0.68594,0.40833,0.69063,0.35417,0.67578,0.33889,0.65938,0.34306,0.60692,0.82799,0.9996,0.73398,0.96519,0.9013,0.66858,0.54576,0.9970,0.66957,0.58448,0.65078,0.53611,97.00,0.9882,live,0.1823,0.2482,153.35,617.97
155902.849941,80.0,0.7927,3,1,1,0.65078,0.55972,0.62734,0.51528,0.61797,0.45417,0.61641,0.40694,0.62578,0.37361,0.64609,0.40139,0.64687,0.34861,0.63047,0.33472,0.61719,0.34028,0.66094,0.40139,0.66563,0.33472,0.64609,0.32639,0.63047,0.34028,0.67500,0.41250,0.68437,0.34444,0.66484,0.33472,0.64844,0.34861,0.68906,0.43333,0.69297,0.37917,0.67734,0.36389,0.66250,0.36806,0.60759,0.82987,0.9996,0.73410,0.99114,0.9026,0.66914,0.54979,0.9970,0.66581,0.57953,0.65078,0.55972,97.97,0.9899,live,0.1915,0.2333,143.31,614.35
155902.916864,80.0,0.8819,3,1,1,0.64844,0.59861,0.62734,0.55833,0.61875,0.50000,0.61719,0.45694,0.62656,0.42361,0.64687,0.44306,0.64687,0.38750,0.62891,0.37778,0.61484,0.38611,0.66172,0.44444,0.66953,0.37361,0.64844,0.36944,0.63359,0.39167,0.67656,0.45694,0.68672,0.38750,0.66484,0.38333,0.65000,0.40417,0.69063,0.47917,0.69453,0.42500,0.67734,0.41528,0.66328,0.42639,0.60822,0.83383,0.9996,0.73409,1.00000,0.9019,0.66859,0.57674,0.9971,0.66234,0.58335,0.64844,0.59861,96.90,0.9878,live,0.2000,0.2390,145.88,610.40
155902.983017,80.0,0.9701,3,1,1,0.64375,0.65278,0.62500,0.61944,0.61406,0.56528,0.61172,0.52778,0.61875,0.50000,0.64453,0.50000,0.64062,0.44306,0.62109,0.44444,0.60781,0.46111,0.66016,0.50417,0.66484,0.43056,0.64297,0.43333,0.62969,0.45694,0.67500,0.52222,0.68359,0.45000,0.66016,0.45694,0.64687,0.48194,0.68906,0.55000,0.69063,0.49722,0.67109,0.49444,0.65781,0.51111,0.60849,0.83342,0.9996,0.73415,1.00000,0.8992,0.66896,0.63617,0.9972,0.65862,0.59723,0.64375,0.65278,95.12,0.9946,live,0.2000,0.2111,127.85,605.64
155903.050069,80.0,0.0595,3,2,0,0.64141,0.70694,0.62344,0.67778,0.61094,0.63056,0.60547,0.59722,0.61406,0.57083,0.64141,0.55556,0.63750,0.49722,0.61641,0.50694,0.60156,0.52917,0.65859,0.56389,0.66328,0.48889,0.63828,0.49722,0.62344,0.52222,0.67422,0.58611,0.68359,0.51667,0.65703,0.52917,0.64141,0.55417,0.68828,0.61944,0.69063,0.56667,0.66875,0.56944,0.65391,0.58472,0.60903,0.83576,0.9996,0.73407,1.00000,0.8957,0.66918,0.71289,0.9973,0.65518,0.61918,0.64141,0.70694,94.23,0.9973,live,0.1886,0.1367,82.16,600.81
155903.117331,80.0,0.1492,3,2,0,0.64297,0.74444,0.62266,0.70833,0.61016,0.65972,0.60469,0.62500,0.61250,0.59861,0.63906,0.58333,0.63516,0.52917,0.61328,0.53889,0.59766,0.55972,0.65781,0.59306,0.66172,0.52083,0.63672,0.53333,0.62031,0.55833,0.67422,0.61667,0.68359,0.54861,0.65703,0.56250,0.63984,0.58750,0.68750,0.65139,0.69063,0.60278,0.66953,0.60417,0.65312,0.61667,0.61038,0.83718,0.9996,0.73437,1.00000,0.8999,0.66896,0.73603,0.9974,0.65274,0.64423,0.64297,0.74444,98.44,0.9981,live,0.1742,0.1083,64.92,599.58
155903.183445,80.0,0.2374,3,2,0,0.64453,0.75139,0.62266,0.71111,0.60938,0.66250,0.60391,0.62917,0.61328,0.60278,0.63828,0.58750,0.63516,0.53194,0.61406,0.54167,0.59922,0.56111,0.65703,0.59722,0.66172,0.52639,0.63672,0.54028,0.62109,0.56667,0.67266,0.62083,0.68281,0.55278,0.65625,0.56667,0.63906,0.59167,0.68516,0.65694,0.68906,0.60833,0.66797,0.60972,0.65234,0.62361,0.61042,0.83615,0.9996,0.73159,1.00000,0.8985,0.66768,0.74086,0.9974,0.65110,0.66566,0.64453,0.75139,98.53,0.9969,live,0.1646,0.1208,72.31,598.58
155903.250000,80.0,0.3261,3,2,0,0.64531,0.75000,0.62266,0.70972,0.61016,0.65972,0.60469,0.62500,0.61328,0.59722,0.63906,0.58611,0.63516,0.52917,0.61406,0.53611,0.60000,0.55694,0.65625,0.59583,0.66172,0.52361,0.63516,0.53472,0.61953,0.55833,0.67188,0.61944,0.68203,0.55000,0.65547,0.56389,0.63906,0.58750,0.68437,0.65417,0.68828,0.60417,0.66641,0.60556,0.65156,0.61944,0.61309,0.83667,0.9996,0.73129,1.00000,0.8998,0.66778,0.75107,0.9974,0.64994,0.68253,0.64531,0.75000,97.82,0.9979,live,0.1592,0.1347,80.43,597.18
155903.317445,80.0,0.4160,3,2,0,0.64453,0.74722,0.62266,0.70417,0.61016,0.65278,0.60469,0.61806,0.61172,0.59167,0.63906,0.57917,0.63516,0.52361,0.61406,0.53056,0.59922,0.55278,0.65625,0.58889,0.66094,0.51806,0.63516,0.52917,0.61875,0.55278,0.67188,0.61250,0.68203,0.54583,0.65469,0.55833,0.63828,0.58194,0.68437,0.64722,0.68672,0.59722,0.66484,0.60000,0.64922,0.61389,0.61309,0.83985,0.9996,0.73064,1.00000,0.9033,0.66785,0.75183,0.9975,0.64886,0.69547,0.64453,0.74722,100.09,0.9980,live,0.1592,0.1466,87.58,597.58
155903.383574,80.0,0.5042,3,2,0,0.64609,0.74306,0.62344,0.70000,0.61172,0.64861,0.60703,0.61528,0.61406,0.58750,0.64141,0.57639,0.63828,0.52083,0.61641,0.52778,0.60156,0.55000,0.65859,0.58611,0.66484,0.51389,0.63828,0.52361,0.62109,0.54722,0.67344,0.60833,0.68437,0.54167,0.65703,0.55417,0.63984,0.57778,0.68672,0.64306,0.68984,0.59167,0.66797,0.59444,0.65234,0.60972,0.61204,0.84019,0.9996,0.72839,1.00000,0.9071,0.66766,0.74814,0.9976,0.64830,0.70499,0.64609,0.74306,99.59,0.9970,live,0.1592,0.1557,93.07,597.58
155903.449955,80.0,0.5927,3,2,0,0.65078,0.74167,0.62813,0.69861,0.61641,0.64722,0.61094,0.61250,0.61875,0.58611,0.64687,0.57778,0.64297,0.52222,0.62109,0.52639,0.60547,0.54444,0.66328,0.58611,0.66875,0.51389,0.64219,0.52083,0.62578,0.54306,0.67812,0.60694,0.68828,0.54028,0.66172,0.55000,0.64453,0.57361,0.69141,0.64028,0.69453,0.58889,0.67344,0.59028,0.65781,0.60417,0.61176,0.84231,0.9996,0.72856,1.00000,0.9124,0.67027,0.74656,0.9978,0.64880,0.71232,0.65078,0.74167,98.37,0.9967,live,0.1592,0.1585,94.58,596.70
155903.517529,80.0,0.6828,3,2,0,0.65859,0.73889,0.63672,0.69583,0.62344,0.64444,0.61953,0.60556,0.63047,0.58056,0.65547,0.57500,0.65312,0.51806,0.63125,0.52222,0.61719,0.54028,0.67109,0.58333,0.67891,0.50972,0.65391,0.51667,0.63828,0.53889,0.68672,0.60556,0.69609,0.53750,0.67109,0.54722,0.65547,0.56944,0.70000,0.63611,0.70547,0.58333,0.68516,0.58472,0.67031,0.60000,0.61174,0.84005,0.9997,0.73898,1.00000,0.9155,0.67395,0.74534,0.9979,0.65076,0.71763,0.65859,0.73889,98.56,0.9955,live,0.1592,0.1471,87.69,596.06
155903.583702,80.0,0.7710,3,2,0,0.67031,0.73472,0.64922,0.69167,0.63828,0.63750,0.63750,0.60000,0.65078,0.57639,0.67031,0.57083,0.67266,0.51389,0.65234,0.51806,0.63750,0.53472,0.68672,0.58056,0.69688,0.50833,0.67266,0.51667,0.65703,0.53750,0.70234,0.60278,0.71719,0.53472,0.69219,0.54444,0.67578,0.56667,0.71719,0.63472,0.72578,0.58056,0.70625,0.58056,0.69063,0.59583,0.61158,0.84234,0.9996,0.73652,1.00000,0.9164,0.68517,0.74803,0.9978,0.65467,0.72105,0.67031,0.73472,100.07,0.9923,live,0.1528,0.1238,73.88,596.58
155903.650265,80.0,0.8598,3,2,0,0.68750,0.73333,0.66797,0.68611,0.65938,0.63056,0.66172,0.58889,0.67734,0.57361,0.69297,0.56806,0.69766,0.51111,0.67812,0.51389,0.66406,0.52917,0.70937,0.57778,0.72188,0.50833,0.69844,0.51111,0.68203,0.53194,0.72500,0.60000,0.74141,0.53333,0.71719,0.53889,0.70078,0.55972,0.73984,0.63333,0.75078,0.58194,0.73203,0.57917,0.71562,0.59306,0.61157,0.84333,0.9997,0.73629,1.00000,0.9142,0.69475,0.74959,0.9977,0.66124,0.72351,0.68750,0.73333,102.31,0.9878,live,0.1432,0.0993,59.43,598.65
155903.717836,80.0,0.9499,3,2,0,0.71016,0.73194,0.69141,0.68472,0.68516,0.62778,0.68984,0.58889,0.70625,0.56944,0.72266,0.56667,0.73047,0.51111,0.71172,0.50972,0.69688,0.52222,0.73906,0.57778,0.75391,0.51111,0.73047,0.50972,0.71328,0.52778,0.75391,0.60000,0.77344,0.53750,0.75078,0.53750,0.73359,0.55556,0.76797,0.63333,0.78125,0.58472,0.76328,0.57778,0.74609,0.59028,0.61263,0.84334,0.9997,0.75852,1.00000,0.9106,0.72325,0.75105,0.9976,0.67102,0.72520,0.71016,0.73194,103.73,0.9893,live,0.1329,0.0861,51.80,601.50
155903.783804,80.0,0.0378,3,3,0,0.73203,0.73194,0.71406,0.68472,0.71094,0.62500,0.72031,0.58750,0.73828,0.56944,0.75156,0.56806,0.76172,0.51528,0.74531,0.50833,0.73047,0.51944,0.76875,0.57917,0.78672,0.51389,0.76562,0.50972,0.74844,0.52639,0.78359,0.60139,0.80625,0.54167,0.78672,0.53750,0.77031,0.55278,0.79609,0.63611,0.81328,0.58750,0.79766,0.57917,0.78047,0.59028,0.61346,0.84290,0.9997,0.76099,1.00000,0.9086,0.75328,0.75003,0.9976,0.68322,0.72655,0.73203,0.73194,105.64,0.9900,live,0.1253,0.0905,54.79,605.38
155903.850407,80.0,0.1267,3,3,0,0.74922,0.73333,0.73359,0.68333,0.73281,0.62361,0.74375,0.58472,0.76328,0.56667,0.77344,0.57222,0.78750,0.51944,0.77266,0.50972,0.75781,0.52083,0.79063,0.58472,0.81406,0.51806,0.79531,0.51111,0.77812,0.53056,0.80469,0.60694,0.83047,0.54722,0.81250,0.54167,0.79688,0.55972,0.81719,0.64167,0.83828,0.59583,0.82500,0.58333,0.80859,0.59444,0.61355,0.84300,0.9997,0.75709,1.00000,0.9090,0.77412,0.75073,0.9976,0.69642,0.72790,0.74922,0.73333,105.94,0.9900,live,0.1253,0.1082,65.87,609.01
155903.917645,80.0,0.2163,3,3,0,0.76172,0.73472,0.74844,0.68333,0.74766,0.62639,0.76016,0.58889,0.78047,0.56667,0.78906,0.57500,0.80156,0.52917,0.79141,0.51667,0.77812,0.52500,0.80703,0.58750,0.83125,0.52639,0.81563,0.51806,0.79766,0.53472,0.82109,0.61111,0.84844,0.55556,0.83359,0.54861,0.81641,0.56667,0.83359,0.64722,0.85469,0.60139,0.84375,0.58889,0.82734,0.59722,0.61439,0.84125,0.9997,0.75655,1.00000,0.9092,0.78394,0.75122,0.9976,0.70948,0.72927,0.76172,0.73472,107.42,0.9951,live,0.1253,0.1308,80.23,613.28
155903.983986,80.0,0.3048,3,3,0,0.76797,0.73750,0.75391,0.68472,0.75469,0.62778,0.76797,0.59167,0.79141,0.57222,0.79609,0.57917,0.81016,0.53194,0.79922,0.51944,0.78594,0.52917,0.81406,0.59167,0.83906,0.53056,0.82422,0.51944,0.80625,0.53750,0.82812,0.61528,0.85781,0.56111,0.84297,0.55278,0.82578,0.57222,0.83906,0.65139,0.86172,0.60694,0.85078,0.59306,0.83516,0.60278,0.61632,0.84323,0.9997,0.78365,1.00000,0.9119,0.78905,0.76152,0.9976,0.72118,0.73091,0.76797,0.73750,106.45,0.9937,live,0.1301,0.1519,93.61,616.33
155904.050458,80.0,0.3934,3,3,0,0.76875,0.73750,0.75469,0.68472,0.75703,0.62639,0.77109,0.59306,0.79219,0.57083,0.79688,0.58056,0.81172,0.53194,0.80078,0.51806,0.78750,0.52778,0.81484,0.59167,0.84141,0.53056,0.82500,0.52222,0.80703,0.54167,0.82891,0.61667,0.85938,0.56111,0.84453,0.55278,0.82734,0.57361,0.84062,0.65278,0.86250,0.60833,0.85156,0.59306,0.83594,0.60278,0.61811,0.84350,0.9997,0.78660,1.00000,0.9133,0.79110,0.76383,0.9975,0.73069,0.73223,0.76875,0.73750,106.46,0.9929,live,0.1366,0.1662,102.85,619.02
155904.117943,80.0,0.4834,3,3,0,0.76797,0.74028,0.75313,0.68889,0.75547,0.62917,0.76953,0.59306,0.79141,0.57222,0.79531,0.58056,0.80703,0.53333,0.79766,0.51944,0.78516,0.52778,0.81406,0.59306,0.83906,0.53194,0.82344,0.52500,0.80469,0.54583,0.82891,0.61667,0.85859,0.56250,0.84297,0.55278,0.82578,0.57361,0.83984,0.65417,0.86016,0.60972,0.85000,0.59444,0.83359,0.60556,0.61819,0.84495,0.9997,0.77227,1.00000,0.9150,0.79281,0.76357,0.9975,0.73815,0.73384,0.76797,0.74028,107.57,0.9925,live,0.1430,0.1724,107.25,622.19
155904.183899,80.0,0.5713,3,3,0,0.76484,0.73889,0.75000,0.68750,0.75078,0.63056,0.76406,0.59444,0.78516,0.57361,0.79297,0.57917,0.80625,0.53194,0.79453,0.51944,0.78125,0.52917,0.81094,0.59167,0.83516,0.53194,0.81719,0.52500,0.79844,0.54583,0.82500,0.61667,0.85469,0.56111,0.83828,0.55278,0.82188,0.57361,0.83594,0.65417,0.85703,0.60972,0.84609,0.59444,0.83047,0.60556,0.61876,0.84309,0.9997,0.75882,1.00000,0.9137,0.79165,0.76434,0.9975,0.74349,0.73485,0.76484,0.73889,107.11,0.9909,live,0.1477,0.1691,105.60,624.65
155904.250520,80.0,0.6601,3,3,0,0.75703,0.73611,0.74219,0.68611,0.74219,0.62778,0.75469,0.59306,0.77500,0.57500,0.78281,0.57639,0.79609,0.52639,0.78281,0.51806,0.76953,0.53056,0.80078,0.58889,0.82422,0.52639,0.80625,0.52083,0.78906,0.54167,0.81563,0.61389,0.84219,0.55556,0.82500,0.54722,0.80859,0.56667,0.82734,0.65000,0.84688,0.60417,0.83516,0.59028,0.81953,0.60139,0.61862,0.84365,0.9997,0.74756,1.00000,0.9103,0.79001,0.76544,0.9974,0.74620,0.73510,0.75703,0.73611,106.66,0.9917,live,0.1477,0.1540,96.49,626.49
155904.318017,80.0,0.7501,3,3,0,0.74375,0.73333,0.72813,0.68056,0.72578,0.62361,0.73594,0.58750,0.75547,0.57083,0.76641,0.57222,0.77969,0.51944,0.76328,0.51250,0.74844,0.52639,0.78281,0.58333,0.80703,0.52083,0.78672,0.51528,0.76953,0.53333,0.79688,0.60694,0.82266,0.55000,0.80469,0.54306,0.78906,0.56111,0.80937,0.64167,0.82969,0.59444,0.81641,0.58333,0.80078,0.59444,0.61835,0.84363,0.9997,0.76196,1.00000,0.9110,0.78512,0.76380,0.9975,0.74571,0.73475,0.74375,0.73333,104.93,0.9862,live,0.1477,0.1290,80.84,626.86
155904.383997,80.0,0.8381,3,3,0,0.72656,0.72778,0.70937,0.67639,0.70469,0.61806,0.71328,0.58194,0.73047,0.56250,0.74531,0.56250,0.75547,0.50833,0.73750,0.50417,0.72188,0.51806,0.76172,0.57361,0.78125,0.50694,0.75859,0.50556,0.74141,0.52361,0.77656,0.59583,0.79922,0.53472,0.77891,0.53194,0.76250,0.55000,0.78984,0.62917,0.80547,0.58056,0.79063,0.57222,0.77500,0.58333,0.61833,0.84560,0.9997,0.76824,1.00000,0.9110,0.76437,0.75160,0.9975,0.74188,0.73335,0.72656,0.72778,105.85,0.9883,live,0.1394,0.1018,63.92,627.85
155904.450464,80.0,0.9267,3,3,0,0.70312,0.71389,0.68594,0.66111,0.67891,0.60556,0.68516,0.56806,0.70078,0.54861,0.71562,0.54444,0.72266,0.48750,0.70156,0.48889,0.68594,0.50556,0.73203,0.55694,0.74609,0.48611,0.72109,0.48750,0.70469,0.50694,0.74687,0.57917,0.76562,0.51389,0.74297,0.51667,0.72656,0.53750,0.76094,0.61389,0.77187,0.56111,0.75391,0.55694,0.73984,0.57083,0.61848,0.84758,0.9997,0.78233,1.00000,0.9104,0.73268,0.73575,0.9975,0.73413,0.72946,0.70312,0.71389,105.44,0.9907,live,0.1279,0.0751,47.18,628.43
155904.517864,80.0,0.0166,3,1,1,0.68125,0.68472,0.66172,0.63611,0.65234,0.58333,0.65312,0.54583,0.66250,0.52361,0.68437,0.51667,0.68437,0.46250,0.66563,0.46111,0.65156,0.47500,0.70078,0.52500,0.71016,0.45139,0.68750,0.45278,0.67266,0.47222,0.71641,0.54722,0.72891,0.47778,0.70625,0.48194,0.69141,0.50278,0.72969,0.58056,0.73750,0.52639,0.71875,0.52083,0.70391,0.53333,0.61648,0.84161,0.9997,0.75628,1.00000,0.9074,0.70501,0.71274,0.9974,0.72355,0.72051,0.68125,0.68472,102.52,0.9954,live,0.1145,0.0538,33.70,626.83
155904.584189,80.0,0.1050,3,1,1,0.66484,0.64306,0.64141,0.59722,0.62969,0.54444,0.62656,0.50556,0.63594,0.47500,0.65859,0.47917,0.65703,0.42083,0.63984,0.40972,0.62578,0.41250,0.67500,0.48472,0.68047,0.41111,0.65938,0.40972,0.64453,0.42639,0.69063,0.50139,0.69844,0.43056,0.67656,0.43472,0.66172,0.45694,0.70469,0.52917,0.70859,0.47222,0.69063,0.46806,0.67734,0.48194,0.61397,0.84060,0.9997,0.75045,1.00000,0.9109,0.68834,0.64479,0.9975,0.71181,0.70502,0.66484,0.64306,99.67,0.9917,live,0.1081,0.0787,49.05,623.38
155904.650663,80.0,0.1937,3,1,1,0.65000,0.59722,0.62500,0.55278,0.61250,0.49722,0.60938,0.45556,0.61719,0.42222,0.64062,0.43611,0.64062,0.37917,0.62422,0.36250,0.60859,0.35833,0.65625,0.43889,0.66406,0.36806,0.64531,0.36111,0.62969,0.37083,0.67188,0.45139,0.67891,0.38333,0.65859,0.38194,0.64297,0.39861,0.68594,0.47500,0.68984,0.42083,0.67266,0.41389,0.65859,0.42500,0.61150,0.83928,0.9997,0.73827,1.00000,0.9100,0.67109,0.59899,0.9976,0.69945,0.68346,0.65000,0.59722,98.65,0.9836,live,0.1081,0.1137,70.45,619.60
155904.717731,80.0,0.2831,3,1,1,0.64375,0.55417,0.61641,0.51250,0.60313,0.45556,0.59922,0.41389,0.60625,0.37639,0.63047,0.39444,0.62969,0.34028,0.61406,0.32083,0.60000,0.31528,0.64609,0.39444,0.65234,0.32500,0.63359,0.31250,0.61719,0.32222,0.66016,0.40556,0.66797,0.33889,0.64844,0.33194,0.63359,0.35000,0.67500,0.42639,0.67891,0.37083,0.66328,0.35972,0.64844,0.36944,0.60779,0.83914,0.9997,0.73728,0.98613,0.9101,0.66487,0.56754,0.9977,0.68831,0.65760,0.64375,0.55417,98.27,0.9833,live,0.1157,0.1506,92.76,616.00
155904.784416,80.0,0.3720,3,1,1,0.63828,0.52083,0.61172,0.48056,0.59922,0.42222,0.59688,0.37778,0.60313,0.33750,0.62500,0.36389,0.62187,0.31111,0.60859,0.29028,0.59453,0.28194,0.63984,0.36250,0.64375,0.29444,0.62656,0.28194,0.61094,0.28750,0.65469,0.37083,0.66172,0.30694,0.64375,0.29583,0.62734,0.30417,0.66875,0.39167,0.67344,0.34028,0.65938,0.32500,0.64375,0.32778,0.60725,0.83263,0.9997,0.73600,0.95261,0.9107,0.66063,0.54367,0.9978,0.67830,0.63025,0.63828,0.52083,97.15,0.9784,live,0.1287,0.1881,115.12,612.03
155904.851259,80.0,0.4611,3,1,1,0.63828,0.50000,0.61016,0.45833,0.59766,0.40278,0.59453,0.35833,0.60078,0.31944,0.62266,0.34306,0.61953,0.29444,0.60703,0.27222,0.59375,0.26250,0.63828,0.34028,0.63906,0.27778,0.62344,0.25972,0.60625,0.26250,0.65234,0.34861,0.65781,0.28472,0.64062,0.27083,0.62344,0.27778,0.66719,0.36806,0.66953,0.31806,0.65547,0.30139,0.63984,0.30417,0.60488,0.83233,0.9997,0.73497,0.94221,0.9109,0.66001,0.52547,0.9978,0.67030,0.60420,0.63828,0.50000,97.87,0.9837,live,0.1454,0.2212,134.73,609.05
155904.917949,80.0,0.5500,3,1,1,0.63984,0.49167,0.61094,0.44583,0.59922,0.39028,0.59609,0.34583,0.60156,0.30556,0.62500,0.33472,0.62187,0.28750,0.60859,0.26528,0.59531,0.25694,0.64062,0.33194,0.64219,0.26944,0.62656,0.25000,0.60859,0.25139,0.65469,0.34028,0.66094,0.27778,0.64297,0.26111,0.62578,0.26667,0.66875,0.35694,0.67031,0.30694,0.65625,0.28889,0.64062,0.29167,0.60412,0.83128,0.9997,0.73198,0.91828,0.9120,0.65917,0.50895,0.9979,0.66421,0.58169,0.63984,0.49167,97.91,0.9878,live,0.1643,0.2502,151.74,606.46
155904.984385,80.0,0.6386,3,1,1,0.64062,0.49028,0.61328,0.44722,0.60234,0.39028,0.60000,0.34444,0.60547,0.30556,0.62734,0.33750,0.62500,0.28889,0.61250,0.26806,0.59922,0.26111,0.64297,0.33472,0.64687,0.27222,0.63125,0.25417,0.61406,0.25972,0.65781,0.34306,0.66484,0.27917,0.64609,0.26389,0.62891,0.27083,0.67109,0.35972,0.67344,0.30694,0.65859,0.29167,0.64297,0.29861,0.60383,0.82973,0.9996,0.73198,0.91469,0.9132,0.66142,0.51447,0.9980,0.65949,0.56341,0.64062,0.49028,95.84,0.9868,live,0.1804,0.2539,153.04,602.69
155905.051283,80.0,0.7278,3,1,1,0.64375,0.50556,0.61641,0.46250,0.60469,0.40417,0.60234,0.35833,0.60781,0.32361,0.63125,0.35139,0.62813,0.30417,0.61484,0.28333,0.60234,0.27500,0.64609,0.34861,0.64844,0.28750,0.63203,0.26944,0.61484,0.27083,0.66094,0.35694,0.66719,0.29444,0.64844,0.27778,0.63125,0.28333,0.67500,0.37500,0.67812,0.32500,0.66328,0.30972,0.64687,0.31389,0.60382,0.82726,0.9996,0.73215,0.92250,0.9145,0.66256,0.51884,0.9981,0.65634,0.55184,0.64375,0.50556,96.47,0.9883,live,0.1926,0.2481,148.83,599.82
155905.118280,80.0,0.8171,3,1,1,0.64375,0.52639,0.61719,0.48472,0.60469,0.42500,0.60234,0.37917,0.60938,0.34444,0.63125,0.36944,0.62891,0.32222,0.61484,0.30417,0.60156,0.30000,0.64609,0.36806,0.64766,0.30694,0.62969,0.29167,0.61328,0.29583,0.66094,0.37639,0.66875,0.31111,0.65000,0.30000,0.63359,0.30972,0.67578,0.39722,0.67969,0.34444,0.66484,0.33056,0.64922,0.33750,0.60397,0.82759,0.9996,0.73262,0.92643,0.9150,0.66302,0.52151,0.9981,0.65382,0.54675,0.64375,0.52639,97.55,0.9909,live,0.1989,0.2274,136.00,598.08
155905.184488,80.0,0.9054,3,1,1,0.63984,0.55278,0.61562,0.51250,0.60234,0.45694,0.59844,0.41250,0.60547,0.37361,0.62891,0.39861,0.62734,0.34444,0.61094,0.32917,0.59766,0.33333,0.64375,0.39722,0.64453,0.33056,0.62656,0.31944,0.61172,0.33056,0.65859,0.40556,0.66406,0.33750,0.64531,0.32917,0.63047,0.34306,0.67422,0.42500,0.67734,0.36944,0.66172,0.35972,0.64687,0.36944,0.60426,0.82778,0.9996,0.73433,0.95998,0.9175,0.66281,0.53840,0.9982,0.65103,0.54795,0.63984,0.55278,96.75,0.9868,live,0.1989,0.1952,116.32,595.97
155905.251192,80.0,0.9944,3,1,1,0.63672,0.59167,0.61328,0.55556,0.59922,0.50000,0.59375,0.45694,0.59922,0.42361,0.62344,0.43472,0.61953,0.37639,0.60078,0.37083,0.58672,0.38056,0.63828,0.43611,0.63594,0.36667,0.61484,0.36667,0.60156,0.38611,0.65391,0.44583,0.65781,0.37639,0.63672,0.37917,0.62266,0.40000,0.67188,0.46667,0.67266,0.41111,0.65625,0.40972,0.64375,0.42778,0.60444,0.83568,0.9996,0.73550,0.98503,0.9186,0.66106,0.55683,0.9983,0.64817,0.55670,0.63672,0.59167,98.26,0.9925,live,0.1918,0.1595,94.92,595.20
155905.318078,80.0,0.0835,3,2,0,0.63516,0.64028,0.61250,0.61111,0.59609,0.56250,0.58750,0.52639,0.59297,0.49583,0.61641,0.48611,0.61250,0.42639,0.59453,0.42917,0.58047,0.44722,0.63438,0.49028,0.62969,0.41806,0.60938,0.42778,0.59688,0.45417,0.65234,0.50556,0.65234,0.43333,0.63203,0.44722,0.62031,0.47500,0.67109,0.53056,0.67109,0.47778,0.65391,0.48194,0.64062,0.50139,0.60605,0.83543,0.9997,0.73936,1.00000,0.9165,0.66045,0.61219,0.9982,0.64556,0.57341,0.63516,0.64028,97.49,0.9954,live,0.1795,0.1234,73.28,593.97
155905.384349,80.0,0.1719,3,2,0,0.63516,0.69028,0.61250,0.66250,0.59609,0.61667,0.58984,0.58472,0.59297,0.55833,0.61719,0.53333,0.61094,0.47639,0.59297,0.48750,0.57969,0.51250,0.63594,0.54028,0.63125,0.47222,0.61094,0.48750,0.59922,0.51667,0.65547,0.55833,0.65703,0.49306,0.63672,0.51250,0.62422,0.54167,0.67500,0.58750,0.67578,0.54028,0.65781,0.55000,0.64375,0.57222,0.60607,0.83842,0.9997,0.74208,1.00000,0.9166,0.66025,0.66824,0.9982,0.64348,0.59679,0.63516,0.69028,99.21,0.9979,live,0.1698,0.1260,74.84,594.13
155905.451267,80.0,0.2611,3,2,0,0.63984,0.72361,0.61641,0.69861,0.59922,0.65417,0.59062,0.62500,0.59453,0.59583,0.61875,0.56667,0.61172,0.51111,0.59375,0.51944,0.58047,0.54167,0.63906,0.57083,0.63438,0.50278,0.61406,0.52222,0.60234,0.55278,0.65938,0.59028,0.66094,0.52361,0.64062,0.54444,0.62813,0.57500,0.67891,0.62222,0.68047,0.57639,0.66172,0.58750,0.64766,0.60972,0.60650,0.84143,0.9997,0.74240,1.00000,0.9154,0.66149,0.71098,0.9981,0.64275,0.62215,0.63984,0.72361,100.36,0.9982,live,0.1577,0.1022,60.84,595.09
155905.518224,80.0,0.3504,3,2,0,0.64062,0.73333,0.61641,0.70417,0.60000,0.65972,0.58984,0.63056,0.59375,0.60000,0.62187,0.57361,0.61406,0.51667,0.59609,0.52778,0.58203,0.55139,0.64141,0.58056,0.63750,0.51250,0.61641,0.53333,0.60313,0.56389,0.66094,0.60139,0.66328,0.53472,0.64062,0.55417,0.62578,0.58333,0.67969,0.63611,0.68125,0.58889,0.66172,0.60000,0.64687,0.62083,0.60686,0.84288,0.9997,0.74351,1.00000,0.9164,0.66198,0.72593,0.9982,0.64233,0.64439,0.64062,0.73333,100.03,0.9984,live,0.1515,0.1236,73.65,595.70
155905.585334,80.0,0.4399,3,2,0,0.64062,0.73333,0.61562,0.70417,0.59922,0.65972,0.59062,0.63194,0.59453,0.60139,0.62187,0.57222,0.61484,0.51389,0.59609,0.52361,0.58203,0.54861,0.64141,0.58056,0.63750,0.50972,0.61641,0.52917,0.60313,0.55972,0.66016,0.60139,0.66328,0.53333,0.64062,0.55278,0.62656,0.58194,0.67812,0.63611,0.68203,0.58889,0.66250,0.59722,0.64687,0.61528,0.60647,0.84546,0.9997,0.74350,1.00000,0.9192,0.66200,0.71883,0.9982,0.64199,0.66218,0.64062,0.73333,99.69,0.9988,live,0.1515,0.1428,85.11,596.00
155905.651028,80.0,0.5275,3,2,0,0.64062,0.73056,0.61484,0.70000,0.59766,0.65417,0.58906,0.62361,0.59453,0.59306,0.62031,0.57083,0.61406,0.50972,0.59531,0.51944,0.58125,0.54444,0.63906,0.57917,0.63672,0.50694,0.61562,0.52361,0.60313,0.55278,0.65781,0.60000,0.66250,0.53056,0.64062,0.54722,0.62578,0.57500,0.67656,0.63333,0.68047,0.58333,0.66172,0.59028,0.64609,0.61111,0.60707,0.84122,0.9997,0.74248,1.00000,0.9199,0.66199,0.72081,0.9982,0.64172,0.67585,0.64062,0.73056,98.90,0.9984,live,0.1515,0.1592,94.82,595.68
155905.718756,80.0,0.6178,3,2,0,0.64062,0.72778,0.61484,0.69861,0.59766,0.65000,0.58906,0.61944,0.59453,0.58750,0.62031,0.56667,0.61406,0.50556,0.59609,0.51528,0.58203,0.54028,0.63984,0.57361,0.63672,0.50139,0.61562,0.51806,0.60313,0.54722,0.65859,0.59444,0.66250,0.52361,0.64062,0.54167,0.62578,0.56944,0.67656,0.62639,0.67969,0.57778,0.66094,0.58611,0.64531,0.60556,0.60556,0.84407,0.9997,0.74269,1.00000,0.9216,0.66185,0.71678,0.9982,0.64150,0.68624,0.64062,0.72778,100.01,0.9983,live,0.1515,0.1682,100.31,596.21
155905.784763,80.0,0.7058,3,2,0,0.64297,0.72778,0.61797,0.69583,0.60078,0.64861,0.59453,0.61806,0.59844,0.58472,0.62500,0.56528,0.61797,0.50556,0.59922,0.51528,0.58594,0.53889,0.64375,0.57222,0.64062,0.49861,0.61875,0.51528,0.60625,0.54444,0.66250,0.59167,0.66484,0.52361,0.64219,0.54167,0.62734,0.56944,0.68047,0.62361,0.68281,0.57361,0.66406,0.58194,0.64922,0.60139,0.60515,0.84386,0.9997,0.74255,1.00000,0.9207,0.66201,0.72238,0.9981,0.64179,0.69455,0.64297,0.72778,100.70,0.9981,live,0.1515,0.1668,99.62,597.16
155905.851177,80.0,0.7943,3,2,0,0.65234,0.72639,0.62734,0.69306,0.61016,0.64444,0.60313,0.61111,0.60938,0.58056,0.63516,0.56528,0.62969,0.50417,0.61094,0.51111,0.59766,0.53194,0.65391,0.57222,0.65391,0.49583,0.63203,0.50972,0.61797,0.53750,0.67266,0.59028,0.67656,0.52083,0.65391,0.53472,0.63984,0.56111,0.69141,0.62083,0.69375,0.56944,0.67500,0.57639,0.66094,0.59583,0.60616,0.84379,0.9997,0.74168,1.00000,0.9207,0.66555,0.72157,0.9981,0.64390,0.70091,0.65234,0.72639,100.61,0.9972,live,0.1515,0.1742,104.19,597.94
155905.918448,80.0,0.8840,3,2,0,0.66875,0.71667,0.64531,0.68194,0.63047,0.62917,0.62813,0.59167,0.63984,0.56667,0.65703,0.55139,0.65781,0.49167,0.64062,0.49722,0.62734,0.51806,0.67578,0.55972,0.68047,0.48889,0.65938,0.49861,0.64453,0.52500,0.69453,0.58056,0.70312,0.51250,0.68281,0.52361,0.66953,0.54722,0.71406,0.61111,0.72109,0.55972,0.70391,0.56667,0.69063,0.58750,0.60744,0.84542,0.9997,0.74192,1.00000,0.9200,0.67957,0.72138,0.9981,0.64887,0.70406,0.66875,0.71667,103.41,0.9940,live,0.1515,0.1296,77.82,600.64
155905.984808,80.0,0.9725,3,2,0,0.69297,0.70833,0.67109,0.66667,0.66016,0.61250,0.66250,0.57361,0.67812,0.55000,0.69531,0.53472,0.70234,0.47778,0.68437,0.47778,0.66797,0.49306,0.71250,0.54583,0.72188,0.47778,0.70078,0.48056,0.68437,0.50278,0.72969,0.56944,0.74531,0.50139,0.72734,0.50694,0.71328,0.53056,0.74609,0.60417,0.75938,0.55417,0.74531,0.55417,0.73125,0.57083,0.60792,0.84623,0.9998,0.77003,1.00000,0.9201,0.70084,0.72504,0.9981,0.65769,0.70492,0.69297,0.70833,106.98,0.9943,live,0.1430,0.1042,63.09,605.59
155906.051618,80.0,0.0616,3,3,0,0.71641,0.70000,0.69688,0.65417,0.69141,0.59583,0.69844,0.55833,0.71641,0.53750,0.72813,0.52778,0.73984,0.47500,0.72578,0.46806,0.71016,0.48056,0.74609,0.53889,0.76172,0.47222,0.74375,0.46806,0.72734,0.48889,0.76328,0.56250,0.78438,0.49722,0.76953,0.49722,0.75625,0.52083,0.77891,0.60000,0.79922,0.55000,0.78828,0.54167,0.77266,0.55694,0.60795,0.84623,0.9998,0.75557,1.00000,0.9174,0.73892,0.72444,0.9981,0.66943,0.70393,0.71641,0.70000,109.46,0.9965,live,0.1339,0.0922,56.37,611.73
155906.118757,80.0,0.1511,3,3,0,0.73672,0.69444,0.71953,0.64583,0.71875,0.58194,0.73359,0.54444,0.75234,0.52500,0.75703,0.52222,0.77031,0.47222,0.75859,0.46250,0.74453,0.47639,0.77734,0.53333,0.79688,0.46944,0.78047,0.46389,0.76328,0.48750,0.79375,0.55694,0.81875,0.49583,0.80469,0.48889,0.79063,0.51111,0.80859,0.59306,0.83047,0.54444,0.82109,0.53194,0.80703,0.54583,0.60783,0.84495,0.9998,0.75020,1.00000,0.9145,0.76360,0.72345,0.9980,0.68289,0.70204,0.73672,0.69444,113.67,0.9961,live,0.1275,0.0988,61.27,620.16
155906.184934,80.0,0.2394,3,3,0,0.75391,0.69028,0.73750,0.63472,0.74141,0.57083,0.75938,0.53194,0.77812,0.50833,0.77812,0.51806,0.79141,0.47083,0.78438,0.45833,0.77266,0.47083,0.79766,0.52917,0.81953,0.46806,0.80937,0.45833,0.79375,0.48056,0.81328,0.55278,0.83984,0.49722,0.82891,0.48750,0.81406,0.51111,0.82578,0.59028,0.84688,0.54306,0.83828,0.53056,0.82344,0.54306,0.60818,0.84273,0.9997,0.74999,1.00000,0.9147,0.77570,0.71294,0.9981,0.69709,0.69968,0.75391,0.69028,113.40,0.9956,live,0.1275,0.1236,77.53,627.39
155906.251752,80.0,0.3284,3,3,0,0.76172,0.68889,0.74609,0.63333,0.75156,0.57222,0.77266,0.53611,0.79141,0.51111,0.78672,0.51667,0.80156,0.47222,0.79453,0.45833,0.78438,0.46944,0.80625,0.52778,0.83047,0.46667,0.82109,0.45556,0.80625,0.47778,0.82188,0.55278,0.85000,0.49722,0.84062,0.48611,0.82734,0.50417,0.83359,0.58889,0.85391,0.54306,0.84844,0.52639,0.83594,0.53333,0.60805,0.84034,0.9997,0.74835,1.00000,0.9140,0.78121,0.71302,0.9981,0.71002,0.69753,0.76172,0.68889,113.38,0.9953,live,0.1275,0.1400,88.73,633.74
155906.318866,80.0,0.4179,3,3,0,0.76484,0.69167,0.74766,0.63472,0.75391,0.57361,0.77422,0.53611,0.79453,0.50972,0.79063,0.52222,0.80391,0.47917,0.79766,0.46250,0.78750,0.47222,0.81016,0.53333,0.83203,0.47222,0.82500,0.45694,0.81094,0.47500,0.82500,0.55556,0.85313,0.50000,0.84531,0.48472,0.83125,0.50139,0.83594,0.59167,0.85547,0.54583,0.85000,0.52639,0.83672,0.53194,0.60904,0.83865,0.9997,0.75132,1.00000,0.9137,0.78583,0.70888,0.9981,0.72098,0.69635,0.76484,0.69167,111.73,0.9919,live,0.1333,0.1593,101.64,638.13
155906.385260,80.0,0.5065,3,3,0,0.76406,0.69306,0.74766,0.63611,0.75469,0.57500,0.77500,0.53889,0.79531,0.51250,0.79063,0.52500,0.80391,0.47917,0.79609,0.46528,0.78359,0.47778,0.80937,0.53472,0.83203,0.47361,0.82344,0.45833,0.80859,0.47917,0.82422,0.55833,0.85234,0.50139,0.84375,0.48611,0.82969,0.50417,0.83594,0.59306,0.85547,0.54722,0.84922,0.52917,0.83516,0.53750,0.60906,0.83920,0.9997,0.75058,1.00000,0.9133,0.78585,0.70920,0.9981,0.72960,0.69569,0.76406,0.69306,111.59,0.9928,live,0.1401,0.1712,109.89,641.90
155906.451466,80.0,0.5947,3,3,0,0.76328,0.69583,0.74687,0.63889,0.75234,0.57639,0.77344,0.54167,0.79453,0.51806,0.79063,0.52500,0.80547,0.47917,0.79531,0.46944,0.78125,0.48056,0.80937,0.53611,0.83047,0.47500,0.81719,0.46528,0.80078,0.48472,0.82422,0.55972,0.85234,0.50139,0.84141,0.48889,0.82656,0.50694,0.83516,0.59444,0.85469,0.54861,0.84609,0.53333,0.83125,0.54306,0.60903,0.83903,0.9997,0.75221,1.00000,0.9142,0.78520,0.71038,0.9981,0.73634,0.69572,0.76328,0.69583,112.60,0.9939,live,0.1461,0.1736,112.15,645.94
155906.519056,80.0,0.6848,3,3,0,0.75859,0.69861,0.74219,0.64306,0.74844,0.57917,0.76875,0.54167,0.79063,0.52222,0.78359,0.52778,0.79688,0.48194,0.78828,0.46944,0.77578,0.48056,0.80312,0.53889,0.82422,0.47639,0.81094,0.46944,0.79453,0.49167,0.81875,0.56250,0.84688,0.50278,0.83516,0.49306,0.82031,0.51389,0.83047,0.59861,0.85078,0.55278,0.84219,0.53611,0.82812,0.54444,0.60961,0.83661,0.9997,0.74969,1.00000,0.9112,0.78439,0.71644,0.9981,0.74079,0.69630,0.75859,0.69861,112.75,0.9932,live,0.1461,0.1641,106.57,649.61
155906.585146,80.0,0.7730,3,3,0,0.74922,0.69861,0.73047,0.64306,0.73594,0.57778,0.75547,0.54028,0.77500,0.51944,0.77187,0.52917,0.78438,0.48194,0.77422,0.46806,0.76250,0.48056,0.79141,0.53889,0.81250,0.47500,0.79922,0.46389,0.78438,0.48611,0.80703,0.56111,0.83203,0.50139,0.82031,0.48750,0.80547,0.50833,0.81875,0.59444,0.83750,0.54861,0.82812,0.53333,0.81406,0.54583,0.60922,0.83682,0.9997,0.74779,1.00000,0.9113,0.78375,0.71596,0.9981,0.74247,0.69676,0.74922,0.69861,111.26,0.9902,live,0.1461,0.1437,93.68,651.77
155906.651830,80.0,0.8619,3,3,0,0.73281,0.69167,0.71484,0.63472,0.71719,0.57361,0.73438,0.53889,0.75078,0.51111,0.75156,0.51944,0.76172,0.46944,0.74922,0.46111,0.73594,0.47639,0.76953,0.52917,0.78516,0.46389,0.76875,0.45694,0.75391,0.47639,0.78516,0.55000,0.80625,0.48750,0.79219,0.47917,0.77812,0.49861,0.79922,0.58194,0.81328,0.53194,0.80156,0.52083,0.78672,0.53333,0.60981,0.83820,0.9997,0.74821,1.00000,0.9113,0.76880,0.70806,0.9981,0.74054,0.69574,0.73281,0.69167,111.06,0.9893,live,0.1409,0.1169,76.40,653.52
155906.719073,80.0,0.9515,3,3,0,0.71406,0.67222,0.69531,0.61944,0.69063,0.56111,0.70234,0.51806,0.72109,0.49444,0.72578,0.50000,0.73281,0.44861,0.71953,0.44306,0.70625,0.45694,0.74453,0.50556,0.75781,0.44167,0.74141,0.43333,0.72656,0.45278,0.76094,0.52500,0.77969,0.45972,0.76406,0.45556,0.75000,0.47778,0.77656,0.55694,0.78672,0.50556,0.77266,0.49583,0.75781,0.51111,0.61123,0.83886,0.9997,0.74873,1.00000,0.9091,0.74372,0.70100,0.9980,0.73525,0.69104,0.71406,0.67222,110.80,0.9931,live,0.1316,0.0892,58.42,654.87
155906.785233,80.0,0.0398,3,1,1,0.69688,0.64028,0.67500,0.59167,0.66953,0.53056,0.67656,0.49028,0.68906,0.46528,0.70078,0.46667,0.70312,0.41806,0.68906,0.41111,0.67656,0.42361,0.71797,0.47083,0.72734,0.40417,0.71094,0.39861,0.69688,0.41806,0.73438,0.48889,0.74922,0.42222,0.73281,0.41667,0.71953,0.43611,0.74922,0.51806,0.75703,0.46250,0.74297,0.45417,0.73047,0.46944,0.61128,0.83895,0.9997,0.74767,1.00000,0.9073,0.72703,0.67991,0.9981,0.72757,0.68089,0.69688,0.64028,108.21,0.9938,live,0.1198,0.0661,43.24,654.20
155906.851838,80.0,0.1286,3,1,1,0.68125,0.59444,0.65859,0.54583,0.65078,0.48611,0.65391,0.44167,0.66797,0.41389,0.67969,0.42361,0.68516,0.36667,0.66875,0.35556,0.65547,0.36528,0.69609,0.42778,0.70469,0.35972,0.68672,0.35139,0.67188,0.36944,0.71172,0.44306,0.72500,0.37500,0.70781,0.36389,0.69297,0.37917,0.72734,0.46944,0.73516,0.41528,0.72109,0.40417,0.70703,0.41389,0.61118,0.83706,0.9997,0.74612,1.00000,0.9031,0.71130,0.62595,0.9979,0.71831,0.66360,0.68125,0.59444,105.37,0.9874,live,0.1090,0.0600,39.08,651.57
155906.918906,80.0,0.2180,3,1,1,0.67109,0.55000,0.64766,0.50000,0.63828,0.44028,0.64141,0.39444,0.65391,0.36250,0.66563,0.38194,0.66875,0.32917,0.65469,0.31389,0.64062,0.31667,0.68203,0.38333,0.68906,0.31806,0.67266,0.30694,0.65781,0.31806,0.69766,0.39583,0.70781,0.33056,0.69219,0.31667,0.67812,0.32917,0.71328,0.41944,0.71953,0.36528,0.70625,0.35139,0.69219,0.35972,0.61069,0.82989,0.9997,0.74395,0.98206,0.9004,0.69555,0.57374,0.9979,0.70886,0.64088,0.67109,0.55000,104.28,0.9869,live,0.1090,0.0908,58.90,648.46
155906.985061,80.0,0.3062,3,1,1,0.66406,0.51111,0.63828,0.46111,0.62891,0.40000,0.63203,0.35278,0.64297,0.31528,0.65703,0.34444,0.65625,0.29861,0.64453,0.27917,0.63125,0.27361,0.67266,0.34306,0.67734,0.28472,0.66250,0.26806,0.64687,0.27083,0.68828,0.35417,0.69688,0.29306,0.68203,0.27639,0.66641,0.28472,0.70234,0.37639,0.70781,0.32361,0.69609,0.30694,0.68125,0.30972,0.60806,0.82812,0.9997,0.74139,0.92271,0.9021,0.68786,0.53001,0.9978,0.69990,0.61493,0.66406,0.51111,103.23,0.9856,live,0.1090,0.1244,80.26,644.97
155907.052309,80.0,0.3959,3,1,1,0.65938,0.48194,0.63203,0.43056,0.62266,0.37222,0.62500,0.32500,0.63516,0.28333,0.64922,0.31806,0.64844,0.27222,0.63672,0.25139,0.62422,0.24444,0.66563,0.31528,0.66875,0.25694,0.65391,0.23889,0.63906,0.24028,0.67969,0.32500,0.68906,0.26250,0.67422,0.24444,0.65781,0.25278,0.69375,0.34444,0.70000,0.29306,0.68750,0.27361,0.67266,0.27500,0.60778,0.82687,0.9996,0.73784,0.89920,0.9063,0.68076,0.50937,0.9980,0.69180,0.58833,0.65938,0.48194,101.85,0.9841,live,0.1179,0.1584,101.50,640.90
155907.119329,80.0,0.4852,3,1,1,0.65703,0.46389,0.62891,0.41806,0.61875,0.35972,0.62031,0.30972,0.63125,0.27222,0.64453,0.30556,0.64219,0.26111,0.63125,0.23889,0.61875,0.23194,0.66016,0.30278,0.66250,0.24444,0.65000,0.22639,0.63359,0.22917,0.67422,0.31111,0.68281,0.25139,0.66953,0.23194,0.65391,0.23750,0.68828,0.32917,0.69297,0.28194,0.68359,0.26111,0.67031,0.25833,0.60729,0.82605,0.9996,0.73791,0.88722,0.9104,0.67769,0.48580,0.9980,0.68484,0.56344,0.65703,0.46389,98.66,0.9830,live,0.1310,0.1906,121.06,635.03
155907.185129,80.0,0.5729,3,1,1,0.65312,0.45972,0.62734,0.41528,0.61719,0.35694,0.61719,0.30694,0.62734,0.26806,0.64062,0.30417,0.63828,0.25833,0.62734,0.23889,0.61562,0.23194,0.65625,0.29861,0.65781,0.24167,0.64375,0.22222,0.62734,0.22778,0.67031,0.30556,0.67734,0.24583,0.66406,0.22639,0.64766,0.23333,0.68437,0.32222,0.68828,0.27639,0.67812,0.25556,0.66406,0.25417,0.60738,0.82518,0.9996,0.73784,0.88103,0.9153,0.67605,0.48287,0.9981,0.67850,0.54270,0.65312,0.45972,98.37,0.9859,live,0.1468,0.2190,137.88,629.65
155907.252076,80.0,0.6622,3,1,1,0.65312,0.46667,0.62578,0.42222,0.61641,0.36250,0.61875,0.31250,0.62734,0.27083,0.63906,0.31111,0.63672,0.26667,0.62656,0.24722,0.61406,0.24028,0.65469,0.30694,0.65547,0.25278,0.64297,0.23333,0.62734,0.23472,0.66953,0.31250,0.67578,0.25556,0.66250,0.23472,0.64687,0.23611,0.68437,0.32778,0.68750,0.28194,0.67734,0.25972,0.66328,0.25694,0.60609,0.82553,0.9996,0.73811,0.88276,0.9192,0.67608,0.48754,0.9982,0.67343,0.52749,0.65312,0.46667,98.85,0.9892,live,0.1612,0.2269,141.87,625.26
155907.319479,80.0,0.7521,3,1,1,0.65469,0.48194,0.62734,0.43889,0.61797,0.37639,0.62031,0.32778,0.62969,0.28889,0.64297,0.32778,0.64141,0.27917,0.62891,0.25833,0.61641,0.25556,0.65781,0.32500,0.66016,0.26528,0.64531,0.24722,0.62891,0.25278,0.67266,0.33194,0.67969,0.26944,0.66328,0.25000,0.64766,0.25694,0.68750,0.34861,0.69141,0.29583,0.67812,0.27778,0.66328,0.28056,0.60606,0.82537,0.9996,0.73802,0.88444,0.9211,0.67583,0.49408,0.9983,0.66968,0.51838,0.65469,0.48194,97.20,0.9899,live,0.1724,0.2233,138.50,620.22
155907.385441,80.0,0.8400,3,1,1,0.65547,0.51111,0.63125,0.46528,0.62266,0.40556,0.62344,0.35833,0.63281,0.32083,0.64766,0.35417,0.64687,0.30694,0.63438,0.28611,0.62109,0.28333,0.66250,0.35139,0.66719,0.29167,0.65156,0.27500,0.63516,0.28056,0.67812,0.36111,0.68672,0.29722,0.67031,0.28194,0.65391,0.29306,0.69219,0.38056,0.69688,0.32639,0.68359,0.30833,0.66797,0.31250,0.60596,0.82473,0.9995,0.73680,0.89830,0.9219,0.67584,0.50638,0.9983,0.66684,0.51693,0.65547,0.51111,98.49,0.9899,live,0.1777,0.2018,124.47,616.71
155907.451907,80.0,0.9287,3,1,1,0.65781,0.55556,0.63516,0.51389,0.62656,0.45556,0.62578,0.41111,0.63750,0.37500,0.65234,0.39722,0.65234,0.34722,0.63672,0.33056,0.62266,0.33194,0.66719,0.39722,0.67188,0.33333,0.65469,0.32222,0.63906,0.33472,0.68281,0.40833,0.69219,0.34167,0.67422,0.33194,0.65938,0.34722,0.69766,0.42917,0.70312,0.37500,0.68828,0.36389,0.67422,0.37361,0.60510,0.82681,0.9996,0.73772,0.95398,0.9212,0.67625,0.53495,0.9983,0.66503,0.52465,0.65781,0.55556,98.89,0.9890,live,0.1777,0.1717,105.42,613.90
155907.519555,80.0,0.0188,3,2,0,0.65703,0.60833,0.63594,0.57361,0.62656,0.51667,0.62734,0.47778,0.63750,0.44722,0.65547,0.45000,0.65703,0.39444,0.64062,0.38889,0.62734,0.40139,0.67188,0.45556,0.68047,0.38472,0.66172,0.38472,0.64844,0.40694,0.68750,0.47361,0.69922,0.40556,0.67969,0.40417,0.66563,0.42361,0.70312,0.50139,0.70937,0.44861,0.69375,0.44028,0.67969,0.45139,0.60525,0.82960,0.9996,0.73762,1.00000,0.9210,0.67622,0.58976,0.9983,0.66343,0.54139,0.65703,0.60833,98.50,0.9957,live,0.1706,0.1384,84.60,611.15
155907.585441,80.0,0.1067,3,2,0,0.65938,0.66667,0.63828,0.63889,0.62813,0.58611,0.62813,0.55000,0.63906,0.51944,0.65859,0.51389,0.65703,0.45972,0.63906,0.45972,0.62656,0.47361,0.67578,0.51944,0.68437,0.44583,0.66406,0.44861,0.65078,0.47500,0.69297,0.53889,0.70469,0.46806,0.68359,0.47222,0.67031,0.49722,0.70859,0.56806,0.71406,0.51528,0.69688,0.51528,0.68437,0.53333,0.60574,0.83421,0.9996,0.73788,1.00000,0.9190,0.67908,0.68189,0.9984,0.66262,0.56644,0.65938,0.66667,96.98,0.9970,live,0.1587,0.1046,63.54,607.64
155907.652627,80.0,0.1963,3,2,0,0.66250,0.71806,0.64219,0.68611,0.62969,0.63194,0.62891,0.59444,0.64297,0.56806,0.66250,0.55694,0.66094,0.50278,0.64219,0.50556,0.62891,0.52222,0.68047,0.56389,0.68672,0.49167,0.66484,0.50000,0.65078,0.52639,0.69766,0.58472,0.70937,0.51528,0.68750,0.52639,0.67344,0.55278,0.71328,0.61806,0.72109,0.56667,0.70234,0.56944,0.68750,0.58889,0.60641,0.83716,0.9996,0.73547,1.00000,0.9196,0.67911,0.72940,0.9984,0.66260,0.59677,0.66250,0.71806,101.21,0.9984,live,0.1492,0.1056,64.15,607.60
155907.719510,80.0,0.2855,3,2,0,0.66406,0.74444,0.64297,0.70694,0.63125,0.65417,0.63047,0.61667,0.64453,0.59306,0.66250,0.57778,0.66250,0.52361,0.64297,0.52639,0.62969,0.54583,0.68203,0.58611,0.68984,0.51389,0.66563,0.52361,0.65000,0.55139,0.70000,0.60833,0.71328,0.53889,0.68828,0.55139,0.67344,0.57917,0.71562,0.64444,0.72344,0.59028,0.70391,0.59444,0.68906,0.61528,0.60818,0.84093,0.9996,0.73548,1.00000,0.9200,0.68098,0.75009,0.9984,0.66289,0.62630,0.66406,0.74444,104.31,0.9979,live,0.1492,0.1334,81.34,609.79
155907.785689,80.0,0.3737,3,2,0,0.66563,0.75000,0.64375,0.71111,0.63203,0.65694,0.63203,0.62222,0.64453,0.59583,0.66406,0.58056,0.66250,0.52639,0.64297,0.53194,0.62891,0.55139,0.68281,0.59028,0.68984,0.51528,0.66563,0.52778,0.65078,0.55694,0.70000,0.61389,0.71406,0.54444,0.68906,0.55556,0.67344,0.58194,0.71562,0.65000,0.72422,0.59722,0.70391,0.60000,0.68750,0.61667,0.61193,0.84408,0.9996,0.74735,1.00000,0.9252,0.68200,0.76203,0.9984,0.66344,0.65104,0.66563,0.75000,104.56,0.9976,live,0.1492,0.1594,97.55,611.89
155907.852525,80.0,0.4628,3,2,0,0.66563,0.75000,0.64297,0.70694,0.63047,0.65417,0.62969,0.61806,0.64297,0.59306,0.66328,0.58056,0.66406,0.52639,0.64375,0.52639,0.62891,0.54306,0.68203,0.58889,0.68984,0.51528,0.66641,0.52361,0.65078,0.55000,0.69844,0.60972,0.71250,0.54167,0.68906,0.55278,0.67422,0.57917,0.71484,0.64583,0.72344,0.59306,0.70391,0.59444,0.68828,0.61250,0.61174,0.84241,0.9997,0.74790,1.00000,0.9282,0.68202,0.75249,0.9985,0.66387,0.67083,0.66563,0.75000,104.72,0.9966,live,0.1549,0.1811,111.18,613.87
155907.919657,80.0,0.5523,3,2,0,0.66484,0.74583,0.64219,0.70417,0.62969,0.65000,0.62813,0.61250,0.64219,0.58472,0.66016,0.57639,0.66172,0.51806,0.64297,0.51944,0.62813,0.53889,0.67891,0.58472,0.68906,0.50833,0.66563,0.51667,0.64922,0.54444,0.69609,0.60556,0.71094,0.53750,0.68672,0.54861,0.67109,0.57500,0.71328,0.64028,0.72109,0.58750,0.70078,0.58889,0.68516,0.60556,0.61170,0.83857,0.9997,0.73740,1.00000,0.9261,0.68102,0.74713,0.9985,0.66407,0.68583,0.66484,0.74583,104.93,0.9972,live,0.1626,0.1977,121.73,615.75
155907.985579,80.0,0.6402,3,2,0,0.66484,0.74306,0.64141,0.70139,0.62969,0.64722,0.62813,0.61111,0.64062,0.58333,0.66016,0.57361,0.66094,0.51667,0.64219,0.51806,0.62734,0.53611,0.67891,0.58194,0.68750,0.50694,0.66406,0.51528,0.64844,0.54167,0.69609,0.60278,0.70937,0.53333,0.68594,0.54444,0.66953,0.57083,0.71094,0.63750,0.71797,0.58472,0.69844,0.58611,0.68281,0.60417,0.61107,0.83930,0.9997,0.74785,1.00000,0.9269,0.68092,0.74687,0.9984,0.66422,0.69728,0.66484,0.74306,103.84,0.9966,live,0.1696,0.2016,124.33,616.63
155908.052586,80.0,0.7296,3,2,0,0.66484,0.74167,0.64219,0.69861,0.63047,0.64444,0.63047,0.60833,0.64219,0.58056,0.66328,0.57083,0.66328,0.51667,0.64375,0.51667,0.62969,0.53333,0.68203,0.57917,0.68906,0.50417,0.66641,0.51250,0.65078,0.53750,0.69922,0.60000,0.71172,0.53056,0.68750,0.54167,0.67109,0.56944,0.71484,0.63333,0.72109,0.58056,0.70078,0.58333,0.68437,0.60278,0.61099,0.83971,0.9997,0.75136,1.00000,0.9302,0.68123,0.74411,0.9984,0.66435,0.70616,0.66484,0.74167,105.71,0.9971,live,0.1696,0.1918,118.65,618.75
155908.119573,80.0,0.8189,3,2,0,0.67422,0.74028,0.65234,0.69444,0.64062,0.64028,0.64141,0.60000,0.65547,0.57222,0.67422,0.56944,0.67656,0.51250,0.65781,0.51111,0.64297,0.52500,0.69141,0.57778,0.70000,0.50417,0.67812,0.50833,0.66250,0.53056,0.70859,0.59861,0.72188,0.52778,0.69922,0.53472,0.68437,0.55972,0.72422,0.63056,0.73281,0.57778,0.71484,0.57639,0.70078,0.59444,0.61137,0.83972,0.9997,0.75522,1.00000,0.9330,0.68376,0.74492,0.9985,0.66632,0.71298,0.67422,0.74028,105.35,0.9965,live,0.1696,0.1702,105.61,620.35
155908.185877,80.0,0.9073,3,2,0,0.69375,0.73611,0.67188,0.69167,0.66172,0.63333,0.66797,0.59028,0.68594,0.56944,0.69766,0.56250,0.70703,0.50694,0.69063,0.50417,0.67500,0.51667,0.71562,0.57222,0.72969,0.50139,0.70937,0.50139,0.69297,0.52222,0.73203,0.59444,0.74922,0.52639,0.72969,0.52917,0.71484,0.55000,0.74844,0.62778,0.75938,0.57639,0.74297,0.57222,0.72734,0.58750,0.61224,0.84203,0.9997,0.75537,1.00000,0.9298,0.70347,0.74539,0.9985,0.67181,0.71761,0.69375,0.73611,107.85,0.9906,live,0.1645,0.1408,87.80,623.56
155908.252350,80.0,0.9959,3,2,0,0.71719,0.73889,0.69688,0.68611,0.69297,0.62361,0.70469,0.58333,0.72188,0.55972,0.73125,0.56111,0.74375,0.51111,0.73281,0.49722,0.71875,0.50278,0.75078,0.57083,0.76875,0.50417,0.75313,0.49444,0.73672,0.50972,0.76719,0.59167,0.78984,0.53056,0.77422,0.52639,0.75859,0.54583,0.78281,0.62778,0.80078,0.57917,0.78828,0.56944,0.77109,0.58056,0.61223,0.84358,0.9997,0.75900,1.00000,0.9268,0.73535,0.75019,0.9984,0.68088,0.72186,0.71719,0.73889,113.82,0.9935,live,0.1645,0.1476,93.06,630.68
155908.319539,80.0,0.0855,3,3,0,0.73984,0.73472,0.72266,0.67917,0.72344,0.61389,0.73984,0.57361,0.76016,0.55000,0.76406,0.56250,0.77812,0.51389,0.77109,0.49722,0.76094,0.50278,0.78359,0.57222,0.80781,0.50833,0.79453,0.49583,0.77812,0.51389,0.80000,0.59583,0.82812,0.53611,0.81406,0.52361,0.79922,0.54306,0.81328,0.63194,0.83750,0.58333,0.82656,0.56806,0.81016,0.57778,0.61065,0.83783,0.9997,0.74309,1.00000,0.9225,0.76829,0.74999,0.9984,0.69268,0.72443,0.73984,0.73472,114.40,0.9951,live,0.1531,0.1016,64.75,637.36
155908.385981,80.0,0.1741,3,3,0,0.76016,0.73194,0.74453,0.67222,0.74922,0.60833,0.76875,0.56944,0.78828,0.54028,0.78750,0.55694,0.79922,0.50972,0.79922,0.49306,0.79453,0.49861,0.80781,0.56806,0.83203,0.50833,0.82656,0.49444,0.81328,0.51250,0.82422,0.59306,0.85313,0.53889,0.84453,0.52778,0.83047,0.54722,0.83672,0.63056,0.86016,0.58750,0.85469,0.57083,0.83984,0.58194,0.61059,0.83749,0.9997,0.74347,1.00000,0.9226,0.78324,0.74709,0.9984,0.70617,0.72594,0.76016,0.73194,117.03,0.9942,live,0.1443,0.1040,67.12,645.15
155908.452542,80.0,0.2628,3,3,0,0.77031,0.73333,0.75703,0.67361,0.76406,0.60972,0.78516,0.57083,0.80703,0.54306,0.80078,0.55694,0.81406,0.50972,0.81328,0.49167,0.80469,0.50000,0.82266,0.56944,0.84766,0.51111,0.84453,0.49306,0.83047,0.50972,0.83906,0.59583,0.86797,0.54306,0.86094,0.52917,0.84609,0.54722,0.85156,0.63333,0.87500,0.59306,0.87031,0.57500,0.85547,0.58333,0.61100,0.83629,0.9997,0.74402,1.00000,0.9220,0.79097,0.74554,0.9984,0.71900,0.72742,0.77031,0.73333,120.05,0.9955,live,0.1394,0.1168,76.42,654.16
155908.520034,80.0,0.3528,3,3,0,0.77812,0.73472,0.76406,0.67500,0.77187,0.61389,0.79297,0.57500,0.81563,0.55278,0.80781,0.55833,0.81875,0.51389,0.81953,0.49722,0.81563,0.50694,0.83047,0.57083,0.85391,0.51250,0.85234,0.49583,0.84062,0.51528,0.84688,0.59722,0.87578,0.54722,0.87187,0.53056,0.85781,0.55000,0.85859,0.63611,0.88281,0.59583,0.88125,0.57500,0.86875,0.58056,0.61313,0.83631,0.9997,0.74453,1.00000,0.9185,0.79809,0.74557,0.9984,0.73082,0.72888,0.77812,0.73472,119.79,0.9945,live,0.1394,0.1333,88.23,661.91
155908.586292,80.0,0.4412,3,3,0,0.78203,0.73750,0.76641,0.67639,0.77422,0.61528,0.79531,0.57778,0.81797,0.55556,0.81172,0.56250,0.82344,0.51944,0.82422,0.50139,0.82031,0.51111,0.83359,0.57500,0.85703,0.51944,0.85703,0.50139,0.84609,0.51667,0.85000,0.60278,0.87813,0.55278,0.87500,0.53611,0.86250,0.55278,0.86172,0.64028,0.88438,0.60000,0.88281,0.58056,0.87031,0.58611,0.61313,0.83714,0.9997,0.74507,1.00000,0.9175,0.80422,0.74538,0.9983,0.74107,0.73060,0.78203,0.73750,118.67,0.9942,live,0.1394,0.1494,99.76,667.92
155908.652481,80.0,0.5294,3,3,0,0.78359,0.74306,0.76719,0.68333,0.77187,0.61944,0.78906,0.57639,0.81172,0.54861,0.81250,0.56667,0.82500,0.52361,0.82656,0.50417,0.82188,0.51111,0.83516,0.58056,0.85859,0.52361,0.85859,0.50556,0.84688,0.52222,0.85078,0.60694,0.87891,0.55694,0.87656,0.53889,0.86250,0.55556,0.86328,0.64583,0.88516,0.60417,0.88359,0.58472,0.87109,0.59167,0.61310,0.83728,0.9997,0.74743,1.00000,0.9174,0.80261,0.74526,0.9983,0.74957,0.73309,0.78359,0.74306,119.19,0.9947,live,0.1439,0.1645,110.80,673.59
155908.719701,80.0,0.6190,3,3,0,0.78203,0.74583,0.76562,0.68472,0.76875,0.62222,0.78516,0.57778,0.80625,0.54861,0.81094,0.57083,0.82266,0.52778,0.82500,0.50694,0.82188,0.51111,0.83359,0.58333,0.85625,0.52639,0.85625,0.50972,0.84609,0.52361,0.85000,0.60972,0.87734,0.55972,0.87500,0.54306,0.86250,0.56111,0.86250,0.64861,0.88438,0.60972,0.88281,0.58889,0.86953,0.59722,0.61328,0.83691,0.9997,0.74757,1.00000,0.9160,0.80295,0.75008,0.9983,0.75606,0.73564,0.78203,0.74583,119.19,0.9941,live,0.1439,0.1601,108.63,678.58
155908.785970,80.0,0.7074,3,3,0,0.77656,0.75000,0.76094,0.68750,0.76328,0.62639,0.77578,0.58194,0.79453,0.54861,0.80781,0.57639,0.81641,0.53472,0.81797,0.51250,0.81563,0.51250,0.82969,0.58750,0.85313,0.53194,0.85234,0.51250,0.84141,0.52639,0.84609,0.61528,0.87422,0.56389,0.87187,0.54722,0.85781,0.56528,0.85781,0.65417,0.88281,0.61528,0.87969,0.59444,0.86484,0.60278,0.61342,0.83268,0.9997,0.74677,1.00000,0.9124,0.80235,0.75055,0.9982,0.76016,0.73851,0.77656,0.75000,119.10,0.9923,live,0.1439,0.1496,102.18,682.90
155908.853025,80.0,0.7968,3,3,0,0.76797,0.74306,0.75078,0.68194,0.75000,0.62083,0.75938,0.57500,0.76953,0.53611,0.79453,0.56944,0.80547,0.52222,0.80703,0.50139,0.80234,0.50556,0.81797,0.58194,0.84375,0.52778,0.84297,0.50833,0.83047,0.52083,0.83516,0.60972,0.86406,0.56111,0.86172,0.54444,0.84688,0.56389,0.84844,0.64861,0.87344,0.61389,0.87187,0.59306,0.85703,0.59861,0.61343,0.83241,0.9997,0.74683,1.00000,0.9121,0.79942,0.75230,0.9982,0.76172,0.73942,0.76797,0.74306,118.74,0.9882,live,0.1439,0.1297,89.04,686.44
155908.920257,80.0,0.8865,3,3,0,0.75313,0.73472,0.73359,0.67778,0.72969,0.61389,0.73359,0.56389,0.73750,0.52361,0.77656,0.55556,0.78672,0.50972,0.78828,0.48889,0.78438,0.49583,0.80156,0.56806,0.82422,0.51250,0.82266,0.49444,0.81016,0.51111,0.81953,0.59722,0.84688,0.54722,0.84297,0.53056,0.82812,0.54861,0.83203,0.63889,0.85703,0.60278,0.85469,0.58194,0.83984,0.58750,0.61305,0.83239,0.9997,0.74547,1.00000,0.9096,0.78939,0.75055,0.9982,0.76000,0.73848,0.75313,0.73472,120.70,0.9842,live,0.1367,0.1039,71.77,690.97
155908.986043,80.0,0.9742,3,3,0,0.73125,0.71389,0.70937,0.65833,0.70391,0.59028,0.70625,0.54167,0.70781,0.50000,0.74922,0.53472,0.75938,0.49028,0.75703,0.46806,0.74922,0.47083,0.77500,0.54444,0.79688,0.49028,0.79375,0.46806,0.78047,0.47917,0.79453,0.57083,0.81875,0.51944,0.81250,0.50000,0.79844,0.51250,0.80937,0.60972,0.83125,0.56944,0.82734,0.55000,0.81328,0.55556,0.61343,0.83768,0.9997,0.76787,1.00000,0.9102,0.76730,0.73581,0.9982,0.75425,0.73356,0.73125,0.71389,121.08,0.9823,live,0.1264,0.0796,55.37,695.23
155909.052674,80.0,0.0630,3,1,1,0.71484,0.68472,0.68672,0.62778,0.67734,0.55694,0.67891,0.50278,0.67656,0.45972,0.71875,0.49722,0.72422,0.44583,0.72109,0.42222,0.71328,0.41806,0.74453,0.50278,0.75703,0.44861,0.75781,0.42083,0.74844,0.41944,0.76484,0.52500,0.78047,0.47639,0.78281,0.44722,0.77422,0.44444,0.78047,0.55833,0.79766,0.52083,0.80078,0.49722,0.79297,0.49167,0.61318,0.84521,0.9997,0.76637,1.00000,0.9096,0.73661,0.70149,0.9982,0.74637,0.72379,0.71484,0.68472,121.44,0.9572,live,0.1142,0.0588,41.12,699.24
155909.120271,80.0,0.1531,3,1,1,0.69297,0.63056,0.66172,0.57500,0.64922,0.50556,0.65000,0.45278,0.64609,0.40972,0.69063,0.44028,0.69063,0.39028,0.68672,0.36111,0.68047,0.34167,0.71562,0.44444,0.72734,0.39028,0.72656,0.35833,0.71875,0.34306,0.73516,0.46111,0.74922,0.41250,0.74922,0.38194,0.74141,0.36528,0.75156,0.49028,0.76719,0.45278,0.76953,0.42917,0.76328,0.41389,0.61252,0.84356,0.9997,0.75730,1.00000,0.9070,0.71775,0.65752,0.9982,0.73569,0.70515,0.69297,0.63056,121.46,0.9632,live,0.1043,0.0590,41.47,702.79
155909.186530,80.0,0.2415,3,1,1,0.67344,0.58056,0.64219,0.52917,0.62734,0.46111,0.62578,0.40694,0.62109,0.36389,0.66641,0.39583,0.66484,0.34306,0.66016,0.31250,0.65469,0.28472,0.69063,0.39583,0.69766,0.33750,0.69766,0.30139,0.69453,0.26944,0.71094,0.40972,0.72344,0.35556,0.72500,0.32083,0.72188,0.29028,0.72734,0.43472,0.74219,0.39444,0.74531,0.36806,0.74219,0.34444,0.61186,0.83990,0.9997,0.74747,1.00000,0.9064,0.69515,0.58698,0.9982,0.72324,0.68023,0.67344,0.58056,119.16,0.9699,live,0.1043,0.0925,65.14,704.24
155909.253695,80.0,0.3310,3,1,1,0.66250,0.53750,0.62813,0.49028,0.61250,0.42361,0.60938,0.36944,0.60234,0.33056,0.65000,0.35694,0.64766,0.30417,0.64297,0.27500,0.63750,0.24861,0.67344,0.35417,0.68047,0.29444,0.67812,0.25972,0.67188,0.22917,0.69297,0.36528,0.70312,0.31111,0.70234,0.27500,0.69766,0.24306,0.70859,0.38889,0.72109,0.35139,0.72422,0.32222,0.72266,0.29444,0.60991,0.83393,0.9997,0.74234,0.95800,0.9067,0.67753,0.54359,0.9982,0.71109,0.65168,0.66250,0.53750,116.09,0.9707,live,0.1043,0.1287,90.50,703.32
155909.320328,80.0,0.4199,3,1,1,0.65156,0.50417,0.61797,0.45972,0.60156,0.39861,0.59922,0.34861,0.59453,0.30556,0.63828,0.33333,0.63984,0.28194,0.63438,0.25694,0.62500,0.24306,0.66094,0.32778,0.66719,0.26944,0.66172,0.23333,0.65078,0.21111,0.67969,0.33611,0.68984,0.28056,0.68750,0.24583,0.67812,0.22222,0.69453,0.35694,0.70625,0.30972,0.70625,0.28056,0.69922,0.25694,0.60955,0.83228,0.9997,0.73883,0.92638,0.9062,0.67136,0.51522,0.9983,0.69919,0.62218,0.65156,0.50417,111.28,0.9741,live,0.1155,0.1664,116.33,699.04
155909.386473,80.0,0.5081,3,1,1,0.64687,0.48472,0.61406,0.44028,0.59844,0.38194,0.59688,0.33056,0.59375,0.28889,0.63438,0.32083,0.63516,0.27222,0.62813,0.24861,0.61797,0.23889,0.65469,0.31528,0.66016,0.25694,0.65391,0.22500,0.64219,0.20972,0.67188,0.32222,0.68047,0.26667,0.67578,0.23472,0.66563,0.21667,0.68750,0.34028,0.69688,0.29444,0.69531,0.26389,0.68828,0.24167,0.60760,0.83152,0.9996,0.73648,0.90996,0.9094,0.66516,0.50143,0.9983,0.68872,0.59469,0.64687,0.48472,106.80,0.9648,live,0.1311,0.2022,139.97,692.05
155909.453252,80.0,0.5971,3,1,1,0.64453,0.47500,0.61250,0.43194,0.59766,0.37361,0.59531,0.32361,0.59609,0.28333,0.63281,0.31528,0.63359,0.26667,0.62578,0.24583,0.61562,0.24306,0.65234,0.30833,0.65781,0.25000,0.65000,0.22083,0.63594,0.21667,0.66875,0.31528,0.67656,0.25833,0.66953,0.22778,0.65625,0.21806,0.68437,0.33194,0.69297,0.28611,0.68984,0.25694,0.68047,0.24028,0.60767,0.83124,0.9996,0.73623,0.90750,0.9104,0.66345,0.49639,0.9984,0.67989,0.57075,0.64453,0.47500,104.60,0.9797,live,0.1492,0.2315,158.43,684.32
155909.520261,80.0,0.6865,3,1,1,0.64453,0.47917,0.61406,0.43333,0.60000,0.37500,0.59766,0.32222,0.59844,0.28056,0.63516,0.31944,0.63594,0.27222,0.62891,0.25417,0.61875,0.25417,0.65391,0.31389,0.65859,0.25694,0.65156,0.22917,0.63828,0.22778,0.67109,0.31944,0.67891,0.26528,0.67188,0.23472,0.65859,0.22917,0.68750,0.33333,0.69609,0.28889,0.69141,0.25972,0.67969,0.24861,0.60662,0.83122,0.9996,0.73568,0.90877,0.9105,0.66461,0.49274,0.9984,0.67281,0.55243,0.64453,0.47917,105.38,0.9864,live,0.1666,0.2462,166.95,678.07
155909.586618,80.0,0.7749,3,1,1,0.64844,0.48889,0.61719,0.44583,0.60391,0.38611,0.60234,0.33333,0.60547,0.29167,0.63906,0.33056,0.63906,0.28056,0.63125,0.26111,0.62344,0.26250,0.65781,0.32500,0.66172,0.26528,0.65312,0.24306,0.63906,0.25417,0.67500,0.33056,0.68281,0.27222,0.67344,0.24444,0.66016,0.25000,0.69297,0.34583,0.70078,0.30139,0.69531,0.27083,0.68281,0.26528,0.60615,0.82870,0.9996,0.73366,0.90582,0.9121,0.66686,0.49725,0.9985,0.66794,0.53972,0.64844,0.48889,105.21,0.9819,live,0.1812,0.2472,166.26,672.45
155909.653009,80.0,0.8635,3,1,1,0.65312,0.50972,0.62266,0.46667,0.61016,0.40417,0.60938,0.35278,0.61328,0.31250,0.64531,0.35000,0.64609,0.30000,0.63750,0.28472,0.63047,0.29444,0.66250,0.34722,0.66797,0.28472,0.65781,0.27083,0.64766,0.28889,0.67969,0.35417,0.68828,0.29306,0.67734,0.27778,0.66719,0.29583,0.69766,0.37222,0.70547,0.32222,0.69609,0.30000,0.68359,0.30833,0.60561,0.82913,0.9996,0.73370,0.91352,0.9143,0.66758,0.50157,0.9985,0.66498,0.53372,0.65312,0.50972,104.04,0.9736,live,0.1899,0.2296,153.06,666.67
155909.720453,80.0,0.9534,3,1,1,0.65312,0.54028,0.62578,0.50000,0.61172,0.43889,0.61016,0.38889,0.61875,0.34583,0.64687,0.38056,0.65156,0.31528,0.63828,0.32083,0.63359,0.34722,0.66406,0.38333,0.67266,0.30556,0.65391,0.32083,0.64687,0.35556,0.68047,0.39306,0.69063,0.32083,0.66953,0.33472,0.66094,0.36667,0.69844,0.41250,0.70391,0.35417,0.68594,0.35833,0.67422,0.38333,0.60604,0.82902,0.9996,0.73382,0.94303,0.9145,0.66819,0.53784,0.9984,0.66261,0.53503,0.65312,0.54028,101.95,0.9779,live,0.1899,0.1984,130.96,660.07
155909.786423,80.0,0.0413,3,2,0,0.65312,0.59028,0.62656,0.54861,0.61172,0.48750,0.60859,0.43472,0.62031,0.39722,0.64297,0.42222,0.64687,0.35139,0.63359,0.38194,0.62891,0.41667,0.66094,0.42917,0.66641,0.35139,0.64922,0.39167,0.64453,0.42917,0.67891,0.44306,0.68281,0.36944,0.66328,0.40972,0.65781,0.44861,0.69922,0.46667,0.69531,0.41389,0.67734,0.43889,0.67109,0.47083,0.60469,0.82901,0.9996,0.73419,0.97931,0.9151,0.66887,0.57239,0.9984,0.66071,0.54608,0.65312,0.59028,105.92,0.9837,live,0.1899,0.2015,132.41,657.13
155909.853409,80.0,0.1307,3,2,0,0.65078,0.63750,0.62422,0.59444,0.61016,0.53194,0.60938,0.48056,0.62187,0.44722,0.64141,0.46528,0.64219,0.39444,0.62891,0.43333,0.62656,0.47361,0.66016,0.47222,0.66250,0.39722,0.64531,0.44444,0.64375,0.48194,0.67969,0.49028,0.67969,0.41667,0.66094,0.46111,0.65859,0.50000,0.70000,0.51667,0.69141,0.46806,0.67422,0.49722,0.67188,0.52917,0.60471,0.83163,0.9996,0.73941,1.00000,0.9167,0.66928,0.64096,0.9984,0.65872,0.56437,0.65078,0.63750,108.81,0.9855,live,0.1854,0.1648,108.20,656.61
155909.920429,80.0,0.2200,3,2,0,0.65078,0.68056,0.62578,0.63333,0.61016,0.56944,0.60938,0.51806,0.62500,0.48750,0.63906,0.49861,0.63672,0.43333,0.62578,0.48194,0.62656,0.51944,0.65938,0.50694,0.65859,0.43750,0.64219,0.49306,0.64219,0.52778,0.67969,0.52500,0.67578,0.45972,0.65781,0.51389,0.65703,0.55000,0.70078,0.55417,0.68828,0.50972,0.67188,0.54444,0.67109,0.57361,0.60503,0.83335,0.9996,0.74291,1.00000,0.9163,0.66954,0.68017,0.9985,0.65714,0.58760,0.65078,0.68056,114.29,0.9915,live,0.1683,0.0904,59.68,660.11
155909.986393,80.0,0.3080,3,2,0,0.65156,0.70972,0.62344,0.65972,0.60859,0.59444,0.60938,0.54167,0.62578,0.50556,0.63750,0.52222,0.63047,0.46389,0.62109,0.51528,0.62422,0.54861,0.65859,0.52917,0.65312,0.46806,0.63828,0.52917,0.64062,0.55556,0.67891,0.54861,0.67109,0.49306,0.65469,0.55139,0.65781,0.58194,0.69922,0.57639,0.68437,0.54028,0.66875,0.57778,0.67188,0.60139,0.60518,0.83465,0.9996,0.74219,1.00000,0.9145,0.67000,0.70113,0.9985,0.65602,0.61203,0.65156,0.70972,117.09,0.9934,live,0.1570,0.1056,70.22,665.20
155910.053742,80.0,0.3978,3,2,0,0.65000,0.72083,0.62187,0.67222,0.60547,0.60833,0.60625,0.55556,0.62344,0.52222,0.63281,0.53472,0.62656,0.47917,0.61797,0.53056,0.62109,0.55972,0.65391,0.54167,0.64844,0.48333,0.63594,0.54306,0.63828,0.56944,0.67500,0.55972,0.66563,0.51111,0.65078,0.56944,0.65391,0.59583,0.69609,0.58750,0.67969,0.55139,0.66563,0.59028,0.66875,0.61250,0.60673,0.83610,0.9996,0.74042,1.00000,0.9135,0.67086,0.72012,0.9985,0.65482,0.63379,0.65000,0.72083,116.76,0.9943,live,0.1491,0.1130,75.64,669.44
155910.120828,80.0,0.4872,3,2,0,0.64766,0.72222,0.61953,0.67500,0.60469,0.61250,0.60391,0.56111,0.62109,0.52639,0.63047,0.53750,0.62266,0.48194,0.61484,0.53194,0.61875,0.56250,0.65156,0.54306,0.64531,0.48611,0.63281,0.54583,0.63594,0.57361,0.67266,0.56111,0.66172,0.51389,0.64766,0.57361,0.65234,0.59861,0.69375,0.58889,0.67578,0.55972,0.66250,0.59722,0.66641,0.61667,0.60730,0.83624,0.9996,0.75629,1.00000,0.9132,0.67063,0.71647,0.9985,0.65338,0.65148,0.64766,0.72222,116.41,0.9943,live,0.1491,0.1290,86.80,672.92
155910.186607,80.0,0.5749,3,2,0,0.64687,0.72222,0.61875,0.67639,0.60391,0.61389,0.60234,0.56111,0.61953,0.52917,0.62969,0.53750,0.62187,0.48194,0.61406,0.53194,0.61719,0.56250,0.65078,0.54444,0.64375,0.48611,0.63125,0.54861,0.63594,0.57500,0.67188,0.56250,0.66094,0.51528,0.64687,0.57500,0.65156,0.60000,0.69219,0.59028,0.67500,0.56111,0.66094,0.59722,0.66406,0.61667,0.60728,0.83996,0.9997,0.75232,1.00000,0.9145,0.67015,0.71310,0.9985,0.65208,0.66563,0.64687,0.72222,115.69,0.9948,live,0.1491,0.1438,97.11,675.47
155910.253838,80.0,0.6646,3,2,0,0.64766,0.72361,0.61953,0.67639,0.60469,0.61389,0.60469,0.56250,0.61953,0.52917,0.62969,0.53750,0.62109,0.48194,0.61328,0.53333,0.61719,0.56389,0.65156,0.54444,0.64297,0.48611,0.63047,0.54861,0.63516,0.57639,0.67266,0.56250,0.66016,0.51389,0.64609,0.57500,0.65078,0.60000,0.69297,0.59028,0.67422,0.56250,0.66016,0.59861,0.66484,0.61806,0.60729,0.83756,0.9997,0.75029,1.00000,0.9122,0.66987,0.71137,0.9985,0.65120,0.67722,0.64766,0.72361,116.67,0.9950,live,0.1491,0.1524,103.41,678.42
155910.320878,80.0,0.7539,3,2,0,0.65078,0.72500,0.62266,0.67639,0.60781,0.61528,0.60703,0.56528,0.62344,0.53194,0.63203,0.54028,0.62344,0.48472,0.61641,0.53611,0.62031,0.56667,0.65312,0.54722,0.64609,0.48750,0.63359,0.54861,0.63750,0.57639,0.67422,0.56528,0.66328,0.51667,0.64844,0.57500,0.65234,0.60278,0.69531,0.59306,0.67734,0.56111,0.66328,0.59861,0.66641,0.61944,0.60801,0.84330,0.9997,0.74846,1.00000,0.9139,0.67095,0.71382,0.9985,0.65111,0.68678,0.65078,0.72500,115.86,0.9943,live,0.1491,0.1500,102.04,680.43
155910.387153,80.0,0.8423,3,2,0,0.65703,0.72917,0.63047,0.67917,0.61641,0.61667,0.61562,0.56667,0.63203,0.53333,0.64062,0.54306,0.63125,0.48611,0.62500,0.53889,0.62891,0.57083,0.66172,0.54861,0.65547,0.49028,0.64219,0.55278,0.64609,0.58056,0.68281,0.56806,0.67344,0.51944,0.65703,0.57917,0.66094,0.60556,0.70312,0.59722,0.68672,0.56667,0.67188,0.60278,0.67422,0.62222,0.60802,0.84034,0.9997,0.74970,1.00000,0.9124,0.67433,0.72770,0.9984,0.65230,0.69526,0.65703,0.72917,116.65,0.9958,live,0.1491,0.1388,94.74,682.76
155910.453656,80.0,0.9310,3,2,0,0.67109,0.73194,0.64219,0.67778,0.62969,0.61250,0.63359,0.56250,0.65312,0.53472,0.65547,0.54444,0.64766,0.48750,0.64062,0.53889,0.64375,0.57222,0.67656,0.55278,0.67188,0.49306,0.65859,0.55278,0.66172,0.58194,0.69766,0.57222,0.68984,0.52222,0.67422,0.57917,0.67656,0.60556,0.71875,0.60139,0.70391,0.56944,0.68828,0.60556,0.68984,0.62639,0.60818,0.84031,0.9997,0.76224,1.00000,0.9126,0.68938,0.73794,0.9984,0.65606,0.70259,0.67109,0.73194,117.13,0.9944,live,0.1441,0.1214,83.15,685.16
155910.520830,80.0,0.0205,3,3,0,0.69141,0.73333,0.66563,0.67500,0.65469,0.61111,0.66250,0.56111,0.68359,0.53194,0.68203,0.54722,0.68047,0.48889,0.67109,0.53750,0.67266,0.57083,0.70312,0.55833,0.70312,0.49861,0.68828,0.55139,0.69063,0.58056,0.72422,0.57917,0.72109,0.52639,0.70312,0.57778,0.70469,0.60556,0.74531,0.61250,0.73359,0.57361,0.71719,0.60694,0.71797,0.63056,0.60892,0.84073,0.9997,0.74758,1.00000,0.9129,0.70268,0.74054,0.9984,0.66313,0.70874,0.69141,0.73333,116.53,0.9944,live,0.1368,0.1038,71.31,686.85
155910.587369,80.0,0.1093,3,3,0,0.71719,0.74028,0.69453,0.67500,0.68906,0.60694,0.70312,0.55833,0.72578,0.53333,0.71719,0.55139,0.71719,0.49167,0.70625,0.53889,0.70703,0.57222,0.73750,0.56250,0.74141,0.50139,0.72422,0.55417,0.72500,0.58333,0.75703,0.58750,0.75781,0.53194,0.73828,0.58333,0.73828,0.61250,0.77734,0.62361,0.76797,0.58194,0.75078,0.61389,0.75078,0.63750,0.61116,0.84150,0.9997,0.75716,1.00000,0.9107,0.73754,0.74386,0.9984,0.67394,0.71505,0.71719,0.74028,118.37,0.9937,live,0.1293,0.0948,65.40,689.65
155910.653600,80.0,0.1976,3,3,0,0.74141,0.74583,0.72109,0.67917,0.71875,0.61111,0.73750,0.56389,0.76250,0.54167,0.74844,0.55556,0.75156,0.49583,0.74062,0.54306,0.73984,0.57917,0.77109,0.56944,0.77891,0.50972,0.76016,0.56250,0.75938,0.59306,0.79063,0.59722,0.79688,0.54028,0.77422,0.59028,0.77187,0.61944,0.81016,0.63472,0.80391,0.59444,0.78594,0.62222,0.78359,0.64444,0.61096,0.84126,0.9997,0.75963,1.00000,0.9115,0.76440,0.74765,0.9984,0.68743,0.72121,0.74141,0.74583,121.55,0.9947,live,0.1293,0.1127,78.25,694.41
155910.721139,80.0,0.2876,3,3,0,0.76172,0.74444,0.74297,0.67778,0.74141,0.61250,0.76172,0.57083,0.78750,0.55139,0.77187,0.55972,0.77812,0.49861,0.76562,0.54722,0.76328,0.58472,0.79531,0.57639,0.80703,0.51389,0.78516,0.56389,0.78125,0.59306,0.81484,0.60556,0.82266,0.55139,0.79688,0.60000,0.79219,0.62639,0.83125,0.64444,0.82812,0.60417,0.80859,0.63194,0.80547,0.65139,0.61129,0.83917,0.9997,0.76515,1.00000,0.9091,0.78549,0.75264,0.9984,0.70229,0.72585,0.76172,0.74444,118.49,0.9945,live,0.1293,0.1128,78.56,696.40
155910.787176,80.0,0.3757,3,3,0,0.77266,0.74583,0.75625,0.67778,0.75781,0.61111,0.77969,0.57083,0.80469,0.54861,0.78906,0.56111,0.79766,0.50139,0.78438,0.55139,0.78047,0.58750,0.81094,0.58056,0.82422,0.52083,0.80234,0.57222,0.79844,0.60000,0.82891,0.61111,0.84062,0.55694,0.81406,0.60556,0.80781,0.63194,0.84531,0.65139,0.84688,0.60833,0.82578,0.63611,0.81953,0.65556,0.61133,0.83857,0.9997,0.75601,1.00000,0.9091,0.79076,0.75363,0.9984,0.71636,0.72985,0.77266,0.74583,118.89,0.9941,live,0.1293,0.1313,91.71,698.43
155910.855355,80.0,0.4666,3,3,0,0.77969,0.74583,0.76484,0.67778,0.76719,0.61389,0.78984,0.57361,0.81641,0.55278,0.79688,0.56389,0.80703,0.50417,0.79297,0.55139,0.78906,0.58889,0.81875,0.58333,0.83359,0.52222,0.81172,0.57083,0.80625,0.59861,0.83750,0.61389,0.85000,0.55972,0.82344,0.60694,0.81563,0.63333,0.85313,0.65278,0.85469,0.60972,0.83437,0.63611,0.82812,0.65694,0.61315,0.83776,0.9997,0.75562,1.00000,0.9087,0.79828,0.75718,0.9984,0.72903,0.73305,0.77969,0.74583,117.96,0.9943,live,0.1293,0.1503,105.15,699.55
155910.921221,80.0,0.5544,3,3,0,0.78438,0.74306,0.76953,0.67778,0.77187,0.61250,0.79375,0.56944,0.82109,0.55139,0.79922,0.56250,0.81094,0.50556,0.79766,0.55139,0.79297,0.58611,0.82188,0.58056,0.83750,0.52222,0.81563,0.57222,0.81016,0.59722,0.83984,0.61111,0.85391,0.55972,0.82734,0.60833,0.81875,0.63333,0.85547,0.65000,0.85781,0.61111,0.83828,0.63750,0.83047,0.65556,0.61305,0.83768,0.9997,0.75549,1.00000,0.9109,0.80176,0.75692,0.9984,0.74010,0.73505,0.78438,0.74306,116.63,0.9922,live,0.1358,0.1658,115.98,699.57
155910.987319,80.0,0.6425,3,3,0,0.78438,0.74167,0.76953,0.67778,0.77187,0.61250,0.79297,0.56806,0.82031,0.54861,0.80078,0.55972,0.81094,0.50417,0.79844,0.55139,0.79375,0.58333,0.82188,0.57917,0.83750,0.52083,0.81641,0.57222,0.81094,0.59722,0.84062,0.60833,0.85234,0.55972,0.82656,0.60833,0.81875,0.63333,0.85547,0.64861,0.85781,0.61111,0.83828,0.63750,0.83125,0.65556,0.61429,0.83624,0.9997,0.75545,1.00000,0.9107,0.79871,0.75772,0.9984,0.74895,0.73637,0.78438,0.74167,116.75,0.9934,live,0.1426,0.1735,121.37,699.68
155911.054010,80.0,0.7315,3,3,0,0.78047,0.73750,0.76562,0.67361,0.76875,0.60972,0.79141,0.56667,0.81719,0.54583,0.79766,0.55694,0.80781,0.50000,0.79453,0.54583,0.78984,0.58056,0.81875,0.57639,0.83359,0.51667,0.81328,0.56806,0.80781,0.59583,0.83672,0.60694,0.84922,0.55556,0.82344,0.60417,0.81563,0.62917,0.85234,0.64722,0.85391,0.60694,0.83359,0.63333,0.82656,0.65417,0.61429,0.83619,0.9997,0.75339,1.00000,0.9111,0.80072,0.75785,0.9984,0.75526,0.73660,0.78047,0.73750,116.49,0.9940,live,0.1477,0.1710,119.62,699.59
155911.121279,80.0,0.8211,3,3,0,0.77422,0.73472,0.75781,0.66806,0.76172,0.60278,0.78516,0.56250,0.81016,0.53611,0.78906,0.55417,0.79922,0.49583,0.78516,0.53889,0.78125,0.57361,0.81094,0.57222,0.82734,0.51111,0.80547,0.55833,0.80000,0.58750,0.82969,0.60139,0.84141,0.55000,0.81484,0.59583,0.80781,0.62361,0.84609,0.64028,0.84609,0.59861,0.82578,0.62500,0.82031,0.64583,0.61381,0.83756,0.9997,0.75361,1.00000,0.9125,0.79885,0.75527,0.9984,0.75905,0.73622,0.77422,0.73472,116.91,0.9948,live,0.1477,0.1572,110.04,699.82
155911.187447,80.0,0.9094,3,3,0,0.76641,0.72083,0.74766,0.65278,0.74687,0.58750,0.76797,0.54583,0.79297,0.52639,0.77734,0.53750,0.78359,0.48056,0.77031,0.52917,0.76953,0.56389,0.80000,0.55417,0.81172,0.49583,0.78984,0.54722,0.78750,0.57361,0.81875,0.58194,0.82656,0.53333,0.80078,0.58194,0.79688,0.60556,0.83516,0.62083,0.83203,0.58333,0.81250,0.61111,0.81094,0.62917,0.61216,0.84031,0.9997,0.75616,1.00000,0.9136,0.79534,0.73342,0.9984,0.76052,0.73314,0.76641,0.72083,117.30,0.9943,live,0.1477,0.1345,94.21,700.29
155911.254334,80.0,0.9986,3,3,0,0.75078,0.69028,0.73125,0.62361,0.73203,0.55694,0.75156,0.51389,0.77344,0.49028,0.76172,0.50972,0.76719,0.45000,0.75547,0.49722,0.75156,0.53472,0.78203,0.52778,0.79219,0.46389,0.77344,0.51528,0.76875,0.54583,0.80156,0.55417,0.80703,0.50139,0.78359,0.55139,0.77734,0.57917,0.81875,0.59028,0.81563,0.54861,0.79688,0.57778,0.79219,0.59861,0.61216,0.83995,0.9997,0.75615,1.00000,0.9138,0.78561,0.70527,0.9984,0.75857,0.72457,0.75078,0.69028,115.14,0.9959,live,0.1404,0.1073,75.04,699.16
155911.321433,80.0,0.0880,3,1,1,0.73359,0.64722,0.71484,0.58472,0.71328,0.51806,0.72891,0.46944,0.74922,0.44444,0.74062,0.46389,0.74609,0.40694,0.73438,0.45139,0.73125,0.48750,0.76172,0.47917,0.76953,0.41806,0.75234,0.46806,0.74766,0.49861,0.78047,0.50278,0.78125,0.45417,0.76094,0.50278,0.75703,0.52917,0.79922,0.53611,0.79063,0.49444,0.77344,0.52500,0.77109,0.54722,0.61212,0.84009,0.9997,0.75538,1.00000,0.9156,0.77269,0.67841,0.9985,0.75358,0.70910,0.73359,0.64722,116.45,0.9929,live,0.1306,0.0857,59.89,699.11
155911.387145,80.0,0.1756,3,1,1,0.71641,0.59861,0.69609,0.53194,0.69219,0.46806,0.70547,0.41806,0.72266,0.38472,0.71953,0.41111,0.71953,0.35417,0.70937,0.40000,0.70859,0.43333,0.73906,0.42361,0.74297,0.36389,0.72734,0.41528,0.72578,0.44444,0.75781,0.44583,0.75625,0.39722,0.73672,0.44444,0.73438,0.47361,0.77578,0.47778,0.76719,0.43889,0.75078,0.46806,0.74766,0.49028,0.61125,0.83854,0.9997,0.75092,1.00000,0.9150,0.74732,0.62613,0.9985,0.74614,0.68700,0.71641,0.59861,116.60,0.9922,live,0.1243,0.0956,66.86,699.17
155911.454104,80.0,0.2649,3,1,1,0.69922,0.54444,0.67734,0.47639,0.67266,0.41111,0.68047,0.35694,0.69766,0.32222,0.70078,0.35694,0.69922,0.30417,0.68750,0.34722,0.68750,0.38056,0.71875,0.36806,0.71875,0.31250,0.70234,0.36250,0.70312,0.39306,0.73672,0.38750,0.73125,0.34167,0.71328,0.39028,0.71328,0.41806,0.75469,0.41667,0.74297,0.37917,0.72734,0.41111,0.72734,0.43472,0.60962,0.83583,0.9996,0.74766,0.96322,0.9143,0.73382,0.57976,0.9985,0.73676,0.65849,0.69922,0.54444,115.49,0.9943,live,0.1198,0.0991,69.19,698.42
155911.521249,80.0,0.3544,3,1,1,0.68359,0.49583,0.66094,0.42639,0.65703,0.36389,0.66563,0.31528,0.67969,0.27917,0.68437,0.31528,0.68516,0.26528,0.67422,0.29861,0.67266,0.33333,0.70000,0.32361,0.70234,0.26944,0.68750,0.31528,0.68672,0.34861,0.71719,0.34167,0.71328,0.29722,0.69688,0.34167,0.69609,0.37222,0.73438,0.36806,0.72344,0.32778,0.70937,0.35972,0.70859,0.38472,0.60962,0.82701,0.9996,0.74709,0.92868,0.9159,0.72257,0.53598,0.9986,0.72612,0.62596,0.68359,0.49583,110.71,0.9924,live,0.1198,0.1311,91.02,694.32
155911.587660,80.0,0.4430,3,1,1,0.67188,0.45694,0.64844,0.39306,0.64375,0.33333,0.65000,0.28194,0.66484,0.24722,0.67344,0.28750,0.67812,0.23750,0.66406,0.26806,0.66016,0.30000,0.68750,0.29444,0.68906,0.23750,0.67266,0.28194,0.67188,0.31528,0.70234,0.30972,0.69766,0.26389,0.68125,0.30972,0.68125,0.34028,0.71875,0.33333,0.70859,0.29306,0.69453,0.32500,0.69453,0.35139,0.60934,0.82688,0.9996,0.74518,0.89075,0.9174,0.70140,0.49317,0.9986,0.71527,0.59216,0.67188,0.45694,103.70,0.9927,live,0.1294,0.1736,119.04,685.66
155911.654038,80.0,0.5315,3,1,1,0.66406,0.44028,0.64062,0.37917,0.63438,0.31806,0.63750,0.26806,0.65234,0.23056,0.66172,0.27500,0.66563,0.22500,0.65312,0.25694,0.65156,0.28889,0.67500,0.28194,0.67656,0.22500,0.66172,0.26806,0.66250,0.30139,0.68984,0.29444,0.68594,0.24583,0.67031,0.29028,0.67188,0.32222,0.70625,0.31389,0.69609,0.27222,0.68359,0.30278,0.68359,0.32778,0.60950,0.82716,0.9996,0.74330,0.84703,0.9197,0.68899,0.45418,0.9986,0.70503,0.56178,0.66406,0.44028,100.80,0.9918,live,0.1446,0.2135,144.29,675.96
155911.721482,80.0,0.6214,3,1,1,0.65938,0.43333,0.63516,0.37500,0.62813,0.31528,0.63203,0.26528,0.64531,0.22778,0.65391,0.27083,0.65781,0.21944,0.64531,0.25139,0.64297,0.28333,0.66719,0.27778,0.66953,0.21806,0.65391,0.26389,0.65469,0.29583,0.68281,0.28889,0.67969,0.23750,0.66328,0.28333,0.66406,0.31528,0.69922,0.30833,0.68984,0.26667,0.67656,0.29583,0.67812,0.32222,0.60933,0.82702,0.9996,0.73717,0.84998,0.9210,0.68557,0.44476,0.9986,0.69590,0.53609,0.65938,0.43333,99.27,0.9918,live,0.1629,0.2465,164.23,666.32
155911.787704,80.0,0.7097,3,1,1,0.65703,0.43194,0.63281,0.38056,0.62500,0.31944,0.62969,0.26667,0.64375,0.22917,0.65078,0.27500,0.65547,0.22222,0.64297,0.25139,0.64062,0.28194,0.66484,0.27917,0.66797,0.22083,0.65234,0.26111,0.65078,0.29444,0.67969,0.29028,0.67734,0.23889,0.66094,0.28056,0.66016,0.31389,0.69609,0.30972,0.68672,0.26806,0.67344,0.29583,0.67344,0.32222,0.60931,0.82558,0.9996,0.73347,0.85938,0.9201,0.68421,0.44713,0.9985,0.68813,0.51526,0.65703,0.43194,97.03,0.9924,live,0.1818,0.2676,175.62,656.22
155911.854238,80.0,0.7984,3,1,1,0.65469,0.43750,0.63203,0.38611,0.62422,0.32639,0.62891,0.27361,0.64297,0.23611,0.65234,0.28333,0.65625,0.23194,0.64375,0.26250,0.64141,0.29306,0.66563,0.28750,0.66719,0.22778,0.65156,0.26944,0.65156,0.30278,0.68047,0.29861,0.67578,0.24722,0.65938,0.28889,0.66016,0.32222,0.69688,0.31806,0.68672,0.27500,0.67266,0.30278,0.67422,0.33056,0.60757,0.82595,0.9995,0.73270,0.86513,0.9195,0.68379,0.45619,0.9985,0.68144,0.49971,0.65469,0.43750,95.93,0.9929,live,0.2018,0.2933,189.63,646.55
155911.921485,80.0,0.8881,3,1,1,0.65625,0.45417,0.63359,0.40417,0.62656,0.34028,0.62969,0.28889,0.64375,0.25139,0.65469,0.29444,0.65625,0.24167,0.64375,0.27639,0.64297,0.30694,0.66797,0.29861,0.66875,0.24028,0.65312,0.28611,0.65469,0.31806,0.68359,0.31250,0.67734,0.26250,0.66172,0.30833,0.66484,0.33889,0.70078,0.33333,0.68828,0.29306,0.67500,0.32361,0.67812,0.35000,0.60758,0.82514,0.9995,0.73224,0.86897,0.9211,0.68515,0.46064,0.9986,0.67640,0.49060,0.65625,0.45417,99.33,0.9941,live,0.2125,0.2611,167.23,640.48
155911.987832,80.0,0.9766,3,1,1,0.65859,0.48194,0.63516,0.42917,0.62734,0.36528,0.63203,0.31250,0.64687,0.27222,0.65234,0.31528,0.65312,0.26111,0.64297,0.29583,0.64219,0.32917,0.66875,0.32083,0.67031,0.26111,0.65547,0.30556,0.65547,0.33889,0.68594,0.33472,0.67969,0.28611,0.66406,0.33333,0.66563,0.36528,0.70391,0.35694,0.69141,0.31806,0.67891,0.35000,0.68047,0.37639,0.60476,0.82695,0.9995,0.73234,0.88466,0.9227,0.68433,0.48396,0.9986,0.67284,0.48887,0.65859,0.48194,104.14,0.9924,live,0.2125,0.2302,147.00,638.60
155912.054706,80.0,0.0657,3,2,0,0.66094,0.51806,0.63750,0.47361,0.62734,0.41250,0.63125,0.36389,0.64609,0.33333,0.65156,0.35000,0.65234,0.28889,0.64453,0.28472,0.64062,0.30694,0.67031,0.35833,0.67344,0.29444,0.65781,0.33056,0.65391,0.36528,0.68906,0.37500,0.68281,0.32917,0.66719,0.37222,0.66563,0.40417,0.70781,0.40278,0.69609,0.36667,0.68203,0.39722,0.68125,0.42222,0.60491,0.82745,0.9995,0.73324,0.92189,0.9233,0.68301,0.50972,0.9986,0.67046,0.49471,0.66094,0.51806,105.26,0.9904,live,0.2125,0.1909,121.74,637.76
155912.121719,80.0,0.1551,3,2,0,0.66406,0.56944,0.64141,0.53472,0.62891,0.47778,0.63359,0.43194,0.64922,0.40417,0.65703,0.39861,0.66172,0.34028,0.65156,0.32083,0.64062,0.33056,0.67812,0.41111,0.67578,0.35833,0.66016,0.40000,0.65469,0.43333,0.69766,0.43472,0.68984,0.39583,0.67266,0.44028,0.66953,0.47083,0.71562,0.46667,0.70391,0.43889,0.68828,0.46806,0.68516,0.49028,0.60388,0.82745,0.9995,0.73330,0.94922,0.9224,0.68329,0.56073,0.9986,0.66918,0.50965,0.66406,0.56944,106.87,0.9950,live,0.2010,0.1488,94.93,638.18
155912.187791,80.0,0.2432,3,2,0,0.66797,0.63056,0.64766,0.60278,0.63125,0.55556,0.63750,0.51944,0.65156,0.50139,0.65859,0.46389,0.66016,0.40694,0.65469,0.38056,0.64687,0.36806,0.68203,0.47639,0.67734,0.43056,0.66328,0.48194,0.65859,0.51528,0.70312,0.50278,0.69688,0.47500,0.67969,0.52639,0.67344,0.55556,0.72188,0.53750,0.71406,0.51806,0.69844,0.54722,0.69219,0.56528,0.60593,0.82236,0.9995,0.73427,0.99771,0.9205,0.68369,0.61890,0.9986,0.66894,0.53383,0.66797,0.63056,106.51,0.9981,live,0.1846,0.1096,69.93,638.28
155912.254847,80.0,0.3326,3,2,0,0.67109,0.69167,0.65000,0.66944,0.63125,0.62917,0.63750,0.60000,0.65391,0.59028,0.65938,0.51806,0.66172,0.46389,0.65938,0.43611,0.65547,0.41389,0.68828,0.52778,0.68203,0.50556,0.66641,0.56389,0.66094,0.59583,0.71172,0.55556,0.70000,0.56111,0.68047,0.61389,0.67344,0.63889,0.72969,0.59583,0.71719,0.60694,0.70000,0.63750,0.69375,0.65139,0.60818,0.83300,0.9995,0.73929,1.00000,0.9211,0.68557,0.69750,0.9985,0.66937,0.56540,0.67109,0.69167,113.46,0.9994,live,0.1695,0.1011,65.02,643.38
155912.321895,80.0,0.4220,3,2,0,0.67188,0.74306,0.64922,0.71389,0.63125,0.67500,0.63594,0.65139,0.65469,0.64583,0.65938,0.55972,0.66172,0.50694,0.66094,0.47639,0.66016,0.44861,0.69141,0.56389,0.68281,0.56111,0.66563,0.61667,0.65703,0.65000,0.71562,0.59167,0.69766,0.62083,0.67812,0.66944,0.67031,0.69167,0.73281,0.63194,0.71562,0.66111,0.69844,0.69167,0.69063,0.70278,0.60937,0.83826,0.9995,0.76083,1.00000,0.9205,0.68656,0.74178,0.9984,0.66987,0.60093,0.67188,0.74306,120.88,0.9993,live,0.1623,0.1291,84.34,653.21
155912.387997,80.0,0.5101,3,2,0,0.67109,0.76806,0.64922,0.73889,0.62891,0.69444,0.63203,0.67083,0.65234,0.67083,0.65781,0.58472,0.66016,0.53056,0.66016,0.49722,0.66172,0.46528,0.69063,0.58750,0.68203,0.58333,0.66641,0.64167,0.65859,0.67222,0.71641,0.61528,0.69766,0.64583,0.67734,0.69444,0.66953,0.71250,0.73438,0.65556,0.71484,0.68611,0.69844,0.71528,0.69219,0.72222,0.61025,0.83836,0.9996,0.76948,1.00000,0.9214,0.68750,0.78213,0.9984,0.67011,0.63436,0.67109,0.76806,122.62,0.9989,live,0.1623,0.1598,105.97,663.11
155912.454765,80.0,0.5991,3,2,0,0.66875,0.77917,0.64531,0.74722,0.62656,0.70278,0.62969,0.67778,0.65078,0.67500,0.65703,0.59028,0.65859,0.53750,0.65859,0.50139,0.65938,0.46944,0.68984,0.59444,0.67812,0.59167,0.66250,0.65000,0.65547,0.68472,0.71484,0.62083,0.69375,0.65139,0.67344,0.70278,0.66328,0.72639,0.73203,0.66250,0.71094,0.69306,0.69375,0.72361,0.68594,0.73194,0.61028,0.84433,0.9996,0.76882,1.00000,0.9222,0.68914,0.78684,0.9983,0.66984,0.66332,0.66875,0.77917,124.60,0.9992,live,0.1623,0.1871,125.97,673.25
155912.521867,80.0,0.6886,3,2,0,0.66797,0.78194,0.64453,0.74861,0.62578,0.70417,0.62734,0.67917,0.64766,0.67639,0.65547,0.59028,0.65625,0.53611,0.65625,0.50139,0.65703,0.46806,0.68750,0.59306,0.67500,0.59306,0.65938,0.65000,0.65156,0.68333,0.71250,0.62222,0.69063,0.65278,0.66953,0.70278,0.65938,0.72639,0.72969,0.66250,0.70703,0.69306,0.68828,0.72361,0.67969,0.73333,0.61134,0.84367,0.9996,0.76803,1.00000,0.9219,0.68930,0.80157,0.9982,0.66947,0.68704,0.66797,0.78194,125.57,0.9988,live,0.1707,0.2091,142.77,682.87
155912.587747,80.0,0.7764,3,2,0,0.66797,0.77917,0.64375,0.74583,0.62500,0.70417,0.62500,0.67917,0.64375,0.67083,0.65312,0.58889,0.65312,0.53333,0.65234,0.49861,0.65234,0.46528,0.68516,0.59167,0.67266,0.58889,0.65703,0.64722,0.64922,0.68194,0.71016,0.61806,0.68828,0.64722,0.66953,0.69722,0.65938,0.72222,0.72734,0.65833,0.70703,0.68750,0.68984,0.71667,0.68203,0.72639,0.61229,0.84717,0.9996,0.77234,1.00000,0.9231,0.68998,0.78658,0.9982,0.66917,0.70547,0.66797,0.77917,124.49,0.9986,live,0.1806,0.2259,156.03,690.56
155912.654771,80.0,0.8658,3,2,0,0.66875,0.77639,0.64531,0.74306,0.62500,0.70139,0.62500,0.67500,0.64375,0.66528,0.65312,0.58889,0.65312,0.53333,0.65312,0.49722,0.65312,0.46389,0.68437,0.59167,0.67344,0.58472,0.65781,0.64028,0.65000,0.67639,0.70937,0.61806,0.68906,0.64167,0.66953,0.69306,0.65938,0.72222,0.72734,0.65694,0.70625,0.68194,0.68984,0.71111,0.68281,0.72361,0.61164,0.84310,0.9997,0.77174,1.00000,0.9229,0.68868,0.78167,0.9982,0.66908,0.71965,0.66875,0.77639,122.99,0.9979,live,0.1872,0.2172,151.21,696.25
155912.722093,80.0,0.9556,3,2,0,0.67344,0.77083,0.64922,0.73750,0.62969,0.69444,0.63203,0.66944,0.65234,0.66250,0.65859,0.58333,0.65938,0.52917,0.65938,0.49444,0.66016,0.46250,0.68906,0.58750,0.67969,0.58194,0.66406,0.63750,0.65469,0.67361,0.71406,0.61389,0.69609,0.63472,0.67656,0.68611,0.66641,0.71389,0.73125,0.65278,0.71250,0.67778,0.69531,0.70694,0.68672,0.72083,0.61119,0.83964,0.9997,0.77067,1.00000,0.9221,0.68965,0.78170,0.9981,0.66995,0.72989,0.67344,0.77083,122.03,0.9977,live,0.1872,0.2015,141.17,700.56
155912.788162,80.0,0.0437,3,3,0,0.68437,0.76528,0.66094,0.72917,0.64297,0.68194,0.64844,0.65556,0.66953,0.65278,0.67422,0.58194,0.67578,0.52639,0.67734,0.49306,0.67891,0.46111,0.70391,0.58889,0.69844,0.57222,0.68281,0.62639,0.67266,0.66389,0.72813,0.61667,0.71406,0.62778,0.69453,0.67639,0.68281,0.70417,0.74687,0.65556,0.73281,0.67083,0.71641,0.69861,0.70859,0.71111,0.61169,0.84037,0.9997,0.77328,1.00000,0.9228,0.69318,0.77998,0.9981,0.67284,0.73697,0.68437,0.76528,120.39,0.9970,live,0.1872,0.1758,123.62,703.17
155912.854757,80.0,0.1325,3,3,0,0.70234,0.75556,0.67891,0.71806,0.66406,0.67083,0.67578,0.64306,0.69766,0.63611,0.69766,0.57361,0.70312,0.51944,0.70781,0.48611,0.71250,0.45556,0.72734,0.58333,0.72734,0.56250,0.71016,0.61806,0.69844,0.65417,0.75078,0.61250,0.74375,0.61806,0.72266,0.66667,0.70937,0.69306,0.76797,0.65417,0.76094,0.65972,0.74219,0.68611,0.72969,0.70000,0.61192,0.84128,0.9997,0.77282,1.00000,0.9209,0.70454,0.76727,0.9980,0.67874,0.74068,0.70234,0.75556,119.39,0.9971,live,0.1872,0.1799,126.81,704.75
155912.922201,80.0,0.2224,3,3,0,0.72422,0.74583,0.70234,0.70833,0.69063,0.65556,0.70547,0.62917,0.72813,0.62361,0.72578,0.56667,0.73516,0.51111,0.74297,0.48056,0.74922,0.45139,0.75469,0.58333,0.76172,0.55000,0.74375,0.60556,0.73125,0.64028,0.77734,0.61528,0.77656,0.60972,0.75391,0.65833,0.73906,0.68333,0.79453,0.65556,0.79453,0.65139,0.77422,0.67778,0.76094,0.69028,0.61163,0.84154,0.9997,0.77241,1.00000,0.9185,0.73857,0.76260,0.9979,0.68784,0.74171,0.72422,0.74583,118.04,0.9940,live,0.1742,0.1148,80.94,705.17
155912.988413,80.0,0.3107,3,3,0,0.74375,0.74306,0.72266,0.70000,0.71562,0.64583,0.73516,0.62222,0.75859,0.61806,0.75469,0.55833,0.76641,0.51111,0.77578,0.48472,0.78438,0.46389,0.78203,0.57778,0.79453,0.55139,0.77422,0.60417,0.75938,0.63472,0.80312,0.61250,0.80625,0.61250,0.78125,0.65694,0.76641,0.67500,0.81797,0.65556,0.82188,0.65556,0.80078,0.68056,0.78594,0.68750,0.61147,0.84006,0.9997,0.74979,1.00000,0.9188,0.76503,0.76205,0.9980,0.69902,0.74198,0.74375,0.74306,120.87,0.9944,live,0.1602,0.0966,68.38,707.58
155913.054822,80.0,0.3992,3,3,0,0.76094,0.74444,0.74219,0.70278,0.73672,0.65000,0.75703,0.62778,0.78125,0.62222,0.77578,0.56528,0.79297,0.51528,0.80547,0.49167,0.81719,0.47222,0.80156,0.58889,0.82031,0.55833,0.79844,0.61111,0.78281,0.64167,0.82109,0.62361,0.82891,0.62222,0.80312,0.66528,0.78828,0.68056,0.83437,0.66528,0.84141,0.66389,0.82031,0.68750,0.80547,0.69306,0.61131,0.84003,0.9997,0.74564,1.00000,0.9188,0.77684,0.76110,0.9981,0.71140,0.74247,0.76094,0.74444,116.94,0.9938,live,0.1485,0.0952,67.28,706.87
155913.123697,80.0,0.4910,3,3,0,0.77187,0.74861,0.75391,0.70556,0.75313,0.65278,0.77656,0.63333,0.80156,0.63056,0.79375,0.57222,0.81172,0.52222,0.82656,0.50000,0.84062,0.47917,0.81875,0.60139,0.83906,0.57222,0.81563,0.62361,0.79766,0.65278,0.83672,0.63750,0.84688,0.63333,0.81953,0.67639,0.80234,0.69167,0.84844,0.67917,0.85859,0.67361,0.83672,0.69722,0.82031,0.70417,0.61119,0.83966,0.9997,0.74468,1.00000,0.9182,0.78385,0.76145,0.9982,0.72350,0.74370,0.77187,0.74861,116.48,0.9931,live,0.1409,0.1061,74.89,705.91
155913.188432,80.0,0.5774,3,3,0,0.77969,0.75556,0.76328,0.70972,0.76484,0.65833,0.78906,0.64028,0.81328,0.63472,0.80547,0.57639,0.82422,0.53056,0.83828,0.50694,0.85313,0.48611,0.83047,0.60417,0.85313,0.57639,0.82969,0.62500,0.81250,0.65417,0.84844,0.64028,0.85781,0.64167,0.82969,0.68194,0.81250,0.69722,0.85938,0.68194,0.86797,0.68472,0.84531,0.70694,0.82969,0.70972,0.61179,0.83965,0.9997,0.74505,1.00000,0.9169,0.79092,0.76320,0.9981,0.73473,0.74607,0.77969,0.75556,119.42,0.9946,live,0.1409,0.1218,86.16,707.18
155913.254738,80.0,0.6658,3,3,0,0.78203,0.76111,0.76641,0.71250,0.76719,0.66250,0.79297,0.64583,0.81875,0.63750,0.80781,0.58056,0.82812,0.53333,0.84375,0.50833,0.85859,0.48750,0.83281,0.60972,0.85469,0.57917,0.83359,0.62639,0.81719,0.65556,0.85000,0.64722,0.86250,0.64306,0.83516,0.68472,0.81641,0.70000,0.86094,0.68889,0.87266,0.68750,0.85000,0.70972,0.83203,0.71389,0.61290,0.84008,0.9997,0.77108,1.00000,0.9178,0.79443,0.77037,0.9980,0.74419,0.74908,0.78203,0.76111,119.53,0.9915,live,0.1409,0.1390,98.45,708.38
155913.322209,80.0,0.7557,3,3,0,0.78125,0.75972,0.76562,0.71250,0.76484,0.66389,0.78984,0.64583,0.81563,0.63750,0.80625,0.58056,0.82656,0.53194,0.84062,0.50694,0.85547,0.48472,0.83125,0.60833,0.85234,0.58194,0.83125,0.62778,0.81406,0.65556,0.84844,0.64444,0.85859,0.64444,0.83203,0.68472,0.81484,0.69861,0.85938,0.68611,0.86953,0.68611,0.84766,0.70833,0.83125,0.71389,0.61387,0.83956,0.9997,0.75839,1.00000,0.9172,0.79458,0.77357,0.9980,0.75161,0.75121,0.78125,0.75972,118.62,0.9900,live,0.1409,0.1430,101.34,708.78
155913.388257,80.0,0.8438,3,3,0,0.77187,0.75556,0.75703,0.70833,0.75625,0.65694,0.78047,0.64028,0.80547,0.63472,0.79844,0.57361,0.81563,0.52778,0.82891,0.50417,0.84297,0.48333,0.82266,0.60139,0.84453,0.57361,0.82188,0.62083,0.80469,0.64861,0.83984,0.63889,0.85156,0.63611,0.82344,0.67639,0.80547,0.69306,0.85078,0.68194,0.86172,0.67778,0.83984,0.70000,0.82266,0.70417,0.61388,0.83977,0.9997,0.75439,1.00000,0.9162,0.79392,0.77573,0.9980,0.75566,0.75208,0.77187,0.75556,120.21,0.9927,live,0.1409,0.1391,98.80,710.28
155913.454813,80.0,0.9325,3,3,0,0.76172,0.74444,0.74453,0.70278,0.73984,0.65000,0.76094,0.62778,0.78672,0.62222,0.77969,0.56528,0.79688,0.51667,0.81094,0.49028,0.82422,0.47083,0.80469,0.59167,0.82500,0.56389,0.80391,0.61528,0.78672,0.64583,0.82344,0.62639,0.83281,0.62500,0.80781,0.66944,0.79063,0.68472,0.83672,0.66806,0.84609,0.66528,0.82578,0.69028,0.80937,0.69583,0.61308,0.83981,0.9997,0.75329,1.00000,0.9170,0.79305,0.75628,0.9981,0.75687,0.75055,0.76172,0.74444,117.15,0.9944,live,0.1409,0.1250,88.68,709.39
155913.522364,80.0,0.0226,3,1,1,0.74375,0.73056,0.72578,0.68611,0.71797,0.63611,0.73672,0.60833,0.76016,0.60278,0.75703,0.54722,0.76797,0.50278,0.77734,0.47500,0.78750,0.45278,0.78281,0.56806,0.79688,0.53889,0.77656,0.59167,0.76172,0.62361,0.80312,0.60000,0.80937,0.59861,0.78438,0.64306,0.76875,0.66111,0.81719,0.64028,0.82344,0.63750,0.80312,0.66389,0.78750,0.67222,0.61245,0.83692,0.9997,0.75054,1.00000,0.9161,0.78069,0.73324,0.9982,0.75425,0.74655,0.74375,0.73056,119.17,0.9937,live,0.1344,0.1048,74.41,710.07
155913.588542,80.0,0.1108,3,1,1,0.72500,0.70417,0.70547,0.66250,0.69375,0.61389,0.70703,0.57917,0.72734,0.56806,0.72813,0.52361,0.73516,0.47361,0.74062,0.44444,0.74766,0.41806,0.75469,0.54167,0.76250,0.50694,0.74453,0.55694,0.73203,0.58750,0.77500,0.57083,0.77812,0.55833,0.75625,0.60417,0.74297,0.62639,0.79141,0.60972,0.79375,0.60000,0.77578,0.62500,0.76328,0.63611,0.61055,0.83717,0.9997,0.74291,1.00000,0.9159,0.74698,0.71192,0.9982,0.74840,0.73808,0.72500,0.70417,115.98,0.9940,live,0.1252,0.0834,59.07,708.37
155913.655229,80.0,0.1997,3,1,1,0.70312,0.66111,0.68203,0.61944,0.66953,0.56944,0.67891,0.53333,0.69609,0.51667,0.70234,0.48333,0.70703,0.43056,0.70937,0.40000,0.71172,0.37361,0.72734,0.49861,0.73047,0.45556,0.71250,0.50278,0.70156,0.53611,0.74687,0.52778,0.74453,0.50556,0.72344,0.55000,0.71250,0.57778,0.76406,0.56528,0.75938,0.54861,0.74062,0.57222,0.72891,0.58750,0.61074,0.83643,0.9997,0.74052,1.00000,0.9119,0.71808,0.68872,0.9982,0.73934,0.72268,0.70312,0.66111,112.95,0.9954,live,0.1148,0.0677,47.67,704.69
155913.722362,80.0,0.2893,3,1,1,0.68047,0.61528,0.66094,0.57083,0.64922,0.52222,0.65391,0.48333,0.66875,0.46389,0.67969,0.44167,0.68281,0.38611,0.68125,0.35000,0.68281,0.31944,0.70156,0.45694,0.70234,0.40278,0.68359,0.44861,0.67656,0.48194,0.72109,0.48472,0.71875,0.44722,0.69766,0.49167,0.68906,0.52222,0.73828,0.52222,0.73672,0.49028,0.71719,0.51250,0.70781,0.53194,0.60679,0.83493,0.9997,0.73692,1.00000,0.9136,0.70254,0.62147,0.9983,0.72757,0.70120,0.68047,0.61528,109.20,0.9959,live,0.1087,0.0805,56.27,698.75
155913.788454,80.0,0.3774,3,1,1,0.66563,0.56944,0.64453,0.52639,0.63203,0.47778,0.63359,0.43611,0.64766,0.40972,0.66172,0.39583,0.66328,0.33750,0.66016,0.29861,0.65938,0.26667,0.68203,0.40833,0.68203,0.35000,0.66328,0.39306,0.65625,0.42500,0.70156,0.43333,0.69609,0.39722,0.67578,0.44306,0.67031,0.47222,0.71875,0.46806,0.71250,0.43750,0.69453,0.46111,0.68750,0.48194,0.60334,0.83381,0.9997,0.73266,0.96539,0.9138,0.68713,0.57192,0.9982,0.71518,0.67485,0.66563,0.56944,108.09,0.9956,live,0.1087,0.1113,77.07,692.72
155913.855362,80.0,0.4666,3,1,1,0.65469,0.53056,0.63125,0.49167,0.61875,0.43889,0.61875,0.39444,0.63125,0.36389,0.64687,0.36250,0.64766,0.30139,0.64375,0.26250,0.64297,0.23056,0.66641,0.37083,0.66563,0.30833,0.64766,0.35139,0.63984,0.38611,0.68516,0.39306,0.67656,0.35556,0.65859,0.40278,0.65312,0.43194,0.70234,0.42361,0.69219,0.39444,0.67656,0.42222,0.67188,0.44306,0.60076,0.83161,0.9996,0.73159,0.95045,0.9144,0.67703,0.55244,0.9982,0.70308,0.64599,0.65469,0.53056,104.79,0.9953,live,0.1161,0.1501,102.83,685.04
155913.922552,80.0,0.5562,3,1,1,0.64609,0.50556,0.62344,0.46806,0.61094,0.41667,0.61094,0.37083,0.62266,0.33750,0.63750,0.34167,0.63750,0.27917,0.63359,0.24028,0.63203,0.20972,0.65781,0.35000,0.65547,0.28889,0.63906,0.33056,0.63281,0.36528,0.67578,0.37083,0.66641,0.33194,0.64844,0.37778,0.64453,0.40833,0.69297,0.40000,0.68125,0.36944,0.66484,0.39583,0.66016,0.41806,0.59896,0.82771,0.9995,0.72851,0.91933,0.9141,0.66744,0.52338,0.9983,0.69168,0.61790,0.64609,0.50556,102.71,0.9935,live,0.1292,0.1886,127.65,676.79
155913.989016,80.0,0.6448,3,1,1,0.64297,0.49444,0.62031,0.45972,0.60625,0.40694,0.60547,0.36250,0.61562,0.32639,0.63281,0.33056,0.63125,0.27083,0.62734,0.23194,0.62578,0.20139,0.65312,0.33889,0.64922,0.27639,0.63281,0.32083,0.62656,0.35833,0.67109,0.35694,0.65859,0.32083,0.64297,0.36806,0.63984,0.40000,0.68750,0.38611,0.67500,0.35694,0.66016,0.38472,0.65625,0.40694,0.59794,0.82778,0.9995,0.72870,0.92710,0.9139,0.66500,0.51900,0.9983,0.68194,0.59321,0.64297,0.49444,102.17,0.9927,live,0.1459,0.2218,148.43,669.14
155914.055487,80.0,0.7334,3,1,1,0.64297,0.49583,0.62031,0.46111,0.60625,0.40556,0.60625,0.36111,0.61562,0.32222,0.63281,0.33333,0.63125,0.27361,0.62656,0.23611,0.62422,0.20417,0.65234,0.33889,0.64844,0.27639,0.63203,0.31944,0.62578,0.35556,0.67031,0.35694,0.65781,0.31806,0.63984,0.36667,0.63672,0.39722,0.68750,0.38611,0.67266,0.35417,0.65859,0.38611,0.65625,0.40833,0.59772,0.82926,0.9995,0.72727,0.92662,0.9139,0.66473,0.51791,0.9983,0.67415,0.57374,0.64297,0.49583,102.11,0.9939,live,0.1634,0.2434,161.23,662.36
155914.122571,80.0,0.8229,3,1,1,0.64453,0.50556,0.62187,0.47083,0.60781,0.41528,0.60703,0.36806,0.61641,0.33056,0.63516,0.34444,0.63359,0.28472,0.62734,0.24722,0.62422,0.21806,0.65391,0.35139,0.65156,0.28472,0.63516,0.32778,0.62969,0.36389,0.67266,0.36944,0.66016,0.32778,0.64297,0.37778,0.64062,0.40972,0.68984,0.39722,0.67656,0.36389,0.66094,0.39444,0.65859,0.41806,0.59757,0.82622,0.9995,0.72695,0.91663,0.9155,0.66404,0.52234,0.9983,0.66822,0.56010,0.64453,0.50556,101.28,0.9935,live,0.1791,0.2503,164.17,655.80
155914.188837,80.0,0.9112,3,1,1,0.64609,0.52361,0.62344,0.48889,0.60938,0.43472,0.60859,0.38889,0.61797,0.35139,0.63906,0.36389,0.63672,0.30139,0.62969,0.26389,0.62578,0.23333,0.65859,0.37083,0.65703,0.29861,0.63906,0.33472,0.63125,0.37083,0.67656,0.38889,0.66563,0.34583,0.64609,0.39306,0.64219,0.42639,0.69375,0.41806,0.68203,0.38194,0.66484,0.41111,0.66094,0.43611,0.59826,0.82657,0.9995,0.72656,0.91929,0.9150,0.66409,0.52676,0.9983,0.66380,0.55280,0.64609,0.52361,101.02,0.9939,live,0.1900,0.2399,155.92,649.84
155914.255621,80.0,0.0003,3,2,0,0.65078,0.55556,0.62813,0.52361,0.61406,0.46944,0.61328,0.42778,0.62109,0.39306,0.64219,0.39028,0.63828,0.32639,0.63359,0.28611,0.62969,0.25556,0.66328,0.39722,0.66875,0.31806,0.65234,0.33194,0.63906,0.36250,0.68203,0.41806,0.67188,0.37917,0.65312,0.42083,0.64609,0.45694,0.69922,0.45000,0.68750,0.41944,0.67031,0.44583,0.66406,0.47361,0.59935,0.82620,0.9995,0.72607,0.92957,0.9140,0.66413,0.53812,0.9984,0.66119,0.55335,0.65078,0.55556,104.36,0.9945,live,0.1900,0.2110,136.51,646.99
155914.322671,80.0,0.0897,3,2,0,0.65547,0.60417,0.63281,0.57222,0.61953,0.52222,0.62109,0.48750,0.63281,0.45972,0.64609,0.42639,0.64141,0.36250,0.63828,0.32361,0.63516,0.29444,0.66953,0.43750,0.67969,0.36389,0.66797,0.35417,0.65469,0.36389,0.68906,0.46389,0.68047,0.42639,0.66250,0.46667,0.65469,0.50417,0.70547,0.50278,0.69688,0.47361,0.68047,0.49444,0.67266,0.51806,0.60140,0.82719,0.9995,0.73025,0.99201,0.9157,0.66450,0.56405,0.9985,0.66005,0.56352,0.65547,0.60417,110.20,0.9977,live,0.1900,0.1737,112.70,648.70
155914.388908,80.0,0.1780,3,2,0,0.66328,0.65972,0.64062,0.62778,0.62578,0.57917,0.63125,0.54861,0.64687,0.53472,0.65391,0.48333,0.64922,0.42222,0.64609,0.38472,0.64062,0.35833,0.67812,0.49583,0.69297,0.42500,0.68359,0.40833,0.67266,0.40833,0.69766,0.52500,0.69297,0.49167,0.67344,0.53056,0.66328,0.56528,0.71406,0.56389,0.71094,0.53750,0.69531,0.55278,0.68828,0.57083,0.60513,0.83369,0.9995,0.73218,1.00000,0.9169,0.67182,0.63896,0.9985,0.66070,0.58276,0.66328,0.65972,109.57,0.9973,live,0.1799,0.1336,86.81,649.75
155914.455507,80.0,0.2668,3,2,0,0.66953,0.71667,0.64609,0.68750,0.62969,0.64028,0.63906,0.62222,0.65781,0.62083,0.65781,0.54167,0.65625,0.48333,0.65312,0.45139,0.64687,0.43194,0.68516,0.55278,0.70312,0.48472,0.69453,0.47500,0.68437,0.48333,0.70703,0.58194,0.70156,0.56806,0.68125,0.61250,0.67109,0.64444,0.72344,0.62222,0.71562,0.61667,0.70156,0.63611,0.69531,0.65000,0.60675,0.83291,0.9995,0.73455,1.00000,0.9176,0.67700,0.70732,0.9985,0.66246,0.60954,0.66953,0.71667,111.38,0.9985,live,0.1646,0.0950,61.94,651.97
155914.522812,80.0,0.3565,3,2,0,0.67422,0.77222,0.64922,0.74028,0.63203,0.69306,0.64297,0.68056,0.66484,0.68889,0.66094,0.59583,0.66094,0.53889,0.65781,0.51111,0.65078,0.49722,0.69063,0.60556,0.70937,0.53889,0.70156,0.53472,0.69063,0.54861,0.71250,0.63472,0.70312,0.63611,0.68281,0.68333,0.67266,0.71250,0.72891,0.67500,0.71562,0.68750,0.70078,0.71111,0.69531,0.72222,0.60927,0.84676,0.9995,0.73332,1.00000,0.9170,0.68497,0.76768,0.9984,0.66481,0.64208,0.67422,0.77222,113.24,0.9989,live,0.1542,0.1070,70.12,655.27
155914.588886,80.0,0.4446,3,2,0,0.67500,0.80139,0.65078,0.76806,0.63281,0.72083,0.64453,0.71111,0.66875,0.72778,0.66250,0.62778,0.66328,0.57361,0.66016,0.54722,0.65391,0.53750,0.69375,0.63472,0.71406,0.56944,0.70547,0.57083,0.69297,0.59167,0.71719,0.66389,0.70859,0.67361,0.68594,0.72222,0.67344,0.74722,0.73516,0.70417,0.71875,0.73194,0.70156,0.75694,0.69375,0.76250,0.60947,0.84634,0.9996,0.74190,1.00000,0.9153,0.68733,0.78750,0.9984,0.66685,0.67394,0.67500,0.80139,115.13,0.9986,live,0.1542,0.1389,91.61,659.53
155914.655920,80.0,0.5340,3,2,0,0.67578,0.81250,0.65156,0.77778,0.63281,0.72917,0.64375,0.72222,0.66875,0.74028,0.66328,0.63611,0.66328,0.58472,0.66016,0.55833,0.65469,0.54722,0.69453,0.64167,0.71484,0.58056,0.70781,0.57917,0.69766,0.59722,0.71953,0.66944,0.70781,0.68333,0.68516,0.73194,0.67266,0.75972,0.73828,0.70972,0.71875,0.74306,0.70000,0.76806,0.69219,0.77778,0.61013,0.84703,0.9996,0.75088,1.00000,0.9159,0.69051,0.79734,0.9983,0.66864,0.70165,0.67578,0.81250,117.99,0.9986,live,0.1542,0.1619,107.73,665.34
155914.722853,80.0,0.6232,3,2,0,0.67344,0.81250,0.64922,0.77917,0.63047,0.72639,0.64219,0.71667,0.66875,0.73611,0.66016,0.63889,0.66172,0.58472,0.65938,0.55694,0.65469,0.54722,0.69297,0.64306,0.71172,0.58056,0.70312,0.57917,0.69297,0.59583,0.71797,0.67083,0.70312,0.68333,0.68125,0.73333,0.67109,0.75694,0.73672,0.70972,0.71484,0.74167,0.69766,0.76806,0.69219,0.77361,0.61011,0.84684,0.9996,0.74734,1.00000,0.9199,0.69136,0.80478,0.9984,0.66960,0.72382,0.67344,0.81250,117.72,0.9991,live,0.1597,0.1846,123.74,670.25
155914.788914,80.0,0.7113,3,2,0,0.67266,0.80972,0.64766,0.77500,0.62734,0.72639,0.63750,0.71389,0.66328,0.73056,0.65859,0.63472,0.65859,0.58194,0.65547,0.55417,0.64922,0.54306,0.69063,0.64028,0.70937,0.57778,0.69922,0.57639,0.68594,0.59583,0.71562,0.66667,0.70078,0.67778,0.67812,0.72500,0.66563,0.75278,0.73438,0.70556,0.71250,0.73333,0.69453,0.75833,0.68672,0.76667,0.60987,0.84676,0.9996,0.73828,1.00000,0.9214,0.69131,0.79949,0.9984,0.67021,0.74100,0.67266,0.80972,117.49,0.9987,live,0.1672,0.2013,135.73,674.41
155914.855981,80.0,0.8007,3,2,0,0.67344,0.81250,0.64844,0.77778,0.62813,0.72639,0.63672,0.71389,0.66328,0.72778,0.65859,0.63611,0.65859,0.58333,0.65625,0.55417,0.65156,0.54306,0.69063,0.64167,0.70859,0.57917,0.70000,0.57361,0.68828,0.59167,0.71562,0.66806,0.70234,0.67361,0.67812,0.72222,0.66484,0.75417,0.73516,0.70694,0.71250,0.73472,0.69297,0.76111,0.68516,0.77083,0.61072,0.84673,0.9996,0.73590,1.00000,0.9224,0.69175,0.80178,0.9984,0.67085,0.75530,0.67344,0.81250,118.37,0.9991,live,0.1739,0.2045,138.78,678.71
155914.922788,80.0,0.8898,3,2,0,0.67812,0.80833,0.65391,0.77222,0.63516,0.72500,0.64453,0.71111,0.66953,0.72083,0.66484,0.63333,0.66484,0.58194,0.66250,0.55278,0.65703,0.54306,0.69609,0.64028,0.71562,0.57500,0.70859,0.57083,0.69688,0.59028,0.72031,0.66667,0.71016,0.66667,0.68672,0.71667,0.67344,0.74861,0.73906,0.70694,0.72031,0.72917,0.70234,0.75417,0.69531,0.76389,0.61397,0.84693,0.9997,0.75818,1.00000,0.9244,0.69441,0.80704,0.9983,0.67231,0.76591,0.67812,0.80833,116.48,0.9985,live,0.1739,0.1948,132.70,681.13
155914.988956,80.0,0.9781,3,2,0,0.68906,0.80139,0.66406,0.76528,0.64766,0.71806,0.66016,0.70417,0.68672,0.71389,0.68047,0.62500,0.68125,0.57222,0.68125,0.54306,0.67578,0.53333,0.71172,0.63194,0.73047,0.57083,0.72500,0.56528,0.71484,0.58056,0.73438,0.65972,0.72344,0.66806,0.70078,0.71111,0.68828,0.73750,0.75234,0.70139,0.73750,0.72083,0.72109,0.74306,0.71250,0.75000,0.61501,0.84709,0.9997,0.74702,1.00000,0.9240,0.70072,0.80744,0.9983,0.67566,0.77300,0.68906,0.80139,117.11,0.9975,live,0.1739,0.1739,118.90,683.71
155915.055775,80.0,0.0671,3,3,0,0.70703,0.79167,0.68437,0.75417,0.67031,0.70417,0.68672,0.68750,0.71250,0.69167,0.70469,0.61389,0.70781,0.56111,0.70937,0.53333,0.70781,0.51944,0.73359,0.62639,0.75156,0.57083,0.75234,0.55833,0.74922,0.55972,0.75547,0.65694,0.75391,0.65139,0.73281,0.69306,0.71875,0.72222,0.77266,0.70000,0.76719,0.70000,0.75000,0.72361,0.73906,0.73750,0.61307,0.84505,0.9997,0.74663,1.00000,0.9193,0.70970,0.79615,0.9982,0.68193,0.77674,0.70703,0.79167,116.36,0.9974,live,0.1687,0.1450,99.40,685.45
155915.123244,80.0,0.1571,3,3,0,0.73125,0.78750,0.70937,0.74583,0.70156,0.69028,0.72344,0.67222,0.75000,0.67639,0.73672,0.60556,0.74219,0.55833,0.74766,0.52917,0.75000,0.51111,0.76562,0.61944,0.78438,0.56528,0.78984,0.54861,0.79219,0.54167,0.78672,0.65139,0.78906,0.63750,0.76562,0.68194,0.75000,0.71111,0.80312,0.69583,0.79922,0.69167,0.77891,0.71667,0.76484,0.73056,0.60869,0.84249,0.9996,0.73666,1.00000,0.9185,0.74693,0.78975,0.9982,0.69180,0.77889,0.73125,0.78750,120.04,0.9971,live,0.1597,0.1190,82.03,689.63
155915.189520,80.0,0.2455,3,3,0,0.75547,0.78194,0.73438,0.73889,0.73203,0.68472,0.75859,0.66528,0.78594,0.66667,0.76875,0.60139,0.77891,0.54861,0.78828,0.51944,0.79453,0.50556,0.79609,0.61944,0.81875,0.56250,0.82656,0.54444,0.82969,0.54028,0.81484,0.65278,0.82500,0.63194,0.80078,0.67500,0.78438,0.70417,0.82812,0.70000,0.82891,0.69167,0.80781,0.71667,0.79297,0.73056,0.60871,0.83787,0.9997,0.75475,1.00000,0.9163,0.77280,0.78341,0.9982,0.70453,0.77950,0.75547,0.78194,118.32,0.9979,live,0.1498,0.1047,72.48,692.06
155915.255826,80.0,0.3339,3,3,0,0.77266,0.77778,0.75391,0.73194,0.75547,0.67778,0.78359,0.66111,0.81094,0.65972,0.79297,0.59583,0.80547,0.54722,0.81563,0.52083,0.82422,0.50417,0.81953,0.61667,0.84375,0.56389,0.85313,0.54722,0.85859,0.54167,0.83594,0.65417,0.85234,0.63056,0.82578,0.67222,0.80625,0.70278,0.84766,0.70139,0.85313,0.68750,0.83125,0.71111,0.81406,0.72778,0.60754,0.83281,0.9997,0.74719,1.00000,0.9142,0.78849,0.77366,0.9982,0.71816,0.77916,0.77266,0.77778,119.53,0.9976,live,0.1448,0.1217,84.61,695.07
155915.323181,80.0,0.4237,3,3,0,0.78125,0.77778,0.76406,0.72917,0.76875,0.67361,0.80000,0.65833,0.82812,0.65694,0.80625,0.59722,0.82031,0.54861,0.83203,0.52222,0.84297,0.50278,0.83203,0.61944,0.85469,0.56806,0.86719,0.54861,0.87656,0.53889,0.84844,0.65556,0.86875,0.63194,0.84297,0.66944,0.82188,0.69722,0.85938,0.70278,0.86875,0.69028,0.84688,0.71111,0.82969,0.72500,0.60856,0.83279,0.9997,0.74889,1.00000,0.9141,0.79635,0.76942,0.9981,0.73078,0.77888,0.78125,0.77778,120.18,0.9927,live,0.1399,0.1179,82.33,698.20
155915.389550,80.0,0.5122,3,3,0,0.78750,0.77361,0.76953,0.72361,0.77578,0.67083,0.80703,0.65556,0.83437,0.65000,0.81250,0.59028,0.82656,0.54444,0.83984,0.51667,0.85000,0.49861,0.83906,0.61389,0.86406,0.56111,0.87656,0.54167,0.88516,0.53472,0.85469,0.65139,0.87422,0.62500,0.84688,0.66528,0.82422,0.69444,0.86484,0.70000,0.87344,0.68333,0.85156,0.70417,0.83281,0.71944,0.60855,0.83282,0.9997,0.74879,1.00000,0.9148,0.79555,0.76441,0.9981,0.74212,0.77783,0.78750,0.77361,121.07,0.9951,live,0.1399,0.1324,92.87,701.59
155915.456135,80.0,0.6010,3,3,0,0.78828,0.77361,0.77031,0.72083,0.77578,0.66667,0.80703,0.65139,0.83516,0.64861,0.81250,0.58750,0.82656,0.54306,0.84062,0.51667,0.85156,0.50139,0.83906,0.61111,0.86484,0.55972,0.87734,0.54028,0.88438,0.53333,0.85547,0.64861,0.87500,0.62361,0.84688,0.66250,0.82578,0.69167,0.86562,0.69583,0.87344,0.68194,0.85156,0.70417,0.83359,0.71944,0.61002,0.83242,0.9997,0.74988,1.00000,0.9151,0.79749,0.76445,0.9981,0.75135,0.77698,0.78828,0.77361,122.15,0.9928,live,0.1399,0.1441,101.65,705.35
155915.523406,80.0,0.6906,3,3,0,0.78594,0.77083,0.76797,0.72083,0.77187,0.66667,0.80234,0.65000,0.83047,0.64444,0.80781,0.58750,0.82109,0.54028,0.83359,0.51528,0.84531,0.49861,0.83437,0.60972,0.85859,0.55694,0.87109,0.54028,0.87891,0.53194,0.85078,0.64583,0.87031,0.62222,0.84453,0.65972,0.82422,0.68750,0.86094,0.69306,0.86875,0.68056,0.84688,0.70278,0.82969,0.71667,0.60991,0.83444,0.9997,0.74956,1.00000,0.9147,0.79813,0.76525,0.9981,0.75827,0.77575,0.78594,0.77083,119.90,0.9929,live,0.1399,0.1497,105.84,707.03
155915.589474,80.0,0.7787,3,3,0,0.77734,0.76250,0.76094,0.71250,0.76406,0.66250,0.79141,0.64444,0.81875,0.64167,0.79922,0.58333,0.81172,0.53472,0.82266,0.50972,0.83281,0.49306,0.82500,0.60417,0.84922,0.55278,0.86016,0.53333,0.86797,0.52361,0.84141,0.64167,0.86016,0.61389,0.83594,0.64861,0.81719,0.67639,0.85156,0.68750,0.86094,0.66944,0.84062,0.69028,0.82344,0.70694,0.61014,0.83456,0.9997,0.74951,1.00000,0.9151,0.79607,0.76488,0.9982,0.76208,0.77310,0.77734,0.76250,117.79,0.9952,live,0.1399,0.1453,102.70,706.99
155915.656120,80.0,0.8676,3,3,0,0.76797,0.75278,0.74922,0.70556,0.75000,0.65000,0.77578,0.63056,0.80078,0.62917,0.78438,0.56944,0.79453,0.52083,0.80469,0.49306,0.81172,0.47778,0.81016,0.58889,0.83359,0.53333,0.84219,0.51528,0.84531,0.51111,0.82656,0.62222,0.84375,0.59722,0.81875,0.63611,0.79844,0.66667,0.83828,0.66944,0.84531,0.65278,0.82500,0.67500,0.80859,0.69306,0.61032,0.83366,0.9997,0.74769,1.00000,0.9138,0.79521,0.76493,0.9982,0.76326,0.76904,0.76797,0.75278,117.83,0.9940,live,0.1399,0.1298,91.78,706.99
155915.723436,80.0,0.9574,3,3,0,0.74766,0.73194,0.72813,0.68194,0.72578,0.62778,0.74844,0.60278,0.77344,0.59861,0.76094,0.54722,0.76797,0.49861,0.77500,0.46944,0.78047,0.45000,0.78672,0.56528,0.80859,0.50972,0.81406,0.48889,0.81484,0.48056,0.80391,0.60000,0.81641,0.56667,0.79297,0.60556,0.77500,0.63611,0.81797,0.64583,0.82344,0.62222,0.80391,0.64306,0.78906,0.66250,0.60938,0.83739,0.9997,0.74744,1.00000,0.9142,0.78357,0.74497,0.9983,0.76014,0.76162,0.74766,0.73194,118.80,0.9959,live,0.1342,0.1078,76.27,707.69
155915.789781,80.0,0.0458,3,1,1,0.72813,0.69444,0.70625,0.64583,0.70078,0.58889,0.72031,0.55972,0.74219,0.54861,0.73203,0.50694,0.73281,0.45278,0.73750,0.42083,0.73750,0.40694,0.75781,0.52361,0.78125,0.45833,0.78125,0.43472,0.77344,0.43194,0.77656,0.55694,0.78203,0.51528,0.76094,0.55417,0.74687,0.59028,0.79141,0.60417,0.79453,0.57361,0.77734,0.59167,0.76406,0.60972,0.60865,0.83761,0.9997,0.74664,1.00000,0.9134,0.75687,0.70658,0.9983,0.75374,0.74818,0.72813,0.69444,117.75,0.9980,live,0.1257,0.0875,61.89,707.55
155915.856644,80.0,0.1350,3,1,1,0.70469,0.64444,0.68281,0.59444,0.67734,0.54028,0.69141,0.50278,0.70781,0.47917,0.70469,0.45417,0.70312,0.39861,0.70391,0.36528,0.70000,0.34583,0.72891,0.46806,0.74922,0.40556,0.74609,0.37639,0.73672,0.36667,0.74609,0.50139,0.75156,0.45000,0.73125,0.48333,0.71797,0.51806,0.76016,0.54722,0.76328,0.50972,0.74453,0.52639,0.73203,0.54861,0.60842,0.84106,0.9997,0.74640,1.00000,0.9130,0.72787,0.66553,0.9983,0.74393,0.72744,0.70469,0.64444,116.26,0.9966,live,0.1173,0.0788,55.69,706.35
155915.923501,80.0,0.2241,3,1,1,0.68594,0.58889,0.66172,0.54028,0.65469,0.48194,0.66484,0.43611,0.67969,0.40417,0.68594,0.41250,0.68203,0.35556,0.67812,0.32222,0.67422,0.29306,0.70781,0.41944,0.71953,0.34861,0.71406,0.31528,0.70469,0.29583,0.72578,0.44167,0.72969,0.37222,0.71250,0.38472,0.70000,0.40556,0.74062,0.47639,0.73047,0.43611,0.71094,0.45694,0.69766,0.48472,0.60771,0.83900,0.9997,0.74441,1.00000,0.9122,0.70991,0.60303,0.9984,0.73233,0.69973,0.68594,0.58889,110.75,0.9941,live,0.1173,0.0981,68.77,701.33
155915.989998,80.0,0.3128,3,1,1,0.67031,0.54444,0.64609,0.49722,0.63828,0.43611,0.64844,0.38750,0.66328,0.35278,0.66641,0.36944,0.66094,0.31389,0.65625,0.27917,0.65234,0.24722,0.68672,0.37361,0.69375,0.30417,0.69297,0.26389,0.68828,0.23611,0.70391,0.39306,0.71094,0.33194,0.70312,0.30000,0.69453,0.28056,0.71797,0.42222,0.71250,0.38056,0.69531,0.39444,0.67969,0.41806,0.60732,0.83667,0.9997,0.74094,0.95772,0.9141,0.69855,0.56480,0.9984,0.71993,0.66867,0.67031,0.54444,108.53,0.9945,live,0.1173,0.1376,95.70,695.31
155916.056251,80.0,0.4011,3,1,1,0.65859,0.51250,0.63359,0.46806,0.62500,0.40694,0.63672,0.35972,0.65234,0.32361,0.65156,0.34583,0.64219,0.29028,0.63750,0.25556,0.63438,0.21944,0.67109,0.34722,0.67422,0.27500,0.67266,0.23194,0.67031,0.19583,0.68828,0.36111,0.69375,0.29861,0.68594,0.26528,0.67891,0.23889,0.70312,0.38750,0.69063,0.34167,0.67344,0.36250,0.66016,0.39028,0.60722,0.83392,0.9996,0.73965,0.94394,0.9145,0.68223,0.53056,0.9985,0.70766,0.63744,0.65859,0.51250,104.86,0.9939,live,0.1282,0.1781,122.41,687.37
155916.123729,80.0,0.4911,3,1,1,0.64844,0.49722,0.62422,0.45417,0.61797,0.39167,0.62969,0.34444,0.64609,0.30833,0.64062,0.33333,0.63125,0.27778,0.62500,0.24306,0.62187,0.20833,0.66016,0.33333,0.66172,0.26111,0.65938,0.21528,0.65703,0.17500,0.67734,0.34583,0.67969,0.28194,0.67109,0.24306,0.66484,0.21111,0.69141,0.36944,0.67656,0.32500,0.66016,0.34722,0.64844,0.37778,0.60639,0.83208,0.9996,0.73865,0.92564,0.9154,0.67241,0.51697,0.9985,0.69582,0.60939,0.64844,0.49722,103.64,0.9948,live,0.1439,0.2150,146.10,679.51
155916.189975,80.0,0.5794,3,1,1,0.64453,0.49028,0.61953,0.44861,0.61406,0.38611,0.62656,0.33750,0.64375,0.29861,0.63516,0.32917,0.62500,0.27361,0.61953,0.24167,0.61562,0.20694,0.65391,0.32778,0.65469,0.25833,0.65234,0.21250,0.65078,0.17222,0.67031,0.34028,0.67188,0.27500,0.66484,0.23611,0.66016,0.20278,0.68516,0.35972,0.66953,0.31528,0.65234,0.33889,0.64141,0.37222,0.60455,0.83043,0.9996,0.73582,0.92030,0.9146,0.66641,0.51194,0.9985,0.68556,0.58557,0.64453,0.49028,102.33,0.9929,live,0.1623,0.2462,165.35,671.65
155916.256709,80.0,0.6684,3,1,1,0.64219,0.49306,0.61953,0.45000,0.61328,0.39028,0.62500,0.34167,0.64141,0.30694,0.63438,0.33194,0.62422,0.27778,0.61875,0.24444,0.61484,0.21111,0.65312,0.33056,0.65312,0.25972,0.65156,0.21528,0.65000,0.17639,0.67031,0.34167,0.67109,0.27639,0.66406,0.23611,0.65938,0.20139,0.68437,0.36389,0.66875,0.31667,0.65234,0.34028,0.64297,0.37361,0.60362,0.83042,0.9995,0.73339,0.91684,0.9156,0.66303,0.51681,0.9985,0.67688,0.56707,0.64219,0.49306,102.45,0.9946,live,0.1807,0.2647,176.01,664.82
155916.323580,80.0,0.7575,3,1,1,0.64531,0.50278,0.62109,0.46111,0.61406,0.39861,0.62578,0.35139,0.64453,0.31944,0.63594,0.34306,0.62656,0.28750,0.62031,0.25278,0.61562,0.21944,0.65391,0.34167,0.65469,0.27083,0.65234,0.22500,0.65156,0.18611,0.67109,0.35278,0.67344,0.28472,0.66641,0.24444,0.66172,0.20972,0.68594,0.37500,0.67031,0.32500,0.65469,0.35139,0.64766,0.38472,0.60304,0.83018,0.9995,0.73270,0.92227,0.9163,0.66310,0.51901,0.9985,0.67057,0.55421,0.64531,0.50278,101.46,0.9949,live,0.1962,0.2668,175.61,658.09
155916.390035,80.0,0.8462,3,1,1,0.64766,0.52083,0.62344,0.47917,0.61562,0.41528,0.62891,0.36667,0.64844,0.33611,0.63750,0.36111,0.62969,0.30417,0.62422,0.27083,0.61875,0.23611,0.65625,0.35972,0.65703,0.28889,0.65547,0.24444,0.65312,0.20556,0.67344,0.37083,0.67656,0.30139,0.67031,0.26111,0.66484,0.22639,0.68984,0.39028,0.67422,0.34167,0.65859,0.36806,0.64922,0.40278,0.60318,0.83016,0.9994,0.73405,0.92529,0.9161,0.66489,0.52263,0.9985,0.66599,0.54753,0.64766,0.52083,102.72,0.9941,live,0.2060,0.2503,163.49,653.07
155916.456603,80.0,0.9349,3,1,1,0.65156,0.54861,0.62734,0.50694,0.62031,0.44306,0.63359,0.39722,0.65312,0.36528,0.64219,0.38333,0.63359,0.32500,0.62813,0.29167,0.62187,0.25833,0.66172,0.38333,0.66328,0.31250,0.66016,0.26944,0.65625,0.23056,0.67891,0.39583,0.68281,0.32778,0.67500,0.28611,0.66953,0.25000,0.69453,0.41806,0.67969,0.37222,0.66328,0.39861,0.65391,0.43194,0.60294,0.82963,0.9994,0.73396,0.93691,0.9168,0.66613,0.53647,0.9985,0.66310,0.54775,0.65156,0.54861,104.93,0.9949,live,0.2148,0.2549,165.77,650.26
155916.524034,80.0,0.0248,3,2,0,0.65547,0.59583,0.63047,0.55278,0.62187,0.49167,0.63750,0.44722,0.65625,0.41944,0.64609,0.42639,0.63750,0.36806,0.63125,0.33472,0.62422,0.30139,0.66563,0.42500,0.66563,0.35417,0.66250,0.31250,0.65781,0.27639,0.68359,0.44028,0.68594,0.37500,0.67969,0.33472,0.67578,0.29861,0.70000,0.46806,0.68750,0.42361,0.67188,0.44583,0.66172,0.47500,0.60311,0.83127,0.9995,0.73511,0.98285,0.9169,0.66664,0.56541,0.9985,0.66158,0.55737,0.65547,0.59583,107.44,0.9939,live,0.2079,0.1768,114.83,649.58
155916.589987,80.0,0.1128,3,2,0,0.66016,0.65694,0.63594,0.62500,0.62422,0.56389,0.63828,0.52222,0.65859,0.50000,0.64766,0.48611,0.63984,0.42917,0.63281,0.40000,0.62422,0.37222,0.67031,0.48750,0.67188,0.41528,0.66953,0.37639,0.66406,0.34167,0.68906,0.50556,0.69297,0.44306,0.68750,0.40694,0.68203,0.37500,0.70625,0.53611,0.69844,0.49583,0.68359,0.51528,0.67109,0.54306,0.60599,0.83702,0.9995,0.73884,1.00000,0.9176,0.66963,0.62769,0.9984,0.66129,0.57728,0.66016,0.65694,108.76,0.9949,live,0.2024,0.1770,115.06,649.94
155916.656734,80.0,0.2018,3,2,0,0.66719,0.72083,0.64297,0.69028,0.62969,0.62778,0.64609,0.59306,0.66719,0.57500,0.65469,0.54306,0.64609,0.48889,0.63906,0.46528,0.62891,0.44167,0.67812,0.54583,0.68125,0.48056,0.67812,0.45000,0.67109,0.42222,0.69844,0.56667,0.70391,0.51111,0.69844,0.48056,0.69141,0.45417,0.71562,0.60000,0.70547,0.56806,0.68828,0.59028,0.67344,0.61667,0.60779,0.84228,0.9995,0.74970,1.00000,0.9164,0.67949,0.71252,0.9984,0.66247,0.60599,0.66719,0.72083,112.68,0.9979,live,0.1832,0.0961,62.74,653.07
155916.723845,80.0,0.2912,3,2,0,0.67109,0.76667,0.64687,0.72917,0.63516,0.66667,0.65234,0.63333,0.67656,0.62083,0.66328,0.57778,0.65547,0.52917,0.64766,0.50556,0.63828,0.48333,0.68594,0.58333,0.68984,0.52361,0.68750,0.49306,0.68125,0.46389,0.70625,0.60694,0.71328,0.55694,0.70859,0.53056,0.70312,0.50417,0.72266,0.64444,0.71406,0.60833,0.69609,0.63194,0.67969,0.65556,0.61216,0.84218,0.9995,0.75079,1.00000,0.9140,0.68828,0.75885,0.9983,0.66420,0.63813,0.67109,0.76667,117.40,0.9973,live,0.1700,0.1096,72.25,659.24
155916.790035,80.0,0.3795,3,2,0,0.67656,0.78472,0.65078,0.74028,0.63984,0.67500,0.65859,0.64861,0.68359,0.63889,0.66719,0.59167,0.66016,0.54167,0.65391,0.51667,0.64531,0.49444,0.69219,0.59583,0.69766,0.53611,0.69531,0.50417,0.69063,0.47917,0.71250,0.61806,0.72109,0.57222,0.71641,0.54444,0.71016,0.51806,0.72891,0.65694,0.71719,0.62917,0.69766,0.65556,0.67969,0.68194,0.61406,0.84595,0.9996,0.75474,1.00000,0.9144,0.69335,0.78858,0.9983,0.66667,0.66745,0.67656,0.78472,120.68,0.9974,live,0.1633,0.1329,88.61,667.02
155916.856919,80.0,0.4687,3,2,0,0.67656,0.78194,0.65078,0.74028,0.63984,0.67500,0.65781,0.64722,0.68203,0.63611,0.66719,0.58889,0.65938,0.53889,0.65469,0.51389,0.64687,0.49167,0.69141,0.59444,0.69844,0.53472,0.69766,0.50417,0.69297,0.47917,0.71172,0.61944,0.72031,0.57361,0.71562,0.54722,0.70937,0.52083,0.72734,0.65833,0.71562,0.62639,0.69609,0.65278,0.67891,0.67917,0.61387,0.84600,0.9996,0.75645,1.00000,0.9135,0.69389,0.77900,0.9982,0.66865,0.69035,0.67656,0.78194,119.47,0.9978,live,0.1633,0.1538,103.51,672.99
155916.924046,80.0,0.5582,3,2,0,0.67500,0.77639,0.65078,0.73611,0.63906,0.66944,0.65625,0.64167,0.67969,0.62917,0.66563,0.58333,0.65859,0.53194,0.65312,0.50694,0.64453,0.48611,0.68984,0.59028,0.69688,0.52917,0.69531,0.49861,0.68984,0.47222,0.71016,0.61528,0.71797,0.56667,0.71250,0.54028,0.70547,0.51250,0.72500,0.65417,0.71328,0.61806,0.69453,0.64444,0.67812,0.67083,0.61378,0.84619,0.9996,0.75614,1.00000,0.9175,0.69553,0.77344,0.9983,0.66992,0.70755,0.67500,0.77639,118.80,0.9981,live,0.1633,0.1708,115.74,677.77
155916.989863,80.0,0.6459,3,2,0,0.67578,0.76806,0.65078,0.72778,0.63984,0.66250,0.65625,0.63194,0.67969,0.61944,0.66563,0.57778,0.65781,0.52639,0.65234,0.50139,0.64297,0.47917,0.68984,0.58333,0.69609,0.52083,0.69453,0.49028,0.68828,0.46389,0.70937,0.60833,0.71719,0.55833,0.71172,0.53194,0.70469,0.50417,0.72422,0.64444,0.71328,0.60694,0.69453,0.63333,0.67891,0.66111,0.61372,0.84650,0.9996,0.75604,1.00000,0.9164,0.69534,0.76610,0.9982,0.67109,0.71965,0.67578,0.76806,117.33,0.9977,live,0.1633,0.1829,124.56,680.92
155917.056909,80.0,0.7353,3,2,0,0.67812,0.76111,0.65312,0.71944,0.64141,0.65556,0.65781,0.62500,0.68125,0.61250,0.66719,0.57222,0.66016,0.52083,0.65391,0.49583,0.64453,0.47361,0.69063,0.57778,0.69688,0.51528,0.69531,0.48333,0.68906,0.45833,0.71016,0.60139,0.71875,0.55139,0.71250,0.52639,0.70547,0.50139,0.72578,0.63750,0.71484,0.60139,0.69688,0.62639,0.68047,0.65417,0.61274,0.84633,0.9996,0.76088,1.00000,0.9151,0.69685,0.76314,0.9982,0.67250,0.72795,0.67812,0.76111,116.52,0.9977,live,0.1633,0.1810,123.65,683.10
155917.123848,80.0,0.8246,3,2,0,0.68203,0.75833,0.65781,0.71389,0.64687,0.64861,0.66406,0.61806,0.68750,0.60556,0.67266,0.56806,0.66563,0.51806,0.66016,0.49306,0.65078,0.46944,0.69609,0.57222,0.70156,0.51111,0.70000,0.48056,0.69453,0.45556,0.71562,0.59444,0.72344,0.54583,0.71797,0.52083,0.71094,0.49722,0.73125,0.63056,0.72031,0.59583,0.70156,0.62083,0.68594,0.64861,0.61293,0.84462,0.9996,0.76051,1.00000,0.9100,0.69793,0.76261,0.9981,0.67440,0.73402,0.68203,0.75833,117.92,0.9974,live,0.1633,0.1870,128.30,686.04
155917.190427,80.0,0.9133,3,2,0,0.69297,0.75139,0.66875,0.70833,0.65781,0.64583,0.67656,0.61667,0.70078,0.60278,0.68437,0.56250,0.67891,0.51389,0.67500,0.48889,0.66719,0.46667,0.70859,0.56944,0.71406,0.50972,0.71406,0.47917,0.71016,0.45556,0.72813,0.59306,0.73828,0.54167,0.73359,0.51667,0.72656,0.49583,0.74375,0.62917,0.73672,0.59167,0.71875,0.61250,0.70234,0.63750,0.61114,0.84305,0.9996,0.76024,1.00000,0.9088,0.70184,0.75671,0.9981,0.67812,0.73750,0.69297,0.75139,117.06,0.9972,live,0.1633,0.1407,96.78,688.00
155917.256714,80.0,0.0017,3,3,0,0.71406,0.75000,0.69063,0.70417,0.68437,0.63750,0.70859,0.60694,0.73516,0.60000,0.70937,0.56250,0.70781,0.51389,0.70703,0.48750,0.70312,0.46250,0.73359,0.56806,0.74375,0.50972,0.74766,0.47639,0.74766,0.44722,0.75234,0.59167,0.76484,0.54444,0.76328,0.51944,0.76094,0.49444,0.76875,0.62778,0.76641,0.59167,0.75000,0.61111,0.73594,0.63333,0.61122,0.84739,0.9997,0.77251,1.00000,0.9120,0.72063,0.75634,0.9981,0.68531,0.74000,0.71406,0.75000,117.58,0.9975,live,0.1633,0.1461,100.81,690.09
155917.324254,80.0,0.0918,3,3,0,0.73984,0.75139,0.71719,0.70000,0.71641,0.63611,0.74453,0.60556,0.77266,0.59722,0.74141,0.55833,0.74141,0.50833,0.74531,0.48194,0.74766,0.45556,0.76719,0.56528,0.78047,0.50972,0.78906,0.47778,0.79531,0.44722,0.78594,0.59028,0.80312,0.54583,0.80781,0.51944,0.81172,0.49444,0.80156,0.62778,0.80547,0.58889,0.79063,0.60556,0.77500,0.62778,0.61148,0.84990,0.9997,0.77145,1.00000,0.9129,0.75258,0.75216,0.9981,0.69621,0.74228,0.73984,0.75139,122.08,0.9963,live,0.1510,0.0947,65.82,695.18
155917.390256,80.0,0.1798,3,3,0,0.76328,0.74722,0.74219,0.69583,0.74531,0.63056,0.77812,0.60417,0.80781,0.59722,0.77031,0.55556,0.77500,0.50417,0.78125,0.47778,0.78906,0.45278,0.79688,0.56667,0.81328,0.51111,0.82500,0.48056,0.83516,0.44861,0.81641,0.59444,0.83516,0.55000,0.84375,0.52500,0.85313,0.49722,0.83047,0.63472,0.83828,0.59583,0.82344,0.61111,0.80937,0.62917,0.61127,0.84876,0.9997,0.75667,1.00000,0.9148,0.77298,0.73318,0.9982,0.70963,0.74326,0.76328,0.74722,122.29,0.9953,live,0.1405,0.0926,64.83,699.81
155917.457163,80.0,0.2690,3,3,0,0.77891,0.74583,0.76172,0.69306,0.76797,0.62778,0.80312,0.60417,0.83359,0.59444,0.79141,0.55556,0.79844,0.50556,0.80625,0.47778,0.81484,0.45000,0.81797,0.56667,0.83516,0.51250,0.84844,0.48194,0.86094,0.45278,0.83672,0.59306,0.85703,0.54722,0.86797,0.52778,0.87891,0.50417,0.85000,0.63333,0.85938,0.59444,0.84453,0.61528,0.83047,0.63750,0.61127,0.84534,0.9997,0.75496,1.00000,0.9161,0.79097,0.72714,0.9983,0.72348,0.74378,0.77891,0.74583,122.93,0.9964,live,0.1339,0.1041,73.36,704.34
155917.524402,80.0,0.3586,3,3,0,0.79063,0.74861,0.77344,0.69444,0.77969,0.63194,0.81563,0.61111,0.84531,0.60000,0.80469,0.55972,0.81250,0.50972,0.82109,0.48194,0.83047,0.45556,0.83203,0.57222,0.85000,0.51806,0.86406,0.48889,0.87734,0.46111,0.85078,0.60000,0.87187,0.55694,0.88281,0.53472,0.89375,0.51528,0.86484,0.63889,0.87422,0.60000,0.86016,0.61528,0.84688,0.63333,0.61281,0.84095,0.9997,0.75344,1.00000,0.9156,0.80094,0.72121,0.9982,0.73691,0.74475,0.79063,0.74861,123.54,0.9947,live,0.1339,0.1216,86.17,708.77
155917.590602,80.0,0.4469,3,3,0,0.79531,0.74861,0.78047,0.69306,0.78828,0.63194,0.82422,0.61389,0.85391,0.60417,0.81094,0.56250,0.82031,0.51250,0.82891,0.48611,0.83984,0.46111,0.83750,0.57639,0.85703,0.52083,0.87031,0.49028,0.88438,0.46389,0.85625,0.60417,0.87891,0.55833,0.88906,0.53889,0.89922,0.51806,0.86953,0.64722,0.88125,0.60694,0.86797,0.61806,0.85469,0.63194,0.61306,0.84056,0.9997,0.75256,1.00000,0.9158,0.80303,0.72026,0.9983,0.74859,0.74552,0.79531,0.74861,121.80,0.9933,live,0.1339,0.1381,98.22,711.41
155917.657025,80.0,0.5355,3,3,0,0.79766,0.75278,0.78281,0.69722,0.79141,0.63750,0.82734,0.61944,0.85781,0.60694,0.81172,0.56667,0.82109,0.51806,0.83125,0.49167,0.84219,0.46667,0.83906,0.58056,0.85859,0.52500,0.87266,0.49583,0.88672,0.46806,0.85781,0.60694,0.87969,0.56389,0.89062,0.54444,0.90234,0.52222,0.87187,0.64722,0.88359,0.61250,0.87187,0.62222,0.86094,0.63472,0.61365,0.84032,0.9997,0.75262,1.00000,0.9166,0.80576,0.71988,0.9983,0.75840,0.74697,0.79766,0.75278,122.03,0.9945,live,0.1339,0.1512,107.92,713.90
155917.724381,80.0,0.6253,3,3,0,0.79766,0.75833,0.78281,0.70417,0.79063,0.64583,0.82578,0.62361,0.85547,0.60972,0.81094,0.56944,0.81953,0.51944,0.82969,0.49306,0.84062,0.46944,0.83750,0.58333,0.85625,0.52917,0.87109,0.49861,0.88594,0.47222,0.85625,0.61111,0.87891,0.56806,0.89062,0.54583,0.90234,0.52500,0.87031,0.65000,0.88047,0.60972,0.86719,0.62639,0.85391,0.64583,0.61418,0.83963,0.9997,0.75268,1.00000,0.9162,0.80579,0.72005,0.9983,0.76625,0.74924,0.79766,0.75833,122.49,0.9961,live,0.1339,0.1579,113.13,716.43
155917.790747,80.0,0.7138,3,3,0,0.79297,0.75972,0.77578,0.70694,0.78359,0.64583,0.81875,0.62361,0.84844,0.60833,0.80547,0.57083,0.81250,0.52083,0.82188,0.49306,0.83203,0.46944,0.83203,0.58333,0.85078,0.53056,0.86484,0.50139,0.87891,0.47500,0.85000,0.61111,0.87266,0.56806,0.88359,0.54861,0.89531,0.52778,0.86484,0.64861,0.87422,0.61389,0.86094,0.63194,0.84922,0.65000,0.61460,0.83862,0.9997,0.75165,1.00000,0.9154,0.80376,0.72060,0.9984,0.77160,0.75134,0.79297,0.75972,122.44,0.9951,live,0.1339,0.1541,110.75,718.61
155917.857280,80.0,0.8025,3,3,0,0.78047,0.75139,0.76484,0.69861,0.77344,0.63611,0.80859,0.61528,0.83594,0.60556,0.79297,0.56806,0.80078,0.51944,0.80859,0.49167,0.81641,0.46528,0.81953,0.57917,0.83594,0.52361,0.84922,0.49306,0.86172,0.46528,0.83750,0.60417,0.85859,0.56111,0.86875,0.54028,0.87891,0.51944,0.85234,0.64306,0.86172,0.60556,0.84766,0.62222,0.83594,0.64028,0.61518,0.83820,0.9997,0.75069,1.00000,0.9149,0.80257,0.73524,0.9984,0.77337,0.75135,0.78047,0.75139,120.13,0.9927,live,0.1339,0.1377,98.98,718.87
155917.924398,80.0,0.8920,3,3,0,0.76641,0.73611,0.74766,0.68472,0.75000,0.62083,0.78281,0.59444,0.81094,0.58611,0.77344,0.55000,0.77734,0.50000,0.78438,0.47222,0.79063,0.44583,0.80000,0.55972,0.81563,0.50556,0.82734,0.47500,0.83750,0.44444,0.81953,0.58472,0.83828,0.54306,0.84531,0.51944,0.85313,0.49722,0.83437,0.62222,0.83984,0.58333,0.82422,0.59583,0.81094,0.61111,0.61271,0.83792,0.9997,0.75005,1.00000,0.9140,0.79247,0.73501,0.9984,0.77198,0.74830,0.76641,0.73611,120.42,0.9962,live,0.1339,0.1137,81.80,719.31
155917.990547,80.0,0.9802,3,3,0,0.74687,0.70417,0.72578,0.65139,0.72422,0.58889,0.75156,0.55694,0.77812,0.54722,0.74766,0.51667,0.75000,0.46667,0.75391,0.43750,0.75781,0.41111,0.77344,0.52500,0.78672,0.46806,0.79453,0.43472,0.80078,0.40278,0.79297,0.55000,0.80703,0.50278,0.81172,0.47778,0.81641,0.45278,0.80781,0.58750,0.81172,0.54722,0.79688,0.55833,0.78359,0.57361,0.61395,0.84137,0.9997,0.75196,1.00000,0.9130,0.77697,0.70826,0.9984,0.76696,0.73947,0.74687,0.70417,118.85,0.9975,live,0.1260,0.0897,64.43,718.56
155918.057037,80.0,0.0688,3,1,1,0.72109,0.65972,0.70000,0.60556,0.69844,0.54444,0.72031,0.50694,0.74375,0.48889,0.72344,0.46944,0.72266,0.41806,0.72109,0.38750,0.71953,0.35972,0.74766,0.47778,0.75703,0.41528,0.76016,0.38194,0.76172,0.35000,0.76562,0.50139,0.78047,0.44861,0.77891,0.41944,0.77656,0.39583,0.77891,0.54028,0.78281,0.49583,0.76719,0.50694,0.75078,0.52639,0.61307,0.84172,0.9997,0.75204,1.00000,0.9117,0.75081,0.67602,0.9984,0.75779,0.72352,0.72109,0.65972,118.31,0.9980,live,0.1201,0.0933,66.93,717.52
155918.124716,80.0,0.1591,3,1,1,0.70156,0.60694,0.67812,0.55417,0.67422,0.49306,0.69219,0.44861,0.71328,0.42361,0.69766,0.42500,0.69375,0.37083,0.69141,0.33750,0.68828,0.30694,0.72031,0.42917,0.72813,0.36389,0.72969,0.32500,0.72891,0.29306,0.73750,0.44861,0.74766,0.38889,0.74453,0.35694,0.74141,0.33056,0.75234,0.47917,0.75078,0.43333,0.73516,0.44722,0.72266,0.46944,0.60986,0.83185,0.9997,0.74853,0.99793,0.9105,0.73091,0.62597,0.9984,0.74654,0.70021,0.70156,0.60694,113.53,0.9954,live,0.1112,0.0706,50.35,713.16
155918.190520,80.0,0.2468,3,1,1,0.68516,0.55417,0.66016,0.50417,0.65469,0.44167,0.67109,0.39722,0.69063,0.37083,0.67578,0.37778,0.67031,0.32500,0.66563,0.29167,0.66094,0.25972,0.69688,0.37917,0.70234,0.31528,0.70156,0.27639,0.69922,0.24167,0.71406,0.39444,0.72188,0.33333,0.71719,0.30000,0.71172,0.27222,0.72891,0.41944,0.72188,0.37222,0.70703,0.39167,0.69531,0.41806,0.60787,0.83066,0.9996,0.74067,0.94849,0.9120,0.70294,0.56760,0.9985,0.73426,0.67100,0.68516,0.55417,110.20,0.9952,live,0.1112,0.1082,76.50,706.92
155918.257333,80.0,0.3359,3,1,1,0.67109,0.50694,0.64531,0.46250,0.63984,0.40000,0.65391,0.35278,0.67109,0.32361,0.65938,0.34306,0.65156,0.29167,0.64609,0.25833,0.64141,0.22639,0.67891,0.34167,0.68125,0.27500,0.67891,0.23611,0.67500,0.20278,0.69609,0.35417,0.70156,0.29028,0.69453,0.25833,0.68828,0.23333,0.71094,0.37500,0.70000,0.32500,0.68437,0.34861,0.67422,0.37778,0.60784,0.82894,0.9996,0.73994,0.91812,0.9132,0.69190,0.53303,0.9985,0.72163,0.63819,0.67109,0.50694,104.02,0.9949,live,0.1183,0.1506,105.00,696.98
155918.324423,80.0,0.4253,3,1,1,0.66172,0.48194,0.63672,0.43889,0.63047,0.37639,0.64219,0.32639,0.66094,0.29444,0.65000,0.32361,0.64141,0.27083,0.63516,0.23750,0.62969,0.20278,0.66875,0.32222,0.67031,0.25556,0.66563,0.21528,0.66094,0.17917,0.68516,0.33333,0.68906,0.26806,0.68047,0.23472,0.67266,0.20694,0.69844,0.35139,0.68594,0.30139,0.67031,0.32083,0.66094,0.34722,0.60733,0.82919,0.9996,0.74010,0.90700,0.9156,0.68343,0.50684,0.9985,0.70965,0.60694,0.66172,0.48194,100.14,0.9959,live,0.1317,0.1928,132.15,685.45
155918.391018,80.0,0.5141,3,1,1,0.65781,0.46944,0.63281,0.42500,0.62578,0.36528,0.63750,0.31667,0.65547,0.27917,0.64453,0.31389,0.63516,0.26250,0.62813,0.23056,0.62422,0.19722,0.66250,0.31250,0.66172,0.24583,0.65781,0.20556,0.65312,0.17083,0.67812,0.32222,0.68125,0.25972,0.67266,0.22361,0.66484,0.19583,0.69141,0.33889,0.67891,0.28750,0.66406,0.30694,0.65391,0.33472,0.60681,0.82921,0.9996,0.73932,0.89192,0.9182,0.67855,0.49805,0.9986,0.69928,0.57944,0.65781,0.46944,98.11,0.9965,live,0.1496,0.2314,155.93,673.84
155918.457585,80.0,0.6029,3,1,1,0.65703,0.46806,0.63125,0.42500,0.62344,0.36528,0.63359,0.31528,0.64922,0.27500,0.64297,0.31528,0.63281,0.26250,0.62578,0.23056,0.62031,0.20000,0.66094,0.31389,0.66016,0.24583,0.65547,0.20833,0.65078,0.17500,0.67656,0.32361,0.67969,0.25556,0.66953,0.22083,0.66094,0.19722,0.69141,0.33750,0.68125,0.28333,0.66484,0.29583,0.65234,0.32083,0.60618,0.82732,0.9996,0.73941,0.89064,0.9212,0.67936,0.49160,0.9986,0.69083,0.55716,0.65703,0.46806,97.60,0.9950,live,0.1695,0.2600,172.42,663.25
155918.524875,80.0,0.6926,3,1,1,0.65938,0.48056,0.63125,0.44028,0.62187,0.38333,0.63125,0.33194,0.64844,0.29861,0.64297,0.32222,0.63438,0.27083,0.62656,0.23889,0.61953,0.20833,0.66250,0.31667,0.66328,0.25278,0.65781,0.21250,0.65156,0.18333,0.67812,0.32500,0.68750,0.26250,0.67891,0.22361,0.66875,0.20000,0.69297,0.34444,0.69531,0.29306,0.68125,0.27778,0.66563,0.27917,0.60451,0.82739,0.9995,0.73709,0.89225,0.9225,0.67807,0.49415,0.9986,0.68454,0.54184,0.65938,0.48056,101.74,0.9935,live,0.1875,0.2696,177.14,656.91
155918.590869,80.0,0.7806,3,1,1,0.66094,0.50694,0.63359,0.46667,0.62266,0.40694,0.63516,0.35694,0.65625,0.33750,0.64297,0.34028,0.63594,0.28889,0.62969,0.25694,0.62344,0.22778,0.66406,0.33472,0.66484,0.27222,0.66172,0.23333,0.65703,0.20000,0.68203,0.34306,0.68828,0.28472,0.68516,0.24861,0.67812,0.22083,0.69844,0.36389,0.70469,0.31944,0.70000,0.29167,0.69063,0.27083,0.60512,0.82792,0.9995,0.73719,0.90936,0.9226,0.67806,0.50035,0.9986,0.67982,0.53486,0.66094,0.50694,108.22,0.9873,live,0.2000,0.2569,168.56,656.00
155918.657526,80.0,0.8695,3,1,1,0.66563,0.54444,0.63672,0.50278,0.62578,0.44583,0.64219,0.40417,0.66406,0.39306,0.64766,0.36944,0.64141,0.31667,0.63516,0.28194,0.62813,0.25278,0.67031,0.36528,0.67266,0.30278,0.67031,0.26250,0.66641,0.22778,0.68984,0.37639,0.69609,0.31806,0.69531,0.27917,0.69141,0.24444,0.70703,0.40000,0.71562,0.35556,0.71562,0.32778,0.71250,0.30278,0.60454,0.82740,0.9995,0.73633,0.91989,0.9232,0.67929,0.52277,0.9986,0.67698,0.53678,0.66563,0.54444,113.27,0.9803,live,0.2046,0.2256,148.66,658.84
155918.724885,80.0,0.9593,3,1,1,0.67188,0.59028,0.64297,0.55000,0.63203,0.48889,0.65391,0.45972,0.67891,0.45833,0.65547,0.40972,0.64922,0.35278,0.64375,0.31944,0.63672,0.28889,0.67969,0.40833,0.68281,0.34028,0.68125,0.29861,0.67812,0.26111,0.70000,0.42500,0.70781,0.36111,0.70859,0.31944,0.70703,0.28194,0.71641,0.45556,0.72656,0.41250,0.72969,0.38333,0.73047,0.35694,0.60482,0.82834,0.9995,0.73745,0.95999,0.9230,0.68499,0.55498,0.9986,0.67596,0.54748,0.67188,0.59028,115.07,0.9844,live,0.2046,0.1859,123.20,662.62
155918.791196,80.0,0.0477,3,2,0,0.67734,0.64167,0.64922,0.60417,0.63594,0.54306,0.65625,0.51528,0.68203,0.52083,0.66172,0.45833,0.65547,0.40000,0.65000,0.36528,0.64375,0.33333,0.68750,0.45694,0.69297,0.38750,0.69297,0.34722,0.69063,0.31111,0.70859,0.47500,0.71875,0.41389,0.72188,0.37500,0.72266,0.33889,0.72500,0.50972,0.73828,0.46806,0.74453,0.44028,0.74687,0.41667,0.60541,0.83002,0.9995,0.73748,1.00000,0.9222,0.69617,0.62662,0.9986,0.67624,0.56632,0.67734,0.64167,117.27,0.9885,live,0.1933,0.1417,94.61,667.54
155918.857650,80.0,0.1363,3,2,0,0.68047,0.69028,0.65156,0.65139,0.63750,0.59028,0.65938,0.56667,0.68750,0.57778,0.66484,0.50278,0.65938,0.44583,0.65391,0.41250,0.64844,0.38056,0.69141,0.50278,0.69844,0.43472,0.70000,0.39583,0.69922,0.36111,0.71328,0.52500,0.72422,0.46389,0.72891,0.42639,0.73125,0.39167,0.73047,0.56250,0.74453,0.52222,0.75234,0.49722,0.75703,0.47361,0.60719,0.83281,0.9995,0.73889,1.00000,0.9196,0.69653,0.66449,0.9985,0.67708,0.59111,0.68047,0.69028,119.66,0.9894,live,0.1765,0.1002,67.47,673.59
155918.924649,80.0,0.2256,3,2,0,0.68125,0.71806,0.65312,0.67778,0.63672,0.62222,0.65859,0.60000,0.68906,0.60417,0.66484,0.52778,0.66016,0.47222,0.65625,0.44028,0.65156,0.41111,0.69219,0.52917,0.70000,0.46528,0.70156,0.42778,0.70234,0.39444,0.71406,0.55417,0.72734,0.49722,0.73281,0.46111,0.73516,0.42500,0.73125,0.59306,0.74687,0.55833,0.75391,0.53333,0.75859,0.50833,0.60757,0.83355,0.9995,0.76213,1.00000,0.9169,0.69638,0.69063,0.9985,0.67792,0.61650,0.68125,0.71806,120.72,0.9913,live,0.1622,0.0970,65.92,679.68
155918.990819,80.0,0.3139,3,2,0,0.67812,0.72639,0.64922,0.68611,0.63438,0.62639,0.65703,0.60417,0.68672,0.61250,0.66250,0.53611,0.65938,0.48056,0.65469,0.44861,0.64922,0.41944,0.68984,0.54028,0.69844,0.47500,0.70000,0.43889,0.70000,0.40556,0.71094,0.56389,0.72500,0.50833,0.72969,0.47222,0.73281,0.43611,0.72734,0.60417,0.74297,0.56806,0.75000,0.54583,0.75469,0.52083,0.60798,0.83604,0.9996,0.74863,1.00000,0.9171,0.69698,0.71167,0.9985,0.67796,0.63848,0.67812,0.72639,119.48,0.9917,live,0.1542,0.1175,80.35,684.14
155919.057684,80.0,0.4030,3,2,0,0.67422,0.72500,0.64609,0.68472,0.63047,0.62639,0.65312,0.60417,0.68203,0.61111,0.65938,0.53611,0.65547,0.48056,0.65078,0.45000,0.64453,0.42222,0.68672,0.53889,0.69453,0.47500,0.69531,0.43889,0.69453,0.40556,0.70781,0.56389,0.72031,0.50694,0.72500,0.47083,0.72656,0.43472,0.72344,0.60417,0.73828,0.56806,0.74453,0.54306,0.74844,0.51667,0.60969,0.83914,0.9996,0.77095,1.00000,0.9164,0.69643,0.71733,0.9985,0.67721,0.65578,0.67422,0.72500,118.80,0.9936,live,0.1494,0.1276,87.75,687.58
155919.125219,80.0,0.4931,3,2,0,0.67266,0.72361,0.64453,0.68472,0.62891,0.62639,0.65000,0.60278,0.67812,0.60833,0.65703,0.53611,0.65234,0.48056,0.64766,0.45000,0.64062,0.42361,0.68359,0.53889,0.69141,0.47361,0.69219,0.43889,0.68984,0.40556,0.70469,0.56389,0.71719,0.50694,0.72109,0.47083,0.72344,0.43472,0.72031,0.60417,0.73438,0.56806,0.74062,0.54306,0.74297,0.51528,0.61032,0.84121,0.9996,0.75904,1.00000,0.9163,0.69412,0.70980,0.9984,0.67630,0.66935,0.67266,0.72361,117.58,0.9947,live,0.1494,0.1406,96.95,689.73
155919.191292,80.0,0.5812,3,2,0,0.67188,0.72639,0.64297,0.68472,0.62813,0.62639,0.64922,0.60278,0.67656,0.60972,0.65703,0.53611,0.65156,0.48194,0.64609,0.45278,0.63906,0.42639,0.68359,0.53889,0.69063,0.47500,0.68984,0.44028,0.68672,0.40972,0.70391,0.56389,0.71641,0.50833,0.71953,0.47361,0.72031,0.43889,0.71953,0.60417,0.73281,0.56944,0.73828,0.54444,0.73984,0.51944,0.61033,0.83934,0.9996,0.75034,1.00000,0.9147,0.69128,0.70977,0.9984,0.67541,0.68076,0.67188,0.72639,118.76,0.9944,live,0.1494,0.1498,103.71,692.47
155919.258115,80.0,0.6703,3,2,0,0.67344,0.73194,0.64375,0.68889,0.62891,0.63056,0.65000,0.60694,0.67734,0.61389,0.65703,0.54167,0.65234,0.48750,0.64687,0.45833,0.63984,0.43194,0.68359,0.54306,0.69063,0.48056,0.68984,0.44722,0.68672,0.41528,0.70469,0.56806,0.71641,0.51389,0.71953,0.47778,0.72031,0.44444,0.72031,0.60833,0.73359,0.57361,0.73906,0.54861,0.73984,0.52361,0.61042,0.83860,0.9996,0.74848,1.00000,0.9153,0.69128,0.71364,0.9983,0.67502,0.69099,0.67344,0.73194,119.18,0.9932,live,0.1494,0.1487,103.40,695.18
155919.324903,80.0,0.7593,3,2,0,0.67734,0.73611,0.64844,0.69306,0.63359,0.63472,0.65547,0.61111,0.68281,0.61667,0.66250,0.54583,0.65703,0.49306,0.65156,0.46528,0.64375,0.43889,0.68906,0.54722,0.69609,0.48472,0.69453,0.45139,0.69063,0.42222,0.71016,0.57222,0.72109,0.51667,0.72422,0.48194,0.72500,0.44722,0.72656,0.61111,0.73906,0.57639,0.74453,0.55417,0.74687,0.52917,0.61107,0.84092,0.9997,0.76819,1.00000,0.9154,0.69129,0.72080,0.9983,0.67548,0.70002,0.67734,0.73611,119.88,0.9942,live,0.1494,0.1380,96.34,698.07
155919.391464,80.0,0.8481,3,2,0,0.68672,0.74028,0.65703,0.69722,0.64297,0.63611,0.66484,0.61111,0.69453,0.62083,0.67266,0.55000,0.66797,0.49583,0.66328,0.46667,0.65625,0.44167,0.69922,0.55278,0.70547,0.48889,0.70547,0.45556,0.70312,0.42361,0.72109,0.57639,0.73203,0.52083,0.73516,0.48472,0.73594,0.45000,0.73750,0.61528,0.74922,0.57917,0.75391,0.55694,0.75703,0.53333,0.61075,0.83896,0.9997,0.77630,1.00000,0.9165,0.69550,0.72026,0.9983,0.67773,0.70807,0.68672,0.74028,120.13,0.9890,live,0.1441,0.1203,84.30,700.80
155919.457867,80.0,0.9366,3,2,0,0.70156,0.74444,0.67500,0.69861,0.66172,0.64167,0.68359,0.61806,0.71250,0.62361,0.69141,0.55278,0.68828,0.50000,0.68437,0.47083,0.67891,0.44583,0.71875,0.55417,0.72734,0.49306,0.72891,0.45833,0.72891,0.42917,0.74062,0.57639,0.75391,0.52083,0.75938,0.48889,0.76250,0.45972,0.75859,0.61528,0.77187,0.58056,0.77812,0.56111,0.78203,0.54306,0.61133,0.84143,0.9997,0.77649,1.00000,0.9146,0.71155,0.72624,0.9982,0.68250,0.71534,0.70156,0.74444,123.16,0.9825,live,0.1365,0.1018,71.81,705.38
155919.525091,80.0,0.0262,3,3,0,0.72344,0.75000,0.69688,0.70417,0.68594,0.64444,0.71094,0.62500,0.74141,0.63472,0.71953,0.55694,0.71797,0.50417,0.71797,0.47500,0.71719,0.44722,0.74687,0.55972,0.75859,0.49861,0.76406,0.46389,0.76797,0.43333,0.76875,0.58472,0.78594,0.53056,0.79453,0.49722,0.80156,0.46667,0.78594,0.62500,0.80234,0.58889,0.81172,0.56667,0.81797,0.54583,0.61069,0.84204,0.9997,0.78040,1.00000,0.9152,0.73791,0.72832,0.9982,0.69069,0.72228,0.72344,0.75000,124.47,0.9711,live,0.1281,0.0895,63.58,710.35
155919.591527,80.0,0.1148,3,3,0,0.74531,0.75556,0.72188,0.70278,0.71641,0.64444,0.74297,0.62778,0.77187,0.63750,0.75156,0.56389,0.75547,0.51111,0.75859,0.48056,0.76172,0.45139,0.77891,0.57083,0.79609,0.50972,0.80625,0.47361,0.81563,0.44167,0.80078,0.59583,0.82188,0.54028,0.83516,0.50833,0.84688,0.47917,0.81797,0.63611,0.83672,0.60000,0.84844,0.57778,0.85859,0.55833,0.61090,0.84207,0.9997,0.77937,1.00000,0.9161,0.76831,0.73087,0.9983,0.70161,0.72893,0.74531,0.75556,126.08,0.9793,live,0.1208,0.0876,62.71,715.88
155919.658115,80.0,0.2036,3,3,0,0.76953,0.75278,0.74766,0.69861,0.74453,0.63889,0.77266,0.62361,0.80078,0.63194,0.78203,0.56250,0.78906,0.50833,0.79531,0.47639,0.80312,0.44583,0.81016,0.57083,0.82891,0.51111,0.84219,0.47639,0.85469,0.44306,0.83125,0.59722,0.85391,0.54306,0.86953,0.51389,0.88438,0.48472,0.84766,0.63889,0.86719,0.60278,0.88125,0.58194,0.89453,0.56389,0.61302,0.84069,0.9997,0.76430,1.00000,0.9159,0.79441,0.72881,0.9983,0.71519,0.73370,0.76953,0.75278,127.15,0.9838,live,0.1208,0.0959,69.22,721.53
155919.725471,80.0,0.2934,3,3,0,0.78281,0.74861,0.76328,0.69167,0.76406,0.63472,0.79453,0.62083,0.82266,0.62917,0.80078,0.55972,0.81016,0.50694,0.81875,0.47361,0.82812,0.44583,0.82969,0.57083,0.85156,0.51250,0.86719,0.47639,0.88281,0.44583,0.85078,0.60000,0.87578,0.54306,0.89297,0.51250,0.90859,0.48333,0.86562,0.64306,0.88750,0.60417,0.90234,0.58333,0.91563,0.56528,0.61312,0.84091,0.9997,0.76092,1.00000,0.9174,0.80264,0.72159,0.9983,0.72872,0.73668,0.78281,0.74861,128.04,0.9820,live,0.1208,0.1096,79.66,727.13
155919.791718,80.0,0.3817,3,3,0,0.79063,0.74722,0.77266,0.69028,0.77500,0.63056,0.80547,0.61944,0.83203,0.63194,0.81172,0.55833,0.82266,0.50556,0.83203,0.47639,0.84297,0.45000,0.83984,0.57083,0.86328,0.51111,0.87969,0.47639,0.89453,0.44583,0.85938,0.60139,0.88594,0.54306,0.90312,0.51389,0.92031,0.48889,0.87266,0.64444,0.89609,0.60417,0.91172,0.58472,0.92578,0.56528,0.61388,0.84108,0.9997,0.76117,1.00000,0.9177,0.80630,0.71001,0.9983,0.74110,0.73879,0.79063,0.74722,127.13,0.9812,live,0.1208,0.1249,91.32,731.41
155919.858517,80.0,0.4708,3,3,0,0.79219,0.74861,0.77344,0.69167,0.77500,0.63194,0.80625,0.61667,0.83437,0.62778,0.81328,0.55972,0.82422,0.50556,0.83516,0.47500,0.84609,0.45139,0.84219,0.57222,0.86641,0.51250,0.88203,0.47778,0.89766,0.44722,0.86172,0.60139,0.88984,0.54444,0.90703,0.51528,0.92344,0.48750,0.87500,0.64444,0.89844,0.60556,0.91406,0.58611,0.92812,0.56667,0.61360,0.84152,0.9997,0.75940,1.00000,0.9171,0.80887,0.70958,0.9983,0.75132,0.74075,0.79219,0.74861,127.63,0.9770,live,0.1208,0.1379,101.40,735.53
155919.925832,80.0,0.5606,3,3,0,0.79063,0.75000,0.77187,0.69306,0.77344,0.63333,0.80312,0.61806,0.83125,0.62778,0.81250,0.55972,0.82188,0.50833,0.83125,0.47778,0.84062,0.45278,0.84062,0.57361,0.86406,0.51528,0.87969,0.47917,0.89453,0.45000,0.86016,0.60417,0.88750,0.54861,0.90469,0.51806,0.92109,0.49028,0.87344,0.64722,0.89609,0.60833,0.91094,0.58889,0.92500,0.56944,0.61429,0.84103,0.9997,0.75842,1.00000,0.9176,0.81086,0.70576,0.9983,0.75918,0.74260,0.79063,0.75000,127.90,0.9799,live,0.1208,0.1450,107.18,739.35
155919.991476,80.0,0.6481,3,3,0,0.78750,0.75139,0.76797,0.69583,0.76875,0.63472,0.80000,0.62083,0.82891,0.63194,0.80703,0.56250,0.81563,0.50972,0.82422,0.47917,0.83281,0.45417,0.83516,0.57500,0.85625,0.51528,0.87187,0.48056,0.88672,0.45000,0.85469,0.60556,0.88047,0.55000,0.89766,0.51944,0.91406,0.49167,0.86875,0.64861,0.88984,0.60972,0.90469,0.59028,0.91875,0.56944,0.61443,0.84050,0.9997,0.75940,1.00000,0.9172,0.81161,0.70601,0.9983,0.76484,0.74436,0.78750,0.75139,126.81,0.9780,live,0.1208,0.1448,107.45,741.93
155920.058415,80.0,0.7373,3,3,0,0.78203,0.75278,0.76172,0.69722,0.76250,0.63472,0.79375,0.62222,0.82344,0.63472,0.80000,0.56250,0.80781,0.51111,0.81563,0.48056,0.82422,0.45417,0.82812,0.57500,0.84922,0.51528,0.86406,0.48056,0.87891,0.45000,0.84844,0.60556,0.87344,0.54861,0.88984,0.51944,0.90625,0.49167,0.86250,0.64861,0.88359,0.60972,0.89766,0.59028,0.91172,0.57083,0.61481,0.83992,0.9997,0.75574,1.00000,0.9174,0.80958,0.72558,0.9983,0.76828,0.74604,0.78203,0.75278,127.12,0.9802,live,0.1208,0.1354,100.79,744.43
155920.125224,80.0,0.8264,3,3,0,0.77344,0.75417,0.75313,0.69722,0.75313,0.63472,0.78516,0.62361,0.81328,0.63472,0.78984,0.56389,0.79766,0.51250,0.80547,0.48194,0.81406,0.45694,0.81797,0.57639,0.83828,0.51667,0.85234,0.48056,0.86641,0.44861,0.83828,0.60556,0.86172,0.55139,0.87813,0.51944,0.89375,0.48889,0.85234,0.64861,0.87344,0.60972,0.88750,0.59028,0.90078,0.57083,0.61474,0.84133,0.9997,0.75320,1.00000,0.9167,0.80329,0.74033,0.9982,0.76931,0.74767,0.77344,0.75417,126.43,0.9802,live,0.1208,0.1175,87.70,746.13
155920.191689,80.0,0.9150,3,3,0,0.76250,0.74583,0.74219,0.69444,0.73984,0.63333,0.76875,0.61806,0.79688,0.62917,0.77734,0.55694,0.78359,0.50833,0.79063,0.48056,0.79688,0.45556,0.80547,0.56806,0.82578,0.50972,0.83828,0.47639,0.85000,0.44444,0.82578,0.59722,0.84922,0.54444,0.86406,0.51528,0.87813,0.48472,0.83984,0.64028,0.85938,0.60417,0.87266,0.58472,0.88516,0.56667,0.61310,0.84121,0.9997,0.74932,1.00000,0.9160,0.79743,0.73898,0.9983,0.76795,0.74730,0.76250,0.74583,125.36,0.9816,live,0.1159,0.0937,70.00,746.85
155920.258304,80.0,0.0038,3,1,1,0.74531,0.72917,0.72344,0.67778,0.71484,0.61389,0.73359,0.57917,0.75703,0.57917,0.75859,0.54028,0.76250,0.49028,0.76562,0.46111,0.76953,0.43611,0.78594,0.55139,0.80234,0.49306,0.81094,0.45833,0.81953,0.42778,0.80703,0.57778,0.82734,0.52639,0.83828,0.49583,0.84766,0.46806,0.82188,0.61667,0.83984,0.58194,0.85000,0.56389,0.85781,0.54583,0.61251,0.84312,0.9997,0.74976,1.00000,0.9167,0.78171,0.73745,0.9983,0.76342,0.74367,0.74531,0.72917,125.07,0.9815,live,0.1077,0.0703,52.56,747.28
155920.325554,80.0,0.0935,3,1,1,0.73203,0.70139,0.70156,0.65278,0.68750,0.59306,0.68906,0.54722,0.69219,0.50972,0.72969,0.50972,0.73203,0.45417,0.73281,0.42222,0.73438,0.39444,0.75859,0.51667,0.77187,0.45417,0.77812,0.41806,0.78203,0.38611,0.78203,0.53889,0.79766,0.48750,0.80547,0.45417,0.81094,0.42500,0.80000,0.57500,0.81641,0.53750,0.82344,0.51806,0.82656,0.50000,0.61230,0.84399,0.9997,0.74990,1.00000,0.9142,0.75756,0.71758,0.9982,0.75714,0.73522,0.73203,0.70139,125.68,0.9750,live,0.0973,0.0497,37.21,748.10
155920.391873,80.0,0.1819,3,1,1,0.70937,0.65694,0.67578,0.60278,0.65938,0.53750,0.65625,0.48333,0.64687,0.44306,0.70312,0.46389,0.70234,0.40556,0.70078,0.36944,0.70000,0.33611,0.72969,0.46806,0.73906,0.40556,0.74297,0.36806,0.74453,0.33194,0.75078,0.48889,0.76328,0.43333,0.76875,0.39861,0.77187,0.36389,0.76719,0.52361,0.78047,0.48750,0.78672,0.46389,0.79063,0.44028,0.61093,0.84336,0.9997,0.74807,1.00000,0.9144,0.72940,0.66812,0.9983,0.74759,0.71956,0.70937,0.65694,122.87,0.9517,live,0.0881,0.0460,34.39,746.80
155920.458402,80.0,0.2706,3,1,1,0.68516,0.60694,0.65156,0.55556,0.63359,0.48750,0.62578,0.43472,0.61484,0.39167,0.67578,0.41528,0.67344,0.35556,0.66953,0.31944,0.66563,0.28611,0.70000,0.41667,0.70703,0.35000,0.70781,0.30972,0.70625,0.27361,0.72109,0.43333,0.73125,0.37500,0.73359,0.33611,0.73359,0.30139,0.73828,0.46528,0.75078,0.42500,0.75469,0.39861,0.75469,0.37361,0.60948,0.83342,0.9997,0.74208,1.00000,0.9139,0.70304,0.61196,0.9983,0.73510,0.69704,0.68516,0.60694,121.79,0.9663,live,0.0881,0.0765,56.97,744.87
155920.525659,80.0,0.3603,3,1,1,0.66719,0.56389,0.63281,0.51806,0.61406,0.45139,0.60469,0.39722,0.59297,0.35833,0.65312,0.37639,0.64766,0.31667,0.64375,0.28056,0.63906,0.24722,0.67578,0.37361,0.68203,0.30972,0.68047,0.27083,0.67656,0.23472,0.69531,0.38889,0.70469,0.32917,0.70469,0.29167,0.70234,0.25417,0.71250,0.41528,0.72344,0.37500,0.72500,0.34583,0.72422,0.31667,0.60557,0.83362,0.9996,0.73840,0.95588,0.9151,0.67982,0.55954,0.9983,0.72152,0.67041,0.66719,0.56389,119.08,0.9730,live,0.0881,0.1115,82.68,741.22
155920.592155,80.0,0.4490,3,1,1,0.65469,0.52917,0.61875,0.48611,0.59844,0.42500,0.58984,0.37361,0.57734,0.33611,0.63594,0.35000,0.63047,0.29306,0.62500,0.25833,0.61875,0.22361,0.65859,0.34583,0.66172,0.28056,0.65938,0.23889,0.65469,0.20139,0.67734,0.35833,0.68437,0.29722,0.68359,0.25694,0.68047,0.21944,0.69453,0.38194,0.70312,0.33889,0.70391,0.30833,0.70156,0.27778,0.60395,0.83018,0.9996,0.73676,0.94718,0.9160,0.67000,0.54194,0.9984,0.70815,0.64216,0.65469,0.52917,114.85,0.9768,live,0.0989,0.1484,109.08,734.97
155920.658635,80.0,0.5376,3,1,1,0.64609,0.51111,0.61094,0.47083,0.59062,0.40694,0.58203,0.35417,0.56875,0.31944,0.62578,0.33333,0.61875,0.27639,0.61250,0.24028,0.60625,0.20694,0.64766,0.32778,0.64922,0.26111,0.64609,0.21806,0.64141,0.18056,0.66719,0.34028,0.67109,0.27778,0.66953,0.23750,0.66563,0.20000,0.68359,0.36389,0.69141,0.31806,0.69141,0.28750,0.68828,0.25694,0.60264,0.83089,0.9996,0.73453,0.93429,0.9162,0.65885,0.52282,0.9984,0.69574,0.61595,0.64609,0.51111,114.05,0.9716,live,0.1141,0.1834,133.65,728.88
155920.725696,80.0,0.6270,3,1,1,0.64219,0.50139,0.60859,0.46250,0.58750,0.39861,0.57812,0.34861,0.56563,0.31389,0.62109,0.32639,0.61484,0.26944,0.60781,0.23472,0.60156,0.20139,0.64297,0.32083,0.64375,0.25417,0.64141,0.21111,0.63672,0.17222,0.66172,0.33056,0.66641,0.26667,0.66484,0.22639,0.66094,0.18889,0.67812,0.35278,0.68516,0.30694,0.68594,0.27639,0.68281,0.24722,0.60163,0.83065,0.9995,0.73245,0.91251,0.9173,0.65594,0.51801,0.9985,0.68503,0.59304,0.64219,0.50139,112.69,0.9744,live,0.1318,0.2126,153.63,722.56
155920.792123,80.0,0.7156,3,1,1,0.64297,0.50139,0.60859,0.45972,0.58906,0.39861,0.57969,0.34861,0.56875,0.31111,0.62266,0.32778,0.61641,0.26944,0.60938,0.23611,0.60234,0.20278,0.64453,0.32222,0.64531,0.25417,0.64141,0.21250,0.63594,0.17639,0.66328,0.33194,0.66719,0.26944,0.66484,0.22778,0.66016,0.18889,0.67969,0.35417,0.68672,0.30833,0.68672,0.27778,0.68281,0.24722,0.60130,0.83084,0.9995,0.73214,0.92118,0.9181,0.65553,0.51546,0.9985,0.67662,0.57471,0.64297,0.50139,112.02,0.9705,live,0.1495,0.2299,164.76,716.50
155920.858499,80.0,0.8041,3,1,1,0.64609,0.51111,0.61250,0.46944,0.59297,0.40694,0.58437,0.35833,0.57422,0.31806,0.62813,0.33750,0.62187,0.27917,0.61484,0.24444,0.60859,0.21250,0.65000,0.33194,0.65156,0.26528,0.64766,0.22222,0.64297,0.18472,0.66875,0.34306,0.67344,0.28056,0.67188,0.24028,0.66719,0.20278,0.68594,0.36667,0.69375,0.32222,0.69375,0.29028,0.68906,0.25972,0.60170,0.82963,0.9995,0.73221,0.92663,0.9181,0.65792,0.51958,0.9986,0.67051,0.56199,0.64609,0.51111,112.24,0.9728,live,0.1648,0.2346,166.89,711.33
155920.925632,80.0,0.8936,3,1,1,0.65234,0.53333,0.61875,0.49306,0.60078,0.42778,0.59219,0.37500,0.58125,0.33611,0.63672,0.35556,0.63047,0.30000,0.62422,0.26528,0.61719,0.23472,0.65859,0.35139,0.66094,0.28472,0.65859,0.24306,0.65312,0.20833,0.67812,0.36389,0.68359,0.30139,0.68281,0.26250,0.67969,0.22639,0.69531,0.38889,0.70312,0.34583,0.70312,0.31667,0.70000,0.28889,0.60175,0.83184,0.9995,0.73324,0.93330,0.9190,0.65998,0.52266,0.9986,0.66688,0.55626,0.65234,0.53333,114.30,0.9730,live,0.1749,0.2210,156.52,708.27
155920.991862,80.0,0.9819,3,1,1,0.65859,0.57083,0.62500,0.52778,0.60625,0.46250,0.59922,0.41111,0.58828,0.37222,0.64453,0.39306,0.63828,0.33472,0.63281,0.30139,0.62578,0.27083,0.66719,0.39028,0.67031,0.32500,0.66719,0.28472,0.66250,0.24861,0.68750,0.40278,0.69453,0.34306,0.69375,0.30417,0.68984,0.26806,0.70391,0.42917,0.71250,0.38750,0.71328,0.35972,0.71094,0.33472,0.60215,0.83173,0.9995,0.73128,0.93869,0.9179,0.66194,0.54354,0.9986,0.66522,0.55917,0.65859,0.57083,114.35,0.9788,live,0.1837,0.2238,157.93,705.61
155921.058609,80.0,0.0709,3,2,0,0.66250,0.62222,0.63047,0.58056,0.61250,0.51667,0.60547,0.46389,0.59609,0.42222,0.64922,0.45000,0.64531,0.39028,0.63984,0.35833,0.63359,0.32778,0.67344,0.44861,0.67891,0.38194,0.67734,0.34306,0.67188,0.30972,0.69375,0.46528,0.70312,0.40556,0.70391,0.36806,0.70000,0.33472,0.71016,0.49583,0.72266,0.45556,0.72578,0.43056,0.72344,0.40694,0.60345,0.83302,0.9995,0.73260,0.99247,0.9198,0.66849,0.59977,0.9985,0.66468,0.57178,0.66250,0.62222,111.30,0.9800,live,0.1788,0.1566,109.77,701.07
155921.125979,80.0,0.1607,3,2,0,0.66406,0.67778,0.63281,0.63889,0.61641,0.57083,0.61016,0.51944,0.59922,0.47778,0.65391,0.50556,0.65234,0.45000,0.64687,0.42361,0.63906,0.40000,0.67969,0.50972,0.68594,0.44722,0.68437,0.41528,0.67969,0.38750,0.70000,0.53194,0.71094,0.47639,0.71250,0.44583,0.70937,0.41806,0.71719,0.56667,0.73047,0.53194,0.73359,0.51111,0.73203,0.49167,0.60677,0.83597,0.9995,0.73868,1.00000,0.9157,0.67694,0.67356,0.9984,0.66455,0.59298,0.66406,0.67778,111.12,0.9910,live,0.1682,0.1195,83.31,696.95
155921.192150,80.0,0.2490,3,2,0,0.66719,0.72500,0.63594,0.68194,0.62109,0.61528,0.61562,0.56250,0.60469,0.51944,0.65703,0.54861,0.65703,0.49861,0.65312,0.47222,0.64609,0.45000,0.68359,0.55556,0.69219,0.49861,0.69219,0.46806,0.68750,0.44306,0.70469,0.58194,0.71797,0.53056,0.72031,0.50139,0.71719,0.47361,0.72109,0.62222,0.73672,0.59028,0.74141,0.57083,0.73984,0.55139,0.60969,0.83385,0.9995,0.75234,1.00000,0.9126,0.68383,0.72072,0.9983,0.66508,0.61939,0.66719,0.72500,112.57,0.9936,live,0.1595,0.1200,83.31,694.36
155921.258832,80.0,0.3379,3,2,0,0.67031,0.74444,0.63828,0.70000,0.62422,0.63194,0.61953,0.57917,0.60859,0.53472,0.66172,0.56944,0.66328,0.51806,0.65781,0.49306,0.64922,0.47361,0.68750,0.57639,0.69688,0.52222,0.69609,0.49167,0.69141,0.46667,0.70859,0.60278,0.72109,0.55417,0.72344,0.52639,0.72188,0.49722,0.72500,0.64306,0.73984,0.61528,0.74453,0.59583,0.74375,0.57500,0.61040,0.84087,0.9995,0.75894,1.00000,0.9138,0.68871,0.74557,0.9983,0.66613,0.64440,0.67031,0.74444,111.85,0.9914,live,0.1487,0.0993,68.66,691.57
155921.325924,80.0,0.4273,3,2,0,0.67031,0.74306,0.63750,0.70000,0.62266,0.63194,0.61797,0.58056,0.60703,0.53611,0.66016,0.56944,0.66094,0.52222,0.65703,0.49583,0.64922,0.47500,0.68672,0.57778,0.69609,0.52361,0.69609,0.49583,0.68984,0.47222,0.70781,0.60278,0.72031,0.55417,0.72344,0.52778,0.72188,0.50139,0.72266,0.64306,0.73750,0.61389,0.74297,0.59722,0.74219,0.57917,0.61038,0.84108,0.9996,0.75996,1.00000,0.9132,0.69067,0.75131,0.9983,0.66696,0.66413,0.67031,0.74306,110.21,0.9952,live,0.1426,0.1151,79.19,687.93
155921.392146,80.0,0.5156,3,2,0,0.66797,0.73750,0.63516,0.69444,0.62109,0.62639,0.61641,0.57361,0.60625,0.53056,0.65938,0.56389,0.65938,0.51528,0.65469,0.48889,0.64687,0.46667,0.68516,0.57222,0.69375,0.51667,0.69219,0.48750,0.68594,0.46250,0.70547,0.59722,0.71797,0.54861,0.72031,0.52083,0.71797,0.49306,0.72031,0.63750,0.73516,0.60833,0.74062,0.59028,0.74062,0.56944,0.61037,0.84201,0.9996,0.76071,1.00000,0.9144,0.69099,0.74634,0.9983,0.66717,0.67880,0.66797,0.73750,109.79,0.9954,live,0.1426,0.1294,88.56,684.43
155921.459121,80.0,0.6049,3,2,0,0.66719,0.73194,0.63516,0.68889,0.62031,0.62222,0.61484,0.56944,0.60469,0.52639,0.65781,0.55833,0.65781,0.50833,0.65312,0.48194,0.64453,0.45972,0.68359,0.56528,0.69297,0.50972,0.69063,0.47917,0.68281,0.45556,0.70469,0.59167,0.71641,0.54167,0.71875,0.51250,0.71562,0.48611,0.71875,0.63056,0.73359,0.60000,0.73906,0.57917,0.73984,0.56111,0.61028,0.84035,0.9996,0.76393,1.00000,0.9134,0.69078,0.74298,0.9982,0.66717,0.68943,0.66719,0.73194,109.89,0.9950,live,0.1426,0.1408,95.94,681.42
155921.526314,80.0,0.6945,3,2,0,0.66797,0.72917,0.63516,0.68611,0.62031,0.61944,0.61562,0.56528,0.60469,0.52361,0.65703,0.55278,0.65703,0.50417,0.65234,0.47917,0.64453,0.45694,0.68359,0.56111,0.69219,0.50556,0.68984,0.47639,0.68281,0.45139,0.70391,0.58611,0.71562,0.53750,0.71797,0.50972,0.71562,0.48056,0.71875,0.62639,0.73203,0.59722,0.73672,0.57778,0.73750,0.55694,0.61057,0.84181,0.9996,0.76373,1.00000,0.9150,0.69064,0.73860,0.9983,0.66733,0.69738,0.66797,0.72917,111.01,0.9944,live,0.1426,0.1465,99.57,679.57
155921.592605,80.0,0.7829,3,2,0,0.66875,0.72639,0.63672,0.68333,0.62187,0.61667,0.61797,0.56250,0.60703,0.52083,0.65859,0.55139,0.65859,0.50139,0.65469,0.47500,0.64687,0.45278,0.68516,0.55833,0.69219,0.50278,0.69141,0.47361,0.68516,0.45000,0.70547,0.58333,0.71641,0.53333,0.71875,0.50417,0.71641,0.47778,0.72031,0.62222,0.73359,0.59167,0.73828,0.57222,0.73828,0.55278,0.61147,0.83929,0.9996,0.75272,1.00000,0.9139,0.69112,0.73672,0.9982,0.66761,0.70318,0.66875,0.72639,110.85,0.9935,live,0.1426,0.1397,94.69,677.84
155921.659210,80.0,0.8717,3,2,0,0.67109,0.72500,0.64062,0.68056,0.62656,0.61528,0.62266,0.56389,0.61172,0.52222,0.66328,0.55000,0.66406,0.50000,0.66016,0.47500,0.65312,0.45278,0.68906,0.55833,0.69766,0.50278,0.69688,0.47361,0.69141,0.44861,0.70937,0.58472,0.72109,0.53611,0.72422,0.50833,0.72266,0.48056,0.72500,0.62361,0.73828,0.59444,0.74297,0.57500,0.74375,0.55278,0.61157,0.83753,0.9997,0.75671,1.00000,0.9169,0.69185,0.73545,0.9983,0.66831,0.70754,0.67109,0.72500,111.04,0.9923,live,0.1426,0.1221,82.62,676.45
155921.726147,80.0,0.9610,3,2,0,0.67891,0.72917,0.64766,0.68611,0.63359,0.61806,0.63047,0.56528,0.62031,0.52639,0.67031,0.55417,0.67188,0.50417,0.66953,0.47917,0.66250,0.45833,0.69688,0.55972,0.70547,0.50556,0.70547,0.47639,0.70156,0.45139,0.71797,0.58333,0.73047,0.53611,0.73359,0.50972,0.73203,0.48472,0.73438,0.62083,0.74922,0.59306,0.75469,0.57500,0.75469,0.55694,0.61167,0.84449,0.9997,0.76451,1.00000,0.9186,0.69560,0.73783,0.9983,0.67043,0.71187,0.67891,0.72917,112.78,0.9914,live,0.1348,0.0990,66.94,676.47
155921.792453,80.0,0.0494,3,3,0,0.68750,0.73750,0.65703,0.69306,0.64375,0.62639,0.64141,0.57639,0.63203,0.53611,0.68047,0.56250,0.68203,0.51389,0.68047,0.49028,0.67578,0.46667,0.70703,0.56944,0.71641,0.51528,0.71875,0.48750,0.71641,0.46250,0.72891,0.59306,0.74219,0.54722,0.74687,0.52083,0.74766,0.49583,0.74609,0.63056,0.76094,0.60000,0.76719,0.58472,0.76719,0.56806,0.61168,0.84437,0.9997,0.76520,1.00000,0.9153,0.69673,0.74384,0.9982,0.67384,0.71700,0.68750,0.73750,113.65,0.9843,live,0.1246,0.0786,53.20,677.13
155921.858904,80.0,0.1380,3,3,0,0.70156,0.74444,0.67109,0.69722,0.65859,0.63194,0.65781,0.58333,0.65000,0.54444,0.69766,0.56806,0.69844,0.52361,0.69844,0.49861,0.69688,0.47500,0.72500,0.57500,0.73516,0.52361,0.73828,0.49583,0.73828,0.47222,0.74609,0.59861,0.76016,0.55278,0.76719,0.52778,0.77031,0.50278,0.76328,0.63472,0.77812,0.60417,0.78672,0.59167,0.79063,0.57778,0.61232,0.84691,0.9997,0.76923,1.00000,0.9154,0.70487,0.74327,0.9982,0.67939,0.72248,0.70156,0.74444,115.30,0.9748,live,0.1141,0.0662,44.92,678.89
155921.926590,80.0,0.2282,3,3,0,0.72500,0.74167,0.69219,0.69028,0.68281,0.62500,0.68594,0.57361,0.68437,0.53333,0.72578,0.56667,0.73047,0.51806,0.73359,0.49167,0.73516,0.46667,0.75391,0.57500,0.76953,0.52361,0.77578,0.49444,0.77969,0.46944,0.77578,0.60000,0.79453,0.55417,0.80391,0.52917,0.81094,0.50417,0.79219,0.63750,0.80937,0.60556,0.82031,0.59028,0.82812,0.57361,0.61164,0.84675,0.9997,0.76901,1.00000,0.9145,0.73576,0.74524,0.9982,0.68851,0.72632,0.72500,0.74167,116.20,0.9738,live,0.1051,0.0643,43.78,681.09
155921.992423,80.0,0.3160,3,3,0,0.74453,0.73750,0.71719,0.67917,0.71250,0.61111,0.71953,0.56111,0.72109,0.52083,0.75781,0.55833,0.76719,0.51111,0.77422,0.48333,0.78125,0.45694,0.78594,0.57222,0.80547,0.52083,0.81641,0.49167,0.82578,0.46111,0.80703,0.60000,0.82812,0.55278,0.84219,0.52639,0.85469,0.50139,0.82266,0.64028,0.84219,0.60556,0.85625,0.58889,0.86797,0.57222,0.61051,0.84485,0.9997,0.74721,1.00000,0.9133,0.76363,0.74596,0.9982,0.69971,0.72856,0.74453,0.73750,121.07,0.9719,live,0.0994,0.0732,50.29,686.53
155922.059474,80.0,0.4054,3,3,0,0.76484,0.73056,0.73828,0.66944,0.73672,0.60139,0.74766,0.55139,0.75078,0.50972,0.78438,0.54861,0.79609,0.50000,0.80469,0.47222,0.81484,0.44861,0.81250,0.56528,0.83359,0.51389,0.84766,0.48333,0.86094,0.45694,0.83203,0.59722,0.85547,0.54861,0.87187,0.52083,0.88750,0.49583,0.84609,0.63889,0.86875,0.60694,0.88359,0.58889,0.89766,0.56944,0.61065,0.84410,0.9997,0.74280,1.00000,0.9125,0.78166,0.73828,0.9982,0.71274,0.72896,0.76484,0.73056,123.14,0.9578,live,0.0994,0.0901,62.41,692.81
155922.126718,80.0,0.4951,3,3,0,0.77344,0.72917,0.74922,0.66528,0.74844,0.59583,0.76172,0.54444,0.76875,0.50139,0.79766,0.54583,0.81172,0.49583,0.82188,0.46806,0.83281,0.44444,0.82578,0.56528,0.84844,0.51111,0.86250,0.48056,0.87656,0.45278,0.84375,0.59583,0.87031,0.54722,0.88672,0.51806,0.90234,0.49167,0.85625,0.64028,0.88047,0.60556,0.89687,0.58611,0.91094,0.56667,0.61028,0.84387,0.9997,0.74345,1.00000,0.9134,0.79260,0.72880,0.9983,0.72488,0.72900,0.77344,0.72917,124.09,0.9537,live,0.0994,0.1082,75.62,699.01
155922.192658,80.0,0.5830,3,3,0,0.77578,0.72917,0.75156,0.66806,0.75078,0.59861,0.76406,0.54861,0.76953,0.50278,0.80000,0.54722,0.81328,0.49722,0.82344,0.46944,0.83516,0.44722,0.82812,0.56528,0.85078,0.51111,0.86484,0.48056,0.87891,0.45278,0.84688,0.59583,0.87187,0.54583,0.88906,0.51806,0.90547,0.49306,0.85938,0.63750,0.88281,0.60417,0.89844,0.58333,0.91328,0.56389,0.60932,0.84344,0.9997,0.74542,1.00000,0.9144,0.79441,0.72300,0.9984,0.73506,0.72903,0.77578,0.72917,124.01,0.9616,live,0.0994,0.1233,86.83,704.42
155922.259194,80.0,0.6717,3,3,0,0.77578,0.72917,0.75078,0.66806,0.75000,0.59861,0.76328,0.54861,0.76719,0.50278,0.79922,0.54861,0.81172,0.49861,0.82188,0.47222,0.83203,0.44861,0.82734,0.56528,0.85000,0.51111,0.86328,0.48056,0.87578,0.45278,0.84609,0.59444,0.87187,0.54583,0.88750,0.51806,0.90312,0.49028,0.85859,0.63611,0.88203,0.60278,0.89766,0.58333,0.91250,0.56250,0.60907,0.84171,0.9997,0.74785,1.00000,0.9139,0.79771,0.72158,0.9983,0.74320,0.72906,0.77578,0.72917,123.18,0.9539,live,0.1062,0.1370,97.11,708.58
155922.326873,80.0,0.7619,3,3,0,0.77266,0.73056,0.74766,0.66944,0.74531,0.60000,0.75703,0.55000,0.76094,0.50417,0.79375,0.55000,0.80547,0.49861,0.81563,0.47222,0.82578,0.45139,0.82188,0.56667,0.84375,0.51250,0.85781,0.48194,0.87031,0.45556,0.84141,0.59722,0.86641,0.54722,0.88281,0.51944,0.89766,0.49444,0.85391,0.63750,0.87656,0.60556,0.89141,0.58611,0.90547,0.56667,0.60916,0.84154,0.9997,0.74602,1.00000,0.9119,0.79418,0.72158,0.9983,0.74909,0.72936,0.77266,0.73056,122.44,0.9391,live,0.1115,0.1359,96.73,711.70
155922.392091,80.0,0.8489,3,3,0,0.76562,0.73333,0.74062,0.67083,0.73672,0.60278,0.74766,0.55278,0.75234,0.50694,0.78594,0.55139,0.79609,0.50000,0.80547,0.47222,0.81563,0.45000,0.81328,0.56806,0.83437,0.51389,0.84844,0.48333,0.86172,0.45694,0.83281,0.59722,0.85703,0.54861,0.87344,0.52083,0.88906,0.49583,0.84609,0.63750,0.86797,0.60556,0.88203,0.58611,0.89531,0.56806,0.60905,0.84146,0.9997,0.74396,1.00000,0.9094,0.79234,0.72460,0.9983,0.75240,0.73015,0.76562,0.73333,122.53,0.9464,live,0.1169,0.1414,101.00,714.52
155922.459413,80.0,0.9387,3,3,0,0.75391,0.73056,0.72813,0.66944,0.72422,0.60000,0.73359,0.54861,0.73672,0.50417,0.77266,0.54861,0.78125,0.49722,0.78828,0.46944,0.79609,0.44583,0.80000,0.56389,0.81953,0.51111,0.83125,0.48056,0.84219,0.45278,0.81953,0.59306,0.84141,0.54583,0.85703,0.51806,0.87031,0.49028,0.83281,0.63333,0.85391,0.60000,0.86719,0.58194,0.87813,0.56250,0.60905,0.84116,0.9997,0.74323,1.00000,0.9104,0.78651,0.72596,0.9983,0.75270,0.73023,0.75391,0.73056,122.01,0.9507,live,0.1169,0.1147,82.21,716.62
155922.526660,80.0,0.0283,3,1,1,0.73750,0.71667,0.71172,0.65833,0.70703,0.59028,0.71562,0.53889,0.71797,0.49583,0.75234,0.53611,0.75938,0.48333,0.76406,0.45556,0.76875,0.42917,0.78047,0.54861,0.79844,0.49306,0.80781,0.46250,0.81641,0.43472,0.80078,0.57361,0.82188,0.52500,0.83437,0.49722,0.84375,0.46944,0.81406,0.61111,0.83281,0.57639,0.84297,0.55694,0.85078,0.53750,0.60883,0.84465,0.9997,0.73904,1.00000,0.9101,0.77093,0.72595,0.9984,0.74966,0.72752,0.73750,0.71667,121.00,0.9625,live,0.1169,0.0945,67.85,717.75
155922.592798,80.0,0.1165,3,1,1,0.71797,0.69028,0.69141,0.63333,0.68516,0.56250,0.69063,0.51111,0.68984,0.46944,0.72656,0.50278,0.73125,0.45139,0.73359,0.42361,0.73594,0.39861,0.75313,0.51250,0.76797,0.45694,0.77422,0.42500,0.77891,0.39444,0.77344,0.53889,0.79219,0.48889,0.80078,0.45556,0.80781,0.42361,0.78750,0.57500,0.80312,0.53889,0.81094,0.51389,0.81641,0.48889,0.60845,0.84474,0.9997,0.74253,1.00000,0.9078,0.75118,0.70440,0.9983,0.74332,0.72007,0.71797,0.69028,121.64,0.9751,live,0.1088,0.0718,51.67,719.20
155922.659402,80.0,0.2053,3,1,1,0.70000,0.65000,0.66953,0.59167,0.66172,0.51944,0.66641,0.46389,0.66406,0.42222,0.70078,0.45694,0.70312,0.40417,0.70234,0.37361,0.70078,0.34167,0.72344,0.46250,0.73516,0.40556,0.73750,0.37083,0.73828,0.33611,0.74141,0.48056,0.75547,0.42778,0.75859,0.39167,0.76016,0.35833,0.75547,0.51111,0.76641,0.46806,0.77031,0.44028,0.77187,0.41250,0.60837,0.84406,0.9997,0.74261,1.00000,0.9057,0.72285,0.66702,0.9983,0.73466,0.70606,0.70000,0.65000,120.02,0.9560,live,0.1027,0.0751,54.03,719.31
155922.726708,80.0,0.2951,3,1,1,0.68125,0.60000,0.65078,0.54306,0.64141,0.47083,0.64219,0.41667,0.63906,0.37500,0.67656,0.40972,0.67734,0.35556,0.67266,0.32500,0.66797,0.29583,0.69609,0.41250,0.70312,0.35000,0.70234,0.31111,0.70078,0.27500,0.71328,0.42778,0.72109,0.36806,0.72188,0.33056,0.72109,0.29583,0.72656,0.45556,0.73359,0.40694,0.73516,0.37500,0.73516,0.34583,0.60619,0.83385,0.9997,0.73892,1.00000,0.9053,0.70284,0.61037,0.9984,0.72398,0.68485,0.68125,0.60000,116.14,0.9705,live,0.0966,0.0686,49.19,716.61
155922.792819,80.0,0.3832,3,1,1,0.66875,0.55417,0.63438,0.50139,0.62344,0.43194,0.62344,0.37778,0.62031,0.33333,0.65625,0.37222,0.65547,0.32083,0.65078,0.28889,0.64531,0.25833,0.67500,0.37083,0.67891,0.31250,0.67734,0.27361,0.67500,0.23750,0.69063,0.38194,0.69609,0.32361,0.69531,0.28611,0.69375,0.24861,0.70547,0.40417,0.71016,0.35417,0.71016,0.32222,0.71016,0.28889,0.60619,0.83367,0.9996,0.73444,0.95293,0.9055,0.68163,0.55279,0.9983,0.71293,0.65871,0.66875,0.55417,112.27,0.9667,live,0.0966,0.1018,72.41,711.45
155922.859605,80.0,0.4722,3,1,1,0.65703,0.51944,0.62422,0.47083,0.61250,0.40417,0.61250,0.35139,0.61094,0.30833,0.64375,0.34583,0.64219,0.29306,0.63594,0.26111,0.63047,0.23056,0.66172,0.34306,0.66484,0.28194,0.66250,0.24306,0.65859,0.20833,0.67812,0.35278,0.68203,0.29306,0.67969,0.25417,0.67656,0.21806,0.69219,0.37222,0.69609,0.32222,0.69609,0.28750,0.69453,0.25417,0.60464,0.83224,0.9996,0.73217,0.93115,0.9057,0.67327,0.53618,0.9984,0.70175,0.63086,0.65703,0.51944,108.32,0.9757,live,0.1040,0.1375,96.81,704.07
155922.926961,80.0,0.5621,3,1,1,0.65312,0.50278,0.61797,0.45417,0.60625,0.38889,0.60625,0.33611,0.60391,0.29306,0.63516,0.33333,0.63203,0.27917,0.62656,0.24722,0.62187,0.21528,0.65391,0.32917,0.65469,0.26667,0.65156,0.22778,0.64766,0.19028,0.66953,0.33750,0.67188,0.27639,0.66953,0.23611,0.66719,0.20000,0.68359,0.35556,0.68516,0.30278,0.68437,0.26806,0.68203,0.23611,0.60464,0.83214,0.9996,0.73232,0.92812,0.9078,0.66954,0.52151,0.9984,0.69203,0.60524,0.65312,0.50278,106.53,0.9774,live,0.1160,0.1707,118.87,696.28
155922.993119,80.0,0.6503,3,1,1,0.64922,0.49583,0.61484,0.44444,0.60391,0.38194,0.60391,0.32917,0.60000,0.28750,0.63047,0.32917,0.62656,0.27500,0.62187,0.24306,0.61641,0.20833,0.64922,0.32361,0.64766,0.26111,0.64453,0.22083,0.63984,0.18472,0.66406,0.33056,0.66484,0.26944,0.66250,0.23056,0.65781,0.19444,0.67891,0.34583,0.67891,0.29444,0.67734,0.26111,0.67422,0.22778,0.60386,0.83324,0.9995,0.73245,0.92383,0.9107,0.66135,0.50987,0.9984,0.68346,0.58336,0.64922,0.49583,106.00,0.9744,live,0.1311,0.2002,137.97,689.05
155923.059540,80.0,0.7388,3,1,1,0.64844,0.49444,0.61484,0.44722,0.60313,0.38472,0.60391,0.33194,0.60156,0.29028,0.62969,0.33194,0.62578,0.27778,0.62031,0.24583,0.61562,0.21250,0.64766,0.32500,0.64609,0.26389,0.64219,0.22500,0.63750,0.18889,0.66250,0.33194,0.66406,0.27083,0.66094,0.23333,0.65703,0.19861,0.67734,0.34722,0.67812,0.29722,0.67578,0.26389,0.67266,0.23194,0.60273,0.83283,0.9995,0.73203,0.91720,0.9111,0.66263,0.51253,0.9984,0.67646,0.56558,0.64844,0.49444,103.92,0.9668,live,0.1471,0.2196,149.58,681.19
155923.126669,80.0,0.8283,3,1,1,0.64844,0.50278,0.61562,0.45556,0.60391,0.39028,0.60391,0.33889,0.60234,0.29722,0.63203,0.33889,0.62891,0.28750,0.62344,0.25694,0.61641,0.22639,0.65000,0.33194,0.65000,0.27361,0.64453,0.23472,0.63750,0.20000,0.66641,0.33889,0.66875,0.28056,0.66563,0.24306,0.65938,0.20833,0.68125,0.35556,0.68359,0.30833,0.68125,0.27500,0.67734,0.24306,0.60273,0.83518,0.9995,0.73207,0.91960,0.9127,0.66291,0.51484,0.9985,0.67085,0.55302,0.64844,0.50278,105.26,0.9641,live,0.1611,0.2249,151.89,675.23
155923.193087,80.0,0.9169,3,1,1,0.65234,0.51528,0.61875,0.46528,0.60781,0.40139,0.60703,0.34861,0.60469,0.30556,0.63672,0.34722,0.63594,0.29861,0.62969,0.27361,0.62109,0.24861,0.65547,0.34306,0.65625,0.28750,0.65000,0.25417,0.64141,0.22639,0.67188,0.35000,0.67500,0.29444,0.67031,0.26111,0.66094,0.23194,0.68750,0.36528,0.68984,0.31806,0.68594,0.28611,0.67891,0.25694,0.60204,0.83365,0.9995,0.73173,0.92275,0.9141,0.66463,0.51833,0.9985,0.66715,0.54547,0.65234,0.51528,107.50,0.9690,live,0.1708,0.2149,144.34,671.60
155923.260256,80.0,0.0065,3,2,0,0.65703,0.53472,0.62344,0.48472,0.61172,0.41806,0.61094,0.36389,0.61016,0.31944,0.64219,0.36389,0.64297,0.31250,0.63516,0.28889,0.62422,0.27361,0.66094,0.35972,0.66328,0.30139,0.65547,0.27222,0.64219,0.25694,0.67734,0.36806,0.68125,0.30972,0.67422,0.27639,0.66250,0.25694,0.69375,0.38333,0.69688,0.33333,0.69141,0.30000,0.68281,0.27500,0.60219,0.83232,0.9994,0.73016,0.92344,0.9145,0.66494,0.52244,0.9985,0.66513,0.54332,0.65703,0.53472,109.18,0.9786,live,0.1708,0.1892,126.72,669.62
155923.327139,80.0,0.0956,3,2,0,0.66172,0.56389,0.62813,0.51250,0.61562,0.44583,0.61484,0.39028,0.61328,0.34444,0.64687,0.38611,0.64844,0.33472,0.64141,0.31250,0.63203,0.30417,0.66563,0.38472,0.66953,0.32500,0.66172,0.29861,0.64766,0.29861,0.68281,0.39306,0.68906,0.33472,0.68125,0.30556,0.66797,0.29722,0.70000,0.41389,0.70391,0.36528,0.69766,0.33194,0.68750,0.31250,0.60183,0.83460,0.9994,0.72988,0.93557,0.9148,0.66889,0.54412,0.9985,0.66445,0.54743,0.66172,0.56389,111.99,0.9853,live,0.1708,0.1548,103.70,669.90
155923.393141,80.0,0.1836,3,2,0,0.66406,0.59583,0.63359,0.55000,0.62031,0.48056,0.61875,0.42639,0.61953,0.38333,0.65312,0.41944,0.65469,0.36389,0.64453,0.34722,0.63438,0.35833,0.67266,0.41667,0.67812,0.35278,0.66797,0.33472,0.65547,0.35278,0.68984,0.42778,0.69844,0.36389,0.68828,0.34167,0.67734,0.35556,0.70703,0.44861,0.71172,0.39861,0.70469,0.36944,0.69453,0.36528,0.60171,0.83489,0.9994,0.73082,0.98788,0.9137,0.67306,0.58195,0.9985,0.66437,0.55711,0.66406,0.59583,112.20,0.9823,live,0.1613,0.1181,79.13,670.30
155923.459947,80.0,0.2727,3,2,0,0.66563,0.63333,0.63750,0.59167,0.62422,0.52500,0.62187,0.47500,0.62734,0.43056,0.65859,0.45694,0.66328,0.39306,0.64922,0.39028,0.63984,0.41389,0.67734,0.45972,0.68906,0.38333,0.67109,0.38333,0.65938,0.41667,0.69531,0.47222,0.70937,0.40000,0.69141,0.39444,0.68047,0.42222,0.71250,0.49861,0.72109,0.44028,0.70625,0.42639,0.69453,0.44028,0.60388,0.83858,0.9995,0.73182,1.00000,0.9151,0.67747,0.61798,0.9985,0.66462,0.57236,0.66563,0.63333,110.63,0.9834,live,0.1476,0.0850,56.93,669.51
155923.527349,80.0,0.3626,3,2,0,0.66875,0.66944,0.64062,0.62917,0.62578,0.56250,0.62266,0.51389,0.62969,0.47083,0.66094,0.49167,0.66797,0.42361,0.65156,0.42361,0.64141,0.44861,0.68125,0.49722,0.69375,0.41389,0.67266,0.42361,0.65938,0.45972,0.69922,0.51250,0.71562,0.43472,0.69531,0.43472,0.68281,0.46528,0.71797,0.53889,0.72734,0.47917,0.71172,0.46806,0.69922,0.48333,0.60387,0.83912,0.9995,0.73224,1.00000,0.9150,0.68082,0.65507,0.9985,0.66545,0.59177,0.66875,0.66944,111.78,0.9871,live,0.1324,0.0636,42.60,669.65
155923.593841,80.0,0.4512,3,2,0,0.67109,0.68472,0.64141,0.64444,0.62578,0.57778,0.62344,0.53194,0.63125,0.48750,0.66250,0.50694,0.67031,0.43611,0.65312,0.44167,0.64375,0.47083,0.68359,0.51389,0.69688,0.42917,0.67422,0.44306,0.66094,0.47917,0.70156,0.53056,0.71875,0.45417,0.69688,0.45694,0.68437,0.48889,0.72031,0.55833,0.72891,0.49861,0.71250,0.49167,0.70078,0.50972,0.60454,0.83421,0.9995,0.73151,1.00000,0.9115,0.68344,0.67234,0.9985,0.66658,0.61036,0.67109,0.68472,111.48,0.9851,live,0.1222,0.0757,50.69,669.56
155923.660244,80.0,0.5398,3,2,0,0.67031,0.69306,0.64141,0.65000,0.62500,0.58472,0.62109,0.53889,0.63125,0.49583,0.66250,0.51250,0.67031,0.44306,0.65312,0.44861,0.64297,0.47639,0.68281,0.51944,0.69531,0.43472,0.67188,0.45000,0.65938,0.48750,0.70156,0.53750,0.71797,0.45694,0.69609,0.46389,0.68281,0.49583,0.72031,0.56667,0.72891,0.50417,0.71250,0.49861,0.70078,0.51667,0.60595,0.83425,0.9995,0.73221,1.00000,0.9118,0.68370,0.69737,0.9985,0.66732,0.62690,0.67031,0.69306,112.83,0.9898,live,0.1165,0.0906,60.75,670.45
155923.727618,80.0,0.6296,3,2,0,0.66953,0.69583,0.63984,0.65139,0.62500,0.58611,0.61953,0.53889,0.62969,0.49861,0.66172,0.51389,0.66797,0.44583,0.65156,0.45000,0.64141,0.47778,0.68203,0.52083,0.69375,0.43750,0.67109,0.45417,0.65859,0.48889,0.70078,0.53750,0.71719,0.45972,0.69531,0.46667,0.68125,0.49861,0.71875,0.56667,0.72656,0.50556,0.71094,0.50000,0.69922,0.51944,0.60554,0.83764,0.9995,0.73219,1.00000,0.9125,0.68378,0.69634,0.9985,0.66776,0.64069,0.66953,0.69583,113.26,0.9900,live,0.1165,0.1046,70.24,671.54
155923.793365,80.0,0.7173,3,2,0,0.66875,0.69722,0.63906,0.65139,0.62266,0.58750,0.61719,0.54028,0.62734,0.50000,0.65938,0.51528,0.66641,0.44583,0.64922,0.45000,0.63906,0.47778,0.67969,0.52222,0.69219,0.43750,0.66953,0.45278,0.65703,0.48889,0.69844,0.53889,0.71484,0.46111,0.69297,0.46667,0.67969,0.50000,0.71719,0.56806,0.72500,0.50694,0.70859,0.50139,0.69688,0.52083,0.60608,0.83721,0.9996,0.73380,1.00000,0.9115,0.68680,0.70719,0.9985,0.66796,0.65200,0.66875,0.69722,113.32,0.9902,live,0.1165,0.1165,78.38,672.54
155923.860326,80.0,0.8065,3,2,0,0.66875,0.69861,0.63828,0.65417,0.62187,0.58889,0.61719,0.54028,0.62813,0.50000,0.65938,0.51667,0.66563,0.44722,0.64844,0.45139,0.63828,0.47917,0.67891,0.52222,0.69141,0.43889,0.66875,0.45417,0.65625,0.48889,0.69766,0.53889,0.71406,0.46250,0.69141,0.46667,0.67812,0.49861,0.71641,0.56806,0.72422,0.50694,0.70781,0.50139,0.69609,0.52083,0.60610,0.83681,0.9996,0.73458,1.00000,0.9108,0.68663,0.70237,0.9985,0.66812,0.66132,0.66875,0.69861,113.28,0.9899,live,0.1165,0.1220,82.14,673.40
155923.927321,80.0,0.8959,3,2,0,0.67031,0.70139,0.63906,0.65694,0.62344,0.59167,0.61719,0.54306,0.62734,0.50278,0.65938,0.51944,0.66563,0.44861,0.64922,0.45556,0.63906,0.48333,0.67969,0.52500,0.69141,0.44028,0.66875,0.45694,0.65703,0.49306,0.69844,0.54167,0.71328,0.46389,0.69219,0.46944,0.67891,0.50278,0.71719,0.57083,0.72500,0.50972,0.70937,0.50417,0.69688,0.52361,0.60632,0.83600,0.9996,0.73473,1.00000,0.9070,0.68756,0.70556,0.9984,0.66856,0.66933,0.67031,0.70139,113.39,0.9891,live,0.1165,0.1201,80.98,674.23
155923.993560,80.0,0.9842,3,2,0,0.67422,0.70556,0.64297,0.65972,0.62813,0.59306,0.62344,0.54583,0.63203,0.50556,0.66484,0.52361,0.67188,0.45417,0.65547,0.45833,0.64453,0.48472,0.68437,0.53056,0.69688,0.44583,0.67500,0.46111,0.66250,0.49444,0.70234,0.54722,0.71797,0.47083,0.69688,0.47639,0.68437,0.50833,0.72109,0.57500,0.73125,0.51528,0.71562,0.50833,0.70312,0.52639,0.60728,0.83607,0.9996,0.74800,1.00000,0.9068,0.68754,0.70706,0.9984,0.66969,0.67658,0.67422,0.70556,112.67,0.9856,live,0.1165,0.1117,75.32,674.45
155924.060265,80.0,0.0731,3,3,0,0.68203,0.70556,0.65312,0.65833,0.63906,0.59444,0.63438,0.54722,0.64531,0.50833,0.67656,0.52222,0.68437,0.45139,0.66797,0.46111,0.65703,0.49028,0.69609,0.53056,0.71172,0.44722,0.68984,0.46250,0.67578,0.49444,0.71562,0.54861,0.73359,0.47361,0.71172,0.48056,0.69844,0.50972,0.73438,0.57917,0.74687,0.51944,0.73125,0.51250,0.71875,0.53056,0.60858,0.84114,0.9996,0.75866,1.00000,0.9057,0.69284,0.71056,0.9983,0.67216,0.68237,0.68203,0.70556,114.27,0.9855,live,0.1165,0.0974,65.79,675.79
155924.127634,80.0,0.1630,3,3,0,0.70469,0.70694,0.67500,0.65972,0.66094,0.59444,0.65859,0.54306,0.67266,0.50694,0.70000,0.52222,0.71094,0.45278,0.69922,0.45000,0.69063,0.47639,0.72031,0.53056,0.73750,0.45139,0.72109,0.45556,0.70937,0.49028,0.73984,0.54861,0.75859,0.47639,0.74375,0.47361,0.73359,0.50417,0.75938,0.57917,0.77344,0.52222,0.76250,0.50972,0.75156,0.52639,0.60579,0.84510,0.9996,0.76779,1.00000,0.9057,0.70679,0.71075,0.9982,0.67866,0.68729,0.70469,0.70694,115.91,0.9782,live,0.1108,0.0848,57.51,678.15
155924.193519,80.0,0.2508,3,3,0,0.72891,0.71250,0.70156,0.65278,0.69063,0.58611,0.69609,0.53333,0.71328,0.49583,0.73281,0.51806,0.74453,0.45972,0.73906,0.45000,0.73047,0.46944,0.75625,0.52639,0.77578,0.45694,0.76328,0.45417,0.75000,0.48472,0.77656,0.54722,0.79922,0.48333,0.78672,0.47500,0.77422,0.50278,0.79531,0.58194,0.81328,0.53056,0.80469,0.51528,0.79141,0.52639,0.60575,0.84520,0.9996,0.74426,1.00000,0.9023,0.74486,0.70895,0.9983,0.68871,0.69233,0.72891,0.71250,124.40,0.9716,live,0.1108,0.0954,65.46,686.34
155924.260251,80.0,0.3398,3,3,0,0.75234,0.70694,0.72813,0.64722,0.72266,0.57639,0.73359,0.52361,0.75313,0.49167,0.76953,0.51250,0.78125,0.45694,0.77734,0.44861,0.77109,0.46944,0.79297,0.52222,0.81484,0.45833,0.80625,0.45417,0.79297,0.48333,0.81250,0.54583,0.83828,0.48611,0.82969,0.47778,0.81641,0.50278,0.82969,0.58333,0.85000,0.53333,0.84531,0.51667,0.83281,0.52639,0.60527,0.84207,0.9996,0.74276,1.00000,0.9046,0.77131,0.70623,0.9983,0.70144,0.69525,0.75234,0.70694,127.50,0.9837,live,0.1060,0.0838,58.32,695.78
155924.327795,80.0,0.4298,3,3,0,0.77500,0.70556,0.75234,0.64167,0.75000,0.57083,0.76406,0.51667,0.78750,0.48611,0.79766,0.51528,0.81328,0.45556,0.80937,0.45278,0.80000,0.48056,0.81953,0.52500,0.84609,0.45972,0.83750,0.45694,0.82188,0.48750,0.83828,0.54861,0.86562,0.48889,0.85938,0.47778,0.84531,0.50556,0.85391,0.58472,0.87734,0.53750,0.87500,0.52083,0.86484,0.53056,0.60604,0.84171,0.9996,0.74477,1.00000,0.9069,0.78725,0.70300,0.9984,0.71615,0.69731,0.77500,0.70556,125.74,0.9784,live,0.1060,0.0993,69.78,702.82
155924.393736,80.0,0.5178,3,3,0,0.78828,0.70278,0.76719,0.64028,0.76641,0.56806,0.78047,0.51667,0.80625,0.48472,0.81250,0.51389,0.82891,0.45556,0.82656,0.45000,0.81875,0.47917,0.83516,0.52778,0.86328,0.46250,0.85547,0.46111,0.83906,0.49028,0.85313,0.55417,0.88281,0.49444,0.87734,0.48194,0.86172,0.50833,0.86875,0.59167,0.89297,0.54444,0.89219,0.52361,0.88047,0.53333,0.60613,0.84125,0.9996,0.74520,1.00000,0.9081,0.79959,0.69840,0.9984,0.73058,0.69841,0.78828,0.70278,125.17,0.9814,live,0.1060,0.1189,84.29,708.60
155924.460539,80.0,0.6068,3,3,0,0.79219,0.70139,0.77187,0.63750,0.77266,0.56806,0.78672,0.51944,0.81172,0.48889,0.82031,0.51667,0.83594,0.45972,0.83437,0.45417,0.82578,0.48194,0.84297,0.53056,0.86875,0.46528,0.86328,0.46111,0.84688,0.48889,0.86016,0.55417,0.88828,0.49861,0.88438,0.48472,0.87031,0.50833,0.87422,0.59028,0.89766,0.54722,0.89922,0.52500,0.88984,0.53056,0.60737,0.84117,0.9996,0.74538,1.00000,0.9096,0.80595,0.69792,0.9984,0.74290,0.69900,0.79219,0.70139,123.98,0.9741,live,0.1115,0.1368,97.53,712.83
155924.527652,80.0,0.6963,3,3,0,0.79375,0.70139,0.77266,0.63889,0.77344,0.56944,0.78750,0.52083,0.81250,0.49167,0.82109,0.51944,0.83672,0.46111,0.83516,0.45833,0.82656,0.49028,0.84453,0.53194,0.87031,0.46667,0.86562,0.46389,0.85078,0.49167,0.86172,0.55556,0.88984,0.50000,0.88672,0.48611,0.87344,0.51250,0.87500,0.59167,0.89922,0.54722,0.90078,0.52639,0.89062,0.53611,0.60807,0.84113,0.9996,0.75121,1.00000,0.9093,0.81245,0.68922,0.9984,0.75307,0.69948,0.79375,0.70139,122.71,0.9828,live,0.1186,0.1509,107.99,715.64
155924.593595,80.0,0.7842,3,3,0,0.79141,0.70417,0.77031,0.64306,0.77031,0.57083,0.78438,0.51944,0.81016,0.49028,0.81953,0.52222,0.83437,0.46250,0.83125,0.45833,0.82266,0.48611,0.84219,0.53472,0.86875,0.46944,0.86094,0.46389,0.84531,0.49167,0.85938,0.55833,0.88750,0.50278,0.88203,0.48889,0.86719,0.51250,0.87266,0.59444,0.89609,0.54722,0.89609,0.52639,0.88516,0.53333,0.60805,0.83747,0.9996,0.75001,1.00000,0.9071,0.80949,0.68927,0.9983,0.76074,0.70042,0.79141,0.70417,122.57,0.9768,live,0.1259,0.1589,114.12,718.02
155924.660480,80.0,0.8734,3,3,0,0.78438,0.70139,0.76328,0.64167,0.76250,0.56944,0.77578,0.51667,0.80078,0.48889,0.81094,0.51667,0.82578,0.45972,0.82266,0.45556,0.81484,0.48472,0.83359,0.53056,0.86094,0.46528,0.85234,0.46250,0.83672,0.49306,0.85156,0.55417,0.88047,0.49583,0.87422,0.48472,0.86016,0.50833,0.86484,0.59167,0.88828,0.54444,0.88672,0.52500,0.87656,0.53611,0.60832,0.83669,0.9996,0.74948,1.00000,0.9078,0.80635,0.68937,0.9983,0.76546,0.70061,0.78438,0.70139,123.22,0.9847,live,0.1311,0.1548,111.52,720.58
155924.727713,80.0,0.9631,3,3,0,0.77187,0.69722,0.75000,0.63611,0.74922,0.56389,0.76094,0.50972,0.78281,0.48056,0.79453,0.51111,0.80859,0.45417,0.80547,0.44583,0.79766,0.46944,0.81719,0.52222,0.84062,0.45833,0.83359,0.45417,0.81953,0.48194,0.83516,0.54583,0.86172,0.48750,0.85625,0.47361,0.84375,0.49861,0.85078,0.58194,0.87266,0.53611,0.87187,0.51389,0.86250,0.52222,0.60833,0.83672,0.9996,0.75070,1.00000,0.9094,0.79945,0.69371,0.9984,0.76675,0.69993,0.77187,0.69722,123.69,0.9749,live,0.1311,0.1384,100.06,723.17
155924.793862,80.0,0.0513,3,1,1,0.74922,0.68333,0.72813,0.61944,0.72266,0.55417,0.73203,0.50417,0.74922,0.46944,0.76797,0.49444,0.77969,0.43750,0.77500,0.43056,0.76641,0.45278,0.78984,0.50417,0.80859,0.43889,0.80156,0.43194,0.78984,0.45417,0.80859,0.52500,0.83047,0.46389,0.82344,0.45278,0.81094,0.47500,0.82578,0.56111,0.84531,0.50972,0.84062,0.49167,0.82891,0.50000,0.60867,0.83707,0.9996,0.75097,1.00000,0.9111,0.78641,0.68512,0.9984,0.76324,0.69661,0.74922,0.68333,124.28,0.9741,live,0.1311,0.1153,83.68,725.87
155924.860755,80.0,0.1404,3,1,1,0.72813,0.66111,0.70156,0.60139,0.69219,0.53056,0.70000,0.47639,0.71641,0.43889,0.73203,0.46667,0.73828,0.41389,0.73438,0.40556,0.72969,0.42083,0.75547,0.47083,0.76875,0.40556,0.76094,0.39444,0.75156,0.41667,0.77578,0.48889,0.79219,0.42778,0.78438,0.41389,0.77500,0.43611,0.79375,0.51806,0.80625,0.46667,0.80000,0.44861,0.78906,0.45972,0.60778,0.83609,0.9996,0.75069,1.00000,0.9112,0.76577,0.67572,0.9984,0.75622,0.68951,0.72813,0.66111,125.41,0.9677,live,0.1236,0.0895,65.25,729.06
155924.927912,80.0,0.2300,3,1,1,0.70234,0.60833,0.67422,0.55139,0.66250,0.48750,0.66563,0.43333,0.67266,0.39444,0.70234,0.42361,0.70703,0.37222,0.69688,0.36111,0.68750,0.36944,0.72109,0.42500,0.73203,0.35972,0.71953,0.35000,0.70703,0.36667,0.73828,0.43750,0.75234,0.37639,0.73984,0.36250,0.72734,0.37917,0.75469,0.46389,0.76562,0.40972,0.75547,0.39444,0.74375,0.40556,0.60518,0.83406,0.9996,0.74100,0.98703,0.9094,0.72913,0.61869,0.9984,0.74544,0.67328,0.70234,0.60833,115.97,0.9547,live,0.1138,0.0694,50.31,725.07
155924.994303,80.0,0.3185,3,1,1,0.67891,0.55833,0.64922,0.50278,0.63594,0.44028,0.63516,0.38889,0.64141,0.34722,0.67109,0.38056,0.67344,0.33194,0.66328,0.31806,0.65312,0.32222,0.68984,0.37778,0.69766,0.31667,0.68516,0.30417,0.67188,0.32083,0.70703,0.38750,0.71797,0.32639,0.70469,0.31250,0.69063,0.32778,0.72422,0.40833,0.73203,0.35556,0.72188,0.33750,0.70781,0.34444,0.60448,0.82750,0.9995,0.73826,0.95304,0.9092,0.70204,0.57158,0.9984,0.73214,0.65029,0.67891,0.55833,113.15,0.9685,live,0.1077,0.0795,57.23,719.53
155925.060522,80.0,0.4068,3,1,1,0.66094,0.51528,0.63125,0.46528,0.61641,0.40417,0.61484,0.35278,0.62031,0.31111,0.65000,0.34722,0.65000,0.29722,0.63906,0.28472,0.62734,0.29167,0.66797,0.34306,0.67344,0.28056,0.65938,0.26667,0.64453,0.28194,0.68437,0.35000,0.69297,0.28750,0.67969,0.26806,0.66406,0.28056,0.70078,0.36944,0.70781,0.31667,0.69688,0.29306,0.68203,0.29444,0.60406,0.82782,0.9995,0.73510,0.93112,0.9099,0.68154,0.51823,0.9984,0.71790,0.62329,0.66094,0.51528,107.45,0.9664,live,0.1077,0.1178,83.72,710.55
155925.128062,80.0,0.4969,3,1,1,0.65234,0.48611,0.61875,0.43611,0.60469,0.37778,0.60234,0.32639,0.60469,0.28611,0.63828,0.32361,0.63750,0.27500,0.62656,0.25972,0.61562,0.26250,0.65469,0.31806,0.65703,0.25833,0.64219,0.24306,0.62734,0.25556,0.67031,0.32222,0.67734,0.26250,0.66406,0.24306,0.65000,0.25417,0.68594,0.33611,0.69141,0.28611,0.68125,0.26528,0.66797,0.26528,0.60283,0.82781,0.9995,0.73417,0.91040,0.9134,0.67258,0.50240,0.9985,0.70479,0.59585,0.65234,0.48611,104.33,0.9763,live,0.1164,0.1563,109.45,700.40
155925.194340,80.0,0.5852,3,1,1,0.64609,0.46944,0.61328,0.42500,0.59844,0.36806,0.59375,0.31806,0.59609,0.27778,0.63203,0.31250,0.62969,0.26250,0.61797,0.25000,0.60703,0.25833,0.64766,0.30694,0.64922,0.24722,0.63516,0.23194,0.62109,0.24861,0.66250,0.31111,0.66875,0.25000,0.65469,0.22778,0.64062,0.23750,0.67734,0.32361,0.68203,0.27361,0.67109,0.25000,0.65859,0.25000,0.60165,0.82784,0.9995,0.73159,0.89743,0.9134,0.66380,0.49078,0.9985,0.69305,0.57057,0.64609,0.46944,100.59,0.9742,live,0.1302,0.1930,132.91,688.78
155925.260931,80.0,0.6740,3,1,1,0.64375,0.46806,0.61094,0.42361,0.59531,0.36528,0.59062,0.31528,0.59375,0.27361,0.63047,0.31250,0.62891,0.26389,0.61719,0.25000,0.60703,0.25694,0.64609,0.30694,0.64844,0.24722,0.63438,0.23194,0.62031,0.25000,0.66094,0.31111,0.66797,0.25139,0.65312,0.22917,0.63906,0.24167,0.67578,0.32361,0.68047,0.27361,0.66953,0.24861,0.65625,0.25000,0.59924,0.82736,0.9995,0.72988,0.89223,0.9136,0.66173,0.47844,0.9985,0.68319,0.55007,0.64375,0.46806,99.92,0.9751,live,0.1471,0.2241,151.93,678.06
155925.328117,80.0,0.7636,3,1,1,0.64297,0.47778,0.61094,0.43472,0.59531,0.37778,0.59062,0.32639,0.59453,0.28611,0.63281,0.32361,0.62969,0.27778,0.61719,0.26667,0.60703,0.27500,0.64844,0.31806,0.64922,0.25833,0.63359,0.24583,0.61953,0.26667,0.66328,0.32083,0.66953,0.26111,0.65312,0.24444,0.63828,0.26111,0.67812,0.33333,0.68281,0.28333,0.67031,0.26389,0.65547,0.27083,0.59924,0.82664,0.9995,0.72683,0.89817,0.9132,0.65843,0.48668,0.9985,0.67514,0.53561,0.64297,0.47778,99.68,0.9814,live,0.1642,0.2419,161.72,668.46
155925.394247,80.0,0.8518,3,1,1,0.64219,0.49444,0.61250,0.45417,0.59688,0.39444,0.59219,0.34444,0.59844,0.30556,0.63281,0.34028,0.63438,0.28333,0.61953,0.28333,0.61250,0.30556,0.64844,0.33750,0.65391,0.26806,0.63516,0.27083,0.62578,0.30139,0.66406,0.34444,0.67109,0.27778,0.65234,0.27639,0.64141,0.30278,0.68125,0.36111,0.68516,0.30694,0.66953,0.29722,0.65625,0.31528,0.59957,0.82812,0.9995,0.72683,0.90585,0.9130,0.65929,0.49143,0.9986,0.66855,0.52738,0.64219,0.49444,99.24,0.9758,live,0.1788,0.2455,161.92,659.70
155925.461052,80.0,0.9408,3,1,1,0.64297,0.52778,0.61641,0.48750,0.60000,0.42778,0.59531,0.37778,0.60078,0.33472,0.63359,0.36667,0.63438,0.30000,0.62031,0.32361,0.61641,0.35694,0.65000,0.36944,0.65312,0.29306,0.63516,0.32778,0.63047,0.36528,0.66719,0.37917,0.67031,0.30556,0.64922,0.33889,0.64297,0.37639,0.68516,0.39722,0.68359,0.34028,0.66406,0.35833,0.65469,0.39028,0.60066,0.82823,0.9995,0.72714,0.95049,0.9120,0.66146,0.52185,0.9986,0.66344,0.52746,0.64297,0.52778,102.24,0.9775,live,0.1875,0.2270,148.50,654.15
155925.528322,80.0,0.0305,3,2,0,0.64531,0.57639,0.61797,0.53472,0.60156,0.47500,0.59688,0.42639,0.60469,0.38611,0.63438,0.40972,0.63203,0.34306,0.61953,0.38056,0.61875,0.42083,0.65234,0.41667,0.65234,0.34444,0.63594,0.39167,0.63281,0.43194,0.67109,0.43333,0.67109,0.36250,0.65078,0.40694,0.64687,0.44722,0.69141,0.45694,0.68594,0.40417,0.66719,0.43333,0.66094,0.46806,0.60035,0.82939,0.9995,0.72843,0.97903,0.9121,0.66047,0.55233,0.9985,0.65981,0.53724,0.64531,0.57639,105.25,0.9851,live,0.1875,0.1966,128.07,651.43
155925.594340,80.0,0.1186,3,2,0,0.64844,0.63056,0.62187,0.59306,0.60625,0.53472,0.60078,0.49028,0.61250,0.46111,0.63594,0.46111,0.63359,0.39861,0.62187,0.44861,0.62109,0.48889,0.65781,0.47083,0.65391,0.40556,0.63750,0.46111,0.63438,0.50139,0.67812,0.49167,0.67422,0.42917,0.65391,0.48194,0.64922,0.51944,0.69922,0.52083,0.68906,0.47917,0.66953,0.51389,0.66406,0.54306,0.60033,0.82970,0.9995,0.72897,1.00000,0.9113,0.66114,0.61593,0.9985,0.65754,0.55591,0.64844,0.63056,108.17,0.9908,live,0.1824,0.1591,103.62,651.14
155925.661227,80.0,0.2077,3,2,0,0.65156,0.68194,0.62656,0.64583,0.60938,0.58889,0.60313,0.54444,0.61562,0.51528,0.63906,0.50417,0.63438,0.44861,0.62500,0.50139,0.62344,0.54028,0.66250,0.51528,0.65781,0.45417,0.64062,0.51389,0.63828,0.55139,0.68437,0.53889,0.67891,0.48472,0.65859,0.54028,0.65391,0.57500,0.70547,0.57222,0.69453,0.53750,0.67500,0.57222,0.66797,0.59722,0.60036,0.83037,0.9995,0.72617,1.00000,0.9106,0.66439,0.69819,0.9986,0.65634,0.58111,0.65156,0.68194,113.20,0.9963,live,0.1713,0.1210,79.22,654.51
155925.728127,80.0,0.2969,3,2,0,0.65469,0.71944,0.62734,0.67500,0.60938,0.61806,0.60313,0.57361,0.61719,0.54444,0.64062,0.53056,0.63281,0.47917,0.62344,0.53611,0.62422,0.57361,0.66563,0.54028,0.65781,0.48611,0.64219,0.55000,0.64062,0.58333,0.68828,0.56389,0.68047,0.51389,0.66094,0.57222,0.65781,0.60556,0.70937,0.59722,0.69453,0.57083,0.67500,0.60556,0.67031,0.62778,0.60142,0.83074,0.9995,0.72554,1.00000,0.9157,0.66869,0.72320,0.9986,0.65601,0.60878,0.65469,0.71944,119.91,0.9971,live,0.1610,0.1138,75.38,662.30
155925.794336,80.0,0.3852,3,2,0,0.65625,0.73333,0.62813,0.69167,0.60938,0.63333,0.60234,0.58889,0.61641,0.56111,0.64141,0.54306,0.63203,0.49444,0.62266,0.55000,0.62422,0.58472,0.66563,0.55278,0.65703,0.50139,0.64062,0.56528,0.63984,0.59722,0.68828,0.57500,0.67891,0.53194,0.65859,0.58889,0.65625,0.62083,0.70859,0.61111,0.69375,0.58472,0.67500,0.61944,0.67109,0.64167,0.60283,0.83084,0.9996,0.72613,1.00000,0.9124,0.66967,0.72302,0.9985,0.65606,0.63369,0.65625,0.73333,119.61,0.9968,live,0.1562,0.1346,90.04,668.94
155925.861277,80.0,0.4745,3,2,0,0.65547,0.73750,0.62734,0.69444,0.60938,0.63889,0.60156,0.59722,0.61328,0.56667,0.64141,0.54444,0.63047,0.50000,0.62109,0.55556,0.62344,0.58889,0.66641,0.55417,0.65469,0.50694,0.63828,0.57222,0.63906,0.60278,0.68828,0.57639,0.67578,0.53889,0.65703,0.59722,0.65703,0.62500,0.70703,0.60972,0.69063,0.59306,0.67266,0.62917,0.67031,0.65000,0.60294,0.83397,0.9996,0.72617,1.00000,0.9143,0.67094,0.73153,0.9984,0.65594,0.65445,0.65547,0.73750,120.60,0.9976,live,0.1562,0.1403,94.74,675.50
155925.928412,80.0,0.5640,3,2,0,0.65547,0.73750,0.62813,0.69583,0.61016,0.63889,0.60156,0.59583,0.61484,0.56667,0.64062,0.54306,0.62969,0.50139,0.62031,0.55556,0.62266,0.58750,0.66563,0.55278,0.65391,0.50694,0.63750,0.57361,0.63828,0.60278,0.68828,0.57639,0.67500,0.54167,0.65625,0.60000,0.65547,0.62639,0.70703,0.61111,0.68984,0.59583,0.67266,0.63056,0.67109,0.64861,0.60325,0.83519,0.9996,0.72543,1.00000,0.9144,0.67642,0.74698,0.9983,0.65585,0.67106,0.65547,0.73750,121.36,0.9982,live,0.1562,0.1536,104.72,681.82
155925.994507,80.0,0.6521,3,2,0,0.65625,0.73750,0.62969,0.69583,0.61094,0.63889,0.60391,0.59444,0.61719,0.56389,0.64141,0.54167,0.62969,0.50139,0.62187,0.55694,0.62500,0.58750,0.66641,0.55139,0.65391,0.50833,0.63906,0.57500,0.63984,0.60278,0.68906,0.57361,0.67578,0.54167,0.65703,0.60139,0.65703,0.62639,0.70781,0.60694,0.69063,0.59444,0.67422,0.62917,0.67266,0.64444,0.60511,0.83473,0.9996,0.72770,1.00000,0.9202,0.67485,0.73952,0.9985,0.65593,0.68435,0.65625,0.73750,122.22,0.9979,live,0.1562,0.1648,113.38,688.00
155926.061144,80.0,0.7410,3,2,0,0.66094,0.73472,0.63438,0.69444,0.61562,0.63889,0.60859,0.59444,0.62266,0.56389,0.64453,0.54722,0.63359,0.50278,0.62656,0.55833,0.62969,0.59028,0.66953,0.55556,0.65938,0.50972,0.64453,0.57500,0.64531,0.60278,0.69219,0.57778,0.68125,0.54028,0.66328,0.60000,0.66250,0.62639,0.71250,0.60972,0.69766,0.59028,0.67969,0.62500,0.67656,0.64444,0.60501,0.83701,0.9996,0.72769,1.00000,0.9203,0.67738,0.73549,0.9984,0.65693,0.69442,0.66094,0.73472,118.91,0.9976,live,0.1562,0.1639,113.28,691.06
155926.128552,80.0,0.8308,3,2,0,0.66953,0.73750,0.64219,0.69444,0.62500,0.63750,0.61953,0.59444,0.63438,0.56528,0.65547,0.55139,0.64453,0.50278,0.63750,0.55833,0.63984,0.59167,0.67969,0.55972,0.66953,0.50833,0.65547,0.57222,0.65547,0.60278,0.70234,0.58194,0.69141,0.54028,0.67344,0.60000,0.67188,0.62778,0.72344,0.61389,0.70937,0.58889,0.69063,0.62639,0.68672,0.64583,0.60499,0.83653,0.9997,0.74299,1.00000,0.9175,0.67899,0.73344,0.9984,0.65945,0.70304,0.66953,0.73750,118.61,0.9980,live,0.1562,0.1529,106.04,693.53
155926.194431,80.0,0.9187,3,2,0,0.68125,0.73750,0.65625,0.68750,0.63984,0.63056,0.64141,0.58472,0.66250,0.56528,0.67031,0.55000,0.66406,0.50139,0.65547,0.55833,0.65703,0.59028,0.69531,0.56250,0.68984,0.51111,0.67344,0.57639,0.67500,0.60556,0.71797,0.58611,0.71172,0.54167,0.69297,0.60139,0.69219,0.62917,0.74062,0.62083,0.72969,0.58889,0.71094,0.62500,0.70781,0.64722,0.60639,0.84087,0.9997,0.74181,1.00000,0.9176,0.68978,0.73892,0.9984,0.66381,0.70993,0.68125,0.73750,119.93,0.9973,live,0.1562,0.1339,93.31,696.66
155926.261434,80.0,0.0080,3,3,0,0.70312,0.74167,0.67812,0.69167,0.66406,0.63194,0.66953,0.58472,0.69219,0.56389,0.69453,0.55694,0.69297,0.50139,0.68437,0.55000,0.68437,0.58611,0.71875,0.56806,0.72031,0.50972,0.70312,0.57083,0.70078,0.60417,0.74141,0.59306,0.74219,0.54306,0.72109,0.60139,0.71719,0.63333,0.76328,0.63056,0.75781,0.59444,0.73906,0.62917,0.73281,0.65278,0.60683,0.84149,0.9997,0.76287,1.00000,0.9160,0.71069,0.73997,0.9984,0.67167,0.71628,0.70312,0.74167,118.45,0.9955,live,0.1487,0.1146,80.01,698.34
155926.328625,80.0,0.0976,3,3,0,0.72500,0.74722,0.70078,0.69306,0.68984,0.62917,0.70234,0.58333,0.72891,0.56667,0.72031,0.56111,0.72266,0.50139,0.71406,0.55417,0.71328,0.58889,0.74531,0.57361,0.75078,0.51528,0.73359,0.57500,0.73125,0.60556,0.76797,0.60000,0.77266,0.54722,0.75078,0.60417,0.74531,0.63472,0.78984,0.63750,0.78594,0.60000,0.76641,0.63333,0.75938,0.65694,0.60699,0.84182,0.9997,0.76249,1.00000,0.9128,0.74284,0.74253,0.9984,0.68234,0.72247,0.72500,0.74722,120.25,0.9946,live,0.1405,0.1032,72.36,701.12
155926.394797,80.0,0.1858,3,3,0,0.74531,0.75000,0.72344,0.69167,0.71562,0.62639,0.73281,0.58194,0.76094,0.56944,0.74687,0.55972,0.75313,0.50278,0.74297,0.55556,0.74062,0.59028,0.77187,0.57500,0.78203,0.51806,0.76328,0.57778,0.75938,0.60556,0.79453,0.60417,0.80469,0.55000,0.78047,0.60556,0.77344,0.63472,0.81484,0.64306,0.81563,0.60417,0.79531,0.63750,0.78672,0.65833,0.60518,0.84183,0.9997,0.74872,1.00000,0.9112,0.76973,0.75278,0.9984,0.69493,0.72797,0.74531,0.75000,122.72,0.9946,live,0.1338,0.1033,72.84,705.35
155926.461669,80.0,0.2750,3,3,0,0.76406,0.75000,0.74531,0.68750,0.74062,0.62361,0.76016,0.58194,0.78984,0.56944,0.76953,0.56250,0.78047,0.50556,0.76797,0.55556,0.76328,0.59306,0.79453,0.57917,0.80937,0.52083,0.78906,0.57500,0.78281,0.60417,0.81641,0.60833,0.83125,0.55556,0.80625,0.60556,0.79688,0.63472,0.83594,0.64861,0.84062,0.60833,0.81953,0.63889,0.80937,0.66111,0.60592,0.83566,0.9997,0.74859,1.00000,0.9120,0.78088,0.75211,0.9984,0.70876,0.73238,0.76406,0.75000,121.72,0.9944,live,0.1338,0.1141,80.85,708.34
155926.528651,80.0,0.3643,3,3,0,0.77812,0.75000,0.75938,0.68611,0.75703,0.62083,0.77891,0.58194,0.80937,0.56944,0.78750,0.56389,0.80078,0.50556,0.78828,0.55694,0.78125,0.59306,0.81250,0.58194,0.82812,0.52361,0.80859,0.57778,0.80000,0.60556,0.83359,0.61111,0.85000,0.55833,0.82500,0.60833,0.81250,0.63750,0.85156,0.65139,0.85938,0.61389,0.83750,0.64167,0.82344,0.66111,0.60700,0.83553,0.9997,0.74702,1.00000,0.9131,0.78971,0.75387,0.9984,0.72263,0.73590,0.77812,0.75000,121.12,0.9915,live,0.1338,0.1310,93.10,710.55
155926.594650,80.0,0.4523,3,3,0,0.78438,0.74722,0.76875,0.68333,0.76953,0.61944,0.79219,0.58194,0.82031,0.56528,0.79844,0.56250,0.81250,0.50556,0.79922,0.55556,0.79297,0.59167,0.82266,0.58194,0.83984,0.52222,0.81875,0.57500,0.81094,0.60417,0.84375,0.61250,0.86094,0.55833,0.83516,0.60694,0.82266,0.63750,0.86094,0.65278,0.86953,0.61389,0.84688,0.64028,0.83359,0.65972,0.60726,0.83524,0.9997,0.74734,1.00000,0.9141,0.79757,0.75339,0.9984,0.73498,0.73817,0.78438,0.74722,121.32,0.9937,live,0.1338,0.1470,104.75,712.63
155926.661539,80.0,0.5415,3,3,0,0.78984,0.74583,0.77344,0.68333,0.77187,0.62083,0.79375,0.58056,0.82344,0.56667,0.80234,0.56111,0.81563,0.50694,0.80391,0.55556,0.79766,0.59028,0.82656,0.58056,0.84375,0.52222,0.82578,0.57222,0.81641,0.60139,0.84766,0.61111,0.86562,0.55694,0.84141,0.60278,0.82734,0.63333,0.86484,0.65139,0.87266,0.61111,0.85156,0.63750,0.83672,0.65833,0.60821,0.83524,0.9997,0.74731,1.00000,0.9139,0.80092,0.75154,0.9984,0.74595,0.73970,0.78984,0.74583,120.66,0.9914,live,0.1384,0.1594,113.83,713.99
155926.728931,80.0,0.6314,3,3,0,0.79141,0.74583,0.77500,0.68472,0.77266,0.62361,0.79375,0.58194,0.82344,0.56528,0.80312,0.55972,0.81641,0.50694,0.80547,0.55556,0.79922,0.59028,0.82734,0.58056,0.84531,0.52222,0.82578,0.57361,0.81719,0.60278,0.84844,0.61111,0.86719,0.55833,0.84219,0.60556,0.82812,0.63472,0.86484,0.65139,0.87500,0.61250,0.85313,0.63889,0.83828,0.65833,0.60823,0.83534,0.9997,0.74735,1.00000,0.9129,0.80173,0.75130,0.9983,0.75504,0.74093,0.79141,0.74583,120.34,0.9921,live,0.1434,0.1663,118.89,714.96
155926.794922,80.0,0.7193,3,3,0,0.78750,0.74861,0.77031,0.68889,0.76875,0.62361,0.79141,0.58333,0.82031,0.57083,0.80000,0.56389,0.81250,0.50833,0.80078,0.55833,0.79453,0.59306,0.82422,0.58194,0.84062,0.52361,0.82188,0.57917,0.81250,0.60694,0.84453,0.61250,0.86250,0.55972,0.83828,0.60833,0.82422,0.63750,0.86172,0.65417,0.87187,0.61528,0.85078,0.64167,0.83437,0.66111,0.60835,0.83535,0.9997,0.74720,1.00000,0.9128,0.80194,0.75110,0.9984,0.76154,0.74246,0.78750,0.74861,120.49,0.9889,live,0.1434,0.1628,116.56,715.92
155926.861672,80.0,0.8083,3,3,0,0.77891,0.74583,0.76094,0.68611,0.75781,0.61944,0.78047,0.57778,0.80937,0.56528,0.78906,0.55972,0.80234,0.50139,0.78906,0.55417,0.78281,0.58889,0.81328,0.57778,0.83125,0.51806,0.81094,0.57500,0.80234,0.60694,0.83437,0.60833,0.85156,0.55417,0.82656,0.60694,0.81328,0.63750,0.85234,0.65000,0.85938,0.60833,0.83828,0.63750,0.82500,0.65833,0.60835,0.83548,0.9997,0.74705,1.00000,0.9124,0.80131,0.74574,0.9984,0.76501,0.74314,0.77891,0.74583,120.96,0.9922,live,0.1434,0.1490,106.86,717.10
155926.928903,80.0,0.8980,3,3,0,0.76562,0.72917,0.74609,0.66806,0.74062,0.60417,0.76016,0.56389,0.78750,0.55139,0.77109,0.54306,0.78203,0.48611,0.77031,0.53611,0.76484,0.57361,0.79609,0.55972,0.80937,0.50139,0.79219,0.55694,0.78516,0.58611,0.81719,0.58889,0.83047,0.53472,0.80781,0.58611,0.79766,0.61528,0.83672,0.62778,0.84062,0.58889,0.82031,0.61806,0.80859,0.64028,0.60833,0.83563,0.9997,0.74383,1.00000,0.9117,0.79671,0.73603,0.9984,0.76513,0.74034,0.76562,0.72917,120.68,0.9935,live,0.1434,0.1261,90.52,717.94
155926.994983,80.0,0.9861,3,3,0,0.74687,0.70000,0.72422,0.63750,0.71719,0.57361,0.73672,0.53056,0.76172,0.51389,0.74922,0.50972,0.75313,0.45278,0.74141,0.50556,0.73828,0.54306,0.77187,0.52639,0.78047,0.46528,0.76328,0.51944,0.75859,0.55000,0.79297,0.55278,0.80156,0.49583,0.77969,0.55000,0.77109,0.58333,0.81328,0.59167,0.81250,0.54861,0.79141,0.58056,0.78281,0.60417,0.60795,0.83622,0.9997,0.74345,1.00000,0.9106,0.78214,0.72155,0.9984,0.76148,0.73227,0.74687,0.70000,120.61,0.9937,live,0.1358,0.1010,72.58,718.63
155927.061769,80.0,0.0751,3,1,1,0.72734,0.65417,0.70312,0.59167,0.69453,0.52917,0.70937,0.48194,0.73203,0.46528,0.72188,0.46528,0.72734,0.40694,0.71797,0.45833,0.71484,0.49306,0.74531,0.47917,0.75313,0.41667,0.73828,0.47361,0.73359,0.50417,0.76641,0.50278,0.77344,0.44861,0.75391,0.50139,0.74687,0.53194,0.78750,0.53750,0.78672,0.49444,0.76797,0.52778,0.75938,0.55139,0.60796,0.83631,0.9997,0.74380,1.00000,0.9105,0.76747,0.67025,0.9984,0.75465,0.71665,0.72734,0.65417,119.25,0.9925,live,0.1258,0.0803,57.65,718.25
155927.129077,80.0,0.1649,3,1,1,0.70703,0.60139,0.68359,0.53889,0.67500,0.47917,0.68437,0.42917,0.70312,0.39722,0.70078,0.41806,0.70234,0.35833,0.69375,0.39722,0.69219,0.43333,0.72188,0.42917,0.72656,0.36389,0.71250,0.40833,0.70859,0.44444,0.74219,0.45000,0.74687,0.38750,0.72813,0.43333,0.72109,0.47083,0.76172,0.48194,0.76016,0.43333,0.74141,0.46389,0.73203,0.49444,0.60721,0.82809,0.9997,0.74680,0.98232,0.9118,0.74444,0.61881,0.9985,0.74513,0.69360,0.70703,0.60139,114.78,0.9888,live,0.1164,0.0735,52.55,714.71
155927.195192,80.0,0.2530,3,1,1,0.69219,0.55139,0.66719,0.48889,0.65703,0.42917,0.66484,0.37500,0.68125,0.33889,0.67891,0.37361,0.67969,0.31389,0.67266,0.35139,0.67109,0.38611,0.69844,0.37917,0.70312,0.31250,0.69063,0.35556,0.68750,0.39306,0.71953,0.39583,0.72344,0.33056,0.70703,0.37639,0.70156,0.41528,0.73984,0.42361,0.73672,0.37361,0.71953,0.40139,0.71250,0.43333,0.60585,0.82559,0.9996,0.74624,0.94539,0.9126,0.72394,0.55841,0.9985,0.73454,0.66516,0.69219,0.55139,112.42,0.9886,live,0.1164,0.0964,68.45,709.88
155927.261664,80.0,0.3417,3,1,1,0.68125,0.50556,0.65469,0.44444,0.64375,0.38472,0.64844,0.33472,0.66328,0.29722,0.66406,0.32917,0.66406,0.27222,0.65703,0.30694,0.65703,0.34167,0.68359,0.33472,0.68750,0.26944,0.67578,0.31389,0.67344,0.35139,0.70312,0.34861,0.70547,0.28472,0.69063,0.33194,0.68672,0.37222,0.72422,0.37222,0.71797,0.32500,0.70234,0.35694,0.69688,0.39028,0.60570,0.82341,0.9996,0.74291,0.90904,0.9113,0.70262,0.50960,0.9984,0.72388,0.63324,0.68125,0.50556,111.39,0.9855,live,0.1164,0.1350,95.13,704.90
155927.329374,80.0,0.4319,3,1,1,0.67188,0.47083,0.64531,0.41389,0.63359,0.35556,0.63672,0.30278,0.65156,0.26389,0.65547,0.30417,0.65703,0.24722,0.64766,0.28194,0.64844,0.31667,0.67344,0.30833,0.67656,0.24306,0.66250,0.28611,0.66250,0.32222,0.69219,0.31944,0.69375,0.25417,0.67734,0.29583,0.67422,0.33472,0.71172,0.34028,0.70469,0.29306,0.68906,0.32361,0.68437,0.35694,0.60565,0.82333,0.9996,0.74022,0.88405,0.9131,0.69571,0.48731,0.9984,0.71348,0.60076,0.67188,0.47083,105.58,0.9822,live,0.1270,0.1752,121.98,696.33
155927.395489,80.0,0.5201,3,1,1,0.66563,0.45417,0.63906,0.39861,0.62734,0.34028,0.62969,0.28750,0.64297,0.24583,0.65156,0.29028,0.65469,0.23333,0.64375,0.26528,0.64297,0.29861,0.66719,0.29444,0.67031,0.22917,0.65547,0.27083,0.65391,0.30833,0.68437,0.30417,0.68516,0.24028,0.66797,0.28056,0.66484,0.31944,0.70312,0.32222,0.69609,0.27361,0.68047,0.30139,0.67578,0.33333,0.60549,0.82315,0.9996,0.73855,0.86641,0.9159,0.68633,0.45912,0.9985,0.70391,0.57144,0.66563,0.45417,102.68,0.9802,live,0.1425,0.2131,146.37,686.70
155927.461979,80.0,0.6087,3,1,1,0.66172,0.44861,0.63594,0.39722,0.62422,0.33889,0.62578,0.28611,0.63672,0.24583,0.64687,0.29028,0.65078,0.23056,0.63984,0.26111,0.63828,0.29583,0.66172,0.29306,0.66563,0.22778,0.65156,0.26667,0.64922,0.30417,0.67891,0.30417,0.67969,0.24028,0.66406,0.27778,0.66094,0.31528,0.69688,0.32083,0.68984,0.27500,0.67500,0.30000,0.67109,0.33056,0.60559,0.82367,0.9996,0.73624,0.85204,0.9188,0.68200,0.45069,0.9985,0.69547,0.54687,0.66172,0.44861,99.42,0.9839,live,0.1609,0.2447,165.39,675.88
155927.529241,80.0,0.6984,3,1,1,0.65938,0.45833,0.63281,0.40694,0.62109,0.34861,0.62187,0.29583,0.63438,0.25417,0.64609,0.30000,0.64687,0.24444,0.63750,0.27778,0.63750,0.31111,0.66016,0.30139,0.66094,0.23611,0.64766,0.27917,0.64844,0.31528,0.67734,0.31111,0.67578,0.24583,0.65938,0.28889,0.65859,0.32639,0.69609,0.32778,0.68672,0.27917,0.67188,0.30694,0.66875,0.34028,0.60544,0.82333,0.9996,0.73543,0.85556,0.9213,0.67908,0.45265,0.9985,0.68825,0.52917,0.65938,0.45833,100.10,0.9880,live,0.1788,0.2605,173.70,666.85
155927.595060,80.0,0.7862,3,1,1,0.65938,0.47778,0.63281,0.42500,0.62187,0.36528,0.62422,0.31389,0.63672,0.27222,0.64531,0.31389,0.64453,0.25833,0.63672,0.29444,0.63750,0.32778,0.66094,0.31806,0.66172,0.25556,0.64844,0.29861,0.64766,0.33472,0.67812,0.32917,0.67656,0.26944,0.66016,0.31250,0.65938,0.35139,0.69688,0.34861,0.68750,0.30278,0.67266,0.33056,0.66953,0.36250,0.60375,0.82423,0.9996,0.73550,0.85937,0.9234,0.68112,0.45771,0.9985,0.68248,0.51889,0.65938,0.47778,102.40,0.9879,live,0.1929,0.2570,169.74,660.56
155927.662233,80.0,0.8758,3,1,1,0.66328,0.50417,0.63672,0.45278,0.62578,0.39167,0.62813,0.33889,0.64141,0.29861,0.64844,0.33889,0.64766,0.27917,0.63906,0.31806,0.63984,0.35417,0.66563,0.34306,0.66641,0.28056,0.65234,0.32639,0.65312,0.36250,0.68437,0.35556,0.68125,0.29444,0.66484,0.34028,0.66328,0.37778,0.70312,0.37778,0.69219,0.33333,0.67656,0.36389,0.67500,0.39583,0.60312,0.82474,0.9996,0.73209,0.88479,0.9239,0.68209,0.48924,0.9985,0.67864,0.51594,0.66328,0.50417,104.06,0.9860,live,0.2003,0.2341,153.64,656.21
155927.729214,80.0,0.9651,3,1,1,0.66563,0.53889,0.64141,0.48750,0.63047,0.42917,0.63359,0.37917,0.64844,0.34306,0.65469,0.37222,0.65312,0.31250,0.64297,0.35278,0.64375,0.38889,0.67344,0.37917,0.67266,0.31528,0.65781,0.36250,0.65703,0.39861,0.69219,0.39444,0.68828,0.33333,0.67031,0.37778,0.66797,0.41528,0.71094,0.41806,0.69922,0.37222,0.68203,0.40278,0.67969,0.43611,0.60295,0.82466,0.9996,0.73024,0.94588,0.9193,0.68317,0.53919,0.9985,0.67604,0.52053,0.66563,0.53889,105.00,0.9863,live,0.2003,0.2005,130.96,653.07
155927.795599,80.0,0.0536,3,2,0,0.66953,0.58056,0.64609,0.53472,0.63438,0.47361,0.63672,0.42639,0.65234,0.39583,0.66172,0.41250,0.66094,0.34861,0.64766,0.38889,0.64609,0.42500,0.67969,0.42222,0.67812,0.35833,0.66172,0.40556,0.66016,0.43889,0.69844,0.43889,0.69453,0.37778,0.67500,0.42222,0.67188,0.45972,0.71719,0.46528,0.70625,0.42083,0.68828,0.45139,0.68437,0.48333,0.60368,0.82466,0.9996,0.73033,0.95917,0.9156,0.68360,0.55093,0.9984,0.67473,0.53254,0.66953,0.58056,104.92,0.9884,live,0.1934,0.1620,105.31,650.25
155927.862043,80.0,0.1422,3,2,0,0.67188,0.62639,0.64766,0.58056,0.63672,0.52222,0.63984,0.47778,0.65547,0.44722,0.66484,0.44861,0.66094,0.39306,0.64922,0.43889,0.64922,0.47639,0.68516,0.45972,0.68281,0.40139,0.66563,0.45417,0.66328,0.49028,0.70469,0.48333,0.70078,0.42917,0.67969,0.48056,0.67656,0.51528,0.72422,0.51389,0.71250,0.47639,0.69375,0.50833,0.68984,0.53472,0.60312,0.82502,0.9996,0.73141,0.98484,0.9131,0.68398,0.60442,0.9979,0.67416,0.55131,0.67188,0.62639,111.00,0.9942,live,0.1804,0.1213,79.13,652.13
155927.929078,80.0,0.2315,3,2,0,0.67266,0.66944,0.64922,0.62361,0.63672,0.56667,0.63672,0.52361,0.65078,0.49444,0.66563,0.48750,0.66094,0.43472,0.64922,0.48611,0.65000,0.52222,0.68750,0.50000,0.68359,0.44306,0.66563,0.50139,0.66406,0.53750,0.70781,0.52361,0.70312,0.47083,0.68125,0.52500,0.67734,0.56250,0.72656,0.55694,0.71562,0.52222,0.69453,0.55556,0.68906,0.58194,0.60468,0.83287,0.9996,0.73321,1.00000,0.9115,0.68450,0.66843,0.9978,0.67386,0.57493,0.67266,0.66944,113.46,0.9952,live,0.1697,0.1211,79.38,655.57
155927.995525,80.0,0.3201,3,2,0,0.67266,0.69861,0.64922,0.65278,0.63516,0.59444,0.63438,0.55000,0.65156,0.52361,0.66484,0.51250,0.65781,0.46111,0.64687,0.51667,0.64844,0.55278,0.68750,0.52500,0.68281,0.47083,0.66406,0.53194,0.66250,0.56389,0.70859,0.54861,0.70234,0.49861,0.68125,0.55556,0.67734,0.59028,0.72734,0.58333,0.71562,0.55139,0.69453,0.58472,0.68906,0.61111,0.60487,0.83188,0.9996,0.73402,1.00000,0.9093,0.68559,0.69524,0.9979,0.67362,0.59967,0.67266,0.69861,116.06,0.9961,live,0.1573,0.1006,66.46,660.47
155928.062023,80.0,0.4088,3,2,0,0.67344,0.71250,0.64844,0.66806,0.63281,0.61111,0.63203,0.56528,0.64844,0.53472,0.66172,0.52778,0.65547,0.47361,0.64609,0.52778,0.64766,0.56389,0.68516,0.53750,0.68047,0.48194,0.66406,0.54444,0.66250,0.57778,0.70547,0.55972,0.70000,0.51250,0.67969,0.56944,0.67656,0.60278,0.72500,0.59306,0.71172,0.56528,0.69219,0.60000,0.68750,0.62500,0.60484,0.83175,0.9996,0.73375,1.00000,0.9095,0.68746,0.71499,0.9979,0.67358,0.62224,0.67344,0.71250,115.70,0.9954,live,0.1503,0.1186,78.80,664.51
155928.129890,80.0,0.4993,3,2,0,0.67109,0.71667,0.64609,0.67222,0.63047,0.61528,0.62891,0.57083,0.64609,0.54167,0.65938,0.53194,0.65234,0.47917,0.64375,0.53194,0.64531,0.56528,0.68281,0.54306,0.67734,0.48611,0.66094,0.54861,0.66016,0.58056,0.70312,0.56528,0.69609,0.52083,0.67656,0.57639,0.67422,0.60694,0.72266,0.59861,0.70859,0.57083,0.68984,0.60417,0.68437,0.62778,0.60501,0.83249,0.9996,0.74221,1.00000,0.9104,0.68760,0.72476,0.9980,0.67309,0.64112,0.67109,0.71667,115.38,0.9954,live,0.1503,0.1361,90.93,667.84
155928.196244,80.0,0.5878,3,2,0,0.67109,0.71944,0.64531,0.67500,0.62969,0.61806,0.62891,0.57361,0.64609,0.54444,0.65781,0.53472,0.65156,0.48194,0.64297,0.53611,0.64531,0.56806,0.68125,0.54444,0.67656,0.48889,0.66016,0.55278,0.65938,0.58472,0.70234,0.56667,0.69531,0.52083,0.67500,0.57917,0.67266,0.60972,0.72188,0.60000,0.70859,0.57222,0.68906,0.60833,0.68437,0.63194,0.60531,0.83253,0.9996,0.74048,1.00000,0.9109,0.68770,0.72744,0.9981,0.67269,0.65679,0.67109,0.71944,115.77,0.9955,live,0.1503,0.1515,101.69,671.05
155928.262402,80.0,0.6760,3,2,0,0.67109,0.72361,0.64609,0.67778,0.63047,0.62222,0.62891,0.57917,0.64453,0.55139,0.66016,0.53750,0.65156,0.48750,0.64219,0.54167,0.64453,0.57500,0.68359,0.54861,0.67656,0.49583,0.66016,0.55833,0.65938,0.59028,0.70391,0.57083,0.69688,0.52500,0.67656,0.58194,0.67422,0.61528,0.72266,0.60556,0.70937,0.57778,0.68984,0.61250,0.68516,0.63611,0.60712,0.83352,0.9996,0.74049,1.00000,0.9124,0.68775,0.72553,0.9981,0.67237,0.67015,0.67109,0.72361,115.79,0.9956,live,0.1503,0.1600,107.83,673.90
155928.329500,80.0,0.7654,3,2,0,0.67344,0.72917,0.64844,0.68333,0.63281,0.62917,0.63125,0.58611,0.64687,0.55694,0.66328,0.54306,0.65469,0.49306,0.64453,0.54722,0.64687,0.58194,0.68594,0.55417,0.67969,0.50278,0.66250,0.56667,0.66172,0.59861,0.70703,0.57639,0.70000,0.53194,0.67891,0.59028,0.67656,0.62361,0.72578,0.61111,0.71250,0.58472,0.69297,0.61806,0.68750,0.64167,0.60638,0.83617,0.9997,0.74031,1.00000,0.9169,0.68813,0.73000,0.9983,0.67258,0.68195,0.67344,0.72917,115.92,0.9960,live,0.1503,0.1591,107.62,676.49
155928.395638,80.0,0.8536,3,2,0,0.67656,0.73611,0.65234,0.69028,0.63750,0.63611,0.63672,0.59306,0.65469,0.56944,0.66797,0.55139,0.66094,0.50139,0.65078,0.55556,0.65234,0.59028,0.69141,0.56250,0.68672,0.51111,0.66875,0.57361,0.66797,0.60556,0.71250,0.58611,0.70625,0.54306,0.68516,0.59861,0.68203,0.62917,0.73047,0.62083,0.71797,0.59583,0.69766,0.62778,0.69141,0.65139,0.60641,0.83717,0.9997,0.73560,1.00000,0.9149,0.68857,0.73450,0.9982,0.67338,0.69279,0.67656,0.73611,115.54,0.9955,live,0.1503,0.1502,101.89,678.50
155928.462429,80.0,0.9427,3,2,0,0.68437,0.74583,0.66016,0.70000,0.64531,0.64444,0.64609,0.60139,0.66719,0.58194,0.67500,0.56250,0.66875,0.50972,0.65938,0.56389,0.66016,0.59861,0.69844,0.57500,0.69531,0.51944,0.67812,0.58056,0.67578,0.61250,0.71953,0.60000,0.71484,0.55417,0.69453,0.60833,0.69063,0.63889,0.73828,0.63472,0.72813,0.60417,0.70859,0.63611,0.70078,0.65972,0.60715,0.83816,0.9997,0.75298,1.00000,0.9131,0.69028,0.74906,0.9981,0.67558,0.70340,0.68437,0.74583,114.69,0.9956,live,0.1503,0.1362,92.58,679.66
155928.529602,80.0,0.0322,3,3,0,0.70000,0.76250,0.67578,0.71111,0.66016,0.65417,0.66484,0.60972,0.68984,0.59722,0.69141,0.57500,0.68594,0.52500,0.67734,0.57917,0.68047,0.60972,0.71484,0.58889,0.71250,0.53611,0.69688,0.59722,0.69688,0.62639,0.73672,0.61389,0.73281,0.56806,0.71328,0.62361,0.71172,0.65278,0.75703,0.65000,0.74687,0.61806,0.72734,0.65278,0.72188,0.67639,0.60834,0.84898,0.9997,0.76466,1.00000,0.9142,0.70594,0.75306,0.9980,0.68046,0.71522,0.70000,0.76250,117.70,0.9954,live,0.1454,0.1228,83.84,682.84
155928.595819,80.0,0.1205,3,3,0,0.72188,0.78333,0.69844,0.73194,0.68516,0.67083,0.69531,0.62778,0.72188,0.62083,0.71328,0.59444,0.71328,0.54167,0.70547,0.60139,0.70625,0.63194,0.73906,0.60833,0.74297,0.55278,0.72578,0.61944,0.72344,0.64861,0.76250,0.63611,0.76328,0.59028,0.74297,0.64861,0.73828,0.67361,0.78281,0.67361,0.77891,0.63889,0.75781,0.67361,0.75000,0.69583,0.60835,0.84665,0.9997,0.76226,1.00000,0.9088,0.73950,0.76574,0.9979,0.68874,0.72884,0.72188,0.78333,120.26,0.9954,live,0.1400,0.1157,79.57,687.49
155928.662537,80.0,0.2095,3,3,0,0.74531,0.79167,0.72422,0.73889,0.71641,0.68194,0.73281,0.64444,0.75859,0.63472,0.74219,0.60139,0.74922,0.55556,0.73984,0.61250,0.73750,0.64444,0.76875,0.61667,0.77891,0.56806,0.76094,0.63194,0.75547,0.65972,0.79219,0.64583,0.80156,0.60278,0.77891,0.65972,0.76953,0.68472,0.81250,0.68333,0.81484,0.65694,0.79375,0.68750,0.78281,0.70556,0.60766,0.84160,0.9997,0.76324,1.00000,0.9074,0.76294,0.77875,0.9979,0.70006,0.74141,0.74531,0.79167,122.57,0.9940,live,0.1400,0.1160,80.43,693.25
155928.729902,80.0,0.2993,3,3,0,0.76797,0.78750,0.75000,0.73472,0.74531,0.67778,0.76641,0.64722,0.79453,0.64167,0.77187,0.60000,0.78359,0.55694,0.77266,0.60972,0.76797,0.64306,0.79844,0.61806,0.81484,0.56806,0.79453,0.62917,0.78750,0.65833,0.82109,0.65000,0.83594,0.60556,0.81172,0.65972,0.80156,0.68611,0.83906,0.69167,0.84531,0.66111,0.82578,0.69167,0.81484,0.70833,0.60704,0.83995,0.9997,0.75627,1.00000,0.9087,0.78294,0.77614,0.9979,0.71364,0.75062,0.76797,0.78750,121.45,0.9980,live,0.1400,0.1230,85.76,697.50
155928.795760,80.0,0.3871,3,3,0,0.78750,0.78333,0.77031,0.72500,0.77031,0.66667,0.79766,0.64028,0.82578,0.63333,0.79609,0.59167,0.81250,0.54722,0.80078,0.60000,0.79297,0.63611,0.82344,0.61250,0.84453,0.56250,0.82266,0.62222,0.81328,0.65139,0.84453,0.64583,0.86406,0.60417,0.83828,0.65556,0.82578,0.68194,0.86094,0.68889,0.87187,0.65833,0.85078,0.68611,0.83906,0.70278,0.60763,0.83103,0.9997,0.75596,1.00000,0.9097,0.79467,0.77471,0.9978,0.72841,0.75717,0.78750,0.78333,123.59,0.9980,live,0.1400,0.1449,101.83,702.78
155928.862510,80.0,0.4761,3,3,0,0.79688,0.77639,0.78281,0.71528,0.78672,0.65833,0.81484,0.63333,0.84219,0.62500,0.81250,0.58611,0.82969,0.54167,0.81719,0.59306,0.80781,0.62778,0.83828,0.60972,0.85938,0.55833,0.83984,0.61389,0.82891,0.64167,0.85859,0.64306,0.88047,0.59861,0.85547,0.64861,0.83984,0.67500,0.87344,0.68750,0.88828,0.65556,0.86719,0.67917,0.85078,0.69583,0.60911,0.83110,0.9997,0.75588,1.00000,0.9109,0.80292,0.77367,0.9976,0.74210,0.76101,0.79688,0.77639,123.38,0.9947,live,0.1400,0.1494,105.64,707.28
155928.929924,80.0,0.5660,3,3,0,0.80234,0.77083,0.78750,0.71389,0.79063,0.65694,0.81797,0.62778,0.84766,0.61528,0.81563,0.58194,0.83516,0.53611,0.82188,0.58333,0.81250,0.61528,0.84141,0.60417,0.86328,0.55139,0.84453,0.60556,0.83359,0.63472,0.86250,0.63750,0.88438,0.59028,0.86016,0.64028,0.84531,0.66944,0.87813,0.67917,0.89141,0.64583,0.87031,0.67361,0.85391,0.69167,0.61195,0.83427,0.9997,0.75580,1.00000,0.9103,0.81003,0.77220,0.9975,0.75415,0.76298,0.80234,0.77083,122.67,0.9943,live,0.1400,0.1619,115.08,710.73
155928.995844,80.0,0.6539,3,3,0,0.80078,0.76528,0.78672,0.70972,0.78984,0.65278,0.81641,0.62222,0.84531,0.60694,0.81484,0.57500,0.83281,0.53472,0.82188,0.58056,0.81328,0.61389,0.83984,0.59861,0.86094,0.54861,0.84219,0.60278,0.83281,0.63056,0.86016,0.63194,0.88281,0.58611,0.85781,0.63611,0.84375,0.66389,0.87578,0.67639,0.88984,0.64306,0.86953,0.66944,0.85391,0.68750,0.61244,0.83915,0.9997,0.75404,1.00000,0.9080,0.80672,0.77134,0.9974,0.76348,0.76344,0.80078,0.76528,122.60,0.9949,live,0.1452,0.1689,120.53,713.71
155929.062828,80.0,0.7432,3,3,0,0.79609,0.76667,0.78047,0.70833,0.78281,0.65139,0.80859,0.62361,0.83672,0.60972,0.80703,0.57500,0.82422,0.53194,0.81250,0.58194,0.80547,0.61667,0.83281,0.59722,0.85391,0.54583,0.83516,0.60139,0.82500,0.63333,0.85391,0.63056,0.87344,0.58611,0.85000,0.63472,0.83594,0.66250,0.86953,0.67361,0.88281,0.64028,0.86250,0.66528,0.84688,0.68194,0.61244,0.84087,0.9997,0.75315,1.00000,0.9071,0.80524,0.77296,0.9974,0.77000,0.76408,0.79609,0.76667,122.96,0.9942,live,0.1452,0.1673,119.89,716.60
155929.130048,80.0,0.8328,3,3,0,0.78750,0.76806,0.77109,0.70833,0.77187,0.65139,0.79766,0.62083,0.82578,0.60833,0.79688,0.57778,0.81172,0.53056,0.80000,0.58333,0.79297,0.61667,0.82188,0.59861,0.84219,0.54583,0.82344,0.60139,0.81406,0.63194,0.84297,0.63056,0.86250,0.58472,0.83828,0.63333,0.82422,0.66111,0.85938,0.67361,0.87109,0.63889,0.85000,0.66389,0.83437,0.68194,0.61243,0.83935,0.9997,0.75205,1.00000,0.9042,0.80377,0.77212,0.9972,0.77350,0.76488,0.78750,0.76806,121.82,0.9956,live,0.1452,0.1553,111.55,718.31
155929.195856,80.0,0.9206,3,3,0,0.77656,0.76944,0.75859,0.70972,0.75547,0.65139,0.77734,0.61806,0.80547,0.60694,0.78203,0.57917,0.79531,0.53056,0.78203,0.58472,0.77656,0.61944,0.80703,0.59861,0.82578,0.54444,0.80547,0.60417,0.79688,0.63472,0.82969,0.62778,0.84688,0.58056,0.82188,0.63194,0.80859,0.66111,0.84688,0.66806,0.85547,0.63333,0.83359,0.66250,0.81875,0.68194,0.61235,0.83876,0.9997,0.75270,1.00000,0.9029,0.80179,0.77105,0.9972,0.77411,0.76579,0.77656,0.76944,121.73,0.9961,live,0.1452,0.1339,96.40,719.76
155929.262761,80.0,0.0098,3,1,1,0.75938,0.75556,0.74062,0.70139,0.73359,0.64444,0.75313,0.60694,0.78047,0.59028,0.76172,0.56667,0.77109,0.51667,0.76016,0.57222,0.75469,0.61250,0.78750,0.58333,0.80078,0.52778,0.78281,0.59028,0.77500,0.62222,0.80937,0.61250,0.82266,0.56250,0.80000,0.61944,0.78828,0.64861,0.82891,0.65278,0.83516,0.61806,0.81406,0.65000,0.80078,0.66944,0.61133,0.83860,0.9997,0.75223,1.00000,0.9038,0.79681,0.76523,0.9973,0.77117,0.76374,0.75938,0.75556,121.73,0.9968,live,0.1386,0.1084,78.17,721.03
155929.329980,80.0,0.0994,3,1,1,0.74141,0.72778,0.71875,0.67222,0.71094,0.61389,0.72969,0.57361,0.75469,0.55833,0.73672,0.54028,0.74219,0.48333,0.73359,0.53750,0.72969,0.57639,0.76172,0.55417,0.77187,0.49167,0.75625,0.55000,0.75078,0.58194,0.78438,0.57917,0.79531,0.52361,0.77344,0.57917,0.76406,0.61111,0.80391,0.61806,0.80703,0.57778,0.78672,0.60972,0.77500,0.63333,0.61002,0.83998,0.9998,0.75137,1.00000,0.9026,0.77720,0.72935,0.9974,0.76521,0.75655,0.74141,0.72778,119.47,0.9970,live,0.1284,0.0817,58.87,720.53
155929.396223,80.0,0.1877,3,1,1,0.71953,0.67917,0.69453,0.62222,0.68359,0.56667,0.69844,0.52222,0.72031,0.50278,0.70859,0.48889,0.71016,0.43611,0.70312,0.49028,0.70078,0.52500,0.73281,0.50139,0.73906,0.44028,0.72578,0.50139,0.72188,0.53194,0.75547,0.52500,0.76094,0.46944,0.74297,0.52778,0.73750,0.55694,0.77656,0.56111,0.77578,0.52083,0.75781,0.55556,0.75078,0.57639,0.60891,0.83418,0.9997,0.74718,1.00000,0.8996,0.75041,0.69400,0.9973,0.75608,0.74107,0.71953,0.67917,120.06,0.9951,live,0.1164,0.0620,44.67,720.51
155929.462787,80.0,0.2765,3,1,1,0.69766,0.62917,0.67109,0.56944,0.66016,0.51111,0.67188,0.46389,0.69063,0.43889,0.68125,0.44167,0.67969,0.37778,0.67344,0.42500,0.67344,0.45972,0.70391,0.45000,0.70703,0.38611,0.69453,0.43889,0.69297,0.46944,0.72656,0.46944,0.72891,0.40833,0.71328,0.45972,0.70937,0.49167,0.74766,0.50139,0.74375,0.45833,0.72734,0.48889,0.72109,0.51389,0.60586,0.82690,0.9997,0.74662,0.96895,0.9027,0.73039,0.61659,0.9974,0.74439,0.71869,0.69766,0.62917,118.30,0.9939,live,0.1082,0.0709,50.96,719.22
155929.529809,80.0,0.3659,3,1,1,0.68047,0.57778,0.65234,0.51389,0.64141,0.45417,0.65078,0.40417,0.66797,0.36944,0.66094,0.39028,0.65625,0.33056,0.64922,0.37639,0.65156,0.41111,0.68203,0.39583,0.68125,0.32778,0.66953,0.38056,0.67031,0.41389,0.70234,0.41250,0.70156,0.34861,0.68594,0.40139,0.68437,0.43472,0.72344,0.43889,0.71562,0.39167,0.69922,0.42639,0.69453,0.45694,0.60483,0.82231,0.9997,0.74112,0.93282,0.9026,0.70119,0.56503,0.9975,0.73161,0.69051,0.68047,0.57778,117.44,0.9943,live,0.1082,0.1070,76.80,717.47
155929.596416,80.0,0.4547,3,1,1,0.66875,0.52778,0.63984,0.47083,0.62734,0.41250,0.63359,0.36111,0.64766,0.31944,0.64375,0.35417,0.64141,0.29167,0.63672,0.33472,0.63828,0.37083,0.66406,0.35694,0.66641,0.28611,0.65625,0.33611,0.65547,0.37361,0.68516,0.36806,0.68594,0.30139,0.67188,0.35278,0.66875,0.39306,0.70625,0.39028,0.69922,0.34306,0.68437,0.37778,0.67969,0.40972,0.60309,0.81910,0.9997,0.73806,0.90394,0.9035,0.68454,0.51978,0.9974,0.71904,0.65796,0.66875,0.52778,111.58,0.9869,live,0.1153,0.1473,104.87,711.71
155929.663222,80.0,0.5437,3,1,1,0.66094,0.49167,0.63281,0.44167,0.62031,0.38333,0.62578,0.33194,0.63984,0.29167,0.63594,0.32500,0.63203,0.26389,0.62656,0.30139,0.62969,0.33750,0.65547,0.32639,0.65703,0.25833,0.64609,0.30556,0.64609,0.34167,0.67578,0.33750,0.67422,0.27361,0.66016,0.31944,0.65781,0.35833,0.69609,0.35833,0.68672,0.31250,0.67188,0.34444,0.66719,0.37917,0.60308,0.81929,0.9996,0.73794,0.88641,0.9033,0.68022,0.49934,0.9974,0.70742,0.62470,0.66094,0.49167,107.52,0.9853,live,0.1285,0.1886,132.69,703.72
155929.730261,80.0,0.6331,3,1,1,0.65703,0.47639,0.62969,0.42778,0.61641,0.36944,0.62109,0.31667,0.63516,0.27639,0.63281,0.31250,0.62891,0.25139,0.62344,0.28750,0.62656,0.32361,0.65234,0.31389,0.65156,0.24583,0.64062,0.29306,0.64219,0.32917,0.67188,0.32500,0.66953,0.25972,0.65469,0.30833,0.65469,0.34722,0.69141,0.34444,0.68125,0.30000,0.66719,0.33056,0.66406,0.36250,0.60274,0.81943,0.9996,0.73432,0.87953,0.9059,0.67517,0.48959,0.9975,0.69734,0.59504,0.65703,0.47639,105.58,0.9922,live,0.1461,0.2264,157.39,695.29
155929.796510,80.0,0.7215,3,1,1,0.65547,0.47639,0.62813,0.42639,0.61562,0.36806,0.62031,0.31528,0.63359,0.27500,0.63203,0.31111,0.62734,0.24861,0.62187,0.28194,0.62500,0.31667,0.65078,0.31250,0.65000,0.24583,0.63984,0.29028,0.64141,0.32778,0.67031,0.32361,0.66719,0.25694,0.65312,0.30278,0.65234,0.34306,0.68906,0.34167,0.67891,0.29722,0.66484,0.32639,0.66250,0.35833,0.60274,0.81941,0.9996,0.73322,0.87670,0.9077,0.67713,0.48556,0.9976,0.68897,0.57131,0.65547,0.47639,105.81,0.9905,live,0.1653,0.2529,173.97,688.03
155929.863222,80.0,0.8104,3,1,1,0.65703,0.48472,0.62969,0.43472,0.61641,0.37639,0.61953,0.32500,0.63438,0.28472,0.63281,0.32083,0.62813,0.25833,0.62344,0.29306,0.62578,0.33056,0.65234,0.32222,0.65000,0.25556,0.64062,0.30000,0.64141,0.33750,0.67188,0.33194,0.66875,0.26528,0.65469,0.31250,0.65312,0.35417,0.69219,0.35139,0.68047,0.30694,0.66641,0.33889,0.66328,0.37083,0.60252,0.82041,0.9996,0.73340,0.87932,0.9102,0.67451,0.48882,0.9976,0.68258,0.55399,0.65703,0.48472,106.08,0.9895,live,0.1831,0.2642,180.16,681.84
155929.930218,80.0,0.8997,3,1,1,0.65781,0.50556,0.62969,0.45833,0.61719,0.39861,0.62031,0.34722,0.63516,0.30833,0.63516,0.33889,0.63047,0.27500,0.62500,0.31528,0.62734,0.35278,0.65469,0.34167,0.65391,0.27361,0.64219,0.32222,0.64375,0.35972,0.67422,0.35417,0.67109,0.28889,0.65625,0.33889,0.65547,0.37778,0.69453,0.37639,0.68437,0.32917,0.66875,0.36250,0.66563,0.39722,0.60241,0.82037,0.9996,0.73088,0.88634,0.9110,0.67495,0.49550,0.9976,0.67763,0.54431,0.65781,0.50556,106.59,0.9874,live,0.1963,0.2566,173.65,676.77
155929.996169,80.0,0.9877,3,1,1,0.65859,0.53750,0.63047,0.49028,0.61719,0.43333,0.62109,0.38194,0.63750,0.34583,0.63516,0.37222,0.62969,0.30833,0.62422,0.35278,0.62656,0.39028,0.65547,0.37500,0.65391,0.30833,0.64219,0.35833,0.64219,0.39306,0.67656,0.38889,0.67188,0.32639,0.65703,0.37639,0.65547,0.41528,0.69688,0.41250,0.68516,0.36528,0.67031,0.40000,0.66719,0.43472,0.60123,0.82041,0.9995,0.73163,0.91245,0.9111,0.67496,0.50923,0.9976,0.67382,0.54294,0.65859,0.53750,106.61,0.9866,live,0.2085,0.2637,177.30,672.31
155930.063170,80.0,0.0770,3,2,0,0.65781,0.58056,0.63125,0.53611,0.61641,0.47917,0.61953,0.43056,0.63672,0.40139,0.63594,0.40833,0.62969,0.35000,0.62344,0.39861,0.62578,0.43333,0.65703,0.41389,0.65391,0.35000,0.64219,0.40417,0.64219,0.43750,0.67812,0.42917,0.67344,0.37083,0.65703,0.42500,0.65547,0.46111,0.70000,0.45417,0.68750,0.41389,0.67109,0.45000,0.66719,0.48194,0.60019,0.82041,0.9995,0.73212,0.93126,0.9104,0.67498,0.53894,0.9977,0.67062,0.55047,0.65781,0.58056,110.33,0.9923,live,0.2085,0.1965,131.84,671.08
155930.130143,80.0,0.1663,3,2,0,0.65703,0.62778,0.63125,0.58750,0.61484,0.53333,0.61719,0.48750,0.63750,0.46528,0.63516,0.45556,0.62969,0.40000,0.62266,0.45139,0.62422,0.48472,0.65781,0.46250,0.65391,0.40278,0.64141,0.46111,0.64141,0.49306,0.67969,0.48194,0.67422,0.42639,0.65859,0.48333,0.65703,0.51806,0.70156,0.51111,0.68906,0.47639,0.67266,0.51250,0.66953,0.53889,0.59984,0.82159,0.9995,0.73335,0.96836,0.9099,0.67475,0.58185,0.9977,0.66790,0.56593,0.65703,0.62778,110.40,0.9957,live,0.1993,0.1575,105.56,670.03
155930.196357,80.0,0.2546,3,2,0,0.65547,0.67778,0.63125,0.64167,0.61406,0.58889,0.61328,0.54583,0.63281,0.52500,0.63438,0.49861,0.62734,0.45000,0.62109,0.50556,0.62344,0.53611,0.65859,0.50694,0.65312,0.45278,0.63984,0.51528,0.64141,0.54583,0.68125,0.52917,0.67500,0.48056,0.65781,0.54306,0.65703,0.57361,0.70312,0.56111,0.69063,0.53333,0.67344,0.57083,0.67031,0.59444,0.59901,0.82568,0.9996,0.73247,0.99282,0.9091,0.67392,0.63578,0.9978,0.66541,0.58830,0.65547,0.67778,114.38,0.9985,live,0.1922,0.1601,107.56,671.98
155930.263011,80.0,0.3435,3,2,0,0.65625,0.71806,0.63125,0.68194,0.61250,0.63194,0.61016,0.59167,0.62969,0.56944,0.63203,0.53194,0.62187,0.48889,0.61719,0.54861,0.62187,0.57778,0.65781,0.54028,0.65000,0.49167,0.63672,0.55972,0.63828,0.58889,0.68125,0.56111,0.67266,0.52222,0.65547,0.58611,0.65391,0.61528,0.70312,0.59306,0.68984,0.57500,0.67188,0.61250,0.66797,0.63333,0.59903,0.82664,0.9996,0.73302,1.00000,0.9082,0.67403,0.67740,0.9977,0.66358,0.61425,0.65625,0.71806,118.70,0.9988,live,0.1793,0.1202,81.32,676.81
155930.330727,80.0,0.4337,3,2,0,0.65625,0.73472,0.62969,0.69722,0.61016,0.65000,0.60703,0.60972,0.62500,0.58889,0.63125,0.54583,0.61953,0.50694,0.61484,0.56944,0.61953,0.60000,0.65781,0.55139,0.64922,0.51111,0.63594,0.58056,0.63516,0.60972,0.68125,0.57222,0.67188,0.53889,0.65391,0.60417,0.65078,0.63472,0.70312,0.60556,0.68828,0.59167,0.66953,0.62778,0.66406,0.64861,0.59911,0.82740,0.9996,0.73372,1.00000,0.9072,0.67408,0.70801,0.9977,0.66212,0.63834,0.65625,0.73472,120.99,0.9985,live,0.1672,0.1125,76.81,682.70
155930.396873,80.0,0.5219,3,2,0,0.65547,0.73611,0.62969,0.69861,0.61016,0.64861,0.60703,0.61111,0.62422,0.58611,0.63281,0.54444,0.61953,0.50694,0.61484,0.56528,0.61953,0.59444,0.65938,0.55000,0.64844,0.50972,0.63516,0.57778,0.63516,0.60694,0.68203,0.57083,0.67031,0.54167,0.65312,0.60417,0.65000,0.63333,0.70312,0.60417,0.68672,0.59444,0.66875,0.63194,0.66328,0.65000,0.59911,0.83111,0.9996,0.73407,1.00000,0.9090,0.67405,0.70982,0.9978,0.66079,0.65790,0.65547,0.73611,121.94,0.9984,live,0.1600,0.1268,87.34,688.57
155930.463668,80.0,0.6110,3,2,0,0.65547,0.73056,0.62969,0.69444,0.61016,0.64444,0.60625,0.60556,0.62422,0.58056,0.63047,0.54306,0.61953,0.50139,0.61484,0.55972,0.61875,0.58889,0.65625,0.54861,0.64844,0.50278,0.63516,0.57083,0.63438,0.60139,0.68047,0.56944,0.67031,0.53472,0.65312,0.59861,0.65000,0.62917,0.70156,0.60000,0.68750,0.58611,0.66953,0.62500,0.66406,0.64722,0.59996,0.83073,0.9996,0.73513,1.00000,0.9084,0.67423,0.71044,0.9977,0.65972,0.67243,0.65547,0.73056,120.13,0.9985,live,0.1600,0.1386,96.00,692.44
155930.530679,80.0,0.7003,3,2,0,0.65625,0.72639,0.63047,0.68889,0.61094,0.63889,0.60781,0.59861,0.62500,0.57500,0.63203,0.53889,0.62031,0.49722,0.61562,0.55417,0.62031,0.58194,0.65781,0.54583,0.64844,0.50000,0.63516,0.56806,0.63672,0.59583,0.68047,0.56528,0.67031,0.52778,0.65312,0.59167,0.65156,0.62083,0.70156,0.59583,0.68672,0.58056,0.66953,0.61944,0.66563,0.64028,0.60059,0.83212,0.9996,0.73798,1.00000,0.9098,0.67507,0.70852,0.9977,0.65903,0.68322,0.65625,0.72639,119.24,0.9983,live,0.1600,0.1478,102.76,695.20
155930.596794,80.0,0.7885,3,2,0,0.65781,0.72361,0.63203,0.68611,0.61172,0.63611,0.60859,0.59583,0.62734,0.57083,0.63359,0.53750,0.62187,0.49444,0.61719,0.55000,0.62187,0.57917,0.65859,0.54306,0.64922,0.49583,0.63750,0.56389,0.63750,0.59306,0.68203,0.56250,0.67109,0.52639,0.65547,0.58889,0.65312,0.61944,0.70312,0.59167,0.68750,0.57778,0.67031,0.61806,0.66563,0.64028,0.60137,0.83220,0.9997,0.73934,1.00000,0.9100,0.67510,0.71290,0.9977,0.65878,0.69130,0.65781,0.72361,119.00,0.9977,live,0.1600,0.1470,102.52,697.46
155930.663334,80.0,0.8772,3,2,0,0.66094,0.72222,0.63516,0.68333,0.61641,0.63472,0.61406,0.59444,0.63203,0.57222,0.63750,0.53611,0.62656,0.49306,0.62109,0.55139,0.62500,0.58194,0.66328,0.54306,0.65469,0.49722,0.64141,0.56389,0.64062,0.59444,0.68594,0.56250,0.67734,0.52500,0.66016,0.58750,0.65703,0.61806,0.70703,0.59444,0.69375,0.57778,0.67656,0.61528,0.67109,0.63611,0.60179,0.83484,0.9997,0.74050,1.00000,0.9120,0.67894,0.71007,0.9978,0.65922,0.69748,0.66094,0.72222,118.51,0.9969,live,0.1600,0.1365,95.44,699.10
155930.730494,80.0,0.9668,3,2,0,0.67031,0.72222,0.64531,0.68333,0.62734,0.63333,0.62734,0.59306,0.64687,0.56944,0.65000,0.53889,0.63906,0.49306,0.63438,0.55000,0.63828,0.58194,0.67422,0.54583,0.66641,0.49583,0.65391,0.56250,0.65469,0.59167,0.69688,0.56667,0.68906,0.52639,0.67266,0.58750,0.67109,0.61528,0.71875,0.59722,0.70625,0.57639,0.68828,0.61389,0.68437,0.63194,0.60205,0.83435,0.9997,0.74136,1.00000,0.9087,0.68072,0.71170,0.9976,0.66143,0.70243,0.67031,0.72222,117.11,0.9982,live,0.1524,0.1181,82.61,699.52
155930.796990,80.0,0.0554,3,3,0,0.68594,0.72222,0.66094,0.67778,0.64531,0.62639,0.64844,0.58889,0.66953,0.56806,0.66797,0.53889,0.66094,0.49306,0.65547,0.54861,0.65859,0.58056,0.69375,0.54861,0.68828,0.49861,0.67500,0.56250,0.67500,0.59306,0.71641,0.57083,0.71172,0.52639,0.69297,0.58750,0.69063,0.61667,0.73906,0.60417,0.72813,0.57778,0.70937,0.61389,0.70391,0.63611,0.60605,0.83591,0.9997,0.74424,1.00000,0.9100,0.69507,0.71923,0.9975,0.66634,0.70639,0.68594,0.72222,117.67,0.9981,live,0.1422,0.0957,67.04,700.30
155930.863313,80.0,0.1439,3,3,0,0.70937,0.72500,0.68359,0.68056,0.66875,0.62500,0.67734,0.58333,0.70078,0.56250,0.69219,0.54583,0.69063,0.49167,0.68437,0.54583,0.68594,0.58194,0.71797,0.55556,0.72031,0.49583,0.70547,0.55833,0.70312,0.59167,0.74062,0.57917,0.74297,0.52639,0.72344,0.58333,0.71797,0.61528,0.76250,0.61389,0.75781,0.57917,0.73906,0.61250,0.73125,0.63611,0.60718,0.83839,0.9997,0.77566,1.00000,0.9090,0.72040,0.72204,0.9975,0.67494,0.71011,0.70937,0.72500,115.21,0.9965,live,0.1310,0.0796,55.66,699.21
155930.930886,80.0,0.2340,3,3,0,0.73203,0.72917,0.70859,0.67639,0.69844,0.61667,0.71250,0.57500,0.73828,0.56111,0.72422,0.54583,0.72578,0.48750,0.71875,0.54167,0.71797,0.57639,0.74922,0.55833,0.75469,0.49722,0.73906,0.55833,0.73516,0.59028,0.77109,0.58333,0.77656,0.52778,0.75625,0.58472,0.74922,0.61944,0.79219,0.62083,0.79063,0.58194,0.77109,0.61528,0.76094,0.64167,0.60717,0.83776,0.9997,0.76247,1.00000,0.9059,0.75361,0.72189,0.9976,0.68636,0.71392,0.73203,0.72917,117.33,0.9952,live,0.1212,0.0766,53.60,699.79
155930.996782,80.0,0.3218,3,3,0,0.75313,0.72917,0.73203,0.67222,0.72578,0.61111,0.74453,0.57222,0.77187,0.55833,0.75078,0.54167,0.75938,0.48889,0.75000,0.53889,0.74609,0.57500,0.77656,0.55694,0.78984,0.49861,0.77187,0.55694,0.76484,0.58750,0.79922,0.58472,0.81172,0.53056,0.78828,0.58750,0.77812,0.61806,0.81953,0.62361,0.82266,0.58889,0.80156,0.62083,0.78906,0.64306,0.60669,0.83774,0.9997,0.76051,1.00000,0.9073,0.77712,0.72488,0.9977,0.69971,0.71697,0.75313,0.72917,120.65,0.9961,live,0.1166,0.0960,67.48,702.68
155931.063942,80.0,0.4114,3,3,0,0.77109,0.72500,0.75234,0.66667,0.74766,0.60694,0.76797,0.57083,0.79609,0.55556,0.77344,0.53889,0.78438,0.48611,0.77344,0.53611,0.76875,0.57361,0.79922,0.55556,0.81484,0.49861,0.79531,0.55278,0.78750,0.58472,0.82109,0.58333,0.83594,0.53472,0.81172,0.58472,0.79922,0.61667,0.83984,0.62361,0.84531,0.58889,0.82422,0.61806,0.81094,0.63889,0.60695,0.83391,0.9997,0.75570,1.00000,0.9034,0.78278,0.72517,0.9976,0.71399,0.71858,0.77109,0.72500,120.05,0.9965,live,0.1166,0.1066,75.11,704.79
155931.131154,80.0,0.5010,3,3,0,0.77812,0.71944,0.76250,0.65972,0.76172,0.60000,0.78281,0.56528,0.81016,0.55000,0.78906,0.53333,0.80078,0.48194,0.78828,0.53194,0.78125,0.56944,0.81328,0.55278,0.82891,0.49583,0.80859,0.55000,0.80000,0.58056,0.83437,0.58333,0.85000,0.53056,0.82500,0.58194,0.81172,0.61389,0.85156,0.62361,0.85859,0.58750,0.83672,0.61389,0.82188,0.63472,0.60696,0.83531,0.9997,0.75308,1.00000,0.9024,0.79025,0.72556,0.9976,0.72682,0.71875,0.77812,0.71944,120.64,0.9958,live,0.1166,0.1263,89.30,707.08
155931.197387,80.0,0.5893,3,3,0,0.78516,0.71389,0.76875,0.65556,0.76719,0.59583,0.78984,0.55694,0.81797,0.54028,0.79375,0.52778,0.80625,0.47639,0.79531,0.52500,0.78984,0.56111,0.81875,0.54583,0.83437,0.48889,0.81719,0.54028,0.80781,0.57083,0.83984,0.57500,0.85703,0.52222,0.83203,0.57361,0.81875,0.60694,0.85625,0.61667,0.86406,0.57778,0.84219,0.60556,0.82656,0.62778,0.60897,0.83502,0.9997,0.75282,1.00000,0.9011,0.79609,0.72550,0.9976,0.73848,0.71778,0.78516,0.71389,120.03,0.9959,live,0.1217,0.1448,102.61,708.65
155931.263956,80.0,0.6781,3,3,0,0.78750,0.70972,0.77187,0.65278,0.77031,0.59306,0.79141,0.55417,0.81953,0.53472,0.79688,0.52500,0.80937,0.47361,0.79766,0.52222,0.79219,0.55833,0.82109,0.54306,0.83672,0.48611,0.81953,0.53889,0.81094,0.56944,0.84141,0.57222,0.85859,0.51944,0.83516,0.57083,0.82109,0.60278,0.85859,0.61250,0.86719,0.57361,0.84609,0.60278,0.83047,0.62500,0.60893,0.83377,0.9997,0.75276,1.00000,0.8980,0.79916,0.71410,0.9976,0.74829,0.71617,0.78750,0.70972,119.22,0.9947,live,0.1282,0.1576,111.79,709.45
155931.331085,80.0,0.7676,3,3,0,0.78750,0.70833,0.77187,0.65139,0.76953,0.59167,0.79141,0.55139,0.81953,0.53056,0.79766,0.52222,0.80859,0.47222,0.79844,0.52083,0.79297,0.55556,0.82188,0.54028,0.83594,0.48611,0.81797,0.54028,0.81016,0.56806,0.84219,0.56944,0.85859,0.51806,0.83437,0.57083,0.82031,0.60139,0.85938,0.60972,0.86719,0.57361,0.84531,0.60417,0.83047,0.62500,0.60958,0.83368,0.9997,0.75250,1.00000,0.8985,0.80080,0.71419,0.9977,0.75613,0.71460,0.78750,0.70833,120.16,0.9954,live,0.1343,0.1622,115.28,710.83
155931.397396,80.0,0.8560,3,3,0,0.78516,0.70972,0.76875,0.65417,0.76641,0.59444,0.78750,0.55417,0.81563,0.53472,0.79453,0.52639,0.80547,0.47500,0.79531,0.52361,0.78984,0.55833,0.81875,0.54306,0.83359,0.48750,0.81641,0.54167,0.80703,0.57222,0.83984,0.57222,0.85547,0.51944,0.83203,0.57222,0.81797,0.60417,0.85781,0.61111,0.86562,0.57500,0.84375,0.60417,0.82812,0.62639,0.60951,0.83493,0.9997,0.75294,1.00000,0.8978,0.80194,0.70924,0.9977,0.76194,0.71362,0.78516,0.70972,119.61,0.9938,live,0.1343,0.1567,111.52,711.65
155931.463944,80.0,0.9447,3,3,0,0.77969,0.71667,0.76094,0.65833,0.75859,0.59861,0.77969,0.55972,0.80703,0.54306,0.78516,0.53056,0.79609,0.47778,0.78672,0.52778,0.78125,0.56389,0.80937,0.54722,0.82500,0.48750,0.80781,0.54306,0.79922,0.57639,0.83125,0.57639,0.84453,0.52361,0.82266,0.57639,0.81016,0.60833,0.84922,0.61528,0.85547,0.57917,0.83516,0.60694,0.82031,0.62917,0.60950,0.83524,0.9997,0.75542,1.00000,0.8979,0.80042,0.70013,0.9977,0.76549,0.71423,0.77969,0.71667,119.82,0.9930,live,0.1343,0.1422,101.35,712.52
155931.531415,80.0,0.0347,3,1,1,0.76641,0.71667,0.74766,0.65972,0.74141,0.60000,0.75781,0.55833,0.78438,0.54167,0.76719,0.53333,0.77656,0.47778,0.76484,0.53194,0.76094,0.56667,0.79141,0.55000,0.80625,0.49028,0.78750,0.55000,0.78047,0.57917,0.81406,0.57639,0.82812,0.52222,0.80391,0.57639,0.79219,0.60833,0.83281,0.61389,0.83828,0.57778,0.81641,0.60694,0.80234,0.62917,0.60954,0.83567,0.9997,0.75527,1.00000,0.8987,0.79379,0.70824,0.9978,0.76567,0.71472,0.76641,0.71667,117.74,0.9946,live,0.1343,0.1187,84.50,711.79
155931.597009,80.0,0.1221,3,1,1,0.74687,0.70278,0.72656,0.64444,0.71797,0.58611,0.73438,0.54583,0.75938,0.52917,0.74687,0.51528,0.75000,0.45972,0.73906,0.51528,0.73672,0.55278,0.77109,0.52917,0.77812,0.47083,0.76016,0.53194,0.75547,0.56389,0.79297,0.55694,0.80000,0.50278,0.77656,0.56111,0.76797,0.59306,0.81250,0.59444,0.81172,0.55694,0.78984,0.59028,0.77969,0.61250,0.60951,0.83568,0.9997,0.75540,1.00000,0.8974,0.78393,0.70499,0.9978,0.76191,0.71233,0.74687,0.70278,119.98,0.9967,live,0.1269,0.0930,66.31,712.76
155931.663921,80.0,0.2113,3,1,1,0.72656,0.67083,0.70312,0.61250,0.69453,0.55278,0.70937,0.50972,0.73125,0.49306,0.72188,0.47778,0.72188,0.42500,0.71172,0.47778,0.70937,0.51389,0.74453,0.49167,0.74844,0.43194,0.73359,0.48889,0.72891,0.52222,0.76562,0.51667,0.77031,0.45972,0.75000,0.51389,0.74297,0.54861,0.78594,0.55417,0.78281,0.51389,0.76250,0.54583,0.75313,0.57222,0.60976,0.83353,0.9997,0.75424,1.00000,0.8969,0.76664,0.67386,0.9978,0.75484,0.70403,0.72656,0.67083,120.54,0.9959,live,0.1209,0.0938,66.99,714.02
155931.730934,80.0,0.3007,3,1,1,0.70703,0.62083,0.68203,0.56250,0.67031,0.50556,0.68047,0.45972,0.70156,0.44306,0.69453,0.43333,0.69219,0.37361,0.68281,0.42500,0.68203,0.45972,0.71641,0.44306,0.71797,0.38194,0.70391,0.43750,0.70234,0.46806,0.73750,0.46528,0.74062,0.40556,0.72266,0.45972,0.71797,0.49306,0.75859,0.49861,0.75469,0.45556,0.73672,0.48889,0.72969,0.51528,0.60523,0.82107,0.9997,0.74832,0.99181,0.8975,0.74277,0.63256,0.9979,0.74528,0.68739,0.70703,0.62083,117.26,0.9935,live,0.1129,0.0766,54.62,712.76
155931.797399,80.0,0.3893,3,1,1,0.69141,0.57083,0.66406,0.50833,0.65234,0.44861,0.66172,0.39861,0.68203,0.37083,0.67188,0.38333,0.66797,0.32500,0.66016,0.36944,0.66172,0.40417,0.69297,0.39028,0.69375,0.32222,0.68125,0.37500,0.68047,0.40972,0.71406,0.40694,0.71406,0.34444,0.69688,0.39722,0.69453,0.43194,0.73516,0.43750,0.72734,0.38889,0.71016,0.42361,0.70469,0.45417,0.60217,0.82083,0.9997,0.74185,0.94409,0.8989,0.71627,0.57321,0.9980,0.73450,0.66408,0.69141,0.57083,117.09,0.9939,live,0.1065,0.0769,54.75,711.54
155931.863882,80.0,0.4780,3,1,1,0.67812,0.52222,0.65000,0.45972,0.63672,0.40139,0.64219,0.35000,0.66016,0.31667,0.65391,0.34028,0.65000,0.27917,0.64609,0.32500,0.64766,0.35972,0.67422,0.34444,0.67656,0.27639,0.66641,0.32778,0.66406,0.36528,0.69531,0.35833,0.69531,0.29583,0.68047,0.34722,0.67734,0.38472,0.71562,0.38333,0.70859,0.33333,0.69297,0.36806,0.68672,0.40139,0.60227,0.82101,0.9996,0.73847,0.91411,0.8993,0.69457,0.51425,0.9979,0.72323,0.63571,0.67812,0.52222,114.63,0.9844,live,0.1065,0.1121,79.42,708.68
155931.931105,80.0,0.5676,3,1,1,0.66797,0.47500,0.63906,0.42361,0.62500,0.36667,0.62813,0.31528,0.64453,0.27639,0.64141,0.30833,0.63750,0.24583,0.63125,0.28472,0.63438,0.31944,0.66172,0.30833,0.66172,0.24167,0.65078,0.28750,0.65000,0.32222,0.68203,0.31944,0.67969,0.25556,0.66563,0.30278,0.66406,0.34028,0.70234,0.34028,0.69141,0.29722,0.67734,0.33194,0.67500,0.36250,0.60254,0.82111,0.9996,0.73766,0.88847,0.9017,0.68671,0.47206,0.9979,0.71218,0.60357,0.66797,0.47500,108.21,0.9870,live,0.1143,0.1501,105.32,701.55
155931.997642,80.0,0.6563,3,1,1,0.66016,0.45278,0.63203,0.40139,0.61875,0.34444,0.62109,0.29167,0.63672,0.25417,0.63672,0.29028,0.63438,0.22917,0.62734,0.26389,0.62891,0.29722,0.65469,0.29167,0.65547,0.22639,0.64375,0.26944,0.64297,0.30556,0.67344,0.30139,0.67188,0.23611,0.65703,0.27778,0.65391,0.31806,0.69219,0.31944,0.68281,0.27222,0.66797,0.30139,0.66328,0.33611,0.60314,0.82253,0.9996,0.73711,0.87732,0.9057,0.68094,0.45723,0.9980,0.70177,0.57341,0.66016,0.45278,103.86,0.9839,live,0.1277,0.1886,130.54,692.14
155932.064163,80.0,0.7450,3,1,1,0.65391,0.44583,0.62813,0.39722,0.61562,0.34028,0.61719,0.28750,0.63125,0.25000,0.63438,0.28472,0.63203,0.22361,0.62344,0.25556,0.62500,0.29028,0.65078,0.28611,0.65156,0.21944,0.63906,0.25972,0.63906,0.29583,0.66875,0.29583,0.66641,0.23333,0.65156,0.27500,0.65000,0.31389,0.68750,0.31389,0.67734,0.26944,0.66250,0.29722,0.66016,0.32917,0.60318,0.82258,0.9996,0.73492,0.86997,0.9064,0.67736,0.44646,0.9980,0.69220,0.54789,0.65391,0.44583,102.30,0.9882,live,0.1449,0.2234,152.55,682.74
155932.131163,80.0,0.8343,3,1,1,0.65391,0.45417,0.62656,0.40556,0.61328,0.34722,0.61562,0.29583,0.63281,0.25972,0.63125,0.29444,0.62734,0.23333,0.62109,0.27083,0.62422,0.30417,0.64844,0.29583,0.64766,0.22917,0.63594,0.27361,0.63750,0.30972,0.66719,0.30556,0.66328,0.24028,0.64844,0.28472,0.64844,0.32500,0.68672,0.32222,0.67422,0.27500,0.66016,0.30694,0.65859,0.34028,0.60320,0.82055,0.9996,0.73471,0.86294,0.9098,0.67468,0.45762,0.9980,0.68454,0.52915,0.65391,0.45417,102.61,0.9873,live,0.1640,0.2508,169.22,674.69
155932.197283,80.0,0.9225,3,1,1,0.65312,0.47361,0.62656,0.42639,0.61328,0.36806,0.61406,0.31806,0.62969,0.28333,0.63281,0.31250,0.62969,0.25139,0.62109,0.29306,0.62266,0.32778,0.65078,0.31528,0.64922,0.24861,0.63594,0.29444,0.63672,0.33056,0.66953,0.32639,0.66406,0.26389,0.64844,0.30972,0.64766,0.34861,0.68828,0.34583,0.67500,0.30139,0.66016,0.33333,0.65781,0.36806,0.60337,0.81992,0.9996,0.73005,0.86944,0.9090,0.67599,0.46562,0.9980,0.67826,0.51804,0.65312,0.47361,102.57,0.9823,live,0.1792,0.2486,165.96,667.58
155932.264338,80.0,0.0119,3,2,0,0.65234,0.50833,0.62656,0.46250,0.61172,0.40556,0.61328,0.35694,0.63125,0.32778,0.63281,0.34722,0.62578,0.28611,0.61797,0.33056,0.62109,0.36667,0.65156,0.35000,0.64766,0.28472,0.63438,0.33611,0.63594,0.37083,0.67109,0.36250,0.66328,0.30278,0.64766,0.35139,0.64844,0.38889,0.69141,0.38333,0.67734,0.33889,0.66094,0.37222,0.66016,0.40556,0.60296,0.82175,0.9996,0.73014,0.90859,0.9089,0.67452,0.50469,0.9980,0.67307,0.51610,0.65234,0.50833,103.75,0.9891,live,0.1889,0.2327,154.12,662.17
155932.331250,80.0,0.1011,3,2,0,0.65156,0.55139,0.62656,0.50694,0.61172,0.45139,0.61328,0.40694,0.63203,0.38333,0.63672,0.37778,0.62891,0.32500,0.61953,0.37222,0.62187,0.40694,0.65625,0.38472,0.65078,0.32500,0.63672,0.37778,0.63672,0.41389,0.67656,0.40278,0.66719,0.34861,0.65000,0.40139,0.64922,0.43750,0.69609,0.43056,0.67969,0.39167,0.66250,0.42500,0.66094,0.45417,0.60059,0.82322,0.9996,0.72918,0.93923,0.9084,0.67335,0.53522,0.9980,0.66877,0.52316,0.65156,0.55139,108.89,0.9949,live,0.1889,0.2054,135.76,661.11
155932.397475,80.0,0.1894,3,2,0,0.65078,0.60000,0.62656,0.55417,0.61172,0.50139,0.61250,0.45556,0.63359,0.44444,0.63828,0.42083,0.62969,0.37500,0.62031,0.42500,0.62344,0.45417,0.66094,0.43056,0.65312,0.37639,0.63750,0.43333,0.63828,0.46250,0.68125,0.45278,0.67109,0.40278,0.65234,0.45694,0.65234,0.48889,0.70000,0.48472,0.68203,0.45417,0.66406,0.48750,0.66406,0.51250,0.60056,0.82223,0.9996,0.72894,0.98697,0.9079,0.67253,0.56986,0.9980,0.66517,0.53853,0.65078,0.60000,112.07,0.9973,live,0.1889,0.1717,113.75,662.47
155932.464425,80.0,0.2787,3,2,0,0.65156,0.65000,0.62891,0.60694,0.61250,0.55417,0.61250,0.51250,0.63438,0.50417,0.64141,0.46667,0.63125,0.42639,0.62266,0.47917,0.62578,0.50556,0.66563,0.47778,0.65625,0.43194,0.64062,0.49167,0.64062,0.51806,0.68750,0.50417,0.67578,0.46250,0.65625,0.51806,0.65469,0.54722,0.70625,0.53889,0.68672,0.51944,0.66797,0.55278,0.66484,0.57500,0.60136,0.82256,0.9996,0.72627,1.00000,0.9074,0.67287,0.62075,0.9981,0.66245,0.56082,0.65156,0.65000,115.55,0.9983,live,0.1791,0.1344,89.54,666.17
155932.531623,80.0,0.3683,3,2,0,0.65703,0.69444,0.63359,0.65139,0.61562,0.59861,0.61562,0.55833,0.63906,0.55000,0.64922,0.49306,0.63359,0.46944,0.62578,0.52917,0.63203,0.55000,0.67578,0.50694,0.65859,0.47917,0.64375,0.54306,0.64766,0.56111,0.69688,0.53611,0.67969,0.51389,0.65938,0.57083,0.66172,0.59028,0.71484,0.57639,0.69297,0.57083,0.67266,0.60417,0.67109,0.61667,0.60144,0.82490,0.9996,0.72302,1.00000,0.9070,0.67372,0.67420,0.9982,0.66137,0.58755,0.65703,0.69444,124.60,0.9996,live,0.1662,0.1079,72.94,675.94
155932.597778,80.0,0.4565,3,2,0,0.66016,0.71667,0.63672,0.67083,0.61875,0.61944,0.61875,0.58056,0.64297,0.57222,0.65312,0.51528,0.63672,0.48889,0.62891,0.55278,0.63516,0.57639,0.67969,0.52917,0.66484,0.50000,0.64766,0.56667,0.65000,0.58889,0.70156,0.55833,0.68672,0.53333,0.66484,0.59167,0.66328,0.61806,0.71875,0.59861,0.69844,0.58889,0.67734,0.62083,0.67266,0.64028,0.60137,0.82481,0.9996,0.72017,1.00000,0.9077,0.67502,0.71189,0.9983,0.66113,0.61337,0.66016,0.71667,124.79,0.9995,live,0.1575,0.1176,80.54,684.67
155932.664639,80.0,0.5456,3,2,0,0.66016,0.72222,0.63672,0.67639,0.61797,0.62361,0.61797,0.58333,0.64375,0.57778,0.65859,0.51528,0.63828,0.49306,0.63047,0.55417,0.63594,0.57917,0.68516,0.52917,0.66563,0.50556,0.64922,0.57083,0.65000,0.59444,0.70547,0.55972,0.68516,0.54306,0.66484,0.59861,0.66250,0.62361,0.72188,0.60278,0.69844,0.59861,0.67734,0.62917,0.67109,0.64583,0.60122,0.82183,0.9996,0.71339,1.00000,0.9055,0.67512,0.71462,0.9983,0.66093,0.63514,0.66016,0.72222,127.76,0.9996,live,0.1527,0.1309,90.88,694.50
155932.731777,80.0,0.6351,3,2,0,0.66016,0.72083,0.63594,0.67639,0.61719,0.62361,0.61719,0.58056,0.64219,0.57361,0.65391,0.51944,0.63672,0.49028,0.62891,0.55139,0.63438,0.57778,0.68047,0.53194,0.66484,0.50278,0.64844,0.56944,0.65000,0.59306,0.70156,0.56111,0.68359,0.54028,0.66250,0.60000,0.66172,0.62361,0.71875,0.60000,0.69688,0.59444,0.67656,0.62778,0.67188,0.64444,0.60125,0.82217,0.9996,0.71338,1.00000,0.9049,0.67525,0.71556,0.9983,0.66078,0.65228,0.66016,0.72083,124.95,0.9996,live,0.1527,0.1434,100.57,701.12
155932.797931,80.0,0.7233,3,2,0,0.66016,0.71944,0.63594,0.67500,0.61641,0.62083,0.61484,0.57778,0.63984,0.57083,0.65234,0.52083,0.63594,0.48889,0.62813,0.54861,0.63281,0.57500,0.67812,0.53333,0.66406,0.49861,0.64687,0.56389,0.64766,0.59028,0.69922,0.56111,0.68203,0.53472,0.66094,0.59583,0.65938,0.62222,0.71641,0.60000,0.69531,0.58889,0.67422,0.62361,0.66953,0.64167,0.60196,0.82210,0.9996,0.71354,1.00000,0.9065,0.67525,0.71097,0.9983,0.66065,0.66571,0.66016,0.71944,122.83,0.9995,live,0.1527,0.1544,108.89,705.43
155932.864311,80.0,0.8119,3,2,0,0.66016,0.72083,0.63516,0.67361,0.61641,0.62222,0.61562,0.58056,0.63984,0.57083,0.65312,0.51528,0.63516,0.49028,0.62734,0.55000,0.63281,0.57500,0.67891,0.52778,0.66250,0.50000,0.64609,0.56528,0.64687,0.59028,0.70000,0.55694,0.68203,0.53750,0.66094,0.59583,0.65859,0.62083,0.71719,0.59722,0.69453,0.59028,0.67422,0.62361,0.66875,0.64167,0.60184,0.82187,0.9996,0.71483,1.00000,0.9055,0.67495,0.71043,0.9982,0.66055,0.67674,0.66016,0.72083,126.36,0.9995,live,0.1527,0.1640,116.76,711.76
155932.931466,80.0,0.9014,3,2,0,0.66328,0.72083,0.63906,0.67778,0.62109,0.62639,0.62109,0.58611,0.64609,0.57778,0.65781,0.52083,0.64062,0.49306,0.63203,0.55278,0.63828,0.57639,0.68359,0.53194,0.66641,0.50556,0.65078,0.56944,0.65312,0.59306,0.70391,0.55972,0.68594,0.54028,0.66719,0.59861,0.66641,0.62083,0.72109,0.59722,0.69922,0.59444,0.67969,0.62778,0.67500,0.64444,0.60185,0.82281,0.9997,0.71610,1.00000,0.9068,0.67577,0.70991,0.9982,0.66110,0.68556,0.66328,0.72083,124.07,0.9990,live,0.1527,0.1481,106.03,715.68
155932.997654,80.0,0.9896,3,2,0,0.67422,0.72500,0.64922,0.67917,0.63125,0.62778,0.63438,0.58750,0.65938,0.57917,0.66484,0.53333,0.65078,0.49861,0.64375,0.55694,0.64844,0.58333,0.69063,0.54583,0.67891,0.50694,0.66328,0.57083,0.66328,0.59722,0.71172,0.57222,0.69922,0.54167,0.67969,0.60000,0.67812,0.62639,0.73047,0.60972,0.71406,0.59444,0.69375,0.62639,0.68750,0.64583,0.60377,0.82288,0.9997,0.72627,1.00000,0.9055,0.68599,0.72127,0.9981,0.66372,0.69344,0.67422,0.72500,119.88,0.9989,live,0.1527,0.1335,95.58,716.11
