timestamp,bpm,beat_phase,meter_beats,beat_in_bar,is_downbeat,lm_0_x,lm_0_y,lm_1_x,lm_1_y,lm_2_x,lm_2_y,lm_3_x,lm_3_y,lm_4_x,lm_4_y,lm_5_x,lm_5_y,lm_6_x,lm_6_y,lm_7_x,lm_7_y,lm_8_x,lm_8_y,lm_9_x,lm_9_y,lm_10_x,lm_10_y,lm_11_x,lm_11_y,lm_12_x,lm_12_y,lm_13_x,lm_13_y,lm_14_x,lm_14_y,lm_15_x,lm_15_y,lm_16_x,lm_16_y,lm_17_x,lm_17_y,lm_18_x,lm_18_y,lm_19_x,lm_19_y,lm_20_x,lm_20_y,right_shoulder_x,right_shoulder_y,right_shoulder_conf,right_elbow_x,right_elbow_y,right_elbow_conf,right_wrist_x,right_wrist_y,right_wrist_conf,wrist_x,wrist_y,raw_wrist_x,raw_wrist_y,hand_scale_px,confidence,tracking_mode,dynamics_intensity,dynamics_raw_intensity,dynamics_span_px,dynamics_reference_span_px
148620.707576,60.0,0.0313,2,1,1,0.70156,0.60972,0.65703,0.55000,0.64062,0.47639,0.64766,0.40833,0.65078,0.34583,0.67109,0.37917,0.66797,0.31250,0.66719,0.27222,0.66797,0.23056,0.70078,0.37361,0.70078,0.30000,0.69922,0.25694,0.69766,0.21111,0.72656,0.38750,0.73203,0.31389,0.73438,0.26944,0.73594,0.22500,0.75156,0.41667,0.76016,0.35556,0.76484,0.31667,0.76953,0.27639,0.64174,0.79917,0.9996,0.78828,1.00000,0.8921,0.71969,0.59900,0.9979,0.70125,0.59819,0.70156,0.60972,150.01,0.9825,live,0.0644,0.0413,36.65,887.48
148620.808532,60.0,0.1322,2,1,1,0.69766,0.65972,0.65625,0.60000,0.64062,0.53333,0.64453,0.46944,0.64766,0.40972,0.67031,0.42639,0.66875,0.36667,0.66563,0.33194,0.66406,0.29306,0.70078,0.42361,0.70000,0.35556,0.69688,0.31806,0.69141,0.27361,0.72500,0.44028,0.73203,0.37361,0.73125,0.33472,0.73047,0.29583,0.75000,0.47639,0.75938,0.41806,0.76406,0.38333,0.76719,0.34444,0.64408,0.80304,0.9996,0.78112,1.00000,0.8883,0.71918,0.65262,0.9978,0.70053,0.61050,0.69766,0.65972,149.46,0.9919,live,0.0572,0.0248,22.02,888.60
148620.874520,60.0,0.1982,2,1,1,0.69766,0.70417,0.65703,0.64306,0.64297,0.57639,0.64687,0.51250,0.65000,0.45417,0.67109,0.47083,0.66953,0.41250,0.66641,0.37778,0.66484,0.34028,0.70156,0.47222,0.70234,0.40833,0.69922,0.37500,0.69453,0.33889,0.72656,0.48889,0.73359,0.42639,0.73359,0.39028,0.73359,0.35417,0.75234,0.52500,0.76172,0.47083,0.76797,0.43750,0.77266,0.40139,0.64418,0.81292,0.9996,0.78176,1.00000,0.8820,0.71966,0.69665,0.9978,0.69996,0.62923,0.69766,0.70417,149.08,0.9912,live,0.0519,0.0276,24.52,889.31
148620.941211,60.0,0.2649,2,1,1,0.70156,0.74583,0.66094,0.68750,0.64453,0.62222,0.64922,0.55972,0.65156,0.50417,0.67344,0.51667,0.67344,0.46250,0.67188,0.43056,0.67031,0.39861,0.70547,0.51944,0.70703,0.45833,0.70469,0.42778,0.69922,0.39167,0.73047,0.54028,0.73984,0.48194,0.74062,0.44861,0.73984,0.41806,0.75547,0.57917,0.76719,0.53056,0.77344,0.49861,0.77734,0.46389,0.64574,0.82022,0.9996,0.78184,1.00000,0.8783,0.72966,0.76049,0.9974,0.70028,0.65255,0.70156,0.74583,146.15,0.9927,live,0.0519,0.0465,41.27,887.82
148621.008497,60.0,0.3322,2,1,1,0.70625,0.78333,0.66406,0.72917,0.64531,0.66250,0.65156,0.60278,0.65625,0.54861,0.67734,0.55972,0.67656,0.50417,0.67500,0.47361,0.67422,0.44722,0.70937,0.56111,0.71172,0.50278,0.71016,0.47361,0.70625,0.44583,0.73594,0.58333,0.74609,0.52917,0.74766,0.49861,0.74766,0.46944,0.76094,0.62361,0.77422,0.57917,0.78125,0.55278,0.78672,0.52222,0.64611,0.82100,0.9996,0.77456,1.00000,0.8774,0.73604,0.79631,0.9972,0.70147,0.67871,0.70625,0.78333,144.09,0.9938,live,0.0519,0.0679,60.08,885.02
148621.074244,60.0,0.3979,2,1,1,0.70859,0.80556,0.66719,0.75417,0.64687,0.68889,0.65312,0.63056,0.65781,0.57500,0.68047,0.59167,0.67969,0.53750,0.67891,0.50972,0.67891,0.48889,0.71172,0.59444,0.71484,0.53472,0.71484,0.50833,0.71328,0.48472,0.73906,0.61806,0.74844,0.56389,0.75156,0.53472,0.75313,0.50972,0.76328,0.65833,0.77656,0.61528,0.78438,0.58889,0.79141,0.56111,0.64601,0.82565,0.9996,0.76983,1.00000,0.8758,0.73976,0.83703,0.9971,0.70290,0.70408,0.70859,0.80556,138.40,0.9960,live,0.0586,0.0892,78.40,878.47
148621.141193,60.0,0.4649,2,1,1,0.70859,0.81806,0.66641,0.77222,0.64609,0.70556,0.65156,0.64722,0.65781,0.59306,0.68281,0.60694,0.68125,0.55278,0.68047,0.52639,0.67891,0.51250,0.71406,0.60972,0.71719,0.54722,0.71641,0.52083,0.71250,0.50833,0.74062,0.63472,0.75000,0.57778,0.75313,0.54722,0.75391,0.53194,0.76406,0.67639,0.77656,0.63333,0.78516,0.60556,0.79219,0.58333,0.64441,0.82944,0.9996,0.76668,1.00000,0.8706,0.74176,0.85098,0.9970,0.70404,0.72687,0.70859,0.81806,136.34,0.9965,live,0.0677,0.1089,94.87,871.22
148621.208108,60.0,0.5318,2,1,1,0.70859,0.82917,0.66641,0.78194,0.64531,0.71667,0.65078,0.65972,0.65781,0.60556,0.68281,0.61528,0.68125,0.56250,0.68047,0.53750,0.67891,0.52639,0.71406,0.61806,0.71797,0.55694,0.71719,0.53194,0.71250,0.52083,0.74141,0.64306,0.75156,0.58750,0.75391,0.55972,0.75313,0.54722,0.76484,0.68611,0.77812,0.64306,0.78594,0.61667,0.79063,0.59722,0.64166,0.83113,0.9996,0.77838,1.00000,0.8682,0.74140,0.85084,0.9970,0.70495,0.74733,0.70859,0.82917,138.01,0.9964,live,0.0783,0.1266,109.64,866.04
148621.274705,60.0,0.5984,2,1,1,0.70703,0.83611,0.66563,0.78750,0.64453,0.72222,0.65078,0.66528,0.65859,0.61111,0.68359,0.62361,0.68281,0.56806,0.68125,0.54444,0.67891,0.53750,0.71484,0.62639,0.71953,0.56389,0.71797,0.53750,0.71250,0.52917,0.74141,0.65139,0.75234,0.59444,0.75391,0.56667,0.75234,0.55833,0.76406,0.69306,0.77891,0.65139,0.78672,0.62500,0.79141,0.60694,0.64009,0.83188,0.9996,0.77314,1.00000,0.8629,0.74124,0.85497,0.9969,0.70536,0.76509,0.70703,0.83611,137.00,0.9967,live,0.0894,0.1398,120.36,860.76
148621.341286,60.0,0.6650,2,1,1,0.70781,0.84167,0.66641,0.79306,0.64375,0.72778,0.64922,0.67222,0.65859,0.61944,0.68437,0.62917,0.68281,0.57361,0.68125,0.55000,0.67969,0.54583,0.71562,0.63333,0.72031,0.56944,0.71953,0.54583,0.71484,0.54028,0.74219,0.65972,0.75313,0.60139,0.75469,0.57361,0.75313,0.56667,0.76562,0.70417,0.77891,0.65972,0.78672,0.63333,0.79297,0.61806,0.64053,0.83115,0.9996,0.76446,1.00000,0.8683,0.74141,0.88042,0.9969,0.70585,0.78040,0.70781,0.84167,136.76,0.9947,live,0.0990,0.1432,122.56,855.93
148621.408418,60.0,0.7321,2,1,1,0.70703,0.84444,0.66563,0.79583,0.64453,0.73056,0.65000,0.67639,0.66016,0.62361,0.68437,0.63333,0.68359,0.57639,0.68281,0.55556,0.68125,0.55278,0.71562,0.63750,0.72109,0.57500,0.72031,0.55139,0.71562,0.54583,0.74219,0.66389,0.75313,0.60694,0.75547,0.58056,0.75391,0.57500,0.76641,0.70833,0.77891,0.66667,0.78672,0.64028,0.79219,0.62500,0.64061,0.83314,0.9996,0.76347,1.00000,0.8623,0.74153,0.87845,0.9967,0.70609,0.79321,0.70703,0.84444,136.56,0.9953,live,0.1091,0.1548,131.79,851.54
148621.474802,60.0,0.7985,2,1,1,0.70859,0.84444,0.66641,0.79861,0.64453,0.73194,0.65156,0.67639,0.66016,0.62361,0.68516,0.63472,0.68437,0.57778,0.68359,0.55694,0.68359,0.55556,0.71641,0.63889,0.72109,0.57639,0.72109,0.55278,0.71719,0.54583,0.74297,0.66528,0.75391,0.60833,0.75625,0.58194,0.75547,0.57500,0.76719,0.70833,0.78047,0.66667,0.78906,0.64028,0.79453,0.62361,0.64064,0.83645,0.9996,0.76308,1.00000,0.8549,0.74387,0.89332,0.9964,0.70659,0.80346,0.70859,0.84444,135.83,0.9955,live,0.1091,0.1286,108.95,847.15
148621.541513,60.0,0.8652,2,1,1,0.70859,0.84444,0.66641,0.79583,0.64531,0.73056,0.65234,0.67500,0.66094,0.62222,0.68516,0.63333,0.68437,0.57917,0.68437,0.55833,0.68516,0.55139,0.71641,0.63889,0.72109,0.57639,0.72109,0.55417,0.71797,0.54306,0.74375,0.66389,0.75469,0.60833,0.75703,0.58194,0.75625,0.57361,0.76719,0.70833,0.77969,0.66667,0.78828,0.64028,0.79531,0.62222,0.64066,0.83834,0.9996,0.76319,1.00000,0.8600,0.74411,0.88913,0.9965,0.70699,0.81166,0.70859,0.84444,136.19,0.9963,live,0.1091,0.1138,95.98,843.55
148621.608992,60.0,0.9327,2,1,1,0.70937,0.83889,0.66719,0.79167,0.64609,0.72778,0.65156,0.67222,0.66094,0.62083,0.68437,0.63194,0.68359,0.57639,0.68437,0.55278,0.68516,0.54444,0.71562,0.63611,0.72109,0.57500,0.72109,0.55000,0.71953,0.53750,0.74297,0.66111,0.75313,0.60417,0.75625,0.57639,0.75703,0.56667,0.76719,0.70278,0.78047,0.65972,0.78906,0.63194,0.79609,0.61389,0.64056,0.83951,0.9996,0.75972,1.00000,0.8631,0.74415,0.88759,0.9966,0.70747,0.81710,0.70937,0.83889,134.76,0.9953,live,0.1091,0.0972,81.59,839.35
148621.674864,60.0,0.9985,2,1,1,0.70859,0.82917,0.66641,0.78472,0.64531,0.72083,0.65234,0.66389,0.66016,0.61111,0.68359,0.62500,0.68359,0.56944,0.68359,0.54444,0.68359,0.53333,0.71562,0.62778,0.72031,0.56806,0.72031,0.54167,0.71719,0.52917,0.74297,0.65278,0.75313,0.59583,0.75625,0.56806,0.75703,0.55694,0.76562,0.69444,0.77969,0.65000,0.78906,0.62361,0.79531,0.60417,0.64056,0.83955,0.9996,0.76242,1.00000,0.8686,0.74398,0.88394,0.9967,0.70769,0.81952,0.70859,0.82917,133.35,0.9955,live,0.1039,0.0801,66.87,834.64
148621.741664,60.0,0.0653,2,2,0,0.70937,0.81528,0.66719,0.77083,0.64609,0.70417,0.65234,0.64722,0.65938,0.59583,0.68516,0.60417,0.68359,0.54861,0.68281,0.52500,0.68125,0.51389,0.71641,0.60833,0.72031,0.54861,0.71875,0.52361,0.71484,0.50972,0.74375,0.63472,0.75313,0.57778,0.75625,0.55139,0.75703,0.53611,0.76641,0.67639,0.78125,0.63194,0.79063,0.60556,0.79844,0.58333,0.64105,0.83728,0.9996,0.76246,1.00000,0.8620,0.74397,0.87407,0.9963,0.70803,0.81867,0.70937,0.81528,136.12,0.9947,live,0.0964,0.0626,52.12,832.49
148621.808756,60.0,0.1324,2,2,0,0.70937,0.79167,0.66641,0.74306,0.64531,0.67500,0.65391,0.61667,0.65938,0.56528,0.68281,0.57639,0.68203,0.52222,0.68203,0.49583,0.68125,0.47500,0.71562,0.57917,0.71797,0.52083,0.71797,0.49444,0.71562,0.47361,0.74297,0.60278,0.75234,0.54722,0.75625,0.51806,0.75781,0.49861,0.76719,0.64167,0.78203,0.60000,0.79141,0.57500,0.79922,0.54861,0.64028,0.83330,0.9996,0.76249,1.00000,0.8635,0.74440,0.83403,0.9962,0.70830,0.81327,0.70937,0.79167,140.15,0.9922,live,0.0876,0.0472,39.37,833.50
148621.875040,60.0,0.1987,2,2,0,0.70781,0.76111,0.66484,0.71111,0.64531,0.64167,0.65234,0.58194,0.65703,0.52917,0.68125,0.54028,0.68047,0.48611,0.67969,0.45556,0.67891,0.42778,0.71328,0.54306,0.71562,0.48611,0.71484,0.45694,0.71172,0.43056,0.73984,0.56667,0.74922,0.51250,0.75234,0.48056,0.75469,0.45139,0.76484,0.60694,0.77969,0.56528,0.78906,0.53750,0.79688,0.50833,0.64205,0.83262,0.9996,0.76239,1.00000,0.8723,0.74114,0.78896,0.9964,0.70820,0.80284,0.70781,0.76111,142.47,0.9942,live,0.0779,0.0339,28.33,836.06
148621.941700,60.0,0.2654,2,2,0,0.70469,0.72639,0.66172,0.67361,0.64375,0.60417,0.65078,0.54306,0.65547,0.48750,0.67969,0.50278,0.67734,0.44722,0.67656,0.41389,0.67656,0.38194,0.71094,0.50556,0.71250,0.44306,0.71094,0.40972,0.70781,0.37917,0.73828,0.52778,0.74766,0.46944,0.75000,0.43333,0.75156,0.40000,0.76250,0.56806,0.77656,0.52222,0.78594,0.49167,0.79375,0.45833,0.64547,0.82737,0.9997,0.77451,1.00000,0.8804,0.73512,0.75321,0.9966,0.70750,0.78755,0.70469,0.72639,143.80,0.9935,live,0.0689,0.0276,23.19,839.27
148622.008580,60.0,0.3323,2,2,0,0.70234,0.68750,0.65859,0.63333,0.64062,0.56111,0.64844,0.49861,0.65312,0.44028,0.67656,0.46389,0.67500,0.40417,0.67344,0.36806,0.67266,0.33333,0.70859,0.46528,0.70937,0.39861,0.70703,0.36111,0.70391,0.32639,0.73516,0.48472,0.74297,0.42222,0.74453,0.38194,0.74609,0.34444,0.76016,0.52083,0.77266,0.47083,0.78125,0.43889,0.78750,0.40556,0.64573,0.82347,0.9997,0.77860,1.00000,0.8764,0.73128,0.70578,0.9968,0.70647,0.76754,0.70234,0.68750,145.03,0.9897,live,0.0689,0.0445,37.50,842.98
148622.075018,60.0,0.3987,2,2,0,0.69922,0.64722,0.65469,0.59028,0.63750,0.51806,0.64531,0.45417,0.65000,0.39444,0.67188,0.42083,0.66953,0.36111,0.66875,0.32361,0.66875,0.28472,0.70391,0.42083,0.70391,0.35278,0.70156,0.31250,0.69766,0.27222,0.72969,0.43889,0.73750,0.37222,0.73906,0.33056,0.73906,0.28750,0.75469,0.47361,0.76641,0.42083,0.77422,0.38750,0.78047,0.35000,0.64577,0.82152,0.9996,0.77812,1.00000,0.8715,0.72134,0.64846,0.9965,0.70502,0.74347,0.69922,0.64722,146.55,0.9841,live,0.0689,0.0648,54.91,847.34
148622.141617,60.0,0.4653,2,2,0,0.69453,0.60833,0.65078,0.55139,0.63359,0.47917,0.64062,0.41250,0.64453,0.35278,0.66719,0.38056,0.66406,0.31806,0.66250,0.27778,0.66250,0.23889,0.69844,0.37917,0.69766,0.30833,0.69453,0.26528,0.69141,0.22222,0.72500,0.39722,0.73125,0.32639,0.73203,0.28194,0.73125,0.23750,0.75000,0.43194,0.76016,0.37500,0.76641,0.33750,0.77031,0.29722,0.64575,0.81816,0.9996,0.77411,1.00000,0.8662,0.71864,0.60979,0.9966,0.70292,0.71645,0.69453,0.60833,147.64,0.9882,live,0.0689,0.0875,74.53,851.95
148622.209127,60.0,0.5328,2,2,0,0.69141,0.57500,0.64687,0.51944,0.63047,0.44444,0.63594,0.37778,0.63828,0.31528,0.66250,0.34722,0.65859,0.28194,0.65703,0.24167,0.65703,0.20000,0.69375,0.34306,0.69219,0.27222,0.68906,0.22917,0.68516,0.18750,0.71953,0.35972,0.72578,0.28611,0.72500,0.24167,0.72344,0.19861,0.74375,0.39167,0.75313,0.33333,0.75859,0.29583,0.76172,0.25556,0.64568,0.81161,0.9996,0.77798,1.00000,0.8645,0.71314,0.57354,0.9967,0.70062,0.68816,0.69141,0.57500,148.00,0.9868,live,0.0765,0.1110,95.09,856.28
148622.275145,60.0,0.5988,2,2,0,0.68828,0.55556,0.64297,0.49722,0.62578,0.42222,0.63047,0.35556,0.63281,0.29306,0.65781,0.32917,0.65391,0.26250,0.65234,0.21944,0.65156,0.17639,0.68750,0.32500,0.68594,0.24861,0.68281,0.20278,0.67812,0.15833,0.71250,0.33889,0.71719,0.26111,0.71641,0.21250,0.71484,0.16806,0.73594,0.36806,0.74453,0.30694,0.74844,0.26667,0.75156,0.22639,0.64802,0.80646,0.9996,0.77955,1.00000,0.8654,0.71104,0.55767,0.9968,0.69815,0.66164,0.68828,0.55556,146.40,0.9886,live,0.0865,0.1325,113.81,858.93
148622.342017,60.0,0.6657,2,2,0,0.68437,0.54722,0.63984,0.49167,0.62266,0.41389,0.62891,0.34444,0.63047,0.28333,0.65469,0.32083,0.64922,0.25278,0.64687,0.21111,0.64531,0.16944,0.68437,0.31389,0.68203,0.23750,0.67734,0.19167,0.67188,0.14861,0.70937,0.32778,0.71328,0.25000,0.71172,0.20278,0.70937,0.15833,0.73281,0.35694,0.74141,0.29722,0.74531,0.25694,0.74844,0.21528,0.64803,0.80478,0.9996,0.78624,1.00000,0.8737,0.71004,0.54500,0.9970,0.69540,0.63875,0.68437,0.54722,147.27,0.9804,live,0.0974,0.1470,126.73,861.89
148622.408415,60.0,0.7321,2,2,0,0.68359,0.54444,0.63906,0.48750,0.62109,0.41250,0.62578,0.34167,0.62891,0.27917,0.65234,0.31667,0.64687,0.24722,0.64297,0.20694,0.64062,0.16528,0.68125,0.31111,0.67969,0.23472,0.67500,0.19028,0.66875,0.14722,0.70625,0.32639,0.71016,0.24722,0.70859,0.20278,0.70625,0.15972,0.72969,0.35556,0.73750,0.29444,0.74219,0.25417,0.74453,0.21389,0.64493,0.80483,0.9996,0.78601,1.00000,0.8780,0.70760,0.53909,0.9971,0.69303,0.61989,0.68359,0.54444,146.99,0.9812,live,0.1092,0.1627,140.59,864.30
148622.475153,60.0,0.7988,2,2,0,0.68281,0.54444,0.63828,0.48750,0.62031,0.41250,0.62422,0.34167,0.62578,0.28056,0.65078,0.31806,0.64531,0.25000,0.64141,0.20972,0.63984,0.16806,0.67969,0.31250,0.67812,0.23611,0.67344,0.19167,0.66719,0.14583,0.70469,0.32639,0.70859,0.24861,0.70625,0.20417,0.70312,0.15972,0.72891,0.35417,0.73672,0.29306,0.74062,0.25417,0.74297,0.21250,0.64469,0.80546,0.9995,0.77888,1.00000,0.8762,0.70068,0.53812,0.9972,0.69099,0.60480,0.68281,0.54444,146.90,0.9783,live,0.1172,0.1538,133.26,866.35
148622.541938,60.0,0.8656,2,2,0,0.68203,0.54583,0.63672,0.49028,0.61875,0.41389,0.62344,0.34444,0.62578,0.28194,0.65078,0.31944,0.64453,0.25139,0.64062,0.21250,0.63828,0.17083,0.67969,0.31389,0.67734,0.23750,0.67188,0.19444,0.66563,0.14861,0.70391,0.32778,0.70703,0.25000,0.70469,0.20556,0.70156,0.16111,0.72734,0.35556,0.73438,0.29583,0.73828,0.25556,0.74062,0.21389,0.64523,0.80541,0.9995,0.77901,1.00000,0.8765,0.69879,0.53423,0.9973,0.68920,0.59301,0.68203,0.54583,146.26,0.9780,live,0.1226,0.1470,127.59,867.70
148622.608327,60.0,0.9320,2,2,0,0.68203,0.54583,0.63594,0.48889,0.61797,0.41528,0.62187,0.34444,0.62422,0.28194,0.64922,0.32083,0.64297,0.25278,0.63906,0.21250,0.63672,0.17083,0.67734,0.31528,0.67578,0.23889,0.67031,0.19444,0.66406,0.14861,0.70234,0.32778,0.70547,0.25139,0.70391,0.20556,0.70000,0.16111,0.72656,0.35417,0.73359,0.29444,0.73672,0.25417,0.73906,0.21389,0.64449,0.80480,0.9995,0.77889,1.00000,0.8777,0.69874,0.53024,0.9974,0.68777,0.58357,0.68203,0.54583,146.16,0.9791,live,0.1284,0.1549,134.60,868.81
148622.675336,60.0,0.9990,2,2,0,0.67891,0.54444,0.63438,0.49028,0.61641,0.41667,0.62031,0.34583,0.62266,0.28333,0.64687,0.31944,0.64062,0.25139,0.63672,0.21250,0.63438,0.17083,0.67500,0.31250,0.67266,0.23750,0.66797,0.19444,0.66172,0.15000,0.70000,0.32500,0.70312,0.24861,0.70078,0.20417,0.69766,0.16111,0.72344,0.35278,0.73125,0.29444,0.73438,0.25417,0.73672,0.21389,0.64617,0.80474,0.9995,0.77986,1.00000,0.8772,0.69762,0.53223,0.9974,0.68599,0.57575,0.67891,0.54444,146.10,0.9808,live,0.1284,0.1191,103.59,869.74
148622.741903,60.0,0.0656,2,1,1,0.67891,0.54722,0.63359,0.49167,0.61484,0.41667,0.61875,0.34583,0.62031,0.28333,0.64609,0.32083,0.63984,0.25417,0.63594,0.21528,0.63281,0.17361,0.67422,0.31528,0.67188,0.24028,0.66641,0.19722,0.65938,0.15139,0.69922,0.32778,0.70156,0.25139,0.69922,0.20694,0.69531,0.16389,0.72266,0.35556,0.72969,0.29583,0.73281,0.25694,0.73438,0.21667,0.64490,0.80303,0.9995,0.77905,1.00000,0.8797,0.69770,0.53366,0.9975,0.68458,0.57004,0.67891,0.54722,146.37,0.9788,live,0.1234,0.1005,87.49,870.76
148622.808760,60.0,0.1324,2,1,1,0.67812,0.54861,0.63359,0.49583,0.61484,0.42083,0.61797,0.35000,0.61953,0.28750,0.64531,0.32222,0.63828,0.25556,0.63438,0.21806,0.63125,0.17778,0.67344,0.31667,0.67031,0.24167,0.66484,0.20000,0.65859,0.15556,0.69766,0.33056,0.70078,0.25417,0.69766,0.21111,0.69375,0.16806,0.72188,0.35833,0.72813,0.30000,0.73047,0.26111,0.73125,0.22083,0.64503,0.80317,0.9995,0.77899,1.00000,0.8773,0.69601,0.53398,0.9976,0.68329,0.56576,0.67812,0.54861,146.21,0.9800,live,0.1234,0.1043,90.88,871.54
148622.875349,60.0,0.1990,2,1,1,0.67734,0.55417,0.63281,0.50000,0.61562,0.42500,0.61875,0.35556,0.61875,0.29444,0.64531,0.32778,0.63828,0.26250,0.63438,0.22500,0.63125,0.18472,0.67344,0.32222,0.66953,0.24861,0.66406,0.20694,0.65781,0.16250,0.69766,0.33611,0.70078,0.25972,0.69766,0.21667,0.69375,0.17500,0.72188,0.36389,0.72734,0.30556,0.72969,0.26806,0.73047,0.22917,0.64875,0.79360,0.9995,0.77908,1.00000,0.8763,0.69601,0.53469,0.9975,0.68210,0.56344,0.67734,0.55417,146.23,0.9791,live,0.1129,0.0652,56.84,872.24
148622.942185,60.0,0.2659,2,1,1,0.67578,0.56389,0.63203,0.50972,0.61484,0.43611,0.61719,0.36806,0.61797,0.30694,0.64531,0.33750,0.63906,0.27222,0.63516,0.23611,0.63047,0.19583,0.67266,0.33333,0.67031,0.25833,0.66406,0.21667,0.65703,0.17361,0.69766,0.34583,0.70078,0.27083,0.69766,0.22778,0.69297,0.18611,0.72109,0.37500,0.72656,0.31806,0.72891,0.28056,0.72969,0.24167,0.64416,0.79369,0.9995,0.77913,1.00000,0.8805,0.69313,0.53867,0.9975,0.68083,0.56353,0.67578,0.56389,145.55,0.9816,live,0.1016,0.0499,43.54,872.37
148623.009048,60.0,0.3327,2,1,1,0.67422,0.58056,0.63047,0.52639,0.61250,0.45278,0.61562,0.38472,0.61641,0.32361,0.64297,0.35556,0.63750,0.29028,0.63359,0.25139,0.62969,0.21250,0.67109,0.35000,0.66875,0.27778,0.66328,0.23333,0.65625,0.19028,0.69609,0.36389,0.69922,0.29167,0.69688,0.24722,0.69297,0.20417,0.71875,0.39444,0.72500,0.33750,0.72734,0.30000,0.72813,0.26250,0.64420,0.79784,0.9994,0.77674,1.00000,0.8780,0.69318,0.54995,0.9974,0.67951,0.56693,0.67422,0.58056,144.87,0.9840,live,0.0901,0.0381,33.21,871.99
148623.075500,60.0,0.3992,2,1,1,0.67031,0.60278,0.62813,0.54861,0.61094,0.47222,0.61250,0.40556,0.61250,0.34444,0.63906,0.38194,0.63516,0.31667,0.62969,0.27639,0.62344,0.23750,0.66719,0.37778,0.66484,0.30278,0.65859,0.25694,0.65000,0.21528,0.69219,0.39167,0.69531,0.31806,0.69219,0.27222,0.68672,0.22917,0.71484,0.42361,0.72188,0.36667,0.72422,0.32778,0.72422,0.28889,0.64350,0.79837,0.9994,0.77501,1.00000,0.8761,0.69339,0.57594,0.9974,0.67767,0.57410,0.67031,0.60278,142.14,0.9836,live,0.0793,0.0298,25.90,869.69
148623.142465,60.0,0.4661,2,1,1,0.66797,0.62778,0.62656,0.57222,0.61016,0.49583,0.61250,0.43056,0.61172,0.37083,0.63828,0.40556,0.63359,0.34167,0.62734,0.30556,0.62109,0.26944,0.66641,0.40278,0.66406,0.32778,0.65625,0.28472,0.64766,0.24583,0.69141,0.41806,0.69531,0.34583,0.69141,0.30139,0.68594,0.26111,0.71484,0.45139,0.72188,0.39583,0.72422,0.35833,0.72422,0.31944,0.64258,0.80306,0.9994,0.77492,1.00000,0.8758,0.69180,0.59658,0.9975,0.67573,0.58484,0.66797,0.62778,142.58,0.9876,live,0.0695,0.0251,21.79,867.99
148623.208646,60.0,0.5323,2,1,1,0.66797,0.65972,0.62734,0.60139,0.61094,0.53056,0.61328,0.46528,0.61328,0.40694,0.63828,0.43472,0.63438,0.37361,0.62891,0.33889,0.62187,0.30417,0.66719,0.43056,0.66563,0.36111,0.65859,0.32222,0.64922,0.28472,0.69141,0.44722,0.69688,0.37917,0.69375,0.33889,0.68750,0.30139,0.71562,0.48194,0.72344,0.43056,0.72578,0.39583,0.72578,0.35972,0.64402,0.80448,0.9994,0.76241,1.00000,0.8719,0.68949,0.62561,0.9975,0.67418,0.59981,0.66797,0.65972,144.47,0.9903,live,0.0633,0.0348,30.24,867.85
148623.275512,60.0,0.5992,2,1,1,0.67266,0.69722,0.62734,0.63750,0.61250,0.57083,0.61484,0.50694,0.61328,0.44583,0.63984,0.46944,0.63672,0.41250,0.63047,0.38056,0.62422,0.34583,0.67109,0.46944,0.66875,0.40556,0.66250,0.37222,0.65312,0.33333,0.69453,0.48611,0.69922,0.42639,0.69453,0.39028,0.68906,0.35833,0.71953,0.52500,0.72578,0.47361,0.72891,0.44167,0.72891,0.40694,0.64344,0.81394,0.9994,0.75954,1.00000,0.8702,0.68883,0.66399,0.9974,0.67387,0.61930,0.67266,0.69722,145.16,0.9927,live,0.0633,0.0489,42.49,868.22
148623.342218,60.0,0.6659,2,1,1,0.67109,0.73333,0.63203,0.67639,0.61641,0.60972,0.61797,0.54861,0.61797,0.49167,0.64297,0.50556,0.64062,0.45139,0.63438,0.42083,0.62813,0.39028,0.67344,0.50694,0.67344,0.44444,0.66875,0.41528,0.65938,0.38056,0.69766,0.52778,0.70469,0.46944,0.70156,0.43750,0.69688,0.40833,0.72188,0.57083,0.73125,0.52222,0.73438,0.49306,0.73516,0.46111,0.64348,0.82157,0.9994,0.75807,1.00000,0.8666,0.68961,0.70845,0.9973,0.67332,0.64210,0.67109,0.73333,144.04,0.9948,live,0.0633,0.0669,58.06,867.74
148623.409180,60.0,0.7329,2,1,1,0.67422,0.76250,0.63516,0.70694,0.61719,0.64306,0.61953,0.58333,0.62187,0.52639,0.64687,0.54167,0.64453,0.48889,0.63828,0.45972,0.63203,0.43333,0.67734,0.54444,0.67734,0.48333,0.67266,0.45556,0.66406,0.42361,0.70234,0.56806,0.70937,0.50833,0.70625,0.47639,0.70078,0.45000,0.72578,0.60972,0.73672,0.56528,0.74062,0.53611,0.74141,0.50556,0.64607,0.82698,0.9994,0.75783,1.00000,0.8595,0.68966,0.76058,0.9972,0.67350,0.66618,0.67422,0.76250,140.10,0.9958,live,0.0633,0.0866,74.82,864.49
148623.475619,60.0,0.7993,2,1,1,0.67656,0.79028,0.63750,0.73472,0.62031,0.67083,0.62422,0.61250,0.62656,0.55833,0.65156,0.57083,0.64844,0.51944,0.64375,0.49167,0.63750,0.46806,0.68125,0.57500,0.68281,0.51667,0.67812,0.48889,0.66953,0.46250,0.70703,0.60000,0.71562,0.54444,0.71328,0.51528,0.70703,0.48889,0.72969,0.64444,0.74141,0.60417,0.74609,0.57361,0.74766,0.54444,0.64685,0.82683,0.9994,0.75850,1.00000,0.8576,0.69912,0.81285,0.9972,0.67411,0.69100,0.67656,0.79028,138.65,0.9967,live,0.0712,0.1072,92.28,860.57
148623.542554,60.0,0.8662,2,1,1,0.67969,0.80556,0.64062,0.75139,0.62266,0.68750,0.62656,0.63194,0.62969,0.57917,0.65625,0.58750,0.65469,0.54028,0.65000,0.51528,0.64531,0.49306,0.68672,0.59444,0.68828,0.53611,0.68437,0.51111,0.67656,0.48889,0.71250,0.62083,0.72109,0.56528,0.71953,0.53750,0.71406,0.51806,0.73594,0.66528,0.74844,0.62500,0.75313,0.59722,0.75391,0.57222,0.64747,0.82671,0.9994,0.75645,1.00000,0.8531,0.69892,0.81547,0.9968,0.67523,0.71391,0.67969,0.80556,138.13,0.9976,live,0.0807,0.1239,106.12,856.76
148623.608884,60.0,0.9326,2,1,1,0.68125,0.81111,0.64219,0.76250,0.62344,0.69583,0.62578,0.64028,0.63203,0.58889,0.65938,0.59861,0.65703,0.54861,0.65312,0.52361,0.64844,0.50972,0.68984,0.60417,0.69141,0.54306,0.68750,0.51944,0.67969,0.50556,0.71562,0.63056,0.72500,0.57361,0.72344,0.54583,0.71719,0.53194,0.73828,0.67639,0.75234,0.63611,0.75859,0.60833,0.75938,0.58611,0.64915,0.82838,0.9994,0.75136,1.00000,0.8531,0.70589,0.82355,0.9968,0.67643,0.73335,0.68125,0.81111,135.46,0.9965,live,0.0915,0.1410,120.08,851.48
148623.675812,60.0,0.9995,2,1,1,0.68437,0.81528,0.64453,0.76528,0.62344,0.70139,0.62578,0.64583,0.63359,0.59444,0.66016,0.60417,0.65781,0.55417,0.65469,0.52917,0.65156,0.51389,0.69141,0.60833,0.69375,0.54722,0.69063,0.52222,0.68281,0.50833,0.71797,0.63472,0.72734,0.57778,0.72578,0.54861,0.71953,0.54028,0.74141,0.67917,0.75469,0.63889,0.76094,0.60972,0.76094,0.59167,0.64885,0.83131,0.9994,0.75946,1.00000,0.8533,0.71213,0.83635,0.9969,0.67802,0.74974,0.68437,0.81528,135.95,0.9965,live,0.1003,0.1403,118.88,847.18
148623.742560,60.0,0.0662,2,2,0,0.68437,0.81528,0.64453,0.76528,0.62422,0.70278,0.62734,0.64583,0.63438,0.59583,0.66094,0.60417,0.65859,0.55417,0.65547,0.53056,0.65234,0.51528,0.69219,0.60833,0.69375,0.54861,0.69141,0.52500,0.68437,0.50972,0.71797,0.63472,0.72734,0.58056,0.72656,0.55139,0.72109,0.54167,0.74219,0.67917,0.75469,0.64167,0.76094,0.61250,0.76172,0.59306,0.64885,0.83198,0.9994,0.75956,1.00000,0.8492,0.71153,0.84346,0.9968,0.67929,0.76285,0.68437,0.81528,136.06,0.9966,live,0.1074,0.1395,117.63,843.48
148623.809537,60.0,0.1332,2,2,0,0.68516,0.81528,0.64453,0.76528,0.62344,0.70278,0.62734,0.64722,0.63438,0.59306,0.66094,0.60417,0.65859,0.55556,0.65547,0.53056,0.65234,0.51389,0.69219,0.60833,0.69375,0.54722,0.69141,0.52361,0.68437,0.50833,0.71875,0.63333,0.72734,0.57639,0.72734,0.54861,0.72109,0.53889,0.74219,0.67917,0.75547,0.63889,0.76094,0.61111,0.76172,0.59167,0.64869,0.82985,0.9993,0.75578,1.00000,0.8456,0.71159,0.83876,0.9965,0.68046,0.77333,0.68516,0.81528,135.95,0.9967,live,0.1119,0.1325,111.28,840.15
148623.875855,60.0,0.1995,2,2,0,0.68359,0.81250,0.64375,0.76389,0.62344,0.70000,0.62734,0.64444,0.63281,0.59028,0.66094,0.60139,0.65859,0.55000,0.65547,0.52500,0.65234,0.50833,0.69141,0.60556,0.69297,0.54444,0.69063,0.51944,0.68359,0.50278,0.71797,0.63194,0.72656,0.57361,0.72656,0.54583,0.72109,0.53611,0.74219,0.67500,0.75547,0.63333,0.76094,0.60556,0.76094,0.58750,0.64814,0.82983,0.9993,0.74959,1.00000,0.8500,0.71140,0.84083,0.9966,0.68109,0.78117,0.68359,0.81250,136.25,0.9967,live,0.1119,0.1202,100.62,837.43
148623.942506,60.0,0.2662,2,2,0,0.68281,0.80556,0.64375,0.75694,0.62422,0.69306,0.62813,0.63750,0.63359,0.58333,0.66172,0.59444,0.65938,0.54306,0.65703,0.51806,0.65312,0.50000,0.69141,0.59861,0.69375,0.53889,0.69063,0.51389,0.68437,0.49444,0.71797,0.62639,0.72734,0.56944,0.72734,0.54028,0.72266,0.52500,0.74141,0.67083,0.75469,0.62778,0.76172,0.59861,0.76328,0.57639,0.64863,0.82651,0.9994,0.76795,1.00000,0.8518,0.71098,0.83869,0.9965,0.68143,0.78604,0.68281,0.80556,135.57,0.9969,live,0.1119,0.1041,86.90,834.55
148624.009281,60.0,0.3330,2,2,0,0.68594,0.79583,0.64531,0.74722,0.62578,0.68194,0.63047,0.62500,0.63516,0.57222,0.66250,0.58194,0.66016,0.52917,0.65781,0.50417,0.65469,0.48611,0.69375,0.58611,0.69531,0.52639,0.69219,0.50000,0.68672,0.48056,0.72031,0.61111,0.72891,0.55417,0.72891,0.52500,0.72500,0.50694,0.74375,0.65417,0.75625,0.60833,0.76406,0.57778,0.76875,0.55278,0.64826,0.82669,0.9994,0.75564,1.00000,0.8492,0.71097,0.83789,0.9965,0.68233,0.78800,0.68594,0.79583,137.63,0.9965,live,0.1070,0.0847,70.63,833.50
148624.075795,60.0,0.3995,2,2,0,0.68984,0.77778,0.64766,0.72778,0.62891,0.65972,0.63516,0.60278,0.63906,0.54861,0.66719,0.56111,0.66563,0.51111,0.66172,0.48611,0.65781,0.46528,0.69766,0.56528,0.69922,0.50833,0.69609,0.48333,0.68984,0.45833,0.72344,0.59028,0.73281,0.53472,0.73281,0.50694,0.73203,0.48472,0.74687,0.62917,0.76172,0.58472,0.77187,0.55556,0.77969,0.52639,0.64728,0.82680,0.9994,0.75695,1.00000,0.8545,0.71129,0.82702,0.9966,0.68384,0.78596,0.68984,0.77778,138.67,0.9952,live,0.0995,0.0654,54.47,833.32
148624.142757,60.0,0.4664,2,2,0,0.69297,0.75556,0.65078,0.70278,0.63281,0.63333,0.63984,0.57500,0.64375,0.52083,0.66953,0.53472,0.66875,0.48056,0.66563,0.45278,0.66250,0.43056,0.70078,0.53889,0.70391,0.47917,0.70156,0.45000,0.69609,0.42361,0.72734,0.56250,0.73672,0.50556,0.73750,0.47361,0.73672,0.44444,0.75156,0.60278,0.76719,0.55417,0.77734,0.52222,0.78594,0.49028,0.64677,0.82615,0.9994,0.77084,1.00000,0.8555,0.71529,0.79470,0.9966,0.68566,0.77988,0.69297,0.75556,141.78,0.9946,live,0.0904,0.0492,41.08,835.41
148624.209507,60.0,0.5332,2,2,0,0.69688,0.72361,0.65391,0.66944,0.63672,0.59861,0.64375,0.53750,0.64844,0.48194,0.67266,0.50139,0.67109,0.44583,0.66875,0.41528,0.66719,0.38889,0.70469,0.50278,0.70703,0.44306,0.70469,0.40972,0.70000,0.37778,0.73125,0.52500,0.74062,0.46667,0.74297,0.43194,0.74297,0.39861,0.75547,0.56250,0.77031,0.51111,0.78047,0.47917,0.78906,0.44444,0.64544,0.82621,0.9994,0.78318,1.00000,0.8590,0.71809,0.77266,0.9966,0.68791,0.76862,0.69688,0.72361,143.80,0.9944,live,0.0807,0.0361,30.32,838.69
148624.276078,60.0,0.5998,2,2,0,0.69688,0.68750,0.65469,0.63056,0.63750,0.55972,0.64609,0.49722,0.65156,0.44167,0.67344,0.46111,0.67188,0.40556,0.67109,0.37083,0.67109,0.33750,0.70547,0.46250,0.70781,0.40000,0.70703,0.36389,0.70391,0.32778,0.73203,0.48333,0.74219,0.42083,0.74375,0.38333,0.74531,0.34722,0.75703,0.51806,0.77187,0.46667,0.78125,0.43333,0.78906,0.39722,0.64252,0.81879,0.9995,0.77368,1.00000,0.8657,0.71976,0.71234,0.9969,0.68970,0.75240,0.69688,0.68750,146.74,0.9905,live,0.0723,0.0342,28.89,843.70
148624.342766,60.0,0.6664,2,2,0,0.69688,0.65278,0.65547,0.59306,0.63984,0.51944,0.64844,0.45556,0.65234,0.39583,0.67422,0.42500,0.67266,0.36667,0.67109,0.33056,0.67109,0.29444,0.70547,0.42500,0.70781,0.35833,0.70469,0.31806,0.70156,0.27917,0.73203,0.44306,0.74141,0.37639,0.74219,0.33472,0.74297,0.29583,0.75625,0.47778,0.77031,0.42222,0.77891,0.38750,0.78516,0.35000,0.64232,0.81593,0.9995,0.77196,1.00000,0.8743,0.71959,0.65396,0.9971,0.69113,0.73247,0.69688,0.65278,147.43,0.9895,live,0.0723,0.0498,42.25,848.61
148624.409261,60.0,0.7329,2,2,0,0.69844,0.62222,0.65469,0.56389,0.63906,0.48750,0.64687,0.42222,0.65078,0.36111,0.67344,0.39722,0.67109,0.33333,0.67031,0.29444,0.66953,0.25694,0.70469,0.39444,0.70547,0.32361,0.70312,0.28056,0.70000,0.24028,0.73047,0.41111,0.73828,0.34028,0.73906,0.29583,0.73906,0.25417,0.75469,0.44306,0.76719,0.38472,0.77422,0.34722,0.77969,0.30833,0.64176,0.81464,0.9995,0.76995,1.00000,0.8732,0.71958,0.62240,0.9972,0.69260,0.71042,0.69844,0.62222,146.54,0.9867,live,0.0723,0.0680,57.97,852.29
148624.475855,60.0,0.7995,2,2,0,0.69688,0.60278,0.65391,0.54444,0.63828,0.46944,0.64453,0.40417,0.64766,0.34306,0.67188,0.37639,0.66875,0.31250,0.66797,0.27361,0.66797,0.23333,0.70234,0.37361,0.70234,0.30139,0.70000,0.25694,0.69688,0.21389,0.72813,0.39028,0.73438,0.31667,0.73516,0.27083,0.73594,0.22639,0.75156,0.42222,0.76250,0.36111,0.76953,0.32222,0.77500,0.28194,0.64089,0.81144,0.9995,0.76973,1.00000,0.8765,0.71961,0.60938,0.9974,0.69345,0.68889,0.69688,0.60278,146.53,0.9845,live,0.0723,0.0854,73.09,855.51
148624.542902,60.0,0.8666,2,2,0,0.69453,0.59444,0.65312,0.53333,0.63750,0.45694,0.64375,0.38889,0.64766,0.32917,0.67031,0.36806,0.66719,0.30417,0.66563,0.26528,0.66484,0.22500,0.70000,0.36389,0.70000,0.29028,0.69844,0.24583,0.69531,0.20278,0.72500,0.37917,0.73281,0.30278,0.73438,0.25694,0.73516,0.21111,0.74844,0.40972,0.76016,0.34861,0.76719,0.30972,0.77187,0.26806,0.63862,0.81178,0.9995,0.76958,1.00000,0.8731,0.72067,0.58586,0.9974,0.69367,0.67000,0.69453,0.59444,146.58,0.9774,live,0.0774,0.1004,86.19,858.39
148624.609325,60.0,0.9330,2,2,0,0.69375,0.58750,0.65156,0.52639,0.63594,0.45139,0.64297,0.38333,0.64609,0.32361,0.66953,0.36250,0.66563,0.29861,0.66328,0.25972,0.66250,0.22083,0.69844,0.35833,0.69922,0.28611,0.69609,0.24306,0.69297,0.20000,0.72344,0.37361,0.73125,0.29861,0.73203,0.25417,0.73203,0.21111,0.74687,0.40278,0.75781,0.34444,0.76484,0.30556,0.76953,0.26389,0.63852,0.81184,0.9995,0.77020,1.00000,0.8748,0.71728,0.57776,0.9975,0.69368,0.65350,0.69375,0.58750,145.65,0.9786,live,0.0836,0.1118,96.20,860.24
148624.676074,60.0,0.9998,2,2,0,0.69531,0.58472,0.65078,0.52361,0.63438,0.45000,0.64141,0.38194,0.64531,0.31944,0.66719,0.36111,0.66328,0.29583,0.66172,0.25694,0.66094,0.21806,0.69688,0.35694,0.69766,0.28472,0.69453,0.24167,0.69141,0.19861,0.72188,0.37083,0.72969,0.29722,0.73047,0.25278,0.73047,0.20972,0.74531,0.40000,0.75625,0.34028,0.76250,0.30139,0.76797,0.25972,0.63777,0.80842,0.9995,0.77016,1.00000,0.8711,0.71859,0.58120,0.9974,0.69401,0.63975,0.69531,0.58472,145.11,0.9761,live,0.0897,0.1178,101.46,861.49
148624.743135,60.0,0.0668,2,1,1,0.69531,0.58472,0.65000,0.52361,0.63359,0.45000,0.64062,0.38194,0.64297,0.32083,0.66484,0.36111,0.66094,0.29583,0.65938,0.25833,0.65859,0.21806,0.69531,0.35694,0.69531,0.28472,0.69219,0.24167,0.68828,0.19722,0.72031,0.37083,0.72734,0.29861,0.72734,0.25417,0.72734,0.21250,0.74453,0.39861,0.75469,0.33889,0.76016,0.30139,0.76484,0.25972,0.63868,0.80162,0.9995,0.77107,1.00000,0.8780,0.71798,0.58657,0.9976,0.69427,0.62874,0.69531,0.58472,145.81,0.9805,live,0.0946,0.1171,101.04,863.10
148624.809905,60.0,0.1336,2,1,1,0.69609,0.58333,0.65000,0.52222,0.63281,0.45000,0.63984,0.38194,0.64297,0.32083,0.66563,0.36389,0.66094,0.29722,0.65938,0.25972,0.65938,0.21806,0.69453,0.35972,0.69453,0.28750,0.69219,0.24167,0.68828,0.19722,0.71953,0.37361,0.72578,0.30000,0.72656,0.25417,0.72656,0.20972,0.74375,0.39861,0.75391,0.33889,0.75859,0.30139,0.76250,0.25972,0.63789,0.79995,0.9995,0.77104,1.00000,0.8823,0.71540,0.58116,0.9977,0.69463,0.61966,0.69609,0.58333,143.29,0.9776,live,0.0946,0.1110,95.78,862.69
148624.876168,60.0,0.1998,2,1,1,0.69531,0.58472,0.64922,0.52361,0.63359,0.45000,0.64062,0.38194,0.64375,0.32222,0.66563,0.36250,0.66172,0.29861,0.66016,0.26111,0.66016,0.22083,0.69453,0.35833,0.69453,0.28611,0.69219,0.24444,0.68828,0.19861,0.71953,0.37083,0.72578,0.29861,0.72656,0.25417,0.72578,0.21111,0.74297,0.39861,0.75313,0.34028,0.75859,0.30139,0.76250,0.26111,0.63892,0.79986,0.9996,0.77197,1.00000,0.8864,0.71283,0.58281,0.9978,0.69477,0.61267,0.69531,0.58472,144.26,0.9788,live,0.0946,0.1001,86.38,863.04
148624.943236,60.0,0.2669,2,1,1,0.69609,0.58750,0.65078,0.52778,0.63438,0.45417,0.64062,0.38472,0.64375,0.32500,0.66563,0.36667,0.66172,0.30139,0.66094,0.26389,0.66016,0.22361,0.69531,0.36250,0.69531,0.29028,0.69297,0.24861,0.68906,0.20417,0.72031,0.37500,0.72656,0.30278,0.72734,0.25833,0.72734,0.21528,0.74453,0.40278,0.75391,0.34306,0.75938,0.30556,0.76328,0.26528,0.63878,0.81051,0.9996,0.78931,1.00000,0.8873,0.71228,0.58370,0.9978,0.69504,0.60764,0.69609,0.58750,144.19,0.9746,live,0.0946,0.0858,74.07,863.29
148625.009770,60.0,0.3334,2,1,1,0.69766,0.59306,0.65156,0.53194,0.63672,0.45972,0.64297,0.39167,0.64609,0.33194,0.66875,0.37500,0.66641,0.30833,0.66484,0.26944,0.66484,0.22917,0.69766,0.37222,0.69766,0.29861,0.69453,0.25694,0.69063,0.21111,0.72266,0.38472,0.72813,0.31111,0.72891,0.26806,0.72891,0.22500,0.74687,0.40972,0.75625,0.35000,0.76094,0.31250,0.76484,0.27222,0.63882,0.81070,0.9996,0.78072,1.00000,0.8825,0.71276,0.58449,0.9977,0.69556,0.60472,0.69766,0.59306,142.41,0.9737,live,0.0946,0.0704,60.66,862.23
148625.076401,60.0,0.4001,2,1,1,0.69609,0.60972,0.65391,0.54861,0.64141,0.47639,0.64687,0.40972,0.64922,0.35000,0.67031,0.38333,0.66953,0.31944,0.66797,0.28333,0.66719,0.24583,0.70078,0.38194,0.70000,0.31111,0.69766,0.27361,0.69375,0.23056,0.72422,0.39583,0.72969,0.32778,0.72969,0.28750,0.72969,0.24722,0.75000,0.42778,0.75781,0.36806,0.76250,0.33056,0.76641,0.29167,0.63887,0.81196,0.9995,0.78048,1.00000,0.8785,0.71446,0.60708,0.9977,0.69567,0.60572,0.69609,0.60972,146.34,0.9843,live,0.0874,0.0545,47.07,864.13
148625.143355,60.0,0.4670,2,1,1,0.69844,0.63333,0.65547,0.57083,0.64219,0.50139,0.65000,0.43611,0.65312,0.37639,0.67266,0.40556,0.67188,0.34444,0.67109,0.30833,0.67031,0.27222,0.70312,0.40417,0.70234,0.33333,0.70000,0.29583,0.69688,0.25278,0.72813,0.41944,0.73359,0.35139,0.73359,0.31111,0.73359,0.27083,0.75391,0.45139,0.76172,0.39306,0.76641,0.35694,0.76953,0.31806,0.63889,0.81492,0.9995,0.78032,1.00000,0.8712,0.71707,0.62545,0.9975,0.69622,0.61124,0.69844,0.63333,147.63,0.9866,live,0.0790,0.0407,35.27,866.73
148625.210515,60.0,0.5342,2,1,1,0.70078,0.66250,0.66016,0.59861,0.64687,0.53056,0.65312,0.46667,0.65625,0.40694,0.67578,0.42917,0.67344,0.37083,0.67266,0.33750,0.67344,0.30278,0.70703,0.42917,0.70781,0.36250,0.70703,0.32778,0.70469,0.28889,0.73203,0.44722,0.73984,0.38194,0.74062,0.34306,0.74062,0.30694,0.75625,0.48333,0.76641,0.42778,0.77187,0.39306,0.77578,0.35556,0.63968,0.81555,0.9995,0.78022,1.00000,0.8699,0.72166,0.66017,0.9974,0.69713,0.62150,0.70078,0.66250,149.15,0.9923,live,0.0701,0.0293,25.53,870.11
148625.276410,60.0,0.6001,2,1,1,0.70312,0.69722,0.66250,0.63056,0.65078,0.56389,0.65781,0.50139,0.66094,0.44167,0.67969,0.46389,0.68047,0.40972,0.67891,0.37639,0.67969,0.34167,0.71250,0.46528,0.71484,0.40278,0.71484,0.37361,0.71172,0.33611,0.73672,0.48333,0.74609,0.42361,0.74766,0.38889,0.74844,0.35694,0.76094,0.52361,0.77266,0.46944,0.77969,0.43472,0.78438,0.39861,0.64009,0.81544,0.9996,0.78017,1.00000,0.8660,0.72163,0.67689,0.9974,0.69833,0.63664,0.70312,0.69722,148.97,0.9923,live,0.0623,0.0270,23.56,872.95
148625.343290,60.0,0.6670,2,1,1,0.70703,0.72500,0.66563,0.66250,0.65312,0.59444,0.66250,0.53472,0.66641,0.47778,0.68437,0.49306,0.68594,0.44167,0.68594,0.41528,0.68672,0.39028,0.71797,0.49583,0.72031,0.43472,0.72031,0.40833,0.71797,0.37500,0.74297,0.51667,0.75313,0.45972,0.75469,0.42639,0.75625,0.39861,0.76797,0.55694,0.77969,0.50833,0.78750,0.47639,0.79297,0.44167,0.64086,0.81630,0.9996,0.77503,1.00000,0.8745,0.72518,0.71950,0.9975,0.70007,0.65431,0.70703,0.72500,148.88,0.9941,live,0.0623,0.0416,36.38,875.39
148625.410039,60.0,0.7337,2,1,1,0.71016,0.75278,0.66953,0.69444,0.65547,0.62500,0.66406,0.56528,0.66953,0.50972,0.68906,0.52500,0.68984,0.46944,0.69063,0.44444,0.69141,0.42500,0.72266,0.52778,0.72656,0.46528,0.72813,0.44028,0.72734,0.41528,0.74844,0.55000,0.75859,0.49306,0.76172,0.45972,0.76406,0.43472,0.77344,0.59167,0.78594,0.54306,0.79453,0.51250,0.80078,0.48333,0.64246,0.81664,0.9996,0.77020,1.00000,0.8776,0.72940,0.75567,0.9976,0.70209,0.67401,0.71016,0.75278,147.17,0.9953,live,0.0623,0.0579,50.76,876.31
148625.476693,60.0,0.8004,2,1,1,0.71328,0.77639,0.67344,0.71528,0.65781,0.65000,0.66484,0.59167,0.67188,0.53750,0.69219,0.55278,0.69219,0.50000,0.69297,0.47361,0.69531,0.45278,0.72578,0.55556,0.72969,0.49583,0.73125,0.47222,0.72969,0.44861,0.75234,0.57639,0.76328,0.52083,0.76641,0.49028,0.76953,0.46667,0.77656,0.61667,0.78984,0.57083,0.79922,0.54306,0.80781,0.51667,0.64368,0.81935,0.9996,0.76800,1.00000,0.8723,0.73533,0.76952,0.9973,0.70433,0.69448,0.71328,0.77639,145.28,0.9946,live,0.0623,0.0750,65.71,875.75
148625.543620,60.0,0.8673,2,1,1,0.71641,0.78750,0.67656,0.73333,0.65859,0.66806,0.66484,0.61250,0.67188,0.55694,0.69453,0.56944,0.69375,0.51667,0.69531,0.49444,0.69844,0.47917,0.72734,0.57222,0.73125,0.51111,0.73359,0.49028,0.73359,0.47361,0.75469,0.59444,0.76484,0.54028,0.76953,0.51250,0.77266,0.49306,0.77812,0.63472,0.79297,0.59306,0.80312,0.56667,0.81250,0.54306,0.64222,0.82115,0.9996,0.75964,1.00000,0.8683,0.73677,0.79494,0.9972,0.70674,0.71309,0.71641,0.78750,141.85,0.9930,live,0.0675,0.0909,79.32,872.79
148625.610078,60.0,0.9338,2,1,1,0.71719,0.79583,0.67656,0.74306,0.65859,0.67500,0.66641,0.61667,0.67422,0.56389,0.69688,0.57778,0.69766,0.52083,0.69922,0.50000,0.70000,0.49583,0.72969,0.58194,0.73438,0.51944,0.73672,0.49722,0.73672,0.48750,0.75625,0.60556,0.76641,0.55000,0.77109,0.52222,0.77500,0.50556,0.77969,0.64722,0.79531,0.60417,0.80547,0.57778,0.81406,0.55556,0.64225,0.82270,0.9996,0.75907,1.00000,0.8653,0.74039,0.80284,0.9970,0.70883,0.72964,0.71719,0.79583,141.19,0.9923,live,0.0741,0.1044,90.80,869.71
148625.677042,60.0,0.0007,2,2,0,0.71797,0.79861,0.67734,0.74722,0.65859,0.67778,0.66719,0.62083,0.67578,0.56667,0.69766,0.58194,0.69922,0.52361,0.70000,0.50417,0.70078,0.50278,0.73047,0.58472,0.73516,0.52083,0.73750,0.50000,0.73672,0.49167,0.75703,0.60833,0.76797,0.55000,0.77344,0.52222,0.77578,0.50972,0.78047,0.65000,0.79609,0.60556,0.80703,0.57917,0.81641,0.55833,0.64263,0.82273,0.9996,0.75800,1.00000,0.8548,0.74288,0.81653,0.9967,0.71066,0.74343,0.71797,0.79861,140.84,0.9931,live,0.0809,0.1119,96.95,866.75
148625.743774,60.0,0.0675,2,2,0,0.71953,0.79861,0.67812,0.74583,0.65938,0.67778,0.66719,0.62083,0.67578,0.56667,0.69844,0.58194,0.69922,0.52361,0.70078,0.50417,0.70234,0.50278,0.73125,0.58472,0.73594,0.52083,0.73828,0.50000,0.73828,0.49167,0.75781,0.60833,0.76875,0.55000,0.77344,0.52083,0.77578,0.51111,0.78125,0.65000,0.79688,0.60417,0.80781,0.57639,0.81641,0.55694,0.64223,0.82328,0.9996,0.75757,1.00000,0.8553,0.74356,0.80923,0.9966,0.71243,0.75447,0.71953,0.79861,140.71,0.9921,live,0.0867,0.1131,97.72,864.05
148625.810289,60.0,0.1340,2,2,0,0.71875,0.79861,0.67734,0.74444,0.65859,0.67639,0.66797,0.61944,0.67578,0.56528,0.69922,0.58056,0.70000,0.52222,0.70078,0.50417,0.70156,0.50278,0.73125,0.58472,0.73594,0.52083,0.73828,0.50000,0.73750,0.48889,0.75781,0.60833,0.76875,0.55000,0.77344,0.52222,0.77578,0.50833,0.78203,0.65000,0.79766,0.60417,0.80859,0.57639,0.81641,0.55417,0.64068,0.82382,0.9996,0.75763,1.00000,0.8545,0.74379,0.80843,0.9965,0.71370,0.76330,0.71875,0.79861,141.30,0.9937,live,0.0929,0.1210,104.27,862.10
148625.876671,60.0,0.2003,2,2,0,0.71875,0.79444,0.67812,0.74167,0.65859,0.67361,0.66719,0.61806,0.67500,0.56250,0.69844,0.57639,0.69922,0.52083,0.70000,0.50000,0.70156,0.49722,0.73125,0.58056,0.73516,0.51944,0.73750,0.49583,0.73672,0.48333,0.75859,0.60556,0.76953,0.54861,0.77422,0.51806,0.77578,0.50417,0.78125,0.64722,0.79688,0.60139,0.80781,0.57222,0.81641,0.55000,0.64226,0.82393,0.9996,0.75760,1.00000,0.8537,0.74350,0.80945,0.9964,0.71471,0.76953,0.71875,0.79444,141.10,0.9961,live,0.0929,0.0989,85.04,860.24
148625.943678,60.0,0.2674,2,2,0,0.71797,0.78472,0.67734,0.73333,0.65938,0.66528,0.66797,0.60833,0.67578,0.55417,0.69766,0.56944,0.69844,0.51250,0.70000,0.49167,0.70156,0.48889,0.73047,0.57222,0.73438,0.50972,0.73672,0.48333,0.73672,0.47361,0.75781,0.59583,0.76797,0.53750,0.77344,0.50694,0.77656,0.49167,0.78125,0.63611,0.79609,0.58889,0.80703,0.56250,0.81797,0.54028,0.64143,0.82537,0.9996,0.75978,1.00000,0.8530,0.74406,0.80830,0.9963,0.71536,0.77256,0.71797,0.78472,140.62,0.9935,live,0.0929,0.0850,72.97,858.26
148626.010231,60.0,0.3339,2,2,0,0.71797,0.77222,0.67656,0.72083,0.65859,0.65417,0.66719,0.59583,0.67344,0.54028,0.69688,0.55417,0.69688,0.49861,0.69922,0.47639,0.70156,0.46944,0.72969,0.55833,0.73281,0.49583,0.73516,0.46944,0.73516,0.45694,0.75703,0.58056,0.76719,0.52222,0.77187,0.49167,0.77578,0.47361,0.77969,0.62083,0.79375,0.57361,0.80469,0.54583,0.81484,0.52361,0.64290,0.82615,0.9996,0.75973,1.00000,0.8592,0.74400,0.79592,0.9965,0.71588,0.77250,0.71797,0.77222,141.25,0.9920,live,0.0884,0.0678,58.13,856.97
148626.076881,60.0,0.4006,2,2,0,0.71562,0.75417,0.67500,0.70278,0.65781,0.63611,0.66484,0.57778,0.67031,0.52222,0.69375,0.53611,0.69375,0.47917,0.69531,0.45556,0.69609,0.44028,0.72656,0.53889,0.72969,0.47778,0.73047,0.45278,0.73047,0.42917,0.75391,0.56111,0.76406,0.50278,0.76797,0.47222,0.77031,0.44861,0.77812,0.60139,0.79219,0.55556,0.80234,0.52778,0.81094,0.49861,0.64417,0.82622,0.9996,0.76584,1.00000,0.8647,0.74400,0.79032,0.9967,0.71583,0.76883,0.71562,0.75417,142.23,0.9894,live,0.0818,0.0518,44.39,856.54
148626.143631,60.0,0.4673,2,2,0,0.71484,0.73333,0.67266,0.67917,0.65625,0.61250,0.66406,0.55278,0.66875,0.49722,0.69297,0.50833,0.69219,0.45694,0.69297,0.43194,0.69531,0.41250,0.72500,0.51111,0.72734,0.45000,0.72813,0.42222,0.72891,0.39583,0.75234,0.53194,0.76172,0.47361,0.76562,0.44028,0.76875,0.41528,0.77656,0.57361,0.79141,0.52778,0.80078,0.49861,0.80859,0.46944,0.64519,0.82561,0.9996,0.77062,1.00000,0.8717,0.74397,0.77615,0.9969,0.71563,0.76173,0.71484,0.73333,145.33,0.9919,live,0.0738,0.0375,32.20,858.39
148626.210715,60.0,0.5344,2,2,0,0.71406,0.70556,0.67188,0.64722,0.65547,0.57778,0.66484,0.51528,0.66953,0.45833,0.69297,0.47500,0.69219,0.42361,0.69297,0.39444,0.69531,0.36667,0.72578,0.47778,0.72813,0.41806,0.72813,0.38611,0.72813,0.35417,0.75156,0.50000,0.76094,0.43889,0.76406,0.40278,0.76797,0.36944,0.77656,0.53889,0.78984,0.49028,0.80000,0.45972,0.80859,0.42500,0.64488,0.82366,0.9996,0.78129,1.00000,0.8776,0.74079,0.73074,0.9971,0.71532,0.75050,0.71406,0.70556,148.39,0.9901,live,0.0651,0.0255,22.02,862.22
148626.277087,60.0,0.6008,2,2,0,0.71250,0.66667,0.67031,0.60833,0.65391,0.53750,0.66172,0.47500,0.66875,0.41806,0.69063,0.43889,0.69063,0.38333,0.69141,0.35278,0.69375,0.32222,0.72266,0.44028,0.72500,0.37778,0.72422,0.34306,0.72344,0.30694,0.74844,0.46111,0.75781,0.39722,0.76016,0.35833,0.76328,0.32083,0.77344,0.49722,0.78594,0.44722,0.79453,0.41528,0.80234,0.38194,0.64450,0.82372,0.9996,0.78178,1.00000,0.8765,0.73543,0.67788,0.9971,0.71476,0.73373,0.71250,0.66667,147.18,0.9892,live,0.0593,0.0327,28.31,864.72
148626.343602,60.0,0.6673,2,2,0,0.70859,0.63194,0.66641,0.57500,0.65234,0.50139,0.66094,0.43750,0.66641,0.38056,0.68672,0.40417,0.68594,0.34722,0.68594,0.31111,0.68672,0.27778,0.71797,0.40556,0.71875,0.33750,0.71797,0.29861,0.71641,0.25833,0.74375,0.42361,0.75234,0.35556,0.75469,0.31389,0.75703,0.27361,0.76875,0.45972,0.78125,0.40417,0.78906,0.36944,0.79531,0.33333,0.64360,0.81675,0.9996,0.78147,1.00000,0.8721,0.73545,0.64333,0.9972,0.71352,0.71337,0.70859,0.63194,147.03,0.9875,live,0.0593,0.0494,42.85,866.82
148626.410795,60.0,0.7345,2,2,0,0.70625,0.60694,0.66484,0.54861,0.64922,0.47361,0.65625,0.40833,0.66016,0.34722,0.68359,0.37917,0.68047,0.31806,0.68047,0.28056,0.68203,0.24306,0.71406,0.37778,0.71406,0.30694,0.71328,0.26667,0.71172,0.22639,0.73984,0.39444,0.74687,0.32083,0.74844,0.27917,0.75000,0.23750,0.76406,0.42639,0.77500,0.36806,0.78203,0.33194,0.78750,0.29444,0.64189,0.81014,0.9996,0.78188,1.00000,0.8724,0.73191,0.59563,0.9972,0.71207,0.69209,0.70625,0.60694,147.47,0.9842,live,0.0593,0.0669,58.15,868.99
148626.477072,60.0,0.8007,2,2,0,0.70469,0.58889,0.66172,0.52778,0.64609,0.45417,0.65312,0.39028,0.65625,0.32917,0.67891,0.36250,0.67578,0.30139,0.67578,0.26389,0.67812,0.22361,0.70937,0.35972,0.70937,0.28750,0.70859,0.24583,0.70781,0.20139,0.73438,0.37500,0.74062,0.30000,0.74219,0.25556,0.74297,0.21111,0.75938,0.40694,0.76875,0.34722,0.77500,0.30972,0.78047,0.26944,0.64211,0.80571,0.9996,0.78120,1.00000,0.8725,0.72940,0.58921,0.9972,0.71059,0.67145,0.70469,0.58889,146.95,0.9856,live,0.0593,0.0840,73.12,870.51
148626.543592,60.0,0.8673,2,2,0,0.70234,0.58056,0.65938,0.51806,0.64375,0.44583,0.65000,0.37778,0.65312,0.31806,0.67578,0.35278,0.67188,0.29306,0.67109,0.25556,0.67266,0.21667,0.70547,0.35000,0.70469,0.27778,0.70391,0.23750,0.70156,0.19444,0.73047,0.36528,0.73594,0.29167,0.73672,0.24861,0.73750,0.20556,0.75469,0.39583,0.76406,0.33750,0.77031,0.30000,0.77578,0.26111,0.63791,0.80531,0.9996,0.78121,1.00000,0.8734,0.72623,0.56965,0.9973,0.70894,0.65327,0.70234,0.58056,147.03,0.9815,live,0.0664,0.0990,86.35,871.91
148626.610482,60.0,0.9342,2,2,0,0.70000,0.57639,0.65703,0.51528,0.64062,0.44306,0.64766,0.37500,0.65078,0.31389,0.67344,0.35139,0.66953,0.28889,0.66875,0.25139,0.66875,0.21250,0.70312,0.34722,0.70312,0.27500,0.70078,0.23333,0.69844,0.19028,0.72734,0.36250,0.73359,0.28750,0.73438,0.24444,0.73516,0.20139,0.75156,0.39167,0.76172,0.33194,0.76719,0.29444,0.77187,0.25417,0.63782,0.80523,0.9996,0.78338,1.00000,0.8749,0.72324,0.56250,0.9974,0.70715,0.63789,0.70000,0.57639,145.79,0.9781,live,0.0741,0.1088,94.93,872.25
148626.677117,60.0,0.0008,2,1,1,0.70078,0.57500,0.65547,0.51250,0.63906,0.44028,0.64687,0.37222,0.65000,0.31250,0.67031,0.35000,0.66641,0.28750,0.66641,0.25139,0.66641,0.21111,0.70078,0.34583,0.70078,0.27500,0.69922,0.23472,0.69531,0.19028,0.72500,0.35972,0.73203,0.28611,0.73281,0.24306,0.73281,0.20139,0.75000,0.38889,0.76016,0.33056,0.76641,0.29306,0.77031,0.25278,0.63775,0.80512,0.9996,0.78369,1.00000,0.8759,0.72174,0.56201,0.9974,0.70588,0.62531,0.70078,0.57500,146.37,0.9782,live,0.0812,0.1134,99.01,872.97
148626.743956,60.0,0.0676,2,1,1,0.70156,0.57500,0.65547,0.51389,0.63906,0.44306,0.64609,0.37500,0.65078,0.31528,0.67188,0.35139,0.66719,0.28889,0.66641,0.25278,0.66719,0.21389,0.70156,0.34722,0.70000,0.27778,0.69844,0.23750,0.69609,0.19167,0.72578,0.36111,0.73203,0.29028,0.73281,0.24722,0.73359,0.20417,0.75000,0.38889,0.75938,0.33194,0.76484,0.29444,0.76875,0.25417,0.63731,0.80515,0.9996,0.78356,1.00000,0.8788,0.71701,0.56294,0.9975,0.70502,0.61525,0.70156,0.57500,145.16,0.9798,live,0.0868,0.1126,98.26,872.73
148626.811419,60.0,0.1351,2,1,1,0.70156,0.57917,0.65625,0.51944,0.64062,0.44861,0.64766,0.37917,0.65078,0.31944,0.67188,0.35694,0.66797,0.29444,0.66719,0.25833,0.66875,0.21944,0.70156,0.35278,0.70156,0.28056,0.69922,0.24028,0.69688,0.19722,0.72656,0.36528,0.73281,0.29306,0.73359,0.25139,0.73438,0.20972,0.75156,0.39306,0.76094,0.33472,0.76641,0.29861,0.77031,0.25972,0.63705,0.80551,0.9996,0.78352,1.00000,0.8797,0.71710,0.56582,0.9974,0.70433,0.60803,0.70156,0.57917,145.30,0.9755,live,0.0868,0.1048,91.48,872.62
148626.877314,60.0,0.2010,2,1,1,0.70078,0.58472,0.65781,0.52500,0.64219,0.45417,0.64844,0.38750,0.65234,0.32917,0.67344,0.36111,0.67031,0.29861,0.66875,0.26250,0.66953,0.22500,0.70312,0.35694,0.70312,0.28611,0.70156,0.24722,0.69922,0.20556,0.72813,0.37083,0.73438,0.29861,0.73594,0.25833,0.73672,0.21667,0.75234,0.40000,0.76250,0.34167,0.76875,0.30694,0.77266,0.26806,0.63570,0.80570,0.9996,0.78110,1.00000,0.8792,0.71733,0.56514,0.9975,0.70362,0.60337,0.70078,0.58472,145.52,0.9775,live,0.0868,0.0919,80.21,872.68
148626.944184,60.0,0.2679,2,1,1,0.70312,0.59306,0.65938,0.53333,0.64375,0.46389,0.65000,0.39583,0.65391,0.33611,0.67500,0.36806,0.67188,0.30694,0.67109,0.27222,0.67188,0.23472,0.70547,0.36389,0.70469,0.29444,0.70391,0.25556,0.70156,0.21389,0.72969,0.37917,0.73594,0.30833,0.73828,0.26806,0.73906,0.22639,0.75469,0.40833,0.76484,0.35139,0.77031,0.31667,0.77500,0.27917,0.63411,0.80566,0.9996,0.77929,1.00000,0.8741,0.71747,0.56605,0.9975,0.70352,0.60131,0.70312,0.59306,146.37,0.9744,live,0.0868,0.0759,66.27,873.35
148627.010886,60.0,0.3346,2,1,1,0.70234,0.60694,0.66016,0.54722,0.64609,0.47500,0.65234,0.40833,0.65547,0.34861,0.67656,0.37917,0.67344,0.31806,0.67344,0.28333,0.67422,0.24722,0.70625,0.37500,0.70703,0.30556,0.70625,0.26667,0.70469,0.22500,0.73125,0.39028,0.73828,0.32083,0.73984,0.28056,0.74141,0.24028,0.75625,0.42222,0.76484,0.36250,0.77031,0.32778,0.77422,0.29028,0.63449,0.80458,0.9996,0.78061,1.00000,0.8748,0.71761,0.57523,0.9976,0.70328,0.60244,0.70234,0.60694,147.70,0.9800,live,0.0818,0.0587,51.36,874.89
148627.077296,60.0,0.4010,2,1,1,0.70156,0.62222,0.66172,0.56250,0.64844,0.49167,0.65469,0.42639,0.65859,0.36806,0.67734,0.38889,0.67656,0.32917,0.67578,0.29722,0.67500,0.26389,0.70781,0.38750,0.70859,0.31806,0.70703,0.28194,0.70469,0.24167,0.73281,0.40278,0.74062,0.33611,0.74219,0.29722,0.74297,0.26111,0.75781,0.43611,0.76484,0.37917,0.76953,0.34444,0.77187,0.30694,0.63427,0.80244,0.9996,0.77977,1.00000,0.8760,0.71920,0.58724,0.9976,0.70294,0.60639,0.70156,0.62222,150.15,0.9861,live,0.0749,0.0435,38.19,878.01
148627.144297,60.0,0.4680,2,1,1,0.70469,0.64583,0.66328,0.58333,0.64922,0.51389,0.65625,0.44861,0.66094,0.39028,0.67969,0.41111,0.67969,0.35139,0.67891,0.31944,0.67891,0.28472,0.71016,0.40972,0.71250,0.34028,0.71172,0.30556,0.70781,0.26389,0.73516,0.42639,0.74375,0.36111,0.74531,0.32361,0.74609,0.28889,0.75938,0.46250,0.76797,0.40417,0.77266,0.36944,0.77578,0.33194,0.63552,0.80310,0.9996,0.77974,1.00000,0.8782,0.72015,0.61135,0.9976,0.70329,0.61428,0.70469,0.64583,150.02,0.9891,live,0.0669,0.0305,26.89,880.66
148627.210653,60.0,0.5343,2,1,1,0.70703,0.67361,0.66641,0.60972,0.65312,0.54167,0.66016,0.47778,0.66563,0.41944,0.68203,0.43472,0.68281,0.37778,0.68281,0.34583,0.68281,0.31806,0.71406,0.43750,0.71641,0.36944,0.71719,0.34028,0.71406,0.30139,0.73750,0.45694,0.74844,0.39444,0.75078,0.35833,0.75313,0.32778,0.76172,0.49583,0.77109,0.44167,0.77656,0.40556,0.78047,0.36944,0.63512,0.80579,0.9996,0.77374,1.00000,0.8731,0.72511,0.64603,0.9975,0.70404,0.62615,0.70703,0.67361,150.54,0.9927,live,0.0586,0.0207,18.28,883.37
148627.277058,60.0,0.6007,2,1,1,0.70547,0.71111,0.66563,0.64722,0.65391,0.57917,0.66094,0.51667,0.66719,0.46111,0.68437,0.47639,0.68672,0.42361,0.68516,0.39444,0.68516,0.36528,0.71641,0.47778,0.71953,0.41528,0.71953,0.38889,0.71641,0.35139,0.74062,0.49722,0.75078,0.43889,0.75313,0.40417,0.75469,0.37500,0.76484,0.53750,0.77422,0.48472,0.77969,0.45139,0.78359,0.41667,0.63618,0.80717,0.9996,0.79158,1.00000,0.8685,0.72950,0.68233,0.9974,0.70432,0.64314,0.70547,0.71111,149.51,0.9927,live,0.0586,0.0343,30.35,885.01
148627.344462,60.0,0.6681,2,1,1,0.70703,0.74444,0.66875,0.68472,0.65391,0.61806,0.66016,0.55694,0.66719,0.50139,0.68359,0.51528,0.68672,0.45972,0.68672,0.43472,0.68750,0.41528,0.71641,0.51806,0.72109,0.45556,0.72188,0.43194,0.72031,0.40417,0.74141,0.54028,0.75156,0.48333,0.75547,0.45139,0.75703,0.42778,0.76562,0.58333,0.77578,0.53194,0.78047,0.49861,0.78438,0.46667,0.63752,0.81250,0.9996,0.77822,1.00000,0.8739,0.73007,0.73954,0.9975,0.70487,0.66340,0.70703,0.74444,146.29,0.9920,live,0.0586,0.0506,44.77,884.14
148627.411242,60.0,0.7349,2,1,1,0.71094,0.77361,0.67109,0.71667,0.65391,0.65000,0.66172,0.59306,0.66875,0.54028,0.68359,0.55000,0.68594,0.49306,0.68750,0.46944,0.68984,0.46111,0.71641,0.55278,0.72031,0.48889,0.72344,0.46806,0.72344,0.45139,0.74219,0.57500,0.75234,0.51944,0.75703,0.49028,0.75859,0.48056,0.76719,0.61528,0.77656,0.56667,0.78203,0.53472,0.78516,0.51250,0.63900,0.81645,0.9996,0.77331,1.00000,0.8661,0.73708,0.78619,0.9971,0.70608,0.68544,0.71094,0.77361,143.90,0.9925,live,0.0586,0.0689,60.71,881.65
148627.477800,60.0,0.8015,2,1,1,0.71172,0.80000,0.67344,0.74583,0.65469,0.68194,0.65938,0.62361,0.66797,0.57500,0.68516,0.58056,0.68594,0.52778,0.68750,0.50694,0.68984,0.50000,0.71641,0.58472,0.72109,0.52361,0.72422,0.50278,0.72422,0.48889,0.74297,0.60694,0.75234,0.55417,0.75703,0.52639,0.75938,0.51667,0.76719,0.64722,0.77656,0.60278,0.78203,0.57222,0.78594,0.55139,0.63969,0.82481,0.9996,0.76853,1.00000,0.8546,0.74105,0.83708,0.9969,0.70721,0.70835,0.71172,0.80000,140.78,0.9945,live,0.0639,0.0881,77.27,877.21
148627.544384,60.0,0.8681,2,1,1,0.71250,0.81806,0.67344,0.76389,0.65547,0.70278,0.66016,0.64722,0.66875,0.59583,0.68672,0.60417,0.68750,0.55139,0.68828,0.53194,0.69063,0.52917,0.71875,0.60556,0.72422,0.54444,0.72656,0.52639,0.72578,0.51528,0.74609,0.62917,0.75547,0.57639,0.75938,0.55139,0.76094,0.54444,0.77031,0.66944,0.78047,0.62500,0.78516,0.59583,0.78828,0.57639,0.64410,0.83262,0.9996,0.76859,1.00000,0.8495,0.74112,0.84495,0.9966,0.70827,0.73029,0.71250,0.81806,139.42,0.9964,live,0.0714,0.1058,92.31,872.33
148627.611203,60.0,0.9349,2,1,1,0.71328,0.83194,0.67422,0.78056,0.65469,0.71667,0.66016,0.66111,0.66953,0.60972,0.68984,0.61944,0.68906,0.56667,0.69141,0.54722,0.69453,0.54583,0.72188,0.62222,0.72578,0.56111,0.72891,0.54167,0.72891,0.53472,0.74844,0.64444,0.75859,0.59167,0.76250,0.56667,0.76406,0.56389,0.77266,0.68472,0.78281,0.63889,0.78750,0.61111,0.78984,0.59444,0.64456,0.83400,0.9996,0.76495,1.00000,0.8432,0.74159,0.86003,0.9964,0.70927,0.75062,0.71328,0.83194,138.42,0.9950,live,0.0802,0.1201,104.16,867.31
148627.677705,60.0,0.0014,2,2,0,0.71641,0.84167,0.67656,0.79028,0.65469,0.72778,0.66016,0.67083,0.67109,0.62083,0.69219,0.63194,0.69141,0.57778,0.69297,0.55972,0.69609,0.55833,0.72344,0.63611,0.72969,0.57083,0.73203,0.55278,0.73125,0.55000,0.75078,0.65833,0.76172,0.60278,0.76641,0.57778,0.76719,0.58056,0.77578,0.69861,0.78672,0.65139,0.79141,0.62361,0.79297,0.61250,0.64428,0.83924,0.9996,0.75406,1.00000,0.8316,0.74424,0.87957,0.9960,0.71070,0.76883,0.71641,0.84167,136.92,0.9927,live,0.0891,0.1296,111.68,861.82
148627.744553,60.0,0.0682,2,2,0,0.71719,0.84861,0.67734,0.79583,0.65625,0.73472,0.66172,0.68056,0.67344,0.63056,0.69297,0.63889,0.69297,0.58750,0.69453,0.57083,0.69766,0.56667,0.72500,0.64444,0.73125,0.58194,0.73438,0.56528,0.73516,0.55833,0.75234,0.66806,0.76250,0.61528,0.76797,0.59167,0.76953,0.59167,0.77734,0.71111,0.78906,0.66667,0.79453,0.63750,0.79766,0.62361,0.64430,0.83909,0.9996,0.77915,1.00000,0.8259,0.74810,0.87744,0.9957,0.71199,0.78479,0.71719,0.84861,136.69,0.9923,live,0.0971,0.1338,114.67,856.82
148627.811304,60.0,0.1350,2,2,0,0.71797,0.85000,0.67812,0.80139,0.65703,0.73889,0.66328,0.68333,0.67500,0.63472,0.69766,0.64444,0.69766,0.59167,0.69766,0.57639,0.69922,0.57778,0.72813,0.64722,0.73359,0.58611,0.73594,0.56806,0.73516,0.56667,0.75547,0.67361,0.76641,0.61667,0.77109,0.59306,0.77266,0.59444,0.77891,0.71806,0.79141,0.67500,0.79688,0.64583,0.80000,0.63056,0.64433,0.83403,0.9996,0.77037,1.00000,0.8127,0.74815,0.87292,0.9949,0.71319,0.79783,0.71797,0.85000,134.12,0.9943,live,0.1033,0.1316,111.95,850.57
148627.877644,60.0,0.2013,2,2,0,0.71875,0.85000,0.67812,0.80139,0.65703,0.73750,0.66484,0.68194,0.67578,0.63194,0.69766,0.64306,0.69844,0.59028,0.70000,0.57500,0.70234,0.57639,0.72891,0.64722,0.73516,0.58472,0.73750,0.56667,0.73750,0.56528,0.75547,0.67361,0.76797,0.61944,0.77187,0.59444,0.77266,0.59583,0.77969,0.71806,0.79297,0.67361,0.79922,0.64306,0.80156,0.62639,0.64427,0.83226,0.9996,0.76897,1.00000,0.8088,0.74759,0.87270,0.9946,0.71430,0.80826,0.71875,0.85000,134.75,0.9943,live,0.1033,0.1242,105.00,845.52
148627.944551,60.0,0.2682,2,2,0,0.71953,0.84306,0.67812,0.79583,0.65703,0.72917,0.66563,0.67500,0.67656,0.62639,0.69766,0.63750,0.69766,0.58333,0.69922,0.56667,0.70078,0.56667,0.72891,0.64167,0.73438,0.58056,0.73594,0.55972,0.73672,0.55556,0.75547,0.66667,0.76641,0.61250,0.77109,0.58611,0.77266,0.58194,0.77891,0.70972,0.79219,0.66250,0.79844,0.63194,0.80234,0.61389,0.64434,0.83211,0.9996,0.76855,1.00000,0.8162,0.74754,0.87272,0.9948,0.71535,0.81522,0.71953,0.84306,133.71,0.9930,live,0.1033,0.1121,94.19,840.33
148628.011883,60.0,0.3356,2,2,0,0.71953,0.82500,0.67812,0.78056,0.65625,0.71389,0.66328,0.65694,0.67266,0.60694,0.69609,0.61944,0.69531,0.56389,0.69688,0.54306,0.70000,0.54306,0.72734,0.62361,0.73125,0.56250,0.73359,0.53750,0.73438,0.53194,0.75391,0.64722,0.76484,0.59167,0.76953,0.56250,0.77266,0.55972,0.77734,0.68889,0.78906,0.64028,0.79609,0.60972,0.80156,0.59167,0.64529,0.83222,0.9996,0.76831,1.00000,0.8142,0.74766,0.87096,0.9947,0.71618,0.81718,0.71953,0.82500,133.64,0.9921,live,0.1033,0.0948,79.19,835.71
148628.078252,60.0,0.4019,2,2,0,0.71797,0.80000,0.67578,0.74722,0.65469,0.68333,0.66250,0.62639,0.67031,0.57500,0.69219,0.58333,0.69297,0.53056,0.69375,0.51111,0.69453,0.50278,0.72344,0.58472,0.72891,0.52639,0.73047,0.50556,0.72969,0.49306,0.75000,0.60833,0.76094,0.55417,0.76641,0.52778,0.76797,0.52083,0.77422,0.64861,0.78750,0.60556,0.79531,0.57639,0.80000,0.55556,0.64508,0.83106,0.9996,0.78059,1.00000,0.8192,0.74569,0.83005,0.9949,0.71654,0.81374,0.71797,0.80000,140.07,0.9897,live,0.0984,0.0759,63.45,836.28
148628.144671,60.0,0.4683,2,2,0,0.71094,0.76528,0.67031,0.70833,0.65234,0.64306,0.66094,0.58611,0.66797,0.53472,0.68750,0.54167,0.68750,0.49167,0.68750,0.46944,0.68828,0.45278,0.71875,0.54444,0.72266,0.48750,0.72344,0.46389,0.72188,0.44028,0.74531,0.56806,0.75547,0.51250,0.75938,0.48333,0.76094,0.46250,0.76953,0.60694,0.78125,0.56111,0.78750,0.53194,0.79141,0.50417,0.64596,0.82714,0.9996,0.79288,1.00000,0.8192,0.74457,0.78977,0.9950,0.71542,0.80405,0.71094,0.76528,143.65,0.9948,live,0.0912,0.0582,48.81,839.35
148628.211057,60.0,0.5347,2,2,0,0.70781,0.72500,0.66641,0.67083,0.64844,0.60417,0.65703,0.54444,0.66328,0.49028,0.68281,0.50000,0.68203,0.44444,0.68125,0.41944,0.68047,0.40278,0.71406,0.50278,0.71797,0.44306,0.71719,0.41389,0.71406,0.39028,0.74062,0.52500,0.75078,0.46806,0.75234,0.43194,0.75234,0.40556,0.76562,0.56389,0.77578,0.51389,0.78125,0.47917,0.78516,0.44722,0.64661,0.81058,0.9996,0.79245,1.00000,0.8277,0.73964,0.75886,0.9953,0.71390,0.78824,0.70781,0.72500,144.62,0.9956,live,0.0852,0.0579,48.81,842.75
148628.277873,60.0,0.6015,2,2,0,0.70625,0.68750,0.66328,0.63194,0.64531,0.56389,0.65312,0.50139,0.65938,0.44722,0.67891,0.46111,0.67812,0.40694,0.67734,0.37917,0.67656,0.35139,0.71016,0.46250,0.71328,0.40278,0.71172,0.37222,0.70859,0.33889,0.73594,0.48194,0.74531,0.42361,0.74609,0.38750,0.74609,0.35278,0.76094,0.51806,0.77031,0.46528,0.77578,0.43194,0.77969,0.39583,0.64758,0.81046,0.9996,0.78792,1.00000,0.8265,0.73786,0.71299,0.9954,0.71237,0.76809,0.70625,0.68750,145.54,0.9935,live,0.0775,0.0423,35.82,846.41
148628.344876,60.0,0.6686,2,2,0,0.70391,0.65278,0.66016,0.59583,0.64375,0.52917,0.65078,0.46667,0.65625,0.40972,0.67422,0.42639,0.67188,0.37361,0.67109,0.34167,0.67188,0.30694,0.70625,0.42500,0.70625,0.36389,0.70547,0.33056,0.70234,0.29028,0.73203,0.44167,0.73984,0.38056,0.74062,0.34306,0.74141,0.30694,0.75703,0.47639,0.76484,0.42083,0.76953,0.38611,0.77266,0.34861,0.64740,0.80500,0.9996,0.78729,1.00000,0.8298,0.72775,0.64090,0.9956,0.71068,0.74503,0.70391,0.65278,146.85,0.9916,live,0.0775,0.0617,52.49,850.57
148628.411611,60.0,0.7353,2,2,0,0.70312,0.62500,0.65938,0.56806,0.64453,0.49722,0.65000,0.43472,0.65391,0.37361,0.67188,0.39722,0.66953,0.34167,0.66953,0.30694,0.67031,0.27083,0.70391,0.39583,0.70312,0.33056,0.70234,0.29306,0.69922,0.25139,0.72891,0.41111,0.73672,0.34583,0.73672,0.30556,0.73750,0.26944,0.75469,0.44167,0.76172,0.38472,0.76562,0.34861,0.76797,0.30833,0.64712,0.80529,0.9997,0.78766,1.00000,0.8280,0.72659,0.62211,0.9954,0.70917,0.72102,0.70312,0.62500,148.03,0.9897,live,0.0775,0.0817,69.87,855.09
148628.478240,60.0,0.8019,2,2,0,0.70078,0.60972,0.65781,0.55000,0.64375,0.48056,0.65000,0.41667,0.65312,0.35694,0.67109,0.38056,0.66875,0.32222,0.66797,0.28750,0.66797,0.25000,0.70156,0.37639,0.70078,0.30972,0.70000,0.27500,0.69766,0.23194,0.72578,0.39028,0.73203,0.32361,0.73281,0.28194,0.73359,0.24167,0.75156,0.42361,0.75703,0.36111,0.76094,0.32361,0.76406,0.28194,0.64563,0.80370,0.9997,0.78749,1.00000,0.8302,0.72617,0.60026,0.9955,0.70749,0.69876,0.70078,0.60972,148.45,0.9883,live,0.0775,0.1001,86.04,859.36
148628.545037,60.0,0.8687,2,2,0,0.70000,0.60000,0.65781,0.54028,0.64141,0.47083,0.64844,0.40556,0.65078,0.34583,0.66953,0.37222,0.66563,0.31389,0.66406,0.27917,0.66484,0.24167,0.69922,0.36806,0.69844,0.29861,0.69688,0.26250,0.69453,0.21944,0.72344,0.38056,0.72891,0.31111,0.72969,0.26806,0.73047,0.22639,0.74922,0.41250,0.75469,0.35000,0.75859,0.31250,0.76172,0.26944,0.64511,0.79937,0.9997,0.78433,1.00000,0.8315,0.72374,0.59624,0.9957,0.70599,0.67901,0.70000,0.60000,147.65,0.9845,live,0.0845,0.1164,100.39,862.55
148628.611624,60.0,0.9353,2,2,0,0.70078,0.59722,0.65703,0.53472,0.64062,0.46667,0.64687,0.40000,0.64922,0.34028,0.66875,0.36944,0.66328,0.31111,0.66172,0.27778,0.66172,0.23889,0.69844,0.36528,0.69609,0.29583,0.69453,0.26111,0.69063,0.21667,0.72188,0.37778,0.72734,0.30833,0.72813,0.26806,0.72969,0.22639,0.74766,0.40833,0.75234,0.34861,0.75625,0.31111,0.75938,0.26944,0.64510,0.79158,0.9997,0.78454,1.00000,0.8366,0.72316,0.58975,0.9959,0.70495,0.66265,0.70078,0.59722,147.38,0.9854,live,0.0926,0.1297,112.24,865.16
148628.677944,60.0,0.0016,2,1,1,0.69844,0.59722,0.65469,0.53472,0.64062,0.46806,0.64609,0.40278,0.64844,0.34306,0.66641,0.36944,0.66250,0.31250,0.66094,0.27917,0.66094,0.24167,0.69609,0.36528,0.69375,0.29861,0.69219,0.26528,0.68828,0.21944,0.72031,0.37917,0.72500,0.31250,0.72500,0.27222,0.72656,0.23333,0.74609,0.40972,0.75000,0.35000,0.75391,0.31389,0.75703,0.27222,0.64355,0.78656,0.9997,0.78311,1.00000,0.8429,0.72086,0.58216,0.9961,0.70365,0.64957,0.69844,0.59722,147.56,0.9847,live,0.1007,0.1376,119.35,867.58
148628.744722,60.0,0.0684,2,1,1,0.69922,0.59861,0.65547,0.53611,0.64062,0.47083,0.64609,0.40556,0.64844,0.34444,0.66641,0.37083,0.66250,0.31389,0.66094,0.28056,0.66094,0.24306,0.69688,0.36667,0.69375,0.29861,0.69219,0.26528,0.68828,0.22083,0.72031,0.37917,0.72500,0.31250,0.72578,0.27222,0.72656,0.23333,0.74609,0.40972,0.75078,0.35000,0.75469,0.31250,0.75703,0.27222,0.64074,0.78450,0.9997,0.78150,1.00000,0.8472,0.71607,0.58431,0.9963,0.70276,0.63938,0.69922,0.59861,147.69,0.9834,live,0.1007,0.1243,108.13,869.81
148628.811570,60.0,0.1352,2,1,1,0.70078,0.60139,0.65625,0.53750,0.64141,0.47222,0.64687,0.40694,0.64922,0.34583,0.66797,0.37500,0.66406,0.31528,0.66250,0.28194,0.66250,0.24444,0.69844,0.37222,0.69609,0.30556,0.69531,0.26944,0.69141,0.22500,0.72266,0.38472,0.72656,0.31944,0.72734,0.27917,0.72813,0.23889,0.74844,0.41250,0.75313,0.35417,0.75703,0.31806,0.76016,0.27639,0.63971,0.78510,0.9997,0.78054,1.00000,0.8515,0.71352,0.58766,0.9964,0.70237,0.63178,0.70078,0.60139,147.22,0.9802,live,0.1007,0.1136,98.98,871.43
148628.878128,60.0,0.2018,2,1,1,0.70234,0.60278,0.65625,0.53750,0.64141,0.47361,0.64922,0.41250,0.65156,0.35139,0.66875,0.37778,0.66406,0.31944,0.66406,0.28611,0.66484,0.24861,0.69922,0.37639,0.69688,0.30972,0.69609,0.27361,0.69375,0.22917,0.72422,0.38889,0.72813,0.32361,0.72813,0.28472,0.72891,0.24583,0.75078,0.41528,0.75547,0.35833,0.75859,0.32222,0.76094,0.28056,0.63975,0.78448,0.9997,0.78147,1.00000,0.8569,0.71390,0.58580,0.9966,0.70236,0.62598,0.70234,0.60278,146.91,0.9783,live,0.1007,0.0990,86.37,872.63
148628.944814,60.0,0.2685,2,1,1,0.70312,0.60972,0.65703,0.54861,0.64297,0.48194,0.65078,0.42083,0.65312,0.35972,0.67031,0.38194,0.66719,0.32500,0.66641,0.29167,0.66719,0.25556,0.70156,0.38194,0.70000,0.31389,0.69922,0.28056,0.69609,0.23889,0.72656,0.39583,0.73125,0.33194,0.73125,0.29306,0.73125,0.25694,0.75234,0.42500,0.75703,0.36667,0.76016,0.33056,0.76250,0.29028,0.63854,0.78457,0.9997,0.78051,1.00000,0.8609,0.71757,0.58673,0.9967,0.70251,0.62273,0.70312,0.60972,147.49,0.9848,live,0.1007,0.1015,88.70,874.11
148629.011817,60.0,0.3355,2,1,1,0.70078,0.62639,0.65859,0.56806,0.64609,0.50000,0.65156,0.43611,0.65391,0.37639,0.67109,0.39306,0.66953,0.33611,0.66797,0.30417,0.66797,0.27083,0.70312,0.39028,0.70312,0.32361,0.70234,0.29306,0.69844,0.25139,0.72734,0.40417,0.73359,0.34167,0.73438,0.30694,0.73516,0.27222,0.75313,0.44028,0.75859,0.38056,0.76172,0.34583,0.76406,0.30833,0.63882,0.78568,0.9997,0.78167,1.00000,0.8592,0.71941,0.59510,0.9968,0.70217,0.62346,0.70078,0.62639,150.61,0.9886,live,0.0939,0.0629,55.17,877.66
148629.078127,60.0,0.4018,2,1,1,0.70234,0.64861,0.66094,0.58889,0.64687,0.52361,0.65234,0.46250,0.65469,0.40139,0.67344,0.41528,0.67109,0.36111,0.67031,0.32917,0.67188,0.29444,0.70469,0.41250,0.70391,0.34722,0.70312,0.31667,0.70000,0.27361,0.72891,0.42778,0.73516,0.36667,0.73594,0.33194,0.73672,0.29722,0.75469,0.46528,0.76094,0.40694,0.76484,0.37222,0.76719,0.33472,0.64015,0.78553,0.9997,0.77991,1.00000,0.8527,0.72408,0.62535,0.9967,0.70220,0.62849,0.70234,0.64861,150.03,0.9917,live,0.0883,0.0627,55.17,880.36
148629.145100,60.0,0.4688,2,1,1,0.70469,0.67917,0.66250,0.61944,0.64766,0.55417,0.65312,0.49028,0.65625,0.43194,0.67422,0.45000,0.67266,0.39444,0.67109,0.36250,0.67031,0.32917,0.70625,0.44861,0.70703,0.38611,0.70625,0.35972,0.70156,0.32361,0.73047,0.46528,0.73828,0.40694,0.73906,0.37361,0.73906,0.34444,0.75625,0.49861,0.76406,0.44444,0.76875,0.41111,0.77031,0.37500,0.64050,0.78389,0.9997,0.77432,1.00000,0.8480,0.72436,0.67265,0.9965,0.70270,0.63863,0.70469,0.67917,148.01,0.9886,live,0.0783,0.0329,28.97,881.28
148629.212055,60.0,0.5357,2,1,1,0.70391,0.71528,0.66250,0.65833,0.64609,0.59306,0.65234,0.53194,0.65625,0.47639,0.67500,0.48889,0.67500,0.43472,0.67266,0.40833,0.67188,0.38333,0.70703,0.49028,0.70859,0.42917,0.70703,0.40694,0.70156,0.37778,0.73203,0.50694,0.73984,0.45000,0.73984,0.41944,0.73906,0.39583,0.75781,0.54306,0.76562,0.49028,0.77109,0.45833,0.77500,0.42778,0.64003,0.79039,0.9998,0.77183,1.00000,0.8528,0.72743,0.71101,0.9966,0.70294,0.65396,0.70391,0.71528,146.01,0.9931,live,0.0688,0.0256,22.56,880.66
148629.278487,60.0,0.6022,2,1,1,0.70625,0.74722,0.66484,0.69306,0.64531,0.62778,0.65078,0.56806,0.65625,0.51250,0.67578,0.52500,0.67500,0.47222,0.67344,0.44444,0.67344,0.42361,0.70703,0.52500,0.71016,0.46389,0.70937,0.44028,0.70469,0.42083,0.73359,0.54444,0.74297,0.48611,0.74453,0.45694,0.74297,0.44167,0.75781,0.58333,0.76953,0.53472,0.77578,0.50278,0.77969,0.47500,0.64207,0.79153,0.9998,0.76708,1.00000,0.8573,0.72763,0.73609,0.9967,0.70360,0.67261,0.70625,0.74722,143.24,0.9939,live,0.0638,0.0410,35.96,878.12
148629.345365,60.0,0.6690,2,1,1,0.70781,0.76944,0.66641,0.71389,0.64687,0.65000,0.65078,0.59306,0.65703,0.53750,0.67891,0.55139,0.67656,0.50139,0.67500,0.47639,0.67422,0.45694,0.70937,0.55278,0.71172,0.49444,0.71016,0.47083,0.70547,0.45139,0.73672,0.57500,0.74609,0.51944,0.74766,0.49167,0.74609,0.47361,0.76094,0.61389,0.77187,0.56806,0.77812,0.53750,0.78203,0.51111,0.64266,0.79814,0.9998,0.76713,1.00000,0.8637,0.72818,0.77942,0.9968,0.70444,0.69198,0.70781,0.76944,140.64,0.9956,live,0.0638,0.0571,49.94,874.01
148629.412223,60.0,0.7359,2,1,1,0.70937,0.78333,0.66719,0.73194,0.64609,0.66667,0.65078,0.60833,0.65703,0.55417,0.68047,0.56944,0.67812,0.51944,0.67734,0.49444,0.67656,0.47917,0.71250,0.57083,0.71484,0.51111,0.71328,0.48889,0.70937,0.47639,0.73906,0.59306,0.74844,0.53750,0.75000,0.51111,0.74922,0.50139,0.76328,0.63194,0.77500,0.58750,0.78203,0.55972,0.78594,0.54028,0.64290,0.80405,0.9998,0.78109,1.00000,0.8621,0.72913,0.78806,0.9966,0.70543,0.71025,0.70937,0.78333,138.90,0.9934,live,0.0638,0.0727,63.15,869.13
148629.478589,60.0,0.8023,2,1,1,0.70937,0.80000,0.66797,0.74722,0.64687,0.68333,0.65156,0.62500,0.65938,0.57361,0.68203,0.58611,0.67969,0.53611,0.67891,0.51389,0.67891,0.50000,0.71328,0.58750,0.71641,0.52917,0.71562,0.50694,0.71328,0.49583,0.74062,0.60972,0.75000,0.55694,0.75156,0.53194,0.75156,0.52083,0.76484,0.65000,0.77578,0.60556,0.78281,0.57917,0.78750,0.56111,0.64284,0.80435,0.9998,0.77405,1.00000,0.8564,0.72936,0.79925,0.9962,0.70622,0.72820,0.70937,0.80000,138.95,0.9955,live,0.0638,0.0880,76.12,864.88
148629.545360,60.0,0.8690,2,1,1,0.70937,0.81250,0.66797,0.76250,0.64687,0.69583,0.65234,0.63889,0.66016,0.58611,0.68359,0.60000,0.68125,0.55000,0.68047,0.53056,0.68125,0.51944,0.71484,0.60278,0.71797,0.54583,0.71719,0.52361,0.71562,0.51528,0.74141,0.62500,0.75156,0.57361,0.75313,0.55000,0.75313,0.54028,0.76562,0.66528,0.77812,0.62222,0.78438,0.59861,0.78906,0.58056,0.64249,0.80399,0.9998,0.75872,1.00000,0.8613,0.72937,0.81533,0.9964,0.70685,0.74506,0.70937,0.81250,137.72,0.9947,live,0.0707,0.1020,87.76,860.25
148629.612221,60.0,0.9359,2,1,1,0.71250,0.81944,0.66953,0.77222,0.64766,0.70694,0.65312,0.64861,0.66172,0.59722,0.68594,0.61111,0.68437,0.56111,0.68359,0.54167,0.68437,0.53472,0.71719,0.61250,0.72109,0.55417,0.72031,0.53472,0.71719,0.53194,0.74375,0.63611,0.75391,0.58333,0.75625,0.55972,0.75547,0.55556,0.76797,0.67639,0.78047,0.63333,0.78672,0.60972,0.79141,0.59583,0.64229,0.80733,0.9998,0.77313,1.00000,0.8573,0.73123,0.82253,0.9961,0.70798,0.75994,0.71250,0.81944,135.77,0.9946,live,0.0779,0.1111,94.93,854.77
148629.678693,60.0,0.0024,2,2,0,0.71250,0.82361,0.66953,0.77778,0.64766,0.71111,0.65391,0.65278,0.66406,0.60139,0.68750,0.61528,0.68594,0.56250,0.68594,0.54583,0.68672,0.54583,0.71875,0.61944,0.72344,0.55833,0.72266,0.53889,0.71953,0.53889,0.74531,0.64306,0.75547,0.58889,0.75781,0.56528,0.75703,0.56111,0.76953,0.68472,0.78203,0.64028,0.78984,0.61528,0.79375,0.60139,0.64227,0.80907,0.9998,0.77655,1.00000,0.8539,0.73184,0.82664,0.9957,0.70888,0.77267,0.71250,0.82361,135.18,0.9947,live,0.0844,0.1140,96.84,849.53
148629.745424,60.0,0.0691,2,2,0,0.71172,0.82639,0.66953,0.78056,0.64844,0.71389,0.65469,0.65833,0.66406,0.60694,0.68750,0.61806,0.68672,0.56667,0.68594,0.55000,0.68672,0.54722,0.71875,0.62222,0.72422,0.56111,0.72344,0.54306,0.71953,0.54167,0.74531,0.64722,0.75703,0.59306,0.75859,0.56944,0.75703,0.56667,0.76953,0.69028,0.78281,0.64583,0.78984,0.62083,0.79453,0.60556,0.64238,0.80905,0.9998,0.76639,1.00000,0.8492,0.73315,0.82367,0.9957,0.70945,0.78341,0.71172,0.82639,135.10,0.9959,live,0.0892,0.1108,93.58,844.86
148629.812457,60.0,0.1361,2,2,0,0.71328,0.82778,0.67031,0.78194,0.64844,0.71667,0.65469,0.66111,0.66406,0.60972,0.68828,0.61944,0.68594,0.56806,0.68516,0.55000,0.68594,0.55000,0.71953,0.62361,0.72344,0.56250,0.72344,0.54444,0.72031,0.54306,0.74609,0.64861,0.75703,0.59444,0.75859,0.57083,0.75703,0.57083,0.77031,0.69167,0.78281,0.64861,0.78984,0.62361,0.79453,0.60972,0.64290,0.81042,0.9998,0.76645,1.00000,0.8495,0.73372,0.82323,0.9957,0.71022,0.79229,0.71328,0.82778,134.99,0.9951,live,0.0892,0.1030,86.58,840.67
148629.878700,60.0,0.2024,2,2,0,0.71250,0.82778,0.67031,0.78056,0.64766,0.71806,0.65312,0.66250,0.66250,0.61111,0.68750,0.61944,0.68594,0.56944,0.68516,0.55139,0.68516,0.54861,0.71875,0.62361,0.72266,0.56250,0.72266,0.54583,0.71953,0.54167,0.74531,0.64861,0.75625,0.59583,0.75781,0.57222,0.75625,0.57222,0.76953,0.69306,0.78203,0.65000,0.78984,0.62361,0.79375,0.60972,0.64255,0.81526,0.9998,0.76260,1.00000,0.8516,0.73480,0.82890,0.9958,0.71067,0.79939,0.71250,0.82778,134.90,0.9947,live,0.0892,0.0929,77.74,836.92
148629.945433,60.0,0.2691,2,2,0,0.71250,0.82500,0.66953,0.77917,0.64766,0.71389,0.65391,0.65833,0.66328,0.60694,0.68594,0.61806,0.68437,0.56667,0.68437,0.54861,0.68516,0.54444,0.71719,0.62222,0.72266,0.55972,0.72188,0.54167,0.71875,0.53750,0.74375,0.64722,0.75547,0.59306,0.75703,0.56806,0.75547,0.56528,0.76797,0.69028,0.78125,0.64583,0.78906,0.61806,0.79375,0.60139,0.64255,0.82185,0.9998,0.76182,1.00000,0.8587,0.73476,0.83537,0.9959,0.71104,0.80451,0.71250,0.82500,134.08,0.9957,live,0.0892,0.0819,68.25,833.03
148630.012016,60.0,0.3357,2,2,0,0.71094,0.81389,0.66875,0.77083,0.64453,0.70972,0.65000,0.65417,0.66172,0.60417,0.68281,0.61111,0.68047,0.55694,0.68047,0.53611,0.68047,0.53889,0.71328,0.61250,0.71797,0.54861,0.71641,0.52917,0.71406,0.53333,0.74141,0.63750,0.75156,0.58056,0.75313,0.55556,0.75000,0.56528,0.76641,0.67917,0.78125,0.63194,0.78750,0.60278,0.78984,0.59444,0.64211,0.82361,0.9998,0.76073,1.00000,0.8540,0.73490,0.83594,0.9959,0.71102,0.80638,0.71094,0.81389,133.32,0.9926,live,0.0892,0.0839,69.59,829.06
148630.078872,60.0,0.4025,2,2,0,0.70625,0.80000,0.66328,0.75694,0.63906,0.69444,0.64453,0.63889,0.65547,0.58750,0.67734,0.59583,0.67500,0.54444,0.67422,0.52500,0.67266,0.51944,0.70703,0.59722,0.71250,0.53889,0.71094,0.51806,0.70781,0.51389,0.73516,0.62083,0.74531,0.56806,0.74687,0.54444,0.74375,0.54583,0.76094,0.65972,0.77578,0.61389,0.78203,0.58472,0.78359,0.57083,0.64218,0.82339,0.9998,0.76080,1.00000,0.8511,0.73479,0.83354,0.9958,0.71006,0.80511,0.70625,0.80000,134.24,0.9933,live,0.0828,0.0538,44.48,826.22
148630.145748,60.0,0.4694,2,2,0,0.69844,0.77500,0.65547,0.73056,0.63203,0.66806,0.63672,0.61389,0.64766,0.56667,0.66797,0.56667,0.66641,0.51944,0.66328,0.49861,0.66016,0.48472,0.69922,0.56944,0.70156,0.51806,0.69922,0.50000,0.69375,0.48889,0.72734,0.59306,0.73516,0.54444,0.73594,0.52083,0.73281,0.51111,0.75313,0.63194,0.76484,0.58750,0.77187,0.55972,0.77500,0.53750,0.64207,0.81872,0.9998,0.77713,1.00000,0.8569,0.73028,0.81155,0.9959,0.70774,0.79909,0.69844,0.77500,136.56,0.9913,live,0.0753,0.0408,33.71,825.40
148630.212378,60.0,0.5361,2,2,0,0.69453,0.74722,0.65078,0.70139,0.62656,0.64028,0.63047,0.58472,0.63828,0.53472,0.66172,0.53750,0.65859,0.49028,0.65469,0.46667,0.64922,0.44444,0.69141,0.53889,0.69297,0.48611,0.68984,0.46389,0.68281,0.44583,0.71797,0.55833,0.72578,0.50694,0.72578,0.48056,0.72266,0.46250,0.74375,0.59444,0.75391,0.55139,0.76016,0.52361,0.76328,0.49861,0.64187,0.81639,0.9998,0.77367,1.00000,0.8639,0.73015,0.77330,0.9961,0.70510,0.78871,0.69453,0.74722,136.57,0.9940,live,0.0673,0.0308,25.44,824.68
148630.278924,60.0,0.6026,2,2,0,0.68750,0.71389,0.64141,0.66806,0.61875,0.60417,0.62422,0.54444,0.62891,0.49028,0.65156,0.50139,0.64687,0.45139,0.64219,0.42361,0.63750,0.39722,0.68203,0.50139,0.68125,0.44583,0.67734,0.42222,0.67031,0.39583,0.70859,0.51944,0.71484,0.46667,0.71484,0.43750,0.71016,0.41806,0.73594,0.55278,0.74375,0.50417,0.74844,0.47500,0.74922,0.44722,0.64190,0.80789,0.9998,0.77313,1.00000,0.8654,0.72084,0.73662,0.9963,0.70158,0.77375,0.68750,0.71389,139.65,0.9934,live,0.0609,0.0320,26.43,826.27
148630.345194,60.0,0.6689,2,2,0,0.68125,0.67917,0.63516,0.63333,0.61328,0.56806,0.61875,0.50972,0.62266,0.45417,0.64453,0.46389,0.63984,0.41250,0.63516,0.38472,0.62969,0.35556,0.67500,0.46389,0.67422,0.40694,0.66953,0.38194,0.66016,0.35139,0.70156,0.48194,0.70781,0.42778,0.70547,0.39583,0.69922,0.37083,0.72891,0.51528,0.73594,0.46528,0.73984,0.43333,0.73984,0.40278,0.64181,0.80044,0.9998,0.77108,1.00000,0.8730,0.70318,0.68755,0.9965,0.69751,0.75483,0.68125,0.67917,141.04,0.9950,live,0.0609,0.0494,40.96,828.67
148630.412687,60.0,0.7364,2,2,0,0.67500,0.64861,0.62969,0.60000,0.60938,0.53194,0.61484,0.47083,0.61875,0.41528,0.63828,0.42778,0.63359,0.37500,0.62891,0.34444,0.62344,0.31250,0.66875,0.42639,0.66719,0.36944,0.66172,0.34028,0.65234,0.30694,0.69531,0.44444,0.70078,0.38750,0.69766,0.35556,0.69219,0.32639,0.72188,0.47639,0.72813,0.42639,0.73125,0.39306,0.73125,0.35833,0.64120,0.79938,0.9998,0.77081,1.00000,0.8796,0.69933,0.63977,0.9968,0.69301,0.73359,0.67500,0.64861,144.08,0.9936,live,0.0609,0.0688,57.27,832.97
148630.479181,60.0,0.8029,2,2,0,0.66953,0.62083,0.62500,0.57361,0.60547,0.50556,0.61016,0.44167,0.61328,0.38472,0.63281,0.39722,0.62891,0.34306,0.62344,0.31250,0.61797,0.27917,0.66406,0.39583,0.66172,0.33611,0.65547,0.30556,0.64609,0.27222,0.68984,0.41111,0.69531,0.35139,0.69063,0.31667,0.68516,0.28472,0.71562,0.44444,0.72109,0.39028,0.72266,0.35556,0.72266,0.31806,0.64084,0.79604,0.9998,0.76997,1.00000,0.8764,0.68786,0.61337,0.9967,0.68831,0.71104,0.66953,0.62083,145.31,0.9945,live,0.0660,0.0890,74.56,837.63
148630.545828,60.0,0.8695,2,2,0,0.66797,0.60417,0.62266,0.55417,0.60234,0.48750,0.60625,0.42222,0.60781,0.36250,0.62969,0.38333,0.62344,0.32639,0.61797,0.29306,0.61250,0.25833,0.66016,0.37917,0.65547,0.31667,0.64922,0.28333,0.63906,0.24722,0.68594,0.39444,0.68906,0.32917,0.68437,0.29306,0.67891,0.25972,0.71172,0.42500,0.71562,0.36806,0.71719,0.33056,0.71797,0.29306,0.64184,0.79534,0.9998,0.76931,1.00000,0.8736,0.68483,0.59889,0.9966,0.68425,0.68966,0.66797,0.60417,144.63,0.9915,live,0.0735,0.1079,90.76,841.25
148630.613076,60.0,0.9368,2,2,0,0.66641,0.59861,0.62031,0.54444,0.60156,0.47778,0.60547,0.41250,0.60625,0.35417,0.62813,0.37361,0.62109,0.31667,0.61562,0.28472,0.61016,0.24861,0.65781,0.36944,0.65312,0.30694,0.64609,0.27500,0.63594,0.23611,0.68281,0.38333,0.68594,0.31944,0.68125,0.28333,0.67578,0.25000,0.70859,0.41528,0.71250,0.35694,0.71406,0.32083,0.71484,0.28194,0.64183,0.78539,0.9998,0.77038,1.00000,0.8766,0.68522,0.58562,0.9968,0.68068,0.67145,0.66641,0.59861,146.13,0.9898,live,0.0823,0.1222,103.32,845.51
148630.679285,60.0,0.0030,2,1,1,0.66563,0.59583,0.61953,0.54167,0.59922,0.47500,0.60313,0.40972,0.60469,0.35000,0.62656,0.36944,0.62031,0.31389,0.61484,0.28333,0.60781,0.24722,0.65625,0.36528,0.65156,0.30278,0.64453,0.27222,0.63359,0.23333,0.68203,0.37917,0.68437,0.31528,0.67969,0.27917,0.67344,0.24722,0.70781,0.40833,0.71094,0.35139,0.71250,0.31389,0.71250,0.27639,0.64147,0.78564,0.9998,0.77053,1.00000,0.8792,0.68472,0.58190,0.9968,0.67767,0.65633,0.66563,0.59583,147.51,0.9903,live,0.0907,0.1291,109.76,850.26
148630.745975,60.0,0.0697,2,1,1,0.66328,0.59583,0.61719,0.54306,0.59766,0.47639,0.60156,0.41250,0.60391,0.35278,0.62422,0.37083,0.61797,0.31528,0.61250,0.28472,0.60469,0.25000,0.65391,0.36667,0.64922,0.30417,0.64219,0.27500,0.63125,0.23750,0.67891,0.37917,0.68281,0.31667,0.67734,0.28194,0.66953,0.25000,0.70547,0.40833,0.70859,0.35278,0.71016,0.31667,0.70937,0.27917,0.64007,0.79006,0.9998,0.76834,1.00000,0.8783,0.68180,0.58712,0.9967,0.67479,0.64423,0.66328,0.59583,146.96,0.9907,live,0.0978,0.1300,111.03,854.03
148630.812738,60.0,0.1364,2,1,1,0.66328,0.59861,0.61641,0.54722,0.59609,0.48056,0.59922,0.41667,0.60156,0.35694,0.62344,0.37639,0.61641,0.32083,0.61094,0.28889,0.60469,0.25417,0.65234,0.37222,0.64766,0.30972,0.64062,0.27917,0.62969,0.24306,0.67812,0.38472,0.68125,0.32083,0.67656,0.28611,0.66875,0.25278,0.70469,0.41250,0.70781,0.35694,0.70937,0.32083,0.70781,0.28472,0.63969,0.78280,0.9998,0.76927,1.00000,0.8827,0.67803,0.58713,0.9969,0.67249,0.63511,0.66328,0.59861,145.71,0.9882,live,0.1026,0.1244,106.54,856.46
148630.879017,60.0,0.2027,2,1,1,0.66172,0.60556,0.61641,0.55556,0.59609,0.48889,0.59922,0.42500,0.60078,0.36528,0.62187,0.38194,0.61562,0.32639,0.61016,0.29583,0.60391,0.26111,0.65156,0.37778,0.64687,0.31806,0.64062,0.28889,0.63047,0.25000,0.67734,0.39167,0.67969,0.33056,0.67500,0.29583,0.66875,0.26250,0.70391,0.41944,0.70703,0.36389,0.70781,0.32917,0.70625,0.29306,0.64270,0.78377,0.9998,0.76938,1.00000,0.8881,0.67480,0.58931,0.9970,0.67033,0.62920,0.66172,0.60556,146.57,0.9899,live,0.1026,0.1128,96.92,859.22
148630.946082,60.0,0.2698,2,1,1,0.66250,0.61389,0.61719,0.56389,0.59688,0.49722,0.60000,0.43333,0.60156,0.37500,0.62187,0.39167,0.61562,0.33611,0.61016,0.30556,0.60313,0.27083,0.65234,0.38750,0.64687,0.32778,0.63984,0.29722,0.62969,0.25972,0.67734,0.40139,0.68047,0.34028,0.67578,0.30556,0.66875,0.27222,0.70391,0.43056,0.70703,0.37639,0.70859,0.34167,0.70703,0.30556,0.64507,0.78297,0.9998,0.77001,1.00000,0.8908,0.67989,0.60774,0.9970,0.66877,0.62613,0.66250,0.61389,145.67,0.9912,live,0.1026,0.0968,83.36,860.99
148631.012866,60.0,0.3365,2,1,1,0.66172,0.62639,0.61797,0.57917,0.59766,0.51111,0.59922,0.44722,0.60078,0.38750,0.62187,0.40694,0.61641,0.35139,0.61016,0.32222,0.60391,0.29028,0.65156,0.40278,0.64687,0.34306,0.63906,0.31111,0.62813,0.27639,0.67812,0.41667,0.68047,0.35556,0.67578,0.32083,0.66797,0.28889,0.70391,0.44722,0.70703,0.39306,0.70859,0.35833,0.70625,0.32222,0.64413,0.78338,0.9998,0.76876,1.00000,0.8945,0.67950,0.61339,0.9971,0.66736,0.62619,0.66172,0.62639,144.08,0.9934,live,0.0981,0.0775,66.76,861.41
148631.079043,60.0,0.4027,2,1,1,0.66250,0.64583,0.61797,0.60139,0.59688,0.53194,0.60000,0.46667,0.60156,0.40972,0.62187,0.42778,0.61641,0.37361,0.61094,0.34583,0.60391,0.31667,0.65156,0.42361,0.64687,0.36389,0.63906,0.33611,0.62813,0.30278,0.67812,0.43750,0.68047,0.37917,0.67500,0.34583,0.66797,0.31528,0.70391,0.46944,0.70781,0.41667,0.70859,0.38194,0.70625,0.34861,0.64352,0.78347,0.9998,0.76892,1.00000,0.8996,0.67634,0.61448,0.9972,0.66639,0.63011,0.66250,0.64583,143.20,0.9952,live,0.0981,0.0781,67.27,861.15
148631.146065,60.0,0.4697,2,1,1,0.66563,0.67639,0.61953,0.63056,0.59531,0.56389,0.59609,0.50000,0.59844,0.44167,0.62109,0.46389,0.61484,0.40972,0.60859,0.37917,0.60078,0.34722,0.65078,0.45972,0.64609,0.40139,0.63750,0.37222,0.62656,0.33889,0.67734,0.47222,0.67969,0.41250,0.67422,0.37917,0.66641,0.35000,0.70391,0.50000,0.70781,0.44861,0.70859,0.41528,0.70703,0.38333,0.64348,0.79566,0.9998,0.76626,1.00000,0.9046,0.67509,0.63167,0.9974,0.66623,0.63937,0.66563,0.67639,141.42,0.9927,live,0.0883,0.0436,37.50,859.63
148631.213018,60.0,0.5367,2,1,1,0.66172,0.70972,0.61953,0.66528,0.59609,0.60000,0.59688,0.54028,0.59844,0.48611,0.62031,0.49722,0.61406,0.44722,0.60703,0.41944,0.59922,0.39028,0.65000,0.49583,0.64531,0.44028,0.63750,0.41528,0.62656,0.38611,0.67656,0.51111,0.67812,0.45417,0.67266,0.42639,0.66563,0.40278,0.70469,0.54306,0.70781,0.49167,0.70781,0.46250,0.70547,0.43472,0.63767,0.79586,0.9998,0.76487,1.00000,0.9041,0.67559,0.68166,0.9973,0.66533,0.65344,0.66172,0.70972,140.40,0.9960,live,0.0804,0.0444,38.09,857.56
148631.279138,60.0,0.6028,2,1,1,0.66250,0.74306,0.61875,0.69722,0.59531,0.63472,0.59609,0.57778,0.59688,0.52639,0.62031,0.53611,0.61328,0.48889,0.60625,0.46111,0.59844,0.43333,0.64844,0.53611,0.64531,0.47778,0.63750,0.45694,0.62578,0.43750,0.67422,0.55278,0.67578,0.49306,0.66875,0.46667,0.65938,0.45417,0.70234,0.58333,0.70625,0.53333,0.70547,0.50417,0.70156,0.48194,0.63805,0.79638,0.9997,0.75883,1.00000,0.8979,0.67419,0.71132,0.9970,0.66476,0.67136,0.66250,0.74306,136.18,0.9936,live,0.0736,0.0428,36.51,852.71
148631.347516,60.0,0.6712,2,1,1,0.66719,0.77083,0.62109,0.72917,0.59453,0.67083,0.59375,0.61389,0.59531,0.56250,0.62031,0.57361,0.61406,0.52639,0.60703,0.50000,0.59766,0.47778,0.64844,0.57222,0.64531,0.51667,0.63750,0.49722,0.62656,0.48333,0.67500,0.58750,0.67656,0.53194,0.66797,0.50694,0.65703,0.49583,0.70312,0.61806,0.70781,0.57083,0.70625,0.54167,0.70078,0.51944,0.64195,0.79658,0.9997,0.76390,1.00000,0.8958,0.67265,0.75385,0.9967,0.66525,0.69126,0.66719,0.77083,132.28,0.9884,live,0.0736,0.0567,47.92,845.62
148631.413030,60.0,0.7367,2,1,1,0.66328,0.78889,0.62031,0.75139,0.59453,0.69167,0.59297,0.63889,0.59844,0.58889,0.62266,0.58889,0.61719,0.54167,0.60859,0.52083,0.59922,0.50833,0.65078,0.59028,0.65156,0.52917,0.64297,0.51528,0.63047,0.51389,0.67656,0.60972,0.68125,0.55694,0.67266,0.53472,0.66094,0.53472,0.70391,0.64722,0.71094,0.60139,0.70937,0.57083,0.70234,0.55278,0.64202,0.79397,0.9997,0.75742,1.00000,0.8960,0.67229,0.76808,0.9964,0.66486,0.71078,0.66328,0.78889,130.91,0.9964,live,0.0736,0.0732,61.36,838.40
148631.479716,60.0,0.8034,2,1,1,0.66406,0.80000,0.62187,0.76528,0.59453,0.70694,0.59219,0.65417,0.59844,0.60417,0.62187,0.60278,0.61875,0.55278,0.61016,0.53194,0.60234,0.52639,0.65156,0.60278,0.65312,0.54028,0.64531,0.52639,0.63594,0.53333,0.67734,0.62222,0.68359,0.57083,0.67578,0.55000,0.66641,0.55694,0.70469,0.66111,0.71094,0.61528,0.70937,0.58750,0.70391,0.57778,0.64455,0.79407,0.9997,0.75683,1.00000,0.8914,0.67571,0.78983,0.9953,0.66470,0.72863,0.66406,0.80000,130.39,0.9963,live,0.0736,0.0890,73.98,831.67
148631.546007,60.0,0.8697,2,1,1,0.66484,0.80972,0.62266,0.77500,0.59531,0.71667,0.59141,0.66528,0.59766,0.61667,0.62266,0.61528,0.61875,0.56528,0.61016,0.54444,0.60156,0.53889,0.65234,0.61667,0.65469,0.55000,0.64687,0.53889,0.63594,0.55000,0.67969,0.63750,0.68672,0.58194,0.67891,0.56389,0.66797,0.57500,0.70625,0.67778,0.71328,0.63056,0.71016,0.60417,0.70234,0.59583,0.64442,0.79404,0.9997,0.75884,1.00000,0.8917,0.67572,0.79803,0.9951,0.66473,0.74485,0.66484,0.80972,128.71,0.9956,live,0.0791,0.1039,85.63,824.54
148631.613244,60.0,0.9369,2,1,1,0.66484,0.81944,0.62344,0.78194,0.59531,0.72500,0.58984,0.67500,0.59609,0.62500,0.62344,0.62778,0.62031,0.57361,0.61094,0.55694,0.60078,0.55278,0.65234,0.62917,0.65547,0.56250,0.64531,0.55139,0.63281,0.56389,0.68047,0.65139,0.68828,0.59583,0.67969,0.57778,0.66797,0.58472,0.70625,0.69028,0.71484,0.64306,0.71172,0.61806,0.70312,0.60972,0.64740,0.79009,0.9997,0.75809,1.00000,0.8897,0.67505,0.81156,0.9946,0.66475,0.75977,0.66484,0.81944,126.99,0.9943,live,0.0854,0.1143,93.37,817.03
148631.679628,60.0,0.0033,2,2,0,0.66328,0.82222,0.62266,0.78889,0.59297,0.73194,0.58750,0.68056,0.59609,0.63056,0.62187,0.63194,0.62031,0.57917,0.61172,0.56250,0.60234,0.56389,0.65078,0.63333,0.65391,0.56528,0.64375,0.55417,0.63125,0.57083,0.67891,0.65556,0.68750,0.59861,0.67891,0.58056,0.66719,0.58750,0.70547,0.69583,0.71406,0.65139,0.71094,0.62778,0.70234,0.61944,0.64636,0.79509,0.9997,0.75737,1.00000,0.8859,0.67576,0.82930,0.9940,0.66446,0.77226,0.66328,0.82222,126.53,0.9952,live,0.0913,0.1181,95.71,810.09
148631.746509,60.0,0.0702,2,2,0,0.66250,0.82361,0.62187,0.79028,0.59297,0.73333,0.58750,0.68333,0.59609,0.63333,0.62187,0.63333,0.62031,0.58056,0.61172,0.56528,0.60156,0.56667,0.65156,0.63472,0.65625,0.56389,0.64375,0.55556,0.63047,0.57639,0.67969,0.65694,0.68984,0.59861,0.67891,0.58472,0.66563,0.59722,0.70625,0.69861,0.71562,0.65000,0.71016,0.62917,0.70000,0.62778,0.64732,0.79300,0.9997,0.75994,1.00000,0.8841,0.68067,0.82391,0.9935,0.66406,0.78253,0.66250,0.82361,126.76,0.9958,live,0.0913,0.1156,92.96,804.14
148631.812852,60.0,0.1365,2,2,0,0.66250,0.82500,0.62187,0.79028,0.59375,0.73194,0.58828,0.68194,0.59609,0.63194,0.62187,0.63056,0.62031,0.57778,0.61172,0.56250,0.60234,0.56528,0.65156,0.63333,0.65469,0.56389,0.64375,0.55694,0.63125,0.57500,0.67969,0.65694,0.68828,0.59861,0.67891,0.58194,0.66641,0.59583,0.70625,0.69861,0.71562,0.65000,0.71172,0.62917,0.70234,0.62778,0.64736,0.79554,0.9997,0.76697,1.00000,0.8830,0.68381,0.82494,0.9933,0.66375,0.79102,0.66250,0.82500,128.37,0.9963,live,0.0971,0.1238,99.08,800.08
148631.879622,60.0,0.2033,2,2,0,0.66406,0.81944,0.62187,0.78611,0.59297,0.72917,0.58906,0.67778,0.59531,0.62778,0.62187,0.62917,0.61953,0.57500,0.61172,0.55694,0.60234,0.55556,0.65156,0.62917,0.65391,0.56250,0.64531,0.54861,0.63359,0.56250,0.67891,0.65139,0.68672,0.59861,0.67969,0.58056,0.66797,0.58472,0.70469,0.69028,0.71172,0.64861,0.71016,0.62500,0.70312,0.61250,0.64754,0.79881,0.9997,0.76557,1.00000,0.8816,0.68373,0.82509,0.9931,0.66381,0.79671,0.66406,0.81944,126.63,0.9940,live,0.0971,0.0955,75.95,795.24
148631.946486,60.0,0.2702,2,2,0,0.66328,0.80694,0.62031,0.77500,0.59219,0.71667,0.58984,0.66389,0.59531,0.61528,0.62266,0.61528,0.61953,0.56528,0.61016,0.54444,0.59844,0.54028,0.65156,0.61389,0.65391,0.55000,0.64453,0.53472,0.63203,0.54583,0.67891,0.63472,0.68437,0.58056,0.67656,0.56250,0.66484,0.57361,0.70469,0.67222,0.71250,0.62778,0.71016,0.60278,0.70391,0.59722,0.64731,0.79959,0.9996,0.76484,1.00000,0.8813,0.68515,0.82727,0.9931,0.66371,0.79875,0.66328,0.80694,127.63,0.9916,live,0.0971,0.0978,77.42,791.71
148632.013182,60.0,0.3369,2,2,0,0.66250,0.79444,0.61875,0.75833,0.59219,0.69861,0.59141,0.64583,0.59375,0.59444,0.62109,0.59861,0.61562,0.55000,0.60781,0.52917,0.60000,0.51667,0.64922,0.60139,0.64844,0.53889,0.64297,0.52361,0.63281,0.52083,0.67578,0.62222,0.68047,0.56944,0.67422,0.54583,0.66484,0.54861,0.70312,0.65972,0.71016,0.61389,0.71016,0.58333,0.70547,0.56667,0.64731,0.79756,0.9996,0.77457,1.00000,0.8825,0.68523,0.81744,0.9931,0.66347,0.79789,0.66250,0.79444,128.64,0.9901,live,0.0912,0.0640,50.52,789.33
148632.079877,60.0,0.4036,2,2,0,0.66094,0.77917,0.61797,0.73889,0.59297,0.68056,0.59062,0.62639,0.59531,0.57639,0.62266,0.57639,0.61719,0.52917,0.60859,0.50833,0.59844,0.49306,0.65000,0.57917,0.64922,0.51944,0.64219,0.50417,0.62969,0.49583,0.67578,0.60000,0.67969,0.54583,0.67266,0.52222,0.66094,0.52222,0.70312,0.63611,0.70937,0.58889,0.70859,0.55833,0.70234,0.54028,0.64736,0.78585,0.9996,0.77396,1.00000,0.8792,0.68479,0.79235,0.9926,0.66296,0.79415,0.66094,0.77917,131.65,0.9927,live,0.0836,0.0493,38.88,789.39
148632.146581,60.0,0.4703,2,2,0,0.66484,0.75556,0.62109,0.70833,0.59766,0.65000,0.59766,0.59583,0.60234,0.54444,0.62578,0.54861,0.61953,0.50417,0.61172,0.48194,0.60234,0.45833,0.65391,0.55000,0.65156,0.49722,0.64453,0.48056,0.63203,0.45972,0.67969,0.56806,0.68281,0.51806,0.67656,0.49306,0.66563,0.47917,0.70859,0.60278,0.71406,0.55694,0.71406,0.52778,0.71016,0.50278,0.64499,0.78235,0.9996,0.76782,1.00000,0.8753,0.68514,0.77560,0.9925,0.66334,0.78643,0.66484,0.75556,135.55,0.9957,live,0.0750,0.0356,28.17,792.26
148632.213221,60.0,0.5369,2,2,0,0.66797,0.72500,0.62344,0.67917,0.60078,0.61667,0.60234,0.55833,0.60469,0.50278,0.62578,0.51528,0.62109,0.46667,0.61406,0.44028,0.60625,0.41111,0.65547,0.51528,0.65312,0.46111,0.64687,0.43889,0.63672,0.41250,0.68203,0.53333,0.68516,0.48056,0.68047,0.45417,0.67266,0.43333,0.71094,0.56528,0.71562,0.51667,0.71641,0.48611,0.71328,0.45417,0.63518,0.78597,0.9997,0.75975,1.00000,0.8762,0.68231,0.71665,0.9928,0.66426,0.77414,0.66797,0.72500,138.62,0.9953,live,0.0678,0.0353,28.17,797.00
148632.279873,60.0,0.6035,2,2,0,0.67031,0.68611,0.62500,0.64028,0.60156,0.57639,0.60313,0.51389,0.60547,0.45833,0.62734,0.47500,0.62109,0.42222,0.61562,0.39444,0.60781,0.36389,0.65625,0.47222,0.65391,0.41667,0.64766,0.39028,0.63828,0.35833,0.68281,0.48750,0.68594,0.43472,0.68281,0.40417,0.67734,0.37639,0.71016,0.51667,0.71406,0.46806,0.71562,0.43611,0.71406,0.40417,0.63426,0.79304,0.9997,0.75944,1.00000,0.8814,0.68361,0.67322,0.9934,0.66547,0.75654,0.67031,0.68611,139.77,0.9940,live,0.0625,0.0381,30.57,801.99
148632.348504,60.0,0.6722,2,2,0,0.66563,0.65556,0.62109,0.60833,0.60156,0.54028,0.60469,0.47778,0.60547,0.42222,0.62656,0.43611,0.62109,0.38333,0.61484,0.35278,0.60781,0.32083,0.65625,0.43194,0.65312,0.37500,0.64687,0.34722,0.63672,0.31389,0.68203,0.44722,0.68437,0.39028,0.68047,0.35972,0.67344,0.32917,0.70937,0.47778,0.71250,0.42639,0.71328,0.39306,0.71172,0.35833,0.63448,0.79305,0.9997,0.76192,1.00000,0.8832,0.68345,0.64206,0.9938,0.66550,0.73634,0.66563,0.65556,144.26,0.9946,live,0.0625,0.0557,45.06,809.62
148632.413400,60.0,0.7371,2,2,0,0.66250,0.62778,0.61875,0.58056,0.60078,0.51111,0.60469,0.44861,0.60625,0.39167,0.62500,0.40556,0.62031,0.35139,0.61406,0.32083,0.60781,0.28611,0.65625,0.40278,0.65156,0.34444,0.64531,0.31528,0.63438,0.27778,0.68125,0.41806,0.68437,0.35972,0.67891,0.32639,0.67266,0.29306,0.70781,0.45139,0.70937,0.39444,0.70937,0.35972,0.70781,0.32083,0.63460,0.78963,0.9997,0.75835,1.00000,0.8895,0.67677,0.61650,0.9944,0.66490,0.71463,0.66250,0.62778,144.97,0.9957,live,0.0625,0.0743,60.66,816.85
148632.480037,60.0,0.8037,2,2,0,0.66172,0.60833,0.61719,0.55833,0.59922,0.49028,0.60234,0.42778,0.60313,0.36944,0.62500,0.38472,0.61953,0.32917,0.61328,0.29722,0.60625,0.26250,0.65469,0.38194,0.65000,0.31944,0.64219,0.28750,0.63203,0.25139,0.67969,0.39722,0.68203,0.33333,0.67656,0.29722,0.67031,0.26250,0.70469,0.43056,0.70625,0.37222,0.70547,0.33472,0.70391,0.29583,0.63507,0.78875,0.9997,0.76152,1.00000,0.8875,0.67710,0.60459,0.9945,0.66427,0.69337,0.66172,0.60833,144.37,0.9936,live,0.0679,0.0923,75.95,822.77
148632.546813,60.0,0.8705,2,2,0,0.66250,0.60000,0.61719,0.54722,0.59844,0.48056,0.60234,0.41667,0.60234,0.35833,0.62422,0.37500,0.61719,0.31944,0.61016,0.28611,0.60313,0.25139,0.65312,0.37083,0.64687,0.30833,0.63906,0.27500,0.62813,0.23611,0.67734,0.38472,0.67812,0.32083,0.67266,0.28333,0.66719,0.24861,0.70312,0.41667,0.70312,0.35694,0.70234,0.31944,0.70156,0.27917,0.63499,0.79389,0.9997,0.76151,1.00000,0.8812,0.67661,0.58935,0.9946,0.66391,0.67470,0.66250,0.60000,145.48,0.9916,live,0.0749,0.1071,88.76,828.79
148632.614167,60.0,0.9378,2,2,0,0.66250,0.59722,0.61719,0.54167,0.60078,0.47639,0.60078,0.41250,0.60156,0.35278,0.62266,0.37222,0.61719,0.31528,0.61016,0.28333,0.60391,0.24583,0.65234,0.36667,0.64687,0.30278,0.63984,0.27361,0.62813,0.23056,0.67578,0.38056,0.67734,0.31806,0.67188,0.28056,0.66641,0.24583,0.70234,0.41111,0.70234,0.35139,0.70156,0.31389,0.70000,0.27361,0.63599,0.79334,0.9997,0.76182,1.00000,0.8772,0.67537,0.58133,0.9947,0.66363,0.65920,0.66250,0.59722,146.37,0.9924,live,0.0824,0.1165,97.22,834.72
148632.680184,60.0,0.0039,2,1,1,0.66172,0.59722,0.61641,0.54028,0.60000,0.47639,0.60234,0.41250,0.60234,0.35417,0.62266,0.37083,0.61641,0.31528,0.60938,0.28333,0.60234,0.24722,0.65234,0.36667,0.64609,0.30417,0.63906,0.27500,0.62656,0.23333,0.67578,0.38056,0.67734,0.31806,0.67109,0.28333,0.66484,0.25139,0.70312,0.41250,0.70234,0.35278,0.70156,0.31528,0.70000,0.27639,0.63347,0.79332,0.9997,0.76308,1.00000,0.8828,0.67634,0.58572,0.9951,0.66325,0.64680,0.66172,0.59722,146.85,0.9937,live,0.0891,0.1197,100.57,840.28
148632.746932,60.0,0.0706,2,1,1,0.66172,0.59722,0.61641,0.54306,0.59922,0.47917,0.60234,0.41667,0.60234,0.35833,0.62187,0.37361,0.61562,0.31806,0.60938,0.28611,0.60234,0.25139,0.65156,0.36944,0.64609,0.30694,0.63906,0.27778,0.62813,0.23750,0.67578,0.38194,0.67734,0.32083,0.67188,0.28611,0.66563,0.25417,0.70312,0.41250,0.70312,0.35417,0.70234,0.31806,0.70000,0.27917,0.63468,0.79272,0.9997,0.76319,1.00000,0.8785,0.67637,0.58969,0.9951,0.66294,0.63689,0.66172,0.59722,146.07,0.9937,live,0.0941,0.1171,98.88,844.62
148632.813468,60.0,0.1371,2,1,1,0.66172,0.60278,0.61719,0.54861,0.60000,0.48333,0.60234,0.41944,0.60313,0.36111,0.62266,0.37778,0.61719,0.32083,0.61094,0.28889,0.60391,0.25417,0.65234,0.37361,0.64687,0.31111,0.64062,0.28194,0.62969,0.24306,0.67656,0.38750,0.67812,0.32500,0.67344,0.29028,0.66719,0.25694,0.70312,0.41806,0.70312,0.35972,0.70312,0.32361,0.70078,0.28472,0.63238,0.78857,0.9997,0.76347,1.00000,0.8756,0.67735,0.59188,0.9951,0.66270,0.63007,0.66172,0.60278,146.29,0.9927,live,0.0941,0.1074,91.13,848.59
148632.880310,60.0,0.2040,2,1,1,0.66094,0.60833,0.61641,0.55556,0.59844,0.48889,0.60078,0.42500,0.60156,0.36667,0.62266,0.38611,0.61641,0.32917,0.61016,0.29722,0.60234,0.26250,0.65234,0.38056,0.64609,0.31806,0.63906,0.28889,0.62813,0.24861,0.67656,0.39444,0.67734,0.33194,0.67266,0.29722,0.66641,0.26250,0.70312,0.42361,0.70312,0.36667,0.70234,0.33056,0.70000,0.29444,0.63266,0.78800,0.9997,0.76350,1.00000,0.8721,0.67755,0.59347,0.9951,0.66235,0.62572,0.66094,0.60833,145.43,0.9918,live,0.0941,0.0937,79.75,851.47
148632.946809,60.0,0.2705,2,1,1,0.66094,0.61806,0.61719,0.57083,0.59688,0.50278,0.59844,0.44028,0.60078,0.38056,0.62109,0.39583,0.61484,0.33889,0.60859,0.30972,0.60078,0.27639,0.65000,0.39167,0.64375,0.33056,0.63672,0.30000,0.62578,0.26250,0.67578,0.40417,0.67656,0.34444,0.67109,0.30972,0.66406,0.27500,0.70156,0.43333,0.70234,0.37778,0.70078,0.34306,0.69688,0.30694,0.63249,0.78848,0.9997,0.76366,1.00000,0.8748,0.67760,0.59930,0.9953,0.66206,0.62419,0.66094,0.61806,145.20,0.9942,live,0.0941,0.0947,80.87,853.84
148633.013599,60.0,0.3373,2,1,1,0.66016,0.63472,0.61641,0.58889,0.59531,0.52222,0.59609,0.45972,0.59688,0.40000,0.61875,0.41389,0.61250,0.35972,0.60547,0.33056,0.59844,0.29861,0.64766,0.40972,0.64062,0.35139,0.63203,0.32222,0.62109,0.28611,0.67344,0.42361,0.67266,0.36528,0.66719,0.33194,0.65938,0.30139,0.70000,0.45417,0.70000,0.40000,0.69844,0.36528,0.69453,0.32917,0.63179,0.78896,0.9997,0.76449,1.00000,0.8808,0.67744,0.60516,0.9956,0.66168,0.62629,0.66016,0.63472,144.50,0.9951,live,0.0877,0.0584,49.92,855.42
148633.080301,60.0,0.4040,2,1,1,0.66172,0.65833,0.61562,0.61250,0.59219,0.54306,0.59297,0.47778,0.59375,0.41944,0.61719,0.44306,0.61016,0.38750,0.60313,0.35694,0.59531,0.32500,0.64531,0.43750,0.63906,0.37917,0.63047,0.35000,0.61875,0.31528,0.67188,0.45000,0.67109,0.39028,0.66484,0.35833,0.65703,0.32917,0.69844,0.47778,0.70000,0.42361,0.69844,0.38889,0.69453,0.35417,0.63128,0.79372,0.9997,0.75839,1.00000,0.8858,0.67402,0.61309,0.9958,0.66169,0.63270,0.66172,0.65833,142.68,0.9938,live,0.0796,0.0426,36.48,855.50
148633.147037,60.0,0.4707,2,1,1,0.65938,0.68194,0.61562,0.63611,0.59141,0.56944,0.59062,0.50694,0.59297,0.44861,0.61406,0.46389,0.60781,0.41111,0.60156,0.38333,0.59375,0.35694,0.64375,0.46111,0.63828,0.40278,0.63047,0.37917,0.61797,0.35000,0.66875,0.47500,0.67031,0.41667,0.66328,0.38750,0.65469,0.36667,0.69688,0.50556,0.69844,0.45139,0.69688,0.41806,0.69219,0.38750,0.63137,0.80256,0.9998,0.75779,1.00000,0.8910,0.67347,0.65169,0.9961,0.66123,0.64255,0.65938,0.68194,143.39,0.9967,live,0.0706,0.0297,25.40,856.08
148633.213849,60.0,0.5375,2,1,1,0.65781,0.70972,0.61484,0.66389,0.59062,0.59861,0.58984,0.53889,0.59141,0.48472,0.61406,0.50139,0.60625,0.45000,0.59844,0.42222,0.59062,0.39028,0.64141,0.50000,0.63516,0.44306,0.62656,0.41806,0.61406,0.38472,0.66719,0.51250,0.66563,0.45694,0.65938,0.42778,0.65078,0.40417,0.69531,0.54028,0.69609,0.48750,0.69375,0.45694,0.68828,0.42917,0.63238,0.80508,0.9997,0.74294,1.00000,0.8907,0.67295,0.67466,0.9961,0.66054,0.65598,0.65781,0.70972,137.84,0.9951,live,0.0633,0.0299,25.52,852.60
148633.280383,60.0,0.6041,2,1,1,0.65781,0.74306,0.61328,0.70000,0.58828,0.63889,0.58750,0.58194,0.58672,0.53056,0.61016,0.53889,0.60313,0.48889,0.59609,0.46250,0.58750,0.43333,0.63828,0.53750,0.63281,0.48056,0.62422,0.45972,0.61172,0.43611,0.66328,0.55278,0.66172,0.49583,0.65391,0.46944,0.64453,0.45417,0.69219,0.58194,0.69375,0.53056,0.69063,0.50000,0.68437,0.47639,0.62964,0.80501,0.9997,0.74261,1.00000,0.8840,0.66818,0.69111,0.9960,0.66000,0.67340,0.65781,0.74306,135.70,0.9939,live,0.0633,0.0420,35.63,847.99
148633.349102,60.0,0.6728,2,1,1,0.65781,0.77778,0.61250,0.73611,0.58828,0.67778,0.58516,0.62222,0.58437,0.57361,0.60938,0.57639,0.60313,0.52917,0.59531,0.50417,0.58516,0.48333,0.63750,0.57500,0.63359,0.51667,0.62500,0.50139,0.61094,0.49028,0.66328,0.59028,0.66328,0.53472,0.65469,0.51111,0.64375,0.50556,0.69219,0.62083,0.69375,0.57222,0.68984,0.54306,0.68203,0.52361,0.63236,0.79149,0.9997,0.74267,1.00000,0.8828,0.66757,0.75791,0.9959,0.65956,0.69427,0.65781,0.77778,134.50,0.9935,live,0.0633,0.0600,50.62,843.07
148633.414549,60.0,0.7382,2,1,1,0.65547,0.80000,0.61328,0.76111,0.58672,0.70417,0.58203,0.65278,0.58594,0.60278,0.61094,0.60139,0.60547,0.55000,0.59609,0.53056,0.58672,0.52222,0.63828,0.60278,0.63906,0.53750,0.63047,0.52500,0.61953,0.52778,0.66484,0.62083,0.67031,0.56528,0.66172,0.54583,0.65078,0.55139,0.69219,0.65556,0.69766,0.60556,0.69219,0.58056,0.68203,0.57361,0.63422,0.78891,0.9998,0.74305,1.00000,0.8812,0.67066,0.78754,0.9953,0.65874,0.71542,0.65547,0.80000,130.71,0.9945,live,0.0633,0.0788,65.85,836.01
148633.480611,60.0,0.8043,2,1,1,0.65625,0.81528,0.61484,0.77778,0.58672,0.71944,0.58203,0.66944,0.58516,0.61806,0.61328,0.62361,0.60781,0.56806,0.59766,0.55278,0.58750,0.55139,0.64141,0.62500,0.64297,0.55556,0.63125,0.54722,0.61797,0.55556,0.66875,0.64444,0.67578,0.58750,0.66563,0.57083,0.65234,0.57917,0.69531,0.68194,0.70234,0.63472,0.69531,0.60833,0.68281,0.60000,0.63940,0.78672,0.9998,0.74422,1.00000,0.8859,0.67333,0.82282,0.9953,0.65824,0.73539,0.65625,0.81528,127.05,0.9925,live,0.0693,0.0970,80.22,827.16
148633.547060,60.0,0.8707,2,1,1,0.65859,0.82500,0.61562,0.79306,0.58750,0.73333,0.58281,0.68194,0.58672,0.62917,0.61641,0.63889,0.61172,0.58194,0.60000,0.56667,0.58828,0.56944,0.64453,0.64167,0.64687,0.56806,0.63203,0.56250,0.61641,0.58056,0.67188,0.66111,0.67969,0.60000,0.66875,0.58611,0.65391,0.59861,0.69766,0.70000,0.70625,0.64861,0.69844,0.62639,0.68437,0.62361,0.64144,0.78673,0.9998,0.74644,1.00000,0.8907,0.67332,0.83445,0.9954,0.65831,0.75331,0.65859,0.82500,123.39,0.9895,live,0.0770,0.1121,91.56,816.75
148633.613947,60.0,0.9376,2,1,1,0.66016,0.83333,0.61797,0.80139,0.58828,0.74444,0.58281,0.69583,0.58828,0.64444,0.61719,0.65000,0.61484,0.58889,0.60469,0.57639,0.59375,0.58472,0.64609,0.65417,0.65000,0.57639,0.63594,0.57222,0.62109,0.59861,0.67422,0.67500,0.68281,0.60972,0.67031,0.59722,0.65391,0.61667,0.70078,0.71528,0.71094,0.66250,0.70234,0.64028,0.68594,0.64028,0.64125,0.79884,0.9998,0.74316,1.00000,0.8900,0.67334,0.85149,0.9951,0.65868,0.76932,0.66016,0.83333,122.44,0.9894,live,0.0851,0.1220,98.46,806.90
148633.680603,60.0,0.0043,2,2,0,0.66016,0.83889,0.61875,0.80694,0.58906,0.75278,0.58359,0.70556,0.58906,0.65556,0.61641,0.65694,0.61562,0.59583,0.60547,0.58472,0.59688,0.59722,0.64687,0.66111,0.65312,0.58472,0.63828,0.58194,0.62422,0.61111,0.67578,0.68611,0.68594,0.62083,0.67344,0.61111,0.65781,0.62778,0.70312,0.72917,0.71406,0.68056,0.70781,0.65833,0.69375,0.65278,0.64451,0.79848,0.9998,0.74562,1.00000,0.8897,0.67432,0.85052,0.9950,0.65898,0.78323,0.66016,0.83889,122.61,0.9884,live,0.0927,0.1270,101.36,798.35
148633.747532,60.0,0.0712,2,2,0,0.66016,0.84167,0.61875,0.80972,0.58984,0.75417,0.58437,0.70694,0.59219,0.65694,0.61875,0.65972,0.61641,0.59861,0.60625,0.58750,0.59609,0.59722,0.64922,0.66528,0.65391,0.58750,0.63906,0.58611,0.62500,0.61528,0.67812,0.69028,0.68672,0.62639,0.67344,0.61667,0.65781,0.63333,0.70469,0.73333,0.71562,0.68611,0.70859,0.66389,0.69609,0.65694,0.64888,0.80203,0.9998,0.75001,1.00000,0.8923,0.67726,0.85803,0.9948,0.65921,0.79492,0.66016,0.84167,121.95,0.9933,live,0.0988,0.1266,100.08,790.35
148633.814137,60.0,0.1378,2,2,0,0.65859,0.84167,0.61875,0.81111,0.58984,0.75556,0.58516,0.70694,0.59453,0.65833,0.61875,0.65556,0.61719,0.59583,0.60781,0.58472,0.59844,0.59583,0.65000,0.65972,0.65312,0.58750,0.63906,0.58472,0.62500,0.61111,0.67891,0.68611,0.68828,0.62639,0.67578,0.61389,0.66094,0.62500,0.70547,0.73194,0.71641,0.68611,0.71094,0.66250,0.69844,0.65417,0.64872,0.81104,0.9997,0.75257,1.00000,0.8935,0.67990,0.85895,0.9949,0.65909,0.80427,0.65859,0.84167,124.48,0.9962,live,0.0988,0.1200,94.25,785.13
148633.881032,60.0,0.2047,2,2,0,0.65938,0.83611,0.61875,0.80694,0.58984,0.75000,0.58594,0.70278,0.59375,0.65278,0.61953,0.65000,0.61797,0.59028,0.60781,0.57778,0.59766,0.58750,0.65000,0.65556,0.65391,0.58056,0.63906,0.57500,0.62500,0.60000,0.67812,0.68194,0.68750,0.61944,0.67500,0.60417,0.66172,0.61389,0.70469,0.72639,0.71406,0.67917,0.70937,0.65417,0.69922,0.64306,0.65016,0.81229,0.9997,0.75691,1.00000,0.8964,0.68293,0.85790,0.9949,0.65915,0.81064,0.65938,0.83611,123.51,0.9963,live,0.0988,0.1075,83.80,779.84
148633.947835,60.0,0.2715,2,2,0,0.66016,0.82778,0.61797,0.79861,0.58984,0.74306,0.58437,0.69444,0.59062,0.64306,0.61953,0.64167,0.61797,0.58333,0.60703,0.56806,0.59453,0.57500,0.64922,0.64583,0.65234,0.57222,0.63828,0.56389,0.62344,0.58472,0.67656,0.66944,0.68594,0.61250,0.67578,0.59583,0.66172,0.60278,0.70234,0.71250,0.71172,0.66667,0.70703,0.64167,0.69766,0.63194,0.65060,0.79915,0.9997,0.75847,1.00000,0.8869,0.68648,0.85407,0.9940,0.65935,0.81406,0.66016,0.82778,123.03,0.9957,live,0.0988,0.1113,86.27,774.84
148634.014347,60.0,0.3380,2,2,0,0.65859,0.81528,0.61562,0.78750,0.58750,0.73056,0.58437,0.68056,0.58984,0.62917,0.61719,0.62917,0.61406,0.57083,0.60391,0.55278,0.59219,0.55972,0.64687,0.62917,0.65078,0.55972,0.63828,0.54722,0.62344,0.56667,0.67500,0.65278,0.68281,0.59861,0.67344,0.58056,0.65938,0.59167,0.70078,0.69306,0.70937,0.64861,0.70469,0.62500,0.69531,0.61806,0.65043,0.79043,0.9997,0.76203,1.00000,0.8911,0.68736,0.85355,0.9941,0.65920,0.81431,0.65859,0.81528,124.66,0.9933,live,0.0988,0.0923,71.21,771.62
148634.080897,60.0,0.4046,2,2,0,0.65938,0.80694,0.61562,0.77917,0.58672,0.72083,0.58359,0.66806,0.58828,0.61667,0.61562,0.61806,0.61172,0.56389,0.60234,0.54167,0.59141,0.54306,0.64453,0.61806,0.64687,0.55000,0.63672,0.53333,0.62344,0.54722,0.67344,0.63889,0.67891,0.58056,0.67109,0.56111,0.65859,0.57222,0.70000,0.67639,0.70703,0.62917,0.70312,0.60556,0.69297,0.59861,0.65039,0.78107,0.9997,0.76186,1.00000,0.8933,0.68638,0.83421,0.9941,0.65923,0.81283,0.65938,0.80694,126.93,0.9902,live,0.0913,0.0570,43.94,770.41
148634.147679,60.0,0.4714,2,2,0,0.65625,0.79167,0.61250,0.75278,0.58594,0.69444,0.58281,0.64306,0.58672,0.59167,0.61484,0.59167,0.60859,0.54306,0.59922,0.52222,0.58828,0.51250,0.64219,0.59444,0.64219,0.53194,0.63438,0.51528,0.62266,0.51389,0.66875,0.61667,0.67266,0.56111,0.66563,0.53889,0.65469,0.53889,0.69609,0.65417,0.70156,0.60833,0.69922,0.57917,0.69297,0.56250,0.64960,0.77949,0.9997,0.76101,1.00000,0.8950,0.68137,0.80594,0.9941,0.65864,0.80860,0.65625,0.79167,130.32,0.9932,live,0.0824,0.0420,32.41,771.79
148634.214321,60.0,0.5380,2,2,0,0.65391,0.76667,0.60859,0.72500,0.58516,0.66528,0.58281,0.61250,0.58516,0.56111,0.60938,0.55833,0.60156,0.51528,0.59219,0.49306,0.58203,0.47083,0.63750,0.55972,0.63281,0.50556,0.62266,0.49167,0.60781,0.47778,0.66328,0.57778,0.66406,0.52361,0.65312,0.49861,0.63906,0.49167,0.69219,0.61111,0.69531,0.56111,0.69063,0.53194,0.68125,0.51389,0.64677,0.78051,0.9997,0.75886,1.00000,0.8856,0.68016,0.79691,0.9932,0.65769,0.80021,0.65391,0.76667,136.45,0.9956,live,0.0728,0.0289,22.48,777.42
148634.280954,60.0,0.6046,2,2,0,0.65000,0.73889,0.60625,0.69583,0.58359,0.63472,0.58125,0.57778,0.58359,0.52639,0.60469,0.52778,0.59688,0.48194,0.58828,0.45833,0.57812,0.43194,0.63203,0.52639,0.62734,0.47222,0.61875,0.45417,0.60391,0.43333,0.65781,0.54028,0.65703,0.48750,0.64844,0.46250,0.63516,0.45000,0.68672,0.57083,0.68750,0.51944,0.68281,0.49028,0.67344,0.46944,0.63963,0.78068,0.9997,0.75474,1.00000,0.8852,0.66120,0.70666,0.9931,0.65615,0.78795,0.65000,0.73889,139.17,0.9963,live,0.0641,0.0248,19.41,784.33
148634.347789,60.0,0.6715,2,2,0,0.64609,0.71111,0.60234,0.66667,0.58047,0.60417,0.57969,0.54444,0.58203,0.49028,0.60078,0.49861,0.59375,0.45000,0.58516,0.42361,0.57500,0.39583,0.62813,0.49583,0.62266,0.44028,0.61328,0.41806,0.59844,0.39167,0.65391,0.50972,0.65391,0.45556,0.64609,0.42917,0.63438,0.41111,0.68203,0.54028,0.68203,0.49028,0.67891,0.45972,0.67031,0.43333,0.63523,0.78405,0.9997,0.75402,1.00000,0.8784,0.65670,0.68568,0.9932,0.65414,0.77258,0.64609,0.71111,139.97,0.9956,live,0.0596,0.0389,30.77,790.99
148634.414650,60.0,0.7383,2,2,0,0.64375,0.68472,0.60078,0.64167,0.57812,0.57778,0.57734,0.51667,0.58047,0.45972,0.59844,0.47083,0.58984,0.42083,0.58125,0.39167,0.57188,0.36111,0.62656,0.46667,0.61953,0.41111,0.61016,0.38611,0.59609,0.35417,0.65234,0.48056,0.65234,0.42361,0.64453,0.39583,0.63438,0.37083,0.67969,0.51111,0.67891,0.45972,0.67578,0.43056,0.66953,0.39861,0.63085,0.78902,0.9997,0.75438,1.00000,0.8755,0.65606,0.66900,0.9934,0.65206,0.75501,0.64375,0.68472,141.06,0.9965,live,0.0596,0.0548,43.70,797.64
148634.481022,60.0,0.8047,2,2,0,0.64141,0.66389,0.59844,0.62083,0.57656,0.55556,0.57656,0.49444,0.57969,0.43889,0.59766,0.44583,0.58906,0.39167,0.58047,0.36250,0.57031,0.33056,0.62656,0.44306,0.61953,0.38472,0.60938,0.35694,0.59531,0.32361,0.65156,0.45694,0.65312,0.39861,0.64531,0.36806,0.63594,0.33889,0.67812,0.48889,0.67891,0.43750,0.67656,0.40556,0.67188,0.37222,0.62901,0.78929,0.9997,0.75421,1.00000,0.8750,0.65418,0.64202,0.9937,0.64993,0.73679,0.64141,0.66389,142.22,0.9966,live,0.0596,0.0710,57.10,804.32
148634.547756,60.0,0.8714,2,2,0,0.64141,0.65417,0.59766,0.60694,0.57734,0.54306,0.57812,0.47917,0.57969,0.42222,0.59844,0.43056,0.59062,0.37639,0.58281,0.34722,0.57266,0.31528,0.62656,0.42639,0.62031,0.36667,0.61094,0.33889,0.59688,0.30278,0.65156,0.44028,0.65234,0.38056,0.64531,0.34861,0.63594,0.32083,0.67812,0.47222,0.67812,0.41806,0.67656,0.38611,0.67344,0.35139,0.62917,0.78949,0.9997,0.75419,1.00000,0.8809,0.65365,0.62294,0.9942,0.64823,0.72026,0.64141,0.65417,145.18,0.9961,live,0.0642,0.0852,69.19,812.33
148634.614595,60.0,0.9383,2,2,0,0.64453,0.65000,0.60000,0.60000,0.57812,0.53333,0.57812,0.46667,0.57891,0.40833,0.60078,0.42500,0.59297,0.36806,0.58437,0.33889,0.57422,0.30556,0.62891,0.42083,0.62187,0.35833,0.61250,0.32917,0.59844,0.29028,0.65312,0.43333,0.65312,0.37083,0.64531,0.33889,0.63594,0.30972,0.67969,0.46250,0.67969,0.40694,0.67734,0.37222,0.67422,0.33750,0.62915,0.79082,0.9997,0.75995,1.00000,0.8871,0.65386,0.62490,0.9946,0.64749,0.70621,0.64453,0.65000,146.12,0.9939,live,0.0698,0.0954,78.23,820.05
148634.681223,60.0,0.0049,2,1,1,0.64531,0.64444,0.59922,0.59306,0.57969,0.52639,0.58047,0.45972,0.58047,0.40278,0.60156,0.41944,0.59531,0.36250,0.58672,0.33333,0.57656,0.30000,0.62969,0.41528,0.62266,0.35278,0.61406,0.32500,0.60078,0.28750,0.65469,0.42778,0.65391,0.36528,0.64687,0.33333,0.63828,0.30278,0.68125,0.45694,0.68047,0.40139,0.67812,0.36667,0.67344,0.33194,0.62991,0.78760,0.9997,0.76111,1.00000,0.8894,0.65392,0.60471,0.9949,0.64705,0.69386,0.64531,0.64444,146.44,0.9934,live,0.0755,0.1015,83.94,827.08
148634.747552,60.0,0.0712,2,1,1,0.64531,0.64028,0.60156,0.59028,0.58047,0.52500,0.58047,0.45833,0.58203,0.40000,0.60313,0.41389,0.59609,0.35833,0.58750,0.32917,0.57812,0.29722,0.63125,0.40972,0.62422,0.35000,0.61484,0.32222,0.60078,0.28472,0.65625,0.42500,0.65625,0.36111,0.64844,0.32917,0.63906,0.30000,0.68203,0.45417,0.68125,0.39861,0.67969,0.36389,0.67500,0.32917,0.63001,0.78748,0.9997,0.76382,1.00000,0.8949,0.65342,0.60458,0.9953,0.64670,0.68314,0.64531,0.64028,146.44,0.9945,live,0.0817,0.1099,91.61,833.27
148634.814592,60.0,0.1383,2,1,1,0.64531,0.63750,0.60078,0.58750,0.58281,0.52361,0.58203,0.45972,0.58203,0.40000,0.60234,0.41250,0.59609,0.35694,0.58750,0.32917,0.57734,0.29583,0.63125,0.40833,0.62344,0.34722,0.61484,0.32083,0.60000,0.28194,0.65547,0.42222,0.65625,0.36111,0.64844,0.32917,0.63984,0.30000,0.68281,0.45278,0.68125,0.39722,0.67891,0.36250,0.67500,0.32639,0.62920,0.78839,0.9997,0.76400,1.00000,0.8969,0.66207,0.60895,0.9955,0.64643,0.67401,0.64531,0.63750,146.37,0.9955,live,0.0817,0.0989,82.97,838.66
148634.881140,60.0,0.2048,2,1,1,0.64609,0.63889,0.60234,0.58889,0.58437,0.52361,0.58437,0.46111,0.58281,0.40139,0.60391,0.41250,0.59688,0.35833,0.58828,0.32917,0.57891,0.29583,0.63281,0.40833,0.62500,0.34861,0.61641,0.32222,0.60234,0.28333,0.65703,0.42361,0.65703,0.36250,0.65000,0.33056,0.64062,0.30000,0.68359,0.45556,0.68281,0.40000,0.68047,0.36528,0.67578,0.32917,0.62950,0.78846,0.9997,0.76061,1.00000,0.9029,0.66375,0.61098,0.9959,0.64636,0.66699,0.64609,0.63889,146.41,0.9961,live,0.0817,0.0909,76.68,843.44
148634.947717,60.0,0.2714,2,1,1,0.64609,0.63889,0.60234,0.59028,0.58437,0.52500,0.58437,0.46250,0.58203,0.40278,0.60313,0.41667,0.59688,0.36111,0.58828,0.33194,0.57969,0.29722,0.63281,0.41111,0.62500,0.35000,0.61641,0.32361,0.60234,0.28194,0.65703,0.42500,0.65703,0.36667,0.64922,0.33333,0.64062,0.30278,0.68516,0.45833,0.68359,0.40278,0.68125,0.36806,0.67656,0.33194,0.62975,0.78854,0.9997,0.76061,1.00000,0.9083,0.66261,0.60789,0.9961,0.64631,0.66137,0.64609,0.63889,145.64,0.9967,live,0.0817,0.0953,80.70,847.09
148635.014826,60.0,0.3385,2,1,1,0.64609,0.64028,0.60313,0.59306,0.58516,0.52639,0.58594,0.46389,0.58359,0.40417,0.60391,0.41944,0.59766,0.36389,0.58906,0.33472,0.58047,0.30139,0.63359,0.41389,0.62578,0.35278,0.61797,0.32639,0.60391,0.28750,0.65781,0.42778,0.65859,0.36944,0.65156,0.33611,0.64297,0.30556,0.68516,0.45833,0.68437,0.40278,0.68281,0.36944,0.67812,0.33333,0.62984,0.79131,0.9997,0.76186,1.00000,0.9123,0.66217,0.60498,0.9964,0.64626,0.65715,0.64609,0.64028,144.91,0.9966,live,0.0817,0.0677,57.53,849.77
148635.081171,60.0,0.4048,2,1,1,0.65000,0.64583,0.60625,0.60000,0.58672,0.53333,0.58750,0.46944,0.58516,0.41111,0.60547,0.42500,0.59922,0.36806,0.59141,0.34028,0.58203,0.30694,0.63516,0.41944,0.62813,0.35833,0.61875,0.33194,0.60547,0.29444,0.66016,0.43333,0.66094,0.37500,0.65469,0.34306,0.64609,0.31250,0.68750,0.46528,0.68750,0.40972,0.68594,0.37639,0.68203,0.34167,0.62969,0.79539,0.9997,0.76193,1.00000,0.9167,0.66135,0.60588,0.9966,0.64701,0.65489,0.65000,0.64583,145.13,0.9967,live,0.0770,0.0553,47.14,852.29
148635.148087,60.0,0.4718,2,1,1,0.65234,0.65972,0.60859,0.61250,0.58750,0.54583,0.58828,0.48333,0.58906,0.42500,0.60781,0.43333,0.60078,0.38056,0.59375,0.35417,0.58516,0.32361,0.63672,0.42917,0.62969,0.37083,0.62187,0.34583,0.60938,0.31111,0.66172,0.44444,0.66328,0.38750,0.65703,0.35694,0.64922,0.32917,0.68984,0.47778,0.69063,0.42500,0.68984,0.39306,0.68594,0.35833,0.63305,0.79634,0.9997,0.75792,1.00000,0.9103,0.66327,0.62254,0.9966,0.64808,0.65585,0.65234,0.65972,147.29,0.9959,live,0.0709,0.0433,37.03,856.06
148635.214827,60.0,0.5385,2,1,1,0.65391,0.68056,0.60938,0.63472,0.58672,0.56667,0.58750,0.50278,0.58750,0.44444,0.60938,0.45833,0.60156,0.40139,0.59453,0.37222,0.58750,0.34028,0.63906,0.45556,0.63359,0.39722,0.62578,0.36806,0.61406,0.33611,0.66563,0.47083,0.66875,0.41111,0.66172,0.38056,0.65312,0.35139,0.69297,0.50278,0.69531,0.45139,0.69453,0.41944,0.69063,0.38611,0.63292,0.79763,0.9997,0.75796,1.00000,0.9046,0.66482,0.63232,0.9965,0.64924,0.66079,0.65391,0.68056,145.52,0.9957,live,0.0641,0.0330,28.32,858.11
148635.281066,60.0,0.6047,2,1,1,0.65391,0.70972,0.61016,0.66250,0.58750,0.59722,0.58750,0.53472,0.58750,0.47639,0.61094,0.49583,0.60234,0.43889,0.59453,0.40694,0.58672,0.37361,0.64062,0.49444,0.63438,0.43333,0.62656,0.40556,0.61562,0.37361,0.66719,0.50972,0.66953,0.45139,0.66328,0.41944,0.65625,0.39167,0.69531,0.54306,0.69766,0.49167,0.69688,0.46250,0.69375,0.43472,0.63633,0.80958,0.9997,0.75619,1.00000,0.9044,0.66764,0.68001,0.9966,0.65018,0.67058,0.65391,0.70972,140.97,0.9959,live,0.0585,0.0333,28.50,856.63
148635.348159,60.0,0.6718,2,1,1,0.65312,0.74583,0.60859,0.69722,0.58672,0.63333,0.58594,0.57222,0.58516,0.51806,0.61094,0.53611,0.60313,0.48194,0.59531,0.45000,0.58594,0.41806,0.63984,0.53611,0.63594,0.47639,0.62734,0.45000,0.61406,0.42222,0.66641,0.55417,0.66875,0.49444,0.66094,0.46528,0.65156,0.44306,0.69375,0.58611,0.69844,0.53889,0.69766,0.50972,0.69453,0.48333,0.63666,0.80943,0.9997,0.75257,1.00000,0.8986,0.66758,0.71052,0.9963,0.65077,0.68563,0.65312,0.74583,137.62,0.9955,live,0.0528,0.0268,22.87,852.92
148635.415079,60.0,0.7388,2,1,1,0.65703,0.78056,0.61094,0.73333,0.58516,0.67222,0.58437,0.61111,0.58281,0.55833,0.61250,0.57361,0.60547,0.52222,0.59688,0.49306,0.58594,0.46528,0.64141,0.57500,0.63906,0.51528,0.62969,0.49444,0.61562,0.47361,0.66797,0.59444,0.67188,0.53611,0.66250,0.50833,0.65000,0.49028,0.69453,0.62917,0.70312,0.58750,0.70312,0.55972,0.69844,0.53472,0.63778,0.80360,0.9997,0.75154,1.00000,0.9024,0.66753,0.75910,0.9965,0.65202,0.70462,0.65703,0.78056,135.08,0.9906,live,0.0528,0.0431,36.55,847.83
148635.481613,60.0,0.8053,2,1,1,0.65312,0.81111,0.60938,0.76806,0.58437,0.70556,0.58281,0.64861,0.58203,0.59444,0.61406,0.60833,0.60781,0.55278,0.59922,0.52778,0.58906,0.50972,0.64297,0.61111,0.64375,0.54861,0.63672,0.52778,0.62500,0.51944,0.67031,0.63333,0.67656,0.57639,0.67031,0.55139,0.66016,0.54167,0.69688,0.67361,0.70781,0.63056,0.70859,0.60417,0.70312,0.58750,0.63912,0.80012,0.9997,0.73673,1.00000,0.9007,0.66753,0.81292,0.9964,0.65224,0.72591,0.65312,0.81111,132.15,0.9930,live,0.0528,0.0615,51.71,841.24
148635.548250,60.0,0.8719,2,1,1,0.65312,0.83472,0.61016,0.79306,0.58437,0.73194,0.58203,0.67778,0.58281,0.62639,0.61562,0.63889,0.61016,0.58333,0.60078,0.55972,0.59141,0.54583,0.64531,0.64167,0.64844,0.57639,0.64141,0.55694,0.63047,0.55556,0.67266,0.66806,0.68203,0.61250,0.67734,0.58889,0.66719,0.58472,0.69844,0.71111,0.71250,0.67222,0.71328,0.64861,0.70703,0.63611,0.64011,0.79173,0.9997,0.73511,1.00000,0.9018,0.66750,0.82506,0.9963,0.65242,0.74768,0.65312,0.83472,128.15,0.9916,live,0.0579,0.0808,67.27,832.56
148635.615086,60.0,0.9388,2,1,1,0.65156,0.84861,0.61016,0.81111,0.58437,0.75139,0.58203,0.69861,0.58516,0.64722,0.61484,0.65556,0.61172,0.60000,0.60313,0.57917,0.59453,0.57361,0.64609,0.65833,0.65000,0.58750,0.64062,0.57222,0.62969,0.58611,0.67422,0.68750,0.68594,0.62639,0.67812,0.60417,0.66641,0.60417,0.70000,0.73611,0.71719,0.69861,0.71797,0.67500,0.71094,0.66250,0.64292,0.79335,0.9997,0.72370,1.00000,0.8973,0.66843,0.87340,0.9958,0.65225,0.76786,0.65156,0.84861,127.35,0.9938,live,0.0653,0.0990,81.64,824.34
148635.681535,60.0,0.0052,2,2,0,0.65078,0.85417,0.61016,0.81944,0.58437,0.75833,0.58281,0.70694,0.58672,0.65556,0.61484,0.66111,0.61172,0.60556,0.60469,0.58611,0.59688,0.58611,0.64687,0.66528,0.65078,0.59306,0.64141,0.57917,0.62891,0.59583,0.67500,0.69583,0.68750,0.63333,0.67969,0.61250,0.66563,0.61528,0.70078,0.74722,0.71875,0.70556,0.71953,0.68333,0.71094,0.67361,0.64263,0.79460,0.9996,0.71875,1.00000,0.8970,0.66780,0.87278,0.9959,0.65195,0.78512,0.65078,0.85417,127.23,0.9959,live,0.0741,0.1141,93.24,817.02
148635.748284,60.0,0.0720,2,2,0,0.65312,0.85278,0.61250,0.81944,0.58594,0.75694,0.58359,0.70278,0.58984,0.65278,0.61719,0.65833,0.61484,0.60139,0.60703,0.58056,0.59531,0.57778,0.64844,0.66250,0.65391,0.58889,0.64375,0.57361,0.62969,0.58889,0.67656,0.69167,0.68828,0.63194,0.68125,0.60972,0.66797,0.60972,0.70156,0.74167,0.71797,0.70278,0.72031,0.68056,0.71484,0.66944,0.64796,0.79441,0.9996,0.72011,1.00000,0.8974,0.67122,0.86933,0.9959,0.65219,0.79865,0.65312,0.85278,127.31,0.9969,live,0.0828,0.1225,99.34,810.65
148635.815571,60.0,0.1392,2,2,0,0.65469,0.84306,0.61406,0.80556,0.58750,0.74444,0.58437,0.69028,0.58984,0.63750,0.62109,0.64444,0.61719,0.59028,0.60938,0.56667,0.59844,0.55972,0.65156,0.64583,0.65625,0.57778,0.64844,0.55694,0.63516,0.56806,0.67969,0.67361,0.69141,0.61528,0.68516,0.59028,0.67266,0.59306,0.70469,0.72083,0.72109,0.68194,0.72188,0.65833,0.71562,0.65000,0.64894,0.79420,0.9996,0.72721,1.00000,0.9020,0.67153,0.86133,0.9960,0.65269,0.80753,0.65469,0.84306,130.13,0.9943,live,0.0899,0.1222,98.66,807.06
148635.881741,60.0,0.2054,2,2,0,0.65781,0.82778,0.61484,0.79028,0.58828,0.72778,0.58672,0.67222,0.59141,0.62083,0.62109,0.62778,0.61797,0.57222,0.61094,0.54722,0.60156,0.53750,0.65156,0.62917,0.65547,0.56250,0.64922,0.54028,0.63828,0.54444,0.67969,0.65556,0.68984,0.59722,0.68516,0.57361,0.67422,0.57500,0.70547,0.70000,0.72031,0.65833,0.72188,0.63472,0.71797,0.62639,0.64886,0.79247,0.9996,0.74067,1.00000,0.9052,0.67027,0.85279,0.9961,0.65371,0.81158,0.65781,0.82778,131.24,0.9943,live,0.0899,0.1128,90.76,804.70
148635.948571,60.0,0.2722,2,2,0,0.66016,0.81250,0.61562,0.77222,0.59062,0.70694,0.59141,0.64861,0.59375,0.59722,0.62344,0.60972,0.61875,0.55556,0.61172,0.53056,0.60156,0.51528,0.65469,0.61111,0.65703,0.54722,0.65078,0.52639,0.64062,0.52222,0.68281,0.63750,0.69063,0.57917,0.68672,0.55417,0.67734,0.55000,0.70859,0.68056,0.72109,0.63889,0.72422,0.61250,0.72109,0.59722,0.64912,0.79250,0.9996,0.75266,1.00000,0.9101,0.67197,0.81787,0.9964,0.65500,0.81177,0.66016,0.81250,133.08,0.9946,live,0.0899,0.0961,77.25,803.96
148636.015290,60.0,0.3390,2,2,0,0.66016,0.78889,0.61641,0.74722,0.59219,0.68194,0.59375,0.62361,0.59609,0.57083,0.62500,0.58056,0.61875,0.52917,0.61094,0.50278,0.60156,0.48194,0.65625,0.58472,0.65703,0.52361,0.65000,0.50278,0.63906,0.49306,0.68359,0.61111,0.69219,0.55417,0.68594,0.52639,0.67656,0.51389,0.70859,0.65556,0.72109,0.61111,0.72500,0.58333,0.72500,0.56250,0.64920,0.79552,0.9996,0.75130,1.00000,0.9118,0.67351,0.79049,0.9965,0.65603,0.80719,0.66016,0.78889,134.46,0.9973,live,0.0899,0.0771,62.03,804.29
148636.081487,60.0,0.4052,2,2,0,0.66250,0.76250,0.61797,0.71667,0.59453,0.65000,0.59531,0.59167,0.59766,0.53750,0.62500,0.54722,0.61875,0.49583,0.61172,0.46806,0.60234,0.44444,0.65625,0.54861,0.65547,0.49028,0.64844,0.46944,0.63672,0.45417,0.68437,0.57222,0.68984,0.51667,0.68359,0.48889,0.67344,0.47222,0.71016,0.61250,0.72188,0.56944,0.72500,0.54028,0.72344,0.51389,0.64969,0.79746,0.9996,0.75321,1.00000,0.9151,0.67816,0.76993,0.9967,0.65733,0.79825,0.66250,0.76250,139.80,0.9962,live,0.0899,0.0769,62.19,808.43
148636.148598,60.0,0.4723,2,2,0,0.66797,0.72778,0.62109,0.68056,0.59688,0.61250,0.59844,0.55139,0.60000,0.49444,0.62734,0.51111,0.62031,0.45833,0.61406,0.42778,0.60625,0.39722,0.65781,0.51111,0.65703,0.45417,0.65000,0.42778,0.63906,0.40278,0.68672,0.53194,0.69219,0.47778,0.68828,0.45000,0.68047,0.42500,0.71250,0.56944,0.72344,0.52639,0.72813,0.49722,0.72891,0.46806,0.64783,0.79737,0.9996,0.75612,1.00000,0.9128,0.68181,0.73461,0.9965,0.65945,0.78416,0.66797,0.72778,141.31,0.9936,live,0.0810,0.0406,33.04,813.17
148636.215033,60.0,0.5387,2,2,0,0.67109,0.68889,0.62500,0.64028,0.60156,0.57083,0.60391,0.50694,0.60391,0.44861,0.62891,0.47500,0.62344,0.41528,0.61797,0.38056,0.61094,0.34722,0.66016,0.47222,0.65938,0.40972,0.65312,0.37778,0.64375,0.34583,0.68828,0.48889,0.69375,0.43056,0.69141,0.39861,0.68516,0.36667,0.71562,0.52083,0.72656,0.47222,0.73125,0.44167,0.73203,0.41111,0.64507,0.79996,0.9997,0.75639,1.00000,0.9177,0.68443,0.69419,0.9967,0.66178,0.76510,0.67109,0.68889,142.34,0.9946,live,0.0743,0.0439,35.88,818.07
148636.281511,60.0,0.6052,2,2,0,0.67109,0.65139,0.62500,0.60278,0.60547,0.52917,0.61016,0.46250,0.60938,0.40556,0.63281,0.42639,0.62813,0.36944,0.62344,0.33472,0.61719,0.30000,0.66484,0.42500,0.66484,0.36389,0.65938,0.33056,0.65078,0.29583,0.69297,0.44306,0.69922,0.38472,0.69688,0.35000,0.69141,0.31528,0.71875,0.47917,0.72813,0.42778,0.73281,0.39583,0.73516,0.36111,0.64429,0.80189,0.9997,0.75786,1.00000,0.9200,0.68461,0.65265,0.9970,0.66364,0.74236,0.67109,0.65139,146.75,0.9969,live,0.0743,0.0632,52.16,825.57
148636.348346,60.0,0.6720,2,2,0,0.67266,0.62639,0.62969,0.57361,0.60938,0.50278,0.61172,0.43750,0.61484,0.37639,0.63906,0.40139,0.63359,0.33889,0.62813,0.30139,0.62266,0.26528,0.66953,0.40000,0.66875,0.33333,0.66328,0.29722,0.65469,0.26111,0.69609,0.41667,0.70234,0.35000,0.70000,0.31250,0.69531,0.27500,0.72031,0.45139,0.72969,0.39722,0.73438,0.36111,0.73594,0.32500,0.64439,0.80020,0.9997,0.75838,1.00000,0.9213,0.68963,0.61949,0.9971,0.66545,0.71917,0.67266,0.62639,145.18,0.9916,live,0.0743,0.0826,68.64,831.03
148636.415462,60.0,0.7391,2,2,0,0.67500,0.61528,0.62969,0.56111,0.61172,0.48611,0.61562,0.41667,0.61562,0.35556,0.64219,0.38611,0.63594,0.32222,0.63125,0.28611,0.62578,0.24722,0.67188,0.38194,0.66953,0.31389,0.66328,0.27639,0.65469,0.23889,0.69766,0.39722,0.70312,0.32778,0.70078,0.29028,0.69609,0.25278,0.72188,0.43056,0.73125,0.37500,0.73516,0.34028,0.73672,0.30278,0.64570,0.79812,0.9997,0.76713,1.00000,0.9187,0.68974,0.60531,0.9972,0.66736,0.69839,0.67500,0.61528,147.78,0.9847,live,0.0790,0.1000,83.76,837.70
148636.482088,60.0,0.8058,2,2,0,0.67578,0.60972,0.63203,0.55139,0.61406,0.48194,0.61797,0.41389,0.61875,0.35278,0.64219,0.37639,0.63594,0.31528,0.63125,0.28056,0.62734,0.24306,0.67266,0.37222,0.66953,0.30556,0.66406,0.27222,0.65547,0.23194,0.69844,0.38750,0.70312,0.32083,0.70078,0.28472,0.69609,0.25000,0.72344,0.42083,0.73125,0.36528,0.73438,0.33056,0.73672,0.29306,0.64244,0.80302,0.9997,0.76958,1.00000,0.9216,0.69052,0.59645,0.9974,0.66904,0.68066,0.67578,0.60972,150.58,0.9880,live,0.0852,0.1136,96.10,845.60
148636.548525,60.0,0.8722,2,2,0,0.67812,0.60833,0.63438,0.54861,0.61641,0.47778,0.62031,0.40972,0.62109,0.34722,0.64531,0.37500,0.63906,0.31389,0.63438,0.27778,0.63047,0.23889,0.67500,0.37083,0.67188,0.30278,0.66719,0.26944,0.65859,0.22917,0.70078,0.38611,0.70469,0.31806,0.70312,0.28056,0.70000,0.24444,0.72578,0.41806,0.73359,0.36111,0.73672,0.32500,0.73906,0.28750,0.64248,0.80135,0.9997,0.77120,1.00000,0.9196,0.69442,0.58639,0.9974,0.67086,0.66619,0.67812,0.60833,150.44,0.9854,live,0.0924,0.1252,106.76,852.44
148636.615554,60.0,0.9392,2,2,0,0.67969,0.60556,0.63594,0.54306,0.62031,0.47361,0.62500,0.40556,0.62422,0.34444,0.64766,0.36944,0.64219,0.30833,0.63828,0.27500,0.63438,0.23750,0.67812,0.36528,0.67578,0.30000,0.67188,0.26806,0.66484,0.22778,0.70312,0.38194,0.70859,0.31528,0.70625,0.27917,0.70312,0.24583,0.72891,0.41528,0.73672,0.35833,0.74062,0.32222,0.74219,0.28472,0.64487,0.80146,0.9997,0.77093,1.00000,0.9186,0.69532,0.58576,0.9975,0.67262,0.65406,0.67969,0.60556,151.95,0.9876,live,0.0979,0.1229,105.65,859.55
148636.682186,60.0,0.0059,2,1,1,0.68359,0.60417,0.63984,0.54306,0.62500,0.47361,0.62891,0.40417,0.62813,0.34306,0.65234,0.36944,0.64687,0.30833,0.64297,0.27361,0.64062,0.23611,0.68281,0.36528,0.68047,0.30000,0.67656,0.26667,0.66953,0.22639,0.70781,0.38056,0.71328,0.31528,0.71172,0.27917,0.70859,0.24444,0.73281,0.41528,0.74141,0.35833,0.74531,0.32361,0.74766,0.28611,0.64472,0.80139,0.9996,0.77104,1.00000,0.9130,0.69931,0.58777,0.9975,0.67482,0.64408,0.68359,0.60417,150.93,0.9866,live,0.0979,0.1188,102.75,865.07
148636.748957,60.0,0.0726,2,1,1,0.68672,0.60417,0.64375,0.54444,0.62813,0.47500,0.63047,0.40694,0.63203,0.34444,0.65547,0.37083,0.65078,0.30972,0.64766,0.27500,0.64531,0.23750,0.68594,0.36806,0.68516,0.30139,0.68125,0.26944,0.67500,0.22639,0.71172,0.38333,0.71719,0.31806,0.71641,0.28194,0.71406,0.24444,0.73672,0.41667,0.74531,0.36111,0.75000,0.32639,0.75313,0.28889,0.64220,0.80625,0.9996,0.77095,1.00000,0.9049,0.70266,0.59034,0.9975,0.67720,0.63610,0.68672,0.60417,150.30,0.9883,live,0.0979,0.1092,94.96,869.48
148636.815517,60.0,0.1392,2,1,1,0.68828,0.61111,0.64687,0.55139,0.63203,0.48056,0.63516,0.41250,0.63750,0.35139,0.65859,0.37500,0.65391,0.31528,0.65078,0.28056,0.64844,0.24306,0.68984,0.37361,0.68828,0.30694,0.68516,0.27500,0.67969,0.23472,0.71562,0.39028,0.72031,0.32500,0.72031,0.28889,0.71875,0.25417,0.74141,0.42361,0.74922,0.36806,0.75469,0.33333,0.75781,0.29722,0.64225,0.81563,0.9996,0.77086,1.00000,0.9043,0.70705,0.59183,0.9975,0.67942,0.63110,0.68828,0.61111,152.00,0.9884,live,0.0979,0.0945,82.61,874.58
148636.882121,60.0,0.2058,2,1,1,0.69141,0.62083,0.65000,0.56111,0.63516,0.49028,0.63906,0.42222,0.64297,0.36250,0.66328,0.38611,0.65859,0.32500,0.65625,0.29028,0.65469,0.25417,0.69453,0.38472,0.69297,0.31806,0.69063,0.28472,0.68594,0.24444,0.72031,0.40139,0.72656,0.33611,0.72656,0.30000,0.72500,0.26528,0.74687,0.43611,0.75469,0.37917,0.75938,0.34583,0.76328,0.31111,0.64324,0.81652,0.9996,0.77077,1.00000,0.8992,0.70852,0.59504,0.9975,0.68181,0.62905,0.69141,0.62083,151.62,0.9878,live,0.0979,0.0776,68.18,878.80
148636.948694,60.0,0.2724,2,1,1,0.69766,0.63611,0.65469,0.57639,0.63984,0.50833,0.64531,0.44167,0.64687,0.38194,0.66797,0.40139,0.66563,0.34028,0.66406,0.30694,0.66250,0.27083,0.70000,0.40000,0.70000,0.33472,0.69844,0.30139,0.69453,0.26250,0.72656,0.41806,0.73359,0.35417,0.73359,0.31944,0.73281,0.28611,0.75234,0.45278,0.76094,0.39861,0.76641,0.36667,0.76953,0.33194,0.64326,0.81447,0.9996,0.77058,1.00000,0.8889,0.70837,0.60055,0.9973,0.68498,0.63046,0.69766,0.63611,151.71,0.9870,live,0.0914,0.0621,54.78,882.57
148637.015809,60.0,0.3395,2,1,1,0.70000,0.65972,0.65781,0.59861,0.64219,0.53056,0.64922,0.46806,0.65234,0.40833,0.67188,0.42361,0.67031,0.36528,0.66875,0.33194,0.66875,0.29861,0.70469,0.42361,0.70625,0.35972,0.70547,0.33056,0.70156,0.29306,0.73047,0.44306,0.73984,0.38194,0.74062,0.34861,0.74062,0.31667,0.75625,0.47917,0.76562,0.42639,0.77109,0.39306,0.77344,0.35833,0.64295,0.81590,0.9996,0.77169,1.00000,0.8849,0.71329,0.62878,0.9973,0.68799,0.63631,0.70000,0.65972,151.91,0.9928,live,0.0840,0.0501,44.37,886.04
148637.082142,60.0,0.4058,2,1,1,0.69844,0.70417,0.65938,0.64028,0.64844,0.57222,0.65234,0.51250,0.65469,0.45417,0.67500,0.46667,0.67422,0.41250,0.67109,0.37917,0.66953,0.34306,0.70703,0.47083,0.70703,0.41250,0.70469,0.38889,0.69922,0.34861,0.73047,0.49167,0.73672,0.43472,0.73516,0.40278,0.73359,0.37222,0.75547,0.53333,0.76250,0.47639,0.76562,0.44167,0.76797,0.40417,0.64529,0.82076,0.9996,0.77227,1.00000,0.8889,0.72142,0.68376,0.9975,0.69008,0.64988,0.69844,0.70417,149.66,0.9940,live,0.0762,0.0409,36.33,887.47
148637.148864,60.0,0.4725,2,1,1,0.70078,0.74861,0.66328,0.69028,0.65078,0.62361,0.65312,0.56528,0.65547,0.50972,0.67812,0.52083,0.67812,0.46944,0.67500,0.44167,0.67344,0.41528,0.70859,0.52778,0.71016,0.46667,0.70781,0.44583,0.70078,0.41667,0.73203,0.55000,0.73984,0.49306,0.73750,0.46528,0.73438,0.44583,0.75625,0.59306,0.76641,0.54167,0.76953,0.50694,0.77109,0.47361,0.64526,0.82317,0.9996,0.77348,1.00000,0.8897,0.73234,0.76417,0.9974,0.69222,0.66963,0.70078,0.74861,142.79,0.9931,live,0.0704,0.0436,38.50,883.79
148637.215729,60.0,0.5394,2,1,1,0.70547,0.80000,0.66797,0.74306,0.65312,0.67361,0.65859,0.61528,0.66094,0.56250,0.68281,0.57222,0.68281,0.52083,0.68125,0.49722,0.68047,0.48194,0.71484,0.57917,0.71719,0.52222,0.71562,0.50556,0.71172,0.49167,0.73906,0.60417,0.74844,0.55139,0.74687,0.52917,0.74453,0.52222,0.76406,0.64583,0.77422,0.60000,0.77812,0.57083,0.78047,0.54583,0.64482,0.82460,0.9996,0.77371,1.00000,0.8912,0.73273,0.81399,0.9975,0.69487,0.69570,0.70547,0.80000,144.17,0.9941,live,0.0704,0.0617,54.42,881.54
148637.282220,60.0,0.6059,2,1,1,0.71094,0.84444,0.67188,0.78472,0.65625,0.71528,0.66172,0.65694,0.66641,0.60417,0.68984,0.61944,0.68984,0.56528,0.68906,0.54167,0.68828,0.53611,0.72188,0.62639,0.72656,0.56667,0.72578,0.55000,0.72109,0.54583,0.74687,0.65139,0.75859,0.59861,0.75781,0.57639,0.75391,0.58056,0.77187,0.69444,0.78594,0.65000,0.78984,0.62222,0.79063,0.60694,0.64388,0.83025,0.9996,0.77182,1.00000,0.8923,0.73928,0.84682,0.9974,0.69808,0.72545,0.71094,0.84444,143.29,0.9945,live,0.0704,0.0846,74.38,878.92
148637.349225,60.0,0.6729,2,1,1,0.71875,0.87500,0.67734,0.81667,0.65859,0.75000,0.66406,0.69028,0.67188,0.63889,0.69453,0.65694,0.69453,0.59722,0.69453,0.57639,0.69453,0.58194,0.72734,0.66389,0.73438,0.59861,0.73594,0.57778,0.73203,0.58194,0.75469,0.69167,0.76719,0.63750,0.76797,0.61528,0.76406,0.61944,0.77891,0.73611,0.79531,0.70000,0.80078,0.67083,0.80234,0.65694,0.64387,0.83884,0.9996,0.75967,1.00000,0.8917,0.74434,0.87133,0.9973,0.70222,0.75536,0.71875,0.87500,140.19,0.9941,live,0.0774,0.1092,95.51,874.39
148637.415934,60.0,0.7396,2,1,1,0.72109,0.89722,0.68203,0.83472,0.66250,0.77083,0.66797,0.71250,0.67734,0.66111,0.70078,0.68333,0.70156,0.62500,0.70234,0.60417,0.70312,0.60694,0.73281,0.68889,0.74141,0.62361,0.74297,0.60556,0.73984,0.61389,0.76094,0.71667,0.77344,0.66250,0.77578,0.64167,0.77187,0.65139,0.78438,0.76250,0.80312,0.72361,0.80937,0.69722,0.81016,0.69028,0.64144,0.83878,0.9996,0.75067,1.00000,0.8778,0.74665,0.88307,0.9971,0.70599,0.78373,0.72109,0.89722,138.63,0.9945,live,0.0874,0.1330,115.59,869.28
148637.484320,60.0,0.8080,2,1,1,0.72422,0.90694,0.68516,0.84861,0.66484,0.78333,0.67031,0.72778,0.68125,0.67500,0.70625,0.69444,0.70937,0.64167,0.71016,0.62083,0.71016,0.62917,0.73906,0.70278,0.74844,0.63472,0.75000,0.61944,0.74609,0.63611,0.76719,0.73056,0.78047,0.67778,0.78438,0.66111,0.77969,0.67917,0.78906,0.77778,0.81016,0.73889,0.81797,0.71667,0.82031,0.71667,0.64120,0.84202,0.9996,0.73347,1.00000,0.8615,0.75036,0.91084,0.9964,0.70964,0.80838,0.72422,0.90694,137.35,0.9944,live,0.0991,0.1527,131.93,863.85
148637.549037,60.0,0.8727,2,1,1,0.72891,0.91389,0.68984,0.85833,0.66875,0.79306,0.67422,0.73889,0.68594,0.68611,0.71094,0.70694,0.71328,0.65278,0.71406,0.63194,0.71406,0.63889,0.74375,0.71389,0.75469,0.64306,0.75625,0.63194,0.75234,0.65278,0.77187,0.74306,0.78672,0.68889,0.79063,0.67083,0.78516,0.69722,0.79375,0.78750,0.81563,0.74722,0.82578,0.72639,0.82734,0.73472,0.64118,0.84402,0.9996,0.73638,1.00000,0.8489,0.75064,0.91627,0.9959,0.71349,0.82948,0.72891,0.91389,135.00,0.9918,live,0.1113,0.1666,142.86,857.39
148637.615941,60.0,0.9396,2,1,1,0.72891,0.92500,0.69141,0.86806,0.66953,0.80139,0.67422,0.74583,0.68828,0.69583,0.71250,0.71389,0.71406,0.66111,0.71641,0.64028,0.71719,0.64722,0.74453,0.72083,0.75547,0.65000,0.75859,0.64028,0.75547,0.66389,0.77344,0.75000,0.78906,0.69583,0.79453,0.67917,0.79141,0.70278,0.79609,0.79722,0.81719,0.75694,0.82734,0.73611,0.83047,0.74444,0.64042,0.84635,0.9996,0.73541,1.00000,0.8369,0.75345,0.92464,0.9956,0.71657,0.84858,0.72891,0.92500,137.60,0.9934,live,0.1223,0.1722,147.03,853.58
148637.682319,60.0,0.0060,2,2,0,0.73125,0.92361,0.69297,0.86806,0.67266,0.80278,0.67656,0.74861,0.69141,0.69583,0.71484,0.71389,0.71719,0.66389,0.71797,0.64306,0.72031,0.65139,0.74766,0.72222,0.75938,0.65000,0.76172,0.64167,0.75938,0.66528,0.77656,0.75139,0.79219,0.69861,0.79766,0.68056,0.79453,0.70556,0.79922,0.79722,0.82031,0.75972,0.83047,0.73750,0.83437,0.74444,0.63971,0.84888,0.9996,0.73441,1.00000,0.8225,0.75568,0.91984,0.9949,0.71951,0.86359,0.73125,0.92361,137.10,0.9943,live,0.1307,0.1694,143.95,849.86
148637.749275,60.0,0.0730,2,2,0,0.73125,0.91944,0.69375,0.86389,0.67266,0.79861,0.67969,0.74444,0.69375,0.69444,0.71562,0.70833,0.71797,0.65694,0.71953,0.63889,0.72188,0.65000,0.74844,0.71528,0.75938,0.64306,0.76250,0.63333,0.76016,0.65972,0.77734,0.74444,0.79375,0.68750,0.80000,0.67083,0.79688,0.69583,0.80078,0.79167,0.82266,0.75000,0.83281,0.72917,0.83516,0.73611,0.63969,0.84910,0.9995,0.73481,1.00000,0.8113,0.75624,0.91800,0.9946,0.72186,0.87476,0.73125,0.91944,138.59,0.9931,live,0.1355,0.1575,133.47,847.67
148637.815747,60.0,0.1394,2,2,0,0.73125,0.90694,0.69219,0.85139,0.67266,0.78472,0.67969,0.72917,0.69453,0.68056,0.71641,0.69444,0.71797,0.63889,0.71875,0.61944,0.71875,0.63056,0.75000,0.70139,0.76094,0.63056,0.76328,0.61806,0.76016,0.64028,0.77891,0.72778,0.79531,0.67222,0.80078,0.65278,0.79609,0.67917,0.80156,0.77361,0.82422,0.73056,0.83359,0.70556,0.83359,0.71250,0.63967,0.84939,0.9995,0.73553,1.00000,0.8028,0.75623,0.91619,0.9943,0.72374,0.88120,0.73125,0.90694,139.68,0.9942,live,0.1355,0.1380,116.85,846.51
148637.882706,60.0,0.2064,2,2,0,0.73281,0.88333,0.69297,0.82917,0.67188,0.75833,0.67969,0.70139,0.69141,0.65000,0.71484,0.66806,0.71719,0.61250,0.71953,0.59167,0.72188,0.59861,0.74766,0.67361,0.75547,0.61250,0.75781,0.59167,0.75703,0.60000,0.77656,0.70278,0.78984,0.65139,0.79531,0.63194,0.79609,0.63611,0.79922,0.74722,0.81953,0.70694,0.83047,0.68333,0.83750,0.67361,0.64135,0.84833,0.9995,0.74476,1.00000,0.8116,0.75629,0.89971,0.9945,0.72555,0.88162,0.73281,0.88333,140.18,0.9929,live,0.1355,0.1131,95.69,845.86
148637.949353,60.0,0.2730,2,2,0,0.73047,0.85278,0.69141,0.79722,0.67031,0.72917,0.67656,0.67222,0.68750,0.62083,0.71250,0.62917,0.71406,0.57361,0.71484,0.55556,0.71562,0.55972,0.74531,0.63750,0.75234,0.58056,0.75469,0.56111,0.75625,0.56250,0.77344,0.66667,0.78516,0.61528,0.78984,0.59306,0.79219,0.59583,0.79688,0.71250,0.81406,0.67222,0.82422,0.64583,0.83203,0.63333,0.64209,0.84610,0.9996,0.75763,1.00000,0.8220,0.75575,0.87503,0.9949,0.72653,0.87585,0.73047,0.85278,143.59,0.9931,live,0.1271,0.0887,75.23,847.74
148638.016583,60.0,0.3403,2,2,0,0.72656,0.81667,0.68672,0.75556,0.66719,0.68750,0.67656,0.62917,0.68437,0.57500,0.70547,0.58750,0.70625,0.53194,0.70859,0.51111,0.71172,0.50556,0.73828,0.59583,0.74453,0.54028,0.74766,0.51806,0.74844,0.50972,0.76641,0.62222,0.77812,0.57361,0.78438,0.54861,0.78750,0.53889,0.79141,0.66528,0.80781,0.62639,0.81719,0.60000,0.82344,0.58056,0.64299,0.84299,0.9996,0.75676,1.00000,0.8187,0.75580,0.84493,0.9947,0.72654,0.86402,0.72656,0.81667,146.83,0.9926,live,0.1163,0.0669,57.00,851.74
148638.082743,60.0,0.4064,2,2,0,0.72031,0.77917,0.67891,0.71528,0.66406,0.64583,0.67266,0.58472,0.67656,0.52778,0.69844,0.54722,0.69922,0.49444,0.70078,0.46806,0.70312,0.44444,0.73203,0.55417,0.73672,0.49861,0.73828,0.47500,0.73672,0.45139,0.75859,0.57917,0.77109,0.52778,0.77500,0.49861,0.77656,0.48056,0.78438,0.61944,0.79844,0.57361,0.80703,0.54722,0.81250,0.52222,0.64295,0.84202,0.9996,0.76846,1.00000,0.8313,0.75131,0.78368,0.9951,0.72529,0.84705,0.72031,0.77917,148.73,0.9960,live,0.1073,0.0665,57.00,856.62
148638.149535,60.0,0.4732,2,2,0,0.71484,0.74306,0.67266,0.67778,0.65938,0.60694,0.66719,0.54306,0.67188,0.48611,0.69219,0.50556,0.69297,0.45278,0.69297,0.42361,0.69375,0.39306,0.72500,0.51250,0.72969,0.45417,0.72969,0.42778,0.72500,0.39722,0.75234,0.53472,0.76328,0.48194,0.76484,0.45000,0.76328,0.42500,0.77812,0.57639,0.78906,0.52500,0.79609,0.49444,0.79922,0.46389,0.64411,0.83935,0.9996,0.76885,1.00000,0.8410,0.74460,0.74881,0.9955,0.72320,0.82625,0.71484,0.74306,151.49,0.9974,live,0.0967,0.0485,41.86,862.90
148638.216167,60.0,0.5398,2,2,0,0.70781,0.70833,0.66719,0.64444,0.65547,0.57083,0.66250,0.50833,0.66641,0.45000,0.68750,0.46806,0.68828,0.41389,0.68594,0.38333,0.68516,0.35278,0.71875,0.47500,0.72188,0.41389,0.71953,0.38750,0.71406,0.35278,0.74375,0.49861,0.75391,0.44028,0.75391,0.40556,0.75234,0.37639,0.76797,0.54167,0.77656,0.48611,0.78203,0.45139,0.78594,0.41528,0.64365,0.83464,0.9996,0.78173,1.00000,0.8399,0.73779,0.71325,0.9956,0.72013,0.80267,0.70781,0.70833,150.49,0.9975,live,0.0913,0.0663,57.56,867.70
148638.282815,60.0,0.6065,2,2,0,0.70312,0.67778,0.66328,0.61528,0.65000,0.54167,0.65703,0.47639,0.66172,0.41667,0.68125,0.43889,0.68047,0.38194,0.67812,0.35000,0.67656,0.31389,0.71250,0.44444,0.71328,0.38056,0.71016,0.34861,0.70469,0.30972,0.73672,0.46528,0.74531,0.40417,0.74453,0.36806,0.74297,0.33333,0.76094,0.50556,0.76875,0.45000,0.77344,0.41528,0.77734,0.37917,0.64413,0.83019,0.9996,0.77826,1.00000,0.8504,0.73105,0.68892,0.9959,0.71673,0.77769,0.70312,0.67778,149.96,0.9956,live,0.0913,0.0871,75.88,871.54
148638.349886,60.0,0.6736,2,2,0,0.69844,0.65694,0.65703,0.59306,0.64453,0.51667,0.65156,0.45139,0.65312,0.38889,0.67656,0.41944,0.67500,0.35972,0.67188,0.32639,0.67031,0.29028,0.70625,0.42361,0.70703,0.35833,0.70391,0.32222,0.69844,0.28472,0.73125,0.44306,0.73828,0.37917,0.73672,0.33889,0.73438,0.30139,0.75469,0.47917,0.76250,0.42361,0.76719,0.38750,0.77031,0.35000,0.64457,0.82820,0.9996,0.78453,1.00000,0.8578,0.72537,0.65970,0.9962,0.71307,0.75354,0.69844,0.65694,149.32,0.9935,live,0.0913,0.1073,93.82,874.47
148638.416742,60.0,0.7404,2,2,0,0.69688,0.64861,0.65547,0.58194,0.64141,0.50694,0.64687,0.43889,0.64922,0.37778,0.67266,0.41528,0.67031,0.35278,0.66797,0.31667,0.66563,0.27778,0.70234,0.41528,0.70234,0.34583,0.69766,0.30556,0.69141,0.26250,0.72734,0.43333,0.73359,0.36389,0.73125,0.32361,0.72813,0.28333,0.75078,0.46806,0.75859,0.40972,0.76328,0.37361,0.76641,0.33472,0.64605,0.82763,0.9997,0.78004,1.00000,0.8576,0.72482,0.66174,0.9962,0.70983,0.73255,0.69688,0.64861,148.28,0.9905,live,0.0973,0.1249,109.44,876.30
148638.485156,60.0,0.8088,2,2,0,0.69844,0.64444,0.65625,0.57639,0.64219,0.50139,0.64766,0.43194,0.64922,0.37083,0.67266,0.40972,0.67031,0.34722,0.66797,0.31111,0.66563,0.27222,0.70234,0.40833,0.70234,0.34028,0.69844,0.30278,0.69219,0.25833,0.72656,0.42639,0.73281,0.35694,0.73203,0.31667,0.73047,0.27778,0.75078,0.45972,0.75859,0.40139,0.76250,0.36389,0.76641,0.32500,0.64619,0.82588,0.9997,0.78306,1.00000,0.8564,0.72537,0.66520,0.9963,0.70755,0.71493,0.69844,0.64444,149.37,0.9887,live,0.1041,0.1347,118.39,878.69
148638.549938,60.0,0.8736,2,2,0,0.70000,0.64167,0.65703,0.57500,0.64219,0.50139,0.64766,0.43056,0.65078,0.36944,0.67188,0.40833,0.67031,0.34444,0.66875,0.30833,0.66719,0.26806,0.70234,0.40694,0.70312,0.33750,0.70000,0.30000,0.69453,0.25417,0.72656,0.42500,0.73438,0.35556,0.73359,0.31528,0.73203,0.27500,0.75156,0.45972,0.75859,0.40139,0.76328,0.36389,0.76641,0.32500,0.64620,0.82328,0.9996,0.78244,1.00000,0.8540,0.72552,0.65567,0.9963,0.70604,0.70028,0.70000,0.64167,149.01,0.9862,live,0.1100,0.1372,120.78,880.53
148638.616683,60.0,0.9404,2,2,0,0.70156,0.64306,0.65781,0.57639,0.64297,0.50139,0.64922,0.43194,0.65156,0.37083,0.67344,0.40833,0.67109,0.34444,0.66875,0.30972,0.66719,0.26944,0.70312,0.40833,0.70312,0.33889,0.70000,0.30139,0.69453,0.25694,0.72734,0.42500,0.73438,0.35694,0.73359,0.31667,0.73281,0.27639,0.75234,0.45833,0.76016,0.40139,0.76406,0.36528,0.76641,0.32500,0.64624,0.82759,0.9996,0.78323,1.00000,0.8504,0.72551,0.65034,0.9963,0.70515,0.68883,0.70156,0.64306,149.27,0.9872,live,0.1100,0.1324,116.80,882.34
148638.683104,60.0,0.0068,2,1,1,0.70391,0.64444,0.66016,0.57778,0.64453,0.50417,0.65000,0.43333,0.65234,0.37222,0.67422,0.41111,0.67188,0.34722,0.67031,0.31250,0.66953,0.27361,0.70469,0.40972,0.70469,0.34167,0.70156,0.30556,0.69609,0.26111,0.72891,0.42778,0.73594,0.35972,0.73594,0.31944,0.73438,0.28056,0.75469,0.45972,0.76250,0.40417,0.76641,0.36806,0.76875,0.32778,0.64373,0.82759,0.9996,0.78361,1.00000,0.8490,0.72562,0.65186,0.9963,0.70490,0.67996,0.70391,0.64444,149.52,0.9854,live,0.1100,0.1221,107.91,884.11
148638.749789,60.0,0.0735,2,1,1,0.70312,0.64722,0.66016,0.57917,0.64687,0.50694,0.65312,0.43611,0.65391,0.37639,0.67656,0.40972,0.67422,0.34861,0.67266,0.31389,0.67109,0.27778,0.70703,0.40833,0.70703,0.34167,0.70469,0.30694,0.69922,0.26250,0.73125,0.42639,0.73828,0.35972,0.73750,0.32222,0.73594,0.28472,0.75625,0.46111,0.76406,0.40556,0.76797,0.37083,0.76953,0.33056,0.64457,0.82685,0.9996,0.77917,1.00000,0.8582,0.72640,0.65436,0.9966,0.70454,0.67341,0.70312,0.64722,151.30,0.9861,live,0.1100,0.1073,95.18,886.95
148638.816469,60.0,0.1401,2,1,1,0.70547,0.65000,0.66328,0.58333,0.65000,0.51111,0.65547,0.44167,0.65625,0.38056,0.67891,0.41250,0.67656,0.35139,0.67422,0.31944,0.67344,0.28194,0.70937,0.41250,0.70859,0.34444,0.70625,0.31250,0.70156,0.26806,0.73438,0.42917,0.74062,0.36389,0.74062,0.32778,0.73906,0.29028,0.75938,0.46528,0.76719,0.40972,0.77109,0.37500,0.77422,0.33611,0.64705,0.82694,0.9996,0.77498,1.00000,0.8664,0.72569,0.65582,0.9968,0.70473,0.66873,0.70547,0.65000,151.26,0.9873,live,0.1100,0.0899,79.99,889.42
148638.883179,60.0,0.2069,2,1,1,0.70703,0.65556,0.66641,0.59028,0.65469,0.51944,0.66016,0.45278,0.66094,0.39167,0.68281,0.41667,0.68203,0.35833,0.68047,0.32639,0.67891,0.29028,0.71406,0.41667,0.71484,0.35000,0.71328,0.32083,0.70859,0.27778,0.73828,0.43472,0.74609,0.37222,0.74531,0.33750,0.74531,0.30417,0.76328,0.47361,0.77109,0.41667,0.77578,0.38333,0.77969,0.34583,0.64714,0.82449,0.9996,0.77543,1.00000,0.8690,0.72760,0.65780,0.9970,0.70519,0.66609,0.70703,0.65556,151.84,0.9910,live,0.1031,0.0716,63.90,892.02
148638.949914,60.0,0.2736,2,1,1,0.71016,0.66944,0.67188,0.60278,0.66016,0.53333,0.66563,0.46806,0.66797,0.40556,0.68828,0.42917,0.68828,0.36944,0.68672,0.33750,0.68594,0.30278,0.72031,0.43056,0.72109,0.36528,0.72031,0.33472,0.71719,0.29306,0.74375,0.45000,0.75234,0.38889,0.75391,0.35417,0.75391,0.32083,0.76875,0.49028,0.77734,0.43333,0.78281,0.39861,0.78594,0.36250,0.64661,0.82411,0.9996,0.77751,1.00000,0.8624,0.73109,0.67311,0.9968,0.70618,0.66676,0.71016,0.66944,152.24,0.9917,live,0.0943,0.0540,48.33,894.59
148639.017065,60.0,0.3407,2,1,1,0.71641,0.69167,0.67656,0.62500,0.66328,0.55278,0.67031,0.48472,0.67266,0.42361,0.69375,0.45278,0.69453,0.38889,0.69375,0.35417,0.69297,0.31806,0.72578,0.45694,0.72891,0.39028,0.72734,0.35694,0.72344,0.31528,0.75000,0.47778,0.76016,0.41528,0.76172,0.37778,0.76250,0.34167,0.77422,0.51667,0.78516,0.46111,0.79141,0.42639,0.79531,0.39028,0.64640,0.82423,0.9996,0.78509,1.00000,0.8604,0.73699,0.68316,0.9968,0.70823,0.67174,0.71641,0.69167,150.70,0.9921,live,0.0844,0.0396,35.48,895.74
148639.083254,60.0,0.4069,2,1,1,0.72109,0.71806,0.68125,0.64861,0.67109,0.57917,0.67812,0.51528,0.68203,0.45417,0.70312,0.47639,0.70312,0.41667,0.70234,0.38194,0.70234,0.34444,0.73516,0.48194,0.73750,0.41944,0.73672,0.39028,0.73359,0.34861,0.75938,0.50556,0.76953,0.44583,0.77109,0.41111,0.77266,0.37500,0.78359,0.54722,0.79531,0.49444,0.80312,0.46250,0.80937,0.42639,0.64643,0.82424,0.9996,0.78204,1.00000,0.8528,0.73844,0.69871,0.9967,0.71080,0.68101,0.72109,0.71806,152.03,0.9949,live,0.0765,0.0402,36.06,897.71
148639.150165,60.0,0.4738,2,1,1,0.72734,0.74583,0.68828,0.68194,0.67578,0.60972,0.68437,0.54861,0.68906,0.48750,0.71016,0.50556,0.71250,0.44444,0.71328,0.41111,0.71562,0.37500,0.74297,0.51389,0.74844,0.45278,0.75000,0.42500,0.74922,0.38750,0.76875,0.54028,0.77969,0.48333,0.78359,0.45000,0.78672,0.41806,0.79297,0.58472,0.80625,0.53472,0.81484,0.50556,0.82188,0.47222,0.64617,0.82658,0.9996,0.77501,1.00000,0.8612,0.74346,0.72812,0.9970,0.71411,0.69397,0.72734,0.74583,151.54,0.9962,live,0.0674,0.0262,23.51,899.09
148639.217399,60.0,0.5411,2,1,1,0.73281,0.78056,0.69219,0.71389,0.67969,0.64306,0.68906,0.58333,0.69531,0.52639,0.71406,0.54167,0.71641,0.48194,0.71875,0.44722,0.72188,0.41389,0.74844,0.55139,0.75313,0.49167,0.75469,0.46806,0.75469,0.43750,0.77422,0.57778,0.78594,0.52361,0.78984,0.49306,0.79453,0.46528,0.79844,0.62361,0.81172,0.57639,0.82109,0.54861,0.83047,0.51806,0.64612,0.83017,0.9996,0.77162,1.00000,0.8687,0.75025,0.76956,0.9972,0.71785,0.71129,0.73281,0.78056,150.94,0.9963,live,0.0626,0.0408,36.73,899.88
148639.283026,60.0,0.6067,2,1,1,0.73594,0.81806,0.69766,0.75278,0.68125,0.68194,0.68984,0.62361,0.69688,0.56806,0.71953,0.58056,0.72031,0.52500,0.72422,0.49444,0.72891,0.46944,0.75078,0.59028,0.75547,0.53750,0.75859,0.51667,0.76094,0.49444,0.77734,0.61806,0.78828,0.56667,0.79453,0.54028,0.80078,0.51806,0.80234,0.66111,0.81563,0.61806,0.82656,0.59444,0.83750,0.56944,0.64600,0.83101,0.9996,0.76819,1.00000,0.8717,0.75457,0.79764,0.9973,0.72147,0.73264,0.73594,0.81806,149.90,0.9953,live,0.0626,0.0584,52.58,899.82
148639.350200,60.0,0.6739,2,1,1,0.73906,0.84306,0.70000,0.78333,0.68359,0.71389,0.69297,0.65694,0.70156,0.60417,0.72422,0.61667,0.72656,0.55694,0.73047,0.53194,0.73516,0.52500,0.75625,0.62500,0.76328,0.56944,0.76797,0.55000,0.77031,0.54861,0.78359,0.65278,0.79688,0.60000,0.80312,0.57639,0.80781,0.56806,0.80859,0.69722,0.82578,0.65833,0.83594,0.63333,0.84531,0.61528,0.64665,0.83093,0.9996,0.76513,1.00000,0.8640,0.75598,0.81677,0.9967,0.72499,0.75472,0.73906,0.84306,145.72,0.9942,live,0.0626,0.0768,68.88,896.76
148639.416882,60.0,0.7406,2,1,1,0.74062,0.86389,0.70312,0.80694,0.68516,0.73750,0.69375,0.68056,0.70625,0.62778,0.72734,0.64167,0.72891,0.58750,0.73438,0.56250,0.74062,0.55278,0.76016,0.65139,0.76562,0.59444,0.77031,0.57639,0.77422,0.57778,0.78750,0.67917,0.79922,0.62639,0.80625,0.60417,0.81094,0.60000,0.81172,0.72361,0.82969,0.68611,0.84141,0.66389,0.85156,0.65000,0.64623,0.83507,0.9996,0.76335,1.00000,0.8587,0.75785,0.84475,0.9964,0.72811,0.77656,0.74062,0.86389,143.74,0.9912,live,0.0684,0.0950,84.78,892.64
148639.484471,60.0,0.8081,2,1,1,0.74062,0.87083,0.70234,0.81667,0.68359,0.74861,0.69297,0.69306,0.70781,0.64167,0.73047,0.65278,0.73281,0.59583,0.73594,0.57500,0.73906,0.57778,0.76250,0.66250,0.77109,0.60417,0.77578,0.58611,0.77734,0.59444,0.78984,0.69167,0.80312,0.64028,0.81094,0.61944,0.81484,0.62083,0.81250,0.73889,0.83125,0.70000,0.84375,0.67917,0.85391,0.66806,0.64569,0.83536,0.9997,0.76013,1.00000,0.8543,0.76487,0.88019,0.9961,0.73062,0.79541,0.74062,0.87083,141.08,0.9893,live,0.0760,0.1102,97.77,887.10
148639.550243,60.0,0.8739,2,1,1,0.74141,0.87639,0.70234,0.82361,0.68359,0.75417,0.69375,0.69861,0.70937,0.64861,0.73125,0.65972,0.73438,0.60417,0.73672,0.58194,0.73906,0.58750,0.76406,0.67083,0.77266,0.60972,0.77656,0.59167,0.77578,0.60278,0.79141,0.70139,0.80469,0.64861,0.81172,0.62639,0.81406,0.63056,0.81406,0.74861,0.83125,0.70833,0.84375,0.68472,0.85391,0.67500,0.64564,0.83549,0.9997,0.75847,1.00000,0.8452,0.76684,0.88823,0.9957,0.73277,0.81161,0.74141,0.87639,140.50,0.9926,live,0.0838,0.1196,105.49,881.81
148639.616922,60.0,0.9406,2,1,1,0.74219,0.88194,0.70312,0.82917,0.68359,0.75972,0.69297,0.70417,0.70859,0.65417,0.73047,0.66528,0.73281,0.61250,0.73594,0.59167,0.73984,0.59167,0.76328,0.67500,0.77109,0.61528,0.77578,0.60000,0.77656,0.60972,0.79063,0.70417,0.80391,0.65417,0.81094,0.63333,0.81563,0.63750,0.81328,0.75139,0.83047,0.71250,0.84375,0.69028,0.85547,0.68056,0.64488,0.83882,0.9996,0.74767,1.00000,0.8312,0.76645,0.89645,0.9949,0.73466,0.82568,0.74219,0.88194,140.44,0.9911,live,0.0925,0.1321,115.88,877.11
148639.683599,60.0,0.0073,2,2,0,0.74219,0.88333,0.70312,0.83194,0.68281,0.76389,0.69141,0.70833,0.70859,0.65972,0.72891,0.66944,0.73125,0.61667,0.73594,0.59444,0.74141,0.59722,0.76250,0.67917,0.77031,0.61806,0.77578,0.60139,0.77734,0.61389,0.78984,0.70833,0.80312,0.65694,0.81094,0.63472,0.81406,0.64444,0.81250,0.75417,0.83125,0.71528,0.84375,0.69167,0.85391,0.68750,0.64448,0.83895,0.9996,0.74483,1.00000,0.8168,0.76660,0.89770,0.9941,0.73616,0.83721,0.74219,0.88333,139.20,0.9895,live,0.0979,0.1226,106.92,872.08
148639.750096,60.0,0.0738,2,2,0,0.74141,0.88333,0.70156,0.83056,0.68203,0.76389,0.69141,0.70833,0.70859,0.65972,0.72891,0.66944,0.73047,0.61944,0.73516,0.59722,0.73984,0.59583,0.76172,0.67917,0.76953,0.62222,0.77500,0.60417,0.77578,0.61389,0.78984,0.70833,0.80312,0.65972,0.81094,0.63889,0.81328,0.64444,0.81250,0.75556,0.83125,0.71806,0.84453,0.69444,0.85469,0.68750,0.64331,0.83907,0.9996,0.74430,1.00000,0.8054,0.76815,0.89752,0.9934,0.73721,0.84643,0.74141,0.88333,139.29,0.9926,live,0.1039,0.1310,113.68,867.72
148639.817112,60.0,0.1408,2,2,0,0.74219,0.87917,0.70234,0.82778,0.68125,0.76111,0.68906,0.70556,0.70703,0.65833,0.72656,0.66806,0.72813,0.61667,0.73203,0.59306,0.73672,0.59583,0.76016,0.67778,0.76953,0.61528,0.77344,0.60000,0.77187,0.61250,0.78906,0.70694,0.80234,0.65556,0.80703,0.63333,0.80547,0.64722,0.81172,0.75278,0.83125,0.71250,0.84453,0.68750,0.85313,0.68611,0.64388,0.83824,0.9996,0.74526,1.00000,0.7991,0.76161,0.90100,0.9936,0.73821,0.85298,0.74219,0.87917,138.08,0.9941,live,0.1039,0.1220,105.29,863.01
148639.883632,60.0,0.2073,2,2,0,0.73672,0.86667,0.69766,0.81667,0.67734,0.74722,0.68672,0.69306,0.70312,0.64444,0.72344,0.65556,0.72656,0.60417,0.72969,0.57917,0.73203,0.57917,0.75625,0.66528,0.76641,0.60556,0.76953,0.58889,0.76875,0.60000,0.78359,0.69583,0.79922,0.64583,0.80391,0.62500,0.80469,0.62917,0.80625,0.74444,0.82578,0.70278,0.83906,0.68056,0.84922,0.67222,0.64388,0.83848,0.9996,0.75108,1.00000,0.8108,0.76121,0.89436,0.9940,0.73791,0.85572,0.73672,0.86667,137.27,0.9952,live,0.1039,0.0870,74.66,858.28
148639.950131,60.0,0.2738,2,2,0,0.73125,0.84722,0.69297,0.80000,0.67422,0.73056,0.68359,0.67639,0.69844,0.62639,0.71875,0.63472,0.72188,0.57917,0.72266,0.55417,0.72344,0.55694,0.75156,0.64444,0.75938,0.58750,0.76250,0.56944,0.76172,0.57639,0.77891,0.67361,0.79219,0.62222,0.79766,0.60000,0.79922,0.60278,0.80156,0.72222,0.82031,0.68194,0.83281,0.65972,0.84375,0.64861,0.64633,0.83850,0.9997,0.75488,1.00000,0.8113,0.76090,0.87151,0.9941,0.73658,0.85402,0.73125,0.84722,138.18,0.9953,live,0.1039,0.0873,74.66,854.78
148640.017663,60.0,0.3413,2,2,0,0.73047,0.82500,0.69063,0.77361,0.67188,0.70417,0.68125,0.65000,0.69063,0.59722,0.71250,0.60833,0.71406,0.55278,0.71562,0.53056,0.71641,0.52222,0.74531,0.61806,0.75156,0.56667,0.75469,0.54861,0.75547,0.54444,0.77266,0.64722,0.78359,0.59861,0.78984,0.57639,0.79453,0.56806,0.79609,0.69167,0.81250,0.65278,0.82422,0.63194,0.83516,0.61389,0.64638,0.83824,0.9997,0.75441,1.00000,0.8207,0.76037,0.85827,0.9945,0.73536,0.84821,0.73047,0.82500,139.53,0.9905,live,0.0946,0.0522,44.49,852.67
148640.084293,60.0,0.4080,2,2,0,0.72813,0.79583,0.68594,0.74306,0.66641,0.67500,0.67344,0.61944,0.68281,0.56944,0.70703,0.57500,0.70781,0.52639,0.70859,0.49861,0.71016,0.47778,0.73906,0.58194,0.74453,0.53333,0.74687,0.51528,0.74766,0.50417,0.76719,0.60694,0.77734,0.56250,0.78359,0.54028,0.78750,0.52639,0.79141,0.65000,0.80781,0.61389,0.81953,0.59306,0.82969,0.57361,0.64627,0.83765,0.9997,0.76053,1.00000,0.8220,0.75712,0.82421,0.9946,0.73391,0.83774,0.72813,0.79583,142.32,0.9937,live,0.0869,0.0522,44.49,852.82
148640.150437,60.0,0.4741,2,2,0,0.72500,0.76111,0.68203,0.71111,0.66172,0.64028,0.66875,0.58194,0.67656,0.52917,0.70000,0.54167,0.70078,0.48889,0.70234,0.45833,0.70547,0.43194,0.73281,0.54861,0.73828,0.49722,0.73906,0.47361,0.73828,0.45417,0.76094,0.57361,0.77187,0.52639,0.77734,0.50000,0.78125,0.47639,0.78672,0.61389,0.80312,0.57083,0.81484,0.54861,0.82422,0.52639,0.64646,0.83063,0.9997,0.76061,1.00000,0.8301,0.75103,0.79242,0.9950,0.73213,0.82241,0.72500,0.76111,142.33,0.9928,live,0.0766,0.0296,25.21,852.96
148640.216964,60.0,0.5406,2,2,0,0.72031,0.72778,0.67656,0.67500,0.65703,0.60417,0.66406,0.54444,0.67109,0.48750,0.69531,0.50694,0.69609,0.45278,0.69766,0.41944,0.69922,0.38611,0.72813,0.51111,0.73281,0.45833,0.73359,0.43194,0.73203,0.40694,0.75625,0.53472,0.76797,0.48333,0.77187,0.45417,0.77500,0.42500,0.78125,0.57500,0.79766,0.53333,0.80781,0.50833,0.81641,0.47917,0.64786,0.82324,0.9997,0.76254,1.00000,0.8414,0.74370,0.75284,0.9954,0.72976,0.80349,0.72031,0.72778,143.44,0.9930,live,0.0711,0.0458,39.13,853.88
148640.283729,60.0,0.6074,2,2,0,0.71484,0.69444,0.67109,0.64028,0.65234,0.56806,0.65938,0.50556,0.66484,0.44861,0.68984,0.47222,0.69063,0.41528,0.69063,0.38056,0.69063,0.34722,0.72266,0.47639,0.72656,0.42083,0.72656,0.39028,0.72344,0.35833,0.75000,0.50000,0.76094,0.44583,0.76484,0.41250,0.76719,0.37917,0.77578,0.53750,0.79063,0.49028,0.80078,0.46111,0.80937,0.43056,0.64703,0.80622,0.9997,0.76367,1.00000,0.8517,0.73926,0.71081,0.9957,0.72678,0.78168,0.71484,0.69444,144.35,0.9928,live,0.0711,0.0646,55.28,855.35
148640.350319,60.0,0.6740,2,2,0,0.70625,0.66528,0.66406,0.60833,0.64766,0.53750,0.65547,0.47361,0.65938,0.41389,0.68359,0.43750,0.68281,0.37917,0.68203,0.34444,0.68203,0.30972,0.71641,0.44167,0.71953,0.38194,0.71797,0.35000,0.71406,0.31528,0.74297,0.46389,0.75391,0.40694,0.75625,0.37361,0.75781,0.34028,0.76875,0.50139,0.78203,0.45139,0.79141,0.42222,0.79922,0.39028,0.64566,0.80330,0.9997,0.76352,1.00000,0.8519,0.73672,0.67817,0.9959,0.72267,0.75840,0.70625,0.66528,147.23,0.9929,live,0.0711,0.0848,72.84,858.72
148640.417148,60.0,0.7408,2,2,0,0.70234,0.64583,0.65938,0.58750,0.64297,0.51389,0.65078,0.45000,0.65469,0.39028,0.67969,0.41667,0.67812,0.35417,0.67578,0.31806,0.67422,0.28056,0.71172,0.41806,0.71328,0.35556,0.71094,0.32222,0.70703,0.28611,0.73906,0.43889,0.74766,0.37778,0.74844,0.34167,0.74844,0.30556,0.76406,0.47361,0.77578,0.42222,0.78438,0.39167,0.79063,0.35833,0.64339,0.80363,0.9997,0.76346,1.00000,0.8616,0.73011,0.64947,0.9963,0.71861,0.73588,0.70234,0.64583,148.63,0.9911,live,0.0770,0.1040,89.75,862.68
148640.483630,60.0,0.8073,2,2,0,0.70078,0.63611,0.65625,0.57500,0.63984,0.50139,0.64687,0.43333,0.64922,0.37222,0.67734,0.40278,0.67344,0.33889,0.67109,0.30139,0.66875,0.26389,0.70859,0.40417,0.71016,0.33750,0.70703,0.30139,0.70156,0.26528,0.73516,0.42361,0.74297,0.35972,0.74297,0.32222,0.74219,0.28611,0.76016,0.45694,0.77109,0.40417,0.77812,0.37222,0.78438,0.33750,0.64031,0.80003,0.9997,0.76637,1.00000,0.8610,0.72851,0.63072,0.9965,0.71504,0.71593,0.70078,0.63611,150.16,0.9862,live,0.0849,0.1209,104.82,867.27
148640.550635,60.0,0.8743,2,2,0,0.69844,0.62778,0.65547,0.56667,0.63828,0.49306,0.64453,0.42500,0.64766,0.36389,0.67422,0.39444,0.67031,0.33194,0.66797,0.29583,0.66641,0.25694,0.70547,0.39444,0.70625,0.32917,0.70312,0.29444,0.69766,0.25417,0.73203,0.41389,0.73984,0.35000,0.73984,0.31250,0.73984,0.27500,0.75625,0.44861,0.76797,0.39444,0.77500,0.36111,0.77969,0.32500,0.63621,0.79810,0.9997,0.76948,1.00000,0.8638,0.72480,0.62786,0.9966,0.71172,0.69830,0.69844,0.62778,149.95,0.9876,live,0.0928,0.1287,112.10,871.17
148640.617676,60.0,0.9414,2,2,0,0.69766,0.62361,0.65312,0.56250,0.63750,0.48889,0.64453,0.42083,0.64687,0.35972,0.67109,0.38750,0.66719,0.32639,0.66484,0.29167,0.66406,0.25278,0.70312,0.38889,0.70312,0.32361,0.70000,0.28889,0.69453,0.24861,0.72891,0.40694,0.73672,0.34444,0.73672,0.30833,0.73672,0.26944,0.75313,0.44306,0.76406,0.38889,0.77031,0.35417,0.77500,0.31667,0.63381,0.79385,0.9997,0.76852,1.00000,0.8664,0.71874,0.62216,0.9968,0.70891,0.68336,0.69766,0.62361,150.75,0.9892,live,0.0999,0.1322,115.67,875.17
148640.683677,60.0,0.0074,2,1,1,0.69531,0.62500,0.65078,0.56111,0.63672,0.48889,0.64297,0.42083,0.64531,0.35972,0.66953,0.38750,0.66563,0.32639,0.66328,0.29167,0.66250,0.25278,0.70078,0.38750,0.70000,0.32222,0.69688,0.29028,0.69219,0.24583,0.72656,0.40417,0.73281,0.34306,0.73281,0.30694,0.73125,0.26944,0.75156,0.44028,0.76094,0.38333,0.76562,0.35000,0.76953,0.31111,0.63502,0.79396,0.9997,0.76640,1.00000,0.8710,0.71935,0.62424,0.9970,0.70619,0.67169,0.69531,0.62500,152.05,0.9892,live,0.1074,0.1418,124.71,879.62
148640.750430,60.0,0.0741,2,1,1,0.69453,0.62500,0.64922,0.55972,0.63438,0.49028,0.64062,0.42222,0.64219,0.36111,0.66641,0.39028,0.66328,0.32917,0.66094,0.29444,0.65938,0.25417,0.69844,0.38889,0.69688,0.32222,0.69453,0.29028,0.68906,0.24722,0.72188,0.40556,0.72891,0.34306,0.72813,0.30556,0.72734,0.26944,0.74687,0.44028,0.75547,0.38333,0.76016,0.34861,0.76406,0.31111,0.63487,0.79013,0.9997,0.76716,1.00000,0.8733,0.71802,0.62546,0.9971,0.70386,0.66235,0.69453,0.62500,150.22,0.9842,live,0.1127,0.1369,120.79,882.23
148640.817445,60.0,0.1411,2,1,1,0.69375,0.62778,0.64766,0.55972,0.63281,0.49028,0.63984,0.42222,0.64062,0.35972,0.66563,0.39028,0.66172,0.33056,0.65938,0.29583,0.65781,0.25556,0.69766,0.38889,0.69609,0.32361,0.69375,0.29306,0.68828,0.24861,0.72109,0.40694,0.72734,0.34444,0.72500,0.30694,0.72344,0.27083,0.74687,0.44167,0.75391,0.38333,0.75781,0.35000,0.76094,0.30972,0.63583,0.78998,0.9997,0.76393,1.00000,0.8747,0.71635,0.62746,0.9972,0.70184,0.65544,0.69375,0.62778,151.87,0.9880,live,0.1127,0.1088,96.34,885.71
148640.883805,60.0,0.2075,2,1,1,0.69141,0.62917,0.64531,0.56250,0.63125,0.49306,0.63828,0.42639,0.63984,0.36389,0.66406,0.39444,0.66094,0.33472,0.65859,0.30000,0.65625,0.26111,0.69531,0.39444,0.69453,0.32778,0.69297,0.29583,0.68750,0.25139,0.71953,0.41111,0.72500,0.34861,0.72344,0.31111,0.72109,0.27361,0.74531,0.44583,0.75234,0.38750,0.75625,0.35278,0.75859,0.31250,0.64024,0.79320,0.9997,0.76460,1.00000,0.8707,0.71610,0.62827,0.9972,0.69975,0.65018,0.69141,0.62917,150.25,0.9864,live,0.1127,0.0938,83.26,887.60
148640.950777,60.0,0.2745,2,1,1,0.68750,0.63333,0.64375,0.57083,0.62969,0.50139,0.63438,0.43611,0.63594,0.37500,0.66172,0.40139,0.65859,0.34306,0.65547,0.30972,0.65312,0.27222,0.69219,0.40139,0.69141,0.33472,0.68906,0.30417,0.68281,0.25972,0.71562,0.41667,0.72188,0.35417,0.71953,0.31667,0.71797,0.28056,0.74062,0.45278,0.74687,0.39306,0.75078,0.35833,0.75313,0.32083,0.64049,0.79136,0.9997,0.76466,1.00000,0.8710,0.71371,0.62629,0.9972,0.69730,0.64681,0.68750,0.63333,147.90,0.9893,live,0.1066,0.0785,69.69,887.58
148641.017805,60.0,0.3415,2,1,1,0.68437,0.64306,0.64297,0.58194,0.63047,0.51250,0.63438,0.45000,0.63594,0.39028,0.66094,0.40833,0.65859,0.35139,0.65469,0.32222,0.65078,0.28889,0.69141,0.40972,0.68906,0.34583,0.68437,0.31528,0.67734,0.27361,0.71406,0.42778,0.71797,0.36667,0.71484,0.33056,0.71172,0.29722,0.73828,0.46528,0.74297,0.40694,0.74453,0.37083,0.74531,0.33194,0.64029,0.79235,0.9997,0.76590,1.00000,0.8711,0.71186,0.62421,0.9972,0.69472,0.64606,0.68437,0.64306,148.11,0.9934,live,0.0989,0.0638,56.64,887.71
148641.083927,60.0,0.4076,2,1,1,0.68281,0.66528,0.64219,0.60417,0.63047,0.53333,0.63516,0.47083,0.63594,0.41250,0.65781,0.43472,0.65625,0.38056,0.65312,0.35000,0.65156,0.31667,0.68750,0.43611,0.68516,0.37083,0.68125,0.33889,0.67422,0.29722,0.71094,0.45278,0.71406,0.39306,0.71172,0.35694,0.71016,0.32361,0.73516,0.49028,0.73906,0.43056,0.73906,0.39444,0.73906,0.35556,0.64126,0.79224,0.9997,0.76559,1.00000,0.8619,0.71212,0.63934,0.9972,0.69233,0.64990,0.68281,0.66528,145.91,0.9936,live,0.0902,0.0508,45.06,886.24
148641.151064,60.0,0.4747,2,1,1,0.68047,0.69583,0.63984,0.63333,0.62969,0.56389,0.63516,0.50278,0.63516,0.44583,0.65469,0.46806,0.65391,0.41528,0.65156,0.38472,0.65000,0.35278,0.68437,0.46806,0.68203,0.40417,0.67812,0.37778,0.67109,0.33889,0.70625,0.48472,0.71016,0.42500,0.70703,0.39167,0.70469,0.36528,0.73047,0.52361,0.73359,0.46111,0.73359,0.42500,0.73203,0.38889,0.64077,0.79246,0.9997,0.76877,1.00000,0.8699,0.71167,0.69288,0.9974,0.68996,0.65909,0.68047,0.69583,143.96,0.9913,live,0.0814,0.0410,36.19,883.54
148641.217592,60.0,0.5413,2,1,1,0.67891,0.73056,0.63984,0.67083,0.62734,0.60278,0.63203,0.54167,0.63516,0.48611,0.65391,0.50833,0.65312,0.45694,0.65078,0.43056,0.64922,0.40833,0.68281,0.50972,0.68203,0.44583,0.68047,0.42222,0.67422,0.39167,0.70391,0.52500,0.70937,0.46389,0.70703,0.43194,0.70391,0.41250,0.72813,0.55972,0.73125,0.50139,0.73203,0.46528,0.73125,0.43194,0.63942,0.79248,0.9997,0.77126,1.00000,0.8766,0.71169,0.72489,0.9974,0.68775,0.67338,0.67891,0.73056,140.60,0.9898,live,0.0745,0.0434,38.14,878.75
148641.284193,60.0,0.6079,2,1,1,0.67656,0.75972,0.63984,0.70139,0.62656,0.63472,0.63047,0.57639,0.63359,0.52222,0.65391,0.54167,0.65312,0.49167,0.65078,0.46667,0.64844,0.44444,0.68203,0.54306,0.68125,0.48194,0.67812,0.45833,0.67031,0.42778,0.70312,0.55972,0.70859,0.50139,0.70469,0.46806,0.70000,0.44861,0.72656,0.59583,0.72969,0.54028,0.72969,0.50417,0.72734,0.47222,0.63889,0.79695,0.9997,0.75465,1.00000,0.8738,0.71108,0.76352,0.9974,0.68551,0.69065,0.67656,0.75972,137.72,0.9928,live,0.0693,0.0456,39.78,872.46
148641.350978,60.0,0.6747,2,1,1,0.67344,0.78194,0.63750,0.72222,0.62500,0.65833,0.62813,0.60139,0.63281,0.54861,0.65156,0.56528,0.65156,0.51667,0.64922,0.49306,0.64766,0.47222,0.67891,0.56806,0.67891,0.50833,0.67578,0.48750,0.66875,0.45694,0.70078,0.58333,0.70469,0.52917,0.70234,0.50000,0.69766,0.47917,0.72344,0.62083,0.72578,0.56667,0.72578,0.53333,0.72422,0.50417,0.63955,0.79789,0.9997,0.74592,1.00000,0.8647,0.70823,0.80580,0.9970,0.68310,0.70891,0.67344,0.78194,136.36,0.9941,live,0.0693,0.0591,51.21,865.95
148641.417638,60.0,0.7413,2,1,1,0.67109,0.79583,0.63672,0.74028,0.62500,0.67361,0.62813,0.61806,0.63047,0.56667,0.65078,0.58056,0.65078,0.53333,0.64844,0.51250,0.64609,0.49583,0.67812,0.58472,0.67812,0.52778,0.67422,0.50694,0.66641,0.48194,0.69922,0.60278,0.70469,0.55000,0.70078,0.51944,0.69609,0.50139,0.72109,0.64167,0.72344,0.58889,0.72188,0.55556,0.71875,0.52500,0.63252,0.79816,0.9997,0.72532,1.00000,0.8371,0.70726,0.80945,0.9959,0.68070,0.72629,0.67109,0.79583,134.44,0.9952,live,0.0693,0.0730,62.70,858.83
148641.484191,60.0,0.8079,2,1,1,0.67109,0.80556,0.63594,0.75000,0.62344,0.68750,0.62500,0.63472,0.62891,0.58194,0.64922,0.59444,0.64922,0.54722,0.64609,0.52917,0.64375,0.51944,0.67656,0.59861,0.67578,0.54167,0.67188,0.52222,0.66328,0.50139,0.69688,0.61528,0.70156,0.56389,0.69766,0.53472,0.69297,0.52083,0.71953,0.65417,0.72031,0.60278,0.71797,0.56944,0.71406,0.54167,0.63122,0.80058,0.9997,0.73128,1.00000,0.8362,0.70470,0.81546,0.9957,0.67878,0.74215,0.67109,0.80556,132.22,0.9953,live,0.0693,0.0859,73.13,850.96
148641.550915,60.0,0.8746,2,1,1,0.66953,0.81389,0.63672,0.75694,0.62422,0.69583,0.62344,0.64167,0.62891,0.59306,0.64922,0.60417,0.64922,0.55972,0.64687,0.54444,0.64453,0.53333,0.67500,0.60972,0.67500,0.55417,0.67109,0.53750,0.66328,0.51667,0.69531,0.62778,0.70000,0.57778,0.69609,0.55000,0.69141,0.53333,0.71641,0.66806,0.71797,0.61806,0.71641,0.58611,0.71328,0.55694,0.63129,0.80400,0.9997,0.72383,1.00000,0.8302,0.70494,0.82426,0.9954,0.67693,0.75650,0.66953,0.81389,129.71,0.9961,live,0.0745,0.0982,82.71,842.24
148641.617919,60.0,0.9416,2,1,1,0.66797,0.81806,0.63516,0.76250,0.62266,0.70278,0.62187,0.65000,0.62813,0.60139,0.64922,0.61389,0.64922,0.56944,0.64687,0.55278,0.64453,0.54028,0.67500,0.61806,0.67500,0.56528,0.67031,0.54861,0.66250,0.52639,0.69453,0.63472,0.69922,0.58611,0.69531,0.55972,0.68984,0.54583,0.71562,0.67222,0.71719,0.62361,0.71562,0.59306,0.71172,0.56667,0.63178,0.80732,0.9997,0.72312,1.00000,0.8307,0.70114,0.82465,0.9955,0.67514,0.76881,0.66797,0.81806,127.37,0.9941,live,0.0802,0.1061,88.40,832.88
148641.684441,60.0,0.0081,2,2,0,0.66719,0.82083,0.63516,0.76528,0.62344,0.70694,0.62266,0.65556,0.62813,0.60694,0.64922,0.61806,0.64922,0.57639,0.64609,0.55833,0.64375,0.54583,0.67422,0.62361,0.67422,0.57083,0.67031,0.55417,0.66250,0.53472,0.69375,0.64167,0.69844,0.59167,0.69531,0.56528,0.68984,0.55278,0.71484,0.68056,0.71641,0.63056,0.71484,0.60000,0.71172,0.57222,0.63335,0.80757,0.9997,0.72403,1.00000,0.8247,0.69852,0.83338,0.9952,0.67355,0.77921,0.66719,0.82083,125.84,0.9955,live,0.0852,0.1081,89.00,823.54
148641.751043,60.0,0.0747,2,2,0,0.66797,0.82222,0.63516,0.76806,0.62422,0.70833,0.62500,0.65694,0.63047,0.60833,0.65078,0.62222,0.65078,0.57917,0.64844,0.56250,0.64453,0.55278,0.67656,0.62639,0.67656,0.57222,0.67266,0.55694,0.66328,0.53889,0.69531,0.64444,0.70156,0.59444,0.69766,0.56667,0.69141,0.55556,0.71641,0.68194,0.71875,0.63333,0.71797,0.60139,0.71484,0.57500,0.63361,0.80691,0.9997,0.72025,1.00000,0.8107,0.69852,0.83542,0.9947,0.67243,0.78781,0.66797,0.82222,124.99,0.9952,live,0.0910,0.1170,95.36,814.71
148641.818049,60.0,0.1417,2,2,0,0.66875,0.82500,0.63594,0.76944,0.62500,0.71111,0.62656,0.65833,0.63359,0.60972,0.65312,0.62222,0.65312,0.58056,0.65000,0.56389,0.64609,0.55139,0.67812,0.62778,0.67891,0.57361,0.67578,0.55833,0.66641,0.53889,0.69766,0.64444,0.70469,0.59583,0.70078,0.56944,0.69453,0.55694,0.71875,0.68194,0.72188,0.63472,0.72188,0.60417,0.71875,0.57778,0.63455,0.80985,0.9997,0.72143,1.00000,0.8020,0.69858,0.84378,0.9940,0.67169,0.79525,0.66875,0.82500,126.38,0.9951,live,0.0910,0.0958,77.36,807.93
148641.884589,60.0,0.2083,2,2,0,0.66953,0.82500,0.63672,0.76944,0.62422,0.71111,0.62734,0.65972,0.63359,0.61111,0.65156,0.62222,0.65234,0.58194,0.65000,0.56528,0.64687,0.55139,0.67812,0.62778,0.67969,0.57639,0.67656,0.56111,0.67031,0.53889,0.69922,0.64722,0.70547,0.60000,0.70312,0.57361,0.69922,0.55556,0.72031,0.68611,0.72656,0.64306,0.72813,0.61389,0.72656,0.58750,0.63459,0.81123,0.9997,0.72641,1.00000,0.8042,0.69863,0.84255,0.9941,0.67126,0.80120,0.66953,0.82500,127.20,0.9964,live,0.0910,0.0849,68.15,802.56
148641.951279,60.0,0.2750,2,2,0,0.66875,0.82361,0.63594,0.76944,0.62500,0.70972,0.62734,0.65833,0.63203,0.60972,0.65234,0.62361,0.65312,0.58056,0.64922,0.56389,0.64531,0.54861,0.67812,0.62778,0.67891,0.57778,0.67578,0.55972,0.66797,0.53333,0.69844,0.64861,0.70625,0.60139,0.70391,0.57222,0.69922,0.55000,0.71953,0.68611,0.72656,0.64306,0.72891,0.61528,0.72734,0.58750,0.63482,0.81230,0.9997,0.72291,1.00000,0.8025,0.69771,0.84163,0.9942,0.67076,0.80568,0.66875,0.82361,125.63,0.9969,live,0.0910,0.0735,58.56,796.71
148642.018369,60.0,0.3420,2,2,0,0.66719,0.81528,0.63516,0.76111,0.62344,0.70278,0.62500,0.65000,0.62813,0.60139,0.65078,0.61528,0.65000,0.57500,0.64609,0.55417,0.64141,0.53194,0.67656,0.61944,0.67656,0.57083,0.67266,0.55139,0.66484,0.52361,0.69766,0.63889,0.70391,0.59028,0.70156,0.56389,0.69609,0.54028,0.71797,0.67361,0.72422,0.63194,0.72656,0.60556,0.72500,0.57778,0.63601,0.81136,0.9996,0.71977,1.00000,0.7959,0.69772,0.84105,0.9939,0.67005,0.80760,0.66719,0.81528,125.92,0.9960,live,0.0856,0.0612,48.43,791.77
148642.084564,60.0,0.4082,2,2,0,0.66484,0.79583,0.63125,0.74444,0.62031,0.68333,0.62422,0.63194,0.62578,0.58472,0.64687,0.59861,0.64453,0.55556,0.64062,0.53472,0.63594,0.51250,0.67266,0.60278,0.67109,0.55278,0.66563,0.53194,0.65703,0.50278,0.69297,0.62222,0.69688,0.57361,0.69297,0.54444,0.68828,0.51806,0.71406,0.65972,0.71875,0.61667,0.71953,0.58889,0.71953,0.55833,0.63051,0.81135,0.9997,0.72603,1.00000,0.7996,0.69353,0.81150,0.9941,0.66900,0.80525,0.66484,0.79583,124.08,0.9963,live,0.0789,0.0486,38.17,786.09
148642.151433,60.0,0.4751,2,2,0,0.66250,0.77361,0.62969,0.72222,0.62109,0.66111,0.62187,0.60972,0.62422,0.56250,0.64375,0.57500,0.64141,0.53333,0.63672,0.51111,0.63281,0.48750,0.66953,0.57917,0.66719,0.52917,0.66172,0.50833,0.65234,0.48056,0.68906,0.59583,0.69219,0.54583,0.68828,0.51806,0.68359,0.49306,0.71016,0.63194,0.71328,0.58611,0.71406,0.55833,0.71328,0.52778,0.62989,0.80989,0.9996,0.74146,1.00000,0.8001,0.69357,0.79657,0.9943,0.66770,0.79892,0.66250,0.77361,124.63,0.9971,live,0.0715,0.0378,29.51,781.50
148642.217929,60.0,0.5416,2,2,0,0.66172,0.74306,0.62813,0.69028,0.61953,0.63194,0.62109,0.58056,0.62187,0.53333,0.64062,0.55000,0.63828,0.50694,0.63359,0.48333,0.62969,0.45556,0.66563,0.55139,0.66250,0.50000,0.65625,0.47917,0.64766,0.44722,0.68359,0.56667,0.68750,0.51528,0.68359,0.48750,0.67891,0.46111,0.70469,0.60000,0.70781,0.55139,0.70703,0.52222,0.70625,0.49028,0.62834,0.80768,0.9996,0.75342,1.00000,0.8017,0.69327,0.76532,0.9944,0.66651,0.78775,0.66172,0.74306,121.50,0.9956,live,0.0638,0.0288,22.34,775.20
148642.284970,60.0,0.6086,2,2,0,0.66484,0.71250,0.62813,0.66111,0.61797,0.59861,0.62109,0.54306,0.62187,0.49444,0.63984,0.52222,0.63828,0.47778,0.63438,0.45417,0.63047,0.42639,0.66406,0.52083,0.66094,0.46806,0.65469,0.44306,0.64609,0.41111,0.68281,0.53333,0.68516,0.47778,0.68047,0.44722,0.67578,0.41806,0.70391,0.56111,0.70469,0.50972,0.70312,0.47917,0.70156,0.44722,0.62908,0.80368,0.9997,0.75224,1.00000,0.7968,0.69581,0.74512,0.9944,0.66617,0.77270,0.66484,0.71250,121.32,0.9935,live,0.0585,0.0343,26.38,769.52
148642.351613,60.0,0.6753,2,2,0,0.66563,0.67917,0.62891,0.62917,0.61797,0.56806,0.62031,0.51250,0.62031,0.46389,0.63828,0.49583,0.63594,0.44722,0.63125,0.41944,0.62813,0.38889,0.66172,0.49167,0.65781,0.43611,0.65234,0.40833,0.64531,0.37500,0.68047,0.50000,0.68203,0.44306,0.67812,0.40972,0.67344,0.37778,0.70156,0.52361,0.70234,0.47222,0.70078,0.44028,0.69844,0.40833,0.62821,0.80181,0.9997,0.75125,1.00000,0.8063,0.68827,0.67272,0.9948,0.66606,0.75399,0.66563,0.67917,119.04,0.9894,live,0.0585,0.0515,39.27,762.89
148642.418369,60.0,0.7420,2,2,0,0.66563,0.65417,0.62813,0.60556,0.61719,0.54306,0.61875,0.48611,0.61797,0.43889,0.63750,0.47361,0.63438,0.42361,0.63047,0.39444,0.62656,0.36389,0.66016,0.46806,0.65625,0.41111,0.65078,0.38194,0.64375,0.34722,0.67812,0.47500,0.67891,0.41667,0.67500,0.38333,0.67109,0.35139,0.69844,0.49583,0.69844,0.44444,0.69766,0.41250,0.69531,0.37917,0.62793,0.80357,0.9997,0.75825,1.00000,0.8204,0.68698,0.64075,0.9952,0.66598,0.73403,0.66563,0.65417,117.55,0.9867,live,0.0585,0.0706,53.40,755.98
148642.484962,60.0,0.8086,2,2,0,0.66328,0.63889,0.62656,0.58750,0.61562,0.52917,0.61797,0.47222,0.61641,0.42500,0.63594,0.45833,0.63281,0.40833,0.62813,0.37917,0.62422,0.34861,0.65781,0.45278,0.65391,0.39583,0.64922,0.36528,0.64141,0.33056,0.67578,0.45972,0.67578,0.40139,0.67188,0.36667,0.66797,0.33611,0.69609,0.47917,0.69531,0.42639,0.69375,0.39444,0.69063,0.36111,0.62876,0.79891,0.9997,0.75806,1.00000,0.8197,0.68686,0.62575,0.9954,0.66544,0.71500,0.66328,0.63889,117.42,0.9833,live,0.0641,0.0894,67.02,749.80
148642.551373,60.0,0.8750,2,2,0,0.66094,0.62778,0.62500,0.57917,0.61406,0.52083,0.61562,0.46389,0.61484,0.41667,0.63359,0.45556,0.62969,0.40278,0.62500,0.37361,0.62109,0.34167,0.65469,0.44722,0.65078,0.38889,0.64453,0.35694,0.63672,0.32083,0.67266,0.45139,0.67188,0.39167,0.66797,0.35694,0.66328,0.32361,0.69219,0.46806,0.69063,0.41806,0.68828,0.38611,0.68594,0.35417,0.62770,0.79884,0.9997,0.75663,1.00000,0.8302,0.68150,0.59609,0.9958,0.66454,0.69755,0.66094,0.62778,114.10,0.9795,live,0.0718,0.1072,79.55,741.98
148642.618481,60.0,0.9422,2,2,0,0.65938,0.62361,0.62266,0.57361,0.61094,0.51528,0.61250,0.45972,0.61328,0.41389,0.63047,0.45278,0.62656,0.40139,0.62187,0.37083,0.61797,0.33889,0.65156,0.44306,0.64687,0.38611,0.64141,0.35417,0.63281,0.31944,0.66875,0.44861,0.66797,0.38889,0.66406,0.35417,0.65938,0.32083,0.68906,0.46528,0.68750,0.41389,0.68594,0.38194,0.68281,0.35139,0.62405,0.79703,0.9997,0.75575,1.00000,0.8331,0.67737,0.58328,0.9959,0.66350,0.68277,0.65938,0.62361,113.63,0.9800,live,0.0806,0.1204,88.47,734.75
148642.684823,60.0,0.0085,2,1,1,0.65859,0.62083,0.62109,0.57361,0.60859,0.51389,0.61016,0.45972,0.61016,0.41389,0.62969,0.45278,0.62500,0.40139,0.62031,0.37083,0.61484,0.33889,0.64922,0.44444,0.64453,0.38611,0.63750,0.35278,0.62891,0.31806,0.66641,0.44861,0.66484,0.38889,0.66094,0.35278,0.65547,0.31944,0.68516,0.46528,0.68437,0.41389,0.68281,0.38194,0.68047,0.35000,0.62081,0.79698,0.9997,0.75374,1.00000,0.8446,0.66978,0.57666,0.9963,0.66252,0.67038,0.65859,0.62083,110.68,0.9778,live,0.0891,0.1278,92.79,726.27
148642.751411,60.0,0.0751,2,1,1,0.65625,0.62083,0.61953,0.57778,0.60625,0.51806,0.60781,0.46250,0.60781,0.41806,0.62734,0.45417,0.62266,0.40278,0.61797,0.37361,0.61328,0.34167,0.64687,0.44583,0.64141,0.38889,0.63438,0.35694,0.62578,0.32222,0.66406,0.45000,0.66250,0.39167,0.65781,0.35556,0.65234,0.32222,0.68281,0.46667,0.68125,0.41528,0.67969,0.38333,0.67734,0.35139,0.61851,0.79699,0.9997,0.75353,1.00000,0.8540,0.66819,0.57925,0.9966,0.66127,0.66047,0.65625,0.62083,109.95,0.9762,live,0.0981,0.1393,100.02,718.28
148642.818270,60.0,0.1419,2,1,1,0.65625,0.62500,0.61797,0.58056,0.60547,0.51806,0.60703,0.46250,0.60781,0.41944,0.62734,0.45972,0.62266,0.40833,0.61797,0.37778,0.61250,0.34583,0.64687,0.45000,0.64141,0.39306,0.63438,0.35972,0.62578,0.32500,0.66328,0.45417,0.66094,0.39583,0.65625,0.35972,0.65078,0.32500,0.68203,0.46806,0.68047,0.41806,0.67812,0.38611,0.67578,0.35556,0.61857,0.81146,0.9997,0.75333,1.00000,0.8611,0.66626,0.58241,0.9968,0.66026,0.65338,0.65625,0.62500,109.79,0.9687,live,0.0981,0.1213,86.24,711.14
148642.884923,60.0,0.2086,2,1,1,0.65547,0.62917,0.61719,0.58333,0.60469,0.52222,0.60625,0.46667,0.60703,0.42361,0.62656,0.46389,0.62187,0.41250,0.61719,0.38194,0.61172,0.35000,0.64531,0.45556,0.63984,0.39861,0.63359,0.36528,0.62500,0.33056,0.66250,0.45833,0.66016,0.40139,0.65547,0.36389,0.64922,0.33056,0.68125,0.47222,0.67891,0.42361,0.67734,0.39167,0.67500,0.35972,0.61862,0.81409,0.9997,0.75361,1.00000,0.8697,0.66652,0.58576,0.9970,0.65931,0.64853,0.65547,0.62917,109.57,0.9695,live,0.1034,0.1275,89.83,704.69
148642.951556,60.0,0.2752,2,1,1,0.65547,0.63333,0.61797,0.59028,0.60547,0.52778,0.60625,0.47361,0.60703,0.43056,0.62734,0.46944,0.62266,0.41806,0.61719,0.38889,0.61172,0.35833,0.64609,0.45972,0.64062,0.40417,0.63438,0.37222,0.62578,0.33750,0.66328,0.46389,0.66016,0.40694,0.65547,0.37222,0.65000,0.33750,0.68125,0.47778,0.67891,0.42917,0.67734,0.39861,0.67500,0.36667,0.61714,0.81386,0.9997,0.74629,1.00000,0.8760,0.66429,0.58766,0.9972,0.65854,0.64549,0.65547,0.63333,108.74,0.9663,live,0.1034,0.1127,78.71,698.42
148643.018679,60.0,0.3424,2,1,1,0.65625,0.64167,0.61797,0.59861,0.60547,0.53611,0.60703,0.48194,0.60781,0.43750,0.62734,0.47778,0.62266,0.42639,0.61719,0.39722,0.61250,0.36667,0.64609,0.46944,0.64141,0.41389,0.63516,0.38194,0.62656,0.34861,0.66328,0.47222,0.66094,0.41806,0.65625,0.38333,0.65000,0.35139,0.68203,0.48750,0.67969,0.43889,0.67734,0.40833,0.67500,0.37778,0.61714,0.81321,0.9997,0.74625,1.00000,0.8832,0.66204,0.59644,0.9975,0.65808,0.64473,0.65625,0.64167,108.62,0.9699,live,0.0981,0.0743,51.46,692.82
148643.085337,60.0,0.4090,2,1,1,0.65547,0.65000,0.61797,0.60833,0.60625,0.54583,0.60781,0.49167,0.60859,0.44722,0.62813,0.48611,0.62266,0.43611,0.61797,0.40556,0.61250,0.37639,0.64687,0.47917,0.64141,0.42361,0.63516,0.39167,0.62734,0.35972,0.66406,0.48333,0.66172,0.42778,0.65703,0.39306,0.65078,0.36111,0.68203,0.49861,0.68047,0.45000,0.67812,0.41806,0.67500,0.38750,0.61714,0.81248,0.9997,0.74298,1.00000,0.8812,0.66210,0.60963,0.9975,0.65756,0.64578,0.65547,0.65000,107.58,0.9752,live,0.0907,0.0569,39.07,687.14
148643.151866,60.0,0.4755,2,1,1,0.65469,0.66111,0.61875,0.61528,0.60781,0.55556,0.61016,0.50139,0.61094,0.45972,0.62891,0.49444,0.62500,0.44583,0.61953,0.41667,0.61406,0.38750,0.64844,0.48750,0.64375,0.43472,0.63828,0.40278,0.62969,0.37083,0.66563,0.49444,0.66406,0.43889,0.65938,0.40556,0.65391,0.37500,0.68359,0.51111,0.68281,0.46250,0.68047,0.43194,0.67734,0.40139,0.61658,0.81427,0.9997,0.74105,1.00000,0.8814,0.66282,0.62514,0.9975,0.65698,0.64885,0.65469,0.66111,108.72,0.9768,live,0.0819,0.0419,28.63,682.97
148643.218725,60.0,0.5424,2,1,1,0.65547,0.67222,0.62031,0.62639,0.60938,0.56667,0.61250,0.51250,0.61328,0.46944,0.63047,0.50556,0.62578,0.45556,0.62109,0.42778,0.61641,0.39861,0.65000,0.49861,0.64609,0.44583,0.64062,0.41528,0.63281,0.38333,0.66719,0.50556,0.66719,0.45139,0.66328,0.41944,0.65859,0.38889,0.68594,0.52361,0.68594,0.47639,0.68437,0.44722,0.68125,0.41806,0.61850,0.81891,0.9997,0.75137,1.00000,0.8740,0.66767,0.64136,0.9975,0.65668,0.65352,0.65547,0.67222,108.86,0.9796,live,0.0725,0.0293,19.92,679.39
148643.285115,60.0,0.6088,2,1,1,0.65391,0.68750,0.62109,0.64167,0.61172,0.58194,0.61406,0.52917,0.61406,0.48472,0.63125,0.51806,0.62734,0.47083,0.62266,0.44444,0.61797,0.41667,0.65156,0.51250,0.64766,0.46111,0.64219,0.43333,0.63438,0.40278,0.66953,0.52083,0.66953,0.46806,0.66563,0.43750,0.66094,0.40972,0.68828,0.54167,0.68750,0.49583,0.68672,0.46667,0.68437,0.43750,0.61859,0.81926,0.9996,0.73079,1.00000,0.8597,0.66653,0.65280,0.9972,0.65613,0.66032,0.65391,0.68750,110.06,0.9872,live,0.0629,0.0194,13.11,677.11
148643.352061,60.0,0.6757,2,1,1,0.65391,0.70556,0.62187,0.65833,0.61328,0.60139,0.61562,0.55139,0.61562,0.50833,0.63125,0.53333,0.62891,0.48889,0.62500,0.46528,0.62109,0.43889,0.65312,0.53056,0.65000,0.48056,0.64453,0.45694,0.63594,0.42639,0.67109,0.54028,0.67188,0.49028,0.66719,0.46250,0.66250,0.43611,0.69063,0.56389,0.68984,0.51667,0.68906,0.48889,0.68750,0.45972,0.62008,0.82504,0.9996,0.73798,1.00000,0.8469,0.67511,0.67914,0.9969,0.65568,0.66937,0.65391,0.70556,111.19,0.9927,live,0.0566,0.0276,18.68,675.91
148643.418638,60.0,0.7423,2,1,1,0.65312,0.72500,0.62344,0.67778,0.61562,0.62083,0.61719,0.57222,0.61797,0.52917,0.63359,0.55278,0.63203,0.50972,0.62813,0.48750,0.62500,0.46250,0.65469,0.55278,0.65156,0.50417,0.64609,0.48194,0.63750,0.45278,0.67266,0.56250,0.67422,0.51389,0.66953,0.48611,0.66484,0.45972,0.69141,0.58750,0.69219,0.54167,0.69063,0.51389,0.68828,0.48472,0.62007,0.83018,0.9996,0.72981,1.00000,0.8507,0.67127,0.70032,0.9970,0.65517,0.68049,0.65312,0.72500,109.77,0.9953,live,0.0566,0.0390,26.29,673.84
148643.485372,60.0,0.8090,2,1,1,0.65156,0.74583,0.62266,0.69722,0.61562,0.64167,0.61719,0.59306,0.61875,0.55139,0.63359,0.57083,0.63281,0.52917,0.62891,0.50833,0.62578,0.48611,0.65547,0.57222,0.65234,0.52500,0.64609,0.50556,0.63750,0.47778,0.67266,0.58472,0.67500,0.53889,0.67031,0.51111,0.66563,0.48750,0.69141,0.61389,0.69297,0.56806,0.69141,0.54028,0.68906,0.51250,0.62167,0.83181,0.9995,0.72592,1.00000,0.8352,0.67532,0.73841,0.9960,0.65445,0.69356,0.65156,0.74583,110.31,0.9970,live,0.0566,0.0529,35.55,672.40
148643.552208,60.0,0.8759,2,1,1,0.65234,0.76250,0.62266,0.71528,0.61484,0.65833,0.61641,0.61250,0.61875,0.56944,0.63359,0.58611,0.63359,0.54583,0.62969,0.52778,0.62500,0.50972,0.65625,0.58889,0.65312,0.54306,0.64687,0.52639,0.63828,0.50278,0.67344,0.60139,0.67500,0.55833,0.67109,0.53472,0.66641,0.51528,0.69297,0.63194,0.69453,0.58889,0.69297,0.56250,0.69063,0.53611,0.62161,0.83567,0.9995,0.71901,1.00000,0.8258,0.67518,0.76475,0.9950,0.65403,0.70735,0.65234,0.76250,111.16,0.9970,live,0.0566,0.0676,45.38,671.75
148643.618656,60.0,0.9423,2,1,1,0.65312,0.77361,0.62266,0.72500,0.61562,0.66806,0.61797,0.62222,0.61953,0.58056,0.63438,0.59722,0.63359,0.55833,0.63047,0.54167,0.62578,0.52222,0.65703,0.60000,0.65391,0.55694,0.64844,0.54167,0.63906,0.51667,0.67422,0.61389,0.67578,0.57222,0.67188,0.54861,0.66641,0.52917,0.69375,0.64306,0.69531,0.60139,0.69453,0.57639,0.69141,0.55000,0.62283,0.83852,0.9994,0.72055,1.00000,0.8049,0.69105,0.83353,0.9918,0.65385,0.72060,0.65312,0.77361,111.16,0.9955,live,0.0611,0.0818,54.90,671.17
148643.685402,60.0,0.0091,2,2,0,0.65391,0.77500,0.62344,0.72500,0.61641,0.67222,0.61875,0.62639,0.62031,0.58472,0.63516,0.59861,0.63438,0.56250,0.63047,0.54444,0.62500,0.52778,0.65781,0.60278,0.65547,0.55833,0.65000,0.54444,0.63984,0.52222,0.67500,0.61806,0.67734,0.57500,0.67266,0.55139,0.66641,0.53472,0.69453,0.64722,0.69531,0.60556,0.69453,0.57917,0.69141,0.55417,0.62295,0.83913,0.9992,0.70144,1.00000,0.7686,0.72334,1.00000,0.9678,0.65386,0.73148,0.65391,0.77500,110.67,0.9960,live,0.0661,0.0890,59.63,670.32
148643.751931,60.0,0.0756,2,2,0,0.65391,0.77639,0.62344,0.72778,0.61562,0.67361,0.61875,0.62778,0.61953,0.58472,0.63516,0.60000,0.63438,0.56389,0.63047,0.54722,0.62422,0.52917,0.65781,0.60417,0.65469,0.56111,0.64922,0.54583,0.63906,0.52361,0.67500,0.61806,0.67656,0.57639,0.67188,0.55417,0.66563,0.53889,0.69375,0.64861,0.69531,0.60694,0.69453,0.58194,0.69141,0.55694,0.62175,0.83907,0.9992,0.70941,1.00000,0.7674,0.70393,0.90064,0.9698,0.65387,0.74046,0.65391,0.77639,110.33,0.9960,live,0.0711,0.0937,62.70,669.31
148643.818965,60.0,0.1426,2,2,0,0.65312,0.77778,0.62266,0.72778,0.61484,0.67361,0.61797,0.62778,0.61875,0.58472,0.63594,0.60139,0.63516,0.56528,0.63047,0.54861,0.62422,0.52917,0.65781,0.60556,0.65547,0.56250,0.64844,0.54861,0.63828,0.52500,0.67500,0.62083,0.67656,0.57917,0.67188,0.55556,0.66563,0.53889,0.69375,0.65139,0.69531,0.60972,0.69375,0.58333,0.69063,0.55694,0.62134,0.83894,0.9991,0.71268,1.00000,0.7610,0.69038,0.84950,0.9709,0.65372,0.74793,0.65312,0.77778,110.03,0.9965,live,0.0711,0.0945,63.15,668.22
148643.885556,60.0,0.2092,2,2,0,0.65234,0.77778,0.62266,0.72639,0.61484,0.67361,0.61797,0.62778,0.61875,0.58472,0.63594,0.60139,0.63438,0.56528,0.62969,0.54722,0.62344,0.52778,0.65781,0.60556,0.65469,0.56250,0.64844,0.54583,0.63828,0.52361,0.67500,0.62083,0.67734,0.57778,0.67188,0.55556,0.66563,0.53750,0.69375,0.65139,0.69531,0.60972,0.69375,0.58333,0.69141,0.55694,0.62150,0.83987,0.9990,0.71363,1.00000,0.7417,0.69056,0.85326,0.9697,0.65344,0.75390,0.65234,0.77778,110.13,0.9967,live,0.0711,0.0913,60.93,667.33
148643.952360,60.0,0.2760,2,2,0,0.65234,0.77639,0.62266,0.72500,0.61484,0.67083,0.61797,0.62500,0.61875,0.58194,0.63594,0.60000,0.63438,0.56250,0.62969,0.54444,0.62344,0.52500,0.65781,0.60278,0.65469,0.55972,0.64766,0.54306,0.63750,0.51806,0.67500,0.61806,0.67734,0.57500,0.67188,0.55139,0.66563,0.53472,0.69375,0.64861,0.69609,0.60694,0.69453,0.58056,0.69141,0.55278,0.62139,0.83954,0.9989,0.71318,1.00000,0.7307,0.68640,0.85188,0.9691,0.65322,0.75839,0.65234,0.77639,110.49,0.9960,live,0.0711,0.0842,56.14,666.80
148644.019171,60.0,0.3428,2,2,0,0.65156,0.76944,0.62187,0.71944,0.61484,0.66389,0.61719,0.61667,0.61719,0.57500,0.63438,0.59028,0.63359,0.55278,0.62891,0.53333,0.62344,0.51389,0.65703,0.59306,0.65391,0.55000,0.64844,0.53194,0.63906,0.50833,0.67422,0.60833,0.67656,0.56528,0.67188,0.54167,0.66641,0.52361,0.69297,0.64028,0.69453,0.59722,0.69375,0.57083,0.69141,0.54444,0.62012,0.83926,0.9989,0.71747,1.00000,0.7284,0.68251,0.80676,0.9712,0.65289,0.76060,0.65156,0.76944,112.07,0.9957,live,0.0711,0.0724,48.31,667.48
148644.085330,60.0,0.4090,2,2,0,0.65234,0.75556,0.62344,0.70556,0.61484,0.65000,0.61562,0.60278,0.61797,0.55972,0.63359,0.57500,0.63203,0.53611,0.62813,0.51806,0.62344,0.49861,0.65625,0.57778,0.65312,0.53333,0.64766,0.51667,0.63906,0.49167,0.67344,0.59306,0.67500,0.54861,0.67109,0.52500,0.66641,0.50417,0.69297,0.62500,0.69375,0.58194,0.69297,0.55556,0.69141,0.52917,0.62017,0.83923,0.9990,0.72678,1.00000,0.7321,0.68001,0.79137,0.9734,0.65278,0.75959,0.65234,0.75556,112.95,0.9960,live,0.0711,0.0723,48.32,668.71
148644.152192,60.0,0.4759,2,2,0,0.65312,0.73750,0.62187,0.68611,0.61484,0.63056,0.61719,0.58333,0.61875,0.54028,0.63438,0.55556,0.63359,0.51667,0.62891,0.49722,0.62344,0.47639,0.65703,0.55833,0.65312,0.51389,0.64766,0.49722,0.63828,0.47222,0.67422,0.57222,0.67578,0.52917,0.67188,0.50417,0.66719,0.48333,0.69297,0.60417,0.69453,0.55972,0.69375,0.53472,0.69219,0.50556,0.61900,0.83834,0.9990,0.72700,1.00000,0.7295,0.67643,0.75047,0.9752,0.65285,0.75518,0.65312,0.73750,113.44,0.9961,live,0.0711,0.0573,38.38,670.14
148644.219058,60.0,0.5427,2,2,0,0.65391,0.71250,0.62109,0.66250,0.61328,0.60556,0.61719,0.55556,0.61797,0.51111,0.63359,0.53194,0.63281,0.49306,0.62813,0.47083,0.62344,0.44583,0.65625,0.53333,0.65469,0.48750,0.64844,0.46806,0.63750,0.44167,0.67344,0.54861,0.67656,0.50139,0.67266,0.47500,0.66719,0.45278,0.69297,0.57778,0.69453,0.53194,0.69453,0.50556,0.69297,0.47500,0.61839,0.83653,0.9990,0.73205,1.00000,0.7370,0.67607,0.72848,0.9771,0.65306,0.74664,0.65391,0.71250,113.40,0.9951,live,0.0639,0.0313,21.02,671.37
148644.285729,60.0,0.6094,2,2,0,0.65312,0.68611,0.61953,0.63750,0.61250,0.57917,0.61641,0.52917,0.61641,0.48472,0.63203,0.50556,0.63047,0.46528,0.62656,0.44167,0.62266,0.41528,0.65469,0.50694,0.65312,0.45833,0.64687,0.43750,0.63672,0.40833,0.67266,0.51944,0.67578,0.47083,0.67188,0.44306,0.66719,0.41667,0.69141,0.54861,0.69375,0.50278,0.69297,0.47361,0.69141,0.44306,0.61788,0.83375,0.9990,0.73862,1.00000,0.7430,0.67695,0.68534,0.9790,0.65307,0.73453,0.65312,0.68611,113.58,0.9948,live,0.0574,0.0280,18.82,672.58
148644.352516,60.0,0.6762,2,2,0,0.65391,0.66250,0.61953,0.61250,0.61094,0.55417,0.61484,0.50278,0.61406,0.45694,0.63125,0.48194,0.62969,0.43750,0.62500,0.41389,0.62187,0.38611,0.65391,0.48194,0.65156,0.43194,0.64531,0.40972,0.63594,0.37778,0.67109,0.49444,0.67422,0.44444,0.67031,0.41389,0.66563,0.38750,0.69141,0.52222,0.69219,0.47500,0.69141,0.44583,0.68984,0.41389,0.61667,0.83065,0.9991,0.75229,1.00000,0.7576,0.67708,0.65391,0.9808,0.65324,0.72013,0.65391,0.66250,114.33,0.9935,live,0.0574,0.0433,29.17,674.19
148644.419392,60.0,0.7431,2,2,0,0.65156,0.64583,0.61875,0.59722,0.61016,0.53750,0.61172,0.48472,0.61172,0.43750,0.62969,0.46250,0.62734,0.41806,0.62266,0.39306,0.61875,0.36528,0.65234,0.46111,0.64844,0.40972,0.64297,0.38611,0.63359,0.35417,0.66953,0.47222,0.67188,0.41944,0.66719,0.39028,0.66250,0.36389,0.68906,0.49861,0.68906,0.45000,0.68828,0.42083,0.68594,0.38889,0.61659,0.82810,0.9992,0.75889,1.00000,0.7752,0.67714,0.62830,0.9826,0.65291,0.70527,0.65156,0.64583,116.16,0.9941,live,0.0574,0.0589,39.85,676.92
148644.485636,60.0,0.8093,2,2,0,0.64922,0.63194,0.61719,0.58194,0.60703,0.52361,0.60859,0.46944,0.60938,0.42361,0.62734,0.44861,0.62422,0.40417,0.61875,0.37917,0.61484,0.35139,0.64922,0.44444,0.64453,0.39306,0.63828,0.36806,0.62969,0.33611,0.66641,0.45556,0.66641,0.40139,0.66250,0.37222,0.65781,0.34583,0.68594,0.48056,0.68437,0.43194,0.68281,0.40278,0.67969,0.37222,0.61693,0.82259,0.9992,0.75721,1.00000,0.7921,0.67066,0.61200,0.9843,0.65217,0.69060,0.64922,0.63194,116.77,0.9903,live,0.0574,0.0742,50.42,679.76
148644.552749,60.0,0.8764,2,2,0,0.65078,0.62083,0.61641,0.56944,0.60625,0.51111,0.60781,0.45694,0.60859,0.41111,0.62578,0.44306,0.62266,0.39444,0.61797,0.36806,0.61328,0.33889,0.64687,0.43750,0.64297,0.38333,0.63672,0.35417,0.62734,0.32083,0.66484,0.44583,0.66484,0.39028,0.66094,0.35833,0.65547,0.32778,0.68437,0.46806,0.68281,0.41944,0.68125,0.38889,0.67891,0.35833,0.61690,0.81655,0.9993,0.75401,1.00000,0.8063,0.66830,0.60104,0.9858,0.65189,0.67665,0.65078,0.62083,114.82,0.9852,live,0.0631,0.0888,60.47,680.86
148644.619917,60.0,0.9436,2,2,0,0.65000,0.61111,0.61484,0.56111,0.60625,0.50417,0.60781,0.45000,0.60781,0.40556,0.62422,0.43750,0.62187,0.38889,0.61641,0.36111,0.61172,0.33194,0.64609,0.43194,0.64141,0.37639,0.63516,0.34861,0.62656,0.31389,0.66328,0.43889,0.66328,0.38333,0.65859,0.35139,0.65391,0.32083,0.68281,0.46111,0.68125,0.40972,0.67969,0.37917,0.67812,0.34722,0.61351,0.81364,0.9993,0.75232,1.00000,0.8183,0.66469,0.58466,0.9871,0.65151,0.66354,0.65000,0.61111,112.79,0.9858,live,0.0700,0.1017,69.19,680.37
148644.685992,60.0,0.0097,2,1,1,0.64922,0.60556,0.61484,0.55833,0.60469,0.50139,0.60625,0.44722,0.60703,0.40139,0.62344,0.43333,0.62031,0.38333,0.61562,0.35694,0.61016,0.32639,0.64453,0.42639,0.63984,0.37083,0.63438,0.34306,0.62500,0.30972,0.66172,0.43333,0.66172,0.37778,0.65703,0.34444,0.65156,0.31389,0.68125,0.45417,0.67969,0.40417,0.67734,0.37361,0.67500,0.34167,0.61352,0.81374,0.9993,0.75169,1.00000,0.8198,0.66488,0.57191,0.9881,0.65105,0.65194,0.64922,0.60556,112.35,0.9842,live,0.0771,0.1094,74.38,679.62
148644.752455,60.0,0.0761,2,1,1,0.65000,0.60417,0.61406,0.55694,0.60391,0.49861,0.60547,0.44444,0.60625,0.40000,0.62344,0.43333,0.61953,0.38472,0.61484,0.35556,0.61016,0.32500,0.64375,0.42639,0.63906,0.37083,0.63281,0.34167,0.62422,0.30833,0.66094,0.43194,0.66094,0.37639,0.65625,0.34306,0.65078,0.31111,0.68047,0.45139,0.67891,0.40278,0.67734,0.37083,0.67500,0.33889,0.61416,0.81387,0.9994,0.75007,1.00000,0.8318,0.66481,0.57418,0.9892,0.65084,0.64239,0.65000,0.60417,111.68,0.9781,live,0.0832,0.1107,75.12,678.47
148644.819507,60.0,0.1432,2,1,1,0.65078,0.60556,0.61484,0.55972,0.60391,0.50000,0.60547,0.44444,0.60703,0.40000,0.62422,0.43333,0.62031,0.38472,0.61484,0.35694,0.61016,0.32639,0.64453,0.42778,0.63984,0.37222,0.63359,0.34306,0.62500,0.30972,0.66172,0.43472,0.66094,0.37917,0.65703,0.34444,0.65156,0.31250,0.68047,0.45417,0.67891,0.40556,0.67734,0.37361,0.67578,0.34167,0.61370,0.81423,0.9994,0.74943,1.00000,0.8406,0.66414,0.57585,0.9902,0.65083,0.63502,0.65078,0.60556,111.45,0.9777,live,0.0832,0.1059,71.72,677.30
148644.886051,60.0,0.2097,2,1,1,0.65078,0.60833,0.61484,0.56111,0.60391,0.50139,0.60625,0.44722,0.60703,0.40278,0.62422,0.43611,0.62031,0.38611,0.61562,0.35833,0.61016,0.32917,0.64531,0.43056,0.64062,0.37500,0.63438,0.34583,0.62578,0.31250,0.66250,0.43750,0.66172,0.38194,0.65703,0.34722,0.65156,0.31528,0.68125,0.45694,0.67969,0.40833,0.67812,0.37778,0.67578,0.34444,0.61362,0.81439,0.9995,0.74782,1.00000,0.8502,0.66400,0.57796,0.9911,0.65082,0.62968,0.65078,0.60833,111.77,0.9761,live,0.0832,0.0964,65.19,676.50
148644.952746,60.0,0.2764,2,1,1,0.65156,0.61389,0.61484,0.56806,0.60391,0.50694,0.60703,0.45139,0.60859,0.40694,0.62578,0.44306,0.62109,0.39306,0.61641,0.36389,0.61094,0.33333,0.64609,0.43750,0.64141,0.38194,0.63516,0.35139,0.62734,0.31806,0.66328,0.44444,0.66250,0.38889,0.65859,0.35417,0.65312,0.32222,0.68203,0.46250,0.68125,0.41528,0.67969,0.38472,0.67656,0.35278,0.61385,0.81445,0.9995,0.74737,1.00000,0.8586,0.66403,0.57843,0.9918,0.65097,0.62653,0.65156,0.61389,110.91,0.9729,live,0.0832,0.0841,56.76,675.17
148645.019307,60.0,0.3430,2,1,1,0.65078,0.62361,0.61641,0.57639,0.60625,0.51667,0.60859,0.46250,0.60938,0.41806,0.62656,0.44861,0.62266,0.40000,0.61719,0.37222,0.61172,0.34306,0.64687,0.44444,0.64297,0.39028,0.63672,0.36111,0.62813,0.32917,0.66484,0.45278,0.66406,0.39722,0.65938,0.36528,0.65391,0.33472,0.68359,0.47222,0.68203,0.42500,0.68125,0.39444,0.67891,0.36389,0.61410,0.81396,0.9995,0.74707,1.00000,0.8571,0.66468,0.57917,0.9925,0.65093,0.62594,0.65078,0.62361,112.65,0.9817,live,0.0832,0.0847,57.18,675.26
148645.085997,60.0,0.4097,2,1,1,0.65000,0.63750,0.61719,0.58889,0.60859,0.53056,0.61016,0.47778,0.61094,0.43194,0.62813,0.46111,0.62422,0.41389,0.61875,0.38750,0.61406,0.35833,0.64922,0.45694,0.64453,0.40417,0.63828,0.37639,0.62969,0.34444,0.66641,0.46667,0.66641,0.41250,0.66172,0.38194,0.65625,0.35278,0.68594,0.48889,0.68437,0.44028,0.68359,0.40972,0.68125,0.38056,0.61541,0.81296,0.9995,0.74607,1.00000,0.8654,0.66238,0.59154,0.9931,0.65075,0.62825,0.65000,0.63750,113.29,0.9888,live,0.0779,0.0541,36.54,675.81
148645.152819,60.0,0.4765,2,1,1,0.65078,0.65833,0.61797,0.61111,0.60703,0.55278,0.60859,0.50000,0.60938,0.45556,0.62734,0.48194,0.62422,0.43472,0.61953,0.40833,0.61562,0.37917,0.64922,0.47917,0.64531,0.42778,0.63828,0.39861,0.62969,0.36667,0.66719,0.49028,0.66953,0.43611,0.66484,0.40278,0.65938,0.37361,0.68672,0.51250,0.68906,0.46528,0.68906,0.43472,0.68750,0.40417,0.61535,0.81350,0.9995,0.75335,1.00000,0.8721,0.66117,0.61263,0.9937,0.65075,0.63427,0.65078,0.65833,113.32,0.9930,live,0.0711,0.0401,27.09,676.30
148645.219384,60.0,0.5431,2,1,1,0.64844,0.68889,0.61562,0.64028,0.60547,0.58056,0.60859,0.52917,0.60938,0.48472,0.62500,0.50972,0.62266,0.46389,0.61797,0.43611,0.61328,0.40694,0.64766,0.50972,0.64609,0.45694,0.63906,0.43056,0.62969,0.39861,0.66641,0.52083,0.67031,0.46806,0.66563,0.43611,0.66094,0.40833,0.68594,0.54861,0.69063,0.50139,0.69219,0.47083,0.69219,0.44028,0.61613,0.81538,0.9995,0.75283,1.00000,0.8773,0.65794,0.64695,0.9942,0.65029,0.64519,0.64844,0.68889,114.04,0.9942,live,0.0655,0.0400,27.12,677.25
148645.286056,60.0,0.6097,2,1,1,0.64609,0.71667,0.61406,0.66944,0.60469,0.61111,0.60703,0.56250,0.60703,0.51806,0.62422,0.53750,0.62187,0.49444,0.61719,0.46944,0.61172,0.44306,0.64766,0.53889,0.64531,0.48889,0.63828,0.46528,0.62813,0.43611,0.66641,0.55417,0.66953,0.50139,0.66484,0.47222,0.65938,0.44583,0.68594,0.58333,0.69063,0.53750,0.69141,0.50833,0.69141,0.47778,0.61628,0.82036,0.9995,0.74532,1.00000,0.8690,0.65738,0.69592,0.9943,0.64945,0.65949,0.64609,0.71667,113.59,0.9949,live,0.0602,0.0358,24.23,677.76
148645.352968,60.0,0.6766,2,1,1,0.64531,0.74444,0.61484,0.69722,0.60234,0.64167,0.60391,0.59306,0.60469,0.54722,0.62422,0.56528,0.62187,0.52083,0.61719,0.49444,0.61328,0.46806,0.64766,0.56806,0.64609,0.51806,0.64062,0.49444,0.63281,0.46667,0.66797,0.58333,0.67188,0.53472,0.66875,0.50417,0.66484,0.47639,0.68672,0.61528,0.69219,0.57361,0.69453,0.54583,0.69531,0.51667,0.61697,0.82371,0.9995,0.73927,1.00000,0.8646,0.65786,0.73473,0.9944,0.64862,0.67648,0.64531,0.74444,113.40,0.9942,live,0.0602,0.0538,36.51,678.08
148645.419704,60.0,0.7434,2,1,1,0.64531,0.76528,0.61406,0.71944,0.60078,0.66667,0.60156,0.61944,0.60156,0.57500,0.62422,0.58611,0.62187,0.54167,0.61797,0.51667,0.61406,0.49028,0.64766,0.58750,0.64687,0.53889,0.64141,0.51667,0.63438,0.49167,0.66797,0.60417,0.67266,0.55694,0.67109,0.52639,0.66875,0.49861,0.68594,0.63750,0.69453,0.59861,0.69922,0.57222,0.70234,0.54444,0.61790,0.82562,0.9995,0.73075,1.00000,0.8624,0.65982,0.76189,0.9945,0.64796,0.69424,0.64531,0.76528,113.19,0.9950,live,0.0602,0.0727,49.32,678.20
148645.486482,60.0,0.8102,2,1,1,0.64609,0.78056,0.61484,0.73750,0.60000,0.68333,0.60078,0.63611,0.60078,0.59167,0.62500,0.60417,0.62109,0.56111,0.61797,0.53750,0.61484,0.51111,0.64844,0.60694,0.64687,0.55972,0.64219,0.53750,0.63594,0.51389,0.66875,0.62639,0.67344,0.57917,0.67188,0.55139,0.66953,0.52222,0.68672,0.65972,0.69531,0.62222,0.70078,0.59722,0.70547,0.57083,0.61908,0.83402,0.9995,0.72428,1.00000,0.8587,0.66092,0.79286,0.9944,0.64759,0.71150,0.64609,0.78056,111.19,0.9940,live,0.0658,0.0912,61.76,676.88
148645.553218,60.0,0.8769,2,1,1,0.64687,0.78472,0.61484,0.74722,0.59922,0.69306,0.60078,0.64722,0.60078,0.60278,0.62422,0.61528,0.62109,0.57083,0.61875,0.54861,0.61484,0.52639,0.64766,0.61806,0.64687,0.56944,0.64297,0.54861,0.63672,0.52778,0.66875,0.63611,0.67344,0.58889,0.67344,0.56111,0.67031,0.53472,0.68750,0.66806,0.69609,0.63194,0.70234,0.60694,0.70547,0.58194,0.61725,0.83429,0.9994,0.72070,1.00000,0.8519,0.66162,0.81114,0.9941,0.64744,0.72615,0.64687,0.78472,108.42,0.9945,live,0.0732,0.1073,72.28,673.71
148645.619857,60.0,0.9435,2,1,1,0.64687,0.78750,0.61484,0.74861,0.59922,0.69722,0.60000,0.65278,0.60078,0.60833,0.62422,0.62083,0.62187,0.57639,0.61953,0.55417,0.61641,0.53333,0.64844,0.62361,0.64844,0.57639,0.64609,0.55556,0.63984,0.53472,0.67031,0.64167,0.67500,0.59444,0.67500,0.56944,0.67266,0.54444,0.68906,0.67500,0.69766,0.63750,0.70312,0.61250,0.70625,0.58750,0.61727,0.83550,0.9994,0.72325,1.00000,0.8465,0.66553,0.80422,0.9939,0.64733,0.73842,0.64687,0.78750,107.63,0.9933,live,0.0814,0.1185,79.44,670.36
148645.686493,60.0,0.0102,2,2,0,0.64687,0.78750,0.61484,0.75000,0.59922,0.70000,0.60078,0.65417,0.60156,0.61111,0.62344,0.62361,0.62109,0.57917,0.61953,0.55833,0.61641,0.53750,0.64844,0.62500,0.64844,0.57778,0.64531,0.55833,0.63906,0.53611,0.67031,0.64306,0.67578,0.59722,0.67500,0.57083,0.67188,0.54583,0.68906,0.67500,0.69766,0.63889,0.70312,0.61528,0.70547,0.59028,0.61729,0.83690,0.9994,0.73052,1.00000,0.8429,0.66745,0.81088,0.9937,0.64724,0.74823,0.64687,0.78750,106.98,0.9953,live,0.0889,0.1232,82.18,666.94
148645.753045,60.0,0.0767,2,2,0,0.64687,0.78750,0.61484,0.75000,0.59922,0.70000,0.60078,0.65417,0.60078,0.61111,0.62422,0.62361,0.62187,0.57917,0.61953,0.55833,0.61641,0.53750,0.64922,0.62639,0.64922,0.57778,0.64609,0.55833,0.63984,0.53750,0.67031,0.64583,0.67656,0.59722,0.67578,0.57083,0.67188,0.54722,0.68984,0.67778,0.69844,0.64028,0.70234,0.61389,0.70469,0.58889,0.61747,0.83835,0.9994,0.73360,1.00000,0.8412,0.67008,0.80581,0.9937,0.64717,0.75609,0.64687,0.78750,106.61,0.9955,live,0.0946,0.1205,79.94,663.66
148645.819702,60.0,0.1434,2,2,0,0.64687,0.78611,0.61484,0.75000,0.59922,0.69861,0.60078,0.65417,0.60156,0.60972,0.62422,0.62361,0.62187,0.57917,0.61953,0.55833,0.61641,0.53750,0.64922,0.62639,0.65000,0.57778,0.64609,0.55833,0.63984,0.53750,0.67031,0.64583,0.67656,0.59861,0.67500,0.57083,0.67109,0.54722,0.68906,0.67917,0.69766,0.64028,0.70234,0.61389,0.70469,0.58750,0.61396,0.83838,0.9994,0.73446,1.00000,0.8384,0.66600,0.80729,0.9931,0.64711,0.76209,0.64687,0.78611,105.44,0.9959,live,0.0946,0.1120,73.94,659.94
148645.886397,60.0,0.2101,2,2,0,0.64609,0.78472,0.61406,0.75000,0.59922,0.69861,0.60078,0.65556,0.60000,0.60972,0.62344,0.62222,0.62187,0.57917,0.61953,0.55833,0.61562,0.53611,0.64844,0.62639,0.65000,0.57778,0.64609,0.55972,0.63984,0.53750,0.66953,0.64444,0.67656,0.59861,0.67500,0.57222,0.67109,0.54861,0.68906,0.67778,0.69688,0.63889,0.70156,0.61389,0.70391,0.58750,0.61164,0.83697,0.9993,0.72253,1.00000,0.8272,0.66609,0.80732,0.9928,0.64691,0.76662,0.64609,0.78472,105.56,0.9966,live,0.0946,0.0989,64.94,656.75
148645.953345,60.0,0.2770,2,2,0,0.64531,0.78056,0.61328,0.74583,0.59766,0.69444,0.59922,0.65000,0.59844,0.60556,0.62187,0.61806,0.62031,0.57500,0.61797,0.55417,0.61484,0.53194,0.64687,0.62083,0.64766,0.57361,0.64453,0.55417,0.63828,0.53194,0.66875,0.64028,0.67500,0.59444,0.67344,0.56806,0.67031,0.54444,0.68750,0.67361,0.69688,0.63472,0.70078,0.60833,0.70312,0.58333,0.61161,0.83602,0.9993,0.72312,1.00000,0.8243,0.66533,0.80483,0.9928,0.64659,0.76941,0.64531,0.78056,105.72,0.9963,live,0.0946,0.0828,54.15,654.06
148646.019803,60.0,0.3435,2,2,0,0.64766,0.76944,0.61406,0.73472,0.59766,0.68333,0.59844,0.63750,0.59766,0.59444,0.62187,0.60556,0.61875,0.56250,0.61562,0.54167,0.61172,0.51667,0.64687,0.60694,0.64609,0.55972,0.64219,0.54028,0.63594,0.51806,0.66875,0.62361,0.67422,0.57639,0.67266,0.55139,0.67031,0.52639,0.68750,0.65556,0.69609,0.61667,0.70078,0.59167,0.70391,0.56528,0.61290,0.83600,0.9993,0.72884,1.00000,0.8278,0.66532,0.79731,0.9929,0.64680,0.76941,0.64766,0.76944,106.87,0.9933,live,0.0891,0.0639,41.72,652.52
148646.086991,60.0,0.4107,2,2,0,0.65000,0.74722,0.61641,0.71250,0.59922,0.65972,0.60000,0.61250,0.59844,0.56806,0.62187,0.57917,0.61875,0.53611,0.61641,0.51111,0.61328,0.48611,0.64687,0.58056,0.64687,0.53194,0.64297,0.50972,0.63594,0.48750,0.66797,0.59583,0.67344,0.54861,0.67266,0.52222,0.67031,0.49444,0.68750,0.62500,0.69609,0.58611,0.70078,0.55972,0.70391,0.53333,0.61464,0.83612,0.9994,0.73097,1.00000,0.8261,0.66479,0.77881,0.9930,0.64744,0.76498,0.65000,0.74722,109.20,0.9946,live,0.0816,0.0477,31.17,652.84
148646.153713,60.0,0.4774,2,2,0,0.65078,0.71667,0.61562,0.67778,0.59922,0.62500,0.60000,0.57639,0.59922,0.53056,0.62344,0.54444,0.61953,0.50139,0.61641,0.47500,0.61406,0.44722,0.64844,0.54306,0.64766,0.49444,0.64375,0.46806,0.63750,0.44167,0.67031,0.55833,0.67578,0.50972,0.67578,0.48056,0.67344,0.45139,0.68984,0.58750,0.69766,0.54722,0.70312,0.52083,0.70625,0.49444,0.61471,0.83334,0.9994,0.73193,1.00000,0.8310,0.66176,0.72964,0.9934,0.64811,0.75531,0.65078,0.71667,112.49,0.9942,live,0.0731,0.0342,22.40,655.49
148646.219843,60.0,0.5435,2,2,0,0.65078,0.68472,0.61641,0.64722,0.59922,0.59167,0.60078,0.54167,0.60000,0.49444,0.62187,0.51111,0.61797,0.46528,0.61562,0.43750,0.61328,0.40833,0.64687,0.50833,0.64531,0.45694,0.64219,0.42917,0.63672,0.40000,0.66875,0.52222,0.67344,0.47083,0.67422,0.43889,0.67266,0.40694,0.68906,0.55139,0.69688,0.50972,0.70156,0.48194,0.70469,0.45278,0.61696,0.82700,0.9994,0.74234,1.00000,0.8307,0.66121,0.68814,0.9938,0.64864,0.74120,0.65078,0.68472,114.00,0.9900,live,0.0661,0.0341,22.47,658.91
148646.286603,60.0,0.6103,2,2,0,0.65000,0.65833,0.61562,0.61944,0.60000,0.56250,0.60156,0.50972,0.60000,0.46250,0.62109,0.48333,0.61719,0.43472,0.61406,0.40417,0.61094,0.37361,0.64609,0.47917,0.64453,0.42500,0.64062,0.39167,0.63516,0.36111,0.66797,0.49167,0.67188,0.43472,0.67188,0.40139,0.67109,0.36806,0.68828,0.51806,0.69531,0.47361,0.70000,0.44583,0.70234,0.41528,0.61740,0.81819,0.9994,0.74342,1.00000,0.8356,0.66047,0.64902,0.9942,0.64891,0.72462,0.65000,0.65833,115.56,0.9843,live,0.0661,0.0488,32.39,663.05
148646.353465,60.0,0.6771,2,2,0,0.64844,0.63750,0.61484,0.59722,0.60000,0.53889,0.60078,0.48611,0.59844,0.43750,0.62187,0.45972,0.61719,0.40833,0.61406,0.37778,0.61094,0.34722,0.64609,0.45556,0.64453,0.40000,0.64062,0.36667,0.63594,0.33333,0.66797,0.46667,0.67188,0.40833,0.67188,0.37361,0.67109,0.34028,0.68750,0.49167,0.69453,0.44722,0.69844,0.41806,0.70078,0.38611,0.61968,0.81336,0.9995,0.74325,1.00000,0.8439,0.65891,0.62403,0.9947,0.64882,0.70720,0.64844,0.63750,116.72,0.9848,live,0.0661,0.0673,44.89,667.52
148646.419938,60.0,0.7436,2,2,0,0.65000,0.62639,0.61484,0.58472,0.59922,0.52500,0.60078,0.47083,0.59844,0.42222,0.62266,0.44722,0.61719,0.39583,0.61484,0.36528,0.61328,0.33194,0.64687,0.44167,0.64375,0.38333,0.64062,0.34861,0.63672,0.31389,0.66797,0.45278,0.67109,0.39306,0.67031,0.35694,0.66953,0.32083,0.68750,0.47778,0.69375,0.43056,0.69844,0.40000,0.70078,0.36944,0.61761,0.80996,0.9995,0.74194,1.00000,0.8451,0.65887,0.60697,0.9951,0.64906,0.69104,0.65000,0.62639,117.47,0.9823,live,0.0661,0.0841,56.52,671.99
148646.486899,60.0,0.8106,2,2,0,0.64922,0.62083,0.61484,0.57778,0.60000,0.52083,0.60156,0.46528,0.59922,0.41528,0.62344,0.44028,0.61719,0.38889,0.61328,0.35833,0.61172,0.32639,0.64687,0.43333,0.64375,0.37500,0.64062,0.34167,0.63594,0.30833,0.66797,0.44444,0.67109,0.38333,0.67031,0.34861,0.66953,0.31389,0.68750,0.46944,0.69375,0.42222,0.69688,0.39306,0.69922,0.35972,0.61631,0.80950,0.9995,0.74245,1.00000,0.8470,0.66402,0.60460,0.9953,0.64909,0.67700,0.64922,0.62083,118.33,0.9833,live,0.0719,0.0985,66.62,676.55
148646.553403,60.0,0.8771,2,2,0,0.65000,0.61806,0.61562,0.57639,0.59922,0.51806,0.60156,0.46250,0.60000,0.41250,0.62266,0.43750,0.61641,0.38472,0.61406,0.35417,0.61094,0.32222,0.64687,0.43194,0.64375,0.37222,0.63984,0.33889,0.63438,0.30417,0.66797,0.44306,0.67109,0.38194,0.67031,0.34722,0.66875,0.30972,0.68750,0.46806,0.69297,0.42083,0.69688,0.39028,0.69922,0.35833,0.61654,0.80847,0.9995,0.74367,1.00000,0.8545,0.66393,0.60817,0.9957,0.64927,0.66521,0.65000,0.61806,118.19,0.9773,live,0.0788,0.1104,75.09,680.45
148646.620772,60.0,0.9444,2,2,0,0.64922,0.61528,0.61484,0.57361,0.60000,0.51528,0.60156,0.45972,0.60000,0.40972,0.62344,0.43611,0.61641,0.38333,0.61328,0.35417,0.61016,0.32222,0.64687,0.43056,0.64297,0.37083,0.63906,0.33750,0.63438,0.30278,0.66797,0.44167,0.67109,0.38056,0.67031,0.34583,0.66875,0.30972,0.68750,0.46667,0.69297,0.41806,0.69688,0.38889,0.69844,0.35694,0.61661,0.80599,0.9995,0.74208,1.00000,0.8625,0.66094,0.60110,0.9960,0.64926,0.65522,0.64922,0.61528,117.19,0.9794,live,0.0855,0.1157,79.06,683.18
148646.687020,60.0,0.0107,2,1,1,0.65000,0.61389,0.61562,0.57361,0.59922,0.51667,0.60156,0.45972,0.60000,0.40972,0.62266,0.43472,0.61641,0.38194,0.61250,0.35139,0.60938,0.32083,0.64687,0.42917,0.64297,0.36944,0.63906,0.33611,0.63438,0.30139,0.66797,0.44028,0.67109,0.38056,0.67031,0.34444,0.66875,0.30694,0.68750,0.46528,0.69297,0.41806,0.69688,0.38750,0.69844,0.35556,0.61788,0.80670,0.9996,0.74402,1.00000,0.8686,0.66097,0.60439,0.9963,0.64941,0.64696,0.65000,0.61389,117.47,0.9775,live,0.0906,0.1138,78.04,685.77
148646.753804,60.0,0.0775,2,1,1,0.64922,0.61389,0.61484,0.57361,0.60000,0.51667,0.60156,0.46111,0.60000,0.40972,0.62266,0.43472,0.61641,0.38194,0.61250,0.35417,0.60938,0.32222,0.64609,0.42917,0.64297,0.36944,0.63906,0.33750,0.63438,0.30139,0.66719,0.44028,0.67031,0.38056,0.67031,0.34583,0.66875,0.30972,0.68750,0.46389,0.69297,0.41806,0.69609,0.38889,0.69844,0.35694,0.61613,0.80496,0.9996,0.74363,1.00000,0.8709,0.66055,0.60124,0.9966,0.64937,0.64034,0.64922,0.61389,117.67,0.9795,live,0.0906,0.1055,72.62,688.20
148646.820213,60.0,0.1439,2,1,1,0.64922,0.61528,0.61484,0.57361,0.60000,0.51667,0.60234,0.46111,0.60078,0.40972,0.62266,0.43472,0.61719,0.38333,0.61328,0.35417,0.61016,0.32222,0.64687,0.42917,0.64375,0.37083,0.63984,0.33750,0.63516,0.30278,0.66797,0.44028,0.67109,0.38056,0.67109,0.34583,0.66953,0.30972,0.68750,0.46528,0.69297,0.41806,0.69688,0.38889,0.69844,0.35833,0.61614,0.80508,0.9996,0.74451,1.00000,0.8686,0.66896,0.60239,0.9967,0.64934,0.63533,0.64922,0.61528,118.22,0.9763,live,0.0906,0.0931,64.30,690.73
148646.886902,60.0,0.2106,2,1,1,0.65000,0.61667,0.61562,0.57500,0.60078,0.51806,0.60234,0.46111,0.60078,0.41250,0.62344,0.43611,0.61797,0.38472,0.61406,0.35694,0.61172,0.32639,0.64766,0.43056,0.64453,0.37222,0.64062,0.33889,0.63516,0.30417,0.66797,0.44167,0.67188,0.38194,0.67188,0.34722,0.67031,0.31111,0.68828,0.46667,0.69375,0.42083,0.69766,0.39167,0.69922,0.35972,0.61611,0.80564,0.9996,0.74350,1.00000,0.8756,0.66281,0.60211,0.9969,0.64947,0.63160,0.65000,0.61667,118.22,0.9787,live,0.0906,0.0786,54.44,692.96
148646.953838,60.0,0.2775,2,1,1,0.64922,0.62083,0.61562,0.58056,0.60078,0.52222,0.60234,0.46667,0.60000,0.41667,0.62344,0.43889,0.61797,0.38889,0.61484,0.36111,0.61172,0.33056,0.64766,0.43472,0.64453,0.37639,0.64062,0.34444,0.63516,0.30833,0.66797,0.44583,0.67188,0.38750,0.67188,0.35417,0.67031,0.31944,0.68828,0.46944,0.69375,0.42361,0.69766,0.39583,0.70000,0.36389,0.61842,0.80748,0.9996,0.74671,1.00000,0.8832,0.66315,0.60358,0.9972,0.64942,0.62944,0.64922,0.62083,118.72,0.9806,live,0.0857,0.0638,44.35,695.29
148647.020624,60.0,0.3443,2,1,1,0.65000,0.62917,0.61406,0.58750,0.60000,0.52778,0.60156,0.47361,0.59844,0.42500,0.62266,0.44861,0.61797,0.39722,0.61406,0.36944,0.61016,0.33889,0.64687,0.44306,0.64375,0.38472,0.63984,0.35139,0.63438,0.31667,0.66797,0.45278,0.67188,0.39583,0.67188,0.36111,0.67031,0.32639,0.68750,0.47778,0.69375,0.43194,0.69688,0.40278,0.69922,0.37222,0.61677,0.80798,0.9996,0.74496,1.00000,0.8882,0.66004,0.60406,0.9973,0.64954,0.62939,0.65000,0.62917,118.35,0.9801,live,0.0792,0.0492,34.28,697.07
148647.087052,60.0,0.4107,2,1,1,0.65000,0.64028,0.61484,0.60000,0.59922,0.54306,0.60000,0.48889,0.59766,0.43889,0.62187,0.46111,0.61719,0.40972,0.61328,0.38194,0.60859,0.35139,0.64609,0.45556,0.64297,0.39861,0.63906,0.36528,0.63359,0.33194,0.66719,0.46667,0.67109,0.40833,0.67109,0.37500,0.66953,0.33889,0.68750,0.49306,0.69297,0.44583,0.69688,0.41667,0.69844,0.38472,0.61765,0.80821,0.9996,0.74494,1.00000,0.8930,0.65945,0.61120,0.9975,0.64963,0.63157,0.65000,0.64028,117.62,0.9806,live,0.0716,0.0369,25.79,698.10
148647.153807,60.0,0.4775,2,1,1,0.64922,0.65694,0.61328,0.61667,0.59609,0.55694,0.59766,0.50278,0.59609,0.45556,0.62109,0.47778,0.61562,0.42778,0.61094,0.40000,0.60625,0.37222,0.64453,0.47222,0.64141,0.41528,0.63672,0.38333,0.63047,0.35139,0.66641,0.48472,0.67031,0.42778,0.67031,0.39444,0.66875,0.35972,0.68594,0.51111,0.69375,0.46528,0.69766,0.43611,0.69922,0.40556,0.61595,0.80796,0.9996,0.74190,1.00000,0.8963,0.65891,0.61597,0.9976,0.64955,0.63664,0.64922,0.65694,117.13,0.9852,live,0.0635,0.0266,18.61,698.66
148647.220335,60.0,0.5440,2,1,1,0.64922,0.68056,0.61250,0.64028,0.59531,0.58194,0.59688,0.52917,0.59531,0.48056,0.61875,0.50139,0.61406,0.45278,0.60938,0.42778,0.60469,0.40000,0.64375,0.49722,0.64062,0.44306,0.63594,0.41250,0.62891,0.38194,0.66563,0.50972,0.67031,0.45556,0.66875,0.42361,0.66641,0.39028,0.68594,0.53611,0.69297,0.49167,0.69688,0.46389,0.69844,0.43472,0.61412,0.80923,0.9997,0.74184,1.00000,0.9018,0.65749,0.66042,0.9978,0.64948,0.64542,0.64922,0.68056,117.66,0.9881,live,0.0568,0.0266,18.61,699.54
148647.286821,60.0,0.6105,2,1,1,0.64766,0.70694,0.61328,0.66389,0.59609,0.61111,0.59688,0.55972,0.59688,0.51111,0.61875,0.52639,0.61484,0.48056,0.61016,0.45694,0.60469,0.43194,0.64375,0.52500,0.64219,0.47500,0.63672,0.44861,0.62969,0.42222,0.66641,0.53889,0.67031,0.48889,0.66875,0.46111,0.66563,0.43333,0.68672,0.56806,0.69297,0.52639,0.69688,0.50139,0.69844,0.47361,0.61490,0.81687,0.9996,0.74151,1.00000,0.8966,0.65777,0.71022,0.9977,0.64912,0.65773,0.64766,0.70694,117.52,0.9923,live,0.0519,0.0292,20.42,700.21
148647.353685,60.0,0.6774,2,1,1,0.65000,0.73194,0.61562,0.69028,0.59609,0.63889,0.59688,0.59028,0.59922,0.54444,0.61953,0.55417,0.61641,0.51111,0.61250,0.49028,0.60703,0.46806,0.64531,0.55417,0.64453,0.50694,0.64062,0.48472,0.63359,0.46250,0.66719,0.57083,0.67344,0.52361,0.67188,0.49722,0.66953,0.47361,0.68828,0.60278,0.69531,0.56250,0.69922,0.53889,0.70156,0.51250,0.61830,0.82073,0.9997,0.73902,1.00000,0.8954,0.65630,0.72374,0.9976,0.64929,0.67257,0.65000,0.73194,115.44,0.9940,live,0.0519,0.0445,31.10,699.30
148647.420655,60.0,0.7443,2,1,1,0.65312,0.75139,0.61797,0.71250,0.59844,0.66111,0.59844,0.61389,0.60078,0.56944,0.62266,0.57917,0.61875,0.53750,0.61484,0.51806,0.61016,0.49861,0.64844,0.57778,0.64766,0.53056,0.64375,0.51250,0.63828,0.49306,0.67109,0.59583,0.67656,0.55000,0.67656,0.52639,0.67422,0.50556,0.69219,0.62778,0.70000,0.59028,0.70469,0.56667,0.70781,0.54167,0.61793,0.82574,0.9996,0.74622,1.00000,0.8941,0.65612,0.73938,0.9974,0.65006,0.68834,0.65312,0.75139,113.21,0.9959,live,0.0519,0.0609,42.46,696.90
148647.487551,60.0,0.8112,2,1,1,0.65234,0.75694,0.61719,0.72361,0.59766,0.67083,0.59922,0.62361,0.60156,0.57917,0.62344,0.59028,0.61953,0.54722,0.61641,0.52917,0.61328,0.51806,0.64844,0.59167,0.64844,0.54028,0.64531,0.52222,0.63984,0.51111,0.67188,0.60972,0.67812,0.56250,0.67812,0.53889,0.67656,0.52222,0.69297,0.64167,0.70156,0.60417,0.70625,0.58056,0.70937,0.55833,0.61708,0.82964,0.9996,0.74623,1.00000,0.8866,0.66281,0.76600,0.9973,0.65052,0.70206,0.65234,0.75694,109.75,0.9965,live,0.0519,0.0756,52.35,692.29
148647.554461,60.0,0.8781,2,1,1,0.65156,0.75833,0.61641,0.72639,0.59688,0.67500,0.59844,0.62917,0.60234,0.58472,0.62344,0.59306,0.62031,0.55000,0.61797,0.53333,0.61484,0.52361,0.64922,0.59444,0.64922,0.54444,0.64687,0.52639,0.64219,0.51667,0.67266,0.61389,0.67812,0.56667,0.67812,0.54306,0.67656,0.52778,0.69375,0.64722,0.70312,0.60972,0.70859,0.58611,0.71094,0.56528,0.61711,0.83040,0.9996,0.74641,1.00000,0.8823,0.66359,0.77439,0.9970,0.65073,0.71331,0.65156,0.75833,109.24,0.9972,live,0.0583,0.0879,60.46,687.87
148647.620958,60.0,0.9446,2,1,1,0.65156,0.75833,0.61641,0.72639,0.59766,0.67639,0.59922,0.63056,0.60156,0.58472,0.62344,0.59444,0.62109,0.55278,0.61797,0.53472,0.61484,0.52500,0.65000,0.59583,0.65000,0.54583,0.64766,0.52778,0.64219,0.51806,0.67266,0.61389,0.67891,0.56806,0.67891,0.54444,0.67656,0.52917,0.69375,0.64861,0.70312,0.60972,0.70781,0.58611,0.71094,0.56389,0.61713,0.82925,0.9996,0.74254,1.00000,0.8764,0.66352,0.78046,0.9967,0.65089,0.72232,0.65156,0.75833,108.54,0.9976,live,0.0651,0.0957,65.38,683.48
148647.687111,60.0,0.0108,2,2,0,0.65156,0.75833,0.61641,0.72639,0.59688,0.67500,0.59844,0.62917,0.60156,0.58472,0.62344,0.59444,0.62031,0.55278,0.61797,0.53472,0.61484,0.52361,0.65000,0.59444,0.65000,0.54444,0.64687,0.52778,0.64219,0.51667,0.67344,0.61250,0.67891,0.56667,0.67812,0.54306,0.67578,0.52917,0.69453,0.64722,0.70234,0.60972,0.70781,0.58472,0.71016,0.56389,0.61706,0.82922,0.9995,0.74258,1.00000,0.8730,0.66840,0.78363,0.9965,0.65103,0.72952,0.65156,0.75833,109.27,0.9974,live,0.0711,0.0984,66.92,680.14
148647.754261,60.0,0.0779,2,2,0,0.65078,0.75833,0.61562,0.72639,0.59609,0.67500,0.59844,0.62917,0.60078,0.58333,0.62344,0.59306,0.62031,0.55278,0.61797,0.53472,0.61406,0.52361,0.64922,0.59306,0.64922,0.54444,0.64687,0.52917,0.64141,0.51667,0.67188,0.61111,0.67812,0.56528,0.67812,0.54444,0.67422,0.53056,0.69297,0.64444,0.70234,0.60833,0.70703,0.58472,0.70937,0.56389,0.61786,0.82943,0.9996,0.74930,1.00000,0.8734,0.66895,0.78073,0.9965,0.65098,0.73528,0.65078,0.75833,109.41,0.9976,live,0.0711,0.0956,64.74,677.29
148647.821408,60.0,0.1451,2,2,0,0.65078,0.75833,0.61562,0.72500,0.59609,0.67361,0.59844,0.62639,0.60078,0.58194,0.62344,0.59167,0.62031,0.55139,0.61719,0.53333,0.61250,0.52222,0.64844,0.59167,0.64844,0.54306,0.64609,0.52778,0.63984,0.51667,0.67188,0.60972,0.67734,0.56528,0.67734,0.54306,0.67422,0.52917,0.69297,0.64306,0.70156,0.60556,0.70703,0.58333,0.70937,0.56250,0.61764,0.82887,0.9996,0.74743,1.00000,0.8710,0.66864,0.77901,0.9964,0.65094,0.73989,0.65078,0.75833,110.11,0.9969,live,0.0711,0.0877,59.21,675.30
148647.887633,60.0,0.2113,2,2,0,0.65000,0.75556,0.61484,0.72083,0.59531,0.66944,0.59766,0.62361,0.60000,0.57917,0.62266,0.58750,0.61953,0.54722,0.61641,0.52917,0.61094,0.51528,0.64766,0.58889,0.64766,0.54167,0.64531,0.52500,0.63984,0.50972,0.67109,0.60694,0.67734,0.56250,0.67734,0.54028,0.67422,0.52500,0.69219,0.64028,0.70078,0.60278,0.70625,0.57917,0.70859,0.55833,0.61796,0.82937,0.9995,0.74670,1.00000,0.8698,0.66625,0.77818,0.9964,0.65075,0.74303,0.65000,0.75556,110.45,0.9970,live,0.0711,0.0754,50.78,673.78
148647.954149,60.0,0.2778,2,2,0,0.65000,0.74583,0.61406,0.71250,0.59453,0.66250,0.59453,0.61528,0.59766,0.57222,0.62109,0.57639,0.61719,0.53472,0.61328,0.51667,0.60938,0.50000,0.64609,0.57778,0.64609,0.53194,0.64219,0.51389,0.63672,0.49583,0.66953,0.59722,0.67422,0.55278,0.67422,0.53056,0.67109,0.51389,0.69063,0.63056,0.69922,0.59167,0.70312,0.56667,0.70547,0.54306,0.61781,0.83042,0.9995,0.74665,1.00000,0.8666,0.66435,0.77604,0.9963,0.65060,0.74359,0.65000,0.74583,110.93,0.9942,live,0.0711,0.0592,39.80,672.80
148648.021233,60.0,0.3449,2,2,0,0.64922,0.73194,0.61328,0.69583,0.59297,0.64444,0.59375,0.59861,0.59531,0.55417,0.61875,0.55833,0.61484,0.51667,0.61016,0.49861,0.60547,0.48056,0.64375,0.55972,0.64375,0.51111,0.63906,0.49444,0.63203,0.47639,0.66719,0.57778,0.67188,0.52917,0.67109,0.50694,0.66719,0.48889,0.68906,0.60833,0.69609,0.57083,0.70000,0.54722,0.70078,0.52222,0.61706,0.82880,0.9995,0.73105,1.00000,0.8674,0.66129,0.74726,0.9962,0.65032,0.74126,0.64922,0.73194,113.66,0.9924,live,0.0663,0.0444,29.91,673.90
148648.087523,60.0,0.4112,2,2,0,0.64687,0.70694,0.61016,0.67083,0.59062,0.61667,0.59375,0.56667,0.59531,0.52083,0.61641,0.53194,0.61250,0.48750,0.60781,0.46528,0.60234,0.44583,0.64141,0.53056,0.64062,0.48472,0.63594,0.46250,0.62891,0.44028,0.66406,0.54722,0.66953,0.50000,0.66875,0.47361,0.66484,0.44722,0.68516,0.57778,0.69297,0.53889,0.69609,0.51389,0.69688,0.48611,0.61734,0.82904,0.9995,0.73300,1.00000,0.8741,0.65770,0.72290,0.9964,0.64963,0.73440,0.64687,0.70694,114.55,0.9925,live,0.0663,0.0443,29.95,675.50
148648.154140,60.0,0.4778,2,2,0,0.64453,0.67778,0.60781,0.63889,0.58906,0.58472,0.59219,0.53333,0.59453,0.48611,0.61250,0.49722,0.60859,0.45556,0.60469,0.43056,0.60078,0.40417,0.63828,0.49583,0.63594,0.44861,0.63125,0.42361,0.62500,0.39722,0.66094,0.51111,0.66563,0.46250,0.66484,0.43472,0.66250,0.40556,0.68203,0.54167,0.68906,0.50278,0.69219,0.47639,0.69375,0.44722,0.61710,0.82842,0.9995,0.73389,1.00000,0.8725,0.65638,0.67801,0.9965,0.64861,0.72307,0.64453,0.67778,117.81,0.9897,live,0.0602,0.0324,22.02,679.27
148648.221399,60.0,0.5451,2,2,0,0.64062,0.64722,0.60547,0.60694,0.58828,0.55000,0.59062,0.49722,0.59219,0.44861,0.61094,0.46250,0.60625,0.41806,0.60313,0.39167,0.59844,0.36528,0.63594,0.45972,0.63281,0.40972,0.62813,0.38333,0.62109,0.35417,0.65859,0.47361,0.66250,0.42222,0.66172,0.39167,0.65859,0.35972,0.68047,0.50278,0.68594,0.45972,0.68906,0.43194,0.68906,0.40278,0.61707,0.82216,0.9996,0.73465,1.00000,0.8715,0.65500,0.63071,0.9967,0.64702,0.70790,0.64062,0.64722,120.72,0.9905,live,0.0602,0.0383,26.20,684.68
148648.287637,60.0,0.6113,2,2,0,0.63828,0.62500,0.60313,0.58194,0.58672,0.52222,0.58906,0.46944,0.59062,0.41944,0.60859,0.43472,0.60469,0.38889,0.60000,0.36250,0.59531,0.33333,0.63438,0.43194,0.63125,0.38056,0.62500,0.35139,0.61719,0.32222,0.65547,0.44444,0.65938,0.38889,0.65625,0.35694,0.65234,0.32361,0.67656,0.47222,0.68047,0.42639,0.68281,0.39722,0.68359,0.36528,0.61510,0.81536,0.9996,0.73746,1.00000,0.8717,0.65175,0.61462,0.9967,0.64527,0.69132,0.63828,0.62500,123.19,0.9927,live,0.0602,0.0555,38.33,691.22
148648.354412,60.0,0.6781,2,2,0,0.63594,0.60972,0.60078,0.56667,0.58516,0.50417,0.58672,0.45000,0.58750,0.39861,0.60703,0.41944,0.60234,0.37083,0.59688,0.34306,0.59062,0.31389,0.63125,0.41528,0.62656,0.36111,0.61953,0.33056,0.61094,0.29861,0.65234,0.42778,0.65312,0.37083,0.65000,0.33472,0.64531,0.30000,0.67266,0.45417,0.67578,0.40556,0.67656,0.37500,0.67656,0.34167,0.61514,0.81181,0.9996,0.73756,1.00000,0.8729,0.65095,0.60806,0.9969,0.64340,0.67500,0.63594,0.60972,122.79,0.9927,live,0.0602,0.0722,50.31,696.68
148648.421075,60.0,0.7448,2,2,0,0.63594,0.60139,0.59922,0.55694,0.58359,0.49722,0.58516,0.44167,0.58672,0.39028,0.60469,0.41389,0.59922,0.36389,0.59375,0.33611,0.58828,0.30556,0.62891,0.40833,0.62344,0.35139,0.61641,0.32083,0.60703,0.28750,0.64922,0.41806,0.65000,0.35833,0.64609,0.32361,0.64062,0.28889,0.67031,0.44444,0.67188,0.39444,0.67344,0.36250,0.67266,0.32917,0.61471,0.80846,0.9996,0.73752,1.00000,0.8727,0.64639,0.60054,0.9970,0.64191,0.66028,0.63594,0.60139,122.05,0.9892,live,0.0650,0.0871,61.08,700.95
148648.488005,60.0,0.8117,2,2,0,0.63438,0.59722,0.59688,0.55000,0.58203,0.49167,0.58281,0.43611,0.58359,0.38472,0.60313,0.40833,0.59688,0.35972,0.59062,0.33194,0.58437,0.30139,0.62656,0.40278,0.62031,0.34583,0.61328,0.31667,0.60313,0.28056,0.64687,0.41250,0.64687,0.35278,0.64219,0.31806,0.63672,0.28472,0.66719,0.43750,0.66875,0.38750,0.66875,0.35556,0.66797,0.32083,0.61397,0.80609,0.9996,0.73909,1.00000,0.8736,0.64647,0.57357,0.9970,0.64040,0.64767,0.63438,0.59722,122.30,0.9884,live,0.0713,0.0997,70.28,704.89
148648.554418,60.0,0.8781,2,2,0,0.63203,0.59583,0.59609,0.55000,0.58125,0.49167,0.58125,0.43472,0.58125,0.38333,0.60078,0.40833,0.59453,0.35833,0.58828,0.33194,0.58203,0.30000,0.62422,0.40139,0.61797,0.34444,0.61016,0.31528,0.59922,0.28056,0.64453,0.41111,0.64453,0.35139,0.63984,0.31667,0.63359,0.28333,0.66484,0.43611,0.66563,0.38472,0.66563,0.35278,0.66484,0.31944,0.61336,0.80613,0.9996,0.73924,1.00000,0.8776,0.64669,0.57076,0.9972,0.63873,0.63730,0.63203,0.59583,122.00,0.9901,live,0.0778,0.1078,76.31,708.14
148648.621402,60.0,0.9451,2,2,0,0.63203,0.59444,0.59531,0.54861,0.58047,0.49028,0.58125,0.43333,0.58125,0.38333,0.60078,0.40833,0.59375,0.35833,0.58750,0.33194,0.58047,0.30139,0.62344,0.40139,0.61719,0.34583,0.60859,0.31667,0.59844,0.28056,0.64375,0.41111,0.64375,0.35278,0.63906,0.31806,0.63281,0.28333,0.66406,0.43472,0.66484,0.38472,0.66484,0.35278,0.66406,0.31806,0.61294,0.80690,0.9996,0.73994,1.00000,0.8827,0.64583,0.56372,0.9974,0.63739,0.62873,0.63203,0.59444,121.14,0.9898,live,0.0835,0.1093,77.68,710.39
148648.688084,60.0,0.0118,2,1,1,0.63281,0.59444,0.59609,0.55278,0.58047,0.49444,0.58047,0.43750,0.58047,0.38611,0.60000,0.41250,0.59375,0.36111,0.58828,0.33472,0.58203,0.30417,0.62344,0.40556,0.61719,0.34861,0.61016,0.31806,0.60000,0.28333,0.64375,0.41528,0.64375,0.35417,0.63984,0.31944,0.63438,0.28611,0.66484,0.43750,0.66563,0.38750,0.66641,0.35556,0.66563,0.32222,0.61291,0.80757,0.9996,0.74064,1.00000,0.8811,0.64586,0.56779,0.9974,0.63647,0.62187,0.63281,0.59444,119.81,0.9874,live,0.0835,0.1047,74.50,711.40
148648.754656,60.0,0.0783,2,1,1,0.63203,0.59722,0.59609,0.55417,0.58125,0.49583,0.58203,0.44028,0.58125,0.38889,0.60078,0.41389,0.59453,0.36528,0.58828,0.33750,0.58203,0.30833,0.62344,0.40833,0.61719,0.35139,0.61016,0.32222,0.60000,0.28750,0.64375,0.41667,0.64375,0.35694,0.63906,0.32361,0.63359,0.28889,0.66484,0.43889,0.66563,0.39028,0.66641,0.35833,0.66563,0.32500,0.61364,0.80749,0.9996,0.74081,1.00000,0.8830,0.64388,0.56855,0.9974,0.63559,0.61694,0.63203,0.59722,119.95,0.9881,live,0.0835,0.0942,67.11,712.40
148648.821499,60.0,0.1452,2,1,1,0.63359,0.60000,0.59688,0.55694,0.58203,0.50000,0.58281,0.44306,0.58203,0.39306,0.60156,0.41667,0.59531,0.36806,0.58906,0.34028,0.58281,0.31111,0.62500,0.40972,0.61797,0.35417,0.61094,0.32639,0.60078,0.29028,0.64453,0.41944,0.64453,0.36111,0.64062,0.32778,0.63516,0.29444,0.66563,0.44306,0.66641,0.39306,0.66641,0.36111,0.66563,0.32778,0.61457,0.80709,0.9996,0.74091,1.00000,0.8820,0.64389,0.57031,0.9974,0.63519,0.61355,0.63359,0.60000,120.01,0.9894,live,0.0835,0.0806,57.46,713.32
148648.887866,60.0,0.2115,2,1,1,0.63516,0.60139,0.59844,0.55833,0.58359,0.50000,0.58359,0.44306,0.58437,0.39306,0.60313,0.41944,0.59688,0.36944,0.59062,0.34167,0.58516,0.31111,0.62578,0.41250,0.62031,0.35556,0.61250,0.32500,0.60313,0.29028,0.64609,0.42083,0.64609,0.36111,0.64219,0.32639,0.63672,0.29306,0.66719,0.44306,0.66797,0.39444,0.66875,0.36250,0.66797,0.32917,0.61490,0.80708,0.9996,0.74167,1.00000,0.8797,0.64385,0.57064,0.9974,0.63518,0.61112,0.63516,0.60139,119.67,0.9865,live,0.0835,0.0661,47.18,713.89
148648.954712,60.0,0.2784,2,1,1,0.63594,0.60417,0.59922,0.56111,0.58437,0.50278,0.58437,0.44583,0.58437,0.39583,0.60391,0.41944,0.59766,0.37083,0.59219,0.34444,0.58594,0.31389,0.62656,0.41389,0.62109,0.35694,0.61406,0.32778,0.60391,0.29306,0.64687,0.42361,0.64766,0.36389,0.64375,0.32917,0.63828,0.29444,0.66797,0.44722,0.66953,0.39722,0.67031,0.36528,0.66953,0.33194,0.61451,0.80691,0.9996,0.74179,1.00000,0.8838,0.64413,0.57465,0.9975,0.63533,0.60973,0.63594,0.60417,120.33,0.9892,live,0.0779,0.0523,37.40,714.86
148649.021289,60.0,0.3450,2,1,1,0.63594,0.60833,0.60000,0.56667,0.58437,0.50833,0.58437,0.45278,0.58359,0.40139,0.60391,0.42361,0.59766,0.37361,0.59219,0.34722,0.58672,0.31667,0.62734,0.41806,0.62187,0.36250,0.61562,0.33333,0.60625,0.29861,0.64844,0.42778,0.64922,0.36944,0.64531,0.33611,0.63984,0.30278,0.66953,0.45139,0.67031,0.40278,0.67188,0.37222,0.67188,0.34028,0.61390,0.80690,0.9996,0.74099,1.00000,0.8871,0.64766,0.57756,0.9977,0.63545,0.60945,0.63594,0.60833,120.97,0.9914,live,0.0710,0.0395,28.32,716.17
148649.088114,60.0,0.4118,2,1,1,0.63672,0.61806,0.60078,0.57500,0.58359,0.51667,0.58359,0.46111,0.58359,0.40972,0.60625,0.43194,0.59922,0.38194,0.59375,0.35417,0.58828,0.32500,0.62969,0.42639,0.62344,0.37222,0.61641,0.34167,0.60781,0.30972,0.65078,0.43750,0.65156,0.38056,0.64766,0.34722,0.64297,0.31250,0.67109,0.46389,0.67344,0.41667,0.67500,0.38472,0.67422,0.35278,0.61758,0.80667,0.9996,0.74074,1.00000,0.8899,0.64536,0.59139,0.9978,0.63571,0.61117,0.63672,0.61806,120.85,0.9904,live,0.0634,0.0287,20.56,717.24
148649.154630,60.0,0.4783,2,1,1,0.63672,0.64167,0.60156,0.59861,0.58516,0.53750,0.58594,0.48194,0.58359,0.43194,0.60625,0.45417,0.60078,0.40139,0.59609,0.37083,0.59141,0.33889,0.63125,0.45000,0.62656,0.39444,0.62031,0.36250,0.61250,0.33056,0.65312,0.46111,0.65547,0.40556,0.65391,0.37083,0.65000,0.33611,0.67422,0.48889,0.68047,0.44306,0.68281,0.41389,0.68281,0.38194,0.61759,0.80899,0.9997,0.74276,1.00000,0.8946,0.64559,0.60906,0.9979,0.63591,0.61727,0.63672,0.64167,122.31,0.9921,live,0.0555,0.0197,14.17,719.23
148649.221694,60.0,0.5454,2,1,1,0.63984,0.67361,0.60391,0.63194,0.58516,0.57778,0.58516,0.52361,0.58359,0.47222,0.60781,0.49028,0.60234,0.43611,0.59922,0.40417,0.59609,0.37083,0.63359,0.48750,0.63125,0.43194,0.62578,0.40139,0.61953,0.36944,0.65625,0.50278,0.66016,0.44861,0.65938,0.41667,0.65703,0.38333,0.67812,0.53333,0.68594,0.49028,0.68906,0.46389,0.69141,0.43333,0.61802,0.81515,0.9997,0.74343,1.00000,0.9006,0.64557,0.64423,0.9980,0.63670,0.62854,0.63984,0.67361,119.98,0.9880,live,0.0490,0.0193,13.88,719.31
148649.288033,60.0,0.6117,2,1,1,0.64375,0.71667,0.60625,0.67917,0.58516,0.62639,0.58359,0.57639,0.58203,0.52917,0.61016,0.54028,0.60313,0.48611,0.59922,0.45417,0.59375,0.42361,0.63594,0.53889,0.63594,0.48333,0.63047,0.45556,0.62344,0.42778,0.65938,0.55556,0.66484,0.50139,0.66328,0.47361,0.66016,0.44444,0.68125,0.58611,0.68984,0.54583,0.69453,0.52083,0.69688,0.49306,0.61788,0.81516,0.9997,0.74344,1.00000,0.8996,0.64656,0.68884,0.9977,0.63811,0.64616,0.64375,0.71667,116.20,0.9798,live,0.0490,0.0373,26.70,716.66
148649.354935,60.0,0.6786,2,1,1,0.64531,0.75556,0.60703,0.72500,0.58516,0.67222,0.58437,0.62639,0.58125,0.58194,0.61016,0.59028,0.60469,0.53611,0.60156,0.50694,0.59609,0.47917,0.63750,0.59167,0.63828,0.53472,0.63516,0.51111,0.62891,0.49028,0.66172,0.61111,0.66875,0.55972,0.66953,0.53472,0.66797,0.50972,0.68359,0.64444,0.69531,0.60694,0.70234,0.58611,0.70625,0.56528,0.61600,0.81575,0.9997,0.73866,1.00000,0.8985,0.65852,0.74091,0.9975,0.63955,0.66804,0.64531,0.75556,110.31,0.9856,live,0.0490,0.0599,42.55,710.08
148649.422351,60.0,0.7460,2,1,1,0.64453,0.79028,0.60859,0.76250,0.58359,0.71528,0.58047,0.67222,0.58437,0.63056,0.61094,0.63056,0.60703,0.57917,0.60469,0.55278,0.60078,0.52778,0.63828,0.63194,0.64141,0.57917,0.63906,0.55833,0.63359,0.53889,0.66328,0.65278,0.67188,0.60556,0.67422,0.58333,0.67188,0.56250,0.68516,0.68889,0.69766,0.65556,0.70547,0.63750,0.71016,0.61944,0.61647,0.82248,0.9997,0.73801,1.00000,0.8925,0.65930,0.79626,0.9971,0.64054,0.69249,0.64453,0.79028,107.64,0.9892,live,0.0556,0.0857,60.18,702.37
148649.487935,60.0,0.8116,2,1,1,0.64687,0.81528,0.61172,0.79028,0.58672,0.74444,0.58281,0.70139,0.58906,0.66111,0.61406,0.65972,0.61016,0.60972,0.60703,0.58333,0.60391,0.56667,0.64141,0.66111,0.64375,0.60556,0.64219,0.58194,0.63828,0.57083,0.66641,0.68472,0.67422,0.63194,0.67734,0.60694,0.67656,0.59167,0.68750,0.72222,0.70000,0.68611,0.70781,0.66806,0.71172,0.65694,0.61867,0.82343,0.9997,0.74305,1.00000,0.8908,0.66259,0.82049,0.9969,0.64181,0.71705,0.64687,0.81528,104.97,0.9904,live,0.0658,0.1123,77.91,693.66
148649.555104,60.0,0.8788,2,1,1,0.64766,0.82778,0.61250,0.80278,0.58828,0.75833,0.58594,0.71806,0.59062,0.67639,0.61562,0.67639,0.61484,0.62778,0.61250,0.60694,0.60703,0.59444,0.64375,0.67917,0.64922,0.62639,0.64766,0.60556,0.64297,0.59444,0.66953,0.70278,0.67812,0.65278,0.68125,0.63056,0.67891,0.61528,0.69063,0.74167,0.70391,0.70833,0.71094,0.69167,0.71406,0.67917,0.62461,0.82518,0.9997,0.74303,1.00000,0.8884,0.66431,0.84830,0.9967,0.64298,0.73919,0.64766,0.82778,103.33,0.9946,live,0.0786,0.1371,93.91,684.82
148649.621869,60.0,0.9455,2,1,1,0.64844,0.83611,0.61406,0.81111,0.59141,0.76806,0.58828,0.72917,0.59375,0.68889,0.61875,0.68611,0.61797,0.63750,0.61641,0.61944,0.61328,0.61389,0.64766,0.68750,0.65312,0.63333,0.65234,0.61389,0.64766,0.61111,0.67344,0.71250,0.68359,0.66111,0.68672,0.64028,0.68437,0.63056,0.69375,0.75278,0.70937,0.71944,0.71641,0.70278,0.71875,0.69167,0.62416,0.83031,0.9996,0.72801,1.00000,0.8884,0.66464,0.87151,0.9967,0.64407,0.75858,0.64844,0.83611,103.07,0.9959,live,0.0929,0.1576,106.67,676.85
148649.688501,60.0,0.0122,2,2,0,0.65234,0.84306,0.61719,0.81667,0.59375,0.77361,0.59141,0.73611,0.59609,0.69583,0.62187,0.69306,0.62031,0.64583,0.61953,0.62917,0.61875,0.62917,0.65078,0.69583,0.65703,0.64028,0.65625,0.62222,0.65312,0.62361,0.67656,0.72083,0.68672,0.66944,0.69063,0.65000,0.68984,0.64167,0.69766,0.75972,0.71250,0.72778,0.72031,0.71111,0.72422,0.70139,0.62407,0.83091,0.9996,0.72778,1.00000,0.8821,0.67133,0.87176,0.9963,0.64573,0.77547,0.65234,0.84306,103.13,0.9939,live,0.1069,0.1711,114.60,669.89
148649.755270,60.0,0.0789,2,2,0,0.65469,0.84722,0.61953,0.82083,0.59609,0.77917,0.59375,0.74167,0.59688,0.70000,0.62422,0.69722,0.62187,0.64861,0.62187,0.63194,0.62266,0.63750,0.65312,0.69861,0.65859,0.64167,0.65859,0.62361,0.65625,0.63056,0.67891,0.72222,0.68984,0.67083,0.69375,0.65139,0.69375,0.64861,0.70078,0.76111,0.71641,0.72778,0.72422,0.71250,0.72891,0.70556,0.62594,0.83244,0.9996,0.72594,1.00000,0.8761,0.67275,0.88968,0.9960,0.64752,0.78982,0.65469,0.84722,103.92,0.9941,live,0.1194,0.1760,116.95,664.32
148649.822123,60.0,0.1458,2,2,0,0.65625,0.84722,0.62031,0.82222,0.59688,0.77917,0.59375,0.74028,0.59922,0.70000,0.62578,0.69861,0.62344,0.65000,0.62266,0.63611,0.62344,0.63889,0.65469,0.70139,0.65859,0.64444,0.65938,0.62778,0.65859,0.63056,0.68047,0.72639,0.68984,0.67361,0.69453,0.65417,0.69609,0.65000,0.70156,0.76528,0.71562,0.72778,0.72578,0.71111,0.73203,0.70556,0.62650,0.83439,0.9996,0.72020,1.00000,0.8657,0.67436,0.88836,0.9956,0.64926,0.80130,0.65625,0.84722,102.47,0.9926,live,0.1287,0.1710,112.61,658.38
148649.888484,60.0,0.2122,2,2,0,0.65703,0.84028,0.62109,0.81667,0.59766,0.77222,0.59375,0.73472,0.60000,0.69583,0.62656,0.69306,0.62422,0.64444,0.62266,0.63056,0.62422,0.63472,0.65547,0.69583,0.65938,0.63611,0.65938,0.61806,0.65781,0.62361,0.68125,0.71944,0.69063,0.66528,0.69531,0.64306,0.69688,0.64028,0.70234,0.75833,0.71641,0.71944,0.72656,0.70139,0.73359,0.69722,0.62604,0.83437,0.9995,0.72056,1.00000,0.8548,0.67593,0.88390,0.9953,0.65082,0.80910,0.65703,0.84028,101.87,0.9918,live,0.1338,0.1572,102.58,652.72
148649.955174,60.0,0.2789,2,2,0,0.65703,0.82639,0.62187,0.80139,0.59766,0.75833,0.59375,0.71944,0.60000,0.68056,0.62578,0.67639,0.62422,0.62500,0.62266,0.61111,0.62344,0.61944,0.65469,0.67778,0.66016,0.61528,0.65859,0.59722,0.65625,0.60833,0.68203,0.70139,0.69141,0.64583,0.69453,0.62222,0.69609,0.61944,0.70391,0.74028,0.71641,0.70139,0.72500,0.68194,0.73203,0.67639,0.62462,0.82682,0.9995,0.73850,1.00000,0.8553,0.67582,0.85449,0.9952,0.65206,0.81256,0.65703,0.82639,104.64,0.9929,live,0.1338,0.1350,87.70,649.74
148650.021796,60.0,0.3455,2,2,0,0.65703,0.80556,0.62031,0.78056,0.59609,0.73750,0.59297,0.69722,0.60000,0.65833,0.62500,0.65417,0.62266,0.60972,0.62031,0.59583,0.61875,0.59583,0.65391,0.65417,0.65703,0.59722,0.65469,0.58056,0.65312,0.58611,0.67969,0.67500,0.68906,0.62222,0.69219,0.60278,0.69219,0.60000,0.70234,0.71250,0.71719,0.67222,0.72578,0.65556,0.73125,0.65000,0.62023,0.82699,0.9995,0.73797,1.00000,0.8535,0.67571,0.83706,0.9953,0.65305,0.81116,0.65703,0.80556,105.42,0.9894,live,0.1338,0.1357,87.92,647.67
148650.088549,60.0,0.4122,2,2,0,0.65625,0.78333,0.61875,0.75556,0.59531,0.70833,0.59453,0.66389,0.59844,0.62361,0.62266,0.62222,0.61953,0.57639,0.61797,0.55972,0.61719,0.55833,0.65156,0.62361,0.65234,0.57361,0.65234,0.55417,0.65156,0.54861,0.67734,0.64583,0.68594,0.59722,0.69063,0.57639,0.69297,0.56667,0.70078,0.68194,0.71484,0.64167,0.72500,0.62361,0.73125,0.61389,0.62026,0.83141,0.9996,0.73773,1.00000,0.8540,0.67714,0.82424,0.9954,0.65369,0.80559,0.65625,0.78333,110.09,0.9916,live,0.1248,0.0841,54.57,649.21
148650.155347,60.0,0.4790,2,2,0,0.65781,0.75417,0.61797,0.72361,0.59453,0.67222,0.59531,0.62500,0.59688,0.58333,0.62187,0.58750,0.61953,0.54167,0.61719,0.52222,0.61406,0.51389,0.65078,0.58750,0.65391,0.53750,0.65312,0.51528,0.65000,0.50139,0.67734,0.60833,0.68594,0.55972,0.69063,0.53611,0.69219,0.51667,0.70078,0.64167,0.71562,0.60694,0.72422,0.58611,0.73125,0.56528,0.62027,0.83318,0.9996,0.73972,1.00000,0.8574,0.67509,0.78282,0.9957,0.65452,0.79531,0.65781,0.75417,113.76,0.9956,live,0.1137,0.0629,41.10,653.21
148650.222276,60.0,0.5460,2,2,0,0.65781,0.72083,0.61797,0.69028,0.59531,0.63611,0.59531,0.58750,0.59688,0.54167,0.62187,0.55417,0.61953,0.50556,0.61641,0.48333,0.61250,0.46667,0.65078,0.55278,0.65312,0.50000,0.65156,0.47500,0.64766,0.45417,0.67734,0.57083,0.68516,0.51944,0.68984,0.49444,0.69141,0.46806,0.70156,0.60417,0.71328,0.56389,0.72344,0.54306,0.73047,0.51944,0.62470,0.83313,0.9996,0.74254,1.00000,0.8656,0.67052,0.72820,0.9960,0.65518,0.78041,0.65781,0.72083,114.74,0.9939,live,0.1013,0.0446,29.31,657.44
148650.288728,60.0,0.6124,2,2,0,0.65781,0.68611,0.61719,0.65417,0.59453,0.59722,0.59531,0.54583,0.59531,0.50000,0.62109,0.51528,0.61875,0.46806,0.61562,0.44306,0.61250,0.41944,0.65078,0.51389,0.65156,0.46111,0.65078,0.43333,0.64766,0.40556,0.67656,0.53056,0.68437,0.47917,0.68906,0.45000,0.68984,0.41944,0.70000,0.55972,0.71250,0.51944,0.72188,0.49722,0.72734,0.47222,0.62110,0.82992,0.9996,0.74224,1.00000,0.8726,0.66593,0.68684,0.9962,0.65570,0.76155,0.65781,0.68611,116.94,0.9907,live,0.0934,0.0576,38.19,662.75
148650.355538,60.0,0.6792,2,2,0,0.65859,0.65417,0.61719,0.62222,0.59531,0.56250,0.59688,0.50833,0.59609,0.46111,0.62187,0.47917,0.61797,0.42917,0.61562,0.40000,0.61250,0.37083,0.65156,0.47500,0.65078,0.41806,0.64922,0.38750,0.64531,0.35556,0.67656,0.49028,0.68359,0.43333,0.68828,0.40000,0.68984,0.36667,0.70000,0.52083,0.71172,0.47639,0.72031,0.45000,0.72578,0.42222,0.62136,0.82007,0.9996,0.74441,1.00000,0.8804,0.66439,0.65990,0.9965,0.65628,0.74007,0.65859,0.65417,119.46,0.9876,live,0.0934,0.0791,52.95,669.23
148650.422077,60.0,0.7458,2,2,0,0.65625,0.62778,0.61641,0.59444,0.59609,0.53333,0.59844,0.47778,0.59766,0.42917,0.62266,0.44583,0.61719,0.39444,0.61484,0.36528,0.61328,0.33472,0.65078,0.44167,0.65078,0.38333,0.64844,0.35139,0.64453,0.31944,0.67578,0.45694,0.68281,0.40000,0.68594,0.36528,0.68750,0.33056,0.69844,0.48750,0.71016,0.44306,0.71797,0.41667,0.72266,0.38750,0.62047,0.81856,0.9996,0.74427,1.00000,0.8832,0.66444,0.62442,0.9967,0.65628,0.71762,0.65625,0.62778,122.03,0.9873,live,0.0934,0.1019,68.94,676.79
148650.488802,60.0,0.8125,2,2,0,0.65547,0.61528,0.61562,0.57639,0.59609,0.51667,0.59844,0.45972,0.59609,0.40972,0.62344,0.42917,0.61797,0.37778,0.61484,0.34583,0.61328,0.31389,0.65156,0.42500,0.65000,0.36667,0.64766,0.33333,0.64375,0.29861,0.67578,0.43750,0.68203,0.38056,0.68437,0.34583,0.68516,0.30972,0.69766,0.46667,0.70781,0.42083,0.71484,0.39306,0.71953,0.36250,0.62005,0.81616,0.9996,0.74330,1.00000,0.8904,0.66372,0.61452,0.9970,0.65611,0.69715,0.65547,0.61528,123.96,0.9785,live,0.0985,0.1216,83.27,684.82
148650.555602,60.0,0.8793,2,2,0,0.65469,0.60694,0.61562,0.56667,0.59688,0.50694,0.59922,0.45139,0.59688,0.40000,0.62344,0.42083,0.61719,0.36667,0.61562,0.33611,0.61328,0.30417,0.65078,0.41528,0.65000,0.35694,0.64766,0.32361,0.64375,0.28750,0.67578,0.42917,0.68125,0.37083,0.68281,0.33611,0.68359,0.30000,0.69766,0.45694,0.70703,0.41111,0.71406,0.38194,0.71875,0.35000,0.62081,0.80989,0.9996,0.74393,1.00000,0.8894,0.66354,0.61671,0.9971,0.65583,0.67911,0.65469,0.60694,124.41,0.9806,live,0.1055,0.1375,95.16,692.22
148650.622316,60.0,0.9460,2,2,0,0.65469,0.60278,0.61562,0.55972,0.59766,0.50139,0.59922,0.44444,0.59766,0.39306,0.62344,0.41389,0.61719,0.36111,0.61484,0.33056,0.61328,0.29861,0.65156,0.40972,0.64922,0.35000,0.64687,0.31806,0.64219,0.28333,0.67500,0.42222,0.68047,0.36389,0.68203,0.33056,0.68203,0.29583,0.69688,0.45139,0.70703,0.40556,0.71328,0.37500,0.71797,0.34306,0.61394,0.81006,0.9996,0.74277,1.00000,0.8945,0.66310,0.60478,0.9973,0.65560,0.66384,0.65469,0.60278,125.07,0.9818,live,0.1128,0.1460,102.11,699.20
148650.689004,60.0,0.0127,2,1,1,0.65391,0.60000,0.61562,0.55833,0.59766,0.50139,0.59922,0.44444,0.59766,0.39306,0.62344,0.41389,0.61797,0.35972,0.61562,0.33056,0.61328,0.29861,0.65078,0.40833,0.64844,0.35000,0.64609,0.31944,0.64219,0.28472,0.67500,0.42222,0.67969,0.36389,0.68125,0.33194,0.68125,0.29722,0.69688,0.45139,0.70547,0.40417,0.71172,0.37639,0.71562,0.34444,0.61250,0.81019,0.9997,0.74387,1.00000,0.8943,0.66589,0.59865,0.9974,0.65526,0.65107,0.65391,0.60000,123.93,0.9782,live,0.1190,0.1474,103.87,704.52
148650.755763,60.0,0.0794,2,1,1,0.65469,0.60139,0.61562,0.56111,0.59766,0.50417,0.59844,0.44861,0.59688,0.39861,0.62344,0.41667,0.61719,0.36389,0.61484,0.33611,0.61250,0.30556,0.65078,0.41250,0.64844,0.35417,0.64531,0.32361,0.64141,0.28889,0.67422,0.42500,0.67891,0.36806,0.68047,0.33611,0.68125,0.30278,0.69688,0.45278,0.70547,0.40694,0.71172,0.37917,0.71641,0.34861,0.61259,0.81030,0.9997,0.74387,1.00000,0.8955,0.66574,0.59714,0.9974,0.65515,0.64114,0.65469,0.60139,123.09,0.9756,live,0.1190,0.1415,100.29,708.61
148650.822495,60.0,0.1462,2,1,1,0.65469,0.60694,0.61719,0.56806,0.59922,0.50972,0.59922,0.45417,0.59844,0.40417,0.62422,0.42222,0.61875,0.37083,0.61562,0.34306,0.61328,0.31389,0.65156,0.41667,0.64922,0.35972,0.64687,0.32917,0.64297,0.29583,0.67578,0.43056,0.68047,0.37361,0.68281,0.34167,0.68359,0.30833,0.69766,0.45833,0.70625,0.41250,0.71328,0.38611,0.71797,0.35694,0.61572,0.80977,0.9997,0.74518,1.00000,0.8997,0.66596,0.60011,0.9976,0.65505,0.63430,0.65469,0.60694,123.37,0.9829,live,0.1190,0.1286,91.64,712.40
148650.889021,60.0,0.2127,2,1,1,0.65469,0.61528,0.61719,0.57500,0.59922,0.51806,0.60000,0.46250,0.59844,0.41250,0.62422,0.43056,0.61953,0.37917,0.61641,0.35000,0.61406,0.32222,0.65156,0.42500,0.65000,0.36806,0.64766,0.33611,0.64375,0.30417,0.67578,0.43889,0.68125,0.38194,0.68437,0.35000,0.68516,0.31667,0.69766,0.46806,0.70703,0.42222,0.71406,0.39583,0.71875,0.36667,0.62365,0.80623,0.9997,0.74529,1.00000,0.9004,0.66406,0.60214,0.9977,0.65498,0.63049,0.65469,0.61528,123.22,0.9826,live,0.1190,0.1103,78.92,715.63
148650.955875,60.0,0.2796,2,1,1,0.65625,0.62778,0.61719,0.58611,0.59844,0.52917,0.60078,0.47500,0.59844,0.42500,0.62578,0.44028,0.62031,0.39028,0.61719,0.36111,0.61484,0.33194,0.65234,0.43611,0.65078,0.37917,0.64844,0.34861,0.64453,0.31667,0.67656,0.45000,0.68125,0.39306,0.68281,0.36111,0.68359,0.32778,0.69844,0.47778,0.70781,0.43333,0.71406,0.40694,0.71797,0.37778,0.62234,0.80733,0.9997,0.74488,1.00000,0.9029,0.66401,0.60875,0.9978,0.65524,0.62995,0.65625,0.62778,124.05,0.9783,live,0.1134,0.0878,63.14,719.07
148651.022461,60.0,0.3461,2,1,1,0.65781,0.64444,0.61875,0.60278,0.59922,0.54722,0.60078,0.49028,0.59922,0.44028,0.62500,0.45694,0.62031,0.40417,0.61797,0.37222,0.61562,0.34028,0.65234,0.45278,0.65078,0.39444,0.64844,0.36389,0.64375,0.32917,0.67578,0.46528,0.68047,0.40972,0.68125,0.37778,0.68125,0.34583,0.69844,0.49444,0.70703,0.45000,0.71172,0.42222,0.71406,0.39306,0.61767,0.81376,0.9997,0.74057,1.00000,0.9090,0.66200,0.61064,0.9980,0.65575,0.63285,0.65781,0.64444,124.31,0.9779,live,0.1051,0.0670,48.40,722.28
148651.089038,60.0,0.4127,2,1,1,0.65625,0.66806,0.61719,0.62639,0.59766,0.56806,0.60000,0.51389,0.59766,0.46389,0.62344,0.47917,0.61953,0.42500,0.61719,0.39167,0.61484,0.35833,0.65078,0.47639,0.65000,0.41806,0.64687,0.38750,0.64297,0.35417,0.67422,0.49028,0.67891,0.43611,0.67969,0.40417,0.67891,0.37083,0.69688,0.52083,0.70469,0.47639,0.70937,0.44861,0.71328,0.41944,0.61767,0.81568,0.9997,0.73978,1.00000,0.9042,0.66581,0.63037,0.9980,0.65585,0.63989,0.65625,0.66806,124.31,0.9828,live,0.0949,0.0488,35.41,725.12
148651.155953,60.0,0.4796,2,1,1,0.65625,0.69167,0.61719,0.65278,0.59531,0.60000,0.59688,0.54861,0.59688,0.50000,0.62109,0.50833,0.61562,0.45417,0.61328,0.42361,0.61094,0.39167,0.64844,0.50694,0.64844,0.45139,0.64531,0.42361,0.64062,0.39167,0.67344,0.52361,0.67812,0.47222,0.67734,0.44306,0.67656,0.41111,0.69609,0.55556,0.70391,0.51389,0.70859,0.48750,0.71172,0.45833,0.61728,0.81569,0.9997,0.73797,1.00000,0.9049,0.66579,0.66314,0.9980,0.65593,0.65025,0.65625,0.69167,121.29,0.9869,live,0.0839,0.0337,24.43,725.43
148651.222601,60.0,0.5463,2,1,1,0.65312,0.71944,0.61562,0.68333,0.59297,0.63333,0.59219,0.58750,0.59219,0.54028,0.61797,0.54028,0.61406,0.49167,0.61094,0.46389,0.60781,0.43611,0.64531,0.54028,0.64609,0.49028,0.64297,0.46806,0.63750,0.44167,0.67031,0.55833,0.67578,0.51250,0.67578,0.48750,0.67422,0.45972,0.69297,0.59028,0.70312,0.55278,0.70781,0.52917,0.71094,0.50139,0.62088,0.82404,0.9997,0.73861,1.00000,0.9084,0.66471,0.71655,0.9981,0.65537,0.66409,0.65312,0.71944,118.65,0.9920,live,0.0749,0.0340,24.61,723.81
148651.289194,60.0,0.6129,2,1,1,0.65312,0.74861,0.61484,0.71528,0.59062,0.66667,0.58828,0.62361,0.58906,0.57917,0.61641,0.57917,0.61250,0.52917,0.60938,0.50417,0.60469,0.48611,0.64375,0.57917,0.64531,0.52639,0.64141,0.50556,0.63516,0.49306,0.66875,0.59722,0.67500,0.55000,0.67500,0.52639,0.67188,0.50694,0.69141,0.63056,0.70234,0.59306,0.70859,0.57083,0.71172,0.54861,0.62083,0.82827,0.9997,0.74302,1.00000,0.9041,0.66469,0.74024,0.9979,0.65492,0.68099,0.65312,0.74861,113.58,0.9915,live,0.0749,0.0512,36.77,718.73
148651.355744,60.0,0.6794,2,1,1,0.65078,0.76806,0.61484,0.74028,0.58906,0.69722,0.58516,0.65556,0.58828,0.61528,0.61562,0.60833,0.61250,0.56111,0.60859,0.54167,0.60469,0.53333,0.64297,0.60833,0.64531,0.55694,0.64219,0.53889,0.63828,0.53611,0.66875,0.62917,0.67500,0.57917,0.67500,0.55833,0.67188,0.55000,0.69141,0.66389,0.70469,0.62778,0.71016,0.60833,0.71328,0.59444,0.61990,0.82938,0.9997,0.74198,1.00000,0.8955,0.66479,0.77989,0.9974,0.65409,0.69840,0.65078,0.76806,108.78,0.9935,live,0.0749,0.0694,49.34,710.80
148651.423590,60.0,0.7473,2,1,1,0.65000,0.78194,0.61562,0.76111,0.58906,0.72083,0.58281,0.68194,0.59141,0.64167,0.61641,0.63611,0.61250,0.59167,0.60859,0.57222,0.60625,0.56667,0.64453,0.63333,0.64687,0.57639,0.64609,0.56111,0.64375,0.56667,0.67031,0.65417,0.67812,0.60139,0.67891,0.58472,0.67734,0.58333,0.69297,0.68889,0.70625,0.65000,0.71250,0.63333,0.71562,0.62778,0.62143,0.82916,0.9997,0.73950,1.00000,0.8903,0.67187,0.81138,0.9972,0.65327,0.71511,0.65000,0.78194,103.12,0.9925,live,0.0749,0.0878,61.41,699.75
148651.489339,60.0,0.8130,2,1,1,0.65312,0.79306,0.61797,0.76806,0.59219,0.73194,0.58672,0.69444,0.59375,0.65694,0.61953,0.64722,0.61562,0.60139,0.61250,0.58611,0.61094,0.58750,0.64766,0.64722,0.65156,0.58611,0.65000,0.57361,0.64687,0.58611,0.67422,0.66806,0.68125,0.61389,0.68203,0.59861,0.67891,0.60278,0.69688,0.70556,0.71016,0.66667,0.71719,0.65000,0.72031,0.64444,0.62257,0.82932,0.9997,0.73939,1.00000,0.8888,0.67306,0.81679,0.9971,0.65324,0.73070,0.65312,0.79306,102.63,0.9870,live,0.0804,0.1053,72.62,689.68
148651.556243,60.0,0.8799,2,1,1,0.65391,0.79722,0.61953,0.77361,0.59453,0.73611,0.58984,0.70139,0.59688,0.66389,0.62187,0.65278,0.61719,0.60833,0.61406,0.59444,0.61328,0.59861,0.65000,0.65278,0.65469,0.59167,0.65234,0.58194,0.64844,0.59722,0.67656,0.67500,0.68516,0.62222,0.68594,0.60694,0.68281,0.61250,0.69844,0.71250,0.71406,0.67361,0.72109,0.65694,0.72344,0.65417,0.62279,0.82936,0.9997,0.73828,1.00000,0.8822,0.67400,0.82676,0.9969,0.65338,0.74400,0.65391,0.79722,101.60,0.9885,live,0.0871,0.1178,80.11,680.07
148651.622923,60.0,0.9466,2,1,1,0.65391,0.80139,0.61953,0.77778,0.59531,0.74028,0.58984,0.70556,0.59766,0.66806,0.62344,0.65278,0.61953,0.60833,0.61719,0.59583,0.61562,0.60139,0.65156,0.65417,0.65703,0.59167,0.65312,0.58472,0.64922,0.60278,0.67734,0.67639,0.68750,0.62500,0.68828,0.61111,0.68437,0.61944,0.69922,0.71528,0.71562,0.67639,0.72266,0.65972,0.72500,0.65972,0.62254,0.82781,0.9997,0.73828,1.00000,0.8770,0.67403,0.82389,0.9966,0.65348,0.75548,0.65391,0.80139,102.94,0.9905,live,0.0937,0.1238,83.30,672.58
148651.689442,60.0,0.0131,2,2,0,0.65547,0.80000,0.62109,0.77778,0.59609,0.74028,0.58984,0.70694,0.59766,0.66944,0.62344,0.65278,0.62031,0.60833,0.61719,0.59583,0.61641,0.60417,0.65156,0.65417,0.65781,0.59167,0.65469,0.58472,0.65078,0.60556,0.67812,0.67639,0.68750,0.62500,0.68828,0.61111,0.68516,0.62361,0.70000,0.71250,0.71641,0.67639,0.72422,0.66111,0.72656,0.66389,0.62242,0.82805,0.9997,0.73543,1.00000,0.8729,0.68156,0.82559,0.9964,0.65388,0.76439,0.65547,0.80000,102.69,0.9880,live,0.0991,0.1235,82.25,665.80
148651.755897,60.0,0.0796,2,2,0,0.65625,0.79583,0.62187,0.77500,0.59609,0.73750,0.58906,0.70417,0.59766,0.66667,0.62266,0.65278,0.62031,0.60417,0.61719,0.59306,0.61562,0.60556,0.65156,0.65417,0.65703,0.58889,0.65391,0.58472,0.65000,0.60694,0.67812,0.67500,0.68750,0.62222,0.68828,0.60833,0.68516,0.62500,0.70078,0.70972,0.71719,0.66944,0.72578,0.65556,0.72813,0.66250,0.62230,0.82806,0.9997,0.73323,1.00000,0.8674,0.68468,0.82649,0.9962,0.65435,0.77067,0.65625,0.79583,101.52,0.9850,live,0.1050,0.1317,86.78,659.00
148651.823788,60.0,0.1475,2,2,0,0.65703,0.78194,0.62109,0.76111,0.59453,0.72639,0.58594,0.69444,0.59609,0.65972,0.62344,0.64306,0.61875,0.60000,0.61484,0.58611,0.61094,0.58889,0.65156,0.64444,0.65469,0.58056,0.65156,0.57222,0.64687,0.59306,0.67734,0.66528,0.68594,0.60972,0.68750,0.59722,0.68516,0.60833,0.69922,0.70000,0.71484,0.65417,0.72500,0.64167,0.72891,0.64722,0.62199,0.82903,0.9997,0.73323,1.00000,0.8701,0.68462,0.82522,0.9963,0.65489,0.77293,0.65703,0.78194,98.35,0.9787,live,0.1050,0.1018,66.23,650.73
148651.889489,60.0,0.2132,2,2,0,0.65781,0.76806,0.62266,0.74444,0.59609,0.70556,0.58828,0.67083,0.59297,0.63333,0.62109,0.62500,0.61484,0.57500,0.61172,0.56111,0.61016,0.56806,0.65000,0.62500,0.65234,0.55833,0.64922,0.54861,0.64609,0.56806,0.67578,0.64583,0.68437,0.59028,0.68672,0.57639,0.68594,0.58472,0.69844,0.67917,0.71172,0.63611,0.72109,0.62222,0.72656,0.62500,0.62198,0.82902,0.9997,0.73383,1.00000,0.8659,0.68445,0.82361,0.9961,0.65547,0.77195,0.65781,0.76806,101.39,0.9834,live,0.1050,0.0832,53.73,645.65
148651.956018,60.0,0.2797,2,2,0,0.65625,0.74861,0.62031,0.72778,0.59297,0.69028,0.58672,0.65278,0.59141,0.61250,0.61953,0.60278,0.61562,0.55556,0.61328,0.54306,0.61172,0.54583,0.64844,0.60278,0.65000,0.54306,0.64844,0.52917,0.64687,0.53889,0.67500,0.62083,0.68203,0.56806,0.68516,0.55139,0.68516,0.55139,0.69844,0.65556,0.71094,0.61667,0.71953,0.59861,0.72500,0.59167,0.62064,0.83082,0.9997,0.73466,1.00000,0.8636,0.68215,0.80230,0.9959,0.65563,0.76729,0.65625,0.74861,103.62,0.9824,live,0.0978,0.0649,41.74,642.78
148652.023219,60.0,0.3469,2,2,0,0.65625,0.73056,0.61953,0.70417,0.59453,0.66389,0.59062,0.62639,0.58984,0.58750,0.61875,0.57917,0.61406,0.53472,0.61172,0.51806,0.61016,0.51389,0.64687,0.57917,0.64766,0.52639,0.64766,0.50972,0.64687,0.50694,0.67344,0.59722,0.67891,0.54583,0.68281,0.52639,0.68359,0.51944,0.69766,0.63056,0.71016,0.59167,0.71797,0.57222,0.72344,0.55972,0.61903,0.82993,0.9997,0.73668,1.00000,0.8686,0.67693,0.74151,0.9961,0.65575,0.75994,0.65625,0.73056,106.43,0.9861,live,0.0919,0.0650,41.75,642.27
148652.089438,60.0,0.4131,2,2,0,0.65547,0.70694,0.61719,0.68333,0.59219,0.64028,0.58984,0.59861,0.59141,0.55972,0.61797,0.55139,0.61406,0.50694,0.61172,0.48889,0.61016,0.48056,0.64687,0.55139,0.64766,0.50139,0.64609,0.48194,0.64453,0.47361,0.67344,0.57222,0.67969,0.52222,0.68281,0.49861,0.68516,0.48333,0.69766,0.60556,0.70859,0.56528,0.71719,0.54444,0.72422,0.52639,0.61930,0.82836,0.9997,0.74413,1.00000,0.8742,0.67546,0.72246,0.9964,0.65570,0.74934,0.65547,0.70694,108.60,0.9930,live,0.0812,0.0327,21.05,643.39
148652.156422,60.0,0.4801,2,2,0,0.65625,0.68472,0.61797,0.66111,0.59297,0.61389,0.59141,0.57222,0.59219,0.53194,0.61797,0.52639,0.61406,0.48056,0.61172,0.45833,0.60859,0.44306,0.64766,0.52500,0.64844,0.47222,0.64766,0.45139,0.64375,0.43750,0.67422,0.54444,0.67969,0.49444,0.68359,0.46667,0.68437,0.44583,0.69844,0.57778,0.70937,0.53750,0.71797,0.51528,0.72344,0.49306,0.61930,0.82556,0.9997,0.74402,1.00000,0.8813,0.66810,0.68870,0.9967,0.65581,0.73642,0.65625,0.68472,110.78,0.9945,live,0.0740,0.0410,26.46,645.94
148652.222813,60.0,0.5465,2,2,0,0.65781,0.65833,0.61875,0.63472,0.59453,0.58611,0.59453,0.54028,0.59609,0.49722,0.61875,0.49722,0.61719,0.44861,0.61641,0.42361,0.61406,0.40278,0.64922,0.49583,0.65156,0.44167,0.65078,0.41667,0.64766,0.39444,0.67578,0.51250,0.68359,0.46111,0.68672,0.43194,0.68672,0.40556,0.70078,0.54444,0.71328,0.50278,0.72188,0.47917,0.72734,0.45556,0.61961,0.82468,0.9997,0.74410,1.00000,0.8864,0.66796,0.67503,0.9969,0.65621,0.72080,0.65781,0.65833,113.23,0.9943,live,0.0740,0.0580,37.69,649.96
148652.289580,60.0,0.6133,2,2,0,0.65938,0.63889,0.62031,0.61250,0.59766,0.55972,0.59844,0.50833,0.59766,0.46389,0.62266,0.47083,0.62031,0.42083,0.62031,0.39167,0.61875,0.36528,0.65234,0.46806,0.65469,0.41250,0.65391,0.38472,0.65000,0.35833,0.67891,0.48333,0.68672,0.42917,0.68984,0.39722,0.68984,0.36667,0.70312,0.51528,0.71641,0.47361,0.72422,0.44722,0.72969,0.41806,0.61990,0.81480,0.9997,0.74388,1.00000,0.8939,0.66558,0.63775,0.9972,0.65684,0.70442,0.65938,0.63889,116.54,0.9917,live,0.0740,0.0754,49.43,655.87
148652.356423,60.0,0.6801,2,2,0,0.65859,0.62361,0.61875,0.59306,0.59844,0.53472,0.59922,0.48194,0.59609,0.43472,0.62500,0.44861,0.62187,0.39583,0.62109,0.36528,0.61953,0.33472,0.65469,0.44583,0.65625,0.38750,0.65547,0.35556,0.65156,0.32500,0.68047,0.46250,0.68828,0.40417,0.69141,0.37083,0.69219,0.33750,0.70469,0.49583,0.71719,0.45000,0.72578,0.42222,0.73125,0.39167,0.61976,0.80752,0.9997,0.74529,1.00000,0.8983,0.66539,0.62082,0.9974,0.65719,0.68826,0.65859,0.62361,119.51,0.9899,live,0.0740,0.0920,61.04,663.21
148652.425171,60.0,0.7488,2,2,0,0.65781,0.61528,0.61719,0.58194,0.59766,0.52083,0.59766,0.46389,0.59219,0.41667,0.62422,0.43611,0.62109,0.38056,0.62031,0.34583,0.61953,0.31111,0.65391,0.43194,0.65391,0.37222,0.65234,0.33889,0.64766,0.30417,0.67891,0.44722,0.68594,0.38611,0.68828,0.35139,0.68906,0.31528,0.70234,0.47778,0.71328,0.43056,0.72109,0.40139,0.72656,0.37222,0.61973,0.80764,0.9997,0.74518,1.00000,0.8937,0.66451,0.60856,0.9975,0.65732,0.67366,0.65781,0.61528,121.68,0.9862,live,0.0796,0.1055,70.81,671.24
148652.489851,60.0,0.8135,2,2,0,0.65625,0.61250,0.61641,0.57500,0.59688,0.51111,0.59688,0.45278,0.58984,0.40417,0.62266,0.42778,0.61953,0.37083,0.61875,0.33611,0.61797,0.30139,0.65234,0.42500,0.65234,0.36389,0.65078,0.32917,0.64609,0.29444,0.67734,0.44028,0.68359,0.37917,0.68594,0.34306,0.68516,0.30556,0.70000,0.47083,0.71094,0.42222,0.71797,0.39306,0.72266,0.36111,0.62063,0.80772,0.9997,0.74662,1.00000,0.8967,0.66648,0.61128,0.9976,0.65710,0.66143,0.65625,0.61250,123.74,0.9871,live,0.0855,0.1122,76.25,679.78
148652.556669,60.0,0.8803,2,2,0,0.65547,0.61111,0.61562,0.57083,0.59688,0.50833,0.59531,0.45000,0.58906,0.39861,0.62266,0.42361,0.61875,0.36667,0.61719,0.33333,0.61562,0.30000,0.65156,0.42083,0.65078,0.35833,0.64844,0.32500,0.64375,0.28750,0.67656,0.43472,0.68125,0.37222,0.68281,0.33750,0.68203,0.30000,0.69922,0.46528,0.70859,0.41667,0.71484,0.38611,0.71953,0.35417,0.61758,0.80732,0.9997,0.74506,1.00000,0.9016,0.66452,0.59988,0.9978,0.65678,0.65137,0.65547,0.61111,124.99,0.9824,live,0.0906,0.1136,78.20,688.20
148652.623042,60.0,0.9467,2,2,0,0.65469,0.60833,0.61562,0.56528,0.59609,0.50417,0.59375,0.44583,0.58672,0.39583,0.62187,0.41944,0.61797,0.36250,0.61562,0.33194,0.61406,0.29722,0.65000,0.41528,0.64922,0.35278,0.64609,0.32083,0.64141,0.28333,0.67500,0.42778,0.67969,0.36806,0.67969,0.33333,0.67891,0.29722,0.69844,0.45694,0.70703,0.40972,0.71328,0.37917,0.71719,0.34722,0.61751,0.80818,0.9997,0.74702,1.00000,0.9010,0.66484,0.59741,0.9978,0.65636,0.64276,0.65469,0.60833,126.42,0.9830,live,0.0961,0.1211,84.40,696.64
148652.689797,60.0,0.0135,2,1,1,0.65312,0.60556,0.61484,0.56250,0.59609,0.50139,0.59375,0.44167,0.58594,0.39167,0.62109,0.41667,0.61641,0.35833,0.61406,0.32778,0.61250,0.29444,0.64922,0.41250,0.64766,0.34861,0.64453,0.31528,0.63984,0.28056,0.67422,0.42500,0.67812,0.36250,0.67812,0.32778,0.67734,0.29028,0.69688,0.45278,0.70547,0.40556,0.71094,0.37500,0.71406,0.34167,0.61751,0.80777,0.9997,0.74732,1.00000,0.9001,0.66444,0.59220,0.9978,0.65571,0.63532,0.65312,0.60556,126.25,0.9809,live,0.0961,0.1034,72.82,703.94
148652.756760,60.0,0.0804,2,1,1,0.65312,0.60278,0.61406,0.55833,0.59453,0.49722,0.59219,0.43889,0.58516,0.38889,0.61953,0.41250,0.61562,0.35556,0.61328,0.32500,0.61094,0.29167,0.64844,0.40833,0.64687,0.34444,0.64375,0.31250,0.63750,0.27639,0.67344,0.42083,0.67734,0.35833,0.67734,0.32361,0.67578,0.28750,0.69609,0.44861,0.70391,0.40139,0.70937,0.37083,0.71250,0.33750,0.61806,0.80703,0.9997,0.74732,1.00000,0.8949,0.66427,0.58958,0.9978,0.65519,0.62881,0.65312,0.60278,127.25,0.9812,live,0.0961,0.0932,66.29,711.08
148652.823437,60.0,0.1471,2,1,1,0.65312,0.60000,0.61406,0.55556,0.59453,0.49583,0.59219,0.43750,0.58516,0.38611,0.62031,0.41111,0.61484,0.35417,0.61328,0.32222,0.61094,0.28750,0.64844,0.40694,0.64687,0.34306,0.64375,0.30972,0.63828,0.27222,0.67266,0.41944,0.67656,0.35694,0.67656,0.32222,0.67500,0.28472,0.69609,0.44722,0.70312,0.39861,0.70781,0.36667,0.71172,0.33472,0.61776,0.80790,0.9997,0.74730,1.00000,0.8963,0.66428,0.59058,0.9978,0.65478,0.62305,0.65312,0.60000,126.22,0.9787,live,0.0961,0.0819,58.68,716.63
148652.889917,60.0,0.2136,2,1,1,0.65312,0.59861,0.61328,0.55417,0.59453,0.49306,0.59219,0.43472,0.58516,0.38472,0.62031,0.40833,0.61562,0.35139,0.61328,0.32083,0.61094,0.28750,0.64844,0.40417,0.64687,0.34167,0.64297,0.30833,0.63750,0.26944,0.67266,0.41667,0.67656,0.35556,0.67656,0.31944,0.67500,0.28194,0.69531,0.44444,0.70312,0.39583,0.70781,0.36528,0.71172,0.33056,0.61768,0.80906,0.9997,0.74801,1.00000,0.8991,0.66459,0.58912,0.9979,0.65445,0.61816,0.65312,0.59861,126.58,0.9815,live,0.0914,0.0701,50.60,721.77
148652.956764,60.0,0.2804,2,1,1,0.65391,0.59861,0.61406,0.55556,0.59531,0.49306,0.59219,0.43472,0.58594,0.38472,0.62109,0.40972,0.61641,0.35278,0.61328,0.32083,0.61094,0.28889,0.64922,0.40556,0.64687,0.34444,0.64375,0.30972,0.63906,0.27222,0.67344,0.41944,0.67656,0.35833,0.67656,0.32222,0.67500,0.28472,0.69609,0.44583,0.70391,0.39861,0.70859,0.36667,0.71250,0.33472,0.61791,0.80418,0.9997,0.74803,1.00000,0.8972,0.66460,0.58683,0.9979,0.65434,0.61425,0.65391,0.59861,125.87,0.9805,live,0.0856,0.0592,42.94,725.78
148653.023630,60.0,0.3473,2,1,1,0.65391,0.60417,0.61484,0.56111,0.59609,0.49722,0.59297,0.43750,0.58516,0.38611,0.62187,0.41667,0.61797,0.35972,0.61562,0.32917,0.61250,0.29583,0.65000,0.41250,0.64844,0.35000,0.64531,0.31667,0.64062,0.27917,0.67500,0.42500,0.67812,0.36389,0.67812,0.32917,0.67656,0.29306,0.69688,0.45278,0.70469,0.40556,0.71016,0.37500,0.71406,0.34306,0.61734,0.80417,0.9997,0.74727,1.00000,0.8992,0.66147,0.58707,0.9980,0.65425,0.61223,0.65391,0.60417,125.18,0.9815,live,0.0856,0.0609,44.40,728.82
148653.089893,60.0,0.4136,2,1,1,0.65469,0.61389,0.61641,0.56806,0.59766,0.50278,0.59375,0.44306,0.58672,0.39306,0.62344,0.42639,0.62031,0.36944,0.61797,0.34028,0.61484,0.30694,0.65234,0.42222,0.65156,0.36111,0.64922,0.32778,0.64453,0.29167,0.67734,0.43611,0.68203,0.37639,0.68281,0.34306,0.68125,0.30833,0.70000,0.46389,0.70781,0.41667,0.71406,0.38611,0.71797,0.35556,0.61664,0.80581,0.9997,0.74729,1.00000,0.8977,0.66390,0.59463,0.9980,0.65434,0.61256,0.65469,0.61389,125.77,0.9840,live,0.0772,0.0387,28.36,731.92
148653.156991,60.0,0.4807,2,1,1,0.65781,0.63194,0.61797,0.58889,0.59922,0.52222,0.59609,0.46250,0.58672,0.41250,0.62500,0.44583,0.62266,0.38889,0.62031,0.35833,0.61797,0.32778,0.65469,0.44167,0.65469,0.38194,0.65234,0.34722,0.64766,0.31389,0.68047,0.45556,0.68594,0.39583,0.68672,0.36250,0.68594,0.32778,0.70312,0.48472,0.71328,0.43750,0.71953,0.40972,0.72422,0.38056,0.61375,0.80846,0.9997,0.74618,1.00000,0.8976,0.66385,0.60795,0.9979,0.65503,0.61644,0.65781,0.63194,125.54,0.9861,live,0.0687,0.0301,22.14,734.48
148653.223565,60.0,0.5472,2,1,1,0.66016,0.65972,0.61953,0.61806,0.59844,0.54861,0.59531,0.48750,0.58594,0.43889,0.62578,0.47500,0.62344,0.42083,0.62031,0.39167,0.61641,0.36528,0.65547,0.47222,0.65547,0.41389,0.65234,0.38333,0.64609,0.35417,0.68047,0.48750,0.68672,0.43194,0.68828,0.40000,0.68750,0.36806,0.70391,0.51806,0.71484,0.47500,0.72188,0.44861,0.72734,0.42083,0.61593,0.81623,0.9998,0.74487,1.00000,0.9032,0.66668,0.64743,0.9980,0.65606,0.62510,0.66016,0.65972,124.07,0.9919,live,0.0604,0.0228,16.78,735.67
148653.290305,60.0,0.6140,2,1,1,0.66328,0.68611,0.62187,0.64861,0.60156,0.58194,0.59844,0.52222,0.58984,0.47500,0.62734,0.50833,0.62500,0.45556,0.62187,0.42778,0.61797,0.40417,0.65703,0.50694,0.65781,0.45000,0.65547,0.42222,0.65000,0.39722,0.68281,0.52361,0.68984,0.46944,0.69219,0.44167,0.69219,0.41389,0.70625,0.55556,0.71953,0.51389,0.72734,0.48889,0.73359,0.46250,0.61822,0.81932,0.9998,0.74509,1.00000,0.9064,0.66881,0.67826,0.9981,0.65750,0.63730,0.66328,0.68611,120.18,0.9934,live,0.0541,0.0252,18.52,733.92
148653.357019,60.0,0.6807,2,1,1,0.66406,0.71389,0.62344,0.67778,0.60234,0.61389,0.60078,0.55833,0.59453,0.50972,0.63047,0.54028,0.62969,0.48750,0.62656,0.46389,0.62266,0.45000,0.66016,0.54028,0.66328,0.48611,0.66172,0.46111,0.65703,0.44306,0.68672,0.56111,0.69453,0.50833,0.69688,0.48194,0.69688,0.45833,0.71016,0.59444,0.72188,0.55556,0.72969,0.53056,0.73672,0.50694,0.62407,0.82195,0.9998,0.75786,1.00000,0.9115,0.67462,0.71660,0.9982,0.65882,0.65262,0.66406,0.71389,117.70,0.9941,live,0.0541,0.0406,29.66,730.59
148653.423783,60.0,0.7475,2,1,1,0.66719,0.74306,0.62734,0.70694,0.60469,0.64722,0.60313,0.59167,0.60000,0.54861,0.63203,0.57500,0.63203,0.52500,0.63125,0.50556,0.63047,0.49861,0.66250,0.57639,0.66563,0.52222,0.66641,0.50139,0.66641,0.49167,0.68906,0.59861,0.69766,0.54722,0.70078,0.52222,0.70312,0.50417,0.71328,0.63472,0.72578,0.59444,0.73359,0.57222,0.74062,0.55139,0.62407,0.82420,0.9998,0.77560,1.00000,0.9098,0.68237,0.74543,0.9982,0.66049,0.67071,0.66719,0.74306,114.90,0.9940,live,0.0541,0.0590,42.85,725.65
148653.490418,60.0,0.8141,2,1,1,0.66875,0.76528,0.62891,0.73194,0.60547,0.67639,0.60469,0.62361,0.60469,0.57778,0.63281,0.60417,0.63203,0.55694,0.63125,0.54028,0.63203,0.53889,0.66250,0.60278,0.66641,0.54861,0.66719,0.52917,0.66875,0.52917,0.69063,0.62500,0.69922,0.57083,0.70391,0.54861,0.70547,0.54306,0.71562,0.66111,0.72969,0.62083,0.73828,0.60278,0.74375,0.59444,0.62402,0.82419,0.9998,0.76146,1.00000,0.9085,0.68851,0.77397,0.9981,0.66214,0.68962,0.66875,0.76528,112.94,0.9901,live,0.0541,0.0787,56.63,719.89
148653.557175,60.0,0.8809,2,1,1,0.67109,0.77917,0.63125,0.74861,0.60703,0.69583,0.60469,0.64583,0.60703,0.60000,0.63516,0.62083,0.63594,0.57639,0.63438,0.56111,0.63281,0.55972,0.66563,0.61944,0.67031,0.56111,0.67109,0.54583,0.67188,0.55139,0.69375,0.64028,0.70391,0.58472,0.70859,0.56806,0.71094,0.56944,0.71719,0.67639,0.73359,0.63889,0.74297,0.62222,0.74922,0.61944,0.62324,0.82664,0.9998,0.75152,1.00000,0.9060,0.69301,0.81227,0.9979,0.66393,0.70753,0.67109,0.77917,111.29,0.9887,live,0.0619,0.0977,69.72,713.63
148653.624202,60.0,0.9479,2,1,1,0.66875,0.78333,0.62969,0.75417,0.60547,0.70139,0.60469,0.65278,0.61016,0.60833,0.63516,0.62639,0.63594,0.58472,0.63516,0.57083,0.63516,0.56944,0.66563,0.62639,0.67109,0.56944,0.67266,0.55556,0.67422,0.55972,0.69453,0.64861,0.70469,0.59583,0.71016,0.57917,0.71250,0.57917,0.71797,0.68611,0.73359,0.64861,0.74375,0.63333,0.75000,0.63056,0.62214,0.82730,0.9998,0.74597,1.00000,0.9013,0.69418,0.81569,0.9978,0.66490,0.72269,0.66875,0.78333,110.64,0.9896,live,0.0713,0.1137,80.43,707.65
148653.690690,60.0,0.0144,2,2,0,0.67031,0.78472,0.62969,0.75694,0.60625,0.70417,0.60625,0.65417,0.60859,0.61111,0.63672,0.62639,0.63750,0.58194,0.63672,0.57083,0.63672,0.57083,0.66719,0.62778,0.67188,0.56944,0.67344,0.55556,0.67344,0.56389,0.69531,0.65139,0.70625,0.59861,0.71172,0.58194,0.71328,0.58194,0.71953,0.68889,0.73438,0.64861,0.74453,0.63333,0.75078,0.63056,0.62120,0.82731,0.9998,0.74293,1.00000,0.8997,0.69407,0.82141,0.9977,0.66598,0.73510,0.67031,0.78472,110.88,0.9897,live,0.0806,0.1232,86.57,702.56
148653.757138,60.0,0.0808,2,2,0,0.67109,0.78472,0.63047,0.75833,0.60625,0.70417,0.60625,0.65417,0.60859,0.60972,0.63750,0.62500,0.63750,0.58333,0.63750,0.56944,0.63906,0.56667,0.66797,0.62778,0.67188,0.56944,0.67422,0.55556,0.67578,0.56111,0.69688,0.65000,0.70625,0.59861,0.71250,0.58194,0.71484,0.58056,0.72031,0.68889,0.73438,0.64861,0.74453,0.63333,0.75156,0.62917,0.61927,0.82717,0.9998,0.74294,1.00000,0.8960,0.69825,0.82206,0.9975,0.66700,0.74502,0.67109,0.78472,111.21,0.9877,live,0.0886,0.1253,87.47,698.32
148653.823623,60.0,0.1473,2,2,0,0.67188,0.78333,0.63125,0.75556,0.60625,0.70278,0.60625,0.65417,0.61016,0.60972,0.63750,0.62361,0.63750,0.58194,0.63750,0.56806,0.63906,0.56667,0.66797,0.62639,0.67266,0.56944,0.67422,0.55556,0.67578,0.56111,0.69609,0.65000,0.70625,0.59861,0.71172,0.58194,0.71406,0.58056,0.72031,0.68750,0.73516,0.64861,0.74453,0.63194,0.75156,0.62778,0.61933,0.82692,0.9998,0.74253,1.00000,0.8906,0.69816,0.82195,0.9974,0.66798,0.75268,0.67188,0.78333,111.14,0.9886,live,0.0945,0.1212,84.15,694.54
148653.890489,60.0,0.2142,2,2,0,0.67109,0.78194,0.63047,0.75417,0.60547,0.70139,0.60547,0.65278,0.61094,0.60833,0.63750,0.62222,0.63594,0.58333,0.63672,0.56806,0.63906,0.56250,0.66797,0.62500,0.67188,0.56944,0.67344,0.55417,0.67578,0.55556,0.69609,0.64722,0.70547,0.59722,0.71094,0.57917,0.71328,0.57639,0.72031,0.68472,0.73438,0.64583,0.74453,0.62917,0.75156,0.62500,0.61931,0.82660,0.9998,0.74206,1.00000,0.8868,0.70040,0.82144,0.9971,0.66860,0.75854,0.67109,0.78194,111.29,0.9886,live,0.0945,0.1118,77.28,691.33
148653.957428,60.0,0.2811,2,2,0,0.67109,0.77639,0.63047,0.74861,0.60625,0.69583,0.60625,0.64583,0.61016,0.60000,0.63906,0.61944,0.63672,0.57500,0.63672,0.55972,0.63750,0.55694,0.66875,0.62083,0.67266,0.56111,0.67422,0.54444,0.67422,0.55139,0.69688,0.64306,0.70625,0.58889,0.71172,0.56944,0.71328,0.56806,0.72031,0.67917,0.73359,0.63889,0.74297,0.62083,0.75078,0.61667,0.61929,0.83384,0.9998,0.75383,1.00000,0.8867,0.69802,0.81787,0.9970,0.66910,0.76211,0.67109,0.77639,109.74,0.9877,live,0.0945,0.0971,66.73,687.38
148654.023754,60.0,0.3474,2,2,0,0.67188,0.76806,0.63203,0.73889,0.60781,0.68611,0.60703,0.63472,0.60781,0.59028,0.63750,0.60833,0.63516,0.56528,0.63594,0.54861,0.63828,0.54583,0.66797,0.60833,0.67031,0.55139,0.67266,0.53333,0.67500,0.53889,0.69609,0.62917,0.70469,0.57639,0.71016,0.55556,0.71328,0.55278,0.71953,0.66806,0.73359,0.62778,0.74297,0.60833,0.75078,0.60139,0.61977,0.84078,0.9997,0.74690,1.00000,0.8813,0.69766,0.80906,0.9965,0.66965,0.76330,0.67188,0.76806,111.52,0.9912,live,0.0945,0.0988,67.69,685.19
148654.090495,60.0,0.4142,2,2,0,0.67266,0.75139,0.63203,0.72222,0.60781,0.66944,0.60703,0.61944,0.60703,0.57500,0.63672,0.59306,0.63516,0.54583,0.63516,0.52778,0.63594,0.52222,0.66719,0.59306,0.66953,0.53750,0.67031,0.51806,0.67109,0.51250,0.69453,0.61389,0.70312,0.55972,0.70859,0.53750,0.71250,0.52639,0.71953,0.64861,0.73281,0.60833,0.74219,0.58750,0.74922,0.57222,0.62020,0.84051,0.9997,0.74687,1.00000,0.8879,0.68946,0.77081,0.9968,0.67025,0.76091,0.67266,0.75139,111.43,0.9897,live,0.0883,0.0600,40.96,683.20
148654.157302,60.0,0.4810,2,2,0,0.67031,0.73333,0.62969,0.70139,0.60625,0.65000,0.60547,0.60139,0.60547,0.55417,0.63438,0.56528,0.63438,0.51528,0.63359,0.49861,0.63281,0.49583,0.66484,0.56806,0.66875,0.51389,0.66797,0.49444,0.66641,0.48611,0.69219,0.59028,0.70078,0.54028,0.70625,0.51667,0.70859,0.50000,0.71641,0.62778,0.72891,0.58611,0.73906,0.56389,0.74766,0.54444,0.62283,0.84037,0.9998,0.74624,1.00000,0.8943,0.68817,0.75643,0.9970,0.67027,0.75540,0.67031,0.73333,114.78,0.9924,live,0.0803,0.0439,30.03,683.85
148654.224525,60.0,0.5482,2,2,0,0.66875,0.70833,0.62891,0.67639,0.60469,0.62361,0.60391,0.57222,0.60391,0.52500,0.63359,0.53889,0.63281,0.48750,0.63203,0.46806,0.62969,0.45694,0.66328,0.53889,0.66641,0.48472,0.66563,0.46250,0.66406,0.44861,0.69063,0.56111,0.69844,0.50833,0.70391,0.48056,0.70703,0.45972,0.71484,0.59583,0.72656,0.55556,0.73594,0.53333,0.74453,0.51250,0.62456,0.83713,0.9998,0.74630,1.00000,0.8988,0.68722,0.73231,0.9971,0.66996,0.74599,0.66875,0.70833,116.06,0.9921,live,0.0714,0.0307,21.03,685.35
148654.290694,60.0,0.6144,2,2,0,0.66641,0.68056,0.62500,0.65139,0.60234,0.59306,0.60469,0.53889,0.60234,0.49028,0.63125,0.51111,0.63047,0.45833,0.62969,0.43333,0.62813,0.40972,0.66172,0.50972,0.66484,0.45278,0.66484,0.42500,0.66328,0.39861,0.68828,0.52917,0.69688,0.47361,0.70312,0.44306,0.70625,0.41389,0.71250,0.56250,0.72578,0.51944,0.73516,0.49583,0.74219,0.46944,0.62452,0.83141,0.9998,0.74611,1.00000,0.9035,0.68440,0.70614,0.9973,0.66925,0.73290,0.66641,0.68056,116.76,0.9897,live,0.0644,0.0324,22.28,687.18
148654.357488,60.0,0.6812,2,2,0,0.66406,0.65556,0.62266,0.62500,0.60156,0.56389,0.60469,0.50833,0.60156,0.45833,0.62969,0.47639,0.62813,0.42222,0.62813,0.39028,0.62813,0.35972,0.66094,0.47361,0.66328,0.41528,0.66328,0.38056,0.66094,0.34583,0.68672,0.49306,0.69609,0.43611,0.70156,0.40139,0.70391,0.36528,0.70937,0.52639,0.72422,0.48333,0.73359,0.45694,0.73984,0.42639,0.62445,0.82586,0.9998,0.75725,1.00000,0.9059,0.67747,0.66595,0.9975,0.66821,0.71743,0.66406,0.65556,121.28,0.9888,live,0.0644,0.0479,33.15,692.04
148654.424286,60.0,0.7480,2,2,0,0.66250,0.63472,0.62109,0.59861,0.60078,0.54028,0.60391,0.48472,0.60156,0.43333,0.62891,0.44861,0.62578,0.39167,0.62578,0.35556,0.62656,0.31944,0.65938,0.44583,0.66094,0.38194,0.66016,0.34306,0.65781,0.30556,0.68516,0.46389,0.69375,0.40139,0.69766,0.36389,0.70000,0.32500,0.70781,0.49722,0.72031,0.45278,0.72891,0.42222,0.73516,0.39167,0.62132,0.82049,0.9998,0.75196,1.00000,0.9080,0.67091,0.63232,0.9976,0.66707,0.70089,0.66250,0.63472,124.61,0.9837,live,0.0644,0.0646,45.12,698.71
148654.490934,60.0,0.8146,2,2,0,0.65938,0.61806,0.61875,0.57917,0.60000,0.51806,0.60234,0.46111,0.60000,0.40833,0.62813,0.42500,0.62422,0.36667,0.62344,0.32917,0.62422,0.29306,0.65781,0.42222,0.65938,0.35556,0.65781,0.31667,0.65547,0.27778,0.68359,0.43889,0.69141,0.37500,0.69453,0.33611,0.69688,0.29861,0.70547,0.47083,0.71641,0.42361,0.72422,0.39306,0.72891,0.36111,0.62150,0.80826,0.9998,0.75183,1.00000,0.9085,0.67128,0.61619,0.9978,0.66553,0.68432,0.65938,0.61806,127.83,0.9794,live,0.0644,0.0809,57.18,706.90
148654.557398,60.0,0.8811,2,2,0,0.65703,0.60833,0.61719,0.56528,0.59922,0.50417,0.60234,0.44583,0.60078,0.39167,0.62734,0.41250,0.62344,0.35139,0.62266,0.31528,0.62344,0.27778,0.65625,0.40833,0.65625,0.34028,0.65547,0.29722,0.65391,0.25694,0.68047,0.42222,0.68828,0.35417,0.69219,0.31389,0.69453,0.27222,0.70234,0.45278,0.71328,0.40417,0.71953,0.37222,0.72422,0.33889,0.61818,0.80869,0.9998,0.74761,1.00000,0.9116,0.66589,0.60721,0.9979,0.66383,0.66912,0.65703,0.60833,129.11,0.9841,live,0.0700,0.0955,68.30,715.03
148654.624482,60.0,0.9482,2,2,0,0.65625,0.60139,0.61719,0.55833,0.59844,0.49583,0.60078,0.43750,0.60000,0.38333,0.62734,0.40694,0.62266,0.34583,0.62109,0.30833,0.62109,0.27083,0.65469,0.40000,0.65469,0.32778,0.65312,0.28472,0.65156,0.24306,0.67891,0.41250,0.68594,0.34028,0.68984,0.29583,0.69219,0.25278,0.70078,0.44167,0.71094,0.39167,0.71719,0.35833,0.72109,0.32361,0.61775,0.80884,0.9998,0.74757,1.00000,0.9105,0.66582,0.60183,0.9979,0.66232,0.65558,0.65625,0.60139,128.86,0.9805,live,0.0765,0.1060,76.52,722.01
148654.690853,60.0,0.0145,2,1,1,0.65469,0.59722,0.61719,0.55278,0.59844,0.49028,0.60000,0.43194,0.59922,0.37778,0.62656,0.40000,0.62187,0.34028,0.62031,0.30417,0.61953,0.26806,0.65391,0.39167,0.65312,0.32083,0.65078,0.27917,0.64844,0.23750,0.67812,0.40556,0.68437,0.33333,0.68750,0.29028,0.68906,0.24583,0.69922,0.43611,0.70859,0.38472,0.71484,0.35139,0.71953,0.31528,0.61731,0.80834,0.9998,0.74748,1.00000,0.9049,0.66621,0.59351,0.9980,0.66079,0.64391,0.65469,0.59722,130.08,0.9801,live,0.0827,0.1114,81.19,729.02
148654.757495,60.0,0.0812,2,1,1,0.65391,0.59583,0.61641,0.55139,0.59844,0.48750,0.60000,0.42778,0.59766,0.37500,0.62656,0.39722,0.62109,0.33889,0.61953,0.30417,0.61875,0.26806,0.65391,0.39028,0.65312,0.31944,0.65078,0.27778,0.64687,0.23611,0.67812,0.40278,0.68437,0.33056,0.68594,0.28750,0.68672,0.24444,0.69922,0.43056,0.70859,0.38056,0.71484,0.34583,0.71875,0.31111,0.61702,0.80704,0.9998,0.74601,1.00000,0.9112,0.66554,0.59439,0.9981,0.65941,0.63429,0.65391,0.59583,130.91,0.9775,live,0.0878,0.1108,81.55,735.80
148654.824404,60.0,0.1481,2,1,1,0.65391,0.59444,0.61641,0.55139,0.59844,0.48611,0.59922,0.42778,0.59766,0.37361,0.62656,0.39722,0.62109,0.33889,0.61875,0.30417,0.61797,0.26806,0.65312,0.38889,0.65234,0.31944,0.64922,0.27778,0.64609,0.23750,0.67734,0.40139,0.68359,0.32917,0.68594,0.28750,0.68672,0.24306,0.69922,0.42917,0.70859,0.37778,0.71484,0.34306,0.71953,0.30833,0.61790,0.80559,0.9998,0.74601,1.00000,0.9146,0.66300,0.59187,0.9982,0.65831,0.62632,0.65391,0.59444,130.61,0.9763,live,0.0932,0.1179,87.44,741.54
148654.890946,60.0,0.2146,2,1,1,0.65469,0.59444,0.61719,0.55139,0.59922,0.48611,0.60000,0.42778,0.59766,0.37361,0.62734,0.39722,0.62187,0.34028,0.61875,0.30556,0.61797,0.27083,0.65391,0.39028,0.65234,0.32083,0.65000,0.27917,0.64609,0.24028,0.67812,0.40139,0.68359,0.33056,0.68594,0.28889,0.68672,0.24583,0.70000,0.42917,0.71094,0.37500,0.71797,0.34028,0.72266,0.30278,0.61654,0.80581,0.9998,0.74531,1.00000,0.9156,0.66175,0.59210,0.9983,0.65759,0.61995,0.65469,0.59444,130.36,0.9699,live,0.0932,0.0958,71.49,746.41
148654.957704,60.0,0.2814,2,1,1,0.65547,0.59722,0.61719,0.55278,0.59922,0.48750,0.60078,0.42917,0.59922,0.37500,0.62813,0.39861,0.62266,0.34167,0.62031,0.30694,0.61953,0.27083,0.65469,0.39167,0.65312,0.32222,0.65078,0.28194,0.64687,0.24167,0.67891,0.40278,0.68359,0.33194,0.68516,0.29028,0.68516,0.24722,0.70078,0.42917,0.70937,0.37361,0.71562,0.33750,0.71953,0.30000,0.61614,0.80603,0.9998,0.74936,1.00000,0.9136,0.66740,0.58986,0.9984,0.65716,0.61540,0.65547,0.59722,131.24,0.9697,live,0.0932,0.0836,62.84,751.34
148655.024526,60.0,0.3482,2,1,1,0.65703,0.60139,0.61797,0.55694,0.60078,0.49167,0.60313,0.43333,0.60078,0.37917,0.62891,0.40139,0.62422,0.34444,0.62187,0.31111,0.62031,0.27500,0.65547,0.39444,0.65391,0.32778,0.65156,0.28889,0.64766,0.24722,0.67812,0.40694,0.68203,0.33889,0.68281,0.29722,0.68203,0.25278,0.69922,0.43333,0.70625,0.37639,0.71094,0.34028,0.71406,0.30139,0.61699,0.80580,0.9998,0.74930,1.00000,0.9111,0.66667,0.58839,0.9984,0.65714,0.61260,0.65703,0.60139,130.71,0.9708,live,0.0932,0.0698,52.75,755.29
148655.090737,60.0,0.4144,2,1,1,0.65547,0.61111,0.61719,0.56389,0.60078,0.50000,0.60313,0.44167,0.60078,0.38750,0.62813,0.40972,0.62422,0.35417,0.62109,0.32083,0.61953,0.28472,0.65469,0.40278,0.65391,0.33611,0.65078,0.29722,0.64766,0.25556,0.67734,0.41389,0.68125,0.34722,0.68125,0.30694,0.68125,0.26389,0.69844,0.44167,0.70391,0.38472,0.70703,0.34861,0.70937,0.30972,0.61698,0.80444,0.9998,0.74917,1.00000,0.9159,0.66657,0.58874,0.9985,0.65680,0.61230,0.65547,0.61111,131.47,0.9736,live,0.0932,0.0699,53.04,759.31
148655.157943,60.0,0.4816,2,1,1,0.65625,0.62361,0.61797,0.57778,0.60000,0.51250,0.60234,0.45417,0.60078,0.40000,0.62813,0.42361,0.62344,0.36667,0.62109,0.33333,0.61875,0.29722,0.65469,0.41667,0.65469,0.34861,0.65156,0.30833,0.64844,0.26806,0.67734,0.42917,0.68203,0.36111,0.68359,0.31806,0.68359,0.27639,0.69844,0.45556,0.70469,0.39861,0.70859,0.36250,0.71094,0.32361,0.61658,0.80444,0.9998,0.74826,1.00000,0.9142,0.66492,0.58968,0.9985,0.65669,0.61456,0.65625,0.62361,130.71,0.9767,live,0.0840,0.0420,31.98,762.31
148655.224336,60.0,0.5480,2,1,1,0.65781,0.64028,0.61875,0.59583,0.59922,0.53194,0.60156,0.47222,0.60078,0.41806,0.62734,0.44444,0.62266,0.38750,0.61953,0.35278,0.61797,0.31806,0.65391,0.43611,0.65391,0.36667,0.65156,0.32639,0.64844,0.28611,0.67734,0.44722,0.68203,0.37778,0.68359,0.33750,0.68437,0.29722,0.69844,0.47500,0.70625,0.41944,0.71016,0.38472,0.71250,0.34861,0.61727,0.80711,0.9998,0.74379,1.00000,0.9171,0.66481,0.60632,0.9986,0.65692,0.61971,0.65781,0.64028,129.22,0.9778,live,0.0764,0.0419,31.98,763.87
148655.291193,60.0,0.6149,2,1,1,0.65703,0.66528,0.61797,0.61944,0.59844,0.55694,0.60000,0.49861,0.59844,0.44583,0.62578,0.46944,0.62031,0.41389,0.61641,0.38194,0.61406,0.34861,0.65234,0.46250,0.65156,0.39583,0.64922,0.35694,0.64609,0.31806,0.67578,0.47500,0.68125,0.40972,0.68281,0.37083,0.68359,0.33056,0.69766,0.50417,0.70547,0.45139,0.70937,0.41806,0.71250,0.38333,0.61951,0.80673,0.9998,0.74436,1.00000,0.9186,0.66887,0.63459,0.9986,0.65694,0.62882,0.65703,0.66528,128.79,0.9779,live,0.0665,0.0212,16.21,764.93
148655.357726,60.0,0.6814,2,1,1,0.65469,0.69444,0.61641,0.65000,0.59531,0.59444,0.59531,0.54028,0.59453,0.48750,0.62031,0.50000,0.61641,0.44861,0.61328,0.41944,0.61094,0.39028,0.64844,0.49583,0.64766,0.43472,0.64531,0.40278,0.64141,0.36806,0.67266,0.50972,0.67891,0.45000,0.67969,0.41389,0.68047,0.37639,0.69531,0.54028,0.70234,0.49028,0.70625,0.45833,0.70937,0.42500,0.61814,0.80726,0.9998,0.74402,1.00000,0.9211,0.66815,0.65770,0.9987,0.65649,0.64195,0.65469,0.69444,128.21,0.9896,live,0.0596,0.0280,21.47,765.45
148655.424534,60.0,0.7482,2,1,1,0.65156,0.72083,0.61328,0.67778,0.59141,0.62500,0.59219,0.57500,0.58984,0.52778,0.61719,0.53472,0.61250,0.48333,0.60938,0.45972,0.60625,0.43611,0.64531,0.53056,0.64531,0.47361,0.64219,0.44306,0.63750,0.41250,0.67031,0.54722,0.67656,0.49028,0.67734,0.45694,0.67734,0.42361,0.69375,0.57917,0.70078,0.53194,0.70547,0.50278,0.70859,0.47083,0.61788,0.81260,0.9998,0.74322,1.00000,0.9210,0.66793,0.69197,0.9987,0.65550,0.65772,0.65156,0.72083,124.19,0.9920,live,0.0596,0.0430,32.81,763.01
148655.491299,60.0,0.8150,2,1,1,0.65078,0.74444,0.61250,0.70556,0.58984,0.65417,0.58828,0.60694,0.58672,0.55972,0.61484,0.56528,0.61094,0.51528,0.60547,0.49583,0.60000,0.47917,0.64297,0.56250,0.64375,0.50694,0.63984,0.48194,0.63281,0.45694,0.66797,0.58056,0.67422,0.52639,0.67500,0.49444,0.67344,0.46528,0.69141,0.61389,0.69766,0.56944,0.70234,0.54028,0.70547,0.51111,0.61794,0.81821,0.9998,0.74300,1.00000,0.9186,0.66786,0.73955,0.9986,0.65456,0.67507,0.65078,0.74444,119.96,0.9951,live,0.0596,0.0598,45.31,757.82
148655.558108,60.0,0.8818,2,1,1,0.65391,0.75556,0.61328,0.72361,0.59062,0.67222,0.58984,0.62500,0.58750,0.57917,0.61641,0.58611,0.61172,0.53750,0.60703,0.51667,0.60234,0.50417,0.64453,0.58333,0.64375,0.52639,0.64141,0.50417,0.63516,0.48611,0.67031,0.60000,0.67578,0.54583,0.67734,0.51806,0.67656,0.49167,0.69297,0.63333,0.70156,0.58889,0.70625,0.56250,0.70859,0.53472,0.61786,0.82465,0.9998,0.74226,1.00000,0.9173,0.66780,0.75668,0.9985,0.65443,0.69116,0.65391,0.75556,115.16,0.9958,live,0.0596,0.0759,56.89,749.80
148655.624874,60.0,0.9486,2,1,1,0.65547,0.76250,0.61484,0.73611,0.59141,0.68472,0.59062,0.63889,0.58828,0.59306,0.61719,0.60139,0.61406,0.55139,0.61094,0.53194,0.60625,0.52222,0.64609,0.59861,0.64844,0.54167,0.64609,0.51944,0.63984,0.50278,0.67266,0.61667,0.67891,0.56250,0.68125,0.53333,0.67969,0.50694,0.69609,0.65139,0.70547,0.60694,0.71094,0.58056,0.71328,0.55278,0.61615,0.82623,0.9997,0.73994,1.00000,0.9148,0.66783,0.77464,0.9982,0.65464,0.70543,0.65547,0.76250,111.79,0.9946,live,0.0652,0.0907,67.13,740.31
148655.691290,60.0,0.0150,2,2,0,0.65547,0.76667,0.61641,0.74306,0.59219,0.69167,0.59062,0.64722,0.59062,0.60139,0.61953,0.60694,0.61797,0.55833,0.61641,0.54028,0.61250,0.53472,0.64844,0.60417,0.65156,0.54722,0.64922,0.52361,0.64375,0.51111,0.67500,0.62361,0.68203,0.56667,0.68437,0.53750,0.68359,0.51250,0.69844,0.66111,0.70781,0.61667,0.71328,0.58750,0.71484,0.55833,0.61655,0.82846,0.9997,0.74212,1.00000,0.9099,0.67458,0.79264,0.9981,0.65480,0.71768,0.65547,0.76667,110.82,0.9952,live,0.0717,0.1016,74.31,731.26
148655.758325,60.0,0.0820,2,2,0,0.65625,0.76667,0.61719,0.74167,0.59297,0.69306,0.59062,0.64861,0.59219,0.60278,0.62031,0.60556,0.61797,0.56111,0.61641,0.54306,0.61406,0.53333,0.65000,0.60417,0.65234,0.55000,0.65078,0.52639,0.64609,0.51111,0.67656,0.62500,0.68359,0.56806,0.68672,0.54028,0.68594,0.51528,0.70000,0.66111,0.70937,0.61806,0.71406,0.58889,0.71641,0.56111,0.61768,0.83941,0.9997,0.74770,1.00000,0.9055,0.67513,0.78875,0.9979,0.65509,0.72748,0.65625,0.76667,111.51,0.9970,live,0.0781,0.1073,77.66,723.80
148655.824613,60.0,0.1483,2,2,0,0.65625,0.76528,0.61719,0.74167,0.59297,0.69028,0.59141,0.64306,0.59297,0.59722,0.62109,0.60556,0.61875,0.55694,0.61797,0.53889,0.61484,0.52917,0.65000,0.60417,0.65234,0.54722,0.65156,0.52222,0.64609,0.50556,0.67578,0.62500,0.68437,0.56667,0.68750,0.53750,0.68750,0.51389,0.69922,0.66111,0.70937,0.61389,0.71562,0.58472,0.71797,0.55694,0.61819,0.84558,0.9997,0.75652,1.00000,0.9094,0.67927,0.79828,0.9980,0.65532,0.73504,0.65625,0.76528,110.12,0.9969,live,0.0833,0.1069,76.54,716.23
148655.891518,60.0,0.2152,2,2,0,0.65547,0.75833,0.61719,0.73472,0.59375,0.68472,0.59219,0.63889,0.59297,0.59444,0.62109,0.60000,0.61797,0.55139,0.61719,0.53333,0.61406,0.52361,0.65000,0.59861,0.65234,0.54167,0.65078,0.51806,0.64531,0.50139,0.67578,0.61806,0.68359,0.56250,0.68672,0.53333,0.68672,0.50833,0.69922,0.65417,0.70937,0.60833,0.71484,0.57917,0.71875,0.55278,0.61665,0.84498,0.9997,0.75590,1.00000,0.9066,0.67803,0.79366,0.9979,0.65535,0.73970,0.65547,0.75833,109.59,0.9971,live,0.0833,0.0993,70.43,709.18
148655.958003,60.0,0.2817,2,2,0,0.65625,0.75417,0.61641,0.73056,0.59297,0.67917,0.59297,0.63056,0.59297,0.58611,0.62031,0.59444,0.61797,0.54583,0.61719,0.52500,0.61406,0.51667,0.65000,0.59306,0.65234,0.53611,0.65078,0.51111,0.64531,0.49444,0.67578,0.61250,0.68359,0.55556,0.68672,0.52500,0.68594,0.50000,0.69922,0.64861,0.70937,0.60139,0.71484,0.57222,0.71875,0.54444,0.61706,0.84453,0.9997,0.74905,1.00000,0.8974,0.67785,0.79111,0.9975,0.65553,0.74259,0.65625,0.75417,110.55,0.9961,live,0.0833,0.0869,61.12,703.68
148656.025340,60.0,0.3490,2,2,0,0.65547,0.75000,0.61641,0.72500,0.59453,0.67361,0.59531,0.62500,0.59297,0.57917,0.62187,0.58750,0.61875,0.53750,0.61719,0.51806,0.61328,0.50833,0.65078,0.58611,0.65234,0.52917,0.65000,0.50417,0.64453,0.48750,0.67656,0.60694,0.68359,0.55000,0.68672,0.51944,0.68672,0.49306,0.70000,0.64167,0.70937,0.59583,0.71562,0.56667,0.71875,0.53889,0.61539,0.84351,0.9997,0.75056,1.00000,0.9011,0.67785,0.78692,0.9976,0.65552,0.74407,0.65547,0.75000,111.69,0.9968,live,0.0833,0.0710,49.70,699.65
148656.091555,60.0,0.4152,2,2,0,0.65703,0.73889,0.61797,0.71250,0.59453,0.65972,0.59375,0.61111,0.59297,0.56528,0.62109,0.57500,0.61953,0.52361,0.61797,0.50278,0.61328,0.49306,0.65078,0.57222,0.65391,0.51389,0.65156,0.48889,0.64531,0.47083,0.67656,0.59306,0.68359,0.53333,0.68750,0.50278,0.68750,0.47361,0.70000,0.62778,0.71094,0.58056,0.71719,0.55139,0.72109,0.52222,0.61575,0.84088,0.9997,0.75159,1.00000,0.9031,0.67808,0.77557,0.9977,0.65582,0.74304,0.65703,0.73889,112.98,0.9922,live,0.0782,0.0547,38.13,697.04
148656.158413,60.0,0.4821,2,2,0,0.66016,0.71528,0.62031,0.68611,0.59688,0.63333,0.59609,0.58194,0.59609,0.53611,0.62344,0.54583,0.61953,0.49444,0.61719,0.46944,0.61406,0.44722,0.65312,0.54306,0.65469,0.48611,0.65312,0.45694,0.64844,0.43056,0.67969,0.56250,0.68594,0.50417,0.68906,0.47083,0.68984,0.43750,0.70312,0.59583,0.71328,0.54861,0.71953,0.51944,0.72344,0.48889,0.61610,0.83750,0.9997,0.75234,1.00000,0.9078,0.67515,0.73269,0.9978,0.65669,0.73748,0.66016,0.71528,116.33,0.9917,live,0.0713,0.0401,27.94,697.15
148656.224819,60.0,0.5485,2,2,0,0.66250,0.68333,0.62031,0.65278,0.59766,0.59167,0.59844,0.53750,0.59766,0.48889,0.62500,0.50694,0.62187,0.45417,0.62031,0.42361,0.61797,0.39444,0.65469,0.50278,0.65625,0.44167,0.65469,0.40833,0.65000,0.37500,0.68047,0.51806,0.68750,0.45694,0.69063,0.41944,0.69141,0.38333,0.70391,0.54861,0.71250,0.50000,0.71875,0.46944,0.72266,0.43611,0.61930,0.82399,0.9997,0.74572,1.00000,0.9112,0.67300,0.68718,0.9980,0.65785,0.72665,0.66250,0.68333,120.51,0.9903,live,0.0657,0.0402,28.12,700.26
148656.291556,60.0,0.6152,2,2,0,0.66016,0.65139,0.61953,0.61667,0.59922,0.55556,0.60078,0.49861,0.60000,0.44722,0.62656,0.46389,0.62266,0.40972,0.62109,0.37500,0.61953,0.34306,0.65547,0.45833,0.65625,0.39444,0.65391,0.35556,0.65000,0.31944,0.68047,0.47361,0.68750,0.40833,0.69063,0.36944,0.69063,0.33056,0.70234,0.50417,0.71250,0.45278,0.71797,0.41944,0.72109,0.38472,0.61939,0.82261,0.9997,0.74507,1.00000,0.9141,0.66971,0.65133,0.9981,0.65831,0.71160,0.66016,0.65139,125.25,0.9904,live,0.0599,0.0336,23.74,706.41
148656.358397,60.0,0.6821,2,2,0,0.65781,0.63056,0.61797,0.58750,0.60078,0.52639,0.60234,0.46806,0.59922,0.41389,0.62734,0.43472,0.62266,0.37639,0.62031,0.34028,0.61953,0.30556,0.65547,0.42917,0.65547,0.36389,0.65312,0.32222,0.65000,0.28333,0.67969,0.44306,0.68594,0.37639,0.68672,0.33611,0.68750,0.29583,0.70078,0.47222,0.70859,0.41944,0.71406,0.38611,0.71719,0.35000,0.62421,0.80626,0.9997,0.74500,1.00000,0.9108,0.66828,0.62160,0.9981,0.65821,0.69539,0.65781,0.63056,128.93,0.9808,live,0.0599,0.0493,35.26,714.47
148656.424808,60.0,0.7485,2,2,0,0.65781,0.61806,0.61719,0.57083,0.60000,0.50556,0.60313,0.44722,0.60000,0.39167,0.62734,0.41944,0.62344,0.36111,0.62109,0.32500,0.62031,0.28750,0.65469,0.41528,0.65391,0.34722,0.65156,0.30556,0.64766,0.26389,0.67812,0.42778,0.68359,0.35694,0.68516,0.31528,0.68516,0.27361,0.69922,0.45556,0.70703,0.40000,0.71172,0.36389,0.71484,0.32639,0.61705,0.80962,0.9997,0.74364,1.00000,0.9156,0.66699,0.61054,0.9982,0.65813,0.67992,0.65781,0.61806,129.58,0.9780,live,0.0599,0.0642,46.34,722.03
148656.491700,60.0,0.8154,2,2,0,0.65703,0.61389,0.61719,0.56528,0.60000,0.50278,0.60234,0.44306,0.60000,0.38750,0.62656,0.41250,0.62187,0.35417,0.61875,0.31944,0.61797,0.28333,0.65391,0.40694,0.65234,0.33889,0.64922,0.30000,0.64531,0.25833,0.67656,0.42083,0.68125,0.35139,0.68203,0.30972,0.68203,0.26806,0.69844,0.45000,0.70469,0.39306,0.70859,0.35694,0.71172,0.31806,0.61230,0.80850,0.9997,0.74496,1.00000,0.9128,0.67008,0.59898,0.9982,0.65791,0.66672,0.65703,0.61389,131.11,0.9811,live,0.0599,0.0765,55.81,729.79
148656.558580,60.0,0.8823,2,2,0,0.65703,0.61250,0.61719,0.56667,0.59922,0.50278,0.60156,0.44306,0.59844,0.38889,0.62656,0.41111,0.62031,0.35417,0.61797,0.32083,0.61641,0.28472,0.65312,0.40417,0.65078,0.33750,0.64766,0.29861,0.64297,0.25694,0.67656,0.41667,0.68047,0.35000,0.68047,0.30833,0.67969,0.26528,0.69766,0.44444,0.70312,0.39028,0.70703,0.35417,0.70937,0.31667,0.61513,0.80756,0.9997,0.74727,1.00000,0.9112,0.67039,0.59919,0.9983,0.65774,0.65587,0.65703,0.61250,131.51,0.9802,live,0.0647,0.0863,63.60,736.90
148656.625268,60.0,0.9489,2,2,0,0.65703,0.61250,0.61719,0.56667,0.59922,0.50417,0.60156,0.44444,0.59844,0.39028,0.62578,0.41111,0.61953,0.35417,0.61719,0.32222,0.61562,0.28611,0.65234,0.40417,0.65000,0.33889,0.64609,0.30139,0.64141,0.25833,0.67500,0.41667,0.67891,0.35139,0.67891,0.31111,0.67812,0.26806,0.69766,0.44444,0.70234,0.39028,0.70547,0.35556,0.70781,0.31667,0.61422,0.80804,0.9997,0.74723,1.00000,0.9090,0.66832,0.59777,0.9983,0.65759,0.64720,0.65703,0.61250,131.83,0.9803,live,0.0699,0.0939,69.84,743.39
148656.691623,60.0,0.0153,2,1,1,0.65703,0.61250,0.61641,0.56528,0.59922,0.50417,0.60156,0.44583,0.59844,0.39028,0.62578,0.41250,0.62031,0.35694,0.61719,0.32500,0.61562,0.28889,0.65312,0.40694,0.65000,0.34028,0.64687,0.30417,0.64141,0.25972,0.67578,0.41806,0.67969,0.35417,0.67891,0.31528,0.67812,0.27222,0.69766,0.44583,0.70234,0.39167,0.70547,0.35694,0.70781,0.31806,0.61752,0.79713,0.9997,0.74809,1.00000,0.9056,0.66789,0.59372,0.9983,0.65748,0.64026,0.65703,0.61250,130.85,0.9806,live,0.0699,0.0936,70.03,748.40
148656.758380,60.0,0.0821,2,1,1,0.65703,0.61528,0.61719,0.56806,0.59922,0.50694,0.60156,0.44861,0.59844,0.39306,0.62578,0.41667,0.62031,0.35972,0.61797,0.32778,0.61562,0.29167,0.65312,0.40972,0.65078,0.34306,0.64766,0.30694,0.64297,0.26389,0.67578,0.42222,0.67969,0.35694,0.67969,0.31806,0.67812,0.27639,0.69766,0.45139,0.70234,0.39722,0.70547,0.36250,0.70703,0.32500,0.61643,0.80397,0.9997,0.74691,1.00000,0.9094,0.66750,0.59550,0.9984,0.65739,0.63526,0.65703,0.61528,130.21,0.9815,live,0.0750,0.0979,73.63,752.34
148656.825044,60.0,0.1487,2,1,1,0.65703,0.61944,0.61641,0.57083,0.60000,0.50972,0.60234,0.45278,0.59922,0.39722,0.62656,0.41806,0.62109,0.36389,0.61875,0.33194,0.61719,0.29583,0.65391,0.41250,0.65156,0.34861,0.64844,0.31111,0.64375,0.26944,0.67656,0.42500,0.68047,0.36250,0.68047,0.32361,0.67891,0.28333,0.69844,0.45417,0.70391,0.40139,0.70703,0.36806,0.70859,0.33056,0.61775,0.80517,0.9997,0.75705,1.00000,0.9075,0.66806,0.59652,0.9984,0.65732,0.63210,0.65703,0.61944,131.27,0.9865,live,0.0750,0.0757,57.26,756.58
148656.891818,60.0,0.2155,2,1,1,0.65859,0.63056,0.61797,0.58333,0.60078,0.51944,0.60313,0.46111,0.60000,0.40694,0.62734,0.42917,0.62187,0.37222,0.61953,0.34028,0.61797,0.30556,0.65391,0.42361,0.65234,0.35694,0.64844,0.31944,0.64453,0.27917,0.67734,0.43611,0.68125,0.37083,0.68125,0.33333,0.68047,0.29306,0.69922,0.46528,0.70547,0.41250,0.70859,0.37778,0.71172,0.34167,0.61768,0.80557,0.9997,0.75254,1.00000,0.9027,0.66811,0.59786,0.9983,0.65757,0.63179,0.65859,0.63056,131.25,0.9807,live,0.0750,0.0602,45.81,760.29
148656.958493,60.0,0.2822,2,1,1,0.65703,0.64583,0.61875,0.60000,0.60078,0.53750,0.60313,0.47778,0.60000,0.42500,0.62656,0.44583,0.62266,0.39028,0.61953,0.35694,0.61719,0.32222,0.65391,0.44028,0.65234,0.37361,0.64922,0.33611,0.64453,0.29722,0.67734,0.45417,0.68125,0.38750,0.68203,0.35000,0.68125,0.31111,0.69844,0.48333,0.70625,0.43056,0.71016,0.39722,0.71250,0.36250,0.61693,0.80640,0.9997,0.74870,1.00000,0.9050,0.66810,0.60829,0.9984,0.65747,0.63460,0.65703,0.64583,130.39,0.9810,live,0.0697,0.0454,34.67,762.93
148657.025147,60.0,0.3488,2,1,1,0.65781,0.66944,0.61875,0.62222,0.59922,0.56250,0.60078,0.50417,0.59844,0.45000,0.62500,0.47222,0.61953,0.41806,0.61641,0.38472,0.61406,0.35278,0.65234,0.46667,0.65078,0.40278,0.64687,0.36528,0.64297,0.32917,0.67656,0.48056,0.68203,0.41806,0.68203,0.38056,0.68125,0.34306,0.69922,0.50972,0.70781,0.45972,0.71250,0.42917,0.71484,0.39444,0.61422,0.80711,0.9998,0.74538,1.00000,0.9082,0.66784,0.62927,0.9985,0.65754,0.64157,0.65781,0.66944,129.91,0.9833,live,0.0630,0.0329,25.16,764.92
148657.091946,60.0,0.4156,2,1,1,0.65547,0.70139,0.61641,0.65556,0.59531,0.59583,0.59609,0.54028,0.59453,0.48750,0.62266,0.50556,0.61719,0.45000,0.61328,0.42083,0.61016,0.39167,0.65000,0.50139,0.64844,0.44028,0.64375,0.40694,0.63828,0.37222,0.67500,0.51667,0.67969,0.45833,0.68047,0.42222,0.67891,0.38472,0.69766,0.54722,0.70703,0.50278,0.71328,0.47361,0.71797,0.44306,0.61424,0.80806,0.9998,0.74545,1.00000,0.9111,0.66716,0.66810,0.9985,0.65712,0.65353,0.65547,0.70139,128.83,0.9865,live,0.0558,0.0227,17.36,765.88
148657.158854,60.0,0.4825,2,1,1,0.65391,0.73333,0.61484,0.68889,0.59297,0.63472,0.59375,0.58194,0.59219,0.53056,0.61953,0.54167,0.61484,0.49028,0.61016,0.46250,0.60547,0.43611,0.64766,0.53889,0.64687,0.48194,0.64219,0.45278,0.63516,0.42083,0.67188,0.55694,0.67734,0.50278,0.67656,0.46944,0.67500,0.43472,0.69453,0.59028,0.70391,0.54722,0.70937,0.51944,0.71328,0.49028,0.61696,0.81283,0.9998,0.74511,1.00000,0.9142,0.66421,0.70973,0.9986,0.65648,0.66949,0.65391,0.73333,125.66,0.9876,live,0.0558,0.0356,27.18,764.45
148657.225578,60.0,0.5493,2,1,1,0.65312,0.76667,0.61406,0.72639,0.59062,0.67361,0.58984,0.62500,0.58906,0.57778,0.61641,0.58194,0.61172,0.53333,0.60625,0.51250,0.60078,0.49306,0.64297,0.57917,0.64141,0.52639,0.63672,0.50139,0.62969,0.47361,0.66797,0.59583,0.67188,0.54583,0.67031,0.51806,0.66641,0.49028,0.69063,0.62639,0.70000,0.58750,0.70469,0.56250,0.70703,0.53611,0.61710,0.82102,0.9998,0.75149,1.00000,0.9114,0.66382,0.74956,0.9984,0.65581,0.68893,0.65312,0.76667,122.19,0.9919,live,0.0558,0.0542,41.20,760.69
148657.291850,60.0,0.6155,2,1,1,0.64922,0.79028,0.61172,0.75278,0.58750,0.70417,0.58594,0.65694,0.58828,0.60972,0.61484,0.61667,0.61016,0.57083,0.60469,0.55278,0.59844,0.53750,0.64141,0.61389,0.64062,0.56250,0.63594,0.54028,0.62969,0.51806,0.66641,0.63194,0.67031,0.58194,0.66875,0.55694,0.66406,0.53333,0.68906,0.66667,0.69844,0.62917,0.70312,0.60556,0.70469,0.58056,0.61905,0.82568,0.9998,0.74478,1.00000,0.9072,0.66638,0.78148,0.9982,0.65449,0.70920,0.64922,0.79028,116.02,0.9903,live,0.0558,0.0742,55.87,752.94
148657.359026,60.0,0.6827,2,1,1,0.64922,0.80139,0.61016,0.76944,0.58672,0.72083,0.58516,0.67639,0.58750,0.63194,0.61484,0.63472,0.61016,0.59167,0.60625,0.57778,0.60156,0.56944,0.64219,0.63472,0.64219,0.58333,0.63906,0.56528,0.63359,0.55278,0.66797,0.65556,0.67266,0.60556,0.67109,0.58333,0.66719,0.56250,0.69063,0.69167,0.70000,0.65556,0.70547,0.63472,0.70781,0.61389,0.61979,0.82623,0.9998,0.75232,1.00000,0.9058,0.66745,0.80701,0.9980,0.65344,0.72764,0.64922,0.80139,112.15,0.9949,live,0.0625,0.0931,69.21,743.34
148657.425761,60.0,0.7494,2,1,1,0.65000,0.80278,0.61094,0.77778,0.58516,0.72917,0.58281,0.68611,0.58906,0.64306,0.61406,0.64444,0.60938,0.60139,0.60703,0.58611,0.60625,0.58194,0.64297,0.64444,0.64297,0.59167,0.64062,0.57361,0.63750,0.56528,0.66953,0.66667,0.67344,0.61806,0.67266,0.59306,0.67031,0.57639,0.69219,0.70556,0.70234,0.66806,0.70703,0.64444,0.70859,0.62500,0.62015,0.82931,0.9998,0.74700,1.00000,0.9006,0.66948,0.81986,0.9978,0.65275,0.74266,0.65000,0.80278,108.74,0.9948,live,0.0709,0.1093,80.07,732.43
148657.492282,60.0,0.8160,2,1,1,0.65156,0.80556,0.61250,0.78194,0.58750,0.73333,0.58516,0.68889,0.58984,0.64583,0.61641,0.65000,0.61094,0.60556,0.60938,0.59028,0.60859,0.58889,0.64453,0.65000,0.64609,0.59306,0.64453,0.57500,0.64141,0.57222,0.67188,0.67361,0.67656,0.62083,0.67578,0.59444,0.67266,0.58472,0.69453,0.71250,0.70469,0.67361,0.70859,0.64583,0.71016,0.62778,0.62102,0.83140,0.9997,0.73876,1.00000,0.8962,0.67001,0.82961,0.9976,0.65251,0.75524,0.65156,0.80556,107.35,0.9950,live,0.0799,0.1207,87.10,721.83
148657.559582,60.0,0.8833,2,1,1,0.65156,0.80694,0.61328,0.78056,0.58828,0.73333,0.58594,0.69028,0.59062,0.64583,0.61641,0.64861,0.61250,0.60694,0.61016,0.59306,0.61016,0.59167,0.64531,0.65000,0.64609,0.59583,0.64453,0.57639,0.64297,0.57222,0.67266,0.67361,0.67656,0.62083,0.67656,0.59722,0.67422,0.58472,0.69531,0.71250,0.70625,0.67500,0.71016,0.64861,0.71094,0.62778,0.62109,0.83134,0.9997,0.73835,1.00000,0.8938,0.67233,0.83214,0.9975,0.65232,0.76558,0.65156,0.80694,108.73,0.9952,live,0.0881,0.1255,89.54,713.49
148657.626150,60.0,0.9498,2,1,1,0.65312,0.80556,0.61406,0.78194,0.58906,0.73333,0.58594,0.68889,0.59062,0.64306,0.61719,0.64861,0.61250,0.60417,0.61094,0.58889,0.61172,0.58889,0.64531,0.64861,0.64687,0.59306,0.64531,0.57361,0.64297,0.56944,0.67266,0.67083,0.67734,0.61944,0.67812,0.59444,0.67578,0.58472,0.69609,0.70972,0.70625,0.67083,0.71094,0.64444,0.71250,0.62778,0.62111,0.83036,0.9997,0.73587,1.00000,0.8901,0.67355,0.83134,0.9975,0.65248,0.77358,0.65312,0.80556,108.46,0.9941,live,0.0943,0.1227,86.65,705.97
148657.692353,60.0,0.0160,2,2,0,0.65234,0.80417,0.61328,0.77778,0.58906,0.73056,0.58672,0.68611,0.58984,0.64028,0.61719,0.64583,0.61328,0.60000,0.61172,0.58611,0.61172,0.58611,0.64531,0.64583,0.64766,0.58889,0.64531,0.56806,0.64141,0.56667,0.67266,0.66806,0.67891,0.61528,0.67891,0.58889,0.67656,0.58056,0.69609,0.70556,0.70703,0.66528,0.71172,0.64028,0.71328,0.62361,0.62259,0.82546,0.9997,0.74354,1.00000,0.8889,0.67372,0.82913,0.9974,0.65245,0.77970,0.65234,0.80417,109.28,0.9944,live,0.0943,0.1136,79.52,699.93
148657.759125,60.0,0.0828,2,2,0,0.65234,0.79583,0.61328,0.77222,0.58828,0.72500,0.58594,0.68056,0.58828,0.63333,0.61641,0.63889,0.61406,0.59028,0.61172,0.57500,0.61094,0.57639,0.64531,0.63889,0.64766,0.58194,0.64531,0.56111,0.64062,0.55833,0.67266,0.66111,0.67812,0.60833,0.67891,0.58194,0.67578,0.57361,0.69609,0.69861,0.70625,0.65833,0.71016,0.63194,0.71250,0.61389,0.62133,0.82923,0.9997,0.74292,1.00000,0.8878,0.67446,0.82752,0.9973,0.65243,0.78292,0.65234,0.79583,108.92,0.9953,live,0.0943,0.0977,67.82,694.37
148657.825682,60.0,0.1494,2,2,0,0.65234,0.78611,0.61406,0.76389,0.58984,0.71528,0.58750,0.67083,0.58828,0.62361,0.61719,0.62917,0.61328,0.58333,0.61172,0.56667,0.61016,0.56250,0.64531,0.62917,0.64687,0.57361,0.64453,0.55278,0.64062,0.54583,0.67188,0.65000,0.67734,0.59583,0.67812,0.57083,0.67578,0.55972,0.69531,0.68611,0.70625,0.64306,0.71016,0.61667,0.71094,0.59861,0.62100,0.82970,0.9997,0.75224,1.00000,0.8862,0.67458,0.82285,0.9971,0.65241,0.78356,0.65234,0.78611,108.42,0.9951,live,0.0943,0.0778,53.61,689.10
148657.892408,60.0,0.2161,2,2,0,0.65312,0.76944,0.61328,0.74444,0.58984,0.69444,0.58906,0.64722,0.58984,0.60278,0.61641,0.61250,0.61328,0.56389,0.61172,0.54583,0.61016,0.54028,0.64531,0.61111,0.64766,0.55556,0.64453,0.53333,0.63984,0.52083,0.67188,0.63056,0.67812,0.58056,0.67891,0.55278,0.67656,0.53611,0.69609,0.66667,0.70859,0.62500,0.71328,0.59861,0.71406,0.57500,0.62024,0.83215,0.9997,0.74434,1.00000,0.8857,0.67151,0.80902,0.9971,0.65256,0.78074,0.65312,0.76944,109.56,0.9961,live,0.0879,0.0588,40.29,685.29
148657.959178,60.0,0.2829,2,2,0,0.65547,0.75139,0.61641,0.72222,0.59297,0.66944,0.59219,0.62222,0.59141,0.57778,0.61875,0.58472,0.61641,0.53750,0.61406,0.51806,0.61016,0.50694,0.64687,0.58472,0.64844,0.53056,0.64687,0.50556,0.64219,0.48611,0.67344,0.60417,0.67891,0.55139,0.68047,0.52361,0.67969,0.49722,0.69688,0.63889,0.70703,0.59722,0.71328,0.57083,0.71641,0.54306,0.61917,0.83200,0.9997,0.74313,1.00000,0.8839,0.67089,0.77948,0.9970,0.65314,0.77487,0.65547,0.75139,113.38,0.9938,live,0.0798,0.0430,29.46,684.69
148658.026132,60.0,0.3498,2,2,0,0.65625,0.72222,0.61641,0.69167,0.59375,0.63889,0.59453,0.58750,0.59453,0.54167,0.62031,0.55278,0.61641,0.50417,0.61484,0.48056,0.61172,0.46111,0.64922,0.55139,0.65078,0.49444,0.64922,0.46806,0.64375,0.44444,0.67578,0.57083,0.68125,0.51528,0.68359,0.48472,0.68281,0.45556,0.69922,0.60417,0.71016,0.55972,0.71562,0.53194,0.71953,0.50417,0.61944,0.82985,0.9997,0.74460,1.00000,0.8832,0.67156,0.75152,0.9971,0.65376,0.76434,0.65625,0.72222,115.63,0.9933,live,0.0708,0.0299,20.47,685.78
148658.092382,60.0,0.4161,2,2,0,0.65781,0.69306,0.61641,0.66250,0.59453,0.60556,0.59688,0.55278,0.59688,0.50556,0.62187,0.51806,0.61875,0.46667,0.61641,0.44306,0.61406,0.42083,0.65156,0.51528,0.65234,0.45833,0.65078,0.42778,0.64687,0.39861,0.67812,0.53333,0.68359,0.47778,0.68516,0.44583,0.68437,0.41389,0.70234,0.56667,0.71094,0.52222,0.71641,0.49306,0.72031,0.46250,0.61940,0.82137,0.9997,0.74458,1.00000,0.8889,0.66907,0.70588,0.9973,0.65457,0.75008,0.65781,0.69306,119.64,0.9935,live,0.0644,0.0352,24.28,689.62
148658.159396,60.0,0.4831,2,2,0,0.66016,0.66528,0.61797,0.63194,0.59609,0.57222,0.59844,0.51667,0.59844,0.46667,0.62344,0.48333,0.61953,0.43333,0.61719,0.40556,0.61484,0.37917,0.65234,0.47917,0.65234,0.42083,0.65078,0.38889,0.64687,0.35556,0.67812,0.49444,0.68359,0.43889,0.68516,0.40417,0.68516,0.36944,0.70156,0.52639,0.71016,0.48194,0.71641,0.45278,0.71953,0.42222,0.61825,0.81633,0.9997,0.74324,1.00000,0.8948,0.66921,0.66829,0.9975,0.65569,0.73312,0.66016,0.66528,122.86,0.9884,live,0.0644,0.0526,36.57,695.33
148658.226093,60.0,0.5498,2,2,0,0.65938,0.64028,0.61797,0.60417,0.59766,0.54583,0.59922,0.48889,0.59844,0.43750,0.62422,0.45278,0.61953,0.40139,0.61797,0.37083,0.61562,0.34167,0.65312,0.44722,0.65234,0.38889,0.65000,0.35278,0.64609,0.31806,0.67812,0.46250,0.68281,0.40556,0.68359,0.37083,0.68281,0.33472,0.70078,0.49306,0.70937,0.44722,0.71484,0.41667,0.71719,0.38333,0.61724,0.81049,0.9997,0.74256,1.00000,0.8902,0.66673,0.63786,0.9975,0.65643,0.71455,0.65938,0.64028,125.56,0.9897,live,0.0644,0.0711,49.95,702.29
148658.292721,60.0,0.6164,2,2,0,0.65781,0.62222,0.61719,0.58194,0.59844,0.52222,0.60000,0.46528,0.59766,0.41111,0.62422,0.42778,0.61953,0.37639,0.61797,0.34444,0.61797,0.31111,0.65312,0.42361,0.65234,0.36250,0.65000,0.32500,0.64687,0.28611,0.67734,0.43750,0.68203,0.37639,0.68281,0.34028,0.68359,0.30278,0.70000,0.46806,0.70781,0.41944,0.71172,0.38750,0.71562,0.35278,0.61718,0.80747,0.9998,0.74365,1.00000,0.8942,0.66692,0.63014,0.9976,0.65670,0.69609,0.65781,0.62222,128.57,0.9838,live,0.0644,0.0890,63.22,710.58
148658.359146,60.0,0.6828,2,2,0,0.65703,0.61111,0.61641,0.56389,0.59844,0.50417,0.60078,0.44583,0.59844,0.39167,0.62500,0.41389,0.62031,0.35972,0.61797,0.32778,0.61797,0.29444,0.65312,0.40833,0.65078,0.34444,0.64844,0.30833,0.64531,0.26667,0.67656,0.42222,0.68047,0.35694,0.68047,0.31944,0.68047,0.28194,0.69844,0.45000,0.70625,0.39861,0.71016,0.36667,0.71250,0.33056,0.61564,0.80845,0.9998,0.74467,1.00000,0.8941,0.66694,0.60948,0.9977,0.65677,0.67909,0.65703,0.61111,129.74,0.9784,live,0.0717,0.1049,75.42,718.72
148658.425815,60.0,0.7495,2,2,0,0.65625,0.60000,0.61562,0.55556,0.59844,0.49583,0.60078,0.43611,0.59844,0.38194,0.62422,0.40417,0.61797,0.35000,0.61641,0.31944,0.61562,0.28472,0.65156,0.39861,0.64922,0.33333,0.64609,0.29722,0.64219,0.25556,0.67500,0.41111,0.67812,0.34583,0.67891,0.30833,0.67891,0.26944,0.69688,0.44028,0.70391,0.38750,0.70781,0.35417,0.71094,0.31667,0.61352,0.80855,0.9998,0.74643,1.00000,0.8942,0.67336,0.60073,0.9977,0.65667,0.66327,0.65625,0.60000,128.69,0.9767,live,0.0798,0.1169,84.75,725.13
148658.492712,60.0,0.8164,2,2,0,0.65547,0.59722,0.61562,0.55278,0.59766,0.49167,0.60000,0.43472,0.59766,0.38056,0.62422,0.40278,0.61797,0.34722,0.61562,0.31528,0.61484,0.28056,0.65078,0.39722,0.64766,0.33056,0.64531,0.29306,0.64141,0.25139,0.67344,0.40972,0.67734,0.34306,0.67734,0.30417,0.67734,0.26250,0.69609,0.43750,0.70156,0.38333,0.70547,0.35000,0.70781,0.31389,0.61365,0.80795,0.9998,0.74630,1.00000,0.8963,0.67059,0.58367,0.9978,0.65643,0.65006,0.65547,0.59722,127.82,0.9792,live,0.0877,0.1232,89.98,730.14
148658.562718,60.0,0.8864,2,2,0,0.65469,0.59583,0.61562,0.55139,0.59766,0.49167,0.59922,0.43333,0.59688,0.37917,0.62344,0.40139,0.61719,0.34583,0.61484,0.31528,0.61328,0.28056,0.65000,0.39583,0.64687,0.32917,0.64375,0.29306,0.63984,0.25000,0.67266,0.40833,0.67656,0.34306,0.67656,0.30417,0.67578,0.26250,0.69453,0.43611,0.70000,0.38333,0.70391,0.35000,0.70625,0.31250,0.61298,0.80856,0.9998,0.74785,1.00000,0.8978,0.67063,0.57504,0.9979,0.65608,0.63922,0.65469,0.59583,127.48,0.9833,live,0.0940,0.1228,90.17,734.31
148658.626333,60.0,0.9500,2,2,0,0.65469,0.59583,0.61562,0.55139,0.59766,0.49167,0.59922,0.43333,0.59609,0.38056,0.62266,0.40139,0.61641,0.34722,0.61406,0.31528,0.61250,0.28056,0.64922,0.39444,0.64687,0.33056,0.64375,0.29306,0.63906,0.25139,0.67266,0.40694,0.67578,0.34306,0.67578,0.30417,0.67422,0.26389,0.69453,0.43611,0.69922,0.38333,0.70312,0.35000,0.70547,0.31389,0.61313,0.80797,0.9998,0.74863,1.00000,0.8931,0.66979,0.57756,0.9979,0.65580,0.63054,0.65469,0.59583,128.05,0.9819,live,0.0940,0.1166,86.12,738.38
148658.692884,60.0,0.0166,2,1,1,0.65469,0.59583,0.61562,0.55139,0.59766,0.49167,0.59922,0.43472,0.59609,0.37917,0.62266,0.40000,0.61641,0.34583,0.61406,0.31528,0.61250,0.28056,0.64922,0.39444,0.64609,0.32917,0.64297,0.29306,0.63828,0.25139,0.67188,0.40556,0.67500,0.34306,0.67500,0.30417,0.67344,0.26389,0.69453,0.43472,0.69922,0.38194,0.70234,0.34861,0.70469,0.31250,0.61356,0.80625,0.9997,0.74937,1.00000,0.8929,0.66864,0.58095,0.9979,0.65558,0.62360,0.65469,0.59583,128.52,0.9837,live,0.0940,0.1063,78.87,742.31
148658.759715,60.0,0.0834,2,1,1,0.65469,0.59444,0.61484,0.54861,0.59766,0.49028,0.59922,0.43333,0.59609,0.37917,0.62266,0.40000,0.61641,0.34722,0.61328,0.31667,0.61172,0.28194,0.65000,0.39444,0.64609,0.33056,0.64219,0.29444,0.63828,0.25139,0.67188,0.40694,0.67500,0.34306,0.67422,0.30556,0.67344,0.26389,0.69453,0.43472,0.69922,0.38194,0.70234,0.34861,0.70469,0.31250,0.61361,0.80644,0.9997,0.74930,1.00000,0.8926,0.66683,0.58265,0.9979,0.65540,0.61777,0.65469,0.59444,127.79,0.9856,live,0.0940,0.0935,69.71,745.24
148658.826608,60.0,0.1503,2,1,1,0.65469,0.59583,0.61562,0.55139,0.59844,0.49167,0.59922,0.43472,0.59609,0.38056,0.62187,0.40278,0.61641,0.34861,0.61328,0.31806,0.61172,0.28333,0.64922,0.39583,0.64609,0.33194,0.64219,0.29583,0.63750,0.25278,0.67188,0.40694,0.67500,0.34444,0.67422,0.30694,0.67266,0.26667,0.69375,0.43472,0.69844,0.38472,0.70234,0.35139,0.70391,0.31528,0.61494,0.80566,0.9997,0.74928,1.00000,0.8904,0.66617,0.58239,0.9979,0.65526,0.61338,0.65469,0.59583,127.63,0.9836,live,0.0940,0.0797,59.58,747.70
148658.892963,60.0,0.2166,2,1,1,0.65469,0.60139,0.61641,0.55694,0.59844,0.49722,0.60000,0.44028,0.59609,0.38611,0.62187,0.40556,0.61719,0.35278,0.61484,0.32222,0.61328,0.28889,0.64922,0.40000,0.64687,0.33611,0.64297,0.30139,0.63828,0.25972,0.67188,0.41250,0.67578,0.35000,0.67500,0.31250,0.67344,0.27500,0.69453,0.44028,0.69922,0.38889,0.70312,0.35694,0.70469,0.32083,0.61471,0.80878,0.9997,0.74887,1.00000,0.8938,0.66336,0.58330,0.9980,0.65514,0.61098,0.65469,0.60139,128.83,0.9844,live,0.0888,0.0654,49.08,750.74
148658.960084,60.0,0.2838,2,1,1,0.65625,0.61250,0.61641,0.56806,0.60000,0.50833,0.60156,0.45000,0.59766,0.39722,0.62266,0.41806,0.61797,0.36528,0.61562,0.33333,0.61484,0.30000,0.65078,0.41250,0.64766,0.34722,0.64453,0.31250,0.64062,0.27222,0.67266,0.42361,0.67656,0.36111,0.67656,0.32500,0.67578,0.28889,0.69609,0.45000,0.70156,0.40000,0.70547,0.36806,0.70703,0.33472,0.61658,0.80886,0.9997,0.74887,1.00000,0.8941,0.66566,0.58486,0.9980,0.65536,0.61129,0.65625,0.61250,128.76,0.9796,live,0.0819,0.0500,37.70,753.35
148659.026711,60.0,0.3504,2,1,1,0.65703,0.62917,0.61719,0.58333,0.60000,0.52500,0.60156,0.46667,0.59844,0.41389,0.62422,0.43194,0.61953,0.37917,0.61719,0.34861,0.61562,0.31667,0.65234,0.42639,0.64922,0.36389,0.64609,0.32917,0.64141,0.29167,0.67500,0.43889,0.67891,0.37778,0.67812,0.34306,0.67734,0.30833,0.69766,0.46806,0.70391,0.41806,0.70625,0.38750,0.70781,0.35417,0.61679,0.80694,0.9997,0.74869,1.00000,0.8884,0.66567,0.58793,0.9980,0.65570,0.61486,0.65703,0.62917,129.71,0.9797,live,0.0738,0.0373,28.19,756.34
148659.092816,60.0,0.4165,2,1,1,0.65859,0.64722,0.61875,0.60139,0.60000,0.54306,0.60156,0.48611,0.59844,0.43194,0.62422,0.45139,0.61953,0.40000,0.61719,0.37222,0.61562,0.34028,0.65234,0.44583,0.65000,0.38472,0.64687,0.35278,0.64297,0.31528,0.67578,0.45833,0.68047,0.40139,0.67969,0.36667,0.67891,0.33194,0.69844,0.48750,0.70469,0.44167,0.70859,0.41111,0.71094,0.37917,0.61468,0.80843,0.9997,0.74438,1.00000,0.8950,0.66292,0.60670,0.9981,0.65628,0.62133,0.65859,0.64722,129.31,0.9820,live,0.0654,0.0269,20.38,758.68
148659.159854,60.0,0.4835,2,1,1,0.65859,0.66667,0.61953,0.62083,0.60000,0.56389,0.60078,0.50694,0.59766,0.45556,0.62422,0.47222,0.61953,0.42222,0.61641,0.39444,0.61406,0.36667,0.65234,0.46806,0.65000,0.40694,0.64687,0.37639,0.64219,0.34028,0.67578,0.48056,0.68047,0.42500,0.68047,0.39167,0.67969,0.35833,0.69922,0.50972,0.70625,0.46389,0.71016,0.43611,0.71172,0.40556,0.61526,0.80937,0.9997,0.74566,1.00000,0.8975,0.66489,0.63103,0.9982,0.65674,0.63040,0.65859,0.66667,128.52,0.9851,live,0.0584,0.0269,20.43,760.18
148659.226463,60.0,0.5501,2,1,1,0.66016,0.68611,0.62031,0.64306,0.59922,0.58750,0.60000,0.53472,0.59844,0.48333,0.62422,0.49583,0.61953,0.44444,0.61641,0.41944,0.61250,0.39306,0.65234,0.49167,0.64922,0.43333,0.64531,0.40417,0.64062,0.37083,0.67656,0.50556,0.68047,0.45278,0.68047,0.42222,0.67969,0.39028,0.69922,0.53611,0.70625,0.49306,0.71094,0.46528,0.71406,0.43611,0.61740,0.80933,0.9997,0.74569,1.00000,0.9011,0.66490,0.65804,0.9982,0.65742,0.64154,0.66016,0.68611,126.04,0.9867,live,0.0532,0.0292,22.20,759.71
148659.293070,60.0,0.6167,2,1,1,0.65859,0.70556,0.62031,0.66389,0.59844,0.61111,0.59844,0.55833,0.59766,0.50833,0.62422,0.51806,0.61953,0.46806,0.61641,0.44583,0.61250,0.42222,0.65234,0.51528,0.65078,0.45972,0.64687,0.43333,0.64141,0.40556,0.67734,0.53194,0.68125,0.48056,0.68125,0.45139,0.68047,0.42361,0.70000,0.56528,0.70703,0.52222,0.71172,0.49583,0.71484,0.46806,0.61645,0.81057,0.9997,0.74492,1.00000,0.8993,0.66393,0.68241,0.9982,0.65766,0.65435,0.65859,0.70556,124.02,0.9931,live,0.0532,0.0414,31.39,757.83
148659.359747,60.0,0.6834,2,1,1,0.65703,0.72639,0.61875,0.68750,0.59609,0.63472,0.59531,0.58333,0.59531,0.53472,0.62266,0.54444,0.61875,0.49722,0.61484,0.47639,0.61094,0.45833,0.65000,0.54306,0.65000,0.49028,0.64609,0.46667,0.63984,0.44167,0.67500,0.56250,0.68047,0.51111,0.68125,0.48333,0.67891,0.45556,0.69766,0.59583,0.70625,0.55556,0.71094,0.52917,0.71484,0.50000,0.61671,0.81129,0.9998,0.74456,1.00000,0.9041,0.66444,0.71384,0.9983,0.65753,0.66875,0.65703,0.72639,120.20,0.9922,live,0.0532,0.0554,41.72,753.44
148659.426713,60.0,0.7504,2,1,1,0.65781,0.73750,0.61797,0.70556,0.59688,0.65139,0.59688,0.60139,0.59453,0.55417,0.62109,0.56528,0.61641,0.51528,0.61406,0.49583,0.61094,0.48194,0.64922,0.56389,0.64844,0.50833,0.64609,0.48611,0.64062,0.46667,0.67500,0.58194,0.68047,0.53194,0.68125,0.50417,0.67969,0.48056,0.69844,0.61528,0.70625,0.57361,0.71172,0.54722,0.71562,0.52222,0.61681,0.81766,0.9998,0.74456,1.00000,0.9004,0.67340,0.74792,0.9983,0.65759,0.68250,0.65781,0.73750,116.41,0.9937,live,0.0532,0.0691,51.60,746.84
148659.493349,60.0,0.8170,2,1,1,0.65781,0.74306,0.61797,0.71250,0.59531,0.65972,0.59531,0.61250,0.59531,0.56667,0.62109,0.57361,0.61797,0.52778,0.61562,0.50833,0.61406,0.49861,0.65000,0.57222,0.64922,0.51806,0.64687,0.49583,0.64219,0.48056,0.67578,0.59167,0.68047,0.54028,0.68125,0.51389,0.67969,0.49306,0.69922,0.62639,0.70703,0.58472,0.71328,0.55833,0.71719,0.53472,0.61516,0.82095,0.9998,0.74422,1.00000,0.8983,0.67345,0.75269,0.9981,0.65763,0.69461,0.65781,0.74306,115.11,0.9955,live,0.0582,0.0812,60.07,740.10
148659.560174,60.0,0.8838,2,1,1,0.65625,0.74583,0.61719,0.71667,0.59531,0.66389,0.59453,0.61806,0.59531,0.57083,0.62187,0.57778,0.61875,0.53056,0.61719,0.51250,0.61406,0.50556,0.65000,0.57639,0.65000,0.52222,0.64844,0.50000,0.64297,0.48611,0.67578,0.59722,0.68125,0.54444,0.68203,0.51944,0.68047,0.49861,0.69922,0.63194,0.70781,0.59028,0.71406,0.56389,0.71797,0.53889,0.61509,0.82180,0.9998,0.74409,1.00000,0.8958,0.67544,0.76202,0.9980,0.65736,0.70486,0.65625,0.74583,114.04,0.9965,live,0.0637,0.0884,64.85,733.40
148659.626516,60.0,0.9502,2,1,1,0.65703,0.74306,0.61719,0.71528,0.59453,0.66528,0.59453,0.61944,0.59453,0.57222,0.62187,0.57778,0.61875,0.53194,0.61719,0.51389,0.61562,0.50694,0.65000,0.57778,0.65078,0.52361,0.64844,0.50278,0.64453,0.48750,0.67578,0.59722,0.68125,0.54722,0.68203,0.52083,0.68047,0.50278,0.69844,0.63333,0.70859,0.59167,0.71406,0.56528,0.71797,0.54167,0.61435,0.82207,0.9998,0.74316,1.00000,0.8948,0.67414,0.76457,0.9979,0.65729,0.71250,0.65703,0.74306,111.89,0.9962,live,0.0696,0.0969,70.34,725.95
148659.693415,60.0,0.0171,2,2,0,0.65703,0.74306,0.61719,0.71667,0.59453,0.66389,0.59453,0.61667,0.59531,0.56944,0.62187,0.57639,0.61875,0.53194,0.61797,0.51528,0.61562,0.50833,0.65000,0.57639,0.65078,0.52361,0.64922,0.50278,0.64375,0.48750,0.67578,0.59722,0.68203,0.54583,0.68281,0.52083,0.68047,0.50278,0.69922,0.63194,0.70859,0.59167,0.71484,0.56667,0.71875,0.54167,0.61480,0.82455,0.9998,0.74316,1.00000,0.8977,0.67406,0.76408,0.9980,0.65724,0.71861,0.65703,0.74306,112.95,0.9954,live,0.0696,0.0882,63.52,720.16
148659.760185,60.0,0.0839,2,2,0,0.65703,0.74306,0.61719,0.71667,0.59453,0.66389,0.59531,0.61667,0.59531,0.56944,0.62109,0.57639,0.61875,0.53056,0.61797,0.51389,0.61641,0.50694,0.65000,0.57639,0.65078,0.52361,0.64922,0.50139,0.64453,0.48750,0.67578,0.59722,0.68203,0.54583,0.68281,0.51944,0.68047,0.50139,0.69922,0.63333,0.70859,0.59167,0.71484,0.56528,0.71797,0.54028,0.61449,0.82446,0.9998,0.74286,1.00000,0.8978,0.67404,0.76170,0.9978,0.65720,0.72350,0.65703,0.74306,113.16,0.9956,live,0.0696,0.0825,59.01,715.21
148659.826591,60.0,0.1503,2,2,0,0.65547,0.74028,0.61719,0.71250,0.59531,0.65972,0.59531,0.61250,0.59453,0.56528,0.62031,0.57222,0.61719,0.52361,0.61641,0.50833,0.61562,0.50694,0.64922,0.57222,0.65000,0.51806,0.64766,0.49583,0.64375,0.48333,0.67500,0.59306,0.68125,0.54167,0.68203,0.51528,0.68047,0.49861,0.69844,0.62917,0.70781,0.58750,0.71406,0.55972,0.71797,0.53611,0.61524,0.82499,0.9998,0.74175,1.00000,0.9006,0.67406,0.76183,0.9979,0.65685,0.72685,0.65547,0.74028,113.88,0.9968,live,0.0696,0.0734,52.22,711.38
148659.893317,60.0,0.2170,2,2,0,0.65547,0.73472,0.61562,0.70556,0.59297,0.65556,0.59375,0.60694,0.59453,0.55972,0.61953,0.56667,0.61719,0.51944,0.61484,0.50139,0.61250,0.49306,0.64766,0.56528,0.64844,0.51250,0.64609,0.49028,0.64141,0.47500,0.67344,0.58472,0.67969,0.53333,0.68047,0.50833,0.67891,0.48889,0.69688,0.62083,0.70625,0.57778,0.71250,0.55278,0.71719,0.52917,0.61574,0.82528,0.9998,0.74183,1.00000,0.9053,0.67404,0.75848,0.9979,0.65658,0.72843,0.65547,0.73472,113.97,0.9959,live,0.0696,0.0607,42.99,708.08
148659.960168,60.0,0.2838,2,2,0,0.65547,0.72778,0.61562,0.69861,0.59297,0.64722,0.59219,0.59722,0.59297,0.55000,0.61953,0.55694,0.61562,0.50972,0.61328,0.49028,0.61016,0.48056,0.64766,0.55556,0.64766,0.50139,0.64531,0.47917,0.63906,0.46250,0.67344,0.57500,0.67891,0.52222,0.67969,0.49583,0.67734,0.47639,0.69688,0.60972,0.70547,0.56667,0.71094,0.54028,0.71406,0.51667,0.61317,0.82605,0.9998,0.74001,1.00000,0.9008,0.67317,0.75363,0.9979,0.65635,0.72830,0.65547,0.72778,115.48,0.9952,live,0.0696,0.0469,33.11,706.25
148660.027120,60.0,0.3508,2,2,0,0.65469,0.71667,0.61484,0.68611,0.59219,0.63472,0.59219,0.58472,0.59219,0.53750,0.61875,0.54444,0.61484,0.49583,0.61172,0.47639,0.60781,0.46528,0.64687,0.54306,0.64687,0.48889,0.64375,0.46528,0.63828,0.44722,0.67266,0.56250,0.67812,0.51111,0.67891,0.48333,0.67656,0.46111,0.69609,0.59722,0.70547,0.55417,0.71016,0.52639,0.71172,0.50000,0.61300,0.82619,0.9998,0.74522,1.00000,0.9010,0.67156,0.74102,0.9979,0.65602,0.72597,0.65469,0.71667,116.18,0.9954,live,0.0633,0.0346,24.43,705.15
148660.093337,60.0,0.4170,2,2,0,0.65469,0.70278,0.61406,0.67222,0.59219,0.61944,0.59219,0.56944,0.59141,0.52222,0.61797,0.52778,0.61406,0.47917,0.61172,0.46111,0.60781,0.44583,0.64687,0.52500,0.64531,0.47222,0.64297,0.44861,0.63672,0.42500,0.67188,0.54306,0.67656,0.49306,0.67812,0.46667,0.67656,0.44028,0.69609,0.57639,0.70469,0.53333,0.70937,0.50694,0.71094,0.47917,0.61329,0.82624,0.9998,0.74958,1.00000,0.9057,0.66415,0.71955,0.9980,0.65575,0.72133,0.65469,0.70278,118.53,0.9909,live,0.0582,0.0347,24.46,705.88
148660.160420,60.0,0.4841,2,2,0,0.65469,0.69167,0.61484,0.65833,0.59297,0.60278,0.59375,0.55139,0.59297,0.50417,0.61797,0.50972,0.61406,0.46389,0.61172,0.44167,0.60859,0.42083,0.64687,0.50694,0.64531,0.45417,0.64219,0.43056,0.63750,0.40278,0.67188,0.52361,0.67656,0.47222,0.67656,0.44583,0.67578,0.41806,0.69609,0.55694,0.70312,0.51250,0.70781,0.48611,0.71016,0.45694,0.61757,0.81826,0.9998,0.74842,1.00000,0.9100,0.66245,0.69147,0.9981,0.65554,0.71540,0.65469,0.69167,122.18,0.9911,live,0.0507,0.0165,11.69,709.14
148660.227669,60.0,0.5513,2,2,0,0.65391,0.67361,0.61484,0.63889,0.59453,0.58333,0.59609,0.52917,0.59453,0.48056,0.61875,0.49028,0.61562,0.44444,0.61250,0.42083,0.61016,0.39444,0.64766,0.48611,0.64609,0.43333,0.64297,0.40694,0.63750,0.37500,0.67266,0.50139,0.67656,0.45000,0.67734,0.41944,0.67656,0.38889,0.69609,0.53194,0.70312,0.48750,0.70859,0.46111,0.71172,0.43056,0.61760,0.81635,0.9998,0.74807,1.00000,0.9122,0.66253,0.67139,0.9981,0.65521,0.70704,0.65391,0.67361,123.39,0.9888,live,0.0455,0.0219,15.61,712.88
148660.293920,60.0,0.6176,2,2,0,0.65781,0.65417,0.61719,0.61667,0.59688,0.55972,0.59766,0.50417,0.59531,0.45417,0.62187,0.46944,0.61719,0.42222,0.61484,0.39583,0.61250,0.36667,0.65000,0.46389,0.64844,0.40972,0.64609,0.38056,0.64141,0.34583,0.67422,0.47778,0.67891,0.42500,0.67969,0.39306,0.67891,0.35972,0.69766,0.50833,0.70469,0.46250,0.71016,0.43472,0.71328,0.40278,0.61806,0.81563,0.9998,0.74798,1.00000,0.9129,0.66384,0.65016,0.9982,0.65573,0.69647,0.65781,0.65417,123.95,0.9866,live,0.0455,0.0323,23.15,716.58
148660.360460,60.0,0.6841,2,2,0,0.65781,0.63333,0.61719,0.59444,0.59844,0.53750,0.60000,0.48056,0.59844,0.42917,0.62344,0.44444,0.61875,0.39583,0.61641,0.36806,0.61484,0.33750,0.65156,0.44028,0.65078,0.38472,0.64844,0.35139,0.64453,0.31528,0.67578,0.45417,0.67969,0.40000,0.68047,0.36667,0.67969,0.33194,0.69844,0.48333,0.70547,0.43750,0.71016,0.40833,0.71250,0.37500,0.61783,0.81100,0.9998,0.74642,1.00000,0.9139,0.66355,0.62290,0.9983,0.65615,0.68384,0.65781,0.63333,125.51,0.9885,live,0.0455,0.0446,32.17,720.96
148660.427204,60.0,0.7509,2,2,0,0.65859,0.61667,0.61719,0.57361,0.60000,0.51528,0.60313,0.45833,0.59922,0.40556,0.62344,0.42500,0.62031,0.37500,0.61875,0.34583,0.61797,0.31250,0.65234,0.41944,0.65156,0.36250,0.65000,0.32917,0.64609,0.29028,0.67656,0.43333,0.68125,0.37639,0.68125,0.34306,0.68125,0.30833,0.69844,0.46111,0.70625,0.41389,0.71016,0.38333,0.71328,0.35000,0.61771,0.80852,0.9998,0.74706,1.00000,0.9098,0.66292,0.60136,0.9983,0.65664,0.67041,0.65859,0.61667,127.48,0.9861,live,0.0455,0.0576,41.82,726.22
148660.493875,60.0,0.8176,2,2,0,0.65703,0.60417,0.61719,0.55972,0.60078,0.50000,0.60313,0.44028,0.60000,0.38889,0.62500,0.41111,0.62109,0.35833,0.61953,0.32778,0.61875,0.29444,0.65234,0.40694,0.65156,0.34444,0.64844,0.30833,0.64531,0.26944,0.67578,0.41944,0.68047,0.35556,0.68047,0.32083,0.68047,0.28472,0.69766,0.44583,0.70469,0.39583,0.70859,0.36250,0.71094,0.32778,0.61859,0.80527,0.9998,0.74921,1.00000,0.9083,0.66294,0.59333,0.9983,0.65672,0.65716,0.65703,0.60417,127.16,0.9811,live,0.0455,0.0702,51.26,730.63
148660.560589,60.0,0.8843,2,2,0,0.65938,0.59444,0.61797,0.54722,0.60078,0.48750,0.60313,0.42917,0.60078,0.37361,0.62578,0.40139,0.62031,0.34861,0.61875,0.31667,0.61797,0.28194,0.65234,0.39583,0.64922,0.33194,0.64687,0.29583,0.64297,0.25556,0.67500,0.40556,0.67812,0.34167,0.67812,0.30417,0.67812,0.26667,0.69688,0.43056,0.70312,0.37917,0.70703,0.34583,0.70937,0.31111,0.61253,0.80910,0.9998,0.74784,1.00000,0.9112,0.66278,0.57537,0.9984,0.65725,0.64462,0.65938,0.59444,127.39,0.9806,live,0.0517,0.0798,58.63,734.68
148660.627360,60.0,0.9510,2,2,0,0.65781,0.59028,0.61797,0.54306,0.60078,0.48194,0.60313,0.42361,0.60156,0.36944,0.62500,0.39583,0.61953,0.34167,0.61719,0.31111,0.61719,0.27639,0.65156,0.39028,0.64844,0.32639,0.64609,0.29028,0.64141,0.24861,0.67422,0.40139,0.67656,0.33750,0.67656,0.29861,0.67578,0.25972,0.69609,0.42778,0.70078,0.37639,0.70469,0.34306,0.70625,0.30556,0.61326,0.80910,0.9998,0.75253,1.00000,0.9109,0.67348,0.58302,0.9984,0.65736,0.63375,0.65781,0.59028,127.77,0.9813,live,0.0578,0.0855,63.12,738.51
148660.693583,60.0,0.0173,2,1,1,0.65703,0.58889,0.61797,0.54167,0.60078,0.48056,0.60313,0.42083,0.60078,0.36667,0.62500,0.39444,0.61953,0.34028,0.61719,0.30833,0.61562,0.27361,0.65078,0.38889,0.64844,0.32361,0.64531,0.28750,0.64062,0.24583,0.67344,0.40000,0.67656,0.33472,0.67656,0.29444,0.67500,0.25417,0.69531,0.42500,0.70000,0.37222,0.70312,0.33889,0.70469,0.30278,0.61331,0.80730,0.9998,0.75309,1.00000,0.9060,0.67177,0.57986,0.9983,0.65730,0.62478,0.65703,0.58889,127.63,0.9775,live,0.0632,0.0880,65.31,741.79
148660.760692,60.0,0.0844,2,1,1,0.65703,0.58750,0.61797,0.54028,0.60078,0.47917,0.60313,0.41944,0.60156,0.36667,0.62500,0.39167,0.61875,0.33750,0.61641,0.30694,0.61562,0.27222,0.65078,0.38611,0.64766,0.32222,0.64453,0.28611,0.63984,0.24444,0.67266,0.39722,0.67578,0.33333,0.67578,0.29444,0.67422,0.25417,0.69531,0.42361,0.69922,0.37083,0.70234,0.33750,0.70391,0.30139,0.61337,0.80627,0.9998,0.75304,1.00000,0.8990,0.67412,0.57370,0.9983,0.65724,0.61732,0.65703,0.58750,128.18,0.9809,live,0.0632,0.0868,64.66,745.06
148660.827057,60.0,0.1507,2,1,1,0.65703,0.58750,0.61719,0.54028,0.60078,0.48056,0.60234,0.42083,0.60078,0.36806,0.62422,0.39306,0.61797,0.33889,0.61562,0.30833,0.61484,0.27361,0.65078,0.38611,0.64687,0.32222,0.64375,0.28611,0.63906,0.24583,0.67266,0.39722,0.67578,0.33333,0.67500,0.29444,0.67344,0.25556,0.69453,0.42222,0.69844,0.36944,0.70156,0.33750,0.70312,0.30139,0.61200,0.80424,0.9998,0.75298,1.00000,0.8972,0.67266,0.56835,0.9982,0.65720,0.61136,0.65703,0.58750,128.03,0.9786,live,0.0684,0.0922,68.95,747.84
148660.893757,60.0,0.2174,2,1,1,0.65625,0.58889,0.61719,0.54306,0.60078,0.48194,0.60234,0.42222,0.59922,0.36944,0.62422,0.39444,0.61797,0.34028,0.61484,0.30972,0.61406,0.27500,0.65000,0.38750,0.64609,0.32361,0.64297,0.28750,0.63828,0.24722,0.67188,0.39861,0.67500,0.33472,0.67422,0.29583,0.67266,0.25694,0.69453,0.42361,0.69766,0.37222,0.70078,0.33889,0.70234,0.30417,0.61195,0.80430,0.9998,0.75295,1.00000,0.8954,0.67250,0.57447,0.9982,0.65701,0.60686,0.65625,0.58889,128.05,0.9799,live,0.0684,0.0860,64.55,750.29
148660.960651,60.0,0.2843,2,1,1,0.65547,0.59167,0.61719,0.54722,0.60000,0.48611,0.60156,0.42778,0.59922,0.37500,0.62344,0.39722,0.61797,0.34444,0.61484,0.31528,0.61328,0.28194,0.64922,0.39028,0.64609,0.32778,0.64219,0.29444,0.63750,0.25278,0.67188,0.40139,0.67500,0.34028,0.67422,0.30417,0.67266,0.26528,0.69375,0.42778,0.69766,0.37639,0.70078,0.34444,0.70234,0.30833,0.61471,0.80457,0.9998,0.75279,1.00000,0.8946,0.67241,0.56640,0.9982,0.65670,0.60382,0.65547,0.59167,127.88,0.9804,live,0.0684,0.0637,47.95,752.33
148661.027353,60.0,0.3510,2,1,1,0.65703,0.60139,0.61719,0.55833,0.59922,0.49722,0.60156,0.43889,0.59766,0.38611,0.62266,0.40833,0.61719,0.35417,0.61484,0.32361,0.61250,0.29167,0.64922,0.40278,0.64609,0.34028,0.64297,0.30556,0.63828,0.26528,0.67188,0.41389,0.67500,0.35278,0.67422,0.31667,0.67344,0.27917,0.69453,0.44028,0.70000,0.39028,0.70312,0.35833,0.70547,0.32361,0.61482,0.80424,0.9998,0.75247,1.00000,0.8924,0.67138,0.57068,0.9982,0.65677,0.60334,0.65703,0.60139,127.38,0.9761,live,0.0684,0.0514,38.76,753.77
148661.093968,60.0,0.4176,2,1,1,0.65625,0.62083,0.61719,0.57500,0.60078,0.51667,0.60156,0.45972,0.59766,0.40694,0.62266,0.42778,0.61719,0.37639,0.61562,0.34583,0.61406,0.31250,0.65000,0.42083,0.64687,0.35972,0.64375,0.32639,0.63828,0.28889,0.67266,0.43194,0.67656,0.37361,0.67578,0.33750,0.67422,0.30278,0.69531,0.45972,0.70156,0.41111,0.70469,0.38056,0.70625,0.34722,0.61427,0.80482,0.9998,0.74859,1.00000,0.8929,0.66856,0.59012,0.9981,0.65666,0.60684,0.65625,0.62083,127.96,0.9824,live,0.0632,0.0394,29.73,755.44
148661.160845,60.0,0.4845,2,1,1,0.65781,0.64861,0.61953,0.60139,0.60156,0.54444,0.60234,0.48750,0.60000,0.43472,0.62422,0.45139,0.61875,0.40139,0.61641,0.37222,0.61406,0.34306,0.65234,0.44722,0.65000,0.38611,0.64687,0.35556,0.64141,0.32083,0.67500,0.45972,0.67969,0.40278,0.67891,0.36944,0.67812,0.33889,0.69844,0.48889,0.70547,0.44306,0.70937,0.41389,0.71172,0.38472,0.61476,0.80572,0.9998,0.74713,1.00000,0.8876,0.66858,0.60792,0.9981,0.65689,0.61519,0.65781,0.64861,129.63,0.9882,live,0.0570,0.0289,21.91,758.12
148661.227618,60.0,0.5513,2,1,1,0.65859,0.68056,0.62109,0.63333,0.60156,0.57778,0.60234,0.52222,0.60078,0.47222,0.62500,0.48333,0.62109,0.43472,0.61797,0.40833,0.61562,0.38333,0.65312,0.48194,0.65156,0.42500,0.64844,0.39722,0.64375,0.36389,0.67656,0.49722,0.68203,0.44306,0.68203,0.41250,0.68125,0.38194,0.70078,0.52917,0.70781,0.48472,0.71250,0.45833,0.71641,0.42917,0.61489,0.80903,0.9998,0.74711,1.00000,0.8938,0.66776,0.65202,0.9982,0.65723,0.62826,0.65859,0.68056,128.91,0.9885,live,0.0510,0.0236,17.97,759.96
148661.294015,60.0,0.6177,2,1,1,0.65938,0.71389,0.62266,0.67361,0.60000,0.62083,0.59922,0.56944,0.59844,0.51944,0.62500,0.52500,0.62109,0.47361,0.61719,0.45417,0.61406,0.43750,0.65312,0.52222,0.65234,0.46806,0.64922,0.44444,0.64453,0.41944,0.67812,0.53889,0.68359,0.48889,0.68437,0.46111,0.68281,0.43333,0.70078,0.57222,0.71094,0.53194,0.71641,0.50694,0.72031,0.47917,0.61652,0.81338,0.9998,0.75215,1.00000,0.8984,0.66832,0.69772,0.9982,0.65766,0.64539,0.65938,0.71389,124.73,0.9886,live,0.0510,0.0399,30.30,758.57
148661.360897,60.0,0.6846,2,1,1,0.65859,0.75139,0.62187,0.71250,0.59922,0.66111,0.59688,0.61528,0.59688,0.56944,0.62422,0.57083,0.62031,0.52083,0.61719,0.50417,0.61406,0.49722,0.65156,0.57083,0.65156,0.51667,0.64844,0.49583,0.64453,0.47917,0.67734,0.58889,0.68359,0.53889,0.68437,0.51528,0.68281,0.49444,0.70078,0.62222,0.71094,0.58333,0.71797,0.55972,0.72266,0.53611,0.61654,0.81710,0.9998,0.74675,1.00000,0.8963,0.66860,0.74927,0.9981,0.65785,0.66659,0.65859,0.75139,119.96,0.9917,live,0.0510,0.0604,45.57,753.92
148661.427517,60.0,0.7512,2,1,1,0.65859,0.77639,0.62109,0.74167,0.59688,0.69306,0.59531,0.64861,0.59922,0.60556,0.62344,0.60694,0.61953,0.56111,0.61719,0.54583,0.61641,0.54028,0.65156,0.60694,0.65234,0.55278,0.65078,0.53472,0.64844,0.52639,0.67891,0.62639,0.68516,0.57778,0.68594,0.55417,0.68516,0.54444,0.70234,0.66111,0.71562,0.62361,0.72188,0.60139,0.72656,0.58611,0.61685,0.82638,0.9998,0.74367,1.00000,0.8949,0.67325,0.78987,0.9980,0.65800,0.68855,0.65859,0.77639,115.19,0.9922,live,0.0566,0.0822,61.38,746.38
148661.494207,60.0,0.8179,2,1,1,0.66250,0.79028,0.62422,0.76250,0.59766,0.71528,0.59531,0.67083,0.60234,0.62639,0.62578,0.62917,0.62266,0.58750,0.62109,0.57361,0.62187,0.56806,0.65547,0.62778,0.65625,0.57222,0.65547,0.55694,0.65625,0.55556,0.68203,0.64722,0.68828,0.59583,0.69063,0.57778,0.69219,0.57083,0.70625,0.68333,0.71953,0.64583,0.72734,0.62778,0.73125,0.61806,0.61692,0.82661,0.9997,0.73873,1.00000,0.8895,0.67481,0.80390,0.9978,0.65890,0.70889,0.66250,0.79028,111.96,0.9904,live,0.0650,0.1031,76.06,737.43
148661.561158,60.0,0.8848,2,1,1,0.66328,0.79722,0.62344,0.77222,0.59766,0.72500,0.59609,0.68056,0.60313,0.63889,0.62813,0.64028,0.62578,0.59583,0.62422,0.58472,0.62344,0.58194,0.65781,0.63889,0.66094,0.58333,0.65938,0.56806,0.65859,0.56806,0.68516,0.66111,0.69219,0.60972,0.69453,0.59167,0.69453,0.58333,0.70937,0.69722,0.72344,0.65833,0.73047,0.64167,0.73438,0.63194,0.61700,0.83045,0.9997,0.73670,1.00000,0.8884,0.67777,0.81010,0.9977,0.65977,0.72656,0.66328,0.79722,110.18,0.9907,live,0.0753,0.1219,88.81,728.27
148661.627677,60.0,0.9514,2,1,1,0.66406,0.80278,0.62422,0.77639,0.59844,0.72917,0.59609,0.68750,0.60391,0.64583,0.62891,0.64306,0.62578,0.60139,0.62422,0.59028,0.62422,0.58750,0.65859,0.64306,0.66172,0.58750,0.66094,0.57361,0.66094,0.57639,0.68594,0.66528,0.69375,0.61667,0.69609,0.59861,0.69609,0.59306,0.70937,0.70278,0.72422,0.66389,0.73203,0.64722,0.73672,0.63889,0.61717,0.83039,0.9997,0.75368,1.00000,0.8895,0.68160,0.82472,0.9976,0.66063,0.74180,0.66406,0.80278,110.69,0.9892,live,0.0860,0.1350,97.31,720.58
148661.694303,60.0,0.0180,2,2,0,0.66406,0.80556,0.62500,0.77917,0.60000,0.73333,0.59766,0.69167,0.60469,0.65000,0.63047,0.64583,0.62656,0.60417,0.62578,0.59306,0.62578,0.59167,0.66094,0.64722,0.66406,0.58889,0.66328,0.57500,0.66172,0.57917,0.68828,0.66944,0.69609,0.61944,0.69844,0.60139,0.69766,0.59722,0.71172,0.70694,0.72578,0.66806,0.73359,0.65000,0.73828,0.64306,0.61723,0.83523,0.9997,0.74171,1.00000,0.8853,0.68311,0.82698,0.9974,0.66132,0.75455,0.66406,0.80556,110.84,0.9918,live,0.0959,0.1408,100.50,713.91
148661.760981,60.0,0.0847,2,2,0,0.66563,0.80556,0.62656,0.77917,0.60078,0.73194,0.59766,0.69167,0.60547,0.65000,0.63203,0.64444,0.62813,0.60000,0.62734,0.59028,0.62891,0.59444,0.66250,0.64583,0.66563,0.58611,0.66484,0.57222,0.66406,0.58056,0.68984,0.66944,0.69766,0.61667,0.70000,0.59861,0.69922,0.59583,0.71328,0.70833,0.72578,0.66944,0.73516,0.65139,0.74062,0.64306,0.61714,0.83759,0.9997,0.73633,1.00000,0.8841,0.68457,0.82809,0.9972,0.66218,0.76475,0.66563,0.80556,111.34,0.9910,live,0.1036,0.1390,98.48,708.41
148661.827884,60.0,0.1516,2,2,0,0.66641,0.80000,0.62813,0.77500,0.60234,0.72778,0.60000,0.68611,0.60781,0.64583,0.63281,0.64028,0.62734,0.59583,0.62734,0.58333,0.63047,0.58333,0.66250,0.63889,0.66484,0.58056,0.66563,0.56389,0.66641,0.57222,0.69063,0.66250,0.69766,0.60972,0.70156,0.58889,0.70234,0.58750,0.71406,0.70139,0.72813,0.65972,0.73672,0.64028,0.74297,0.63333,0.61699,0.83761,0.9997,0.73567,1.00000,0.8834,0.68662,0.82434,0.9972,0.66302,0.77180,0.66641,0.80000,111.35,0.9903,live,0.1083,0.1297,91.28,703.57
148661.893983,60.0,0.2177,2,2,0,0.67031,0.78889,0.63281,0.76111,0.60781,0.71389,0.60703,0.66944,0.61484,0.62639,0.63828,0.62639,0.63359,0.58333,0.63359,0.57083,0.63438,0.57222,0.66719,0.62639,0.66875,0.57083,0.66953,0.55417,0.67031,0.55694,0.69375,0.64722,0.70156,0.59306,0.70625,0.57222,0.70859,0.56806,0.71719,0.68472,0.73203,0.64583,0.74141,0.62778,0.74766,0.61806,0.61620,0.83704,0.9997,0.73545,1.00000,0.8804,0.68887,0.82236,0.9972,0.66448,0.77522,0.67031,0.78889,111.62,0.9846,live,0.1130,0.1342,93.89,699.51
148661.961264,60.0,0.2849,2,2,0,0.67578,0.77639,0.63672,0.74583,0.61250,0.69444,0.61484,0.64861,0.62109,0.60556,0.64375,0.60694,0.64297,0.56250,0.64375,0.54861,0.64609,0.54306,0.67422,0.60694,0.67656,0.55694,0.67812,0.53750,0.67969,0.52917,0.70078,0.62917,0.70937,0.57778,0.71484,0.55556,0.71875,0.54306,0.72422,0.66667,0.73906,0.62917,0.74922,0.60972,0.75781,0.59444,0.61770,0.83689,0.9997,0.74076,1.00000,0.8872,0.69682,0.81762,0.9974,0.66674,0.77545,0.67578,0.77639,115.69,0.9906,live,0.1130,0.0910,63.57,698.87
148662.028096,60.0,0.3518,2,2,0,0.68047,0.75417,0.64219,0.72222,0.62031,0.67083,0.62344,0.62361,0.62813,0.58056,0.65156,0.58194,0.65078,0.53472,0.65156,0.51806,0.65312,0.51250,0.68125,0.58194,0.68594,0.53056,0.68906,0.50833,0.69141,0.49444,0.70781,0.60417,0.71797,0.55417,0.72500,0.52778,0.73047,0.50972,0.73203,0.64028,0.74687,0.60278,0.75781,0.57917,0.76719,0.55694,0.61817,0.83679,0.9997,0.74439,1.00000,0.8871,0.69940,0.78330,0.9974,0.66949,0.77120,0.68047,0.75417,117.48,0.9923,live,0.1055,0.0712,49.80,699.58
148662.094238,60.0,0.4179,2,2,0,0.68672,0.72639,0.64687,0.69167,0.62578,0.63750,0.63047,0.58889,0.63516,0.54444,0.65625,0.54722,0.65781,0.49722,0.66016,0.47778,0.66250,0.47222,0.68750,0.54861,0.69141,0.49583,0.69531,0.47083,0.69766,0.45417,0.71484,0.56944,0.72344,0.51667,0.73047,0.48889,0.73672,0.46806,0.73906,0.60556,0.75313,0.56667,0.76250,0.54306,0.77187,0.51944,0.61944,0.83518,0.9997,0.76217,1.00000,0.8915,0.70170,0.76448,0.9975,0.67293,0.76224,0.68672,0.72639,121.65,0.9914,live,0.0965,0.0555,39.03,703.22
148662.161346,60.0,0.4850,2,2,0,0.68906,0.69861,0.64766,0.65972,0.62891,0.60278,0.63594,0.55000,0.63984,0.50278,0.66016,0.51528,0.66094,0.46528,0.66406,0.44167,0.66797,0.41944,0.69141,0.51528,0.69531,0.46250,0.69844,0.43472,0.70078,0.40694,0.71797,0.53472,0.72734,0.48194,0.73438,0.45278,0.74062,0.42500,0.74141,0.56944,0.75625,0.52639,0.76641,0.50000,0.77578,0.47361,0.61948,0.82727,0.9998,0.76994,1.00000,0.8883,0.70327,0.72689,0.9975,0.67616,0.74951,0.68906,0.69861,123.70,0.9905,live,0.0871,0.0443,31.34,707.90
148662.227794,60.0,0.5515,2,2,0,0.69141,0.67083,0.65000,0.62778,0.63203,0.57083,0.63828,0.51667,0.64297,0.46667,0.66484,0.47917,0.66484,0.42917,0.66719,0.40139,0.67109,0.37639,0.69531,0.47917,0.69844,0.42500,0.70156,0.39167,0.70312,0.36111,0.72031,0.49722,0.73047,0.44306,0.73672,0.40972,0.74219,0.37639,0.74297,0.53056,0.75781,0.48750,0.76797,0.45833,0.77656,0.42500,0.61833,0.82582,0.9998,0.76357,1.00000,0.8935,0.70313,0.67840,0.9977,0.67921,0.73377,0.69141,0.67083,126.87,0.9896,live,0.0809,0.0528,37.75,714.30
148662.294000,60.0,0.6177,2,2,0,0.69219,0.64583,0.65156,0.60000,0.63516,0.54028,0.64219,0.48472,0.64687,0.43194,0.66797,0.44861,0.66719,0.39722,0.66953,0.36667,0.67344,0.33750,0.69844,0.44722,0.70078,0.38889,0.70312,0.35556,0.70469,0.31944,0.72344,0.46528,0.73203,0.40833,0.73750,0.37361,0.74297,0.34028,0.74531,0.49861,0.75859,0.45278,0.76797,0.42500,0.77656,0.39167,0.61776,0.82438,0.9998,0.76291,1.00000,0.8919,0.70330,0.64787,0.9978,0.68180,0.71619,0.69219,0.64583,129.96,0.9822,live,0.0809,0.0694,50.09,722.16
148662.361246,60.0,0.6849,2,2,0,0.68984,0.62778,0.65156,0.57917,0.63594,0.51944,0.64297,0.46389,0.64609,0.41111,0.66875,0.42500,0.66797,0.37500,0.66875,0.34583,0.67266,0.31528,0.69766,0.42500,0.70078,0.36528,0.70234,0.33056,0.70469,0.29444,0.72188,0.44306,0.73125,0.38333,0.73750,0.34861,0.74375,0.31389,0.74297,0.47778,0.75625,0.42917,0.76562,0.40000,0.77344,0.36667,0.61777,0.82438,0.9998,0.76250,1.00000,0.8921,0.70571,0.61556,0.9978,0.68341,0.69850,0.68984,0.62778,131.19,0.9814,live,0.0809,0.0839,61.24,729.96
148662.428701,60.0,0.7524,2,2,0,0.68984,0.61944,0.65234,0.56806,0.63516,0.50556,0.64297,0.44722,0.64766,0.39444,0.66875,0.41667,0.66641,0.36111,0.66875,0.33056,0.67344,0.29861,0.69688,0.41528,0.70000,0.35139,0.70156,0.31389,0.70312,0.27500,0.72109,0.43194,0.73047,0.36667,0.73594,0.33056,0.74219,0.29444,0.74297,0.46389,0.75547,0.41250,0.76406,0.38056,0.77109,0.34583,0.61779,0.82298,0.9998,0.76220,1.00000,0.8910,0.70566,0.60511,0.9979,0.68470,0.68269,0.68984,0.61944,131.92,0.9742,live,0.0809,0.0971,71.63,737.34
148662.495018,60.0,0.8187,2,2,0,0.68984,0.61528,0.65234,0.55972,0.63672,0.49583,0.64375,0.43750,0.64687,0.38333,0.66797,0.40972,0.66641,0.35417,0.66797,0.32222,0.67188,0.28889,0.69609,0.40694,0.69922,0.34167,0.70078,0.30417,0.70312,0.26389,0.71953,0.42361,0.72891,0.35694,0.73438,0.31944,0.73906,0.28194,0.74141,0.45417,0.75391,0.40278,0.76172,0.36944,0.76797,0.33472,0.61547,0.81953,0.9998,0.76031,1.00000,0.8936,0.70340,0.59106,0.9979,0.68573,0.66921,0.68984,0.61528,133.40,0.9755,live,0.0857,0.1077,80.26,744.91
148662.561730,60.0,0.8854,2,2,0,0.68984,0.60833,0.65234,0.55417,0.63672,0.49028,0.64375,0.43056,0.64609,0.37778,0.66719,0.40417,0.66563,0.34861,0.66719,0.31806,0.67109,0.28333,0.69453,0.40278,0.69766,0.33611,0.69922,0.29722,0.70078,0.25417,0.71797,0.41667,0.72656,0.35139,0.73203,0.31389,0.73594,0.27500,0.73984,0.44722,0.75156,0.39583,0.75938,0.36250,0.76641,0.32778,0.61474,0.81812,0.9998,0.76010,1.00000,0.8912,0.70473,0.59150,0.9980,0.68655,0.65703,0.68984,0.60833,132.12,0.9745,live,0.0907,0.1133,85.05,750.65
148662.628888,60.0,0.9526,2,2,0,0.68906,0.60556,0.65078,0.54722,0.63672,0.48611,0.64297,0.42639,0.64531,0.37222,0.66641,0.40000,0.66406,0.34444,0.66563,0.31389,0.66953,0.27917,0.69375,0.39722,0.69609,0.33194,0.69844,0.29444,0.69922,0.25139,0.71641,0.41250,0.72500,0.34861,0.72969,0.31111,0.73438,0.27361,0.73828,0.44167,0.75000,0.39028,0.75781,0.35833,0.76406,0.32222,0.61580,0.81732,0.9998,0.76002,1.00000,0.8893,0.70445,0.58317,0.9980,0.68705,0.64674,0.68906,0.60556,132.87,0.9814,live,0.0907,0.1125,85.10,756.23
148662.695004,60.0,0.0187,2,1,1,0.68906,0.60278,0.65078,0.54583,0.63594,0.48472,0.64219,0.42500,0.64453,0.37083,0.66563,0.39861,0.66328,0.34167,0.66484,0.31111,0.66875,0.27639,0.69297,0.39583,0.69531,0.33056,0.69766,0.29167,0.69844,0.24861,0.71641,0.40972,0.72500,0.34583,0.72969,0.30694,0.73438,0.26944,0.73750,0.43889,0.74922,0.38750,0.75703,0.35417,0.76328,0.31944,0.61748,0.81745,0.9998,0.76054,1.00000,0.8915,0.70328,0.58194,0.9981,0.68746,0.63795,0.68906,0.60278,132.22,0.9803,live,0.0907,0.1073,81.62,760.68
148662.761450,60.0,0.0851,2,1,1,0.68906,0.60000,0.65078,0.54444,0.63594,0.48333,0.64219,0.42500,0.64453,0.36944,0.66641,0.39583,0.66328,0.34028,0.66484,0.30972,0.66875,0.27500,0.69375,0.39306,0.69531,0.32778,0.69688,0.29028,0.69766,0.24722,0.71641,0.40694,0.72422,0.34444,0.72891,0.30556,0.73281,0.26806,0.73750,0.43611,0.74844,0.38472,0.75625,0.35278,0.76250,0.31667,0.61963,0.81628,0.9998,0.76057,1.00000,0.8939,0.70209,0.58459,0.9981,0.68778,0.63036,0.68906,0.60000,131.94,0.9825,live,0.0907,0.0985,75.26,764.40
148662.828372,60.0,0.1520,2,1,1,0.68906,0.59861,0.65078,0.54444,0.63594,0.48333,0.64141,0.42500,0.64375,0.37083,0.66563,0.39444,0.66328,0.34028,0.66484,0.30972,0.66797,0.27500,0.69297,0.39306,0.69531,0.32778,0.69688,0.29167,0.69766,0.25000,0.71562,0.40694,0.72422,0.34444,0.72891,0.30833,0.73281,0.27083,0.73672,0.43611,0.74766,0.38472,0.75547,0.35278,0.76172,0.31806,0.61870,0.81628,0.9998,0.75928,1.00000,0.8946,0.70227,0.58328,0.9982,0.68803,0.62401,0.68906,0.59861,131.47,0.9831,live,0.0907,0.0871,66.85,767.33
148662.895192,60.0,0.2189,2,1,1,0.68906,0.59861,0.65078,0.54444,0.63516,0.48611,0.64062,0.42917,0.64297,0.37500,0.66563,0.39583,0.66328,0.34167,0.66484,0.31250,0.66797,0.27917,0.69375,0.39444,0.69609,0.33056,0.69688,0.29444,0.69766,0.25278,0.71641,0.40833,0.72500,0.34722,0.72891,0.31111,0.73281,0.27361,0.73750,0.43750,0.74766,0.38889,0.75547,0.35833,0.76250,0.32361,0.61901,0.81531,0.9998,0.75977,1.00000,0.8970,0.70306,0.58419,0.9983,0.68824,0.61893,0.68906,0.59861,131.12,0.9825,live,0.0907,0.0749,57.63,769.65
148662.961603,60.0,0.2853,2,1,1,0.68828,0.60833,0.65078,0.55833,0.63594,0.49722,0.64219,0.43889,0.64297,0.38472,0.66563,0.40556,0.66406,0.35139,0.66484,0.31944,0.66797,0.28750,0.69375,0.40417,0.69609,0.33750,0.69688,0.30139,0.69766,0.26111,0.71719,0.41944,0.72578,0.35556,0.73047,0.31944,0.73594,0.28333,0.73828,0.45000,0.74922,0.40000,0.75703,0.36806,0.76406,0.33333,0.61902,0.81558,0.9998,0.75785,1.00000,0.8971,0.70132,0.58482,0.9983,0.68825,0.61681,0.68828,0.60833,131.28,0.9799,live,0.0855,0.0617,47.65,771.81
148663.028266,60.0,0.3519,2,1,1,0.68750,0.62500,0.65078,0.57222,0.63516,0.51111,0.64141,0.45278,0.64375,0.40000,0.66563,0.42222,0.66406,0.36806,0.66484,0.33611,0.66797,0.30417,0.69453,0.41944,0.69688,0.35556,0.69766,0.31944,0.69844,0.28194,0.71797,0.43472,0.72734,0.37222,0.73203,0.33611,0.73672,0.30139,0.73906,0.46667,0.75156,0.41667,0.76016,0.38611,0.76719,0.35278,0.61905,0.81735,0.9998,0.75788,1.00000,0.8978,0.70245,0.59053,0.9983,0.68810,0.61845,0.68750,0.62500,131.99,0.9831,live,0.0855,0.0615,47.65,774.23
148663.094871,60.0,0.4185,2,1,1,0.68828,0.65000,0.65156,0.59583,0.63516,0.53611,0.64219,0.47778,0.64531,0.42361,0.66641,0.44583,0.66484,0.39306,0.66641,0.36111,0.66875,0.32917,0.69531,0.44444,0.69766,0.38056,0.69844,0.34583,0.69922,0.30972,0.71875,0.46111,0.72813,0.40000,0.73281,0.36528,0.73750,0.33194,0.73984,0.49306,0.75234,0.44444,0.76094,0.41528,0.76875,0.38333,0.61913,0.81671,0.9998,0.78401,1.00000,0.8982,0.70625,0.63373,0.9983,0.68813,0.62476,0.68828,0.65000,132.18,0.9857,live,0.0789,0.0488,37.87,776.49
148663.161469,60.0,0.4851,2,1,1,0.68828,0.67917,0.65234,0.62778,0.63594,0.57083,0.63984,0.51528,0.64375,0.46389,0.66563,0.47639,0.66641,0.42917,0.66797,0.40417,0.67188,0.37639,0.69531,0.47639,0.69844,0.41806,0.70000,0.39028,0.70156,0.35694,0.71953,0.49444,0.72891,0.44028,0.73359,0.40972,0.73828,0.38056,0.74141,0.53056,0.75391,0.48472,0.76250,0.45694,0.77109,0.42778,0.61959,0.81777,0.9998,0.76279,1.00000,0.8952,0.70642,0.67026,0.9983,0.68816,0.63564,0.68828,0.67917,131.61,0.9881,live,0.0714,0.0373,29.04,778.08
148663.228513,60.0,0.5522,2,1,1,0.68672,0.71389,0.65078,0.66528,0.63281,0.60972,0.63828,0.55694,0.64141,0.50833,0.66484,0.51667,0.66484,0.46806,0.66563,0.44583,0.66875,0.42639,0.69453,0.51806,0.69766,0.46250,0.69922,0.43611,0.70156,0.40972,0.71875,0.53750,0.72813,0.48472,0.73281,0.45417,0.73828,0.42917,0.74062,0.57361,0.75391,0.53194,0.76328,0.50417,0.77187,0.47639,0.61947,0.81997,0.9998,0.76868,1.00000,0.8934,0.70641,0.70201,0.9982,0.68788,0.65129,0.68672,0.71389,128.43,0.9916,live,0.0643,0.0320,24.87,777.18
148663.294982,60.0,0.6187,2,1,1,0.68750,0.74167,0.65156,0.69861,0.63281,0.64306,0.63750,0.59444,0.64062,0.54444,0.66484,0.55278,0.66484,0.50278,0.66563,0.48750,0.66797,0.47778,0.69453,0.55417,0.69766,0.50000,0.70000,0.47778,0.70156,0.45694,0.72031,0.57500,0.72813,0.52361,0.73438,0.49583,0.73984,0.47222,0.74219,0.60972,0.75547,0.57083,0.76484,0.54722,0.77500,0.52222,0.61955,0.82493,0.9998,0.75493,1.00000,0.8922,0.70641,0.73589,0.9980,0.68780,0.66937,0.68750,0.74167,124.88,0.9927,live,0.0643,0.0489,37.85,773.83
148663.361911,60.0,0.6856,2,1,1,0.68984,0.76528,0.65391,0.72222,0.63281,0.66806,0.63594,0.62083,0.64219,0.57500,0.66484,0.58472,0.66406,0.53472,0.66563,0.51667,0.66797,0.51389,0.69453,0.58611,0.69766,0.52917,0.70078,0.50694,0.70312,0.49583,0.72031,0.60833,0.72891,0.55556,0.73594,0.52778,0.74297,0.50833,0.74297,0.64444,0.75703,0.60417,0.76719,0.58056,0.77656,0.55833,0.61955,0.83330,0.9998,0.75317,1.00000,0.8977,0.70653,0.77570,0.9980,0.68821,0.68855,0.68984,0.76528,120.57,0.9923,live,0.0643,0.0673,51.65,767.78
148663.428642,60.0,0.7523,2,1,1,0.68984,0.78056,0.65391,0.74028,0.63281,0.68750,0.63516,0.64167,0.64062,0.59722,0.66563,0.60694,0.66484,0.55833,0.66563,0.54444,0.66875,0.54306,0.69609,0.60833,0.70000,0.55278,0.70312,0.53194,0.70469,0.52361,0.72266,0.63194,0.73203,0.57917,0.73984,0.55417,0.74531,0.53889,0.74453,0.66806,0.75859,0.62778,0.76953,0.60556,0.77969,0.58750,0.62034,0.83378,0.9998,0.74928,1.00000,0.8928,0.70859,0.78826,0.9979,0.68854,0.70695,0.68984,0.78056,117.57,0.9941,live,0.0643,0.0854,64.91,760.30
148663.495226,60.0,0.8189,2,1,1,0.69219,0.78750,0.65469,0.75278,0.63281,0.70139,0.63516,0.65556,0.64453,0.61389,0.66641,0.61667,0.66406,0.57361,0.66797,0.55833,0.67500,0.55278,0.69688,0.61806,0.70078,0.56528,0.70469,0.54861,0.71016,0.54306,0.72344,0.64167,0.73281,0.59028,0.74062,0.56806,0.74844,0.55278,0.74609,0.67917,0.76016,0.64306,0.77109,0.62222,0.78125,0.60278,0.61973,0.83408,0.9998,0.74553,1.00000,0.8857,0.71049,0.80894,0.9977,0.68927,0.72306,0.69219,0.78750,116.28,0.9910,live,0.0710,0.1017,76.52,752.78
148663.561953,60.0,0.8856,2,1,1,0.69297,0.79028,0.65547,0.75833,0.63203,0.70694,0.63438,0.66250,0.64531,0.62222,0.66719,0.62222,0.66719,0.58056,0.67031,0.56389,0.67578,0.55833,0.69844,0.62361,0.70391,0.56944,0.70781,0.55139,0.71172,0.55000,0.72500,0.64722,0.73594,0.59444,0.74375,0.57083,0.75078,0.56111,0.74766,0.68611,0.76250,0.64722,0.77422,0.62500,0.78438,0.61111,0.61977,0.83431,0.9998,0.77118,1.00000,0.8863,0.71064,0.82115,0.9976,0.69001,0.73650,0.69297,0.79028,115.25,0.9898,live,0.0788,0.1141,85.05,745.43
148663.628755,60.0,0.9524,2,1,1,0.69375,0.79167,0.65625,0.75972,0.63281,0.70972,0.63516,0.66389,0.64531,0.62222,0.66797,0.62361,0.66797,0.58056,0.67109,0.56528,0.67734,0.55972,0.69922,0.62361,0.70469,0.56944,0.70859,0.55139,0.71250,0.55139,0.72578,0.64583,0.73750,0.59583,0.74531,0.57083,0.75156,0.56250,0.74844,0.68611,0.76406,0.64722,0.77500,0.62500,0.78359,0.61250,0.61995,0.83805,0.9998,0.75912,1.00000,0.8846,0.71076,0.81481,0.9974,0.69076,0.74754,0.69375,0.79167,115.59,0.9883,live,0.0861,0.1197,88.48,739.20
148663.695342,60.0,0.0190,2,2,0,0.69297,0.79306,0.65625,0.75972,0.63281,0.70972,0.63438,0.66389,0.64531,0.62222,0.66719,0.62222,0.66719,0.58056,0.67031,0.56389,0.67734,0.55556,0.69844,0.62222,0.70469,0.56944,0.70859,0.55139,0.71250,0.54722,0.72578,0.64583,0.73594,0.59444,0.74375,0.57083,0.75000,0.55833,0.74844,0.68472,0.76406,0.64722,0.77500,0.62500,0.78438,0.60833,0.62114,0.84313,0.9998,0.75515,1.00000,0.8828,0.71097,0.82049,0.9970,0.69120,0.75664,0.69297,0.79306,117.34,0.9916,live,0.0920,0.1187,87.23,734.98
148663.762029,60.0,0.0857,2,2,0,0.69141,0.78750,0.65469,0.75556,0.63203,0.70417,0.63438,0.65972,0.64453,0.61667,0.66797,0.61667,0.66719,0.57222,0.67031,0.55694,0.67422,0.55278,0.69844,0.61806,0.70391,0.56528,0.70703,0.54444,0.71016,0.54167,0.72500,0.64167,0.73594,0.59028,0.74375,0.56528,0.74922,0.55417,0.74766,0.68194,0.76328,0.64167,0.77500,0.61944,0.78438,0.60278,0.62097,0.84353,0.9998,0.74996,1.00000,0.8779,0.71446,0.82158,0.9967,0.69124,0.76281,0.69141,0.78750,116.48,0.9935,live,0.0920,0.1101,80.42,730.65
148663.829090,60.0,0.1528,2,2,0,0.69375,0.77917,0.65469,0.74861,0.63125,0.69583,0.63359,0.64861,0.64531,0.60833,0.66719,0.61250,0.66719,0.56389,0.67109,0.54722,0.67656,0.54722,0.69766,0.61250,0.70469,0.55417,0.70781,0.53194,0.71016,0.52917,0.72500,0.63472,0.73672,0.58056,0.74453,0.55278,0.75156,0.54444,0.74766,0.67361,0.76328,0.63194,0.77422,0.60833,0.78359,0.59306,0.62120,0.84393,0.9998,0.74840,1.00000,0.8753,0.71446,0.82061,0.9965,0.69174,0.76608,0.69375,0.77917,114.87,0.9925,live,0.0920,0.0962,69.82,725.68
148663.895436,60.0,0.2191,2,2,0,0.69453,0.76944,0.65547,0.73611,0.63438,0.68194,0.63828,0.63472,0.64687,0.59028,0.66797,0.59861,0.66953,0.54861,0.67188,0.53472,0.67578,0.53750,0.69844,0.60000,0.70469,0.54306,0.70703,0.52083,0.70937,0.51389,0.72500,0.62083,0.73594,0.56806,0.74453,0.54167,0.75156,0.52778,0.74844,0.65833,0.76328,0.61667,0.77422,0.59306,0.78438,0.57500,0.62093,0.84291,0.9997,0.74726,1.00000,0.8705,0.71441,0.81059,0.9963,0.69230,0.76676,0.69453,0.76944,116.74,0.9946,live,0.0920,0.0783,56.55,722.65
148663.962297,60.0,0.2860,2,2,0,0.69219,0.75417,0.65469,0.72222,0.63438,0.66667,0.63906,0.61667,0.64687,0.57083,0.66797,0.57917,0.66953,0.53056,0.67188,0.51528,0.67578,0.51667,0.69844,0.58194,0.70391,0.52500,0.70781,0.50278,0.71172,0.49444,0.72500,0.60556,0.73516,0.55000,0.74453,0.52361,0.75313,0.50556,0.74766,0.64306,0.76250,0.60139,0.77344,0.57778,0.78438,0.55556,0.62097,0.84089,0.9997,0.74731,1.00000,0.8680,0.71388,0.78789,0.9963,0.69228,0.76424,0.69219,0.75417,118.22,0.9949,live,0.0863,0.0601,43.33,721.05
148664.028998,60.0,0.3527,2,2,0,0.69375,0.73750,0.65469,0.70139,0.63516,0.64583,0.64141,0.59444,0.64766,0.54861,0.66797,0.55833,0.66953,0.51111,0.67344,0.49306,0.67891,0.48889,0.69844,0.55972,0.70391,0.50417,0.70859,0.48056,0.71328,0.46806,0.72500,0.58194,0.73516,0.52639,0.74453,0.50000,0.75313,0.48056,0.74844,0.61944,0.76250,0.57778,0.77344,0.55278,0.78359,0.52917,0.62122,0.83697,0.9997,0.74781,1.00000,0.8676,0.71342,0.76878,0.9965,0.69257,0.75889,0.69375,0.73750,120.85,0.9923,live,0.0787,0.0440,31.74,721.54
148664.095495,60.0,0.4192,2,2,0,0.69688,0.71806,0.65703,0.68056,0.63828,0.62500,0.64453,0.57361,0.64922,0.52639,0.67109,0.53333,0.67109,0.48611,0.67422,0.46528,0.67812,0.45556,0.70156,0.53333,0.70547,0.47778,0.70859,0.45278,0.71250,0.43611,0.72734,0.55278,0.73672,0.49861,0.74531,0.47083,0.75391,0.45139,0.75078,0.59028,0.76484,0.54722,0.77656,0.52083,0.78750,0.49722,0.62122,0.83310,0.9997,0.74783,1.00000,0.8680,0.71072,0.73723,0.9966,0.69343,0.75072,0.69688,0.71806,123.77,0.9915,live,0.0700,0.0307,22.22,724.07
148664.162390,60.0,0.4861,2,2,0,0.69844,0.69583,0.65859,0.65417,0.64141,0.59722,0.64922,0.54444,0.65312,0.49583,0.67344,0.50417,0.67422,0.45833,0.67734,0.43611,0.68359,0.41667,0.70469,0.50417,0.70859,0.45139,0.71250,0.42500,0.71719,0.39861,0.73047,0.52222,0.74062,0.47083,0.74844,0.44167,0.75703,0.41806,0.75313,0.55833,0.76875,0.51528,0.77969,0.49028,0.79063,0.46389,0.62181,0.82738,0.9997,0.74922,1.00000,0.8710,0.71137,0.70948,0.9968,0.69443,0.73975,0.69844,0.69583,127.59,0.9877,live,0.0624,0.0274,20.01,729.05
148664.229000,60.0,0.5527,2,2,0,0.70078,0.66806,0.66016,0.62500,0.64375,0.56944,0.65156,0.51528,0.65625,0.46389,0.67656,0.47500,0.67734,0.42778,0.68125,0.40139,0.68750,0.37639,0.70781,0.47500,0.71094,0.41944,0.71484,0.38889,0.71875,0.35694,0.73281,0.49306,0.74297,0.43889,0.75078,0.40556,0.75781,0.37500,0.75547,0.52639,0.77031,0.48333,0.78203,0.45694,0.79297,0.42500,0.62172,0.82749,0.9997,0.78097,1.00000,0.8707,0.71198,0.67911,0.9968,0.69570,0.72541,0.70078,0.66806,128.24,0.9824,live,0.0624,0.0413,30.32,733.90
148664.295630,60.0,0.6193,2,2,0,0.70000,0.64444,0.66016,0.59722,0.64453,0.53750,0.65312,0.48194,0.65625,0.43056,0.67891,0.44583,0.67812,0.39583,0.68203,0.36528,0.68750,0.33472,0.70859,0.44583,0.71172,0.38750,0.71484,0.35278,0.71875,0.31944,0.73281,0.46528,0.74375,0.40556,0.75078,0.37083,0.75859,0.33750,0.75469,0.50000,0.76953,0.45417,0.78125,0.42639,0.79141,0.39583,0.61950,0.82945,0.9997,0.77703,1.00000,0.8733,0.71250,0.65316,0.9969,0.69656,0.70921,0.70000,0.64444,129.71,0.9767,live,0.0624,0.0568,41.99,739.22
148664.362297,60.0,0.6860,2,2,0,0.69844,0.62500,0.65938,0.57500,0.64375,0.51250,0.65156,0.45556,0.65391,0.40278,0.67812,0.42083,0.67734,0.36667,0.68047,0.33194,0.68594,0.29861,0.70781,0.42222,0.71172,0.35972,0.71484,0.32222,0.71875,0.28472,0.73203,0.44028,0.74219,0.37778,0.74922,0.34167,0.75703,0.30556,0.75391,0.47361,0.76797,0.42500,0.77812,0.39583,0.78750,0.36528,0.61950,0.82913,0.9997,0.77565,1.00000,0.8739,0.71240,0.63500,0.9969,0.69694,0.69237,0.69844,0.62500,132.51,0.9797,live,0.0624,0.0723,53.97,745.92
148664.429152,60.0,0.7528,2,2,0,0.69844,0.61111,0.66016,0.55694,0.64531,0.49306,0.65312,0.43472,0.65703,0.38056,0.67812,0.40694,0.67734,0.35000,0.68047,0.31528,0.68516,0.27917,0.70625,0.40694,0.71016,0.34167,0.71328,0.30278,0.71641,0.26250,0.72969,0.42222,0.73984,0.35833,0.74609,0.32083,0.75234,0.28472,0.75234,0.45278,0.76719,0.40278,0.77656,0.37083,0.78516,0.33750,0.61955,0.82750,0.9997,0.77497,1.00000,0.8765,0.71214,0.61195,0.9970,0.69724,0.67612,0.69844,0.61111,132.61,0.9807,live,0.0624,0.0872,65.57,751.89
148664.495573,60.0,0.8192,2,2,0,0.69922,0.60000,0.66094,0.54583,0.64687,0.48056,0.65469,0.42083,0.65781,0.36667,0.67734,0.39583,0.67734,0.33472,0.68125,0.29861,0.68594,0.26250,0.70547,0.39444,0.71016,0.32778,0.71250,0.28750,0.71484,0.24722,0.72891,0.41111,0.73984,0.34444,0.74687,0.30417,0.75313,0.26528,0.75156,0.44028,0.76641,0.38889,0.77656,0.35694,0.78438,0.32222,0.61934,0.82544,0.9998,0.77304,1.00000,0.8752,0.71217,0.60655,0.9971,0.69763,0.66090,0.69922,0.60000,132.80,0.9755,live,0.0689,0.0987,74.72,757.28
148664.562284,60.0,0.8860,2,2,0,0.70000,0.59444,0.66250,0.53750,0.64766,0.47361,0.65547,0.41250,0.66016,0.35972,0.67891,0.38889,0.67891,0.32917,0.68281,0.29444,0.68828,0.25833,0.70625,0.38611,0.71094,0.31944,0.71484,0.28056,0.71797,0.23889,0.72891,0.40139,0.74062,0.33472,0.74687,0.29583,0.75234,0.25694,0.75156,0.43056,0.76641,0.37917,0.77656,0.34722,0.78438,0.31250,0.61932,0.81749,0.9998,0.77106,1.00000,0.8726,0.71363,0.57070,0.9972,0.69811,0.64761,0.70000,0.59444,133.39,0.9702,live,0.0764,0.1106,84.31,762.45
148664.629107,60.0,0.9528,2,2,0,0.70156,0.59028,0.66328,0.53472,0.64844,0.47083,0.65625,0.40972,0.66094,0.35556,0.67891,0.38611,0.67969,0.32500,0.68359,0.28889,0.68906,0.25417,0.70703,0.38333,0.71172,0.31528,0.71562,0.27639,0.71875,0.23472,0.72969,0.39722,0.74062,0.33056,0.74687,0.29028,0.75234,0.25139,0.75234,0.42639,0.76641,0.37500,0.77578,0.34167,0.78359,0.30694,0.62038,0.81628,0.9998,0.76969,1.00000,0.8700,0.71452,0.57268,0.9972,0.69880,0.63614,0.70156,0.59028,133.02,0.9682,live,0.0821,0.1080,82.79,766.73
148664.695770,60.0,0.0194,2,1,1,0.70156,0.58750,0.66484,0.53194,0.65078,0.46944,0.65703,0.40833,0.66250,0.35556,0.68125,0.38194,0.68203,0.32222,0.68516,0.28750,0.68984,0.25278,0.70859,0.38056,0.71406,0.31250,0.71719,0.27500,0.71953,0.23333,0.73125,0.39444,0.74219,0.32917,0.74766,0.29028,0.75313,0.25139,0.75313,0.42361,0.76719,0.37361,0.77578,0.34167,0.78359,0.30694,0.62031,0.81626,0.9997,0.76881,1.00000,0.8676,0.71457,0.56874,0.9973,0.69935,0.62641,0.70156,0.58750,132.88,0.9685,live,0.0821,0.1062,81.84,770.40
148664.762275,60.0,0.0860,2,1,1,0.70312,0.58889,0.66641,0.53333,0.65156,0.46944,0.65859,0.40833,0.66406,0.35556,0.68203,0.38056,0.68359,0.32083,0.68672,0.28611,0.69141,0.25139,0.71016,0.38056,0.71562,0.31250,0.71797,0.27500,0.72031,0.23333,0.73359,0.39444,0.74375,0.32917,0.75000,0.29028,0.75547,0.25278,0.75547,0.42500,0.76875,0.37361,0.77734,0.34167,0.78516,0.30833,0.61967,0.81512,0.9997,0.76818,1.00000,0.8691,0.71473,0.57000,0.9974,0.70011,0.61891,0.70312,0.58889,134.42,0.9715,live,0.0876,0.1127,87.31,774.73
148664.829410,60.0,0.1531,2,1,1,0.70312,0.59028,0.66719,0.53611,0.65312,0.47222,0.66016,0.41250,0.66406,0.35972,0.68281,0.38194,0.68437,0.32222,0.68750,0.28889,0.69297,0.25417,0.71094,0.38194,0.71562,0.31528,0.71875,0.27917,0.72109,0.23750,0.73438,0.39722,0.74531,0.33333,0.75156,0.29444,0.75703,0.25833,0.75625,0.42778,0.76953,0.37778,0.77812,0.34583,0.78594,0.31250,0.61972,0.81636,0.9998,0.76753,1.00000,0.8697,0.71468,0.57120,0.9975,0.70071,0.61318,0.70312,0.59028,134.38,0.9717,live,0.0876,0.0891,69.35,778.52
148664.895690,60.0,0.2194,2,1,1,0.70156,0.59583,0.66641,0.54167,0.65391,0.47917,0.66094,0.41944,0.66406,0.36667,0.68437,0.38611,0.68594,0.32778,0.68906,0.29583,0.69375,0.26111,0.71250,0.38611,0.71719,0.31944,0.71953,0.28472,0.72188,0.24583,0.73516,0.40139,0.74609,0.33889,0.75313,0.30278,0.75938,0.26806,0.75703,0.43333,0.76953,0.38194,0.77812,0.35139,0.78594,0.31944,0.61907,0.82079,0.9998,0.76518,1.00000,0.8666,0.71669,0.58276,0.9976,0.70088,0.60971,0.70156,0.59583,135.03,0.9736,live,0.0876,0.0763,59.73,782.32
148664.962691,60.0,0.2864,2,1,1,0.70156,0.60833,0.66641,0.55417,0.65312,0.49028,0.66094,0.43194,0.66484,0.37778,0.68437,0.40139,0.68516,0.34444,0.68828,0.30972,0.69297,0.27500,0.71250,0.40000,0.71719,0.33333,0.72031,0.29583,0.72422,0.25556,0.73516,0.41528,0.74609,0.35000,0.75234,0.31389,0.75938,0.27778,0.75703,0.44583,0.76875,0.39306,0.77734,0.36111,0.78438,0.32639,0.61879,0.82084,0.9997,0.76418,1.00000,0.8648,0.71691,0.59306,0.9977,0.70102,0.60944,0.70156,0.60833,134.12,0.9733,live,0.0829,0.0615,48.26,785.00
148665.029992,60.0,0.3537,2,1,1,0.70234,0.62500,0.66641,0.56944,0.65312,0.50694,0.66094,0.44722,0.66563,0.39444,0.68594,0.41667,0.68594,0.36250,0.68906,0.32917,0.69453,0.29583,0.71328,0.41528,0.71719,0.35000,0.72031,0.31389,0.72422,0.27361,0.73516,0.43056,0.74531,0.36806,0.75156,0.33194,0.75781,0.29722,0.75625,0.46250,0.76719,0.40972,0.77422,0.37778,0.78047,0.34306,0.61810,0.82042,0.9998,0.76357,1.00000,0.8632,0.71653,0.59782,0.9977,0.70128,0.61255,0.70234,0.62500,133.70,0.9744,live,0.0765,0.0474,37.34,787.07
148665.095857,60.0,0.4195,2,1,1,0.70156,0.64444,0.66641,0.58889,0.65234,0.52917,0.66016,0.47361,0.66563,0.41944,0.68437,0.43750,0.68594,0.38611,0.68906,0.35556,0.69453,0.32361,0.71328,0.43750,0.71719,0.37500,0.72031,0.34444,0.72344,0.30278,0.73438,0.45417,0.74531,0.39722,0.75078,0.36250,0.75703,0.33056,0.75625,0.48750,0.76641,0.43750,0.77266,0.40556,0.77812,0.37083,0.61797,0.81904,0.9997,0.76112,1.00000,0.8631,0.71673,0.61033,0.9977,0.70134,0.61893,0.70156,0.64444,133.02,0.9812,live,0.0691,0.0353,27.79,788.39
148665.162695,60.0,0.4864,2,1,1,0.70391,0.66944,0.66719,0.61528,0.65234,0.55556,0.65938,0.50139,0.66563,0.44722,0.68594,0.46528,0.68672,0.41528,0.68984,0.38750,0.69531,0.35694,0.71484,0.46528,0.71953,0.40556,0.72266,0.37500,0.72656,0.33750,0.73750,0.48194,0.74922,0.42639,0.75547,0.39444,0.76172,0.36250,0.75781,0.51528,0.76953,0.46944,0.77734,0.43889,0.78516,0.40694,0.61794,0.83036,0.9997,0.76080,1.00000,0.8649,0.71613,0.64391,0.9977,0.70185,0.62903,0.70391,0.66944,131.49,0.9809,live,0.0611,0.0249,19.62,788.46
148665.229389,60.0,0.5531,2,1,1,0.70078,0.69583,0.66641,0.64306,0.65156,0.58611,0.65781,0.53333,0.66328,0.48194,0.68281,0.49306,0.68594,0.44306,0.68984,0.41806,0.69531,0.39444,0.71328,0.49444,0.71875,0.43611,0.72266,0.40972,0.72656,0.37639,0.73672,0.51250,0.74844,0.45972,0.75547,0.42917,0.76328,0.40139,0.75859,0.54861,0.77031,0.50417,0.77969,0.47639,0.78828,0.44722,0.61840,0.83006,0.9997,0.75856,1.00000,0.8648,0.71366,0.68542,0.9976,0.70164,0.64239,0.70078,0.69583,131.97,0.9885,live,0.0556,0.0304,23.94,788.86
148665.296029,60.0,0.6197,2,1,1,0.69922,0.71528,0.66563,0.66806,0.64922,0.61111,0.65547,0.56111,0.66172,0.51111,0.68281,0.52083,0.68594,0.46667,0.68906,0.44722,0.69453,0.43472,0.71250,0.52361,0.71875,0.46389,0.72344,0.43889,0.72813,0.41528,0.73672,0.54583,0.74844,0.49167,0.75625,0.46250,0.76484,0.43889,0.75781,0.58333,0.77031,0.54167,0.78047,0.51389,0.78984,0.48750,0.62008,0.83058,0.9997,0.75322,1.00000,0.8637,0.71316,0.71355,0.9975,0.70115,0.65697,0.69922,0.71528,126.92,0.9925,live,0.0556,0.0437,34.30,785.58
148665.362619,60.0,0.6863,2,1,1,0.69922,0.74167,0.66484,0.69444,0.64766,0.63889,0.65469,0.58889,0.66094,0.54167,0.68125,0.55139,0.68281,0.49861,0.68672,0.48194,0.69219,0.47639,0.71016,0.55556,0.71641,0.49722,0.72109,0.47222,0.72578,0.45417,0.73438,0.57917,0.74687,0.52639,0.75469,0.49861,0.76250,0.47639,0.75469,0.61806,0.76797,0.57639,0.77656,0.54861,0.78516,0.52222,0.62296,0.83302,0.9997,0.74884,1.00000,0.8629,0.71315,0.74157,0.9974,0.70077,0.67391,0.69922,0.74167,123.26,0.9923,live,0.0556,0.0595,46.44,780.06
148665.429474,60.0,0.7532,2,1,1,0.70078,0.76111,0.66563,0.71667,0.64687,0.66250,0.65312,0.61667,0.66094,0.57222,0.68203,0.57778,0.68437,0.52778,0.68750,0.51389,0.69063,0.51111,0.71094,0.58056,0.71797,0.52639,0.72188,0.50278,0.72578,0.48889,0.73594,0.60556,0.74844,0.55417,0.75703,0.52917,0.76484,0.51250,0.75625,0.64444,0.76953,0.60417,0.77812,0.57778,0.78672,0.55417,0.62265,0.83409,0.9997,0.74532,1.00000,0.8567,0.71377,0.77232,0.9972,0.70077,0.69135,0.70078,0.76111,120.31,0.9935,live,0.0556,0.0763,58.99,773.07
148665.496082,60.0,0.8198,2,1,1,0.70156,0.77778,0.66719,0.73472,0.64844,0.68056,0.65469,0.63472,0.66406,0.59028,0.68281,0.59722,0.68516,0.55000,0.68906,0.53333,0.69531,0.52639,0.71250,0.60278,0.71953,0.55000,0.72422,0.52917,0.72969,0.51667,0.73750,0.62917,0.75000,0.57778,0.75938,0.55417,0.76875,0.54028,0.75859,0.66944,0.77266,0.63056,0.78125,0.60556,0.79063,0.58194,0.62285,0.83421,0.9997,0.74515,1.00000,0.8520,0.71657,0.79337,0.9971,0.70093,0.70863,0.70156,0.77778,118.97,0.9917,live,0.0624,0.0933,71.44,765.96
148665.562984,60.0,0.8867,2,1,1,0.70391,0.78472,0.66875,0.74722,0.64922,0.69306,0.65547,0.64722,0.66641,0.60556,0.68516,0.60972,0.68750,0.56528,0.69141,0.54861,0.69609,0.54167,0.71484,0.61528,0.72344,0.56111,0.72734,0.54167,0.73203,0.53472,0.74062,0.64028,0.75469,0.59028,0.76484,0.56667,0.77344,0.55139,0.76172,0.68194,0.77578,0.64444,0.78672,0.62083,0.79609,0.59722,0.62285,0.83454,0.9997,0.75536,1.00000,0.8489,0.71729,0.79924,0.9971,0.70152,0.72385,0.70391,0.78472,116.66,0.9911,live,0.0702,0.1057,80.15,758.04
148665.629726,60.0,0.9534,2,1,1,0.70547,0.78889,0.66953,0.75139,0.65000,0.69861,0.65625,0.65278,0.66797,0.61111,0.68672,0.61389,0.68984,0.57083,0.69531,0.55278,0.70312,0.54583,0.71719,0.61944,0.72656,0.56528,0.73125,0.54583,0.73672,0.54167,0.74297,0.64444,0.75703,0.59444,0.76719,0.56944,0.77656,0.55833,0.76406,0.68611,0.77891,0.64861,0.78906,0.62361,0.80000,0.60417,0.62264,0.83642,0.9997,0.74559,1.00000,0.8450,0.71954,0.81190,0.9968,0.70231,0.73686,0.70547,0.78889,117.09,0.9877,live,0.0790,0.1191,89.53,751.38
148665.695940,60.0,0.0196,2,2,0,0.70547,0.79028,0.66953,0.75417,0.65000,0.69861,0.65703,0.65278,0.66953,0.61111,0.68750,0.61389,0.69063,0.57222,0.69609,0.55556,0.70312,0.54722,0.71797,0.61944,0.72656,0.56667,0.73281,0.54722,0.73906,0.54028,0.74297,0.64444,0.75703,0.59444,0.76875,0.57083,0.77812,0.55972,0.76406,0.68750,0.77969,0.64861,0.79063,0.62361,0.80078,0.60417,0.62161,0.83509,0.9997,0.73933,1.00000,0.8382,0.72091,0.80978,0.9967,0.70294,0.74754,0.70547,0.79028,117.47,0.9897,live,0.0854,0.1145,85.37,745.80
148665.762997,60.0,0.0867,2,2,0,0.70469,0.79028,0.66875,0.75278,0.65000,0.69722,0.65781,0.65000,0.67031,0.60833,0.68828,0.61389,0.69219,0.57083,0.69688,0.55278,0.70234,0.55000,0.71797,0.61806,0.72813,0.56389,0.73359,0.54306,0.73750,0.53889,0.74375,0.64444,0.75938,0.59167,0.77031,0.56528,0.77969,0.55556,0.76484,0.68611,0.78047,0.64722,0.79219,0.62083,0.80234,0.60139,0.62160,0.83940,0.9997,0.73930,1.00000,0.8348,0.72093,0.80795,0.9967,0.70329,0.75609,0.70469,0.79028,118.08,0.9917,live,0.0899,0.1105,81.93,741.32
148665.830471,60.0,0.1541,2,2,0,0.70547,0.78750,0.66953,0.74861,0.65000,0.69167,0.65859,0.64444,0.67109,0.60139,0.68828,0.60972,0.69219,0.56528,0.69688,0.54722,0.70156,0.54583,0.71875,0.61389,0.72734,0.55833,0.73359,0.53472,0.73828,0.53056,0.74375,0.64028,0.75938,0.58472,0.77109,0.55833,0.78047,0.55000,0.76484,0.68194,0.78125,0.64167,0.79297,0.61389,0.80234,0.59583,0.62069,0.83929,0.9996,0.73759,1.00000,0.8278,0.72181,0.80669,0.9967,0.70373,0.76237,0.70547,0.78750,118.61,0.9919,live,0.0899,0.1030,75.98,737.76
148665.896009,60.0,0.2197,2,2,0,0.70625,0.78056,0.67109,0.74167,0.65156,0.68611,0.65859,0.63889,0.67188,0.59583,0.68828,0.60278,0.69063,0.55833,0.69688,0.54028,0.70547,0.53472,0.71875,0.60694,0.72578,0.55139,0.73281,0.52778,0.73906,0.51944,0.74453,0.63194,0.75859,0.57917,0.76953,0.55278,0.77969,0.54167,0.76641,0.67222,0.78281,0.63194,0.79375,0.60417,0.80391,0.58472,0.61934,0.83916,0.9996,0.73772,1.00000,0.8212,0.72308,0.80552,0.9965,0.70423,0.76601,0.70625,0.78056,119.37,0.9907,live,0.0899,0.1070,78.63,735.17
148665.963022,60.0,0.2867,2,2,0,0.70703,0.76389,0.66953,0.72778,0.65156,0.67083,0.66094,0.62361,0.67266,0.57917,0.68750,0.58472,0.68984,0.54167,0.69766,0.52222,0.70703,0.51667,0.71797,0.59028,0.72578,0.53333,0.73359,0.51250,0.74062,0.50417,0.74375,0.61528,0.75781,0.56389,0.76953,0.53750,0.78047,0.52500,0.76562,0.65556,0.78203,0.61389,0.79375,0.58889,0.80547,0.56667,0.61899,0.83541,0.9996,0.73715,1.00000,0.8202,0.72307,0.79180,0.9966,0.70479,0.76558,0.70703,0.76389,119.41,0.9916,live,0.0899,0.0737,54.00,732.93
148666.029862,60.0,0.3535,2,2,0,0.70703,0.74861,0.67031,0.70694,0.65312,0.65000,0.66250,0.60139,0.67188,0.55694,0.68984,0.56250,0.69219,0.51944,0.69766,0.50278,0.70547,0.49028,0.72031,0.56806,0.72656,0.51389,0.73359,0.49167,0.74141,0.47361,0.74453,0.59306,0.75938,0.53889,0.77109,0.51389,0.78203,0.49583,0.76641,0.63333,0.78281,0.59028,0.79609,0.56667,0.80859,0.54306,0.61901,0.83501,0.9996,0.73888,1.00000,0.8190,0.72280,0.75777,0.9966,0.70524,0.76219,0.70703,0.74861,122.48,0.9888,live,0.0840,0.0568,41.68,733.16
148666.096497,60.0,0.4202,2,2,0,0.70937,0.72639,0.67188,0.68333,0.65547,0.62639,0.66406,0.57639,0.67109,0.52917,0.69219,0.53611,0.69453,0.48889,0.70000,0.46806,0.70781,0.45556,0.72266,0.54028,0.72891,0.48472,0.73516,0.45694,0.74219,0.43750,0.74766,0.56250,0.76172,0.50833,0.77266,0.48194,0.78359,0.46111,0.76875,0.60139,0.78672,0.55972,0.79922,0.53611,0.81172,0.51111,0.61901,0.83021,0.9996,0.73925,1.00000,0.8197,0.72278,0.73150,0.9967,0.70607,0.75503,0.70937,0.72639,125.08,0.9845,live,0.0764,0.0420,30.90,735.24
148666.163211,60.0,0.4869,2,2,0,0.70859,0.70139,0.67188,0.65417,0.65703,0.59583,0.66563,0.54444,0.67266,0.49583,0.69297,0.50417,0.69453,0.45972,0.70078,0.43750,0.71016,0.41667,0.72344,0.50694,0.72969,0.45556,0.73594,0.42778,0.74219,0.39861,0.74766,0.53056,0.76172,0.47917,0.77187,0.45000,0.78203,0.42361,0.76875,0.56944,0.78594,0.52917,0.79844,0.50417,0.81094,0.47639,0.62135,0.83000,0.9996,0.74916,1.00000,0.8261,0.72133,0.70514,0.9968,0.70657,0.74430,0.70859,0.70139,128.69,0.9874,live,0.0679,0.0293,21.68,739.67
148666.230554,60.0,0.5542,2,2,0,0.70937,0.67500,0.67188,0.62500,0.65703,0.56389,0.66875,0.51111,0.67578,0.46111,0.69531,0.47639,0.69766,0.42917,0.70234,0.40278,0.71016,0.37778,0.72578,0.47917,0.73125,0.42222,0.73672,0.39028,0.74297,0.35833,0.74922,0.50139,0.76250,0.44583,0.77187,0.41389,0.78281,0.38472,0.77031,0.53889,0.78672,0.49444,0.79844,0.46667,0.81016,0.43611,0.61917,0.83183,0.9997,0.75155,1.00000,0.8256,0.72117,0.67835,0.9968,0.70713,0.73044,0.70937,0.67500,129.49,0.9841,live,0.0620,0.0352,26.16,744.14
148666.296149,60.0,0.6198,2,2,0,0.71016,0.64861,0.67266,0.60000,0.65859,0.53750,0.66953,0.48194,0.67578,0.43194,0.69531,0.44861,0.69766,0.39861,0.70312,0.37083,0.71094,0.34306,0.72578,0.45139,0.73203,0.39167,0.73672,0.35833,0.74375,0.32500,0.74922,0.47083,0.76250,0.41250,0.77187,0.37917,0.78203,0.34861,0.77031,0.50694,0.78594,0.46111,0.79688,0.43333,0.80781,0.40417,0.61612,0.82786,0.9997,0.75425,1.00000,0.8289,0.72199,0.64862,0.9969,0.70774,0.71408,0.71016,0.64861,130.31,0.9759,live,0.0620,0.0505,37.82,748.67
148666.363411,60.0,0.6871,2,2,0,0.70859,0.62917,0.67188,0.57778,0.65781,0.51528,0.66875,0.45833,0.67500,0.40556,0.69531,0.42639,0.69766,0.37361,0.70312,0.34583,0.71016,0.31667,0.72422,0.42778,0.73125,0.36528,0.73594,0.32917,0.74141,0.29306,0.74766,0.44722,0.76094,0.38750,0.77031,0.35278,0.77969,0.31944,0.76875,0.48194,0.78438,0.43472,0.79531,0.40556,0.80469,0.37361,0.61421,0.82758,0.9997,0.75511,1.00000,0.8336,0.72110,0.62063,0.9970,0.70791,0.69709,0.70859,0.62917,131.63,0.9744,live,0.0620,0.0662,49.91,753.60
148666.430006,60.0,0.7537,2,2,0,0.70625,0.61944,0.67031,0.56250,0.65625,0.50000,0.66641,0.44167,0.67500,0.39028,0.69375,0.41389,0.69531,0.35833,0.70000,0.32639,0.70703,0.29444,0.72109,0.41528,0.72734,0.35000,0.73203,0.31250,0.73672,0.27222,0.74453,0.43333,0.75781,0.36806,0.76562,0.33194,0.77422,0.29583,0.76562,0.46667,0.78125,0.41528,0.79141,0.38333,0.80000,0.35000,0.61246,0.82751,0.9997,0.75549,1.00000,0.8366,0.72180,0.60994,0.9971,0.70758,0.68156,0.70625,0.61944,132.58,0.9708,live,0.0620,0.0805,61.04,758.63
148666.496834,60.0,0.8205,2,2,0,0.70703,0.60972,0.67109,0.55278,0.65781,0.48750,0.66797,0.42917,0.67578,0.37639,0.69219,0.40139,0.69453,0.34444,0.69922,0.31250,0.70625,0.27917,0.71953,0.40278,0.72656,0.33611,0.73125,0.29861,0.73594,0.25833,0.74219,0.42083,0.75547,0.35417,0.76406,0.31667,0.77187,0.28056,0.76406,0.45417,0.77891,0.40139,0.78906,0.36944,0.79766,0.33472,0.61236,0.82833,0.9997,0.75690,1.00000,0.8330,0.72194,0.60614,0.9971,0.70747,0.66720,0.70703,0.60972,133.57,0.9702,live,0.0676,0.0929,70.95,763.76
148666.563792,60.0,0.8875,2,2,0,0.70781,0.60417,0.67188,0.54583,0.65859,0.48056,0.66797,0.42083,0.67578,0.36944,0.69141,0.39583,0.69453,0.33611,0.69922,0.30278,0.70469,0.26667,0.71953,0.39722,0.72734,0.33194,0.73125,0.29444,0.73516,0.25139,0.74219,0.41389,0.75625,0.34861,0.76406,0.31111,0.77031,0.27222,0.76406,0.44583,0.77891,0.39444,0.78828,0.36250,0.79609,0.32778,0.61185,0.82977,0.9997,0.75762,1.00000,0.8356,0.72201,0.60085,0.9973,0.70754,0.65459,0.70781,0.60417,133.94,0.9663,live,0.0736,0.1009,77.55,768.55
148666.630233,60.0,0.9539,2,2,0,0.70859,0.60139,0.67344,0.54306,0.66094,0.47778,0.66953,0.41806,0.67734,0.36806,0.69375,0.39444,0.69688,0.33611,0.70078,0.30278,0.70547,0.26806,0.72109,0.39444,0.72891,0.32917,0.73281,0.29167,0.73594,0.25139,0.74375,0.41111,0.75703,0.34722,0.76406,0.30833,0.77109,0.27083,0.76484,0.44167,0.77891,0.39167,0.78828,0.35972,0.79609,0.32500,0.61187,0.82980,0.9997,0.75801,1.00000,0.8347,0.72556,0.59704,0.9972,0.70775,0.64395,0.70859,0.60139,133.22,0.9706,live,0.0790,0.1036,80.01,772.24
148666.696700,60.0,0.0204,2,1,1,0.71016,0.60000,0.67500,0.54306,0.66172,0.47917,0.67109,0.41944,0.67891,0.36944,0.69453,0.39167,0.69766,0.33472,0.70156,0.30278,0.70703,0.26806,0.72266,0.39306,0.72969,0.32917,0.73359,0.29306,0.73750,0.25278,0.74531,0.40972,0.75781,0.34722,0.76562,0.30972,0.77266,0.27222,0.76641,0.44167,0.78047,0.39306,0.78984,0.36111,0.79766,0.32639,0.61370,0.82984,0.9997,0.75823,1.00000,0.8373,0.72575,0.58282,0.9973,0.70823,0.63516,0.71016,0.60000,133.70,0.9728,live,0.0790,0.1013,78.61,775.84
148666.763591,60.0,0.0873,2,1,1,0.71016,0.60000,0.67500,0.54444,0.66250,0.48056,0.67188,0.42083,0.67891,0.36944,0.69531,0.39444,0.69844,0.33611,0.70234,0.30417,0.70781,0.26944,0.72344,0.39444,0.73047,0.33056,0.73438,0.29444,0.73828,0.25278,0.74531,0.41111,0.75859,0.34861,0.76641,0.31111,0.77344,0.27361,0.76641,0.44306,0.78047,0.39444,0.78984,0.36250,0.79766,0.32778,0.61484,0.83206,0.9997,0.76084,1.00000,0.8389,0.72605,0.58656,0.9974,0.70862,0.62813,0.71016,0.60000,132.42,0.9762,live,0.0790,0.0947,73.69,778.08
148666.830220,60.0,0.1539,2,1,1,0.71172,0.60278,0.67578,0.54861,0.66328,0.48472,0.67188,0.42639,0.67891,0.37361,0.69609,0.39722,0.69844,0.33889,0.70234,0.30694,0.70781,0.27222,0.72422,0.39722,0.73047,0.33333,0.73516,0.29722,0.73906,0.25556,0.74609,0.41389,0.75938,0.35139,0.76719,0.31389,0.77422,0.27639,0.76719,0.44722,0.78047,0.39722,0.78984,0.36528,0.79766,0.33194,0.61491,0.83434,0.9997,0.76211,1.00000,0.8425,0.72653,0.58755,0.9975,0.70924,0.62306,0.71172,0.60278,132.17,0.9736,live,0.0790,0.0992,77.36,779.87
148666.896584,60.0,0.2203,2,1,1,0.71016,0.60694,0.67578,0.55278,0.66406,0.48889,0.67344,0.43056,0.67969,0.38056,0.69766,0.40000,0.70000,0.34444,0.70312,0.31389,0.70781,0.28194,0.72578,0.40139,0.73203,0.33750,0.73516,0.30139,0.73906,0.26111,0.74766,0.41806,0.76016,0.35556,0.76797,0.31944,0.77578,0.28333,0.76875,0.45139,0.78125,0.40139,0.79063,0.37083,0.79922,0.33750,0.61532,0.83470,0.9997,0.76236,1.00000,0.8442,0.72743,0.58893,0.9976,0.70942,0.61983,0.71016,0.60694,133.06,0.9786,live,0.0790,0.0712,55.68,782.09
148666.963521,60.0,0.2872,2,1,1,0.71250,0.61667,0.67734,0.56250,0.66484,0.49861,0.67344,0.44028,0.68047,0.38889,0.69922,0.41111,0.70156,0.35417,0.70469,0.32361,0.71094,0.29306,0.72734,0.41250,0.73359,0.34583,0.73750,0.30972,0.74141,0.27083,0.75000,0.42917,0.76250,0.36528,0.77109,0.32917,0.77891,0.29306,0.77031,0.46250,0.78359,0.41250,0.79297,0.38194,0.80156,0.34861,0.61622,0.83421,0.9997,0.75932,1.00000,0.8424,0.72736,0.59355,0.9977,0.71004,0.61920,0.71250,0.61667,132.21,0.9696,live,0.0790,0.0575,45.02,783.43
148667.030853,60.0,0.3545,2,1,1,0.71484,0.63333,0.67969,0.57500,0.66797,0.51250,0.67734,0.45417,0.68281,0.40278,0.70234,0.42500,0.70469,0.36944,0.71016,0.34028,0.71719,0.31250,0.73047,0.42639,0.73594,0.36111,0.74062,0.32639,0.74453,0.28750,0.75313,0.44444,0.76719,0.38333,0.77500,0.34722,0.78359,0.31250,0.77422,0.47917,0.78828,0.43056,0.79844,0.40139,0.80859,0.36806,0.61630,0.83349,0.9997,0.75995,1.00000,0.8435,0.72818,0.60021,0.9978,0.71100,0.62203,0.71484,0.63333,133.91,0.9827,live,0.0728,0.0443,34.85,785.83
148667.096741,60.0,0.4204,2,1,1,0.71953,0.65694,0.68516,0.59722,0.67422,0.53194,0.68516,0.47500,0.69063,0.42361,0.71172,0.45000,0.71562,0.39583,0.72109,0.36944,0.72813,0.34167,0.73984,0.45417,0.74766,0.39167,0.75313,0.35972,0.75859,0.32361,0.76250,0.47222,0.77734,0.41250,0.78672,0.37778,0.79688,0.34444,0.78281,0.50694,0.79844,0.45833,0.80937,0.43056,0.81953,0.40000,0.61825,0.82679,0.9997,0.76026,1.00000,0.8434,0.72895,0.62232,0.9978,0.71270,0.62901,0.71953,0.65694,133.11,0.9860,live,0.0677,0.0447,35.20,787.37
148667.163643,60.0,0.4873,2,1,1,0.72734,0.68750,0.69219,0.62917,0.68125,0.56389,0.69297,0.50833,0.70078,0.45972,0.72109,0.48194,0.72422,0.43056,0.73125,0.40556,0.74141,0.37917,0.75000,0.48611,0.75859,0.42639,0.76562,0.39444,0.77344,0.35972,0.77266,0.50833,0.78906,0.44861,0.79922,0.41667,0.81094,0.38472,0.79375,0.54583,0.81172,0.49861,0.82266,0.46944,0.83359,0.43750,0.61840,0.82698,0.9997,0.78990,1.00000,0.8459,0.73761,0.66244,0.9978,0.71563,0.64071,0.72734,0.68750,133.15,0.9781,live,0.0618,0.0349,27.51,788.76
148667.230443,60.0,0.5541,2,1,1,0.73281,0.71528,0.69688,0.65972,0.68516,0.59583,0.70000,0.54306,0.71016,0.49444,0.72813,0.51250,0.73359,0.46250,0.74219,0.43889,0.75391,0.41667,0.75859,0.51667,0.76797,0.45972,0.77656,0.43056,0.78750,0.39861,0.78203,0.54028,0.79844,0.48472,0.81094,0.45417,0.82500,0.42639,0.80234,0.57917,0.82109,0.53750,0.83437,0.51111,0.84766,0.48333,0.61745,0.83000,0.9997,0.78110,1.00000,0.8451,0.74004,0.69303,0.9978,0.71907,0.65562,0.73281,0.71528,132.93,0.9703,live,0.0618,0.0376,29.67,789.81
148667.296883,60.0,0.6206,2,1,1,0.73750,0.74167,0.70156,0.68889,0.68984,0.62361,0.70547,0.57222,0.71641,0.52639,0.73516,0.54167,0.74062,0.49306,0.75078,0.47083,0.76484,0.45417,0.76562,0.54861,0.77656,0.49028,0.78672,0.46250,0.80000,0.43750,0.78906,0.57222,0.80625,0.51667,0.82031,0.48889,0.83672,0.46389,0.80859,0.61250,0.82812,0.57083,0.84297,0.54722,0.85859,0.52222,0.61782,0.84677,0.9997,0.77449,1.00000,0.8449,0.74855,0.72102,0.9976,0.72275,0.67283,0.73750,0.74167,131.17,0.9690,live,0.0618,0.0540,42.64,789.48
148667.363750,60.0,0.6874,2,1,1,0.74062,0.76250,0.70547,0.71111,0.69375,0.64583,0.70937,0.59722,0.72344,0.55417,0.73984,0.56528,0.74687,0.51944,0.75938,0.50000,0.77500,0.48611,0.77031,0.57361,0.78281,0.51944,0.79531,0.49583,0.80937,0.47500,0.79453,0.60000,0.81250,0.54722,0.82812,0.52222,0.84531,0.50278,0.81484,0.64167,0.83516,0.60139,0.85156,0.57917,0.86797,0.55694,0.61706,0.84653,0.9997,0.76490,1.00000,0.8403,0.74966,0.74852,0.9975,0.72633,0.69077,0.74062,0.76250,130.67,0.9751,live,0.0618,0.0710,55.98,788.82
148667.430470,60.0,0.7541,2,1,1,0.74297,0.77778,0.70859,0.72639,0.69688,0.66389,0.71328,0.61667,0.72969,0.57361,0.74375,0.58472,0.75313,0.54167,0.76641,0.52500,0.78359,0.51389,0.77500,0.59306,0.78828,0.54028,0.80156,0.51944,0.81719,0.50417,0.79922,0.61944,0.81797,0.56944,0.83437,0.54583,0.85313,0.53056,0.81875,0.66111,0.84141,0.62361,0.85781,0.60139,0.87500,0.58194,0.61707,0.84572,0.9997,0.76529,1.00000,0.8397,0.75718,0.76376,0.9975,0.72966,0.70817,0.74297,0.77778,129.28,0.9707,live,0.0665,0.0878,69.09,787.25
148667.496906,60.0,0.8206,2,1,1,0.74531,0.78889,0.71172,0.73750,0.70000,0.67639,0.71719,0.63056,0.73359,0.58750,0.74766,0.59861,0.75547,0.55417,0.76875,0.53750,0.78594,0.53056,0.77891,0.60694,0.79297,0.55000,0.80625,0.53333,0.82188,0.52639,0.80234,0.63333,0.82344,0.58194,0.84141,0.55972,0.86016,0.54722,0.82188,0.67639,0.84531,0.63889,0.86328,0.61806,0.88047,0.60000,0.61731,0.84539,0.9997,0.75903,1.00000,0.8415,0.76226,0.78409,0.9976,0.73279,0.72431,0.74531,0.78889,128.08,0.9664,live,0.0731,0.1033,81.09,785.00
148667.564140,60.0,0.8878,2,1,1,0.74687,0.79306,0.71406,0.74167,0.70234,0.68194,0.71875,0.63611,0.73594,0.59583,0.75000,0.60278,0.75938,0.55972,0.77266,0.54583,0.79063,0.53889,0.78125,0.61250,0.79609,0.55833,0.80937,0.54167,0.82500,0.53611,0.80469,0.64028,0.82656,0.59028,0.84453,0.56806,0.86406,0.55556,0.82422,0.68333,0.84844,0.64722,0.86641,0.62778,0.88359,0.60833,0.62070,0.84615,0.9996,0.75916,1.00000,0.8391,0.76465,0.79556,0.9973,0.73561,0.73806,0.74687,0.79306,128.07,0.9697,live,0.0805,0.1140,89.28,783.00
148667.630835,60.0,0.9545,2,1,1,0.74922,0.79444,0.71484,0.74444,0.70156,0.68472,0.71953,0.64028,0.73750,0.60139,0.75078,0.60833,0.76016,0.56528,0.77500,0.55139,0.79453,0.54444,0.78203,0.61806,0.79844,0.56389,0.81172,0.54861,0.82812,0.54306,0.80547,0.64444,0.82891,0.59583,0.84688,0.57500,0.86641,0.56250,0.82578,0.68750,0.85000,0.65139,0.86797,0.63333,0.88594,0.61528,0.62113,0.84947,0.9996,0.75695,1.00000,0.8353,0.76461,0.79706,0.9971,0.73833,0.74934,0.74922,0.79444,126.01,0.9633,live,0.0886,0.1258,98.11,779.77
148667.697176,60.0,0.0209,2,2,0,0.74844,0.79306,0.71484,0.74583,0.70234,0.68750,0.71953,0.64306,0.73828,0.60417,0.75078,0.60972,0.76016,0.56806,0.77422,0.55278,0.79375,0.54583,0.78281,0.61944,0.80000,0.56667,0.81328,0.55139,0.82969,0.54583,0.80625,0.64722,0.82969,0.59861,0.84766,0.57778,0.86719,0.56528,0.82578,0.69028,0.85078,0.65417,0.86875,0.63472,0.88672,0.61806,0.62116,0.84935,0.9996,0.74868,1.00000,0.8314,0.76580,0.79963,0.9969,0.74035,0.75808,0.74844,0.79306,125.08,0.9738,live,0.0936,0.1162,90.24,776.26
148667.764069,60.0,0.0877,2,2,0,0.74922,0.79444,0.71484,0.74583,0.70391,0.68611,0.72188,0.64028,0.73828,0.59722,0.75234,0.60972,0.76094,0.56667,0.77500,0.55139,0.79297,0.54444,0.78359,0.61944,0.79922,0.56389,0.81250,0.54722,0.82734,0.54167,0.80703,0.64583,0.82969,0.59583,0.84766,0.57500,0.86719,0.56389,0.82656,0.68889,0.85078,0.65139,0.86875,0.63194,0.88672,0.61389,0.62099,0.84993,0.9996,0.74867,1.00000,0.8275,0.76644,0.80424,0.9967,0.74212,0.76535,0.74922,0.79444,125.53,0.9661,live,0.0936,0.1090,84.34,773.49
148667.830801,60.0,0.1545,2,2,0,0.74766,0.78611,0.71406,0.73750,0.70234,0.67639,0.71953,0.63056,0.73672,0.58889,0.75156,0.60139,0.75859,0.55694,0.77187,0.54306,0.79063,0.53611,0.78203,0.61111,0.79531,0.55556,0.80781,0.53611,0.82422,0.52639,0.80547,0.63750,0.82578,0.58611,0.84375,0.56389,0.86406,0.55278,0.82578,0.68056,0.84922,0.63889,0.86719,0.61806,0.88594,0.60000,0.62039,0.84782,0.9996,0.74578,1.00000,0.8217,0.76547,0.80237,0.9963,0.74323,0.76951,0.74766,0.78611,125.74,0.9735,live,0.0936,0.0964,74.38,771.20
148667.897213,60.0,0.2209,2,2,0,0.74844,0.77083,0.71250,0.72361,0.70000,0.66111,0.71797,0.61528,0.73359,0.57361,0.74844,0.58333,0.75703,0.53889,0.77109,0.52222,0.78906,0.51111,0.77969,0.59167,0.79297,0.53889,0.80625,0.51667,0.82109,0.50417,0.80312,0.61806,0.82344,0.56806,0.84062,0.54444,0.85938,0.52917,0.82266,0.66111,0.84688,0.62083,0.86562,0.60000,0.88359,0.57917,0.61865,0.84778,0.9996,0.74731,1.00000,0.8241,0.76490,0.78541,0.9963,0.74427,0.76977,0.74844,0.77083,125.97,0.9710,live,0.0936,0.0797,61.35,769.36
148667.963939,60.0,0.2876,2,2,0,0.74609,0.74861,0.70937,0.70000,0.69844,0.63472,0.71719,0.58750,0.73125,0.54444,0.74609,0.55556,0.75313,0.51111,0.76641,0.49167,0.78281,0.47917,0.77656,0.56528,0.78906,0.50833,0.80234,0.48472,0.81797,0.46806,0.80000,0.59167,0.81875,0.53889,0.83516,0.51111,0.85313,0.49444,0.82031,0.63472,0.84297,0.59167,0.86016,0.56944,0.87734,0.54722,0.61859,0.84718,0.9996,0.74813,1.00000,0.8249,0.76351,0.76518,0.9965,0.74464,0.76554,0.74609,0.74861,128.23,0.9709,live,0.0881,0.0628,48.32,769.36
148668.030642,60.0,0.3543,2,2,0,0.74297,0.72083,0.70703,0.66667,0.69531,0.60139,0.71094,0.55139,0.72188,0.50556,0.74062,0.52222,0.74609,0.47500,0.75781,0.45278,0.77344,0.43472,0.77187,0.52917,0.78281,0.47361,0.79531,0.44722,0.81016,0.42361,0.79531,0.55417,0.81406,0.50000,0.82891,0.46944,0.84609,0.44722,0.81641,0.59583,0.83750,0.55000,0.85313,0.52639,0.86797,0.50278,0.61975,0.85019,0.9996,0.77166,1.00000,0.8285,0.76346,0.74624,0.9966,0.74430,0.75660,0.74297,0.72083,131.64,0.9691,live,0.0806,0.0467,36.07,771.82
148668.097302,60.0,0.4210,2,2,0,0.73828,0.68472,0.70234,0.63056,0.68984,0.56528,0.70391,0.51389,0.71484,0.46806,0.73281,0.48194,0.73828,0.43472,0.74922,0.40972,0.76406,0.38889,0.76406,0.48889,0.77422,0.43194,0.78516,0.40278,0.79844,0.37500,0.78750,0.51250,0.80547,0.45556,0.81953,0.42361,0.83437,0.39722,0.80859,0.55278,0.82969,0.50694,0.84375,0.48194,0.85781,0.45417,0.61987,0.85073,0.9996,0.78205,1.00000,0.8312,0.75944,0.68770,0.9968,0.74310,0.74222,0.73828,0.68472,132.86,0.9629,live,0.0721,0.0330,25.59,774.86
148668.164148,60.0,0.4878,2,2,0,0.73516,0.65000,0.69766,0.59861,0.68437,0.53194,0.69766,0.47778,0.70781,0.42917,0.72656,0.44722,0.73125,0.39583,0.74062,0.36944,0.75391,0.34722,0.75703,0.45278,0.76641,0.39167,0.77578,0.35833,0.78750,0.32778,0.77969,0.47500,0.79766,0.41389,0.81016,0.37917,0.82266,0.35000,0.80156,0.51250,0.82109,0.46389,0.83516,0.43750,0.84844,0.40972,0.62027,0.85436,0.9996,0.78945,1.00000,0.8303,0.75723,0.66676,0.9970,0.74151,0.72378,0.73516,0.65000,132.13,0.9463,live,0.0670,0.0439,34.08,777.01
148668.230871,60.0,0.5545,2,2,0,0.72891,0.62222,0.69219,0.56806,0.67969,0.50139,0.69297,0.44444,0.70156,0.39583,0.72031,0.41806,0.72422,0.36528,0.73281,0.33611,0.74375,0.30833,0.74922,0.42222,0.75781,0.35972,0.76484,0.32361,0.77422,0.28750,0.77266,0.44167,0.78828,0.37917,0.79844,0.34306,0.80937,0.30972,0.79375,0.47778,0.81172,0.42778,0.82422,0.39861,0.83516,0.36806,0.62022,0.85171,0.9996,0.77781,1.00000,0.8301,0.74906,0.62689,0.9970,0.73899,0.70347,0.72891,0.62222,132.54,0.9622,live,0.0670,0.0620,48.28,779.20
148668.297139,60.0,0.6208,2,2,0,0.72344,0.60278,0.68828,0.55000,0.67578,0.48194,0.68750,0.42222,0.69453,0.36944,0.71250,0.40000,0.71641,0.34306,0.72344,0.31250,0.73359,0.28333,0.74141,0.40139,0.74844,0.33472,0.75547,0.29583,0.76250,0.25833,0.76406,0.41944,0.77891,0.35278,0.78828,0.31389,0.79844,0.27639,0.78516,0.45278,0.80234,0.40000,0.81406,0.36944,0.82422,0.33611,0.62036,0.83957,0.9996,0.76714,1.00000,0.8297,0.74380,0.60627,0.9971,0.73588,0.68333,0.72344,0.60278,131.94,0.9664,live,0.0670,0.0810,63.24,780.69
148668.364742,60.0,0.6884,2,2,0,0.71953,0.59167,0.68516,0.53611,0.67266,0.46806,0.68359,0.40972,0.69141,0.35694,0.70859,0.38750,0.71172,0.32917,0.71797,0.29583,0.72578,0.26250,0.73594,0.38750,0.74375,0.31944,0.74922,0.27917,0.75547,0.23750,0.75859,0.40417,0.77266,0.33750,0.78203,0.29722,0.79063,0.25833,0.77969,0.43611,0.79609,0.38333,0.80703,0.35000,0.81641,0.31528,0.61893,0.83967,0.9996,0.76844,1.00000,0.8362,0.74156,0.58502,0.9972,0.73261,0.66500,0.71953,0.59167,132.39,0.9731,live,0.0726,0.0984,76.99,782.33
148668.430712,60.0,0.7544,2,2,0,0.71719,0.58333,0.68281,0.52639,0.67109,0.45972,0.68047,0.40139,0.68828,0.35000,0.70547,0.38194,0.70625,0.32361,0.71094,0.28889,0.71875,0.25417,0.73203,0.38056,0.73906,0.31250,0.74375,0.26944,0.75000,0.22500,0.75391,0.39722,0.76719,0.32917,0.77578,0.28750,0.78359,0.24861,0.77500,0.42778,0.79063,0.37361,0.80156,0.34028,0.81094,0.30556,0.61912,0.84020,0.9996,0.79248,1.00000,0.8391,0.74175,0.57841,0.9973,0.72952,0.64866,0.71719,0.58333,130.54,0.9724,live,0.0801,0.1142,89.32,782.44
148668.497435,60.0,0.8211,2,2,0,0.71719,0.57917,0.68281,0.52361,0.66953,0.45694,0.67812,0.39722,0.68750,0.34583,0.70312,0.37778,0.70547,0.31806,0.70937,0.28472,0.71484,0.25000,0.72969,0.37639,0.73672,0.30972,0.74141,0.26806,0.74609,0.22361,0.75234,0.39306,0.76484,0.32500,0.77266,0.28333,0.78047,0.24444,0.77344,0.42361,0.78906,0.37083,0.79922,0.33611,0.80703,0.30139,0.61927,0.84318,0.9996,0.78517,1.00000,0.8439,0.73989,0.57913,0.9974,0.72706,0.63476,0.71719,0.57917,130.50,0.9693,live,0.0880,0.1237,96.81,782.51
148668.564274,60.0,0.8880,2,2,0,0.71719,0.58056,0.68281,0.52361,0.67031,0.45833,0.67969,0.39722,0.68828,0.34583,0.70312,0.37500,0.70547,0.31667,0.70937,0.28194,0.71484,0.24722,0.73047,0.37500,0.73828,0.30833,0.74219,0.26667,0.74687,0.22361,0.75234,0.39167,0.76562,0.32500,0.77344,0.28472,0.78047,0.24583,0.77344,0.42222,0.78828,0.37083,0.79844,0.33750,0.80625,0.30139,0.61903,0.84326,0.9996,0.77641,1.00000,0.8478,0.74001,0.57982,0.9975,0.72508,0.62392,0.71719,0.58056,132.28,0.9727,live,0.0948,0.1258,98.64,783.85
148668.631223,60.0,0.9549,2,2,0,0.71797,0.58056,0.68281,0.52500,0.67031,0.45833,0.67969,0.39861,0.68828,0.34722,0.70312,0.37500,0.70625,0.31667,0.71016,0.28333,0.71641,0.24861,0.73047,0.37500,0.73828,0.30833,0.74219,0.26944,0.74687,0.22639,0.75313,0.39167,0.76562,0.32639,0.77266,0.28611,0.77969,0.24722,0.77422,0.42222,0.78906,0.37083,0.79844,0.33750,0.80703,0.30278,0.61885,0.85101,0.9996,0.77347,1.00000,0.8543,0.73836,0.58203,0.9976,0.72366,0.61525,0.71797,0.58056,132.51,0.9720,live,0.0994,0.1207,94.75,785.19
148668.697514,60.0,0.0212,2,1,1,0.71797,0.58194,0.68359,0.52778,0.67109,0.45972,0.68047,0.40000,0.68828,0.35000,0.70391,0.37778,0.70781,0.31806,0.71172,0.28472,0.71719,0.25000,0.73125,0.37639,0.73828,0.31111,0.74297,0.27222,0.74687,0.22917,0.75391,0.39306,0.76719,0.32778,0.77422,0.28750,0.78125,0.24861,0.77500,0.42361,0.78906,0.37222,0.79922,0.34028,0.80781,0.30417,0.61924,0.85040,0.9996,0.77256,1.00000,0.8585,0.73783,0.58109,0.9977,0.72252,0.60859,0.71797,0.58194,132.31,0.9716,live,0.0994,0.1099,86.42,786.23
148668.764631,60.0,0.0883,2,1,1,0.71797,0.58333,0.68359,0.53056,0.67109,0.46389,0.68047,0.40556,0.68828,0.35417,0.70469,0.37917,0.70703,0.32083,0.71094,0.28611,0.71719,0.25139,0.73125,0.38056,0.73828,0.31389,0.74297,0.27500,0.74766,0.23194,0.75391,0.39722,0.76641,0.33194,0.77422,0.29167,0.78125,0.25139,0.77422,0.42778,0.78906,0.37639,0.79922,0.34306,0.80781,0.30833,0.61912,0.85075,0.9996,0.77030,1.00000,0.8610,0.73787,0.58340,0.9977,0.72161,0.60354,0.71797,0.58333,130.94,0.9750,live,0.0994,0.0958,75.31,786.16
148668.831377,60.0,0.1551,2,1,1,0.71719,0.58889,0.68281,0.53472,0.67109,0.46806,0.68125,0.40972,0.68828,0.35694,0.70391,0.38333,0.70703,0.32500,0.71094,0.29167,0.71719,0.25833,0.73125,0.38333,0.73828,0.31806,0.74297,0.28056,0.74844,0.24028,0.75313,0.40000,0.76641,0.33611,0.77344,0.29583,0.78125,0.25833,0.77344,0.43056,0.78828,0.38056,0.79844,0.34722,0.80703,0.31389,0.61996,0.85047,0.9996,0.78103,1.00000,0.8643,0.73741,0.58410,0.9977,0.72073,0.60061,0.71719,0.58889,132.04,0.9740,live,0.0994,0.0796,62.64,786.89
148668.897498,60.0,0.2212,2,1,1,0.71641,0.59444,0.68203,0.54167,0.67031,0.47639,0.67969,0.41806,0.68672,0.36806,0.70391,0.39028,0.70625,0.33333,0.71016,0.30000,0.71562,0.26667,0.73047,0.39028,0.73750,0.32500,0.74219,0.28750,0.74687,0.24722,0.75313,0.40694,0.76562,0.34167,0.77344,0.30417,0.78047,0.26667,0.77344,0.43750,0.78828,0.38611,0.79766,0.35417,0.80625,0.32083,0.62017,0.84941,0.9996,0.77376,1.00000,0.8643,0.73726,0.58520,0.9977,0.71986,0.59937,0.71641,0.59444,131.44,0.9721,live,0.0930,0.0635,49.99,787.10
148668.964575,60.0,0.2883,2,1,1,0.71484,0.61250,0.67969,0.55694,0.66797,0.49167,0.67734,0.43194,0.68281,0.37917,0.70156,0.40833,0.70391,0.35139,0.70781,0.31667,0.71406,0.28333,0.72891,0.40833,0.73438,0.34028,0.73906,0.30278,0.74375,0.26528,0.75156,0.42361,0.76328,0.35694,0.77109,0.31944,0.77969,0.28472,0.77266,0.45417,0.78672,0.40139,0.79688,0.36944,0.80547,0.33611,0.61996,0.84003,0.9996,0.76491,1.00000,0.8615,0.73332,0.59054,0.9976,0.71886,0.60200,0.71484,0.61250,132.20,0.9659,live,0.0878,0.0640,50.42,787.83
148669.031038,60.0,0.3547,2,1,1,0.71328,0.63611,0.67812,0.57917,0.66406,0.51528,0.67266,0.45833,0.67891,0.40694,0.69766,0.43194,0.70000,0.37500,0.70469,0.34306,0.71094,0.31250,0.72500,0.43194,0.73047,0.36528,0.73438,0.32778,0.73984,0.29028,0.74766,0.44861,0.75938,0.38472,0.76641,0.34861,0.77500,0.31389,0.76953,0.47917,0.78359,0.42778,0.79297,0.39722,0.80156,0.36528,0.62111,0.83487,0.9996,0.76517,1.00000,0.8607,0.73172,0.60440,0.9974,0.71774,0.60882,0.71328,0.63611,132.05,0.9730,live,0.0784,0.0357,28.13,788.37
148669.097725,60.0,0.4214,2,1,1,0.71172,0.66111,0.67656,0.60556,0.66172,0.54583,0.66953,0.49028,0.67500,0.43750,0.69453,0.45556,0.69766,0.40278,0.70234,0.37639,0.70859,0.34861,0.72344,0.45556,0.72891,0.39444,0.73359,0.36389,0.73828,0.32917,0.74609,0.47222,0.75781,0.41667,0.76562,0.38333,0.77344,0.35278,0.76719,0.50556,0.78125,0.45833,0.79063,0.43056,0.79922,0.40000,0.62245,0.82857,0.9996,0.76555,1.00000,0.8631,0.72770,0.63577,0.9975,0.71654,0.61928,0.71172,0.66111,132.68,0.9802,live,0.0690,0.0263,20.78,789.29
148669.164789,60.0,0.4885,2,1,1,0.71016,0.68333,0.67500,0.63056,0.65703,0.57361,0.66328,0.51944,0.66953,0.46806,0.69063,0.48472,0.69219,0.43472,0.69609,0.40833,0.70312,0.38056,0.72031,0.48472,0.72500,0.42639,0.72891,0.39583,0.73438,0.36111,0.74375,0.50139,0.75469,0.44722,0.76172,0.41528,0.77031,0.38472,0.76484,0.53333,0.77812,0.48889,0.78828,0.46111,0.79766,0.43194,0.62242,0.82729,0.9996,0.76426,1.00000,0.8647,0.72557,0.66108,0.9975,0.71526,0.63209,0.71016,0.68333,129.68,0.9774,live,0.0625,0.0329,25.89,787.94
148669.232078,60.0,0.5558,2,1,1,0.70547,0.70139,0.66953,0.65417,0.65156,0.60000,0.65859,0.54722,0.66484,0.49722,0.68516,0.50972,0.68672,0.45556,0.69141,0.43194,0.69844,0.41528,0.71484,0.50833,0.71953,0.45000,0.72422,0.42083,0.72891,0.39583,0.73906,0.52639,0.75000,0.47222,0.75781,0.44028,0.76562,0.41667,0.76016,0.55833,0.77500,0.51667,0.78516,0.48889,0.79531,0.46389,0.62469,0.82310,0.9997,0.76209,1.00000,0.8729,0.72137,0.68330,0.9977,0.71330,0.64595,0.70547,0.70139,126.67,0.9866,live,0.0625,0.0453,35.55,784.59
148669.297976,60.0,0.6217,2,1,1,0.70234,0.72083,0.66641,0.67500,0.64766,0.62083,0.65469,0.57222,0.65938,0.52222,0.68047,0.53194,0.68047,0.48056,0.68437,0.46111,0.69141,0.44583,0.71016,0.53194,0.71406,0.47500,0.71797,0.45000,0.72344,0.42917,0.73516,0.55000,0.74453,0.49861,0.75156,0.46944,0.75938,0.44861,0.75703,0.58333,0.77031,0.54306,0.78125,0.51806,0.79141,0.49583,0.62529,0.82602,0.9997,0.77612,1.00000,0.8813,0.72047,0.71987,0.9979,0.71111,0.66093,0.70234,0.72083,125.30,0.9900,live,0.0625,0.0593,46.31,780.66
148669.365291,60.0,0.6890,2,1,1,0.69922,0.73889,0.66250,0.69722,0.64219,0.64444,0.64766,0.59583,0.65312,0.54861,0.67500,0.55694,0.67344,0.50694,0.67734,0.48889,0.68437,0.47639,0.70469,0.55694,0.70859,0.50139,0.71250,0.47917,0.71719,0.46250,0.72969,0.57500,0.73906,0.52361,0.74609,0.49583,0.75313,0.47778,0.75313,0.60833,0.76484,0.56667,0.77578,0.54306,0.78594,0.52361,0.62592,0.82728,0.9997,0.76636,1.00000,0.8866,0.71701,0.73290,0.9980,0.70873,0.67652,0.69922,0.73889,122.26,0.9879,live,0.0625,0.0744,57.63,775.01
148669.431835,60.0,0.7555,2,1,1,0.69688,0.74861,0.65938,0.71250,0.63828,0.65972,0.64297,0.61111,0.64766,0.56528,0.66953,0.57361,0.66797,0.52917,0.67188,0.50833,0.67812,0.49306,0.70000,0.57083,0.70312,0.51806,0.70703,0.49861,0.71328,0.48611,0.72578,0.58889,0.73438,0.54028,0.74141,0.51528,0.75000,0.49861,0.74922,0.62222,0.76094,0.58333,0.77109,0.56250,0.78203,0.54444,0.62705,0.82754,0.9997,0.76063,1.00000,0.8926,0.71444,0.74906,0.9981,0.70636,0.69094,0.69688,0.74861,119.92,0.9882,live,0.0672,0.0887,68.15,768.35
148669.500036,60.0,0.8237,2,1,1,0.69688,0.75139,0.65859,0.72083,0.63672,0.67083,0.63984,0.62500,0.64609,0.57917,0.66875,0.58194,0.66719,0.53750,0.67031,0.51806,0.67656,0.50833,0.69922,0.58194,0.70312,0.52778,0.70625,0.50972,0.71094,0.50139,0.72578,0.60278,0.73359,0.55139,0.74141,0.52639,0.74922,0.50972,0.74922,0.63750,0.76250,0.59722,0.77266,0.57361,0.78281,0.55139,0.62708,0.82883,0.9997,0.75705,1.00000,0.8973,0.71458,0.76869,0.9982,0.70446,0.70303,0.69688,0.75139,116.41,0.9886,live,0.0729,0.0987,75.04,759.96
148669.565629,60.0,0.8893,2,1,1,0.69766,0.75278,0.65859,0.72500,0.63594,0.67500,0.63906,0.62917,0.64531,0.58611,0.66797,0.58750,0.66641,0.54306,0.67031,0.52361,0.67734,0.51250,0.69844,0.58611,0.70234,0.53333,0.70625,0.51389,0.71094,0.50417,0.72500,0.60694,0.73359,0.55556,0.74141,0.53056,0.74922,0.51389,0.74844,0.64306,0.76250,0.60278,0.77344,0.57917,0.78281,0.55833,0.62672,0.82928,0.9997,0.75458,1.00000,0.9010,0.71451,0.76749,0.9982,0.70310,0.71298,0.69766,0.75278,114.43,0.9884,live,0.0783,0.1029,77.30,751.15
148669.632284,60.0,0.9560,2,1,1,0.69609,0.75417,0.65781,0.72778,0.63438,0.67917,0.63594,0.63333,0.64375,0.59028,0.66719,0.58889,0.66563,0.54444,0.66953,0.52500,0.67500,0.51667,0.69766,0.58750,0.70156,0.53472,0.70547,0.51528,0.70937,0.50694,0.72422,0.60694,0.73281,0.55694,0.74062,0.53194,0.74766,0.51528,0.74766,0.64306,0.76172,0.60417,0.77266,0.58056,0.78125,0.55833,0.62470,0.82936,0.9997,0.75295,1.00000,0.9045,0.71461,0.77493,0.9983,0.70170,0.72122,0.69609,0.75417,114.62,0.9902,live,0.0783,0.1020,75.81,743.54
148669.698276,60.0,0.0220,2,2,0,0.69453,0.75694,0.65547,0.72778,0.63203,0.67917,0.63438,0.63333,0.64219,0.59167,0.66563,0.58889,0.66406,0.54583,0.66797,0.52639,0.67344,0.51667,0.69609,0.58889,0.69922,0.53611,0.70312,0.51667,0.70703,0.50694,0.72266,0.60833,0.73047,0.55833,0.73828,0.53472,0.74453,0.51806,0.74609,0.64306,0.76016,0.60417,0.77109,0.58056,0.78047,0.55972,0.62380,0.83158,0.9997,0.75305,1.00000,0.9026,0.71487,0.77177,0.9982,0.70027,0.72836,0.69453,0.75694,115.74,0.9904,live,0.0783,0.0975,71.92,737.65
148669.764934,60.0,0.0886,2,2,0,0.69141,0.75417,0.65312,0.72500,0.62969,0.67361,0.63125,0.62778,0.63984,0.58611,0.66328,0.58333,0.66094,0.54167,0.66484,0.52361,0.67031,0.51250,0.69375,0.58333,0.69609,0.53194,0.69922,0.51389,0.70312,0.50278,0.71953,0.60417,0.72734,0.55556,0.73438,0.53056,0.74141,0.51250,0.74375,0.64028,0.75625,0.60000,0.76641,0.57639,0.77578,0.55417,0.62413,0.83169,0.9997,0.75291,1.00000,0.9060,0.71464,0.77028,0.9983,0.69849,0.73352,0.69141,0.75417,116.99,0.9939,live,0.0783,0.0898,65.84,733.36
148669.831579,60.0,0.1553,2,2,0,0.68750,0.74444,0.64922,0.71528,0.62656,0.66111,0.62969,0.61389,0.63750,0.56944,0.65859,0.57361,0.65703,0.52639,0.66016,0.50694,0.66484,0.50139,0.68828,0.57361,0.69141,0.51944,0.69453,0.49722,0.69844,0.48750,0.71484,0.59306,0.72266,0.54028,0.72969,0.51389,0.73594,0.49722,0.73906,0.62917,0.75156,0.58611,0.76172,0.56111,0.77109,0.53889,0.62413,0.83172,0.9997,0.75225,1.00000,0.9090,0.71221,0.76226,0.9984,0.69630,0.73571,0.68750,0.74444,117.00,0.9924,live,0.0783,0.0935,68.19,729.59
148669.898296,60.0,0.2220,2,2,0,0.68672,0.72361,0.64687,0.69306,0.62500,0.64306,0.62734,0.59306,0.63203,0.54861,0.65391,0.54861,0.65156,0.50139,0.65312,0.48333,0.65625,0.47361,0.68359,0.54861,0.68516,0.49583,0.68672,0.47361,0.68906,0.45833,0.71016,0.56806,0.71641,0.51667,0.72188,0.49028,0.72734,0.47222,0.73438,0.60417,0.74453,0.56111,0.75313,0.53750,0.76250,0.51389,0.62418,0.82932,0.9998,0.75060,1.00000,0.9131,0.70819,0.73888,0.9985,0.69438,0.73329,0.68672,0.72361,118.70,0.9901,live,0.0783,0.0638,46.41,727.51
148669.965009,60.0,0.2887,2,2,0,0.68437,0.69861,0.64297,0.66667,0.62031,0.61389,0.62344,0.56250,0.62656,0.51667,0.64844,0.52083,0.64766,0.47361,0.64844,0.45139,0.65156,0.43472,0.67812,0.51944,0.67891,0.46667,0.68047,0.44028,0.68203,0.42083,0.70469,0.53611,0.71094,0.48472,0.71562,0.45556,0.72031,0.43333,0.72891,0.56806,0.73984,0.52500,0.74844,0.50000,0.75625,0.47500,0.62328,0.82852,0.9998,0.75062,1.00000,0.9152,0.70357,0.72196,0.9985,0.69238,0.72635,0.68437,0.69861,120.92,0.9875,live,0.0783,0.0653,47.48,727.27
148670.031911,60.0,0.3556,2,2,0,0.67969,0.67222,0.63828,0.64028,0.61562,0.58611,0.61797,0.53333,0.62109,0.48750,0.64297,0.49167,0.64062,0.44167,0.64141,0.41806,0.64453,0.40278,0.67188,0.48750,0.67266,0.43472,0.67344,0.40694,0.67422,0.38611,0.69766,0.50417,0.70469,0.45278,0.70859,0.42222,0.71172,0.39722,0.72188,0.53611,0.73359,0.49444,0.74141,0.46806,0.74766,0.43889,0.62152,0.82341,0.9998,0.75257,1.00000,0.9182,0.69683,0.69078,0.9986,0.68984,0.71553,0.67969,0.67222,122.36,0.9879,live,0.0716,0.0413,30.07,728.10
148670.098417,60.0,0.4221,2,2,0,0.67500,0.65139,0.63438,0.61667,0.61328,0.56111,0.61562,0.50694,0.61562,0.45833,0.63906,0.46667,0.63516,0.41944,0.63594,0.39167,0.63750,0.36667,0.66797,0.46250,0.66797,0.40833,0.66719,0.38056,0.66563,0.35139,0.69375,0.47639,0.69922,0.42361,0.70234,0.39306,0.70391,0.36250,0.71797,0.50833,0.72734,0.46389,0.73438,0.43611,0.73984,0.40556,0.61859,0.82236,0.9998,0.75438,1.00000,0.9224,0.68592,0.65492,0.9986,0.68687,0.70270,0.67500,0.65139,124.79,0.9877,live,0.0668,0.0448,32.74,730.57
148670.165446,60.0,0.4891,2,2,0,0.67188,0.62917,0.63047,0.59167,0.61016,0.53611,0.61328,0.48194,0.61250,0.43194,0.63516,0.44306,0.63203,0.39444,0.63125,0.36667,0.63203,0.33611,0.66484,0.43750,0.66406,0.38472,0.66328,0.35417,0.66094,0.32222,0.68984,0.45000,0.69453,0.39722,0.69688,0.36528,0.69844,0.33472,0.71328,0.47917,0.72266,0.43611,0.72813,0.40833,0.73281,0.37639,0.61746,0.82224,0.9998,0.75646,1.00000,0.9234,0.68406,0.63529,0.9986,0.68387,0.68799,0.67188,0.62917,125.98,0.9867,live,0.0668,0.0576,42.26,733.61
148670.231789,60.0,0.5555,2,2,0,0.66875,0.61111,0.62656,0.57222,0.60703,0.51528,0.61016,0.45833,0.60859,0.40694,0.63203,0.42222,0.62813,0.37222,0.62734,0.34167,0.62891,0.30972,0.66172,0.41667,0.65938,0.36250,0.65859,0.32917,0.65703,0.29167,0.68594,0.42917,0.68984,0.37361,0.69141,0.34028,0.69297,0.30833,0.71016,0.45556,0.71797,0.40972,0.72266,0.38194,0.72734,0.34861,0.61587,0.81954,0.9998,0.75621,1.00000,0.9202,0.68120,0.62011,0.9985,0.68085,0.67262,0.66875,0.61111,127.73,0.9798,live,0.0668,0.0714,52.69,737.54
148670.298583,60.0,0.6223,2,2,0,0.66797,0.59306,0.62500,0.55000,0.60547,0.49583,0.60781,0.44306,0.60547,0.38889,0.63047,0.40417,0.62500,0.35278,0.62422,0.32361,0.62422,0.28889,0.65938,0.40000,0.65625,0.34167,0.65391,0.30694,0.65156,0.27083,0.68281,0.41111,0.68594,0.35278,0.68594,0.31667,0.68672,0.28472,0.70625,0.43472,0.71328,0.38750,0.71797,0.35694,0.72109,0.32361,0.61561,0.81672,0.9998,0.75891,1.00000,0.9186,0.67854,0.59514,0.9985,0.67827,0.65670,0.66797,0.59306,126.80,0.9749,live,0.0668,0.0844,62.49,740.34
148670.365374,60.0,0.6891,2,2,0,0.66250,0.58750,0.62031,0.54444,0.60156,0.48889,0.60391,0.43194,0.60156,0.37778,0.62656,0.39722,0.62109,0.34444,0.62031,0.31528,0.62031,0.28194,0.65469,0.39167,0.65156,0.33194,0.64922,0.29722,0.64531,0.25972,0.67812,0.40278,0.68125,0.34167,0.68203,0.30694,0.68203,0.27083,0.70156,0.42917,0.70859,0.37917,0.71250,0.34722,0.71484,0.31250,0.61484,0.81529,0.9998,0.75923,1.00000,0.9170,0.67504,0.57935,0.9984,0.67512,0.64286,0.66250,0.58750,127.27,0.9834,live,0.0723,0.0971,72.13,743.13
148670.431658,60.0,0.7553,2,2,0,0.65859,0.58750,0.61875,0.54444,0.60000,0.48750,0.60156,0.43056,0.60000,0.37639,0.62422,0.39306,0.61875,0.34167,0.61719,0.31250,0.61719,0.27917,0.65156,0.38611,0.64766,0.32639,0.64531,0.29444,0.64141,0.25556,0.67500,0.39861,0.67812,0.33750,0.67812,0.30278,0.67734,0.26528,0.69844,0.42639,0.70391,0.37500,0.70781,0.34444,0.71016,0.30972,0.61421,0.80923,0.9998,0.76197,1.00000,0.9167,0.67351,0.58254,0.9984,0.67181,0.63179,0.65859,0.58750,129.18,0.9836,live,0.0782,0.1052,78.58,746.96
148670.498728,60.0,0.8224,2,2,0,0.65938,0.58750,0.61875,0.54583,0.59844,0.48889,0.60000,0.43056,0.59844,0.37778,0.62187,0.39444,0.61641,0.34306,0.61484,0.31250,0.61406,0.27917,0.64922,0.38750,0.64531,0.32639,0.64219,0.29583,0.63828,0.25556,0.67266,0.39861,0.67578,0.33750,0.67500,0.30278,0.67422,0.26528,0.69609,0.42500,0.70156,0.37500,0.70469,0.34444,0.70703,0.30972,0.61401,0.80794,0.9998,0.76211,1.00000,0.9168,0.67367,0.57869,0.9984,0.66933,0.62293,0.65938,0.58750,128.81,0.9801,live,0.0833,0.1068,80.10,750.07
148670.565453,60.0,0.8891,2,2,0,0.65781,0.58889,0.61719,0.54444,0.59922,0.48889,0.60078,0.43056,0.59844,0.37778,0.62187,0.39444,0.61484,0.34306,0.61250,0.31389,0.61172,0.28056,0.64922,0.38750,0.64453,0.32639,0.64141,0.29722,0.63672,0.25694,0.67109,0.39861,0.67422,0.33889,0.67266,0.30417,0.67109,0.26806,0.69531,0.42639,0.70000,0.37639,0.70312,0.34583,0.70469,0.30972,0.61400,0.80377,0.9998,0.76198,1.00000,0.9165,0.67271,0.57808,0.9983,0.66702,0.61612,0.65781,0.58889,129.00,0.9825,live,0.0833,0.1027,77.30,752.95
148670.631920,60.0,0.9556,2,2,0,0.65781,0.58889,0.61641,0.54444,0.59844,0.48889,0.59922,0.43194,0.59688,0.37778,0.62109,0.39444,0.61406,0.34444,0.61250,0.31528,0.61172,0.28194,0.64844,0.38750,0.64375,0.32778,0.64141,0.29722,0.63594,0.25694,0.67109,0.39861,0.67422,0.34028,0.67266,0.30556,0.67031,0.26944,0.69453,0.42500,0.69922,0.37639,0.70312,0.34583,0.70391,0.31111,0.61070,0.79854,0.9998,0.75782,0.98944,0.9138,0.67037,0.56841,0.9982,0.66518,0.61068,0.65781,0.58889,129.18,0.9816,live,0.0833,0.0951,71.84,755.60
148670.698670,60.0,0.0223,2,1,1,0.65703,0.59028,0.61641,0.54583,0.59922,0.49167,0.60000,0.43333,0.59766,0.38056,0.62109,0.39583,0.61406,0.34583,0.61250,0.31667,0.61172,0.28333,0.64844,0.38889,0.64375,0.32917,0.64141,0.30000,0.63672,0.26111,0.67109,0.40000,0.67344,0.34167,0.67188,0.30833,0.67031,0.27361,0.69453,0.42639,0.70000,0.37778,0.70312,0.34722,0.70547,0.31389,0.61051,0.80260,0.9998,0.75687,1.00000,0.9114,0.66947,0.57812,0.9982,0.66355,0.60660,0.65703,0.59028,129.18,0.9819,live,0.0833,0.0846,64.12,757.94
148670.765313,60.0,0.0890,2,1,1,0.65703,0.59444,0.61641,0.54861,0.60000,0.49444,0.60000,0.43750,0.59766,0.38472,0.62109,0.40000,0.61562,0.34861,0.61328,0.32083,0.61250,0.28889,0.64922,0.39306,0.64531,0.33333,0.64219,0.30556,0.63750,0.26667,0.67188,0.40278,0.67422,0.34583,0.67266,0.31389,0.67188,0.28056,0.69609,0.43056,0.70156,0.38194,0.70547,0.35139,0.70781,0.31806,0.61051,0.80170,0.9998,0.75682,1.00000,0.9149,0.66961,0.57806,0.9983,0.66225,0.60417,0.65703,0.59444,129.84,0.9837,live,0.0833,0.0873,66.40,760.47
148670.832158,60.0,0.1558,2,1,1,0.65938,0.59861,0.61797,0.55694,0.59844,0.50139,0.59922,0.44583,0.59766,0.39306,0.62187,0.40694,0.61562,0.35694,0.61406,0.32778,0.61484,0.29444,0.65000,0.40139,0.64531,0.34306,0.64297,0.31111,0.63906,0.27361,0.67344,0.41111,0.67578,0.35417,0.67578,0.32083,0.67422,0.28750,0.69688,0.43750,0.70312,0.39028,0.70703,0.36111,0.70937,0.32917,0.61048,0.80404,0.9998,0.75792,1.00000,0.9161,0.66922,0.58230,0.9983,0.66167,0.60306,0.65938,0.59861,128.16,0.9741,live,0.0788,0.0579,44.09,761.49
148670.898825,60.0,0.2225,2,1,1,0.65781,0.61667,0.61797,0.57361,0.59844,0.51806,0.59844,0.45972,0.59531,0.40694,0.62187,0.42639,0.61562,0.37500,0.61328,0.34444,0.61250,0.31250,0.64922,0.41806,0.64531,0.35972,0.64141,0.32917,0.63672,0.29306,0.67266,0.42917,0.67578,0.37222,0.67500,0.33889,0.67422,0.30556,0.69609,0.45694,0.70312,0.40972,0.70703,0.38194,0.70937,0.35000,0.60851,0.80784,0.9998,0.75343,1.00000,0.9191,0.66902,0.59346,0.9984,0.66090,0.60578,0.65781,0.61667,127.61,0.9830,live,0.0726,0.0446,33.95,761.99
148670.965539,60.0,0.2892,2,1,1,0.65781,0.63889,0.61797,0.59722,0.59688,0.54167,0.59609,0.48472,0.59297,0.43194,0.62031,0.45000,0.61328,0.40000,0.61016,0.37083,0.60781,0.34167,0.64766,0.44444,0.64297,0.38750,0.63828,0.35694,0.63281,0.32361,0.67109,0.45556,0.67422,0.40139,0.67344,0.36944,0.67188,0.33750,0.69531,0.48333,0.70312,0.43889,0.70781,0.41250,0.71094,0.38333,0.60958,0.80810,0.9998,0.75327,1.00000,0.9172,0.66907,0.60462,0.9984,0.66028,0.61240,0.65781,0.63889,126.41,0.9865,live,0.0655,0.0334,25.41,761.57
148671.032518,60.0,0.3562,2,1,1,0.65547,0.66250,0.61562,0.62500,0.59375,0.56806,0.59453,0.51250,0.59062,0.46250,0.61719,0.47778,0.61172,0.42778,0.60859,0.40139,0.60469,0.37500,0.64453,0.47361,0.64141,0.41806,0.63672,0.39028,0.62969,0.36111,0.66953,0.48889,0.67344,0.43472,0.67266,0.40278,0.67109,0.37083,0.69375,0.51806,0.70234,0.47639,0.70781,0.45000,0.71094,0.42222,0.61306,0.80988,0.9998,0.75260,1.00000,0.9200,0.66832,0.63856,0.9985,0.65932,0.62242,0.65547,0.66250,123.91,0.9910,live,0.0583,0.0253,19.21,759.39
148671.098782,60.0,0.4225,2,1,1,0.65234,0.68611,0.61250,0.65139,0.58906,0.60000,0.58906,0.54722,0.58594,0.49722,0.61328,0.50972,0.60859,0.45972,0.60469,0.43750,0.60078,0.41667,0.64141,0.50556,0.63906,0.45139,0.63359,0.42778,0.62734,0.40417,0.66641,0.52083,0.67109,0.47083,0.67031,0.44306,0.66719,0.41667,0.69063,0.55139,0.70000,0.50972,0.70469,0.48472,0.70781,0.45972,0.61539,0.81176,0.9998,0.75118,1.00000,0.9226,0.66618,0.67162,0.9985,0.65792,0.63516,0.65234,0.68611,119.84,0.9954,live,0.0583,0.0343,25.88,754.55
148671.165655,60.0,0.4893,2,1,1,0.64844,0.70833,0.61016,0.67639,0.58594,0.62639,0.58359,0.57778,0.58203,0.53056,0.61094,0.53611,0.60625,0.49028,0.60156,0.47083,0.59609,0.45417,0.63828,0.53194,0.63594,0.48056,0.63125,0.46111,0.62344,0.44306,0.66328,0.54861,0.66797,0.50139,0.66641,0.47639,0.66172,0.45556,0.68672,0.58194,0.69766,0.54306,0.70391,0.51944,0.70625,0.49722,0.61289,0.81179,0.9998,0.74372,1.00000,0.9248,0.66297,0.69106,0.9985,0.65603,0.64979,0.64844,0.70833,116.61,0.9963,live,0.0583,0.0476,35.63,747.96
148671.232345,60.0,0.5560,2,1,1,0.64766,0.72500,0.60859,0.69444,0.58437,0.64306,0.58203,0.59444,0.57891,0.55000,0.60859,0.55694,0.60313,0.51389,0.59844,0.49444,0.59297,0.48056,0.63594,0.55417,0.63359,0.50417,0.62891,0.48472,0.62266,0.47222,0.66094,0.57083,0.66563,0.52222,0.66406,0.50000,0.66016,0.48333,0.68516,0.60417,0.69609,0.56667,0.70234,0.54583,0.70547,0.52500,0.61203,0.81186,0.9998,0.73899,1.00000,0.9251,0.66230,0.70769,0.9985,0.65435,0.66483,0.64766,0.72500,114.48,0.9939,live,0.0583,0.0621,46.01,740.63
148671.298943,60.0,0.6226,2,1,1,0.64687,0.73194,0.60703,0.70694,0.58281,0.65556,0.57969,0.60833,0.57812,0.56389,0.60625,0.56944,0.60078,0.52639,0.59531,0.50972,0.58984,0.50000,0.63359,0.56667,0.63125,0.51667,0.62656,0.49861,0.62031,0.49028,0.66016,0.58472,0.66328,0.53750,0.66172,0.51667,0.65703,0.50278,0.68359,0.61944,0.69375,0.58056,0.70000,0.55972,0.70391,0.54306,0.60858,0.81255,0.9998,0.73793,1.00000,0.9214,0.65957,0.73225,0.9983,0.65286,0.67826,0.64687,0.73194,111.81,0.9945,live,0.0583,0.0757,55.46,732.26
148671.365808,60.0,0.6895,2,1,1,0.64453,0.73472,0.60547,0.71389,0.58047,0.66389,0.57891,0.61806,0.57656,0.57361,0.60469,0.57917,0.60000,0.53611,0.59453,0.51944,0.58828,0.51250,0.63203,0.57778,0.63047,0.52639,0.62578,0.50972,0.61953,0.50278,0.65781,0.59583,0.66172,0.54861,0.66016,0.52639,0.65547,0.51250,0.68203,0.63056,0.69219,0.59167,0.69844,0.57083,0.70234,0.55417,0.60873,0.82190,0.9998,0.73686,1.00000,0.9238,0.66150,0.74378,0.9982,0.65119,0.68955,0.64453,0.73472,107.98,0.9944,live,0.0637,0.0882,63.70,722.14
148671.432402,60.0,0.7561,2,1,1,0.64297,0.73611,0.60469,0.71528,0.57969,0.66667,0.57812,0.62083,0.57891,0.57639,0.60469,0.58056,0.60000,0.53889,0.59531,0.52222,0.58984,0.51667,0.63203,0.57917,0.63047,0.52778,0.62656,0.51111,0.62109,0.50694,0.65859,0.59861,0.66172,0.55139,0.66016,0.52917,0.65625,0.51528,0.68203,0.63472,0.69141,0.59583,0.69766,0.57500,0.70078,0.55694,0.60800,0.82658,0.9998,0.73747,1.00000,0.9209,0.66345,0.75020,0.9981,0.64955,0.69886,0.64297,0.73611,107.75,0.9967,live,0.0695,0.0962,68.58,713.06
148671.498990,60.0,0.8227,2,1,1,0.64453,0.73750,0.60469,0.71528,0.57969,0.66667,0.57812,0.61944,0.57812,0.57639,0.60547,0.58056,0.60078,0.54028,0.59609,0.52361,0.58906,0.51806,0.63281,0.57917,0.63125,0.52917,0.62734,0.51111,0.62109,0.50694,0.65938,0.59861,0.66250,0.55139,0.66094,0.52917,0.65625,0.51806,0.68359,0.63333,0.69219,0.59583,0.69766,0.57361,0.70000,0.55694,0.60902,0.82703,0.9998,0.73757,1.00000,0.9161,0.66405,0.74775,0.9979,0.64854,0.70659,0.64453,0.73750,108.92,0.9953,live,0.0747,0.0984,69.46,705.91
148671.566024,60.0,0.8897,2,1,1,0.64453,0.73750,0.60469,0.71528,0.57969,0.66389,0.57812,0.61667,0.57812,0.57222,0.60625,0.57778,0.60156,0.53889,0.59688,0.52222,0.58984,0.51389,0.63359,0.57639,0.63203,0.52778,0.62734,0.50972,0.62109,0.50278,0.65938,0.59722,0.66250,0.54861,0.66094,0.52778,0.65625,0.51528,0.68281,0.63194,0.69141,0.59444,0.69688,0.57222,0.70000,0.55417,0.60903,0.82620,0.9998,0.73793,1.00000,0.9201,0.66400,0.74981,0.9980,0.64774,0.71277,0.64453,0.73750,109.44,0.9953,live,0.0747,0.0953,66.72,700.00
148671.632504,60.0,0.9562,2,1,1,0.64297,0.73333,0.60469,0.71111,0.57969,0.66111,0.57734,0.61528,0.57656,0.56944,0.60391,0.57361,0.59922,0.53333,0.59453,0.51528,0.58906,0.50833,0.63203,0.57361,0.63047,0.52361,0.62578,0.50556,0.61953,0.49861,0.65781,0.59306,0.66094,0.54583,0.65938,0.52361,0.65547,0.50972,0.68203,0.62917,0.68984,0.58889,0.69609,0.56667,0.70000,0.54722,0.60804,0.82603,0.9998,0.73683,1.00000,0.9180,0.66351,0.74912,0.9979,0.64679,0.71688,0.64297,0.73333,109.77,0.9964,live,0.0794,0.1005,69.88,695.03
148671.699143,60.0,0.0228,2,2,0,0.64375,0.72639,0.60469,0.70417,0.57969,0.65417,0.57656,0.60833,0.57656,0.56250,0.60469,0.56667,0.59922,0.52500,0.59375,0.50694,0.58672,0.49861,0.63203,0.56667,0.62969,0.51667,0.62500,0.49722,0.61797,0.48889,0.65781,0.58750,0.66094,0.53750,0.65938,0.51528,0.65469,0.50000,0.68203,0.62222,0.68984,0.58194,0.69531,0.55972,0.69922,0.53889,0.60819,0.82565,0.9998,0.73690,1.00000,0.9217,0.66358,0.74748,0.9980,0.64618,0.71878,0.64375,0.72639,109.43,0.9961,live,0.0794,0.0742,51.25,690.42
148671.766039,60.0,0.0897,2,2,0,0.64219,0.71667,0.60391,0.69306,0.57812,0.64306,0.57500,0.59583,0.57500,0.55139,0.60156,0.55556,0.59609,0.51250,0.59062,0.49444,0.58437,0.48056,0.62969,0.55417,0.62734,0.50556,0.62266,0.48611,0.61562,0.47361,0.65625,0.57500,0.65859,0.52639,0.65781,0.50278,0.65391,0.48611,0.68047,0.60972,0.68906,0.56806,0.69453,0.54583,0.69766,0.52500,0.60768,0.82513,0.9998,0.73694,1.00000,0.9234,0.66152,0.73202,0.9981,0.64538,0.71836,0.64219,0.71667,111.19,0.9949,live,0.0794,0.0589,40.51,687.63
148671.832601,60.0,0.1563,2,2,0,0.63984,0.70278,0.60156,0.67778,0.57656,0.62778,0.57422,0.58194,0.57266,0.53750,0.59922,0.54028,0.59375,0.49722,0.58828,0.47778,0.58281,0.46389,0.62734,0.53750,0.62422,0.48750,0.61875,0.46806,0.61172,0.45417,0.65312,0.55694,0.65625,0.50694,0.65469,0.48194,0.65078,0.46250,0.67812,0.59028,0.68594,0.54861,0.69141,0.52500,0.69531,0.50417,0.60771,0.82356,0.9998,0.73780,1.00000,0.9194,0.66070,0.72725,0.9980,0.64427,0.71524,0.63984,0.70278,112.50,0.9963,live,0.0733,0.0454,31.18,686.11
148671.899208,60.0,0.2229,2,2,0,0.63906,0.68611,0.60000,0.66111,0.57578,0.60833,0.57344,0.55972,0.57188,0.51250,0.59922,0.51667,0.59297,0.47361,0.58672,0.45278,0.57969,0.43611,0.62578,0.51528,0.62187,0.46389,0.61641,0.44444,0.60781,0.42778,0.65156,0.53333,0.65391,0.48056,0.65234,0.45556,0.64687,0.43333,0.67656,0.56667,0.68516,0.52361,0.68984,0.49861,0.69141,0.47222,0.60774,0.82042,0.9998,0.73783,1.00000,0.9217,0.65823,0.69644,0.9981,0.64323,0.70942,0.63906,0.68611,115.06,0.9945,live,0.0662,0.0341,23.39,686.62
148671.965752,60.0,0.2894,2,2,0,0.64062,0.65972,0.59844,0.63472,0.57422,0.58056,0.57344,0.52917,0.57109,0.48056,0.59609,0.49028,0.58906,0.44444,0.58437,0.42083,0.57812,0.39861,0.62344,0.48611,0.61953,0.43472,0.61328,0.40972,0.60469,0.38750,0.64922,0.50000,0.65234,0.45000,0.65078,0.42222,0.64531,0.39583,0.67422,0.53056,0.68281,0.48889,0.68750,0.46250,0.68906,0.43472,0.60763,0.81765,0.9998,0.73754,1.00000,0.9246,0.64867,0.65725,0.9982,0.64271,0.69948,0.64062,0.65972,117.04,0.9940,live,0.0605,0.0344,23.68,688.49
148672.032886,60.0,0.3566,2,2,0,0.63672,0.63472,0.59609,0.60556,0.57422,0.54722,0.57344,0.49306,0.57031,0.44444,0.59609,0.45972,0.58828,0.41250,0.58359,0.38611,0.57812,0.36250,0.62344,0.45417,0.61875,0.40000,0.61250,0.37222,0.60391,0.34861,0.64844,0.46806,0.65156,0.41528,0.64922,0.38472,0.64375,0.35417,0.67266,0.49722,0.68125,0.45417,0.68516,0.42639,0.68672,0.39583,0.60658,0.81386,0.9998,0.73863,1.00000,0.9178,0.64466,0.61604,0.9981,0.64151,0.68653,0.63672,0.63472,119.56,0.9956,live,0.0605,0.0360,24.91,691.96
148672.099188,60.0,0.4229,2,2,0,0.63750,0.60694,0.59688,0.57361,0.57422,0.51806,0.57266,0.46250,0.57031,0.41250,0.59453,0.42500,0.58828,0.37639,0.58359,0.35000,0.57812,0.32222,0.62187,0.41944,0.61797,0.36528,0.61094,0.33472,0.60234,0.30556,0.64687,0.43194,0.64922,0.37917,0.64687,0.34722,0.64219,0.31528,0.67109,0.46111,0.67734,0.41528,0.68125,0.38750,0.68281,0.35694,0.60635,0.81005,0.9998,0.73864,1.00000,0.9139,0.64404,0.60056,0.9979,0.64071,0.67061,0.63750,0.60694,123.35,0.9912,live,0.0605,0.0514,35.83,697.73
148672.166282,60.0,0.4900,2,2,0,0.63594,0.58472,0.59453,0.54722,0.57344,0.49167,0.57109,0.43472,0.56797,0.38194,0.59297,0.39861,0.58594,0.34722,0.58047,0.31806,0.57656,0.28750,0.62031,0.39167,0.61484,0.33611,0.60859,0.30417,0.60000,0.27222,0.64453,0.40139,0.64609,0.34583,0.64219,0.31389,0.63828,0.28056,0.66797,0.42778,0.67422,0.38194,0.67734,0.35278,0.67812,0.32083,0.60568,0.80477,0.9999,0.74206,1.00000,0.9127,0.64288,0.57572,0.9978,0.63976,0.65343,0.63594,0.58472,125.94,0.9894,live,0.0605,0.0680,47.91,704.68
148672.232840,60.0,0.5565,2,2,0,0.63594,0.56528,0.59219,0.52917,0.57109,0.47222,0.56953,0.41250,0.56406,0.35972,0.59219,0.38056,0.58437,0.32639,0.57891,0.29583,0.57422,0.26250,0.61875,0.37361,0.61250,0.31389,0.60625,0.28056,0.59766,0.24583,0.64219,0.38333,0.64297,0.32083,0.63906,0.28611,0.63438,0.25139,0.66484,0.40694,0.67031,0.35833,0.67266,0.32778,0.67266,0.29444,0.60458,0.80089,0.9999,0.74093,1.00000,0.9111,0.64034,0.56440,0.9979,0.63899,0.63580,0.63594,0.56528,124.71,0.9842,live,0.0605,0.0852,60.45,709.91
148672.299452,60.0,0.6231,2,2,0,0.63281,0.55694,0.59141,0.51528,0.57109,0.45833,0.56875,0.39861,0.56250,0.34722,0.59062,0.36806,0.58281,0.31528,0.57734,0.28333,0.57266,0.25000,0.61719,0.35972,0.61016,0.29861,0.60313,0.26528,0.59453,0.22778,0.63984,0.36944,0.63984,0.30556,0.63594,0.26944,0.63047,0.23611,0.66250,0.39306,0.66719,0.34306,0.66875,0.31111,0.66797,0.27639,0.60470,0.80101,0.9999,0.74389,0.99775,0.9126,0.64105,0.55057,0.9979,0.63776,0.62003,0.63281,0.55694,126.86,0.9846,live,0.0676,0.0998,71.47,716.06
148672.366218,60.0,0.6899,2,2,0,0.63203,0.55000,0.59062,0.50833,0.56953,0.45000,0.56719,0.39167,0.56250,0.33750,0.59062,0.36250,0.58125,0.30833,0.57500,0.27639,0.56953,0.24167,0.61562,0.35278,0.60859,0.28889,0.60078,0.25417,0.59141,0.21667,0.63828,0.36111,0.63750,0.29583,0.63359,0.25833,0.62734,0.22361,0.66172,0.38472,0.66563,0.33333,0.66641,0.30000,0.66641,0.26528,0.60586,0.80105,0.9999,0.74632,0.99627,0.9117,0.64105,0.55200,0.9980,0.63661,0.60602,0.63203,0.55000,126.47,0.9820,live,0.0752,0.1099,79.25,721.19
148672.433033,60.0,0.7567,2,2,0,0.63047,0.54583,0.58984,0.50556,0.56875,0.44722,0.56641,0.38750,0.56172,0.33333,0.58906,0.35694,0.57891,0.30278,0.57266,0.27222,0.56719,0.23889,0.61406,0.34722,0.60625,0.28472,0.59844,0.25000,0.58828,0.21250,0.63672,0.35694,0.63594,0.29167,0.63125,0.25417,0.62500,0.21806,0.66016,0.37917,0.66328,0.32917,0.66406,0.29583,0.66328,0.25972,0.60480,0.80175,0.9998,0.74629,0.99746,0.9078,0.64057,0.54338,0.9979,0.63538,0.59399,0.63047,0.54583,127.19,0.9860,live,0.0824,0.1153,83.72,726.23
148672.499203,60.0,0.8229,2,2,0,0.63047,0.54583,0.58906,0.50556,0.56875,0.44583,0.56719,0.38611,0.56172,0.33056,0.58906,0.35694,0.57969,0.30278,0.57344,0.27083,0.56797,0.23750,0.61406,0.34722,0.60625,0.28611,0.59922,0.25278,0.58984,0.21528,0.63672,0.35694,0.63594,0.29306,0.63125,0.25556,0.62500,0.21944,0.66016,0.37917,0.66406,0.32778,0.66563,0.29306,0.66484,0.25694,0.60547,0.79282,0.9998,0.74615,0.98851,0.9075,0.64140,0.53650,0.9980,0.63440,0.58436,0.63047,0.54583,127.19,0.9835,live,0.0899,0.1242,90.75,730.66
148672.566535,60.0,0.8902,2,2,0,0.63047,0.54722,0.58984,0.50556,0.56953,0.44583,0.56797,0.38472,0.56328,0.33056,0.58984,0.35972,0.58047,0.30417,0.57500,0.27222,0.56953,0.23750,0.61484,0.35000,0.60781,0.28750,0.60078,0.25139,0.59219,0.21389,0.63828,0.35833,0.63672,0.29167,0.63281,0.25417,0.62734,0.21528,0.66250,0.37917,0.66797,0.32361,0.67109,0.28750,0.67188,0.25000,0.60347,0.79694,0.9998,0.74535,0.99330,0.9077,0.64105,0.53797,0.9981,0.63361,0.57693,0.63047,0.54722,127.47,0.9796,live,0.0899,0.1083,79.56,734.76
148672.633229,60.0,0.9569,2,2,0,0.63203,0.54861,0.59141,0.50833,0.57109,0.44722,0.56953,0.38750,0.56484,0.33333,0.59297,0.36111,0.58281,0.30556,0.57734,0.27222,0.57188,0.23889,0.61797,0.35139,0.61016,0.28889,0.60313,0.25278,0.59453,0.21667,0.64062,0.35972,0.63984,0.29306,0.63594,0.25556,0.63047,0.21806,0.66406,0.38056,0.67109,0.32500,0.67422,0.28889,0.67578,0.25139,0.60363,0.79818,0.9998,0.74610,0.99510,0.9071,0.64383,0.53917,0.9980,0.63330,0.57127,0.63203,0.54861,126.73,0.9796,live,0.0899,0.0978,72.16,737.83
148672.699678,60.0,0.0234,2,1,1,0.63281,0.55278,0.59375,0.51389,0.57344,0.45417,0.57109,0.39444,0.56641,0.34028,0.59453,0.36528,0.58594,0.30972,0.58047,0.27778,0.57500,0.24583,0.61953,0.35694,0.61250,0.29306,0.60547,0.25694,0.59609,0.22222,0.64297,0.36528,0.64219,0.29861,0.63828,0.26111,0.63281,0.22500,0.66563,0.38750,0.67344,0.33194,0.67734,0.29444,0.67969,0.25833,0.60372,0.80008,0.9999,0.75020,0.99545,0.9047,0.64537,0.53891,0.9980,0.63320,0.56757,0.63281,0.55278,126.06,0.9793,live,0.0899,0.0843,62.39,740.05
148672.766510,60.0,0.0902,2,1,1,0.63359,0.56667,0.59297,0.52639,0.57266,0.46389,0.57031,0.40417,0.56641,0.35000,0.59531,0.37778,0.58750,0.32222,0.58203,0.28889,0.57578,0.25556,0.62031,0.36944,0.61328,0.30556,0.60625,0.26806,0.59766,0.23333,0.64297,0.37778,0.64297,0.31111,0.63906,0.27361,0.63438,0.23611,0.66563,0.40000,0.67266,0.34722,0.67734,0.31111,0.67891,0.27500,0.60375,0.79931,0.9999,0.74921,1.00000,0.9042,0.64609,0.54779,0.9981,0.63328,0.56739,0.63359,0.56667,126.45,0.9751,live,0.0899,0.0671,49.81,742.29
148672.833218,60.0,0.1569,2,1,1,0.63281,0.58333,0.59219,0.54306,0.57109,0.48194,0.56875,0.42500,0.56406,0.37222,0.59453,0.39583,0.58672,0.34028,0.58047,0.30833,0.57344,0.27778,0.61953,0.38889,0.61250,0.32500,0.60391,0.28889,0.59453,0.25556,0.64219,0.39861,0.64219,0.33333,0.63750,0.29444,0.63125,0.25694,0.66484,0.42222,0.67109,0.36944,0.67422,0.33472,0.67500,0.30000,0.60438,0.79695,0.9999,0.74514,1.00000,0.9100,0.64586,0.56133,0.9982,0.63319,0.57058,0.63281,0.58333,124.92,0.9811,live,0.0830,0.0516,38.35,743.15
148672.899624,60.0,0.2233,2,1,1,0.63516,0.60694,0.59297,0.56528,0.57031,0.50556,0.56797,0.44861,0.56250,0.39583,0.59297,0.41944,0.58359,0.36667,0.57734,0.33611,0.57109,0.30417,0.61797,0.41111,0.61094,0.35139,0.60234,0.31667,0.59297,0.28194,0.64141,0.42083,0.64141,0.36111,0.63672,0.32500,0.62969,0.28889,0.66484,0.44444,0.66953,0.39444,0.67188,0.36250,0.67188,0.33056,0.60505,0.79663,0.9999,0.73945,1.00000,0.9058,0.64428,0.57724,0.9979,0.63358,0.57785,0.63516,0.60694,126.22,0.9870,live,0.0749,0.0378,28.16,744.85
148672.966550,60.0,0.2902,2,1,1,0.63438,0.63333,0.59453,0.59306,0.57266,0.53611,0.56953,0.48056,0.56406,0.42778,0.59297,0.44861,0.58516,0.39722,0.57812,0.36944,0.57031,0.33889,0.61875,0.44028,0.61172,0.38333,0.60313,0.35278,0.59219,0.31806,0.64219,0.45139,0.64297,0.39583,0.63750,0.36250,0.62969,0.32917,0.66484,0.47917,0.66875,0.43194,0.67031,0.40139,0.66953,0.36944,0.60439,0.79745,0.9999,0.73911,1.00000,0.9104,0.64424,0.60430,0.9981,0.63374,0.58895,0.63438,0.63333,123.96,0.9919,live,0.0661,0.0260,19.36,744.72
148673.033236,60.0,0.3569,2,1,1,0.63281,0.66111,0.59375,0.62083,0.57188,0.56389,0.56953,0.50972,0.56406,0.45833,0.59297,0.47778,0.58516,0.42778,0.57812,0.40139,0.57031,0.37222,0.61953,0.47361,0.61328,0.41806,0.60469,0.39028,0.59375,0.35694,0.64297,0.48611,0.64375,0.43333,0.63828,0.40139,0.63125,0.36944,0.66641,0.51389,0.67031,0.47083,0.67188,0.44306,0.67109,0.41389,0.60706,0.80276,0.9999,0.73740,1.00000,0.9135,0.64115,0.62098,0.9982,0.63355,0.60338,0.63281,0.66111,122.37,0.9935,live,0.0605,0.0349,25.96,743.46
148673.099597,60.0,0.4233,2,1,1,0.63203,0.68611,0.59297,0.64722,0.57188,0.59167,0.56953,0.53889,0.56484,0.49028,0.59297,0.50417,0.58594,0.45694,0.57969,0.43194,0.57188,0.40556,0.61953,0.50139,0.61406,0.44861,0.60625,0.42361,0.59531,0.39444,0.64375,0.51667,0.64531,0.46389,0.64062,0.43611,0.63359,0.40556,0.66641,0.55000,0.67188,0.50833,0.67344,0.48194,0.67266,0.45278,0.60748,0.81194,0.9999,0.73719,1.00000,0.9187,0.64091,0.65168,0.9982,0.63325,0.61993,0.63203,0.68611,120.31,0.9956,live,0.0605,0.0511,37.83,740.87
148673.166770,60.0,0.4904,2,1,1,0.63203,0.70694,0.59375,0.67083,0.57266,0.61528,0.56875,0.56528,0.56328,0.51806,0.59375,0.53333,0.58672,0.48611,0.57969,0.46389,0.57188,0.43750,0.62031,0.53194,0.61484,0.48194,0.60703,0.45833,0.59688,0.42917,0.64453,0.55000,0.64609,0.49722,0.64141,0.47083,0.63438,0.44306,0.66797,0.58194,0.67422,0.54167,0.67578,0.51528,0.67422,0.48611,0.60777,0.81974,0.9999,0.73344,1.00000,0.9200,0.64101,0.68467,0.9983,0.63301,0.63733,0.63203,0.70694,115.87,0.9934,live,0.0605,0.0685,50.37,735.39
148673.233281,60.0,0.5570,2,1,1,0.63047,0.72222,0.59219,0.68750,0.56953,0.63611,0.56563,0.58611,0.56016,0.54167,0.59141,0.55278,0.58437,0.51111,0.57812,0.49167,0.56953,0.47083,0.61797,0.55278,0.61328,0.50417,0.60547,0.48472,0.59453,0.46389,0.64297,0.57083,0.64531,0.52083,0.63984,0.49722,0.63125,0.47639,0.66719,0.60556,0.67422,0.56806,0.67500,0.54167,0.67266,0.51806,0.60648,0.82346,0.9998,0.73198,1.00000,0.9163,0.64039,0.71496,0.9981,0.63250,0.65431,0.63047,0.72222,113.83,0.9928,live,0.0650,0.0859,62.60,729.10
148673.299862,60.0,0.6235,2,1,1,0.62891,0.73611,0.59141,0.70556,0.56875,0.65278,0.56563,0.60417,0.56016,0.55833,0.58984,0.57222,0.58437,0.53056,0.57734,0.51111,0.56875,0.49444,0.61641,0.57222,0.61250,0.52222,0.60469,0.50417,0.59297,0.48750,0.64141,0.59167,0.64453,0.54167,0.63906,0.51806,0.62969,0.50139,0.66484,0.62500,0.67266,0.58611,0.67422,0.56111,0.67188,0.53889,0.60700,0.82380,0.9998,0.72844,1.00000,0.9093,0.64238,0.72776,0.9977,0.63178,0.67067,0.62891,0.73611,110.69,0.9949,live,0.0719,0.1032,74.40,721.31
148673.366634,60.0,0.6903,2,1,1,0.62969,0.74167,0.59062,0.71528,0.56719,0.66111,0.56484,0.61111,0.56094,0.56667,0.59062,0.58056,0.58437,0.53750,0.57656,0.51806,0.56719,0.50556,0.61719,0.58194,0.61484,0.53056,0.60703,0.51111,0.59531,0.50000,0.64219,0.60000,0.64531,0.55278,0.63984,0.52917,0.63047,0.51389,0.66563,0.63472,0.67344,0.59583,0.67578,0.57083,0.67344,0.55139,0.60630,0.82370,0.9998,0.72720,1.00000,0.9035,0.64381,0.74019,0.9973,0.63136,0.68487,0.62969,0.74167,108.93,0.9958,live,0.0797,0.1155,82.35,713.18
148673.433466,60.0,0.7571,2,1,1,0.63047,0.74444,0.59141,0.71667,0.56797,0.66389,0.56484,0.61667,0.56094,0.56944,0.59062,0.58194,0.58516,0.53889,0.57812,0.52222,0.56797,0.50972,0.61719,0.58333,0.61562,0.53333,0.60859,0.51528,0.59688,0.50417,0.64297,0.60417,0.64609,0.55694,0.64062,0.53333,0.63047,0.52083,0.66719,0.63889,0.67422,0.60000,0.67578,0.57500,0.67422,0.55694,0.60999,0.82363,0.9998,0.72460,1.00000,0.8969,0.64311,0.74271,0.9971,0.63118,0.69678,0.63047,0.74444,110.12,0.9958,live,0.0872,0.1212,85.69,706.88
148673.499907,60.0,0.8236,2,1,1,0.62891,0.74444,0.59219,0.71389,0.56875,0.66250,0.56563,0.61528,0.56172,0.56806,0.59219,0.57917,0.58672,0.53750,0.57891,0.52083,0.56953,0.50556,0.61797,0.58194,0.61641,0.53194,0.60859,0.51389,0.59766,0.49861,0.64375,0.60417,0.64609,0.55417,0.64141,0.53194,0.63203,0.51944,0.66719,0.63889,0.67422,0.59861,0.67578,0.57361,0.67422,0.55417,0.60957,0.82356,0.9998,0.72469,1.00000,0.8939,0.64312,0.74255,0.9970,0.63073,0.70632,0.62891,0.74444,110.35,0.9961,live,0.0932,0.1206,84.59,701.51
148673.567105,60.0,0.8908,2,1,1,0.62969,0.74167,0.59219,0.71250,0.56797,0.66111,0.56484,0.61389,0.56172,0.56667,0.59141,0.57917,0.58516,0.53611,0.57812,0.51806,0.56875,0.50278,0.61797,0.58056,0.61562,0.52917,0.60859,0.51111,0.59766,0.49583,0.64375,0.60000,0.64687,0.55139,0.64062,0.52917,0.63125,0.51389,0.66797,0.63611,0.67500,0.59722,0.67656,0.57083,0.67422,0.55000,0.60879,0.82062,0.9998,0.72092,1.00000,0.8877,0.64205,0.74283,0.9968,0.63052,0.71339,0.62969,0.74167,110.12,0.9961,live,0.0932,0.1138,79.30,696.61
148673.634235,60.0,0.9579,2,1,1,0.62969,0.73889,0.59219,0.70833,0.56875,0.65694,0.56484,0.60833,0.56016,0.56250,0.59219,0.57500,0.58516,0.53194,0.57734,0.51250,0.56875,0.49444,0.61875,0.57639,0.61562,0.52500,0.60781,0.50694,0.59609,0.49028,0.64375,0.59722,0.64687,0.54722,0.64062,0.52500,0.63125,0.50972,0.66797,0.63056,0.67500,0.59167,0.67578,0.56667,0.67422,0.54583,0.60724,0.82079,0.9998,0.71991,1.00000,0.8850,0.64001,0.74260,0.9967,0.63035,0.71849,0.62969,0.73889,110.57,0.9947,live,0.0932,0.1026,71.06,692.63
148673.699835,60.0,0.0235,2,2,0,0.62969,0.73333,0.59219,0.70278,0.56797,0.65139,0.56328,0.60278,0.55859,0.55694,0.59141,0.56944,0.58437,0.52500,0.57656,0.50556,0.56719,0.48889,0.61797,0.57083,0.61484,0.51806,0.60625,0.49861,0.59375,0.48333,0.64297,0.59028,0.64609,0.53889,0.64062,0.51528,0.63047,0.50000,0.66641,0.62500,0.67422,0.58472,0.67578,0.55972,0.67422,0.53750,0.60710,0.82159,0.9998,0.71998,1.00000,0.8797,0.64137,0.73733,0.9966,0.63022,0.72146,0.62969,0.73333,110.20,0.9953,live,0.0932,0.0881,60.68,688.85
148673.766963,60.0,0.0906,2,2,0,0.62813,0.72500,0.59062,0.69167,0.56719,0.64167,0.56328,0.59306,0.55781,0.54722,0.58906,0.56111,0.58281,0.51667,0.57500,0.49861,0.56641,0.47778,0.61562,0.56111,0.61172,0.50972,0.60469,0.49028,0.59375,0.47083,0.64062,0.58056,0.64375,0.52778,0.63828,0.50417,0.62969,0.48611,0.66484,0.61250,0.67266,0.57222,0.67422,0.54722,0.67188,0.52361,0.60941,0.82194,0.9998,0.72022,1.00000,0.8700,0.63953,0.72561,0.9966,0.62980,0.72216,0.62813,0.72500,111.18,0.9942,live,0.0932,0.0714,48.98,686.24
148673.833805,60.0,0.1575,2,2,0,0.62891,0.70972,0.58984,0.68056,0.56719,0.62778,0.56406,0.57778,0.55937,0.53194,0.58906,0.54167,0.58125,0.49861,0.57344,0.47917,0.56484,0.45972,0.61562,0.54167,0.61016,0.49167,0.60234,0.47222,0.59219,0.45417,0.64062,0.56111,0.64219,0.51111,0.63672,0.48611,0.62734,0.46667,0.66563,0.59444,0.67266,0.55417,0.67344,0.52778,0.67031,0.50278,0.60510,0.82124,0.9998,0.72060,1.00000,0.8696,0.63955,0.70879,0.9966,0.62962,0.71968,0.62891,0.70972,113.50,0.9922,live,0.0862,0.0542,37.18,685.61
148673.900183,60.0,0.2239,2,2,0,0.62813,0.68889,0.58828,0.65833,0.56641,0.60556,0.56250,0.55417,0.55859,0.50694,0.58828,0.51806,0.58125,0.47361,0.57344,0.45139,0.56484,0.43056,0.61484,0.51667,0.60938,0.46667,0.60234,0.44444,0.59141,0.42083,0.63984,0.53333,0.64141,0.48333,0.63672,0.45833,0.62813,0.43194,0.66406,0.56667,0.67109,0.52500,0.67188,0.49861,0.66875,0.47083,0.60432,0.81894,0.9998,0.72133,1.00000,0.8773,0.63856,0.68788,0.9969,0.62932,0.71352,0.62813,0.68889,115.18,0.9929,live,0.0778,0.0393,26.98,686.27
148673.967011,60.0,0.2907,2,2,0,0.62734,0.66250,0.58750,0.63056,0.56563,0.57500,0.56328,0.52222,0.55937,0.47361,0.58672,0.48611,0.57969,0.44028,0.57266,0.41528,0.56484,0.38889,0.61328,0.48333,0.60781,0.43194,0.60078,0.40556,0.58984,0.37917,0.63828,0.49861,0.64062,0.44861,0.63516,0.41944,0.62813,0.39028,0.66328,0.52917,0.66875,0.48750,0.66953,0.45833,0.66719,0.42917,0.60326,0.82126,0.9998,0.72427,1.00000,0.8781,0.63706,0.66088,0.9970,0.62893,0.70332,0.62734,0.66250,119.18,0.9966,live,0.0686,0.0268,18.50,689.72
148674.033575,60.0,0.3573,2,2,0,0.62734,0.63333,0.58750,0.59861,0.56563,0.53889,0.56406,0.48333,0.55937,0.43333,0.58750,0.45278,0.58047,0.40278,0.57344,0.37500,0.56406,0.34722,0.61406,0.44722,0.60859,0.39167,0.60078,0.36111,0.58906,0.33056,0.63828,0.46111,0.63984,0.40694,0.63516,0.37500,0.62813,0.34167,0.66172,0.48889,0.66641,0.44444,0.66797,0.41389,0.66719,0.38333,0.60524,0.81671,0.9998,0.72883,1.00000,0.8828,0.63706,0.63340,0.9971,0.62861,0.68932,0.62734,0.63333,121.53,0.9942,live,0.0624,0.0343,23.80,694.46
148674.100153,60.0,0.4238,2,2,0,0.62891,0.60417,0.58906,0.56528,0.56797,0.50972,0.56484,0.45417,0.56094,0.40139,0.58750,0.41806,0.58125,0.36806,0.57422,0.34028,0.56641,0.31111,0.61406,0.41250,0.60859,0.35694,0.60000,0.32639,0.58906,0.29444,0.63750,0.42361,0.63906,0.37083,0.63438,0.33750,0.62734,0.30556,0.66016,0.45139,0.66641,0.40556,0.66797,0.37778,0.66719,0.34583,0.60524,0.80741,0.9998,0.73225,1.00000,0.8872,0.63706,0.60430,0.9973,0.62867,0.67229,0.62891,0.60417,124.12,0.9931,live,0.0624,0.0514,35.99,700.50
148674.167027,60.0,0.4907,2,2,0,0.62734,0.58194,0.58750,0.54167,0.56797,0.48194,0.56563,0.42500,0.56172,0.37222,0.58750,0.39306,0.58047,0.34028,0.57344,0.30972,0.56641,0.27778,0.61328,0.38750,0.60781,0.32917,0.59922,0.29444,0.58828,0.26111,0.63672,0.39861,0.63750,0.33889,0.63203,0.30417,0.62500,0.27083,0.65938,0.42361,0.66484,0.37639,0.66563,0.34583,0.66406,0.31389,0.60306,0.80646,0.9998,0.73234,1.00000,0.8934,0.63706,0.58883,0.9975,0.62840,0.65422,0.62734,0.58194,125.54,0.9905,live,0.0624,0.0693,49.00,706.82
148674.234087,60.0,0.5578,2,2,0,0.62734,0.56111,0.58594,0.52083,0.56641,0.45972,0.56406,0.40278,0.55937,0.35000,0.58750,0.37083,0.57891,0.31944,0.57188,0.28750,0.56484,0.25556,0.61250,0.36389,0.60547,0.30417,0.59688,0.26944,0.58672,0.23472,0.63516,0.37361,0.63438,0.31250,0.62813,0.27500,0.62109,0.24028,0.65703,0.39861,0.66016,0.34861,0.66094,0.31806,0.65938,0.28472,0.60335,0.80570,0.9998,0.73439,1.00000,0.8966,0.63639,0.55798,0.9976,0.62819,0.63560,0.62734,0.56111,125.92,0.9877,live,0.0669,0.0875,62.39,712.67
148674.300334,60.0,0.6240,2,2,0,0.62578,0.54861,0.58437,0.50694,0.56484,0.44583,0.56250,0.38750,0.55703,0.33611,0.58594,0.36528,0.57656,0.30972,0.56953,0.27500,0.56328,0.24028,0.61094,0.35556,0.60234,0.29306,0.59375,0.25417,0.58437,0.21528,0.63281,0.36389,0.63047,0.29861,0.62500,0.25972,0.61797,0.22222,0.65469,0.38611,0.65781,0.33611,0.65781,0.30278,0.65625,0.26806,0.60355,0.80528,0.9998,0.73705,1.00000,0.8994,0.63645,0.53891,0.9977,0.62771,0.61820,0.62578,0.54861,123.45,0.9804,live,0.0737,0.1046,74.90,716.03
148674.367301,60.0,0.6910,2,2,0,0.62422,0.54167,0.58437,0.50139,0.56406,0.44028,0.56250,0.38056,0.55703,0.32778,0.58516,0.35694,0.57500,0.30139,0.56719,0.26806,0.56016,0.23472,0.60938,0.34722,0.60078,0.28333,0.59219,0.24583,0.58203,0.20694,0.63125,0.35556,0.62891,0.28889,0.62344,0.25000,0.61641,0.21250,0.65312,0.37917,0.65469,0.32778,0.65469,0.29306,0.65234,0.25833,0.60374,0.80478,0.9998,0.74239,1.00000,0.9037,0.63820,0.53389,0.9978,0.62701,0.60289,0.62422,0.54167,123.64,0.9827,live,0.0815,0.1170,84.15,719.12
148674.434235,60.0,0.7579,2,2,0,0.62266,0.53889,0.58281,0.49861,0.56328,0.43750,0.56094,0.37917,0.55547,0.32500,0.58359,0.35278,0.57344,0.29722,0.56563,0.26528,0.55781,0.23194,0.60781,0.34306,0.59922,0.27917,0.58984,0.24306,0.57969,0.20694,0.62891,0.35139,0.62656,0.28611,0.62109,0.24861,0.61328,0.21111,0.65156,0.37500,0.65234,0.32222,0.65156,0.28889,0.64922,0.25417,0.60219,0.80477,0.9998,0.74128,1.00000,0.9063,0.63820,0.53365,0.9979,0.62614,0.59009,0.62266,0.53889,124.36,0.9875,live,0.0890,0.1232,88.96,722.36
148674.500458,60.0,0.8241,2,2,0,0.62266,0.53889,0.58203,0.49722,0.56328,0.43750,0.56094,0.37778,0.55469,0.32500,0.58203,0.35278,0.57266,0.29722,0.56563,0.26667,0.55781,0.23194,0.60625,0.34444,0.59766,0.28056,0.58906,0.24583,0.57891,0.20833,0.62813,0.35139,0.62578,0.28750,0.61953,0.25000,0.61250,0.21389,0.65078,0.37361,0.65156,0.32222,0.65078,0.28750,0.64766,0.25417,0.60343,0.80047,0.9998,0.74250,1.00000,0.9084,0.63855,0.53192,0.9981,0.62544,0.57985,0.62266,0.53889,124.72,0.9865,live,0.0951,0.1227,89.01,725.48
148674.567299,60.0,0.8910,2,2,0,0.62422,0.54028,0.58203,0.50000,0.56328,0.43889,0.56094,0.37917,0.55391,0.32639,0.58281,0.35556,0.57266,0.30000,0.56563,0.26806,0.55781,0.23333,0.60703,0.34583,0.59844,0.28333,0.58984,0.24722,0.57891,0.20972,0.62891,0.35417,0.62578,0.28889,0.62031,0.25139,0.61250,0.21389,0.65078,0.37500,0.65234,0.32500,0.65078,0.29167,0.64766,0.25694,0.60434,0.79992,0.9998,0.74236,1.00000,0.9065,0.63657,0.53362,0.9980,0.62520,0.57194,0.62422,0.54028,124.19,0.9862,live,0.0951,0.1163,84.63,727.84
148674.634219,60.0,0.9579,2,2,0,0.62344,0.54306,0.58203,0.50278,0.56250,0.44167,0.56016,0.38333,0.55469,0.32917,0.58281,0.35833,0.57266,0.30278,0.56563,0.27083,0.55859,0.23750,0.60703,0.34861,0.59844,0.28611,0.58984,0.25000,0.57891,0.21389,0.62891,0.35694,0.62578,0.29167,0.62031,0.25417,0.61250,0.21667,0.65078,0.37778,0.65156,0.32778,0.65078,0.29444,0.64844,0.26111,0.60425,0.79993,0.9998,0.74304,1.00000,0.9101,0.63831,0.53499,0.9981,0.62485,0.56616,0.62344,0.54306,124.13,0.9866,live,0.0951,0.1049,76.57,729.88
148674.700535,60.0,0.0242,2,1,1,0.62344,0.54583,0.58203,0.50694,0.56250,0.44861,0.56016,0.39028,0.55391,0.33611,0.58203,0.36250,0.57266,0.30694,0.56484,0.27639,0.55781,0.24306,0.60625,0.35278,0.59844,0.29028,0.58984,0.25556,0.57891,0.21944,0.62813,0.36111,0.62578,0.29722,0.62031,0.25972,0.61250,0.22500,0.65078,0.38333,0.65156,0.33333,0.65078,0.30000,0.64844,0.26667,0.60411,0.80075,0.9998,0.74300,1.00000,0.9133,0.63692,0.53564,0.9983,0.62456,0.56210,0.62344,0.54583,123.59,0.9873,live,0.0951,0.0910,66.51,731.28
148674.767386,60.0,0.0911,2,1,1,0.62187,0.55556,0.58203,0.51667,0.56250,0.45694,0.55937,0.39861,0.55312,0.34444,0.58203,0.36944,0.57188,0.31389,0.56484,0.28333,0.55703,0.25139,0.60625,0.36111,0.59766,0.29861,0.58828,0.26389,0.57812,0.22778,0.62813,0.36944,0.62578,0.30556,0.62031,0.26806,0.61250,0.23194,0.65078,0.39306,0.65234,0.34306,0.65078,0.30972,0.64766,0.27639,0.60421,0.80103,0.9998,0.74192,1.00000,0.9072,0.63683,0.54088,0.9981,0.62403,0.56079,0.62187,0.55556,124.28,0.9879,live,0.0951,0.0738,54.13,733.01
148674.834185,60.0,0.1579,2,1,1,0.62109,0.56944,0.58047,0.53056,0.56094,0.46944,0.55859,0.41250,0.55234,0.36111,0.58047,0.38472,0.57188,0.32917,0.56484,0.29861,0.55625,0.26806,0.60469,0.37639,0.59609,0.31389,0.58672,0.27917,0.57578,0.24444,0.62734,0.38611,0.62500,0.32222,0.61875,0.28611,0.61094,0.25000,0.65000,0.40972,0.65234,0.35972,0.65156,0.32639,0.64844,0.29306,0.60389,0.80109,0.9998,0.73941,1.00000,0.9087,0.63405,0.54969,0.9983,0.62344,0.56252,0.62109,0.56944,123.75,0.9872,live,0.0882,0.0568,41.70,734.15
148674.900577,60.0,0.2243,2,1,1,0.62109,0.58611,0.58125,0.54861,0.55937,0.49028,0.55547,0.43472,0.55000,0.38333,0.57891,0.40556,0.57031,0.35139,0.56250,0.32222,0.55312,0.29028,0.60313,0.39861,0.59453,0.33611,0.58437,0.30139,0.57344,0.26667,0.62578,0.40694,0.62344,0.34444,0.61719,0.30833,0.60859,0.27222,0.64922,0.43056,0.65234,0.38194,0.65234,0.35000,0.65000,0.31806,0.60517,0.80413,0.9998,0.73846,1.00000,0.9103,0.62980,0.56809,0.9983,0.62297,0.56724,0.62109,0.58611,121.79,0.9861,live,0.0799,0.0419,30.75,733.73
148674.967444,60.0,0.2911,2,1,1,0.62109,0.60833,0.58047,0.56806,0.55859,0.51111,0.55391,0.45556,0.54766,0.40556,0.57812,0.42778,0.56875,0.37639,0.56094,0.34722,0.55156,0.31667,0.60234,0.42083,0.59375,0.36250,0.58437,0.32917,0.57344,0.29583,0.62500,0.43056,0.62266,0.37222,0.61719,0.33750,0.60938,0.30278,0.64844,0.45556,0.65156,0.40833,0.65156,0.37639,0.64922,0.34583,0.60639,0.80351,0.9998,0.73893,1.00000,0.9110,0.62909,0.57680,0.9983,0.62260,0.57546,0.62109,0.60833,121.48,0.9857,live,0.0708,0.0294,21.58,733.15
148675.034243,60.0,0.3579,2,1,1,0.61875,0.63611,0.57891,0.59722,0.55625,0.53889,0.55156,0.48333,0.54453,0.43611,0.57578,0.45833,0.56563,0.40556,0.55781,0.37917,0.54844,0.35000,0.60000,0.45139,0.59141,0.39722,0.58203,0.36667,0.57031,0.33611,0.62266,0.46389,0.62031,0.40694,0.61328,0.37361,0.60391,0.34028,0.64687,0.48889,0.65000,0.44444,0.64922,0.41528,0.64609,0.38472,0.60595,0.80237,0.9998,0.73684,1.00000,0.9133,0.62208,0.59812,0.9984,0.62183,0.58759,0.61875,0.63611,120.01,0.9878,live,0.0629,0.0271,19.84,731.58
148675.100939,60.0,0.4246,2,1,1,0.61562,0.66250,0.57578,0.62639,0.55312,0.57083,0.54766,0.51806,0.53906,0.47222,0.57109,0.49167,0.56094,0.44167,0.55312,0.41806,0.54297,0.39444,0.59531,0.48750,0.58672,0.43611,0.57656,0.40972,0.56406,0.38056,0.61953,0.50000,0.61641,0.44722,0.60859,0.41806,0.59922,0.38889,0.64375,0.52500,0.64687,0.48333,0.64609,0.45556,0.64297,0.42639,0.60414,0.81170,0.9998,0.73590,1.00000,0.9136,0.62069,0.63058,0.9983,0.62059,0.60257,0.61562,0.66250,116.40,0.9874,live,0.0629,0.0421,30.66,727.60
148675.167689,60.0,0.4914,2,1,1,0.61484,0.69167,0.57500,0.65556,0.55156,0.60417,0.54531,0.55556,0.53750,0.51111,0.56953,0.52361,0.55937,0.47778,0.55156,0.45694,0.54141,0.43611,0.59375,0.52222,0.58594,0.47222,0.57578,0.45139,0.56328,0.42778,0.61797,0.53472,0.61484,0.48611,0.60703,0.45972,0.59766,0.43611,0.64219,0.55972,0.64531,0.51944,0.64453,0.49583,0.64141,0.47083,0.60397,0.81314,0.9998,0.73109,1.00000,0.9164,0.61993,0.65149,0.9983,0.61944,0.62039,0.61484,0.69167,114.24,0.9861,live,0.0629,0.0602,43.47,722.53
148675.234816,60.0,0.5585,2,1,1,0.61250,0.71528,0.57500,0.68194,0.55234,0.63333,0.54609,0.58750,0.53672,0.54444,0.56953,0.55000,0.56172,0.50556,0.55234,0.48889,0.54141,0.47361,0.59453,0.55139,0.58906,0.50000,0.57891,0.48333,0.56484,0.46806,0.61875,0.56667,0.61953,0.51806,0.61016,0.49583,0.59922,0.47917,0.64219,0.59722,0.64844,0.55833,0.64766,0.53472,0.64297,0.51389,0.60203,0.81595,0.9998,0.72894,1.00000,0.9090,0.62024,0.67915,0.9981,0.61805,0.63937,0.61250,0.71528,110.86,0.9926,live,0.0629,0.0799,57.19,715.65
148675.300904,60.0,0.6246,2,1,1,0.61250,0.73333,0.57578,0.70139,0.55234,0.65278,0.54531,0.60972,0.53750,0.56667,0.56953,0.57222,0.56250,0.52778,0.55391,0.51250,0.54375,0.50139,0.59531,0.57500,0.59062,0.52361,0.58047,0.50833,0.56719,0.49722,0.62031,0.59306,0.62187,0.54306,0.61250,0.52222,0.60000,0.51250,0.64453,0.62639,0.65156,0.58889,0.65078,0.56389,0.64609,0.54583,0.60222,0.81560,0.9998,0.72521,1.00000,0.8998,0.62024,0.72090,0.9976,0.61694,0.65816,0.61250,0.73333,108.83,0.9925,live,0.0696,0.0998,70.69,708.13
148675.367756,60.0,0.6914,2,1,1,0.61172,0.74583,0.57500,0.71806,0.55078,0.66806,0.54453,0.62500,0.53906,0.58194,0.57109,0.59028,0.56484,0.54306,0.55625,0.52917,0.54531,0.52361,0.59609,0.59306,0.59375,0.53889,0.58437,0.52500,0.57266,0.51944,0.62187,0.61250,0.62422,0.56389,0.61641,0.54444,0.60625,0.53611,0.64609,0.64583,0.65312,0.60694,0.65234,0.58333,0.64766,0.56806,0.60380,0.81543,0.9998,0.72486,1.00000,0.8934,0.62246,0.73494,0.9972,0.61590,0.67569,0.61172,0.74583,105.92,0.9908,live,0.0782,0.1173,82.06,699.42
148675.434461,60.0,0.7581,2,1,1,0.61172,0.75000,0.57500,0.72778,0.55078,0.67778,0.54531,0.63472,0.53984,0.59167,0.57109,0.59722,0.56406,0.55139,0.55469,0.53889,0.54453,0.53889,0.59688,0.59861,0.59297,0.54583,0.58359,0.53194,0.57109,0.53194,0.62187,0.61944,0.62578,0.57222,0.61797,0.55139,0.60703,0.54167,0.64609,0.65417,0.65391,0.61806,0.65312,0.59583,0.64766,0.58056,0.60721,0.81540,0.9998,0.73100,1.00000,0.8931,0.62547,0.76113,0.9971,0.61506,0.69056,0.61172,0.75000,104.63,0.9945,live,0.0874,0.1294,89.36,690.82
148675.500835,60.0,0.8245,2,1,1,0.60938,0.75139,0.57344,0.73194,0.54922,0.68333,0.54297,0.64028,0.53828,0.59861,0.57031,0.60278,0.56328,0.55417,0.55312,0.54306,0.54219,0.54861,0.59609,0.60278,0.59453,0.54444,0.58281,0.53194,0.56953,0.54028,0.62187,0.62361,0.62656,0.57500,0.61875,0.55556,0.60703,0.55139,0.64453,0.65972,0.65391,0.62361,0.65312,0.60278,0.64687,0.59028,0.60731,0.81525,0.9998,0.72868,1.00000,0.8906,0.62450,0.75373,0.9966,0.61392,0.70272,0.60938,0.75139,102.45,0.9947,live,0.0960,0.1354,92.30,681.69
148675.568008,60.0,0.8917,2,1,1,0.61016,0.75417,0.57422,0.73611,0.55000,0.68750,0.54297,0.64444,0.53984,0.60139,0.57031,0.60556,0.56406,0.55972,0.55391,0.54722,0.54219,0.55139,0.59609,0.60556,0.59453,0.54861,0.58437,0.53611,0.57109,0.54444,0.62187,0.62639,0.62656,0.57778,0.61953,0.55972,0.60703,0.55556,0.64531,0.66111,0.65391,0.62500,0.65312,0.60556,0.64687,0.59444,0.60739,0.81153,0.9998,0.72491,1.00000,0.8856,0.62650,0.77823,0.9961,0.61317,0.71301,0.61016,0.75417,102.94,0.9963,live,0.1030,0.1350,90.98,674.00
148675.634701,60.0,0.9584,2,1,1,0.61016,0.75417,0.57422,0.73472,0.55000,0.68750,0.54375,0.64444,0.53984,0.60139,0.56953,0.60417,0.56406,0.55972,0.55391,0.54861,0.54375,0.55139,0.59688,0.60556,0.59453,0.54861,0.58437,0.53611,0.57266,0.54444,0.62266,0.62639,0.62656,0.57917,0.61875,0.56111,0.60781,0.55694,0.64609,0.66389,0.65469,0.62917,0.65312,0.60833,0.64766,0.59444,0.60872,0.80812,0.9997,0.72492,1.00000,0.8842,0.62808,0.77349,0.9956,0.61257,0.72124,0.61016,0.75417,103.71,0.9966,live,0.1077,0.1289,86.06,667.79
148675.700996,60.0,0.0247,2,2,0,0.61016,0.75417,0.57422,0.73056,0.55000,0.68333,0.54375,0.64028,0.53984,0.59583,0.56875,0.60278,0.56172,0.55972,0.55234,0.54306,0.54219,0.54306,0.59531,0.60417,0.59297,0.55139,0.58437,0.53472,0.57422,0.53750,0.62187,0.62639,0.62422,0.57917,0.61797,0.55833,0.60781,0.55139,0.64609,0.66389,0.65391,0.62778,0.65312,0.60417,0.64844,0.58750,0.60670,0.80574,0.9998,0.72461,1.00000,0.8842,0.62800,0.76932,0.9955,0.61209,0.72783,0.61016,0.75417,104.71,0.9953,live,0.1077,0.1175,77.93,663.05
148675.767572,60.0,0.0912,2,2,0,0.61094,0.74583,0.57422,0.72222,0.54844,0.67639,0.54141,0.63333,0.53984,0.59167,0.56875,0.59028,0.56172,0.54722,0.55234,0.53333,0.54141,0.53056,0.59453,0.59167,0.59141,0.54167,0.58281,0.52500,0.57188,0.52361,0.62031,0.61389,0.62187,0.56806,0.61484,0.54861,0.60469,0.54028,0.64453,0.65000,0.65156,0.61250,0.65156,0.59167,0.64687,0.57639,0.60506,0.80391,0.9997,0.72235,1.00000,0.8819,0.62814,0.76793,0.9952,0.61186,0.73143,0.61094,0.74583,106.18,0.9896,live,0.1077,0.1220,80.54,659.93
148675.834675,60.0,0.1584,2,2,0,0.60781,0.73333,0.56953,0.70556,0.54609,0.65694,0.53984,0.61389,0.53438,0.57222,0.56719,0.57639,0.56016,0.53194,0.55078,0.51667,0.53828,0.50972,0.59219,0.57917,0.59062,0.52639,0.58125,0.51111,0.56797,0.50417,0.61797,0.60139,0.62031,0.55417,0.61406,0.53333,0.60313,0.52222,0.64219,0.63611,0.64922,0.59722,0.64922,0.57361,0.64453,0.55556,0.60439,0.80274,0.9997,0.72055,1.00000,0.8773,0.62349,0.75150,0.9951,0.61105,0.73181,0.60781,0.73333,106.26,0.9921,live,0.1077,0.1022,67.16,657.25
148675.900927,60.0,0.2246,2,2,0,0.60781,0.71389,0.56875,0.68611,0.54609,0.63611,0.54063,0.59028,0.53359,0.54722,0.56484,0.55417,0.55547,0.50972,0.54531,0.49306,0.53359,0.48194,0.58984,0.55556,0.58437,0.50556,0.57500,0.48611,0.56172,0.47361,0.61562,0.57500,0.61484,0.52361,0.60703,0.49861,0.59531,0.48333,0.63984,0.60833,0.64687,0.56944,0.64609,0.54444,0.64062,0.52361,0.59766,0.80274,0.9997,0.72017,1.00000,0.8748,0.62212,0.70498,0.9953,0.61040,0.72823,0.60781,0.71389,108.44,0.9900,live,0.0995,0.0625,41.01,656.45
148675.968078,60.0,0.2918,2,2,0,0.61016,0.68889,0.56953,0.66111,0.54609,0.60833,0.54063,0.55833,0.53359,0.51250,0.56563,0.52778,0.55625,0.47917,0.54688,0.45833,0.53594,0.43750,0.59062,0.52500,0.58281,0.47500,0.57344,0.45139,0.56016,0.43056,0.61562,0.53889,0.61406,0.48889,0.60703,0.46389,0.59688,0.43889,0.63984,0.56667,0.64531,0.52639,0.64531,0.50278,0.64141,0.47639,0.60034,0.80901,0.9998,0.72426,1.00000,0.8814,0.62230,0.69910,0.9956,0.61035,0.72036,0.61016,0.68889,111.19,0.9875,live,0.0899,0.0461,30.31,657.74
148676.034797,60.0,0.3585,2,2,0,0.60938,0.65972,0.56953,0.63056,0.54766,0.57361,0.54297,0.52083,0.53516,0.47361,0.56641,0.49444,0.55781,0.44306,0.54844,0.41806,0.53672,0.39444,0.59141,0.48889,0.58437,0.43611,0.57344,0.40833,0.55937,0.38194,0.61641,0.50139,0.61562,0.44861,0.60859,0.41944,0.59844,0.39028,0.64062,0.52778,0.64609,0.48611,0.64687,0.45833,0.64375,0.43194,0.60079,0.81029,0.9998,0.72491,1.00000,0.8860,0.61967,0.64916,0.9959,0.61016,0.70823,0.60938,0.65972,114.32,0.9900,live,0.0796,0.0325,21.49,661.12
148676.100705,60.0,0.4244,2,2,0,0.61094,0.63194,0.57031,0.60139,0.54766,0.54167,0.54453,0.48472,0.53828,0.43472,0.56641,0.46111,0.55781,0.40694,0.54922,0.37778,0.53828,0.34861,0.59219,0.45417,0.58359,0.39722,0.57344,0.36528,0.56094,0.33472,0.61641,0.46528,0.61484,0.40833,0.60859,0.37361,0.59922,0.34028,0.63984,0.49028,0.64531,0.44444,0.64531,0.41389,0.64297,0.38333,0.60142,0.81027,0.9998,0.72658,1.00000,0.8924,0.61641,0.61938,0.9962,0.61031,0.69297,0.61094,0.63194,117.65,0.9925,live,0.0729,0.0426,28.37,666.50
148676.168260,60.0,0.4919,2,2,0,0.61172,0.60278,0.57109,0.57083,0.54844,0.51250,0.54375,0.45556,0.53750,0.40278,0.56641,0.42639,0.55703,0.37222,0.54844,0.34167,0.53906,0.31111,0.59141,0.41806,0.58281,0.35972,0.57266,0.32639,0.56016,0.29444,0.61484,0.42778,0.61328,0.36944,0.60703,0.33472,0.59766,0.30000,0.63828,0.45278,0.64219,0.40694,0.64297,0.37500,0.64062,0.34306,0.60104,0.80569,0.9998,0.72788,1.00000,0.8971,0.61568,0.59518,0.9965,0.61059,0.67493,0.61172,0.60278,120.58,0.9910,live,0.0729,0.0610,41.07,673.33
148676.234632,60.0,0.5583,2,2,0,0.61016,0.58194,0.57031,0.54722,0.54844,0.48611,0.54297,0.43056,0.53672,0.37639,0.56641,0.40000,0.55703,0.34444,0.54844,0.31250,0.53906,0.28056,0.59141,0.39167,0.58281,0.33056,0.57188,0.29444,0.55859,0.26111,0.61406,0.40000,0.61172,0.33889,0.60391,0.30278,0.59531,0.26806,0.63672,0.42361,0.63906,0.37500,0.63906,0.34306,0.63594,0.30972,0.60249,0.80241,0.9998,0.72897,1.00000,0.9016,0.61573,0.58226,0.9967,0.61051,0.65634,0.61016,0.58194,123.03,0.9893,live,0.0729,0.0799,54.43,681.11
148676.301519,60.0,0.6252,2,2,0,0.60859,0.56806,0.56797,0.53194,0.54688,0.46944,0.54219,0.41111,0.53594,0.35694,0.56641,0.38333,0.55625,0.32639,0.54688,0.29444,0.53828,0.26111,0.58984,0.37500,0.58047,0.31250,0.57031,0.27500,0.55859,0.24028,0.61250,0.38194,0.60859,0.31806,0.60078,0.27917,0.59141,0.24306,0.63438,0.40417,0.63516,0.35278,0.63359,0.31806,0.63125,0.28333,0.60253,0.80202,0.9998,0.73151,1.00000,0.9052,0.61676,0.57677,0.9969,0.61012,0.63868,0.60859,0.56806,123.85,0.9870,live,0.0729,0.0974,67.09,688.55
148676.368227,60.0,0.6919,2,2,0,0.60781,0.55972,0.56719,0.52083,0.54531,0.45972,0.54063,0.40139,0.53438,0.34722,0.56484,0.37639,0.55312,0.31944,0.54375,0.28750,0.53438,0.25278,0.58750,0.36528,0.57734,0.30139,0.56563,0.26389,0.55312,0.22639,0.60938,0.37222,0.60391,0.30417,0.59688,0.26528,0.58750,0.22778,0.63125,0.39167,0.63125,0.34028,0.62969,0.30556,0.62578,0.27083,0.60177,0.79978,0.9998,0.73214,1.00000,0.9024,0.61694,0.56203,0.9970,0.60966,0.62289,0.60781,0.55972,123.94,0.9849,live,0.0801,0.1128,78.44,695.16
148676.435131,60.0,0.7588,2,2,0,0.60547,0.55278,0.56406,0.51528,0.54219,0.45278,0.53672,0.39444,0.53125,0.34167,0.56250,0.37222,0.55000,0.31528,0.53984,0.28194,0.53047,0.24861,0.58437,0.36111,0.57344,0.29583,0.56172,0.25833,0.54844,0.22083,0.60625,0.36667,0.59922,0.30000,0.59141,0.25972,0.58203,0.22083,0.62734,0.38611,0.62656,0.33333,0.62422,0.29722,0.61953,0.26250,0.60154,0.79928,0.9998,0.73232,1.00000,0.9071,0.61670,0.54936,0.9972,0.60882,0.60887,0.60547,0.55278,122.15,0.9832,live,0.0878,0.1229,85.97,699.69
148676.501501,60.0,0.8252,2,2,0,0.60469,0.55000,0.56328,0.51111,0.54297,0.45139,0.53750,0.39306,0.53125,0.34028,0.56016,0.36944,0.54844,0.31111,0.53906,0.27917,0.52891,0.24583,0.58281,0.35833,0.57188,0.29306,0.56016,0.25556,0.54688,0.21944,0.60469,0.36389,0.59922,0.29583,0.59062,0.25694,0.58047,0.21944,0.62578,0.38333,0.62500,0.33056,0.62266,0.29583,0.61875,0.26111,0.60102,0.79926,0.9998,0.73417,1.00000,0.9108,0.61711,0.54564,0.9974,0.60800,0.59709,0.60469,0.55000,122.59,0.9846,live,0.0947,0.1262,88.81,703.99
148676.568494,60.0,0.8922,2,2,0,0.60469,0.54861,0.56406,0.51111,0.54375,0.45139,0.53750,0.39167,0.53125,0.33889,0.56016,0.36806,0.54844,0.30972,0.53906,0.27778,0.52891,0.24444,0.58281,0.35556,0.57188,0.29167,0.56016,0.25417,0.54688,0.21806,0.60391,0.36250,0.59844,0.29444,0.59062,0.25556,0.58047,0.21944,0.62656,0.38194,0.62500,0.32917,0.62266,0.29444,0.61875,0.25972,0.60241,0.79819,0.9998,0.73418,1.00000,0.9142,0.61597,0.54967,0.9975,0.60733,0.58740,0.60469,0.54861,123.14,0.9838,live,0.0998,0.1230,87.10,708.17
148676.634962,60.0,0.9586,2,2,0,0.60547,0.54722,0.56484,0.50972,0.54453,0.44861,0.53906,0.39028,0.53281,0.33750,0.56094,0.36667,0.55000,0.30833,0.54063,0.27639,0.53125,0.24444,0.58359,0.35417,0.57344,0.29028,0.56250,0.25278,0.54922,0.21667,0.60469,0.36111,0.60000,0.29306,0.59219,0.25417,0.58359,0.21806,0.62734,0.37917,0.62656,0.32778,0.62422,0.29306,0.62031,0.25833,0.60310,0.79816,0.9998,0.73595,1.00000,0.9173,0.61540,0.54902,0.9976,0.60696,0.57936,0.60547,0.54722,123.35,0.9827,live,0.0998,0.1151,81.93,712.00
148676.701561,60.0,0.0252,2,1,1,0.60781,0.54583,0.56641,0.50833,0.54609,0.44861,0.53984,0.38889,0.53438,0.33611,0.56328,0.36667,0.55156,0.30833,0.54297,0.27639,0.53359,0.24306,0.58594,0.35556,0.57578,0.29028,0.56484,0.25278,0.55156,0.21528,0.60703,0.36111,0.60156,0.29306,0.59453,0.25417,0.58516,0.21667,0.62891,0.37917,0.62891,0.32639,0.62656,0.29167,0.62266,0.25694,0.60177,0.79667,0.9998,0.73630,1.00000,0.9205,0.61604,0.54290,0.9978,0.60713,0.57266,0.60781,0.54583,122.09,0.9811,live,0.0998,0.1033,73.79,714.47
148676.768456,60.0,0.0921,2,1,1,0.60938,0.54583,0.56797,0.50694,0.54766,0.44722,0.54297,0.38889,0.53672,0.33750,0.56484,0.36528,0.55391,0.30694,0.54531,0.27500,0.53672,0.24167,0.58750,0.35417,0.57812,0.28889,0.56797,0.25278,0.55547,0.21528,0.60938,0.35972,0.60469,0.29306,0.59688,0.25417,0.58828,0.21667,0.63125,0.37917,0.63125,0.32778,0.62969,0.29306,0.62578,0.25833,0.60259,0.79894,0.9998,0.73697,1.00000,0.9234,0.61708,0.56060,0.9980,0.60758,0.56729,0.60938,0.54583,122.89,0.9792,live,0.0998,0.0896,64.27,717.21
148676.834900,60.0,0.1586,2,1,1,0.61172,0.54722,0.57031,0.50694,0.55078,0.44861,0.54688,0.39028,0.54141,0.33889,0.56875,0.36667,0.55781,0.30972,0.54922,0.27778,0.54063,0.24306,0.59141,0.35556,0.58203,0.29167,0.57188,0.25556,0.55937,0.21806,0.61250,0.36111,0.60859,0.29583,0.60156,0.25694,0.59219,0.22083,0.63516,0.38056,0.63516,0.33056,0.63359,0.29583,0.62969,0.26111,0.60647,0.79879,0.9998,0.73724,1.00000,0.9238,0.61934,0.55598,0.9980,0.60841,0.56328,0.61172,0.54722,122.72,0.9795,live,0.0998,0.0757,54.44,719.50
148676.901830,60.0,0.2255,2,1,1,0.61328,0.55278,0.57422,0.51250,0.55469,0.45417,0.55000,0.39583,0.54453,0.34444,0.57188,0.36944,0.56172,0.31250,0.55391,0.28056,0.54531,0.24861,0.59453,0.35972,0.58672,0.29583,0.57656,0.26111,0.56484,0.22361,0.61641,0.36806,0.61328,0.30139,0.60703,0.26389,0.59766,0.22778,0.63828,0.38889,0.63984,0.33750,0.63828,0.30278,0.63438,0.26806,0.60569,0.79971,0.9998,0.73771,1.00000,0.9263,0.62411,0.55499,0.9981,0.60938,0.56118,0.61328,0.55278,122.93,0.9840,live,0.0930,0.0618,44.57,721.67
148676.968456,60.0,0.2921,2,1,1,0.61562,0.56528,0.57656,0.52500,0.55703,0.46667,0.55312,0.40972,0.54766,0.35694,0.57500,0.38056,0.56641,0.32361,0.55859,0.29306,0.55078,0.25972,0.59922,0.37222,0.59062,0.30833,0.58125,0.27361,0.56953,0.23750,0.62109,0.37917,0.61797,0.31528,0.61172,0.27639,0.60313,0.24028,0.64375,0.40139,0.64531,0.35000,0.64375,0.31528,0.63984,0.28194,0.60508,0.79996,0.9998,0.73774,1.00000,0.9224,0.62496,0.55550,0.9980,0.61063,0.56200,0.61562,0.56528,124.01,0.9875,live,0.0848,0.0478,34.66,724.35
148677.035312,60.0,0.3590,2,1,1,0.62031,0.58333,0.58047,0.54444,0.56094,0.48472,0.55703,0.42778,0.55000,0.37500,0.57891,0.39861,0.57031,0.34306,0.56250,0.31111,0.55547,0.27917,0.60313,0.39028,0.59453,0.32778,0.58437,0.29167,0.57344,0.25556,0.62578,0.39861,0.62344,0.33611,0.61641,0.29861,0.60859,0.26111,0.64844,0.42083,0.65078,0.37083,0.65000,0.33750,0.64766,0.30417,0.60505,0.80032,0.9998,0.73779,1.00000,0.9218,0.62686,0.55982,0.9981,0.61257,0.56626,0.62031,0.58333,124.19,0.9888,live,0.0762,0.0369,26.84,726.84
148677.101700,60.0,0.4254,2,1,1,0.62578,0.60972,0.58516,0.56806,0.56406,0.50972,0.56094,0.45278,0.55469,0.40000,0.58203,0.42500,0.57344,0.37083,0.56719,0.34028,0.55937,0.30833,0.60703,0.41528,0.59844,0.35556,0.58906,0.32083,0.57734,0.28472,0.63047,0.42361,0.62891,0.36389,0.62187,0.32639,0.61406,0.29167,0.65391,0.44722,0.65703,0.39861,0.65625,0.36667,0.65391,0.33472,0.60401,0.80413,0.9998,0.73782,1.00000,0.9221,0.62921,0.58531,0.9982,0.61521,0.57496,0.62578,0.60972,125.54,0.9910,live,0.0678,0.0296,21.63,730.01
148677.168330,60.0,0.4920,2,1,1,0.62891,0.63889,0.58906,0.59861,0.56797,0.53889,0.56406,0.48194,0.55859,0.43056,0.58672,0.45417,0.57891,0.40000,0.57188,0.37083,0.56328,0.34028,0.61172,0.44583,0.60391,0.38889,0.59453,0.35556,0.58281,0.32361,0.63438,0.45556,0.63359,0.39861,0.62734,0.36389,0.61875,0.33056,0.65781,0.48056,0.66094,0.43333,0.66172,0.40417,0.65938,0.37500,0.60373,0.80676,0.9998,0.73676,1.00000,0.9223,0.62918,0.60939,0.9983,0.61795,0.58774,0.62891,0.63889,124.27,0.9895,live,0.0615,0.0324,23.74,731.88
148677.235240,60.0,0.5589,2,1,1,0.63125,0.67083,0.59297,0.63056,0.57188,0.57361,0.56719,0.52083,0.56250,0.47083,0.58906,0.48472,0.58125,0.43472,0.57422,0.40972,0.56563,0.38056,0.61484,0.47917,0.60781,0.42500,0.59922,0.39861,0.58828,0.36806,0.63828,0.49028,0.63828,0.43750,0.63203,0.40694,0.62422,0.37639,0.66250,0.51944,0.66641,0.47639,0.66719,0.45000,0.66484,0.42222,0.60448,0.80915,0.9998,0.73688,1.00000,0.9238,0.63469,0.64102,0.9984,0.62061,0.60436,0.63125,0.67083,124.36,0.9954,live,0.0615,0.0485,35.56,733.60
148677.302097,60.0,0.6258,2,1,1,0.63516,0.70000,0.59609,0.66389,0.57266,0.60833,0.56875,0.55417,0.56328,0.50417,0.59219,0.52222,0.58359,0.47222,0.57656,0.44722,0.56797,0.42083,0.61719,0.51667,0.61016,0.46389,0.60234,0.43889,0.59141,0.41111,0.64141,0.53056,0.64141,0.47778,0.63594,0.44861,0.62891,0.41944,0.66563,0.55694,0.67031,0.51667,0.67188,0.49167,0.67109,0.46389,0.60704,0.81338,0.9998,0.73892,1.00000,0.9210,0.63625,0.66662,0.9983,0.62352,0.62349,0.63516,0.70000,120.18,0.9926,live,0.0615,0.0673,49.28,732.09
148677.368765,60.0,0.6924,2,1,1,0.63516,0.72500,0.59609,0.69028,0.57266,0.63750,0.56797,0.58611,0.56172,0.54028,0.59297,0.55417,0.58437,0.50694,0.57578,0.48611,0.56563,0.46250,0.61797,0.55139,0.61172,0.50139,0.60234,0.47917,0.59062,0.45417,0.64219,0.56667,0.64297,0.51806,0.63672,0.49167,0.62813,0.46667,0.66563,0.59722,0.67188,0.55694,0.67266,0.53194,0.67109,0.50556,0.60700,0.81375,0.9998,0.73912,1.00000,0.9241,0.64029,0.70444,0.9984,0.62585,0.64379,0.63516,0.72500,114.80,0.9911,live,0.0661,0.0874,63.53,726.90
148677.435490,60.0,0.7592,2,1,1,0.63516,0.74444,0.59609,0.71111,0.57266,0.65833,0.56797,0.61111,0.56094,0.56806,0.59219,0.57778,0.58516,0.53472,0.57656,0.51528,0.56641,0.49583,0.61797,0.57639,0.61250,0.52778,0.60313,0.50833,0.59141,0.48889,0.64219,0.59306,0.64375,0.54444,0.63750,0.52222,0.62813,0.50278,0.66563,0.62361,0.67422,0.58611,0.67578,0.56250,0.67422,0.53889,0.60797,0.81334,0.9998,0.73848,1.00000,0.9199,0.64403,0.73720,0.9983,0.62771,0.66392,0.63516,0.74444,112.49,0.9929,live,0.0736,0.1077,77.61,720.66
148677.501842,60.0,0.8255,2,1,1,0.63516,0.75278,0.59688,0.72639,0.57266,0.67639,0.56797,0.63056,0.56406,0.58472,0.59297,0.59306,0.58594,0.55000,0.57812,0.53194,0.56953,0.51806,0.61875,0.59167,0.61406,0.54306,0.60625,0.52500,0.59375,0.51111,0.64375,0.60972,0.64609,0.56250,0.63906,0.53889,0.62969,0.52222,0.66719,0.64306,0.67656,0.60556,0.67969,0.58194,0.67812,0.56111,0.60752,0.81256,0.9998,0.73518,1.00000,0.9183,0.64495,0.74728,0.9981,0.62920,0.68169,0.63516,0.75278,108.88,0.9949,live,0.0829,0.1255,89.40,712.58
148677.568692,60.0,0.8924,2,1,1,0.63672,0.76250,0.59766,0.73750,0.57344,0.68611,0.56953,0.63750,0.56719,0.59306,0.59531,0.60278,0.58906,0.55972,0.58203,0.54167,0.57266,0.53056,0.62187,0.60139,0.61875,0.55139,0.61172,0.53333,0.60078,0.52361,0.64766,0.61944,0.64922,0.57361,0.64375,0.55000,0.63516,0.53472,0.67109,0.65417,0.67969,0.61806,0.68203,0.59444,0.68125,0.57500,0.60830,0.80999,0.9998,0.72972,1.00000,0.9098,0.64549,0.75969,0.9978,0.63070,0.69785,0.63672,0.76250,109.39,0.9938,live,0.0929,0.1382,97.55,705.83
148677.635589,60.0,0.9593,2,1,1,0.63750,0.76389,0.59844,0.73889,0.57422,0.69028,0.56953,0.64444,0.56797,0.59861,0.59531,0.60556,0.58906,0.56389,0.58203,0.54583,0.57422,0.53611,0.62266,0.60556,0.61953,0.55556,0.61250,0.53750,0.60313,0.52917,0.64844,0.62500,0.65000,0.57778,0.64453,0.55556,0.63672,0.54444,0.67266,0.65833,0.68125,0.62222,0.68437,0.59861,0.68281,0.58333,0.60875,0.80999,0.9998,0.72980,1.00000,0.9066,0.64907,0.76632,0.9977,0.63206,0.71106,0.63750,0.76389,109.02,0.9940,live,0.1020,0.1434,100.34,699.62
148677.702059,60.0,0.0257,2,2,0,0.63672,0.76389,0.59844,0.73611,0.57422,0.68750,0.57109,0.64167,0.56797,0.59583,0.59609,0.60278,0.58984,0.56111,0.58281,0.54444,0.57422,0.53194,0.62266,0.60417,0.61953,0.55556,0.61328,0.53750,0.60313,0.52500,0.64922,0.62361,0.65000,0.57778,0.64531,0.55556,0.63594,0.54444,0.67344,0.65833,0.68125,0.61944,0.68359,0.59583,0.68203,0.57917,0.60876,0.81025,0.9998,0.72825,1.00000,0.9026,0.64917,0.76640,0.9975,0.63299,0.72163,0.63672,0.76389,109.91,0.9948,live,0.1091,0.1415,98.30,694.81
148677.768962,60.0,0.0926,2,2,0,0.63516,0.75833,0.59766,0.73056,0.57344,0.68056,0.56953,0.63333,0.56719,0.58889,0.59688,0.59722,0.59062,0.55139,0.58203,0.53472,0.57188,0.52361,0.62266,0.59722,0.62031,0.54583,0.61250,0.52778,0.60000,0.51667,0.64844,0.61806,0.65156,0.56944,0.64609,0.54583,0.63672,0.53194,0.67188,0.65278,0.68047,0.61389,0.68359,0.58889,0.68281,0.56944,0.60931,0.81111,0.9998,0.72831,1.00000,0.9072,0.64953,0.76559,0.9976,0.63343,0.72897,0.63516,0.75833,109.10,0.9957,live,0.1091,0.1322,91.20,689.98
148677.835574,60.0,0.1593,2,2,0,0.63516,0.75000,0.59844,0.71944,0.57422,0.67083,0.56953,0.62500,0.56719,0.58056,0.59531,0.58472,0.58906,0.54444,0.58203,0.52500,0.57344,0.50833,0.62187,0.58472,0.61875,0.53472,0.61172,0.51667,0.60078,0.50278,0.64766,0.60417,0.65078,0.55556,0.64531,0.53194,0.63672,0.51667,0.67109,0.63750,0.68047,0.60000,0.68359,0.57500,0.68281,0.55417,0.60926,0.81108,0.9998,0.73024,1.00000,0.9078,0.64954,0.76446,0.9976,0.63377,0.73317,0.63516,0.75000,111.75,0.9946,live,0.1091,0.1164,80.06,687.64
148677.901824,60.0,0.2255,2,2,0,0.63672,0.73611,0.59844,0.70694,0.57500,0.65556,0.57031,0.60833,0.56797,0.56389,0.59609,0.57083,0.58906,0.52917,0.58203,0.50972,0.57344,0.49167,0.62266,0.56944,0.61875,0.51944,0.61094,0.50000,0.60000,0.48472,0.64844,0.58750,0.65078,0.53750,0.64531,0.51389,0.63594,0.49583,0.67188,0.62083,0.68047,0.58333,0.68359,0.55833,0.68281,0.53611,0.60805,0.81110,0.9998,0.73215,1.00000,0.9125,0.64936,0.74174,0.9978,0.63436,0.73376,0.63672,0.73611,112.27,0.9941,live,0.1091,0.1175,80.60,685.96
148677.968975,60.0,0.2927,2,2,0,0.63828,0.71667,0.59922,0.68750,0.57578,0.63611,0.57266,0.58750,0.57031,0.54167,0.59766,0.54861,0.58984,0.50556,0.58281,0.48472,0.57422,0.46528,0.62344,0.54722,0.61875,0.49722,0.61172,0.47639,0.60156,0.45833,0.64844,0.56528,0.65078,0.51528,0.64609,0.49028,0.63828,0.46806,0.67344,0.59861,0.68203,0.55833,0.68437,0.53333,0.68281,0.50694,0.60700,0.81181,0.9998,0.73268,1.00000,0.9156,0.64934,0.73068,0.9979,0.63515,0.73034,0.63828,0.71667,113.70,0.9933,live,0.1029,0.0747,51.18,685.51
148678.035800,60.0,0.3595,2,2,0,0.63906,0.69583,0.60000,0.66667,0.57656,0.61250,0.57500,0.56111,0.57266,0.51389,0.59844,0.52361,0.59141,0.47917,0.58516,0.45556,0.57812,0.43333,0.62500,0.52083,0.62031,0.47083,0.61328,0.44722,0.60391,0.42361,0.65000,0.53750,0.65312,0.48750,0.64922,0.45972,0.64219,0.43472,0.67500,0.56944,0.68359,0.52917,0.68594,0.50278,0.68516,0.47500,0.60723,0.81440,0.9998,0.73518,1.00000,0.9170,0.64604,0.70602,0.9980,0.63593,0.72344,0.63906,0.69583,116.78,0.9942,live,0.0944,0.0560,38.47,687.33
148678.102075,60.0,0.4258,2,2,0,0.64141,0.67083,0.60078,0.64167,0.57812,0.58472,0.57812,0.53056,0.57500,0.48333,0.59922,0.50000,0.59219,0.45139,0.58672,0.42500,0.57969,0.40000,0.62656,0.49444,0.62187,0.44167,0.61562,0.41389,0.60625,0.38889,0.65156,0.50833,0.65469,0.45556,0.65156,0.42639,0.64531,0.39861,0.67656,0.53750,0.68516,0.49583,0.68828,0.46944,0.68828,0.44167,0.60707,0.81498,0.9998,0.73541,1.00000,0.9167,0.64611,0.66129,0.9980,0.63702,0.71292,0.64141,0.67083,117.85,0.9913,live,0.0845,0.0393,27.09,689.70
148678.169149,60.0,0.4928,2,2,0,0.64219,0.64583,0.60156,0.61389,0.57969,0.55556,0.57891,0.50000,0.57656,0.45139,0.60234,0.46806,0.59531,0.41944,0.58984,0.39306,0.58281,0.36528,0.62891,0.46250,0.62422,0.40694,0.61797,0.37917,0.60781,0.35139,0.65312,0.47639,0.65625,0.42361,0.65234,0.39167,0.64687,0.36111,0.67656,0.50556,0.68516,0.46111,0.68906,0.43333,0.68984,0.40417,0.60762,0.81349,0.9998,0.73688,1.00000,0.9156,0.64693,0.64688,0.9980,0.63806,0.69950,0.64219,0.64583,119.95,0.9926,live,0.0760,0.0373,25.83,693.30
148678.236167,60.0,0.5598,2,2,0,0.64297,0.62500,0.60313,0.58889,0.58203,0.53056,0.58125,0.47361,0.57812,0.42222,0.60313,0.43889,0.59688,0.39028,0.59141,0.36111,0.58594,0.33194,0.63047,0.43333,0.62578,0.38056,0.61953,0.35000,0.61094,0.31667,0.65469,0.44583,0.65625,0.39306,0.65312,0.36250,0.64844,0.33056,0.67891,0.47361,0.68516,0.42778,0.68828,0.40000,0.68906,0.36944,0.60897,0.81233,0.9998,0.73867,1.00000,0.9096,0.64900,0.61937,0.9980,0.63904,0.68460,0.64297,0.62500,125.20,0.9932,live,0.0760,0.0517,36.23,700.25
148678.302163,60.0,0.6258,2,2,0,0.64453,0.60278,0.60391,0.56389,0.58359,0.50556,0.58203,0.44722,0.57812,0.39583,0.60313,0.41667,0.59688,0.36389,0.59219,0.33333,0.58672,0.30139,0.63125,0.40972,0.62656,0.35278,0.61953,0.32083,0.61172,0.28750,0.65547,0.42083,0.65625,0.36528,0.65312,0.33194,0.64844,0.30000,0.67891,0.44583,0.68516,0.40000,0.68828,0.37222,0.68906,0.34028,0.61075,0.81077,0.9998,0.73979,1.00000,0.9081,0.65111,0.60853,0.9979,0.64014,0.66824,0.64453,0.60278,126.16,0.9880,live,0.0760,0.0678,47.95,707.05
148678.368948,60.0,0.6926,2,2,0,0.64375,0.58611,0.60313,0.54722,0.58359,0.48889,0.58125,0.43056,0.57656,0.37639,0.60313,0.39583,0.59609,0.34306,0.59141,0.31250,0.58672,0.27917,0.63047,0.38889,0.62500,0.32917,0.61875,0.29583,0.61016,0.26111,0.65391,0.39861,0.65469,0.33889,0.65156,0.30556,0.64687,0.27222,0.67734,0.42500,0.68281,0.37639,0.68594,0.34722,0.68594,0.31528,0.60829,0.81044,0.9998,0.74174,1.00000,0.9073,0.65273,0.58604,0.9979,0.64086,0.65181,0.64375,0.58611,127.64,0.9880,live,0.0760,0.0837,59.77,714.11
148678.435785,60.0,0.7595,2,2,0,0.64297,0.57222,0.60234,0.53194,0.58125,0.47222,0.57969,0.41250,0.57500,0.36111,0.60391,0.38333,0.59531,0.32917,0.59062,0.29722,0.58516,0.26250,0.62969,0.37500,0.62344,0.31250,0.61641,0.27778,0.60781,0.24167,0.65234,0.38472,0.65312,0.31944,0.64922,0.28333,0.64453,0.24861,0.67422,0.40972,0.68047,0.35972,0.68281,0.32778,0.68359,0.29444,0.60803,0.79713,0.9998,0.74161,1.00000,0.9035,0.65412,0.55984,0.9979,0.64128,0.63589,0.64297,0.57222,125.89,0.9809,live,0.0760,0.0988,71.02,719.05
148678.502392,60.0,0.8261,2,2,0,0.63984,0.56111,0.60000,0.51806,0.57969,0.45833,0.57891,0.39861,0.57422,0.34583,0.60156,0.37083,0.59297,0.31806,0.58750,0.28472,0.58281,0.25139,0.62734,0.36250,0.62031,0.30000,0.61328,0.26389,0.60547,0.22639,0.65000,0.37222,0.65000,0.30556,0.64531,0.26944,0.64062,0.23194,0.67188,0.39583,0.67734,0.34583,0.67891,0.31250,0.67891,0.27639,0.60582,0.79541,0.9998,0.74220,0.99907,0.9067,0.65148,0.54842,0.9980,0.64099,0.62094,0.63984,0.56111,126.76,0.9801,live,0.0820,0.1093,79.16,724.03
148678.569348,60.0,0.8930,2,2,0,0.63828,0.55278,0.59844,0.50972,0.57891,0.45000,0.57656,0.39167,0.57188,0.33750,0.59922,0.36111,0.58984,0.30833,0.58359,0.27639,0.57891,0.24167,0.62422,0.35278,0.61641,0.29028,0.60938,0.25417,0.60078,0.21528,0.64609,0.36250,0.64609,0.29583,0.64062,0.25972,0.63516,0.22222,0.66875,0.38750,0.67266,0.33611,0.67422,0.30278,0.67422,0.26667,0.60605,0.79670,0.9998,0.74277,1.00000,0.9062,0.64936,0.54964,0.9980,0.64045,0.60731,0.63828,0.55278,127.03,0.9843,live,0.0880,0.1151,83.90,728.61
148678.636230,60.0,0.9599,2,2,0,0.63750,0.54722,0.59688,0.50417,0.57734,0.44583,0.57656,0.38472,0.57188,0.33194,0.59844,0.35694,0.58906,0.30278,0.58203,0.27083,0.57578,0.23611,0.62344,0.34722,0.61562,0.28472,0.60781,0.24861,0.59844,0.20972,0.64531,0.35556,0.64375,0.29028,0.63906,0.25278,0.63359,0.21667,0.66797,0.37917,0.67109,0.32778,0.67266,0.29306,0.67188,0.25833,0.60713,0.79695,0.9998,0.74479,1.00000,0.9051,0.64987,0.54547,0.9980,0.63986,0.59529,0.63750,0.54722,127.13,0.9848,live,0.0930,0.1158,84.87,732.71
148678.702496,60.0,0.0262,2,1,1,0.63906,0.54583,0.59844,0.50417,0.57812,0.44306,0.57656,0.38194,0.57188,0.32778,0.59844,0.35694,0.58906,0.30139,0.58281,0.26944,0.57734,0.23472,0.62266,0.34722,0.61562,0.28333,0.60781,0.24722,0.59922,0.20972,0.64531,0.35556,0.64453,0.28889,0.63984,0.25139,0.63438,0.21389,0.66797,0.37639,0.67109,0.32500,0.67188,0.29028,0.67188,0.25556,0.60761,0.80174,0.9998,0.74629,1.00000,0.9071,0.65039,0.53408,0.9980,0.63970,0.58540,0.63906,0.54583,126.93,0.9827,live,0.0930,0.1117,82.26,736.18
148678.769238,60.0,0.0929,2,1,1,0.63906,0.54583,0.59922,0.50417,0.57891,0.44583,0.57734,0.38472,0.57266,0.33056,0.59922,0.35833,0.58984,0.30278,0.58437,0.27083,0.57891,0.23611,0.62422,0.34861,0.61641,0.28611,0.60938,0.25000,0.60156,0.21250,0.64609,0.35694,0.64531,0.29167,0.64141,0.25417,0.63516,0.21667,0.66875,0.37778,0.67266,0.32639,0.67344,0.29306,0.67266,0.25694,0.60732,0.80180,0.9998,0.74642,1.00000,0.9082,0.65036,0.53744,0.9980,0.63957,0.57748,0.63906,0.54583,126.12,0.9794,live,0.0930,0.1045,77.18,738.64
148678.836209,60.0,0.1599,2,1,1,0.64062,0.55139,0.60000,0.50972,0.58047,0.45000,0.57891,0.39028,0.57422,0.33611,0.60078,0.36250,0.59141,0.30694,0.58594,0.27639,0.58125,0.24306,0.62578,0.35278,0.61875,0.29167,0.61172,0.25556,0.60313,0.21806,0.64844,0.36250,0.64766,0.29861,0.64375,0.26111,0.63828,0.22361,0.67109,0.38472,0.67500,0.33472,0.67578,0.30139,0.67578,0.26667,0.60697,0.80256,0.9998,0.74673,1.00000,0.9067,0.65096,0.53637,0.9980,0.63978,0.57227,0.64062,0.55139,126.77,0.9779,live,0.0930,0.0933,69.13,741.28
148678.902578,60.0,0.2263,2,1,1,0.63984,0.55833,0.60078,0.51806,0.58125,0.45833,0.57969,0.40000,0.57422,0.34583,0.60156,0.36806,0.59297,0.31389,0.58750,0.28472,0.58281,0.25139,0.62656,0.35972,0.61953,0.29861,0.61250,0.26389,0.60391,0.22778,0.64922,0.36944,0.64844,0.30556,0.64453,0.26944,0.63906,0.23333,0.67188,0.39444,0.67578,0.34444,0.67734,0.31111,0.67656,0.27639,0.60831,0.80077,0.9998,0.74690,1.00000,0.9070,0.65278,0.54046,0.9980,0.63980,0.56948,0.63984,0.55833,126.60,0.9814,live,0.0930,0.0798,59.32,743.48
148678.969408,60.0,0.2931,2,1,1,0.63906,0.56944,0.60000,0.52917,0.58047,0.46806,0.57891,0.40972,0.57344,0.35694,0.60156,0.37917,0.59297,0.32500,0.58750,0.29444,0.58203,0.26250,0.62656,0.37083,0.61875,0.30972,0.61172,0.27361,0.60234,0.23750,0.64922,0.38056,0.64844,0.31667,0.64453,0.28056,0.63906,0.24444,0.67188,0.40556,0.67578,0.35694,0.67656,0.32361,0.67578,0.29028,0.60882,0.80551,0.9998,0.74688,1.00000,0.9031,0.65131,0.55208,0.9980,0.63965,0.56947,0.63906,0.56944,126.57,0.9829,live,0.0878,0.0642,47.87,745.40
148679.036233,60.0,0.3599,2,1,1,0.63984,0.58611,0.60000,0.54583,0.57969,0.48472,0.57734,0.42778,0.57266,0.37639,0.60078,0.39722,0.59297,0.34306,0.58672,0.31250,0.57969,0.28056,0.62578,0.38889,0.61797,0.32778,0.61016,0.29306,0.60078,0.25833,0.64844,0.39861,0.64766,0.33611,0.64297,0.30000,0.63672,0.26389,0.67109,0.42500,0.67578,0.37500,0.67656,0.34306,0.67656,0.30972,0.61343,0.79847,0.9998,0.74719,1.00000,0.9013,0.65073,0.56355,0.9979,0.63969,0.57280,0.63984,0.58611,125.73,0.9826,live,0.0810,0.0497,37.10,746.48
148679.102699,60.0,0.4264,2,1,1,0.63828,0.61111,0.59766,0.56944,0.57656,0.50972,0.57500,0.45278,0.56953,0.40139,0.59766,0.42083,0.58906,0.37083,0.58281,0.34167,0.57578,0.31250,0.62266,0.41389,0.61562,0.35556,0.60703,0.32361,0.59766,0.29028,0.64531,0.42500,0.64531,0.36528,0.64062,0.33056,0.63438,0.29722,0.66875,0.45000,0.67344,0.40139,0.67500,0.37083,0.67500,0.33889,0.61152,0.79921,0.9998,0.74365,1.00000,0.9060,0.64706,0.58258,0.9981,0.63941,0.58046,0.63828,0.61111,126.43,0.9879,live,0.0729,0.0365,27.27,747.93
148679.169208,60.0,0.4929,2,1,1,0.63750,0.64167,0.59609,0.60139,0.57422,0.54306,0.57188,0.48611,0.56563,0.43750,0.59375,0.45417,0.58516,0.40556,0.57891,0.37917,0.57188,0.35139,0.62031,0.44722,0.61250,0.39306,0.60391,0.36389,0.59297,0.33194,0.64297,0.45833,0.64219,0.40556,0.63594,0.37361,0.62891,0.34167,0.66719,0.48472,0.67031,0.43889,0.67109,0.41111,0.67031,0.38056,0.60711,0.80002,0.9998,0.74278,1.00000,0.9046,0.64589,0.59930,0.9980,0.63903,0.59270,0.63750,0.64167,125.91,0.9897,live,0.0664,0.0365,27.30,748.83
148679.236342,60.0,0.5600,2,1,1,0.63438,0.66667,0.59453,0.62917,0.57109,0.57222,0.56719,0.51944,0.56172,0.47083,0.59141,0.48750,0.58281,0.43889,0.57578,0.41389,0.56797,0.38750,0.61641,0.48333,0.60938,0.42917,0.60078,0.40139,0.58984,0.37083,0.64062,0.49444,0.63906,0.44167,0.63281,0.40972,0.62500,0.37917,0.66406,0.51944,0.66875,0.47639,0.66953,0.45000,0.66875,0.42083,0.60781,0.80012,0.9998,0.74111,1.00000,0.9078,0.64064,0.63893,0.9981,0.63810,0.60750,0.63438,0.66667,120.66,0.9905,live,0.0611,0.0368,27.46,745.85
148679.302826,60.0,0.6265,2,1,1,0.63203,0.69028,0.59219,0.65417,0.56875,0.60000,0.56406,0.54722,0.55859,0.50000,0.58828,0.51806,0.57969,0.47083,0.57266,0.44722,0.56406,0.42222,0.61406,0.51250,0.60625,0.46250,0.59844,0.43750,0.58750,0.40833,0.63828,0.52500,0.63750,0.47500,0.63047,0.44583,0.62266,0.41667,0.66250,0.55000,0.66797,0.50972,0.66953,0.48472,0.66875,0.45694,0.60801,0.81098,0.9998,0.74132,1.00000,0.9108,0.64069,0.66642,0.9982,0.63688,0.62405,0.63203,0.69028,118.03,0.9881,live,0.0611,0.0532,39.47,741.33
148679.369857,60.0,0.6935,2,1,1,0.62969,0.70972,0.59062,0.67778,0.56641,0.62500,0.56016,0.57500,0.55312,0.52917,0.58437,0.54167,0.57656,0.49722,0.56875,0.47778,0.55937,0.45833,0.61016,0.53750,0.60313,0.49028,0.59375,0.46806,0.58203,0.44583,0.63516,0.55139,0.63438,0.50278,0.62734,0.47639,0.61797,0.45278,0.65938,0.57917,0.66484,0.54028,0.66563,0.51528,0.66406,0.49028,0.60803,0.81619,0.9998,0.74080,1.00000,0.9086,0.64077,0.69703,0.9981,0.63544,0.64119,0.62969,0.70972,115.45,0.9889,live,0.0611,0.0706,51.93,735.49
148679.436193,60.0,0.7599,2,1,1,0.62578,0.73194,0.58672,0.69861,0.56328,0.64722,0.55703,0.59861,0.55000,0.55417,0.58203,0.56389,0.57500,0.52222,0.56641,0.50556,0.55703,0.48750,0.60781,0.56250,0.60078,0.51528,0.59219,0.49722,0.57891,0.47639,0.63203,0.57639,0.63203,0.52917,0.62422,0.50417,0.61328,0.48472,0.65625,0.60556,0.66328,0.56667,0.66406,0.54306,0.66016,0.52083,0.60701,0.81823,0.9998,0.73728,1.00000,0.9048,0.63938,0.71202,0.9979,0.63351,0.65934,0.62578,0.73194,114.03,0.9911,live,0.0662,0.0894,65.20,729.33
148679.502691,60.0,0.8264,2,1,1,0.62344,0.74444,0.58516,0.71528,0.56094,0.66389,0.55547,0.61667,0.54922,0.57361,0.58047,0.58333,0.57344,0.53889,0.56563,0.52361,0.55547,0.51250,0.60547,0.58194,0.60156,0.53194,0.59141,0.51528,0.57812,0.50417,0.63047,0.59861,0.63203,0.55139,0.62422,0.52778,0.61328,0.51389,0.65469,0.63056,0.66328,0.59167,0.66328,0.56806,0.66016,0.54722,0.60704,0.81829,0.9998,0.73458,1.00000,0.8999,0.63942,0.74299,0.9975,0.63150,0.67636,0.62344,0.74444,109.94,0.9951,live,0.0736,0.1077,77.67,720.97
148679.569490,60.0,0.8932,2,1,1,0.62266,0.75278,0.58359,0.72778,0.55937,0.67639,0.55312,0.62917,0.54766,0.58472,0.57891,0.59583,0.57266,0.55000,0.56328,0.53750,0.55234,0.53056,0.60469,0.59583,0.60078,0.54306,0.58984,0.52778,0.57578,0.52083,0.62969,0.61389,0.63203,0.56389,0.62266,0.54167,0.61016,0.52917,0.65391,0.64722,0.66328,0.60694,0.66328,0.58333,0.65859,0.56389,0.60938,0.81574,0.9998,0.73396,1.00000,0.8974,0.63938,0.75872,0.9972,0.62973,0.69164,0.62266,0.75278,107.55,0.9949,live,0.0823,0.1215,86.51,711.89
148679.636457,60.0,0.9601,2,1,1,0.62109,0.75417,0.58359,0.73056,0.55859,0.68056,0.55234,0.63472,0.54844,0.59028,0.57734,0.59722,0.56953,0.55417,0.56016,0.53889,0.55000,0.53472,0.60391,0.59722,0.59922,0.54444,0.58906,0.52917,0.57578,0.52500,0.63047,0.61667,0.63125,0.56667,0.62109,0.54306,0.60781,0.53194,0.65469,0.65139,0.66328,0.61389,0.66328,0.59028,0.65938,0.57222,0.60910,0.81446,0.9998,0.73393,1.00000,0.8972,0.63765,0.75756,0.9969,0.62800,0.70415,0.62109,0.75417,108.31,0.9954,live,0.0905,0.1281,90.24,704.44
148679.703016,60.0,0.0267,2,2,0,0.62109,0.75278,0.58359,0.72778,0.55781,0.67917,0.55156,0.63472,0.54766,0.58889,0.57656,0.59583,0.56797,0.55417,0.55937,0.53750,0.55000,0.53194,0.60391,0.59583,0.59922,0.54444,0.58984,0.52778,0.57734,0.52083,0.63047,0.61389,0.63047,0.56528,0.62266,0.54306,0.61016,0.53194,0.65469,0.64861,0.66172,0.60972,0.66250,0.58611,0.65938,0.56944,0.60968,0.80971,0.9998,0.72755,1.00000,0.8905,0.63444,0.75588,0.9967,0.62662,0.71387,0.62109,0.75278,108.78,0.9958,live,0.0971,0.1270,88.68,698.23
148679.769916,60.0,0.0936,2,2,0,0.61953,0.74722,0.58125,0.71944,0.55547,0.67083,0.54922,0.62639,0.54531,0.58194,0.57578,0.58750,0.56875,0.54306,0.56016,0.52778,0.54922,0.52222,0.60156,0.58889,0.59844,0.53611,0.58906,0.51944,0.57578,0.51111,0.62813,0.60972,0.62891,0.55972,0.62109,0.53611,0.61016,0.52639,0.65312,0.64444,0.65938,0.60278,0.66016,0.57778,0.65781,0.55972,0.60979,0.81182,0.9998,0.72745,1.00000,0.8957,0.63447,0.75496,0.9969,0.62520,0.72054,0.61953,0.74722,109.24,0.9943,live,0.0971,0.1198,83.05,693.09
148679.836565,60.0,0.1602,2,2,0,0.61719,0.74028,0.57891,0.70972,0.55547,0.65972,0.55078,0.61528,0.54375,0.57222,0.57500,0.57500,0.56719,0.53194,0.55781,0.51667,0.54766,0.50694,0.60156,0.57639,0.59688,0.52500,0.58672,0.50833,0.57266,0.49722,0.62734,0.59722,0.62813,0.54722,0.61953,0.52361,0.60781,0.51111,0.65156,0.63194,0.65859,0.59167,0.65938,0.56528,0.65625,0.54444,0.60912,0.81280,0.9998,0.72704,1.00000,0.8928,0.63346,0.75002,0.9966,0.62360,0.72449,0.61719,0.74028,111.54,0.9946,live,0.0971,0.1076,74.29,690.23
148679.902869,60.0,0.2265,2,2,0,0.61953,0.72917,0.58125,0.69583,0.55781,0.64722,0.55234,0.60000,0.54688,0.55694,0.57734,0.56250,0.56797,0.51944,0.55937,0.50278,0.54922,0.48750,0.60313,0.56111,0.59688,0.50972,0.58828,0.49306,0.57500,0.47778,0.62891,0.57917,0.62891,0.52778,0.62109,0.50417,0.61016,0.48889,0.65312,0.61111,0.66016,0.57222,0.66172,0.54583,0.65859,0.52500,0.60705,0.81627,0.9998,0.72732,1.00000,0.8964,0.63251,0.71746,0.9968,0.62279,0.72543,0.61953,0.72917,113.19,0.9935,live,0.0971,0.0911,62.78,688.90
148679.969860,60.0,0.2935,2,2,0,0.62187,0.71111,0.58437,0.67917,0.56250,0.62778,0.55781,0.58056,0.55234,0.53611,0.58047,0.54028,0.57266,0.49861,0.56484,0.48056,0.55547,0.46528,0.60703,0.53889,0.60078,0.48889,0.59219,0.47222,0.58047,0.45556,0.63203,0.55556,0.63281,0.50694,0.62578,0.48333,0.61562,0.46667,0.65703,0.58750,0.66563,0.54861,0.66641,0.52222,0.66328,0.50000,0.60613,0.81774,0.9998,0.73123,1.00000,0.8993,0.63390,0.71264,0.9970,0.62260,0.72256,0.62187,0.71111,115.71,0.9961,live,0.0926,0.0719,49.59,689.54
148680.037684,60.0,0.3614,2,2,0,0.62734,0.69306,0.58906,0.66111,0.56641,0.60833,0.56250,0.55833,0.55703,0.51250,0.58750,0.52083,0.57891,0.47778,0.57109,0.45833,0.56094,0.44028,0.61328,0.51806,0.60625,0.46667,0.59844,0.44722,0.58672,0.42778,0.63828,0.53472,0.63828,0.48194,0.63203,0.45694,0.62344,0.43333,0.66250,0.56667,0.66953,0.52361,0.67188,0.49722,0.66953,0.47083,0.60620,0.81952,0.9998,0.73638,1.00000,0.9025,0.63614,0.70382,0.9972,0.62355,0.71666,0.62734,0.69306,116.10,0.9955,live,0.0856,0.0538,37.12,690.39
148680.103242,60.0,0.4269,2,2,0,0.63359,0.67083,0.59297,0.64028,0.56953,0.58611,0.56719,0.53472,0.56328,0.48611,0.59141,0.49861,0.58359,0.45278,0.57656,0.43194,0.56719,0.40972,0.61797,0.49306,0.61250,0.44306,0.60469,0.41944,0.59375,0.39444,0.64219,0.50694,0.64375,0.45556,0.63906,0.43056,0.63125,0.40417,0.66719,0.53611,0.67578,0.49583,0.67812,0.47083,0.67734,0.44444,0.60368,0.82180,0.9998,0.73697,1.00000,0.9043,0.63606,0.67173,0.9973,0.62556,0.70750,0.63359,0.67083,117.90,0.9899,live,0.0769,0.0375,25.98,692.43
148680.170561,60.0,0.4942,2,2,0,0.63594,0.64861,0.59453,0.61944,0.57188,0.56250,0.57109,0.50833,0.56797,0.45972,0.59375,0.47222,0.58594,0.42639,0.58047,0.40139,0.57266,0.37917,0.62031,0.46667,0.61562,0.41528,0.60859,0.38889,0.59922,0.36389,0.64531,0.47917,0.64766,0.42778,0.64375,0.40000,0.63672,0.37083,0.67031,0.50694,0.67812,0.46528,0.68203,0.44028,0.68203,0.41250,0.60880,0.81448,0.9998,0.73940,1.00000,0.8983,0.63721,0.63980,0.9973,0.62764,0.69572,0.63594,0.64861,120.69,0.9923,live,0.0689,0.0323,22.48,696.23
148680.236609,60.0,0.5603,2,2,0,0.63672,0.62917,0.59688,0.59722,0.57578,0.53889,0.57422,0.48333,0.56953,0.43333,0.59609,0.44861,0.58906,0.40000,0.58281,0.37500,0.57656,0.34861,0.62344,0.44306,0.61875,0.38889,0.61094,0.36111,0.60156,0.33194,0.64844,0.45694,0.65000,0.40278,0.64609,0.37222,0.63984,0.34028,0.67188,0.48472,0.67891,0.44028,0.68281,0.41111,0.68359,0.37917,0.60884,0.81204,0.9998,0.73936,1.00000,0.9037,0.64124,0.61780,0.9974,0.62945,0.68241,0.63672,0.62917,122.21,0.9919,live,0.0689,0.0459,32.19,700.67
148680.303331,60.0,0.6270,2,2,0,0.63984,0.60833,0.59922,0.57083,0.57812,0.51389,0.57578,0.45694,0.57266,0.40556,0.59844,0.42222,0.59219,0.37361,0.58594,0.34583,0.57969,0.31806,0.62578,0.41528,0.62109,0.36250,0.61406,0.33194,0.60469,0.29861,0.65000,0.42778,0.65156,0.37500,0.64844,0.34306,0.64297,0.30972,0.67344,0.45694,0.68047,0.41111,0.68516,0.38194,0.68594,0.35139,0.60881,0.81208,0.9998,0.74070,1.00000,0.9077,0.64353,0.60547,0.9976,0.63153,0.66759,0.63984,0.60833,125.16,0.9925,live,0.0689,0.0611,43.18,706.71
148680.370238,60.0,0.6939,2,2,0,0.64141,0.59028,0.59922,0.55000,0.57969,0.49306,0.57812,0.43472,0.57422,0.38194,0.60000,0.40000,0.59297,0.35000,0.58828,0.32083,0.58281,0.29028,0.62813,0.39306,0.62266,0.33750,0.61562,0.30694,0.60703,0.27222,0.65234,0.40417,0.65312,0.34861,0.64922,0.31528,0.64453,0.28194,0.67656,0.43056,0.68281,0.38333,0.68594,0.35417,0.68594,0.32083,0.60848,0.80967,0.9998,0.74227,1.00000,0.9027,0.64880,0.58663,0.9975,0.63351,0.65213,0.64141,0.59028,128.46,0.9917,live,0.0689,0.0764,54.59,714.39
148680.436676,60.0,0.7604,2,2,0,0.64297,0.57500,0.60078,0.53472,0.58047,0.47500,0.57969,0.41528,0.57500,0.36111,0.60156,0.38333,0.59453,0.33194,0.58984,0.30278,0.58516,0.26944,0.62891,0.37639,0.62344,0.31806,0.61719,0.28611,0.60859,0.24861,0.65234,0.38750,0.65312,0.32639,0.65000,0.29167,0.64609,0.25833,0.67578,0.41250,0.68203,0.36389,0.68516,0.33194,0.68594,0.29861,0.60849,0.80974,0.9998,0.74234,1.00000,0.9022,0.65051,0.57337,0.9975,0.63540,0.63670,0.64297,0.57500,128.39,0.9882,live,0.0689,0.0915,65.95,721.11
148680.503165,60.0,0.8268,2,2,0,0.64453,0.56528,0.60156,0.51944,0.58281,0.46111,0.58281,0.40139,0.57734,0.34722,0.60313,0.37222,0.59609,0.32083,0.59141,0.29028,0.58750,0.25556,0.63047,0.36528,0.62500,0.30417,0.61953,0.27222,0.61094,0.23333,0.65312,0.37500,0.65469,0.31250,0.65156,0.27778,0.64687,0.24306,0.67734,0.39861,0.68281,0.34861,0.68594,0.31528,0.68672,0.27917,0.60877,0.80245,0.9998,0.74338,1.00000,0.9024,0.65117,0.55589,0.9976,0.63722,0.62242,0.64453,0.56528,129.48,0.9852,live,0.0749,0.1024,74.49,727.80
148680.570181,60.0,0.8939,2,2,0,0.64453,0.55833,0.60313,0.51250,0.58437,0.45139,0.58359,0.39167,0.57891,0.33750,0.60469,0.36111,0.59766,0.30972,0.59375,0.27917,0.59062,0.24444,0.63203,0.35417,0.62656,0.29306,0.62109,0.26111,0.61328,0.22083,0.65469,0.36389,0.65625,0.30139,0.65312,0.26667,0.64922,0.23194,0.67891,0.39028,0.68437,0.33750,0.68750,0.30417,0.68828,0.26806,0.60877,0.80036,0.9998,0.74415,1.00000,0.9027,0.65174,0.54338,0.9977,0.63869,0.60960,0.64453,0.55833,131.20,0.9861,live,0.0809,0.1081,79.48,734.92
148680.637084,60.0,0.9608,2,2,0,0.64531,0.55278,0.60391,0.50694,0.58437,0.44583,0.58437,0.38611,0.57969,0.33194,0.60703,0.35694,0.59844,0.30278,0.59375,0.27222,0.58984,0.23889,0.63359,0.35000,0.62734,0.28750,0.62187,0.25417,0.61328,0.21667,0.65625,0.35972,0.65703,0.29583,0.65391,0.25972,0.64922,0.22500,0.67969,0.38472,0.68516,0.33194,0.68750,0.29722,0.68828,0.26111,0.60865,0.80043,0.9998,0.74550,0.99621,0.9040,0.65388,0.53764,0.9978,0.64001,0.59824,0.64531,0.55278,129.98,0.9813,live,0.0877,0.1186,87.83,740.32
148680.703479,60.0,0.0272,2,1,1,0.64531,0.54861,0.60391,0.50417,0.58437,0.44306,0.58359,0.38333,0.58047,0.32917,0.60703,0.35278,0.59844,0.30000,0.59375,0.26944,0.58906,0.23611,0.63281,0.34583,0.62656,0.28472,0.62031,0.25139,0.61250,0.21389,0.65547,0.35556,0.65625,0.29306,0.65312,0.25833,0.64766,0.22361,0.67891,0.38056,0.68359,0.32917,0.68672,0.29583,0.68750,0.25972,0.60841,0.80614,0.9998,0.74581,0.99963,0.9058,0.65389,0.52964,0.9978,0.64107,0.58831,0.64531,0.54861,129.68,0.9832,live,0.0877,0.1064,79.22,744.85
