timestamp,bpm,beat_phase,meter_beats,beat_in_bar,is_downbeat,lm_0_x,lm_0_y,lm_1_x,lm_1_y,lm_2_x,lm_2_y,lm_3_x,lm_3_y,lm_4_x,lm_4_y,lm_5_x,lm_5_y,lm_6_x,lm_6_y,lm_7_x,lm_7_y,lm_8_x,lm_8_y,lm_9_x,lm_9_y,lm_10_x,lm_10_y,lm_11_x,lm_11_y,lm_12_x,lm_12_y,lm_13_x,lm_13_y,lm_14_x,lm_14_y,lm_15_x,lm_15_y,lm_16_x,lm_16_y,lm_17_x,lm_17_y,lm_18_x,lm_18_y,lm_19_x,lm_19_y,lm_20_x,lm_20_y,right_shoulder_x,right_shoulder_y,right_shoulder_conf,right_elbow_x,right_elbow_y,right_elbow_conf,right_wrist_x,right_wrist_y,right_wrist_conf,wrist_x,wrist_y,raw_wrist_x,raw_wrist_y,hand_scale_px,confidence,tracking_mode,dynamics_intensity,dynamics_raw_intensity,dynamics_span_px,dynamics_reference_span_px
155640.326622,80.0,0.0261,3,1,1,0.66484,0.39306,0.62109,0.33333,0.60234,0.26250,0.60156,0.20139,0.60156,0.15000,0.63125,0.19306,0.62500,0.13889,0.61484,0.10833,0.60234,0.08056,0.65156,0.18056,0.64844,0.11667,0.63594,0.08194,0.61953,0.05972,0.67109,0.18194,0.67188,0.11667,0.66016,0.08194,0.64297,0.06528,0.69141,0.19583,0.69063,0.13611,0.68047,0.10139,0.66484,0.07917,0.62857,0.77111,0.9997,0.79662,0.90999,0.7966,0.69562,0.40644,0.9910,0.74668,0.64776,0.66484,0.39306,131.82,0.9600,live,0.2163,0.2319,191.02,823.83
155640.396671,80.0,0.1195,3,1,1,0.64453,0.35417,0.60156,0.31250,0.58203,0.24722,0.57812,0.18889,0.57734,0.14167,0.61016,0.17917,0.60234,0.12639,0.59219,0.09861,0.58047,0.07639,0.62891,0.16667,0.62344,0.10417,0.61016,0.07222,0.59297,0.05417,0.64687,0.16667,0.64531,0.10000,0.63281,0.06944,0.61641,0.05417,0.66563,0.17778,0.66406,0.12083,0.65391,0.08889,0.63984,0.06667,0.62603,0.76786,0.9997,0.79066,0.88249,0.8058,0.67518,0.37718,0.9917,0.72625,0.58904,0.64453,0.35417,117.70,0.9687,live,0.2308,0.2965,240.11,809.71
155640.462778,80.0,0.2076,3,1,1,0.62891,0.35139,0.58906,0.31250,0.56953,0.25278,0.56406,0.19444,0.56172,0.14861,0.59766,0.18889,0.58828,0.13889,0.57656,0.11250,0.56328,0.08750,0.61562,0.17500,0.60781,0.11389,0.59531,0.08333,0.57891,0.06528,0.63281,0.17361,0.62813,0.10972,0.61797,0.07917,0.60313,0.06250,0.65156,0.18056,0.64844,0.12639,0.63906,0.09583,0.62578,0.07500,0.62036,0.76287,0.9997,0.78580,0.87589,0.8180,0.65719,0.37358,0.9924,0.70678,0.54151,0.62891,0.35139,111.85,0.9775,live,0.2531,0.3549,281.45,793.08
155640.529520,80.0,0.2966,3,1,1,0.61875,0.35972,0.58047,0.32500,0.56094,0.26806,0.55469,0.21111,0.55391,0.16250,0.58672,0.20139,0.57891,0.15417,0.56797,0.12778,0.55469,0.10556,0.60469,0.18750,0.59844,0.13194,0.58672,0.10417,0.57031,0.08889,0.62266,0.18611,0.61875,0.12639,0.60859,0.09861,0.59375,0.08333,0.64141,0.19444,0.63906,0.14306,0.63047,0.11250,0.61719,0.09306,0.61652,0.76170,0.9997,0.77245,0.87305,0.8269,0.64273,0.37789,0.9930,0.68917,0.50515,0.61875,0.35972,109.78,0.9778,live,0.2799,0.4020,312.36,776.95
155640.597756,80.0,0.3876,3,1,1,0.61172,0.36389,0.57422,0.32639,0.55469,0.27222,0.54844,0.21667,0.54844,0.17083,0.58359,0.20972,0.57500,0.16111,0.56406,0.13611,0.55000,0.11528,0.60078,0.19722,0.59453,0.14028,0.58203,0.11111,0.56484,0.09444,0.61797,0.19583,0.61406,0.13472,0.60313,0.10694,0.58750,0.09028,0.63594,0.20556,0.63281,0.15417,0.62422,0.12639,0.61016,0.10556,0.61360,0.75609,0.9997,0.75947,0.86833,0.8357,0.63683,0.37961,0.9936,0.67368,0.47690,0.61172,0.36389,105.68,0.9771,live,0.3100,0.4472,339.82,759.80
155640.662367,80.0,0.4738,3,1,1,0.60625,0.36389,0.57031,0.32917,0.55156,0.27639,0.54531,0.22361,0.54609,0.17639,0.57969,0.21528,0.57109,0.16806,0.56016,0.14306,0.54766,0.12083,0.59688,0.20278,0.59062,0.14722,0.57891,0.11806,0.56250,0.10139,0.61406,0.20139,0.61016,0.14167,0.59922,0.11389,0.58437,0.09722,0.63203,0.20972,0.62969,0.16111,0.62031,0.13333,0.60703,0.11389,0.61011,0.75631,0.9997,0.75536,0.87069,0.8469,0.62615,0.38779,0.9941,0.66020,0.45430,0.60625,0.36389,102.95,0.9764,live,0.3400,0.4766,354.01,742.75
155640.728005,80.0,0.5613,3,1,1,0.60234,0.36667,0.56563,0.33333,0.54844,0.28194,0.54219,0.23056,0.54297,0.18472,0.57578,0.22361,0.56719,0.17778,0.55703,0.15278,0.54453,0.13194,0.59297,0.21111,0.58594,0.15694,0.57422,0.12917,0.55781,0.11250,0.60938,0.20972,0.60547,0.15139,0.59531,0.12361,0.57969,0.10694,0.62734,0.21667,0.62500,0.16944,0.61641,0.14306,0.60391,0.12361,0.60313,0.76008,0.9997,0.74766,0.87132,0.8570,0.62241,0.39327,0.9946,0.64863,0.43677,0.60234,0.36667,99.98,0.9778,live,0.3645,0.4759,345.33,725.61
155640.798975,80.0,0.6559,3,1,1,0.60078,0.38056,0.56328,0.34583,0.54688,0.29444,0.54297,0.24306,0.54453,0.19861,0.57500,0.23750,0.56719,0.19167,0.55703,0.16667,0.54609,0.14583,0.59297,0.22500,0.58594,0.17361,0.57344,0.14722,0.55859,0.13056,0.60938,0.22361,0.60625,0.16944,0.59531,0.14167,0.58125,0.12500,0.62734,0.23056,0.62578,0.18472,0.61797,0.15833,0.60547,0.14028,0.59910,0.76017,0.9997,0.73840,0.87442,0.8643,0.62330,0.39631,0.9951,0.63906,0.42553,0.60078,0.38056,100.25,0.9759,live,0.3645,0.3703,263.16,710.72
155640.862212,80.0,0.7402,3,1,1,0.60078,0.41806,0.56797,0.38611,0.55078,0.32778,0.54688,0.27500,0.54609,0.23194,0.57969,0.26806,0.57109,0.22083,0.56016,0.19444,0.54844,0.17222,0.59766,0.25833,0.59141,0.20417,0.57969,0.17639,0.56484,0.15694,0.61484,0.25972,0.61250,0.20417,0.60156,0.17639,0.58750,0.15694,0.63203,0.27083,0.63281,0.22222,0.62578,0.19583,0.61328,0.17778,0.59936,0.76022,0.9997,0.73504,0.90383,0.8722,0.62452,0.42411,0.9954,0.63140,0.42403,0.60078,0.41806,101.68,0.9726,live,0.3552,0.3127,218.45,698.64
155640.929969,80.0,0.8306,3,1,1,0.60156,0.48472,0.57109,0.46250,0.55156,0.40972,0.54453,0.36250,0.54609,0.31944,0.58281,0.33611,0.57500,0.28194,0.56563,0.25833,0.55469,0.24444,0.60234,0.32917,0.59922,0.26806,0.58750,0.24306,0.57188,0.24028,0.62109,0.33611,0.62031,0.27778,0.60938,0.25000,0.59375,0.24444,0.63906,0.35694,0.64219,0.31111,0.63438,0.28472,0.62187,0.27222,0.60202,0.76999,0.9997,0.73459,1.00000,0.8803,0.62384,0.50841,0.9958,0.62543,0.43617,0.60156,0.48472,99.74,0.9869,live,0.3372,0.2555,175.40,686.62
155640.993925,80.0,0.9158,3,1,1,0.60859,0.66944,0.57891,0.63889,0.55625,0.58611,0.54297,0.54722,0.54453,0.51111,0.58984,0.50417,0.59141,0.43056,0.57578,0.42917,0.56641,0.45139,0.61094,0.50694,0.61250,0.42500,0.59531,0.43472,0.58672,0.46667,0.63125,0.52361,0.63828,0.44861,0.62109,0.45972,0.61094,0.48889,0.65078,0.55417,0.65938,0.50694,0.64453,0.50972,0.63281,0.52778,0.59969,0.79214,0.9997,0.72942,1.00000,0.8849,0.62257,0.65603,0.9959,0.62207,0.48283,0.60859,0.66944,105.84,0.9856,live,0.3238,0.2625,178.60,680.43
155641.064958,80.0,0.0105,3,2,0,0.61797,0.85278,0.58906,0.82778,0.56641,0.78472,0.55312,0.76667,0.55312,0.74444,0.59453,0.69444,0.58828,0.63472,0.57344,0.65139,0.56406,0.68472,0.62031,0.70417,0.62578,0.62083,0.60859,0.65278,0.59688,0.70139,0.64609,0.73056,0.65859,0.65694,0.63906,0.69167,0.62422,0.73472,0.66953,0.77222,0.68203,0.73056,0.66719,0.75417,0.65469,0.78472,0.60408,0.79083,0.9997,0.70944,1.00000,0.8889,0.64308,0.86716,0.9960,0.62125,0.55682,0.61797,0.85278,105.98,0.9880,live,0.2999,0.1914,129.23,675.09
155641.130262,80.0,0.0976,3,2,0,0.61562,0.89306,0.59141,0.88889,0.56953,0.85972,0.55781,0.84722,0.56641,0.83472,0.60781,0.77361,0.60078,0.72222,0.58516,0.75139,0.57422,0.78889,0.63594,0.79167,0.64062,0.72639,0.62031,0.76389,0.60391,0.80972,0.65859,0.82500,0.67266,0.77222,0.65234,0.81250,0.63438,0.85278,0.67734,0.86944,0.68906,0.85139,0.67656,0.88056,0.66406,0.90833,0.60418,0.79046,0.9996,0.68096,1.00000,0.8815,0.64289,0.94519,0.9953,0.62012,0.62406,0.61562,0.89306,89.37,0.9958,live,0.2896,0.2423,159.51,658.43
155641.219398,80.0,0.2165,3,2,0,0.61406,0.96667,0.58984,0.95000,0.56875,0.90417,0.55547,0.88611,0.56641,0.88889,0.61172,0.83056,0.61016,0.77500,0.59062,0.80000,0.57266,0.84028,0.63906,0.85556,0.64766,0.78611,0.62266,0.81944,0.60156,0.86528,0.66094,0.89167,0.67578,0.83472,0.65156,0.86667,0.62969,0.90556,0.67734,0.93611,0.69531,0.90972,0.68047,0.93472,0.66250,0.96250,0.60079,0.79221,0.9996,0.66431,1.00000,0.8719,0.64274,0.95506,0.9941,0.61891,0.69258,0.61406,0.96667,95.36,0.9949,live,0.2896,0.3093,200.45,648.07
155641.286179,80.0,0.3055,3,2,0,0.61172,0.97222,0.58437,0.95000,0.56328,0.89861,0.54844,0.87778,0.56250,0.87917,0.60313,0.82222,0.60391,0.76806,0.58281,0.79583,0.56641,0.83611,0.63203,0.84722,0.64062,0.77500,0.61406,0.81667,0.59375,0.86250,0.65469,0.88333,0.66797,0.82361,0.64453,0.86111,0.62266,0.90278,0.67188,0.92917,0.68672,0.89861,0.67109,0.92639,0.65469,0.95556,0.59901,0.79492,0.9996,0.65095,1.00000,0.8571,0.63182,0.96279,0.9918,0.61747,0.74851,0.61172,0.97222,100.54,0.9947,live,0.3038,0.3688,237.00,642.69
155641.352863,80.0,0.3944,3,2,0,0.60625,0.97222,0.58047,0.93750,0.55859,0.89167,0.54453,0.86944,0.55625,0.86667,0.59844,0.80694,0.59609,0.75556,0.57578,0.78056,0.55937,0.81528,0.62578,0.83056,0.63203,0.76389,0.60547,0.79722,0.58516,0.83889,0.64844,0.86667,0.65938,0.80833,0.63359,0.84167,0.61172,0.87778,0.66719,0.91250,0.67734,0.88333,0.65781,0.90417,0.63984,0.92778,0.60154,0.79480,0.9996,0.65657,1.00000,0.8506,0.62807,0.96343,0.9909,0.61523,0.79325,0.60625,0.97222,107.45,0.9936,live,0.3240,0.4162,267.58,642.93
155641.419682,80.0,0.4835,3,2,0,0.60078,0.95972,0.57578,0.92361,0.55391,0.88056,0.54141,0.85556,0.55000,0.84722,0.59297,0.79028,0.58906,0.73889,0.56797,0.76250,0.55234,0.79722,0.62109,0.81111,0.62344,0.74722,0.59766,0.78194,0.57891,0.82361,0.64297,0.84722,0.65000,0.79306,0.62187,0.82917,0.60078,0.86528,0.66016,0.89444,0.66406,0.86806,0.64219,0.89167,0.62266,0.91528,0.60280,0.79267,0.9996,0.66015,1.00000,0.8432,0.62579,0.96328,0.9899,0.61234,0.82655,0.60078,0.95972,109.00,0.9961,live,0.3470,0.4514,290.84,644.26
155641.485914,80.0,0.5718,3,2,0,0.60156,0.94444,0.57422,0.91389,0.55078,0.87083,0.53750,0.84583,0.54375,0.83611,0.58984,0.78194,0.58437,0.72917,0.56328,0.75139,0.54609,0.78611,0.61719,0.79861,0.61953,0.73333,0.59297,0.76806,0.57422,0.81111,0.63906,0.83194,0.64453,0.77778,0.61641,0.81389,0.59531,0.85000,0.65703,0.87639,0.65938,0.85139,0.63672,0.87639,0.61719,0.90000,0.60308,0.79318,0.9996,0.66187,1.00000,0.8474,0.62521,0.95852,0.9901,0.61018,0.85013,0.60156,0.94444,105.19,0.9980,live,0.3682,0.4647,298.69,642.68
155641.553129,80.0,0.6614,3,2,0,0.60313,0.93333,0.57422,0.90139,0.55234,0.85833,0.53984,0.83472,0.54453,0.82083,0.58984,0.76806,0.58359,0.71528,0.56250,0.73750,0.54531,0.77083,0.61719,0.78472,0.61797,0.71944,0.59141,0.75417,0.57188,0.79444,0.63906,0.81806,0.64375,0.76111,0.61641,0.79444,0.59609,0.82917,0.65703,0.86389,0.65938,0.83472,0.63594,0.85972,0.61719,0.88333,0.60543,0.79070,0.9996,0.66321,1.00000,0.8513,0.62254,0.95555,0.9903,0.60877,0.86677,0.60313,0.93333,106.05,0.9984,live,0.3796,0.4315,276.96,641.91
155641.619507,80.0,0.7499,3,2,0,0.61797,0.92361,0.58906,0.88889,0.56719,0.84306,0.55391,0.81944,0.55703,0.80417,0.60391,0.75417,0.59922,0.70556,0.57891,0.72222,0.56250,0.74861,0.63047,0.77083,0.63438,0.70556,0.60781,0.73056,0.58828,0.76667,0.65234,0.80417,0.66172,0.74444,0.63594,0.77222,0.61641,0.80278,0.66953,0.85139,0.67578,0.82083,0.65547,0.83889,0.63828,0.85833,0.61015,0.78746,0.9996,0.68598,1.00000,0.8529,0.64180,0.95298,0.9905,0.61061,0.87814,0.61797,0.92361,106.96,0.9979,live,0.3796,0.3613,231.90,641.90
155641.686269,80.0,0.8390,3,2,0,0.65234,0.90694,0.62266,0.86944,0.60156,0.81667,0.59688,0.78194,0.61953,0.79167,0.65078,0.73750,0.65234,0.68889,0.63516,0.70278,0.61875,0.72639,0.67578,0.75694,0.69297,0.69861,0.67031,0.71667,0.65078,0.74583,0.69453,0.79306,0.71406,0.74583,0.69688,0.76111,0.68203,0.78194,0.70781,0.84028,0.72344,0.81944,0.71562,0.82361,0.70781,0.82778,0.61072,0.79288,0.9996,0.71800,1.00000,0.8517,0.68705,0.94971,0.9909,0.61896,0.88390,0.65234,0.90694,105.94,0.9936,live,0.3639,0.2927,187.64,641.14
155641.752991,80.0,0.9279,3,2,0,0.73047,0.90139,0.70391,0.86528,0.68984,0.81389,0.68984,0.79583,0.70781,0.79722,0.74453,0.73056,0.75000,0.68889,0.74297,0.71250,0.73828,0.74028,0.77422,0.75278,0.79297,0.70000,0.77734,0.72500,0.76094,0.75694,0.79844,0.78750,0.82500,0.73889,0.80859,0.75833,0.78828,0.78889,0.81797,0.83611,0.84609,0.80833,0.83437,0.81528,0.81641,0.82917,0.61268,0.80809,0.9996,0.71861,1.00000,0.8438,0.74807,0.93313,0.9908,0.64126,0.88740,0.73047,0.90139,121.86,0.9878,live,0.3388,0.2244,146.30,651.94
155641.819840,80.0,0.0171,3,3,0,0.78047,0.91667,0.75859,0.85139,0.75703,0.79028,0.78516,0.77222,0.81641,0.77083,0.81016,0.72222,0.83203,0.68750,0.84688,0.69583,0.85547,0.72500,0.83984,0.74583,0.86953,0.70417,0.88125,0.70972,0.88516,0.73194,0.86094,0.77917,0.88828,0.74861,0.90078,0.74861,0.90469,0.76389,0.87422,0.82639,0.89922,0.79861,0.91406,0.78889,0.92422,0.78750,0.61265,0.81416,0.9996,0.73489,1.00000,0.8428,0.79506,0.90164,0.9910,0.66910,0.89325,0.78047,0.91667,134.31,0.9762,live,0.3126,0.1935,129.70,670.41
155641.886477,80.0,0.1059,3,3,0,0.81172,0.89444,0.80078,0.82083,0.80859,0.76250,0.84219,0.74306,0.87344,0.73750,0.86094,0.70139,0.88438,0.66806,0.90078,0.67083,0.91094,0.69583,0.89062,0.72639,0.92188,0.68056,0.93750,0.68056,0.94219,0.70556,0.91016,0.76111,0.94375,0.72778,0.95937,0.72778,0.96250,0.74583,0.92109,0.80694,0.95156,0.78611,0.96953,0.78194,0.97891,0.78750,0.61264,0.81847,0.9997,0.74575,1.00000,0.8321,0.83190,0.86399,0.9906,0.69762,0.89349,0.81172,0.89444,142.98,0.9771,live,0.2914,0.1944,134.70,692.91
155641.953303,80.0,0.1950,3,3,0,0.82891,0.85556,0.81484,0.79028,0.82422,0.72639,0.85547,0.69861,0.88594,0.68750,0.87969,0.66806,0.90078,0.63472,0.91875,0.63056,0.93047,0.64861,0.90703,0.69306,0.93437,0.64444,0.95234,0.64722,0.95781,0.67361,0.92422,0.72917,0.95391,0.69028,0.97109,0.69028,0.97344,0.71250,0.93281,0.77639,0.96250,0.75139,0.97813,0.74861,0.98438,0.75833,0.61262,0.81989,0.9997,0.75550,1.00000,0.8294,0.84369,0.82780,0.9908,0.72388,0.88590,0.82891,0.85556,137.98,0.9430,live,0.2783,0.2186,155.02,709.11
155642.019760,80.0,0.2836,3,3,0,0.82422,0.83472,0.81172,0.77083,0.82109,0.70556,0.85156,0.67361,0.88203,0.66250,0.87187,0.65139,0.88984,0.61389,0.90938,0.60556,0.92266,0.61528,0.89844,0.67361,0.92422,0.62500,0.94063,0.61667,0.94531,0.63611,0.91563,0.70833,0.94688,0.66528,0.96172,0.65833,0.96328,0.67778,0.92578,0.75417,0.95469,0.72778,0.97031,0.71944,0.97578,0.72639,0.61363,0.82086,0.9997,0.76071,1.00000,0.8288,0.83553,0.82295,0.9909,0.74395,0.87567,0.82422,0.83472,134.72,0.9482,live,0.2721,0.2439,175.82,721.02
155642.086536,80.0,0.3726,3,3,0,0.81484,0.82639,0.80156,0.76250,0.80859,0.69722,0.83828,0.66528,0.86719,0.65000,0.85859,0.64167,0.87578,0.60139,0.89375,0.59444,0.90469,0.61111,0.88516,0.66250,0.91016,0.61250,0.92656,0.60556,0.92891,0.62917,0.90312,0.69722,0.93125,0.65417,0.94531,0.64306,0.94531,0.65694,0.91406,0.74167,0.93906,0.71806,0.95391,0.70556,0.95859,0.70833,0.61523,0.82221,0.9997,0.76922,1.00000,0.8340,0.83029,0.81681,0.9914,0.75813,0.86581,0.81484,0.82639,133.68,0.9630,live,0.2721,0.2630,192.21,730.74
155642.153218,80.0,0.4616,3,3,0,0.80469,0.82083,0.78906,0.75972,0.79453,0.69444,0.82266,0.66250,0.85000,0.64722,0.84531,0.63611,0.86016,0.59444,0.87500,0.58611,0.88359,0.60139,0.87266,0.65694,0.89531,0.60556,0.90859,0.59861,0.90703,0.62500,0.89141,0.68889,0.91797,0.64722,0.92891,0.63472,0.92500,0.65139,0.90312,0.73472,0.92656,0.70556,0.93906,0.69306,0.94219,0.69722,0.61517,0.82393,0.9997,0.76646,1.00000,0.8346,0.82644,0.81471,0.9917,0.76744,0.85682,0.80469,0.82083,133.10,0.9810,live,0.2721,0.2740,202.47,738.88
155642.219935,80.0,0.5505,3,3,0,0.79688,0.81806,0.77969,0.75833,0.78203,0.69583,0.80781,0.66250,0.83281,0.64583,0.83281,0.63333,0.84609,0.59167,0.85938,0.58472,0.86641,0.60000,0.86016,0.65278,0.88281,0.60000,0.89375,0.59167,0.89062,0.61806,0.87969,0.68472,0.90469,0.64306,0.91406,0.62917,0.90938,0.64444,0.89062,0.72917,0.91328,0.70139,0.92500,0.68611,0.92734,0.69028,0.61569,0.82237,0.9997,0.76473,1.00000,0.8347,0.82304,0.81818,0.9921,0.77333,0.84906,0.79688,0.81806,130.46,0.9821,live,0.2721,0.2690,200.17,744.15
155642.286760,80.0,0.6396,3,3,0,0.78750,0.81389,0.77031,0.75694,0.77187,0.69444,0.79609,0.65833,0.82109,0.64167,0.82031,0.62778,0.83359,0.58472,0.84609,0.57778,0.85000,0.59722,0.84844,0.64722,0.87187,0.59028,0.88125,0.58472,0.87578,0.60833,0.86797,0.67917,0.89375,0.63472,0.90156,0.62222,0.89375,0.64167,0.88047,0.72361,0.90312,0.69306,0.91328,0.67778,0.91250,0.68194,0.61558,0.82382,0.9997,0.76521,1.00000,0.8383,0.81419,0.81865,0.9924,0.77616,0.84203,0.78750,0.81389,130.63,0.9814,live,0.2655,0.2358,176.60,748.91
155642.353510,80.0,0.7286,3,3,0,0.77656,0.79306,0.75859,0.73750,0.75938,0.67639,0.78125,0.63889,0.80547,0.60972,0.80391,0.60833,0.81719,0.56250,0.82734,0.55694,0.82891,0.57917,0.83203,0.62500,0.85469,0.56667,0.86250,0.56250,0.85625,0.58889,0.85234,0.65417,0.87656,0.60556,0.88438,0.59583,0.87656,0.61944,0.86562,0.69722,0.88906,0.66389,0.89844,0.65000,0.89531,0.65972,0.61541,0.82318,0.9997,0.75732,1.00000,0.8384,0.80691,0.81699,0.9928,0.77624,0.83223,0.77656,0.79306,128.19,0.9707,live,0.2523,0.1917,144.06,751.34
155642.419857,80.0,0.8171,3,3,0,0.76250,0.73889,0.74531,0.67917,0.74687,0.61806,0.76641,0.57917,0.78516,0.54444,0.78750,0.53750,0.79766,0.49444,0.80156,0.48611,0.80078,0.50000,0.81250,0.55139,0.82812,0.49861,0.83047,0.49167,0.82500,0.50556,0.83203,0.57778,0.85156,0.53056,0.85313,0.52083,0.84609,0.53472,0.84766,0.61806,0.86719,0.57917,0.86797,0.56389,0.86094,0.56528,0.61473,0.82313,0.9997,0.77332,1.00000,0.8399,0.79251,0.77108,0.9932,0.77349,0.81356,0.76250,0.73889,133.44,0.9649,live,0.2344,0.1531,115.92,757.25
155642.486697,80.0,0.9062,3,3,0,0.74375,0.66111,0.72734,0.57917,0.73359,0.50556,0.74922,0.45278,0.75938,0.40556,0.77187,0.46806,0.78047,0.41667,0.77812,0.38472,0.77187,0.36250,0.78906,0.47500,0.80078,0.42222,0.79688,0.38611,0.78828,0.36111,0.80156,0.49028,0.81484,0.44306,0.81172,0.40556,0.80391,0.37917,0.81172,0.51528,0.82344,0.47778,0.82031,0.44722,0.81484,0.42222,0.61470,0.82731,0.9997,0.81874,1.00000,0.8483,0.77638,0.65269,0.9937,0.76754,0.78307,0.74375,0.66111,121.81,0.8935,live,0.2161,0.1324,99.87,754.09
155642.553363,80.0,0.9951,3,3,0,0.71406,0.52222,0.69141,0.44861,0.68750,0.38194,0.69766,0.32917,0.70625,0.28472,0.71641,0.33611,0.71562,0.28194,0.71172,0.24583,0.70937,0.21389,0.73438,0.33472,0.73516,0.28194,0.73125,0.24444,0.72813,0.20972,0.74922,0.34028,0.75313,0.29306,0.74922,0.25278,0.74453,0.21944,0.76406,0.35694,0.76875,0.31111,0.76484,0.27778,0.75938,0.24861,0.61470,0.81874,0.9997,0.81024,0.99726,0.8547,0.75266,0.53916,0.9940,0.75685,0.73090,0.71406,0.52222,117.36,0.8891,live,0.2041,0.1499,112.13,748.10
155642.620207,80.0,0.0842,3,1,1,0.68594,0.43472,0.65469,0.36389,0.64844,0.29722,0.65703,0.24028,0.66328,0.19722,0.67344,0.25833,0.67031,0.20417,0.66719,0.16806,0.66563,0.13333,0.68906,0.25417,0.68828,0.20139,0.68516,0.16389,0.68359,0.12917,0.70312,0.25833,0.70469,0.20972,0.70234,0.16806,0.70000,0.13194,0.71953,0.27222,0.72031,0.22639,0.71719,0.19444,0.71406,0.16389,0.61050,0.80732,0.9998,0.79645,0.89714,0.8620,0.71726,0.43693,0.9945,0.74267,0.67167,0.68594,0.43472,110.64,0.9127,live,0.2041,0.1982,146.24,737.99
155642.686719,80.0,0.1729,3,1,1,0.65938,0.37639,0.62266,0.31389,0.61328,0.24722,0.61719,0.18750,0.62109,0.14444,0.62891,0.20833,0.62500,0.15417,0.62031,0.11944,0.61641,0.08333,0.64687,0.19722,0.64375,0.14028,0.63750,0.10139,0.63203,0.06250,0.66406,0.19722,0.66250,0.14444,0.65859,0.10417,0.65312,0.06944,0.68281,0.20833,0.68281,0.15972,0.68125,0.12500,0.67812,0.09306,0.60649,0.80045,0.9998,0.78013,0.83299,0.8700,0.68492,0.38154,0.9949,0.72601,0.61261,0.65938,0.37639,112.70,0.9395,live,0.2135,0.2563,187.21,730.57
155642.753581,80.0,0.2620,3,1,1,0.63672,0.33472,0.60000,0.29306,0.58672,0.23611,0.58672,0.18194,0.58672,0.14306,0.60547,0.18333,0.60000,0.13611,0.59531,0.10417,0.58984,0.07500,0.62422,0.17361,0.61953,0.11806,0.61328,0.08333,0.60547,0.05000,0.64141,0.17361,0.63984,0.11667,0.63438,0.08194,0.62891,0.04861,0.66016,0.18194,0.66172,0.13472,0.65938,0.10278,0.65547,0.07222,0.60275,0.79303,0.9997,0.75508,0.78723,0.8763,0.66174,0.35365,0.9952,0.70815,0.55703,0.63672,0.33472,104.31,0.9663,live,0.2321,0.3170,227.61,718.00
155642.820160,80.0,0.3508,3,1,1,0.62422,0.32639,0.58750,0.29583,0.57109,0.24306,0.56875,0.19167,0.56406,0.15417,0.59219,0.19028,0.58359,0.14167,0.57578,0.10972,0.56953,0.07917,0.61016,0.17639,0.60391,0.11944,0.59609,0.08333,0.58828,0.05139,0.62734,0.17361,0.62344,0.11806,0.61797,0.08056,0.61016,0.05000,0.64609,0.17917,0.64687,0.13194,0.64297,0.10000,0.63750,0.07222,0.60054,0.78578,0.9997,0.74343,0.79144,0.8823,0.64676,0.34691,0.9956,0.69136,0.51090,0.62422,0.32639,98.70,0.9643,live,0.2575,0.3727,262.00,702.91
155642.886858,80.0,0.4397,3,1,1,0.61641,0.32500,0.57891,0.29722,0.56250,0.24583,0.55937,0.19583,0.55391,0.15833,0.58594,0.19444,0.57656,0.14722,0.56875,0.11528,0.56094,0.08611,0.60391,0.18056,0.59688,0.12361,0.58828,0.08750,0.57891,0.05694,0.62031,0.17639,0.61719,0.11944,0.60938,0.08333,0.60156,0.05139,0.63828,0.18194,0.63750,0.13472,0.63203,0.10417,0.62500,0.07639,0.59796,0.78415,0.9997,0.73732,0.79603,0.8877,0.64305,0.34195,0.9959,0.67637,0.47372,0.61641,0.32500,95.33,0.9538,live,0.2866,0.4192,288.05,687.20
155642.953658,80.0,0.5288,3,1,1,0.61328,0.33333,0.57578,0.30278,0.56016,0.25139,0.55625,0.20139,0.55156,0.16250,0.58594,0.20417,0.57578,0.15694,0.56641,0.12639,0.55781,0.09722,0.60313,0.18889,0.59609,0.13472,0.58594,0.09861,0.57578,0.06667,0.61875,0.18472,0.61484,0.12917,0.60703,0.09306,0.59766,0.06250,0.63594,0.18889,0.63438,0.14167,0.62813,0.11250,0.61953,0.08472,0.59740,0.78181,0.9997,0.73375,0.79830,0.8931,0.64033,0.35044,0.9962,0.66375,0.44565,0.61328,0.33333,94.27,0.9566,live,0.3152,0.4458,299.84,672.61
155643.020499,80.0,0.6179,3,1,1,0.60938,0.35278,0.57266,0.32222,0.55625,0.26944,0.55312,0.21806,0.55000,0.17639,0.58359,0.21667,0.57500,0.17083,0.56563,0.14306,0.55469,0.11944,0.60234,0.20278,0.59609,0.14861,0.58516,0.11528,0.57266,0.08750,0.61875,0.19861,0.61562,0.14444,0.60703,0.11111,0.59609,0.08194,0.63672,0.20417,0.63594,0.15833,0.62891,0.12917,0.61797,0.10417,0.59707,0.78074,0.9997,0.73277,0.81748,0.8965,0.63667,0.36250,0.9964,0.65288,0.42707,0.60938,0.35278,98.24,0.9606,live,0.3387,0.4458,295.37,662.63
155643.086942,80.0,0.7065,3,1,1,0.60625,0.39722,0.57188,0.36944,0.55391,0.31111,0.54844,0.25972,0.54609,0.21944,0.58125,0.25139,0.57188,0.20417,0.56172,0.17917,0.55078,0.15972,0.60000,0.23889,0.59219,0.18472,0.58125,0.15278,0.56797,0.12917,0.61719,0.23750,0.61328,0.18194,0.60391,0.15000,0.59219,0.12500,0.63516,0.24583,0.63359,0.19722,0.62656,0.16806,0.61562,0.14444,0.59517,0.78156,0.9997,0.73370,0.87745,0.9003,0.63431,0.39552,0.9967,0.64355,0.42110,0.60625,0.39722,102.07,0.9625,live,0.3507,0.4052,266.05,656.60
155643.153667,80.0,0.7955,3,1,1,0.60313,0.46389,0.57188,0.44444,0.55156,0.39028,0.54453,0.34028,0.54219,0.29583,0.57969,0.31806,0.57031,0.26389,0.55781,0.24583,0.54453,0.24444,0.59844,0.30556,0.59141,0.24583,0.57812,0.22083,0.56328,0.21667,0.61641,0.30972,0.61250,0.25000,0.60078,0.22361,0.58672,0.21389,0.63594,0.32639,0.63438,0.27917,0.62500,0.25278,0.61172,0.23889,0.59576,0.79626,0.9997,0.73393,0.97191,0.9036,0.63108,0.47190,0.9968,0.63547,0.42966,0.60313,0.46389,100.79,0.9717,live,0.3507,0.3485,226.66,650.38
155643.220471,80.0,0.8846,3,1,1,0.60938,0.63333,0.57734,0.59306,0.55312,0.52639,0.54219,0.47222,0.54141,0.42361,0.58594,0.45278,0.58437,0.38333,0.56875,0.36944,0.55547,0.38333,0.60703,0.45556,0.60547,0.37778,0.58828,0.37222,0.57422,0.39722,0.62734,0.47083,0.63047,0.39583,0.61172,0.39028,0.59688,0.41111,0.64844,0.49861,0.64844,0.44306,0.63438,0.43472,0.62266,0.45000,0.59965,0.80429,0.9997,0.73510,1.00000,0.9077,0.62781,0.60823,0.9970,0.63025,0.47039,0.60938,0.63333,114.28,0.9846,live,0.3383,0.2818,184.49,654.61
155643.287187,80.0,0.9735,3,1,1,0.61875,0.80833,0.58516,0.77500,0.55625,0.71944,0.53984,0.67917,0.54922,0.65000,0.59062,0.62778,0.58125,0.57222,0.56172,0.60417,0.55469,0.64028,0.61641,0.63333,0.61406,0.56111,0.59297,0.60694,0.58594,0.65417,0.64219,0.65556,0.64453,0.59583,0.62344,0.63333,0.61406,0.66806,0.66641,0.69028,0.66719,0.65972,0.65078,0.68194,0.64297,0.70556,0.60526,0.78114,0.9997,0.73189,1.00000,0.9048,0.62987,0.78227,0.9969,0.62795,0.53798,0.61875,0.80833,118.12,0.9941,live,0.3160,0.2145,141.84,661.11
155643.353979,80.0,0.0626,3,2,0,0.61953,0.79444,0.59062,0.80139,0.56406,0.80139,0.54922,0.82361,0.55234,0.83889,0.60000,0.71111,0.58594,0.72222,0.57266,0.78194,0.56328,0.82500,0.63125,0.73056,0.62734,0.71944,0.60625,0.78194,0.58984,0.83472,0.65703,0.76250,0.65859,0.75556,0.63828,0.81528,0.62187,0.86111,0.67500,0.80278,0.68047,0.82222,0.66875,0.86250,0.65781,0.89028,0.61091,0.77914,0.9997,0.72366,1.00000,0.8993,0.63644,0.91516,0.9958,0.62627,0.58927,0.61953,0.79444,75.28,0.9954,live,0.3007,0.2311,146.98,635.98
155643.420846,80.0,0.1517,3,2,0,0.60938,0.91806,0.58516,0.91250,0.55859,0.88889,0.54219,0.88333,0.55156,0.88333,0.59844,0.77083,0.58672,0.77778,0.56797,0.83472,0.55391,0.87917,0.63047,0.79167,0.62500,0.78472,0.60156,0.84722,0.58437,0.89722,0.65625,0.83056,0.66094,0.82639,0.63594,0.88750,0.61484,0.93333,0.67422,0.87778,0.68281,0.89167,0.66563,0.93889,0.65000,0.97083,0.61066,0.77937,0.9997,0.70471,1.00000,0.8919,0.64016,0.94219,0.9946,0.62289,0.65503,0.60938,0.91806,103.40,0.9990,live,0.3007,0.2867,181.81,634.11
155643.487166,80.0,0.2402,3,2,0,0.60234,0.94583,0.57422,0.93056,0.54922,0.89583,0.53125,0.88611,0.53984,0.87778,0.58984,0.78194,0.57969,0.77083,0.55781,0.82500,0.54141,0.87361,0.62266,0.80556,0.62109,0.77500,0.59297,0.83889,0.57344,0.88750,0.64766,0.84583,0.65078,0.82222,0.62187,0.88333,0.59844,0.92917,0.66484,0.89583,0.67266,0.89028,0.65234,0.93194,0.63359,0.95972,0.61047,0.77963,0.9996,0.68536,1.00000,0.8840,0.63308,0.94242,0.9927,0.61878,0.71319,0.60234,0.94583,109.34,0.9975,live,0.3082,0.3424,218.04,636.74
155643.554036,80.0,0.3293,3,2,0,0.60391,0.95556,0.57344,0.92917,0.54453,0.88611,0.52422,0.86667,0.53359,0.85139,0.58828,0.76944,0.57188,0.74583,0.54922,0.79722,0.53516,0.84583,0.61953,0.79306,0.60859,0.75278,0.57891,0.81250,0.56172,0.86250,0.64375,0.83194,0.63984,0.80139,0.61094,0.85694,0.58828,0.90000,0.66094,0.88194,0.66328,0.86944,0.64219,0.90972,0.62344,0.93889,0.61013,0.78254,0.9996,0.68412,1.00000,0.8753,0.62726,0.95761,0.9915,0.61580,0.76166,0.60391,0.95556,116.93,0.9955,live,0.3225,0.3875,249.75,644.52
155643.620706,80.0,0.4182,3,2,0,0.60625,0.95278,0.57266,0.91944,0.54219,0.87639,0.52422,0.85278,0.53281,0.83750,0.58281,0.75833,0.56563,0.73611,0.54375,0.78333,0.52969,0.82778,0.61406,0.77917,0.60078,0.74167,0.57266,0.79583,0.55703,0.84583,0.63984,0.81667,0.63359,0.78472,0.60469,0.83750,0.58281,0.88056,0.66016,0.86389,0.65781,0.85417,0.63516,0.88889,0.61562,0.91667,0.60925,0.78419,0.9996,0.68529,1.00000,0.8667,0.62248,0.95709,0.9903,0.61389,0.79989,0.60625,0.95278,121.87,0.9945,live,0.3401,0.4204,275.35,654.93
155643.687470,80.0,0.5072,3,2,0,0.60625,0.94861,0.57188,0.91389,0.54219,0.87361,0.52422,0.84722,0.53125,0.83056,0.58125,0.75694,0.56406,0.72917,0.54297,0.77361,0.52969,0.81806,0.61172,0.77639,0.59922,0.73056,0.57266,0.78611,0.55703,0.83611,0.63750,0.81250,0.63203,0.77361,0.60391,0.82500,0.58281,0.86667,0.65781,0.86111,0.65781,0.84306,0.63438,0.87639,0.61406,0.90556,0.61033,0.78443,0.9996,0.68712,1.00000,0.8618,0.62263,0.95366,0.9895,0.61236,0.82963,0.60625,0.94861,120.13,0.9944,live,0.3575,0.4368,289.49,662.83
155643.754229,80.0,0.5962,3,2,0,0.60469,0.94167,0.57109,0.90694,0.54219,0.86528,0.52500,0.83889,0.53594,0.82361,0.58281,0.75556,0.56719,0.72500,0.54609,0.76389,0.53203,0.80556,0.61250,0.77500,0.60313,0.72639,0.57656,0.77778,0.55937,0.82639,0.63750,0.81111,0.63438,0.76667,0.60703,0.81528,0.58672,0.85694,0.65781,0.85972,0.65781,0.83750,0.63594,0.87083,0.61719,0.90000,0.61023,0.78453,0.9996,0.68792,1.00000,0.8590,0.62305,0.94827,0.9888,0.61083,0.85204,0.60469,0.94167,117.29,0.9969,live,0.3675,0.4132,275.91,667.74
155643.820826,80.0,0.6850,3,2,0,0.60781,0.93472,0.57500,0.90000,0.54609,0.85694,0.53047,0.83056,0.54219,0.81250,0.58906,0.74722,0.57500,0.71667,0.55391,0.75417,0.53984,0.79444,0.61953,0.76528,0.61172,0.72083,0.58359,0.76806,0.56719,0.81389,0.64453,0.80278,0.64219,0.75972,0.61406,0.80556,0.59375,0.84583,0.66406,0.85278,0.66563,0.82917,0.64375,0.85833,0.62578,0.88472,0.60930,0.78261,0.9996,0.68814,1.00000,0.8655,0.62494,0.94195,0.9894,0.61023,0.86858,0.60781,0.93472,118.89,0.9978,live,0.3675,0.3552,239.11,673.21
155643.887375,80.0,0.7738,3,2,0,0.62656,0.91944,0.59219,0.88194,0.56484,0.83750,0.55234,0.81111,0.56953,0.80139,0.60781,0.72778,0.59766,0.70833,0.57812,0.74306,0.56484,0.78333,0.63984,0.74861,0.63828,0.70694,0.61328,0.74722,0.59688,0.79167,0.66484,0.78611,0.66953,0.74722,0.64531,0.78611,0.62656,0.82361,0.68516,0.83750,0.69141,0.81944,0.67422,0.84306,0.65781,0.86528,0.61188,0.77804,0.9996,0.71380,1.00000,0.8623,0.65111,0.93757,0.9891,0.61349,0.87875,0.62656,0.91944,121.58,0.9923,live,0.3568,0.3080,209.43,679.96
155643.954244,80.0,0.8629,3,2,0,0.66406,0.90417,0.63516,0.85556,0.61016,0.80278,0.60547,0.76667,0.63438,0.76528,0.65625,0.70278,0.65859,0.67639,0.64609,0.71250,0.63672,0.74861,0.68516,0.72361,0.69844,0.67778,0.68203,0.71111,0.66719,0.75000,0.70937,0.75833,0.72578,0.71944,0.71328,0.75000,0.70000,0.78194,0.72656,0.80694,0.74375,0.79444,0.74297,0.80694,0.73984,0.81528,0.61534,0.78405,0.9997,0.74268,1.00000,0.8646,0.70327,0.93259,0.9896,0.62361,0.88383,0.66406,0.90417,125.39,0.9747,live,0.3359,0.2405,165.63,688.65
155644.020960,80.0,0.9519,3,2,0,0.72969,0.89306,0.69688,0.83750,0.67969,0.77500,0.69531,0.74028,0.72422,0.72778,0.72344,0.70556,0.74219,0.65833,0.74844,0.67083,0.75078,0.70278,0.74609,0.71389,0.77109,0.66667,0.77734,0.67361,0.77812,0.69722,0.76406,0.73056,0.78828,0.68333,0.79141,0.68611,0.79141,0.70556,0.77734,0.75972,0.79063,0.72083,0.79453,0.71389,0.79609,0.71806,0.61525,0.79656,0.9997,0.73630,1.00000,0.8577,0.75269,0.87445,0.9897,0.64482,0.88568,0.72969,0.89306,114.73,0.9699,live,0.3099,0.1915,131.85,688.62
155644.087368,80.0,0.0404,3,3,0,0.78438,0.86111,0.76328,0.80278,0.76484,0.74583,0.78828,0.72917,0.81328,0.72500,0.82266,0.68472,0.83906,0.63611,0.84453,0.64861,0.84453,0.68056,0.85469,0.70972,0.89219,0.64861,0.88672,0.66389,0.86875,0.70139,0.87578,0.74722,0.91484,0.70000,0.91250,0.70833,0.89297,0.74028,0.88828,0.79306,0.91797,0.76806,0.92656,0.76944,0.91953,0.78611,0.61303,0.81042,0.9997,0.74304,1.00000,0.8570,0.79966,0.84840,0.9901,0.67273,0.88076,0.78438,0.86111,133.46,0.9486,live,0.2849,0.1708,119.89,702.08
155644.154402,80.0,0.1298,3,3,0,0.79844,0.85000,0.78125,0.78056,0.78594,0.71389,0.81875,0.68889,0.85000,0.68750,0.83750,0.65833,0.86094,0.62500,0.87734,0.62639,0.88984,0.64861,0.86016,0.68611,0.88906,0.64861,0.90391,0.64167,0.91406,0.65556,0.87422,0.72361,0.90312,0.68750,0.91641,0.67778,0.92422,0.68750,0.88203,0.76944,0.90391,0.74306,0.91406,0.73194,0.92109,0.72917,0.61237,0.81744,0.9997,0.75769,1.00000,0.8555,0.82554,0.82517,0.9905,0.69787,0.87461,0.79844,0.85000,127.18,0.9789,live,0.2661,0.1805,128.07,709.40
155644.220926,80.0,0.2185,3,3,0,0.80937,0.81667,0.79375,0.75556,0.80156,0.69444,0.83047,0.66944,0.85859,0.66111,0.85938,0.64722,0.87813,0.60694,0.88906,0.60694,0.89141,0.63472,0.88672,0.67083,0.91641,0.61806,0.92812,0.61528,0.92266,0.64722,0.90312,0.70694,0.93984,0.67083,0.95312,0.66250,0.94766,0.68194,0.91172,0.75417,0.94375,0.73750,0.95859,0.72361,0.96094,0.72361,0.61186,0.82254,0.9997,0.76490,1.00000,0.8554,0.83207,0.81718,0.9910,0.72017,0.86302,0.80937,0.81667,130.67,0.9810,live,0.2549,0.2038,146.41,718.35
155644.287826,80.0,0.3077,3,3,0,0.80469,0.80972,0.78906,0.75278,0.79375,0.69167,0.82188,0.66528,0.85000,0.65000,0.85234,0.63333,0.86875,0.59167,0.88047,0.59028,0.88359,0.61667,0.88047,0.65694,0.90859,0.60278,0.91953,0.60000,0.91250,0.63194,0.89844,0.69306,0.92969,0.65278,0.94141,0.64583,0.93359,0.66667,0.90781,0.74167,0.93594,0.72083,0.95078,0.70972,0.95156,0.71389,0.61170,0.82157,0.9997,0.76169,1.00000,0.8550,0.82493,0.81946,0.9916,0.73708,0.85236,0.80469,0.80972,133.46,0.9876,live,0.2496,0.2254,164.17,728.24
155644.354263,80.0,0.3963,3,3,0,0.80078,0.80556,0.78438,0.74861,0.78750,0.68889,0.81406,0.66111,0.84219,0.64861,0.84531,0.62917,0.86250,0.58889,0.87187,0.58611,0.87266,0.61250,0.87344,0.65000,0.90156,0.59167,0.91094,0.59028,0.90391,0.62222,0.89219,0.68611,0.92266,0.64306,0.93437,0.63750,0.92656,0.66111,0.90234,0.73472,0.93125,0.71389,0.94453,0.70278,0.94297,0.70833,0.61177,0.82170,0.9997,0.76118,1.00000,0.8549,0.82269,0.81575,0.9919,0.74982,0.84300,0.80078,0.80556,132.45,0.9832,live,0.2496,0.2463,181.30,736.21
155644.420981,80.0,0.4852,3,3,0,0.79688,0.80694,0.78125,0.74861,0.78203,0.68750,0.80781,0.65972,0.83594,0.65000,0.84141,0.63194,0.85859,0.58889,0.86719,0.58611,0.86641,0.61389,0.86875,0.65139,0.89687,0.59444,0.90547,0.59028,0.89766,0.62222,0.88750,0.68750,0.91797,0.64583,0.92891,0.63611,0.92109,0.65556,0.89766,0.73611,0.92656,0.71528,0.93906,0.70139,0.93672,0.70556,0.61093,0.82130,0.9997,0.76025,1.00000,0.8541,0.82056,0.81231,0.9923,0.75923,0.83579,0.79688,0.80694,131.48,0.9781,live,0.2496,0.2558,189.97,742.53
155644.487617,80.0,0.5741,3,3,0,0.79453,0.80694,0.77812,0.75139,0.77812,0.69028,0.80312,0.66111,0.83047,0.65000,0.83672,0.63056,0.85391,0.58750,0.86172,0.58611,0.86094,0.61528,0.86484,0.65139,0.89297,0.59167,0.90078,0.59167,0.89297,0.62500,0.88359,0.68611,0.91484,0.64167,0.92500,0.63611,0.91719,0.65972,0.89453,0.73472,0.92344,0.71111,0.93594,0.70000,0.93281,0.70556,0.61020,0.82100,0.9997,0.74362,1.00000,0.8537,0.81842,0.81276,0.9926,0.76629,0.83002,0.79453,0.80694,131.30,0.9799,live,0.2496,0.2500,186.98,747.97
155644.554218,80.0,0.6629,3,3,0,0.78438,0.78750,0.76641,0.73194,0.76719,0.66806,0.79141,0.63750,0.81875,0.62500,0.82188,0.60694,0.83906,0.56111,0.84688,0.55972,0.84531,0.59028,0.85156,0.62778,0.87813,0.56944,0.88672,0.56944,0.88047,0.60139,0.87109,0.66111,0.90156,0.61528,0.91250,0.60833,0.90547,0.63472,0.88203,0.70972,0.90938,0.67778,0.92188,0.66944,0.92031,0.68194,0.61064,0.82068,0.9997,0.75643,1.00000,0.8528,0.81719,0.79292,0.9927,0.76991,0.82152,0.78438,0.78750,131.49,0.9755,live,0.2496,0.2562,192.88,752.88
155644.620851,80.0,0.7517,3,3,0,0.76484,0.73056,0.74766,0.66944,0.75156,0.60556,0.77344,0.56806,0.79141,0.53750,0.80625,0.52917,0.82031,0.48750,0.82031,0.48611,0.81484,0.50694,0.83203,0.54583,0.85391,0.49583,0.85156,0.49028,0.83828,0.51250,0.85078,0.57639,0.87578,0.53194,0.87344,0.52222,0.86094,0.53750,0.86250,0.62083,0.88594,0.58750,0.88516,0.57222,0.87500,0.57639,0.61042,0.82100,0.9997,0.77256,1.00000,0.8556,0.79803,0.74511,0.9932,0.76889,0.80332,0.76484,0.73056,139.58,0.9603,live,0.2449,0.2238,170.73,763.03
155644.687706,80.0,0.8409,3,3,0,0.72734,0.60139,0.70000,0.54861,0.69375,0.47778,0.70703,0.43194,0.72578,0.40556,0.74297,0.40972,0.74766,0.36250,0.73984,0.34861,0.73125,0.35000,0.76719,0.41389,0.77891,0.35833,0.76875,0.33889,0.75234,0.33889,0.78672,0.43056,0.80156,0.37639,0.79141,0.35139,0.77578,0.34861,0.80156,0.45972,0.81484,0.41389,0.80937,0.38472,0.79766,0.37083,0.60984,0.82087,0.9998,0.77119,1.00000,0.8611,0.77370,0.62435,0.9937,0.76058,0.76294,0.72734,0.60139,126.58,0.9710,live,0.2297,0.1604,122.34,762.61
155644.754689,80.0,0.9302,3,3,0,0.70312,0.52500,0.67812,0.45278,0.67031,0.38611,0.67578,0.33333,0.68047,0.28611,0.70469,0.32778,0.70312,0.27222,0.69453,0.23750,0.68516,0.21528,0.72266,0.32500,0.72344,0.26528,0.71328,0.23056,0.70156,0.20972,0.73828,0.33333,0.74297,0.27778,0.73281,0.24167,0.71953,0.22083,0.75313,0.35278,0.76094,0.30417,0.75391,0.27500,0.74297,0.25556,0.60956,0.81871,0.9997,0.76810,0.99472,0.8632,0.72960,0.53239,0.9941,0.74909,0.71535,0.70312,0.52500,123.07,0.8999,live,0.2177,0.1631,123.92,759.70
155644.820870,80.0,0.0184,3,1,1,0.66953,0.44306,0.63672,0.36944,0.62734,0.30278,0.63281,0.24306,0.63906,0.19306,0.65469,0.25000,0.65000,0.19861,0.64062,0.16806,0.63047,0.14444,0.67188,0.24444,0.67109,0.18889,0.66172,0.15694,0.65000,0.13194,0.68828,0.24861,0.69063,0.19583,0.68203,0.16111,0.66875,0.13889,0.70547,0.26389,0.70859,0.21250,0.70312,0.18333,0.69375,0.16111,0.60617,0.80288,0.9997,0.75732,0.90073,0.8691,0.69304,0.44053,0.9945,0.73318,0.66089,0.66953,0.44306,121.51,0.9359,live,0.2177,0.2101,158.85,756.03
155644.888144,80.0,0.1081,3,1,1,0.64687,0.38611,0.61016,0.32083,0.59766,0.25417,0.59922,0.19583,0.60781,0.14861,0.62109,0.19861,0.61641,0.14861,0.60703,0.12083,0.59531,0.10139,0.63828,0.18889,0.63750,0.13333,0.62734,0.10417,0.61172,0.08750,0.65625,0.19306,0.65859,0.13611,0.64844,0.10556,0.63281,0.09444,0.67344,0.20833,0.67422,0.15694,0.66641,0.12778,0.65469,0.11111,0.60252,0.79592,0.9997,0.74862,0.86077,0.8738,0.66997,0.38360,0.9949,0.71592,0.60593,0.64687,0.38611,120.30,0.9722,live,0.2226,0.2449,184.15,751.92
155644.954758,80.0,0.1969,3,1,1,0.63281,0.34583,0.59766,0.29583,0.58516,0.23194,0.58672,0.17500,0.59453,0.13056,0.61016,0.17639,0.60547,0.12778,0.59531,0.10417,0.58281,0.08889,0.62656,0.16944,0.62422,0.11250,0.61250,0.08611,0.59688,0.07222,0.64297,0.17222,0.64297,0.11389,0.63203,0.08750,0.61719,0.07361,0.66016,0.18472,0.66016,0.13472,0.65234,0.10694,0.64062,0.08750,0.59991,0.79142,0.9997,0.73739,0.82999,0.8797,0.65679,0.35920,0.9953,0.69930,0.55391,0.63281,0.34583,109.52,0.9748,live,0.2365,0.3000,222.16,740.55
155645.021173,80.0,0.2855,3,1,1,0.62891,0.33472,0.59297,0.28750,0.58047,0.22639,0.58437,0.16806,0.59062,0.12222,0.60391,0.17639,0.59844,0.12639,0.58906,0.10139,0.57578,0.08472,0.62187,0.16806,0.61797,0.10972,0.60703,0.08333,0.59141,0.06806,0.63750,0.16944,0.63750,0.10972,0.62734,0.08194,0.61250,0.06944,0.65547,0.17917,0.65469,0.12917,0.64687,0.10000,0.63516,0.08194,0.59758,0.79132,0.9997,0.73279,0.81543,0.8851,0.65424,0.35497,0.9957,0.68522,0.51008,0.62891,0.33472,105.46,0.9814,live,0.2569,0.3499,254.59,727.61
155645.087869,80.0,0.3744,3,1,1,0.62734,0.33194,0.59219,0.28889,0.57969,0.22778,0.58203,0.16944,0.58828,0.12361,0.60313,0.17639,0.59766,0.12778,0.58672,0.10278,0.57422,0.08611,0.62031,0.16806,0.61562,0.11111,0.60469,0.08472,0.58906,0.06806,0.63672,0.16944,0.63516,0.10833,0.62500,0.08194,0.60938,0.06944,0.65391,0.17917,0.65312,0.12778,0.64453,0.09861,0.63281,0.08056,0.59617,0.79051,0.9997,0.73033,0.80193,0.8905,0.64926,0.34282,0.9960,0.67364,0.47445,0.62734,0.33194,103.68,0.9781,live,0.2808,0.3897,278.61,714.95
155645.155060,80.0,0.4640,3,1,1,0.62656,0.33611,0.59219,0.29583,0.57891,0.23333,0.57969,0.17361,0.58906,0.12917,0.60156,0.18056,0.59609,0.13333,0.58594,0.10972,0.57344,0.09306,0.61875,0.17083,0.61406,0.11667,0.60391,0.09028,0.58828,0.07639,0.63516,0.17361,0.63359,0.11389,0.62422,0.08750,0.61016,0.07639,0.65312,0.18333,0.65156,0.13333,0.64375,0.10417,0.63203,0.08611,0.59382,0.79049,0.9997,0.73019,0.81305,0.8946,0.65032,0.35582,0.9963,0.66423,0.44678,0.62656,0.33611,104.27,0.9808,live,0.3043,0.4112,289.57,704.22
155645.221475,80.0,0.5526,3,1,1,0.62578,0.34306,0.59141,0.30417,0.57812,0.24167,0.57891,0.18194,0.58750,0.14028,0.60156,0.18750,0.59531,0.14306,0.58437,0.11944,0.57188,0.10417,0.61797,0.17778,0.61406,0.12500,0.60234,0.09861,0.58672,0.08750,0.63516,0.18056,0.63359,0.12222,0.62344,0.09444,0.60859,0.08611,0.65234,0.19028,0.65234,0.14028,0.64453,0.11111,0.63203,0.09583,0.59394,0.78990,0.9997,0.73016,0.82218,0.8980,0.64842,0.36135,0.9966,0.65654,0.42604,0.62578,0.34306,103.95,0.9842,live,0.3212,0.3984,276.72,694.56
155645.288338,80.0,0.6417,3,1,1,0.62344,0.36389,0.59062,0.32778,0.57500,0.26250,0.57578,0.20278,0.58594,0.15833,0.60078,0.20556,0.59375,0.15833,0.58281,0.13472,0.56953,0.11806,0.61797,0.19583,0.61406,0.14028,0.60156,0.11250,0.58516,0.10556,0.63516,0.19861,0.63438,0.13889,0.62266,0.11111,0.60781,0.10417,0.65234,0.20972,0.65312,0.15833,0.64453,0.12917,0.63125,0.11528,0.59361,0.79015,0.9997,0.73039,0.84655,0.9009,0.64923,0.37018,0.9968,0.64992,0.41361,0.62344,0.36389,105.48,0.9853,live,0.3293,0.3662,251.62,687.16
155645.354829,80.0,0.7304,3,1,1,0.61875,0.41667,0.58750,0.38333,0.57031,0.31667,0.56875,0.25833,0.57812,0.21111,0.59531,0.25139,0.58750,0.19861,0.57500,0.17222,0.56016,0.16528,0.61406,0.24167,0.60938,0.17778,0.59375,0.15278,0.57500,0.15694,0.63281,0.24444,0.63203,0.17639,0.61641,0.15139,0.59844,0.15417,0.65156,0.25972,0.65156,0.20417,0.64219,0.17500,0.62891,0.16667,0.59359,0.79098,0.9997,0.73449,0.89999,0.9042,0.64701,0.40704,0.9970,0.64368,0.41422,0.61875,0.41667,110.42,0.9887,live,0.3293,0.3094,211.71,684.20
155645.421316,80.0,0.8190,3,1,1,0.60859,0.48333,0.57656,0.47083,0.55391,0.42639,0.55000,0.38056,0.56016,0.34306,0.57344,0.33750,0.57266,0.27222,0.56172,0.26806,0.55391,0.29306,0.59453,0.33056,0.59453,0.26389,0.58125,0.26667,0.57422,0.30000,0.61562,0.33889,0.61562,0.28056,0.60234,0.28333,0.59609,0.31667,0.63750,0.36111,0.63594,0.31944,0.62500,0.31944,0.61719,0.34167,0.60088,0.79333,0.9997,0.73642,0.98622,0.9023,0.63668,0.52687,0.9969,0.63667,0.42804,0.60859,0.48333,101.23,0.9677,live,0.3158,0.2543,171.66,674.98
155645.488172,80.0,0.9082,3,1,1,0.60469,0.71528,0.57422,0.68889,0.54688,0.63750,0.53594,0.59861,0.53906,0.56667,0.56484,0.54722,0.55156,0.48056,0.52891,0.49583,0.51562,0.52361,0.58828,0.54722,0.58281,0.46111,0.55859,0.48472,0.54609,0.52361,0.61250,0.56250,0.61016,0.48889,0.58594,0.51528,0.57266,0.54861,0.63672,0.59028,0.63672,0.54444,0.61875,0.55833,0.60781,0.58194,0.61108,0.79218,0.9997,0.73810,1.00000,0.9054,0.62268,0.66662,0.9970,0.63027,0.48549,0.60469,0.71528,112.52,0.9956,live,0.2948,0.1988,134.21,675.00
155645.555258,80.0,0.9976,3,1,1,0.58672,0.75694,0.56328,0.75000,0.54375,0.73611,0.53359,0.72639,0.53438,0.71111,0.56484,0.63472,0.54922,0.60972,0.53438,0.64444,0.52891,0.68056,0.59062,0.64444,0.57969,0.60000,0.55781,0.63889,0.54766,0.68333,0.61562,0.67083,0.61094,0.63750,0.58828,0.67500,0.57344,0.71111,0.63906,0.70972,0.63828,0.70278,0.62187,0.72639,0.60859,0.74861,0.60625,0.77417,0.9997,0.72261,1.00000,0.9077,0.62190,0.80597,0.9969,0.62156,0.53978,0.58672,0.75694,89.48,0.9925,live,0.2751,0.1853,122.03,658.42
155645.621544,80.0,0.0860,3,2,0,0.60313,0.77778,0.57812,0.76806,0.55547,0.76528,0.54141,0.78472,0.52812,0.80972,0.58437,0.67917,0.55625,0.68056,0.53281,0.71528,0.51641,0.74722,0.60781,0.69861,0.58594,0.68611,0.55859,0.72778,0.54141,0.76667,0.62734,0.73472,0.61406,0.72361,0.58594,0.75972,0.56719,0.78889,0.64141,0.77917,0.63281,0.78194,0.61250,0.80556,0.59688,0.82222,0.60421,0.77496,0.9997,0.70913,1.00000,0.9103,0.61223,0.90557,0.9969,0.61787,0.58738,0.60313,0.77778,70.95,0.9988,live,0.2667,0.2285,144.05,630.50
155645.690233,80.0,0.1776,3,2,0,0.59844,0.85694,0.56641,0.83750,0.54375,0.81806,0.53203,0.81389,0.52812,0.81111,0.57734,0.71944,0.55078,0.70694,0.52734,0.73750,0.50859,0.76667,0.60234,0.73611,0.58125,0.71111,0.55156,0.74861,0.53047,0.78333,0.62266,0.77361,0.60938,0.74306,0.58125,0.77639,0.55859,0.80556,0.63906,0.82083,0.62969,0.81111,0.60703,0.83333,0.58750,0.85000,0.60285,0.77511,0.9997,0.68800,1.00000,0.9106,0.60994,0.93573,0.9969,0.61399,0.64129,0.59844,0.85694,88.87,0.9975,live,0.2667,0.2846,176.10,618.82
155645.755356,80.0,0.2644,3,2,0,0.58906,0.91528,0.55859,0.89722,0.53281,0.85417,0.52187,0.82361,0.52734,0.79861,0.56563,0.75139,0.54688,0.71528,0.52344,0.73611,0.50469,0.76667,0.59219,0.76111,0.57969,0.70694,0.55000,0.74028,0.53125,0.78194,0.61484,0.79167,0.60781,0.74028,0.57812,0.77361,0.55781,0.80833,0.63359,0.83611,0.62891,0.80694,0.60547,0.82500,0.58594,0.84583,0.60009,0.77535,0.9997,0.67772,1.00000,0.9106,0.60103,0.91894,0.9968,0.60900,0.69609,0.58906,0.91528,104.92,0.9996,live,0.2803,0.3424,212.29,620.11
155645.821861,80.0,0.3531,3,2,0,0.58828,0.91667,0.55781,0.89028,0.53359,0.84444,0.52187,0.81250,0.52656,0.78333,0.56563,0.74444,0.54922,0.70000,0.52656,0.71944,0.50703,0.75139,0.58984,0.75556,0.57891,0.69583,0.55078,0.72639,0.53438,0.76806,0.61250,0.78611,0.60625,0.73056,0.57578,0.75972,0.55625,0.79444,0.63203,0.82917,0.62891,0.79306,0.60391,0.80833,0.58516,0.83056,0.59854,0.77555,0.9997,0.67791,1.00000,0.9128,0.60001,0.91936,0.9968,0.60486,0.74021,0.58828,0.91667,108.07,0.9995,live,0.2997,0.3883,242.12,623.50
155645.888349,80.0,0.4417,3,2,0,0.58828,0.91389,0.55703,0.88472,0.53281,0.83750,0.52109,0.80833,0.52344,0.77639,0.56328,0.74028,0.54609,0.69306,0.52266,0.71389,0.50391,0.74583,0.58828,0.75000,0.57578,0.68750,0.54766,0.71944,0.53125,0.75972,0.61016,0.77917,0.60313,0.71944,0.57344,0.75000,0.55469,0.78472,0.63047,0.82222,0.62578,0.78333,0.60156,0.80139,0.58359,0.82639,0.59829,0.77456,0.9997,0.68072,1.00000,0.9123,0.60041,0.91075,0.9967,0.60154,0.77494,0.58828,0.91389,109.15,0.9994,live,0.3219,0.4229,265.26,627.27
155645.955248,80.0,0.5309,3,2,0,0.58672,0.91111,0.55625,0.88056,0.53281,0.83333,0.52187,0.80417,0.52187,0.76944,0.56172,0.73472,0.54688,0.68472,0.52266,0.70694,0.50391,0.73889,0.58594,0.74444,0.57578,0.68056,0.54766,0.71250,0.53125,0.75417,0.60859,0.77361,0.60313,0.71250,0.57344,0.74444,0.55469,0.77917,0.62891,0.81667,0.62500,0.77778,0.60156,0.79583,0.58359,0.81944,0.59519,0.77439,0.9997,0.67803,1.00000,0.9107,0.59873,0.90790,0.9966,0.59858,0.80218,0.58672,0.91111,110.52,0.9994,live,0.3420,0.4334,273.75,631.58
155646.022095,80.0,0.6201,3,2,0,0.59609,0.90972,0.56406,0.87500,0.54063,0.82500,0.53125,0.79444,0.52891,0.76389,0.57109,0.72778,0.55547,0.68194,0.53203,0.70278,0.51406,0.73611,0.59531,0.73750,0.58281,0.67778,0.55469,0.70972,0.53906,0.75000,0.61719,0.76667,0.61094,0.70972,0.58125,0.74028,0.56250,0.77222,0.63750,0.80833,0.63438,0.77222,0.61094,0.78750,0.59297,0.80833,0.59532,0.77304,0.9997,0.67799,1.00000,0.9107,0.60011,0.90438,0.9965,0.59808,0.82369,0.59609,0.90972,112.99,0.9985,live,0.3502,0.3876,246.96,637.14
155646.088521,80.0,0.7086,3,2,0,0.61797,0.90417,0.58750,0.86528,0.56406,0.81667,0.55547,0.78750,0.56172,0.76111,0.59688,0.72083,0.58516,0.67500,0.56250,0.69583,0.54531,0.72500,0.62187,0.73333,0.61484,0.67222,0.58516,0.69583,0.56719,0.73194,0.64453,0.76389,0.64375,0.70417,0.61562,0.72917,0.59688,0.76111,0.66484,0.80833,0.66719,0.76667,0.64687,0.78056,0.62969,0.80278,0.60147,0.77166,0.9997,0.68338,1.00000,0.9128,0.62063,0.90542,0.9965,0.60206,0.83978,0.61797,0.90417,114.17,0.9987,live,0.3502,0.3392,218.08,642.89
155646.155366,80.0,0.7978,3,2,0,0.66016,0.90278,0.62813,0.85833,0.60938,0.80000,0.61953,0.75833,0.64687,0.74861,0.64297,0.71111,0.64687,0.66944,0.64062,0.69167,0.63906,0.71944,0.66797,0.72778,0.68359,0.67500,0.67109,0.69028,0.66250,0.71667,0.68906,0.76111,0.70703,0.71528,0.69688,0.73056,0.68828,0.75000,0.70547,0.81111,0.72031,0.79583,0.71875,0.79861,0.71562,0.80000,0.60746,0.78741,0.9997,0.72308,1.00000,0.9047,0.69205,0.91086,0.9962,0.61368,0.85238,0.66016,0.90278,115.41,0.9928,live,0.3406,0.2966,192.48,648.84
155646.221661,80.0,0.8861,3,2,0,0.73438,0.90694,0.71250,0.86389,0.70469,0.80417,0.71641,0.76944,0.74141,0.76528,0.75313,0.74028,0.75859,0.68750,0.75156,0.69722,0.74375,0.72083,0.77891,0.75972,0.79844,0.68889,0.78516,0.70833,0.77109,0.74306,0.80078,0.79306,0.82812,0.73194,0.81563,0.74583,0.79844,0.77222,0.81875,0.84028,0.84609,0.80556,0.83828,0.80278,0.82344,0.81111,0.60862,0.80316,0.9997,0.71714,1.00000,0.8857,0.75488,0.91494,0.9950,0.63782,0.86329,0.73438,0.90694,117.89,0.9940,live,0.3253,0.2558,167.74,655.85
155646.288239,80.0,0.9749,3,2,0,0.77266,0.92778,0.75391,0.86806,0.75938,0.80417,0.79219,0.78333,0.82344,0.78056,0.80469,0.74028,0.81875,0.69722,0.82969,0.69444,0.83516,0.71944,0.83516,0.76250,0.86250,0.71667,0.87344,0.71528,0.87187,0.74167,0.85703,0.80000,0.88750,0.76389,0.89844,0.75972,0.89766,0.77917,0.87031,0.84861,0.89453,0.82778,0.90703,0.82083,0.91250,0.82639,0.60836,0.80581,0.9997,0.71985,1.00000,0.8775,0.78814,0.90647,0.9949,0.66479,0.87619,0.77266,0.92778,134.12,0.9906,live,0.3174,0.2812,189.46,673.72
155646.355253,80.0,0.0643,3,3,0,0.79219,0.92083,0.78125,0.85694,0.79531,0.79583,0.82891,0.77917,0.86016,0.77361,0.83828,0.74167,0.85156,0.70000,0.86328,0.70139,0.86797,0.72917,0.86641,0.76667,0.89687,0.71389,0.90938,0.71806,0.90391,0.75278,0.88594,0.80417,0.92109,0.75972,0.93359,0.75972,0.92578,0.78611,0.89687,0.85139,0.92891,0.83056,0.94297,0.82222,0.94219,0.83194,0.60812,0.81142,0.9997,0.72803,1.00000,0.8712,0.80473,0.90621,0.9948,0.69027,0.88512,0.79219,0.92083,134.98,0.9877,live,0.3072,0.2610,180.13,690.06
155646.421967,80.0,0.1532,3,3,0,0.79844,0.91111,0.78906,0.84583,0.80391,0.78611,0.83750,0.76667,0.86875,0.75972,0.84531,0.73056,0.86016,0.68750,0.87109,0.69306,0.87344,0.72639,0.87344,0.75417,0.90312,0.69861,0.91484,0.70417,0.91250,0.73889,0.89141,0.78889,0.92422,0.74861,0.93672,0.74722,0.93281,0.77222,0.90000,0.83611,0.93047,0.81528,0.94531,0.80972,0.94766,0.81944,0.60804,0.81832,0.9997,0.73325,1.00000,0.8661,0.81205,0.90042,0.9947,0.71190,0.89032,0.79844,0.91111,133.89,0.9848,live,0.2948,0.2383,167.71,703.65
155646.488561,80.0,0.2420,3,3,0,0.79766,0.89167,0.78516,0.83333,0.80000,0.77639,0.83281,0.75000,0.86016,0.73889,0.83984,0.71667,0.85313,0.67361,0.86562,0.67222,0.86875,0.70000,0.86797,0.74028,0.89531,0.69028,0.90781,0.68472,0.90078,0.71389,0.88672,0.77500,0.91797,0.73750,0.93047,0.72778,0.92188,0.74861,0.89687,0.81944,0.92578,0.80139,0.94063,0.78889,0.93984,0.79444,0.60807,0.81812,0.9997,0.74722,1.00000,0.8652,0.81694,0.87911,0.9948,0.72905,0.89059,0.79766,0.89167,129.90,0.9922,live,0.2870,0.2516,179.32,712.74
155646.555421,80.0,0.3312,3,3,0,0.79297,0.89306,0.78125,0.83056,0.79219,0.76806,0.82188,0.73611,0.85078,0.72083,0.82969,0.70833,0.84219,0.66528,0.85625,0.66111,0.86172,0.68472,0.85938,0.73056,0.88438,0.67361,0.89687,0.67500,0.89375,0.70417,0.87813,0.76389,0.90625,0.72361,0.91953,0.71528,0.91250,0.73750,0.89062,0.80972,0.91641,0.78333,0.93047,0.77361,0.93047,0.78472,0.60827,0.81893,0.9998,0.75031,1.00000,0.8628,0.81706,0.86528,0.9948,0.74183,0.89108,0.79297,0.89306,132.79,0.9868,live,0.2870,0.2633,190.30,722.82
155646.622318,80.0,0.4204,3,3,0,0.78906,0.88056,0.77734,0.81944,0.78594,0.75972,0.81563,0.72917,0.84453,0.71528,0.82578,0.70139,0.83906,0.65556,0.85000,0.65000,0.85391,0.67361,0.85469,0.72222,0.88125,0.66389,0.89062,0.66389,0.88516,0.69306,0.87344,0.75556,0.90156,0.71250,0.91172,0.70417,0.90391,0.72639,0.88594,0.80000,0.91250,0.77500,0.92578,0.76667,0.92578,0.77778,0.60836,0.81868,0.9998,0.74893,1.00000,0.8632,0.81371,0.85558,0.9949,0.75128,0.88898,0.78906,0.88056,130.13,0.9770,live,0.2870,0.2666,194.54,729.78
155646.688764,80.0,0.5089,3,3,0,0.78516,0.87361,0.77266,0.81111,0.78203,0.75000,0.81094,0.71806,0.83906,0.70278,0.82031,0.69167,0.83359,0.64583,0.84453,0.64028,0.84688,0.66528,0.84922,0.71250,0.87578,0.65278,0.88516,0.65139,0.87891,0.67917,0.86875,0.74583,0.89766,0.70000,0.90703,0.69167,0.89687,0.71528,0.88125,0.79028,0.90859,0.76389,0.92109,0.75139,0.91953,0.76250,0.60816,0.81986,0.9998,0.74674,1.00000,0.8607,0.81176,0.84490,0.9948,0.75806,0.88590,0.78516,0.87361,130.72,0.9785,live,0.2811,0.2538,186.89,736.33
155646.755197,80.0,0.5975,3,3,0,0.77734,0.84861,0.76328,0.78611,0.76875,0.72361,0.79609,0.68611,0.82344,0.66528,0.80937,0.66111,0.82031,0.61389,0.82891,0.61111,0.82969,0.63889,0.83672,0.67778,0.86250,0.61806,0.87109,0.61667,0.86406,0.64861,0.85781,0.71111,0.88750,0.66111,0.89531,0.65417,0.88438,0.67639,0.87187,0.75556,0.90078,0.72917,0.90859,0.71806,0.90078,0.72500,0.60815,0.81680,0.9998,0.74706,1.00000,0.8595,0.81166,0.82547,0.9949,0.76191,0.87844,0.77734,0.84861,132.25,0.9812,live,0.2811,0.2580,191.78,743.19
155646.822371,80.0,0.6871,3,3,0,0.76094,0.78611,0.74531,0.72500,0.75078,0.65694,0.77187,0.61250,0.79375,0.57361,0.79609,0.58472,0.81406,0.54028,0.81953,0.53056,0.81484,0.55417,0.81953,0.60139,0.84453,0.54444,0.84609,0.53750,0.83437,0.56111,0.83828,0.63056,0.86484,0.58194,0.86719,0.57083,0.85234,0.59306,0.85156,0.67361,0.87656,0.63889,0.88125,0.62222,0.87187,0.62917,0.60685,0.81708,0.9998,0.74550,1.00000,0.8591,0.79329,0.78567,0.9951,0.76172,0.85998,0.76094,0.78611,135.40,0.9749,live,0.2607,0.1681,126.32,751.49
155646.888883,80.0,0.7758,3,3,0,0.73203,0.66250,0.70781,0.60139,0.70859,0.52778,0.72422,0.47500,0.73828,0.43056,0.75313,0.46667,0.76328,0.41250,0.75625,0.39306,0.74609,0.39583,0.77578,0.47639,0.79063,0.41528,0.78125,0.39444,0.76641,0.39583,0.79297,0.49583,0.80937,0.44028,0.80156,0.41667,0.78750,0.41806,0.80937,0.52917,0.82500,0.48056,0.82188,0.45694,0.81484,0.45139,0.60659,0.82378,0.9998,0.78572,1.00000,0.8636,0.77101,0.70290,0.9954,0.75578,0.82048,0.73203,0.66250,127.90,0.9353,live,0.2388,0.1392,104.85,753.40
155646.955669,80.0,0.8648,3,3,0,0.73203,0.66250,0.70781,0.60139,0.70859,0.52778,0.72422,0.47500,0.73828,0.43056,0.75313,0.46667,0.76328,0.41250,0.75625,0.39306,0.74609,0.39583,0.77578,0.47639,0.79063,0.41528,0.78125,0.39444,0.76641,0.39583,0.79297,0.49583,0.80937,0.44028,0.80156,0.41667,0.78750,0.41806,0.80937,0.52917,0.82500,0.48056,0.82188,0.45694,0.81484,0.45139,0.60657,0.82262,0.9998,0.77839,1.00000,0.8643,0.73861,0.58558,0.9956,0.75578,0.82048,0.73203,0.66250,127.90,0.5612,hold,0.2388,0.1392,104.85,753.40
155647.022429,80.0,0.9538,3,3,0,0.66563,0.41667,0.63438,0.37361,0.62109,0.30972,0.62422,0.25278,0.63125,0.21111,0.64531,0.25000,0.64062,0.20000,0.63047,0.17639,0.61953,0.15972,0.66484,0.24306,0.66250,0.18611,0.65234,0.15972,0.63828,0.14306,0.68281,0.24583,0.68281,0.18889,0.67344,0.16111,0.66094,0.14583,0.70078,0.25972,0.70000,0.20833,0.69219,0.18056,0.68125,0.16250,0.60434,0.81330,0.9998,0.77693,0.93164,0.8703,0.69675,0.45786,0.9958,0.73775,0.73972,0.66563,0.41667,110.19,0.9225,live,0.2242,0.1574,116.82,742.33
155647.089076,80.0,0.0427,3,1,1,0.64375,0.37083,0.60703,0.31944,0.59609,0.25694,0.59766,0.20000,0.60156,0.15556,0.61250,0.20833,0.60703,0.16111,0.59688,0.13472,0.58516,0.11389,0.62969,0.19861,0.62578,0.14722,0.61484,0.11806,0.60078,0.09583,0.64687,0.20000,0.64531,0.14583,0.63516,0.11667,0.62109,0.09861,0.66406,0.20694,0.66094,0.15833,0.65234,0.13056,0.63984,0.11111,0.60229,0.80119,0.9998,0.76800,0.85539,0.8771,0.66951,0.38684,0.9961,0.71895,0.66594,0.64375,0.37083,108.95,0.9703,live,0.2242,0.2339,171.17,731.69
155647.155938,80.0,0.1318,3,1,1,0.62344,0.33472,0.58906,0.29306,0.57734,0.23611,0.57891,0.18333,0.58125,0.14306,0.59844,0.19028,0.59062,0.14861,0.57969,0.12500,0.56797,0.10694,0.61250,0.18056,0.60625,0.13056,0.59453,0.10417,0.57969,0.08472,0.62734,0.17917,0.62344,0.12639,0.61250,0.10000,0.59844,0.08194,0.64297,0.18472,0.63906,0.13889,0.62969,0.11250,0.61719,0.09583,0.60011,0.79500,0.9998,0.75724,0.81340,0.8816,0.65507,0.35679,0.9964,0.69985,0.59970,0.62344,0.33472,97.17,0.9852,live,0.2400,0.3123,222.92,713.85
155647.222561,80.0,0.2207,3,1,1,0.61641,0.32500,0.58047,0.28750,0.56641,0.23472,0.56641,0.18333,0.56719,0.14028,0.58594,0.19444,0.57734,0.15278,0.56641,0.12778,0.55469,0.10833,0.60078,0.18194,0.59375,0.13333,0.58203,0.10556,0.56875,0.08472,0.61562,0.17778,0.61016,0.12639,0.59922,0.10000,0.58594,0.08194,0.63203,0.18056,0.62734,0.13472,0.61797,0.10833,0.60547,0.09028,0.59822,0.79047,0.9998,0.74121,0.81560,0.8847,0.64337,0.35322,0.9966,0.68316,0.54476,0.61641,0.32500,93.11,0.9851,live,0.2656,0.3819,265.50,695.23
155647.289331,80.0,0.3097,3,1,1,0.61016,0.32361,0.57578,0.28889,0.56016,0.24028,0.55781,0.18750,0.56016,0.14583,0.58203,0.19722,0.57344,0.15417,0.56250,0.13056,0.55000,0.11250,0.59688,0.18472,0.58906,0.13611,0.57812,0.10972,0.56406,0.08889,0.61094,0.18056,0.60547,0.12917,0.59453,0.10278,0.58125,0.08611,0.62734,0.18194,0.62187,0.13750,0.61328,0.11111,0.60156,0.09444,0.59688,0.78017,0.9998,0.73577,0.79967,0.8895,0.63620,0.34308,0.9968,0.66856,0.50053,0.61016,0.32361,90.67,0.9808,live,0.2968,0.4389,297.18,677.08
155647.355800,80.0,0.3983,3,1,1,0.60703,0.32639,0.57266,0.29028,0.55859,0.24167,0.55547,0.19167,0.55781,0.14861,0.58047,0.20139,0.57109,0.15694,0.55937,0.13333,0.54688,0.11528,0.59453,0.18750,0.58750,0.13889,0.57500,0.11111,0.56016,0.09167,0.60938,0.18333,0.60391,0.13056,0.59297,0.10417,0.57812,0.08750,0.62578,0.18472,0.62031,0.13750,0.61094,0.11111,0.59844,0.09444,0.59595,0.78094,0.9997,0.73169,0.81570,0.8935,0.64007,0.35435,0.9970,0.65625,0.46570,0.60703,0.32639,90.37,0.9736,live,0.3290,0.4756,314.34,660.90
155647.422407,80.0,0.4871,3,1,1,0.60625,0.33333,0.57266,0.29861,0.55859,0.24722,0.55547,0.19583,0.55937,0.15278,0.58125,0.20556,0.57188,0.16111,0.55937,0.13750,0.54609,0.11806,0.59609,0.19167,0.58828,0.14167,0.57578,0.11250,0.56094,0.09444,0.61094,0.18750,0.60547,0.13333,0.59375,0.10556,0.57891,0.09028,0.62734,0.19028,0.62266,0.14167,0.61250,0.11528,0.59922,0.09861,0.59583,0.78110,0.9997,0.72926,0.82380,0.8955,0.63895,0.36179,0.9972,0.64625,0.43923,0.60625,0.33333,91.68,0.9769,live,0.3554,0.4760,308.23,647.60
155647.488931,80.0,0.5758,3,1,1,0.60781,0.35417,0.57422,0.31944,0.55937,0.26389,0.55625,0.21111,0.56016,0.16667,0.58125,0.21667,0.57266,0.17500,0.56094,0.15278,0.54766,0.13472,0.59688,0.20417,0.58984,0.15556,0.57656,0.12917,0.56094,0.11250,0.61250,0.20139,0.60781,0.14861,0.59531,0.12222,0.58047,0.10694,0.63047,0.20556,0.62578,0.15833,0.61562,0.13194,0.60156,0.11667,0.59584,0.78138,0.9997,0.72974,0.82780,0.8980,0.63826,0.36852,0.9974,0.63856,0.42222,0.60781,0.35417,96.99,0.9813,live,0.3650,0.4088,261.49,639.72
155647.555552,80.0,0.6647,3,1,1,0.61016,0.40000,0.57812,0.36667,0.56172,0.30556,0.55937,0.25139,0.56328,0.20972,0.58281,0.25139,0.57422,0.20417,0.56250,0.18194,0.54922,0.16667,0.60078,0.23889,0.59375,0.18611,0.58047,0.15972,0.56484,0.14722,0.61797,0.23889,0.61250,0.18194,0.60000,0.15556,0.58437,0.14306,0.63516,0.24722,0.63281,0.19722,0.62266,0.17222,0.60938,0.15833,0.59545,0.78390,0.9997,0.73325,0.88140,0.9001,0.63691,0.40090,0.9974,0.63288,0.41777,0.61016,0.40000,102.71,0.9759,live,0.3750,0.4206,267.86,636.90
155647.622527,80.0,0.7540,3,1,1,0.61094,0.46806,0.58203,0.44861,0.56172,0.38889,0.55781,0.33611,0.56250,0.29028,0.58516,0.31806,0.57500,0.26806,0.56328,0.24722,0.55000,0.24306,0.60313,0.30556,0.59609,0.24583,0.58203,0.22500,0.56563,0.23333,0.62266,0.30972,0.61875,0.24861,0.60469,0.22639,0.58750,0.23194,0.64297,0.32500,0.64062,0.27500,0.62891,0.25139,0.61328,0.24861,0.59569,0.80598,0.9997,0.73937,0.96234,0.9039,0.63674,0.46493,0.9975,0.62849,0.42783,0.61094,0.46806,103.85,0.9938,live,0.3678,0.3352,212.92,635.24
155647.688927,80.0,0.8425,3,1,1,0.62109,0.62083,0.59062,0.59167,0.56719,0.53056,0.55937,0.48194,0.56328,0.43889,0.58906,0.44861,0.57812,0.38056,0.56016,0.37778,0.55078,0.40139,0.61094,0.44722,0.60781,0.36806,0.59141,0.37361,0.58203,0.40972,0.63281,0.45972,0.63359,0.38333,0.61484,0.39444,0.60625,0.43056,0.65547,0.48333,0.65234,0.42778,0.63672,0.43056,0.62656,0.45833,0.59864,0.81209,0.9997,0.74278,1.00000,0.9040,0.63695,0.60210,0.9975,0.62701,0.46643,0.62109,0.62083,113.30,0.9938,live,0.3618,0.3340,213.95,640.59
155647.755934,80.0,0.9318,3,1,1,0.62969,0.61667,0.60234,0.61528,0.57891,0.62222,0.56172,0.63611,0.55078,0.64028,0.60078,0.53333,0.58828,0.52222,0.57188,0.54583,0.56016,0.56806,0.62500,0.54722,0.61406,0.52083,0.59297,0.54861,0.58047,0.57917,0.64766,0.57361,0.64141,0.55694,0.62266,0.58333,0.60859,0.60972,0.66719,0.60972,0.66719,0.61389,0.65625,0.62917,0.64453,0.64167,0.61342,0.78078,0.9997,0.74066,1.00000,0.8996,0.63864,0.77801,0.9972,0.62755,0.49648,0.62969,0.61667,67.59,0.9749,live,0.3439,0.2625,160.78,612.39
155647.822753,80.0,0.0209,3,2,0,0.62656,0.89583,0.59844,0.85417,0.57422,0.80556,0.56250,0.77639,0.57031,0.74861,0.60859,0.69583,0.59141,0.65139,0.56641,0.67917,0.55469,0.71389,0.63359,0.70972,0.62656,0.64861,0.59531,0.68889,0.58047,0.73611,0.65625,0.74167,0.65469,0.68889,0.62422,0.72500,0.60703,0.76528,0.67656,0.78611,0.67266,0.76111,0.65000,0.78194,0.63672,0.80694,0.61052,0.78139,0.9997,0.71564,1.00000,0.8958,0.64005,0.86926,0.9970,0.62735,0.57635,0.62656,0.89583,122.60,0.9942,live,0.3181,0.2008,125.95,627.17
155647.889234,80.0,0.1096,3,2,0,0.62187,0.93750,0.59297,0.90278,0.57031,0.86250,0.55625,0.84028,0.56250,0.82222,0.61094,0.73889,0.59141,0.71250,0.56563,0.74722,0.54766,0.78472,0.63750,0.76111,0.62500,0.71944,0.59453,0.75972,0.57734,0.80139,0.65859,0.80278,0.65312,0.76389,0.62266,0.79861,0.60234,0.83194,0.67500,0.85694,0.67344,0.83194,0.65078,0.85139,0.63203,0.87222,0.61397,0.78182,0.9997,0.70356,1.00000,0.8905,0.64124,0.93672,0.9965,0.62626,0.64858,0.62187,0.93750,119.93,0.9965,live,0.3102,0.2738,174.78,638.26
155647.955815,80.0,0.1984,3,2,0,0.62344,0.95278,0.59297,0.92361,0.56797,0.88194,0.55312,0.85972,0.55859,0.83750,0.60781,0.76528,0.58750,0.73333,0.56250,0.76389,0.54453,0.79861,0.63516,0.78333,0.62031,0.73750,0.59062,0.78194,0.57188,0.82639,0.65625,0.82222,0.65000,0.78056,0.61875,0.81944,0.59688,0.85556,0.67266,0.87361,0.66797,0.84861,0.64297,0.87083,0.62266,0.89444,0.61345,0.78440,0.9997,0.69050,1.00000,0.8818,0.64001,0.95370,0.9957,0.62569,0.70942,0.62344,0.95278,114.56,0.9990,live,0.3102,0.3285,211.63,644.16
155648.022904,80.0,0.2878,3,2,0,0.61953,0.94861,0.58828,0.91667,0.56406,0.87639,0.55078,0.85417,0.55703,0.82917,0.60547,0.75833,0.58359,0.73194,0.55937,0.75833,0.53984,0.79306,0.63281,0.77639,0.61641,0.73333,0.58672,0.77361,0.56875,0.81667,0.65469,0.81250,0.64375,0.77639,0.61250,0.81389,0.59297,0.85000,0.67031,0.86528,0.66250,0.84306,0.63750,0.86528,0.61875,0.89028,0.61392,0.78339,0.9997,0.68997,1.00000,0.8855,0.63676,0.95589,0.9956,0.62446,0.75726,0.61953,0.94861,116.25,0.9997,live,0.3222,0.3767,245.09,650.56
155648.089641,80.0,0.3768,3,2,0,0.61719,0.94167,0.58516,0.90833,0.56094,0.86944,0.54688,0.84583,0.55312,0.82083,0.60234,0.75139,0.58125,0.72500,0.55703,0.75000,0.53672,0.78333,0.62969,0.76806,0.61406,0.72639,0.58437,0.76528,0.56641,0.80694,0.65156,0.80556,0.64141,0.76944,0.61016,0.80417,0.58984,0.83750,0.66641,0.85694,0.65859,0.83333,0.63359,0.85278,0.61562,0.87500,0.61138,0.78261,0.9997,0.69097,1.00000,0.8783,0.63487,0.94375,0.9950,0.62301,0.79414,0.61719,0.94167,115.96,0.9997,live,0.3386,0.4135,271.28,655.98
155648.156310,80.0,0.4657,3,2,0,0.61641,0.93611,0.58437,0.90417,0.56016,0.86389,0.54609,0.84028,0.55312,0.81806,0.60000,0.74861,0.57969,0.71944,0.55547,0.74444,0.53594,0.77778,0.62656,0.76528,0.61172,0.72083,0.58281,0.75833,0.56563,0.80000,0.64844,0.80139,0.63906,0.76111,0.60859,0.79722,0.58906,0.83194,0.66406,0.85139,0.65625,0.82639,0.63125,0.84861,0.61406,0.87222,0.61105,0.78278,0.9997,0.68571,1.00000,0.8718,0.63052,0.94095,0.9947,0.62169,0.82253,0.61641,0.93611,114.26,0.9997,live,0.3553,0.4311,284.32,659.53
155648.223043,80.0,0.5547,3,2,0,0.61953,0.93472,0.58828,0.90000,0.56406,0.85833,0.55000,0.83056,0.55859,0.80972,0.60469,0.74722,0.58437,0.71528,0.56016,0.73889,0.53984,0.77083,0.63047,0.76528,0.61719,0.71667,0.58750,0.75278,0.57109,0.79306,0.65234,0.80139,0.64375,0.75833,0.61328,0.79167,0.59453,0.82500,0.66875,0.85278,0.66250,0.82361,0.63672,0.84306,0.61875,0.86667,0.61011,0.78336,0.9997,0.68397,1.00000,0.8748,0.63063,0.94039,0.9948,0.62125,0.84497,0.61953,0.93472,114.31,0.9996,live,0.3654,0.4115,272.67,662.69
155648.289737,80.0,0.6436,3,2,0,0.63125,0.93194,0.60156,0.90000,0.57812,0.85833,0.56563,0.83194,0.57422,0.81250,0.61562,0.74861,0.60000,0.71111,0.57656,0.73194,0.55859,0.76389,0.64219,0.76528,0.63438,0.71389,0.60547,0.74722,0.58750,0.78750,0.66406,0.80000,0.66094,0.75417,0.63203,0.78472,0.61250,0.81667,0.68125,0.84722,0.67969,0.81944,0.65703,0.83750,0.63984,0.85833,0.61209,0.78226,0.9997,0.69782,1.00000,0.8729,0.65487,0.93485,0.9945,0.62325,0.86237,0.63125,0.93194,113.18,0.9993,live,0.3710,0.3965,263.56,664.66
155648.356392,80.0,0.7325,3,2,0,0.65859,0.93056,0.62891,0.89028,0.60859,0.83611,0.61016,0.80556,0.63203,0.79444,0.65078,0.73056,0.64453,0.70278,0.62734,0.72222,0.61250,0.75000,0.67812,0.75000,0.68125,0.70833,0.65625,0.73472,0.63750,0.77083,0.70000,0.78889,0.70781,0.75000,0.68437,0.77500,0.66641,0.80417,0.71641,0.84028,0.72344,0.81667,0.70859,0.82778,0.69609,0.84028,0.61344,0.79553,0.9997,0.71975,1.00000,0.8687,0.68642,0.93802,0.9943,0.63032,0.87600,0.65859,0.93056,122.63,0.9978,live,0.3620,0.3210,216.06,673.19
155648.422777,80.0,0.8210,3,2,0,0.71250,0.92222,0.68516,0.88056,0.66953,0.82083,0.68203,0.79444,0.70937,0.79306,0.70469,0.73889,0.72422,0.69583,0.73047,0.70556,0.73281,0.73472,0.72969,0.75833,0.76406,0.70833,0.76719,0.71528,0.76250,0.73472,0.74766,0.79028,0.77500,0.74722,0.77578,0.75278,0.77422,0.76250,0.75703,0.83333,0.76641,0.81111,0.76641,0.81667,0.76484,0.82361,0.60938,0.80217,0.9997,0.71724,1.00000,0.8530,0.73613,0.92354,0.9939,0.64676,0.88525,0.71250,0.92222,108.39,0.9975,live,0.3434,0.2588,173.50,670.45
155648.489460,80.0,0.9099,3,2,0,0.77656,0.89167,0.75234,0.84444,0.75156,0.78889,0.77500,0.77083,0.80391,0.76667,0.80312,0.71667,0.81719,0.67083,0.82031,0.68333,0.81719,0.71111,0.83281,0.74167,0.86250,0.67639,0.85859,0.70417,0.84375,0.74444,0.85469,0.78056,0.88828,0.72917,0.88594,0.75000,0.86953,0.78333,0.86953,0.83056,0.89766,0.79583,0.89687,0.80278,0.88203,0.81944,0.60883,0.80388,0.9997,0.72225,1.00000,0.8460,0.78550,0.89247,0.9938,0.67272,0.88653,0.77656,0.89167,126.32,0.9810,live,0.3195,0.2108,143.53,680.95
155648.556484,80.0,0.9992,3,2,0,0.78203,0.88750,0.76797,0.82222,0.77656,0.75972,0.81172,0.73750,0.84297,0.73750,0.81328,0.69722,0.83906,0.65556,0.85234,0.65972,0.85938,0.68333,0.83906,0.71944,0.87109,0.68194,0.88438,0.67500,0.88984,0.68611,0.85625,0.75278,0.88594,0.71806,0.89453,0.71111,0.89766,0.71944,0.86641,0.79583,0.88906,0.76250,0.89766,0.75278,0.90078,0.75139,0.60685,0.80600,0.9997,0.74094,1.00000,0.8465,0.80777,0.87114,0.9939,0.69458,0.88673,0.78203,0.88750,127.23,0.9953,live,0.2965,0.1915,132.28,690.84
155648.623070,80.0,0.0880,3,3,0,0.79531,0.87083,0.77891,0.80972,0.79219,0.75000,0.82578,0.72639,0.85547,0.71250,0.83906,0.68472,0.85703,0.64306,0.87031,0.64306,0.87344,0.67361,0.86797,0.71111,0.89766,0.65417,0.90938,0.65556,0.90234,0.69028,0.88750,0.74861,0.92188,0.70556,0.93359,0.70556,0.92500,0.73472,0.89922,0.79583,0.93047,0.77222,0.94375,0.76389,0.94063,0.77361,0.60687,0.80762,0.9997,0.74593,1.00000,0.8454,0.81401,0.85884,0.9940,0.71473,0.88355,0.79531,0.87083,136.93,0.9917,live,0.2780,0.1939,136.96,706.53
155648.689732,80.0,0.1769,3,3,0,0.79688,0.86389,0.78203,0.80278,0.79297,0.74028,0.82422,0.71528,0.85547,0.70000,0.83828,0.67361,0.85547,0.63056,0.86562,0.62917,0.86641,0.65972,0.86719,0.69861,0.89609,0.64028,0.90547,0.64306,0.89766,0.68056,0.88672,0.73611,0.91875,0.69167,0.92891,0.68889,0.91953,0.71667,0.89766,0.78611,0.92734,0.75972,0.93984,0.75139,0.93672,0.76389,0.60626,0.80734,0.9997,0.75226,1.00000,0.8451,0.81920,0.84460,0.9941,0.73116,0.87962,0.79688,0.86389,136.95,0.9863,live,0.2650,0.2056,148.07,720.35
155648.756416,80.0,0.2658,3,3,0,0.79063,0.86389,0.77734,0.80000,0.78828,0.73472,0.81953,0.70694,0.85000,0.69583,0.83281,0.67500,0.84844,0.63056,0.85703,0.62500,0.85703,0.64861,0.86094,0.69722,0.88984,0.63472,0.89687,0.63472,0.88750,0.66806,0.87969,0.73333,0.91172,0.68611,0.91875,0.67917,0.90859,0.70417,0.89141,0.78194,0.92031,0.75556,0.93281,0.74167,0.93203,0.74722,0.60673,0.80666,0.9997,0.75485,1.00000,0.8447,0.82044,0.83421,0.9942,0.74305,0.87647,0.79063,0.86389,136.42,0.9846,live,0.2563,0.2169,158.77,732.13
155648.823131,80.0,0.3548,3,3,0,0.78594,0.85972,0.77344,0.79583,0.78125,0.73056,0.81094,0.70278,0.84141,0.68750,0.82578,0.66806,0.84062,0.62361,0.84922,0.61806,0.84766,0.64444,0.85391,0.69028,0.88359,0.62778,0.88906,0.62917,0.87969,0.66389,0.87344,0.72639,0.90469,0.67778,0.91094,0.67361,0.90000,0.70000,0.88516,0.77639,0.91406,0.74861,0.92578,0.73472,0.92344,0.74028,0.60651,0.80693,0.9997,0.75311,1.00000,0.8445,0.81762,0.83018,0.9944,0.75163,0.87312,0.78594,0.85972,136.58,0.9793,live,0.2502,0.2225,165.25,742.61
155648.889511,80.0,0.4433,3,3,0,0.78203,0.85278,0.76797,0.78889,0.77500,0.72500,0.80391,0.69444,0.83281,0.67778,0.81875,0.66111,0.83359,0.61528,0.84141,0.60972,0.83984,0.63750,0.84766,0.68194,0.87656,0.61806,0.88203,0.61944,0.87266,0.65278,0.86719,0.71667,0.89922,0.66806,0.90469,0.66389,0.89375,0.69028,0.87969,0.76667,0.90781,0.73611,0.91797,0.72361,0.91406,0.73056,0.60655,0.80733,0.9997,0.75332,1.00000,0.8457,0.81540,0.82294,0.9945,0.75771,0.86905,0.78203,0.85278,135.79,0.9744,live,0.2502,0.2303,172.99,751.27
155648.956573,80.0,0.5327,3,3,0,0.77500,0.82778,0.76094,0.76528,0.76484,0.70278,0.79063,0.66806,0.81953,0.65000,0.81016,0.63333,0.82734,0.58750,0.83437,0.58611,0.82891,0.61944,0.83906,0.65556,0.86641,0.59306,0.87266,0.59444,0.86094,0.62778,0.85938,0.69167,0.88984,0.64306,0.89531,0.63750,0.88203,0.66389,0.87266,0.74028,0.89922,0.70694,0.90703,0.69306,0.89844,0.70000,0.60661,0.80638,0.9997,0.75357,1.00000,0.8487,0.81386,0.80054,0.9946,0.76117,0.86080,0.77500,0.82778,136.68,0.9863,live,0.2402,0.1944,147.63,759.53
155649.023516,80.0,0.6220,3,3,0,0.75859,0.77917,0.74297,0.71806,0.74531,0.65278,0.76641,0.61250,0.79063,0.58750,0.79375,0.58056,0.80859,0.53333,0.81094,0.53056,0.80547,0.55694,0.81875,0.59861,0.84297,0.53611,0.84375,0.53056,0.83437,0.55556,0.83672,0.63056,0.86875,0.57917,0.86719,0.57083,0.85234,0.59028,0.84922,0.67917,0.87656,0.64167,0.87578,0.62361,0.86172,0.62500,0.60674,0.80659,0.9997,0.75213,1.00000,0.8499,0.80120,0.77888,0.9948,0.76065,0.84447,0.75859,0.77917,134.49,0.9851,live,0.2245,0.1532,117.23,765.21
155649.089687,80.0,0.7102,3,3,0,0.74219,0.70833,0.72422,0.63750,0.72891,0.56528,0.74531,0.51528,0.75859,0.47083,0.77187,0.50694,0.77578,0.45139,0.76406,0.43194,0.75078,0.42778,0.79297,0.51250,0.79922,0.45139,0.78516,0.43056,0.76875,0.42917,0.81016,0.52917,0.81875,0.47361,0.80547,0.45417,0.78906,0.45139,0.82500,0.55833,0.83281,0.51667,0.82188,0.50139,0.80937,0.49861,0.60664,0.80647,0.9998,0.75696,1.00000,0.8537,0.77303,0.70089,0.9951,0.75696,0.81724,0.74219,0.70833,133.47,0.9011,live,0.2072,0.1284,98.83,769.49
155649.156757,80.0,0.7996,3,3,0,0.68125,0.54583,0.65078,0.48889,0.63984,0.41944,0.64844,0.36667,0.65938,0.32917,0.67344,0.34722,0.67188,0.29444,0.66094,0.28194,0.64922,0.28194,0.69609,0.34722,0.69922,0.28333,0.68906,0.26667,0.67422,0.26806,0.71562,0.35833,0.72266,0.30000,0.71250,0.27778,0.69766,0.27361,0.73359,0.38194,0.73828,0.33333,0.73047,0.31389,0.71875,0.30833,0.60663,0.80687,0.9998,0.76255,1.00000,0.8591,0.71891,0.57201,0.9954,0.74182,0.76296,0.68125,0.54583,126.06,0.9502,live,0.1946,0.1370,105.22,767.92
155649.223521,80.0,0.8886,3,3,0,0.64922,0.47083,0.61562,0.39583,0.60625,0.32500,0.60938,0.26944,0.61250,0.22361,0.63281,0.26667,0.62578,0.21389,0.61406,0.18750,0.60078,0.17083,0.65078,0.25972,0.64766,0.20417,0.63672,0.17083,0.62187,0.14861,0.66719,0.26806,0.66953,0.21250,0.66016,0.17639,0.64609,0.15278,0.68281,0.28750,0.68594,0.23333,0.67969,0.20139,0.66719,0.17917,0.60640,0.80055,0.9998,0.76075,0.91541,0.8626,0.67905,0.45841,0.9956,0.72330,0.70454,0.64922,0.47083,126.27,0.9684,live,0.1946,0.1762,135.06,766.68
155649.290052,80.0,0.9773,3,3,0,0.62734,0.39306,0.58984,0.32639,0.57812,0.25972,0.57812,0.20139,0.58203,0.15278,0.60156,0.20556,0.59219,0.15694,0.58047,0.13194,0.56719,0.11250,0.61719,0.19444,0.61328,0.13472,0.60234,0.10556,0.58750,0.08333,0.63281,0.19583,0.63281,0.13611,0.62266,0.10278,0.60781,0.08472,0.64922,0.20833,0.64922,0.15139,0.64141,0.12222,0.62891,0.10417,0.60158,0.79656,0.9998,0.74990,0.85565,0.8675,0.65387,0.37570,0.9959,0.70411,0.64224,0.62734,0.39306,119.88,0.9704,live,0.2030,0.2415,183.78,760.99
155649.356935,80.0,0.0665,3,1,1,0.61406,0.33333,0.57734,0.28194,0.56406,0.21806,0.56250,0.16111,0.56328,0.11389,0.58906,0.16667,0.58125,0.11944,0.56875,0.09722,0.55547,0.08194,0.60391,0.15417,0.60000,0.09583,0.58516,0.06806,0.56875,0.05278,0.61953,0.15417,0.61875,0.09167,0.60625,0.06250,0.59062,0.04722,0.63594,0.16250,0.63594,0.10972,0.62656,0.08194,0.61250,0.06528,0.59687,0.78649,0.9997,0.73486,0.79476,0.8726,0.64053,0.32208,0.9962,0.68610,0.58046,0.61406,0.33333,110.02,0.9721,live,0.2222,0.3092,231.59,748.88
155649.422926,80.0,0.1545,3,1,1,0.60625,0.30417,0.57266,0.25972,0.55781,0.20417,0.55391,0.15000,0.55469,0.10278,0.58125,0.15278,0.57344,0.10694,0.56172,0.08611,0.54688,0.07083,0.59766,0.14028,0.59297,0.08472,0.58047,0.05694,0.56406,0.04167,0.61328,0.14028,0.61094,0.08194,0.59922,0.05556,0.58437,0.04028,0.62891,0.14722,0.62734,0.09861,0.61797,0.07222,0.60391,0.05556,0.59398,0.78331,0.9997,0.73266,0.78694,0.8799,0.62997,0.31441,0.9965,0.67013,0.52520,0.60625,0.30417,102.48,0.9645,live,0.2500,0.3770,276.28,732.80
155649.490199,80.0,0.2442,3,1,1,0.60469,0.29722,0.56875,0.25694,0.55469,0.20139,0.55156,0.15000,0.55312,0.10556,0.57969,0.15556,0.57109,0.11111,0.55937,0.08889,0.54531,0.07083,0.59531,0.14167,0.59062,0.08750,0.57734,0.05833,0.56172,0.04028,0.61016,0.14028,0.60859,0.08056,0.59688,0.05139,0.58125,0.03750,0.62578,0.14444,0.62422,0.09306,0.61328,0.06528,0.59922,0.04861,0.59391,0.78275,0.9997,0.72861,0.77509,0.8855,0.63167,0.30852,0.9967,0.65704,0.47960,0.60469,0.29722,98.09,0.9781,live,0.2818,0.4264,305.11,715.49
155649.556726,80.0,0.3329,3,1,1,0.60078,0.29583,0.56797,0.25972,0.55391,0.20417,0.55000,0.15278,0.55312,0.10972,0.57891,0.15694,0.56953,0.11250,0.55781,0.09167,0.54375,0.07361,0.59375,0.14306,0.58828,0.08889,0.57578,0.06111,0.56016,0.04306,0.60938,0.14167,0.60703,0.08194,0.59531,0.05417,0.57969,0.04028,0.62422,0.14722,0.62266,0.09444,0.61250,0.06806,0.59766,0.05278,0.59313,0.78154,0.9997,0.72443,0.78414,0.8904,0.62869,0.31989,0.9969,0.64579,0.44285,0.60078,0.29583,95.94,0.9798,live,0.3146,0.4643,324.40,698.71
155649.623428,80.0,0.4218,3,1,1,0.60234,0.29861,0.56797,0.25972,0.55469,0.20556,0.55078,0.15417,0.55391,0.11111,0.57891,0.16250,0.57031,0.11806,0.55859,0.09583,0.54531,0.07917,0.59453,0.14861,0.58828,0.09444,0.57578,0.06528,0.56016,0.04861,0.60938,0.14444,0.60781,0.08472,0.59531,0.05556,0.57969,0.04306,0.62578,0.14861,0.62422,0.09722,0.61328,0.06944,0.59844,0.05417,0.59235,0.77902,0.9997,0.72206,0.78326,0.8951,0.62983,0.32230,0.9972,0.63710,0.41400,0.60234,0.29861,95.97,0.9790,live,0.3496,0.5087,347.95,683.96
155649.690112,80.0,0.5107,3,1,1,0.60391,0.30833,0.56953,0.26944,0.55625,0.21389,0.55234,0.15972,0.55547,0.11667,0.58125,0.16806,0.57266,0.12361,0.56094,0.10000,0.54766,0.08333,0.59688,0.15417,0.59141,0.10139,0.57812,0.07222,0.56250,0.05556,0.61250,0.15278,0.61094,0.09306,0.59844,0.06389,0.58203,0.04861,0.62891,0.15694,0.62734,0.10694,0.61641,0.07917,0.60156,0.06250,0.59226,0.77904,0.9997,0.72035,0.78494,0.8986,0.62889,0.31807,0.9974,0.63046,0.39287,0.60391,0.30833,97.89,0.9732,live,0.3675,0.4494,302.19,672.36
155649.756881,80.0,0.5998,3,1,1,0.60859,0.32639,0.57344,0.28750,0.55937,0.22778,0.55547,0.17361,0.55859,0.12917,0.58281,0.17917,0.57500,0.13333,0.56328,0.11250,0.54922,0.09722,0.60000,0.16667,0.59453,0.11389,0.58125,0.08611,0.56484,0.07222,0.61641,0.16528,0.61406,0.10833,0.60156,0.08056,0.58516,0.06528,0.63281,0.17083,0.63047,0.12083,0.62031,0.09306,0.60625,0.07639,0.59254,0.77982,0.9997,0.72286,0.78877,0.9016,0.63050,0.32336,0.9975,0.62609,0.37957,0.60859,0.32639,101.76,0.9758,live,0.3731,0.3985,265.00,664.95
155649.823735,80.0,0.6889,3,1,1,0.60938,0.36528,0.57891,0.33194,0.56250,0.26944,0.55859,0.21528,0.56172,0.17083,0.58828,0.21250,0.57891,0.16667,0.56641,0.14444,0.55234,0.12917,0.60547,0.20000,0.59922,0.14306,0.58516,0.11667,0.56875,0.10556,0.62187,0.20000,0.61953,0.13750,0.60469,0.10972,0.58750,0.10139,0.63828,0.20833,0.63750,0.15556,0.62656,0.12778,0.61094,0.11667,0.59306,0.78465,0.9997,0.73927,0.84236,0.9058,0.63239,0.36418,0.9977,0.62274,0.37671,0.60938,0.36528,103.84,0.9782,live,0.3653,0.3299,217.70,659.92
155649.890039,80.0,0.7773,3,1,1,0.61016,0.43472,0.58047,0.41528,0.56016,0.35556,0.55312,0.30694,0.55625,0.26111,0.58672,0.28056,0.57500,0.22917,0.56016,0.20972,0.54609,0.21250,0.60469,0.26944,0.59766,0.20139,0.57891,0.18611,0.55937,0.20417,0.62266,0.27361,0.62187,0.20417,0.60313,0.18611,0.58359,0.20000,0.64141,0.29028,0.64062,0.23472,0.62734,0.20972,0.61016,0.21111,0.59408,0.78758,0.9997,0.74777,0.92388,0.9095,0.63458,0.44963,0.9978,0.62023,0.38832,0.61016,0.43472,103.99,0.9924,live,0.3598,0.3344,219.26,655.60
155649.957082,80.0,0.8667,3,1,1,0.61719,0.59444,0.58594,0.56528,0.56016,0.50139,0.54766,0.44722,0.54922,0.40139,0.58125,0.42083,0.57266,0.35139,0.55547,0.34861,0.54609,0.37361,0.60234,0.41944,0.59766,0.34028,0.58125,0.34861,0.57344,0.38611,0.62422,0.43056,0.62344,0.35417,0.60469,0.36667,0.59609,0.40278,0.64609,0.45417,0.64219,0.39722,0.62578,0.40139,0.61562,0.42778,0.59852,0.79417,0.9997,0.74767,1.00000,0.9098,0.62947,0.57512,0.9977,0.61962,0.42954,0.61719,0.59444,113.65,0.9921,live,0.3292,0.1897,124.94,658.75
155650.023899,80.0,0.9558,3,1,1,0.62344,0.79306,0.58984,0.75694,0.56172,0.70694,0.54609,0.67083,0.54609,0.63889,0.58906,0.60417,0.57656,0.54306,0.55469,0.56667,0.54531,0.60139,0.61172,0.60694,0.60234,0.53056,0.57578,0.56667,0.56484,0.61111,0.63438,0.62500,0.62422,0.56528,0.59688,0.60556,0.58594,0.64583,0.65703,0.65556,0.64297,0.62917,0.62422,0.65556,0.61797,0.68194,0.60387,0.78668,0.9997,0.74857,1.00000,0.9117,0.63005,0.76204,0.9976,0.62038,0.50224,0.62344,0.79306,120.06,0.9940,live,0.2976,0.1536,102.29,666.15
155650.090516,80.0,0.0446,3,2,0,0.60078,0.85833,0.57344,0.83056,0.55312,0.80139,0.54219,0.78333,0.54453,0.77361,0.58437,0.66806,0.56172,0.67222,0.54297,0.71250,0.53359,0.74722,0.61172,0.68611,0.59219,0.68056,0.56797,0.71806,0.55547,0.75556,0.63672,0.72639,0.62344,0.72083,0.59922,0.75417,0.58359,0.78611,0.65625,0.78194,0.64766,0.78472,0.62969,0.80556,0.61562,0.82639,0.60378,0.78386,0.9997,0.71544,1.00000,0.9131,0.62939,0.87993,0.9975,0.61646,0.57346,0.60078,0.85833,119.11,0.9949,live,0.2832,0.2181,146.55,671.97
155650.157212,80.0,0.1335,3,2,0,0.61172,0.91111,0.58359,0.89306,0.55937,0.86528,0.54453,0.84861,0.54375,0.83750,0.59766,0.74583,0.57188,0.72917,0.54609,0.76528,0.52734,0.80139,0.62422,0.76389,0.60313,0.73611,0.57266,0.78056,0.55312,0.82222,0.64531,0.80556,0.63438,0.77778,0.60313,0.81528,0.58203,0.85000,0.66094,0.85833,0.65234,0.85000,0.62969,0.87361,0.61172,0.89444,0.61011,0.78613,0.9997,0.70022,1.00000,0.9054,0.62881,0.94133,0.9968,0.61551,0.64099,0.61172,0.91111,103.92,0.9983,live,0.2832,0.2886,192.28,666.15
155650.223966,80.0,0.2226,3,2,0,0.61875,0.94583,0.58203,0.91528,0.55625,0.87500,0.54141,0.85278,0.54063,0.83611,0.59453,0.75694,0.56719,0.74028,0.54141,0.77083,0.52187,0.80417,0.62187,0.77361,0.60078,0.74444,0.57031,0.78472,0.55156,0.82500,0.64297,0.81389,0.62969,0.78611,0.59844,0.82222,0.57656,0.85556,0.65703,0.86528,0.64609,0.85694,0.62187,0.88194,0.60234,0.90139,0.60991,0.79089,0.9997,0.69859,1.00000,0.9083,0.62762,0.95800,0.9966,0.61616,0.70196,0.61875,0.94583,112.80,0.9991,live,0.2956,0.3520,234.96,667.43
155650.290649,80.0,0.3115,3,2,0,0.61172,0.93611,0.57812,0.90694,0.55391,0.86389,0.53906,0.83611,0.54297,0.82083,0.59219,0.74861,0.56797,0.72917,0.54375,0.75556,0.52266,0.78750,0.61875,0.76667,0.59844,0.73472,0.56875,0.77222,0.55000,0.81250,0.63906,0.80556,0.62422,0.77361,0.59375,0.80833,0.57422,0.84306,0.65469,0.85833,0.64375,0.83750,0.61953,0.85972,0.60078,0.88333,0.60955,0.79204,0.9997,0.69829,1.00000,0.9097,0.62890,0.95002,0.9963,0.61527,0.74879,0.61172,0.93611,112.64,0.9998,live,0.3147,0.4013,268.25,668.44
155650.357192,80.0,0.4002,3,2,0,0.61250,0.92917,0.57812,0.89861,0.55234,0.85556,0.53750,0.82778,0.54063,0.80972,0.59219,0.74306,0.56797,0.71667,0.54297,0.74167,0.52187,0.77361,0.61797,0.75972,0.59766,0.72083,0.56719,0.75833,0.54766,0.79861,0.63828,0.79722,0.62344,0.76111,0.59141,0.79583,0.57109,0.82917,0.65312,0.84722,0.64141,0.82639,0.61562,0.84861,0.59688,0.87083,0.60924,0.79204,0.9997,0.69881,1.00000,0.9076,0.62814,0.94669,0.9957,0.61472,0.78487,0.61250,0.92917,111.39,0.9997,live,0.3372,0.4399,294.05,668.43
155650.423927,80.0,0.4892,3,2,0,0.61562,0.92778,0.58047,0.89861,0.55391,0.85417,0.53828,0.82778,0.53984,0.80417,0.59219,0.74583,0.56797,0.71667,0.54297,0.73889,0.52031,0.77083,0.61797,0.76250,0.59766,0.71667,0.56719,0.75278,0.54766,0.79306,0.63906,0.79861,0.62422,0.75556,0.59219,0.78889,0.57188,0.82361,0.65469,0.84861,0.64375,0.82083,0.61641,0.84167,0.59688,0.86389,0.60472,0.79316,0.9997,0.69414,1.00000,0.9081,0.62342,0.92979,0.9957,0.61490,0.81345,0.61562,0.92778,109.56,0.9996,live,0.3591,0.4590,306.18,667.10
155650.490579,80.0,0.5780,3,2,0,0.61719,0.92500,0.58516,0.89444,0.56016,0.84861,0.54531,0.82083,0.54766,0.79722,0.59609,0.74306,0.57500,0.71111,0.55000,0.73333,0.52969,0.76389,0.62109,0.75833,0.60547,0.71111,0.57578,0.74722,0.55781,0.78472,0.64297,0.79306,0.63125,0.75278,0.60078,0.78611,0.58125,0.81944,0.65938,0.84167,0.65000,0.81806,0.62500,0.83889,0.60703,0.86111,0.60549,0.79167,0.9997,0.69548,1.00000,0.9088,0.62946,0.93068,0.9957,0.61536,0.83576,0.61719,0.92500,110.57,0.9998,live,0.3735,0.4389,292.57,666.66
155650.557417,80.0,0.6672,3,2,0,0.63672,0.92222,0.60469,0.88889,0.58203,0.84167,0.57109,0.81250,0.57891,0.79444,0.62031,0.74028,0.60469,0.70417,0.58203,0.72222,0.56094,0.74861,0.64609,0.75694,0.63750,0.70833,0.60703,0.73611,0.58672,0.77083,0.66641,0.79306,0.66328,0.74722,0.63359,0.77500,0.61328,0.80556,0.68203,0.84444,0.68125,0.81528,0.65859,0.83056,0.63984,0.84861,0.61558,0.78650,0.9997,0.70107,1.00000,0.9094,0.65292,0.92739,0.9956,0.61963,0.85305,0.63672,0.92222,110.46,0.9993,live,0.3735,0.3793,252.69,666.19
155650.623811,80.0,0.7557,3,2,0,0.67109,0.90694,0.64375,0.87083,0.62344,0.81944,0.62969,0.78472,0.65703,0.77361,0.66484,0.70833,0.65703,0.70000,0.64531,0.71944,0.63750,0.74028,0.68906,0.71528,0.68516,0.71389,0.67188,0.73333,0.66172,0.75417,0.70859,0.74167,0.70703,0.74306,0.69453,0.76528,0.68437,0.78333,0.72422,0.78333,0.72031,0.79167,0.70937,0.80972,0.69922,0.82222,0.61677,0.79649,0.9997,0.72893,1.00000,0.9007,0.70447,0.92656,0.9951,0.62992,0.86383,0.67109,0.90694,122.09,0.9938,live,0.3735,0.3873,261.07,674.15
155650.691084,80.0,0.8454,3,2,0,0.74219,0.90278,0.71953,0.85833,0.71406,0.79722,0.72969,0.76667,0.75547,0.76528,0.76094,0.72778,0.76797,0.67639,0.76328,0.68333,0.75469,0.70833,0.78906,0.74722,0.81016,0.67917,0.79922,0.69722,0.78516,0.73056,0.81172,0.78194,0.84141,0.72639,0.82812,0.74444,0.81016,0.77222,0.82891,0.83194,0.85625,0.79861,0.84688,0.80278,0.83125,0.81528,0.61532,0.81208,0.9997,0.72787,1.00000,0.8901,0.76365,0.92509,0.9946,0.65238,0.87162,0.74219,0.90278,123.09,0.9950,live,0.3519,0.2536,172.91,681.88
155650.757095,80.0,0.9334,3,2,0,0.78047,0.89167,0.76484,0.82917,0.77266,0.76389,0.80234,0.73750,0.83203,0.73056,0.81719,0.70000,0.83047,0.65556,0.83984,0.64861,0.84375,0.66944,0.84688,0.72222,0.87656,0.67083,0.88359,0.66806,0.87656,0.69306,0.86797,0.75694,0.90234,0.71667,0.90938,0.70833,0.90000,0.72778,0.88203,0.80278,0.91172,0.77778,0.92266,0.76528,0.92109,0.77083,0.61213,0.81481,0.9997,0.73841,1.00000,0.8860,0.80322,0.87547,0.9944,0.67799,0.87563,0.78047,0.89167,137.64,0.9917,live,0.3368,0.2680,187.35,699.15
155650.823994,80.0,0.0226,3,3,0,0.80156,0.85972,0.78906,0.79028,0.80312,0.72639,0.83594,0.69861,0.86406,0.68056,0.84531,0.66250,0.86250,0.62222,0.87422,0.62083,0.87578,0.64444,0.87266,0.68750,0.90156,0.63056,0.91250,0.63472,0.90625,0.66806,0.89297,0.72361,0.92266,0.67639,0.93437,0.67361,0.92812,0.69444,0.90469,0.76944,0.93359,0.74444,0.94688,0.73333,0.94688,0.73750,0.61169,0.81502,0.9997,0.74795,1.00000,0.8808,0.81996,0.83436,0.9943,0.70271,0.87245,0.80156,0.85972,140.44,0.9840,live,0.3126,0.2024,145.00,716.38
155650.891436,80.0,0.1125,3,3,0,0.80078,0.83889,0.78828,0.76806,0.80078,0.70000,0.83203,0.66111,0.86094,0.64722,0.84219,0.64306,0.86016,0.59861,0.87187,0.59167,0.87266,0.61250,0.87031,0.66389,0.89844,0.60694,0.90703,0.60000,0.89922,0.62778,0.88984,0.69861,0.92109,0.65000,0.92812,0.63750,0.91875,0.65833,0.90234,0.74444,0.92969,0.71111,0.94219,0.69444,0.94219,0.69861,0.61132,0.81501,0.9997,0.75163,1.00000,0.8751,0.81760,0.82045,0.9943,0.72232,0.86574,0.80078,0.83889,139.43,0.9879,live,0.2939,0.2086,152.45,730.80
155650.957630,80.0,0.2008,3,3,0,0.79531,0.82361,0.78359,0.75278,0.79297,0.69028,0.82109,0.64861,0.84922,0.62639,0.83125,0.62778,0.85000,0.57917,0.86016,0.57083,0.85859,0.59444,0.86094,0.64861,0.88906,0.58889,0.89531,0.58472,0.88594,0.60972,0.88125,0.68056,0.91094,0.63472,0.91563,0.62222,0.90469,0.64306,0.89531,0.72639,0.91875,0.69583,0.92969,0.67778,0.92891,0.68056,0.61316,0.81487,0.9997,0.75861,1.00000,0.8737,0.81524,0.80863,0.9945,0.73692,0.85731,0.79531,0.82361,138.53,0.9907,live,0.2804,0.2187,162.48,742.84
155651.024284,80.0,0.2896,3,3,0,0.79453,0.81806,0.78125,0.75139,0.78828,0.68750,0.81406,0.64306,0.83984,0.61667,0.82578,0.62500,0.84141,0.57778,0.85000,0.56389,0.85000,0.58333,0.85547,0.64583,0.88281,0.58611,0.88672,0.57778,0.87656,0.60139,0.87578,0.67639,0.90547,0.62639,0.90781,0.61389,0.89531,0.63889,0.88984,0.72222,0.91328,0.68750,0.92344,0.66806,0.92188,0.67361,0.61152,0.81512,0.9997,0.75614,1.00000,0.8683,0.81232,0.81073,0.9946,0.74844,0.84946,0.79453,0.81806,134.78,0.9880,live,0.2713,0.2301,172.75,750.74
155651.090978,80.0,0.3786,3,3,0,0.79297,0.81944,0.77969,0.75278,0.78828,0.69028,0.81328,0.64722,0.84141,0.61944,0.82578,0.62639,0.84297,0.57500,0.85078,0.56389,0.84844,0.58750,0.85391,0.64722,0.88047,0.58889,0.88672,0.57917,0.87734,0.60000,0.87344,0.67917,0.90234,0.63056,0.90781,0.61528,0.89687,0.63611,0.88750,0.72361,0.91094,0.69306,0.92266,0.67361,0.92188,0.67500,0.61151,0.81573,0.9998,0.76202,1.00000,0.8672,0.81634,0.80570,0.9946,0.75735,0.84346,0.79297,0.81944,134.14,0.9873,live,0.2647,0.2348,177.79,757.23
155651.157697,80.0,0.4675,3,3,0,0.79141,0.82083,0.77812,0.75694,0.78672,0.69306,0.81328,0.65139,0.84062,0.62778,0.82500,0.62778,0.84219,0.57778,0.85078,0.56806,0.84766,0.59444,0.85391,0.65000,0.88125,0.59028,0.88594,0.58194,0.87422,0.60833,0.87266,0.68194,0.90312,0.63333,0.90703,0.62083,0.89453,0.64306,0.88672,0.72778,0.91094,0.69861,0.92266,0.68056,0.92188,0.68194,0.61125,0.81515,0.9998,0.76172,1.00000,0.8663,0.81376,0.80697,0.9948,0.76416,0.83893,0.79141,0.82083,134.58,0.9888,live,0.2581,0.2278,173.84,763.25
155651.224440,80.0,0.5565,3,3,0,0.78359,0.80833,0.77031,0.74167,0.77734,0.67778,0.80312,0.63333,0.82891,0.60417,0.81641,0.61389,0.83281,0.56389,0.84062,0.55694,0.83828,0.58333,0.84531,0.63472,0.87266,0.57222,0.87656,0.56806,0.86641,0.59583,0.86562,0.66667,0.89609,0.61667,0.89922,0.60556,0.88672,0.63056,0.88047,0.71250,0.90469,0.67778,0.91406,0.66111,0.91172,0.66667,0.61122,0.81772,0.9998,0.75993,1.00000,0.8611,0.81301,0.80505,0.9947,0.76805,0.83281,0.78359,0.80833,136.10,0.9877,live,0.2470,0.1965,151.23,769.66
155651.291062,80.0,0.6453,3,3,0,0.76172,0.75000,0.74922,0.68194,0.75938,0.61111,0.78359,0.56944,0.80312,0.53472,0.80625,0.55000,0.82500,0.50417,0.81953,0.48750,0.80625,0.50000,0.82812,0.56528,0.85313,0.51111,0.84531,0.49306,0.82812,0.50694,0.84609,0.59444,0.87344,0.54444,0.86562,0.52639,0.84922,0.53889,0.85859,0.63611,0.88594,0.59722,0.88281,0.57361,0.86875,0.57500,0.61126,0.81746,0.9998,0.77567,1.00000,0.8632,0.80807,0.77330,0.9949,0.76678,0.81625,0.76172,0.75000,138.16,0.9778,live,0.2382,0.1984,154.11,776.78
155651.357693,80.0,0.7342,3,3,0,0.73359,0.63611,0.70859,0.56389,0.71406,0.48889,0.72969,0.44028,0.74141,0.40833,0.75781,0.44167,0.76406,0.39028,0.75078,0.37083,0.73438,0.36250,0.77734,0.44444,0.78906,0.38611,0.77422,0.36250,0.75313,0.35833,0.79297,0.45833,0.80547,0.40139,0.79219,0.37778,0.77500,0.37361,0.80547,0.48194,0.81719,0.43194,0.81016,0.40417,0.79922,0.39167,0.61125,0.82043,0.9998,0.80639,1.00000,0.8666,0.78044,0.67632,0.9951,0.76014,0.78022,0.73359,0.63611,126.01,0.9341,live,0.2202,0.1379,106.79,774.29
155651.424414,80.0,0.8231,3,3,0,0.70781,0.55278,0.68906,0.47917,0.68750,0.41111,0.69297,0.35417,0.69688,0.30556,0.71641,0.35833,0.71406,0.29722,0.70469,0.25833,0.69531,0.23333,0.73125,0.35278,0.72969,0.29167,0.71953,0.25972,0.70625,0.24167,0.74297,0.35694,0.74531,0.30278,0.73281,0.26944,0.71797,0.25000,0.75469,0.37083,0.76016,0.32361,0.75078,0.29722,0.73906,0.28472,0.61144,0.81925,0.9998,0.80155,1.00000,0.8695,0.73714,0.55692,0.9952,0.74968,0.73473,0.70781,0.55278,120.36,0.8604,live,0.2066,0.1445,111.00,768.03
155651.490800,80.0,0.9117,3,3,0,0.67656,0.45278,0.64375,0.37500,0.63594,0.30694,0.63984,0.25139,0.64141,0.20417,0.66328,0.26528,0.65703,0.20972,0.64609,0.17778,0.63672,0.15278,0.67734,0.26111,0.67266,0.20417,0.66172,0.17083,0.65078,0.14722,0.69141,0.26528,0.69063,0.21250,0.67891,0.17639,0.66563,0.15694,0.70703,0.27778,0.70859,0.22639,0.70078,0.19583,0.68984,0.17639,0.60552,0.80786,0.9998,0.78770,0.89965,0.8765,0.69990,0.44220,0.9956,0.73505,0.67834,0.67656,0.45278,115.67,0.9241,live,0.2066,0.1937,147.07,759.15
155651.557869,80.0,0.0011,3,1,1,0.64609,0.38194,0.60781,0.31250,0.59844,0.24583,0.60156,0.18889,0.60469,0.14444,0.62109,0.20417,0.61484,0.15556,0.60391,0.12917,0.59141,0.10833,0.63672,0.19306,0.63359,0.14028,0.62187,0.11111,0.60781,0.09167,0.65234,0.19444,0.65234,0.14028,0.64062,0.11111,0.62500,0.09583,0.66953,0.20417,0.66875,0.15139,0.66094,0.12500,0.64922,0.10833,0.60423,0.79967,0.9998,0.76894,0.83003,0.8834,0.67589,0.37893,0.9959,0.71726,0.61906,0.64609,0.38194,115.48,0.9635,live,0.2121,0.2372,178.17,751.20
155651.624539,80.0,0.0900,3,1,1,0.63125,0.32778,0.59375,0.27639,0.58281,0.21667,0.58359,0.16111,0.58594,0.11667,0.60781,0.17361,0.60234,0.12639,0.59062,0.10278,0.57734,0.09028,0.62266,0.16250,0.61875,0.10694,0.60391,0.08194,0.58594,0.07222,0.63672,0.16111,0.63594,0.10139,0.62266,0.07639,0.60547,0.06944,0.65391,0.16667,0.65234,0.11528,0.64219,0.09028,0.62813,0.07917,0.60421,0.79321,0.9998,0.75590,0.77791,0.8900,0.65536,0.33508,0.9962,0.70006,0.56081,0.63125,0.32778,103.32,0.9756,live,0.2281,0.3010,221.33,735.45
155651.691462,80.0,0.1792,3,1,1,0.62266,0.31111,0.58906,0.26806,0.57578,0.21250,0.57422,0.15972,0.57578,0.11389,0.59922,0.16806,0.59297,0.12361,0.58125,0.10000,0.56797,0.08750,0.61406,0.15694,0.60938,0.10278,0.59609,0.07917,0.57891,0.07083,0.62891,0.15417,0.62656,0.09722,0.61406,0.07361,0.59766,0.06528,0.64453,0.15972,0.64375,0.11111,0.63359,0.08611,0.61953,0.07361,0.60396,0.78941,0.9998,0.74729,0.76654,0.8960,0.65015,0.32820,0.9964,0.68458,0.51087,0.62266,0.31111,97.42,0.9741,live,0.2521,0.3614,259.25,717.33
155651.758007,80.0,0.2679,3,1,1,0.61797,0.30556,0.58516,0.26667,0.57109,0.21528,0.56875,0.16250,0.57188,0.11944,0.59531,0.17361,0.58828,0.13194,0.57656,0.10972,0.56406,0.09583,0.60938,0.15972,0.60391,0.10972,0.59141,0.08611,0.57500,0.07639,0.62422,0.15694,0.62109,0.10139,0.60859,0.07639,0.59297,0.06944,0.64062,0.15972,0.63828,0.10972,0.62813,0.08611,0.61406,0.07639,0.60057,0.78849,0.9997,0.74361,0.79045,0.9000,0.64644,0.33952,0.9966,0.67126,0.46980,0.61797,0.30556,93.17,0.9750,live,0.2813,0.4142,289.24,698.34
155651.824272,80.0,0.3563,3,1,1,0.61719,0.30694,0.58281,0.26806,0.56875,0.21806,0.56641,0.16667,0.57031,0.12639,0.59531,0.17778,0.58750,0.13611,0.57578,0.11250,0.56250,0.09722,0.60938,0.16528,0.60391,0.11389,0.58984,0.08889,0.57344,0.07917,0.62344,0.16111,0.62109,0.10417,0.60859,0.07917,0.59297,0.07222,0.63984,0.16250,0.63828,0.11250,0.62734,0.08750,0.61328,0.07778,0.60025,0.78549,0.9997,0.74054,0.76998,0.9047,0.64244,0.32688,0.9969,0.66044,0.43723,0.61719,0.30694,91.41,0.9760,live,0.3143,0.4650,316.37,680.35
155651.891513,80.0,0.4459,3,1,1,0.61797,0.31250,0.58437,0.27361,0.57109,0.22083,0.56875,0.16944,0.57344,0.12778,0.59609,0.17917,0.58828,0.13611,0.57656,0.11389,0.56328,0.09861,0.61094,0.16667,0.60547,0.11528,0.59141,0.09028,0.57500,0.08056,0.62656,0.16389,0.62344,0.10694,0.61016,0.08194,0.59375,0.07361,0.64297,0.16667,0.64062,0.11667,0.63047,0.09028,0.61562,0.07917,0.60027,0.78281,0.9997,0.74095,0.77321,0.9091,0.64425,0.32856,0.9970,0.65195,0.41229,0.61797,0.31250,93.96,0.9759,live,0.3385,0.4486,298.93,666.36
155651.958045,80.0,0.5347,3,1,1,0.62031,0.32222,0.58594,0.28333,0.57344,0.22917,0.57188,0.17639,0.57578,0.13333,0.59844,0.18611,0.59141,0.14167,0.57969,0.11944,0.56641,0.10556,0.61406,0.17361,0.60859,0.12222,0.59531,0.09722,0.57812,0.08750,0.62969,0.17083,0.62656,0.11528,0.61406,0.08889,0.59766,0.08056,0.64609,0.17500,0.64375,0.12500,0.63281,0.10000,0.61875,0.08889,0.59945,0.78274,0.9997,0.74099,0.78242,0.9122,0.64409,0.33456,0.9972,0.64562,0.39427,0.62031,0.32222,95.44,0.9727,live,0.3542,0.4258,278.98,655.11
155652.024703,80.0,0.6235,3,1,1,0.62109,0.34306,0.58906,0.30833,0.57500,0.24861,0.57266,0.19444,0.57656,0.15139,0.60078,0.20000,0.59375,0.15556,0.58125,0.13194,0.56719,0.12083,0.61641,0.18889,0.61172,0.13611,0.59609,0.11111,0.57734,0.10833,0.63203,0.18750,0.63047,0.13056,0.61484,0.10417,0.59688,0.10139,0.64844,0.19306,0.64766,0.14306,0.63594,0.11528,0.62109,0.10556,0.59892,0.78282,0.9997,0.74124,0.79777,0.9145,0.64549,0.35798,0.9974,0.64072,0.38403,0.62109,0.34306,98.03,0.9777,live,0.3542,0.3769,243.90,647.08
155652.091300,80.0,0.7123,3,1,1,0.61719,0.39444,0.58828,0.36667,0.57188,0.30417,0.56719,0.25000,0.57188,0.20694,0.59922,0.24444,0.58984,0.19583,0.57500,0.17361,0.56016,0.16806,0.61484,0.23333,0.60781,0.17083,0.58906,0.15278,0.56875,0.16111,0.63125,0.23472,0.62734,0.16806,0.60781,0.14861,0.58906,0.15694,0.64844,0.24444,0.64531,0.19028,0.63203,0.16667,0.61562,0.16528,0.59952,0.78521,0.9998,0.74747,0.87604,0.9177,0.64598,0.39901,0.9975,0.63601,0.38611,0.61719,0.39444,101.16,0.9796,live,0.3461,0.3093,198.63,642.26
155652.158026,80.0,0.8013,3,1,1,0.60938,0.46528,0.58125,0.44444,0.56172,0.39444,0.55547,0.35000,0.55625,0.30833,0.58906,0.31944,0.58125,0.26389,0.56641,0.25556,0.55234,0.26667,0.60625,0.31389,0.60156,0.25139,0.58281,0.24722,0.56797,0.26944,0.62500,0.32083,0.62422,0.25972,0.60703,0.25556,0.59375,0.27639,0.64375,0.34167,0.64297,0.28889,0.62969,0.27500,0.61641,0.28472,0.60341,0.78822,0.9997,0.74798,0.98709,0.9186,0.64161,0.50312,0.9976,0.63068,0.40195,0.60938,0.46528,97.08,0.9827,live,0.3278,0.2444,155.20,635.09
155652.224715,80.0,0.8902,3,1,1,0.61797,0.65694,0.58672,0.62083,0.56406,0.55694,0.55469,0.51250,0.55547,0.47361,0.58359,0.47639,0.56953,0.40556,0.55156,0.40556,0.54531,0.43472,0.60625,0.47361,0.60469,0.39167,0.58437,0.40417,0.57578,0.44861,0.62891,0.48611,0.62969,0.40972,0.60859,0.42778,0.60078,0.46944,0.65156,0.51111,0.64844,0.45556,0.62891,0.46250,0.61953,0.49167,0.60520,0.79396,0.9997,0.74823,1.00000,0.9176,0.64040,0.63560,0.9976,0.62814,0.45295,0.61797,0.65694,118.52,0.9924,live,0.3013,0.1807,116.44,644.22
155652.291997,80.0,0.9799,3,1,1,0.61250,0.69444,0.58594,0.68056,0.56406,0.66250,0.55078,0.64722,0.54922,0.62778,0.59375,0.56528,0.58125,0.53333,0.56250,0.56111,0.55078,0.59167,0.61562,0.57500,0.60234,0.53194,0.57578,0.56389,0.56250,0.60000,0.63672,0.60278,0.62734,0.57083,0.60234,0.60556,0.58828,0.63750,0.65547,0.64028,0.64922,0.62917,0.63047,0.64583,0.61641,0.66250,0.60758,0.77261,0.9998,0.74438,1.00000,0.9156,0.63798,0.79040,0.9975,0.62501,0.50125,0.61250,0.69444,86.31,0.9762,live,0.2766,0.1639,103.08,629.06
155652.360593,80.0,0.0714,3,2,0,0.60859,0.70278,0.58359,0.69028,0.56250,0.67778,0.54844,0.68333,0.53359,0.69861,0.59375,0.63472,0.56875,0.64028,0.54688,0.66806,0.53047,0.68889,0.61562,0.65417,0.59688,0.65000,0.56875,0.68333,0.55000,0.71250,0.63359,0.68611,0.62344,0.68194,0.59766,0.71528,0.57891,0.74028,0.64687,0.72222,0.63906,0.73194,0.62187,0.75417,0.60703,0.76806,0.60696,0.77297,0.9997,0.71270,1.00000,0.9169,0.62980,0.87369,0.9975,0.62173,0.54155,0.60859,0.70278,58.09,0.9953,live,0.2642,0.2079,123.77,595.39
155652.425172,80.0,0.1575,3,2,0,0.61094,0.79583,0.58437,0.77639,0.56172,0.75833,0.54609,0.76944,0.53203,0.78889,0.59766,0.68611,0.56641,0.67917,0.53984,0.70833,0.52109,0.73750,0.61875,0.70833,0.59609,0.68611,0.56406,0.71944,0.54297,0.75417,0.63438,0.74722,0.62266,0.72500,0.58828,0.75417,0.56563,0.78056,0.64453,0.79444,0.63281,0.78611,0.60781,0.80417,0.58906,0.81806,0.60682,0.77327,0.9997,0.70899,1.00000,0.9159,0.62372,0.90680,0.9971,0.61957,0.59241,0.61094,0.79583,71.50,0.9990,live,0.2642,0.2705,155.65,575.43
155652.491867,80.0,0.2464,3,2,0,0.59688,0.87639,0.56875,0.85278,0.54609,0.81944,0.53203,0.79444,0.52891,0.77778,0.58750,0.71806,0.56094,0.68889,0.53594,0.70556,0.51484,0.73194,0.61094,0.73611,0.59062,0.69167,0.55859,0.72083,0.53594,0.75694,0.62891,0.77361,0.61484,0.72917,0.58203,0.75417,0.55937,0.78333,0.64141,0.82361,0.62969,0.79583,0.60313,0.80833,0.58203,0.82500,0.60142,0.77375,0.9997,0.68514,1.00000,0.9174,0.61619,0.90846,0.9971,0.61503,0.64920,0.59688,0.87639,97.09,0.9995,live,0.2775,0.3382,194.90,576.28
155652.558345,80.0,0.3351,3,2,0,0.59766,0.90417,0.56484,0.87639,0.54219,0.82361,0.52969,0.79167,0.53047,0.75972,0.57812,0.73056,0.55937,0.68472,0.53359,0.70000,0.51250,0.72639,0.60313,0.74306,0.58906,0.68333,0.55703,0.70833,0.53672,0.74583,0.62344,0.77500,0.61562,0.71806,0.58125,0.74167,0.56016,0.77222,0.63906,0.82083,0.63125,0.78333,0.60391,0.79306,0.58359,0.81250,0.59859,0.77548,0.9997,0.69091,1.00000,0.9189,0.60883,0.89932,0.9971,0.61156,0.70020,0.59766,0.90417,106.32,0.9998,live,0.2987,0.3952,230.68,583.68
155652.625173,80.0,0.4242,3,2,0,0.59688,0.90694,0.56563,0.87361,0.54375,0.82222,0.53203,0.79028,0.53125,0.75556,0.57734,0.72639,0.56094,0.68194,0.53594,0.69722,0.51562,0.72500,0.60078,0.74028,0.59141,0.68056,0.56016,0.70694,0.54141,0.74306,0.62109,0.77361,0.61719,0.71528,0.58359,0.74167,0.56328,0.77361,0.63750,0.82083,0.63281,0.78056,0.60547,0.79306,0.58516,0.81389,0.59864,0.77425,0.9997,0.69281,1.00000,0.9190,0.61012,0.89948,0.9969,0.60862,0.74155,0.59688,0.90694,109.03,0.9996,live,0.3235,0.4362,258.30,592.14
155652.691833,80.0,0.5130,3,2,0,0.60469,0.91806,0.57266,0.88056,0.55078,0.82639,0.53984,0.79306,0.53984,0.76111,0.58594,0.73056,0.57031,0.68750,0.54609,0.70278,0.52578,0.72917,0.60938,0.74583,0.59922,0.68750,0.56875,0.71667,0.55000,0.75278,0.62969,0.77917,0.62422,0.72361,0.59297,0.74722,0.57266,0.77639,0.64609,0.82639,0.63984,0.78889,0.61328,0.80139,0.59375,0.81806,0.59802,0.77597,0.9997,0.68607,1.00000,0.9194,0.61037,0.91151,0.9968,0.60783,0.77685,0.60469,0.91806,112.33,0.9993,live,0.3464,0.4510,271.51,601.96
155652.758174,80.0,0.6015,3,2,0,0.61016,0.92361,0.57891,0.88472,0.55781,0.83333,0.54766,0.80417,0.54766,0.77222,0.59609,0.73611,0.58047,0.69306,0.55625,0.70833,0.53516,0.73333,0.61875,0.75139,0.60938,0.69444,0.57812,0.72222,0.55859,0.75694,0.63828,0.78611,0.63438,0.73194,0.60234,0.75556,0.58203,0.78472,0.65391,0.83333,0.64922,0.79583,0.62266,0.80694,0.60391,0.82361,0.59839,0.77930,0.9997,0.68183,1.00000,0.9174,0.61561,0.91468,0.9966,0.60830,0.80620,0.61016,0.92361,112.09,0.9993,live,0.3595,0.4188,255.67,610.43
155652.824983,80.0,0.6906,3,2,0,0.62109,0.92639,0.59141,0.88750,0.57109,0.83333,0.56094,0.80139,0.56406,0.76944,0.60859,0.73611,0.59688,0.69028,0.57266,0.70556,0.55312,0.73333,0.63203,0.75139,0.62656,0.69306,0.59453,0.71944,0.57422,0.75556,0.65234,0.78333,0.65078,0.72778,0.61875,0.75278,0.59922,0.78333,0.66797,0.83056,0.66563,0.79167,0.64062,0.80417,0.62187,0.82222,0.60127,0.77942,0.9997,0.68335,1.00000,0.9182,0.63342,0.92041,0.9966,0.61086,0.83024,0.62109,0.92639,114.53,0.9993,live,0.3595,0.3839,237.89,619.64
155652.892754,80.0,0.7809,3,2,0,0.64609,0.91806,0.61797,0.87500,0.59766,0.82083,0.58984,0.78472,0.60234,0.77083,0.63516,0.73472,0.63203,0.68056,0.60938,0.69444,0.58906,0.71944,0.65938,0.75417,0.66406,0.68611,0.63516,0.70556,0.61406,0.73889,0.67891,0.78750,0.68906,0.72361,0.66172,0.74028,0.64219,0.76667,0.69609,0.83333,0.70469,0.78750,0.68516,0.79028,0.66797,0.80278,0.60638,0.78091,0.9997,0.71267,1.00000,0.9114,0.67322,0.92067,0.9960,0.61790,0.84780,0.64609,0.91806,111.46,0.9979,live,0.3595,0.3536,221.22,625.53
155652.958895,80.0,0.8691,3,2,0,0.69531,0.92083,0.66563,0.87083,0.64922,0.80556,0.66016,0.75972,0.68594,0.74583,0.68828,0.73194,0.70156,0.67917,0.69219,0.68056,0.68281,0.70000,0.71094,0.74722,0.73438,0.69306,0.72500,0.69028,0.71641,0.70694,0.72891,0.77639,0.75234,0.73194,0.74687,0.73056,0.74219,0.74167,0.74141,0.81806,0.75625,0.78889,0.75703,0.78750,0.75625,0.78889,0.60612,0.80963,0.9997,0.71179,1.00000,0.8983,0.72039,0.91683,0.9957,0.63339,0.86241,0.69531,0.92083,112.39,0.9859,live,0.3595,0.3695,233.32,631.39
155653.025372,80.0,0.9578,3,2,0,0.76641,0.90278,0.74453,0.85417,0.74375,0.79306,0.76406,0.76111,0.79531,0.75833,0.79375,0.72222,0.80703,0.67778,0.80781,0.68889,0.80078,0.72222,0.82109,0.74722,0.84922,0.68750,0.84453,0.70278,0.82969,0.73611,0.84141,0.78611,0.87422,0.73611,0.86797,0.74722,0.84922,0.77639,0.85547,0.83472,0.88125,0.79722,0.87891,0.80000,0.86562,0.81667,0.60619,0.81656,0.9997,0.71938,1.00000,0.8894,0.77831,0.91503,0.9951,0.65999,0.87048,0.76641,0.90278,125.98,0.9909,live,0.3429,0.2673,172.74,646.33
155653.092189,80.0,0.0468,3,3,0,0.79141,0.91667,0.77734,0.85000,0.78828,0.78056,0.82266,0.75417,0.85391,0.74583,0.83516,0.72500,0.85234,0.67917,0.86484,0.67639,0.86797,0.70417,0.86328,0.75000,0.89219,0.69722,0.90312,0.69583,0.89766,0.72639,0.88203,0.78750,0.91641,0.74444,0.92656,0.73889,0.92031,0.75972,0.89453,0.83611,0.92344,0.81389,0.93594,0.80139,0.93594,0.80556,0.60615,0.81508,0.9997,0.73421,1.00000,0.8829,0.80036,0.90762,0.9951,0.68627,0.87972,0.79141,0.91667,138.67,0.9854,live,0.3252,0.2448,163.67,668.61
155653.158679,80.0,0.1355,3,3,0,0.79531,0.90278,0.78125,0.83472,0.79688,0.76528,0.83359,0.73333,0.86562,0.72778,0.84297,0.70972,0.86406,0.66528,0.87578,0.66250,0.87813,0.69028,0.87031,0.73750,0.90156,0.69028,0.91094,0.68194,0.90469,0.70556,0.88750,0.77639,0.92031,0.73750,0.92812,0.72639,0.92266,0.74167,0.89687,0.82500,0.92188,0.79722,0.93281,0.78056,0.93594,0.77639,0.60587,0.81962,0.9997,0.74211,1.00000,0.8785,0.81570,0.89385,0.9949,0.70808,0.88433,0.79531,0.90278,138.54,0.9965,live,0.3097,0.2389,164.42,688.13
155653.226177,80.0,0.2255,3,3,0,0.79766,0.89861,0.78438,0.83056,0.79531,0.76389,0.82734,0.73056,0.85781,0.71667,0.83750,0.70278,0.85469,0.65556,0.86484,0.65139,0.86484,0.67778,0.86719,0.72639,0.89609,0.66667,0.90391,0.66389,0.89687,0.69167,0.88672,0.75972,0.91719,0.71528,0.92500,0.70417,0.91328,0.72778,0.89922,0.80556,0.92656,0.77639,0.93828,0.76250,0.93359,0.77222,0.60585,0.81963,0.9997,0.74194,1.00000,0.8735,0.81571,0.88262,0.9947,0.72600,0.88719,0.79766,0.89861,139.27,0.9871,live,0.2975,0.2420,170.84,705.83
155653.291996,80.0,0.3133,3,3,0,0.79141,0.88472,0.77969,0.81667,0.78906,0.75278,0.81875,0.71667,0.84766,0.70000,0.82969,0.69167,0.84766,0.64444,0.85625,0.64028,0.85469,0.66944,0.86016,0.71528,0.88984,0.65278,0.89531,0.65278,0.88594,0.68333,0.87969,0.74861,0.91016,0.70278,0.91484,0.69583,0.90312,0.72083,0.89297,0.79722,0.91953,0.76806,0.93047,0.75278,0.92812,0.75972,0.60589,0.81925,0.9997,0.74385,1.00000,0.8688,0.81141,0.87406,0.9945,0.73908,0.88669,0.79141,0.88472,138.34,0.9807,live,0.2882,0.2460,177.26,720.73
155653.358771,80.0,0.4023,3,3,0,0.78828,0.88333,0.77656,0.81528,0.78516,0.75000,0.81328,0.71250,0.84297,0.69306,0.82500,0.68889,0.84375,0.63611,0.85000,0.63333,0.84609,0.66250,0.85469,0.71111,0.88438,0.64722,0.88828,0.64722,0.87734,0.67639,0.87422,0.74444,0.90547,0.69583,0.90859,0.68750,0.89531,0.71528,0.88750,0.79306,0.91484,0.76111,0.92578,0.74444,0.92188,0.75139,0.60617,0.81900,0.9997,0.74848,1.00000,0.8675,0.81035,0.85820,0.9944,0.74892,0.88602,0.78828,0.88333,137.59,0.9794,live,0.2809,0.2474,181.41,733.30
155653.425311,80.0,0.4910,3,3,0,0.78594,0.87917,0.77422,0.81250,0.78203,0.74583,0.80937,0.70833,0.83828,0.69028,0.82266,0.68472,0.83984,0.63194,0.84609,0.63056,0.84219,0.66111,0.85156,0.70694,0.88125,0.64306,0.88438,0.64306,0.87344,0.67361,0.87109,0.74167,0.90312,0.69167,0.90703,0.68333,0.89375,0.70972,0.88438,0.78889,0.91172,0.75694,0.92266,0.74028,0.91797,0.74583,0.60594,0.81825,0.9998,0.74811,1.00000,0.8645,0.81318,0.84722,0.9944,0.75632,0.88465,0.78594,0.87917,137.04,0.9790,live,0.2737,0.2412,179.43,743.97
155653.492061,80.0,0.5800,3,3,0,0.78125,0.86944,0.76797,0.80139,0.77422,0.73472,0.80078,0.69583,0.82969,0.67361,0.81563,0.67222,0.83281,0.61944,0.83984,0.61806,0.83437,0.65139,0.84453,0.69444,0.87422,0.63056,0.87813,0.62917,0.86562,0.65972,0.86484,0.72917,0.89687,0.67917,0.89922,0.66944,0.88438,0.69583,0.87969,0.77778,0.90781,0.74444,0.91406,0.72639,0.90469,0.73333,0.60598,0.81725,0.9998,0.74844,1.00000,0.8633,0.81285,0.84259,0.9945,0.76131,0.88161,0.78125,0.86944,138.12,0.9817,live,0.2688,0.2463,185.73,754.15
155653.558923,80.0,0.6692,3,3,0,0.76875,0.83194,0.75391,0.76250,0.75703,0.69306,0.77812,0.64722,0.80469,0.62361,0.80156,0.62500,0.81641,0.58056,0.81953,0.57639,0.81328,0.60278,0.82734,0.64444,0.85234,0.58333,0.85234,0.57639,0.84219,0.60139,0.84688,0.67778,0.87734,0.62639,0.87500,0.61528,0.86016,0.63889,0.86094,0.72500,0.88672,0.68472,0.88516,0.66389,0.87109,0.66944,0.60593,0.81731,0.9998,0.75253,1.00000,0.8605,0.81103,0.82307,0.9943,0.76280,0.87168,0.76875,0.83194,138.71,0.9841,live,0.2516,0.1731,132.14,763.52
155653.625551,80.0,0.7580,3,3,0,0.74922,0.76111,0.72969,0.68333,0.73203,0.61111,0.74922,0.56389,0.76484,0.53056,0.78359,0.55556,0.79219,0.50278,0.77891,0.48472,0.76328,0.48611,0.80469,0.56528,0.81875,0.50556,0.80469,0.48611,0.78516,0.49167,0.82188,0.58472,0.83828,0.53194,0.82500,0.50694,0.80625,0.50972,0.83594,0.61667,0.84922,0.57222,0.84062,0.54722,0.82656,0.54028,0.60544,0.81718,0.9998,0.77762,1.00000,0.8633,0.78398,0.75552,0.9946,0.76008,0.84956,0.74922,0.76111,136.13,0.9155,live,0.2300,0.1320,101.63,769.91
155653.692340,80.0,0.8471,3,3,0,0.70469,0.59028,0.67422,0.53333,0.66797,0.45833,0.67656,0.39583,0.68203,0.34861,0.70234,0.40139,0.70547,0.35000,0.69453,0.33194,0.68281,0.32361,0.72500,0.40417,0.73359,0.34444,0.72031,0.32361,0.70469,0.31944,0.74297,0.41667,0.75469,0.35833,0.74297,0.33750,0.72734,0.33472,0.76016,0.44028,0.76719,0.38889,0.75938,0.36667,0.74766,0.36111,0.60626,0.81719,0.9998,0.77515,1.00000,0.8664,0.74597,0.62064,0.9946,0.74900,0.79771,0.70469,0.59028,120.23,0.9456,live,0.2111,0.1245,95.16,764.08
155653.759014,80.0,0.9359,3,3,0,0.67969,0.50694,0.64453,0.42917,0.63438,0.35694,0.63828,0.29861,0.63906,0.25000,0.66094,0.31389,0.65234,0.25833,0.64219,0.22500,0.63359,0.19861,0.67734,0.31250,0.67109,0.25556,0.66094,0.22222,0.65156,0.19444,0.69297,0.31944,0.69063,0.26528,0.68047,0.22639,0.66875,0.19861,0.71172,0.33472,0.71094,0.28611,0.70312,0.25556,0.69297,0.23194,0.60648,0.81178,0.9998,0.77540,0.95973,0.8723,0.70635,0.49924,0.9950,0.73514,0.73955,0.67969,0.50694,119.60,0.9238,live,0.2007,0.1533,116.27,758.51
155653.825753,80.0,0.0249,3,1,1,0.65312,0.42222,0.60781,0.34861,0.59766,0.28056,0.59922,0.22361,0.60000,0.17917,0.62187,0.24722,0.61250,0.19583,0.60234,0.16528,0.59219,0.13472,0.63672,0.23889,0.62891,0.18611,0.61641,0.15139,0.60547,0.12083,0.65234,0.23750,0.64844,0.18611,0.63750,0.14861,0.62500,0.12083,0.66953,0.24444,0.66641,0.19306,0.65625,0.16389,0.64531,0.14306,0.60550,0.80442,0.9998,0.77445,0.87179,0.8778,0.67538,0.39917,0.9953,0.71874,0.67609,0.65312,0.42222,114.15,0.9538,live,0.2007,0.2163,162.12,749.67
155653.892256,80.0,0.1136,3,1,1,0.63438,0.35694,0.59219,0.29444,0.57969,0.23333,0.57891,0.17639,0.57969,0.13194,0.60078,0.19722,0.59297,0.15139,0.58203,0.12361,0.57109,0.10000,0.61562,0.18333,0.60938,0.13194,0.59688,0.10139,0.58281,0.07917,0.63047,0.18056,0.62734,0.12639,0.61562,0.09722,0.60156,0.08194,0.64844,0.18611,0.64531,0.13472,0.63594,0.10833,0.62422,0.09306,0.60351,0.79302,0.9998,0.75716,0.80012,0.8856,0.65642,0.34171,0.9956,0.70186,0.61226,0.63438,0.35694,108.97,0.9749,live,0.2162,0.2872,211.98,738.17
155653.959152,80.0,0.2028,3,1,1,0.62187,0.31389,0.58359,0.27083,0.57031,0.21528,0.56953,0.16250,0.57031,0.11806,0.59219,0.17083,0.58516,0.12639,0.57422,0.10417,0.56172,0.09028,0.60703,0.15833,0.60078,0.10833,0.58750,0.08333,0.57188,0.06806,0.62187,0.15694,0.61797,0.10278,0.60547,0.07778,0.59062,0.06528,0.63906,0.16111,0.63594,0.11389,0.62578,0.08889,0.61172,0.07361,0.60121,0.79025,0.9998,0.74809,0.77760,0.8910,0.64593,0.32111,0.9959,0.68587,0.55258,0.62187,0.31389,98.99,0.9747,live,0.2419,0.3587,258.57,720.87
155654.025917,80.0,0.2918,3,1,1,0.61719,0.30417,0.58047,0.26389,0.56563,0.21389,0.56328,0.16250,0.56484,0.11944,0.58828,0.17500,0.58047,0.12917,0.56953,0.10556,0.55625,0.08750,0.60313,0.16111,0.59609,0.11111,0.58437,0.08472,0.56875,0.06528,0.61797,0.15694,0.61328,0.10417,0.60234,0.07778,0.58750,0.06389,0.63438,0.15833,0.63047,0.11111,0.62109,0.08611,0.60781,0.07222,0.60044,0.78647,0.9998,0.74440,0.77819,0.8965,0.64768,0.33253,0.9962,0.67213,0.50290,0.61719,0.30417,93.03,0.9740,live,0.2744,0.4225,296.34,701.35
155654.092614,80.0,0.3807,3,1,1,0.61484,0.30278,0.57891,0.26250,0.56563,0.21250,0.56250,0.16250,0.56484,0.11944,0.58828,0.17500,0.57969,0.13056,0.56875,0.10694,0.55547,0.09028,0.60313,0.16250,0.59609,0.11111,0.58359,0.08472,0.56719,0.06806,0.61797,0.15694,0.61328,0.10278,0.60156,0.07639,0.58672,0.06250,0.63438,0.15833,0.63047,0.10972,0.62109,0.08472,0.60703,0.06944,0.60021,0.78399,0.9998,0.73915,0.77273,0.9012,0.64058,0.31557,0.9964,0.66067,0.46288,0.61484,0.30278,91.84,0.9763,live,0.3098,0.4713,322.06,683.31
155654.158767,80.0,0.4690,3,1,1,0.61406,0.30417,0.57891,0.26528,0.56563,0.21667,0.56328,0.16528,0.56641,0.12361,0.58984,0.17917,0.58125,0.13472,0.57031,0.11111,0.55703,0.09444,0.60469,0.16528,0.59766,0.11528,0.58516,0.08750,0.56953,0.06944,0.61953,0.16111,0.61484,0.10556,0.60313,0.07917,0.58750,0.06528,0.63594,0.16250,0.63203,0.11250,0.62187,0.08750,0.60703,0.07222,0.59890,0.78272,0.9997,0.73528,0.77971,0.9045,0.64237,0.31968,0.9967,0.65135,0.43113,0.61406,0.30417,90.47,0.9751,live,0.3480,0.5219,347.79,666.45
155654.225787,80.0,0.5583,3,1,1,0.61406,0.31944,0.57891,0.28194,0.56719,0.22917,0.56484,0.17778,0.56797,0.13472,0.59062,0.18889,0.58359,0.14583,0.57188,0.12361,0.55859,0.10972,0.60625,0.17639,0.60000,0.12639,0.58672,0.10000,0.57031,0.08750,0.62109,0.17222,0.61719,0.11806,0.60469,0.09167,0.58828,0.08056,0.63828,0.17361,0.63516,0.12778,0.62422,0.10139,0.61016,0.08750,0.59831,0.78278,0.9997,0.73599,0.78809,0.9088,0.64244,0.33276,0.9969,0.64389,0.40880,0.61406,0.31944,93.40,0.9764,live,0.3709,0.4752,310.66,653.73
155654.292405,80.0,0.6471,3,1,1,0.61484,0.35139,0.58281,0.31806,0.56719,0.25972,0.56406,0.20417,0.56719,0.15972,0.59141,0.21250,0.58359,0.16944,0.57188,0.14583,0.55859,0.13056,0.60781,0.20000,0.60078,0.14861,0.58750,0.12222,0.57188,0.10972,0.62344,0.19583,0.61953,0.14167,0.60625,0.11528,0.58906,0.10694,0.64062,0.20000,0.63750,0.15139,0.62656,0.12639,0.61094,0.11806,0.59843,0.78336,0.9997,0.74167,0.82424,0.9120,0.64348,0.35025,0.9971,0.63808,0.39732,0.61484,0.35139,97.82,0.9771,live,0.3811,0.4274,275.96,645.72
155654.359114,80.0,0.7361,3,1,1,0.61641,0.40694,0.58594,0.38194,0.56875,0.31806,0.56406,0.26389,0.56953,0.22361,0.59609,0.26111,0.58594,0.21111,0.57188,0.18611,0.55781,0.17917,0.61250,0.24861,0.60547,0.18611,0.58828,0.16250,0.56953,0.16806,0.62969,0.24722,0.62500,0.18056,0.60781,0.15833,0.58984,0.16389,0.64687,0.25694,0.64375,0.20278,0.63125,0.17778,0.61562,0.17222,0.59858,0.78543,0.9998,0.74765,0.89937,0.9154,0.64440,0.40992,0.9973,0.63375,0.39924,0.61641,0.40694,100.54,0.9809,live,0.3811,0.3564,228.30,640.62
155654.425706,80.0,0.8249,3,1,1,0.61562,0.47778,0.58828,0.46250,0.56875,0.41111,0.56250,0.36528,0.56719,0.32639,0.59453,0.33472,0.58750,0.28056,0.57344,0.27222,0.56094,0.28194,0.61250,0.32917,0.60938,0.26667,0.59219,0.26250,0.57969,0.28472,0.63203,0.33611,0.63281,0.27639,0.61562,0.27083,0.60234,0.29306,0.65156,0.35556,0.65156,0.30417,0.63750,0.29167,0.62422,0.30417,0.60204,0.79034,0.9998,0.74704,0.98788,0.9130,0.64485,0.53110,0.9973,0.63012,0.41495,0.61562,0.47778,96.84,0.9793,live,0.3811,0.3639,230.55,633.48
155654.492646,80.0,0.9141,3,1,1,0.62813,0.68333,0.59766,0.65000,0.57656,0.58750,0.56875,0.53889,0.57031,0.49583,0.60391,0.50139,0.60156,0.42917,0.58516,0.43056,0.57734,0.45278,0.62344,0.50139,0.62266,0.41944,0.60547,0.43194,0.59844,0.46806,0.64375,0.51389,0.64375,0.43750,0.62500,0.45556,0.61875,0.49306,0.66406,0.53750,0.66094,0.48056,0.64375,0.49167,0.63516,0.52222,0.60439,0.79653,0.9998,0.74705,1.00000,0.9158,0.64417,0.66505,0.9974,0.62972,0.46863,0.62813,0.68333,115.42,0.9910,live,0.3498,0.2075,132.90,640.56
155654.559220,80.0,0.0029,3,2,0,0.63281,0.69306,0.60469,0.68472,0.58125,0.67361,0.56641,0.66528,0.56406,0.65000,0.60547,0.58333,0.58906,0.55833,0.57109,0.58750,0.56016,0.62083,0.62813,0.59583,0.61641,0.55833,0.59297,0.58472,0.57969,0.62083,0.65078,0.62222,0.64375,0.59444,0.62109,0.62222,0.60625,0.65278,0.67109,0.65972,0.66875,0.65139,0.65078,0.66667,0.63516,0.68472,0.61912,0.77976,0.9998,0.74671,1.00000,0.9190,0.64827,0.82240,0.9975,0.63034,0.51351,0.63281,0.69306,77.91,0.9648,live,0.3158,0.1609,99.73,619.78
155654.626110,80.0,0.0921,3,2,0,0.63125,0.72361,0.60703,0.72083,0.58672,0.72222,0.57500,0.74306,0.56563,0.76806,0.61250,0.64583,0.59219,0.64444,0.57422,0.66667,0.55937,0.68889,0.63438,0.66111,0.62031,0.64583,0.59844,0.67639,0.58359,0.70556,0.65391,0.69167,0.64687,0.68056,0.62500,0.71111,0.60859,0.73750,0.66875,0.73056,0.66328,0.73333,0.64766,0.75556,0.63438,0.77083,0.61828,0.78025,0.9997,0.70979,1.00000,0.9177,0.64707,0.88149,0.9975,0.63052,0.55553,0.63125,0.72361,62.18,0.9993,live,0.2957,0.2044,120.61,590.18
155654.692964,80.0,0.1812,3,2,0,0.64062,0.81667,0.61328,0.80000,0.58984,0.78194,0.57422,0.77500,0.56641,0.77361,0.61641,0.69167,0.59609,0.66528,0.57422,0.68889,0.55703,0.71667,0.63984,0.70833,0.62734,0.66806,0.60078,0.70000,0.58281,0.73750,0.65859,0.74444,0.65312,0.70833,0.62734,0.73333,0.60859,0.76111,0.67422,0.78889,0.66797,0.77500,0.64766,0.78889,0.63047,0.80278,0.61751,0.78056,0.9997,0.70614,1.00000,0.9184,0.64530,0.91202,0.9973,0.63254,0.60776,0.64062,0.81667,80.62,0.9990,live,0.2905,0.2668,154.03,577.41
155654.759733,80.0,0.2702,3,2,0,0.61641,0.86528,0.59219,0.85694,0.56875,0.81528,0.55937,0.78194,0.56641,0.75278,0.60078,0.71944,0.59141,0.67361,0.57188,0.68472,0.55391,0.70833,0.62656,0.72917,0.62578,0.66667,0.60156,0.69028,0.58359,0.72500,0.64766,0.75972,0.65000,0.70417,0.62500,0.72639,0.60547,0.75417,0.66563,0.80278,0.66563,0.76944,0.64531,0.78056,0.62578,0.79722,0.61700,0.78069,0.9997,0.69948,1.00000,0.9185,0.64402,0.88760,0.9974,0.62932,0.65926,0.61641,0.86528,96.40,0.9991,live,0.2973,0.3282,189.52,577.52
155654.825899,80.0,0.3585,3,2,0,0.61641,0.87917,0.58906,0.85694,0.56875,0.80139,0.55937,0.76528,0.56406,0.73472,0.60313,0.71250,0.59219,0.65972,0.56953,0.66667,0.55000,0.69167,0.62656,0.72361,0.62500,0.65417,0.59531,0.67361,0.57500,0.71111,0.64766,0.75278,0.64922,0.68889,0.61719,0.71111,0.59688,0.74167,0.66484,0.79583,0.66563,0.75139,0.64141,0.75972,0.62187,0.77917,0.61659,0.77727,0.9997,0.70062,1.00000,0.9159,0.64123,0.87411,0.9973,0.62673,0.70324,0.61641,0.87917,104.86,0.9995,live,0.3119,0.3782,220.75,583.72
155654.892831,80.0,0.4477,3,2,0,0.61797,0.88194,0.58906,0.85000,0.56797,0.79444,0.55781,0.75833,0.56250,0.71944,0.60078,0.70417,0.59062,0.64722,0.56875,0.65833,0.55000,0.68472,0.62422,0.71667,0.62109,0.64306,0.59219,0.66667,0.57344,0.70417,0.64453,0.74583,0.64609,0.67778,0.61484,0.70278,0.59453,0.73611,0.66328,0.78750,0.66172,0.73889,0.63672,0.74861,0.61797,0.76944,0.61647,0.77871,0.9997,0.70057,1.00000,0.9169,0.63920,0.87076,0.9973,0.62498,0.73898,0.61797,0.88194,109.63,0.9994,live,0.3301,0.4132,244.87,592.61
155654.959446,80.0,0.5365,3,2,0,0.61875,0.88611,0.59062,0.84861,0.56953,0.79167,0.55937,0.75556,0.56094,0.71528,0.60156,0.70000,0.59219,0.64167,0.56797,0.65417,0.54844,0.68194,0.62422,0.71250,0.62109,0.63889,0.59062,0.66667,0.57188,0.70417,0.64531,0.74306,0.64766,0.67500,0.61406,0.70278,0.59375,0.73472,0.66328,0.78611,0.66406,0.73611,0.63828,0.74861,0.61953,0.76944,0.61338,0.77913,0.9997,0.70009,1.00000,0.9173,0.63952,0.87249,0.9973,0.62373,0.76841,0.61875,0.88611,113.31,0.9992,live,0.3467,0.4224,254.74,603.08
155655.026156,80.0,0.6255,3,2,0,0.62422,0.88889,0.59531,0.84861,0.57578,0.78889,0.56719,0.75278,0.56875,0.71528,0.60703,0.70000,0.59844,0.64306,0.57578,0.65556,0.55625,0.68194,0.63047,0.71250,0.62734,0.64167,0.59766,0.66667,0.57812,0.70278,0.65078,0.74028,0.65312,0.67500,0.62187,0.70139,0.60156,0.73194,0.66953,0.78194,0.66953,0.73472,0.64531,0.74861,0.62734,0.76806,0.61457,0.77927,0.9997,0.70432,1.00000,0.9194,0.64623,0.87510,0.9973,0.62383,0.79250,0.62422,0.88889,115.21,0.9986,live,0.3528,0.3805,233.47,613.66
155655.092791,80.0,0.7143,3,2,0,0.64531,0.88611,0.61641,0.84167,0.59766,0.78472,0.58906,0.74861,0.59766,0.72083,0.63125,0.70139,0.62969,0.64167,0.60781,0.65000,0.58906,0.67361,0.65469,0.71528,0.65938,0.64028,0.63047,0.65833,0.61094,0.69306,0.67578,0.74444,0.68437,0.67361,0.65703,0.69444,0.63828,0.72500,0.69531,0.78611,0.70078,0.73611,0.67969,0.74583,0.66172,0.76528,0.61716,0.78275,0.9997,0.70675,1.00000,0.9208,0.66069,0.87870,0.9973,0.62813,0.81123,0.64531,0.88611,114.08,0.9981,live,0.3528,0.3450,214.65,622.16
155655.159654,80.0,0.8035,3,2,0,0.68750,0.88889,0.65781,0.84167,0.63984,0.77500,0.64375,0.72778,0.66797,0.71806,0.68437,0.69167,0.69375,0.63333,0.67578,0.64167,0.65703,0.66389,0.70859,0.70556,0.72422,0.63889,0.70156,0.65278,0.68359,0.68333,0.72969,0.73333,0.75078,0.67222,0.73281,0.68472,0.71641,0.71111,0.74609,0.77778,0.76484,0.74167,0.75781,0.73889,0.74922,0.74444,0.61130,0.80311,0.9997,0.71798,1.00000,0.9002,0.71011,0.88597,0.9969,0.64000,0.82676,0.68750,0.88889,121.72,0.9812,live,0.3449,0.3092,196.39,635.13
155655.226302,80.0,0.8923,3,2,0,0.74219,0.89444,0.71406,0.83889,0.70391,0.76944,0.72188,0.72500,0.75078,0.70972,0.74297,0.69444,0.75859,0.63611,0.76562,0.63056,0.76641,0.65833,0.76953,0.70833,0.79297,0.65139,0.79531,0.64722,0.79063,0.67361,0.79063,0.73472,0.81406,0.69028,0.81406,0.69167,0.81094,0.71528,0.80625,0.77500,0.82344,0.74306,0.82734,0.74028,0.82656,0.75278,0.61162,0.80958,0.9997,0.73176,1.00000,0.8922,0.76884,0.88394,0.9967,0.66044,0.84030,0.74219,0.89444,125.24,0.9803,live,0.3311,0.2679,173.89,649.09
155655.292954,80.0,0.9812,3,2,0,0.77656,0.88333,0.75625,0.81944,0.75703,0.75000,0.78594,0.71250,0.81641,0.70694,0.80234,0.67778,0.82188,0.62500,0.83203,0.62222,0.83516,0.65278,0.83125,0.70000,0.86406,0.64306,0.86953,0.64028,0.86406,0.66944,0.85234,0.73750,0.88594,0.69028,0.89062,0.68333,0.88672,0.70556,0.86562,0.78611,0.88984,0.75833,0.90078,0.74444,0.90469,0.74583,0.60993,0.80884,0.9998,0.74351,1.00000,0.8888,0.80153,0.85902,0.9964,0.68366,0.84890,0.77656,0.88333,136.82,0.9896,live,0.3225,0.2834,189.82,669.71
155655.359907,80.0,0.0705,3,3,0,0.80000,0.87500,0.78359,0.80556,0.79141,0.73611,0.82031,0.69861,0.85000,0.68194,0.83672,0.67361,0.85469,0.62222,0.86406,0.62222,0.86094,0.65278,0.86484,0.69583,0.89531,0.62917,0.90234,0.62917,0.89062,0.66250,0.88516,0.73194,0.92031,0.67778,0.92734,0.67361,0.91328,0.70139,0.89844,0.77917,0.92812,0.74444,0.93828,0.73472,0.93125,0.74722,0.60996,0.80872,0.9998,0.75295,1.00000,0.8840,0.81412,0.85203,0.9962,0.70693,0.85412,0.80000,0.87500,139.77,0.9845,live,0.3041,0.2205,152.12,689.98
155655.426683,80.0,0.1595,3,3,0,0.80078,0.86528,0.78828,0.79583,0.79688,0.72917,0.82578,0.69306,0.85703,0.67639,0.83984,0.66389,0.85703,0.61389,0.86250,0.60972,0.85781,0.63889,0.86797,0.68611,0.89766,0.62083,0.90312,0.61944,0.89219,0.65000,0.88828,0.72083,0.92031,0.66806,0.92656,0.65972,0.91250,0.68611,0.90156,0.76806,0.93203,0.73889,0.94219,0.72361,0.93437,0.73056,0.60997,0.81147,0.9998,0.76388,1.00000,0.8833,0.82105,0.83395,0.9962,0.72570,0.85635,0.80078,0.86528,141.03,0.9854,live,0.2889,0.2194,155.49,708.72
155655.492799,80.0,0.2477,3,3,0,0.79922,0.85972,0.78672,0.79167,0.79375,0.72500,0.82031,0.68472,0.84922,0.66250,0.83437,0.66250,0.85234,0.60833,0.85938,0.60417,0.85547,0.63333,0.86406,0.68333,0.89453,0.61528,0.89766,0.61389,0.88672,0.64306,0.88438,0.71806,0.91719,0.66389,0.92031,0.65417,0.90547,0.68194,0.89844,0.76528,0.92734,0.73056,0.93594,0.71528,0.92812,0.72361,0.60999,0.81286,0.9998,0.76232,1.00000,0.8799,0.82022,0.83022,0.9961,0.74040,0.85703,0.79922,0.85972,138.80,0.9780,live,0.2796,0.2375,171.83,723.61
155655.559720,80.0,0.3369,3,3,0,0.79688,0.85833,0.78281,0.79167,0.78984,0.72361,0.81719,0.68472,0.84609,0.66250,0.83281,0.66111,0.85000,0.60972,0.85703,0.60417,0.85234,0.63056,0.86094,0.68194,0.88984,0.61389,0.89453,0.61250,0.88281,0.64444,0.88125,0.71528,0.91406,0.66111,0.91797,0.65417,0.90391,0.68056,0.89453,0.76389,0.92109,0.73194,0.93047,0.71667,0.92656,0.72222,0.61031,0.81496,0.9998,0.76077,1.00000,0.8781,0.81944,0.82764,0.9960,0.75170,0.85729,0.79688,0.85833,137.75,0.9773,live,0.2709,0.2312,170.19,735.95
155655.626116,80.0,0.4254,3,3,0,0.79609,0.85556,0.78125,0.79028,0.78906,0.72361,0.81563,0.68472,0.84453,0.66250,0.83047,0.65972,0.84766,0.60833,0.85469,0.60278,0.85000,0.63194,0.85859,0.68056,0.88672,0.61250,0.89141,0.61111,0.88047,0.64028,0.87813,0.71389,0.91094,0.66111,0.91563,0.65139,0.90156,0.67778,0.89219,0.76111,0.92031,0.72778,0.92969,0.71111,0.92188,0.71944,0.61058,0.81659,0.9998,0.76140,1.00000,0.8729,0.81794,0.83087,0.9958,0.76058,0.85694,0.79609,0.85556,136.27,0.9774,live,0.2659,0.2429,181.14,745.75
155655.693319,80.0,0.5150,3,3,0,0.79453,0.85417,0.78047,0.78889,0.78672,0.72083,0.81172,0.67917,0.83984,0.65556,0.82734,0.65694,0.84375,0.60417,0.85000,0.59861,0.84609,0.62778,0.85625,0.67639,0.88516,0.60972,0.88828,0.60694,0.87656,0.63750,0.87656,0.71111,0.90859,0.65694,0.91172,0.64861,0.89687,0.67639,0.89062,0.75972,0.91797,0.72222,0.92578,0.70694,0.91719,0.71667,0.61060,0.81653,0.9998,0.76099,1.00000,0.8679,0.81756,0.82865,0.9956,0.76737,0.85639,0.79453,0.85417,137.19,0.9761,live,0.2572,0.2179,164.50,755.04
155655.759830,80.0,0.6037,3,3,0,0.78438,0.83750,0.76953,0.76944,0.77422,0.70139,0.79922,0.65972,0.82656,0.63333,0.81484,0.63472,0.83125,0.58333,0.83672,0.58333,0.83281,0.61667,0.84375,0.65556,0.87109,0.59028,0.87500,0.58750,0.86406,0.61806,0.86562,0.68889,0.89531,0.63611,0.89766,0.62639,0.88359,0.65278,0.88047,0.73611,0.90547,0.69861,0.91172,0.68333,0.90312,0.69167,0.61050,0.81666,0.9998,0.76128,1.00000,0.8674,0.81678,0.82058,0.9956,0.77077,0.85261,0.78438,0.83750,139.22,0.9864,live,0.2443,0.1854,141.75,764.67
155655.826448,80.0,0.6925,3,3,0,0.76250,0.78333,0.74609,0.71389,0.75000,0.64306,0.76797,0.59861,0.78984,0.57083,0.80000,0.58056,0.81797,0.53611,0.81172,0.52500,0.79922,0.54028,0.82344,0.59583,0.85000,0.53750,0.84062,0.52500,0.82344,0.54306,0.84062,0.62639,0.87031,0.57361,0.86094,0.55694,0.84297,0.57222,0.85391,0.67083,0.87891,0.62639,0.87266,0.60417,0.85625,0.60556,0.61126,0.81631,0.9998,0.78478,1.00000,0.8687,0.80685,0.78489,0.9957,0.76912,0.83875,0.76250,0.78333,136.67,0.9832,live,0.2265,0.1456,112.29,771.32
155655.893337,80.0,0.7817,3,3,0,0.75156,0.71528,0.73438,0.63889,0.73828,0.56528,0.75078,0.50833,0.76094,0.46250,0.78047,0.51528,0.78281,0.45417,0.76641,0.43056,0.74922,0.42361,0.79688,0.51944,0.80000,0.45000,0.78047,0.42500,0.75859,0.41944,0.81016,0.53056,0.81484,0.46806,0.79531,0.44028,0.77422,0.43194,0.82109,0.55278,0.82500,0.49861,0.81094,0.47500,0.79609,0.46667,0.61121,0.81822,0.9998,0.80993,1.00000,0.8734,0.77370,0.70239,0.9959,0.76561,0.81406,0.75156,0.71528,126.68,0.8374,live,0.2062,0.1136,87.44,769.97
155655.959679,80.0,0.8702,3,3,0,0.69297,0.53333,0.66328,0.47222,0.65391,0.40139,0.66250,0.34444,0.67031,0.30278,0.68437,0.34028,0.68750,0.28333,0.67656,0.26528,0.66172,0.26528,0.70703,0.34167,0.71250,0.27639,0.69922,0.26111,0.68203,0.26806,0.72578,0.35139,0.73438,0.28889,0.72188,0.27083,0.70625,0.27639,0.74375,0.37361,0.75000,0.31944,0.74141,0.29861,0.72891,0.29722,0.61091,0.81688,0.9998,0.79303,1.00000,0.8758,0.73673,0.57242,0.9960,0.75108,0.75791,0.69297,0.53333,122.60,0.9345,live,0.1946,0.1418,108.61,765.85
155656.026982,80.0,0.9599,3,3,0,0.66875,0.45833,0.63281,0.37778,0.62500,0.30694,0.63047,0.24861,0.63594,0.20278,0.65078,0.26111,0.64687,0.21111,0.63672,0.18194,0.62422,0.15833,0.66875,0.25417,0.66641,0.19861,0.65469,0.16944,0.63984,0.15000,0.68516,0.25694,0.68672,0.20278,0.67500,0.16944,0.66016,0.15278,0.70156,0.27361,0.70469,0.21806,0.69609,0.18889,0.68359,0.17222,0.61062,0.80808,0.9998,0.78024,0.92507,0.8810,0.70017,0.45485,0.9963,0.73461,0.69800,0.66875,0.45833,123.99,0.9486,live,0.1887,0.1620,123.68,763.22
155656.093186,80.0,0.0482,3,1,1,0.64687,0.37778,0.61016,0.30833,0.60000,0.24167,0.60234,0.18611,0.60547,0.13889,0.62500,0.19861,0.61953,0.15139,0.60781,0.12083,0.59609,0.09722,0.63984,0.19028,0.63828,0.13472,0.62578,0.10278,0.61172,0.08056,0.65469,0.19167,0.65625,0.13611,0.64531,0.10278,0.63047,0.08611,0.67109,0.20000,0.67266,0.14722,0.66484,0.11806,0.65234,0.10139,0.60766,0.79865,0.9998,0.76073,0.82416,0.8873,0.67633,0.36204,0.9966,0.71706,0.63395,0.64687,0.37778,114.50,0.9548,live,0.1965,0.2319,174.88,754.07
155656.160284,80.0,0.1376,3,1,1,0.63438,0.31944,0.59688,0.26389,0.58516,0.20556,0.58516,0.15000,0.58984,0.10556,0.60859,0.16528,0.60391,0.11806,0.59297,0.09306,0.58125,0.07639,0.62422,0.15417,0.62031,0.09861,0.60703,0.07083,0.59141,0.05556,0.63984,0.15139,0.63828,0.09444,0.62656,0.06528,0.61172,0.05417,0.65625,0.15556,0.65547,0.10694,0.64609,0.08056,0.63359,0.06528,0.60476,0.79097,0.9998,0.75269,0.77749,0.8942,0.66195,0.32755,0.9968,0.70053,0.57105,0.63438,0.31944,104.55,0.9722,live,0.2159,0.3040,224.62,738.86
155656.226966,80.0,0.2266,3,1,1,0.62500,0.29306,0.58984,0.24861,0.57734,0.19583,0.57656,0.14306,0.57969,0.10000,0.60078,0.15694,0.59453,0.11250,0.58437,0.08889,0.57188,0.07222,0.61562,0.14444,0.61016,0.09444,0.59844,0.06667,0.58281,0.04861,0.63047,0.14167,0.62734,0.08750,0.61641,0.06250,0.60156,0.04722,0.64687,0.14306,0.64453,0.09722,0.63516,0.07361,0.62187,0.05833,0.60378,0.78776,0.9998,0.74373,0.77319,0.8993,0.65271,0.31981,0.9970,0.68542,0.51545,0.62500,0.29306,95.47,0.9704,live,0.2443,0.3737,268.68,718.93
155656.293189,80.0,0.3148,3,1,1,0.61797,0.28750,0.58437,0.24722,0.57109,0.19722,0.56953,0.14583,0.57344,0.10278,0.59609,0.16389,0.58984,0.12222,0.57891,0.09722,0.56719,0.07917,0.61016,0.15000,0.60469,0.10278,0.59375,0.07500,0.57891,0.05556,0.62422,0.14583,0.62109,0.09306,0.61016,0.06667,0.59531,0.05139,0.64062,0.14583,0.63828,0.09861,0.62813,0.07500,0.61484,0.06111,0.60087,0.78137,0.9998,0.73931,0.77869,0.9036,0.64563,0.31290,0.9972,0.67193,0.46986,0.61797,0.28750,89.33,0.9813,live,0.2793,0.4386,305.70,696.98
155656.360002,80.0,0.4039,3,1,1,0.61562,0.28750,0.57812,0.24722,0.56563,0.19861,0.56406,0.14861,0.56797,0.10556,0.59141,0.16667,0.58359,0.12222,0.57266,0.09722,0.55937,0.08056,0.60547,0.15278,0.59922,0.10417,0.58750,0.07639,0.57266,0.05833,0.61953,0.14722,0.61562,0.09444,0.60391,0.06806,0.58984,0.05417,0.63672,0.14583,0.63281,0.10000,0.62344,0.07639,0.61016,0.06250,0.59999,0.78084,0.9998,0.73655,0.76232,0.9083,0.64240,0.31119,0.9973,0.66067,0.43339,0.61562,0.28750,88.91,0.9814,live,0.3149,0.4771,323.19,677.35
155656.426904,80.0,0.4931,3,1,1,0.61406,0.29028,0.57812,0.25000,0.56484,0.20139,0.56328,0.15000,0.56719,0.10694,0.59062,0.16528,0.58203,0.12083,0.57109,0.09722,0.55703,0.08194,0.60469,0.15278,0.59844,0.10278,0.58594,0.07500,0.56953,0.05833,0.61953,0.14861,0.61562,0.09444,0.60469,0.06667,0.58828,0.05278,0.63594,0.14861,0.63281,0.10139,0.62422,0.07639,0.61016,0.06111,0.59952,0.78105,0.9997,0.73508,0.77497,0.9108,0.64230,0.31338,0.9973,0.65135,0.40477,0.61406,0.29028,89.90,0.9795,live,0.3478,0.4979,328.98,660.80
155656.493632,80.0,0.5821,3,1,1,0.61328,0.30139,0.57891,0.26111,0.56719,0.20972,0.56484,0.15833,0.56953,0.11667,0.59219,0.17222,0.58437,0.12917,0.57266,0.10694,0.56016,0.09028,0.60703,0.15833,0.60078,0.10972,0.58828,0.08194,0.57188,0.06667,0.62187,0.15556,0.61875,0.10000,0.60625,0.07222,0.59062,0.05972,0.63906,0.15556,0.63594,0.10694,0.62578,0.08194,0.61094,0.06806,0.59902,0.78157,0.9997,0.73546,0.78029,0.9137,0.64069,0.32145,0.9975,0.64373,0.38409,0.61328,0.30139,92.85,0.9792,live,0.3691,0.4661,302.19,648.36
155656.559954,80.0,0.6705,3,1,1,0.61328,0.32639,0.57969,0.28889,0.56719,0.23194,0.56563,0.17917,0.57109,0.13472,0.59297,0.18889,0.58594,0.14444,0.57422,0.12083,0.56094,0.10833,0.60938,0.17639,0.60391,0.12500,0.58984,0.09861,0.57344,0.08889,0.62578,0.17361,0.62187,0.11806,0.60781,0.09167,0.59062,0.08333,0.64219,0.17639,0.63984,0.12639,0.62813,0.10000,0.61250,0.08889,0.59878,0.78168,0.9997,0.73656,0.79707,0.9156,0.64181,0.32231,0.9976,0.63764,0.37255,0.61328,0.32639,97.07,0.9756,live,0.3772,0.4140,265.16,640.44
155656.626697,80.0,0.7595,3,1,1,0.61406,0.37778,0.58437,0.34722,0.56797,0.28333,0.56406,0.22778,0.56875,0.18333,0.59453,0.22917,0.58672,0.18056,0.57344,0.15694,0.55859,0.15000,0.61172,0.21806,0.60547,0.15833,0.58984,0.13472,0.57109,0.13750,0.62891,0.21944,0.62578,0.15278,0.61016,0.12917,0.59219,0.13333,0.64687,0.22917,0.64531,0.17361,0.63359,0.14583,0.61797,0.14167,0.59954,0.78376,0.9997,0.74151,0.85900,0.9184,0.64269,0.37248,0.9977,0.63293,0.37360,0.61406,0.37778,101.72,0.9821,live,0.3851,0.4209,268.04,636.83
155656.693643,80.0,0.8488,3,1,1,0.61641,0.44861,0.58594,0.42639,0.56797,0.36667,0.56484,0.31528,0.57109,0.27222,0.59609,0.29722,0.59062,0.24167,0.57500,0.22778,0.56016,0.23611,0.61484,0.28889,0.60938,0.22500,0.59141,0.21111,0.57500,0.22917,0.63438,0.29444,0.63516,0.22778,0.61719,0.21389,0.60156,0.23056,0.65469,0.31250,0.65547,0.25694,0.64141,0.23611,0.62500,0.24306,0.60050,0.79815,0.9997,0.74253,0.97249,0.9200,0.64316,0.46327,0.9978,0.62962,0.38860,0.61641,0.44861,103.11,0.9904,live,0.3638,0.2668,169.30,634.65
155656.760101,80.0,0.9374,3,1,1,0.62578,0.62778,0.59531,0.59167,0.57422,0.52778,0.56719,0.47917,0.57422,0.43889,0.60234,0.45278,0.59688,0.39028,0.58125,0.38056,0.57109,0.39306,0.62422,0.45000,0.62266,0.37222,0.60625,0.38194,0.59922,0.41667,0.64609,0.46111,0.64766,0.38611,0.63047,0.40417,0.62422,0.44444,0.66875,0.48472,0.66719,0.42778,0.65312,0.43333,0.64609,0.46250,0.60162,0.80638,0.9997,0.74267,1.00000,0.9182,0.64214,0.60982,0.9976,0.62886,0.43644,0.62578,0.62778,115.59,0.9915,live,0.3459,0.2647,169.83,641.71
155656.827174,80.0,0.0268,3,2,0,0.62422,0.60972,0.59844,0.60417,0.57734,0.60833,0.56250,0.61944,0.55937,0.62639,0.60000,0.53333,0.58672,0.54167,0.57266,0.57778,0.56719,0.60417,0.62578,0.55139,0.61406,0.55000,0.59688,0.58472,0.58906,0.61806,0.65000,0.58056,0.64219,0.58056,0.62500,0.60972,0.61406,0.63750,0.67031,0.61528,0.66797,0.63194,0.65859,0.64722,0.64922,0.65833,0.60793,0.76936,0.9997,0.74003,1.00000,0.9145,0.64093,0.78688,0.9974,0.62793,0.47109,0.62422,0.60972,67.98,0.9592,live,0.3102,0.1476,90.59,613.66
155656.893819,80.0,0.1157,3,2,0,0.62187,0.91944,0.59219,0.87083,0.56875,0.81667,0.55937,0.78611,0.56797,0.75556,0.60547,0.70556,0.58906,0.65972,0.56406,0.69444,0.55156,0.73611,0.63203,0.72083,0.62500,0.66389,0.59141,0.70417,0.57344,0.75000,0.65547,0.75417,0.65391,0.70694,0.62109,0.74167,0.60000,0.78194,0.67422,0.80139,0.67266,0.77778,0.64766,0.79722,0.62969,0.82083,0.60991,0.77151,0.9997,0.71461,1.00000,0.9151,0.64103,0.90188,0.9974,0.62672,0.56076,0.62187,0.91944,129.77,0.9905,live,0.2948,0.2247,142.31,633.45
155656.960592,80.0,0.2047,3,2,0,0.61641,0.95694,0.58594,0.91389,0.56484,0.86806,0.55156,0.84444,0.55391,0.82222,0.60781,0.75556,0.58984,0.71250,0.56172,0.74722,0.54219,0.78611,0.63281,0.77917,0.62344,0.72083,0.59062,0.76389,0.57031,0.80694,0.65391,0.81806,0.65156,0.76389,0.61797,0.80000,0.59453,0.83889,0.67031,0.87083,0.67031,0.83611,0.64375,0.85278,0.62187,0.87500,0.61257,0.77276,0.9997,0.70086,1.00000,0.9138,0.64075,0.94520,0.9970,0.62466,0.64000,0.61641,0.95694,120.79,0.9974,live,0.2948,0.3035,195.57,644.41
155657.027259,80.0,0.2936,3,2,0,0.61172,0.95417,0.58203,0.91528,0.56016,0.86806,0.54766,0.84306,0.55156,0.81667,0.60234,0.75556,0.58359,0.72083,0.55703,0.75139,0.53828,0.78611,0.62969,0.77639,0.61719,0.72500,0.58359,0.76528,0.56406,0.80833,0.65078,0.81528,0.64531,0.76806,0.61094,0.80278,0.58906,0.83750,0.66797,0.86667,0.66484,0.83611,0.63828,0.85556,0.61797,0.87778,0.61278,0.78220,0.9997,0.69376,1.00000,0.9038,0.63619,0.94497,0.9962,0.62207,0.70283,0.61172,0.95417,121.31,0.9991,live,0.3076,0.3658,239.41,654.42
155657.093903,80.0,0.3825,3,2,0,0.61172,0.94583,0.57969,0.90694,0.55859,0.85833,0.54688,0.83056,0.54844,0.80139,0.60000,0.74861,0.58203,0.70833,0.55547,0.73333,0.53516,0.76667,0.62578,0.76528,0.61250,0.71250,0.58203,0.74861,0.56328,0.79028,0.64687,0.80139,0.64141,0.75000,0.60781,0.78472,0.58672,0.82083,0.66406,0.85139,0.66094,0.81944,0.63516,0.83750,0.61406,0.86111,0.61188,0.78218,0.9997,0.69115,1.00000,0.8994,0.63456,0.93109,0.9958,0.62000,0.75143,0.61172,0.94583,119.99,0.9992,live,0.3266,0.4133,273.73,662.28
155657.160530,80.0,0.4713,3,2,0,0.61094,0.93472,0.57891,0.89444,0.55781,0.84444,0.54609,0.81667,0.54609,0.78472,0.59688,0.74167,0.58125,0.69444,0.55625,0.71944,0.53594,0.75278,0.62266,0.75833,0.61250,0.69722,0.58203,0.73194,0.56250,0.77500,0.64375,0.79028,0.63984,0.73472,0.60859,0.76667,0.58672,0.80278,0.66094,0.83750,0.66016,0.80417,0.63438,0.82083,0.61328,0.84306,0.61179,0.78263,0.9997,0.69313,1.00000,0.8933,0.63155,0.93554,0.9953,0.61819,0.78809,0.61094,0.93472,117.51,0.9987,live,0.3485,0.4480,299.03,667.42
155657.227428,80.0,0.5605,3,2,0,0.61172,0.92778,0.58125,0.88750,0.56094,0.83750,0.54922,0.80694,0.55000,0.77361,0.59766,0.73611,0.58203,0.68750,0.55625,0.70972,0.53672,0.74444,0.62187,0.75278,0.61406,0.69028,0.58203,0.72639,0.56406,0.76667,0.64375,0.78611,0.64141,0.72917,0.60859,0.76111,0.58672,0.79583,0.66172,0.83472,0.66328,0.79583,0.63672,0.81111,0.61562,0.83056,0.61367,0.78108,0.9997,0.69392,1.00000,0.8961,0.63111,0.93423,0.9953,0.61689,0.81603,0.61172,0.92778,116.74,0.9984,live,0.3684,0.4590,308.18,671.38
155657.294067,80.0,0.6494,3,2,0,0.61953,0.92639,0.58906,0.88750,0.56797,0.83472,0.55703,0.80556,0.55703,0.77361,0.60391,0.73472,0.58984,0.68611,0.56563,0.70694,0.54609,0.74028,0.62813,0.75139,0.62109,0.68750,0.59062,0.72083,0.57266,0.76111,0.65000,0.78472,0.65000,0.72639,0.61797,0.75694,0.59688,0.79028,0.66875,0.83333,0.67188,0.79167,0.64687,0.80833,0.62656,0.83056,0.61438,0.78037,0.9996,0.69452,1.00000,0.8896,0.63377,0.93148,0.9945,0.61742,0.83810,0.61953,0.92639,116.78,0.9973,live,0.3793,0.4291,289.60,674.89
155657.360658,80.0,0.7381,3,2,0,0.63828,0.91944,0.60859,0.88056,0.58672,0.82639,0.57812,0.79167,0.58984,0.77083,0.62578,0.73333,0.61797,0.67917,0.59531,0.69722,0.57734,0.72778,0.65156,0.75139,0.65156,0.68333,0.62187,0.71389,0.60313,0.75278,0.67422,0.78611,0.67969,0.72083,0.65000,0.74861,0.62969,0.78194,0.69375,0.83472,0.70156,0.79028,0.67891,0.80139,0.66016,0.82083,0.61751,0.78078,0.9996,0.70377,1.00000,0.8796,0.66027,0.93246,0.9938,0.62159,0.85437,0.63828,0.91944,116.08,0.9983,live,0.3845,0.4079,276.32,677.48
155657.427451,80.0,0.8272,3,2,0,0.67891,0.91528,0.64844,0.87222,0.62891,0.80833,0.63281,0.76806,0.65781,0.76250,0.67500,0.71944,0.67891,0.66806,0.66016,0.68472,0.64297,0.71111,0.70234,0.73472,0.71484,0.67500,0.69063,0.69861,0.67109,0.73056,0.72422,0.76667,0.74375,0.70833,0.72188,0.73194,0.70312,0.75972,0.74141,0.81250,0.75781,0.78056,0.74687,0.78611,0.73594,0.79583,0.61863,0.79598,0.9996,0.73110,1.00000,0.8696,0.71148,0.93268,0.9935,0.63306,0.86655,0.67891,0.91528,122.93,0.9927,live,0.3734,0.3230,221.14,684.69
155657.494068,80.0,0.9160,3,2,0,0.73438,0.91528,0.70625,0.86806,0.69453,0.79861,0.71250,0.75556,0.74141,0.74583,0.73906,0.71389,0.75938,0.65972,0.75781,0.66111,0.75000,0.69028,0.76562,0.73472,0.79844,0.67639,0.79063,0.68056,0.77734,0.70972,0.78594,0.76667,0.81563,0.71806,0.80859,0.72500,0.79922,0.75000,0.79922,0.81250,0.81563,0.78194,0.81406,0.78611,0.81016,0.79861,0.61869,0.81089,0.9997,0.72935,1.00000,0.8614,0.75699,0.93082,0.9928,0.65332,0.87630,0.73438,0.91528,124.27,0.9953,live,0.3521,0.2549,176.41,692.00
155657.560779,80.0,0.0050,3,3,0,0.77656,0.90972,0.75313,0.84028,0.75234,0.76944,0.78203,0.73472,0.81406,0.73194,0.79531,0.69861,0.81797,0.64722,0.82969,0.64444,0.83281,0.67083,0.82500,0.72083,0.85391,0.66806,0.86172,0.66528,0.86016,0.68889,0.84688,0.75417,0.87734,0.70833,0.88438,0.70417,0.88359,0.72361,0.86328,0.79861,0.88672,0.76806,0.89609,0.76111,0.89922,0.76806,0.61644,0.81151,0.9997,0.74419,1.00000,0.8583,0.79440,0.89618,0.9927,0.67797,0.88298,0.77656,0.90972,138.28,0.9821,live,0.3272,0.2137,151.44,708.52
155657.627489,80.0,0.0939,3,3,0,0.79844,0.88611,0.78047,0.81667,0.78828,0.74722,0.82109,0.71806,0.85469,0.70972,0.83594,0.67917,0.85391,0.63333,0.86250,0.63056,0.86250,0.66111,0.86562,0.70417,0.89609,0.64583,0.90156,0.65278,0.88906,0.69167,0.88672,0.74306,0.92344,0.69167,0.93047,0.69028,0.91719,0.71944,0.90156,0.79306,0.93594,0.76389,0.94219,0.75278,0.92969,0.76250,0.61653,0.81209,0.9997,0.76514,1.00000,0.8592,0.82690,0.85862,0.9930,0.70206,0.88361,0.79844,0.88611,144.67,0.9851,live,0.3041,0.1989,144.71,727.66
155657.693984,80.0,0.1826,3,3,0,0.80156,0.87361,0.78516,0.80833,0.79297,0.73750,0.82109,0.70278,0.85313,0.69167,0.83906,0.67083,0.85547,0.62083,0.86328,0.61528,0.85938,0.64444,0.86797,0.69444,0.89687,0.62778,0.90156,0.63194,0.88750,0.66806,0.88828,0.73194,0.92188,0.67917,0.92734,0.67500,0.91250,0.70139,0.90312,0.78056,0.93750,0.74861,0.94531,0.73750,0.93281,0.74444,0.61628,0.81527,0.9997,0.77340,1.00000,0.8591,0.82715,0.84613,0.9933,0.72196,0.88161,0.80156,0.87361,142.07,0.9865,live,0.2860,0.2034,151.05,742.63
155657.760949,80.0,0.2719,3,3,0,0.80156,0.86944,0.78359,0.80694,0.78984,0.73750,0.81797,0.70278,0.84922,0.68333,0.83437,0.66806,0.84844,0.61944,0.85469,0.61250,0.85313,0.64028,0.86406,0.68889,0.89219,0.62083,0.89531,0.62500,0.88438,0.66250,0.88594,0.72500,0.91953,0.67083,0.92266,0.66806,0.90859,0.69583,0.90078,0.77639,0.93359,0.74167,0.93828,0.72917,0.92500,0.73750,0.61636,0.81525,0.9997,0.77370,1.00000,0.8601,0.82936,0.83625,0.9933,0.73788,0.87918,0.80156,0.86944,140.64,0.9757,live,0.2732,0.2151,162.33,754.78
155657.827391,80.0,0.3605,3,3,0,0.80078,0.86667,0.78203,0.80694,0.78672,0.73750,0.81328,0.70278,0.84531,0.68194,0.83281,0.66944,0.84922,0.61944,0.85391,0.61250,0.84922,0.64028,0.86172,0.68889,0.88984,0.61944,0.89219,0.62639,0.87969,0.66250,0.88281,0.72500,0.91719,0.66667,0.92031,0.66528,0.90469,0.69444,0.89766,0.77361,0.93125,0.73750,0.93516,0.72639,0.92031,0.73750,0.61532,0.81408,0.9997,0.77183,1.00000,0.8604,0.82726,0.82858,0.9936,0.75046,0.87667,0.80078,0.86667,137.63,0.9795,live,0.2659,0.2329,177.76,763.29
155657.894155,80.0,0.4495,3,3,0,0.80078,0.86667,0.78203,0.80556,0.78672,0.73750,0.81328,0.70556,0.84453,0.68889,0.83359,0.67222,0.84766,0.62083,0.85234,0.61528,0.84844,0.64306,0.86172,0.69028,0.88828,0.62222,0.88984,0.62778,0.87813,0.66389,0.88203,0.72500,0.91641,0.66667,0.91797,0.66528,0.90234,0.69306,0.89844,0.77361,0.93281,0.73889,0.93516,0.72778,0.91797,0.74028,0.61532,0.81391,0.9997,0.77046,1.00000,0.8610,0.82340,0.82812,0.9937,0.76053,0.87467,0.80078,0.86667,136.89,0.9807,live,0.2599,0.2325,179.08,770.26
155657.960965,80.0,0.5385,3,3,0,0.80000,0.86944,0.78203,0.80833,0.78672,0.74028,0.81328,0.70972,0.84375,0.69306,0.83281,0.67361,0.84844,0.62222,0.85313,0.62083,0.84844,0.65000,0.86094,0.69306,0.88828,0.62500,0.88984,0.63333,0.87813,0.66944,0.88203,0.72778,0.91563,0.67083,0.91797,0.66944,0.90312,0.69861,0.89844,0.77639,0.93281,0.74167,0.93594,0.73056,0.91953,0.74306,0.61509,0.81343,0.9997,0.77026,1.00000,0.8629,0.82218,0.82959,0.9940,0.76842,0.87363,0.80000,0.86944,137.70,0.9806,live,0.2534,0.2236,173.70,776.98
155658.027675,80.0,0.6275,3,3,0,0.80000,0.86667,0.78047,0.80972,0.78359,0.74028,0.80937,0.70556,0.83984,0.68750,0.82891,0.67083,0.84297,0.62083,0.84922,0.61667,0.84531,0.64583,0.85859,0.68889,0.88594,0.61944,0.88828,0.62639,0.87578,0.66389,0.88047,0.72500,0.91328,0.66806,0.91641,0.66806,0.90078,0.69722,0.89531,0.77361,0.92891,0.73750,0.93281,0.72917,0.91797,0.74167,0.61518,0.81515,0.9998,0.76890,1.00000,0.8629,0.82231,0.83058,0.9940,0.77474,0.87223,0.80000,0.86667,136.50,0.9739,live,0.2436,0.1990,155.63,782.02
155658.094179,80.0,0.7162,3,3,0,0.78750,0.84306,0.76875,0.78056,0.77031,0.71250,0.79688,0.67500,0.82500,0.65417,0.81563,0.64167,0.83125,0.58611,0.83750,0.58750,0.83359,0.62361,0.84531,0.66111,0.87187,0.59167,0.87422,0.59861,0.86250,0.63750,0.86797,0.69583,0.89844,0.63611,0.90000,0.63611,0.88516,0.66250,0.88594,0.74444,0.91719,0.70556,0.91953,0.69583,0.90547,0.70556,0.61559,0.81547,0.9998,0.77706,1.00000,0.8633,0.82248,0.81392,0.9942,0.77729,0.86640,0.78750,0.84306,140.25,0.9870,live,0.2289,0.1619,127.73,789.16
155658.161072,80.0,0.8054,3,3,0,0.77266,0.78333,0.75156,0.71944,0.75078,0.64861,0.76953,0.60417,0.79141,0.57361,0.79766,0.57083,0.80781,0.51667,0.80859,0.51528,0.80391,0.54444,0.82344,0.58333,0.84375,0.51806,0.84062,0.51389,0.82969,0.54167,0.84531,0.61389,0.87187,0.55417,0.86562,0.54861,0.85078,0.57500,0.86250,0.65972,0.88984,0.61528,0.88516,0.60278,0.86875,0.61806,0.61568,0.81396,0.9998,0.78637,1.00000,0.8660,0.81139,0.80269,0.9945,0.77636,0.84979,0.77266,0.78333,141.13,0.9766,live,0.2101,0.1248,99.32,796.07
155658.227855,80.0,0.8944,3,3,0,0.73750,0.65833,0.70859,0.59444,0.70312,0.52083,0.71797,0.47083,0.73516,0.43611,0.74844,0.45000,0.75547,0.40278,0.74375,0.39167,0.72969,0.39306,0.77422,0.45556,0.78281,0.39306,0.76953,0.38889,0.75625,0.39861,0.79531,0.47083,0.80547,0.41111,0.79453,0.40972,0.78281,0.42500,0.81406,0.49861,0.82109,0.44722,0.81250,0.44028,0.80469,0.45000,0.61624,0.81519,0.9998,0.81809,1.00000,0.8686,0.78357,0.67497,0.9949,0.76859,0.81150,0.73750,0.65833,136.53,0.9458,live,0.1919,0.1089,86.97,798.85
155658.294221,80.0,0.9829,3,3,0,0.71016,0.56528,0.68359,0.47778,0.67969,0.40278,0.68906,0.34167,0.69531,0.29306,0.71016,0.36389,0.71094,0.30278,0.70156,0.26806,0.69063,0.24861,0.72656,0.36250,0.72891,0.30000,0.71797,0.26944,0.70312,0.25833,0.74219,0.36944,0.74844,0.31528,0.73516,0.28194,0.71953,0.26944,0.75703,0.38611,0.76406,0.33750,0.75547,0.30972,0.74375,0.29583,0.61545,0.81216,0.9998,0.80052,1.00000,0.8720,0.74031,0.55228,0.9952,0.75690,0.76225,0.71016,0.56528,124.22,0.9041,live,0.1797,0.1238,98.14,792.42
155658.361448,80.0,0.0725,3,1,1,0.68437,0.46528,0.64453,0.38750,0.63359,0.31389,0.63359,0.25556,0.63438,0.20417,0.65781,0.28056,0.64766,0.21806,0.63672,0.18333,0.62891,0.15139,0.67578,0.27639,0.66641,0.21667,0.65547,0.18333,0.64453,0.15139,0.69297,0.28056,0.69063,0.22778,0.67969,0.18472,0.66875,0.15417,0.71172,0.29167,0.71094,0.24722,0.70391,0.21528,0.69453,0.18889,0.61151,0.80194,0.9998,0.78204,0.88729,0.8781,0.69499,0.43827,0.9954,0.74240,0.70286,0.68437,0.46528,118.25,0.9201,live,0.1797,0.1698,132.88,782.47
155658.428032,80.0,0.1613,3,1,1,0.64609,0.38194,0.60234,0.31111,0.59141,0.24306,0.59453,0.18194,0.59688,0.13472,0.61406,0.20833,0.60547,0.15417,0.59688,0.12222,0.58906,0.09028,0.62969,0.19861,0.62266,0.14722,0.61250,0.11111,0.60234,0.08194,0.64609,0.19861,0.64297,0.14722,0.63359,0.10833,0.62344,0.08056,0.66484,0.20417,0.66094,0.15278,0.65312,0.12222,0.64297,0.10000,0.60792,0.78983,0.9998,0.76186,0.81589,0.8840,0.66668,0.35321,0.9958,0.72314,0.63867,0.64609,0.38194,115.13,0.9541,live,0.1901,0.2379,183.51,771.47
155658.494810,80.0,0.2503,3,1,1,0.62500,0.32361,0.58281,0.26389,0.57109,0.20278,0.57031,0.14444,0.57266,0.09861,0.59297,0.16806,0.58516,0.11806,0.57344,0.08611,0.56172,0.05694,0.60859,0.15278,0.60078,0.09861,0.58828,0.06389,0.57422,0.03611,0.62344,0.14861,0.61875,0.09306,0.60703,0.05972,0.59297,0.03750,0.64141,0.15139,0.63750,0.10139,0.62969,0.07361,0.61797,0.05556,0.60245,0.78659,0.9998,0.74933,0.77767,0.8907,0.64663,0.30979,0.9961,0.70351,0.57566,0.62500,0.32361,108.24,0.9712,live,0.2117,0.3097,234.40,756.82
155658.561531,80.0,0.3393,3,1,1,0.61016,0.28889,0.57266,0.25000,0.55937,0.19444,0.55781,0.13889,0.56172,0.09583,0.58203,0.14722,0.57422,0.10139,0.56328,0.07639,0.55156,0.05694,0.59688,0.13333,0.58906,0.08333,0.57656,0.05417,0.56172,0.03056,0.61172,0.12917,0.60625,0.07639,0.59531,0.04722,0.58125,0.02500,0.62969,0.13194,0.62578,0.08750,0.61641,0.06111,0.60391,0.04167,0.59858,0.78063,0.9998,0.74059,0.77971,0.8962,0.64258,0.31178,0.9963,0.68484,0.51831,0.61016,0.28889,99.79,0.9809,live,0.2421,0.3808,280.96,737.85
155658.627744,80.0,0.4276,3,1,1,0.60391,0.28472,0.56719,0.24722,0.55312,0.19583,0.55078,0.14306,0.55391,0.10139,0.57734,0.15556,0.56875,0.10972,0.55703,0.08194,0.54453,0.05972,0.59219,0.14028,0.58359,0.08889,0.57109,0.05833,0.55703,0.03333,0.60703,0.13472,0.60000,0.08194,0.58906,0.05139,0.57422,0.02917,0.62422,0.13472,0.61875,0.08750,0.60938,0.06250,0.59609,0.04306,0.59809,0.78013,0.9998,0.73693,0.77943,0.9014,0.63141,0.30364,0.9965,0.66865,0.47159,0.60391,0.28472,94.26,0.9744,live,0.2779,0.4412,316.45,717.18
155658.694728,80.0,0.5169,3,1,1,0.60313,0.28889,0.56484,0.25000,0.55156,0.20000,0.54922,0.14722,0.55312,0.10417,0.57734,0.16111,0.56797,0.11389,0.55547,0.08611,0.54141,0.06528,0.59141,0.14722,0.58359,0.09444,0.57031,0.06250,0.55391,0.03889,0.60625,0.14167,0.60000,0.08472,0.58828,0.05417,0.57266,0.03333,0.62344,0.14167,0.61719,0.09167,0.60703,0.06528,0.59375,0.04444,0.59527,0.77958,0.9998,0.73388,0.77559,0.9046,0.62708,0.31041,0.9966,0.65555,0.43505,0.60313,0.28889,92.65,0.9743,live,0.3147,0.4819,336.28,697.83
155658.761168,80.0,0.6055,3,1,1,0.60391,0.30833,0.56563,0.26944,0.55312,0.21250,0.55156,0.15972,0.55547,0.11806,0.57812,0.17083,0.56953,0.12361,0.55703,0.09861,0.54375,0.08056,0.59453,0.15694,0.58516,0.10417,0.57188,0.07361,0.55625,0.05139,0.60938,0.15278,0.60391,0.09722,0.59141,0.06528,0.57578,0.04444,0.62656,0.15556,0.62187,0.10694,0.61094,0.07917,0.59688,0.05833,0.59365,0.77875,0.9998,0.73109,0.78831,0.9089,0.62856,0.32034,0.9969,0.64522,0.40971,0.60391,0.30833,97.69,0.9721,live,0.3447,0.4815,329.58,684.42
155658.827949,80.0,0.6945,3,1,1,0.60391,0.34861,0.57031,0.31389,0.55625,0.24861,0.55469,0.19167,0.55859,0.14861,0.58047,0.19861,0.57109,0.15000,0.55859,0.12500,0.54453,0.10694,0.59688,0.18611,0.58906,0.13333,0.57578,0.10139,0.56016,0.07778,0.61406,0.18472,0.60859,0.12778,0.59609,0.09722,0.58125,0.07639,0.63125,0.19167,0.62734,0.14028,0.61719,0.11389,0.60313,0.09444,0.59343,0.77889,0.9997,0.72907,0.82659,0.9102,0.63129,0.33186,0.9971,0.63696,0.39749,0.60391,0.34861,103.23,0.9727,live,0.3636,0.4496,304.22,676.62
155658.894690,80.0,0.7835,3,1,1,0.60469,0.41528,0.57344,0.38611,0.55625,0.31944,0.55391,0.26250,0.56172,0.21944,0.58359,0.25417,0.57500,0.20278,0.56016,0.18333,0.54375,0.17361,0.60156,0.24444,0.59375,0.18472,0.57891,0.15694,0.56094,0.14444,0.61953,0.24861,0.61484,0.18194,0.60078,0.15556,0.58281,0.14444,0.63750,0.26250,0.63438,0.20833,0.62266,0.18056,0.60703,0.16667,0.59277,0.78270,0.9997,0.73055,0.92171,0.9118,0.63249,0.40322,0.9972,0.63050,0.40105,0.60469,0.41528,107.29,0.9859,live,0.3684,0.3901,262.40,672.67
155658.961379,80.0,0.8724,3,1,1,0.61406,0.57083,0.58203,0.52917,0.56250,0.45833,0.55859,0.40556,0.56328,0.36111,0.59062,0.38750,0.58281,0.32778,0.57188,0.29444,0.56016,0.28611,0.61172,0.38194,0.60859,0.31389,0.59609,0.28472,0.57734,0.28472,0.63203,0.39306,0.63203,0.32361,0.61875,0.29444,0.60078,0.29306,0.65156,0.41667,0.64922,0.35972,0.63906,0.33194,0.62500,0.32361,0.59654,0.79442,0.9997,0.73286,1.00000,0.9107,0.63269,0.56334,0.9972,0.62721,0.43500,0.61406,0.57083,118.28,0.9843,live,0.3684,0.3910,264.72,677.11
155659.028154,80.0,0.9615,3,1,1,0.61641,0.73889,0.58516,0.70000,0.56563,0.63889,0.55781,0.59583,0.56094,0.55556,0.59688,0.54583,0.59531,0.47083,0.57344,0.46944,0.55937,0.48889,0.61875,0.55278,0.62109,0.46528,0.60000,0.47778,0.59062,0.51389,0.63828,0.57222,0.64297,0.49028,0.62187,0.50556,0.61094,0.54028,0.65781,0.60556,0.65859,0.54722,0.63984,0.55139,0.62891,0.57500,0.60409,0.79671,0.9997,0.73331,1.00000,0.9074,0.63372,0.72024,0.9971,0.62505,0.49578,0.61641,0.73889,118.50,0.9905,live,0.3451,0.2392,162.92,681.18
155659.094853,80.0,0.0504,3,2,0,0.61641,0.77917,0.58828,0.76667,0.56797,0.73750,0.55859,0.71528,0.55937,0.68889,0.59531,0.64167,0.58594,0.59722,0.56719,0.61806,0.55391,0.64861,0.62031,0.65139,0.61797,0.58889,0.59297,0.61111,0.57734,0.64722,0.64297,0.67917,0.64687,0.62500,0.62187,0.64722,0.60547,0.67917,0.66641,0.71944,0.66641,0.69028,0.64844,0.70278,0.63203,0.72083,0.60532,0.78062,0.9997,0.72284,1.00000,0.9000,0.63401,0.83773,0.9968,0.62332,0.55246,0.61641,0.77917,94.68,0.9798,live,0.3198,0.2046,136.56,667.60
155659.161766,80.0,0.1396,3,2,0,0.62891,0.80417,0.60078,0.79306,0.57656,0.77361,0.56172,0.77083,0.55859,0.77222,0.60391,0.69028,0.58516,0.65694,0.56563,0.67778,0.54844,0.70139,0.62813,0.70833,0.62031,0.65278,0.59375,0.68333,0.57500,0.72361,0.64922,0.74306,0.64687,0.69444,0.62109,0.71944,0.60313,0.74861,0.66563,0.78889,0.66094,0.76667,0.64219,0.78333,0.62734,0.79861,0.60987,0.77502,0.9997,0.70748,1.00000,0.9028,0.63442,0.89814,0.9968,0.62444,0.60280,0.62891,0.80417,77.88,0.9988,live,0.3067,0.2468,158.80,643.56
155659.228416,80.0,0.2285,3,2,0,0.61719,0.85972,0.58594,0.84444,0.56172,0.81389,0.54922,0.79028,0.55312,0.76667,0.59375,0.71528,0.57891,0.67500,0.55781,0.68750,0.53828,0.70972,0.61953,0.72917,0.61406,0.67361,0.58906,0.69444,0.57109,0.72917,0.64062,0.76250,0.63984,0.70833,0.61562,0.72778,0.59766,0.75556,0.65781,0.80694,0.65547,0.77639,0.63594,0.78750,0.61875,0.80556,0.61044,0.77110,0.9997,0.69937,1.00000,0.9043,0.63049,0.91235,0.9967,0.62299,0.65418,0.61719,0.85972,92.99,0.9988,live,0.3067,0.2992,189.46,633.29
155659.294984,80.0,0.3172,3,2,0,0.60078,0.88611,0.57344,0.87222,0.55156,0.81944,0.54141,0.78056,0.54844,0.74583,0.58516,0.72917,0.57734,0.67500,0.55469,0.67500,0.53438,0.69167,0.61016,0.73750,0.61094,0.66389,0.58359,0.67917,0.56328,0.71389,0.63203,0.76667,0.63516,0.69861,0.60703,0.71528,0.58672,0.74583,0.65078,0.80972,0.65234,0.76250,0.62969,0.76806,0.61016,0.78472,0.60758,0.77563,0.9997,0.69669,1.00000,0.9064,0.62543,0.89848,0.9967,0.61855,0.70057,0.60078,0.88611,102.22,0.9990,live,0.3145,0.3501,220.87,630.89
155659.361616,80.0,0.4061,3,2,0,0.60000,0.88750,0.57109,0.86111,0.54922,0.80556,0.53906,0.76806,0.54297,0.72778,0.58047,0.70972,0.57266,0.65139,0.54922,0.65417,0.52891,0.67222,0.60469,0.71944,0.60234,0.64306,0.57344,0.66111,0.55234,0.69583,0.62578,0.74583,0.62734,0.67500,0.59766,0.69444,0.57812,0.72361,0.64531,0.78750,0.64375,0.73889,0.61953,0.74722,0.60078,0.76528,0.60782,0.77457,0.9997,0.69361,1.00000,0.9073,0.62101,0.87793,0.9968,0.61484,0.73796,0.60000,0.88750,111.04,0.9997,live,0.3278,0.3885,246.77,635.13
155659.428253,80.0,0.4949,3,2,0,0.60078,0.88611,0.56953,0.85278,0.54844,0.79444,0.53906,0.75556,0.54219,0.71528,0.57969,0.70139,0.57031,0.64167,0.54766,0.64444,0.52734,0.66111,0.60234,0.71250,0.59922,0.63194,0.56875,0.64722,0.54844,0.68056,0.62344,0.74028,0.62578,0.66667,0.59453,0.68333,0.57500,0.71111,0.64141,0.78194,0.64141,0.72778,0.61562,0.73333,0.59688,0.75139,0.60693,0.77340,0.9997,0.69494,1.00000,0.9100,0.61308,0.86749,0.9968,0.61203,0.76759,0.60078,0.88611,112.50,0.9995,live,0.3433,0.4141,264.97,639.92
155659.495195,80.0,0.5842,3,2,0,0.60547,0.88750,0.57422,0.84861,0.55312,0.78889,0.54375,0.75000,0.54609,0.70972,0.58594,0.70000,0.57734,0.63472,0.55312,0.63611,0.53203,0.65556,0.60859,0.71111,0.60313,0.62778,0.57266,0.64028,0.55234,0.67083,0.62891,0.73889,0.63047,0.65972,0.60000,0.67639,0.57969,0.70278,0.64766,0.78056,0.64766,0.72500,0.62344,0.72778,0.60469,0.74306,0.60675,0.77537,0.9997,0.69546,1.00000,0.9120,0.61354,0.87049,0.9969,0.61072,0.79157,0.60547,0.88750,114.10,0.9992,live,0.3534,0.3992,257.59,645.28
155659.561352,80.0,0.6724,3,2,0,0.62187,0.89583,0.59219,0.85417,0.57109,0.79028,0.56172,0.74583,0.56953,0.70972,0.60469,0.70278,0.60000,0.63750,0.57656,0.64028,0.55625,0.65694,0.62656,0.71389,0.62656,0.63472,0.59688,0.64444,0.57734,0.67222,0.64844,0.74028,0.65234,0.66250,0.62422,0.67778,0.60547,0.70556,0.66797,0.78194,0.67031,0.72639,0.64766,0.73333,0.62969,0.75417,0.60937,0.77744,0.9997,0.70176,1.00000,0.9047,0.63928,0.87674,0.9965,0.61295,0.81242,0.62187,0.89583,117.98,0.9975,live,0.3649,0.4175,272.56,652.79
155659.628354,80.0,0.7617,3,2,0,0.65703,0.91111,0.62656,0.85694,0.60703,0.79444,0.60234,0.74861,0.61875,0.73333,0.64609,0.70694,0.65000,0.65000,0.62891,0.65000,0.61094,0.66528,0.66953,0.72222,0.68125,0.64583,0.65547,0.65694,0.63750,0.68611,0.69141,0.75278,0.70469,0.68194,0.68047,0.69306,0.66328,0.71944,0.71094,0.79861,0.72109,0.75000,0.70312,0.75139,0.68828,0.76528,0.61152,0.79249,0.9997,0.71981,1.00000,0.8992,0.68785,0.90489,0.9960,0.62176,0.83216,0.65703,0.91111,124.26,0.9966,live,0.3541,0.3045,202.15,663.93
155659.695200,80.0,0.8509,3,2,0,0.70391,0.93472,0.67422,0.87778,0.65859,0.80694,0.66875,0.75972,0.69531,0.74028,0.70078,0.72500,0.71406,0.66944,0.70859,0.66389,0.70234,0.68472,0.72656,0.74167,0.75391,0.67778,0.74375,0.66944,0.73125,0.69167,0.74844,0.77639,0.77578,0.71944,0.76641,0.71667,0.75469,0.73611,0.76406,0.82778,0.78672,0.79444,0.78281,0.78333,0.77578,0.78611,0.60957,0.80315,0.9997,0.71945,1.00000,0.8790,0.72372,0.92026,0.9954,0.63819,0.85267,0.70391,0.93472,127.91,0.9802,live,0.3391,0.2710,183.31,676.35
155659.761971,80.0,0.9399,3,2,0,0.75078,0.93750,0.72813,0.87361,0.72266,0.80278,0.74297,0.75694,0.77266,0.74167,0.76406,0.72778,0.78047,0.67083,0.79141,0.65694,0.79609,0.67778,0.79141,0.74722,0.82109,0.68889,0.82891,0.67222,0.82734,0.69167,0.81172,0.78333,0.84062,0.73611,0.84844,0.72222,0.84922,0.73889,0.82578,0.83194,0.84688,0.80556,0.85781,0.79167,0.86484,0.79167,0.61002,0.80512,0.9997,0.73071,1.00000,0.8779,0.77280,0.91991,0.9948,0.66071,0.86964,0.75078,0.93750,132.47,0.9848,live,0.3218,0.2430,167.81,690.57
155659.828518,80.0,0.0286,3,3,0,0.77422,0.92222,0.75938,0.85139,0.76484,0.78056,0.79453,0.74167,0.82500,0.73333,0.81563,0.71250,0.83125,0.66389,0.84062,0.65000,0.84141,0.66806,0.84297,0.73472,0.87109,0.67917,0.88047,0.66667,0.87422,0.69028,0.86406,0.77361,0.89531,0.72500,0.90391,0.70972,0.89297,0.73194,0.87813,0.82083,0.90547,0.79306,0.91719,0.77500,0.91406,0.78056,0.60963,0.80466,0.9997,0.73311,1.00000,0.8709,0.79735,0.90500,0.9946,0.68341,0.88015,0.77422,0.92222,146.16,0.9898,live,0.3041,0.2234,159.30,712.93
155659.895012,80.0,0.1173,3,3,0,0.78906,0.90833,0.77734,0.82917,0.78359,0.76389,0.81172,0.72500,0.84141,0.70417,0.82969,0.69722,0.84688,0.65000,0.85859,0.63750,0.86094,0.65417,0.85938,0.72222,0.88516,0.66667,0.89531,0.65556,0.89062,0.67222,0.87969,0.75972,0.90859,0.71250,0.91719,0.69861,0.90781,0.71944,0.89453,0.80833,0.92188,0.77500,0.93437,0.75556,0.93047,0.76111,0.60975,0.80708,0.9997,0.73669,1.00000,0.8672,0.79893,0.90318,0.9945,0.70454,0.88579,0.78906,0.90833,147.59,0.9893,live,0.2887,0.2187,160.48,733.64
155659.961903,80.0,0.2065,3,3,0,0.79063,0.90000,0.77812,0.82500,0.78516,0.75694,0.81328,0.71528,0.84297,0.69028,0.82969,0.69167,0.84297,0.64444,0.85234,0.63194,0.85469,0.64444,0.85859,0.71389,0.88359,0.65278,0.89219,0.64167,0.88672,0.65972,0.87891,0.74861,0.90703,0.70139,0.91563,0.68333,0.90547,0.70139,0.89375,0.79722,0.92031,0.76528,0.93125,0.74306,0.92500,0.74722,0.60945,0.80895,0.9997,0.74238,1.00000,0.8635,0.80551,0.87976,0.9943,0.72176,0.88863,0.79063,0.90000,145.25,0.9892,live,0.2768,0.2222,166.73,750.19
155660.028768,80.0,0.2956,3,3,0,0.78594,0.89722,0.77422,0.82361,0.78047,0.75833,0.80547,0.71389,0.83281,0.69028,0.82109,0.68889,0.83594,0.63611,0.84531,0.62778,0.84609,0.64861,0.85078,0.71111,0.87422,0.64722,0.88203,0.63889,0.87578,0.65833,0.87266,0.74583,0.89844,0.69722,0.90625,0.67917,0.89531,0.70000,0.88828,0.79306,0.91406,0.75833,0.92500,0.73889,0.92109,0.74306,0.60947,0.80884,0.9997,0.74608,1.00000,0.8592,0.80928,0.86678,0.9941,0.73459,0.89035,0.78594,0.89722,144.82,0.9888,live,0.2679,0.2273,173.79,764.44
155660.095073,80.0,0.3840,3,3,0,0.78047,0.89861,0.76875,0.82500,0.77422,0.75833,0.79844,0.71389,0.82734,0.69028,0.81328,0.69028,0.82891,0.63333,0.83750,0.62500,0.83437,0.65417,0.84297,0.71111,0.86797,0.64444,0.87344,0.63750,0.86328,0.66667,0.86484,0.74444,0.89297,0.69167,0.89766,0.67778,0.88594,0.70278,0.88125,0.79306,0.90781,0.75972,0.91875,0.73889,0.91484,0.74306,0.60966,0.80900,0.9997,0.74537,1.00000,0.8547,0.80786,0.86456,0.9940,0.74377,0.89200,0.78047,0.89861,144.16,0.9845,live,0.2625,0.2383,185.02,776.50
155660.161697,80.0,0.4729,3,3,0,0.77578,0.89861,0.76172,0.82639,0.76641,0.75972,0.79141,0.71667,0.81953,0.69028,0.80703,0.69167,0.82266,0.63333,0.82891,0.62639,0.82422,0.65833,0.83672,0.71111,0.86172,0.64444,0.86484,0.63889,0.85313,0.67361,0.85938,0.74444,0.88828,0.68889,0.88984,0.67639,0.87656,0.70278,0.87578,0.79306,0.90469,0.75694,0.91406,0.73611,0.90859,0.74167,0.60892,0.81188,0.9997,0.74493,1.00000,0.8535,0.80344,0.86364,0.9940,0.75017,0.89332,0.77578,0.89861,143.35,0.9788,live,0.2542,0.2163,170.16,786.53
155660.228770,80.0,0.5623,3,3,0,0.77109,0.89306,0.75547,0.82639,0.75859,0.75556,0.78125,0.71111,0.81172,0.68611,0.79844,0.68472,0.81563,0.62500,0.82188,0.61806,0.81563,0.65139,0.82812,0.70556,0.85313,0.63750,0.85391,0.63750,0.83984,0.67361,0.85156,0.74028,0.88047,0.68333,0.88281,0.67222,0.86797,0.70139,0.86953,0.78889,0.89844,0.75139,0.90469,0.73056,0.89375,0.73750,0.60860,0.81136,0.9997,0.73909,1.00000,0.8484,0.80129,0.86313,0.9939,0.75436,0.89327,0.77109,0.89306,143.01,0.9755,live,0.2428,0.1906,151.54,795.12
155660.295424,80.0,0.6512,3,3,0,0.76250,0.86667,0.74453,0.80139,0.74375,0.73333,0.76406,0.68611,0.78906,0.65139,0.78281,0.65556,0.79531,0.60278,0.80234,0.60000,0.80078,0.63056,0.81250,0.67361,0.83359,0.60694,0.83750,0.60556,0.82734,0.64028,0.83594,0.70694,0.86328,0.64722,0.86641,0.64028,0.85391,0.66806,0.85469,0.75556,0.88281,0.71806,0.88750,0.70556,0.87734,0.71667,0.60916,0.81053,0.9998,0.73599,1.00000,0.8474,0.80062,0.85163,0.9940,0.75598,0.88795,0.76250,0.86667,141.66,0.9834,live,0.2267,0.1536,123.14,801.69
155660.362021,80.0,0.7400,3,3,0,0.74375,0.80972,0.72031,0.74306,0.71797,0.66944,0.73594,0.61806,0.75313,0.57639,0.76406,0.59028,0.77109,0.54028,0.77266,0.53194,0.77031,0.55000,0.78984,0.60000,0.80469,0.53889,0.80234,0.52917,0.79219,0.55139,0.81328,0.62778,0.83281,0.56806,0.82969,0.55417,0.81719,0.57500,0.83203,0.66944,0.85625,0.62500,0.85469,0.60417,0.84141,0.60972,0.60903,0.80699,0.9998,0.76804,1.00000,0.8474,0.78612,0.80765,0.9941,0.75354,0.87230,0.74375,0.80972,144.45,0.9661,live,0.2068,0.1163,94.12,809.50
155660.429042,80.0,0.8293,3,3,0,0.72969,0.73333,0.70547,0.66389,0.69609,0.59028,0.70391,0.52778,0.71562,0.47778,0.73359,0.51250,0.73516,0.45000,0.72969,0.42500,0.72188,0.41806,0.75391,0.51111,0.76094,0.44861,0.75547,0.42361,0.74609,0.41944,0.77187,0.52222,0.78203,0.46806,0.77891,0.43889,0.77031,0.43750,0.78984,0.54583,0.80156,0.50139,0.80000,0.47778,0.79297,0.47639,0.60923,0.80849,0.9998,0.79553,1.00000,0.8501,0.75379,0.70407,0.9944,0.74877,0.84451,0.72969,0.73333,138.34,0.9147,live,0.1862,0.0919,74.64,811.96
155660.495507,80.0,0.9179,3,3,0,0.69922,0.62778,0.66953,0.55000,0.65859,0.47917,0.66094,0.41667,0.66328,0.36111,0.68516,0.42500,0.67891,0.36111,0.66953,0.32361,0.66250,0.29306,0.70391,0.42083,0.69922,0.35694,0.69063,0.32222,0.68281,0.28889,0.72031,0.42639,0.72031,0.37222,0.71250,0.33333,0.70391,0.30556,0.73828,0.44167,0.74141,0.39583,0.73672,0.36528,0.73047,0.33889,0.60914,0.80848,0.9998,0.78604,1.00000,0.8536,0.70938,0.57988,0.9946,0.73886,0.80116,0.69922,0.62778,127.08,0.8980,live,0.1704,0.0986,79.51,806.02
155660.562299,80.0,0.0070,3,1,1,0.66563,0.52361,0.62734,0.45000,0.61094,0.38056,0.61250,0.31667,0.61797,0.26250,0.63438,0.33472,0.62578,0.27222,0.62031,0.23889,0.61641,0.20833,0.65312,0.32917,0.64844,0.27222,0.64375,0.23750,0.64062,0.20972,0.67188,0.33194,0.67266,0.28056,0.66953,0.23750,0.66563,0.20139,0.69297,0.34306,0.69297,0.29722,0.68750,0.26667,0.68203,0.23889,0.60807,0.80173,0.9998,0.78507,0.94152,0.8603,0.67766,0.47710,0.9949,0.72421,0.74565,0.66563,0.52361,123.14,0.9287,live,0.1654,0.1427,113.84,797.96
155660.629056,80.0,0.0960,3,1,1,0.63672,0.43611,0.59453,0.37083,0.57969,0.30556,0.57969,0.24306,0.58281,0.19167,0.59766,0.25833,0.58906,0.20417,0.58437,0.17083,0.57969,0.13611,0.61406,0.25000,0.60703,0.19583,0.59922,0.15972,0.59219,0.12639,0.63125,0.25000,0.62813,0.19722,0.62187,0.15694,0.61406,0.12361,0.65078,0.25694,0.64687,0.20556,0.63984,0.17639,0.63203,0.15000,0.60692,0.79789,0.9997,0.77025,0.86665,0.8673,0.65416,0.39804,0.9952,0.70671,0.68374,0.63672,0.43611,118.19,0.9336,live,0.1730,0.2077,163.55,787.30
155660.695725,80.0,0.1849,3,1,1,0.62031,0.37222,0.57969,0.31528,0.56563,0.25556,0.56563,0.19583,0.57266,0.15139,0.58437,0.20972,0.57656,0.16250,0.56797,0.13194,0.55937,0.10000,0.60078,0.19861,0.59453,0.14306,0.58516,0.10694,0.57500,0.07500,0.61719,0.19722,0.61250,0.14167,0.60313,0.10694,0.59219,0.07917,0.63594,0.20417,0.63125,0.15278,0.62266,0.12361,0.61172,0.10000,0.60223,0.79177,0.9997,0.75342,0.84063,0.8750,0.63920,0.36887,0.9956,0.68943,0.62144,0.62031,0.37222,110.49,0.9583,live,0.1916,0.2764,213.49,772.38
155660.762435,80.0,0.2738,3,1,1,0.61016,0.33472,0.57266,0.29722,0.55859,0.24028,0.56016,0.18472,0.56484,0.14167,0.57891,0.19306,0.57266,0.14861,0.56406,0.12361,0.55547,0.10000,0.59531,0.18194,0.58984,0.12778,0.58203,0.09583,0.57266,0.06806,0.61094,0.18056,0.60781,0.12500,0.59922,0.09306,0.58906,0.06944,0.62813,0.18611,0.62422,0.13750,0.61641,0.10833,0.60547,0.08472,0.59722,0.78888,0.9997,0.74061,0.80893,0.8801,0.63772,0.35253,0.9959,0.67358,0.56410,0.61016,0.33472,98.46,0.9757,live,0.2194,0.3456,259.42,750.58
155660.829234,80.0,0.3629,3,1,1,0.60781,0.33194,0.57188,0.29722,0.55703,0.24444,0.55625,0.19028,0.56250,0.14722,0.57969,0.20417,0.57109,0.16111,0.56172,0.13472,0.55234,0.10833,0.59531,0.19028,0.58984,0.13750,0.58125,0.10417,0.57109,0.07639,0.61094,0.18611,0.60703,0.13056,0.59766,0.09861,0.58672,0.07361,0.62813,0.18611,0.62187,0.14028,0.61328,0.11111,0.60313,0.08889,0.59684,0.78752,0.9997,0.73580,0.81525,0.8865,0.63659,0.35346,0.9962,0.66042,0.51767,0.60781,0.33194,93.39,0.9675,live,0.2524,0.4031,293.32,727.75
155660.895657,80.0,0.4515,3,1,1,0.60469,0.34306,0.56875,0.30833,0.55547,0.25833,0.55391,0.20417,0.55937,0.16250,0.58047,0.21806,0.57109,0.17639,0.56016,0.15139,0.54844,0.12778,0.59688,0.20278,0.59141,0.15000,0.58203,0.11528,0.57109,0.08750,0.61250,0.20000,0.60859,0.14444,0.59844,0.10972,0.58672,0.08472,0.62891,0.20000,0.62500,0.15417,0.61562,0.12361,0.60391,0.10139,0.59490,0.78681,0.9997,0.73578,0.82997,0.8915,0.63651,0.36732,0.9965,0.64928,0.48274,0.60469,0.34306,91.90,0.9741,live,0.2861,0.4396,310.61,706.59
155660.962460,80.0,0.5405,3,1,1,0.60313,0.36111,0.56719,0.32639,0.55312,0.27361,0.55078,0.21944,0.55547,0.17500,0.57969,0.22917,0.57266,0.18750,0.56172,0.16528,0.54922,0.14722,0.59766,0.21667,0.59297,0.16667,0.58203,0.13472,0.56875,0.10972,0.61406,0.21389,0.61172,0.15972,0.60156,0.12778,0.58828,0.10556,0.63125,0.21806,0.62969,0.17222,0.62109,0.14444,0.60938,0.12639,0.59478,0.78774,0.9997,0.73524,0.83614,0.8975,0.63429,0.37937,0.9968,0.64005,0.45842,0.60313,0.36111,94.86,0.9785,live,0.3157,0.4505,310.87,690.10
155661.029127,80.0,0.6294,3,1,1,0.60234,0.39306,0.56797,0.35972,0.55234,0.30139,0.55000,0.24444,0.55234,0.19722,0.58203,0.25278,0.57734,0.20972,0.56719,0.19028,0.55625,0.18056,0.60000,0.24028,0.59688,0.18611,0.58594,0.15972,0.57031,0.15417,0.61797,0.23889,0.61641,0.18056,0.60391,0.15417,0.58750,0.14861,0.63672,0.24444,0.63672,0.19444,0.62656,0.16806,0.61172,0.15972,0.59269,0.78809,0.9997,0.73550,0.87099,0.8992,0.63218,0.39425,0.9969,0.63251,0.44535,0.60234,0.39306,100.07,0.9825,live,0.3357,0.4270,290.11,679.34
155661.095910,80.0,0.7185,3,1,1,0.59844,0.44028,0.56797,0.41944,0.54922,0.35556,0.54531,0.30000,0.54844,0.25556,0.57891,0.28472,0.57734,0.21667,0.56172,0.21250,0.55391,0.23611,0.59766,0.27917,0.59609,0.20278,0.57891,0.20000,0.57188,0.23472,0.61719,0.28472,0.61719,0.20833,0.60000,0.20278,0.59297,0.23194,0.63828,0.29722,0.63828,0.23611,0.62344,0.22083,0.61172,0.23611,0.59171,0.79019,0.9997,0.73558,0.92559,0.9040,0.62908,0.45153,0.9971,0.62569,0.44433,0.59844,0.44028,105.56,0.9781,live,0.3423,0.3724,250.94,673.82
155661.162585,80.0,0.8074,3,1,1,0.60000,0.50556,0.57031,0.49028,0.54609,0.43611,0.53672,0.38611,0.54219,0.34028,0.57344,0.34722,0.57031,0.27500,0.55625,0.29306,0.55234,0.32917,0.59609,0.34306,0.59531,0.26111,0.57734,0.28611,0.57422,0.32778,0.61797,0.35417,0.61875,0.27361,0.59922,0.29861,0.59453,0.33750,0.64219,0.37361,0.63906,0.31667,0.62109,0.33056,0.61406,0.36111,0.59849,0.79275,0.9997,0.73625,1.00000,0.9047,0.62623,0.55397,0.9968,0.62055,0.45658,0.60000,0.50556,108.84,0.9794,live,0.3356,0.3048,204.64,671.33
155661.229216,80.0,0.8962,3,1,1,0.59766,0.50972,0.56797,0.50833,0.54453,0.50417,0.53672,0.52361,0.54297,0.54028,0.56641,0.40556,0.55937,0.39306,0.55000,0.44444,0.55000,0.48750,0.59453,0.41389,0.59531,0.38056,0.58047,0.43194,0.57500,0.47778,0.61875,0.43611,0.62187,0.40694,0.60234,0.45417,0.59219,0.49306,0.63984,0.46944,0.63750,0.46667,0.61953,0.49583,0.60859,0.51944,0.61064,0.79327,0.9997,0.73923,1.00000,0.9073,0.62519,0.66117,0.9968,0.61597,0.46721,0.59766,0.50972,80.02,0.9917,live,0.3192,0.2444,158.44,648.38
155661.295619,80.0,0.9848,3,1,1,0.60781,0.83056,0.57266,0.78750,0.54375,0.72500,0.53203,0.68194,0.54609,0.65139,0.57109,0.60972,0.56641,0.52778,0.54766,0.57500,0.54531,0.62222,0.59688,0.61806,0.59844,0.52778,0.57266,0.59167,0.56719,0.64306,0.62187,0.63750,0.62344,0.55556,0.59531,0.61250,0.58516,0.66250,0.64844,0.67083,0.64062,0.61944,0.61562,0.65417,0.60469,0.69167,0.60511,0.78529,0.9997,0.73340,1.00000,0.9084,0.62033,0.79374,0.9968,0.61434,0.53988,0.60781,0.83056,138.50,0.9948,live,0.3046,0.2382,159.68,670.29
155661.362796,80.0,0.0743,3,2,0,0.60078,0.89583,0.56406,0.85417,0.53594,0.80556,0.52266,0.77222,0.53750,0.75417,0.56719,0.68056,0.55703,0.61111,0.54297,0.67361,0.54141,0.72083,0.59531,0.69722,0.59375,0.62083,0.56953,0.69167,0.56094,0.74028,0.62031,0.72917,0.62344,0.65694,0.59297,0.71806,0.57812,0.76667,0.64297,0.77222,0.63828,0.72500,0.60938,0.76111,0.59141,0.79861,0.60316,0.76759,0.9997,0.70422,1.00000,0.9106,0.61439,0.85895,0.9969,0.61163,0.61107,0.60078,0.89583,131.36,0.9880,live,0.2854,0.1977,135.32,684.44
155661.429401,80.0,0.1631,3,2,0,0.59688,0.94028,0.55625,0.89444,0.52891,0.84167,0.51406,0.81111,0.52656,0.80139,0.56484,0.71389,0.54844,0.66111,0.53281,0.72778,0.53047,0.77639,0.59375,0.73056,0.58203,0.66667,0.55859,0.74167,0.55234,0.79028,0.61875,0.76389,0.61094,0.70417,0.58203,0.76944,0.57188,0.81806,0.63906,0.81111,0.62656,0.77083,0.59844,0.80972,0.58437,0.84444,0.60093,0.76840,0.9997,0.70669,1.00000,0.9101,0.61177,0.91722,0.9966,0.60868,0.67691,0.59688,0.94028,136.17,0.9978,live,0.2791,0.2504,175.33,700.35
155661.498603,80.0,0.2554,3,2,0,0.59219,0.94444,0.55156,0.90278,0.52187,0.84861,0.50469,0.81806,0.51797,0.80278,0.55859,0.72083,0.53984,0.66667,0.52344,0.73333,0.52266,0.77778,0.58594,0.73750,0.57266,0.67639,0.54844,0.75417,0.54375,0.80000,0.61094,0.76944,0.60000,0.71389,0.57188,0.78056,0.56250,0.82778,0.63125,0.81667,0.61719,0.77917,0.58828,0.81944,0.57500,0.85417,0.59776,0.76909,0.9997,0.68774,1.00000,0.9108,0.60287,0.91679,0.9966,0.60538,0.73042,0.59219,0.94444,134.09,0.9976,live,0.2791,0.2956,210.71,712.85
155661.562751,80.0,0.3409,3,2,0,0.58828,0.94306,0.54844,0.90000,0.51875,0.84444,0.50156,0.81250,0.51406,0.80139,0.55625,0.71389,0.53516,0.66528,0.51953,0.72778,0.51875,0.77361,0.58437,0.72917,0.56797,0.67361,0.54375,0.74861,0.53906,0.79722,0.60859,0.76250,0.59531,0.71111,0.56719,0.77639,0.55781,0.82222,0.62734,0.80833,0.61094,0.77639,0.58281,0.81528,0.57031,0.85000,0.59715,0.76917,0.9997,0.68882,1.00000,0.9133,0.59541,0.92260,0.9965,0.60196,0.77294,0.58828,0.94306,136.71,0.9971,live,0.2883,0.3304,239.81,725.74
155661.629539,80.0,0.4300,3,2,0,0.58750,0.94167,0.54688,0.89722,0.51953,0.84167,0.50234,0.80972,0.51406,0.80000,0.55703,0.70972,0.53594,0.66389,0.51953,0.72639,0.51797,0.77083,0.58594,0.72639,0.56719,0.67500,0.54375,0.75000,0.53906,0.79722,0.61016,0.75972,0.59453,0.70972,0.56641,0.77500,0.55703,0.82222,0.62891,0.80833,0.61016,0.77639,0.58203,0.81528,0.56953,0.85000,0.59552,0.76951,0.9997,0.69122,1.00000,0.9171,0.59504,0.91560,0.9966,0.59907,0.80669,0.58750,0.94167,138.09,0.9975,live,0.3006,0.3565,263.11,738.08
155661.695969,80.0,0.5186,3,2,0,0.59219,0.93889,0.55312,0.89722,0.52422,0.84306,0.50859,0.80972,0.52031,0.79306,0.55859,0.71667,0.54063,0.66250,0.52500,0.72222,0.52344,0.76667,0.58672,0.73333,0.57344,0.67222,0.54922,0.74583,0.54375,0.79167,0.61172,0.76528,0.60156,0.70833,0.57188,0.77361,0.56172,0.81944,0.63203,0.80972,0.61797,0.77361,0.59062,0.81250,0.57734,0.84722,0.59315,0.77084,0.9997,0.68415,1.00000,0.9174,0.59531,0.91169,0.9965,0.59769,0.83313,0.59219,0.93889,133.84,0.9963,live,0.3123,0.3656,272.69,745.87
155661.762875,80.0,0.6078,3,2,0,0.60703,0.93750,0.57031,0.89167,0.54297,0.83472,0.53125,0.79722,0.54922,0.79028,0.57812,0.71111,0.56406,0.65556,0.55000,0.71667,0.54766,0.76111,0.60703,0.72917,0.59766,0.67222,0.57422,0.74306,0.56875,0.78750,0.63359,0.76389,0.62500,0.70556,0.59766,0.77083,0.58750,0.81528,0.65547,0.80972,0.64297,0.77222,0.61641,0.81250,0.60391,0.84583,0.59833,0.76830,0.9997,0.68405,1.00000,0.9151,0.60606,0.91278,0.9963,0.59956,0.85400,0.60703,0.93750,137.48,0.9977,live,0.3227,0.3700,279.48,755.35
155661.829553,80.0,0.6967,3,2,0,0.64219,0.92917,0.60703,0.87361,0.58203,0.81667,0.57812,0.77500,0.60547,0.77083,0.62109,0.70833,0.61641,0.64583,0.60234,0.69167,0.59844,0.73194,0.65078,0.72917,0.65156,0.65972,0.62813,0.71667,0.62031,0.75694,0.67734,0.76528,0.67969,0.70278,0.65156,0.75556,0.63828,0.79722,0.70000,0.81389,0.69375,0.77639,0.66797,0.80694,0.65469,0.83611,0.60994,0.76849,0.9997,0.71429,1.00000,0.9077,0.66881,0.92331,0.9960,0.60809,0.86904,0.64219,0.92917,135.82,0.9925,live,0.3227,0.3121,237.95,762.50
155661.896275,80.0,0.7856,3,2,0,0.69688,0.92083,0.66406,0.86667,0.64297,0.79583,0.65391,0.75278,0.68828,0.75694,0.68281,0.69861,0.69297,0.63333,0.68125,0.68750,0.67500,0.72500,0.71328,0.71944,0.73203,0.64861,0.71094,0.70972,0.70156,0.74306,0.73828,0.75417,0.75938,0.69722,0.73516,0.74861,0.72344,0.77500,0.75547,0.80278,0.76562,0.77639,0.75781,0.79583,0.75938,0.80139,0.60893,0.79524,0.9997,0.72155,1.00000,0.8989,0.72244,0.92272,0.9956,0.62584,0.87940,0.69688,0.92083,135.09,0.9938,live,0.3106,0.2558,196.53,768.26
155661.962656,80.0,0.8741,3,2,0,0.74531,0.90833,0.72031,0.84722,0.71328,0.77083,0.74062,0.73611,0.77500,0.74028,0.75547,0.67917,0.77734,0.62083,0.76484,0.66806,0.75469,0.70278,0.78438,0.70694,0.81953,0.64167,0.79688,0.69028,0.77969,0.72222,0.80547,0.74861,0.83594,0.69861,0.81328,0.73889,0.79844,0.76250,0.81875,0.80000,0.83594,0.77222,0.82891,0.78056,0.82734,0.78056,0.60834,0.80886,0.9997,0.72263,1.00000,0.8822,0.76584,0.92091,0.9950,0.64974,0.88518,0.74531,0.90833,139.98,0.9919,live,0.3030,0.2681,208.30,776.86
155662.029847,80.0,0.9637,3,2,0,0.78047,0.89028,0.76406,0.81806,0.77109,0.74722,0.80937,0.72222,0.84531,0.72222,0.81484,0.65139,0.84375,0.60694,0.82422,0.66389,0.80859,0.70278,0.84453,0.68472,0.88281,0.62917,0.85313,0.68611,0.83203,0.71806,0.86562,0.73194,0.90000,0.68611,0.86562,0.73611,0.84375,0.76389,0.87891,0.78889,0.88984,0.76528,0.86250,0.79028,0.84453,0.80139,0.60799,0.80664,0.9997,0.74043,1.00000,0.8817,0.79440,0.87907,0.9949,0.67588,0.88620,0.78047,0.89028,155.23,0.9969,live,0.2825,0.1890,150.33,795.40
155662.096414,80.0,0.0525,3,3,0,0.80625,0.87639,0.79219,0.80139,0.80391,0.72639,0.84531,0.70417,0.88359,0.70000,0.83984,0.64722,0.86953,0.59722,0.85234,0.65139,0.83594,0.69444,0.86953,0.68056,0.90781,0.61667,0.88281,0.67222,0.86406,0.70556,0.89062,0.72361,0.92812,0.67222,0.89609,0.72083,0.87344,0.75000,0.90391,0.77917,0.91953,0.74861,0.89141,0.77778,0.87031,0.79722,0.60799,0.80605,0.9997,0.76884,1.00000,0.8816,0.82064,0.84961,0.9948,0.70196,0.88424,0.80625,0.87639,150.47,0.9903,live,0.2704,0.2157,174.33,808.29
155662.162966,80.0,0.1412,3,3,0,0.81250,0.86944,0.79844,0.79583,0.81250,0.72500,0.85391,0.70417,0.88984,0.69444,0.84766,0.64167,0.87969,0.58889,0.86094,0.64583,0.84453,0.69028,0.87734,0.67361,0.91484,0.61250,0.88828,0.66944,0.86797,0.70694,0.89766,0.71806,0.93359,0.66667,0.90000,0.71944,0.87656,0.75139,0.91094,0.77222,0.92812,0.73889,0.90000,0.76806,0.87891,0.78750,0.60863,0.80751,0.9997,0.77959,1.00000,0.8820,0.82764,0.83451,0.9948,0.72407,0.88128,0.81250,0.86944,150.48,0.9902,live,0.2594,0.2093,171.59,819.64
155662.229890,80.0,0.2305,3,3,0,0.81328,0.86806,0.80000,0.79583,0.81328,0.72500,0.85313,0.70139,0.88906,0.69444,0.84844,0.64444,0.87734,0.59306,0.85859,0.64722,0.84375,0.68611,0.87734,0.67639,0.91484,0.61389,0.88750,0.67222,0.86953,0.70417,0.89844,0.71806,0.93516,0.66389,0.90234,0.71806,0.87969,0.74722,0.91094,0.76944,0.92969,0.73472,0.90312,0.76528,0.88203,0.78333,0.60914,0.80755,0.9997,0.77722,1.00000,0.8831,0.82388,0.83765,0.9948,0.74191,0.87864,0.81328,0.86806,147.97,0.9902,live,0.2537,0.2277,188.51,827.82
155662.296416,80.0,0.3192,3,3,0,0.81172,0.87222,0.79766,0.80139,0.80859,0.73056,0.84766,0.70694,0.88516,0.70139,0.84531,0.65139,0.87109,0.60000,0.85547,0.65417,0.84219,0.69167,0.87422,0.68194,0.90859,0.61806,0.88594,0.67639,0.86797,0.70694,0.89531,0.72222,0.93125,0.66806,0.90234,0.72222,0.87891,0.75278,0.90781,0.77361,0.92578,0.74028,0.90078,0.77361,0.87891,0.79444,0.60928,0.80945,0.9998,0.77384,1.00000,0.8845,0.82237,0.83824,0.9947,0.75587,0.87735,0.81172,0.87222,146.08,0.9868,live,0.2537,0.2416,201.42,833.65
155662.363123,80.0,0.4081,3,3,0,0.80781,0.87639,0.79375,0.80556,0.80391,0.73611,0.84297,0.71250,0.87969,0.70694,0.84062,0.65556,0.86641,0.60417,0.85000,0.65833,0.83672,0.69444,0.86953,0.68611,0.90391,0.62222,0.88047,0.68056,0.86328,0.70972,0.89062,0.72778,0.92500,0.67500,0.89453,0.72917,0.87266,0.75972,0.90391,0.78056,0.92344,0.74583,0.89844,0.77639,0.87734,0.79583,0.60935,0.81223,0.9998,0.77256,1.00000,0.8836,0.82178,0.83901,0.9947,0.76626,0.87716,0.80781,0.87639,146.18,0.9875,live,0.2537,0.2418,202.84,838.86
155662.429622,80.0,0.4968,3,3,0,0.80234,0.87500,0.78828,0.80556,0.79844,0.73750,0.83516,0.71389,0.87031,0.70833,0.83437,0.65139,0.86094,0.60556,0.84531,0.65833,0.83125,0.69306,0.86406,0.68194,0.89844,0.62222,0.87422,0.68056,0.85625,0.71111,0.88594,0.72361,0.91953,0.67500,0.88984,0.72778,0.86719,0.75833,0.89922,0.77639,0.91797,0.74583,0.89297,0.77500,0.87109,0.79444,0.60937,0.81227,0.9998,0.77077,1.00000,0.8818,0.81957,0.83851,0.9947,0.77348,0.87673,0.80234,0.87500,147.83,0.9891,live,0.2484,0.2239,189.09,844.64
155662.496250,80.0,0.5856,3,3,0,0.79297,0.85972,0.77734,0.78889,0.78516,0.72361,0.81953,0.70278,0.85313,0.69861,0.82422,0.63472,0.85000,0.58889,0.83359,0.64028,0.81875,0.67917,0.85313,0.66667,0.88750,0.60556,0.86406,0.65833,0.84688,0.69306,0.87344,0.70972,0.90625,0.65972,0.87813,0.70694,0.85703,0.73750,0.88672,0.76667,0.90469,0.73056,0.87969,0.75694,0.85938,0.77917,0.60942,0.81152,0.9998,0.76866,1.00000,0.8798,0.81793,0.82689,0.9947,0.77737,0.87333,0.79297,0.85972,146.85,0.9883,live,0.2484,0.2287,194.18,849.02
155662.563140,80.0,0.6748,3,3,0,0.77578,0.81944,0.75781,0.74861,0.75781,0.67778,0.78828,0.65278,0.82188,0.65417,0.80078,0.59861,0.81875,0.53194,0.80859,0.57222,0.79609,0.61528,0.82734,0.62222,0.85781,0.55000,0.84141,0.58750,0.82578,0.62222,0.84766,0.66389,0.88281,0.60278,0.85938,0.63750,0.84141,0.66806,0.86250,0.71806,0.88281,0.67639,0.86172,0.69722,0.84297,0.72083,0.60834,0.81025,0.9998,0.76814,1.00000,0.8756,0.81255,0.81374,0.9948,0.77706,0.86255,0.77578,0.81944,142.10,0.9942,live,0.2314,0.1542,131.02,849.45
155662.629559,80.0,0.7633,3,3,0,0.75391,0.74167,0.73281,0.67083,0.72813,0.60000,0.74922,0.55556,0.77812,0.54444,0.76719,0.51667,0.77812,0.44306,0.77187,0.46250,0.76641,0.49722,0.79375,0.53611,0.81641,0.45556,0.80078,0.48333,0.78750,0.51806,0.81484,0.57361,0.84219,0.50000,0.81719,0.52778,0.80078,0.55972,0.83125,0.62500,0.84922,0.56944,0.82734,0.58056,0.81016,0.60556,0.60609,0.80482,0.9998,0.76216,1.00000,0.8798,0.79593,0.74316,0.9952,0.77243,0.83837,0.75391,0.74167,140.61,0.9932,live,0.2183,0.1583,134.40,848.75
155662.696360,80.0,0.8524,3,3,0,0.73125,0.64583,0.70469,0.55833,0.69766,0.48472,0.71328,0.43472,0.73203,0.40417,0.73047,0.40694,0.73281,0.33750,0.72500,0.33889,0.72344,0.35972,0.75391,0.41250,0.76484,0.33611,0.75000,0.34583,0.74297,0.36667,0.77266,0.43333,0.78750,0.36528,0.76719,0.38472,0.75625,0.41528,0.78828,0.47083,0.79844,0.41944,0.77734,0.43611,0.76328,0.46528,0.60617,0.80586,0.9998,0.77224,1.00000,0.8840,0.76424,0.61328,0.9955,0.76419,0.79987,0.73125,0.64583,143.81,0.9803,live,0.2031,0.1341,114.06,850.45
155662.763048,80.0,0.9413,3,3,0,0.69766,0.53750,0.66641,0.44306,0.65938,0.37083,0.66484,0.31806,0.67109,0.27500,0.69063,0.30417,0.69375,0.24028,0.68516,0.22361,0.67969,0.23333,0.71016,0.30694,0.71875,0.23472,0.70625,0.22361,0.69531,0.23889,0.72813,0.31944,0.73906,0.25417,0.72266,0.24722,0.70937,0.26667,0.74453,0.34444,0.75313,0.28333,0.73906,0.27500,0.72578,0.29306,0.60533,0.80121,0.9998,0.77175,0.96174,0.8880,0.72681,0.50269,0.9958,0.75088,0.74739,0.69766,0.53750,140.31,0.9220,live,0.1888,0.1234,104.83,849.42
155662.829962,80.0,0.0305,3,1,1,0.66016,0.43056,0.62656,0.34861,0.61641,0.28194,0.61875,0.22639,0.62422,0.18194,0.64531,0.21944,0.64766,0.15972,0.63438,0.14861,0.62578,0.16111,0.66250,0.21667,0.67188,0.14722,0.65469,0.13333,0.64219,0.14583,0.67969,0.22500,0.68828,0.16111,0.66875,0.15000,0.65469,0.16667,0.69531,0.24583,0.70078,0.19167,0.68594,0.17778,0.67188,0.18750,0.60315,0.79722,0.9998,0.76622,0.87193,0.8937,0.68745,0.41312,0.9961,0.73274,0.68403,0.66016,0.43056,128.59,0.9309,live,0.1888,0.1791,150.47,840.08
155662.896490,80.0,0.1193,3,1,1,0.63047,0.35972,0.59531,0.28611,0.58203,0.22917,0.58125,0.17639,0.59297,0.13889,0.61094,0.17083,0.61562,0.10417,0.59766,0.11667,0.58828,0.14722,0.62344,0.17083,0.62734,0.09722,0.60703,0.11111,0.59766,0.14028,0.63672,0.17639,0.64219,0.10417,0.62031,0.11250,0.60781,0.14306,0.65078,0.19167,0.64844,0.13472,0.63047,0.13472,0.61719,0.15556,0.59433,0.79482,0.9998,0.75130,0.80472,0.8992,0.65533,0.35443,0.9964,0.71228,0.61916,0.63047,0.35972,112.87,0.9442,live,0.1995,0.2481,203.59,820.54
155662.963414,80.0,0.2085,3,1,1,0.60625,0.32917,0.57344,0.27639,0.56016,0.22500,0.55547,0.17639,0.56484,0.13889,0.58672,0.16528,0.58750,0.10833,0.57422,0.12639,0.56875,0.15694,0.59844,0.16389,0.59844,0.09583,0.58125,0.11667,0.57500,0.14722,0.61094,0.16667,0.61094,0.09861,0.59219,0.11389,0.58281,0.14444,0.62422,0.17500,0.61797,0.12083,0.60078,0.12361,0.59062,0.14444,0.59060,0.78774,0.9997,0.74201,0.78983,0.9042,0.64022,0.35580,0.9967,0.69108,0.56116,0.60625,0.32917,100.48,0.9667,live,0.2208,0.3180,252.63,794.41
155663.030125,80.0,0.2974,3,1,1,0.59375,0.32361,0.56094,0.27500,0.54688,0.22778,0.54219,0.18194,0.55000,0.14167,0.57266,0.17917,0.57109,0.12778,0.55859,0.14167,0.55391,0.16667,0.58281,0.17500,0.58047,0.10972,0.56406,0.12639,0.55781,0.15556,0.59531,0.17500,0.59219,0.10833,0.57422,0.12361,0.56563,0.15417,0.60781,0.17778,0.59844,0.12639,0.58281,0.13194,0.57266,0.15417,0.58561,0.78488,0.9997,0.72881,0.78905,0.9072,0.61706,0.34724,0.9968,0.67161,0.51365,0.59375,0.32361,91.73,0.9744,live,0.2498,0.3819,292.21,765.13
155663.096874,80.0,0.3864,3,1,1,0.58672,0.31944,0.55469,0.28056,0.54141,0.23333,0.53672,0.18611,0.54297,0.14722,0.56484,0.18611,0.56406,0.13611,0.55078,0.14444,0.54688,0.16806,0.57578,0.18056,0.57422,0.11667,0.55781,0.12917,0.55078,0.15556,0.58828,0.17917,0.58672,0.11389,0.56797,0.12361,0.56016,0.15139,0.60156,0.18056,0.59219,0.13194,0.57500,0.13194,0.56641,0.15278,0.58231,0.78182,0.9997,0.72730,0.77767,0.9107,0.61765,0.34542,0.9970,0.65463,0.47481,0.58672,0.31944,87.48,0.9846,live,0.2831,0.4348,320.14,736.30
155663.163204,80.0,0.4749,3,1,1,0.58594,0.31806,0.55312,0.28333,0.53906,0.23472,0.53438,0.18750,0.54297,0.14861,0.56406,0.19028,0.56328,0.13750,0.55000,0.14722,0.54766,0.17222,0.57500,0.18333,0.57578,0.11806,0.55781,0.13056,0.55234,0.15972,0.58750,0.18194,0.58750,0.11389,0.56641,0.12778,0.55859,0.15833,0.60078,0.18333,0.59297,0.13194,0.57422,0.13611,0.56484,0.15972,0.58144,0.77698,0.9997,0.72366,0.79671,0.9138,0.61773,0.35449,0.9972,0.64089,0.44346,0.58594,0.31806,85.07,0.9885,live,0.3160,0.4659,330.44,709.19
155663.230263,80.0,0.5643,3,1,1,0.58828,0.32500,0.55547,0.28889,0.54141,0.23889,0.53750,0.18889,0.54609,0.15000,0.56719,0.19444,0.56641,0.13889,0.55156,0.15139,0.55000,0.17639,0.57969,0.18750,0.58047,0.11944,0.56094,0.13194,0.55469,0.16111,0.59219,0.18750,0.59219,0.11806,0.56953,0.13056,0.56250,0.16111,0.60547,0.19028,0.59531,0.13889,0.57578,0.14306,0.56719,0.16806,0.58022,0.77622,0.9997,0.71929,0.80163,0.9161,0.61914,0.35596,0.9974,0.63037,0.41977,0.58828,0.32500,86.49,0.9850,live,0.3438,0.4704,322.85,686.36
155663.296779,80.0,0.6530,3,1,1,0.59062,0.34444,0.55937,0.30833,0.54531,0.25278,0.54141,0.20139,0.55234,0.16389,0.57500,0.20556,0.57500,0.14861,0.55859,0.15972,0.55547,0.18472,0.58672,0.20139,0.58906,0.12917,0.56719,0.14028,0.55937,0.16944,0.60000,0.20139,0.60000,0.12917,0.57578,0.14306,0.56719,0.17361,0.61250,0.20694,0.60234,0.15556,0.58203,0.16111,0.57266,0.18611,0.58038,0.77627,0.9997,0.72017,0.82144,0.9185,0.62082,0.36074,0.9976,0.62242,0.40470,0.59062,0.34444,89.00,0.9843,live,0.3618,0.4438,296.51,668.08
155663.363665,80.0,0.7422,3,1,1,0.59219,0.38611,0.56484,0.35556,0.55078,0.29306,0.54609,0.24306,0.55703,0.20417,0.58125,0.23750,0.58125,0.16944,0.56328,0.18333,0.55781,0.21250,0.59453,0.23611,0.59688,0.15556,0.57188,0.17500,0.56484,0.20972,0.60781,0.24028,0.60938,0.16389,0.58281,0.18472,0.57422,0.21806,0.62187,0.25139,0.61406,0.19583,0.59141,0.20278,0.58203,0.22778,0.58048,0.77782,0.9997,0.72041,0.89698,0.9176,0.62253,0.39881,0.9976,0.61638,0.40099,0.59219,0.38611,93.27,0.9811,live,0.3618,0.3853,252.42,655.07
155663.430168,80.0,0.8308,3,1,1,0.59375,0.45139,0.56953,0.42500,0.55156,0.36944,0.54453,0.32361,0.55937,0.30000,0.58594,0.29167,0.58359,0.22778,0.56484,0.25833,0.56016,0.29722,0.60234,0.29722,0.60547,0.22361,0.58203,0.25556,0.57266,0.29583,0.61875,0.31389,0.61875,0.24861,0.59141,0.28333,0.58047,0.32361,0.63359,0.33750,0.62656,0.28611,0.60234,0.30417,0.58984,0.33472,0.58036,0.79386,0.9997,0.72111,0.96270,0.9190,0.61967,0.47507,0.9977,0.61185,0.41107,0.59375,0.45139,98.22,0.9890,live,0.3531,0.3136,202.99,647.18
155663.497017,80.0,0.9200,3,1,1,0.60313,0.46667,0.57891,0.46250,0.55859,0.45417,0.55391,0.46389,0.56406,0.47778,0.59375,0.36667,0.58516,0.35417,0.57500,0.40556,0.57344,0.44306,0.61719,0.38333,0.61484,0.36528,0.59531,0.41389,0.58516,0.45556,0.63594,0.41250,0.62734,0.41111,0.60547,0.45556,0.59453,0.49028,0.64766,0.44722,0.63594,0.46111,0.61719,0.49028,0.60625,0.51111,0.58450,0.80102,0.9997,0.72133,1.00000,0.9171,0.62327,0.60596,0.9978,0.61011,0.42219,0.60313,0.46667,71.12,0.9905,live,0.3345,0.2498,155.06,620.72
155663.563788,80.0,0.0090,3,2,0,0.61719,0.80694,0.58828,0.75278,0.56719,0.69167,0.56250,0.65833,0.57422,0.65694,0.60469,0.58194,0.60078,0.51667,0.57734,0.56667,0.57188,0.60694,0.63047,0.60278,0.63438,0.52778,0.60078,0.58472,0.59141,0.62639,0.65078,0.64306,0.65312,0.57500,0.61484,0.62500,0.60078,0.66389,0.66641,0.69444,0.65547,0.65278,0.62266,0.68056,0.60781,0.70694,0.59040,0.79539,0.9997,0.72428,1.00000,0.9118,0.63293,0.78237,0.9978,0.61152,0.49914,0.61719,0.80694,131.63,0.9986,live,0.3061,0.1764,113.04,641.01
155663.630360,80.0,0.0977,3,2,0,0.61250,0.88056,0.58203,0.83750,0.55937,0.78611,0.55547,0.76250,0.57500,0.77639,0.60781,0.66944,0.60078,0.62222,0.57969,0.68750,0.57344,0.72500,0.63594,0.70139,0.63594,0.64306,0.60313,0.70833,0.58984,0.74861,0.65703,0.75139,0.66094,0.70139,0.62266,0.75556,0.60391,0.79167,0.67031,0.80972,0.66250,0.78750,0.62969,0.81528,0.61094,0.83472,0.60300,0.78178,0.9997,0.70294,1.00000,0.9036,0.64334,0.87999,0.9974,0.61172,0.57542,0.61250,0.88056,125.82,0.9986,live,0.2889,0.2107,137.92,654.68
155663.697153,80.0,0.1868,3,2,0,0.60781,0.93889,0.57734,0.90139,0.55547,0.85278,0.54844,0.83333,0.56406,0.84861,0.61406,0.72639,0.59844,0.68889,0.57266,0.75139,0.56563,0.78889,0.64375,0.75972,0.63672,0.71944,0.60000,0.78333,0.58672,0.81667,0.66328,0.81250,0.65859,0.78194,0.61797,0.83333,0.59844,0.86111,0.67344,0.87361,0.65859,0.86528,0.62500,0.88889,0.60703,0.90278,0.60587,0.78031,0.9997,0.68135,1.00000,0.8944,0.64297,0.94394,0.9965,0.61094,0.64811,0.60781,0.93889,129.21,0.9997,live,0.2889,0.2724,182.25,669.15
155663.766107,80.0,0.2787,3,2,0,0.60313,0.96528,0.57109,0.92083,0.55000,0.87083,0.54219,0.85417,0.55703,0.86944,0.61172,0.73750,0.59219,0.71528,0.56719,0.77639,0.55703,0.81667,0.64219,0.76944,0.62578,0.74583,0.58984,0.80972,0.57656,0.84444,0.65938,0.82361,0.64844,0.80972,0.60859,0.85972,0.58906,0.88889,0.66797,0.88611,0.64922,0.89306,0.61484,0.91944,0.59609,0.93194,0.60559,0.77572,0.9997,0.66388,1.00000,0.8801,0.63881,0.96115,0.9948,0.60937,0.71155,0.60313,0.96528,135.91,0.9999,live,0.2959,0.3280,225.21,686.71
155663.830235,80.0,0.3642,3,2,0,0.60469,0.96944,0.57266,0.92500,0.54922,0.87639,0.53750,0.85556,0.55078,0.87083,0.60625,0.74167,0.58750,0.71528,0.56250,0.77639,0.55391,0.81667,0.63672,0.77222,0.62109,0.75000,0.58594,0.81389,0.57344,0.84722,0.65469,0.82500,0.64531,0.81111,0.60469,0.86111,0.58437,0.89028,0.66250,0.88611,0.64531,0.89306,0.61016,0.91806,0.59062,0.93056,0.60422,0.77822,0.9997,0.65719,1.00000,0.8686,0.62784,0.96402,0.9939,0.60844,0.76313,0.60469,0.96944,133.39,0.9999,live,0.3101,0.3745,262.25,700.34
155663.897364,80.0,0.4537,3,2,0,0.60313,0.97222,0.56953,0.92639,0.54766,0.87361,0.53672,0.85000,0.55078,0.86250,0.60547,0.74167,0.58437,0.71111,0.55937,0.77222,0.55234,0.81250,0.63516,0.77222,0.61797,0.74306,0.58281,0.80833,0.57109,0.84444,0.65391,0.82500,0.64219,0.80278,0.60156,0.85556,0.58359,0.88611,0.66250,0.88472,0.64375,0.88472,0.60859,0.91111,0.59062,0.92500,0.60428,0.77911,0.9997,0.65410,1.00000,0.8560,0.62506,0.97175,0.9926,0.60737,0.80495,0.60313,0.97222,135.18,0.9999,live,0.3277,0.4079,291.08,713.63
155663.964037,80.0,0.5426,3,2,0,0.60313,0.96944,0.57109,0.92222,0.54766,0.86944,0.53828,0.84722,0.55469,0.86111,0.60547,0.73611,0.58594,0.70556,0.56016,0.76667,0.55312,0.80694,0.63438,0.76806,0.61875,0.73889,0.58359,0.80417,0.57188,0.84028,0.65391,0.81944,0.64219,0.79583,0.60234,0.84861,0.58281,0.87917,0.66406,0.87917,0.64531,0.87500,0.61172,0.90278,0.59219,0.91806,0.60410,0.77917,0.9997,0.65355,1.00000,0.8602,0.62226,0.96952,0.9925,0.60652,0.83785,0.60313,0.96944,136.85,0.9998,live,0.3448,0.4231,307.36,726.53
155664.030771,80.0,0.6316,3,2,0,0.61328,0.96944,0.57969,0.92083,0.55547,0.86806,0.54453,0.84444,0.56172,0.85556,0.60859,0.73889,0.59219,0.70417,0.56797,0.76111,0.56094,0.79722,0.63828,0.76944,0.62813,0.72917,0.59297,0.79583,0.58203,0.83056,0.65781,0.81806,0.65078,0.78889,0.61094,0.84028,0.59219,0.87222,0.66875,0.87639,0.65469,0.86806,0.62031,0.89444,0.60078,0.91111,0.60559,0.77920,0.9997,0.66575,1.00000,0.8655,0.63342,0.96138,0.9925,0.60788,0.86417,0.61328,0.96944,134.17,0.9997,live,0.3606,0.4325,318.29,735.94
155664.097371,80.0,0.7204,3,2,0,0.62578,0.96528,0.59531,0.91806,0.57344,0.86528,0.56250,0.83611,0.58125,0.84861,0.62500,0.74444,0.61016,0.69722,0.58672,0.74861,0.57812,0.78889,0.65391,0.77361,0.64687,0.72222,0.61250,0.78194,0.59922,0.82083,0.67500,0.82083,0.67109,0.77917,0.63203,0.82778,0.61250,0.86111,0.68750,0.88056,0.67734,0.85833,0.64297,0.88333,0.62187,0.90417,0.60554,0.78101,0.9997,0.67361,1.00000,0.8588,0.64802,0.95796,0.9919,0.61146,0.88439,0.62578,0.96528,131.98,0.9994,live,0.3606,0.3736,277.46,742.66
155664.164130,80.0,0.8094,3,2,0,0.65781,0.96389,0.62969,0.91111,0.61016,0.85139,0.61172,0.82639,0.63672,0.84306,0.65781,0.74583,0.65703,0.69028,0.63672,0.74167,0.62891,0.78056,0.68672,0.77778,0.69453,0.71806,0.66328,0.77500,0.64766,0.81111,0.70781,0.82500,0.71719,0.77917,0.68203,0.82500,0.66250,0.85556,0.72344,0.88333,0.72422,0.85556,0.69531,0.87639,0.67656,0.89306,0.60545,0.78544,0.9997,0.69822,1.00000,0.8466,0.69110,0.95733,0.9911,0.62073,0.90029,0.65781,0.96389,131.98,0.9978,live,0.3521,0.3134,234.61,748.57
155664.230633,80.0,0.8981,3,2,0,0.71172,0.96806,0.68203,0.91250,0.67109,0.83750,0.69297,0.82361,0.72500,0.85278,0.72188,0.74861,0.73906,0.69167,0.72656,0.74028,0.71641,0.77361,0.74844,0.78056,0.77656,0.72639,0.75313,0.77917,0.73750,0.80556,0.76797,0.82361,0.79219,0.78889,0.76719,0.83333,0.75078,0.85000,0.77969,0.87500,0.79219,0.85417,0.77500,0.88056,0.76328,0.89028,0.60391,0.79948,0.9997,0.70907,1.00000,0.8407,0.73877,0.95191,0.9904,0.63893,0.91384,0.71172,0.96806,132.15,0.9892,live,0.3355,0.2597,195.77,753.88
155664.297349,80.0,0.9871,3,2,0,0.76172,0.95972,0.74375,0.90694,0.74609,0.83611,0.77969,0.82500,0.81484,0.84306,0.79844,0.75000,0.83125,0.70556,0.82188,0.74583,0.80781,0.78056,0.82266,0.78194,0.86562,0.74028,0.84922,0.78333,0.83203,0.80417,0.83906,0.82083,0.87422,0.79444,0.85625,0.83194,0.83906,0.84722,0.84531,0.86667,0.86562,0.84583,0.85391,0.86944,0.84141,0.87917,0.60399,0.79934,0.9997,0.71049,1.00000,0.8311,0.77958,0.95061,0.9902,0.66348,0.92302,0.76172,0.95972,134.38,0.9846,live,0.3151,0.2221,168.81,760.17
155664.364050,80.0,0.0760,3,3,0,0.80625,0.95833,0.79766,0.88333,0.81641,0.81250,0.85547,0.80972,0.88906,0.83056,0.86719,0.74306,0.90312,0.70139,0.89297,0.73889,0.87500,0.77361,0.89531,0.78056,0.94141,0.73611,0.92266,0.77917,0.90312,0.80000,0.91250,0.82639,0.95703,0.79306,0.93594,0.82778,0.91484,0.84167,0.92031,0.88333,0.95391,0.85694,0.95547,0.86528,0.95312,0.86528,0.60370,0.80247,0.9997,0.72182,1.00000,0.8238,0.81473,0.94049,0.9901,0.69204,0.93008,0.80625,0.95833,155.59,0.9895,live,0.3025,0.2454,191.67,780.97
155664.430642,80.0,0.1648,3,3,0,0.84062,0.92778,0.83594,0.85278,0.85625,0.79306,0.89531,0.78750,0.93047,0.80000,0.90312,0.72500,0.93984,0.67639,0.92812,0.71667,0.90703,0.75139,0.93125,0.76250,0.97578,0.70972,0.95937,0.75278,0.93750,0.77778,0.95000,0.80694,0.99297,0.76250,0.97734,0.79861,0.95469,0.82361,0.95937,0.85972,0.99922,0.82778,0.99922,0.83472,0.99922,0.84306,0.60374,0.80744,0.9997,0.73718,1.00000,0.8177,0.84291,0.93228,0.9899,0.72176,0.92962,0.84062,0.92778,153.29,0.9720,live,0.2871,0.2167,172.84,797.63
155664.497483,80.0,0.2539,3,3,0,0.84844,0.90694,0.84297,0.83333,0.86094,0.77500,0.90078,0.76667,0.93594,0.77500,0.90547,0.70972,0.94219,0.65556,0.93125,0.69306,0.91172,0.72778,0.93203,0.74167,0.97578,0.68750,0.95859,0.72917,0.93672,0.75694,0.95156,0.78333,0.99531,0.73750,0.97578,0.76944,0.95234,0.79722,0.96406,0.83194,0.99922,0.79722,0.99297,0.80972,0.97656,0.82778,0.60407,0.81576,0.9997,0.74992,1.00000,0.8135,0.85103,0.92187,0.9899,0.74709,0.92509,0.84844,0.90694,148.22,0.9756,live,0.2781,0.2372,191.79,808.63
155664.564042,80.0,0.3427,3,3,0,0.84141,0.89583,0.83437,0.82639,0.85078,0.76667,0.88672,0.75556,0.91875,0.75833,0.89453,0.69722,0.93047,0.64583,0.91641,0.68056,0.89922,0.71528,0.92031,0.73056,0.96406,0.67083,0.94453,0.70972,0.92500,0.74028,0.93750,0.77361,0.98125,0.72222,0.96016,0.75139,0.93672,0.77639,0.94766,0.82361,0.98359,0.78750,0.96719,0.79306,0.94531,0.80417,0.60807,0.81658,0.9997,0.76074,1.00000,0.8176,0.84356,0.89007,0.9901,0.76595,0.91923,0.84141,0.89583,143.41,0.9768,live,0.2781,0.2551,207.83,814.84
155664.630660,80.0,0.4315,3,3,0,0.83203,0.89306,0.82422,0.82361,0.83906,0.76250,0.87500,0.75139,0.90547,0.75972,0.88125,0.69306,0.91406,0.63889,0.90000,0.67639,0.88359,0.71111,0.90625,0.72639,0.94766,0.66528,0.92891,0.70556,0.91016,0.73472,0.92422,0.76806,0.96797,0.71806,0.94609,0.75000,0.92344,0.77361,0.93516,0.81806,0.97031,0.78194,0.95469,0.79028,0.93359,0.80278,0.60920,0.81931,0.9997,0.76496,1.00000,0.8216,0.83918,0.88394,0.9904,0.77917,0.91400,0.83203,0.89306,141.56,0.9810,live,0.2781,0.2739,224.33,818.99
155664.697521,80.0,0.5206,3,3,0,0.81797,0.89583,0.80781,0.82917,0.82031,0.76389,0.85469,0.74861,0.88594,0.75556,0.86328,0.69167,0.89531,0.63472,0.88047,0.67500,0.86406,0.71250,0.88984,0.72361,0.93047,0.65972,0.91016,0.70278,0.89219,0.73194,0.90859,0.76528,0.95000,0.71528,0.92656,0.74861,0.90547,0.77222,0.91953,0.81528,0.95234,0.77778,0.93672,0.78889,0.91719,0.80139,0.60930,0.81877,0.9998,0.76139,1.00000,0.8252,0.83384,0.88473,0.9908,0.78693,0.91037,0.81797,0.89583,142.31,0.9866,live,0.2781,0.2597,213.82,823.18
155664.763901,80.0,0.6091,3,3,0,0.80156,0.89167,0.78750,0.82222,0.79141,0.75556,0.82266,0.73472,0.85469,0.73750,0.84062,0.68472,0.86875,0.62083,0.85547,0.65417,0.83984,0.69583,0.86641,0.71528,0.90547,0.64861,0.88672,0.68194,0.86797,0.71389,0.88438,0.75556,0.92422,0.70278,0.90234,0.72917,0.88047,0.75556,0.89609,0.80556,0.92734,0.76667,0.91016,0.77500,0.88906,0.79028,0.60950,0.81808,0.9998,0.75915,1.00000,0.8283,0.82248,0.88519,0.9911,0.78986,0.90663,0.80156,0.89167,139.28,0.9801,live,0.2781,0.2638,217.54,824.68
155664.830800,80.0,0.6983,3,3,0,0.77266,0.86111,0.75703,0.79167,0.75625,0.72778,0.78203,0.70139,0.81094,0.69861,0.80469,0.64167,0.82578,0.58194,0.81406,0.61528,0.80156,0.65417,0.83047,0.66944,0.86094,0.60417,0.84141,0.63889,0.82500,0.67222,0.85000,0.70972,0.88281,0.65694,0.85625,0.68750,0.83437,0.71667,0.86484,0.76250,0.88828,0.71806,0.86562,0.73194,0.84297,0.75278,0.60934,0.81558,0.9998,0.76688,1.00000,0.8328,0.82035,0.83765,0.9914,0.78642,0.89752,0.77266,0.86111,143.43,0.9845,live,0.2635,0.1972,163.45,828.99
155664.897646,80.0,0.7875,3,3,0,0.74687,0.80139,0.72813,0.73194,0.72266,0.66528,0.73984,0.62778,0.76016,0.61944,0.76484,0.58194,0.77109,0.51111,0.75313,0.54028,0.74453,0.57639,0.78750,0.60000,0.80625,0.52361,0.77891,0.55833,0.76719,0.59167,0.80547,0.63333,0.82812,0.56250,0.79688,0.59306,0.78203,0.62361,0.81953,0.67917,0.83594,0.62361,0.80937,0.63889,0.79297,0.66389,0.60841,0.81262,0.9998,0.76627,1.00000,0.8364,0.78797,0.78403,0.9918,0.77851,0.87830,0.74687,0.80139,135.18,0.9888,live,0.2445,0.1580,130.64,826.84
155664.964008,80.0,0.8759,3,3,0,0.72656,0.72083,0.70547,0.63750,0.70234,0.56806,0.70703,0.51528,0.71016,0.46528,0.74141,0.50000,0.73594,0.43194,0.71484,0.41667,0.69922,0.42222,0.75547,0.50278,0.75156,0.42917,0.72734,0.43194,0.71016,0.44861,0.76641,0.51528,0.76484,0.45417,0.73750,0.46250,0.71953,0.48056,0.77344,0.54028,0.77500,0.48889,0.75156,0.49861,0.73516,0.51667,0.60815,0.81282,0.9998,0.77007,1.00000,0.8426,0.73473,0.67624,0.9924,0.76812,0.84680,0.72656,0.72083,128.71,0.9358,live,0.2310,0.1692,138.82,820.29
155665.031246,80.0,0.9656,3,3,0,0.68203,0.54028,0.64766,0.45556,0.63750,0.37917,0.64531,0.31528,0.65469,0.26250,0.66016,0.33472,0.66016,0.26944,0.65469,0.25000,0.65000,0.24722,0.67969,0.33472,0.68437,0.26667,0.67812,0.25694,0.67266,0.26389,0.70000,0.34444,0.70625,0.28056,0.69844,0.27639,0.69141,0.29167,0.72109,0.36111,0.72344,0.30278,0.71562,0.29583,0.70703,0.30556,0.60626,0.80708,0.9998,0.77233,0.96225,0.8515,0.71527,0.52915,0.9930,0.75090,0.78550,0.68203,0.54028,129.32,0.9460,live,0.2147,0.1404,114.44,814.97
155665.097520,80.0,0.0540,3,1,1,0.66328,0.30556,0.63047,0.26667,0.61484,0.19722,0.61797,0.13333,0.63203,0.08750,0.63438,0.11389,0.63203,0.04444,0.62891,0.05694,0.62891,0.09444,0.65859,0.11111,0.66094,0.03472,0.65547,0.05556,0.65156,0.09583,0.68047,0.12083,0.68516,0.04583,0.67656,0.06667,0.67188,0.10694,0.70234,0.14167,0.70078,0.08194,0.69063,0.09167,0.68437,0.12361,0.60078,0.78991,0.9998,0.76222,0.80793,0.8594,0.68457,0.33796,0.9936,0.73338,0.68951,0.66328,0.30556,125.11,0.9803,live,0.2147,0.2236,180.51,807.25
155665.164733,80.0,0.1436,3,1,1,0.65234,0.23889,0.61562,0.16250,0.60391,0.09028,0.60703,0.03056,0.61562,0.00000,0.62031,0.04583,0.62187,0.00000,0.62500,0.00000,0.62891,0.00000,0.64141,0.04306,0.64375,0.00000,0.64609,0.00000,0.64844,0.00000,0.66016,0.04722,0.66406,0.00000,0.66484,0.00000,0.66641,0.00000,0.68203,0.06250,0.68516,0.00972,0.68437,0.00000,0.68359,0.00000,0.59636,0.77773,0.9998,0.73677,0.72487,0.8674,0.66733,0.24424,0.9940,0.71717,0.59939,0.65234,0.23889,124.77,0.8847,live,0.2311,0.3060,244.88,800.21
155665.231083,80.0,0.2320,3,1,1,0.64062,0.18333,0.60938,0.11806,0.59766,0.05694,0.60078,0.00000,0.60781,0.00000,0.60547,0.00417,0.60391,0.00000,0.60547,0.00000,0.60781,0.00000,0.62656,0.00000,0.62656,0.00000,0.62734,0.00000,0.62813,0.00000,0.64687,0.00000,0.64844,0.00000,0.64922,0.00000,0.65000,0.00000,0.66797,0.01111,0.67109,0.00000,0.67188,0.00000,0.67266,0.00000,0.59561,0.76856,0.9998,0.72772,0.61834,0.8774,0.65697,0.17506,0.9945,0.70186,0.51618,0.64062,0.18333,119.71,0.9035,live,0.2591,0.3863,305.35,790.38
155665.297797,80.0,0.3210,3,1,1,0.62500,0.14444,0.59375,0.08750,0.58359,0.01528,0.58828,0.00000,0.59844,0.00000,0.60234,0.00000,0.60156,0.00000,0.60078,0.00000,0.60234,0.00000,0.62109,0.00000,0.62109,0.00000,0.62109,0.00000,0.62109,0.00000,0.63828,0.00000,0.64062,0.00000,0.64062,0.00000,0.64062,0.00000,0.65859,0.00000,0.66250,0.00000,0.66250,0.00000,0.66328,0.00000,0.59523,0.75896,0.9998,0.71969,0.59026,0.8859,0.65004,0.16650,0.9948,0.68649,0.44183,0.62500,0.14444,99.16,0.9627,live,0.2969,0.4692,359.86,766.93
155665.364326,80.0,0.4097,3,1,1,0.61953,0.15417,0.58828,0.10694,0.57578,0.03611,0.57500,0.00000,0.58672,0.00000,0.59609,0.00000,0.59375,0.00000,0.58750,0.00000,0.58203,0.00000,0.61484,0.00000,0.61328,0.00000,0.60625,0.00000,0.59766,0.00000,0.63359,0.00000,0.63438,0.00000,0.62578,0.00000,0.61641,0.00000,0.65469,0.00139,0.65469,0.00000,0.64766,0.00000,0.63828,0.00000,0.59240,0.75762,0.9998,0.71793,0.62676,0.8930,0.64965,0.18702,0.9951,0.67310,0.38430,0.61953,0.15417,105.00,0.9735,live,0.3387,0.5289,396.97,750.50
155665.431333,80.0,0.4990,3,1,1,0.61875,0.17778,0.58281,0.12778,0.57109,0.05694,0.57109,0.00000,0.57266,0.00000,0.59375,0.01111,0.59219,0.00000,0.58281,0.00000,0.57266,0.00000,0.61328,0.00556,0.60938,0.00000,0.60000,0.00000,0.58750,0.00000,0.63125,0.00694,0.62969,0.00000,0.61953,0.00000,0.60859,0.00000,0.65234,0.01667,0.65156,0.00000,0.64375,0.00000,0.63516,0.00000,0.59234,0.75853,0.9998,0.71855,0.64583,0.8996,0.64400,0.19208,0.9954,0.66223,0.34299,0.61875,0.17778,111.80,0.9803,live,0.3781,0.5576,413.16,740.93
155665.497941,80.0,0.5879,3,1,1,0.61641,0.21806,0.58359,0.18056,0.56797,0.10833,0.56563,0.04583,0.57734,0.00000,0.59219,0.04306,0.59219,0.00000,0.58516,0.00000,0.57969,0.00000,0.61172,0.03750,0.61172,0.00000,0.60234,0.00000,0.59453,0.00000,0.63047,0.04028,0.63281,0.00000,0.62187,0.00000,0.61328,0.00000,0.65078,0.05139,0.65078,0.00000,0.64062,0.00000,0.63047,0.00000,0.59131,0.76000,0.9998,0.71703,0.65315,0.9055,0.64712,0.21074,0.9958,0.65306,0.31801,0.61641,0.21806,115.74,0.9781,live,0.4099,0.5551,408.22,735.35
155665.564642,80.0,0.6768,3,1,1,0.60859,0.27917,0.57891,0.25972,0.55937,0.18889,0.55547,0.13056,0.56719,0.08194,0.58281,0.10417,0.58047,0.03333,0.56328,0.02917,0.55547,0.05278,0.60391,0.09861,0.60859,0.01528,0.58672,0.02639,0.57734,0.06944,0.62500,0.10556,0.62969,0.02500,0.60625,0.04028,0.59844,0.07917,0.64687,0.12083,0.64531,0.05833,0.62578,0.06250,0.61641,0.09306,0.59068,0.76144,0.9997,0.71898,0.79019,0.9072,0.64113,0.27505,0.9961,0.64417,0.31024,0.60859,0.27917,116.84,0.9909,live,0.4269,0.5039,368.45,731.23
155665.631210,80.0,0.7655,3,1,1,0.60938,0.33611,0.57812,0.32083,0.55547,0.28472,0.54609,0.25417,0.55312,0.22639,0.57578,0.17361,0.56563,0.13472,0.55156,0.15833,0.54688,0.19306,0.60000,0.17500,0.59766,0.11667,0.57891,0.15833,0.57188,0.20556,0.62187,0.19444,0.62031,0.14583,0.59766,0.18750,0.58828,0.23056,0.64219,0.22500,0.63438,0.19861,0.61484,0.22361,0.60547,0.25278,0.59035,0.77111,0.9997,0.72012,0.88229,0.9104,0.63214,0.38713,0.9963,0.63721,0.31541,0.60938,0.33611,106.08,0.9713,live,0.4430,0.5166,371.85,719.86
155665.698219,80.0,0.8549,3,1,1,0.60078,0.61667,0.56953,0.59306,0.53906,0.53472,0.53203,0.49444,0.54844,0.46944,0.57109,0.41528,0.56016,0.34028,0.53594,0.37639,0.52812,0.41944,0.59766,0.42222,0.60000,0.32639,0.57109,0.37222,0.56172,0.42222,0.62266,0.44583,0.62344,0.36389,0.59219,0.41389,0.58203,0.45972,0.64687,0.48472,0.64531,0.42778,0.61953,0.45556,0.60859,0.49167,0.58924,0.77815,0.9997,0.72202,0.97630,0.9113,0.62729,0.55264,0.9965,0.62992,0.37566,0.60078,0.61667,127.73,0.9985,live,0.4219,0.3257,236.25,725.44
155665.764783,80.0,0.9436,3,1,1,0.60391,0.56528,0.57344,0.57222,0.54375,0.58472,0.52891,0.63194,0.52344,0.68194,0.56484,0.51389,0.54922,0.54444,0.53438,0.62361,0.52344,0.67778,0.60234,0.53333,0.59297,0.54167,0.56641,0.62500,0.54609,0.69167,0.63594,0.56111,0.62734,0.58056,0.60156,0.65417,0.58203,0.70833,0.66563,0.59444,0.66328,0.63056,0.64375,0.67917,0.62813,0.71111,0.60330,0.77165,0.9997,0.72232,1.00000,0.9103,0.61739,0.78141,0.9963,0.62472,0.41359,0.60391,0.56528,77.12,0.9782,live,0.3921,0.2567,178.14,693.92
155665.831603,80.0,0.0327,3,2,0,0.59922,0.63472,0.56406,0.65694,0.53750,0.69306,0.52734,0.74444,0.51641,0.78750,0.56953,0.61944,0.55156,0.67500,0.53516,0.74444,0.52187,0.79444,0.60469,0.63333,0.58672,0.69167,0.56172,0.76944,0.54609,0.82361,0.63281,0.65833,0.61562,0.72222,0.59297,0.79444,0.57969,0.83889,0.65391,0.68889,0.64375,0.74583,0.62500,0.80000,0.61250,0.82778,0.60184,0.76296,0.9997,0.71159,1.00000,0.9046,0.61688,0.91763,0.9954,0.61962,0.45781,0.59922,0.63472,61.44,0.9973,live,0.3591,0.2083,136.44,654.89
155665.898210,80.0,0.1215,3,2,0,0.60078,0.86250,0.56875,0.84722,0.53359,0.82222,0.51328,0.84583,0.50391,0.88194,0.57656,0.71111,0.54766,0.74444,0.51797,0.82361,0.50234,0.87778,0.61484,0.74167,0.59297,0.75556,0.55391,0.84306,0.52969,0.90000,0.64141,0.79028,0.62969,0.80694,0.58437,0.89306,0.55469,0.93889,0.65859,0.84861,0.64687,0.88889,0.61172,0.94167,0.58672,0.96111,0.60257,0.76532,0.9997,0.70324,1.00000,0.9002,0.61670,0.94993,0.9942,0.61585,0.53875,0.60078,0.86250,105.29,0.9996,live,0.3441,0.2762,180.11,652.11
155665.964874,80.0,0.2104,3,2,0,0.58047,0.92778,0.54922,0.90556,0.51953,0.89167,0.50391,0.90833,0.49922,0.92639,0.56250,0.73056,0.53828,0.75556,0.51016,0.83194,0.49531,0.88750,0.60156,0.76111,0.58437,0.77222,0.54609,0.86250,0.52578,0.92222,0.62969,0.81944,0.62187,0.82778,0.57891,0.90972,0.55078,0.96389,0.64766,0.88889,0.64062,0.90556,0.60781,0.95556,0.58437,0.98472,0.60127,0.77394,0.9997,0.69411,1.00000,0.8943,0.61142,0.96783,0.9925,0.60878,0.61656,0.58047,0.92778,128.75,0.9999,live,0.3441,0.3464,230.92,666.56
155666.031805,80.0,0.2997,3,2,0,0.60781,0.80139,0.55937,0.80694,0.52109,0.84306,0.49844,0.89722,0.49297,0.92083,0.54766,0.75278,0.51641,0.80139,0.49453,0.84861,0.48125,0.88750,0.58125,0.77639,0.55703,0.82222,0.53281,0.88750,0.51875,0.93611,0.61172,0.81528,0.59375,0.86944,0.56641,0.92222,0.54922,0.95972,0.63672,0.86667,0.62109,0.92361,0.59844,0.96389,0.57969,0.99028,0.59923,0.77492,0.9997,0.68254,1.00000,0.8886,0.59896,0.97436,0.9887,0.60858,0.65352,0.60781,0.80139,80.82,0.9568,live,0.3530,0.3934,253.64,644.76
155666.098213,80.0,0.3882,3,2,0,0.60625,0.84306,0.54609,0.83889,0.50234,0.85694,0.47813,0.90000,0.48125,0.91389,0.52891,0.74306,0.50156,0.81667,0.48672,0.87222,0.48047,0.90139,0.56875,0.76806,0.53438,0.84306,0.51406,0.90694,0.50625,0.94028,0.60313,0.81528,0.57109,0.89028,0.54531,0.94167,0.53281,0.96667,0.62813,0.87361,0.60000,0.93472,0.57422,0.97361,0.55859,0.99306,0.59506,0.77806,0.9997,0.68138,1.00000,0.8860,0.59178,0.95391,0.9872,0.60812,0.69143,0.60625,0.84306,97.07,0.9726,live,0.3681,0.4367,278.31,637.28
155666.165032,80.0,0.4773,3,2,0,0.58359,0.93056,0.53047,0.89583,0.49844,0.88056,0.47422,0.90139,0.47500,0.91250,0.52500,0.74861,0.50547,0.76806,0.48438,0.82917,0.46875,0.88056,0.56250,0.77500,0.54375,0.77639,0.51328,0.85556,0.49297,0.90972,0.59453,0.82083,0.57578,0.83611,0.54219,0.90833,0.52109,0.95694,0.61797,0.88056,0.60000,0.90556,0.57109,0.95278,0.55000,0.98611,0.59278,0.77913,0.9997,0.67477,1.00000,0.8813,0.58894,0.95988,0.9853,0.60321,0.73925,0.58359,0.93056,118.82,0.9276,live,0.3877,0.4769,308.25,646.36
155666.231787,80.0,0.5663,3,2,0,0.57578,0.96944,0.53516,0.93611,0.50625,0.91528,0.48438,0.91250,0.47969,0.91944,0.54063,0.74167,0.51328,0.75833,0.48672,0.82500,0.47031,0.88056,0.57578,0.77361,0.55469,0.76250,0.52031,0.85000,0.50234,0.91111,0.60391,0.82778,0.59375,0.82083,0.55234,0.89583,0.52969,0.95000,0.62422,0.89722,0.61328,0.89306,0.57891,0.94167,0.55703,0.97639,0.59216,0.77958,0.9997,0.67648,1.00000,0.8868,0.58160,0.95404,0.9856,0.59773,0.78529,0.57578,0.96944,136.72,0.9988,live,0.3982,0.4463,297.80,667.23
155666.298276,80.0,0.6550,3,2,0,0.58281,0.97222,0.54375,0.94583,0.51328,0.91944,0.49375,0.90972,0.49297,0.90694,0.55234,0.73889,0.52266,0.75417,0.49609,0.82222,0.48203,0.87639,0.58828,0.76528,0.56484,0.76806,0.53125,0.84861,0.51484,0.90556,0.61641,0.81806,0.60391,0.82222,0.56484,0.89167,0.54219,0.94306,0.63516,0.88611,0.62344,0.89722,0.59062,0.94444,0.56875,0.97917,0.59213,0.77966,0.9997,0.67729,1.00000,0.8905,0.58292,0.97416,0.9855,0.59474,0.82268,0.58281,0.97222,140.71,0.9998,live,0.4042,0.4314,297.04,688.47
155666.364859,80.0,0.7437,3,2,0,0.60391,0.96806,0.56797,0.94028,0.53828,0.90556,0.52031,0.89167,0.51797,0.88611,0.57578,0.74722,0.55469,0.73611,0.53047,0.80556,0.51797,0.85833,0.61250,0.77500,0.60234,0.75000,0.56719,0.83472,0.55078,0.89444,0.64062,0.82778,0.63906,0.80972,0.60078,0.88056,0.57812,0.93056,0.66016,0.89167,0.65547,0.88889,0.62344,0.93333,0.60156,0.96528,0.59894,0.77950,0.9996,0.67724,1.00000,0.8847,0.60298,0.96870,0.9842,0.59658,0.85175,0.60391,0.96806,135.75,0.9997,live,0.4042,0.4057,285.42,703.60
155666.431940,80.0,0.8332,3,2,0,0.63438,0.94722,0.60078,0.92222,0.57656,0.87639,0.58125,0.86528,0.60703,0.86528,0.62734,0.73750,0.62500,0.71806,0.60703,0.79028,0.59609,0.83750,0.66328,0.75972,0.67500,0.71944,0.64687,0.80278,0.62578,0.85139,0.68828,0.80278,0.69688,0.79444,0.66797,0.86250,0.64687,0.89444,0.70234,0.85694,0.70078,0.86667,0.67812,0.91111,0.66172,0.92639,0.60843,0.78047,0.9997,0.72403,1.00000,0.8788,0.68930,0.96652,0.9842,0.60414,0.87085,0.63438,0.94722,132.18,0.9987,live,0.3921,0.3369,240.63,714.34
155666.498188,80.0,0.9215,3,2,0,0.63438,0.94722,0.60078,0.92222,0.57656,0.87639,0.58125,0.86528,0.60703,0.86528,0.62734,0.73750,0.62500,0.71806,0.60703,0.79028,0.59609,0.83750,0.66328,0.75972,0.67500,0.71944,0.64687,0.80278,0.62578,0.85139,0.68828,0.80278,0.69688,0.79444,0.66797,0.86250,0.64687,0.89444,0.70234,0.85694,0.70078,0.86667,0.67812,0.91111,0.66172,0.92639,0.60851,0.80412,0.9997,0.75424,1.00000,0.8781,0.76580,0.93747,0.9852,0.60414,0.87085,0.63438,0.94722,132.18,0.5992,hold,0.3921,0.3369,240.63,714.34
155666.564927,80.0,0.0105,3,3,0,0.78672,0.90556,0.75547,0.84722,0.75859,0.78750,0.79219,0.79306,0.83047,0.80278,0.81953,0.69028,0.83828,0.64722,0.82891,0.69583,0.81484,0.73750,0.85703,0.72083,0.89297,0.66111,0.87187,0.72778,0.84688,0.77500,0.88359,0.76389,0.92031,0.71667,0.90078,0.77500,0.87500,0.81528,0.90078,0.81389,0.93125,0.78333,0.91797,0.82083,0.89609,0.84861,0.60825,0.80282,0.9997,0.74289,1.00000,0.8695,0.80798,0.88426,0.9856,0.64065,0.87779,0.78672,0.90556,154.57,0.9724,live,0.3633,0.2322,171.83,739.91
155666.631850,80.0,0.0997,3,3,0,0.82344,0.88750,0.80312,0.82222,0.81172,0.75972,0.85859,0.75694,0.90156,0.76806,0.86641,0.65972,0.90000,0.62361,0.90234,0.66806,0.89375,0.71806,0.90781,0.68750,0.95078,0.62917,0.94844,0.68056,0.93359,0.72778,0.93594,0.73333,0.97969,0.69028,0.97813,0.73750,0.96250,0.77778,0.95000,0.79167,0.99922,0.75972,0.99922,0.77361,0.99922,0.78889,0.60593,0.80578,0.9997,0.74380,1.00000,0.8635,0.84739,0.84857,0.9862,0.67721,0.87973,0.82344,0.88750,168.04,0.9844,live,0.3380,0.2225,171.82,772.11
155666.698716,80.0,0.1889,3,3,0,0.84766,0.86528,0.83672,0.79722,0.85156,0.74306,0.89922,0.73611,0.94219,0.73333,0.89766,0.64444,0.93516,0.60139,0.94141,0.63472,0.93828,0.68194,0.93437,0.67639,0.98359,0.61528,0.98203,0.65833,0.97109,0.70694,0.95703,0.72083,0.99922,0.67778,0.99922,0.71250,0.98984,0.75000,0.96797,0.77500,0.99922,0.74167,0.99922,0.75278,0.99922,0.77083,0.60533,0.80787,0.9997,0.74926,1.00000,0.8589,0.86427,0.81343,0.9863,0.71130,0.87684,0.84766,0.86528,161.06,0.9761,live,0.3179,0.2266,180.24,795.42
155666.765309,80.0,0.2777,3,3,0,0.85078,0.85972,0.84297,0.79306,0.85859,0.73750,0.90469,0.72639,0.94766,0.72083,0.90469,0.63472,0.94063,0.59583,0.94766,0.62778,0.94375,0.67500,0.93984,0.66806,0.98672,0.61111,0.98828,0.64861,0.97969,0.69306,0.96250,0.71389,0.99922,0.67083,0.99922,0.69722,0.99766,0.73194,0.97266,0.76944,0.99922,0.73750,0.99922,0.74722,0.99922,0.76389,0.60511,0.81259,0.9997,0.75393,1.00000,0.8574,0.87123,0.78936,0.9870,0.73920,0.87342,0.85078,0.85972,163.59,0.9821,live,0.3041,0.2409,197.00,817.75
155666.832150,80.0,0.3668,3,3,0,0.85000,0.85556,0.83828,0.78889,0.85156,0.73194,0.89687,0.72361,0.94063,0.72361,0.89844,0.63472,0.93750,0.58750,0.94297,0.62361,0.93750,0.67361,0.93359,0.66667,0.98516,0.60139,0.98438,0.64861,0.97109,0.70000,0.95703,0.71111,0.99922,0.65833,0.99922,0.69306,0.98750,0.73611,0.96953,0.76250,0.99922,0.72361,0.99922,0.73750,0.99844,0.76389,0.60627,0.81437,0.9997,0.75216,1.00000,0.8526,0.87168,0.79210,0.9875,0.76136,0.86984,0.85000,0.85556,160.03,0.9808,live,0.2962,0.2601,217.18,834.85
155666.898404,80.0,0.4551,3,3,0,0.83672,0.86250,0.82422,0.79722,0.83672,0.73889,0.88125,0.73194,0.92422,0.72500,0.88516,0.63611,0.92031,0.59167,0.92734,0.62639,0.92344,0.67639,0.92109,0.66944,0.96875,0.59722,0.96953,0.64167,0.95547,0.69306,0.94297,0.71667,0.98906,0.66806,0.98750,0.70417,0.96875,0.74722,0.95312,0.77361,0.99062,0.74167,0.99375,0.75833,0.97891,0.78333,0.60646,0.81521,0.9997,0.75977,1.00000,0.8518,0.86085,0.80016,0.9880,0.77643,0.86838,0.83672,0.86250,161.09,0.9777,live,0.2962,0.2717,231.09,850.65
155666.965315,80.0,0.5444,3,3,0,0.82734,0.86528,0.80781,0.80278,0.81641,0.74167,0.86016,0.73611,0.90391,0.73056,0.87109,0.63889,0.90391,0.59583,0.90547,0.63750,0.89766,0.68889,0.90781,0.66806,0.95156,0.59306,0.94766,0.64583,0.93203,0.69722,0.93203,0.71250,0.97734,0.65417,0.97266,0.70000,0.95156,0.74722,0.94531,0.76806,0.98516,0.73194,0.98281,0.76111,0.96250,0.79583,0.60699,0.81511,0.9998,0.76477,1.00000,0.8531,0.85587,0.80493,0.9887,0.78661,0.86776,0.82734,0.86528,161.79,0.9824,live,0.2915,0.2702,233.73,865.06
155667.032330,80.0,0.6337,3,3,0,0.80625,0.86944,0.78516,0.80417,0.78984,0.73889,0.83281,0.73472,0.87578,0.74028,0.84688,0.64167,0.87813,0.59583,0.87344,0.64028,0.86406,0.68889,0.88281,0.66806,0.92812,0.59167,0.91641,0.64444,0.89922,0.69167,0.90703,0.71111,0.95234,0.65417,0.93984,0.70139,0.91719,0.74306,0.92109,0.76944,0.96094,0.73333,0.95312,0.75556,0.93125,0.78194,0.60569,0.81502,0.9998,0.76169,1.00000,0.8531,0.84484,0.80754,0.9893,0.79054,0.86809,0.80625,0.86944,160.75,0.9899,live,0.2784,0.2190,192.05,876.99
155667.098734,80.0,0.7222,3,3,0,0.78438,0.85694,0.76094,0.79444,0.75859,0.72917,0.79297,0.71806,0.83125,0.71944,0.81406,0.62639,0.83750,0.57222,0.82734,0.61944,0.81563,0.67083,0.85000,0.65139,0.88828,0.57083,0.87266,0.62639,0.85547,0.67500,0.87578,0.69306,0.91484,0.62917,0.89766,0.67778,0.87734,0.72083,0.89297,0.75139,0.92578,0.70694,0.91250,0.73056,0.89219,0.75972,0.60584,0.81273,0.9998,0.76120,1.00000,0.8526,0.82322,0.81092,0.9899,0.78931,0.86586,0.78438,0.85694,158.54,0.9890,live,0.2673,0.2169,192.12,885.91
155667.165381,80.0,0.8111,3,3,0,0.75938,0.79861,0.73672,0.73472,0.72734,0.67083,0.75156,0.64861,0.78281,0.64444,0.78125,0.56389,0.80000,0.50417,0.78672,0.54861,0.77344,0.59722,0.81328,0.58611,0.84375,0.50556,0.83047,0.55556,0.81484,0.60278,0.83750,0.62361,0.87031,0.55417,0.85781,0.59861,0.83984,0.63889,0.85547,0.67500,0.88516,0.62639,0.87578,0.64583,0.85625,0.66944,0.60599,0.81160,0.9998,0.75586,1.00000,0.8567,0.79934,0.77061,0.9907,0.78332,0.85241,0.75938,0.79861,153.79,0.9831,live,0.2488,0.1644,146.39,890.33
155667.232034,80.0,0.9000,3,3,0,0.73828,0.70000,0.71094,0.63056,0.70391,0.56250,0.72031,0.51944,0.73672,0.48333,0.74297,0.45972,0.74922,0.39444,0.74609,0.40556,0.74219,0.44028,0.77187,0.47222,0.78906,0.39444,0.78438,0.40139,0.77734,0.42917,0.79453,0.50000,0.81797,0.43194,0.81016,0.44028,0.80000,0.46667,0.81328,0.54306,0.83437,0.49306,0.82344,0.50000,0.81016,0.52083,0.60524,0.81153,0.9998,0.75814,1.00000,0.8599,0.77299,0.68137,0.9914,0.77431,0.82193,0.73828,0.70000,149.77,0.9717,live,0.2260,0.1221,108.86,891.32
155667.298757,80.0,0.9889,3,3,0,0.71094,0.60000,0.68203,0.52083,0.67344,0.45278,0.67891,0.39722,0.68672,0.34444,0.70937,0.37361,0.70937,0.31250,0.69688,0.28611,0.68359,0.28056,0.72969,0.37361,0.73359,0.30694,0.72188,0.28472,0.70859,0.28333,0.74766,0.38611,0.75469,0.32778,0.74297,0.30833,0.72891,0.30694,0.76406,0.41389,0.77344,0.36389,0.76484,0.35000,0.75234,0.35139,0.60532,0.81059,0.9998,0.75995,1.00000,0.8652,0.73462,0.55248,0.9921,0.76164,0.77754,0.71094,0.60000,138.45,0.8977,live,0.2047,0.1078,95.31,884.05
155667.365349,80.0,0.0777,3,1,1,0.67422,0.49444,0.64375,0.41806,0.63203,0.34861,0.63281,0.29028,0.64062,0.24306,0.65703,0.28194,0.65625,0.22222,0.64453,0.19444,0.63516,0.18889,0.67500,0.27778,0.67969,0.20694,0.66797,0.18889,0.65859,0.19861,0.69297,0.28611,0.70156,0.22222,0.68906,0.20278,0.67969,0.22083,0.71172,0.30833,0.71953,0.25000,0.71016,0.23333,0.70078,0.25278,0.60552,0.80730,0.9998,0.76561,0.92335,0.8708,0.69999,0.47176,0.9927,0.74415,0.72092,0.67422,0.49444,131.36,0.9562,live,0.1932,0.1405,122.56,872.54
155667.432351,80.0,0.1671,3,1,1,0.64844,0.41528,0.61562,0.35278,0.60000,0.29306,0.59922,0.23889,0.60625,0.19306,0.62422,0.22500,0.62344,0.16806,0.61172,0.15000,0.60000,0.15000,0.64141,0.22083,0.64453,0.15278,0.63125,0.14167,0.61719,0.15000,0.65859,0.22639,0.66563,0.16250,0.65469,0.15278,0.64219,0.17083,0.67734,0.24583,0.68281,0.19028,0.67344,0.17500,0.66172,0.18472,0.60421,0.79862,0.9997,0.76539,0.85339,0.8759,0.67314,0.42086,0.9932,0.72501,0.65980,0.64844,0.41528,119.47,0.9679,live,0.1932,0.2015,172.01,853.86
155667.499306,80.0,0.2563,3,1,1,0.63594,0.36528,0.60469,0.32083,0.58750,0.26389,0.58516,0.21250,0.59297,0.16806,0.60938,0.20139,0.60703,0.14722,0.59609,0.13194,0.58516,0.13750,0.62656,0.19583,0.62500,0.13056,0.61250,0.12083,0.60078,0.13750,0.64297,0.20139,0.64609,0.13611,0.63516,0.12639,0.62578,0.14722,0.66172,0.21667,0.66484,0.16111,0.65625,0.15000,0.64687,0.16528,0.60206,0.79127,0.9998,0.76111,0.81584,0.8823,0.66382,0.39332,0.9938,0.70720,0.60089,0.63594,0.36528,106.31,0.9683,live,0.2062,0.2657,219.98,827.94
155667.565914,80.0,0.3451,3,1,1,0.62969,0.34722,0.59922,0.30972,0.58281,0.25833,0.57734,0.20833,0.58516,0.16528,0.60156,0.20000,0.59688,0.15000,0.58672,0.13333,0.57734,0.13611,0.61797,0.19167,0.61641,0.13056,0.60469,0.11667,0.59219,0.13056,0.63516,0.19444,0.63750,0.13333,0.62656,0.11944,0.61562,0.13750,0.65312,0.20694,0.65547,0.15833,0.64766,0.14306,0.63594,0.15139,0.60091,0.78847,0.9998,0.76090,0.77638,0.8884,0.66008,0.37923,0.9942,0.69169,0.55016,0.62969,0.34722,99.12,0.9778,live,0.2280,0.3270,261.55,799.96
155667.632512,80.0,0.4339,3,1,1,0.62422,0.34167,0.59531,0.30972,0.57812,0.25833,0.57188,0.20833,0.57891,0.16389,0.59531,0.20278,0.58984,0.15556,0.57891,0.13750,0.57031,0.13750,0.61250,0.19167,0.61016,0.13194,0.59766,0.11806,0.58516,0.13194,0.62891,0.19306,0.63203,0.13333,0.61875,0.11944,0.60781,0.13611,0.64687,0.20556,0.64922,0.15833,0.63906,0.14167,0.62813,0.14861,0.59929,0.78538,0.9998,0.75610,0.78651,0.8941,0.65408,0.37175,0.9947,0.67820,0.50846,0.62422,0.34167,95.97,0.9848,live,0.2554,0.3803,294.02,773.06
155667.699094,80.0,0.5227,3,1,1,0.62109,0.34583,0.59062,0.31250,0.57266,0.26250,0.56641,0.21250,0.57422,0.16806,0.59297,0.20833,0.58672,0.16111,0.57500,0.14306,0.56563,0.14444,0.60859,0.19722,0.60703,0.13750,0.59375,0.12361,0.58125,0.13750,0.62500,0.19861,0.62734,0.13889,0.61484,0.12361,0.60313,0.14028,0.64297,0.20833,0.64531,0.15972,0.63438,0.14167,0.62266,0.15139,0.59675,0.78539,0.9998,0.75285,0.79402,0.8991,0.64634,0.38078,0.9951,0.66678,0.47593,0.62109,0.34583,95.10,0.9854,live,0.2838,0.4132,309.40,748.77
155667.765480,80.0,0.6112,3,1,1,0.61719,0.35278,0.58672,0.32083,0.56875,0.26944,0.56250,0.21944,0.56953,0.17639,0.59062,0.21389,0.58359,0.16806,0.57188,0.15000,0.56172,0.15000,0.60625,0.20278,0.60391,0.14444,0.58984,0.12917,0.57734,0.14306,0.62266,0.20417,0.62500,0.14444,0.61094,0.12917,0.59922,0.14444,0.64062,0.21528,0.64219,0.16667,0.63125,0.15000,0.61875,0.16111,0.59475,0.77751,0.9998,0.74657,0.79422,0.9021,0.63957,0.37470,0.9955,0.65686,0.45130,0.61719,0.35278,95.49,0.9857,live,0.3085,0.4209,306.29,727.67
155667.832387,80.0,0.7004,3,1,1,0.61250,0.36667,0.58359,0.33750,0.56484,0.28472,0.55859,0.23472,0.56406,0.19306,0.58750,0.22778,0.58125,0.18194,0.56953,0.16389,0.55937,0.16111,0.60313,0.21806,0.60078,0.15833,0.58594,0.14306,0.57188,0.15556,0.62031,0.22083,0.62266,0.15694,0.60859,0.14444,0.59609,0.16111,0.63750,0.23333,0.63906,0.18194,0.62734,0.16944,0.61406,0.18194,0.59522,0.77763,0.9998,0.74400,0.79564,0.9042,0.63986,0.38261,0.9957,0.64799,0.43438,0.61250,0.36667,94.50,0.9844,live,0.3258,0.4048,286.72,708.39
155667.899276,80.0,0.7896,3,1,1,0.59688,0.40417,0.57188,0.37778,0.55312,0.32778,0.54609,0.28333,0.55234,0.24583,0.57578,0.26389,0.57031,0.21111,0.55547,0.19861,0.54297,0.20139,0.59141,0.25556,0.59141,0.18750,0.57344,0.17917,0.56094,0.19722,0.60859,0.25972,0.61094,0.19028,0.59375,0.18750,0.58281,0.20694,0.62578,0.27361,0.62813,0.21806,0.61328,0.20833,0.60078,0.22222,0.59427,0.77683,0.9998,0.73722,0.86738,0.9061,0.63139,0.40550,0.9960,0.63777,0.42833,0.59688,0.40417,94.29,0.9815,live,0.3325,0.3629,250.85,691.27
155667.965878,80.0,0.8784,3,1,1,0.57422,0.46806,0.54922,0.44861,0.52500,0.40556,0.51172,0.37083,0.51250,0.33889,0.54688,0.32639,0.53828,0.26250,0.51641,0.26944,0.50313,0.29167,0.56250,0.32500,0.55469,0.24722,0.52969,0.25972,0.51875,0.29028,0.57969,0.33472,0.57500,0.26111,0.55000,0.27639,0.53828,0.30556,0.59922,0.35417,0.59297,0.30000,0.57266,0.30694,0.56094,0.32917,0.59095,0.77771,0.9998,0.73340,0.92306,0.9093,0.60569,0.48079,0.9962,0.62506,0.43628,0.57422,0.46806,92.47,0.9946,live,0.3325,0.3113,210.10,674.90
155668.032640,80.0,0.9675,3,1,1,0.55781,0.51667,0.53125,0.49306,0.50938,0.46389,0.48828,0.45000,0.46953,0.44306,0.52812,0.36806,0.49766,0.34861,0.47266,0.37639,0.45703,0.40694,0.54453,0.37500,0.51562,0.34583,0.48516,0.38194,0.46875,0.42083,0.56016,0.40139,0.53750,0.37361,0.50781,0.41250,0.49297,0.44861,0.57422,0.44028,0.55469,0.42917,0.53047,0.45556,0.51641,0.48194,0.60032,0.77940,0.9998,0.72643,0.96729,0.9099,0.58055,0.58532,0.9963,0.61161,0.45236,0.55781,0.51667,88.62,0.9914,live,0.3204,0.2651,174.37,657.72
155668.099347,80.0,0.0564,3,2,0,0.53672,0.54583,0.51484,0.53333,0.49375,0.52083,0.47734,0.51806,0.46094,0.52222,0.51094,0.45139,0.47813,0.44583,0.45937,0.48194,0.44766,0.51667,0.52578,0.45833,0.49219,0.44722,0.46641,0.48750,0.45000,0.52639,0.53984,0.48194,0.51328,0.47639,0.48672,0.51806,0.47031,0.55000,0.55156,0.51389,0.53281,0.52639,0.51172,0.55556,0.49766,0.58056,0.59818,0.77738,0.9998,0.70890,0.99982,0.9129,0.55895,0.67685,0.9965,0.59663,0.47105,0.53672,0.54583,59.68,0.9968,live,0.3061,0.2413,150.00,621.76
155668.165991,80.0,0.1453,3,2,0,0.53594,0.74306,0.49844,0.70694,0.46641,0.66944,0.44453,0.65278,0.43281,0.64028,0.49297,0.55972,0.46406,0.52778,0.44062,0.55694,0.42578,0.58750,0.51484,0.56667,0.48516,0.52083,0.45703,0.55694,0.44062,0.59583,0.53359,0.58750,0.50859,0.55000,0.48125,0.59306,0.46484,0.63472,0.55000,0.62222,0.52969,0.60278,0.50703,0.63194,0.48906,0.65972,0.59111,0.78826,0.9998,0.69091,1.00000,0.9195,0.54849,0.72241,0.9968,0.58449,0.52545,0.53594,0.74306,111.86,0.9944,live,0.2908,0.2212,138.84,627.69
155668.232863,80.0,0.2344,3,2,0,0.53906,0.77639,0.49844,0.74722,0.46719,0.71389,0.44766,0.69583,0.43828,0.67500,0.49375,0.59861,0.46406,0.56806,0.44062,0.59861,0.42656,0.63333,0.51484,0.60972,0.48828,0.56944,0.45937,0.60972,0.44531,0.65278,0.53438,0.63889,0.51328,0.60278,0.48281,0.64028,0.46797,0.67778,0.54922,0.68194,0.53203,0.65694,0.50625,0.68056,0.48906,0.70556,0.58979,0.78743,0.9998,0.68723,1.00000,0.9251,0.55047,0.76490,0.9970,0.57541,0.57564,0.53906,0.77639,106.66,0.9985,live,0.2837,0.2509,157.88,629.16
155668.299366,80.0,0.3231,3,2,0,0.54531,0.80417,0.50313,0.77083,0.47187,0.74306,0.45234,0.72778,0.44531,0.71111,0.49766,0.62361,0.46641,0.60278,0.44297,0.63333,0.42891,0.66806,0.51953,0.63472,0.48984,0.60556,0.46250,0.64861,0.45000,0.69028,0.53828,0.66528,0.51562,0.63889,0.48672,0.67778,0.47187,0.71528,0.55234,0.70972,0.53281,0.69583,0.50781,0.72083,0.49219,0.74722,0.58429,0.78612,0.9997,0.68092,1.00000,0.9311,0.54565,0.76791,0.9972,0.56939,0.62135,0.54531,0.80417,108.02,0.9983,live,0.2837,0.2826,178.46,631.44
155668.366092,80.0,0.4121,3,2,0,0.55156,0.82222,0.50781,0.78472,0.47813,0.75694,0.45937,0.73889,0.45547,0.72083,0.50703,0.64306,0.47656,0.63056,0.45156,0.65833,0.43672,0.68750,0.52891,0.65556,0.49766,0.63333,0.46953,0.67361,0.45547,0.71111,0.54609,0.68472,0.52109,0.66528,0.49219,0.70278,0.47734,0.73889,0.55937,0.73056,0.53906,0.72083,0.51562,0.74306,0.49922,0.76667,0.58102,0.78220,0.9998,0.68232,1.00000,0.9360,0.54786,0.78481,0.9974,0.56582,0.66152,0.55156,0.82222,105.80,0.9980,live,0.2890,0.3136,198.12,631.84
155668.432944,80.0,0.5012,3,2,0,0.55781,0.82917,0.51641,0.79444,0.48828,0.76944,0.46953,0.75556,0.46094,0.74306,0.51641,0.65278,0.48438,0.64583,0.46094,0.67500,0.44531,0.70556,0.53750,0.66528,0.50547,0.65139,0.47734,0.69167,0.46406,0.72917,0.55469,0.69722,0.52812,0.68472,0.50000,0.71944,0.48516,0.75417,0.56641,0.74306,0.54688,0.73611,0.52344,0.75833,0.50703,0.78056,0.57918,0.78379,0.9998,0.68263,1.00000,0.9398,0.54925,0.78992,0.9974,0.56422,0.69505,0.55781,0.82917,103.16,0.9975,live,0.2981,0.3393,213.87,630.30
155668.499139,80.0,0.5894,3,2,0,0.56172,0.83333,0.52266,0.80278,0.49609,0.77778,0.47656,0.76389,0.46797,0.75556,0.52266,0.66667,0.49141,0.65556,0.46797,0.68611,0.45234,0.71806,0.54375,0.67778,0.51328,0.65972,0.48516,0.70000,0.47187,0.73889,0.56094,0.70833,0.53516,0.69306,0.50703,0.72917,0.49219,0.76389,0.57266,0.75139,0.55312,0.74444,0.53125,0.76806,0.51562,0.78889,0.57871,0.78052,0.9998,0.68349,1.00000,0.9424,0.55407,0.79724,0.9974,0.56372,0.72271,0.56172,0.83333,98.35,0.9985,live,0.3112,0.3712,232.17,625.47
155668.565873,80.0,0.6784,3,2,0,0.56875,0.83472,0.53203,0.80556,0.50547,0.77917,0.48594,0.76667,0.47656,0.75833,0.52812,0.66806,0.49922,0.65833,0.47656,0.68889,0.46172,0.72083,0.55000,0.68056,0.52031,0.66389,0.49375,0.70417,0.48047,0.74167,0.56719,0.71111,0.54375,0.69444,0.51641,0.73194,0.50156,0.76528,0.58047,0.75417,0.56328,0.74306,0.54063,0.76806,0.52578,0.79167,0.58073,0.78398,0.9998,0.68871,1.00000,0.9467,0.56104,0.80418,0.9975,0.56473,0.74511,0.56875,0.83472,98.89,0.9991,live,0.3235,0.3794,235.81,621.61
155668.632965,80.0,0.7679,3,2,0,0.58594,0.83056,0.55000,0.80139,0.52266,0.77500,0.50391,0.76111,0.50078,0.75417,0.54922,0.66528,0.52344,0.65556,0.50156,0.68611,0.48594,0.71667,0.56953,0.67778,0.54453,0.65972,0.51875,0.69861,0.50547,0.73472,0.58750,0.70694,0.56719,0.68889,0.54219,0.72361,0.52656,0.75972,0.60156,0.74861,0.58672,0.73750,0.56641,0.76250,0.55156,0.78889,0.58329,0.79158,0.9998,0.69334,1.00000,0.9501,0.57774,0.80469,0.9977,0.56897,0.76220,0.58594,0.83056,98.04,0.9986,live,0.3235,0.3462,213.82,617.61
155668.699267,80.0,0.8563,3,2,0,0.60859,0.81806,0.57891,0.78750,0.56094,0.75139,0.55547,0.72361,0.56172,0.70694,0.57891,0.67222,0.57734,0.64306,0.56719,0.66250,0.55781,0.68611,0.59688,0.68194,0.59453,0.64861,0.58203,0.67361,0.57266,0.70000,0.61484,0.70417,0.61406,0.67500,0.60313,0.69722,0.59297,0.72361,0.62969,0.73472,0.62734,0.72222,0.61797,0.73472,0.61016,0.74861,0.59913,0.79185,0.9998,0.73832,1.00000,0.9480,0.64207,0.80487,0.9974,0.57689,0.77337,0.60859,0.81806,88.91,0.9673,live,0.3310,0.3649,221.71,607.51
155668.766036,80.0,0.9453,3,2,0,0.67969,0.80278,0.65781,0.76250,0.64531,0.71528,0.64844,0.69306,0.66797,0.68333,0.67266,0.64167,0.67031,0.60556,0.65547,0.62917,0.64844,0.65694,0.69453,0.65556,0.70312,0.60417,0.68437,0.63194,0.67109,0.66667,0.71406,0.68056,0.72578,0.63889,0.70703,0.66806,0.69297,0.69861,0.73047,0.71389,0.74219,0.68333,0.72500,0.69861,0.70937,0.72083,0.60443,0.81935,0.9998,0.73438,1.00000,0.9405,0.69435,0.80765,0.9970,0.59745,0.77925,0.67969,0.80278,101.43,0.9857,live,0.3167,0.2515,152.83,607.64
155668.833003,80.0,0.0346,3,3,0,0.71953,0.78611,0.69844,0.75139,0.68750,0.70833,0.69297,0.68472,0.71016,0.67778,0.71875,0.63056,0.72813,0.58333,0.72266,0.60417,0.71719,0.63472,0.74141,0.64444,0.75938,0.59028,0.74766,0.61528,0.73672,0.64444,0.76016,0.66944,0.78047,0.62083,0.76875,0.64306,0.75625,0.66806,0.77500,0.70417,0.79297,0.67361,0.78438,0.68056,0.77422,0.69306,0.61022,0.84117,0.9998,0.74050,1.00000,0.9358,0.73356,0.80681,0.9969,0.62187,0.78062,0.71953,0.78611,99.87,0.9867,live,0.3002,0.2254,136.72,606.63
155668.899723,80.0,0.1236,3,3,0,0.73828,0.77361,0.72031,0.74028,0.71328,0.69861,0.71875,0.67639,0.73359,0.66250,0.74375,0.62639,0.75234,0.57917,0.74766,0.59306,0.74141,0.62361,0.76484,0.63889,0.78203,0.58194,0.77266,0.60556,0.76094,0.63611,0.78203,0.66250,0.80312,0.61250,0.79297,0.63333,0.77969,0.66250,0.79609,0.70000,0.81641,0.66667,0.80703,0.67361,0.79375,0.68889,0.61623,0.85130,0.9998,0.76925,1.00000,0.9336,0.75548,0.80573,0.9970,0.64515,0.77922,0.73828,0.77361,96.37,0.9722,live,0.2865,0.2238,134.97,603.22
155668.966352,80.0,0.2124,3,3,0,0.73984,0.76667,0.72188,0.73472,0.71562,0.69444,0.72344,0.67222,0.73906,0.65833,0.74844,0.62361,0.75781,0.57778,0.75156,0.58750,0.74531,0.61667,0.76875,0.63611,0.78594,0.57917,0.77578,0.59861,0.76484,0.63056,0.78516,0.65972,0.80625,0.61111,0.79531,0.62917,0.78281,0.65694,0.79922,0.69583,0.81953,0.66111,0.81016,0.66806,0.79688,0.68472,0.61612,0.85029,0.9998,0.77753,1.00000,0.9307,0.75930,0.80113,0.9970,0.66409,0.77671,0.73984,0.76667,94.84,0.9861,live,0.2777,0.2378,142.48,599.12
155669.033113,80.0,0.3014,3,3,0,0.73828,0.76667,0.72031,0.73333,0.71406,0.69167,0.72188,0.66944,0.73750,0.65417,0.74453,0.62361,0.75391,0.57917,0.74922,0.59167,0.74375,0.62083,0.76484,0.63611,0.78203,0.58194,0.77266,0.60000,0.76094,0.63056,0.78125,0.65972,0.80156,0.61111,0.79141,0.62778,0.77891,0.65694,0.79531,0.69444,0.81406,0.65833,0.80547,0.66250,0.79219,0.67917,0.61744,0.85443,0.9998,0.77886,1.00000,0.9275,0.75895,0.80076,0.9970,0.67893,0.77470,0.73828,0.76667,93.88,0.9843,live,0.2777,0.2576,153.25,594.82
155669.099467,80.0,0.3899,3,3,0,0.73750,0.77083,0.71953,0.74028,0.71250,0.70139,0.71875,0.67917,0.73359,0.66250,0.74219,0.63056,0.75000,0.58611,0.74609,0.59583,0.74062,0.62500,0.76250,0.64167,0.77812,0.58611,0.76875,0.60556,0.75859,0.63611,0.77891,0.66389,0.79844,0.61389,0.78828,0.63194,0.77578,0.66111,0.79297,0.69722,0.81094,0.66250,0.80234,0.66806,0.78906,0.68750,0.61727,0.85428,0.9998,0.77459,1.00000,0.9236,0.75282,0.80047,0.9971,0.69064,0.77393,0.73750,0.77083,92.23,0.9869,live,0.2777,0.2767,163.19,589.85
155669.166330,80.0,0.4790,3,3,0,0.73672,0.77778,0.71797,0.74861,0.71172,0.70972,0.71953,0.68889,0.73359,0.67361,0.74141,0.63889,0.75000,0.59167,0.74531,0.60417,0.73984,0.63333,0.76094,0.65000,0.77656,0.59167,0.76719,0.61111,0.75781,0.64306,0.77734,0.67222,0.79688,0.61944,0.78750,0.63750,0.77578,0.66528,0.79141,0.70417,0.80937,0.66944,0.80078,0.67639,0.78828,0.69444,0.61694,0.85812,0.9998,0.77422,1.00000,0.9225,0.75484,0.80421,0.9970,0.69986,0.77470,0.73672,0.77778,91.12,0.9871,live,0.2777,0.2874,168.06,584.67
155669.232999,80.0,0.5679,3,3,0,0.73750,0.78472,0.71875,0.75694,0.71094,0.71944,0.71719,0.69861,0.73203,0.68472,0.74062,0.64861,0.74922,0.60000,0.74375,0.61389,0.73906,0.64444,0.76094,0.65833,0.77578,0.60000,0.76719,0.62083,0.75859,0.65417,0.77812,0.68056,0.79688,0.62778,0.78672,0.64722,0.77578,0.67778,0.79219,0.71250,0.81016,0.67778,0.80234,0.68472,0.79063,0.70417,0.61678,0.85742,0.9998,0.77331,1.00000,0.9195,0.75475,0.80700,0.9971,0.70739,0.77670,0.73750,0.78472,90.39,0.9886,live,0.2777,0.2883,167.11,579.59
155669.299786,80.0,0.6570,3,3,0,0.73750,0.78472,0.71875,0.75694,0.71094,0.71944,0.71719,0.70000,0.73359,0.69028,0.74141,0.64861,0.75000,0.60278,0.74375,0.61528,0.73828,0.64583,0.76172,0.65972,0.77734,0.60139,0.76797,0.62361,0.75859,0.65694,0.77891,0.68056,0.79844,0.63056,0.78828,0.65000,0.77656,0.68056,0.79297,0.71250,0.81172,0.67917,0.80312,0.68889,0.78984,0.70833,0.61666,0.86070,0.9998,0.77337,1.00000,0.9174,0.75435,0.80894,0.9970,0.71341,0.77831,0.73750,0.78472,90.44,0.9868,live,0.2777,0.2582,148.50,575.16
155669.366678,80.0,0.7462,3,3,0,0.72969,0.76944,0.71172,0.73889,0.70234,0.69722,0.70781,0.67500,0.72344,0.66667,0.73438,0.62639,0.74219,0.58194,0.73672,0.60000,0.73203,0.63333,0.75547,0.63889,0.77109,0.58611,0.76094,0.60833,0.75156,0.64028,0.77266,0.66111,0.79063,0.61389,0.77969,0.63611,0.76953,0.66389,0.78750,0.69306,0.80469,0.65833,0.79688,0.66667,0.78672,0.68194,0.61659,0.85843,0.9998,0.77351,1.00000,0.9156,0.75379,0.80231,0.9970,0.71666,0.77653,0.72969,0.76944,94.56,0.9859,live,0.2658,0.2115,121.44,574.22
155669.433116,80.0,0.8348,3,3,0,0.71875,0.72083,0.70000,0.68056,0.68984,0.64028,0.69453,0.61389,0.70469,0.59306,0.71484,0.56806,0.71641,0.52500,0.71406,0.53472,0.71328,0.55833,0.73672,0.57361,0.74609,0.52500,0.73984,0.53889,0.73359,0.56111,0.75469,0.59167,0.76875,0.55000,0.76016,0.56528,0.75156,0.58750,0.76953,0.61944,0.78281,0.59167,0.77422,0.59861,0.76562,0.61389,0.61815,0.85890,0.9998,0.78228,1.00000,0.9144,0.74379,0.75467,0.9970,0.71708,0.76539,0.71875,0.72083,98.88,0.9730,live,0.2469,0.1606,92.61,576.50
155669.499921,80.0,0.9238,3,3,0,0.69609,0.59861,0.67188,0.56389,0.66016,0.52083,0.66328,0.48750,0.67344,0.46250,0.67891,0.44306,0.68047,0.39861,0.68047,0.41667,0.68281,0.44306,0.70078,0.44722,0.70859,0.39861,0.70469,0.42222,0.70234,0.44861,0.72031,0.46111,0.72969,0.41806,0.72344,0.44167,0.71953,0.46806,0.73828,0.48472,0.74531,0.44861,0.73750,0.46528,0.73281,0.48611,0.61575,0.85197,0.9998,0.77082,1.00000,0.9165,0.71912,0.63776,0.9971,0.71288,0.73204,0.69609,0.59861,100.80,0.9890,live,0.2259,0.1303,75.57,579.90
155669.566616,80.0,0.0128,3,1,1,0.68281,0.53056,0.65391,0.46944,0.64297,0.41806,0.64297,0.37083,0.64766,0.33611,0.66484,0.38611,0.66250,0.33750,0.66016,0.30833,0.65938,0.28333,0.68125,0.38611,0.68516,0.33889,0.68594,0.30833,0.68594,0.28472,0.69609,0.39583,0.70234,0.35139,0.70312,0.31944,0.70156,0.29861,0.71016,0.41250,0.71641,0.37361,0.71719,0.34861,0.71406,0.32917,0.61205,0.83505,0.9998,0.76168,0.89122,0.9201,0.69862,0.49613,0.9973,0.70687,0.69174,0.68281,0.53056,90.87,0.8837,live,0.2100,0.1375,79.18,575.74
155669.633186,80.0,0.1015,3,1,1,0.65547,0.36528,0.62891,0.33333,0.61562,0.28472,0.61406,0.23889,0.62109,0.20139,0.63672,0.22222,0.63047,0.17778,0.62422,0.15556,0.61875,0.14861,0.65469,0.21389,0.65391,0.15556,0.64766,0.13333,0.63828,0.13333,0.67109,0.21944,0.67578,0.16250,0.66953,0.14722,0.66172,0.15972,0.68672,0.23611,0.68984,0.18889,0.68437,0.17361,0.67656,0.18194,0.60554,0.82383,0.9998,0.73686,0.79771,0.9233,0.67526,0.37882,0.9974,0.69659,0.62645,0.65547,0.36528,95.19,0.9761,live,0.2100,0.1990,114.46,575.19
155669.699980,80.0,0.1906,3,1,1,0.64297,0.31667,0.61172,0.26389,0.60078,0.21389,0.60000,0.16389,0.60625,0.12500,0.62266,0.16111,0.61641,0.12083,0.60781,0.09722,0.59844,0.07917,0.63750,0.15278,0.63672,0.10278,0.62891,0.07639,0.61797,0.06111,0.65234,0.15833,0.65625,0.10833,0.64922,0.08194,0.63750,0.07917,0.66797,0.17222,0.67188,0.12778,0.66563,0.10556,0.65469,0.10000,0.60003,0.80415,0.9998,0.71714,0.70683,0.9285,0.65479,0.29056,0.9976,0.68587,0.56449,0.64297,0.31667,100.14,0.9774,live,0.2217,0.2750,159.05,578.27
155669.766995,80.0,0.2799,3,1,1,0.63125,0.27361,0.60078,0.23056,0.58828,0.18056,0.58750,0.13056,0.59297,0.09028,0.60703,0.13056,0.60313,0.08889,0.59453,0.06806,0.58672,0.05694,0.62344,0.12222,0.62187,0.07222,0.61328,0.05000,0.60234,0.04167,0.63828,0.12500,0.64062,0.07361,0.63281,0.05139,0.62109,0.05000,0.65469,0.13472,0.65625,0.09306,0.64844,0.07083,0.63750,0.06667,0.60049,0.79562,0.9998,0.70943,0.66162,0.9320,0.64282,0.25681,0.9976,0.67494,0.50632,0.63125,0.27361,95.62,0.9762,live,0.2451,0.3516,203.13,577.72
155669.833598,80.0,0.3687,3,1,1,0.62500,0.26667,0.59531,0.22917,0.58125,0.17778,0.57734,0.12778,0.58437,0.08750,0.60000,0.13194,0.59375,0.09306,0.58516,0.07222,0.57656,0.06111,0.61484,0.12222,0.61172,0.07222,0.60313,0.05000,0.59141,0.04722,0.62969,0.12361,0.63125,0.07083,0.62266,0.05000,0.61094,0.05417,0.64531,0.13194,0.64687,0.08889,0.63828,0.06806,0.62656,0.06667,0.60076,0.78720,0.9997,0.70734,0.65108,0.9359,0.63700,0.25050,0.9977,0.66495,0.45839,0.62500,0.26667,91.34,0.9790,live,0.2761,0.4177,239.81,574.16
155669.900145,80.0,0.4575,3,1,1,0.62031,0.27222,0.59062,0.23889,0.57656,0.18889,0.57188,0.13889,0.57812,0.10000,0.59531,0.14306,0.58906,0.10417,0.58047,0.08333,0.57109,0.07361,0.60938,0.13333,0.60703,0.08472,0.59688,0.06250,0.58516,0.06250,0.62422,0.13333,0.62500,0.08333,0.61562,0.06111,0.60391,0.06250,0.63984,0.14167,0.64062,0.10139,0.63281,0.08056,0.62187,0.07778,0.60074,0.78841,0.9997,0.70736,0.65736,0.9394,0.62887,0.26273,0.9977,0.65603,0.42115,0.62031,0.27222,88.40,0.9827,live,0.3111,0.4703,267.54,568.91
155669.966837,80.0,0.5464,3,1,1,0.61797,0.28333,0.58828,0.25278,0.57344,0.20278,0.56953,0.15278,0.57734,0.11528,0.59297,0.15556,0.58672,0.11667,0.57734,0.09722,0.56797,0.08889,0.60781,0.14444,0.60469,0.09583,0.59375,0.07500,0.58203,0.07639,0.62266,0.14583,0.62344,0.09444,0.61250,0.07222,0.60000,0.07500,0.63906,0.15417,0.63906,0.11111,0.62969,0.09028,0.61797,0.09028,0.60084,0.78838,0.9997,0.70869,0.68504,0.9421,0.62727,0.27679,0.9979,0.64841,0.39359,0.61797,0.28333,88.52,0.9828,live,0.3450,0.4992,281.76,564.38
155670.033517,80.0,0.6353,3,1,1,0.61875,0.30139,0.58750,0.26944,0.57344,0.21944,0.56953,0.17222,0.57422,0.13194,0.59453,0.17083,0.58750,0.13194,0.57734,0.11389,0.56719,0.10556,0.60938,0.16111,0.60625,0.11111,0.59531,0.09028,0.58203,0.09167,0.62422,0.16250,0.62500,0.10972,0.61328,0.08889,0.59922,0.09167,0.63906,0.16944,0.63984,0.12500,0.63047,0.10694,0.61797,0.10694,0.60079,0.78897,0.9997,0.71192,0.69151,0.9439,0.62903,0.28746,0.9979,0.64248,0.37515,0.61875,0.30139,89.05,0.9800,live,0.3703,0.4856,272.30,560.77
155670.100134,80.0,0.7241,3,1,1,0.61641,0.33056,0.58906,0.30417,0.57344,0.25139,0.56953,0.20278,0.57500,0.16528,0.59453,0.19583,0.58906,0.15694,0.57891,0.13750,0.56875,0.13056,0.61016,0.18750,0.60781,0.13472,0.59531,0.11528,0.58203,0.12083,0.62578,0.19028,0.62891,0.13333,0.61641,0.11528,0.60391,0.12361,0.64141,0.20278,0.64375,0.15417,0.63281,0.13611,0.61953,0.14028,0.59992,0.79064,0.9996,0.71455,0.73436,0.9451,0.63033,0.32208,0.9979,0.63727,0.36623,0.61641,0.33056,90.47,0.9841,live,0.3844,0.4488,250.73,558.62
155670.166562,80.0,0.8127,3,1,1,0.61094,0.37778,0.58672,0.35833,0.56953,0.30556,0.56328,0.26250,0.56875,0.22639,0.59141,0.24583,0.58672,0.19444,0.57344,0.18056,0.56250,0.18611,0.60703,0.23750,0.60703,0.17222,0.58984,0.16250,0.57656,0.18333,0.62344,0.24306,0.62656,0.17500,0.60938,0.16667,0.59844,0.18750,0.64062,0.25694,0.64297,0.20556,0.62891,0.19444,0.61641,0.20972,0.59970,0.79234,0.9996,0.71742,0.81523,0.9456,0.63088,0.39585,0.9980,0.63200,0.36854,0.61094,0.37778,89.45,0.9851,live,0.3972,0.4554,253.20,555.99
155670.233452,80.0,0.9019,3,1,1,0.60703,0.42639,0.58437,0.42222,0.56484,0.39444,0.55547,0.36944,0.55781,0.34167,0.58359,0.31389,0.57734,0.26806,0.56250,0.27778,0.55391,0.29861,0.60156,0.30972,0.59688,0.25278,0.58125,0.27222,0.57578,0.30278,0.61953,0.32222,0.61797,0.26667,0.60078,0.28750,0.59609,0.31806,0.63828,0.34444,0.63672,0.30833,0.62344,0.32361,0.61797,0.34861,0.59920,0.79992,0.9996,0.72027,0.89609,0.9457,0.63134,0.47252,0.9981,0.62701,0.38011,0.60703,0.42639,78.83,0.9530,live,0.3789,0.2956,161.41,546.03
155670.300292,80.0,0.9910,3,1,1,0.61562,0.65417,0.58828,0.62639,0.56641,0.58611,0.55469,0.56806,0.55703,0.55000,0.58437,0.49583,0.57031,0.43750,0.55156,0.46806,0.54609,0.50556,0.60625,0.49861,0.60234,0.42500,0.58125,0.46250,0.57422,0.50556,0.62813,0.51667,0.62734,0.45278,0.60469,0.49167,0.59531,0.52917,0.64922,0.54444,0.64609,0.51111,0.62813,0.53333,0.62031,0.55833,0.59917,0.80759,0.9996,0.72290,0.98143,0.9427,0.63036,0.61564,0.9981,0.62473,0.43492,0.61562,0.65417,103.37,0.9907,live,0.3495,0.2155,119.60,554.93
155670.366792,80.0,0.0797,3,2,0,0.60234,0.66250,0.58047,0.66389,0.56328,0.66389,0.55156,0.67778,0.54688,0.69167,0.58281,0.57778,0.57266,0.56806,0.55937,0.60833,0.55312,0.64583,0.60859,0.59028,0.60313,0.57083,0.58281,0.61944,0.57344,0.66528,0.63203,0.61528,0.63047,0.60278,0.61016,0.64722,0.59766,0.68472,0.65156,0.64722,0.65234,0.65694,0.63750,0.68611,0.62656,0.70694,0.60522,0.81322,0.9996,0.72560,1.00000,0.9390,0.63815,0.76552,0.9979,0.62025,0.48044,0.60234,0.66250,70.93,0.9896,live,0.3276,0.2276,122.77,539.40
155670.433427,80.0,0.1685,3,2,0,0.61562,0.72639,0.59609,0.72222,0.57578,0.71806,0.56563,0.73611,0.55625,0.75833,0.59922,0.63889,0.58047,0.63889,0.56250,0.68472,0.55000,0.72361,0.62422,0.65556,0.60938,0.65278,0.58594,0.70278,0.57109,0.74028,0.64375,0.68750,0.63906,0.68056,0.61484,0.72639,0.59688,0.75972,0.65938,0.72500,0.65625,0.73611,0.64062,0.76667,0.62891,0.78611,0.60611,0.80990,0.9996,0.72492,1.00000,0.9377,0.64107,0.81391,0.9978,0.61933,0.52963,0.61562,0.72639,68.36,0.9993,live,0.3137,0.2507,131.34,523.90
155670.500586,80.0,0.2580,3,2,0,0.60938,0.81528,0.58906,0.80278,0.57031,0.78472,0.56016,0.78194,0.55859,0.77917,0.59688,0.67917,0.57969,0.66667,0.56016,0.70694,0.54688,0.74167,0.62266,0.69583,0.61094,0.67361,0.58672,0.71944,0.57109,0.75694,0.64375,0.73194,0.63984,0.71389,0.61328,0.75694,0.59453,0.79028,0.65938,0.77639,0.65781,0.77500,0.63750,0.80417,0.62187,0.82500,0.60611,0.80942,0.9996,0.72328,1.00000,0.9369,0.64292,0.84607,0.9978,0.61734,0.58676,0.60938,0.81528,90.78,0.9998,live,0.3137,0.3110,163.69,526.39
155670.567200,80.0,0.3469,3,2,0,0.61328,0.85556,0.58516,0.83333,0.56094,0.80694,0.54844,0.79444,0.55312,0.78056,0.58984,0.69722,0.57422,0.67917,0.55547,0.71667,0.54141,0.75417,0.61719,0.70833,0.60313,0.68472,0.58125,0.73472,0.56641,0.77500,0.63906,0.73889,0.62969,0.72083,0.60547,0.76806,0.58594,0.80417,0.65625,0.78194,0.64844,0.78056,0.62734,0.81111,0.60938,0.83194,0.60344,0.80950,0.9996,0.71608,1.00000,0.9361,0.64047,0.85147,0.9976,0.61653,0.64052,0.61328,0.85556,101.25,0.9993,live,0.3245,0.3735,200.26,536.12
155670.633898,80.0,0.4358,3,2,0,0.61250,0.85972,0.58437,0.83472,0.56172,0.80833,0.54766,0.79583,0.54688,0.78611,0.59062,0.69306,0.56953,0.68056,0.55156,0.71944,0.53750,0.75694,0.61719,0.70833,0.60078,0.68611,0.57734,0.73889,0.56250,0.77917,0.63828,0.74167,0.62734,0.72500,0.60234,0.77083,0.58359,0.80694,0.65469,0.78611,0.64687,0.78333,0.62578,0.81111,0.60781,0.83056,0.60248,0.80948,0.9996,0.71157,1.00000,0.9338,0.64044,0.85730,0.9972,0.61572,0.68436,0.61250,0.85972,103.49,0.9986,live,0.3421,0.4223,230.71,546.30
155670.700620,80.0,0.5248,3,2,0,0.61172,0.85972,0.58281,0.83611,0.56016,0.80972,0.54453,0.79861,0.54688,0.78611,0.58828,0.69444,0.56797,0.68194,0.55000,0.72222,0.53594,0.75833,0.61562,0.70972,0.59922,0.68750,0.57656,0.74028,0.56172,0.78194,0.63672,0.74167,0.62500,0.72500,0.60000,0.77361,0.58125,0.81111,0.65312,0.78611,0.64531,0.78194,0.62422,0.81111,0.60625,0.83194,0.60216,0.80893,0.9996,0.71198,1.00000,0.9352,0.63421,0.85738,0.9971,0.61492,0.71943,0.61172,0.85972,102.96,0.9985,live,0.3628,0.4570,253.59,554.87
155670.767136,80.0,0.6134,3,2,0,0.61406,0.86250,0.58516,0.83750,0.56250,0.81250,0.54766,0.80139,0.54609,0.79306,0.58906,0.69583,0.56797,0.68194,0.55000,0.72361,0.53750,0.76111,0.61484,0.71111,0.59844,0.68750,0.57578,0.74028,0.56250,0.78194,0.63672,0.74167,0.62500,0.72361,0.60000,0.77222,0.58281,0.80833,0.65312,0.78472,0.64609,0.78056,0.62422,0.80833,0.60703,0.82917,0.60140,0.80780,0.9996,0.71007,1.00000,0.9334,0.63125,0.85618,0.9968,0.61475,0.74804,0.61406,0.86250,103.07,0.9980,live,0.3824,0.4718,265.38,562.50
155670.834022,80.0,0.7026,3,2,0,0.61797,0.86389,0.59062,0.84167,0.56875,0.81667,0.55391,0.80417,0.55000,0.79583,0.59219,0.70417,0.57188,0.68333,0.55469,0.72361,0.54297,0.76250,0.61875,0.71667,0.60234,0.68750,0.58047,0.73889,0.56797,0.78056,0.64062,0.74722,0.62969,0.72361,0.60547,0.77083,0.58906,0.80833,0.65781,0.78750,0.65000,0.77917,0.62813,0.80972,0.61250,0.83194,0.60138,0.80690,0.9996,0.71026,1.00000,0.9324,0.63341,0.84948,0.9966,0.61539,0.77121,0.61797,0.86389,100.97,0.9986,live,0.3904,0.4271,242.47,567.70
155670.900614,80.0,0.7914,3,2,0,0.63047,0.85833,0.60391,0.83611,0.58125,0.81389,0.57031,0.80278,0.57734,0.79306,0.60625,0.70417,0.59219,0.67778,0.57656,0.71528,0.56641,0.75278,0.63281,0.71528,0.62422,0.68056,0.60313,0.72639,0.59062,0.76806,0.65469,0.74444,0.65078,0.71667,0.62734,0.75972,0.61172,0.79583,0.67266,0.78472,0.66953,0.77361,0.65078,0.80139,0.63516,0.82361,0.60479,0.79633,0.9996,0.74831,1.00000,0.9308,0.65158,0.84511,0.9960,0.61841,0.78864,0.63047,0.85833,99.21,0.9984,live,0.3904,0.3888,222.02,571.01
155670.967374,80.0,0.8804,3,2,0,0.66250,0.84028,0.63594,0.81944,0.61562,0.78194,0.62422,0.76111,0.65156,0.75694,0.64375,0.66806,0.64219,0.67639,0.63594,0.71250,0.63438,0.73750,0.66953,0.67778,0.67656,0.67500,0.66484,0.71111,0.65625,0.73750,0.68906,0.70417,0.69609,0.70972,0.68359,0.74444,0.67422,0.76389,0.70312,0.74167,0.70547,0.75972,0.69609,0.78472,0.68984,0.79722,0.60627,0.81335,0.9997,0.74245,1.00000,0.9290,0.68869,0.85240,0.9956,0.62723,0.79897,0.66250,0.84028,106.08,0.9987,live,0.3807,0.3361,194.58,578.86
155671.033786,80.0,0.9690,3,2,0,0.74609,0.83889,0.72266,0.80972,0.70859,0.76389,0.72188,0.74167,0.74922,0.74444,0.74922,0.66806,0.76016,0.64306,0.75313,0.68750,0.74922,0.71944,0.77812,0.68472,0.79766,0.64722,0.78281,0.69861,0.77109,0.72500,0.80078,0.71389,0.82344,0.68750,0.80469,0.73194,0.78906,0.75417,0.81875,0.75556,0.83984,0.74167,0.82422,0.76667,0.80781,0.77917,0.60583,0.82178,0.9997,0.72484,1.00000,0.9229,0.75350,0.84974,0.9957,0.65100,0.80695,0.74609,0.83889,115.28,0.9990,live,0.3623,0.2788,165.19,592.40
155671.100539,80.0,0.0580,3,3,0,0.79766,0.83889,0.77891,0.79028,0.78281,0.74167,0.81484,0.73056,0.84453,0.73611,0.81719,0.66111,0.84219,0.63611,0.85547,0.65556,0.86016,0.69028,0.84141,0.67361,0.87031,0.65000,0.88438,0.66389,0.88984,0.68750,0.85859,0.69861,0.88594,0.67500,0.89609,0.68472,0.89922,0.70417,0.86953,0.73194,0.89219,0.70417,0.90156,0.70556,0.90469,0.71389,0.60580,0.82761,0.9997,0.73267,1.00000,0.9194,0.81059,0.82474,0.9955,0.68033,0.81334,0.79766,0.83889,116.53,0.9842,live,0.3517,0.3031,183.47,605.21
155671.167591,80.0,0.1474,3,3,0,0.83359,0.82917,0.82266,0.77222,0.83516,0.72361,0.87266,0.71389,0.90312,0.71528,0.87422,0.65000,0.90078,0.62361,0.91172,0.64167,0.91563,0.67361,0.90078,0.67222,0.93125,0.63750,0.94219,0.64861,0.94531,0.67222,0.91641,0.70417,0.94531,0.68056,0.95469,0.69028,0.95625,0.70972,0.92500,0.74444,0.94922,0.71944,0.96094,0.71944,0.96797,0.72500,0.60626,0.83891,0.9997,0.74524,1.00000,0.9153,0.84913,0.79879,0.9955,0.71098,0.81650,0.83359,0.82917,126.78,0.9838,live,0.3333,0.2495,155.65,623.87
155671.234038,80.0,0.2360,3,3,0,0.85156,0.81667,0.84219,0.76667,0.85547,0.71944,0.88750,0.70694,0.91641,0.69722,0.89219,0.65139,0.91563,0.61944,0.92578,0.63056,0.92734,0.66250,0.91719,0.67500,0.94844,0.62222,0.95703,0.63889,0.95391,0.67222,0.93359,0.70833,0.96562,0.66944,0.97500,0.68333,0.96797,0.71250,0.94141,0.74861,0.97188,0.72500,0.98125,0.73056,0.97656,0.74861,0.60672,0.84078,0.9997,0.74813,1.00000,0.9093,0.86494,0.79037,0.9953,0.73910,0.81654,0.85156,0.81667,120.30,0.9574,live,0.3225,0.2735,173.85,635.61
155671.300740,80.0,0.3249,3,3,0,0.84922,0.81389,0.83828,0.76667,0.84922,0.71806,0.87969,0.70556,0.90938,0.69444,0.88672,0.65556,0.90859,0.61944,0.91797,0.63194,0.91875,0.66111,0.91250,0.67778,0.94219,0.62222,0.95078,0.63889,0.94688,0.67083,0.92891,0.70833,0.96016,0.66806,0.96875,0.68194,0.96016,0.71111,0.93750,0.75000,0.96719,0.72639,0.97578,0.73194,0.96875,0.75000,0.60770,0.84456,0.9997,0.74989,1.00000,0.9025,0.86003,0.79243,0.9951,0.76112,0.81601,0.84922,0.81389,116.73,0.9657,live,0.3225,0.3011,193.74,643.38
155671.367464,80.0,0.4139,3,3,0,0.83984,0.83194,0.82578,0.78056,0.83516,0.72639,0.86641,0.70972,0.89609,0.70278,0.87187,0.66389,0.89375,0.62639,0.90234,0.63611,0.90391,0.66667,0.89766,0.68472,0.92656,0.62917,0.93516,0.64306,0.93203,0.67778,0.91563,0.71389,0.94453,0.67083,0.95312,0.68194,0.94531,0.71111,0.92500,0.75278,0.95391,0.72361,0.96250,0.72778,0.95703,0.74861,0.61031,0.84424,0.9997,0.76070,1.00000,0.9026,0.84904,0.80340,0.9954,0.77687,0.81919,0.83984,0.83194,118.35,0.9734,live,0.3225,0.3217,209.55,651.39
155671.434260,80.0,0.5029,3,3,0,0.82734,0.84444,0.81172,0.79306,0.81719,0.74028,0.84766,0.72083,0.87656,0.70833,0.85469,0.67222,0.87500,0.63472,0.88281,0.64722,0.88359,0.67917,0.88125,0.69167,0.90859,0.63194,0.91563,0.65278,0.91172,0.68889,0.89844,0.72083,0.92734,0.67361,0.93516,0.69028,0.92812,0.72500,0.90859,0.75972,0.93594,0.72917,0.94453,0.73750,0.93984,0.75972,0.61061,0.84542,0.9997,0.76756,1.00000,0.9034,0.84282,0.80356,0.9954,0.78696,0.82424,0.82734,0.84444,118.17,0.9744,live,0.3225,0.3300,217.27,658.31
155671.500830,80.0,0.5917,3,3,0,0.81563,0.84583,0.79766,0.79861,0.80000,0.74722,0.82812,0.73056,0.85703,0.72083,0.83984,0.68056,0.85703,0.64028,0.86250,0.65556,0.86328,0.68889,0.86641,0.69722,0.89141,0.63611,0.89609,0.65833,0.89219,0.69444,0.88516,0.72500,0.91250,0.67778,0.91719,0.69583,0.90938,0.72778,0.89609,0.76528,0.92422,0.73333,0.92969,0.74167,0.92188,0.76250,0.61060,0.84518,0.9998,0.76879,1.00000,0.9017,0.83938,0.80729,0.9955,0.79270,0.82856,0.81563,0.84583,115.19,0.9632,live,0.3225,0.3214,212.87,662.25
155671.567430,80.0,0.6805,3,3,0,0.80078,0.83889,0.78203,0.79306,0.77734,0.74722,0.80156,0.73056,0.82812,0.72500,0.81250,0.67083,0.82656,0.63056,0.83203,0.65000,0.83359,0.68333,0.83984,0.68472,0.86328,0.62500,0.86719,0.65556,0.86328,0.69583,0.86172,0.71111,0.88672,0.66389,0.88984,0.69306,0.88203,0.73056,0.87656,0.74861,0.90000,0.71667,0.90234,0.73194,0.89375,0.75833,0.61055,0.84331,0.9998,0.75720,1.00000,0.8993,0.82400,0.81795,0.9955,0.79431,0.83063,0.80078,0.83889,114.93,0.9702,live,0.3143,0.2768,184.23,665.53
155671.633917,80.0,0.7692,3,3,0,0.78281,0.78333,0.76484,0.74861,0.75625,0.70556,0.76875,0.68056,0.78750,0.66111,0.78359,0.61528,0.79609,0.58056,0.79531,0.60278,0.79375,0.63611,0.80859,0.62778,0.83203,0.57917,0.82969,0.61389,0.82266,0.65000,0.83047,0.65139,0.85313,0.61944,0.84844,0.65000,0.83828,0.68056,0.84766,0.68333,0.86797,0.65833,0.86094,0.67500,0.84922,0.69583,0.61101,0.84310,0.9998,0.75756,1.00000,0.8993,0.80317,0.78639,0.9957,0.79201,0.82117,0.78281,0.78333,110.79,0.9812,live,0.2973,0.2200,146.43,665.44
155671.700920,80.0,0.8585,3,3,0,0.75000,0.66250,0.72656,0.63750,0.71875,0.57222,0.72891,0.52361,0.73750,0.48889,0.75000,0.50278,0.76641,0.45972,0.75781,0.49028,0.75156,0.51528,0.76953,0.51528,0.78203,0.47778,0.77266,0.51806,0.76641,0.54028,0.78672,0.53472,0.79531,0.50278,0.78438,0.54167,0.77734,0.55972,0.80156,0.55972,0.80703,0.53333,0.79688,0.55972,0.79063,0.57500,0.61126,0.83967,0.9998,0.76801,1.00000,0.9023,0.77776,0.68075,0.9960,0.78361,0.78943,0.75000,0.66250,100.19,0.9846,live,0.2741,0.1683,110.71,657.72
155671.767725,80.0,0.9476,3,3,0,0.73281,0.60278,0.71406,0.54583,0.71172,0.48750,0.71875,0.43889,0.72500,0.40000,0.72578,0.45417,0.72188,0.40278,0.71641,0.36944,0.71250,0.34028,0.73984,0.45417,0.73594,0.40556,0.73203,0.37083,0.72891,0.33889,0.75000,0.45833,0.75000,0.41667,0.74453,0.38333,0.74062,0.35556,0.76250,0.46944,0.76406,0.43333,0.75938,0.40833,0.75469,0.38611,0.61005,0.82635,0.9997,0.76933,0.93602,0.9062,0.74013,0.56393,0.9962,0.77345,0.75210,0.73281,0.60278,91.57,0.8120,live,0.2500,0.1404,90.50,644.72
155671.834233,80.0,0.0362,3,1,1,0.68828,0.45139,0.65938,0.41667,0.64687,0.36944,0.65078,0.32083,0.65391,0.28750,0.66016,0.30694,0.65312,0.26528,0.64687,0.24444,0.64141,0.22639,0.67812,0.30000,0.67422,0.25000,0.66797,0.22361,0.65859,0.20417,0.69453,0.30278,0.69297,0.25556,0.68594,0.23056,0.67578,0.21528,0.71172,0.31667,0.70937,0.27639,0.70391,0.25417,0.69609,0.23750,0.60808,0.82575,0.9997,0.76901,0.85539,0.9119,0.70671,0.46660,0.9964,0.75642,0.69196,0.68828,0.45139,96.93,0.9500,live,0.2364,0.1742,111.00,637.15
155671.901187,80.0,0.1255,3,1,1,0.66953,0.40972,0.63359,0.35694,0.62187,0.30417,0.62266,0.25833,0.62187,0.22083,0.63281,0.27083,0.62578,0.23194,0.61875,0.21111,0.61094,0.18889,0.64844,0.26250,0.64375,0.21944,0.63750,0.19444,0.62969,0.17222,0.66328,0.26389,0.66094,0.22222,0.65547,0.19722,0.64766,0.18194,0.67969,0.26944,0.67656,0.23194,0.67109,0.21250,0.66328,0.19722,0.60686,0.82447,0.9997,0.76512,0.82210,0.9165,0.68359,0.41207,0.9967,0.73904,0.63551,0.66953,0.40972,95.43,0.9325,live,0.2364,0.2499,157.29,629.40
155671.967823,80.0,0.2144,3,1,1,0.65234,0.37222,0.61953,0.33333,0.60703,0.28333,0.60469,0.23750,0.60234,0.20278,0.61797,0.24861,0.61172,0.21250,0.60469,0.19444,0.59688,0.17917,0.63203,0.24028,0.62656,0.20139,0.61875,0.17917,0.60938,0.16389,0.64531,0.24028,0.64219,0.19861,0.63516,0.17778,0.62734,0.16667,0.66172,0.24444,0.65859,0.20972,0.65312,0.19028,0.64609,0.17778,0.60329,0.82192,0.9997,0.75255,0.77863,0.9199,0.66719,0.37589,0.9968,0.72170,0.58285,0.65234,0.37222,86.66,0.9703,live,0.2526,0.3264,201.16,616.27
155672.034617,80.0,0.3034,3,1,1,0.64375,0.35278,0.61250,0.32222,0.59922,0.27917,0.59609,0.23611,0.59375,0.20278,0.61016,0.24444,0.60234,0.21111,0.59531,0.19306,0.58828,0.17639,0.62422,0.23333,0.61797,0.19722,0.61016,0.17639,0.60078,0.15972,0.63750,0.23194,0.63359,0.19306,0.62656,0.17361,0.61719,0.16389,0.65312,0.23611,0.65078,0.20139,0.64531,0.18194,0.63750,0.17083,0.60102,0.81587,0.9997,0.73633,0.75620,0.9228,0.66212,0.36910,0.9970,0.70611,0.53684,0.64375,0.35278,79.70,0.9715,live,0.2791,0.3998,239.77,599.70
155672.100963,80.0,0.3919,3,1,1,0.64141,0.34861,0.61016,0.31944,0.59609,0.27778,0.59219,0.23472,0.58906,0.20139,0.60938,0.24583,0.60156,0.21389,0.59531,0.19444,0.58672,0.17500,0.62344,0.23472,0.61797,0.19722,0.61094,0.17500,0.60156,0.15694,0.63672,0.23194,0.63281,0.19306,0.62578,0.17083,0.61719,0.15972,0.65156,0.23472,0.64844,0.20139,0.64375,0.18194,0.63672,0.16944,0.60068,0.80916,0.9997,0.73106,0.75501,0.9269,0.65441,0.36594,0.9972,0.69317,0.49919,0.64141,0.34861,76.84,0.9784,live,0.3127,0.4656,271.49,583.06
155672.167920,80.0,0.4812,3,1,1,0.63984,0.35556,0.60938,0.32500,0.59609,0.28333,0.59219,0.23889,0.58984,0.20556,0.61016,0.25000,0.60234,0.21806,0.59453,0.19861,0.58672,0.17917,0.62344,0.23889,0.61875,0.20139,0.61172,0.17917,0.60234,0.16111,0.63750,0.23611,0.63438,0.19722,0.62813,0.17639,0.61953,0.16528,0.65312,0.23889,0.65078,0.20417,0.64531,0.18611,0.63750,0.17500,0.60014,0.81133,0.9997,0.72919,0.75519,0.9301,0.65557,0.36393,0.9973,0.68250,0.47047,0.63984,0.35556,78.21,0.9796,live,0.3477,0.5072,288.80,569.41
155672.234598,80.0,0.5701,3,1,1,0.63906,0.37639,0.61016,0.35000,0.59609,0.30278,0.59219,0.25694,0.59219,0.22361,0.61172,0.26528,0.60469,0.23333,0.59766,0.21389,0.58906,0.19722,0.62656,0.25417,0.62187,0.21528,0.61484,0.19028,0.60547,0.17361,0.64141,0.25417,0.63906,0.21250,0.63281,0.19028,0.62344,0.18056,0.65703,0.25833,0.65703,0.22083,0.65078,0.20139,0.64141,0.19306,0.59905,0.81391,0.9997,0.72989,0.77184,0.9327,0.65799,0.37710,0.9975,0.67382,0.45165,0.63906,0.37639,80.76,0.9796,live,0.3755,0.5023,280.89,559.22
155672.301154,80.0,0.6588,3,1,1,0.64141,0.41944,0.61328,0.39861,0.59688,0.34722,0.59297,0.29722,0.59219,0.25972,0.61172,0.29722,0.60391,0.25972,0.59609,0.24167,0.58828,0.23194,0.62813,0.28750,0.62422,0.24028,0.61641,0.21528,0.60781,0.20972,0.64531,0.28889,0.64297,0.24028,0.63672,0.21944,0.62891,0.22083,0.66328,0.29722,0.66328,0.25417,0.65703,0.23333,0.64766,0.23333,0.59905,0.81491,0.9996,0.73095,0.82474,0.9339,0.65995,0.43496,0.9976,0.66733,0.44521,0.64141,0.41944,87.68,0.9910,live,0.3920,0.4671,259.37,555.25
155672.367669,80.0,0.7475,3,1,1,0.64219,0.47361,0.61562,0.46806,0.59531,0.42222,0.58984,0.37778,0.58984,0.34028,0.61328,0.35833,0.60781,0.30972,0.59844,0.29444,0.59375,0.30139,0.63203,0.34583,0.62813,0.28333,0.61641,0.27361,0.61016,0.29444,0.65078,0.34861,0.64922,0.28750,0.63906,0.28750,0.63516,0.31111,0.67109,0.36389,0.67031,0.32222,0.66250,0.32222,0.65781,0.34583,0.59882,0.82227,0.9996,0.73216,0.91930,0.9350,0.66103,0.51460,0.9977,0.66230,0.45089,0.64219,0.47361,86.28,0.9796,live,0.4073,0.4772,262.80,550.74
155672.435134,80.0,0.8374,3,1,1,0.63984,0.63056,0.61484,0.60417,0.59531,0.55833,0.58516,0.52361,0.58516,0.49028,0.61406,0.48056,0.60391,0.42917,0.59141,0.44167,0.58750,0.46944,0.63438,0.47917,0.63281,0.40833,0.61953,0.42500,0.61406,0.45694,0.65547,0.49167,0.65625,0.43056,0.64062,0.45833,0.63359,0.49306,0.67656,0.51528,0.67812,0.47500,0.66406,0.49444,0.65781,0.52083,0.59657,0.82544,0.9996,0.73260,0.98497,0.9324,0.66057,0.59957,0.9978,0.65781,0.48682,0.63984,0.63056,100.34,0.9834,live,0.3896,0.3089,172.00,556.89
155672.501440,80.0,0.9259,3,1,1,0.63750,0.78472,0.60859,0.75556,0.58516,0.71389,0.57344,0.68333,0.57344,0.65000,0.60000,0.61944,0.58828,0.57083,0.57422,0.60556,0.56953,0.64167,0.62500,0.61944,0.62187,0.55417,0.60469,0.59861,0.59531,0.64444,0.64922,0.63611,0.64687,0.59583,0.62891,0.64028,0.61797,0.67778,0.67344,0.66389,0.67031,0.64583,0.65469,0.67500,0.64609,0.70000,0.60288,0.82393,0.9996,0.73293,1.00000,0.9309,0.66013,0.77140,0.9977,0.65375,0.54640,0.63750,0.78472,111.52,0.9905,live,0.3611,0.2312,131.86,570.36
155672.568212,80.0,0.0149,3,2,0,0.60859,0.83750,0.58203,0.81389,0.56406,0.79028,0.55547,0.77917,0.56172,0.77083,0.59141,0.67222,0.57500,0.67917,0.56094,0.72083,0.55312,0.75694,0.62031,0.68750,0.60859,0.68056,0.59062,0.72361,0.58047,0.76250,0.64531,0.72222,0.63672,0.71389,0.61719,0.75833,0.60391,0.79444,0.66406,0.76944,0.66172,0.76528,0.64609,0.79306,0.63359,0.81806,0.60357,0.80082,0.9996,0.72834,1.00000,0.9275,0.64598,0.80380,0.9973,0.64472,0.60462,0.60859,0.83750,108.18,0.9921,live,0.3393,0.2399,139.10,579.81
155672.634707,80.0,0.1035,3,2,0,0.61328,0.88750,0.58750,0.87083,0.56328,0.84583,0.54922,0.83194,0.54922,0.82222,0.59219,0.72917,0.57422,0.72778,0.55625,0.77222,0.54453,0.81250,0.62109,0.74306,0.60469,0.73333,0.58359,0.78611,0.56875,0.83056,0.64531,0.77639,0.63594,0.76944,0.61172,0.82500,0.59375,0.86667,0.66328,0.82083,0.65938,0.82917,0.64141,0.86667,0.62656,0.89306,0.60340,0.80221,0.9996,0.71585,1.00000,0.9256,0.63808,0.88418,0.9971,0.63843,0.66120,0.61328,0.88750,103.51,0.9961,live,0.3307,0.2917,170.57,584.76
155672.701555,80.0,0.1927,3,2,0,0.61484,0.91389,0.58516,0.89444,0.56250,0.86528,0.54844,0.85278,0.54297,0.84306,0.59062,0.74722,0.56953,0.74583,0.55078,0.78750,0.53672,0.83194,0.61953,0.76111,0.60234,0.74722,0.57891,0.80417,0.56484,0.85139,0.64375,0.79444,0.63203,0.79167,0.60625,0.84722,0.58594,0.89167,0.66094,0.83889,0.65391,0.84722,0.63281,0.88750,0.61562,0.91528,0.60325,0.80390,0.9996,0.71210,1.00000,0.9230,0.63426,0.91603,0.9967,0.63371,0.71174,0.61484,0.91389,106.42,0.9977,live,0.3307,0.3413,201.81,591.21
155672.767944,80.0,0.2812,3,2,0,0.61719,0.91389,0.58594,0.89028,0.56094,0.86389,0.54375,0.85278,0.53828,0.84583,0.58828,0.74722,0.56563,0.74583,0.54688,0.78611,0.53359,0.82639,0.61719,0.76250,0.59844,0.75000,0.57500,0.80417,0.55937,0.85000,0.63984,0.79722,0.62734,0.79306,0.60156,0.84722,0.58203,0.89167,0.65625,0.84306,0.64922,0.85000,0.62813,0.88889,0.61094,0.91528,0.60296,0.80887,0.9996,0.71037,1.00000,0.9229,0.62967,0.90230,0.9964,0.63041,0.75217,0.61719,0.91389,104.26,0.9979,live,0.3401,0.3828,227.89,595.34
155672.834945,80.0,0.3705,3,2,0,0.61562,0.91250,0.58437,0.88889,0.56094,0.86250,0.54375,0.84722,0.53828,0.84028,0.58750,0.74167,0.56406,0.74306,0.54609,0.78472,0.53359,0.82500,0.61562,0.75556,0.59531,0.74722,0.57266,0.80278,0.55859,0.84722,0.63906,0.78889,0.62422,0.78889,0.59844,0.84306,0.58047,0.88472,0.65547,0.83611,0.64766,0.84306,0.62734,0.88056,0.61016,0.90556,0.60242,0.81282,0.9996,0.71070,1.00000,0.9232,0.62801,0.90565,0.9961,0.62745,0.78423,0.61562,0.91250,106.65,0.9985,live,0.3536,0.4152,249.38,600.68
155672.901672,80.0,0.4595,3,2,0,0.62187,0.91389,0.59141,0.89028,0.56719,0.86389,0.55000,0.84861,0.54375,0.83750,0.59062,0.74583,0.56875,0.73889,0.55156,0.77917,0.54063,0.81806,0.61875,0.75694,0.59922,0.74167,0.57812,0.79583,0.56563,0.84028,0.64219,0.78889,0.62891,0.78056,0.60625,0.83333,0.58906,0.87222,0.66094,0.83194,0.65234,0.83750,0.63359,0.87361,0.61719,0.90000,0.60212,0.81434,0.9996,0.70710,1.00000,0.9232,0.63268,0.89243,0.9959,0.62634,0.81016,0.62187,0.91389,106.78,0.9974,live,0.3681,0.4339,262.74,605.48
155672.968377,80.0,0.5484,3,2,0,0.63359,0.90694,0.60391,0.88472,0.58125,0.85972,0.56641,0.84722,0.56016,0.83472,0.60703,0.74028,0.58359,0.73472,0.56641,0.77222,0.55547,0.80972,0.63438,0.75139,0.61719,0.73750,0.59531,0.78889,0.58125,0.83333,0.65703,0.78333,0.64687,0.77639,0.62422,0.82361,0.60781,0.86111,0.67500,0.82778,0.66875,0.83194,0.65000,0.86667,0.63438,0.89167,0.60459,0.81451,0.9996,0.73315,1.00000,0.9245,0.64751,0.88508,0.9957,0.62779,0.82952,0.63359,0.90694,105.49,0.9975,live,0.3757,0.4107,250.01,608.78
155673.035068,80.0,0.6374,3,2,0,0.65703,0.90000,0.62656,0.87500,0.60234,0.84167,0.59844,0.82500,0.61484,0.81944,0.63359,0.73611,0.62266,0.72500,0.61016,0.76250,0.60078,0.79444,0.66172,0.74861,0.65938,0.72639,0.64297,0.77361,0.63203,0.81528,0.68516,0.77917,0.68828,0.76667,0.67031,0.81111,0.65469,0.84583,0.70234,0.82083,0.70547,0.82639,0.69297,0.85833,0.68047,0.87778,0.61259,0.81813,0.9996,0.75350,1.00000,0.9226,0.68794,0.90129,0.9955,0.63364,0.84362,0.65703,0.90000,104.83,0.9950,live,0.3847,0.4254,260.03,611.20
155673.101696,80.0,0.7262,3,2,0,0.73828,0.83056,0.71484,0.81667,0.69141,0.79583,0.68047,0.80417,0.68516,0.81944,0.71641,0.71944,0.70391,0.72500,0.69375,0.76667,0.68984,0.79167,0.74609,0.73611,0.74141,0.72500,0.72969,0.76528,0.71953,0.79306,0.77109,0.76667,0.76875,0.76389,0.75625,0.80000,0.74453,0.81944,0.79297,0.80694,0.79766,0.82083,0.78672,0.84306,0.77656,0.85139,0.61278,0.84352,0.9996,0.73555,1.00000,0.9112,0.73521,0.89735,0.9951,0.65457,0.84100,0.73828,0.83056,85.51,0.9898,live,0.3682,0.2933,175.83,599.42
155673.168239,80.0,0.8149,3,2,0,0.77109,0.90139,0.74531,0.85972,0.74141,0.81111,0.76953,0.79583,0.79844,0.79028,0.77656,0.70972,0.80469,0.72639,0.81953,0.75972,0.83203,0.79583,0.80234,0.72917,0.83437,0.72917,0.84297,0.75417,0.84688,0.77917,0.81875,0.76389,0.83906,0.77222,0.83906,0.79167,0.83828,0.80139,0.82656,0.80972,0.83516,0.82222,0.82734,0.84306,0.82031,0.85417,0.60922,0.84200,0.9996,0.73314,1.00000,0.9027,0.77980,0.87360,0.9949,0.67787,0.85308,0.77109,0.90139,115.44,0.9896,live,0.3471,0.2507,153.10,610.61
155673.234839,80.0,0.9037,3,2,0,0.80391,0.88472,0.78750,0.84306,0.78828,0.80278,0.81719,0.79028,0.84375,0.78194,0.82266,0.72361,0.84922,0.70417,0.86328,0.72361,0.86953,0.75694,0.84688,0.73333,0.87813,0.71806,0.89297,0.73611,0.89844,0.76389,0.86328,0.75278,0.88984,0.73056,0.90156,0.74306,0.90625,0.76806,0.87266,0.77778,0.89609,0.74861,0.90859,0.74583,0.91563,0.75417,0.60923,0.84113,0.9996,0.74437,1.00000,0.8973,0.81984,0.86063,0.9947,0.70308,0.85941,0.80391,0.88472,108.11,0.9746,live,0.3270,0.2353,144.75,615.17
155673.301810,80.0,0.9930,3,2,0,0.82109,0.86667,0.80312,0.82917,0.80469,0.78472,0.83125,0.77222,0.85859,0.76250,0.84766,0.70694,0.87109,0.67639,0.87969,0.70556,0.88047,0.74861,0.87578,0.72778,0.90781,0.69167,0.91641,0.72222,0.91406,0.75972,0.89453,0.75972,0.92969,0.73472,0.93750,0.76528,0.93203,0.80139,0.90547,0.79722,0.93437,0.78194,0.94297,0.80000,0.93984,0.82361,0.60999,0.84399,0.9997,0.75624,1.00000,0.8908,0.83201,0.85076,0.9946,0.72668,0.86086,0.82109,0.86667,114.87,0.9925,live,0.3115,0.2410,150.41,624.06
155673.368588,80.0,0.0820,3,3,0,0.81953,0.86806,0.80078,0.82778,0.80000,0.78194,0.82422,0.76806,0.85078,0.75417,0.84219,0.71111,0.86250,0.67500,0.86875,0.70139,0.86875,0.74167,0.87031,0.73056,0.90000,0.68194,0.90469,0.71389,0.90000,0.75556,0.88906,0.76111,0.92109,0.72639,0.92578,0.75694,0.91641,0.79444,0.90000,0.79861,0.93047,0.77639,0.93672,0.79722,0.92812,0.82500,0.61045,0.84359,0.9997,0.75470,1.00000,0.8860,0.83150,0.85153,0.9947,0.74525,0.86230,0.81953,0.86806,111.69,0.9790,live,0.3018,0.2577,162.26,629.59
155673.435265,80.0,0.1710,3,3,0,0.80859,0.87639,0.78828,0.83750,0.78516,0.78889,0.80703,0.77222,0.83437,0.76250,0.82812,0.71667,0.84766,0.67917,0.85156,0.70556,0.85078,0.74444,0.85625,0.73611,0.88359,0.68333,0.88594,0.71528,0.87969,0.75556,0.87578,0.76806,0.90547,0.72639,0.90781,0.75694,0.89687,0.79306,0.88828,0.80833,0.91719,0.77917,0.91953,0.79861,0.91016,0.82500,0.61045,0.84382,0.9997,0.75474,1.00000,0.8795,0.82558,0.85196,0.9946,0.75792,0.86512,0.80859,0.87639,112.56,0.9763,live,0.2965,0.2724,173.01,635.09
155673.501664,80.0,0.2595,3,3,0,0.79922,0.88472,0.77969,0.84444,0.77422,0.79722,0.79453,0.78056,0.82188,0.77083,0.81797,0.72083,0.83672,0.68889,0.83984,0.72083,0.83750,0.76111,0.84609,0.74028,0.87187,0.69167,0.87344,0.72639,0.86719,0.76806,0.86562,0.77222,0.89531,0.73333,0.89687,0.76806,0.88594,0.80556,0.87813,0.81250,0.90703,0.78611,0.90938,0.80833,0.89922,0.83472,0.61050,0.84365,0.9997,0.75402,1.00000,0.8761,0.81914,0.85966,0.9947,0.76618,0.86904,0.79922,0.88472,113.87,0.9837,live,0.2965,0.2870,183.95,640.86
155673.568799,80.0,0.3490,3,3,0,0.79766,0.89306,0.77734,0.85278,0.77187,0.80833,0.79375,0.79444,0.81953,0.78333,0.81328,0.73611,0.82969,0.69861,0.83359,0.73056,0.83359,0.77222,0.84141,0.75278,0.86562,0.70278,0.86797,0.73889,0.86250,0.78056,0.86250,0.78194,0.88984,0.74167,0.89141,0.77917,0.88125,0.81806,0.87578,0.81944,0.90312,0.79444,0.90469,0.81806,0.89531,0.84583,0.61013,0.84346,0.9997,0.75408,1.00000,0.8732,0.81854,0.87407,0.9947,0.77247,0.87384,0.79766,0.89306,110.85,0.9848,live,0.2965,0.2785,179.28,643.78
155673.635370,80.0,0.4378,3,3,0,0.79922,0.89167,0.77891,0.85417,0.77578,0.81250,0.80000,0.80139,0.82578,0.78750,0.81563,0.73194,0.83594,0.70694,0.83984,0.74306,0.83672,0.78611,0.84453,0.75278,0.87266,0.70833,0.87656,0.75000,0.87031,0.79444,0.86406,0.78333,0.89531,0.74722,0.89922,0.78889,0.88906,0.82917,0.87578,0.82083,0.90625,0.80000,0.91016,0.82500,0.90000,0.85556,0.61116,0.84341,0.9997,0.76226,1.00000,0.8712,0.81880,0.87597,0.9947,0.77782,0.87741,0.79922,0.89167,110.78,0.9832,live,0.2877,0.2475,159.93,646.28
155673.701677,80.0,0.5262,3,3,0,0.80078,0.86944,0.78047,0.83056,0.77422,0.79028,0.79688,0.77778,0.82344,0.77361,0.81484,0.70139,0.83359,0.69167,0.83828,0.72917,0.83828,0.76944,0.84375,0.71806,0.87109,0.68472,0.87500,0.72917,0.87031,0.77361,0.86484,0.74722,0.89531,0.72361,0.89922,0.76667,0.89141,0.80972,0.87813,0.78472,0.90625,0.77083,0.91016,0.80139,0.90312,0.83333,0.61082,0.84289,0.9997,0.76157,1.00000,0.8685,0.81710,0.85906,0.9948,0.78242,0.87581,0.80078,0.86944,115.38,0.9885,live,0.2817,0.2543,165.73,651.80
155673.768736,80.0,0.6156,3,3,0,0.78203,0.79861,0.76875,0.76389,0.76250,0.72500,0.77656,0.70833,0.79531,0.68889,0.79453,0.62639,0.80859,0.61111,0.81406,0.64028,0.81875,0.67361,0.82266,0.63056,0.84609,0.60972,0.85547,0.65000,0.86094,0.68889,0.84453,0.65139,0.86719,0.63889,0.87734,0.67500,0.88047,0.70833,0.86016,0.68056,0.87969,0.67500,0.88672,0.70000,0.88750,0.72639,0.61124,0.83783,0.9997,0.74300,1.00000,0.8708,0.80256,0.77663,0.9950,0.78234,0.86037,0.78203,0.79861,120.15,0.9912,live,0.2589,0.1551,102.37,660.09
155673.835491,80.0,0.7046,3,3,0,0.74062,0.61250,0.71328,0.59444,0.70078,0.55417,0.71094,0.52500,0.72109,0.49722,0.72344,0.46806,0.73359,0.43194,0.74297,0.45833,0.74766,0.48472,0.74844,0.47222,0.76719,0.43194,0.77734,0.46667,0.78125,0.49444,0.76875,0.48472,0.78750,0.45139,0.79844,0.48056,0.80234,0.50556,0.78438,0.50556,0.80234,0.48194,0.81172,0.50139,0.81484,0.52083,0.61054,0.82659,0.9997,0.74741,0.95207,0.8756,0.76563,0.61703,0.9954,0.77400,0.81080,0.74062,0.61250,96.39,0.9865,live,0.2361,0.1322,85.96,650.28
155673.902097,80.0,0.7934,3,3,0,0.67969,0.45278,0.65156,0.43472,0.63359,0.39028,0.63438,0.34861,0.64219,0.31111,0.64297,0.30972,0.63906,0.26389,0.63984,0.25278,0.64141,0.26806,0.66719,0.30000,0.66719,0.24028,0.66641,0.24306,0.66328,0.26806,0.68828,0.30278,0.68906,0.25139,0.68672,0.25278,0.68437,0.28056,0.71016,0.31944,0.70781,0.27917,0.70469,0.27500,0.70078,0.29167,0.60345,0.81979,0.9997,0.74215,0.84994,0.8821,0.69609,0.47191,0.9957,0.75513,0.73919,0.67969,0.45278,103.57,0.9818,live,0.2243,0.1705,110.30,646.81
155673.968845,80.0,0.8824,3,3,0,0.63047,0.34444,0.60078,0.32222,0.58047,0.27639,0.57500,0.23056,0.57734,0.19167,0.59453,0.20972,0.58594,0.16667,0.57734,0.14722,0.56953,0.14028,0.61250,0.19583,0.60781,0.14306,0.59844,0.12222,0.58750,0.12083,0.62969,0.19722,0.62891,0.14306,0.62031,0.12222,0.60938,0.12083,0.64844,0.20972,0.64922,0.16250,0.64141,0.14167,0.63125,0.13750,0.59746,0.81168,0.9997,0.72058,0.76492,0.8891,0.64746,0.35223,0.9960,0.73020,0.66024,0.63047,0.34444,96.37,0.9677,live,0.2318,0.2663,170.04,638.58
155674.035597,80.0,0.9714,3,3,0,0.61172,0.32778,0.57422,0.28056,0.56016,0.22500,0.55625,0.17639,0.55234,0.13750,0.57266,0.19167,0.56172,0.15139,0.55469,0.12639,0.54766,0.10139,0.58672,0.18056,0.57891,0.13750,0.57188,0.10972,0.56484,0.08472,0.60156,0.17778,0.59766,0.13611,0.59062,0.10556,0.58281,0.07917,0.61875,0.18056,0.61406,0.14028,0.60703,0.11806,0.59844,0.10000,0.59351,0.80590,0.9997,0.70007,0.68578,0.8974,0.61490,0.29329,0.9963,0.70650,0.59375,0.61172,0.32778,96.67,0.9226,live,0.2546,0.3581,226.17,631.55
155674.102061,80.0,0.0600,3,1,1,0.59766,0.28472,0.56094,0.24444,0.54688,0.20000,0.54219,0.15417,0.54063,0.11667,0.56016,0.16250,0.55078,0.12639,0.54141,0.10694,0.53125,0.09167,0.57344,0.14861,0.56641,0.10556,0.55625,0.08472,0.54531,0.07778,0.58750,0.14444,0.58281,0.10000,0.57266,0.07917,0.56172,0.07639,0.60313,0.14583,0.60078,0.10694,0.59219,0.08750,0.58125,0.08333,0.59257,0.79361,0.9996,0.68996,0.64548,0.9045,0.60134,0.26914,0.9965,0.68473,0.53195,0.59766,0.28472,89.89,0.9666,live,0.2895,0.4487,278.39,620.49
155674.168911,80.0,0.1491,3,1,1,0.59219,0.27083,0.55937,0.24167,0.54297,0.20139,0.53750,0.15694,0.53594,0.11806,0.55859,0.16111,0.55078,0.12500,0.54141,0.10833,0.53125,0.09583,0.57188,0.15000,0.56484,0.10833,0.55547,0.08889,0.54375,0.07778,0.58516,0.14583,0.58047,0.10139,0.57109,0.08333,0.55937,0.08056,0.60000,0.14722,0.59609,0.10833,0.58750,0.09028,0.57656,0.08333,0.59279,0.78511,0.9996,0.68856,0.63546,0.9111,0.59833,0.26474,0.9967,0.66623,0.47972,0.59219,0.27083,81.06,0.9681,live,0.3335,0.5338,322.65,604.39
155674.235473,80.0,0.2379,3,1,1,0.59375,0.27083,0.55859,0.24028,0.54453,0.20139,0.54063,0.15833,0.53984,0.12083,0.56016,0.16806,0.55156,0.13333,0.54375,0.11528,0.53438,0.10139,0.57344,0.15556,0.56719,0.11667,0.55781,0.09583,0.54688,0.08472,0.58750,0.15139,0.58203,0.10972,0.57344,0.08889,0.56250,0.08472,0.60313,0.15000,0.60000,0.11250,0.59219,0.09306,0.58203,0.08750,0.59292,0.78574,0.9996,0.68994,0.64176,0.9165,0.60052,0.27467,0.9968,0.65173,0.43795,0.59375,0.27083,79.23,0.9768,live,0.3825,0.6060,356.89,588.91
155674.302689,80.0,0.3275,3,1,1,0.59844,0.27500,0.56484,0.24583,0.55000,0.20556,0.54609,0.16111,0.54688,0.12500,0.56797,0.16806,0.56016,0.13472,0.55156,0.11667,0.54219,0.10139,0.58125,0.15694,0.57500,0.11528,0.56641,0.09444,0.55547,0.08472,0.59453,0.15417,0.59062,0.10694,0.58125,0.08750,0.57031,0.08611,0.61094,0.15417,0.60859,0.11389,0.60000,0.09583,0.58828,0.09167,0.59302,0.78644,0.9996,0.69130,0.66804,0.9217,0.60641,0.28761,0.9970,0.64107,0.40536,0.59844,0.27500,79.62,0.9822,live,0.4307,0.6501,374.20,575.57
155674.369327,80.0,0.4164,3,1,1,0.60469,0.28333,0.57109,0.25417,0.55703,0.21111,0.55391,0.16528,0.55547,0.12639,0.57578,0.17222,0.56797,0.13889,0.55937,0.11806,0.55000,0.10278,0.58906,0.16111,0.58359,0.11806,0.57500,0.09722,0.56406,0.08889,0.60391,0.15833,0.60000,0.11111,0.59062,0.09028,0.57891,0.09028,0.62031,0.15972,0.61797,0.11806,0.60859,0.10000,0.59688,0.09722,0.59306,0.78807,0.9995,0.69260,0.67739,0.9260,0.61081,0.29792,0.9972,0.63379,0.38095,0.60469,0.28333,81.83,0.9805,live,0.4671,0.6327,357.76,565.41
155674.436024,80.0,0.5053,3,1,1,0.61250,0.30000,0.58047,0.27222,0.56641,0.22361,0.56406,0.17500,0.56406,0.13750,0.58516,0.18194,0.57734,0.14722,0.56875,0.12778,0.55937,0.11250,0.60000,0.16944,0.59531,0.12500,0.58594,0.10417,0.57500,0.09722,0.61484,0.16806,0.61328,0.11944,0.60391,0.09861,0.59297,0.10000,0.63125,0.17083,0.63125,0.12917,0.62266,0.10972,0.61094,0.10833,0.59313,0.78838,0.9995,0.69481,0.70214,0.9296,0.61182,0.30368,0.9974,0.62954,0.36476,0.61250,0.30000,85.72,0.9831,live,0.4840,0.5612,313.89,559.28
155674.502543,80.0,0.5940,3,1,1,0.62031,0.33472,0.58984,0.30694,0.57656,0.25417,0.57500,0.20556,0.57578,0.17083,0.59766,0.20278,0.59141,0.16389,0.58281,0.14306,0.57344,0.13056,0.61406,0.19444,0.61172,0.14722,0.60313,0.12361,0.59141,0.11667,0.63047,0.19722,0.63125,0.14722,0.62266,0.12500,0.61172,0.12500,0.64766,0.20556,0.64766,0.16389,0.63984,0.14167,0.62813,0.13611,0.59288,0.79355,0.9995,0.70411,0.76527,0.9309,0.62438,0.34388,0.9975,0.62769,0.35875,0.62031,0.33472,91.01,0.9872,live,0.4788,0.4548,253.65,557.69
155674.569094,80.0,0.6827,3,1,1,0.62187,0.39444,0.59453,0.37639,0.57969,0.32083,0.57891,0.27361,0.58281,0.23472,0.60469,0.26389,0.60000,0.21528,0.59062,0.19722,0.58203,0.19722,0.62187,0.25556,0.62187,0.19722,0.61094,0.17917,0.60000,0.19028,0.63984,0.26250,0.64297,0.20139,0.63203,0.18750,0.62266,0.20417,0.65781,0.27778,0.66016,0.22917,0.65078,0.20972,0.63828,0.21667,0.59114,0.80013,0.9995,0.70917,0.85327,0.9325,0.63523,0.41490,0.9976,0.62653,0.36589,0.62187,0.39444,90.26,0.9848,live,0.4566,0.3558,197.76,555.76
155674.635907,80.0,0.7718,3,1,1,0.62969,0.55833,0.60000,0.53333,0.58203,0.48611,0.57656,0.44861,0.58125,0.41667,0.60625,0.41528,0.60391,0.36667,0.59688,0.34861,0.58984,0.34861,0.62734,0.41250,0.63125,0.35278,0.62422,0.35139,0.61641,0.37222,0.64766,0.42222,0.65078,0.36944,0.64062,0.38194,0.63438,0.40833,0.66641,0.44444,0.66719,0.40556,0.65625,0.41389,0.64844,0.43611,0.59083,0.81142,0.9995,0.71328,0.95284,0.9327,0.64127,0.54483,0.9977,0.62716,0.40438,0.62969,0.55833,96.66,0.9874,live,0.4212,0.2600,145.26,558.66
155674.702451,80.0,0.8605,3,1,1,0.63203,0.78056,0.60547,0.75000,0.58203,0.71528,0.57266,0.69028,0.58125,0.66806,0.61406,0.59028,0.59844,0.59722,0.59219,0.64167,0.59375,0.66944,0.64297,0.60139,0.62656,0.62639,0.61641,0.66528,0.61406,0.68333,0.66563,0.63611,0.64453,0.68611,0.63359,0.71528,0.63359,0.71944,0.68281,0.68194,0.66250,0.73056,0.65391,0.75000,0.65391,0.74861,0.59784,0.81067,0.9995,0.71238,1.00000,0.9260,0.65037,0.76068,0.9976,0.62813,0.47962,0.63203,0.78056,118.73,0.9994,live,0.3769,0.1747,100.84,577.11
155674.769164,80.0,0.9495,3,1,1,0.63984,0.76250,0.61797,0.76111,0.59609,0.76667,0.58125,0.79861,0.57266,0.83056,0.61797,0.70833,0.60156,0.75139,0.58594,0.80417,0.57422,0.83889,0.64453,0.72639,0.63125,0.77222,0.61328,0.82778,0.59922,0.86528,0.66641,0.75417,0.65469,0.80139,0.63906,0.85278,0.62891,0.88611,0.68203,0.78472,0.67578,0.81806,0.66563,0.85139,0.65859,0.87222,0.60772,0.80897,0.9995,0.71232,1.00000,0.9102,0.65350,0.92696,0.9957,0.63048,0.53619,0.63984,0.76250,57.44,0.9940,live,0.3522,0.2399,131.77,549.21
155674.835704,80.0,0.0382,3,2,0,0.62969,0.91667,0.60938,0.90278,0.58672,0.88333,0.57188,0.89444,0.56250,0.91806,0.62500,0.80139,0.60000,0.82639,0.57812,0.87500,0.56406,0.91250,0.65000,0.82778,0.63359,0.84861,0.61016,0.90139,0.59219,0.94028,0.66797,0.86806,0.66172,0.89583,0.63516,0.94861,0.61484,0.97917,0.68047,0.91528,0.67812,0.95278,0.65781,0.98889,0.63984,0.99861,0.60960,0.81648,0.9995,0.69705,1.00000,0.8997,0.65005,0.94667,0.9947,0.63032,0.61229,0.62969,0.91667,81.44,0.9970,live,0.3522,0.3386,183.49,541.95
155674.902501,80.0,0.1273,3,2,0,0.61953,0.94722,0.59844,0.93750,0.57500,0.92361,0.55937,0.93056,0.55781,0.94028,0.61406,0.81667,0.59453,0.82917,0.57266,0.87917,0.55781,0.91806,0.64219,0.84444,0.62813,0.85694,0.60000,0.91389,0.58203,0.94861,0.66016,0.88889,0.65703,0.90000,0.62656,0.95139,0.60469,0.98194,0.67031,0.93889,0.67266,0.95694,0.65156,0.99028,0.63359,0.99861,0.60940,0.82879,0.9994,0.67716,1.00000,0.8876,0.63544,0.99260,0.9934,0.62816,0.67927,0.61953,0.94722,88.18,0.9989,live,0.3659,0.4284,231.52,540.40
155674.970783,80.0,0.2183,3,2,0,0.60938,0.95278,0.58828,0.93472,0.56563,0.91806,0.55156,0.91944,0.55469,0.92083,0.60547,0.80000,0.58672,0.82083,0.56563,0.86806,0.54922,0.90556,0.63516,0.82917,0.62109,0.84444,0.59375,0.90000,0.57578,0.93472,0.65391,0.87500,0.64687,0.89167,0.61641,0.94306,0.59375,0.97361,0.66406,0.92917,0.66172,0.95000,0.63828,0.97917,0.61875,0.99444,0.60896,0.82923,0.9994,0.67885,1.00000,0.8738,0.63209,0.98645,0.9923,0.62440,0.73397,0.60938,0.95278,99.14,0.9997,live,0.3890,0.4942,270.27,546.93
155675.036049,80.0,0.3053,3,2,0,0.60469,0.94444,0.58125,0.92639,0.55937,0.90694,0.54609,0.90417,0.54844,0.90139,0.59844,0.78889,0.57812,0.80694,0.55781,0.85139,0.54141,0.88750,0.62891,0.81389,0.61328,0.83056,0.58672,0.88333,0.56797,0.91944,0.64766,0.85833,0.63984,0.87500,0.60938,0.92917,0.58437,0.96250,0.65859,0.91250,0.65469,0.93472,0.63047,0.96944,0.60938,0.98750,0.60843,0.83312,0.9994,0.67623,1.00000,0.8643,0.62709,0.98787,0.9908,0.62046,0.77607,0.60469,0.94444,100.42,0.9996,live,0.4168,0.5432,300.74,553.60
155675.102605,80.0,0.3941,3,2,0,0.60313,0.93472,0.57891,0.91528,0.55781,0.89583,0.54297,0.89028,0.54453,0.88611,0.59688,0.78056,0.57578,0.79306,0.55391,0.83611,0.53672,0.87361,0.62500,0.80556,0.60781,0.81528,0.58047,0.86667,0.56250,0.90278,0.64375,0.84861,0.63359,0.86111,0.60313,0.91111,0.58047,0.94583,0.65469,0.90139,0.64844,0.92222,0.62500,0.95556,0.60547,0.97361,0.60823,0.83281,0.9994,0.67415,1.00000,0.8573,0.62493,0.98056,0.9894,0.61699,0.80780,0.60313,0.93472,98.21,0.9996,live,0.4446,0.5712,318.64,557.88
155675.169235,80.0,0.4829,3,2,0,0.61562,0.94861,0.58672,0.91944,0.56406,0.89306,0.54844,0.88056,0.54297,0.87500,0.59922,0.77500,0.57734,0.77778,0.55469,0.81528,0.53828,0.85139,0.62578,0.79722,0.60703,0.79583,0.57969,0.84306,0.56172,0.88194,0.64453,0.83889,0.63281,0.84444,0.60234,0.89167,0.57891,0.92500,0.65625,0.89028,0.64609,0.90694,0.62266,0.93750,0.60234,0.95556,0.60808,0.83249,0.9994,0.67480,1.00000,0.8553,0.62534,0.97292,0.9890,0.61672,0.83596,0.61562,0.94861,103.48,0.9994,live,0.4636,0.5504,311.24,565.44
155675.235859,80.0,0.5717,3,2,0,0.62734,0.93889,0.59844,0.90972,0.57656,0.88056,0.56250,0.86528,0.56094,0.85694,0.61484,0.76528,0.59141,0.76111,0.56953,0.79167,0.55391,0.82222,0.63984,0.78472,0.62031,0.77778,0.59375,0.82083,0.57656,0.85417,0.65859,0.82361,0.64609,0.82222,0.61719,0.86111,0.59766,0.89167,0.67031,0.87500,0.66172,0.88056,0.63906,0.90556,0.62187,0.92500,0.60798,0.83379,0.9994,0.69461,1.00000,0.8575,0.64371,0.96120,0.9890,0.61884,0.85655,0.62734,0.93889,104.02,0.9994,live,0.4827,0.5695,326.04,572.48
155675.302859,80.0,0.6611,3,2,0,0.65781,0.92639,0.62813,0.89028,0.60703,0.85417,0.60078,0.83472,0.61328,0.82639,0.65000,0.75139,0.63516,0.73472,0.61719,0.76389,0.60156,0.79861,0.67422,0.77222,0.66875,0.74861,0.64531,0.78194,0.62578,0.81944,0.69297,0.80833,0.69141,0.79583,0.66875,0.82917,0.65000,0.85972,0.70391,0.85556,0.70234,0.85694,0.68594,0.87778,0.67188,0.89444,0.61275,0.83366,0.9994,0.74404,1.00000,0.8612,0.68431,0.93207,0.9894,0.62664,0.87052,0.65781,0.92639,104.82,0.9977,live,0.4708,0.4167,241.36,579.25
155675.369420,80.0,0.7498,3,2,0,0.72031,0.86944,0.70078,0.84167,0.68906,0.79028,0.68047,0.78056,0.68125,0.79722,0.72109,0.73889,0.71641,0.70972,0.70156,0.74306,0.69141,0.77639,0.74687,0.76111,0.75625,0.71806,0.73750,0.76111,0.72031,0.80000,0.76875,0.79444,0.78047,0.76944,0.75859,0.81250,0.73828,0.84583,0.78594,0.83611,0.79531,0.83472,0.77656,0.86250,0.76094,0.87917,0.61280,0.84525,0.9995,0.73990,1.00000,0.8581,0.73336,0.93090,0.9898,0.64537,0.87030,0.72031,0.86944,93.76,0.9863,live,0.4451,0.3283,189.51,577.25
155675.436324,80.0,0.8390,3,2,0,0.76797,0.90278,0.74531,0.85000,0.74062,0.79028,0.76719,0.77083,0.79609,0.77222,0.78516,0.71389,0.80000,0.69583,0.80625,0.72083,0.80859,0.75417,0.80937,0.73472,0.83437,0.71667,0.83672,0.73889,0.83516,0.76528,0.82500,0.76667,0.84531,0.75694,0.84531,0.78056,0.84453,0.80139,0.83359,0.80694,0.84453,0.79722,0.84297,0.81389,0.84219,0.83056,0.61030,0.83631,0.9995,0.73350,1.00000,0.8550,0.78501,0.88494,0.9902,0.66989,0.87680,0.76797,0.90278,117.46,0.9969,live,0.4129,0.2661,157.66,592.55
155675.502911,80.0,0.9278,3,2,0,0.80000,0.88750,0.78906,0.81250,0.79766,0.75278,0.82891,0.74306,0.85781,0.74583,0.83359,0.70278,0.85703,0.67222,0.86953,0.67917,0.87578,0.70278,0.85547,0.72917,0.88359,0.70833,0.89844,0.70833,0.90781,0.71667,0.86953,0.76250,0.89609,0.74583,0.91094,0.74167,0.92109,0.74583,0.87734,0.80556,0.89844,0.78750,0.91094,0.78194,0.92188,0.77778,0.60579,0.83519,0.9995,0.73355,1.00000,0.8524,0.82247,0.84052,0.9905,0.69591,0.87894,0.80000,0.88750,120.53,0.9823,live,0.3816,0.2392,145.50,608.23
155675.569630,80.0,0.0168,3,3,0,0.82109,0.85694,0.81406,0.79167,0.82578,0.73889,0.85703,0.72500,0.88672,0.71944,0.86953,0.68611,0.89141,0.65417,0.89844,0.66528,0.89687,0.69722,0.89531,0.71111,0.92422,0.67083,0.93281,0.68056,0.92812,0.71111,0.91172,0.74444,0.94375,0.71806,0.95234,0.72639,0.94297,0.75417,0.91953,0.78611,0.94922,0.77083,0.95859,0.76944,0.95391,0.78194,0.60653,0.83614,0.9996,0.75206,1.00000,0.8518,0.83900,0.83343,0.9910,0.72095,0.87454,0.82109,0.85694,127.90,0.9804,live,0.3616,0.2700,169.39,627.33
155675.636246,80.0,0.1056,3,3,0,0.83437,0.84167,0.82266,0.79306,0.83047,0.74306,0.85703,0.72778,0.88672,0.71389,0.87266,0.68194,0.89297,0.65139,0.90234,0.66389,0.90234,0.69444,0.89844,0.70694,0.92812,0.65833,0.93672,0.67361,0.93281,0.70833,0.91484,0.74028,0.94609,0.70972,0.95469,0.72500,0.94453,0.75556,0.92344,0.78194,0.95312,0.76111,0.96172,0.76667,0.95469,0.78333,0.60762,0.83831,0.9996,0.75621,1.00000,0.8535,0.84078,0.83526,0.9914,0.74363,0.86796,0.83437,0.84167,117.71,0.9539,live,0.3446,0.2675,170.33,636.81
155675.702918,80.0,0.1945,3,3,0,0.83594,0.84306,0.82109,0.79722,0.82734,0.75000,0.85469,0.73889,0.88281,0.72778,0.87109,0.68611,0.89219,0.65556,0.89922,0.67083,0.89687,0.70694,0.89766,0.70972,0.92734,0.66250,0.93437,0.68472,0.92891,0.72222,0.91406,0.74306,0.94453,0.71111,0.95312,0.73056,0.94375,0.76389,0.92266,0.78333,0.95234,0.76250,0.96094,0.77222,0.95312,0.79444,0.60817,0.83912,0.9996,0.75903,1.00000,0.8552,0.84137,0.83642,0.9917,0.76210,0.86298,0.83594,0.84306,115.30,0.9768,live,0.3354,0.2932,188.64,643.41
155675.769468,80.0,0.2832,3,3,0,0.83281,0.85139,0.81641,0.80694,0.82031,0.76389,0.84766,0.75417,0.87578,0.74306,0.86484,0.69722,0.88672,0.66528,0.89219,0.68611,0.88984,0.72361,0.89141,0.72083,0.92188,0.67222,0.92578,0.69722,0.91953,0.73611,0.90859,0.75278,0.94141,0.71944,0.94531,0.74444,0.93437,0.78056,0.91719,0.79167,0.94766,0.77222,0.95547,0.78611,0.94922,0.81111,0.60892,0.83956,0.9996,0.76037,1.00000,0.8563,0.84097,0.83740,0.9919,0.77624,0.86066,0.83281,0.85139,112.57,0.9677,live,0.3354,0.3123,202.11,647.25
155675.836171,80.0,0.3722,3,3,0,0.82812,0.84583,0.81172,0.80278,0.81094,0.76528,0.83906,0.76667,0.86719,0.76806,0.86016,0.69444,0.88125,0.68056,0.88438,0.70972,0.88359,0.74722,0.88750,0.71944,0.91563,0.68472,0.91797,0.72222,0.91250,0.76528,0.90469,0.75278,0.93516,0.72778,0.93750,0.76389,0.92812,0.80278,0.91328,0.79167,0.94297,0.77778,0.94766,0.80000,0.94063,0.82917,0.60894,0.83906,0.9997,0.75424,1.00000,0.8590,0.83654,0.83793,0.9923,0.78662,0.85770,0.82812,0.84583,112.09,0.9787,live,0.3354,0.3158,205.34,650.29
155675.903370,80.0,0.4618,3,3,0,0.82031,0.81111,0.80156,0.77778,0.79375,0.74028,0.81563,0.74583,0.84141,0.75556,0.83906,0.65972,0.85625,0.66667,0.86094,0.70278,0.86250,0.74306,0.86953,0.67917,0.89531,0.66667,0.89687,0.71250,0.89141,0.75972,0.88984,0.71111,0.91563,0.70556,0.91797,0.75139,0.91016,0.79306,0.90234,0.74861,0.92656,0.74583,0.92891,0.77778,0.92109,0.80833,0.61034,0.83895,0.9997,0.75382,1.00000,0.8612,0.83365,0.81262,0.9926,0.79336,0.84838,0.82031,0.81111,110.77,0.9945,live,0.3276,0.2925,190.69,652.01
155675.969756,80.0,0.5503,3,3,0,0.81875,0.73333,0.80000,0.71944,0.78984,0.69722,0.79219,0.70139,0.79688,0.70000,0.81953,0.61250,0.83125,0.62361,0.82812,0.65972,0.82734,0.69444,0.84609,0.62083,0.85859,0.64306,0.85859,0.68889,0.85703,0.72917,0.86641,0.64028,0.87578,0.66528,0.87656,0.70139,0.87656,0.73194,0.88203,0.66389,0.88984,0.68750,0.88750,0.71389,0.88594,0.73472,0.61084,0.83539,0.9997,0.75340,1.00000,0.8620,0.81634,0.76524,0.9930,0.79843,0.82537,0.81875,0.73333,89.64,0.9958,live,0.3163,0.2648,168.99,638.31
155676.036772,80.0,0.6396,3,3,0,0.81875,0.73333,0.80000,0.71944,0.78984,0.69722,0.79219,0.70139,0.79688,0.70000,0.81953,0.61250,0.83125,0.62361,0.82812,0.65972,0.82734,0.69444,0.84609,0.62083,0.85859,0.64306,0.85859,0.68889,0.85703,0.72917,0.86641,0.64028,0.87578,0.66528,0.87656,0.70139,0.87656,0.73194,0.88203,0.66389,0.88984,0.68750,0.88750,0.71389,0.88594,0.73472,0.60990,0.81943,0.9997,0.75722,0.96515,0.8679,0.79015,0.64945,0.9935,0.79843,0.82537,0.81875,0.73333,89.64,0.5975,hold,0.3163,0.2648,168.99,638.31
155676.103119,80.0,0.7281,3,3,0,0.72734,0.50694,0.70391,0.48889,0.68359,0.45417,0.67891,0.42500,0.68437,0.39722,0.70312,0.37361,0.70234,0.33750,0.70156,0.37500,0.70391,0.40278,0.72656,0.37778,0.73203,0.33611,0.72734,0.37778,0.72422,0.40694,0.74766,0.39167,0.75625,0.35694,0.74687,0.39722,0.74062,0.42361,0.76719,0.41389,0.77500,0.38889,0.76562,0.41528,0.75938,0.43333,0.60916,0.81870,0.9996,0.75954,0.89589,0.8758,0.75622,0.52988,0.9940,0.78422,0.76169,0.72734,0.50694,91.27,0.9934,live,0.2962,0.2044,128.21,627.42
155676.169650,80.0,0.8168,3,3,0,0.69844,0.39722,0.67422,0.37917,0.65625,0.34167,0.65234,0.30972,0.65859,0.27917,0.67188,0.25833,0.66641,0.21528,0.66016,0.20417,0.65469,0.21250,0.69219,0.25000,0.69063,0.19444,0.68516,0.20000,0.68125,0.22778,0.71172,0.25694,0.71328,0.20139,0.70703,0.21111,0.70391,0.24028,0.73125,0.27639,0.73281,0.23750,0.72734,0.24167,0.72422,0.26250,0.60419,0.81632,0.9996,0.75291,0.81429,0.8834,0.71053,0.40302,0.9945,0.76706,0.68879,0.69844,0.39722,96.41,0.9818,live,0.2854,0.2362,146.84,621.55
155676.236501,80.0,0.9059,3,3,0,0.67656,0.34861,0.64609,0.29722,0.63359,0.25417,0.63281,0.20972,0.62969,0.16806,0.64844,0.19028,0.64062,0.15417,0.63359,0.13194,0.62578,0.10972,0.66484,0.18333,0.66172,0.14028,0.65547,0.11528,0.64609,0.09444,0.67969,0.18750,0.68281,0.14583,0.67734,0.12083,0.66797,0.10694,0.69688,0.20417,0.70078,0.16389,0.69688,0.14028,0.68828,0.12500,0.59967,0.80960,0.9996,0.74158,0.73278,0.8914,0.69209,0.34025,0.9949,0.74896,0.62076,0.67656,0.34861,102.37,0.9664,live,0.2854,0.2989,185.54,620.67
155676.302993,80.0,0.9946,3,3,0,0.66094,0.29583,0.62500,0.24028,0.61328,0.19028,0.61094,0.14167,0.61250,0.10139,0.63047,0.15139,0.62266,0.11250,0.61406,0.09167,0.60391,0.07222,0.64453,0.14444,0.64062,0.09722,0.63281,0.07222,0.62187,0.05417,0.65859,0.14583,0.65781,0.09861,0.65156,0.07222,0.63984,0.06111,0.67500,0.15417,0.67500,0.11250,0.67031,0.08889,0.66094,0.07361,0.59864,0.79021,0.9996,0.73031,0.67942,0.8981,0.67363,0.28223,0.9953,0.73136,0.55577,0.66094,0.29583,95.67,0.9602,live,0.3030,0.3832,235.72,615.07
155676.369974,80.0,0.0839,3,1,1,0.64453,0.25556,0.61328,0.20972,0.60234,0.16389,0.60156,0.11944,0.60156,0.08194,0.61875,0.12917,0.61328,0.09167,0.60469,0.07500,0.59609,0.06667,0.63203,0.12222,0.62734,0.07778,0.61797,0.05833,0.60625,0.05278,0.64531,0.12222,0.64297,0.07639,0.63438,0.05694,0.62344,0.05556,0.66016,0.12639,0.66016,0.08750,0.65312,0.06806,0.64219,0.06250,0.59655,0.78275,0.9996,0.72303,0.63008,0.9047,0.65831,0.24539,0.9955,0.71399,0.49573,0.64453,0.25556,85.57,0.9500,live,0.3327,0.4680,282.14,602.88
155676.436811,80.0,0.1730,3,1,1,0.63672,0.24444,0.60781,0.20556,0.59766,0.16389,0.59688,0.12083,0.59609,0.08611,0.61406,0.13194,0.60859,0.09722,0.60078,0.07917,0.59219,0.07222,0.62656,0.12361,0.62187,0.08333,0.61328,0.06389,0.60313,0.05972,0.63828,0.12222,0.63594,0.07917,0.62734,0.06111,0.61797,0.06111,0.65234,0.12639,0.65156,0.08750,0.64453,0.06944,0.63438,0.06528,0.59658,0.78142,0.9996,0.71857,0.62142,0.9110,0.64992,0.23873,0.9957,0.69854,0.44547,0.63672,0.24444,77.62,0.9548,live,0.3701,0.5406,317.03,586.42
155676.503475,80.0,0.2619,3,1,1,0.63203,0.24444,0.60469,0.21111,0.59453,0.17222,0.59375,0.13056,0.59375,0.09583,0.61172,0.14028,0.60469,0.10833,0.59766,0.09167,0.58906,0.07917,0.62344,0.13194,0.61953,0.09444,0.61172,0.07639,0.60156,0.07083,0.63516,0.13194,0.63359,0.09167,0.62578,0.07361,0.61562,0.07083,0.64922,0.13472,0.64844,0.10000,0.64219,0.08056,0.63281,0.07361,0.59641,0.77703,0.9996,0.71716,0.61416,0.9159,0.64622,0.24539,0.9959,0.68524,0.40527,0.63203,0.24444,72.82,0.9735,live,0.4097,0.5900,335.39,568.48
155676.570173,80.0,0.3508,3,1,1,0.63125,0.25417,0.60313,0.22361,0.59297,0.18472,0.59219,0.14306,0.59297,0.10833,0.61250,0.15694,0.60547,0.12500,0.59766,0.10556,0.58906,0.09167,0.62422,0.14722,0.62031,0.10972,0.61094,0.09028,0.60000,0.08194,0.63672,0.14583,0.63438,0.10556,0.62578,0.08472,0.61406,0.08194,0.65078,0.14583,0.65000,0.11111,0.64297,0.09306,0.63203,0.08750,0.59631,0.77777,0.9996,0.71672,0.63235,0.9201,0.64651,0.24782,0.9960,0.67444,0.37505,0.63125,0.25417,70.77,0.9738,live,0.4378,0.5657,311.83,551.22
155676.636843,80.0,0.4397,3,1,1,0.63125,0.27639,0.60313,0.24583,0.59297,0.20417,0.59219,0.16250,0.59609,0.12639,0.61250,0.17222,0.60547,0.13889,0.59766,0.11944,0.58906,0.10833,0.62500,0.16250,0.62187,0.12222,0.61172,0.10139,0.60078,0.09861,0.63906,0.16111,0.63594,0.11806,0.62656,0.09722,0.61484,0.09722,0.65469,0.16389,0.65469,0.12500,0.64609,0.10556,0.63516,0.10417,0.59642,0.77792,0.9995,0.71714,0.63874,0.9240,0.64657,0.26010,0.9961,0.66580,0.35531,0.63125,0.27639,75.46,0.9793,live,0.4689,0.6109,329.52,539.40
155676.703351,80.0,0.5284,3,1,1,0.62813,0.31667,0.60234,0.29861,0.58828,0.24722,0.58750,0.20139,0.59141,0.16528,0.60781,0.20278,0.60078,0.16250,0.59141,0.14167,0.58203,0.13750,0.62344,0.19306,0.61953,0.14444,0.60703,0.12500,0.59531,0.13333,0.63906,0.19583,0.63828,0.14167,0.62734,0.12639,0.61797,0.13750,0.65547,0.20417,0.65625,0.15833,0.64687,0.13889,0.63672,0.14167,0.59574,0.78559,0.9995,0.71727,0.72874,0.9260,0.64925,0.32019,0.9963,0.65827,0.34759,0.62813,0.31667,81.12,0.9844,live,0.4799,0.5297,282.39,533.08
155676.770052,80.0,0.6173,3,1,1,0.62422,0.36389,0.59922,0.35972,0.58047,0.31944,0.57656,0.28056,0.58203,0.25000,0.59922,0.24722,0.59609,0.20139,0.58359,0.20278,0.57656,0.22222,0.61797,0.23750,0.61328,0.19167,0.60078,0.20694,0.59766,0.23750,0.63594,0.24167,0.62891,0.20417,0.61797,0.22639,0.61797,0.25556,0.65391,0.25556,0.64531,0.22917,0.63516,0.24444,0.63438,0.26667,0.59580,0.79304,0.9995,0.71946,0.82332,0.9259,0.64492,0.41616,0.9965,0.65146,0.35085,0.62422,0.36389,84.57,0.9640,live,0.4726,0.4395,232.94,530.00
155676.836779,80.0,0.7063,3,1,1,0.62813,0.56667,0.60234,0.54722,0.57969,0.50694,0.56875,0.47500,0.57031,0.44167,0.59766,0.42639,0.58672,0.36944,0.57109,0.37222,0.56484,0.39028,0.61641,0.42361,0.61250,0.35139,0.59609,0.37361,0.59219,0.40833,0.63672,0.43333,0.63359,0.36944,0.61641,0.39861,0.61094,0.43333,0.65781,0.45278,0.65625,0.40972,0.64062,0.42778,0.63438,0.45417,0.59470,0.80271,0.9995,0.71960,0.92098,0.9244,0.64196,0.54388,0.9967,0.64679,0.39401,0.62813,0.56667,95.51,0.9878,live,0.4497,0.3455,184.89,535.17
155676.903450,80.0,0.7952,3,1,1,0.62344,0.74722,0.59453,0.72222,0.56875,0.68889,0.56094,0.66667,0.57031,0.64583,0.58750,0.58750,0.57891,0.54444,0.57031,0.58750,0.56797,0.62639,0.61484,0.59444,0.61328,0.53194,0.59922,0.58194,0.59141,0.62917,0.64062,0.61389,0.64062,0.57500,0.62187,0.62917,0.60859,0.66944,0.66563,0.64583,0.66563,0.62917,0.65000,0.66250,0.63906,0.68889,0.59552,0.80378,0.9995,0.72018,0.99122,0.9234,0.64227,0.71690,0.9967,0.64212,0.46465,0.62344,0.74722,108.42,0.9951,live,0.4150,0.2566,140.86,549.01
155676.970265,80.0,0.8843,3,1,1,0.61172,0.75694,0.58672,0.74444,0.56797,0.73889,0.56172,0.76528,0.55625,0.79444,0.59375,0.65139,0.57812,0.67083,0.56484,0.73056,0.55391,0.77778,0.62344,0.66667,0.60859,0.68333,0.58984,0.74444,0.57500,0.79444,0.64687,0.69861,0.63750,0.71944,0.61797,0.77917,0.60078,0.82222,0.66563,0.73611,0.66328,0.76389,0.64922,0.80139,0.63516,0.82639,0.60056,0.80059,0.9995,0.72129,1.00000,0.9211,0.64302,0.82773,0.9965,0.63604,0.52311,0.61172,0.75694,81.78,0.9913,live,0.3899,0.2760,149.57,542.01
155677.037016,80.0,0.9733,3,1,1,0.61250,0.82083,0.59375,0.80833,0.57344,0.79583,0.56094,0.80833,0.55312,0.82639,0.59531,0.71111,0.57266,0.73056,0.55547,0.78056,0.54219,0.82083,0.62344,0.72500,0.60234,0.74028,0.57969,0.80000,0.56250,0.84444,0.64687,0.75694,0.63359,0.76944,0.60938,0.83194,0.59062,0.87361,0.66406,0.79722,0.65859,0.82222,0.64062,0.86250,0.62734,0.88889,0.60070,0.80092,0.9995,0.72036,1.00000,0.9211,0.64142,0.89455,0.9963,0.63133,0.58266,0.61250,0.82083,82.05,0.9992,live,0.3811,0.3410,182.77,536.04
155677.103792,80.0,0.0623,3,2,0,0.60469,0.89722,0.57969,0.87778,0.55625,0.85556,0.54297,0.85000,0.53672,0.84722,0.58281,0.72917,0.56172,0.73472,0.54453,0.78056,0.53281,0.81944,0.61172,0.74167,0.59219,0.73750,0.56953,0.79583,0.55547,0.84167,0.63594,0.77500,0.62187,0.77222,0.59844,0.83056,0.58125,0.87083,0.65469,0.82083,0.64531,0.82917,0.62656,0.86806,0.61094,0.89444,0.59772,0.80114,0.9995,0.70212,1.00000,0.9174,0.62879,0.90031,0.9956,0.62600,0.64557,0.60469,0.89722,108.54,0.9998,live,0.3856,0.4061,223.33,549.87
155677.170365,80.0,0.1511,3,2,0,0.60859,0.90417,0.57734,0.88056,0.55234,0.85556,0.53828,0.84167,0.53438,0.83056,0.57578,0.72917,0.55391,0.72361,0.53594,0.76528,0.52266,0.80139,0.60469,0.73889,0.58437,0.72361,0.56172,0.77778,0.54844,0.82083,0.62813,0.76806,0.61328,0.75833,0.58984,0.81389,0.57344,0.85278,0.64844,0.80833,0.63828,0.81111,0.61797,0.84861,0.60156,0.87500,0.59649,0.80163,0.9996,0.70358,1.00000,0.9195,0.62227,0.89777,0.9955,0.62252,0.69729,0.60859,0.90417,111.70,0.9981,live,0.3985,0.4569,257.81,564.31
155677.237231,80.0,0.2402,3,2,0,0.60234,0.89306,0.57109,0.86944,0.54609,0.84444,0.53125,0.82778,0.53203,0.81250,0.57266,0.72083,0.54844,0.70833,0.53047,0.74306,0.51719,0.78056,0.60000,0.72778,0.57578,0.70972,0.55469,0.75972,0.54297,0.80139,0.62344,0.75417,0.60313,0.74306,0.57969,0.79444,0.56406,0.83472,0.64219,0.79722,0.62891,0.79306,0.60859,0.82778,0.59297,0.85556,0.59545,0.80237,0.9996,0.70448,1.00000,0.9220,0.61407,0.88641,0.9954,0.61849,0.73644,0.60234,0.89306,109.79,0.9996,live,0.4157,0.4944,284.57,575.64
155677.304092,80.0,0.3294,3,2,0,0.60078,0.88472,0.56875,0.86111,0.54297,0.83333,0.52734,0.81528,0.52734,0.79444,0.56953,0.71389,0.54453,0.69861,0.52578,0.73056,0.51250,0.76667,0.59609,0.72083,0.57188,0.69583,0.55000,0.74444,0.53906,0.78611,0.61875,0.74722,0.59844,0.72917,0.57422,0.77917,0.56016,0.81944,0.63750,0.78750,0.62344,0.77917,0.60234,0.81111,0.58750,0.83889,0.59179,0.80230,0.9996,0.70349,1.00000,0.9239,0.60649,0.87844,0.9953,0.61494,0.76610,0.60078,0.88472,108.42,0.9996,live,0.4341,0.5176,302.61,584.63
155677.370596,80.0,0.4181,3,2,0,0.59922,0.87778,0.56719,0.85278,0.54141,0.82361,0.52578,0.80556,0.52656,0.78472,0.56641,0.70833,0.54297,0.69167,0.52500,0.72500,0.51172,0.76111,0.59297,0.71528,0.57031,0.68611,0.55000,0.73472,0.53906,0.77917,0.61641,0.74028,0.59688,0.72222,0.57344,0.77222,0.55859,0.81250,0.63516,0.77917,0.62187,0.76944,0.60078,0.80278,0.58516,0.83056,0.59090,0.80233,0.9996,0.70471,1.00000,0.9265,0.60714,0.87170,0.9953,0.61180,0.78843,0.59922,0.87778,108.15,0.9992,live,0.4433,0.4854,287.50,592.34
155677.437145,80.0,0.5068,3,2,0,0.60703,0.87500,0.57812,0.85417,0.55312,0.82500,0.53984,0.80556,0.53750,0.78472,0.57188,0.71667,0.55234,0.68889,0.53594,0.72083,0.52422,0.75556,0.59922,0.72083,0.58125,0.68333,0.56094,0.72917,0.54922,0.77083,0.62344,0.74306,0.60938,0.71944,0.58750,0.76667,0.57344,0.80556,0.64531,0.77917,0.63438,0.76667,0.61484,0.79861,0.60000,0.82500,0.59222,0.79810,0.9996,0.70499,1.00000,0.9270,0.61598,0.86703,0.9952,0.61085,0.80575,0.60703,0.87500,105.71,0.9991,live,0.4385,0.4165,248.83,597.37
155677.503644,80.0,0.5955,3,2,0,0.63125,0.87778,0.60078,0.85278,0.57969,0.81389,0.57734,0.78750,0.58828,0.78056,0.60078,0.70972,0.59062,0.68611,0.57812,0.72083,0.57109,0.75278,0.62813,0.71944,0.62500,0.68194,0.60703,0.72639,0.59688,0.76667,0.65234,0.74444,0.65391,0.71806,0.63438,0.75972,0.62109,0.79444,0.67422,0.78194,0.67656,0.77083,0.66094,0.79583,0.64844,0.81667,0.60692,0.79743,0.9996,0.75448,1.00000,0.9265,0.65641,0.85798,0.9947,0.61493,0.82015,0.63125,0.87778,109.22,0.9973,live,0.4240,0.3579,216.29,604.32
155677.570383,80.0,0.6844,3,2,0,0.63125,0.87778,0.60078,0.85278,0.57969,0.81389,0.57734,0.78750,0.58828,0.78056,0.60078,0.70972,0.59062,0.68611,0.57812,0.72083,0.57109,0.75278,0.62813,0.71944,0.62500,0.68194,0.60703,0.72639,0.59688,0.76667,0.65234,0.74444,0.65391,0.71806,0.63438,0.75972,0.62109,0.79444,0.67422,0.78194,0.67656,0.77083,0.66094,0.79583,0.64844,0.81667,0.60747,0.81722,0.9996,0.74468,1.00000,0.9208,0.71033,0.86022,0.9945,0.61493,0.82015,0.63125,0.87778,109.22,0.5984,hold,0.4240,0.3579,216.29,604.32
155677.637275,80.0,0.7736,3,2,0,0.76328,0.86528,0.73828,0.82500,0.73828,0.78056,0.76484,0.78194,0.79531,0.79028,0.78438,0.71667,0.81406,0.68750,0.81563,0.72222,0.81094,0.75972,0.81250,0.74444,0.84453,0.71806,0.83750,0.75972,0.82422,0.79028,0.83125,0.77778,0.85938,0.75972,0.85078,0.79028,0.83437,0.81111,0.84297,0.81111,0.86719,0.79583,0.85938,0.81528,0.84375,0.82917,0.60662,0.82877,0.9996,0.70313,1.00000,0.9126,0.76152,0.86024,0.9943,0.64460,0.82918,0.76328,0.86528,107.05,0.9869,live,0.3888,0.2284,139.08,608.88
155677.703749,80.0,0.8623,3,2,0,0.79844,0.87500,0.78438,0.82639,0.79219,0.77778,0.82500,0.76944,0.85469,0.76944,0.82656,0.70000,0.84609,0.67917,0.85391,0.69861,0.85391,0.73472,0.85547,0.72083,0.88125,0.68889,0.88984,0.70972,0.88828,0.74444,0.87578,0.75278,0.90234,0.73333,0.90938,0.75278,0.90547,0.78333,0.88672,0.79167,0.91328,0.77083,0.92578,0.77500,0.92969,0.79028,0.60630,0.83098,0.9996,0.74236,1.00000,0.9070,0.81515,0.83934,0.9944,0.67537,0.83834,0.79844,0.87500,123.31,0.9887,live,0.3653,0.2586,161.51,624.60
155677.770771,80.0,0.9516,3,2,0,0.81797,0.85556,0.80391,0.80833,0.81328,0.76111,0.84531,0.74861,0.87422,0.73889,0.84766,0.69167,0.86797,0.65694,0.87656,0.67361,0.87813,0.70972,0.87500,0.71389,0.90391,0.66250,0.91250,0.68333,0.90938,0.71944,0.89297,0.74444,0.92500,0.70972,0.93281,0.72778,0.92500,0.75972,0.90391,0.78333,0.93359,0.76111,0.94141,0.77083,0.93437,0.79306,0.60481,0.83325,0.9997,0.74456,1.00000,0.9022,0.82147,0.83749,0.9944,0.70389,0.84179,0.81797,0.85556,117.19,0.9655,live,0.3397,0.2227,141.19,634.02
155677.837219,80.0,0.0402,3,3,0,0.82031,0.84722,0.80781,0.80000,0.81719,0.75000,0.84766,0.73472,0.87734,0.72083,0.85000,0.67917,0.87031,0.64583,0.87969,0.66250,0.88203,0.69722,0.87578,0.70139,0.90547,0.65278,0.91484,0.67500,0.91250,0.71111,0.89375,0.73333,0.92500,0.69583,0.93437,0.71528,0.92578,0.74861,0.90469,0.77361,0.93516,0.74722,0.94375,0.75833,0.93516,0.78056,0.60460,0.83761,0.9997,0.74859,1.00000,0.8997,0.82719,0.83202,0.9945,0.72717,0.84287,0.82031,0.84722,117.87,0.9695,live,0.3254,0.2605,167.46,642.81
155677.903978,80.0,0.1292,3,3,0,0.81953,0.84306,0.80703,0.79583,0.81484,0.74583,0.84453,0.72917,0.87422,0.71806,0.84844,0.67778,0.86797,0.64444,0.87656,0.65972,0.87891,0.69306,0.87422,0.69861,0.90234,0.64583,0.91172,0.66667,0.90938,0.70139,0.89219,0.72917,0.92266,0.68889,0.93203,0.70694,0.92500,0.74028,0.90312,0.76806,0.93281,0.74167,0.94141,0.75417,0.93437,0.77917,0.60580,0.83972,0.9997,0.76342,1.00000,0.8981,0.83036,0.82382,0.9947,0.74564,0.84291,0.81953,0.84306,116.34,0.9660,live,0.3171,0.2790,181.19,649.43
155677.970530,80.0,0.2180,3,3,0,0.81797,0.84028,0.80391,0.79444,0.81172,0.74583,0.84141,0.73333,0.87031,0.72222,0.84609,0.67778,0.86641,0.64444,0.87344,0.66250,0.87422,0.69861,0.87187,0.69861,0.90156,0.64722,0.90938,0.67222,0.90625,0.70972,0.88984,0.72917,0.92109,0.69028,0.92891,0.71111,0.92109,0.74583,0.90078,0.76806,0.93047,0.74028,0.93750,0.75417,0.92969,0.78056,0.60561,0.83967,0.9997,0.75589,1.00000,0.8961,0.83013,0.82356,0.9948,0.76011,0.84238,0.81797,0.84028,114.79,0.9771,live,0.3171,0.2982,195.04,654.15
155678.037532,80.0,0.3073,3,3,0,0.81250,0.84583,0.79688,0.80000,0.80391,0.75278,0.83359,0.73889,0.86250,0.72639,0.83984,0.68333,0.86094,0.64722,0.86797,0.66667,0.86797,0.70278,0.86719,0.70417,0.89687,0.64861,0.90391,0.67222,0.89844,0.71111,0.88516,0.73333,0.91563,0.69306,0.92266,0.71389,0.91406,0.74861,0.89531,0.77222,0.92578,0.74444,0.93203,0.75694,0.92344,0.78333,0.60552,0.84472,0.9997,0.76570,1.00000,0.8971,0.82746,0.82350,0.9950,0.77059,0.84307,0.81250,0.84583,114.98,0.9694,live,0.3171,0.3036,199.93,658.44
155678.104275,80.0,0.3963,3,3,0,0.80234,0.84167,0.78672,0.79167,0.79141,0.74306,0.82109,0.72917,0.85000,0.72500,0.82734,0.67778,0.84375,0.64306,0.85078,0.65972,0.85234,0.69306,0.85391,0.69722,0.88125,0.63889,0.88750,0.66389,0.88359,0.70417,0.87344,0.72639,0.90312,0.68333,0.90859,0.70833,0.90000,0.74444,0.88594,0.76389,0.91406,0.73472,0.91953,0.75000,0.91172,0.77639,0.60459,0.83990,0.9997,0.74758,1.00000,0.8949,0.82350,0.82249,0.9953,0.77694,0.84279,0.80234,0.84167,115.88,0.9675,live,0.3061,0.2560,169.69,662.86
155678.170916,80.0,0.4852,3,3,0,0.78750,0.80694,0.76797,0.76389,0.76562,0.71389,0.78984,0.69444,0.81563,0.68611,0.80078,0.63750,0.81641,0.59306,0.82031,0.61528,0.81875,0.65000,0.82812,0.65000,0.85391,0.59722,0.85938,0.63194,0.85469,0.67083,0.84922,0.67639,0.87578,0.63611,0.88047,0.66528,0.87266,0.70000,0.86562,0.71111,0.88906,0.68056,0.89219,0.69722,0.88516,0.72222,0.60675,0.83916,0.9997,0.74473,1.00000,0.8935,0.81539,0.80048,0.9954,0.77905,0.83562,0.78750,0.80694,116.89,0.9773,live,0.2975,0.2583,172.39,667.47
155678.237624,80.0,0.5741,3,3,0,0.75469,0.70000,0.73047,0.66111,0.72188,0.60972,0.73750,0.58194,0.75547,0.55833,0.75781,0.52639,0.77578,0.50139,0.78750,0.53472,0.79531,0.57083,0.78438,0.53611,0.80234,0.50694,0.80937,0.54861,0.81172,0.58472,0.80547,0.55833,0.81953,0.53056,0.82266,0.56389,0.82188,0.59167,0.82188,0.58750,0.83281,0.56528,0.83203,0.58611,0.82969,0.60556,0.60669,0.83910,0.9997,0.74557,1.00000,0.8955,0.78501,0.70441,0.9956,0.77418,0.80850,0.75469,0.70000,115.06,0.9627,live,0.2802,0.2015,135.03,670.22
155678.304296,80.0,0.6630,3,3,0,0.71016,0.54861,0.68281,0.51389,0.67344,0.45417,0.68125,0.40556,0.68984,0.36528,0.70078,0.39722,0.70312,0.35278,0.69766,0.33889,0.69063,0.33889,0.72188,0.39861,0.72813,0.35139,0.72031,0.34583,0.71328,0.35139,0.73906,0.40972,0.74687,0.36667,0.73906,0.36250,0.73203,0.37083,0.75391,0.42917,0.76094,0.39167,0.75547,0.38750,0.75000,0.39306,0.60430,0.82520,0.9997,0.74545,0.91939,0.8978,0.73166,0.54714,0.9958,0.76137,0.75652,0.71016,0.54861,98.28,0.9369,live,0.2610,0.1735,114.63,660.55
155678.370946,80.0,0.7519,3,3,0,0.67031,0.42222,0.64219,0.37778,0.63047,0.32083,0.63594,0.27083,0.64531,0.23472,0.65469,0.26528,0.65078,0.22083,0.64219,0.20278,0.63281,0.19306,0.67344,0.26250,0.67344,0.20972,0.66484,0.19028,0.65312,0.18194,0.68984,0.26944,0.69297,0.21806,0.68516,0.19722,0.67422,0.19028,0.70625,0.28889,0.70781,0.24167,0.70156,0.21944,0.69219,0.20833,0.60132,0.82330,0.9997,0.73774,0.82365,0.9032,0.68605,0.43875,0.9961,0.74316,0.68966,0.67031,0.42222,101.11,0.9275,live,0.2495,0.1970,128.88,654.08
155678.437705,80.0,0.8409,3,3,0,0.64687,0.36250,0.61641,0.30000,0.60859,0.24167,0.61172,0.19028,0.61250,0.15000,0.62422,0.20556,0.61953,0.16250,0.61172,0.13889,0.60313,0.12361,0.63984,0.20000,0.63906,0.15139,0.63203,0.12361,0.62187,0.10833,0.65469,0.20278,0.65703,0.15694,0.65000,0.12778,0.63906,0.11944,0.67109,0.21528,0.67500,0.17083,0.67031,0.14583,0.66094,0.13472,0.59513,0.81668,0.9997,0.71988,0.76117,0.9092,0.66008,0.33943,0.9964,0.72390,0.62423,0.64687,0.36250,101.21,0.9490,live,0.2495,0.2663,172.66,648.47
155678.504083,80.0,0.9294,3,3,0,0.63359,0.30972,0.59922,0.25139,0.59141,0.20139,0.59297,0.15417,0.59453,0.12083,0.60703,0.16944,0.60156,0.13056,0.59297,0.10972,0.58437,0.09722,0.62109,0.16250,0.61875,0.11528,0.61016,0.09306,0.59844,0.08333,0.63516,0.16250,0.63516,0.11528,0.62734,0.09167,0.61562,0.08750,0.65156,0.16944,0.65156,0.12778,0.64453,0.10694,0.63438,0.10000,0.59406,0.80326,0.9997,0.70694,0.68495,0.9158,0.64181,0.28678,0.9966,0.70584,0.56133,0.63359,0.30972,93.59,0.9751,live,0.2676,0.3502,223.45,638.03
155678.570988,80.0,0.0186,3,1,1,0.62266,0.27639,0.59062,0.23611,0.58125,0.18889,0.58203,0.14306,0.58281,0.10833,0.59766,0.15694,0.59219,0.12083,0.58437,0.10417,0.57578,0.09722,0.61094,0.14861,0.60703,0.10556,0.59766,0.08750,0.58750,0.08472,0.62422,0.14722,0.62266,0.10278,0.61328,0.08472,0.60313,0.08333,0.63984,0.15139,0.63984,0.11389,0.63203,0.09722,0.62187,0.09444,0.59319,0.78990,0.9997,0.70280,0.64743,0.9214,0.63080,0.26510,0.9968,0.68920,0.50434,0.62266,0.27639,82.94,0.9660,live,0.2976,0.4341,269.64,621.19
155678.637602,80.0,0.1074,3,1,1,0.61797,0.26667,0.58828,0.23194,0.57734,0.19028,0.57734,0.14583,0.57969,0.11250,0.59453,0.16111,0.58750,0.12917,0.57969,0.11111,0.57109,0.10000,0.60625,0.15278,0.60156,0.11389,0.59297,0.09444,0.58281,0.08889,0.61875,0.15000,0.61562,0.10833,0.60625,0.09028,0.59531,0.08889,0.63359,0.15139,0.63203,0.11389,0.62422,0.09583,0.61406,0.09167,0.59309,0.78345,0.9996,0.69764,0.64167,0.9264,0.62837,0.26054,0.9970,0.67496,0.45681,0.61797,0.26667,75.23,0.9762,live,0.3363,0.5130,308.20,600.81
155678.704240,80.0,0.1963,3,1,1,0.61641,0.26389,0.58516,0.23056,0.57500,0.19167,0.57500,0.14861,0.57812,0.11528,0.59453,0.16528,0.58750,0.13056,0.57891,0.11250,0.56953,0.10000,0.60547,0.15556,0.60156,0.11528,0.59219,0.09583,0.58047,0.08750,0.61797,0.15278,0.61484,0.10833,0.60469,0.08889,0.59297,0.08750,0.63281,0.15278,0.63047,0.11389,0.62109,0.09722,0.60938,0.09444,0.59246,0.78399,0.9996,0.69875,0.63522,0.9294,0.62458,0.25965,0.9969,0.66325,0.41822,0.61641,0.26389,72.02,0.9802,live,0.3811,0.5852,339.73,580.57
155678.771177,80.0,0.2855,3,1,1,0.61484,0.26667,0.58516,0.23472,0.57578,0.19583,0.57578,0.15278,0.57891,0.11806,0.59609,0.16806,0.58984,0.13472,0.58125,0.11667,0.57188,0.10417,0.60781,0.15972,0.60391,0.12083,0.59453,0.10000,0.58281,0.09306,0.61953,0.15694,0.61719,0.11389,0.60781,0.09444,0.59609,0.09306,0.63438,0.15694,0.63281,0.11944,0.62344,0.10139,0.61250,0.09861,0.59248,0.78297,0.9996,0.69726,0.64206,0.9330,0.62694,0.26599,0.9970,0.65357,0.38791,0.61484,0.26667,71.25,0.9830,live,0.4214,0.6046,339.91,562.20
155678.837932,80.0,0.3745,3,1,1,0.61562,0.27778,0.58672,0.24861,0.57656,0.20556,0.57656,0.16111,0.58125,0.12778,0.59766,0.17778,0.59141,0.14444,0.58281,0.12500,0.57344,0.11111,0.61016,0.16806,0.60625,0.12778,0.59609,0.10556,0.58437,0.09861,0.62344,0.16667,0.62031,0.12083,0.61016,0.10000,0.59844,0.09861,0.63828,0.16667,0.63672,0.12778,0.62734,0.10972,0.61562,0.10694,0.59253,0.78340,0.9995,0.69803,0.65558,0.9352,0.62746,0.27129,0.9970,0.64598,0.36588,0.61562,0.27778,73.15,0.9783,live,0.4500,0.5803,317.68,547.41
155678.904505,80.0,0.4633,3,1,1,0.61328,0.30833,0.58672,0.28056,0.57578,0.23056,0.57578,0.18472,0.58437,0.14861,0.59609,0.19444,0.58984,0.15556,0.57969,0.13333,0.57109,0.12778,0.60938,0.18611,0.60625,0.14028,0.59531,0.11806,0.58281,0.12083,0.62422,0.18611,0.62266,0.13611,0.61172,0.11528,0.59922,0.11944,0.63984,0.19167,0.64062,0.14722,0.63047,0.12639,0.61875,0.12778,0.59195,0.78506,0.9995,0.70211,0.72245,0.9376,0.62959,0.31259,0.9971,0.63944,0.35437,0.61328,0.30833,79.92,0.9842,live,0.4609,0.5109,275.51,539.26
155678.971277,80.0,0.5523,3,1,1,0.60781,0.35694,0.58281,0.34306,0.56719,0.29167,0.56484,0.24583,0.57266,0.20972,0.58516,0.23472,0.58125,0.18611,0.56953,0.16944,0.55937,0.17778,0.60234,0.22778,0.60156,0.17083,0.58750,0.15833,0.57500,0.18056,0.61953,0.23333,0.62187,0.17500,0.60938,0.16528,0.59922,0.18750,0.63750,0.24861,0.63906,0.20278,0.63047,0.18611,0.62109,0.19444,0.59104,0.79452,0.9995,0.71106,0.82089,0.9379,0.62964,0.38942,0.9972,0.63311,0.35489,0.60781,0.35694,85.11,0.9829,live,0.4540,0.4225,226.40,535.83
155679.037971,80.0,0.6412,3,1,1,0.60313,0.34306,0.58359,0.33472,0.56797,0.32222,0.56016,0.31944,0.55781,0.31944,0.58359,0.28750,0.57812,0.27778,0.56719,0.29167,0.55937,0.30972,0.60156,0.29306,0.59688,0.27778,0.58750,0.30000,0.58281,0.32639,0.61953,0.30833,0.61641,0.29306,0.60703,0.31944,0.60234,0.34444,0.63672,0.32917,0.63672,0.32639,0.62578,0.34444,0.61797,0.36250,0.59103,0.80028,0.9995,0.71103,0.89658,0.9342,0.62791,0.47444,0.9973,0.62712,0.35252,0.60313,0.34306,50.42,0.9153,live,0.4365,0.3564,180.99,507.83
155679.104604,80.0,0.7301,3,1,1,0.61016,0.70972,0.58437,0.68472,0.56094,0.64444,0.55078,0.61806,0.55703,0.59583,0.58672,0.55556,0.58203,0.50556,0.56563,0.53333,0.55781,0.56806,0.60938,0.56389,0.60625,0.50833,0.58672,0.54861,0.57891,0.59028,0.63047,0.58750,0.62656,0.54444,0.60625,0.58472,0.59688,0.62361,0.65000,0.62083,0.64609,0.59861,0.63047,0.62222,0.62266,0.64861,0.59255,0.80654,0.9995,0.71497,0.99216,0.9299,0.62749,0.65898,0.9973,0.62372,0.42396,0.61016,0.70972,98.87,0.9923,live,0.4057,0.2659,137.74,518.08
155679.171421,80.0,0.8192,3,1,1,0.60938,0.82639,0.58125,0.80417,0.55234,0.78750,0.54141,0.80000,0.54844,0.82778,0.57812,0.68611,0.55391,0.73056,0.54453,0.78333,0.54063,0.82083,0.60938,0.70139,0.59141,0.72500,0.57734,0.77639,0.56641,0.81528,0.63594,0.73472,0.62422,0.76667,0.60391,0.82361,0.58672,0.85833,0.65703,0.77778,0.65156,0.81389,0.63359,0.85417,0.61719,0.87778,0.59617,0.80597,0.9995,0.71398,1.00000,0.9260,0.62773,0.86468,0.9969,0.62085,0.50445,0.60938,0.82639,97.40,0.9981,live,0.3770,0.2461,129.47,526.04
155679.237806,80.0,0.9077,3,1,1,0.60547,0.84028,0.57891,0.83472,0.55547,0.84167,0.54375,0.87917,0.53438,0.91250,0.58281,0.75278,0.56172,0.78611,0.54375,0.83889,0.52891,0.88194,0.61172,0.77361,0.59375,0.80694,0.56953,0.86667,0.55234,0.91111,0.63438,0.80972,0.62187,0.84306,0.59688,0.90278,0.57734,0.94306,0.64922,0.85278,0.64219,0.88750,0.62500,0.92917,0.61016,0.95556,0.59854,0.80748,0.9995,0.70046,1.00000,0.9233,0.62789,0.95415,0.9964,0.61778,0.57161,0.60547,0.84028,71.53,0.9985,live,0.3680,0.3269,168.14,514.42
155679.304725,80.0,0.9969,3,1,1,0.59297,0.91250,0.56875,0.90000,0.54766,0.89028,0.53438,0.90000,0.52812,0.91111,0.57734,0.77639,0.55625,0.79444,0.53672,0.84306,0.52266,0.88194,0.60859,0.79583,0.59062,0.80972,0.56563,0.86944,0.54766,0.91389,0.63047,0.83750,0.62187,0.84861,0.59297,0.90833,0.57188,0.94861,0.64531,0.88750,0.63906,0.91389,0.61641,0.95556,0.59844,0.97917,0.59850,0.81104,0.9995,0.68878,1.00000,0.9165,0.61980,0.97455,0.9954,0.61282,0.63979,0.59297,0.91250,93.48,0.9999,live,0.3756,0.4102,213.31,520.00
155679.371496,80.0,0.0859,3,2,0,0.59844,0.94444,0.57031,0.92222,0.54766,0.89861,0.53359,0.88889,0.52969,0.88333,0.57734,0.76806,0.55547,0.77639,0.53438,0.82222,0.51953,0.86111,0.60703,0.78472,0.58672,0.79028,0.56172,0.84861,0.54531,0.89167,0.62969,0.82361,0.61641,0.83333,0.58750,0.89028,0.56641,0.92917,0.64531,0.87361,0.63516,0.89583,0.61172,0.93333,0.59375,0.95417,0.59834,0.81389,0.9995,0.68631,1.00000,0.9152,0.61162,0.96754,0.9951,0.60994,0.70072,0.59844,0.94444,109.91,0.9997,live,0.3935,0.4749,254.91,536.73
155679.437753,80.0,0.1743,3,2,0,0.60156,0.92917,0.57109,0.90417,0.54844,0.88333,0.53281,0.87361,0.52812,0.86806,0.57656,0.74722,0.55469,0.75833,0.53438,0.80139,0.52031,0.84028,0.60625,0.76528,0.58516,0.77083,0.55937,0.82639,0.54375,0.86806,0.62813,0.80417,0.61406,0.81528,0.58594,0.86667,0.56641,0.90417,0.64375,0.85694,0.63281,0.87500,0.61016,0.90972,0.59297,0.93333,0.59785,0.81385,0.9995,0.68278,1.00000,0.9138,0.61195,0.94866,0.9947,0.60826,0.74641,0.60156,0.92917,111.19,0.9998,live,0.4164,0.5208,287.68,552.38
155679.504979,80.0,0.2639,3,2,0,0.59922,0.92361,0.56953,0.90000,0.54609,0.87500,0.53125,0.86111,0.52969,0.85000,0.57422,0.74306,0.55312,0.74583,0.53359,0.79028,0.52031,0.82917,0.60391,0.75833,0.58359,0.75694,0.55859,0.81389,0.54453,0.85694,0.62656,0.79722,0.61250,0.80139,0.58516,0.85278,0.56641,0.89167,0.64297,0.84722,0.63203,0.85833,0.60938,0.89306,0.59219,0.91806,0.59537,0.81477,0.9995,0.68264,1.00000,0.9124,0.61236,0.92896,0.9944,0.60646,0.78185,0.59922,0.92361,111.79,0.9995,live,0.4402,0.5489,310.99,566.58
155679.571373,80.0,0.3524,3,2,0,0.60469,0.92083,0.57344,0.89583,0.54922,0.87083,0.53359,0.85972,0.53281,0.85139,0.57656,0.73889,0.55312,0.74167,0.53438,0.78472,0.52109,0.82361,0.60547,0.75278,0.58359,0.75000,0.55937,0.80556,0.54531,0.84861,0.62813,0.78889,0.61172,0.79167,0.58516,0.84167,0.56641,0.87917,0.64453,0.83611,0.63359,0.84861,0.61172,0.88333,0.59453,0.90556,0.59305,0.81398,0.9996,0.68361,1.00000,0.9120,0.61195,0.92548,0.9941,0.60610,0.80965,0.60469,0.92083,112.01,0.9993,live,0.4636,0.5701,330.23,579.24
155679.638291,80.0,0.4417,3,2,0,0.61719,0.91528,0.58750,0.89167,0.56406,0.86806,0.55000,0.85694,0.54766,0.85000,0.59219,0.74028,0.56797,0.73750,0.54922,0.77917,0.53672,0.81944,0.62031,0.75278,0.59922,0.74444,0.57656,0.79861,0.56250,0.84167,0.64297,0.78750,0.62969,0.78333,0.60469,0.83194,0.58672,0.86944,0.66094,0.83472,0.65234,0.84028,0.63047,0.87222,0.61328,0.89583,0.59436,0.81190,0.9996,0.69832,1.00000,0.9115,0.62040,0.92277,0.9939,0.60832,0.83077,0.61719,0.91528,109.73,0.9992,live,0.4700,0.4990,293.77,588.73
155679.704663,80.0,0.5301,3,2,0,0.64297,0.90972,0.61172,0.88472,0.59062,0.84722,0.59688,0.83611,0.62031,0.83611,0.62578,0.73194,0.61328,0.73750,0.60156,0.78472,0.59453,0.81667,0.65469,0.74444,0.65000,0.73611,0.63516,0.78889,0.62344,0.82500,0.67812,0.77639,0.68047,0.77222,0.66406,0.82222,0.64844,0.85139,0.69375,0.81944,0.69453,0.83611,0.68125,0.86944,0.67031,0.88333,0.60190,0.81255,0.9996,0.74012,1.00000,0.9077,0.67904,0.92114,0.9932,0.61525,0.84656,0.64297,0.90972,112.29,0.9967,live,0.4596,0.4125,247.05,598.93
155679.771664,80.0,0.6195,3,2,0,0.64297,0.90972,0.61172,0.88472,0.59062,0.84722,0.59688,0.83611,0.62031,0.83611,0.62578,0.73194,0.61328,0.73750,0.60156,0.78472,0.59453,0.81667,0.65469,0.74444,0.65000,0.73611,0.63516,0.78889,0.62344,0.82500,0.67812,0.77639,0.68047,0.77222,0.66406,0.82222,0.64844,0.85139,0.69375,0.81944,0.69453,0.83611,0.68125,0.86944,0.67031,0.88333,0.60398,0.82789,0.9996,0.72385,1.00000,0.8992,0.73930,0.91722,0.9933,0.61525,0.84656,0.64297,0.90972,112.29,0.5980,hold,0.4596,0.4125,247.05,598.93
155679.837959,80.0,0.7079,3,2,0,0.78672,0.89028,0.76484,0.84167,0.76797,0.79028,0.79531,0.78750,0.82500,0.79306,0.82266,0.73333,0.85859,0.69861,0.86172,0.73056,0.85313,0.76944,0.84844,0.76667,0.88750,0.73611,0.88594,0.77500,0.87187,0.80833,0.86250,0.80139,0.89766,0.77222,0.89531,0.80278,0.88047,0.82917,0.87031,0.83611,0.90000,0.81111,0.89922,0.83056,0.88516,0.84861,0.60366,0.82745,0.9996,0.72034,1.00000,0.8927,0.78241,0.89367,0.9932,0.64954,0.85531,0.78672,0.89028,112.70,0.9650,live,0.4257,0.2710,164.83,608.20
155679.904983,80.0,0.7972,3,2,0,0.82031,0.88472,0.80859,0.83056,0.81875,0.78194,0.85234,0.77500,0.88359,0.77500,0.85938,0.71111,0.87813,0.68333,0.88594,0.70000,0.88672,0.73611,0.88750,0.73333,0.91328,0.69167,0.92344,0.70972,0.92188,0.74306,0.90469,0.76667,0.93437,0.73750,0.94453,0.75417,0.93828,0.78472,0.91406,0.80833,0.94297,0.79028,0.95234,0.80139,0.94766,0.82222,0.60352,0.83154,0.9996,0.72639,1.00000,0.8827,0.82955,0.84594,0.9927,0.68370,0.86119,0.82031,0.88472,126.12,0.9768,live,0.3929,0.2434,152.36,626.02
155679.971760,80.0,0.8863,3,2,0,0.83750,0.86667,0.82812,0.81667,0.84141,0.77083,0.87500,0.75972,0.90469,0.75278,0.87578,0.70556,0.89922,0.67361,0.90938,0.69028,0.91172,0.72500,0.90234,0.72778,0.93281,0.67917,0.94219,0.69722,0.94063,0.73194,0.91953,0.75972,0.95078,0.72361,0.96094,0.73889,0.95469,0.77083,0.92812,0.79861,0.95703,0.77361,0.96797,0.78056,0.96484,0.80000,0.60374,0.83412,0.9997,0.74616,1.00000,0.8779,0.84468,0.83817,0.9926,0.71446,0.86228,0.83750,0.86667,119.14,0.9704,live,0.3679,0.2542,161.85,636.68
155680.038304,80.0,0.9750,3,2,0,0.83984,0.86250,0.83047,0.81528,0.84141,0.76806,0.87187,0.75278,0.90312,0.74167,0.87578,0.70139,0.89609,0.66944,0.90547,0.68472,0.90781,0.71528,0.90078,0.72361,0.93047,0.67361,0.93984,0.69306,0.93750,0.72778,0.91719,0.75556,0.94766,0.71806,0.95781,0.73333,0.95156,0.76389,0.92500,0.79583,0.95547,0.77222,0.96562,0.77917,0.96094,0.79722,0.60376,0.83393,0.9997,0.74765,1.00000,0.8729,0.85279,0.82722,0.9926,0.73953,0.86233,0.83984,0.86250,115.85,0.9744,live,0.3521,0.2802,180.36,643.69
155680.104779,80.0,0.0636,3,3,0,0.83750,0.86389,0.82500,0.81806,0.83516,0.76806,0.86406,0.75278,0.89297,0.74167,0.87031,0.70556,0.89062,0.67083,0.89922,0.68750,0.89922,0.72083,0.89609,0.72639,0.92500,0.67500,0.93437,0.69444,0.93047,0.73056,0.91250,0.75694,0.94297,0.71806,0.95234,0.73472,0.94375,0.76528,0.92188,0.79444,0.95078,0.76944,0.95937,0.77917,0.95234,0.80000,0.60729,0.83393,0.9997,0.74995,1.00000,0.8696,0.85253,0.82346,0.9927,0.75913,0.86264,0.83750,0.86389,114.16,0.9666,live,0.3454,0.3150,204.33,648.64
155680.171720,80.0,0.1529,3,3,0,0.83359,0.86944,0.82109,0.82500,0.82969,0.77778,0.85781,0.76111,0.88672,0.74722,0.86406,0.70972,0.88516,0.67500,0.89375,0.69444,0.89297,0.73056,0.89062,0.73194,0.91953,0.67778,0.92812,0.69861,0.92422,0.73472,0.90703,0.76250,0.93828,0.72222,0.94609,0.73889,0.93750,0.77083,0.91719,0.80000,0.94688,0.77222,0.95469,0.78194,0.94531,0.80556,0.60720,0.84123,0.9997,0.75020,1.00000,0.8655,0.84302,0.82687,0.9925,0.77402,0.86400,0.83359,0.86944,114.15,0.9655,live,0.3454,0.3269,213.44,653.00
155680.238548,80.0,0.2420,3,3,0,0.83125,0.87500,0.81797,0.82778,0.82578,0.78056,0.85391,0.76667,0.88281,0.75556,0.86172,0.71389,0.88281,0.68056,0.89062,0.70139,0.88906,0.73889,0.88750,0.73611,0.91641,0.68333,0.92500,0.70694,0.92031,0.74444,0.90469,0.76667,0.93594,0.72778,0.94297,0.74861,0.93359,0.78194,0.91406,0.80417,0.94297,0.77778,0.95000,0.78889,0.94141,0.81250,0.60697,0.84092,0.9997,0.75000,1.00000,0.8634,0.83961,0.83934,0.9925,0.78547,0.86620,0.83125,0.87500,114.15,0.9711,live,0.3454,0.3324,218.34,656.82
155680.305163,80.0,0.3308,3,3,0,0.82734,0.88611,0.81563,0.83750,0.82344,0.79167,0.85313,0.78056,0.88203,0.77222,0.86016,0.72361,0.88125,0.69306,0.88828,0.71389,0.88672,0.75000,0.88594,0.74583,0.91484,0.69583,0.92266,0.72222,0.91797,0.76250,0.90312,0.77639,0.93437,0.73611,0.94219,0.75972,0.93281,0.79583,0.91250,0.81389,0.94141,0.78750,0.95000,0.80000,0.94375,0.82500,0.60752,0.84501,0.9997,0.75484,1.00000,0.8637,0.83889,0.84636,0.9925,0.79384,0.87018,0.82734,0.88611,116.06,0.9738,live,0.3336,0.2797,185.01,661.57
155680.371732,80.0,0.4196,3,3,0,0.82812,0.89028,0.81797,0.84306,0.82656,0.79861,0.85547,0.79028,0.88516,0.78472,0.86172,0.72917,0.88359,0.70417,0.89062,0.72500,0.88828,0.76250,0.88750,0.75417,0.91641,0.70694,0.92500,0.73472,0.92031,0.77222,0.90469,0.78472,0.93594,0.75000,0.94453,0.77222,0.93594,0.80833,0.91406,0.82361,0.94297,0.79722,0.95156,0.81111,0.94453,0.83750,0.60725,0.84447,0.9997,0.75376,1.00000,0.8626,0.83891,0.84852,0.9926,0.80070,0.87420,0.82812,0.89028,115.80,0.9724,live,0.3260,0.2914,193.96,665.55
155680.438262,80.0,0.5083,3,3,0,0.82969,0.89306,0.81875,0.85000,0.82734,0.80694,0.85547,0.79722,0.88359,0.79028,0.86250,0.73333,0.88359,0.70972,0.88984,0.73056,0.88828,0.76667,0.88828,0.75694,0.91797,0.71111,0.92578,0.73889,0.92109,0.77778,0.90547,0.78889,0.93672,0.75278,0.94531,0.77778,0.93594,0.81389,0.91484,0.82639,0.94453,0.80278,0.95312,0.81806,0.94531,0.84444,0.60759,0.84438,0.9997,0.75605,1.00000,0.8627,0.83857,0.85656,0.9924,0.80650,0.87797,0.82969,0.89306,114.92,0.9744,live,0.3098,0.2358,157.65,668.43
155680.505093,80.0,0.5974,3,3,0,0.82891,0.88750,0.81484,0.84306,0.82188,0.79722,0.85078,0.78750,0.87891,0.78472,0.86094,0.73056,0.88125,0.70000,0.88672,0.72500,0.88438,0.76250,0.88672,0.75139,0.91563,0.70278,0.92266,0.73056,0.91719,0.76806,0.90312,0.78194,0.93516,0.74444,0.94219,0.77083,0.93359,0.80556,0.91250,0.82083,0.94141,0.79722,0.94922,0.81389,0.94141,0.83889,0.60757,0.84064,0.9997,0.75549,1.00000,0.8615,0.83817,0.85918,0.9923,0.81098,0.87988,0.82891,0.88750,113.23,0.9681,live,0.2874,0.1854,124.19,669.75
155680.571710,80.0,0.6862,3,3,0,0.81875,0.85417,0.80547,0.80833,0.80937,0.76250,0.83594,0.75139,0.86094,0.74583,0.84453,0.69167,0.86172,0.66389,0.86797,0.68333,0.86719,0.71806,0.87031,0.70972,0.89922,0.66389,0.90781,0.68889,0.90469,0.72361,0.88828,0.74167,0.91797,0.70833,0.92578,0.73056,0.91875,0.76250,0.89922,0.77917,0.92734,0.75417,0.93516,0.76667,0.92969,0.78750,0.60499,0.83913,0.9997,0.75122,1.00000,0.8609,0.83501,0.83398,0.9924,0.81253,0.87474,0.81875,0.85417,113.80,0.9696,live,0.2695,0.1880,126.17,671.31
155680.638801,80.0,0.7757,3,3,0,0.80469,0.78194,0.78906,0.74861,0.78906,0.69861,0.80859,0.67083,0.82969,0.64444,0.82031,0.61806,0.83672,0.56389,0.84219,0.58750,0.84219,0.62222,0.84531,0.62500,0.86875,0.57083,0.87891,0.60417,0.88125,0.64028,0.86484,0.64444,0.88828,0.59861,0.89844,0.62361,0.90000,0.65556,0.87891,0.67222,0.89844,0.63889,0.90703,0.65278,0.90781,0.67639,0.60526,0.82722,0.9997,0.74409,1.00000,0.8619,0.81566,0.75100,0.9927,0.81096,0.85618,0.80469,0.78194,113.04,0.9579,live,0.2399,0.1048,70.46,672.15
155680.705711,80.0,0.8649,3,3,0,0.76406,0.59861,0.74297,0.56389,0.73750,0.49583,0.75234,0.44722,0.77344,0.42222,0.78203,0.42917,0.80000,0.39028,0.79063,0.41528,0.78672,0.43194,0.80234,0.44861,0.81953,0.41250,0.80547,0.44583,0.80078,0.45833,0.81953,0.47222,0.83594,0.43889,0.81953,0.46944,0.81328,0.48194,0.83359,0.50417,0.85078,0.47639,0.83750,0.49583,0.82969,0.50833,0.60496,0.82582,0.9997,0.75082,0.95081,0.8673,0.78483,0.60903,0.9933,0.80158,0.80466,0.76406,0.59861,110.01,0.9894,live,0.2163,0.1092,73.23,670.69
155680.771863,80.0,0.9531,3,3,0,0.70625,0.44583,0.68203,0.41389,0.67344,0.35972,0.68437,0.31806,0.69688,0.28472,0.69688,0.30833,0.69688,0.26389,0.69453,0.24167,0.68984,0.23472,0.71875,0.30972,0.72656,0.26250,0.72500,0.24167,0.71797,0.23472,0.73516,0.31944,0.74297,0.27639,0.74141,0.25417,0.73438,0.24444,0.74922,0.33889,0.75703,0.30000,0.75703,0.27778,0.75391,0.26250,0.60178,0.81086,0.9997,0.74786,0.84504,0.8750,0.73200,0.45536,0.9938,0.78252,0.73290,0.70625,0.44583,91.04,0.8924,live,0.2083,0.1717,112.58,655.76
155680.838713,80.0,0.0422,3,1,1,0.66172,0.33889,0.63438,0.30278,0.62109,0.25278,0.62578,0.20417,0.63516,0.17361,0.64219,0.19722,0.63906,0.15278,0.62969,0.13611,0.62031,0.12917,0.66172,0.19167,0.66250,0.13750,0.65234,0.11944,0.64062,0.11389,0.67734,0.19444,0.68281,0.14444,0.67422,0.12361,0.66250,0.12083,0.69375,0.20972,0.69844,0.16667,0.69219,0.14583,0.68203,0.13611,0.59473,0.80771,0.9997,0.72959,0.78257,0.8833,0.67818,0.36697,0.9944,0.75836,0.65410,0.66172,0.33889,94.82,0.9250,live,0.2201,0.2739,176.74,645.34
155680.905285,80.0,0.1310,3,1,1,0.63359,0.29861,0.60313,0.25000,0.59375,0.19306,0.59453,0.14306,0.59609,0.10833,0.61016,0.15556,0.60625,0.11250,0.59766,0.09167,0.58750,0.08472,0.62500,0.14861,0.62344,0.10139,0.61328,0.07917,0.60000,0.07500,0.63984,0.15139,0.63984,0.10556,0.63125,0.08194,0.61875,0.07778,0.65625,0.16250,0.65703,0.12083,0.64922,0.10000,0.63828,0.09306,0.59258,0.79134,0.9997,0.71275,0.69977,0.8908,0.64233,0.28448,0.9948,0.73340,0.58300,0.63359,0.29861,94.31,0.9530,live,0.2474,0.3720,236.53,635.80
155680.972284,80.0,0.2203,3,1,1,0.61250,0.26806,0.58125,0.22639,0.57109,0.18056,0.57188,0.13611,0.57344,0.10139,0.58828,0.14444,0.58203,0.10694,0.57422,0.09028,0.56641,0.08472,0.60156,0.13611,0.59844,0.09028,0.58828,0.07361,0.57656,0.07083,0.61562,0.13472,0.61406,0.09028,0.60391,0.07083,0.59219,0.07083,0.62969,0.14028,0.62969,0.10139,0.62109,0.08333,0.61016,0.08056,0.58736,0.78198,0.9997,0.70147,0.64082,0.8979,0.62358,0.25026,0.9951,0.70922,0.52001,0.61250,0.26806,84.49,0.9639,live,0.2873,0.4689,290.90,620.34
155681.038966,80.0,0.3092,3,1,1,0.60234,0.25556,0.57188,0.22222,0.56094,0.17917,0.56094,0.13611,0.56406,0.10278,0.57812,0.14722,0.57188,0.11389,0.56250,0.09722,0.55312,0.09028,0.59062,0.13889,0.58594,0.09583,0.57578,0.07778,0.56484,0.07639,0.60313,0.13611,0.60000,0.09167,0.58984,0.07500,0.57891,0.07778,0.61719,0.13889,0.61641,0.10000,0.60859,0.08333,0.59766,0.08333,0.58776,0.77190,0.9997,0.69340,0.60554,0.9042,0.61198,0.24091,0.9952,0.68785,0.46712,0.60234,0.25556,76.44,0.9797,live,0.3366,0.5613,337.33,600.93
155681.105346,80.0,0.3977,3,1,1,0.59688,0.24861,0.56875,0.21667,0.55625,0.17778,0.55547,0.13611,0.55859,0.10556,0.57500,0.15000,0.56797,0.11944,0.55937,0.10139,0.55078,0.09028,0.58594,0.14167,0.58047,0.10278,0.57109,0.08472,0.56094,0.07917,0.59766,0.13750,0.59375,0.09722,0.58516,0.07917,0.57422,0.07917,0.61172,0.13750,0.61016,0.10139,0.60156,0.08472,0.59062,0.08194,0.58747,0.76629,0.9997,0.69082,0.59320,0.9098,0.60835,0.24702,0.9952,0.66965,0.42342,0.59688,0.24861,71.17,0.9763,live,0.3918,0.6428,372.88,580.06
155681.171998,80.0,0.4866,3,1,1,0.59688,0.24722,0.56719,0.21528,0.55547,0.17917,0.55391,0.13889,0.55781,0.10694,0.57500,0.15417,0.56719,0.12361,0.55859,0.10417,0.55000,0.08889,0.58594,0.14444,0.58125,0.10694,0.57188,0.08750,0.56016,0.07639,0.59844,0.14028,0.59375,0.10000,0.58516,0.08056,0.57344,0.07778,0.61250,0.13750,0.61016,0.10278,0.60156,0.08472,0.58984,0.08056,0.58602,0.76113,0.9997,0.69016,0.59467,0.9137,0.60557,0.24733,0.9952,0.65510,0.38818,0.59688,0.24722,69.72,0.9815,live,0.4470,0.6985,391.59,560.65
155681.238992,80.0,0.5759,3,1,1,0.59766,0.24583,0.56953,0.21667,0.55859,0.18194,0.55781,0.14167,0.56016,0.10972,0.57734,0.15694,0.57031,0.12500,0.56250,0.10556,0.55312,0.09167,0.58828,0.14722,0.58359,0.10833,0.57500,0.08889,0.56406,0.07917,0.60078,0.14306,0.59609,0.10278,0.58750,0.08194,0.57578,0.07778,0.61484,0.14167,0.61328,0.10556,0.60547,0.08750,0.59375,0.08333,0.58586,0.76093,0.9997,0.69171,0.60785,0.9183,0.61074,0.24758,0.9954,0.64361,0.35971,0.59766,0.24583,67.12,0.9840,live,0.4924,0.6994,378.84,541.70
155681.305823,80.0,0.6650,3,1,1,0.60156,0.25139,0.57266,0.22361,0.56250,0.18611,0.56172,0.14444,0.56484,0.11111,0.58125,0.15972,0.57500,0.12639,0.56641,0.10833,0.55703,0.09444,0.59297,0.14861,0.58828,0.11111,0.57891,0.09028,0.56797,0.08333,0.60547,0.14583,0.60156,0.10417,0.59297,0.08472,0.58047,0.08194,0.62031,0.14583,0.61875,0.10833,0.61016,0.09028,0.59844,0.08750,0.58551,0.76169,0.9997,0.69207,0.61776,0.9219,0.61227,0.24586,0.9955,0.63520,0.33805,0.60156,0.25139,69.11,0.9809,live,0.5204,0.6480,341.15,526.46
155681.372210,80.0,0.7535,3,1,1,0.60469,0.26528,0.57500,0.23889,0.56563,0.19722,0.56484,0.15417,0.56875,0.11944,0.58516,0.16667,0.57812,0.13333,0.56953,0.11528,0.56016,0.10556,0.59766,0.15694,0.59375,0.11667,0.58359,0.09722,0.57266,0.09306,0.61094,0.15556,0.60781,0.11111,0.59844,0.09167,0.58672,0.09167,0.62578,0.15694,0.62500,0.11806,0.61641,0.10000,0.60469,0.09722,0.58620,0.76577,0.9997,0.69247,0.61852,0.9263,0.61420,0.25260,0.9958,0.62910,0.32349,0.60469,0.26528,72.20,0.9828,live,0.5280,0.5626,289.89,515.27
155681.439022,80.0,0.8426,3,1,1,0.60391,0.30000,0.57812,0.27778,0.56563,0.22639,0.56484,0.18056,0.57344,0.14722,0.58594,0.18889,0.58047,0.14861,0.56953,0.12917,0.56016,0.12639,0.60000,0.18056,0.59688,0.13333,0.58437,0.11389,0.57188,0.11806,0.61328,0.18056,0.61250,0.13056,0.60156,0.11250,0.59141,0.11944,0.62891,0.18611,0.62969,0.14306,0.62031,0.12361,0.60938,0.12500,0.58451,0.77787,0.9997,0.69781,0.70791,0.9288,0.61465,0.30607,0.9961,0.62406,0.31879,0.60391,0.30000,78.11,0.9889,live,0.5164,0.4634,236.17,509.67
155681.505718,80.0,0.9316,3,1,1,0.59766,0.34861,0.57500,0.33611,0.55937,0.28750,0.55781,0.24583,0.56641,0.21111,0.57812,0.23472,0.57500,0.18472,0.56328,0.17361,0.55547,0.18750,0.59453,0.22778,0.59453,0.16806,0.58047,0.16250,0.57188,0.18750,0.61250,0.23333,0.61406,0.17361,0.60078,0.17083,0.59375,0.19583,0.62969,0.24861,0.63047,0.20139,0.61875,0.19167,0.60938,0.20556,0.58283,0.78790,0.9996,0.70122,0.81241,0.9310,0.61539,0.38632,0.9964,0.61878,0.32476,0.59766,0.34861,80.61,0.9892,live,0.4893,0.3661,185.45,506.55
155681.572136,80.0,0.0201,3,2,0,0.60156,0.52222,0.57422,0.49444,0.55312,0.44722,0.54531,0.41111,0.55234,0.37778,0.57422,0.36944,0.56641,0.30833,0.54844,0.31111,0.54063,0.33194,0.59219,0.36944,0.58750,0.29722,0.57031,0.31806,0.56563,0.35278,0.61094,0.37917,0.60859,0.31111,0.59062,0.33611,0.58594,0.37083,0.63125,0.39861,0.62734,0.35000,0.61094,0.36389,0.60391,0.39028,0.58285,0.79530,0.9996,0.70772,0.90567,0.9299,0.61586,0.49697,0.9966,0.61534,0.36425,0.60156,0.52222,99.71,0.9899,live,0.4667,0.3637,188.23,517.55
155681.638977,80.0,0.1092,3,2,0,0.59844,0.71944,0.57109,0.69028,0.54766,0.65556,0.53672,0.62917,0.53672,0.60972,0.56328,0.54444,0.54141,0.54167,0.53047,0.58333,0.52891,0.61806,0.58750,0.55139,0.57188,0.52361,0.55391,0.56389,0.54453,0.60000,0.61094,0.57500,0.59609,0.57083,0.57891,0.62083,0.57109,0.65694,0.63125,0.61250,0.61719,0.62361,0.60469,0.65833,0.60156,0.68333,0.58613,0.80662,0.9996,0.71235,0.97764,0.9295,0.61395,0.67060,0.9967,0.61196,0.43529,0.59844,0.71944,110.79,0.9957,live,0.4203,0.2088,111.76,535.21
155681.705911,80.0,0.1985,3,2,0,0.59844,0.71944,0.57109,0.69028,0.54766,0.65556,0.53672,0.62917,0.53672,0.60972,0.56328,0.54444,0.54141,0.54167,0.53047,0.58333,0.52891,0.61806,0.58750,0.55139,0.57188,0.52361,0.55391,0.56389,0.54453,0.60000,0.61094,0.57500,0.59609,0.57083,0.57891,0.62083,0.57109,0.65694,0.63125,0.61250,0.61719,0.62361,0.60469,0.65833,0.60156,0.68333,0.58272,0.80584,0.9996,0.71104,1.00000,0.9304,0.60574,0.82860,0.9965,0.61196,0.43529,0.59844,0.71944,110.79,0.5974,hold,0.4203,0.2088,111.76,535.21
155681.772355,80.0,0.2871,3,2,0,0.57500,0.87500,0.55078,0.85833,0.52734,0.85000,0.51406,0.86528,0.50469,0.88611,0.55312,0.75833,0.52578,0.80000,0.50703,0.85139,0.49453,0.89167,0.58281,0.77778,0.55469,0.81528,0.53047,0.87361,0.51328,0.91528,0.60391,0.81528,0.58125,0.85417,0.55547,0.91250,0.53594,0.95000,0.61719,0.85972,0.60234,0.90000,0.58281,0.93750,0.56563,0.95833,0.58866,0.80519,0.9996,0.69074,1.00000,0.9232,0.60263,0.93377,0.9953,0.60456,0.52323,0.57500,0.87500,81.04,0.9991,live,0.3975,0.2937,155.45,529.34
155681.839286,80.0,0.3763,3,2,0,0.57031,0.91944,0.54297,0.90139,0.51953,0.89583,0.50313,0.91250,0.48828,0.92778,0.54453,0.78611,0.51875,0.82639,0.49844,0.87500,0.48438,0.91389,0.57500,0.80556,0.54922,0.83889,0.52344,0.90139,0.50625,0.94583,0.59688,0.84583,0.57656,0.88194,0.54922,0.93889,0.52891,0.97500,0.61016,0.89583,0.59375,0.93472,0.57266,0.96944,0.55781,0.98750,0.58796,0.81010,0.9996,0.68834,1.00000,0.9206,0.59225,0.96271,0.9940,0.59771,0.60247,0.57031,0.91944,88.20,1.0000,live,0.3975,0.3964,209.81,529.32
155681.905905,80.0,0.4651,3,2,0,0.58359,0.93472,0.55000,0.91389,0.52344,0.90278,0.50469,0.90556,0.48750,0.91806,0.54609,0.77778,0.51719,0.80833,0.49609,0.85556,0.48047,0.89583,0.57422,0.79722,0.54844,0.82222,0.52266,0.88056,0.50469,0.92500,0.59531,0.83889,0.57578,0.86944,0.54531,0.92361,0.52422,0.96111,0.61016,0.89167,0.59297,0.92778,0.57031,0.96667,0.55391,0.98889,0.58943,0.81168,0.9996,0.68809,1.00000,0.9174,0.58683,0.94888,0.9930,0.59489,0.66892,0.58359,0.93472,96.12,0.9998,live,0.4120,0.4783,255.87,535.01
155681.972424,80.0,0.5538,3,2,0,0.59141,0.92500,0.55156,0.90417,0.52422,0.88889,0.50469,0.88750,0.48984,0.90139,0.54531,0.76389,0.51484,0.79167,0.49531,0.83889,0.48203,0.87917,0.57266,0.78194,0.54766,0.80278,0.52266,0.86250,0.50703,0.90694,0.59453,0.82222,0.57500,0.85000,0.54453,0.90556,0.52422,0.94444,0.60938,0.87500,0.59297,0.90694,0.57031,0.94722,0.55234,0.97083,0.58996,0.81828,0.9996,0.68354,1.00000,0.9166,0.58835,0.94369,0.9926,0.59419,0.72014,0.59141,0.92500,98.30,0.9996,live,0.4347,0.5382,291.49,541.58
155682.039456,80.0,0.6432,3,2,0,0.58828,0.91806,0.55156,0.89722,0.52578,0.88056,0.50703,0.87639,0.49609,0.89028,0.54531,0.75694,0.51797,0.77778,0.49844,0.82361,0.48516,0.86250,0.57188,0.77500,0.55000,0.78611,0.52656,0.84306,0.51328,0.88333,0.59453,0.81528,0.57734,0.83472,0.54766,0.88750,0.52891,0.92639,0.61094,0.86667,0.59531,0.89028,0.57188,0.92917,0.55469,0.95417,0.58832,0.81809,0.9996,0.68411,1.00000,0.9164,0.58952,0.92355,0.9922,0.59301,0.75972,0.58828,0.91806,98.96,0.9995,live,0.4600,0.5748,314.91,547.84
155682.106142,80.0,0.7321,3,2,0,0.59297,0.91250,0.55547,0.89306,0.52891,0.87639,0.51016,0.87083,0.50234,0.88194,0.55000,0.75139,0.52422,0.76944,0.50469,0.81111,0.49062,0.84861,0.57656,0.76944,0.55547,0.77778,0.53281,0.83194,0.51797,0.87361,0.59922,0.80833,0.58281,0.82500,0.55391,0.87639,0.53359,0.91389,0.61484,0.85833,0.60000,0.88056,0.57734,0.91806,0.55937,0.94306,0.58931,0.81745,0.9996,0.69707,1.00000,0.9178,0.59137,0.92672,0.9922,0.59300,0.79028,0.59297,0.91250,98.68,0.9995,live,0.4774,0.5569,308.07,553.15
155682.172868,80.0,0.8211,3,2,0,0.60156,0.91389,0.56797,0.89028,0.54453,0.87222,0.52578,0.86528,0.51641,0.87639,0.56563,0.74722,0.53828,0.76389,0.51875,0.80417,0.50469,0.84167,0.59141,0.76389,0.56797,0.77083,0.54531,0.82361,0.53125,0.86389,0.61250,0.80278,0.59609,0.81389,0.56953,0.86111,0.55312,0.89722,0.62813,0.85278,0.61406,0.86944,0.59219,0.90556,0.57656,0.93056,0.58882,0.81767,0.9996,0.69703,1.00000,0.9191,0.59395,0.92403,0.9923,0.59471,0.81500,0.60156,0.91389,100.81,0.9996,live,0.4774,0.4907,274.47,559.35
155682.239625,80.0,0.9101,3,2,0,0.61953,0.91528,0.58672,0.89444,0.56250,0.87222,0.54688,0.85972,0.54063,0.85972,0.58906,0.74861,0.56406,0.75556,0.54609,0.79722,0.53281,0.83333,0.61641,0.76528,0.59766,0.76389,0.57422,0.81667,0.56094,0.85694,0.63828,0.80278,0.62578,0.80556,0.59922,0.85556,0.58125,0.89306,0.65391,0.85139,0.64453,0.85694,0.62266,0.89167,0.60703,0.91667,0.59021,0.81766,0.9996,0.71211,1.00000,0.9193,0.62931,0.91953,0.9922,0.59968,0.83506,0.61953,0.91528,102.28,0.9994,live,0.4631,0.3976,225.00,565.87
155682.306358,80.0,0.9991,3,2,0,0.64609,0.91667,0.61562,0.89583,0.59609,0.86806,0.59141,0.85833,0.59609,0.85556,0.63438,0.74722,0.61953,0.76111,0.60234,0.80417,0.59062,0.83333,0.66016,0.76528,0.65156,0.77083,0.62891,0.81944,0.61172,0.85278,0.67734,0.80139,0.67344,0.81389,0.65234,0.85833,0.63594,0.88611,0.68750,0.84722,0.68047,0.86806,0.66719,0.90139,0.65703,0.91667,0.60307,0.81777,0.9996,0.73463,1.00000,0.9133,0.68658,0.92526,0.9915,0.60896,0.85138,0.64609,0.91667,101.32,0.9979,live,0.4545,0.4154,237.15,570.92
155682.372977,80.0,0.0879,3,3,0,0.64609,0.91667,0.61562,0.89583,0.59609,0.86806,0.59141,0.85833,0.59609,0.85556,0.63438,0.74722,0.61953,0.76111,0.60234,0.80417,0.59062,0.83333,0.66016,0.76528,0.65156,0.77083,0.62891,0.81944,0.61172,0.85278,0.67734,0.80139,0.67344,0.81389,0.65234,0.85833,0.63594,0.88611,0.68750,0.84722,0.68047,0.86806,0.66719,0.90139,0.65703,0.91667,0.60219,0.82502,0.9996,0.72952,1.00000,0.8959,0.74018,0.92524,0.9907,0.60896,0.85138,0.64609,0.91667,101.32,0.5988,hold,0.4545,0.4154,237.15,570.92
155682.439691,80.0,0.1769,3,3,0,0.79609,0.90278,0.77109,0.86111,0.77187,0.81667,0.79844,0.80833,0.82812,0.81111,0.81953,0.75139,0.84375,0.71111,0.84688,0.74306,0.84375,0.78194,0.84844,0.78056,0.88516,0.74167,0.88281,0.77917,0.87031,0.81389,0.86641,0.81250,0.90000,0.78194,0.89766,0.81250,0.88203,0.84028,0.87578,0.84722,0.90391,0.82361,0.90391,0.84167,0.89062,0.85972,0.60326,0.82912,0.9996,0.72870,1.00000,0.8888,0.78913,0.90703,0.9910,0.64639,0.86166,0.79609,0.90278,108.24,0.9523,live,0.4206,0.2665,154.68,580.34
155682.506281,80.0,0.2656,3,3,0,0.80859,0.87917,0.79297,0.83472,0.80078,0.79167,0.83203,0.78333,0.86016,0.77500,0.83984,0.71944,0.86172,0.68611,0.86719,0.70694,0.86328,0.74444,0.86719,0.74306,0.89609,0.69583,0.90078,0.71944,0.89375,0.75556,0.88438,0.77361,0.91797,0.73889,0.92266,0.76389,0.91250,0.80000,0.89375,0.81250,0.92266,0.79167,0.92812,0.80694,0.92031,0.83056,0.60289,0.82924,0.9996,0.73441,1.00000,0.8825,0.81662,0.86597,0.9911,0.67883,0.86516,0.80859,0.87917,115.11,0.9724,live,0.3909,0.2553,151.56,593.58
155682.573109,80.0,0.3547,3,3,0,0.80547,0.86806,0.78984,0.81944,0.79453,0.76806,0.82266,0.75556,0.84922,0.75556,0.83281,0.70694,0.85078,0.66806,0.85391,0.68611,0.85000,0.72083,0.85859,0.72917,0.88672,0.67083,0.88828,0.69444,0.88047,0.73056,0.87578,0.76111,0.90547,0.71667,0.90625,0.73750,0.89375,0.76944,0.88750,0.80278,0.91641,0.77361,0.91953,0.78056,0.90859,0.80139,0.60354,0.82916,0.9997,0.73691,1.00000,0.8787,0.82079,0.84132,0.9914,0.70416,0.86574,0.80547,0.86806,113.86,0.9680,live,0.3686,0.2672,161.46,604.32
155682.639783,80.0,0.4436,3,3,0,0.80000,0.86111,0.78359,0.81389,0.78438,0.76528,0.80937,0.74861,0.83516,0.74306,0.82344,0.70000,0.84219,0.65972,0.84531,0.67778,0.83984,0.71111,0.84844,0.72083,0.87656,0.66250,0.87734,0.68333,0.86797,0.71944,0.86641,0.75278,0.89453,0.70972,0.89453,0.72500,0.88281,0.75417,0.87813,0.79444,0.90703,0.76389,0.90781,0.76944,0.89531,0.78611,0.60599,0.83002,0.9997,0.75178,1.00000,0.8795,0.81335,0.84225,0.9915,0.72333,0.86481,0.80000,0.86111,111.71,0.9717,live,0.3538,0.2866,175.44,612.24
155682.706341,80.0,0.5324,3,3,0,0.79688,0.86389,0.77969,0.81806,0.78203,0.76806,0.80781,0.75000,0.83359,0.74167,0.81797,0.70556,0.83750,0.65972,0.83984,0.68056,0.83516,0.71528,0.84375,0.72500,0.87187,0.66250,0.87109,0.68750,0.86172,0.72361,0.86172,0.75417,0.89219,0.70694,0.89141,0.72917,0.87891,0.75833,0.87422,0.79444,0.90312,0.76389,0.90312,0.77222,0.89062,0.79028,0.60616,0.83119,0.9997,0.75656,1.00000,0.8791,0.80961,0.84605,0.9917,0.73804,0.86463,0.79688,0.86389,110.25,0.9786,live,0.3446,0.3026,187.05,618.15
155682.773147,80.0,0.6215,3,3,0,0.79609,0.87500,0.77891,0.83056,0.78047,0.78194,0.80547,0.76389,0.83125,0.75556,0.81797,0.71389,0.83750,0.67222,0.83984,0.69444,0.83437,0.73333,0.84453,0.73333,0.87109,0.67361,0.87109,0.69722,0.86172,0.73333,0.86250,0.76389,0.89219,0.71667,0.89219,0.73750,0.87969,0.76944,0.87422,0.80417,0.90234,0.77083,0.90391,0.78056,0.89141,0.80139,0.60598,0.83151,0.9997,0.75761,1.00000,0.8769,0.81026,0.84823,0.9921,0.74965,0.86670,0.79609,0.87500,111.99,0.9712,live,0.3383,0.3095,193.31,624.60
155682.839800,80.0,0.7103,3,3,0,0.79766,0.88333,0.77969,0.84167,0.77891,0.79583,0.80312,0.78194,0.82891,0.77361,0.81875,0.72222,0.83672,0.68750,0.83906,0.71389,0.83594,0.75278,0.84531,0.74306,0.87031,0.68611,0.87109,0.71389,0.86328,0.75139,0.86328,0.77361,0.89219,0.72778,0.89219,0.75417,0.88047,0.78750,0.87578,0.81250,0.90312,0.78056,0.90391,0.79444,0.89219,0.81944,0.60619,0.83193,0.9997,0.75651,1.00000,0.8766,0.80664,0.85381,0.9922,0.75925,0.87003,0.79766,0.88333,111.77,0.9709,live,0.3325,0.3060,192.84,630.13
155682.906448,80.0,0.7992,3,3,0,0.79375,0.88472,0.77578,0.84306,0.77578,0.79583,0.79922,0.78472,0.82500,0.77639,0.81484,0.72361,0.83281,0.69028,0.83437,0.71944,0.82969,0.75972,0.84141,0.74444,0.86719,0.69028,0.86719,0.72083,0.85781,0.75972,0.86016,0.77500,0.89062,0.73056,0.89062,0.76111,0.87813,0.79583,0.87187,0.81528,0.90000,0.78611,0.90156,0.80278,0.88906,0.82639,0.60636,0.83168,0.9997,0.75611,1.00000,0.8749,0.80498,0.85792,0.9923,0.76615,0.87297,0.79375,0.88472,111.83,0.9804,live,0.3162,0.2417,153.51,635.03
155682.973306,80.0,0.8883,3,3,0,0.78516,0.87639,0.76562,0.83611,0.76016,0.79167,0.78125,0.77917,0.80703,0.77639,0.80312,0.71250,0.82031,0.67917,0.81953,0.70972,0.81250,0.74722,0.82969,0.73194,0.85547,0.67778,0.85469,0.70972,0.84453,0.74722,0.84922,0.76528,0.87656,0.72222,0.87500,0.75278,0.86172,0.78472,0.86250,0.80694,0.88828,0.77500,0.88672,0.79306,0.87422,0.81528,0.60570,0.83165,0.9997,0.75005,1.00000,0.8714,0.80406,0.85048,0.9924,0.76995,0.87365,0.78516,0.87639,112.93,0.9807,live,0.3038,0.2474,158.40,640.13
155683.039828,80.0,0.9770,3,3,0,0.75781,0.83056,0.74297,0.79167,0.73906,0.74861,0.75625,0.73194,0.77344,0.71667,0.77344,0.66250,0.78125,0.62917,0.77187,0.65833,0.76719,0.69306,0.79922,0.67778,0.82031,0.63194,0.80781,0.66944,0.79688,0.70417,0.81953,0.70556,0.83984,0.66944,0.82734,0.70139,0.81563,0.72639,0.83594,0.74444,0.85625,0.72361,0.84375,0.74028,0.83047,0.75556,0.60612,0.82666,0.9997,0.74552,1.00000,0.8677,0.79088,0.83092,0.9926,0.76752,0.86503,0.75781,0.83056,115.45,0.9879,live,0.2816,0.1807,116.82,646.44
155683.106473,80.0,0.0659,3,1,1,0.70469,0.70833,0.68047,0.67361,0.66875,0.62500,0.67578,0.60000,0.68750,0.58611,0.69688,0.55139,0.70312,0.50833,0.69453,0.54028,0.68906,0.57222,0.72109,0.56389,0.73828,0.51250,0.72656,0.54722,0.71797,0.57500,0.74141,0.58611,0.75625,0.54583,0.74453,0.57778,0.73594,0.60139,0.75859,0.61667,0.77109,0.58750,0.76016,0.60833,0.75156,0.62500,0.60549,0.82604,0.9997,0.74562,1.00000,0.8667,0.74089,0.73285,0.9929,0.75496,0.83369,0.70469,0.70833,101.74,0.9771,live,0.2559,0.1386,88.99,642.12
155683.172906,80.0,0.1545,3,1,1,0.65469,0.54028,0.62891,0.50556,0.61328,0.45833,0.61094,0.42222,0.61797,0.39722,0.63672,0.38333,0.63516,0.33472,0.62266,0.33889,0.61484,0.35833,0.65703,0.38472,0.65859,0.32917,0.64453,0.34306,0.63828,0.37083,0.67578,0.39722,0.67812,0.34722,0.66406,0.36806,0.65938,0.39444,0.69453,0.42083,0.69531,0.38333,0.68281,0.39583,0.67734,0.41528,0.59474,0.80573,0.9997,0.74021,0.92305,0.8721,0.68201,0.56696,0.9933,0.73490,0.77501,0.65469,0.54028,101.53,0.9901,live,0.2409,0.1726,110.17,638.17
155683.240117,80.0,0.2441,3,1,1,0.62969,0.46389,0.59844,0.40417,0.58594,0.34861,0.58437,0.30139,0.58516,0.26389,0.60703,0.31111,0.60000,0.26667,0.59219,0.24028,0.58594,0.21667,0.62187,0.30694,0.61641,0.26250,0.60703,0.23611,0.59844,0.21389,0.63750,0.31111,0.63828,0.26806,0.63281,0.24028,0.62500,0.22222,0.65391,0.32361,0.65781,0.28333,0.65312,0.26111,0.64609,0.24722,0.58469,0.80515,0.9997,0.72251,0.82497,0.8795,0.64721,0.43625,0.9938,0.71386,0.71279,0.62969,0.46389,98.38,0.9413,live,0.2363,0.2155,136.27,632.42
155683.306464,80.0,0.3325,3,1,1,0.60781,0.35833,0.57500,0.30694,0.56250,0.25556,0.56016,0.20694,0.56406,0.16667,0.58203,0.20972,0.57578,0.16528,0.56484,0.14722,0.55547,0.14306,0.59688,0.20278,0.59375,0.15000,0.58203,0.13194,0.56953,0.13472,0.61172,0.20417,0.61328,0.15000,0.60156,0.13056,0.58906,0.13750,0.62813,0.21389,0.62891,0.16667,0.62031,0.14722,0.60938,0.14583,0.58378,0.80023,0.9997,0.70556,0.74058,0.8865,0.62327,0.33587,0.9943,0.69265,0.64190,0.60781,0.35833,97.78,0.9704,live,0.2495,0.3094,193.99,626.93
155683.373451,80.0,0.4219,3,1,1,0.60156,0.31944,0.56719,0.26528,0.55859,0.21944,0.55781,0.17639,0.56016,0.14028,0.57812,0.19444,0.57109,0.15556,0.56406,0.13333,0.55703,0.11667,0.58984,0.18611,0.58359,0.14444,0.57422,0.12222,0.56484,0.11389,0.60234,0.18333,0.59844,0.14028,0.58906,0.11806,0.57969,0.11389,0.61719,0.18750,0.61484,0.14583,0.60781,0.12639,0.59922,0.11944,0.58064,0.78832,0.9997,0.69402,0.68350,0.8941,0.61001,0.28281,0.9947,0.67443,0.57740,0.60156,0.31944,84.84,0.9516,live,0.2768,0.4012,245.85,612.78
155683.440041,80.0,0.5107,3,1,1,0.60000,0.28472,0.56719,0.24444,0.55547,0.20278,0.55312,0.15972,0.55703,0.12361,0.57578,0.17083,0.56875,0.13472,0.55859,0.11806,0.54922,0.11250,0.58750,0.15972,0.58281,0.11667,0.57031,0.10139,0.55781,0.10556,0.60078,0.15556,0.59766,0.11111,0.58516,0.09444,0.57344,0.10000,0.61641,0.15694,0.61562,0.11667,0.60625,0.10000,0.59453,0.10139,0.58030,0.78208,0.9997,0.68758,0.65098,0.9015,0.60699,0.26772,0.9951,0.65955,0.51887,0.60000,0.28472,81.60,0.9753,live,0.3148,0.4882,291.93,598.00
155683.506854,80.0,0.5997,3,1,1,0.59922,0.27083,0.56797,0.23750,0.55547,0.20000,0.55312,0.15694,0.55625,0.12083,0.57656,0.16806,0.57031,0.13333,0.56094,0.11667,0.55234,0.11111,0.58828,0.15833,0.58359,0.11389,0.57266,0.09861,0.56172,0.10278,0.60078,0.15556,0.59844,0.10833,0.58750,0.09167,0.57656,0.09861,0.61641,0.15694,0.61484,0.11389,0.60547,0.09722,0.59375,0.10139,0.57851,0.77598,0.9997,0.69101,0.64925,0.9071,0.60929,0.26694,0.9953,0.64748,0.46926,0.59922,0.27083,74.55,0.9680,live,0.3608,0.5702,330.68,579.92
155683.573628,80.0,0.6888,3,1,1,0.60000,0.27222,0.56953,0.24167,0.55781,0.20417,0.55625,0.16111,0.55937,0.12361,0.57969,0.17222,0.57266,0.13889,0.56250,0.12222,0.55312,0.11528,0.59141,0.16250,0.58672,0.11944,0.57500,0.10278,0.56328,0.10556,0.60391,0.15833,0.60078,0.11389,0.58906,0.09722,0.57734,0.10417,0.61875,0.15972,0.61797,0.11944,0.60859,0.10417,0.59766,0.10833,0.57850,0.77683,0.9997,0.69183,0.65555,0.9119,0.61340,0.27041,0.9955,0.63798,0.42985,0.60000,0.27222,72.90,0.9834,live,0.4092,0.6299,354.50,562.82
155683.640273,80.0,0.7776,3,1,1,0.60078,0.28611,0.57109,0.25556,0.56016,0.21667,0.55859,0.17222,0.56250,0.13611,0.58281,0.18472,0.57656,0.15278,0.56719,0.13472,0.55859,0.12778,0.59453,0.17361,0.59062,0.13194,0.57891,0.11528,0.56641,0.11806,0.60859,0.17083,0.60547,0.12500,0.59297,0.10694,0.58047,0.11250,0.62422,0.17083,0.62344,0.13056,0.61406,0.11389,0.60156,0.11806,0.57856,0.77763,0.9997,0.69259,0.67328,0.9159,0.61725,0.29146,0.9957,0.63054,0.40111,0.60078,0.28611,75.03,0.9850,live,0.4502,0.6368,349.81,549.30
155683.706872,80.0,0.8664,3,1,1,0.60078,0.31528,0.57344,0.29028,0.55937,0.24444,0.55781,0.20000,0.56250,0.16389,0.58281,0.20417,0.57891,0.16528,0.56875,0.14722,0.55937,0.14583,0.59688,0.19444,0.59297,0.14722,0.57969,0.13194,0.56797,0.14028,0.61172,0.19444,0.61094,0.14167,0.59922,0.12778,0.58906,0.13889,0.62813,0.20000,0.62813,0.15556,0.61797,0.13889,0.60703,0.14306,0.57860,0.78225,0.9997,0.69337,0.70443,0.9196,0.61915,0.30809,0.9960,0.62459,0.38394,0.60078,0.31528,79.63,0.9827,live,0.4740,0.5825,314.99,540.72
155683.773327,80.0,0.9550,3,1,1,0.59141,0.36389,0.56797,0.35278,0.55078,0.30694,0.54531,0.26806,0.55312,0.23611,0.57500,0.25000,0.56953,0.20417,0.55469,0.19583,0.54609,0.20694,0.58984,0.24306,0.58672,0.18194,0.57031,0.18333,0.56250,0.21111,0.60625,0.24722,0.60469,0.18472,0.58828,0.19028,0.58125,0.21667,0.62500,0.25972,0.62344,0.21111,0.60859,0.20694,0.59922,0.22778,0.57865,0.78238,0.9997,0.69673,0.81473,0.9227,0.62008,0.38902,0.9963,0.61795,0.37993,0.59141,0.36389,80.63,0.9864,live,0.4795,0.5044,269.27,533.88
155683.840195,80.0,0.0442,3,2,0,0.59609,0.52361,0.56797,0.50139,0.54453,0.45556,0.53438,0.41944,0.53750,0.38056,0.56406,0.37639,0.55625,0.31944,0.53984,0.31667,0.53125,0.32917,0.58203,0.37222,0.57812,0.30139,0.56172,0.31667,0.55625,0.34583,0.60156,0.37917,0.59844,0.31111,0.58125,0.33472,0.57578,0.36944,0.62187,0.39583,0.61953,0.34583,0.60391,0.35972,0.59688,0.38889,0.57660,0.79478,0.9996,0.70400,0.89552,0.9234,0.61481,0.49509,0.9965,0.61358,0.40867,0.59609,0.52361,99.30,0.9834,live,0.4644,0.3954,214.05,541.31
155683.907315,80.0,0.1337,3,2,0,0.59766,0.71111,0.57266,0.68611,0.54766,0.64861,0.53359,0.62222,0.53359,0.59167,0.56328,0.55000,0.54766,0.49583,0.52812,0.52222,0.52031,0.55556,0.58594,0.55278,0.57891,0.48333,0.55781,0.52500,0.54922,0.57083,0.60859,0.57083,0.60547,0.51528,0.58203,0.55833,0.57188,0.59861,0.63281,0.60000,0.62656,0.56944,0.60938,0.59722,0.60313,0.62500,0.57746,0.80615,0.9997,0.71242,0.97679,0.9210,0.61478,0.65147,0.9965,0.61040,0.46915,0.59766,0.71111,106.71,0.9927,live,0.4342,0.2967,164.12,553.19
155683.973642,80.0,0.2221,3,2,0,0.57891,0.74306,0.55625,0.73611,0.54063,0.72778,0.53359,0.73194,0.53438,0.73750,0.56563,0.62500,0.55156,0.61389,0.53594,0.65833,0.52656,0.70000,0.59062,0.64167,0.58203,0.61944,0.55937,0.66667,0.54844,0.71250,0.61328,0.67083,0.60938,0.65556,0.58750,0.70139,0.57422,0.74028,0.63281,0.70833,0.63203,0.71111,0.61484,0.74167,0.60234,0.76528,0.58492,0.80930,0.9997,0.71433,1.00000,0.9217,0.61513,0.81528,0.9964,0.60410,0.52394,0.57891,0.74306,84.86,0.9928,live,0.3973,0.2293,125.65,547.91
155684.040411,80.0,0.3111,3,2,0,0.59609,0.77917,0.57422,0.77222,0.55156,0.76389,0.53906,0.78056,0.53047,0.80000,0.57500,0.67778,0.55547,0.67222,0.53516,0.71250,0.52031,0.75000,0.60078,0.69722,0.58672,0.67778,0.56172,0.72778,0.54375,0.77083,0.62187,0.73056,0.61719,0.71667,0.58828,0.76528,0.56719,0.80278,0.63828,0.77083,0.63516,0.77500,0.61641,0.80694,0.60078,0.82917,0.58481,0.80904,0.9997,0.71221,1.00000,0.9212,0.61310,0.86114,0.9964,0.60250,0.57498,0.59609,0.77917,74.15,0.9998,live,0.3768,0.2834,151.78,535.54
155684.107289,80.0,0.4003,3,2,0,0.58437,0.86111,0.55859,0.84861,0.53594,0.82500,0.52422,0.80972,0.52500,0.80000,0.56563,0.70694,0.54922,0.68750,0.52969,0.72361,0.51562,0.76111,0.59375,0.72083,0.58047,0.69028,0.55703,0.73889,0.54297,0.78056,0.61562,0.75278,0.60703,0.72778,0.58125,0.77361,0.56328,0.80972,0.63438,0.79722,0.62813,0.78333,0.60781,0.81250,0.59141,0.83611,0.58481,0.81058,0.9997,0.70726,1.00000,0.9246,0.60868,0.87874,0.9964,0.59887,0.63221,0.58437,0.86111,100.87,0.9995,live,0.3713,0.3464,188.41,543.91
155684.174023,80.0,0.4893,3,2,0,0.58906,0.86944,0.56016,0.84861,0.53516,0.81944,0.51953,0.80139,0.52187,0.78194,0.56250,0.70972,0.54531,0.68056,0.52578,0.71667,0.51250,0.75278,0.58984,0.72083,0.57578,0.67917,0.55078,0.72917,0.53672,0.77222,0.61172,0.74722,0.60156,0.71944,0.57578,0.76667,0.55859,0.80417,0.63047,0.78611,0.62266,0.77778,0.60078,0.80556,0.58437,0.82778,0.58458,0.81048,0.9997,0.70092,1.00000,0.9266,0.60625,0.86668,0.9963,0.59691,0.67965,0.58906,0.86944,102.48,0.9979,live,0.3762,0.3983,220.05,552.42
155684.240636,80.0,0.5781,3,2,0,0.58594,0.86250,0.55781,0.83750,0.53359,0.80833,0.51797,0.79028,0.52187,0.76944,0.56250,0.69583,0.54141,0.67083,0.52266,0.70278,0.50859,0.74028,0.58906,0.70694,0.57188,0.66944,0.54844,0.71389,0.53594,0.75556,0.61094,0.73472,0.59766,0.70972,0.57188,0.75278,0.55547,0.78889,0.62891,0.77639,0.62031,0.76389,0.59688,0.79028,0.58047,0.81389,0.58410,0.81041,0.9997,0.70004,1.00000,0.9281,0.60563,0.85508,0.9963,0.59472,0.71622,0.58594,0.86250,105.39,0.9994,live,0.3870,0.4362,245.13,562.01
155684.307105,80.0,0.6667,3,2,0,0.58672,0.85694,0.55703,0.83194,0.53203,0.80139,0.51641,0.78194,0.52187,0.76250,0.56016,0.69444,0.54063,0.66667,0.52187,0.69861,0.50781,0.73472,0.58672,0.70278,0.57031,0.66389,0.54688,0.70694,0.53438,0.74722,0.60859,0.73056,0.59531,0.70278,0.56953,0.74583,0.55391,0.78194,0.62734,0.77083,0.61875,0.75556,0.59688,0.78056,0.58047,0.80139,0.58656,0.81249,0.9997,0.70118,1.00000,0.9327,0.60715,0.86198,0.9965,0.59312,0.74437,0.58672,0.85694,103.96,0.9994,live,0.4009,0.4642,264.31,569.42
155684.373752,80.0,0.7556,3,2,0,0.58984,0.85417,0.56016,0.82778,0.53594,0.79583,0.52031,0.77778,0.52187,0.75694,0.56250,0.68889,0.54219,0.66111,0.52266,0.69167,0.50859,0.72639,0.58750,0.69861,0.57109,0.65833,0.54766,0.70000,0.53516,0.73889,0.60938,0.72639,0.59688,0.69444,0.57031,0.73750,0.55391,0.77361,0.62813,0.76667,0.62031,0.74722,0.59766,0.77222,0.58125,0.79444,0.59081,0.81965,0.9997,0.70493,1.00000,0.9362,0.60590,0.86025,0.9966,0.59246,0.76633,0.58984,0.85417,104.21,0.9993,live,0.4096,0.4494,258.93,576.12
155684.440786,80.0,0.8450,3,2,0,0.60234,0.85417,0.57266,0.82778,0.54766,0.79583,0.53203,0.77500,0.53438,0.75556,0.57109,0.69444,0.55312,0.66250,0.53438,0.69028,0.52031,0.72222,0.59609,0.70278,0.58203,0.65972,0.55937,0.70139,0.54609,0.74167,0.61875,0.72778,0.60781,0.69583,0.58203,0.73889,0.56719,0.77500,0.63828,0.76528,0.62891,0.74722,0.60703,0.77222,0.59141,0.79444,0.59172,0.81949,0.9997,0.70604,1.00000,0.9363,0.60882,0.85917,0.9965,0.59444,0.78390,0.60234,0.85417,102.46,0.9993,live,0.4096,0.3922,227.77,580.76
155684.507344,80.0,0.9337,3,2,0,0.63281,0.86111,0.60078,0.83333,0.57656,0.79861,0.56250,0.78056,0.56172,0.76528,0.60000,0.69583,0.58125,0.66667,0.56328,0.69861,0.55078,0.73194,0.62578,0.70694,0.61172,0.66806,0.58906,0.70694,0.57578,0.74306,0.64844,0.73472,0.63828,0.69861,0.61406,0.74028,0.59922,0.77639,0.66797,0.77361,0.66016,0.75139,0.64062,0.77778,0.62578,0.80139,0.59864,0.81226,0.9997,0.74154,1.00000,0.9343,0.64586,0.85772,0.9962,0.60211,0.79934,0.63281,0.86111,104.61,0.9980,live,0.3969,0.3391,198.85,586.39
155684.573929,80.0,0.0225,3,3,0,0.67109,0.87083,0.64297,0.84167,0.61797,0.80694,0.61562,0.78333,0.64062,0.77778,0.64844,0.69306,0.63672,0.68333,0.62813,0.71806,0.62422,0.74306,0.67109,0.70278,0.66641,0.69583,0.65312,0.73333,0.64453,0.75972,0.68984,0.73056,0.68984,0.72500,0.67578,0.75972,0.66484,0.78611,0.70234,0.76944,0.69922,0.77222,0.68828,0.79583,0.67734,0.81111,0.60633,0.82104,0.9997,0.73703,1.00000,0.9277,0.70337,0.89717,0.9953,0.61591,0.81364,0.67109,0.87083,105.93,0.9959,live,0.3785,0.2945,174.43,592.29
155684.640680,80.0,0.1115,3,3,0,0.76094,0.89861,0.74453,0.85972,0.73516,0.80833,0.74141,0.78611,0.75938,0.77917,0.77500,0.71944,0.78203,0.68472,0.76953,0.71667,0.76250,0.74722,0.79844,0.73889,0.81328,0.69722,0.79297,0.73056,0.77812,0.75833,0.81719,0.76944,0.83750,0.73333,0.81406,0.76111,0.79609,0.78611,0.83437,0.81389,0.85313,0.78889,0.83437,0.80417,0.81719,0.81944,0.60548,0.82771,0.9997,0.73563,1.00000,0.9250,0.77419,0.88703,0.9953,0.64492,0.83063,0.76094,0.89861,117.23,0.9854,live,0.3573,0.2607,157.86,605.62
155684.707482,80.0,0.2006,3,3,0,0.82344,0.90556,0.80469,0.85278,0.80547,0.80000,0.83281,0.77917,0.86016,0.77917,0.83828,0.72361,0.86328,0.69306,0.87969,0.70972,0.89062,0.74028,0.86172,0.73194,0.89062,0.70833,0.90938,0.72500,0.92109,0.75000,0.87891,0.75278,0.90625,0.72778,0.92188,0.74028,0.93047,0.76111,0.89062,0.78194,0.91328,0.75278,0.92500,0.75694,0.93203,0.76806,0.60497,0.82997,0.9997,0.73490,1.00000,0.9139,0.81997,0.88395,0.9947,0.68062,0.84562,0.82344,0.90556,117.37,0.9497,live,0.3409,0.2662,164.35,617.45
155684.773955,80.0,0.2892,3,3,0,0.85234,0.88750,0.84141,0.83194,0.84922,0.78056,0.87891,0.75972,0.90625,0.75000,0.88750,0.71250,0.91328,0.67639,0.92578,0.68750,0.93203,0.71806,0.91172,0.73194,0.94219,0.68889,0.95391,0.69722,0.95547,0.72500,0.92812,0.76250,0.95859,0.73194,0.97031,0.74028,0.97031,0.76667,0.93672,0.80417,0.96094,0.78056,0.97266,0.77917,0.97734,0.79028,0.60597,0.83410,0.9997,0.75461,1.00000,0.9042,0.86040,0.84620,0.9941,0.71496,0.85399,0.85234,0.88750,120.98,0.9747,live,0.3409,0.3186,200.86,630.46
155684.840851,80.0,0.3784,3,3,0,0.86641,0.87500,0.85391,0.82361,0.86172,0.77083,0.88906,0.74722,0.91563,0.72917,0.89766,0.70972,0.91719,0.67083,0.93281,0.67917,0.94063,0.70833,0.92266,0.72778,0.94844,0.67083,0.96172,0.68472,0.96328,0.71528,0.93906,0.75556,0.96875,0.71528,0.98125,0.73056,0.97813,0.76250,0.94922,0.79306,0.97734,0.76389,0.98828,0.77222,0.98516,0.79444,0.60586,0.83773,0.9997,0.75697,1.00000,0.8963,0.86961,0.83059,0.9933,0.74525,0.85819,0.86641,0.87500,116.05,0.9716,live,0.3409,0.3322,212.05,638.36
155684.907503,80.0,0.4673,3,3,0,0.86328,0.86944,0.85156,0.82222,0.85781,0.76806,0.88281,0.74444,0.90859,0.72639,0.89453,0.70694,0.91406,0.66667,0.92578,0.67361,0.93047,0.69861,0.91953,0.72500,0.94609,0.67222,0.95703,0.68889,0.95547,0.72222,0.93516,0.75417,0.96406,0.71389,0.97500,0.72778,0.96953,0.75972,0.94531,0.79028,0.97344,0.76389,0.98281,0.76944,0.97891,0.78889,0.60805,0.84543,0.9997,0.76375,1.00000,0.8891,0.86889,0.82485,0.9930,0.76886,0.86044,0.86328,0.86944,114.52,0.9614,live,0.3454,0.3659,235.74,644.21
155684.974397,80.0,0.5565,3,3,0,0.86016,0.87083,0.84375,0.82639,0.84922,0.77083,0.87500,0.74722,0.90156,0.73333,0.88750,0.71111,0.90703,0.66944,0.91719,0.67917,0.91953,0.70556,0.91250,0.72778,0.93828,0.67083,0.95000,0.68750,0.94766,0.72083,0.92969,0.75556,0.95781,0.71389,0.96875,0.72917,0.96250,0.76111,0.94063,0.79167,0.96797,0.76389,0.97734,0.77222,0.97109,0.79444,0.61123,0.84477,0.9997,0.76488,1.00000,0.8821,0.85767,0.83461,0.9926,0.78712,0.86252,0.86016,0.87083,112.54,0.9584,live,0.3535,0.3905,253.04,647.94
155685.040685,80.0,0.6448,3,3,0,0.85625,0.87917,0.83906,0.83333,0.84141,0.77778,0.86641,0.75556,0.89297,0.74167,0.88203,0.71806,0.90078,0.67500,0.91016,0.68472,0.91250,0.71528,0.90781,0.73472,0.93281,0.67917,0.94297,0.69444,0.94063,0.72778,0.92500,0.76250,0.95234,0.72083,0.96094,0.73472,0.95312,0.76667,0.93594,0.80000,0.96406,0.76944,0.97188,0.77639,0.96484,0.79722,0.61276,0.84627,0.9997,0.76733,1.00000,0.8785,0.85522,0.84667,0.9926,0.80094,0.86585,0.85625,0.87917,112.85,0.9549,live,0.3647,0.4157,270.83,651.44
155685.107508,80.0,0.7339,3,3,0,0.85078,0.88611,0.83437,0.84028,0.83672,0.78611,0.86172,0.76667,0.88906,0.75278,0.87734,0.72361,0.89609,0.68472,0.90547,0.69722,0.90781,0.72917,0.90312,0.74306,0.92969,0.68750,0.93906,0.70417,0.93594,0.74028,0.92109,0.77222,0.94922,0.73056,0.95703,0.74583,0.94766,0.77778,0.93203,0.80833,0.96094,0.78056,0.96797,0.78750,0.96016,0.81111,0.61276,0.84604,0.9997,0.76711,1.00000,0.8732,0.85258,0.84804,0.9926,0.81091,0.86990,0.85078,0.88611,113.92,0.9614,live,0.3647,0.3859,252.87,655.29
155685.174364,80.0,0.8231,3,3,0,0.84219,0.88056,0.82578,0.83472,0.82812,0.78056,0.85234,0.76389,0.87813,0.75556,0.87109,0.71806,0.88906,0.67917,0.89687,0.69306,0.89766,0.72639,0.89609,0.73750,0.92266,0.68194,0.93047,0.70278,0.92734,0.73889,0.91328,0.76667,0.94297,0.72639,0.95000,0.74583,0.94141,0.77917,0.92500,0.80417,0.95312,0.77500,0.96016,0.78611,0.95078,0.80972,0.61274,0.84715,0.9997,0.76786,1.00000,0.8672,0.85070,0.84814,0.9924,0.81717,0.87203,0.84219,0.88056,114.72,0.9663,live,0.3598,0.3375,222.49,659.25
155685.241225,80.0,0.9122,3,3,0,0.83125,0.84583,0.81172,0.79861,0.80859,0.74306,0.83203,0.72083,0.85703,0.71250,0.84844,0.67639,0.86562,0.63333,0.87422,0.65139,0.87578,0.68472,0.87500,0.69028,0.90000,0.63472,0.90938,0.65972,0.90859,0.69583,0.89375,0.71806,0.92109,0.67639,0.93047,0.70000,0.92422,0.73611,0.90625,0.75417,0.93203,0.72639,0.93984,0.73889,0.93594,0.76250,0.61271,0.84308,0.9997,0.76967,1.00000,0.8665,0.85001,0.83092,0.9925,0.81998,0.86679,0.83125,0.84583,114.62,0.9695,live,0.3438,0.2707,179.40,662.67
155685.307719,80.0,0.0009,3,1,1,0.80937,0.72778,0.78359,0.68611,0.77500,0.63472,0.79219,0.60694,0.81328,0.59028,0.81094,0.55694,0.81875,0.49861,0.82500,0.52917,0.82656,0.56389,0.83906,0.56528,0.85547,0.50694,0.86016,0.54583,0.85625,0.57917,0.86094,0.58472,0.87891,0.54306,0.88203,0.57500,0.87813,0.59722,0.87813,0.61389,0.89297,0.58889,0.89531,0.60694,0.89297,0.62083,0.61291,0.83659,0.9997,0.76332,1.00000,0.8673,0.82168,0.75809,0.9929,0.81786,0.83899,0.80937,0.72778,115.40,0.9675,live,0.3188,0.2049,136.51,666.24
155685.374580,80.0,0.0900,3,1,1,0.80937,0.72778,0.78359,0.68611,0.77500,0.63472,0.79219,0.60694,0.81328,0.59028,0.81094,0.55694,0.81875,0.49861,0.82500,0.52917,0.82656,0.56389,0.83906,0.56528,0.85547,0.50694,0.86016,0.54583,0.85625,0.57917,0.86094,0.58472,0.87891,0.54306,0.88203,0.57500,0.87813,0.59722,0.87813,0.61389,0.89297,0.58889,0.89531,0.60694,0.89297,0.62083,0.61335,0.82589,0.9997,0.77293,0.95638,0.8733,0.79195,0.58786,0.9935,0.81786,0.83899,0.80937,0.72778,115.40,0.5805,hold,0.3188,0.2049,136.51,666.24
155685.440752,80.0,0.1783,3,1,1,0.72109,0.42361,0.69297,0.38889,0.68047,0.34167,0.68594,0.29722,0.69219,0.26250,0.70078,0.27778,0.69844,0.22917,0.69609,0.20833,0.69141,0.20139,0.72266,0.27361,0.72656,0.22083,0.72266,0.19861,0.71250,0.19306,0.74062,0.28056,0.74687,0.23194,0.74297,0.20972,0.73281,0.20556,0.75703,0.29722,0.76250,0.25556,0.75859,0.23194,0.75000,0.22222,0.60973,0.81266,0.9997,0.77302,0.85341,0.8822,0.74291,0.44943,0.9940,0.79851,0.75591,0.72109,0.42361,97.88,0.9402,live,0.2962,0.1934,127.04,656.76
155685.509217,80.0,0.2696,3,1,1,0.69219,0.37639,0.66094,0.31667,0.64922,0.26389,0.65078,0.21667,0.65312,0.17778,0.67031,0.22500,0.66641,0.18333,0.65938,0.15972,0.65156,0.14167,0.68516,0.21806,0.68516,0.17500,0.67812,0.15000,0.66797,0.13889,0.69922,0.22083,0.70234,0.18056,0.69688,0.15556,0.68672,0.14861,0.71406,0.23194,0.71797,0.19444,0.71328,0.17361,0.70469,0.16389,0.60214,0.81017,0.9997,0.76436,0.78146,0.8904,0.69796,0.36996,0.9945,0.77724,0.68001,0.69219,0.37639,97.70,0.8716,live,0.2842,0.2294,148.69,648.29
155685.574810,80.0,0.3570,3,1,1,0.66172,0.33611,0.62656,0.28194,0.61562,0.23611,0.61719,0.19167,0.61562,0.15556,0.63672,0.19861,0.63125,0.15972,0.62187,0.14167,0.61094,0.13472,0.65000,0.19306,0.64609,0.14722,0.63516,0.13056,0.62187,0.13056,0.66250,0.19306,0.66172,0.14861,0.65078,0.13056,0.63906,0.13194,0.67734,0.19722,0.67656,0.15833,0.66875,0.14306,0.65859,0.14028,0.60111,0.79821,0.9997,0.74947,0.71035,0.8979,0.67249,0.32640,0.9949,0.75414,0.61123,0.66172,0.33611,90.53,0.9069,live,0.2913,0.3238,205.83,635.68
155685.641177,80.0,0.4455,3,1,1,0.63750,0.31389,0.60547,0.27361,0.59375,0.23472,0.59375,0.19444,0.59375,0.16111,0.61094,0.20139,0.60781,0.16806,0.60078,0.15417,0.59219,0.14444,0.62422,0.19306,0.62109,0.15417,0.61328,0.14028,0.60391,0.13611,0.63750,0.19167,0.63516,0.15000,0.62656,0.13611,0.61719,0.13750,0.65234,0.19306,0.65078,0.15694,0.64375,0.14167,0.63516,0.14028,0.59927,0.79050,0.9997,0.73903,0.66519,0.9052,0.64373,0.28772,0.9952,0.73081,0.55176,0.63750,0.31389,79.72,0.9510,live,0.3140,0.4172,257.30,616.80
155685.707912,80.0,0.5345,3,1,1,0.62891,0.30694,0.59688,0.27778,0.58359,0.24306,0.58281,0.20139,0.58437,0.16944,0.60313,0.21389,0.59609,0.18472,0.58828,0.16667,0.58047,0.15556,0.61484,0.20417,0.61016,0.16667,0.60078,0.14861,0.59062,0.14306,0.62734,0.20000,0.62344,0.15972,0.61406,0.14306,0.60391,0.14444,0.64219,0.19861,0.64062,0.16250,0.63203,0.14722,0.62187,0.14861,0.59717,0.78590,0.9997,0.73250,0.67963,0.9109,0.64054,0.30611,0.9955,0.71043,0.50280,0.62891,0.30694,70.47,0.9747,live,0.3486,0.5064,300.57,593.52
155685.774247,80.0,0.6229,3,1,1,0.62500,0.31389,0.59375,0.28611,0.58047,0.25278,0.57969,0.21250,0.58281,0.18056,0.60313,0.22500,0.59688,0.19444,0.58906,0.17639,0.57969,0.16250,0.61484,0.21389,0.61094,0.17778,0.60156,0.15833,0.59062,0.15139,0.62656,0.20972,0.62422,0.16944,0.61484,0.15139,0.60391,0.15000,0.64141,0.20694,0.63984,0.17361,0.63047,0.15694,0.61953,0.15694,0.59460,0.78469,0.9997,0.72756,0.69245,0.9156,0.63619,0.31326,0.9957,0.69334,0.46502,0.62500,0.31389,68.38,0.9809,live,0.3913,0.5860,334.90,571.53
155685.841263,80.0,0.7123,3,1,1,0.61953,0.33333,0.59062,0.31250,0.57656,0.27361,0.57422,0.23194,0.57969,0.20278,0.60078,0.23889,0.59375,0.20833,0.58594,0.18889,0.57812,0.17778,0.61250,0.22917,0.60859,0.18750,0.59922,0.16944,0.58750,0.16806,0.62656,0.22500,0.62422,0.18056,0.61406,0.16250,0.60234,0.16806,0.64219,0.22500,0.64141,0.18750,0.63125,0.17083,0.61953,0.17500,0.59366,0.78528,0.9997,0.72255,0.69949,0.9189,0.64101,0.32932,0.9960,0.67858,0.43868,0.61953,0.33333,71.20,0.9754,live,0.4310,0.6115,338.90,554.21
155685.907806,80.0,0.8010,3,1,1,0.61094,0.38056,0.58672,0.37083,0.56875,0.32639,0.56484,0.28472,0.57344,0.25833,0.59375,0.27778,0.58750,0.24028,0.57734,0.22222,0.56875,0.22083,0.60859,0.26667,0.60469,0.21389,0.59062,0.20139,0.57812,0.21389,0.62344,0.26667,0.62187,0.21111,0.60859,0.20278,0.59766,0.22083,0.64062,0.27639,0.63906,0.23333,0.62813,0.21944,0.61641,0.22917,0.59289,0.78966,0.9997,0.72220,0.80947,0.9224,0.63979,0.40079,0.9963,0.66505,0.42705,0.61094,0.38056,75.84,0.9860,live,0.4503,0.5384,291.97,542.31
155685.974783,80.0,0.8903,3,1,1,0.61562,0.54306,0.58672,0.51250,0.56484,0.46250,0.55469,0.42222,0.56094,0.38750,0.58828,0.38889,0.58359,0.33194,0.56719,0.32500,0.55625,0.33889,0.60547,0.38611,0.60156,0.31667,0.58516,0.32361,0.57734,0.35139,0.62422,0.39444,0.62031,0.32778,0.60391,0.34583,0.59844,0.38056,0.64297,0.41389,0.63750,0.36389,0.62187,0.37917,0.61562,0.40972,0.59292,0.79521,0.9997,0.72398,0.91681,0.9224,0.63387,0.51341,0.9964,0.65517,0.45026,0.61562,0.54306,100.44,0.9883,live,0.4674,0.5451,299.55,549.55
155686.041458,80.0,0.9792,3,1,1,0.61797,0.74583,0.58984,0.72222,0.56641,0.68611,0.55703,0.66528,0.55859,0.64444,0.58516,0.58194,0.57344,0.53750,0.55859,0.58056,0.55547,0.62083,0.60703,0.58750,0.60000,0.53056,0.58047,0.57639,0.57656,0.62222,0.62969,0.60833,0.62500,0.55417,0.60391,0.59722,0.59766,0.63889,0.65312,0.64167,0.64453,0.61528,0.62734,0.64306,0.62266,0.66944,0.59360,0.81660,0.9997,0.72751,1.00000,0.9243,0.63505,0.70295,0.9966,0.64773,0.50937,0.61797,0.74583,106.15,0.9956,live,0.4624,0.4398,246.28,560.04
155686.107866,80.0,0.0678,3,2,0,0.61406,0.71667,0.58594,0.71944,0.56484,0.73056,0.55312,0.76528,0.54609,0.79861,0.58516,0.66944,0.57031,0.67917,0.55703,0.72778,0.54922,0.76528,0.61094,0.68472,0.59844,0.68333,0.58125,0.73611,0.57109,0.77778,0.63438,0.70972,0.62656,0.71250,0.61016,0.76250,0.59766,0.79722,0.65547,0.73889,0.65312,0.75556,0.63906,0.78889,0.62734,0.80972,0.59904,0.81347,0.9997,0.72311,1.00000,0.9231,0.63632,0.87395,0.9963,0.64099,0.55083,0.61406,0.71667,57.98,0.9932,live,0.4624,0.4717,252.16,534.58
155686.174698,80.0,0.1569,3,2,0,0.60234,0.84861,0.57734,0.83889,0.56094,0.83194,0.55469,0.84167,0.55234,0.85694,0.59062,0.73056,0.57188,0.73194,0.55469,0.77083,0.54219,0.80694,0.61406,0.74861,0.60313,0.74306,0.58125,0.79167,0.56719,0.82639,0.63281,0.78472,0.62891,0.78056,0.60547,0.82778,0.58906,0.85833,0.64766,0.82778,0.64219,0.83056,0.62578,0.85972,0.61250,0.87917,0.60069,0.81124,0.9997,0.70275,1.00000,0.9187,0.63628,0.93886,0.9959,0.63326,0.61039,0.60234,0.84861,80.23,0.9983,live,0.4486,0.3858,203.77,528.19
155686.241594,80.0,0.2461,3,2,0,0.60000,0.90972,0.57266,0.89444,0.55078,0.86806,0.54141,0.85694,0.54063,0.84722,0.58516,0.76389,0.56563,0.74583,0.54453,0.78056,0.52891,0.81528,0.61250,0.78056,0.59844,0.75139,0.57266,0.79444,0.55469,0.83333,0.63281,0.81667,0.62266,0.79583,0.59531,0.83750,0.57500,0.87083,0.64844,0.86389,0.63906,0.85972,0.61719,0.88750,0.60000,0.90556,0.60035,0.81139,0.9997,0.70470,1.00000,0.9154,0.63195,0.94728,0.9953,0.62661,0.67025,0.60000,0.90972,94.92,0.9999,live,0.4372,0.3852,205.36,533.15
155686.308085,80.0,0.3347,3,2,0,0.60313,0.92778,0.57188,0.90278,0.54766,0.86944,0.53359,0.85139,0.53438,0.83472,0.58047,0.75833,0.56016,0.73750,0.53906,0.77222,0.52422,0.80694,0.60703,0.77083,0.59141,0.73889,0.56563,0.78472,0.54922,0.82500,0.62813,0.80278,0.61562,0.77917,0.58828,0.82222,0.57031,0.85694,0.64453,0.84583,0.63359,0.83889,0.61094,0.86667,0.59453,0.88750,0.59773,0.81113,0.9997,0.69621,1.00000,0.9128,0.62504,0.93011,0.9950,0.62191,0.72176,0.60313,0.92778,105.31,0.9988,live,0.4372,0.4239,231.05,544.99
155686.376837,80.0,0.4264,3,2,0,0.60156,0.92083,0.57109,0.89444,0.54688,0.86111,0.53125,0.84167,0.53516,0.82361,0.57734,0.75278,0.55703,0.72500,0.53750,0.75833,0.52266,0.79583,0.60391,0.76389,0.58672,0.72500,0.56250,0.77083,0.54922,0.81250,0.62578,0.79306,0.61094,0.76806,0.58359,0.81250,0.56719,0.84722,0.64297,0.83611,0.63047,0.82361,0.60703,0.85139,0.59062,0.87500,0.59600,0.81045,0.9997,0.69810,1.00000,0.9137,0.62150,0.92610,0.9948,0.61784,0.76157,0.60156,0.92083,105.50,0.9996,live,0.4372,0.4556,253.09,555.55
155686.441468,80.0,0.5126,3,2,0,0.60234,0.91667,0.57109,0.89028,0.54609,0.85694,0.53047,0.83611,0.53438,0.81667,0.57656,0.74861,0.55547,0.72222,0.53516,0.75556,0.52109,0.79167,0.60234,0.75972,0.58437,0.71944,0.56016,0.76389,0.54688,0.80417,0.62422,0.78889,0.60859,0.76111,0.58125,0.80556,0.56484,0.84028,0.64141,0.82917,0.62891,0.81667,0.60469,0.84583,0.58828,0.86944,0.59359,0.80666,0.9996,0.69255,1.00000,0.9113,0.61747,0.91681,0.9945,0.61474,0.79259,0.60234,0.91667,105.03,0.9994,live,0.4449,0.4800,270.95,564.50
155686.508405,80.0,0.6018,3,2,0,0.60547,0.91528,0.57422,0.88889,0.54922,0.85556,0.53359,0.83611,0.53516,0.81528,0.57734,0.75000,0.55781,0.72083,0.53750,0.75417,0.52266,0.78889,0.60234,0.76250,0.58516,0.71806,0.56172,0.76111,0.54844,0.80000,0.62344,0.79028,0.61016,0.75556,0.58359,0.80000,0.56641,0.83750,0.64141,0.83056,0.63125,0.81111,0.60781,0.83889,0.59219,0.86389,0.59302,0.80032,0.9996,0.69171,1.00000,0.9082,0.61786,0.91865,0.9939,0.61289,0.81713,0.60547,0.91528,102.81,0.9994,live,0.4498,0.4724,269.64,570.79
155686.574899,80.0,0.6905,3,2,0,0.61953,0.91667,0.58828,0.89028,0.56406,0.85972,0.54766,0.84167,0.53984,0.82361,0.58984,0.74861,0.56641,0.72500,0.54609,0.75833,0.53281,0.79583,0.61484,0.75972,0.59453,0.72500,0.57031,0.76806,0.55703,0.80972,0.63594,0.78889,0.61953,0.75972,0.59297,0.80556,0.57734,0.84167,0.65234,0.83194,0.64141,0.81528,0.61875,0.84306,0.60313,0.86944,0.59876,0.79847,0.9996,0.69419,1.00000,0.9122,0.62594,0.92921,0.9941,0.61422,0.83704,0.61953,0.91667,103.51,0.9994,live,0.4438,0.4162,240.10,576.82
155686.641747,80.0,0.7796,3,2,0,0.65156,0.91667,0.61875,0.89167,0.59609,0.85833,0.58437,0.83889,0.57578,0.82639,0.62578,0.74167,0.60625,0.73333,0.58906,0.76250,0.57578,0.79167,0.65078,0.75278,0.63672,0.73611,0.61250,0.77500,0.59531,0.81111,0.67266,0.78333,0.66406,0.77222,0.64062,0.81250,0.62266,0.84583,0.68828,0.82778,0.67969,0.82917,0.66172,0.85694,0.64844,0.87639,0.61243,0.79969,0.9997,0.75357,1.00000,0.9121,0.67365,0.91218,0.9930,0.62169,0.85296,0.65156,0.91667,107.22,0.9988,live,0.4318,0.3770,220.49,584.80
155686.708066,80.0,0.8680,3,2,0,0.65156,0.91667,0.61875,0.89167,0.59609,0.85833,0.58437,0.83889,0.57578,0.82639,0.62578,0.74167,0.60625,0.73333,0.58906,0.76250,0.57578,0.79167,0.65078,0.75278,0.63672,0.73611,0.61250,0.77500,0.59531,0.81111,0.67266,0.78333,0.66406,0.77222,0.64062,0.81250,0.62266,0.84583,0.68828,0.82778,0.67969,0.82917,0.66172,0.85694,0.64844,0.87639,0.61273,0.83193,0.9997,0.74672,1.00000,0.9026,0.74515,0.93127,0.9919,0.62169,0.85296,0.65156,0.91667,107.22,0.5993,hold,0.4318,0.3770,220.49,584.80
155686.775052,80.0,0.9573,3,2,0,0.82109,0.93472,0.80703,0.88611,0.81875,0.84444,0.85078,0.83750,0.88672,0.83611,0.87031,0.76806,0.91563,0.75694,0.92656,0.78611,0.92500,0.82222,0.89453,0.80972,0.94063,0.79028,0.94141,0.82639,0.92969,0.85694,0.90859,0.85000,0.95000,0.83194,0.95000,0.85833,0.93516,0.87778,0.91563,0.88472,0.95000,0.86944,0.95234,0.88889,0.94063,0.90139,0.60776,0.83279,0.9997,0.73915,1.00000,0.8948,0.81693,0.93045,0.9914,0.66157,0.86931,0.82109,0.93472,123.50,0.9275,live,0.4007,0.2589,156.28,603.54
155686.841665,80.0,0.0462,3,3,0,0.86328,0.94444,0.87422,0.87639,0.89922,0.83333,0.93750,0.82917,0.97031,0.83889,0.92734,0.76528,0.96016,0.75000,0.97891,0.76944,0.99141,0.80000,0.94766,0.79861,0.98281,0.78056,0.99922,0.79167,0.99922,0.80972,0.95937,0.83750,0.99219,0.82083,0.99922,0.82361,0.99922,0.83472,0.96328,0.88194,0.99297,0.86389,0.99922,0.86528,0.99922,0.86944,0.60750,0.83102,0.9997,0.74091,1.00000,0.8853,0.88121,0.90103,0.9889,0.70191,0.88434,0.86328,0.94444,133.73,0.9553,live,0.3754,0.2604,163.36,627.40
155686.908423,80.0,0.1352,3,3,0,0.88672,0.91944,0.89375,0.86806,0.91328,0.82917,0.94688,0.81667,0.97891,0.81250,0.94141,0.75139,0.97266,0.73333,0.98906,0.75417,0.99766,0.78472,0.96250,0.78333,0.99687,0.75417,0.99922,0.76667,0.99922,0.78611,0.97578,0.81806,0.99922,0.79306,0.99922,0.80139,0.99922,0.81528,0.98125,0.85833,0.99922,0.83611,0.99922,0.83750,0.99922,0.84444,0.60780,0.82986,0.9997,0.75508,1.00000,0.8810,0.89936,0.88077,0.9863,0.73887,0.89136,0.88672,0.91944,124.70,0.9625,live,0.3601,0.2904,186.38,641.90
155686.975126,80.0,0.2241,3,3,0,0.88672,0.90833,0.88672,0.85556,0.90312,0.81528,0.93672,0.80417,0.96797,0.80417,0.93516,0.74722,0.96406,0.72222,0.97891,0.73889,0.98672,0.76944,0.95937,0.77500,0.99453,0.73889,0.99922,0.75278,0.99922,0.77500,0.97422,0.80694,0.99922,0.77639,0.99922,0.78194,0.99922,0.79861,0.98125,0.84722,0.99922,0.82222,0.99922,0.82083,0.99922,0.82500,0.60814,0.82908,0.9997,0.77034,1.00000,0.8707,0.89193,0.87567,0.9846,0.76844,0.89476,0.88672,0.90833,121.76,0.9709,live,0.3601,0.3387,221.00,652.53
155687.041638,80.0,0.3128,3,3,0,0.87578,0.90833,0.87109,0.85417,0.88359,0.80833,0.91719,0.79722,0.94844,0.79444,0.91875,0.74722,0.94297,0.72361,0.95547,0.73750,0.96172,0.76528,0.94375,0.77222,0.97344,0.72639,0.98516,0.73472,0.98828,0.76111,0.95937,0.80417,0.98828,0.76806,0.99687,0.77361,0.99453,0.79444,0.96797,0.84444,0.99609,0.81944,0.99922,0.81528,0.99922,0.82083,0.61017,0.83131,0.9997,0.76969,1.00000,0.8652,0.88379,0.86997,0.9829,0.78991,0.89747,0.87578,0.90833,120.06,0.9739,live,0.3601,0.3540,233.85,660.68
155687.108633,80.0,0.4021,3,3,0,0.86406,0.90694,0.85547,0.85417,0.86719,0.80694,0.89844,0.79583,0.92812,0.79167,0.90234,0.74861,0.92578,0.71667,0.93672,0.73194,0.93828,0.76389,0.92812,0.77361,0.95859,0.72500,0.96875,0.74306,0.96641,0.77778,0.94453,0.80417,0.97500,0.76806,0.98516,0.78472,0.97891,0.81667,0.95391,0.84167,0.98203,0.81528,0.99062,0.82500,0.98594,0.84722,0.61100,0.83640,0.9997,0.76659,1.00000,0.8582,0.87050,0.87134,0.9830,0.80474,0.89937,0.86406,0.90694,117.15,0.9594,live,0.3601,0.3725,247.96,665.75
155687.174998,80.0,0.4906,3,3,0,0.85313,0.90972,0.84141,0.85972,0.85078,0.81250,0.88125,0.80139,0.91094,0.79306,0.88984,0.75278,0.91328,0.72083,0.92188,0.73750,0.92031,0.77361,0.91484,0.77639,0.94375,0.72500,0.95312,0.74306,0.95000,0.77639,0.93047,0.80694,0.96172,0.76944,0.97031,0.78472,0.96094,0.81528,0.93906,0.84444,0.96797,0.81806,0.97656,0.82639,0.96953,0.84722,0.61099,0.83818,0.9997,0.76509,1.00000,0.8516,0.86539,0.87201,0.9829,0.81442,0.90144,0.85313,0.90972,114.39,0.9755,live,0.3601,0.3729,249.15,668.22
155687.241874,80.0,0.5798,3,3,0,0.84609,0.91111,0.83437,0.86389,0.84141,0.81806,0.86953,0.80694,0.89922,0.79861,0.88203,0.75694,0.90312,0.72361,0.91094,0.74306,0.90859,0.77778,0.90781,0.78056,0.93750,0.72778,0.94531,0.74722,0.93984,0.78194,0.92344,0.81111,0.95547,0.77361,0.96172,0.79167,0.95156,0.82222,0.93125,0.85139,0.96172,0.82639,0.96875,0.83472,0.95937,0.85556,0.61180,0.84052,0.9997,0.76423,1.00000,0.8497,0.85506,0.88884,0.9833,0.82075,0.90337,0.84609,0.91111,113.20,0.9705,live,0.3505,0.3065,205.23,669.54
155687.308509,80.0,0.6686,3,3,0,0.84375,0.90556,0.83203,0.85972,0.83828,0.81528,0.86562,0.80833,0.89453,0.80139,0.87891,0.75278,0.90078,0.72500,0.90625,0.74722,0.90156,0.78472,0.90469,0.77778,0.93437,0.72639,0.94063,0.75000,0.93437,0.78611,0.92031,0.80833,0.95234,0.76944,0.95859,0.79167,0.94766,0.82361,0.92969,0.84861,0.95859,0.82361,0.96484,0.83611,0.95469,0.85833,0.60788,0.84054,0.9997,0.75557,1.00000,0.8403,0.85033,0.89153,0.9836,0.82535,0.90381,0.84375,0.90556,112.91,0.9579,live,0.3440,0.3149,211.11,670.49
155687.375308,80.0,0.7577,3,3,0,0.83516,0.88472,0.82031,0.83750,0.82500,0.78889,0.85391,0.78056,0.88125,0.78472,0.86250,0.72361,0.88203,0.69167,0.88750,0.71528,0.88516,0.75278,0.88828,0.74306,0.91875,0.69583,0.92500,0.72639,0.91953,0.76389,0.90547,0.77361,0.93594,0.73611,0.94297,0.76111,0.93437,0.79444,0.91641,0.81111,0.94375,0.78750,0.95156,0.80278,0.94453,0.82639,0.60734,0.83924,0.9997,0.75628,1.00000,0.8369,0.84379,0.87338,0.9842,0.82731,0.89999,0.83516,0.88472,113.48,0.9738,live,0.3253,0.2399,161.13,671.74
155687.441708,80.0,0.8462,3,3,0,0.81719,0.82361,0.80156,0.78333,0.80312,0.73056,0.82266,0.70556,0.84375,0.68889,0.84219,0.65694,0.86719,0.61250,0.87813,0.63750,0.88359,0.67500,0.86094,0.66806,0.88594,0.61944,0.89453,0.65556,0.89844,0.69306,0.87422,0.68889,0.89687,0.64583,0.90469,0.67083,0.90547,0.70417,0.88516,0.71806,0.90156,0.68750,0.90625,0.70000,0.90391,0.72083,0.60943,0.82792,0.9997,0.75355,1.00000,0.8347,0.83091,0.80528,0.9852,0.82529,0.88472,0.81719,0.82361,108.84,0.9569,live,0.2974,0.1703,114.04,669.50
155687.508682,80.0,0.9355,3,3,0,0.75469,0.66250,0.73047,0.62500,0.72656,0.56111,0.74297,0.51667,0.75938,0.48611,0.76328,0.49444,0.77891,0.45139,0.77422,0.46528,0.76875,0.48611,0.78594,0.50694,0.80312,0.46389,0.79297,0.48611,0.78594,0.50972,0.80469,0.52639,0.82109,0.48889,0.81016,0.50694,0.80156,0.52639,0.81953,0.55278,0.83203,0.51944,0.82422,0.52917,0.81719,0.54306,0.60765,0.82668,0.9997,0.75829,1.00000,0.8426,0.79586,0.67187,0.9864,0.81117,0.84027,0.75469,0.66250,109.59,0.9553,live,0.2676,0.1320,88.15,668.06
155687.575526,80.0,0.0246,3,1,1,0.70234,0.51389,0.67734,0.47500,0.66563,0.42361,0.66953,0.37639,0.68125,0.34167,0.69141,0.36389,0.69141,0.31944,0.68672,0.30139,0.67969,0.30000,0.71094,0.36111,0.71484,0.30833,0.70859,0.28889,0.69844,0.28472,0.72734,0.37083,0.73359,0.32222,0.72734,0.30417,0.71641,0.30556,0.74297,0.39028,0.74766,0.34861,0.74297,0.33194,0.73438,0.33194,0.60620,0.82043,0.9997,0.76322,0.92978,0.8532,0.74267,0.54704,0.9877,0.78940,0.77500,0.70234,0.51389,97.80,0.9329,live,0.2481,0.1590,104.67,658.31
155687.642166,80.0,0.1135,3,1,1,0.67500,0.44444,0.64687,0.37917,0.63828,0.31944,0.63906,0.27222,0.63828,0.22778,0.65859,0.29583,0.65234,0.24583,0.64766,0.21806,0.64297,0.19167,0.67422,0.29444,0.67109,0.24861,0.66719,0.21806,0.66250,0.19167,0.68828,0.29861,0.68984,0.25694,0.68359,0.22222,0.67578,0.19722,0.70469,0.30694,0.70625,0.26944,0.70078,0.24444,0.69297,0.22500,0.59907,0.81692,0.9997,0.74807,0.84990,0.8634,0.68429,0.43251,0.9889,0.76652,0.70889,0.67500,0.44444,95.66,0.8806,live,0.2481,0.2476,160.47,648.19
155687.708612,80.0,0.2021,3,1,1,0.63672,0.34583,0.60234,0.28611,0.59375,0.23333,0.59531,0.18750,0.59531,0.15139,0.61172,0.20417,0.60625,0.16250,0.59766,0.14028,0.58750,0.12500,0.62500,0.19722,0.62187,0.15139,0.61328,0.12639,0.60234,0.11250,0.63906,0.19861,0.63828,0.15278,0.63047,0.12778,0.61797,0.11944,0.65469,0.20694,0.65312,0.16389,0.64609,0.14028,0.63516,0.13194,0.59402,0.80452,0.9997,0.72005,0.71854,0.8723,0.64720,0.32796,0.9899,0.74056,0.63627,0.63672,0.34583,93.15,0.9513,live,0.2662,0.3488,222.34,637.47
155687.775282,80.0,0.2910,3,1,1,0.61562,0.31111,0.58437,0.25417,0.57734,0.20694,0.57734,0.16528,0.57578,0.12778,0.59766,0.19167,0.59375,0.15278,0.58906,0.12778,0.58359,0.10556,0.60859,0.18472,0.60703,0.14444,0.60234,0.11944,0.59766,0.09861,0.62031,0.18056,0.61953,0.14444,0.61406,0.11806,0.60781,0.09722,0.63438,0.18194,0.63125,0.14583,0.62500,0.12500,0.61797,0.10972,0.59111,0.79831,0.9997,0.70195,0.66046,0.8822,0.62627,0.26642,0.9908,0.71557,0.57124,0.61562,0.31111,81.01,0.9661,live,0.2993,0.4504,278.91,619.30
155687.842647,80.0,0.3808,3,1,1,0.60547,0.27083,0.57266,0.22361,0.56328,0.18056,0.56250,0.13750,0.56484,0.10278,0.58359,0.16111,0.57734,0.12500,0.56797,0.10417,0.55859,0.08750,0.59453,0.15139,0.58984,0.11250,0.57969,0.08889,0.56719,0.07639,0.60625,0.14583,0.60313,0.10556,0.59297,0.08333,0.58125,0.07639,0.61953,0.14583,0.61797,0.10694,0.61016,0.08889,0.60000,0.08333,0.58934,0.78713,0.9997,0.69398,0.60608,0.8908,0.60837,0.25121,0.9914,0.69355,0.51116,0.60547,0.27083,77.51,0.9729,live,0.3445,0.5501,330.51,600.79
155687.909069,80.0,0.4694,3,1,1,0.59609,0.24306,0.56641,0.20694,0.55625,0.16944,0.55625,0.12778,0.55703,0.09444,0.57578,0.14444,0.57031,0.11250,0.56172,0.09583,0.55234,0.08333,0.58750,0.13472,0.58281,0.10000,0.57266,0.08056,0.56094,0.07083,0.59922,0.13194,0.59531,0.09306,0.58594,0.07500,0.57422,0.07083,0.61328,0.13194,0.61250,0.09583,0.60391,0.07917,0.59219,0.07361,0.58870,0.77519,0.9997,0.68933,0.59736,0.8970,0.60511,0.24559,0.9920,0.67406,0.45754,0.59609,0.24306,71.55,0.9734,live,0.3985,0.6448,374.12,580.21
155687.975594,80.0,0.5581,3,1,1,0.59219,0.24028,0.56406,0.20833,0.55312,0.17361,0.55156,0.13472,0.55469,0.10139,0.57500,0.15417,0.56875,0.12083,0.55937,0.10139,0.55078,0.08750,0.58516,0.14306,0.58047,0.10556,0.57109,0.08333,0.56016,0.07222,0.59688,0.13611,0.59297,0.09722,0.58359,0.07639,0.57188,0.07083,0.61094,0.13333,0.60859,0.09861,0.60000,0.08056,0.58750,0.07778,0.58883,0.76985,0.9997,0.69036,0.60965,0.9030,0.61032,0.25461,0.9925,0.65769,0.41409,0.59219,0.24028,66.35,0.9808,live,0.4561,0.7183,401.05,558.36
155688.042384,80.0,0.6471,3,1,1,0.58984,0.25139,0.56250,0.22222,0.55312,0.18611,0.55156,0.14583,0.55469,0.11250,0.57500,0.16389,0.56953,0.13194,0.56016,0.11389,0.55078,0.10000,0.58672,0.15278,0.58203,0.11667,0.57188,0.09583,0.56016,0.08472,0.59844,0.14722,0.59531,0.10833,0.58437,0.08750,0.57188,0.08056,0.61250,0.14444,0.60938,0.10972,0.60000,0.09167,0.58750,0.08750,0.58840,0.77132,0.9997,0.69112,0.63514,0.9077,0.60873,0.26885,0.9931,0.64412,0.38155,0.58984,0.25139,67.30,0.9783,live,0.5052,0.7289,393.45,539.81
155688.108936,80.0,0.7358,3,1,1,0.59219,0.27917,0.56250,0.25278,0.55156,0.21250,0.55078,0.16944,0.55391,0.13472,0.57344,0.18472,0.56719,0.15000,0.55859,0.12778,0.54922,0.11389,0.58672,0.17361,0.58281,0.13194,0.57266,0.10972,0.56016,0.10417,0.60000,0.16806,0.59688,0.12500,0.58516,0.10417,0.57266,0.10417,0.61406,0.16806,0.61250,0.12917,0.60234,0.11111,0.58984,0.10972,0.58706,0.77503,0.9997,0.69184,0.66072,0.9112,0.60983,0.27997,0.9935,0.63373,0.36107,0.59219,0.27917,71.64,0.9726,live,0.5368,0.6808,358.50,526.61
155688.175382,80.0,0.8244,3,1,1,0.58828,0.32361,0.56406,0.31111,0.55000,0.26389,0.54609,0.21944,0.55078,0.18333,0.57109,0.21806,0.56328,0.17778,0.55234,0.15694,0.54297,0.15556,0.58437,0.20833,0.58125,0.15694,0.56797,0.14028,0.55547,0.15139,0.59922,0.20833,0.59688,0.15278,0.58359,0.14028,0.57266,0.15278,0.61484,0.21528,0.61250,0.17083,0.60156,0.15278,0.59062,0.15972,0.58455,0.78232,0.9996,0.69950,0.75428,0.9154,0.61011,0.34718,0.9941,0.62464,0.35358,0.58828,0.32361,75.85,0.9787,live,0.5686,0.7133,369.51,518.03
155688.242448,80.0,0.9139,3,1,1,0.59219,0.45556,0.56406,0.43056,0.54453,0.37917,0.53750,0.33472,0.54375,0.29722,0.56406,0.30972,0.55781,0.25694,0.54453,0.25000,0.53672,0.26111,0.57969,0.30278,0.57500,0.23889,0.56172,0.24444,0.55547,0.27222,0.59766,0.30694,0.59297,0.24444,0.57891,0.25417,0.57422,0.28611,0.61641,0.32083,0.61094,0.26944,0.59844,0.27222,0.59219,0.29722,0.58534,0.78509,0.9996,0.70566,0.84996,0.9177,0.61139,0.45073,0.9945,0.61815,0.37397,0.59219,0.45556,97.87,0.9816,live,0.5541,0.4880,256.86,526.33
155688.308829,80.0,0.0024,3,2,0,0.59141,0.62917,0.56484,0.60694,0.54063,0.55417,0.53203,0.51250,0.53594,0.47917,0.55469,0.47778,0.54063,0.42639,0.52656,0.45139,0.52344,0.48472,0.57656,0.47639,0.57266,0.40833,0.55625,0.44722,0.55156,0.48750,0.59766,0.49167,0.58984,0.43611,0.57266,0.47917,0.57031,0.51389,0.61719,0.51667,0.60703,0.48472,0.59219,0.51389,0.58984,0.54306,0.58538,0.80329,0.9996,0.71496,0.96819,0.9219,0.60896,0.60940,0.9949,0.61280,0.42501,0.59141,0.62917,100.64,0.9955,live,0.5231,0.3820,204.61,535.63
155688.375843,80.0,0.0917,3,2,0,0.59609,0.80278,0.56406,0.77222,0.53750,0.74444,0.52734,0.72639,0.52891,0.70972,0.55625,0.61806,0.52578,0.64583,0.51406,0.69028,0.51328,0.72222,0.58125,0.62361,0.55078,0.64444,0.53828,0.69028,0.53594,0.72500,0.60391,0.64861,0.57812,0.67361,0.56484,0.71667,0.56016,0.74028,0.62266,0.68889,0.60000,0.72222,0.58906,0.75139,0.58672,0.76389,0.58612,0.80405,0.9996,0.71724,1.00000,0.9241,0.60476,0.76689,0.9952,0.60946,0.50057,0.59609,0.80278,115.18,0.9994,live,0.4797,0.2822,156.39,554.29
155688.442610,80.0,0.1807,3,2,0,0.57500,0.84861,0.55078,0.83611,0.53281,0.82222,0.52187,0.82083,0.52109,0.82083,0.55703,0.70417,0.53438,0.70833,0.51641,0.75139,0.50547,0.78889,0.58203,0.71806,0.56484,0.70833,0.54453,0.75278,0.53359,0.79306,0.60313,0.75278,0.59297,0.73611,0.57109,0.77778,0.55703,0.81111,0.61953,0.79722,0.61250,0.79444,0.59609,0.82222,0.58359,0.84306,0.58438,0.80234,0.9997,0.71155,1.00000,0.9269,0.60237,0.85518,0.9954,0.60257,0.57017,0.57500,0.84861,93.31,0.9991,live,0.4565,0.3507,194.64,554.96
155688.508926,80.0,0.2692,3,2,0,0.58672,0.89583,0.55391,0.88194,0.52812,0.85833,0.51406,0.84861,0.51094,0.84306,0.55703,0.73889,0.53281,0.74167,0.51250,0.77778,0.49844,0.81111,0.58281,0.75000,0.56250,0.73889,0.53984,0.78194,0.52500,0.82083,0.60391,0.78333,0.58828,0.77222,0.56328,0.81250,0.54609,0.84583,0.61953,0.82917,0.60703,0.83056,0.58672,0.85972,0.57188,0.88056,0.58482,0.80216,0.9996,0.70840,1.00000,0.9256,0.59771,0.89933,0.9951,0.59940,0.63531,0.58672,0.89583,97.80,0.9995,live,0.4466,0.4013,224.23,558.78
155688.576187,80.0,0.3588,3,2,0,0.58437,0.90694,0.55078,0.88472,0.52500,0.86111,0.50859,0.84861,0.50469,0.83611,0.55000,0.74583,0.52578,0.74167,0.50469,0.77639,0.48984,0.81250,0.57500,0.75694,0.55547,0.73611,0.52969,0.77917,0.51484,0.81806,0.59609,0.78750,0.58047,0.76667,0.55469,0.80694,0.53828,0.84028,0.61094,0.83194,0.59922,0.82778,0.57812,0.85417,0.56250,0.87500,0.58107,0.80498,0.9996,0.69993,1.00000,0.9259,0.59789,0.90349,0.9948,0.59639,0.68963,0.58437,0.90694,99.05,0.9996,live,0.4466,0.4432,249.55,563.04
155688.642638,80.0,0.4474,3,2,0,0.58047,0.90278,0.54609,0.88194,0.52031,0.85417,0.50391,0.84028,0.50156,0.83056,0.54766,0.74444,0.52266,0.73333,0.50078,0.76667,0.48516,0.80278,0.57188,0.75556,0.55156,0.72917,0.52656,0.77222,0.51250,0.81250,0.59219,0.78611,0.57578,0.76389,0.54922,0.80139,0.53359,0.83472,0.60703,0.83056,0.59453,0.82361,0.57109,0.85000,0.55469,0.87083,0.58103,0.80467,0.9997,0.69892,1.00000,0.9278,0.59493,0.89656,0.9948,0.59321,0.73226,0.58047,0.90278,97.07,0.9997,live,0.4545,0.4909,277.54,565.36
155688.709372,80.0,0.5364,3,2,0,0.57812,0.90000,0.54453,0.88056,0.51797,0.85278,0.50078,0.83889,0.50000,0.82778,0.54453,0.74444,0.52109,0.73333,0.50000,0.76667,0.48438,0.80139,0.56953,0.75417,0.54844,0.72917,0.52344,0.77083,0.50859,0.80972,0.58984,0.78472,0.57344,0.75972,0.54688,0.79861,0.53047,0.83194,0.60469,0.82778,0.59141,0.81944,0.56953,0.84722,0.55312,0.86944,0.57926,0.80464,0.9997,0.69176,1.00000,0.9274,0.59302,0.90922,0.9947,0.59019,0.76581,0.57812,0.90000,96.32,0.9998,live,0.4680,0.5293,300.06,566.87
155688.776240,80.0,0.6256,3,2,0,0.58203,0.90417,0.54844,0.88472,0.52187,0.85556,0.50469,0.83889,0.50313,0.83056,0.54766,0.74306,0.52266,0.73472,0.50234,0.76667,0.48750,0.80139,0.57109,0.75278,0.55000,0.72917,0.52578,0.76944,0.51250,0.80694,0.59219,0.78333,0.57656,0.75833,0.55000,0.79861,0.53359,0.83333,0.60781,0.82639,0.59375,0.81667,0.57109,0.84583,0.55547,0.87083,0.57766,0.80437,0.9996,0.69020,1.00000,0.9285,0.59069,0.90267,0.9948,0.58856,0.79348,0.58203,0.90417,99.14,0.9999,live,0.4799,0.5338,304.41,570.23
155688.842684,80.0,0.7142,3,2,0,0.59062,0.89861,0.56016,0.87778,0.53594,0.85000,0.51953,0.83611,0.51484,0.82778,0.56094,0.74028,0.53672,0.72917,0.51641,0.75833,0.50000,0.79028,0.58359,0.75000,0.56484,0.72639,0.54063,0.76389,0.52578,0.80139,0.60391,0.77917,0.58984,0.75417,0.56406,0.79028,0.54922,0.82500,0.62031,0.82222,0.60938,0.80694,0.58828,0.83333,0.57344,0.85972,0.57783,0.80411,0.9997,0.68898,1.00000,0.9296,0.59382,0.90106,0.9948,0.58897,0.81451,0.59062,0.89861,97.65,0.9998,live,0.4799,0.4932,282.15,572.11
155688.909568,80.0,0.8034,3,2,0,0.61250,0.88333,0.58281,0.85972,0.56094,0.82778,0.55000,0.80833,0.55156,0.79306,0.58984,0.71250,0.57188,0.71111,0.55391,0.73750,0.53984,0.76667,0.61328,0.72361,0.60078,0.70972,0.57812,0.73889,0.56094,0.77083,0.63359,0.75278,0.62813,0.73333,0.60781,0.76250,0.59219,0.79167,0.64844,0.79722,0.64453,0.79028,0.62813,0.80972,0.61484,0.82917,0.58683,0.80609,0.9997,0.72462,1.00000,0.9302,0.63461,0.89963,0.9948,0.59368,0.82827,0.61250,0.88333,103.81,0.9996,live,0.4674,0.4107,237.46,578.20
155688.976149,80.0,0.8921,3,2,0,0.66719,0.87639,0.64375,0.84444,0.62422,0.79583,0.62422,0.76806,0.64453,0.76250,0.66016,0.70694,0.65625,0.67083,0.64375,0.69861,0.63828,0.72917,0.68437,0.71806,0.69297,0.66389,0.67656,0.69861,0.66563,0.73472,0.70547,0.74444,0.71484,0.70694,0.69688,0.74306,0.68437,0.77222,0.72500,0.78472,0.73125,0.76389,0.71406,0.78611,0.70156,0.80417,0.59238,0.81612,0.9997,0.74144,1.00000,0.9275,0.68204,0.89532,0.9947,0.60838,0.83790,0.66719,0.87639,109.43,0.9943,live,0.4428,0.3309,194.42,587.61
155689.042859,80.0,0.9811,3,2,0,0.72031,0.86111,0.69688,0.81667,0.68516,0.76389,0.69922,0.73750,0.72422,0.73889,0.72500,0.69583,0.74609,0.65139,0.74219,0.66250,0.73672,0.69028,0.74375,0.71250,0.77422,0.66667,0.76953,0.67361,0.76094,0.69722,0.75781,0.73611,0.78047,0.69861,0.77578,0.70833,0.76953,0.72917,0.76562,0.76806,0.77578,0.74306,0.77500,0.74583,0.77422,0.75556,0.59624,0.82086,0.9997,0.73753,1.00000,0.9228,0.74161,0.86209,0.9949,0.63077,0.84254,0.72031,0.86111,98.11,0.9890,live,0.4117,0.2700,158.69,587.73
155689.109603,80.0,0.0701,3,3,0,0.75078,0.84306,0.73438,0.79028,0.73203,0.73472,0.75391,0.71250,0.78125,0.71806,0.77734,0.67778,0.80312,0.63611,0.80078,0.64722,0.79063,0.67917,0.79922,0.70139,0.83594,0.65694,0.83359,0.65972,0.82266,0.68056,0.81250,0.73472,0.84297,0.69444,0.84141,0.69861,0.83516,0.71389,0.81719,0.77639,0.83594,0.75694,0.84141,0.75417,0.84375,0.75556,0.59754,0.82634,0.9997,0.73899,1.00000,0.9209,0.77902,0.83799,0.9950,0.65477,0.84264,0.75078,0.84306,107.04,0.9948,live,0.3797,0.2339,138.99,594.27
155689.176294,80.0,0.1590,3,3,0,0.77031,0.82917,0.75547,0.77917,0.75859,0.72500,0.78203,0.71111,0.80859,0.71528,0.80625,0.67361,0.82500,0.63056,0.82266,0.64306,0.81250,0.67639,0.82969,0.69583,0.85938,0.64167,0.85625,0.65556,0.84297,0.68611,0.84453,0.72778,0.87891,0.68611,0.87734,0.70000,0.86094,0.72639,0.85469,0.77222,0.88672,0.75000,0.88750,0.74861,0.87187,0.75972,0.59965,0.82691,0.9997,0.75938,1.00000,0.9211,0.79128,0.82876,0.9950,0.67788,0.83995,0.77031,0.82917,113.33,0.9846,live,0.3528,0.2303,139.24,604.56
155689.242665,80.0,0.2475,3,3,0,0.77656,0.82778,0.76172,0.77917,0.76562,0.72778,0.78984,0.71389,0.81641,0.70972,0.81094,0.67500,0.82812,0.63472,0.82891,0.64167,0.82188,0.67361,0.83516,0.69583,0.86328,0.64167,0.86328,0.65139,0.85156,0.68056,0.85156,0.72778,0.88359,0.68611,0.88359,0.69167,0.86875,0.71667,0.86094,0.77083,0.89219,0.74861,0.89219,0.74583,0.87500,0.75556,0.60152,0.82664,0.9997,0.75930,1.00000,0.9169,0.79482,0.82835,0.9949,0.69761,0.83751,0.77656,0.82778,112.29,0.9827,live,0.3334,0.2450,150.15,612.85
155689.309556,80.0,0.3367,3,3,0,0.77734,0.82639,0.76328,0.77778,0.76875,0.72639,0.79375,0.71389,0.81953,0.71250,0.81328,0.67500,0.83125,0.63472,0.83203,0.64583,0.82422,0.67778,0.83672,0.69583,0.86484,0.64167,0.86562,0.65417,0.85469,0.68472,0.85156,0.72917,0.88359,0.68611,0.88438,0.69583,0.87031,0.71944,0.86094,0.77083,0.89141,0.74722,0.89375,0.74722,0.87969,0.75972,0.60396,0.82833,0.9997,0.75969,1.00000,0.9127,0.79834,0.82961,0.9949,0.71356,0.83529,0.77734,0.82639,111.38,0.9838,live,0.3210,0.2645,163.87,619.51
155689.376143,80.0,0.4255,3,3,0,0.77891,0.83056,0.76484,0.78194,0.77031,0.73194,0.79531,0.71806,0.82109,0.71250,0.81328,0.67778,0.83125,0.64028,0.83281,0.65278,0.82656,0.68472,0.83672,0.69861,0.86406,0.64306,0.86562,0.65833,0.85625,0.69167,0.85234,0.73056,0.88359,0.68750,0.88516,0.69861,0.87187,0.72500,0.86172,0.77222,0.89141,0.74861,0.89453,0.75000,0.87969,0.76250,0.60498,0.82996,0.9997,0.75789,1.00000,0.9088,0.79656,0.83438,0.9950,0.72663,0.83434,0.77891,0.83056,111.23,0.9786,live,0.3151,0.2883,180.24,625.25
155689.442978,80.0,0.5146,3,3,0,0.77969,0.83889,0.76484,0.79028,0.76875,0.73889,0.79297,0.72500,0.81953,0.71806,0.81172,0.68333,0.83047,0.64583,0.83281,0.65833,0.82656,0.69167,0.83594,0.70417,0.86406,0.64861,0.86641,0.66250,0.85625,0.69722,0.85156,0.73611,0.88203,0.69444,0.88438,0.70556,0.87031,0.73194,0.86172,0.77778,0.89219,0.75417,0.89531,0.75556,0.88125,0.76528,0.60773,0.83203,0.9997,0.75860,1.00000,0.9075,0.79764,0.83488,0.9950,0.73724,0.83525,0.77969,0.83889,111.82,0.9691,live,0.3151,0.2918,184.05,630.74
155689.509732,80.0,0.6036,3,3,0,0.77969,0.84583,0.76406,0.79583,0.76797,0.74583,0.79375,0.73194,0.82031,0.72639,0.81172,0.69028,0.82969,0.65278,0.83203,0.66667,0.82578,0.69861,0.83594,0.71111,0.86406,0.65556,0.86641,0.66944,0.85547,0.70278,0.85156,0.74444,0.88203,0.70278,0.88438,0.71250,0.87031,0.73750,0.86172,0.78611,0.89141,0.76111,0.89453,0.75972,0.88047,0.77083,0.60746,0.83238,0.9997,0.74693,1.00000,0.9044,0.80070,0.83588,0.9950,0.74573,0.83737,0.77969,0.84583,111.91,0.9773,live,0.3082,0.2768,175.91,635.62
155689.576402,80.0,0.6925,3,3,0,0.77578,0.84028,0.75938,0.79583,0.76094,0.74722,0.78438,0.73472,0.80937,0.72917,0.80469,0.69028,0.82109,0.65278,0.82188,0.66528,0.81563,0.69861,0.82891,0.70972,0.85781,0.65417,0.85625,0.66806,0.84531,0.70000,0.84609,0.74167,0.87578,0.70000,0.87500,0.71111,0.86172,0.73611,0.85625,0.78472,0.88594,0.75972,0.88594,0.75972,0.87109,0.77222,0.60723,0.83224,0.9997,0.74699,1.00000,0.9011,0.79773,0.83611,0.9950,0.75174,0.83795,0.77578,0.84028,108.86,0.9819,live,0.2965,0.2430,154.96,637.73
155689.642957,80.0,0.7812,3,3,0,0.76250,0.81111,0.74609,0.76806,0.74141,0.72083,0.76172,0.70139,0.78516,0.69306,0.78281,0.64722,0.79766,0.61111,0.79688,0.62639,0.79141,0.66111,0.80703,0.66528,0.83203,0.60833,0.83047,0.62917,0.82188,0.66250,0.82500,0.69583,0.85469,0.65139,0.85156,0.67083,0.83906,0.69722,0.83750,0.73889,0.86484,0.70972,0.86094,0.71806,0.84609,0.73472,0.60726,0.83221,0.9998,0.75490,1.00000,0.8995,0.79598,0.82376,0.9951,0.75389,0.83258,0.76250,0.81111,111.42,0.9852,live,0.2788,0.1981,127.08,641.42
155689.709652,80.0,0.8701,3,3,0,0.74609,0.74861,0.73984,0.69861,0.74453,0.64861,0.75781,0.60972,0.76797,0.57361,0.77422,0.57917,0.78359,0.53194,0.78125,0.53889,0.77812,0.55694,0.79297,0.58889,0.80937,0.54028,0.80234,0.55556,0.79297,0.57361,0.80625,0.60833,0.82422,0.56806,0.81563,0.58056,0.80547,0.59306,0.81563,0.63611,0.83281,0.60694,0.82422,0.61111,0.81250,0.61806,0.60871,0.83440,0.9998,0.76406,1.00000,0.8995,0.77298,0.73935,0.9954,0.75233,0.81579,0.74609,0.74861,111.07,0.9429,live,0.2562,0.1534,98.84,644.42
155689.776601,80.0,0.9594,3,3,0,0.70547,0.56250,0.68047,0.52222,0.67344,0.46806,0.68594,0.42917,0.70078,0.40556,0.70391,0.40694,0.70781,0.35972,0.70312,0.35139,0.69766,0.35833,0.72500,0.41111,0.73359,0.35833,0.72656,0.35417,0.71953,0.36528,0.74141,0.42361,0.75156,0.37639,0.74453,0.37222,0.73750,0.38194,0.75703,0.44722,0.76406,0.40556,0.75859,0.40000,0.75391,0.40556,0.60417,0.82204,0.9997,0.76029,0.96388,0.9023,0.74252,0.58985,0.9957,0.74296,0.76513,0.70547,0.56250,100.95,0.9653,live,0.2352,0.1393,89.10,639.78
155689.842971,80.0,0.0479,3,1,1,0.67500,0.42639,0.64844,0.38472,0.63984,0.32917,0.64609,0.28333,0.65703,0.25278,0.66563,0.27778,0.66406,0.23056,0.65703,0.20833,0.64922,0.20000,0.68594,0.27500,0.68906,0.21944,0.68203,0.19444,0.67031,0.18750,0.70156,0.28472,0.70937,0.23056,0.70312,0.20833,0.69297,0.20833,0.71719,0.30417,0.72344,0.25833,0.71797,0.24028,0.70937,0.24028,0.60049,0.82082,0.9997,0.75233,0.85719,0.9073,0.70010,0.46774,0.9960,0.72937,0.69738,0.67500,0.42639,97.37,0.9519,live,0.2251,0.1795,113.61,633.11
155689.909835,80.0,0.1370,3,1,1,0.65625,0.36806,0.62422,0.29722,0.61953,0.24028,0.62578,0.19306,0.63125,0.15556,0.64219,0.21111,0.63828,0.16667,0.63047,0.14167,0.62187,0.12083,0.65625,0.20556,0.65703,0.15694,0.65000,0.12778,0.64062,0.10833,0.67031,0.20972,0.67422,0.16250,0.66797,0.13333,0.65703,0.12083,0.68516,0.21944,0.68828,0.17500,0.68281,0.15000,0.67266,0.13611,0.59151,0.81295,0.9997,0.72641,0.79575,0.9110,0.66469,0.36620,0.9963,0.71474,0.63152,0.65625,0.36806,99.99,0.9608,live,0.2251,0.2493,156.85,629.13
155689.976289,80.0,0.2256,3,1,1,0.64062,0.31389,0.60781,0.25000,0.60234,0.20000,0.60547,0.15556,0.61094,0.12083,0.62500,0.16944,0.62187,0.12778,0.61328,0.10278,0.60391,0.08750,0.63750,0.16389,0.63906,0.11528,0.62969,0.08889,0.61641,0.07778,0.65078,0.16528,0.65469,0.11667,0.64609,0.09028,0.63281,0.08472,0.66484,0.17361,0.66719,0.13056,0.66016,0.10694,0.64922,0.09861,0.58958,0.80712,0.9997,0.71050,0.70791,0.9150,0.64843,0.29794,0.9965,0.69992,0.56799,0.64062,0.31389,92.68,0.9763,live,0.2445,0.3325,206.28,620.37
155690.043287,80.0,0.3150,3,1,1,0.62891,0.28056,0.59922,0.23750,0.59141,0.19028,0.59375,0.14444,0.60000,0.11250,0.61250,0.16111,0.60781,0.12361,0.60078,0.10139,0.59297,0.08750,0.62656,0.15278,0.62344,0.10833,0.61484,0.08333,0.60391,0.07083,0.63906,0.15278,0.63984,0.10694,0.63125,0.08333,0.61953,0.07639,0.65312,0.15694,0.65469,0.11944,0.64766,0.10000,0.63672,0.09444,0.58939,0.79941,0.9996,0.70376,0.68528,0.9198,0.64667,0.27736,0.9967,0.68572,0.51050,0.62891,0.28056,81.73,0.9698,live,0.2753,0.4157,251.39,604.77
155690.109487,80.0,0.4032,3,1,1,0.62422,0.27778,0.59531,0.23472,0.58672,0.19306,0.58906,0.14861,0.59375,0.11250,0.60859,0.17222,0.60391,0.13611,0.59688,0.11389,0.58984,0.09444,0.62109,0.16389,0.61953,0.12083,0.61172,0.09444,0.60156,0.07639,0.63359,0.16111,0.63438,0.11806,0.62656,0.09444,0.61562,0.08611,0.64766,0.16250,0.64844,0.12500,0.63984,0.10556,0.62813,0.09861,0.58950,0.79227,0.9996,0.70213,0.67911,0.9248,0.63881,0.26858,0.9969,0.67342,0.46396,0.62422,0.27778,74.86,0.9795,live,0.3143,0.4919,288.30,586.09
155690.176998,80.0,0.4933,3,1,1,0.61953,0.27917,0.59219,0.23889,0.58594,0.19861,0.58828,0.15694,0.59375,0.12083,0.60938,0.18333,0.60625,0.15000,0.59844,0.12778,0.59062,0.10833,0.62187,0.17500,0.62109,0.13472,0.61328,0.10694,0.60391,0.08750,0.63438,0.17222,0.63516,0.12917,0.62578,0.10278,0.61328,0.08889,0.64844,0.17222,0.64687,0.13472,0.63672,0.11528,0.62422,0.10417,0.58968,0.79239,0.9996,0.70238,0.68252,0.9291,0.63847,0.27405,0.9971,0.66264,0.42700,0.61953,0.27917,70.33,0.9829,live,0.3577,0.5553,314.51,566.40
155690.243680,80.0,0.5822,3,1,1,0.61719,0.28889,0.59062,0.25139,0.58594,0.21250,0.59141,0.17222,0.59844,0.14028,0.61094,0.19722,0.60625,0.16528,0.59922,0.14167,0.59219,0.12222,0.62422,0.18750,0.62344,0.15000,0.61719,0.12222,0.60938,0.10417,0.63672,0.18472,0.63828,0.14444,0.62969,0.11806,0.62031,0.10417,0.65000,0.18333,0.65000,0.14861,0.64219,0.12778,0.63047,0.11528,0.58981,0.79205,0.9996,0.70369,0.70614,0.9322,0.63961,0.29457,0.9972,0.65355,0.39938,0.61719,0.28889,69.46,0.9773,live,0.4001,0.5933,325.39,548.45
155690.309829,80.0,0.6704,3,1,1,0.61641,0.31806,0.58906,0.27917,0.58359,0.23750,0.58828,0.19583,0.59609,0.16528,0.61094,0.22222,0.60547,0.18750,0.59688,0.16389,0.58750,0.14583,0.62500,0.21250,0.62344,0.17361,0.61719,0.14444,0.60859,0.12361,0.63750,0.20972,0.63828,0.16806,0.63047,0.14028,0.62187,0.12361,0.65156,0.20833,0.65156,0.17222,0.64453,0.15000,0.63438,0.13472,0.58767,0.79470,0.9996,0.70451,0.72298,0.9349,0.64150,0.31226,0.9974,0.64612,0.38311,0.61641,0.31806,72.50,0.9734,live,0.4296,0.5641,301.69,534.84
155690.376611,80.0,0.7594,3,1,1,0.61016,0.36111,0.58516,0.34028,0.57578,0.29306,0.57812,0.24583,0.58672,0.21250,0.60234,0.25694,0.59688,0.21944,0.58672,0.19722,0.57500,0.18750,0.61719,0.24861,0.61719,0.20278,0.61016,0.17500,0.59922,0.16111,0.63047,0.24861,0.63203,0.20139,0.62578,0.17361,0.61406,0.16111,0.64453,0.25556,0.64766,0.21528,0.64219,0.19028,0.63281,0.17778,0.58767,0.79856,0.9995,0.70785,0.82850,0.9350,0.64039,0.39041,0.9976,0.63893,0.37871,0.61016,0.36111,74.75,0.9787,live,0.4405,0.4900,256.99,524.47
155690.443479,80.0,0.8486,3,1,1,0.60938,0.51250,0.57891,0.47222,0.56172,0.41111,0.55859,0.35694,0.56641,0.31250,0.58750,0.34722,0.57812,0.29722,0.56484,0.28194,0.55391,0.28333,0.60703,0.33750,0.60703,0.27361,0.59609,0.24722,0.58047,0.24583,0.62422,0.34306,0.62656,0.27917,0.61562,0.25417,0.60234,0.25278,0.64141,0.35972,0.64219,0.30833,0.63359,0.28194,0.62187,0.27361,0.58803,0.80075,0.9995,0.71460,0.91070,0.9308,0.63045,0.47693,0.9976,0.63302,0.40547,0.60938,0.51250,108.82,0.9658,live,0.4312,0.3889,209.94,539.88
155690.510127,80.0,0.9374,3,1,1,0.59922,0.65833,0.57188,0.64306,0.54922,0.59444,0.53906,0.55556,0.53984,0.51944,0.57188,0.51111,0.57031,0.44444,0.55625,0.45694,0.55078,0.48750,0.59219,0.50972,0.59297,0.43194,0.57734,0.45139,0.57266,0.48750,0.61328,0.52083,0.61719,0.44722,0.60078,0.46944,0.59453,0.50139,0.63438,0.54306,0.63906,0.49722,0.62578,0.50694,0.61875,0.52917,0.59234,0.81058,0.9995,0.71970,0.99540,0.9319,0.61842,0.64495,0.9977,0.62626,0.45604,0.59922,0.65833,99.17,0.9947,live,0.4081,0.3032,165.72,546.50
155690.576955,80.0,0.0265,3,2,0,0.60156,0.82361,0.57266,0.79028,0.55078,0.74583,0.53828,0.72222,0.53047,0.69583,0.57344,0.66528,0.55469,0.62222,0.53203,0.64444,0.51875,0.67639,0.59531,0.67222,0.59219,0.59861,0.56563,0.62083,0.54766,0.65833,0.61719,0.69306,0.62578,0.62639,0.60000,0.64722,0.58203,0.67639,0.63828,0.72500,0.65156,0.68472,0.63516,0.69028,0.62031,0.70556,0.59249,0.81104,0.9995,0.71966,1.00000,0.9326,0.61648,0.79556,0.9976,0.62132,0.52956,0.60156,0.82361,101.87,0.9904,live,0.3790,0.2460,136.35,554.26
155690.643471,80.0,0.1152,3,2,0,0.58750,0.87222,0.56172,0.84444,0.54219,0.80556,0.53047,0.78333,0.53281,0.76806,0.57031,0.71806,0.55625,0.66667,0.53516,0.69583,0.52187,0.73333,0.59297,0.73333,0.59297,0.66250,0.56719,0.69167,0.55312,0.72917,0.61406,0.76389,0.62109,0.70139,0.59531,0.72222,0.57734,0.75000,0.63359,0.80417,0.64922,0.76111,0.63281,0.76528,0.61484,0.78194,0.58981,0.81104,0.9996,0.70123,1.00000,0.9297,0.61227,0.87489,0.9976,0.61455,0.59809,0.58750,0.87222,98.03,0.9927,live,0.3672,0.3134,175.00,558.33
155690.710321,80.0,0.2044,3,2,0,0.58437,0.89444,0.55781,0.86389,0.53828,0.82083,0.52656,0.79583,0.52500,0.77917,0.56719,0.73750,0.55625,0.68472,0.53359,0.70556,0.51719,0.73472,0.58984,0.75139,0.58906,0.68194,0.56172,0.70694,0.54375,0.74306,0.60938,0.78056,0.61719,0.71667,0.59062,0.73472,0.57266,0.76250,0.62734,0.82083,0.64141,0.77917,0.62422,0.78333,0.60703,0.79861,0.58976,0.81035,0.9996,0.68367,1.00000,0.9323,0.60637,0.89833,0.9976,0.60852,0.65736,0.58437,0.89444,98.09,0.9980,live,0.3672,0.3777,212.25,561.95
155690.776988,80.0,0.2932,3,2,0,0.58359,0.88472,0.55547,0.85417,0.53516,0.81250,0.52266,0.78889,0.52266,0.76944,0.56250,0.72917,0.55078,0.67917,0.52891,0.69583,0.51250,0.72500,0.58437,0.74167,0.58359,0.67222,0.55547,0.69444,0.53828,0.72917,0.60391,0.76944,0.60859,0.70833,0.58047,0.72639,0.56250,0.75417,0.62109,0.80833,0.63203,0.76806,0.61328,0.77361,0.59609,0.78889,0.58648,0.81679,0.9996,0.68007,1.00000,0.9339,0.59559,0.88076,0.9976,0.60353,0.70283,0.58359,0.88472,96.35,0.9986,live,0.3794,0.4351,245.32,563.89
155690.843698,80.0,0.3822,3,2,0,0.58281,0.87361,0.55156,0.83889,0.52891,0.79722,0.51719,0.77500,0.51641,0.75972,0.55859,0.71389,0.54375,0.66806,0.52109,0.68472,0.50234,0.71250,0.58047,0.72639,0.57578,0.66389,0.54688,0.68611,0.52812,0.72083,0.59844,0.75694,0.60000,0.69722,0.57109,0.71667,0.55234,0.74444,0.61484,0.79722,0.61953,0.76111,0.59844,0.76806,0.58047,0.78333,0.58084,0.81862,0.9996,0.67712,1.00000,0.9362,0.58860,0.87179,0.9977,0.59939,0.73699,0.58281,0.87361,96.87,0.9990,live,0.3953,0.4679,264.80,565.97
155690.910507,80.0,0.4713,3,2,0,0.57969,0.86667,0.54922,0.83611,0.52656,0.79722,0.51484,0.77500,0.51328,0.75417,0.55469,0.70833,0.54063,0.66528,0.51797,0.68472,0.49922,0.71250,0.57656,0.72083,0.57031,0.65972,0.54141,0.68333,0.52344,0.71667,0.59453,0.75000,0.59141,0.69722,0.56250,0.72083,0.54375,0.74861,0.61016,0.79028,0.61094,0.75694,0.58984,0.76806,0.57188,0.78472,0.58054,0.81749,0.9996,0.67872,1.00000,0.9391,0.58750,0.86502,0.9978,0.59545,0.76292,0.57969,0.86667,95.81,0.9989,live,0.4137,0.4976,282.17,567.03
155690.976806,80.0,0.5597,3,2,0,0.58281,0.86667,0.55000,0.83472,0.52578,0.79583,0.51172,0.77222,0.51562,0.74861,0.55859,0.70417,0.53984,0.66806,0.51562,0.69167,0.49766,0.72361,0.57969,0.71806,0.56797,0.66528,0.53828,0.69444,0.52109,0.73056,0.59844,0.75000,0.59141,0.70278,0.56094,0.73056,0.54219,0.75972,0.61328,0.79167,0.60859,0.76250,0.58594,0.77639,0.56797,0.79306,0.58018,0.81714,0.9996,0.67919,1.00000,0.9414,0.58870,0.86154,0.9978,0.59292,0.78367,0.58281,0.86667,97.22,0.9991,live,0.4269,0.4870,277.10,568.99
155691.043836,80.0,0.6490,3,2,0,0.60078,0.86528,0.56797,0.83472,0.54297,0.79583,0.52656,0.77361,0.52500,0.75278,0.57656,0.70139,0.55391,0.67222,0.53047,0.69583,0.51250,0.72500,0.59922,0.71528,0.58125,0.67083,0.55234,0.70278,0.53438,0.73889,0.61797,0.74583,0.60391,0.70972,0.57344,0.74444,0.55547,0.77639,0.63203,0.78750,0.62344,0.76389,0.60000,0.78333,0.58281,0.80556,0.58141,0.81625,0.9996,0.69920,1.00000,0.9442,0.60962,0.86294,0.9978,0.59449,0.79999,0.60078,0.86528,98.28,0.9992,live,0.4269,0.4397,251.29,571.47
155691.110538,80.0,0.7380,3,2,0,0.63047,0.85417,0.60000,0.82361,0.57656,0.79028,0.56484,0.76944,0.56641,0.75417,0.60859,0.68472,0.58984,0.67083,0.57109,0.69722,0.55703,0.72639,0.63281,0.69583,0.62187,0.67083,0.59766,0.70556,0.58047,0.74028,0.65391,0.72500,0.64844,0.70694,0.62422,0.74167,0.60781,0.77222,0.66875,0.76944,0.66641,0.75833,0.65000,0.77778,0.63672,0.79583,0.59709,0.80568,0.9996,0.71691,1.00000,0.9387,0.65157,0.84680,0.9971,0.60169,0.81083,0.63047,0.85417,103.92,0.9982,live,0.4142,0.3561,205.75,577.72
155691.177367,80.0,0.8271,3,2,0,0.69453,0.85000,0.66797,0.80972,0.65156,0.75556,0.66406,0.72917,0.69297,0.72639,0.68906,0.67222,0.68359,0.65556,0.67578,0.70278,0.67656,0.73333,0.71797,0.68611,0.72422,0.65417,0.71016,0.70417,0.70234,0.74028,0.74219,0.71528,0.75469,0.68611,0.73516,0.73472,0.72109,0.76944,0.76328,0.75694,0.78125,0.73611,0.76406,0.76250,0.74687,0.78333,0.60483,0.82814,0.9997,0.72868,1.00000,0.9418,0.71193,0.84679,0.9970,0.62026,0.81866,0.69453,0.85000,118.36,0.9945,live,0.3889,0.2740,162.62,593.61
155691.243925,80.0,0.9158,3,2,0,0.75469,0.84583,0.73438,0.79722,0.72891,0.74861,0.74844,0.72778,0.77578,0.72361,0.75781,0.67500,0.78125,0.64444,0.79844,0.65139,0.81328,0.67083,0.77500,0.68333,0.80078,0.65556,0.81641,0.65972,0.83047,0.66806,0.78906,0.70417,0.81016,0.67361,0.82266,0.67639,0.83516,0.68333,0.79922,0.73472,0.81250,0.71111,0.81875,0.71111,0.82500,0.71111,0.60342,0.83335,0.9997,0.73680,1.00000,0.9372,0.78059,0.82482,0.9969,0.64714,0.82410,0.75469,0.84583,102.35,0.9647,live,0.3608,0.2326,138.67,596.07
155691.310574,80.0,0.0047,3,3,0,0.79063,0.82639,0.77812,0.76944,0.78906,0.71528,0.82109,0.69583,0.84766,0.69306,0.81484,0.65694,0.84062,0.62083,0.85234,0.62500,0.85703,0.64583,0.83437,0.66944,0.86094,0.63194,0.87187,0.62917,0.87734,0.63889,0.84688,0.69028,0.87109,0.65278,0.87969,0.64861,0.88359,0.65833,0.85391,0.71944,0.87266,0.68194,0.87813,0.67778,0.87969,0.68194,0.60446,0.83255,0.9997,0.74288,1.00000,0.9316,0.81657,0.80799,0.9967,0.67584,0.82456,0.79063,0.82639,107.75,0.9619,live,0.3370,0.2286,137.64,602.13
155691.377322,80.0,0.0937,3,3,0,0.81719,0.80833,0.80312,0.75139,0.81484,0.69722,0.84844,0.67778,0.87734,0.66806,0.85391,0.63333,0.87500,0.59583,0.88359,0.60556,0.88281,0.63889,0.88125,0.65417,0.91094,0.60556,0.91953,0.61250,0.91484,0.64028,0.89844,0.68472,0.93125,0.64583,0.93906,0.65139,0.93203,0.67639,0.90859,0.72361,0.93672,0.69861,0.94688,0.69583,0.94531,0.70556,0.60491,0.83529,0.9997,0.74366,1.00000,0.9261,0.83030,0.80096,0.9966,0.70411,0.82131,0.81719,0.80833,124.99,0.9806,live,0.3215,0.2511,155.66,619.86
155691.444055,80.0,0.1827,3,3,0,0.82500,0.79583,0.81406,0.74583,0.82344,0.69444,0.85234,0.67361,0.88203,0.65833,0.85859,0.63056,0.87813,0.59444,0.88750,0.60139,0.88906,0.63056,0.88516,0.65000,0.91406,0.59444,0.92344,0.60139,0.91953,0.63194,0.90234,0.68194,0.93203,0.63611,0.94219,0.64306,0.93359,0.66944,0.91250,0.72083,0.94297,0.69306,0.95156,0.69306,0.94375,0.70694,0.60542,0.83999,0.9997,0.74619,1.00000,0.9194,0.83773,0.79226,0.9964,0.72829,0.81622,0.82500,0.79583,118.97,0.9579,live,0.3147,0.2834,178.86,631.14
155691.510603,80.0,0.2714,3,3,0,0.82656,0.79583,0.81250,0.74722,0.82188,0.69306,0.85000,0.67500,0.87813,0.66250,0.85938,0.63333,0.87813,0.59028,0.88516,0.60139,0.88438,0.63333,0.88438,0.65139,0.91250,0.59306,0.92109,0.60694,0.91641,0.63889,0.90156,0.68194,0.93203,0.63333,0.94141,0.64444,0.93359,0.67361,0.91172,0.72222,0.94063,0.69583,0.95000,0.69722,0.94453,0.71250,0.60562,0.84097,0.9997,0.75290,1.00000,0.9149,0.83527,0.79173,0.9963,0.74794,0.81214,0.82656,0.79583,116.45,0.9733,live,0.3147,0.3138,200.60,639.25
155691.577461,80.0,0.3605,3,3,0,0.82109,0.79722,0.80781,0.74722,0.81719,0.69444,0.84531,0.67361,0.87266,0.66250,0.85234,0.63611,0.87031,0.59722,0.87813,0.60556,0.87734,0.63472,0.87734,0.65417,0.90469,0.59444,0.91328,0.60417,0.90938,0.63611,0.89453,0.68333,0.92578,0.63750,0.93437,0.64306,0.92500,0.67222,0.90547,0.72361,0.93437,0.69444,0.94297,0.69444,0.93672,0.70833,0.60554,0.84016,0.9997,0.75172,1.00000,0.9104,0.83396,0.79267,0.9960,0.76257,0.80916,0.82109,0.79722,115.34,0.9770,live,0.3147,0.3344,215.87,645.58
155691.644062,80.0,0.4493,3,3,0,0.81328,0.79306,0.79844,0.74444,0.80547,0.69306,0.83203,0.67361,0.85859,0.66528,0.84219,0.63333,0.85781,0.59444,0.86484,0.60139,0.86562,0.62778,0.86797,0.65000,0.89297,0.59167,0.90000,0.59722,0.89687,0.62778,0.88594,0.67917,0.91484,0.63472,0.92109,0.63750,0.91250,0.66250,0.89687,0.71806,0.92578,0.68889,0.93281,0.68472,0.92500,0.69861,0.60547,0.84114,0.9997,0.75351,1.00000,0.9077,0.82834,0.79232,0.9959,0.77271,0.80594,0.81328,0.79306,114.51,0.9620,live,0.3147,0.3371,219.32,650.56
155691.710709,80.0,0.5382,3,3,0,0.80156,0.77361,0.78594,0.72778,0.78906,0.67361,0.81328,0.64861,0.83984,0.63611,0.82500,0.61111,0.83906,0.56528,0.84453,0.57500,0.84141,0.60972,0.85078,0.62500,0.87578,0.56250,0.88281,0.57083,0.87734,0.60139,0.86875,0.65417,0.89531,0.60694,0.90234,0.61111,0.89297,0.63889,0.88125,0.69306,0.91016,0.66250,0.91797,0.65694,0.91016,0.66944,0.60697,0.83427,0.9997,0.75403,1.00000,0.9039,0.82557,0.78172,0.9958,0.77848,0.79947,0.80156,0.77361,113.84,0.9730,live,0.3147,0.3107,203.33,654.46
155691.777542,80.0,0.6273,3,3,0,0.78594,0.72222,0.76875,0.67639,0.77031,0.62222,0.79219,0.59167,0.81328,0.56389,0.80547,0.54722,0.81484,0.49444,0.81875,0.50139,0.81563,0.53194,0.82969,0.55833,0.84844,0.49583,0.85234,0.50139,0.84688,0.52778,0.84766,0.58472,0.87187,0.53194,0.87500,0.53333,0.86562,0.55556,0.86172,0.62083,0.88594,0.58333,0.89062,0.57639,0.88203,0.58611,0.60562,0.83247,0.9997,0.75202,1.00000,0.9030,0.80818,0.72207,0.9960,0.77997,0.78402,0.78594,0.72222,117.47,0.9716,live,0.3050,0.2612,172.51,660.50
155691.844369,80.0,0.7164,3,3,0,0.76719,0.65139,0.75469,0.58889,0.75859,0.52917,0.77422,0.48333,0.78594,0.43750,0.78828,0.46667,0.79688,0.41667,0.79844,0.40000,0.79766,0.40139,0.80859,0.47222,0.81953,0.41806,0.82031,0.40694,0.81641,0.41250,0.82422,0.49028,0.83750,0.44306,0.83672,0.43194,0.83203,0.44306,0.83750,0.51806,0.85078,0.48194,0.85078,0.46944,0.84609,0.47639,0.60529,0.82501,0.9997,0.75736,0.97223,0.9039,0.77944,0.61969,0.9961,0.77742,0.75749,0.76719,0.65139,119.96,0.9118,live,0.2884,0.2124,141.77,667.61
155691.910903,80.0,0.8051,3,3,0,0.72891,0.48194,0.70547,0.43889,0.70156,0.37778,0.71328,0.32639,0.72031,0.28750,0.73125,0.32778,0.73828,0.28194,0.73438,0.26667,0.72734,0.26667,0.75000,0.33194,0.75938,0.28056,0.75469,0.25833,0.74609,0.25417,0.76406,0.34306,0.77500,0.29583,0.77109,0.27500,0.76250,0.27639,0.77812,0.36389,0.78828,0.32222,0.78672,0.30000,0.78203,0.29444,0.60546,0.82130,0.9997,0.76080,0.89489,0.9079,0.75629,0.49449,0.9964,0.76772,0.70238,0.72891,0.48194,98.39,0.8888,live,0.2719,0.1967,129.47,658.34
155691.977360,80.0,0.8937,3,3,0,0.70078,0.41667,0.67969,0.34861,0.67656,0.29306,0.68359,0.24722,0.69063,0.21528,0.70469,0.25972,0.70469,0.21250,0.70000,0.18333,0.69531,0.16111,0.71797,0.25972,0.71953,0.21250,0.71328,0.18333,0.70547,0.16389,0.72891,0.26528,0.73359,0.22500,0.72734,0.19306,0.71797,0.17639,0.74219,0.27917,0.74922,0.24306,0.74609,0.21806,0.73906,0.20139,0.59679,0.81785,0.9997,0.75810,0.82235,0.9113,0.71372,0.40071,0.9966,0.75433,0.64524,0.70078,0.41667,97.63,0.9118,live,0.2616,0.2151,139.75,649.63
155692.044364,80.0,0.9831,3,3,0,0.67344,0.35139,0.64844,0.28194,0.64219,0.22500,0.64375,0.17917,0.64453,0.13889,0.66563,0.19861,0.66250,0.15139,0.65547,0.12500,0.64922,0.10417,0.67734,0.19722,0.67422,0.15000,0.66719,0.12222,0.65781,0.10556,0.68828,0.19861,0.68906,0.15694,0.68047,0.12778,0.66953,0.11389,0.70156,0.20833,0.70469,0.16806,0.70000,0.14306,0.69141,0.12917,0.59442,0.80855,0.9997,0.73893,0.71655,0.9161,0.68199,0.32003,0.9968,0.73815,0.58647,0.67344,0.35139,94.30,0.8763,live,0.2616,0.2675,171.07,639.57
155692.111377,80.0,0.0724,3,1,1,0.64453,0.29861,0.61484,0.24028,0.60781,0.19028,0.61016,0.14722,0.60938,0.11250,0.62969,0.15972,0.62734,0.11944,0.61797,0.10000,0.60781,0.09167,0.64141,0.15417,0.64062,0.10972,0.62969,0.09028,0.61797,0.08750,0.65391,0.15694,0.65547,0.11250,0.64531,0.09306,0.63359,0.09306,0.66797,0.16528,0.66953,0.12500,0.66250,0.10694,0.65156,0.10417,0.59465,0.79302,0.9997,0.72394,0.66235,0.9208,0.65301,0.27037,0.9970,0.71943,0.52890,0.64453,0.29861,88.90,0.9391,live,0.2766,0.3448,216.16,626.83
155692.178037,80.0,0.1613,3,1,1,0.62500,0.27083,0.59609,0.22778,0.58828,0.18611,0.59062,0.14583,0.59141,0.11667,0.60469,0.15694,0.60000,0.12361,0.59297,0.10972,0.58516,0.10556,0.61641,0.15000,0.61406,0.10972,0.60625,0.09722,0.59688,0.09722,0.62969,0.15000,0.62734,0.10972,0.61953,0.09583,0.60938,0.09861,0.64375,0.15417,0.64297,0.11944,0.63594,0.10417,0.62656,0.10139,0.59413,0.77718,0.9997,0.71165,0.62578,0.9244,0.63636,0.24876,0.9971,0.70054,0.47729,0.62500,0.27083,77.78,0.9490,live,0.3031,0.4239,257.55,607.62
155692.244762,80.0,0.2503,3,1,1,0.61641,0.26944,0.58672,0.22917,0.57969,0.19167,0.58125,0.15556,0.58203,0.12917,0.59922,0.17083,0.59375,0.14028,0.58516,0.12500,0.57734,0.12222,0.60938,0.16389,0.60625,0.12639,0.59609,0.11389,0.58594,0.11389,0.62109,0.16111,0.61875,0.12361,0.60938,0.10833,0.59922,0.11111,0.63438,0.16389,0.63516,0.13056,0.62734,0.11528,0.61797,0.11389,0.59401,0.77550,0.9996,0.71027,0.63802,0.9280,0.63812,0.27601,0.9972,0.68371,0.43572,0.61641,0.26944,68.89,0.9861,live,0.3377,0.4954,289.44,584.30
155692.311112,80.0,0.3387,3,1,1,0.61250,0.26667,0.58359,0.23056,0.57578,0.19583,0.57812,0.16250,0.58203,0.13611,0.60078,0.18333,0.59453,0.15417,0.58672,0.13750,0.57812,0.12639,0.61094,0.17639,0.60781,0.14306,0.59844,0.12500,0.58750,0.11806,0.62266,0.17222,0.62031,0.13750,0.61172,0.11806,0.60078,0.11528,0.63672,0.17083,0.63672,0.14167,0.62969,0.12500,0.61953,0.12083,0.59323,0.77582,0.9996,0.70649,0.62711,0.9310,0.62947,0.26898,0.9972,0.66947,0.40191,0.61250,0.26667,62.35,0.9831,live,0.3765,0.5533,309.35,559.07
155692.378010,80.0,0.4279,3,1,1,0.61328,0.26667,0.58516,0.23611,0.57656,0.20278,0.57812,0.16389,0.58281,0.13472,0.60234,0.19028,0.59688,0.15972,0.58906,0.13750,0.57969,0.12361,0.61328,0.18056,0.61016,0.14583,0.60078,0.12361,0.58984,0.11389,0.62578,0.17639,0.62344,0.13889,0.61484,0.11667,0.60313,0.10972,0.64062,0.17500,0.64141,0.14306,0.63516,0.12361,0.62422,0.11667,0.59280,0.77660,0.9996,0.70492,0.64660,0.9344,0.63116,0.27304,0.9973,0.65823,0.37486,0.61328,0.26667,60.92,0.9812,live,0.4145,0.5877,314.92,535.85
155692.444495,80.0,0.5166,3,1,1,0.61406,0.28056,0.58672,0.25139,0.57812,0.21111,0.57969,0.17083,0.58516,0.13889,0.60313,0.19306,0.59766,0.16111,0.59141,0.14028,0.58281,0.12361,0.61562,0.18472,0.61328,0.14722,0.60469,0.12500,0.59375,0.11528,0.62969,0.18194,0.62891,0.14028,0.62109,0.11667,0.60859,0.11250,0.64609,0.18194,0.64687,0.14583,0.63984,0.12639,0.62813,0.12222,0.59288,0.77860,0.9996,0.70561,0.65485,0.9359,0.63099,0.28025,0.9973,0.64940,0.35600,0.61406,0.28056,67.78,0.9759,live,0.4409,0.5607,291.78,520.35
155692.510787,80.0,0.6050,3,1,1,0.61797,0.31528,0.58984,0.29306,0.57969,0.24444,0.57969,0.19861,0.58359,0.16389,0.60234,0.20833,0.59688,0.17083,0.58906,0.14722,0.58047,0.13611,0.61797,0.20000,0.61641,0.15417,0.60625,0.13333,0.59375,0.13472,0.63359,0.20139,0.63438,0.15000,0.62422,0.13056,0.61250,0.13611,0.65156,0.20694,0.65391,0.16389,0.64453,0.14444,0.63281,0.14722,0.59195,0.78595,0.9996,0.71070,0.73966,0.9378,0.63368,0.33076,0.9975,0.64311,0.34785,0.61797,0.31528,78.66,0.9742,live,0.4668,0.5850,300.99,514.54
155692.577846,80.0,0.6944,3,1,1,0.61562,0.36389,0.59219,0.35139,0.57812,0.30139,0.57656,0.25694,0.58281,0.22083,0.60234,0.25278,0.59844,0.20833,0.58828,0.19028,0.57891,0.19028,0.62031,0.24583,0.62109,0.19028,0.60938,0.17639,0.59766,0.19028,0.63750,0.25139,0.64062,0.19444,0.62891,0.18333,0.61875,0.20139,0.65469,0.26806,0.65859,0.21944,0.65000,0.20278,0.63906,0.21250,0.59164,0.79026,0.9996,0.71092,0.81832,0.9381,0.63529,0.40167,0.9977,0.63762,0.35106,0.61562,0.36389,80.03,0.9793,live,0.4585,0.4205,214.65,510.42
155692.644489,80.0,0.7832,3,1,1,0.62734,0.35556,0.60781,0.35000,0.58906,0.34028,0.57812,0.35833,0.57500,0.37917,0.60000,0.29583,0.59766,0.27639,0.59453,0.30000,0.59297,0.32222,0.62109,0.30139,0.62266,0.27500,0.61641,0.31111,0.61250,0.34028,0.64141,0.31667,0.64531,0.29444,0.63594,0.33056,0.63047,0.35694,0.66094,0.33889,0.66484,0.32917,0.65547,0.35278,0.64844,0.37222,0.59168,0.80120,0.9996,0.71407,0.92053,0.9379,0.63561,0.50793,0.9978,0.63556,0.35196,0.62734,0.35556,55.96,0.9873,live,0.4380,0.3450,168.86,489.46
155692.711151,80.0,0.8721,3,1,1,0.62109,0.68194,0.60000,0.64861,0.58281,0.60556,0.57578,0.57639,0.58047,0.55139,0.60547,0.51944,0.60000,0.47083,0.59062,0.50833,0.58906,0.54722,0.62969,0.53056,0.63438,0.47083,0.61875,0.50972,0.60938,0.55000,0.65078,0.55417,0.65781,0.50972,0.63750,0.54583,0.62422,0.58056,0.67031,0.58750,0.67891,0.55833,0.66250,0.57361,0.65000,0.59306,0.59417,0.81783,0.9996,0.71607,1.00000,0.9361,0.63970,0.65672,0.9979,0.63267,0.41796,0.62109,0.68194,104.33,0.9926,live,0.4201,0.3385,171.24,505.84
155692.777739,80.0,0.9609,3,1,1,0.63359,0.56528,0.60703,0.59028,0.58437,0.63472,0.57344,0.68472,0.56797,0.71806,0.60625,0.60694,0.59062,0.67222,0.57812,0.71944,0.57031,0.74861,0.63438,0.61944,0.63047,0.67083,0.61328,0.71806,0.59766,0.75278,0.65781,0.63611,0.65469,0.69444,0.63594,0.74306,0.62109,0.77222,0.67500,0.65417,0.67266,0.71111,0.65781,0.74444,0.64453,0.76389,0.60454,0.80776,0.9996,0.71872,1.00000,0.9321,0.65263,0.81384,0.9973,0.63285,0.44742,0.63359,0.56528,65.64,0.9854,live,0.3911,0.2587,127.41,492.40
155692.844594,80.0,0.0501,3,2,0,0.63125,0.82083,0.60625,0.81528,0.58516,0.81528,0.57266,0.84583,0.56875,0.87778,0.61641,0.72917,0.60000,0.75278,0.58125,0.81250,0.56797,0.85417,0.64375,0.75000,0.63125,0.77500,0.60781,0.83889,0.59141,0.87778,0.66484,0.78750,0.65781,0.81389,0.63359,0.87222,0.61406,0.90556,0.67734,0.82778,0.67422,0.86250,0.65703,0.90278,0.64219,0.92361,0.60910,0.80747,0.9996,0.71366,1.00000,0.9242,0.65782,0.93221,0.9965,0.63253,0.52210,0.63125,0.82083,71.70,0.9978,live,0.3732,0.2919,141.53,484.94
155692.911274,80.0,0.1390,3,2,0,0.62031,0.88333,0.60000,0.87361,0.57891,0.86667,0.56563,0.88472,0.55859,0.90278,0.61094,0.76667,0.59062,0.78472,0.57031,0.83472,0.55469,0.87222,0.63906,0.78889,0.62422,0.79861,0.59922,0.85694,0.58047,0.89722,0.65859,0.82778,0.65547,0.84167,0.62813,0.89861,0.60547,0.93194,0.67188,0.87361,0.67344,0.89861,0.65312,0.93750,0.63516,0.95556,0.60848,0.81263,0.9996,0.70608,1.00000,0.9174,0.65042,0.95878,0.9956,0.63009,0.59435,0.62031,0.88333,83.23,0.9996,live,0.3732,0.3721,181.10,486.67
155692.977968,80.0,0.2279,3,2,0,0.60938,0.92222,0.58594,0.90278,0.56406,0.88194,0.55156,0.88333,0.54531,0.88889,0.59688,0.76389,0.57500,0.77917,0.55547,0.82639,0.54219,0.86389,0.62734,0.78194,0.60938,0.79444,0.58437,0.85139,0.56563,0.89028,0.64844,0.82083,0.63906,0.83472,0.61172,0.89028,0.58984,0.92361,0.66172,0.86944,0.65703,0.89444,0.63438,0.93194,0.61484,0.95000,0.60838,0.81843,0.9996,0.70142,1.00000,0.9117,0.64369,0.95392,0.9949,0.62595,0.65992,0.60938,0.92222,102.07,0.9997,live,0.3880,0.4553,228.46,501.76
155693.044543,80.0,0.3167,3,2,0,0.60625,0.92222,0.57969,0.89444,0.56016,0.87222,0.54688,0.87083,0.53750,0.87361,0.58906,0.75278,0.56719,0.76389,0.54688,0.80833,0.53203,0.84583,0.61797,0.77361,0.59922,0.78056,0.57344,0.83472,0.55703,0.87639,0.63828,0.81250,0.62656,0.82500,0.59844,0.87500,0.57812,0.90972,0.65234,0.86250,0.64219,0.88611,0.61953,0.91806,0.60234,0.93472,0.60077,0.82352,0.9996,0.69387,1.00000,0.9119,0.63553,0.93038,0.9944,0.62201,0.71238,0.60625,0.92222,104.54,0.9994,live,0.4101,0.5105,263.85,516.82
155693.111473,80.0,0.4059,3,2,0,0.60313,0.91389,0.57500,0.88889,0.55469,0.86944,0.54063,0.86667,0.52812,0.86944,0.58203,0.74722,0.55859,0.75694,0.53906,0.79722,0.52422,0.83333,0.61016,0.76528,0.58906,0.77083,0.56406,0.82222,0.54688,0.86111,0.63047,0.80417,0.61797,0.81250,0.58906,0.86250,0.56875,0.89861,0.64609,0.85278,0.63516,0.87083,0.61250,0.90139,0.59531,0.92083,0.59814,0.82436,0.9995,0.69188,1.00000,0.9096,0.62059,0.93163,0.9938,0.61823,0.75268,0.60313,0.91389,103.15,0.9993,live,0.4350,0.5486,290.23,529.07
155693.177997,80.0,0.4946,3,2,0,0.60000,0.91111,0.57109,0.88611,0.55000,0.86528,0.53516,0.85694,0.52500,0.85417,0.57578,0.73889,0.55312,0.74583,0.53281,0.78750,0.51875,0.82361,0.60391,0.75694,0.58359,0.75833,0.55781,0.80833,0.54141,0.84861,0.62500,0.79583,0.61406,0.80000,0.58516,0.84583,0.56641,0.88056,0.64062,0.84444,0.62969,0.85694,0.60703,0.88611,0.59062,0.90417,0.59372,0.82834,0.9995,0.69219,1.00000,0.9117,0.61574,0.91586,0.9936,0.61458,0.78437,0.60000,0.91111,105.56,0.9993,live,0.4605,0.5770,312.49,541.59
155693.244988,80.0,0.5839,3,2,0,0.59766,0.90556,0.56875,0.87917,0.54688,0.85556,0.53203,0.84444,0.52578,0.84583,0.57500,0.73472,0.55234,0.73750,0.53203,0.77639,0.51797,0.81250,0.60234,0.75139,0.58281,0.74722,0.55625,0.79583,0.54063,0.83472,0.62266,0.78750,0.61016,0.78889,0.58203,0.83333,0.56328,0.86528,0.63750,0.83611,0.62813,0.84583,0.60547,0.87222,0.58828,0.88889,0.59227,0.82536,0.9995,0.69252,1.00000,0.9131,0.61181,0.90929,0.9935,0.61120,0.80861,0.59766,0.90556,104.31,0.9994,live,0.4699,0.5123,282.63,551.70
155693.311704,80.0,0.6729,3,2,0,0.60391,0.90139,0.57578,0.87500,0.55469,0.85139,0.53906,0.84028,0.52891,0.83333,0.58203,0.73472,0.55859,0.72917,0.53828,0.76806,0.52422,0.80556,0.60859,0.75139,0.58906,0.73611,0.56328,0.78472,0.54766,0.82361,0.62891,0.78611,0.61562,0.77778,0.58828,0.82083,0.56953,0.85278,0.64453,0.83194,0.63594,0.83194,0.61328,0.85694,0.59688,0.87500,0.59170,0.82180,0.9995,0.69931,1.00000,0.9157,0.61096,0.90823,0.9935,0.60974,0.82716,0.60391,0.90139,102.46,0.9990,live,0.4699,0.4917,275.01,559.27
155693.378072,80.0,0.7614,3,2,0,0.61719,0.89583,0.58984,0.86944,0.56875,0.84306,0.55469,0.82917,0.55078,0.82222,0.60000,0.72917,0.57969,0.72083,0.56094,0.75694,0.54609,0.79167,0.62656,0.74444,0.61016,0.72917,0.58594,0.77639,0.57031,0.81389,0.64687,0.77917,0.63672,0.76667,0.61094,0.80833,0.59297,0.84167,0.66172,0.82639,0.65547,0.82222,0.63438,0.84861,0.61797,0.86806,0.59651,0.82151,0.9996,0.71835,1.00000,0.9183,0.63276,0.89359,0.9937,0.61123,0.84090,0.61719,0.89583,103.26,0.9992,live,0.4588,0.4084,231.38,566.50
155693.444826,80.0,0.8504,3,2,0,0.64922,0.89306,0.62031,0.85833,0.59922,0.82222,0.59297,0.80278,0.60781,0.79444,0.63750,0.71667,0.62344,0.70694,0.60703,0.73889,0.59375,0.77222,0.66328,0.73333,0.65859,0.71667,0.63594,0.75833,0.61875,0.79583,0.68281,0.76806,0.68437,0.75556,0.66172,0.79306,0.64453,0.82222,0.69531,0.81250,0.69766,0.81250,0.68203,0.83333,0.66953,0.84444,0.60377,0.82200,0.9996,0.75058,1.00000,0.9167,0.67788,0.89345,0.9934,0.61883,0.85133,0.64922,0.89306,107.05,0.9978,live,0.4347,0.3246,186.85,575.60
155693.511592,80.0,0.9394,3,2,0,0.70781,0.86944,0.68516,0.83611,0.67188,0.78611,0.67656,0.77083,0.69609,0.77639,0.71719,0.71806,0.71719,0.67500,0.70000,0.70833,0.68984,0.74583,0.74297,0.74028,0.75938,0.68472,0.73672,0.72500,0.72188,0.76667,0.76406,0.77500,0.78281,0.73472,0.75703,0.77500,0.73828,0.80972,0.78047,0.82361,0.79844,0.79722,0.77656,0.81528,0.75859,0.83333,0.60353,0.83617,0.9996,0.71182,1.00000,0.9048,0.72093,0.89236,0.9934,0.63662,0.85495,0.70781,0.86944,105.68,0.9934,live,0.4011,0.2481,144.58,582.62
155693.578425,80.0,0.0285,3,3,0,0.75469,0.87639,0.73750,0.82639,0.73594,0.76944,0.75859,0.74722,0.78672,0.75694,0.77734,0.71944,0.80156,0.67500,0.80312,0.68056,0.79688,0.70417,0.80156,0.74028,0.83437,0.70278,0.83359,0.70694,0.82266,0.72639,0.81797,0.76806,0.84922,0.73750,0.84766,0.74167,0.83906,0.75694,0.82812,0.80278,0.85078,0.77639,0.85781,0.77361,0.85859,0.78056,0.60071,0.83737,0.9996,0.70544,1.00000,0.9028,0.76517,0.86971,0.9936,0.66024,0.85924,0.75469,0.87639,106.99,0.9913,live,0.3667,0.2101,123.93,589.73
155693.645026,80.0,0.1173,3,3,0,0.78438,0.86944,0.77031,0.81111,0.77656,0.75417,0.80625,0.74167,0.83359,0.75278,0.82891,0.70556,0.85469,0.67083,0.85859,0.67917,0.85234,0.70972,0.85469,0.73611,0.88984,0.70139,0.88828,0.71389,0.87578,0.74028,0.87109,0.77500,0.90625,0.74722,0.90469,0.75556,0.89297,0.77639,0.87813,0.81944,0.90547,0.80417,0.91406,0.80278,0.91406,0.80972,0.59870,0.83435,0.9996,0.73064,1.00000,0.9004,0.79980,0.85866,0.9938,0.68506,0.86128,0.78438,0.86944,122.83,0.9835,live,0.3375,0.2044,124.13,607.40
155693.711814,80.0,0.2063,3,3,0,0.79531,0.86250,0.78359,0.80694,0.79297,0.75694,0.82109,0.74861,0.84922,0.74722,0.84297,0.70833,0.86484,0.67222,0.86719,0.67917,0.85781,0.71111,0.86641,0.73889,0.90156,0.69167,0.89922,0.70556,0.88281,0.73472,0.88047,0.77778,0.91719,0.74583,0.91406,0.75694,0.89531,0.77917,0.88750,0.82361,0.92109,0.80694,0.91953,0.80694,0.90156,0.81528,0.59882,0.83413,0.9996,0.74047,1.00000,0.8956,0.80707,0.85454,0.9937,0.70711,0.86152,0.79531,0.86250,118.98,0.9807,live,0.3163,0.2200,136.46,620.18
155693.778248,80.0,0.2949,3,3,0,0.79297,0.85972,0.78125,0.80694,0.78984,0.75417,0.81719,0.74583,0.84453,0.74861,0.83906,0.70833,0.86016,0.66806,0.85938,0.67778,0.85000,0.70833,0.86172,0.73611,0.89687,0.68472,0.89062,0.70000,0.87422,0.73056,0.87656,0.77500,0.91328,0.73611,0.90625,0.74583,0.88750,0.76806,0.88438,0.82083,0.91719,0.79722,0.91484,0.79722,0.89922,0.80694,0.59894,0.83561,0.9996,0.73878,1.00000,0.8904,0.80445,0.85250,0.9938,0.72429,0.86116,0.79297,0.85972,117.26,0.9844,live,0.3027,0.2404,151.49,630.18
155693.845706,80.0,0.3849,3,3,0,0.78984,0.85417,0.77812,0.80278,0.78516,0.75000,0.81250,0.74028,0.83828,0.74167,0.83359,0.70000,0.85313,0.66250,0.85234,0.67222,0.84297,0.70278,0.85703,0.72917,0.89062,0.67639,0.88359,0.68889,0.86719,0.72083,0.87187,0.76806,0.90703,0.72917,0.89844,0.73472,0.87969,0.75694,0.88047,0.81389,0.91250,0.78750,0.90781,0.78472,0.89219,0.79583,0.59945,0.83531,0.9996,0.74130,1.00000,0.8870,0.80531,0.84972,0.9937,0.73740,0.85976,0.78984,0.85417,117.50,0.9864,live,0.2947,0.2586,165.26,639.16
155693.912118,80.0,0.4734,3,3,0,0.78594,0.84861,0.77422,0.79722,0.77969,0.74583,0.80391,0.73333,0.82969,0.73333,0.82734,0.69444,0.84688,0.65556,0.84375,0.66806,0.83281,0.70139,0.85000,0.72083,0.88359,0.66667,0.87578,0.68333,0.85938,0.71389,0.86562,0.75833,0.89922,0.71806,0.89062,0.72778,0.87187,0.75139,0.87422,0.80417,0.90625,0.77778,0.90234,0.77639,0.88594,0.78750,0.60141,0.83282,0.9997,0.73687,1.00000,0.8851,0.80621,0.84644,0.9941,0.74710,0.85753,0.78594,0.84861,115.72,0.9860,live,0.2947,0.2703,174.55,645.78
155693.978554,80.0,0.5620,3,3,0,0.77891,0.83611,0.76719,0.78750,0.77109,0.73611,0.79453,0.72083,0.82031,0.71528,0.81797,0.67917,0.83594,0.63750,0.83281,0.65278,0.82188,0.68889,0.84141,0.70417,0.87344,0.65000,0.86641,0.66667,0.85078,0.70000,0.85703,0.74306,0.88984,0.70139,0.88125,0.71250,0.86328,0.73750,0.86641,0.78889,0.89844,0.76111,0.89453,0.75972,0.87891,0.77083,0.60162,0.83344,0.9997,0.73742,1.00000,0.8825,0.80180,0.84401,0.9941,0.75347,0.85325,0.77891,0.83611,116.31,0.9860,live,0.2893,0.2645,172.49,652.03
155694.045313,80.0,0.6510,3,3,0,0.76953,0.80000,0.75625,0.75278,0.75703,0.70139,0.77812,0.68333,0.80234,0.67917,0.80156,0.63750,0.81875,0.59444,0.81484,0.61528,0.80469,0.65278,0.82656,0.65833,0.85625,0.60000,0.85078,0.62083,0.83828,0.65417,0.84375,0.69167,0.87578,0.64722,0.86797,0.66667,0.85234,0.69583,0.85547,0.73750,0.88516,0.70556,0.88047,0.71111,0.86484,0.72917,0.60167,0.83123,0.9997,0.73518,1.00000,0.8798,0.80028,0.81711,0.9942,0.75668,0.84260,0.76953,0.80000,117.00,0.9850,live,0.2794,0.2344,154.27,658.02
155694.111862,80.0,0.7397,3,3,0,0.75625,0.73333,0.74219,0.68611,0.74141,0.63611,0.75781,0.60694,0.77578,0.58056,0.78516,0.55556,0.80078,0.50694,0.79688,0.52222,0.78906,0.55278,0.80703,0.57222,0.83047,0.51806,0.82109,0.53333,0.80781,0.55833,0.82422,0.60139,0.84922,0.55417,0.83828,0.56944,0.82500,0.59028,0.83594,0.64167,0.86016,0.60833,0.85000,0.61250,0.83594,0.62639,0.60166,0.83289,0.9997,0.73504,1.00000,0.8812,0.78878,0.74915,0.9945,0.75659,0.82075,0.75625,0.73333,119.38,0.9795,live,0.2635,0.1908,126.89,665.01
155694.178779,80.0,0.8290,3,3,0,0.72266,0.58333,0.70078,0.54583,0.69688,0.49028,0.71172,0.45556,0.72734,0.43056,0.72891,0.42917,0.73516,0.39722,0.73516,0.38750,0.73125,0.39167,0.75234,0.43750,0.76641,0.39306,0.76641,0.38472,0.76172,0.38889,0.76953,0.45556,0.78516,0.41667,0.78516,0.41111,0.78125,0.41667,0.78359,0.48333,0.79766,0.45139,0.79922,0.44444,0.79609,0.44722,0.60144,0.82333,0.9996,0.74718,0.96743,0.8839,0.76134,0.60501,0.9948,0.74981,0.77326,0.72266,0.58333,102.31,0.9911,live,0.2465,0.1693,111.54,658.87
155694.245422,80.0,0.9178,3,3,0,0.68750,0.45833,0.66563,0.41806,0.65469,0.36389,0.66250,0.32361,0.67734,0.30000,0.68672,0.30972,0.68828,0.26389,0.68203,0.24028,0.67344,0.23333,0.70625,0.31111,0.71406,0.25556,0.70625,0.23750,0.69453,0.24028,0.72188,0.32500,0.73125,0.27361,0.72422,0.25556,0.71328,0.25694,0.73516,0.35000,0.74453,0.30556,0.74062,0.28750,0.73203,0.28333,0.60004,0.81442,0.9996,0.74543,0.85169,0.8903,0.71449,0.46245,0.9952,0.73734,0.71028,0.68750,0.45833,95.79,0.9608,live,0.2371,0.1943,126.03,648.78
155694.312040,80.0,0.0067,3,1,1,0.66641,0.39444,0.63828,0.33472,0.63281,0.28056,0.63984,0.23611,0.64609,0.19583,0.65547,0.23750,0.65078,0.18611,0.64453,0.15278,0.63984,0.12361,0.67109,0.23333,0.66719,0.18333,0.66016,0.14722,0.65312,0.12083,0.68437,0.23889,0.68594,0.19167,0.67812,0.15556,0.66797,0.13333,0.69922,0.25278,0.70469,0.21250,0.69844,0.18611,0.68828,0.16944,0.59111,0.81208,0.9996,0.73322,0.79484,0.8957,0.67425,0.38612,0.9956,0.72316,0.64711,0.66641,0.39444,99.35,0.9257,live,0.2371,0.2490,159.98,642.46
155694.378573,80.0,0.0954,3,1,1,0.63594,0.32639,0.60703,0.26528,0.59844,0.21528,0.60156,0.16667,0.60703,0.12917,0.61953,0.17500,0.61406,0.13194,0.60625,0.10417,0.60000,0.07778,0.63281,0.16944,0.62813,0.12361,0.62031,0.09306,0.61172,0.07083,0.64453,0.17222,0.64453,0.12778,0.63672,0.10139,0.62578,0.08750,0.65859,0.18194,0.65938,0.13889,0.65312,0.11667,0.64297,0.10417,0.58973,0.80232,0.9996,0.71335,0.69301,0.9010,0.64656,0.29969,0.9959,0.70571,0.58297,0.63594,0.32639,95.57,0.9063,live,0.2540,0.3307,209.70,634.17
155694.445487,80.0,0.1846,3,1,1,0.61641,0.28056,0.58437,0.23194,0.57578,0.18889,0.57812,0.14583,0.58047,0.11111,0.59141,0.15694,0.58594,0.11944,0.58047,0.09861,0.57422,0.08194,0.60469,0.15000,0.60078,0.10694,0.59297,0.08611,0.58281,0.07361,0.61797,0.14722,0.61641,0.10417,0.60859,0.08472,0.59922,0.07917,0.63281,0.15139,0.63203,0.11250,0.62422,0.09444,0.61328,0.08750,0.58744,0.79131,0.9996,0.70114,0.64865,0.9079,0.63069,0.25709,0.9961,0.68785,0.52248,0.61641,0.28056,84.56,0.9474,live,0.2834,0.4174,258.33,618.96
155694.512102,80.0,0.2734,3,1,1,0.60469,0.26667,0.57500,0.22500,0.56797,0.18611,0.56797,0.14861,0.56875,0.11806,0.58672,0.16250,0.58203,0.13194,0.57500,0.11389,0.56719,0.10278,0.59766,0.15556,0.59375,0.11944,0.58594,0.10000,0.57656,0.09306,0.60859,0.15278,0.60625,0.11389,0.59844,0.09722,0.58906,0.09583,0.62109,0.15417,0.62031,0.12083,0.61250,0.10417,0.60234,0.10139,0.58598,0.78573,0.9995,0.69483,0.62551,0.9142,0.61967,0.26553,0.9963,0.67122,0.47132,0.60469,0.26667,71.76,0.9434,live,0.3226,0.5011,298.82,596.35
155694.579230,80.0,0.3629,3,1,1,0.60078,0.26944,0.57188,0.23194,0.56406,0.19861,0.56406,0.16111,0.56406,0.13194,0.58281,0.17917,0.57812,0.14861,0.57188,0.13194,0.56563,0.11944,0.59375,0.17083,0.59062,0.13750,0.58281,0.11944,0.57344,0.10972,0.60469,0.16667,0.60234,0.13194,0.59453,0.11389,0.58516,0.10972,0.61797,0.16528,0.61641,0.13472,0.60859,0.11806,0.59922,0.11250,0.58613,0.77985,0.9995,0.69357,0.62917,0.9158,0.61830,0.27834,0.9961,0.65713,0.43095,0.60078,0.26944,66.19,0.9503,live,0.3659,0.5636,322.62,572.45
155694.645862,80.0,0.4517,3,1,1,0.60000,0.26528,0.57266,0.23472,0.56328,0.20278,0.56250,0.16806,0.56484,0.13889,0.58672,0.18611,0.58047,0.15833,0.57344,0.14167,0.56484,0.12639,0.59609,0.17778,0.59297,0.14722,0.58437,0.12639,0.57422,0.11528,0.60703,0.17361,0.60391,0.14028,0.59609,0.11944,0.58516,0.11250,0.61953,0.17083,0.61797,0.14028,0.61094,0.12361,0.60078,0.11667,0.58575,0.77855,0.9995,0.69315,0.63216,0.9191,0.61684,0.28409,0.9962,0.64570,0.39781,0.60000,0.26528,59.64,0.9754,live,0.4107,0.6145,335.97,546.69
155694.712361,80.0,0.5404,3,1,1,0.60469,0.26389,0.57734,0.23750,0.56797,0.20417,0.56719,0.16806,0.57109,0.14028,0.59141,0.19167,0.58437,0.16389,0.57656,0.14444,0.56797,0.12917,0.60156,0.18194,0.59766,0.15139,0.58828,0.12917,0.57812,0.11389,0.61328,0.17500,0.60938,0.14306,0.60078,0.12083,0.58984,0.10972,0.62656,0.17083,0.62422,0.14167,0.61641,0.12361,0.60625,0.11389,0.58606,0.77807,0.9995,0.69390,0.62437,0.9227,0.61973,0.27240,0.9962,0.63750,0.37103,0.60469,0.26389,58.47,0.9653,live,0.4480,0.6180,323.32,523.19
155694.778930,80.0,0.6292,3,1,1,0.61094,0.26389,0.58359,0.23889,0.57422,0.20417,0.57500,0.16528,0.57812,0.13333,0.59922,0.19444,0.59219,0.16528,0.58359,0.14306,0.57422,0.12361,0.61016,0.18333,0.60547,0.15000,0.59609,0.12500,0.58594,0.10972,0.62187,0.17639,0.61797,0.14028,0.60859,0.11667,0.59766,0.10694,0.63594,0.17083,0.63438,0.14028,0.62578,0.12222,0.61484,0.11528,0.58602,0.77811,0.9995,0.69444,0.63276,0.9250,0.62280,0.27224,0.9962,0.63219,0.34960,0.61094,0.26389,58.61,0.9630,live,0.4721,0.5820,292.50,502.61
155694.845722,80.0,0.7182,3,1,1,0.61641,0.27361,0.58906,0.24722,0.58047,0.20972,0.58203,0.16944,0.58594,0.13750,0.60391,0.19583,0.59766,0.16667,0.58984,0.14306,0.58125,0.12361,0.61641,0.18472,0.61250,0.15000,0.60391,0.12500,0.59375,0.10833,0.62891,0.18056,0.62734,0.14028,0.61797,0.11667,0.60625,0.10556,0.64375,0.17639,0.64297,0.14306,0.63438,0.12500,0.62266,0.11806,0.58713,0.77823,0.9995,0.69702,0.64514,0.9283,0.62602,0.27599,0.9964,0.62903,0.33440,0.61641,0.27361,63.35,0.9623,live,0.4813,0.5234,255.36,487.90
155694.912066,80.0,0.8067,3,1,1,0.61797,0.30000,0.59141,0.27083,0.58203,0.22778,0.58359,0.18611,0.58828,0.15278,0.60547,0.20694,0.60000,0.17500,0.59219,0.15139,0.58359,0.13194,0.61953,0.19722,0.61641,0.15833,0.60781,0.13194,0.59688,0.11806,0.63281,0.19444,0.63125,0.15000,0.62266,0.12639,0.61094,0.11944,0.64844,0.19583,0.64844,0.15694,0.63906,0.13750,0.62656,0.13333,0.58715,0.78746,0.9995,0.70537,0.71469,0.9318,0.63585,0.31542,0.9966,0.62682,0.32752,0.61797,0.30000,70.76,0.9683,live,0.4733,0.4369,209.82,480.30
155694.979106,80.0,0.8961,3,1,1,0.61328,0.34167,0.58984,0.32500,0.57812,0.27639,0.57812,0.23056,0.58437,0.19583,0.60156,0.23472,0.59609,0.19444,0.58594,0.17083,0.57656,0.16250,0.61719,0.22639,0.61641,0.17639,0.60469,0.15417,0.59297,0.15694,0.63203,0.22917,0.63359,0.17361,0.62266,0.15694,0.61172,0.16528,0.64687,0.23750,0.64922,0.19306,0.63984,0.17500,0.62813,0.17917,0.58674,0.79452,0.9995,0.71181,0.80448,0.9329,0.63733,0.36962,0.9968,0.62411,0.33035,0.61328,0.34167,76.52,0.9817,live,0.4493,0.3398,162.36,477.76
155695.045776,80.0,0.9850,3,1,1,0.61484,0.36111,0.59453,0.35139,0.58047,0.33056,0.57266,0.31389,0.57031,0.29722,0.59688,0.27361,0.58906,0.23889,0.57734,0.23750,0.56797,0.24861,0.61406,0.26944,0.60781,0.22917,0.59375,0.23611,0.58516,0.25694,0.63047,0.27917,0.62656,0.24167,0.61406,0.25556,0.60625,0.27778,0.64609,0.29861,0.64375,0.27361,0.63359,0.27917,0.62656,0.29583,0.58639,0.80369,0.9994,0.71486,0.88573,0.9335,0.63637,0.46159,0.9970,0.62226,0.33650,0.61484,0.36111,64.70,0.7498,live,0.4151,0.2591,121.02,467.01
155695.112478,80.0,0.0739,3,2,0,0.60859,0.63056,0.58047,0.59722,0.56250,0.54167,0.55391,0.49583,0.55937,0.45694,0.58906,0.46667,0.58672,0.40972,0.57344,0.39306,0.56250,0.39306,0.60859,0.46667,0.61094,0.39583,0.59688,0.40000,0.58750,0.42500,0.62734,0.47917,0.63125,0.41389,0.61484,0.43056,0.60547,0.46111,0.64609,0.50417,0.64844,0.45694,0.63203,0.46667,0.62109,0.49306,0.58616,0.81558,0.9994,0.71477,0.97705,0.9296,0.62735,0.58717,0.9971,0.61953,0.39531,0.60859,0.63056,104.83,0.9887,live,0.3732,0.1823,88.67,486.45
155695.178898,80.0,0.1625,3,2,0,0.59844,0.83750,0.57109,0.80694,0.54766,0.75417,0.53750,0.72222,0.54297,0.70000,0.57734,0.65694,0.57656,0.58889,0.56172,0.60000,0.55000,0.63333,0.60078,0.66389,0.60313,0.59167,0.58281,0.62917,0.56953,0.67778,0.62344,0.68750,0.62500,0.63750,0.60234,0.67639,0.58828,0.71667,0.64531,0.72083,0.64687,0.68750,0.63047,0.70972,0.62109,0.73333,0.59383,0.81406,0.9994,0.70583,1.00000,0.9242,0.62145,0.81736,0.9970,0.61531,0.48375,0.59844,0.83750,114.86,0.9948,live,0.3499,0.2439,124.57,510.78
155695.245577,80.0,0.2514,3,2,0,0.59766,0.76667,0.56719,0.77917,0.53906,0.80972,0.52734,0.86806,0.52266,0.91667,0.56641,0.74722,0.55000,0.78333,0.53438,0.83611,0.52109,0.87778,0.59766,0.76528,0.58906,0.80417,0.56641,0.85972,0.54609,0.90556,0.62500,0.79306,0.61953,0.83472,0.59922,0.89444,0.58125,0.93472,0.64609,0.82222,0.64531,0.86528,0.63047,0.90694,0.61484,0.93472,0.59324,0.81783,0.9994,0.68223,1.00000,0.9135,0.60705,0.96988,0.9954,0.61178,0.54033,0.59766,0.76667,58.14,0.9915,live,0.3453,0.3241,159.26,491.35
155695.312903,80.0,0.3411,3,2,0,0.57734,0.94583,0.54844,0.93472,0.53203,0.90556,0.52266,0.91806,0.51562,0.95278,0.56016,0.85556,0.54375,0.85000,0.52266,0.89444,0.50391,0.93333,0.58672,0.87639,0.57734,0.88056,0.55547,0.93333,0.53516,0.97500,0.60859,0.90833,0.60391,0.92500,0.58047,0.97361,0.56094,0.99861,0.62500,0.94722,0.63125,0.95556,0.61953,0.99028,0.60703,0.99861,0.59290,0.83152,0.9994,0.66790,1.00000,0.9094,0.59559,0.99364,0.9946,0.60489,0.62143,0.57734,0.94583,71.77,0.9900,live,0.3629,0.4431,214.48,484.06
155695.379070,80.0,0.4294,3,2,0,0.56719,0.97917,0.54375,0.96389,0.51875,0.95278,0.50234,0.96528,0.49062,0.98056,0.54688,0.83889,0.52734,0.83611,0.50469,0.87917,0.49062,0.92222,0.57656,0.85972,0.55781,0.85972,0.53125,0.91528,0.51484,0.96111,0.59922,0.90139,0.59062,0.89861,0.56484,0.94722,0.54844,0.98333,0.61641,0.95417,0.60703,0.96944,0.58828,0.99861,0.57656,0.99861,0.58802,0.83691,0.9994,0.65769,1.00000,0.9007,0.58003,0.99841,0.9932,0.59735,0.69298,0.56719,0.97917,94.59,0.9992,live,0.3945,0.5389,266.24,494.08
155695.445951,80.0,0.5185,3,2,0,0.57266,0.97500,0.53984,0.94583,0.51406,0.92222,0.49766,0.90972,0.48672,0.90417,0.53984,0.80139,0.51797,0.77639,0.49844,0.80972,0.48516,0.84861,0.56719,0.81528,0.55078,0.79306,0.52422,0.84306,0.50859,0.88611,0.58906,0.85000,0.57812,0.83333,0.55000,0.87917,0.53281,0.91667,0.60625,0.89722,0.59453,0.89722,0.57422,0.92500,0.56094,0.94722,0.58800,0.83563,0.9994,0.66205,1.00000,0.8979,0.58343,0.95595,0.9925,0.59241,0.74938,0.57266,0.97500,106.79,0.9985,live,0.4315,0.5998,306.92,511.68
155695.512743,80.0,0.6076,3,2,0,0.57266,0.93333,0.53906,0.89861,0.51250,0.86806,0.49609,0.84722,0.49609,0.82917,0.54063,0.75972,0.52500,0.72361,0.50313,0.74583,0.48828,0.77500,0.56563,0.76944,0.55391,0.72778,0.52812,0.76667,0.51406,0.80556,0.58750,0.79722,0.57891,0.76389,0.55234,0.80000,0.53594,0.83472,0.60625,0.83750,0.59844,0.82361,0.57734,0.84306,0.56250,0.86250,0.58460,0.83471,0.9994,0.66943,1.00000,0.9018,0.57828,0.92496,0.9923,0.58846,0.78617,0.57266,0.93333,108.04,0.9988,live,0.4668,0.6275,331.35,528.06
155695.579260,80.0,0.6963,3,2,0,0.58437,0.89167,0.55078,0.85139,0.52500,0.81389,0.51016,0.78750,0.51641,0.76389,0.55312,0.71389,0.54219,0.66944,0.52187,0.68611,0.50781,0.71250,0.57734,0.72500,0.57188,0.66806,0.54766,0.70417,0.53281,0.74167,0.60000,0.75000,0.59531,0.70278,0.56953,0.73750,0.55391,0.77222,0.61953,0.79028,0.61797,0.75694,0.59688,0.77639,0.58125,0.79861,0.58506,0.82691,0.9994,0.67645,1.00000,0.9094,0.57973,0.89747,0.9930,0.58764,0.80727,0.58437,0.89167,110.36,0.9981,live,0.4958,0.6282,341.84,544.16
155695.645350,80.0,0.7844,3,2,0,0.60313,0.85139,0.57188,0.81667,0.54922,0.77222,0.53672,0.74028,0.54531,0.71944,0.57500,0.68056,0.56875,0.62361,0.55000,0.63889,0.53594,0.66667,0.59844,0.69306,0.59844,0.62500,0.57578,0.65556,0.56172,0.69167,0.62109,0.71944,0.62422,0.65694,0.60078,0.68611,0.58516,0.71944,0.64297,0.75694,0.64687,0.71250,0.62656,0.72917,0.61094,0.75139,0.58534,0.82110,0.9995,0.68715,1.00000,0.9108,0.61578,0.84663,0.9934,0.59074,0.81610,0.60313,0.85139,107.56,0.9961,live,0.5192,0.6258,348.14,556.30
155695.712546,80.0,0.8740,3,2,0,0.62500,0.83056,0.59766,0.79306,0.57812,0.74583,0.56953,0.71389,0.58047,0.69444,0.60547,0.65833,0.60313,0.60139,0.58750,0.61528,0.57578,0.64306,0.62969,0.66944,0.63359,0.60139,0.61250,0.63194,0.59922,0.66667,0.65156,0.69583,0.65859,0.63194,0.63594,0.66111,0.62109,0.69444,0.67188,0.73333,0.67969,0.68889,0.66172,0.70139,0.64687,0.71944,0.58664,0.82122,0.9995,0.72673,1.00000,0.9103,0.64232,0.82497,0.9936,0.59759,0.81899,0.62500,0.83056,108.89,0.9951,live,0.5031,0.4295,243.95,567.94
155695.779494,80.0,0.9633,3,2,0,0.65156,0.82500,0.62578,0.78611,0.60547,0.73611,0.60234,0.69722,0.62187,0.69306,0.63906,0.64583,0.64141,0.59444,0.62734,0.60833,0.61719,0.63611,0.66328,0.66111,0.67266,0.59444,0.65312,0.62639,0.64062,0.66250,0.68516,0.68889,0.69609,0.63056,0.67500,0.65972,0.66016,0.69167,0.70469,0.73056,0.71484,0.68750,0.69922,0.70139,0.68516,0.72222,0.58685,0.82480,0.9995,0.72214,1.00000,0.9094,0.67209,0.82070,0.9940,0.60839,0.82019,0.65156,0.82500,112.23,0.9913,live,0.4757,0.3511,203.85,580.60
155695.846172,80.0,0.0522,3,3,0,0.68203,0.83889,0.65547,0.79861,0.63672,0.74444,0.63984,0.70833,0.66484,0.70556,0.67578,0.65833,0.67891,0.60417,0.66797,0.61806,0.65938,0.65139,0.70078,0.67083,0.71250,0.60417,0.69766,0.63333,0.68672,0.67222,0.72266,0.69861,0.73828,0.64167,0.72109,0.67361,0.70859,0.70972,0.74141,0.74167,0.75938,0.70278,0.74609,0.71667,0.73203,0.73750,0.59130,0.83186,0.9995,0.72853,1.00000,0.9096,0.69325,0.82059,0.9942,0.62311,0.82393,0.68203,0.83889,115.04,0.9836,live,0.4364,0.2572,152.70,593.75
155695.912740,80.0,0.1409,3,3,0,0.71641,0.85139,0.69375,0.81111,0.67969,0.76111,0.68437,0.73333,0.70625,0.72500,0.71562,0.67500,0.72422,0.62083,0.72188,0.64167,0.71953,0.67917,0.74219,0.68889,0.75938,0.62500,0.75156,0.65278,0.74219,0.69028,0.76406,0.71806,0.78594,0.66389,0.77500,0.69306,0.76250,0.72639,0.78281,0.75972,0.80469,0.72778,0.79609,0.73750,0.78281,0.75556,0.59407,0.83558,0.9996,0.73316,1.00000,0.9072,0.73718,0.82110,0.9943,0.64177,0.82942,0.71641,0.85139,115.41,0.9658,live,0.4069,0.2725,165.00,605.59
155695.979565,80.0,0.2300,3,3,0,0.75859,0.85972,0.73672,0.81667,0.72578,0.76250,0.74219,0.73750,0.76953,0.73750,0.76641,0.68194,0.78125,0.63611,0.78281,0.65694,0.78203,0.69306,0.79453,0.69444,0.82109,0.63889,0.81641,0.66528,0.80547,0.70278,0.81719,0.72083,0.84297,0.67639,0.83828,0.70556,0.82812,0.73889,0.83281,0.76111,0.85625,0.73611,0.86016,0.74583,0.85938,0.76111,0.59755,0.83644,0.9996,0.73790,1.00000,0.9058,0.78171,0.82211,0.9945,0.66514,0.83548,0.75859,0.85972,119.23,0.9791,live,0.3677,0.1890,116.97,618.77
155696.045985,80.0,0.3186,3,3,0,0.79297,0.85972,0.77578,0.80694,0.77578,0.75278,0.80391,0.73333,0.83281,0.73056,0.81641,0.68194,0.83594,0.64028,0.84219,0.65139,0.84297,0.68750,0.84453,0.70000,0.87344,0.64444,0.87578,0.65972,0.86953,0.69444,0.86484,0.73194,0.89687,0.68889,0.89766,0.70417,0.88828,0.73472,0.87813,0.77500,0.90547,0.74861,0.91094,0.75000,0.90703,0.76389,0.59835,0.83654,0.9996,0.74974,1.00000,0.9024,0.80852,0.82273,0.9947,0.69070,0.84033,0.79297,0.85972,123.14,0.9754,live,0.3406,0.2173,137.56,633.17
155696.112965,80.0,0.4079,3,3,0,0.81875,0.85556,0.80547,0.79861,0.81094,0.74444,0.83984,0.72639,0.86797,0.71806,0.85000,0.68333,0.87031,0.64444,0.87734,0.65694,0.87734,0.68889,0.87578,0.70417,0.90547,0.64583,0.91172,0.65972,0.90547,0.69167,0.89297,0.73750,0.92500,0.69444,0.93125,0.70556,0.92188,0.73333,0.90391,0.78056,0.93516,0.75556,0.94297,0.75556,0.93516,0.76806,0.60155,0.83496,0.9996,0.74778,1.00000,0.8994,0.82935,0.81721,0.9947,0.71631,0.84338,0.81875,0.85556,120.35,0.9549,live,0.3259,0.2590,166.74,643.85
155696.179636,80.0,0.4968,3,3,0,0.82500,0.84722,0.81250,0.79583,0.81953,0.74306,0.84766,0.72222,0.87578,0.70694,0.85859,0.67917,0.87734,0.64306,0.88594,0.65000,0.88672,0.68056,0.88438,0.69861,0.91172,0.64444,0.91953,0.65556,0.91563,0.69028,0.90156,0.72917,0.93047,0.68611,0.93906,0.69722,0.93047,0.72778,0.91094,0.76944,0.94063,0.74306,0.94922,0.74444,0.94219,0.76250,0.60232,0.83579,0.9997,0.74607,1.00000,0.8940,0.83692,0.81747,0.9945,0.73805,0.84414,0.82500,0.84722,119.11,0.9580,live,0.3196,0.2907,189.64,652.35
155696.246327,80.0,0.5857,3,3,0,0.82266,0.84306,0.80703,0.79444,0.81328,0.73750,0.84062,0.72083,0.86719,0.71389,0.85078,0.68194,0.86797,0.64167,0.87578,0.65000,0.87656,0.67917,0.87656,0.70000,0.90234,0.64167,0.91016,0.65417,0.90547,0.68750,0.89375,0.72917,0.92266,0.68611,0.92969,0.69722,0.92109,0.72639,0.90469,0.76806,0.93281,0.74028,0.94063,0.74444,0.93437,0.76389,0.60371,0.83807,0.9997,0.76005,1.00000,0.8909,0.83580,0.81788,0.9944,0.75497,0.84393,0.82266,0.84306,114.07,0.9636,live,0.3196,0.3082,202.26,656.19
155696.312563,80.0,0.6740,3,3,0,0.81719,0.84444,0.80078,0.79722,0.80547,0.74167,0.83125,0.71806,0.85703,0.70278,0.84141,0.68333,0.85781,0.64167,0.86562,0.65000,0.86562,0.67917,0.86641,0.70139,0.89141,0.64028,0.89844,0.65139,0.89375,0.68472,0.88359,0.72917,0.91094,0.68611,0.91719,0.69306,0.90781,0.72083,0.89531,0.76806,0.92344,0.73889,0.93047,0.73750,0.92109,0.75139,0.60733,0.83710,0.9997,0.76927,1.00000,0.8883,0.82851,0.82117,0.9944,0.76741,0.84403,0.81719,0.84444,111.76,0.9668,live,0.3196,0.3105,204.29,657.92
155696.379197,80.0,0.7629,3,3,0,0.81484,0.84306,0.79766,0.79583,0.80078,0.74028,0.82656,0.71944,0.85234,0.70833,0.83828,0.68194,0.85547,0.63889,0.86172,0.64861,0.86094,0.67917,0.86250,0.69861,0.88672,0.63889,0.89375,0.65139,0.88828,0.68472,0.87969,0.72639,0.90703,0.68056,0.91406,0.69028,0.90391,0.71944,0.89219,0.76528,0.91953,0.73611,0.92578,0.73750,0.91563,0.75278,0.60803,0.83740,0.9997,0.76885,1.00000,0.8859,0.82424,0.82452,0.9944,0.77690,0.84384,0.81484,0.84306,111.39,0.9504,live,0.3196,0.3283,216.39,659.17
155696.446357,80.0,0.8524,3,3,0,0.81250,0.83750,0.79453,0.79028,0.79609,0.73472,0.82188,0.71389,0.84766,0.70278,0.83359,0.67778,0.85156,0.63194,0.85781,0.64306,0.85703,0.67361,0.85859,0.69306,0.88281,0.63194,0.88906,0.64722,0.88438,0.68056,0.87656,0.72083,0.90312,0.66944,0.91016,0.68333,0.90156,0.71389,0.88906,0.75833,0.91563,0.72639,0.92188,0.73194,0.91328,0.75000,0.60873,0.84007,0.9997,0.77077,1.00000,0.8822,0.82319,0.82409,0.9943,0.78402,0.84257,0.81250,0.83750,110.69,0.9590,live,0.3118,0.2764,182.38,659.76
155696.513068,80.0,0.9414,3,3,0,0.80312,0.81667,0.78516,0.76944,0.78438,0.71528,0.80781,0.68889,0.83281,0.67778,0.82109,0.65278,0.83594,0.61111,0.84375,0.61667,0.84375,0.64861,0.84609,0.66667,0.86953,0.60833,0.87656,0.62083,0.87187,0.65556,0.86562,0.69306,0.89141,0.64306,0.89687,0.65417,0.88828,0.68472,0.87969,0.73056,0.90469,0.69722,0.90938,0.69861,0.90234,0.71806,0.60866,0.83809,0.9997,0.75721,1.00000,0.8812,0.82242,0.81760,0.9945,0.78784,0.83739,0.80312,0.81667,112.75,0.9532,live,0.2984,0.2375,157.18,661.77
155696.579673,80.0,0.0302,3,1,1,0.77969,0.76944,0.76172,0.72222,0.76016,0.66667,0.77969,0.63611,0.80000,0.61389,0.79609,0.59722,0.80937,0.55278,0.81094,0.55694,0.80781,0.58611,0.81875,0.60833,0.83828,0.54861,0.83984,0.55694,0.83359,0.58750,0.83672,0.63333,0.86016,0.58333,0.86172,0.58889,0.85078,0.61389,0.85078,0.66944,0.87578,0.63611,0.87656,0.63194,0.86406,0.64444,0.60875,0.83780,0.9997,0.74991,1.00000,0.8844,0.80623,0.78170,0.9948,0.78621,0.82380,0.77969,0.76944,113.83,0.9686,live,0.2786,0.1885,125.20,664.31
155696.646350,80.0,0.1191,3,1,1,0.73594,0.68889,0.71328,0.65000,0.70703,0.59444,0.71875,0.55278,0.73047,0.51806,0.73203,0.51667,0.73906,0.46667,0.74219,0.47222,0.74375,0.49583,0.75625,0.52222,0.76875,0.46389,0.77031,0.47500,0.76797,0.50278,0.77656,0.53889,0.79141,0.48750,0.79063,0.50000,0.78594,0.52639,0.79531,0.56806,0.81172,0.52917,0.80859,0.53194,0.80000,0.55000,0.60873,0.83280,0.9997,0.76514,1.00000,0.8891,0.77800,0.68735,0.9952,0.77616,0.79682,0.73594,0.68889,112.86,0.9741,live,0.2549,0.1467,97.69,665.86
155696.713349,80.0,0.2084,3,1,1,0.73594,0.68889,0.71328,0.65000,0.70703,0.59444,0.71875,0.55278,0.73047,0.51806,0.73203,0.51667,0.73906,0.46667,0.74219,0.47222,0.74375,0.49583,0.75625,0.52222,0.76875,0.46389,0.77031,0.47500,0.76797,0.50278,0.77656,0.53889,0.79141,0.48750,0.79063,0.50000,0.78594,0.52639,0.79531,0.56806,0.81172,0.52917,0.80859,0.53194,0.80000,0.55000,0.60549,0.82790,0.9997,0.76468,0.94286,0.8947,0.71252,0.58754,0.9955,0.77616,0.79682,0.73594,0.68889,112.86,0.5845,hold,0.2549,0.1467,97.69,665.86
155696.779740,80.0,0.2969,3,1,1,0.65078,0.46389,0.62031,0.43611,0.60313,0.38889,0.60078,0.34306,0.60938,0.30972,0.62266,0.32639,0.61719,0.27917,0.60938,0.26389,0.60234,0.26528,0.64062,0.31944,0.63906,0.26250,0.63047,0.25000,0.62031,0.25694,0.65703,0.32500,0.65938,0.26944,0.65234,0.25417,0.64297,0.26667,0.67578,0.34028,0.67578,0.29306,0.66953,0.27778,0.66172,0.28472,0.59750,0.82190,0.9997,0.75801,0.85364,0.9007,0.66857,0.47565,0.9958,0.75108,0.73023,0.65078,0.46389,93.37,0.9705,live,0.2350,0.1447,94.48,653.18
155696.846777,80.0,0.3863,3,1,1,0.62578,0.41250,0.59453,0.35694,0.58047,0.30833,0.57734,0.25972,0.58125,0.21944,0.60000,0.26250,0.59297,0.22639,0.58437,0.20417,0.57500,0.18472,0.61328,0.25694,0.61094,0.21389,0.60313,0.18750,0.59297,0.16944,0.62734,0.25972,0.62813,0.21667,0.62109,0.19167,0.61016,0.18056,0.64453,0.27222,0.64531,0.23056,0.64062,0.20833,0.63281,0.19583,0.59151,0.82026,0.9997,0.73573,0.80086,0.9054,0.64381,0.38491,0.9961,0.72602,0.66669,0.62578,0.41250,96.83,0.9642,live,0.2350,0.2331,150.22,644.51
155696.913277,80.0,0.4750,3,1,1,0.61562,0.35278,0.57969,0.29861,0.56797,0.25278,0.56719,0.20556,0.57109,0.16806,0.58594,0.21944,0.57969,0.18194,0.57109,0.16111,0.56328,0.14306,0.59922,0.21111,0.59531,0.16806,0.58672,0.14444,0.57734,0.13056,0.61250,0.20972,0.61094,0.16667,0.60313,0.14306,0.59297,0.13611,0.62813,0.21667,0.62734,0.17500,0.62031,0.15417,0.61094,0.14583,0.58954,0.80987,0.9996,0.71519,0.73612,0.9108,0.62647,0.32969,0.9963,0.70394,0.60390,0.61562,0.35278,90.18,0.9601,live,0.2507,0.3218,203.41,632.10
155696.979904,80.0,0.5638,3,1,1,0.61250,0.30972,0.57812,0.26250,0.56797,0.22083,0.56875,0.17778,0.57031,0.14306,0.58672,0.18750,0.58047,0.15139,0.57031,0.13472,0.56094,0.12500,0.59844,0.18056,0.59453,0.13750,0.58437,0.11944,0.57266,0.11250,0.61094,0.17917,0.60859,0.13472,0.59922,0.11528,0.58750,0.11389,0.62578,0.18194,0.62500,0.14167,0.61641,0.12361,0.60547,0.12083,0.58998,0.79003,0.9996,0.70758,0.66820,0.9146,0.62462,0.29062,0.9963,0.68565,0.54507,0.61250,0.30972,83.11,0.9784,live,0.2789,0.4074,250.98,616.09
155697.047045,80.0,0.6533,3,1,1,0.61094,0.28472,0.58047,0.24444,0.57109,0.20417,0.57266,0.16250,0.57656,0.13194,0.59062,0.17361,0.58516,0.14028,0.57734,0.12500,0.56875,0.11528,0.60234,0.16667,0.59922,0.12639,0.58984,0.10972,0.57891,0.10556,0.61484,0.16667,0.61328,0.12361,0.60391,0.10556,0.59297,0.10556,0.62891,0.16944,0.62969,0.13194,0.62187,0.11528,0.61172,0.11389,0.59022,0.78593,0.9996,0.70491,0.64065,0.9190,0.62488,0.26970,0.9963,0.67071,0.49300,0.61094,0.28472,76.26,0.9792,live,0.3160,0.4853,289.76,597.06
155697.113126,80.0,0.7414,3,1,1,0.61484,0.27778,0.58672,0.24306,0.57656,0.20556,0.57812,0.16528,0.58281,0.13333,0.59609,0.17778,0.59062,0.14583,0.58359,0.12778,0.57578,0.11528,0.60703,0.17083,0.60469,0.13194,0.59609,0.11389,0.58672,0.10694,0.62031,0.16806,0.61719,0.12917,0.61016,0.10972,0.59922,0.10833,0.63516,0.16944,0.63516,0.13333,0.62813,0.11528,0.61797,0.11250,0.59068,0.78527,0.9996,0.70410,0.63380,0.9218,0.62845,0.26793,0.9962,0.65954,0.44995,0.61484,0.27778,71.53,0.9754,live,0.3572,0.5447,314.23,576.92
155697.180160,80.0,0.8308,3,1,1,0.61875,0.28333,0.59062,0.25139,0.58125,0.21389,0.58281,0.17222,0.58750,0.13889,0.60313,0.18889,0.59844,0.15833,0.59062,0.13889,0.58281,0.12500,0.61484,0.18194,0.61250,0.14444,0.60391,0.12361,0.59297,0.11528,0.62734,0.17917,0.62578,0.14028,0.61719,0.11944,0.60625,0.11528,0.64141,0.17917,0.64219,0.14444,0.63438,0.12500,0.62344,0.12083,0.58967,0.78528,0.9995,0.70575,0.66015,0.9248,0.63323,0.28804,0.9964,0.65138,0.41663,0.61875,0.28333,68.49,0.9840,live,0.3953,0.5690,316.92,557.00
155697.246455,80.0,0.9192,3,1,1,0.62266,0.30000,0.59531,0.27222,0.58594,0.23194,0.58672,0.18750,0.59219,0.15417,0.60703,0.20417,0.60156,0.17361,0.59453,0.15278,0.58594,0.13750,0.62031,0.19583,0.61797,0.15833,0.60938,0.13611,0.59844,0.12778,0.63359,0.19444,0.63281,0.15278,0.62422,0.13056,0.61250,0.12778,0.64844,0.19722,0.65000,0.15972,0.64219,0.14028,0.63047,0.13750,0.59113,0.78774,0.9995,0.70890,0.67628,0.9276,0.63575,0.30123,0.9965,0.64563,0.39330,0.62266,0.30000,70.29,0.9783,live,0.4166,0.5134,277.61,540.77
155697.313439,80.0,0.0085,3,2,0,0.62734,0.33333,0.60078,0.30694,0.58984,0.25833,0.59062,0.21250,0.59922,0.17917,0.61094,0.22639,0.60469,0.19028,0.59688,0.16667,0.58828,0.15417,0.62500,0.21806,0.62344,0.17361,0.61406,0.15139,0.60234,0.14861,0.63984,0.22083,0.64062,0.16944,0.63125,0.15000,0.62031,0.15278,0.65703,0.22639,0.65859,0.18333,0.65000,0.16389,0.63828,0.16389,0.58965,0.79645,0.9995,0.71768,0.75378,0.9296,0.64081,0.34509,0.9967,0.64198,0.38131,0.62734,0.33333,76.93,0.9835,live,0.4390,0.5410,287.43,531.27
155697.380164,80.0,0.0975,3,2,0,0.62500,0.38194,0.60234,0.36667,0.58828,0.31389,0.58594,0.26806,0.59766,0.23611,0.61172,0.26667,0.60703,0.22083,0.59766,0.20000,0.58906,0.20139,0.62656,0.26111,0.62813,0.20417,0.61562,0.18611,0.60313,0.20000,0.64375,0.26806,0.64687,0.20833,0.63516,0.19444,0.62422,0.21250,0.66094,0.28333,0.66406,0.23472,0.65391,0.21806,0.64141,0.22917,0.59024,0.80118,0.9995,0.72008,0.83648,0.9307,0.64477,0.40689,0.9969,0.63858,0.38144,0.62500,0.38194,80.12,0.9897,live,0.4390,0.4455,233.98,525.20
155697.446813,80.0,0.1863,3,2,0,0.63438,0.37917,0.61328,0.37083,0.59609,0.35278,0.58828,0.34722,0.58828,0.34306,0.61172,0.31111,0.60547,0.29306,0.59609,0.30000,0.58984,0.31528,0.63047,0.31667,0.62578,0.29167,0.61719,0.31111,0.61328,0.33750,0.64922,0.33194,0.64844,0.30833,0.63750,0.33194,0.63125,0.35833,0.66641,0.35556,0.66563,0.34583,0.65391,0.36250,0.64687,0.38194,0.59055,0.81021,0.9994,0.72043,0.91444,0.9308,0.64525,0.50276,0.9970,0.63774,0.38098,0.63438,0.37917,55.89,0.9608,live,0.4250,0.3612,181.50,502.42
155697.513500,80.0,0.2753,3,2,0,0.62187,0.71528,0.59688,0.69028,0.57734,0.64306,0.57031,0.61111,0.58047,0.59028,0.60547,0.55833,0.59688,0.51667,0.57891,0.55278,0.57500,0.59167,0.62734,0.56806,0.62500,0.51389,0.60234,0.55556,0.59609,0.59722,0.64687,0.59306,0.65078,0.54167,0.62734,0.57500,0.61797,0.60972,0.66328,0.62917,0.67031,0.59722,0.65312,0.60833,0.64375,0.62639,0.59062,0.82731,0.9995,0.72115,1.00000,0.9297,0.63968,0.67954,0.9971,0.63457,0.44784,0.62187,0.71528,98.15,0.9931,live,0.3959,0.2633,135.03,512.80
155697.580685,80.0,0.3648,3,2,0,0.61016,0.85694,0.58437,0.82778,0.55937,0.79861,0.54844,0.79861,0.55547,0.81111,0.59141,0.68611,0.57109,0.70556,0.55391,0.75417,0.54375,0.79167,0.61953,0.70694,0.60703,0.70417,0.58437,0.75833,0.56797,0.80278,0.64219,0.74306,0.63516,0.75278,0.60938,0.80833,0.58984,0.84167,0.65938,0.79028,0.65312,0.81389,0.63281,0.85278,0.61797,0.87222,0.59156,0.82001,0.9995,0.70890,0.99448,0.9283,0.63843,0.86919,0.9963,0.62968,0.52966,0.61016,0.85694,107.01,0.9973,live,0.3652,0.2257,119.24,528.31
155697.647210,80.0,0.4535,3,2,0,0.60234,0.85139,0.57891,0.84306,0.55547,0.84444,0.54297,0.87639,0.53047,0.90278,0.58281,0.76806,0.56094,0.79167,0.54063,0.83889,0.52344,0.87639,0.60938,0.79028,0.59141,0.80833,0.56250,0.86806,0.54063,0.91250,0.62969,0.82639,0.61875,0.84861,0.59141,0.90556,0.57031,0.94444,0.64375,0.86806,0.63750,0.89722,0.61797,0.93750,0.60234,0.95972,0.59307,0.82057,0.9995,0.68321,1.00000,0.9226,0.62565,0.95547,0.9954,0.62422,0.59401,0.60234,0.85139,67.60,0.9991,live,0.3555,0.3113,159.90,513.59
155697.713717,80.0,0.5422,3,2,0,0.57812,0.92222,0.55625,0.90694,0.53906,0.90000,0.52891,0.91944,0.51641,0.93611,0.56719,0.80417,0.54219,0.82639,0.52187,0.86806,0.50625,0.90000,0.59297,0.82639,0.57109,0.84028,0.54297,0.89444,0.52266,0.93333,0.61250,0.86528,0.59688,0.88750,0.56797,0.94306,0.54766,0.97500,0.62266,0.91250,0.61172,0.94444,0.58906,0.98194,0.57344,0.99861,0.59391,0.82201,0.9995,0.67971,1.00000,0.9164,0.60374,0.96902,0.9944,0.61500,0.65965,0.57812,0.92222,80.15,1.0000,live,0.3643,0.4041,205.97,509.67
155697.780338,80.0,0.6310,3,2,0,0.58125,0.95417,0.55312,0.93194,0.52812,0.91389,0.51406,0.90694,0.50547,0.90417,0.55391,0.79167,0.53047,0.80000,0.50938,0.84028,0.49766,0.87500,0.58125,0.80833,0.55703,0.80694,0.53203,0.85833,0.51641,0.90000,0.60156,0.84861,0.58125,0.85833,0.55469,0.90833,0.53828,0.94167,0.61562,0.90000,0.59609,0.93056,0.57266,0.96667,0.55859,0.98889,0.59422,0.82347,0.9995,0.68099,1.00000,0.9084,0.59376,0.96559,0.9932,0.60825,0.71855,0.58125,0.95417,99.23,1.0000,live,0.3845,0.4764,247.72,519.96
155697.847121,80.0,0.7201,3,2,0,0.57891,0.93194,0.54922,0.90556,0.52422,0.87500,0.50859,0.85556,0.51016,0.84861,0.55469,0.75556,0.53125,0.74861,0.50938,0.77917,0.49375,0.81389,0.58125,0.77083,0.56094,0.75833,0.53594,0.79722,0.52187,0.83333,0.60234,0.80694,0.58516,0.80139,0.55781,0.84306,0.54141,0.87778,0.61641,0.85833,0.60078,0.86111,0.57812,0.88889,0.56328,0.91389,0.59023,0.82330,0.9995,0.67953,1.00000,0.9080,0.58801,0.93781,0.9929,0.60238,0.76123,0.57891,0.93194,106.63,0.9999,live,0.4091,0.5211,278.43,534.33
155697.913571,80.0,0.8087,3,2,0,0.58906,0.90556,0.55859,0.87778,0.53438,0.84306,0.51953,0.82222,0.52266,0.80694,0.56328,0.73333,0.54453,0.70417,0.52344,0.73194,0.50703,0.76667,0.58984,0.74444,0.57578,0.70556,0.54922,0.74722,0.53281,0.78750,0.61094,0.77639,0.59844,0.75278,0.56953,0.79167,0.55234,0.82500,0.62656,0.82083,0.61406,0.81667,0.58984,0.84306,0.57344,0.86528,0.58776,0.81967,0.9995,0.68179,1.00000,0.9133,0.59132,0.91499,0.9934,0.59972,0.79010,0.58906,0.90556,106.14,0.9998,live,0.4338,0.5465,298.73,546.63
155697.980533,80.0,0.8980,3,2,0,0.60625,0.88750,0.57734,0.85972,0.55391,0.82361,0.54063,0.80000,0.54688,0.78333,0.58594,0.71806,0.56719,0.68611,0.54766,0.70833,0.53203,0.73889,0.61172,0.72778,0.60000,0.68472,0.57500,0.72083,0.55781,0.75972,0.63359,0.75833,0.62266,0.72778,0.59531,0.76667,0.57734,0.80278,0.65000,0.80278,0.63984,0.79028,0.61719,0.81667,0.60000,0.83889,0.59212,0.81925,0.9995,0.70651,1.00000,0.9192,0.61617,0.90724,0.9939,0.60102,0.80958,0.60625,0.88750,106.24,0.9994,live,0.4566,0.5603,312.40,557.53
155698.046892,80.0,0.9865,3,2,0,0.63203,0.87639,0.60469,0.84722,0.58203,0.80556,0.57656,0.77917,0.59141,0.76667,0.61328,0.70833,0.60547,0.67222,0.58828,0.69306,0.57344,0.72361,0.63906,0.72222,0.63828,0.67083,0.61641,0.70556,0.60000,0.74306,0.66016,0.75278,0.66328,0.71250,0.63906,0.74722,0.62187,0.78056,0.67812,0.79444,0.67891,0.77639,0.65938,0.79861,0.64297,0.81944,0.59873,0.80693,0.9996,0.72171,1.00000,0.9187,0.65370,0.86322,0.9939,0.60722,0.82294,0.63203,0.87639,105.44,0.9979,live,0.4614,0.4832,273.73,566.54
155698.113893,80.0,0.0758,3,3,0,0.66797,0.88056,0.63906,0.84722,0.61953,0.79722,0.62656,0.76528,0.65234,0.75417,0.65312,0.70417,0.65078,0.66944,0.63906,0.69583,0.63047,0.72639,0.67891,0.71667,0.68906,0.66528,0.67109,0.69861,0.65703,0.73472,0.70000,0.74722,0.71016,0.71111,0.69063,0.74722,0.67578,0.77639,0.71562,0.78889,0.72109,0.77639,0.70547,0.79861,0.69297,0.81389,0.60672,0.82263,0.9996,0.74872,1.00000,0.9161,0.69058,0.87141,0.9937,0.61937,0.83446,0.66797,0.88056,109.43,0.9970,live,0.4478,0.3859,222.78,577.35
155698.180663,80.0,0.1648,3,3,0,0.71562,0.88194,0.68828,0.84861,0.66719,0.79583,0.67734,0.76806,0.70859,0.77222,0.70156,0.70972,0.71172,0.66389,0.70937,0.68889,0.70703,0.72083,0.72813,0.72361,0.75313,0.66528,0.74141,0.69722,0.72969,0.73472,0.74922,0.75278,0.77266,0.70972,0.75859,0.74444,0.74531,0.77361,0.76406,0.79167,0.77969,0.77083,0.77344,0.78889,0.76562,0.80278,0.60685,0.82804,0.9996,0.74060,1.00000,0.9105,0.73586,0.87301,0.9939,0.63862,0.84396,0.71562,0.88194,107.41,0.9928,live,0.4384,0.3958,231.71,585.40
155698.247303,80.0,0.2537,3,3,0,0.78047,0.88194,0.75547,0.83611,0.74844,0.77917,0.77422,0.76667,0.80625,0.77222,0.79844,0.70139,0.82344,0.66667,0.81719,0.70139,0.80859,0.73889,0.82734,0.72500,0.85469,0.67917,0.84219,0.72222,0.82812,0.75833,0.84844,0.75972,0.87500,0.72083,0.86094,0.75833,0.84375,0.78750,0.86562,0.80278,0.88906,0.77361,0.87422,0.79444,0.85625,0.81528,0.60780,0.83678,0.9996,0.74722,1.00000,0.9079,0.79124,0.86674,0.9940,0.66699,0.85156,0.78047,0.88194,123.94,0.9946,live,0.4080,0.2694,162.81,604.39
155698.313911,80.0,0.3425,3,3,0,0.82891,0.88472,0.81563,0.81667,0.82344,0.76111,0.86016,0.75417,0.89141,0.76389,0.86562,0.68750,0.88828,0.67222,0.90000,0.68889,0.90781,0.71944,0.89141,0.71389,0.92031,0.68750,0.92969,0.70278,0.93437,0.72917,0.90703,0.75139,0.93437,0.73472,0.94453,0.74722,0.94922,0.76806,0.91563,0.80000,0.93672,0.78056,0.94609,0.78194,0.95234,0.78750,0.60805,0.83768,0.9996,0.75675,1.00000,0.9050,0.83899,0.84604,0.9941,0.69938,0.85819,0.82891,0.88472,131.55,0.9798,live,0.3812,0.2592,162.42,626.58
155698.380507,80.0,0.4313,3,3,0,0.85859,0.86667,0.85469,0.79583,0.87344,0.74444,0.91250,0.73611,0.94453,0.73750,0.91328,0.68611,0.94141,0.66250,0.95312,0.67361,0.95391,0.70278,0.93984,0.71389,0.97500,0.67778,0.98281,0.68750,0.97969,0.71389,0.95547,0.75000,0.98672,0.72639,0.99219,0.73472,0.98672,0.75833,0.96328,0.79722,0.98906,0.77500,0.99609,0.77639,0.99453,0.78611,0.60931,0.83813,0.9997,0.75841,1.00000,0.8981,0.87497,0.81016,0.9936,0.73122,0.85988,0.85859,0.86667,136.13,0.9804,live,0.3632,0.2813,182.70,649.40
155698.447544,80.0,0.5207,3,3,0,0.87500,0.84722,0.87266,0.78750,0.88828,0.74167,0.92266,0.72917,0.95312,0.72500,0.92500,0.67639,0.94922,0.65139,0.96016,0.66111,0.96250,0.69028,0.95156,0.70417,0.98594,0.65972,0.99297,0.66806,0.99141,0.69583,0.96953,0.74028,0.99922,0.70417,0.99922,0.71111,0.99922,0.73333,0.97891,0.78333,0.99922,0.75694,0.99922,0.75556,0.99922,0.76389,0.61200,0.83798,0.9997,0.76980,1.00000,0.8912,0.88883,0.79738,0.9928,0.75998,0.85735,0.87500,0.84722,131.24,0.9722,live,0.3549,0.3171,211.20,665.96
155698.513977,80.0,0.6092,3,3,0,0.86875,0.84167,0.86484,0.78472,0.88047,0.73472,0.91406,0.72083,0.94375,0.72083,0.92031,0.67778,0.94219,0.64722,0.95156,0.65278,0.95234,0.68056,0.94453,0.70278,0.97734,0.65556,0.98438,0.66389,0.97891,0.69306,0.96016,0.73889,0.99375,0.70417,0.99844,0.71250,0.98984,0.73889,0.96797,0.78333,0.99609,0.75972,0.99922,0.76111,0.99922,0.77361,0.61189,0.83786,0.9997,0.76905,1.00000,0.8883,0.88092,0.79691,0.9924,0.78173,0.85422,0.86875,0.84167,126.43,0.9729,live,0.3549,0.3458,234.12,677.08
155698.580684,80.0,0.6982,3,3,0,0.86328,0.83750,0.85625,0.78194,0.87109,0.73194,0.90234,0.71944,0.93359,0.71667,0.90938,0.67639,0.93125,0.64444,0.94063,0.65139,0.93984,0.67917,0.93437,0.70278,0.96719,0.65000,0.97266,0.66250,0.96406,0.69444,0.95000,0.73750,0.98359,0.70000,0.98750,0.70972,0.97422,0.73611,0.95859,0.78056,0.98906,0.75694,0.99531,0.76111,0.98594,0.77917,0.61482,0.83867,0.9997,0.76912,1.00000,0.8863,0.87296,0.80007,0.9928,0.79804,0.85087,0.86328,0.83750,122.45,0.9803,live,0.3549,0.3592,245.69,684.00
155698.647389,80.0,0.7871,3,3,0,0.85625,0.83611,0.84609,0.78194,0.86094,0.72917,0.89141,0.71528,0.92031,0.71250,0.89922,0.67639,0.91953,0.64306,0.92812,0.64861,0.92734,0.67639,0.92344,0.70139,0.95547,0.64861,0.95937,0.65833,0.95000,0.68889,0.93984,0.73611,0.97188,0.69583,0.97344,0.70139,0.95937,0.72639,0.94844,0.78056,0.98047,0.75556,0.98281,0.75417,0.96953,0.76806,0.61472,0.83857,0.9997,0.76809,1.00000,0.8840,0.87065,0.80232,0.9927,0.80968,0.84792,0.85625,0.83611,119.91,0.9809,live,0.3549,0.3549,244.28,688.25
155698.713828,80.0,0.8757,3,3,0,0.84609,0.82917,0.83594,0.77778,0.84922,0.72500,0.87813,0.70694,0.90547,0.69861,0.88438,0.67083,0.90234,0.63611,0.91016,0.64028,0.91094,0.66389,0.90938,0.69306,0.94063,0.64028,0.94375,0.64861,0.93359,0.67778,0.92578,0.72778,0.95937,0.68611,0.95937,0.69306,0.94453,0.71806,0.93516,0.77222,0.96797,0.74861,0.96797,0.74444,0.95312,0.75556,0.61498,0.83853,0.9997,0.76768,1.00000,0.8813,0.86680,0.80376,0.9929,0.81696,0.84417,0.84609,0.82917,117.53,0.9806,live,0.3549,0.3674,253.58,690.28
155698.780718,80.0,0.9649,3,3,0,0.82969,0.80556,0.81875,0.75139,0.82578,0.69722,0.85234,0.67778,0.87734,0.66944,0.86328,0.63750,0.87969,0.59722,0.88359,0.60278,0.88125,0.63194,0.88828,0.65417,0.91641,0.59861,0.91797,0.61250,0.90938,0.64583,0.90625,0.68750,0.93828,0.64167,0.93594,0.65556,0.92266,0.68194,0.91875,0.73194,0.94688,0.70417,0.94219,0.70694,0.92578,0.72361,0.61575,0.83856,0.9997,0.76839,1.00000,0.8829,0.85420,0.79590,0.9931,0.81951,0.83645,0.82969,0.80556,121.19,0.9844,live,0.3418,0.2821,195.95,694.71
155698.847533,80.0,0.0540,3,1,1,0.81094,0.74306,0.80000,0.69722,0.80234,0.64583,0.82109,0.61806,0.83984,0.58472,0.84141,0.56389,0.85703,0.51250,0.85938,0.53194,0.85781,0.56389,0.86094,0.58056,0.88281,0.52639,0.88047,0.55694,0.87500,0.58194,0.87578,0.60556,0.90000,0.56389,0.89375,0.58472,0.88359,0.60278,0.88594,0.64028,0.90859,0.60972,0.90156,0.62083,0.88984,0.63333,0.61603,0.83691,0.9997,0.76456,1.00000,0.8809,0.83248,0.73282,0.9934,0.81779,0.81777,0.81094,0.74306,117.14,0.9827,live,0.3208,0.2253,156.73,695.68
155698.914213,80.0,0.1429,3,1,1,0.76328,0.59306,0.74375,0.54583,0.74609,0.48889,0.76172,0.45000,0.77344,0.41806,0.77500,0.43472,0.78828,0.39167,0.78438,0.38750,0.77578,0.39722,0.79531,0.44306,0.81016,0.39167,0.80469,0.39583,0.79609,0.41111,0.81172,0.45972,0.82500,0.41111,0.81875,0.41806,0.81016,0.43611,0.82656,0.48611,0.83516,0.44583,0.82969,0.44722,0.82266,0.46111,0.61531,0.83620,0.9997,0.77272,0.95422,0.8880,0.79367,0.60018,0.9939,0.80689,0.77283,0.76328,0.59306,104.48,0.9542,live,0.2969,0.1880,129.23,687.42
155698.981192,80.0,0.2322,3,1,1,0.72031,0.46667,0.69766,0.42639,0.68906,0.37361,0.69531,0.33056,0.70469,0.30139,0.71406,0.32361,0.71484,0.28194,0.70703,0.26528,0.69844,0.25972,0.73203,0.32222,0.73750,0.27500,0.72969,0.25694,0.71875,0.25556,0.74844,0.33194,0.75391,0.28472,0.74687,0.26528,0.73672,0.26250,0.76328,0.35000,0.76875,0.30972,0.76328,0.29167,0.75469,0.28611,0.60951,0.83310,0.9997,0.77272,0.88218,0.8933,0.74749,0.47319,0.9943,0.78958,0.71159,0.72031,0.46667,93.65,0.9421,live,0.2782,0.1929,129.69,672.36
155699.047686,80.0,0.3208,3,1,1,0.70000,0.41389,0.67031,0.34444,0.66250,0.28472,0.66641,0.23750,0.66875,0.19861,0.68359,0.26389,0.67969,0.21806,0.67266,0.18889,0.66484,0.16111,0.69766,0.26250,0.69609,0.21806,0.68906,0.18472,0.67891,0.16250,0.71094,0.26667,0.71250,0.22500,0.70391,0.19306,0.69141,0.17778,0.72500,0.27917,0.72734,0.23889,0.72031,0.21389,0.70937,0.20139,0.60431,0.82572,0.9997,0.76676,0.81879,0.8991,0.70794,0.40151,0.9947,0.77166,0.65205,0.70000,0.41389,93.83,0.9419,live,0.2712,0.2395,157.92,659.24
155699.114745,80.0,0.4103,3,1,1,0.66875,0.35833,0.63516,0.29722,0.62891,0.24722,0.63203,0.20278,0.63281,0.16528,0.65000,0.21806,0.64453,0.17778,0.63438,0.15417,0.62500,0.13750,0.66016,0.21250,0.65547,0.16806,0.64453,0.14306,0.63281,0.12917,0.67109,0.21250,0.66875,0.16944,0.65703,0.14722,0.64297,0.14028,0.68359,0.21667,0.68203,0.17639,0.67344,0.15694,0.66250,0.15000,0.60002,0.81257,0.9997,0.74416,0.72903,0.9048,0.67200,0.33431,0.9951,0.75108,0.59331,0.66875,0.35833,89.04,0.9562,live,0.2797,0.3183,205.09,644.24
155699.181578,80.0,0.4994,3,1,1,0.64297,0.31667,0.61172,0.26111,0.60625,0.21944,0.60781,0.17917,0.60703,0.14861,0.62187,0.19028,0.61641,0.15833,0.60781,0.14167,0.59922,0.13333,0.63203,0.18333,0.62891,0.14306,0.61875,0.12778,0.60781,0.12500,0.64375,0.18194,0.64062,0.14167,0.63047,0.12500,0.61875,0.12361,0.65703,0.18611,0.65469,0.14861,0.64453,0.13333,0.63359,0.13056,0.59826,0.80412,0.9997,0.72721,0.68484,0.9103,0.65161,0.29357,0.9954,0.72946,0.53798,0.64297,0.31667,83.19,0.9675,live,0.3015,0.4007,251.17,626.82
155699.247881,80.0,0.5878,3,1,1,0.62969,0.29306,0.60000,0.25278,0.59375,0.21389,0.59609,0.17639,0.59766,0.14722,0.61172,0.19028,0.60703,0.15972,0.59844,0.14444,0.58984,0.13889,0.62187,0.18194,0.61797,0.14583,0.60938,0.13194,0.59922,0.13056,0.63281,0.17778,0.62969,0.14028,0.62109,0.12639,0.61094,0.12917,0.64609,0.17917,0.64375,0.14583,0.63594,0.13194,0.62578,0.13194,0.59845,0.79628,0.9996,0.72100,0.65441,0.9158,0.64076,0.27750,0.9956,0.70950,0.48900,0.62969,0.29306,71.87,0.9601,live,0.3343,0.4838,291.93,603.35
155699.314122,80.0,0.6761,3,1,1,0.62109,0.28333,0.59375,0.25000,0.58750,0.21528,0.58906,0.17917,0.58984,0.15000,0.60781,0.19167,0.60234,0.16389,0.59297,0.14722,0.58359,0.14028,0.61719,0.18333,0.61328,0.14861,0.60313,0.13333,0.59219,0.13056,0.62734,0.17917,0.62422,0.14167,0.61406,0.12778,0.60234,0.12778,0.63984,0.17778,0.63750,0.14583,0.62813,0.13194,0.61719,0.13056,0.58898,0.79424,0.9996,0.70978,0.67686,0.9205,0.63435,0.30530,0.9959,0.69182,0.44786,0.62109,0.28333,65.56,0.9836,live,0.3750,0.5604,324.02,578.15
155699.381202,80.0,0.7655,3,1,1,0.61406,0.28472,0.58750,0.25417,0.58125,0.21944,0.58437,0.18194,0.58672,0.15417,0.60234,0.19861,0.59609,0.17083,0.58750,0.15278,0.57891,0.14028,0.61328,0.19028,0.61016,0.15556,0.60156,0.13611,0.59141,0.12639,0.62422,0.18611,0.62266,0.14722,0.61328,0.12778,0.60234,0.12222,0.63750,0.18333,0.63516,0.15000,0.62578,0.13333,0.61406,0.13056,0.58939,0.79164,0.9996,0.70596,0.67010,0.9245,0.63128,0.29293,0.9961,0.67627,0.41523,0.61406,0.28472,64.26,0.9878,live,0.4184,0.6158,341.78,555.04
155699.447887,80.0,0.8544,3,1,1,0.60625,0.29444,0.58125,0.26389,0.57578,0.22639,0.57891,0.18889,0.58516,0.16111,0.60078,0.20694,0.59453,0.17778,0.58516,0.15556,0.57578,0.13889,0.61250,0.19722,0.61094,0.15833,0.60156,0.13333,0.59141,0.11944,0.62422,0.19444,0.62500,0.15000,0.61328,0.12917,0.60156,0.12361,0.63750,0.19583,0.63672,0.15694,0.62500,0.14028,0.61094,0.13750,0.58837,0.79186,0.9996,0.70665,0.68659,0.9274,0.63087,0.30720,0.9963,0.66227,0.39108,0.60625,0.29444,65.75,0.9872,live,0.4544,0.6185,331.39,535.78
155699.514639,80.0,0.9434,3,1,1,0.59844,0.33333,0.57500,0.30556,0.56875,0.25556,0.57188,0.21389,0.57812,0.17917,0.59609,0.22639,0.58984,0.19167,0.57812,0.16806,0.56641,0.15417,0.61016,0.21944,0.61172,0.17083,0.60156,0.14306,0.58984,0.13194,0.62187,0.22083,0.62500,0.16944,0.61250,0.14583,0.59922,0.14028,0.63359,0.22778,0.63516,0.18194,0.62344,0.16250,0.60938,0.15972,0.58394,0.79266,0.9996,0.70405,0.77853,0.9299,0.62956,0.34775,0.9966,0.64950,0.37953,0.59844,0.33333,74.19,0.9889,live,0.4751,0.5693,298.85,524.90
155699.581383,80.0,0.0324,3,2,0,0.58672,0.37917,0.56719,0.35833,0.55937,0.31111,0.56016,0.27083,0.56875,0.23611,0.58828,0.26111,0.58203,0.22083,0.56953,0.20417,0.55703,0.20000,0.60391,0.25833,0.60781,0.20278,0.59844,0.17639,0.58594,0.17222,0.61719,0.26806,0.62422,0.21111,0.61172,0.19444,0.59766,0.19861,0.63047,0.28750,0.63438,0.24167,0.62344,0.22639,0.60859,0.22778,0.57958,0.79431,0.9995,0.70036,0.87349,0.9293,0.62582,0.42058,0.9968,0.63694,0.37946,0.58672,0.37917,79.64,0.9960,live,0.4801,0.5031,261.26,519.25
155699.648049,80.0,0.1213,3,2,0,0.59453,0.56944,0.56719,0.52083,0.55312,0.45694,0.55312,0.40972,0.56016,0.37083,0.58281,0.39306,0.57891,0.33750,0.56641,0.31806,0.55469,0.31389,0.60313,0.39167,0.60703,0.31944,0.59453,0.29444,0.58125,0.29444,0.62187,0.40694,0.62969,0.33194,0.61719,0.32361,0.60391,0.33472,0.63906,0.43472,0.64453,0.37778,0.63281,0.37361,0.62031,0.38889,0.57970,0.79773,0.9995,0.69731,0.94692,0.9294,0.61724,0.55391,0.9970,0.62846,0.41745,0.59453,0.56944,111.72,0.9832,live,0.4674,0.4091,219.87,537.38
155699.714659,80.0,0.2101,3,2,0,0.59609,0.71944,0.57266,0.69306,0.55547,0.64444,0.54844,0.60833,0.56016,0.58194,0.58516,0.55417,0.58828,0.50000,0.57344,0.50556,0.56563,0.53333,0.60859,0.55972,0.61953,0.48333,0.60078,0.48611,0.58828,0.50972,0.62969,0.58333,0.64062,0.51944,0.61875,0.53889,0.60625,0.56667,0.64766,0.62361,0.65625,0.58472,0.63984,0.59306,0.62969,0.61389,0.58392,0.81428,0.9995,0.69400,1.00000,0.9230,0.61933,0.71167,0.9972,0.62199,0.47785,0.59609,0.71944,106.44,0.9976,live,0.4572,0.4110,225.86,549.53
155699.781362,80.0,0.2991,3,2,0,0.61172,0.65000,0.58594,0.67083,0.56094,0.69028,0.55234,0.73194,0.55703,0.77778,0.58359,0.64167,0.58672,0.67361,0.58203,0.71528,0.57734,0.74306,0.61250,0.64722,0.62187,0.64861,0.61016,0.70278,0.59844,0.74861,0.63828,0.66111,0.64844,0.67361,0.63359,0.73472,0.62031,0.77778,0.65938,0.68194,0.67031,0.71528,0.66250,0.75694,0.65312,0.78333,0.59406,0.81168,0.9995,0.69362,1.00000,0.9114,0.62689,0.86795,0.9966,0.61993,0.51228,0.61172,0.65000,51.29,0.9956,live,0.4374,0.3473,180.78,520.51
155699.847864,80.0,0.3877,3,2,0,0.61797,0.88056,0.59609,0.86667,0.57578,0.82500,0.56172,0.83056,0.56563,0.85417,0.59766,0.76250,0.59219,0.75000,0.57656,0.80694,0.56484,0.85000,0.62500,0.78750,0.63359,0.74167,0.61328,0.80278,0.59688,0.85278,0.65078,0.82361,0.66563,0.79028,0.63984,0.85694,0.61953,0.90139,0.67266,0.86528,0.68437,0.86250,0.66484,0.91111,0.64844,0.94167,0.60771,0.81158,0.9995,0.69437,1.00000,0.9048,0.62972,0.95705,0.9955,0.61954,0.58594,0.61797,0.88056,87.14,0.9968,live,0.4237,0.3611,188.05,520.79
155699.914588,80.0,0.4767,3,2,0,0.61016,0.95694,0.58437,0.92778,0.56406,0.88611,0.55859,0.86806,0.57344,0.85694,0.59688,0.78056,0.59141,0.74306,0.57578,0.79028,0.56328,0.83611,0.62656,0.79861,0.62969,0.74306,0.60859,0.79722,0.59375,0.84444,0.65156,0.83472,0.66016,0.79028,0.63516,0.84444,0.61406,0.88611,0.67266,0.88194,0.68047,0.85972,0.66016,0.89444,0.63984,0.92083,0.60623,0.81145,0.9995,0.68979,1.00000,0.8978,0.63345,0.95851,0.9947,0.61766,0.66014,0.61016,0.95694,115.49,0.9932,live,0.4191,0.3981,215.56,541.45
155699.981472,80.0,0.5659,3,2,0,0.60859,0.92500,0.58125,0.89583,0.56094,0.85278,0.55703,0.83056,0.57344,0.82083,0.59531,0.75139,0.58984,0.70833,0.57266,0.74722,0.56094,0.78750,0.62422,0.76528,0.62734,0.70556,0.60469,0.75000,0.58984,0.79444,0.64766,0.79722,0.65391,0.74861,0.63047,0.79444,0.61328,0.83056,0.66953,0.84306,0.67500,0.81667,0.65625,0.84306,0.63906,0.86528,0.60700,0.81423,0.9995,0.69245,1.00000,0.9019,0.63632,0.92094,0.9948,0.61585,0.71311,0.60859,0.92500,114.09,0.9948,live,0.4191,0.4430,247.47,558.62
155700.048627,80.0,0.6554,3,2,0,0.60391,0.89028,0.57578,0.85694,0.55547,0.81111,0.55312,0.78194,0.57031,0.76667,0.58828,0.70972,0.58359,0.66111,0.56719,0.69722,0.55703,0.73611,0.61641,0.72222,0.61875,0.65972,0.59766,0.70694,0.58437,0.75000,0.64062,0.75139,0.64609,0.69722,0.62344,0.74306,0.60781,0.77778,0.66250,0.79306,0.66953,0.76250,0.65000,0.78750,0.63281,0.80972,0.60680,0.81779,0.9995,0.69258,1.00000,0.8965,0.63616,0.90149,0.9947,0.61346,0.74854,0.60391,0.89028,117.13,0.9954,live,0.4279,0.4683,269.72,575.92
155700.115163,80.0,0.7441,3,2,0,0.59766,0.85000,0.56953,0.81528,0.55000,0.76667,0.54297,0.73194,0.55469,0.70833,0.57891,0.66944,0.57266,0.61806,0.55703,0.64861,0.54844,0.68472,0.60547,0.68056,0.60625,0.61389,0.58437,0.65833,0.57266,0.70000,0.62891,0.70833,0.63359,0.65000,0.60859,0.69167,0.59375,0.72639,0.65078,0.75000,0.65625,0.71250,0.63594,0.73333,0.61875,0.75417,0.60407,0.81782,0.9996,0.70220,1.00000,0.8963,0.63240,0.87529,0.9948,0.61030,0.76884,0.59766,0.85000,115.60,0.9966,live,0.4371,0.4786,282.42,590.04
155700.181619,80.0,0.8328,3,2,0,0.58750,0.80972,0.55859,0.77500,0.53828,0.72361,0.53047,0.68750,0.53984,0.65833,0.56719,0.63056,0.55937,0.57500,0.53984,0.59306,0.52734,0.62083,0.58984,0.63889,0.58672,0.56806,0.56250,0.59722,0.54766,0.63194,0.61172,0.66389,0.61250,0.60000,0.58672,0.63333,0.57109,0.66667,0.63281,0.70000,0.63594,0.65694,0.61484,0.67361,0.59922,0.69583,0.60212,0.81776,0.9996,0.70209,1.00000,0.8991,0.61577,0.82198,0.9951,0.60574,0.77701,0.58750,0.80972,112.60,0.9965,live,0.4371,0.4340,260.51,600.31
155700.248162,80.0,0.9215,3,2,0,0.57812,0.77222,0.55000,0.73889,0.52891,0.68472,0.51797,0.64583,0.52344,0.60833,0.55391,0.60139,0.54531,0.53889,0.52656,0.55278,0.51406,0.58056,0.57500,0.60556,0.57109,0.52639,0.54609,0.55139,0.53281,0.58889,0.59609,0.62500,0.59453,0.55278,0.56797,0.58472,0.55312,0.62083,0.61719,0.65694,0.61562,0.60556,0.59453,0.62361,0.57969,0.65000,0.60005,0.82072,0.9996,0.69738,1.00000,0.9016,0.59833,0.74810,0.9952,0.60022,0.77605,0.57812,0.77222,108.54,0.9976,live,0.4229,0.3582,217.19,606.42
155700.314734,80.0,0.0102,3,3,0,0.58281,0.75278,0.55547,0.71667,0.53359,0.66250,0.52500,0.62083,0.53047,0.58333,0.56016,0.57917,0.55312,0.51528,0.53047,0.52639,0.51406,0.54861,0.58047,0.58472,0.57578,0.50417,0.55000,0.52639,0.53516,0.55833,0.60078,0.60278,0.60078,0.52778,0.57578,0.55417,0.56094,0.58750,0.62187,0.63333,0.62031,0.57917,0.60000,0.59444,0.58516,0.62083,0.59995,0.82068,0.9996,0.69738,1.00000,0.9080,0.59734,0.73301,0.9956,0.59674,0.77140,0.58281,0.75278,109.23,0.9974,live,0.4035,0.3151,192.91,612.30
