timestamp,bpm,beat_phase,meter_beats,beat_in_bar,is_downbeat,lm_0_x,lm_0_y,lm_1_x,lm_1_y,lm_2_x,lm_2_y,lm_3_x,lm_3_y,lm_4_x,lm_4_y,lm_5_x,lm_5_y,lm_6_x,lm_6_y,lm_7_x,lm_7_y,lm_8_x,lm_8_y,lm_9_x,lm_9_y,lm_10_x,lm_10_y,lm_11_x,lm_11_y,lm_12_x,lm_12_y,lm_13_x,lm_13_y,lm_14_x,lm_14_y,lm_15_x,lm_15_y,lm_16_x,lm_16_y,lm_17_x,lm_17_y,lm_18_x,lm_18_y,lm_19_x,lm_19_y,lm_20_x,lm_20_y,right_shoulder_x,right_shoulder_y,right_shoulder_conf,right_elbow_x,right_elbow_y,right_elbow_conf,right_wrist_x,right_wrist_y,right_wrist_conf,wrist_x,wrist_y,raw_wrist_x,raw_wrist_y,hand_scale_px,confidence,tracking_mode,dynamics_intensity,dynamics_raw_intensity,dynamics_span_px,dynamics_reference_span_px
156055.042107,100.0,0.0482,2,1,1,0.71797,0.35417,0.68125,0.32500,0.65938,0.27361,0.65625,0.22083,0.65625,0.17639,0.68437,0.19861,0.67578,0.14861,0.67031,0.11806,0.66563,0.09167,0.70703,0.18611,0.70469,0.12778,0.70000,0.09306,0.69375,0.06250,0.72813,0.18889,0.73047,0.13333,0.72734,0.10000,0.72109,0.06944,0.74844,0.20556,0.75469,0.16111,0.75391,0.13472,0.74922,0.10972,0.64499,0.76637,0.9998,0.85821,0.77274,0.9575,0.74492,0.34794,0.9967,0.72498,0.41394,0.71797,0.35417,109.45,0.9508,live,0.3292,0.3456,219.43,634.92
156055.108786,100.0,0.1593,2,1,1,0.70312,0.42639,0.67031,0.40972,0.64609,0.36250,0.63828,0.32222,0.63750,0.28750,0.67109,0.28333,0.66094,0.23194,0.65156,0.20972,0.64297,0.20000,0.69375,0.27361,0.69297,0.21111,0.68672,0.18333,0.67891,0.17639,0.71562,0.28194,0.71719,0.22639,0.71328,0.20278,0.70547,0.20000,0.73828,0.30278,0.74844,0.25417,0.74687,0.22917,0.74062,0.22083,0.64506,0.76648,0.9998,0.85460,0.80199,0.9562,0.74123,0.43438,0.9966,0.72061,0.41643,0.70312,0.42639,102.09,0.9706,live,0.3235,0.2973,187.97,632.24
156055.175724,100.0,0.2709,2,1,1,0.70312,0.58611,0.67031,0.56806,0.64375,0.53194,0.62891,0.50972,0.62109,0.48611,0.66016,0.45833,0.65312,0.40139,0.63828,0.39861,0.62813,0.40972,0.68281,0.45972,0.68125,0.38750,0.66797,0.39861,0.66094,0.42917,0.70547,0.47222,0.70859,0.40833,0.69531,0.42639,0.68672,0.45556,0.72813,0.49861,0.73672,0.45694,0.72891,0.46528,0.72188,0.48472,0.64510,0.76596,0.9998,0.85330,0.87604,0.9552,0.73307,0.55684,0.9967,0.71711,0.45037,0.70312,0.58611,91.05,0.9905,live,0.3095,0.2460,152.99,621.92
156055.242477,100.0,0.3821,2,1,1,0.69609,0.69444,0.66406,0.69167,0.63828,0.67917,0.62031,0.67917,0.60781,0.68333,0.65859,0.59306,0.63438,0.59028,0.61875,0.62083,0.60781,0.65417,0.68672,0.60139,0.66719,0.59722,0.64844,0.63611,0.63594,0.67778,0.71094,0.62778,0.70156,0.62639,0.68828,0.66389,0.67734,0.70139,0.72969,0.66528,0.73125,0.67917,0.72500,0.70972,0.71875,0.73611,0.64233,0.75435,0.9998,0.85787,0.89694,0.9561,0.72700,0.66033,0.9965,0.71291,0.49918,0.69609,0.69444,77.02,0.9929,live,0.2890,0.1957,117.93,602.75
156055.308931,100.0,0.4929,2,1,1,0.68047,0.72639,0.65000,0.72361,0.62813,0.72500,0.61797,0.74583,0.61172,0.77500,0.64922,0.67500,0.62969,0.70833,0.61875,0.75694,0.60859,0.79583,0.67969,0.68611,0.66250,0.73194,0.64922,0.78750,0.63594,0.83194,0.70625,0.70694,0.69609,0.75556,0.68984,0.80556,0.68281,0.84028,0.72734,0.73194,0.72656,0.76389,0.72500,0.79583,0.72188,0.81667,0.63989,0.75533,0.9998,0.87436,0.92150,0.9579,0.72200,0.76657,0.9963,0.70642,0.54462,0.68047,0.72639,62.93,0.9856,live,0.2675,0.1696,97.63,575.73
156055.375982,100.0,0.6046,2,1,1,0.69141,0.80972,0.66563,0.80139,0.63984,0.80556,0.62422,0.82917,0.61484,0.85694,0.65312,0.74028,0.62656,0.78472,0.61250,0.83333,0.60156,0.87083,0.68047,0.74861,0.65781,0.80833,0.64219,0.86667,0.62891,0.91250,0.70547,0.77083,0.69141,0.83611,0.68125,0.89583,0.67266,0.93750,0.72500,0.80000,0.72109,0.84167,0.71875,0.88056,0.71562,0.90556,0.63545,0.75967,0.9998,0.87704,0.93442,0.9595,0.72246,0.83766,0.9958,0.70342,0.59764,0.69141,0.80972,65.32,0.9945,live,0.2675,0.2449,135.60,553.68
156055.442670,100.0,0.7158,2,1,1,0.70000,0.85417,0.66406,0.85833,0.63984,0.85972,0.62734,0.88056,0.61719,0.90972,0.65078,0.77083,0.62344,0.80139,0.60859,0.84167,0.59766,0.88194,0.67812,0.77778,0.65703,0.81667,0.64062,0.87083,0.62734,0.91667,0.70312,0.80417,0.69297,0.84861,0.67891,0.91111,0.66641,0.95556,0.72344,0.84028,0.71953,0.89306,0.71406,0.93889,0.70703,0.96806,0.63737,0.76384,0.9998,0.87626,0.96371,0.9612,0.72107,0.87218,0.9953,0.70273,0.64895,0.70000,0.85417,71.48,0.9981,live,0.2768,0.3193,171.98,538.70
156055.508888,100.0,0.8261,2,1,1,0.71406,0.86944,0.67656,0.87222,0.65000,0.87083,0.63438,0.88750,0.62656,0.90972,0.65703,0.77639,0.62734,0.79861,0.61094,0.83472,0.59766,0.86944,0.68359,0.78333,0.65781,0.80833,0.63984,0.86111,0.62578,0.90556,0.70781,0.81389,0.69531,0.84583,0.67812,0.90694,0.66406,0.95278,0.72891,0.85417,0.72344,0.90139,0.71484,0.94861,0.70625,0.97778,0.63692,0.77587,0.9998,0.87157,0.97912,0.9627,0.72135,0.86617,0.9952,0.70500,0.69305,0.71406,0.86944,75.50,0.9991,live,0.2963,0.3847,203.29,528.42
156055.575888,100.0,0.9378,2,1,1,0.72188,0.86667,0.67734,0.86944,0.64609,0.85972,0.62656,0.86389,0.61484,0.87778,0.66328,0.76806,0.63438,0.79028,0.61797,0.82500,0.60391,0.86250,0.68984,0.78194,0.66641,0.80556,0.64844,0.85694,0.63359,0.90000,0.71484,0.81250,0.70078,0.84444,0.68359,0.90278,0.66875,0.94861,0.73438,0.85417,0.72891,0.89583,0.72109,0.93889,0.71016,0.96667,0.63894,0.77658,0.9998,0.86946,0.99751,0.9625,0.72147,0.87966,0.9944,0.70838,0.72777,0.72188,0.86667,76.31,0.9986,live,0.3218,0.4380,227.75,519.95
156055.642650,100.0,0.0491,2,2,0,0.71875,0.84722,0.67734,0.83750,0.64844,0.81944,0.62969,0.81944,0.61875,0.83056,0.66641,0.72639,0.63984,0.74583,0.62422,0.78333,0.61094,0.82083,0.69297,0.73889,0.67578,0.75694,0.65859,0.80417,0.64531,0.84583,0.71953,0.77083,0.71250,0.79583,0.69688,0.85000,0.68359,0.89583,0.74062,0.81389,0.73984,0.84306,0.73281,0.88611,0.72422,0.91667,0.64737,0.77670,0.9998,0.86017,0.99087,0.9613,0.72366,0.85401,0.9941,0.71045,0.75166,0.71875,0.84722,86.34,0.9953,live,0.3478,0.4665,242.45,519.72
156055.709018,100.0,0.1597,2,2,0,0.71406,0.72639,0.68281,0.71528,0.65547,0.68750,0.63594,0.67917,0.62500,0.68056,0.67188,0.61806,0.64531,0.60556,0.63125,0.64306,0.62344,0.67778,0.69766,0.62361,0.67891,0.60278,0.66328,0.64583,0.65391,0.69028,0.72344,0.64167,0.71797,0.61944,0.70234,0.66389,0.69063,0.70417,0.74766,0.66806,0.75547,0.66667,0.74766,0.70278,0.73984,0.73194,0.63876,0.78016,0.9998,0.84487,0.97034,0.9614,0.72377,0.71711,0.9944,0.71117,0.74661,0.71406,0.72639,83.84,0.9607,live,0.3609,0.4205,217.71,517.72
156055.776181,100.0,0.2716,2,2,0,0.71094,0.55694,0.67891,0.53056,0.65391,0.49306,0.64141,0.46389,0.64297,0.43194,0.67734,0.40972,0.67578,0.34306,0.66172,0.34444,0.65391,0.36806,0.70078,0.41250,0.70312,0.34444,0.68906,0.35833,0.68203,0.39028,0.72266,0.42917,0.72813,0.36806,0.71562,0.38056,0.70781,0.40833,0.74297,0.45694,0.75313,0.42083,0.74687,0.41667,0.74297,0.42639,0.63666,0.79435,0.9998,0.81543,0.89983,0.9611,0.72574,0.55239,0.9948,0.71113,0.70867,0.71094,0.55694,98.17,0.9738,live,0.3609,0.3463,182.25,526.28
156055.842878,100.0,0.3828,2,2,0,0.69844,0.40139,0.66797,0.36667,0.65000,0.31250,0.64609,0.26944,0.64922,0.23333,0.67656,0.24444,0.67266,0.19306,0.66563,0.16806,0.65547,0.16111,0.70000,0.24028,0.70234,0.18333,0.69766,0.15417,0.68828,0.14722,0.72109,0.25278,0.72813,0.19722,0.72656,0.17083,0.71875,0.16111,0.73906,0.27778,0.75000,0.23889,0.75156,0.21667,0.74609,0.20417,0.63539,0.80107,0.9998,0.80644,0.80374,0.9623,0.72358,0.42101,0.9952,0.70859,0.64722,0.69844,0.40139,104.76,0.9877,live,0.3459,0.2775,149.46,538.55
156055.909659,100.0,0.4941,2,2,0,0.69141,0.34306,0.66016,0.28472,0.64687,0.23056,0.64766,0.18056,0.64766,0.13889,0.67422,0.17222,0.66719,0.13056,0.66172,0.10000,0.65625,0.06944,0.69375,0.16667,0.69453,0.11806,0.68984,0.08333,0.68516,0.05139,0.71094,0.17222,0.71641,0.12778,0.71328,0.09444,0.70859,0.06667,0.72656,0.19167,0.73516,0.15139,0.73516,0.12500,0.73203,0.09861,0.63472,0.80111,0.9998,0.78718,0.73520,0.9633,0.71571,0.32741,0.9956,0.70515,0.58638,0.69141,0.34306,109.59,0.9708,live,0.3225,0.2161,119.49,552.83
156055.976286,100.0,0.6051,2,2,0,0.68594,0.31667,0.65391,0.26111,0.64297,0.20556,0.64297,0.15694,0.64141,0.11667,0.66563,0.16667,0.66094,0.12639,0.65859,0.10278,0.65625,0.07778,0.68359,0.15972,0.68359,0.11806,0.68359,0.09167,0.68203,0.06806,0.70078,0.16250,0.70312,0.12222,0.70312,0.09167,0.70234,0.06389,0.71641,0.17361,0.72031,0.13194,0.72109,0.10556,0.72031,0.08056,0.63474,0.80107,0.9998,0.78025,0.69745,0.9632,0.70720,0.28821,0.9958,0.70131,0.53244,0.68594,0.31667,99.86,0.9671,live,0.3155,0.2836,158.34,558.39
156056.043036,100.0,0.7164,2,2,0,0.67734,0.28194,0.64687,0.24722,0.63359,0.19444,0.63281,0.14583,0.63281,0.10694,0.65703,0.13750,0.65078,0.09444,0.64375,0.06944,0.63672,0.04444,0.67656,0.12778,0.67500,0.07778,0.66875,0.05000,0.65938,0.02778,0.69375,0.13056,0.69688,0.08194,0.69219,0.05417,0.68359,0.03194,0.70937,0.14444,0.71562,0.10417,0.71328,0.07917,0.70703,0.05556,0.63533,0.80091,0.9997,0.77108,0.67659,0.9630,0.69668,0.26166,0.9960,0.69652,0.48234,0.67734,0.28194,98.14,0.9816,live,0.3211,0.3466,194.82,562.04
156056.109453,100.0,0.8271,2,2,0,0.67578,0.29028,0.64375,0.25694,0.63047,0.20694,0.62891,0.15972,0.62891,0.12083,0.65547,0.15278,0.64766,0.11250,0.63984,0.08750,0.63203,0.06667,0.67344,0.14444,0.67031,0.09583,0.66250,0.06667,0.65234,0.04722,0.68984,0.14583,0.69141,0.09861,0.68516,0.07083,0.67500,0.05000,0.70547,0.15833,0.71016,0.11944,0.70703,0.09444,0.70000,0.07222,0.63530,0.80077,0.9997,0.77062,0.68283,0.9633,0.69686,0.27309,0.9963,0.69237,0.44393,0.67578,0.29028,93.46,0.9767,live,0.3347,0.3966,222.87,561.89
156056.175963,100.0,0.9379,2,2,0,0.67344,0.30972,0.64219,0.27778,0.62813,0.22778,0.62734,0.18194,0.62656,0.14444,0.65312,0.17361,0.64531,0.13333,0.63672,0.10972,0.62813,0.09028,0.67109,0.16528,0.66719,0.11806,0.65938,0.09028,0.64844,0.07222,0.68672,0.16806,0.68906,0.12083,0.68281,0.09306,0.67266,0.07361,0.70234,0.18056,0.70781,0.14167,0.70391,0.11806,0.69609,0.09861,0.63328,0.80148,0.9997,0.77142,0.69935,0.9633,0.69597,0.29239,0.9965,0.68858,0.41709,0.67344,0.30972,92.18,0.9758,live,0.3523,0.4326,242.62,560.83
156056.242731,100.0,0.0492,2,1,1,0.66953,0.34444,0.64062,0.31528,0.62500,0.26944,0.62187,0.22639,0.62187,0.19028,0.64844,0.20972,0.64062,0.16944,0.63281,0.14722,0.62344,0.12917,0.66719,0.20139,0.66328,0.15417,0.65547,0.12778,0.64609,0.10833,0.68437,0.20556,0.68516,0.15833,0.67969,0.13194,0.67109,0.11389,0.70078,0.22083,0.70547,0.18056,0.70234,0.15833,0.69453,0.14167,0.63329,0.80141,0.9997,0.77118,0.72063,0.9632,0.69633,0.30225,0.9967,0.68477,0.40256,0.66953,0.34444,92.20,0.9854,live,0.3693,0.4465,250.01,559.91
156056.309308,100.0,0.1602,2,1,1,0.66328,0.40278,0.63594,0.38472,0.61641,0.34583,0.61094,0.30972,0.61172,0.27778,0.64141,0.28611,0.63125,0.24167,0.62109,0.22639,0.61250,0.22083,0.65938,0.27778,0.65703,0.22361,0.64766,0.20278,0.63672,0.19861,0.67734,0.28611,0.67891,0.23889,0.67188,0.21667,0.66250,0.21111,0.69453,0.30694,0.70078,0.26667,0.69688,0.24722,0.68906,0.24028,0.63304,0.80610,0.9997,0.77897,0.79410,0.9611,0.69472,0.41499,0.9969,0.68047,0.40260,0.66328,0.40278,82.02,0.9795,live,0.3758,0.4057,223.87,551.78
156056.376364,100.0,0.2719,2,1,1,0.66875,0.58889,0.63750,0.56667,0.61172,0.52778,0.59844,0.49444,0.59609,0.46111,0.63203,0.46250,0.62422,0.41667,0.61094,0.40556,0.60000,0.41111,0.65234,0.45694,0.64609,0.40417,0.63281,0.40694,0.62422,0.42500,0.67266,0.46528,0.66953,0.41250,0.65781,0.42500,0.65078,0.44861,0.69375,0.48472,0.69531,0.44583,0.68594,0.45139,0.67891,0.46667,0.63304,0.81092,0.9997,0.78571,0.90208,0.9577,0.68758,0.55628,0.9969,0.67813,0.43986,0.66875,0.58889,90.46,0.9811,live,0.3672,0.3276,180.42,550.70
156056.443334,100.0,0.3835,2,1,1,0.67031,0.78194,0.64062,0.77500,0.61797,0.77083,0.60391,0.78194,0.59766,0.80278,0.63438,0.66528,0.61562,0.69861,0.60547,0.74861,0.60000,0.78889,0.66563,0.67500,0.65156,0.70278,0.64062,0.75694,0.63203,0.80278,0.69219,0.70694,0.68672,0.73333,0.67734,0.78333,0.66875,0.82500,0.71094,0.75000,0.71250,0.77778,0.70781,0.81528,0.70391,0.84444,0.63559,0.79402,0.9997,0.80801,0.97131,0.9572,0.69347,0.77255,0.9965,0.67657,0.50828,0.67031,0.78194,86.32,0.9976,live,0.3463,0.2511,137.32,546.77
156056.509658,100.0,0.4941,2,1,1,0.69063,0.89583,0.65312,0.89861,0.62813,0.89722,0.61172,0.91250,0.59922,0.93750,0.64141,0.81806,0.61719,0.84722,0.60547,0.89028,0.59609,0.93056,0.66953,0.82500,0.65547,0.85694,0.64219,0.90972,0.62969,0.95694,0.69531,0.85139,0.69141,0.88611,0.67969,0.94167,0.66797,0.98750,0.71562,0.88889,0.71719,0.92639,0.71484,0.96250,0.71094,0.98889,0.63437,0.81267,0.9997,0.80683,0.96855,0.9583,0.69466,0.90771,0.9956,0.67938,0.58579,0.69063,0.89583,70.55,0.9922,live,0.3304,0.2581,137.32,531.95
156056.576311,100.0,0.6052,2,1,1,0.69063,0.93889,0.65625,0.93889,0.63125,0.93611,0.61328,0.95278,0.59844,0.97639,0.64141,0.85278,0.61172,0.88194,0.59688,0.92083,0.58516,0.95972,0.66797,0.86389,0.64766,0.88611,0.63125,0.93750,0.61875,0.98472,0.69297,0.89444,0.68359,0.92083,0.67031,0.97083,0.65859,0.99861,0.71328,0.93611,0.71328,0.96667,0.70781,0.99861,0.70156,0.99861,0.63390,0.82286,0.9997,0.79957,0.98356,0.9581,0.68846,0.93544,0.9948,0.68163,0.65641,0.69063,0.93889,72.15,0.9933,live,0.3304,0.3549,184.55,520.07
156056.643114,100.0,0.7165,2,1,1,0.68672,0.95417,0.65391,0.95278,0.62734,0.94306,0.60781,0.95000,0.59141,0.96389,0.63672,0.85972,0.60859,0.88194,0.59453,0.92083,0.58125,0.95972,0.66484,0.86944,0.64141,0.88056,0.62187,0.93611,0.60547,0.98472,0.69141,0.90000,0.67656,0.91528,0.66016,0.96389,0.64687,0.99861,0.71172,0.94306,0.71016,0.98194,0.70469,0.99861,0.69844,0.99861,0.63213,0.83671,0.9997,0.80179,1.00000,0.9570,0.68239,0.94281,0.9939,0.68265,0.71596,0.68672,0.95417,76.67,0.9979,live,0.3505,0.4417,226.55,512.86
156056.709562,100.0,0.8273,2,1,1,0.67656,0.95000,0.64453,0.95000,0.62109,0.94444,0.60234,0.94861,0.58594,0.95556,0.63438,0.85000,0.60938,0.87500,0.59688,0.91667,0.58672,0.95556,0.66250,0.86111,0.64687,0.88194,0.63125,0.93750,0.61953,0.98472,0.68828,0.89444,0.68281,0.91528,0.66875,0.96944,0.65859,0.99861,0.70859,0.93889,0.70937,0.98194,0.70625,0.99861,0.70312,0.99861,0.63209,0.83591,0.9997,0.81113,1.00000,0.9574,0.68798,0.93140,0.9934,0.68143,0.76277,0.67656,0.95000,78.20,0.9983,live,0.3795,0.5118,259.81,507.62
156056.776618,100.0,0.9390,2,1,1,0.67891,0.93611,0.64766,0.93194,0.62344,0.92778,0.60625,0.93750,0.59375,0.95417,0.63750,0.82778,0.61406,0.85833,0.60000,0.89722,0.58984,0.93611,0.66719,0.83889,0.65078,0.87222,0.63359,0.93056,0.62109,0.97639,0.69297,0.87083,0.68594,0.90278,0.66953,0.96111,0.65781,0.99861,0.71328,0.91528,0.71172,0.95694,0.70391,0.99861,0.69766,0.99861,0.63268,0.83517,0.9997,0.79864,1.00000,0.9579,0.69206,0.92368,0.9929,0.68092,0.79744,0.67891,0.93611,82.01,0.9992,live,0.4124,0.5625,284.51,505.76
156056.843498,100.0,0.0505,2,2,0,0.70000,0.91250,0.66250,0.88611,0.63438,0.87083,0.61094,0.86944,0.59609,0.88056,0.64219,0.76528,0.61797,0.78611,0.60391,0.82639,0.59375,0.86806,0.67109,0.77222,0.65234,0.79306,0.63750,0.84028,0.62578,0.88750,0.69688,0.80139,0.68828,0.82639,0.67344,0.87361,0.66094,0.91806,0.71797,0.84444,0.71641,0.87500,0.70859,0.91528,0.70234,0.94722,0.63323,0.82467,0.9997,0.80951,1.00000,0.9594,0.69220,0.90973,0.9926,0.68474,0.82045,0.70000,0.91250,100.87,0.9978,live,0.4429,0.5815,301.03,517.69
156056.909826,100.0,0.1610,2,2,0,0.67109,0.73056,0.67422,0.71806,0.67031,0.70000,0.65703,0.69167,0.64453,0.68750,0.65859,0.62500,0.63750,0.61250,0.62734,0.65278,0.62500,0.68611,0.65078,0.62222,0.62813,0.62222,0.62109,0.67083,0.62266,0.70972,0.64609,0.62639,0.62813,0.62778,0.62266,0.66528,0.62266,0.69861,0.64531,0.63472,0.63359,0.63611,0.63125,0.66667,0.63281,0.69167,0.63309,0.82338,0.9997,0.80908,1.00000,0.9596,0.69174,0.73827,0.9929,0.68201,0.80247,0.67109,0.73056,63.69,0.6320,live,0.4616,0.5469,274.22,501.42
156056.976741,100.0,0.2726,2,2,0,0.66953,0.57222,0.63984,0.55000,0.61641,0.51806,0.60391,0.49583,0.60078,0.47083,0.63438,0.43889,0.62891,0.39306,0.61562,0.38889,0.60625,0.40000,0.65781,0.43472,0.65547,0.37917,0.64297,0.38750,0.63438,0.41250,0.68047,0.44444,0.68047,0.39028,0.67031,0.40556,0.66484,0.43472,0.70234,0.46667,0.70234,0.43472,0.69375,0.44444,0.68984,0.46528,0.63262,0.82184,0.9997,0.79063,0.94249,0.9566,0.69164,0.57916,0.9934,0.67951,0.75642,0.66953,0.57222,95.56,0.9837,live,0.4616,0.4411,225.01,510.06
156057.043447,100.0,0.3837,2,2,0,0.66094,0.42778,0.62891,0.40278,0.60781,0.35833,0.59844,0.32083,0.59922,0.28750,0.62969,0.28611,0.62109,0.23472,0.61250,0.21111,0.60313,0.20556,0.65234,0.27778,0.65078,0.21944,0.64375,0.19583,0.63359,0.19583,0.67344,0.28750,0.67656,0.22917,0.67109,0.20694,0.66250,0.20556,0.69219,0.30833,0.69922,0.26389,0.69609,0.25278,0.68984,0.25833,0.62439,0.82164,0.9997,0.75866,0.81268,0.9560,0.68618,0.45288,0.9939,0.67580,0.69069,0.66094,0.42778,98.64,0.9766,live,0.4371,0.3257,169.34,519.87
156057.109725,100.0,0.4942,2,2,0,0.65703,0.36944,0.62344,0.31389,0.60625,0.26389,0.60234,0.21806,0.60156,0.17778,0.63047,0.20417,0.62109,0.16250,0.61562,0.13472,0.61094,0.10556,0.65000,0.19861,0.64922,0.15417,0.64687,0.12222,0.64297,0.09306,0.66797,0.20556,0.67188,0.16528,0.66953,0.13472,0.66484,0.10833,0.68437,0.22500,0.69219,0.18889,0.69297,0.16389,0.69063,0.14167,0.61927,0.81229,0.9997,0.74176,0.74690,0.9577,0.67693,0.34522,0.9944,0.67205,0.62644,0.65703,0.36944,106.86,0.9726,live,0.4058,0.2631,140.63,534.43
156057.176489,100.0,0.6055,2,2,0,0.65391,0.32222,0.62109,0.26667,0.60547,0.21806,0.60234,0.17222,0.60078,0.13194,0.62734,0.15000,0.61875,0.10833,0.61172,0.08056,0.60547,0.05278,0.64766,0.14167,0.64609,0.09583,0.64141,0.06528,0.63438,0.03889,0.66563,0.14861,0.66953,0.10417,0.66719,0.07500,0.66016,0.05000,0.68203,0.16944,0.69141,0.13056,0.69219,0.10556,0.68672,0.08333,0.61871,0.80228,0.9997,0.74100,0.68876,0.9599,0.67225,0.30335,0.9949,0.66842,0.56560,0.65391,0.32222,111.49,0.9605,live,0.3932,0.3354,184.68,550.57
156057.244011,100.0,0.7180,2,2,0,0.65234,0.28333,0.61875,0.24444,0.60234,0.19861,0.60000,0.15556,0.59844,0.11528,0.62578,0.12222,0.61797,0.08194,0.61094,0.05694,0.60313,0.03333,0.64687,0.11667,0.64609,0.06667,0.64062,0.03750,0.63281,0.01528,0.66484,0.12500,0.67031,0.07778,0.66641,0.05139,0.65859,0.03194,0.68203,0.14583,0.69141,0.10833,0.69063,0.08472,0.68437,0.06389,0.61785,0.79017,0.9997,0.73363,0.67001,0.9607,0.66844,0.26650,0.9952,0.66520,0.50915,0.65234,0.28333,105.28,0.9777,live,0.3932,0.4025,225.53,560.30
156057.310047,100.0,0.8281,2,2,0,0.65156,0.28056,0.61875,0.24583,0.60234,0.20139,0.59922,0.15833,0.59766,0.11806,0.62500,0.12500,0.61719,0.08333,0.61016,0.05972,0.60234,0.03889,0.64609,0.11806,0.64297,0.06806,0.63750,0.04167,0.62891,0.02083,0.66406,0.12639,0.66719,0.07917,0.66484,0.05139,0.65703,0.03333,0.68203,0.14722,0.68984,0.10972,0.68906,0.08611,0.68281,0.06667,0.61778,0.78685,0.9996,0.73115,0.67528,0.9608,0.66676,0.26298,0.9956,0.66247,0.46343,0.65156,0.28056,103.15,0.9772,live,0.4044,0.4559,258.63,567.33
156057.376534,100.0,0.9389,2,2,0,0.64766,0.30139,0.61719,0.26806,0.60078,0.22222,0.59844,0.17917,0.59609,0.14167,0.62422,0.15000,0.61641,0.10833,0.60938,0.08333,0.60156,0.06250,0.64531,0.14306,0.64375,0.09306,0.63750,0.06528,0.62969,0.04583,0.66406,0.15139,0.66875,0.10278,0.66484,0.07500,0.65625,0.05833,0.68125,0.17222,0.68984,0.13472,0.68906,0.11111,0.68281,0.09444,0.61684,0.78753,0.9996,0.73249,0.68718,0.9608,0.66788,0.28158,0.9958,0.65951,0.43102,0.64766,0.30139,101.07,0.9865,live,0.4205,0.4934,282.24,572.02
156057.443478,100.0,0.0505,2,1,1,0.64922,0.35278,0.61953,0.33194,0.59922,0.28611,0.59297,0.25000,0.59375,0.21528,0.62344,0.20972,0.61641,0.15694,0.60703,0.13611,0.59766,0.13472,0.64375,0.20278,0.64219,0.14306,0.63516,0.11944,0.62656,0.12639,0.66406,0.21528,0.66641,0.15556,0.66250,0.13472,0.65391,0.14444,0.68437,0.23889,0.69297,0.19583,0.69141,0.17639,0.68359,0.18056,0.61624,0.79338,0.9996,0.73385,0.71453,0.9605,0.66947,0.32680,0.9962,0.65745,0.41537,0.64922,0.35278,97.67,0.9837,live,0.4369,0.5120,293.74,573.70
156057.510170,100.0,0.1616,2,1,1,0.65312,0.49028,0.62344,0.47222,0.59844,0.44167,0.58516,0.41944,0.58125,0.39306,0.61953,0.36528,0.61875,0.31806,0.60625,0.30833,0.59531,0.31528,0.64219,0.36250,0.64297,0.30833,0.62969,0.30972,0.61953,0.33056,0.66406,0.37222,0.66797,0.32222,0.65781,0.33194,0.64922,0.35417,0.68516,0.39306,0.68906,0.35972,0.68125,0.36389,0.67422,0.37778,0.61655,0.80427,0.9996,0.74050,0.82707,0.9595,0.66863,0.45667,0.9964,0.65659,0.43035,0.65312,0.49028,90.07,0.9832,live,0.4369,0.4341,247.30,569.71
156057.577107,100.0,0.2732,2,1,1,0.66250,0.70000,0.63203,0.69722,0.60625,0.68611,0.58750,0.69861,0.57188,0.71944,0.61484,0.60972,0.59141,0.63056,0.57969,0.68056,0.57188,0.72361,0.64375,0.60972,0.62656,0.60833,0.61172,0.65972,0.60078,0.71111,0.66953,0.62500,0.66484,0.62361,0.65625,0.67361,0.64844,0.71528,0.69141,0.65000,0.69531,0.66944,0.69219,0.71528,0.68750,0.74583,0.61679,0.80676,0.9996,0.76488,0.92434,0.9576,0.66880,0.68272,0.9961,0.65777,0.48428,0.66250,0.70000,78.06,0.9977,live,0.4228,0.3583,199.75,557.55
156057.644169,100.0,0.3849,2,1,1,0.66250,0.70000,0.63203,0.69722,0.60625,0.68611,0.58750,0.69861,0.57188,0.71944,0.61484,0.60972,0.59141,0.63056,0.57969,0.68056,0.57188,0.72361,0.64375,0.60972,0.62656,0.60833,0.61172,0.65972,0.60078,0.71111,0.66953,0.62500,0.66484,0.62361,0.65625,0.67361,0.64844,0.71528,0.69141,0.65000,0.69531,0.66944,0.69219,0.71528,0.68750,0.74583,0.62519,0.80688,0.9995,0.76614,0.94268,0.9481,0.67031,0.89357,0.9895,0.65777,0.48428,0.66250,0.70000,78.06,0.5986,hold,0.4228,0.3583,199.75,557.55
156057.710200,100.0,0.4950,2,1,1,0.68828,0.89861,0.65312,0.89861,0.62578,0.91250,0.61016,0.94722,0.60000,0.98472,0.63359,0.86528,0.61016,0.92222,0.59922,0.97500,0.59297,0.99861,0.66484,0.87083,0.65000,0.96806,0.64453,0.99861,0.63984,0.99861,0.69453,0.88889,0.68672,0.98889,0.68594,0.99861,0.68516,0.99861,0.71797,0.91528,0.71875,0.98333,0.72109,0.99861,0.72188,0.99861,0.62521,0.82261,0.9996,0.76530,0.98458,0.9446,0.69872,0.96562,0.9879,0.66387,0.56715,0.68828,0.89861,65.94,0.9910,live,0.3836,0.2050,110.32,538.12
156057.776747,100.0,0.6059,2,1,1,0.70156,0.91528,0.66250,0.91528,0.63516,0.92500,0.61406,0.95556,0.60000,0.99167,0.64297,0.87500,0.62109,0.92639,0.60469,0.96944,0.59219,0.99861,0.67344,0.89306,0.65234,0.95694,0.63359,0.99861,0.62109,0.99861,0.70234,0.92083,0.68828,0.98611,0.67344,0.99861,0.66406,0.99861,0.72734,0.95278,0.72500,0.99861,0.71953,0.99861,0.71484,0.99861,0.62425,0.83370,0.9996,0.76131,0.98512,0.9384,0.69991,0.97043,0.9863,0.67141,0.63677,0.70156,0.91528,71.03,0.9745,live,0.3696,0.3060,160.53,524.68
156057.843651,100.0,0.7174,2,1,1,0.71094,0.91111,0.66484,0.90417,0.63203,0.91806,0.60859,0.95556,0.59609,0.99444,0.64297,0.85833,0.62109,0.90278,0.60625,0.95139,0.59531,0.99444,0.67422,0.87361,0.65234,0.95139,0.63984,0.99861,0.63125,0.99861,0.70391,0.90278,0.68984,0.98472,0.67812,0.99861,0.66953,0.99861,0.72891,0.93611,0.72266,0.99861,0.71797,0.99861,0.71328,0.99861,0.62450,0.83253,0.9996,0.75034,1.00000,0.9341,0.69805,0.96128,0.9850,0.67932,0.69164,0.71094,0.91111,75.45,0.9869,live,0.3696,0.3896,201.03,516.04
156057.910340,100.0,0.8286,2,1,1,0.70078,0.90139,0.65156,0.90139,0.62031,0.91667,0.60313,0.95278,0.59844,0.99167,0.63828,0.84028,0.62500,0.86944,0.61094,0.91806,0.60078,0.96667,0.67109,0.85556,0.65156,0.92639,0.63828,0.99444,0.62734,0.99861,0.70156,0.88750,0.68828,0.97222,0.67578,0.99861,0.66563,0.99861,0.72734,0.92500,0.72266,0.99444,0.71719,0.99861,0.71094,0.99861,0.62636,0.83180,0.9996,0.74511,1.00000,0.9265,0.69718,0.96448,0.9834,0.68361,0.73359,0.70078,0.90139,77.23,0.9793,live,0.3849,0.4546,231.71,509.73
156057.976525,100.0,0.9389,2,1,1,0.69609,0.87917,0.64844,0.90000,0.61953,0.91389,0.60391,0.94306,0.59922,0.97083,0.64375,0.82222,0.62813,0.85417,0.61094,0.90139,0.59922,0.94861,0.67578,0.83611,0.66406,0.87778,0.64609,0.93472,0.63125,0.98056,0.70391,0.86806,0.69844,0.91667,0.68594,0.97361,0.67500,0.99861,0.72734,0.90833,0.72734,0.96806,0.72266,0.99861,0.71562,0.99861,0.62757,0.83095,0.9996,0.74642,1.00000,0.9263,0.69640,0.93851,0.9834,0.68611,0.76271,0.69609,0.87917,71.96,0.9908,live,0.4066,0.5055,252.92,500.37
156058.043860,100.0,0.0511,2,2,0,0.69688,0.87639,0.64922,0.89028,0.61953,0.89306,0.60156,0.91111,0.59688,0.93056,0.64297,0.79306,0.62344,0.82361,0.60938,0.86944,0.59766,0.91250,0.67344,0.80556,0.66016,0.84722,0.64375,0.90556,0.63047,0.95278,0.70078,0.83889,0.69531,0.87778,0.68281,0.93472,0.67109,0.98194,0.72266,0.88056,0.72344,0.92222,0.71953,0.96806,0.71250,0.99861,0.63122,0.82497,0.9996,0.76385,0.98191,0.9232,0.70038,0.92678,0.9775,0.68826,0.78544,0.69688,0.87639,75.91,0.9949,live,0.4275,0.5230,258.86,494.98
156058.110575,100.0,0.1623,2,2,0,0.71172,0.87083,0.66484,0.85556,0.63359,0.83056,0.61094,0.82778,0.59375,0.84167,0.64687,0.74028,0.62578,0.73750,0.61016,0.77500,0.60000,0.81528,0.67422,0.74306,0.65938,0.72639,0.64609,0.77500,0.63672,0.82500,0.70078,0.76389,0.69531,0.75417,0.68047,0.80278,0.67031,0.85000,0.72266,0.79861,0.72422,0.80694,0.71719,0.84444,0.71094,0.87639,0.63113,0.79407,0.9996,0.76282,0.97871,0.9208,0.69993,0.83961,0.9782,0.69295,0.80252,0.71172,0.87083,97.18,0.9967,live,0.4337,0.4619,233.52,505.55
156058.177220,100.0,0.2734,2,2,0,0.67422,0.66528,0.64687,0.64722,0.62578,0.62917,0.61094,0.62778,0.59766,0.63194,0.63984,0.54444,0.61797,0.53472,0.60625,0.56667,0.60078,0.59722,0.66172,0.54583,0.63750,0.54028,0.62422,0.57917,0.61797,0.61528,0.68359,0.56389,0.66328,0.55278,0.65156,0.58472,0.64453,0.61528,0.70469,0.59167,0.69766,0.59306,0.68828,0.61806,0.68203,0.63750,0.61781,0.79571,0.9997,0.76400,0.94387,0.9225,0.69342,0.66133,0.9798,0.68920,0.77507,0.67422,0.66528,85.12,0.9769,live,0.4174,0.3428,173.51,506.17
156058.244291,100.0,0.3851,2,2,0,0.66797,0.50556,0.63984,0.48611,0.61797,0.45278,0.60625,0.42917,0.60781,0.40556,0.63750,0.37083,0.63359,0.32222,0.62031,0.31667,0.61016,0.32917,0.66016,0.37083,0.66172,0.31250,0.64766,0.32222,0.63906,0.35000,0.68125,0.38472,0.68437,0.32917,0.67266,0.34167,0.66641,0.36944,0.70156,0.41111,0.70625,0.37639,0.69766,0.38194,0.69219,0.40000,0.61615,0.79656,0.9997,0.76252,0.87997,0.9253,0.69079,0.52092,0.9816,0.68496,0.72117,0.66797,0.50556,92.37,0.9816,live,0.4032,0.3389,173.51,511.94
156058.311391,100.0,0.4970,2,2,0,0.66172,0.38472,0.63125,0.35000,0.61484,0.30000,0.60938,0.25972,0.61250,0.22361,0.63906,0.23333,0.63359,0.18333,0.62422,0.15694,0.61406,0.14444,0.65938,0.22639,0.65859,0.16944,0.64922,0.14167,0.63750,0.12917,0.67812,0.23472,0.68203,0.17917,0.67500,0.15278,0.66406,0.14583,0.69453,0.25417,0.70078,0.20972,0.69688,0.18611,0.68750,0.17917,0.61567,0.79722,0.9997,0.75761,0.79297,0.9278,0.68660,0.40180,0.9833,0.68031,0.65388,0.66172,0.38472,100.59,0.9807,live,0.3728,0.2342,122.48,522.93
156058.377433,100.0,0.6070,2,2,0,0.65703,0.33889,0.62734,0.28611,0.61406,0.23472,0.61172,0.18750,0.61094,0.14444,0.63906,0.17222,0.63125,0.13056,0.62266,0.10556,0.61328,0.07917,0.65625,0.16528,0.65391,0.11806,0.64609,0.08889,0.63516,0.06806,0.67188,0.17222,0.67500,0.12500,0.66953,0.09861,0.65781,0.08194,0.68828,0.19028,0.69375,0.15000,0.68984,0.12500,0.67969,0.10833,0.61531,0.79867,0.9997,0.74568,0.71663,0.9308,0.67721,0.33575,0.9849,0.67565,0.59088,0.65703,0.33889,106.44,0.9792,live,0.3573,0.2868,153.98,536.81
156058.444135,100.0,0.7182,2,2,0,0.65312,0.31944,0.62031,0.26806,0.60703,0.21806,0.60391,0.17500,0.60234,0.13472,0.62969,0.17361,0.62187,0.13472,0.61719,0.10972,0.61250,0.08333,0.64531,0.16528,0.64141,0.12500,0.63750,0.09583,0.63281,0.07222,0.66016,0.16667,0.66016,0.12778,0.65625,0.09722,0.64922,0.07083,0.67500,0.17778,0.67656,0.13889,0.67188,0.11667,0.66484,0.09583,0.61539,0.79886,0.9997,0.74504,0.69136,0.9345,0.67040,0.30748,0.9863,0.67115,0.53659,0.65312,0.31944,96.13,0.9793,live,0.3573,0.3573,193.49,541.61
156058.510584,100.0,0.8290,2,2,0,0.64687,0.29167,0.61328,0.25694,0.59844,0.21250,0.59531,0.16944,0.59531,0.13194,0.62187,0.15417,0.61328,0.11528,0.60391,0.09444,0.59375,0.07500,0.63750,0.14583,0.63281,0.10000,0.62266,0.07500,0.61016,0.05556,0.65312,0.14861,0.65234,0.10139,0.64375,0.07639,0.63203,0.05972,0.66875,0.15972,0.67266,0.12222,0.66719,0.09861,0.65703,0.08194,0.61552,0.79683,0.9997,0.74249,0.67670,0.9386,0.66494,0.28648,0.9875,0.66629,0.48761,0.64687,0.29167,92.23,0.9835,live,0.3690,0.4223,229.29,543.02
156058.577384,100.0,0.9403,2,2,0,0.64375,0.29167,0.61172,0.26111,0.59688,0.21667,0.59297,0.17361,0.59141,0.13611,0.61953,0.15833,0.61016,0.11944,0.60078,0.09861,0.58984,0.08056,0.63516,0.14861,0.62891,0.10417,0.61953,0.07917,0.60703,0.06250,0.65078,0.15139,0.64844,0.10417,0.64062,0.08056,0.62891,0.06528,0.66641,0.16250,0.66797,0.12500,0.66328,0.10278,0.65312,0.08750,0.61561,0.78740,0.9997,0.74089,0.66940,0.9418,0.66141,0.27982,0.9886,0.66178,0.44842,0.64375,0.29167,90.49,0.9764,live,0.3881,0.4752,258.05,543.01
156058.644058,100.0,0.0514,2,1,1,0.64297,0.30139,0.61094,0.27361,0.59609,0.22778,0.59297,0.18333,0.59062,0.14444,0.61953,0.16944,0.61016,0.12917,0.60078,0.10833,0.59062,0.09028,0.63516,0.15972,0.62969,0.11250,0.61953,0.08750,0.60703,0.07361,0.65078,0.16250,0.64922,0.11389,0.64141,0.09028,0.62891,0.08056,0.66719,0.17222,0.66953,0.13194,0.66328,0.10972,0.65234,0.09861,0.61556,0.78714,0.9997,0.74104,0.68074,0.9447,0.66071,0.29065,0.9896,0.65802,0.41901,0.64297,0.30139,90.29,0.9799,live,0.4110,0.5153,279.72,542.86
156058.710326,100.0,0.1619,2,1,1,0.64062,0.33333,0.61172,0.30417,0.59531,0.25694,0.58984,0.21389,0.58828,0.17639,0.61797,0.19306,0.60938,0.15417,0.59844,0.13333,0.58750,0.11806,0.63516,0.18472,0.62969,0.13750,0.61875,0.11389,0.60625,0.10278,0.65234,0.18889,0.65156,0.13889,0.64297,0.11528,0.63047,0.10694,0.66953,0.20417,0.67266,0.16111,0.66563,0.14028,0.65391,0.13194,0.61586,0.79059,0.9996,0.74117,0.70331,0.9463,0.66123,0.30712,0.9904,0.65454,0.40188,0.64062,0.33333,94.72,0.9839,live,0.4335,0.5360,292.62,545.91
156058.777476,100.0,0.2738,2,1,1,0.64141,0.38889,0.61328,0.37222,0.59219,0.32778,0.58203,0.29167,0.58359,0.25833,0.61562,0.25694,0.60859,0.20833,0.59688,0.18889,0.58594,0.18889,0.63438,0.24861,0.63047,0.19167,0.61875,0.17361,0.60625,0.18611,0.65312,0.25556,0.65312,0.19861,0.64219,0.18333,0.63047,0.19722,0.67188,0.27500,0.67344,0.23056,0.66484,0.21389,0.65312,0.22083,0.61587,0.79966,0.9996,0.74493,0.77799,0.9473,0.66176,0.37904,0.9913,0.65192,0.39928,0.64141,0.38889,91.48,0.9867,live,0.4335,0.4313,235.59,546.27
156058.844190,100.0,0.3850,2,1,1,0.65156,0.52639,0.62344,0.50833,0.60000,0.47639,0.58594,0.45694,0.57969,0.43472,0.61797,0.40694,0.61094,0.35972,0.59609,0.34722,0.58125,0.35139,0.63672,0.40417,0.63047,0.34722,0.61641,0.35556,0.60703,0.37917,0.65625,0.41250,0.65312,0.36250,0.63984,0.38333,0.63281,0.41250,0.67656,0.43333,0.67734,0.40000,0.66641,0.41389,0.65938,0.43611,0.61710,0.80991,0.9996,0.75543,0.86757,0.9477,0.66447,0.51959,0.9920,0.65184,0.42470,0.65156,0.52639,84.45,0.9804,live,0.4335,0.4351,235.60,541.52
156058.911050,100.0,0.4964,2,1,1,0.65938,0.69444,0.63281,0.67778,0.60859,0.65417,0.59375,0.65139,0.59062,0.66389,0.61953,0.56944,0.60625,0.57222,0.59922,0.62222,0.59688,0.66250,0.64922,0.57500,0.64062,0.56389,0.62891,0.61667,0.62031,0.66111,0.67500,0.59583,0.67188,0.59583,0.65938,0.64444,0.64687,0.68194,0.69609,0.62778,0.69844,0.64583,0.68984,0.68333,0.68047,0.70833,0.61719,0.80636,0.9996,0.77538,0.92675,0.9469,0.67604,0.66596,0.9923,0.65335,0.47865,0.65938,0.69444,91.06,0.9961,live,0.4176,0.3448,186.90,542.10
156058.977460,100.0,0.6071,2,1,1,0.66172,0.70556,0.63750,0.70972,0.61797,0.72361,0.60703,0.75417,0.59844,0.78333,0.63594,0.65417,0.61797,0.69583,0.60781,0.74861,0.59922,0.78472,0.66172,0.66528,0.64609,0.71528,0.63281,0.76944,0.62344,0.81111,0.68516,0.68889,0.67500,0.73889,0.66563,0.78889,0.66016,0.82222,0.70234,0.71806,0.69922,0.75139,0.69219,0.78333,0.68750,0.80278,0.62230,0.79616,0.9997,0.78927,0.95527,0.9456,0.69020,0.79343,0.9912,0.65502,0.52403,0.66172,0.70556,57.00,0.9955,live,0.3778,0.1967,101.91,518.09
156059.044038,100.0,0.7181,2,1,1,0.66953,0.79167,0.64922,0.78472,0.63047,0.78750,0.61875,0.80833,0.60938,0.82778,0.64922,0.70000,0.62656,0.74722,0.61172,0.79722,0.60078,0.83472,0.67500,0.71528,0.65469,0.77083,0.63516,0.83194,0.62109,0.87083,0.69609,0.75000,0.68281,0.79861,0.66719,0.85417,0.65469,0.89028,0.70937,0.78889,0.70547,0.81944,0.69688,0.85139,0.68984,0.87083,0.62853,0.79609,0.9997,0.82224,0.99587,0.9470,0.70028,0.85337,0.9912,0.65793,0.57756,0.66953,0.79167,69.39,0.9994,live,0.3563,0.2584,130.72,505.88
156059.110511,100.0,0.8288,2,1,1,0.66719,0.83750,0.64766,0.82917,0.63047,0.82778,0.61875,0.84306,0.60859,0.85833,0.65000,0.71944,0.62813,0.76111,0.61328,0.80278,0.60000,0.83889,0.67812,0.73750,0.66172,0.77778,0.64297,0.83056,0.62578,0.86806,0.70000,0.77500,0.69141,0.81250,0.67031,0.86667,0.65078,0.90417,0.71406,0.82083,0.71328,0.85833,0.70312,0.89583,0.69375,0.91667,0.63324,0.79562,0.9997,0.80742,0.99268,0.9458,0.70555,0.87919,0.9907,0.65978,0.62955,0.66719,0.83750,83.03,1.0000,live,0.3516,0.3304,166.82,504.95
156059.177682,100.0,0.9408,2,1,1,0.67109,0.85000,0.64766,0.83611,0.62813,0.82778,0.61562,0.83194,0.60313,0.83889,0.64922,0.71250,0.62656,0.74722,0.61094,0.78750,0.59844,0.82222,0.67891,0.72778,0.66016,0.76806,0.64141,0.82083,0.62578,0.86250,0.70156,0.76389,0.69063,0.80278,0.66797,0.85694,0.64766,0.89583,0.71797,0.80972,0.71562,0.85139,0.70078,0.89722,0.68672,0.92500,0.63290,0.79889,0.9997,0.80676,0.99307,0.9458,0.70560,0.85506,0.9908,0.66204,0.67364,0.67109,0.85000,92.63,0.9994,live,0.3581,0.3874,197.97,511.05
156059.244594,100.0,0.0523,2,2,0,0.67891,0.83611,0.65234,0.82361,0.62969,0.81528,0.61250,0.81389,0.60156,0.81806,0.65078,0.69861,0.62656,0.72917,0.61172,0.76944,0.59766,0.80694,0.67969,0.71250,0.66016,0.75139,0.64141,0.80556,0.62578,0.84722,0.70312,0.74861,0.69063,0.78611,0.66875,0.83889,0.64922,0.87778,0.71953,0.79444,0.71641,0.83472,0.70156,0.88056,0.68750,0.90833,0.63301,0.79862,0.9997,0.80154,1.00000,0.9460,0.70442,0.83721,0.9910,0.66541,0.70613,0.67891,0.83611,91.55,0.9992,live,0.3710,0.4298,221.62,515.65
156059.310926,100.0,0.1629,2,2,0,0.68672,0.81111,0.65625,0.79167,0.62969,0.77917,0.61016,0.77361,0.60469,0.77778,0.65156,0.66111,0.62969,0.69028,0.61484,0.73194,0.60313,0.76806,0.68047,0.68056,0.66172,0.71667,0.64219,0.76667,0.62734,0.80694,0.70312,0.71806,0.69219,0.75278,0.67188,0.80000,0.65547,0.83750,0.71875,0.76389,0.71250,0.80139,0.69844,0.83750,0.68672,0.86250,0.63285,0.79605,0.9997,0.80035,1.00000,0.9459,0.70416,0.82403,0.9912,0.66968,0.72713,0.68672,0.81111,94.51,0.9990,live,0.3860,0.4545,237.15,521.82
156059.377931,100.0,0.2745,2,2,0,0.68750,0.77083,0.65391,0.73056,0.63047,0.69722,0.61172,0.67917,0.60313,0.67778,0.65078,0.60278,0.62891,0.61111,0.61250,0.65000,0.60234,0.69028,0.67734,0.60972,0.66172,0.61667,0.64375,0.65694,0.63203,0.70000,0.70078,0.63750,0.69453,0.64306,0.67578,0.67500,0.66016,0.71111,0.71875,0.67639,0.72031,0.68611,0.70625,0.71250,0.69375,0.73889,0.62358,0.79931,0.9997,0.78673,0.96571,0.9468,0.70173,0.73924,0.9911,0.67324,0.73587,0.68750,0.77083,106.82,0.9943,live,0.3923,0.4210,225.71,536.11
156059.445016,100.0,0.3864,2,2,0,0.67344,0.59861,0.64766,0.57222,0.62578,0.53750,0.61562,0.51944,0.62031,0.50833,0.64922,0.46111,0.64141,0.42639,0.62891,0.45278,0.62187,0.48472,0.67266,0.46944,0.67109,0.43056,0.65547,0.46528,0.64531,0.50556,0.69531,0.49167,0.69844,0.45694,0.68359,0.48611,0.67188,0.51806,0.71562,0.52083,0.72031,0.50694,0.70859,0.52361,0.70000,0.54306,0.62091,0.80124,0.9997,0.77851,0.93413,0.9468,0.70148,0.60646,0.9916,0.67328,0.70842,0.67344,0.59861,92.45,0.9912,live,0.3842,0.3473,186.95,538.34
156059.511127,100.0,0.4965,2,2,0,0.67656,0.46806,0.64609,0.43333,0.62656,0.38889,0.61875,0.35556,0.62578,0.32917,0.65469,0.31528,0.65078,0.26806,0.63984,0.25694,0.62813,0.26250,0.67422,0.31389,0.67500,0.25833,0.66406,0.25833,0.65391,0.27639,0.69297,0.32500,0.69688,0.27083,0.68828,0.27500,0.68125,0.29722,0.71094,0.34861,0.71562,0.30833,0.70703,0.30972,0.70156,0.32639,0.62106,0.81238,0.9997,0.77852,0.86712,0.9466,0.70131,0.49534,0.9922,0.67394,0.66035,0.67656,0.46806,99.26,0.9603,live,0.3660,0.2833,154.43,545.21
156059.577794,100.0,0.6076,2,2,0,0.66953,0.41111,0.63828,0.35139,0.62344,0.30139,0.62031,0.25833,0.62344,0.21944,0.65078,0.24583,0.64375,0.20694,0.63672,0.18194,0.62891,0.15833,0.66719,0.24028,0.66563,0.19722,0.65859,0.17083,0.65000,0.15000,0.68281,0.24722,0.68594,0.20694,0.68125,0.17917,0.67109,0.16250,0.69844,0.26667,0.70391,0.22778,0.70078,0.20417,0.69297,0.18750,0.61624,0.81349,0.9998,0.76674,0.78730,0.9477,0.69385,0.40326,0.9928,0.67306,0.61050,0.66953,0.41111,104.41,0.9702,live,0.3377,0.2087,115.81,554.96
156059.644592,100.0,0.7190,2,2,0,0.66172,0.36111,0.63047,0.30833,0.61562,0.25972,0.61172,0.21528,0.61406,0.17500,0.64141,0.20139,0.63359,0.16111,0.62422,0.13889,0.61406,0.11806,0.65703,0.19444,0.65391,0.14722,0.64531,0.12222,0.63359,0.10694,0.67266,0.19861,0.67422,0.15417,0.66875,0.12778,0.65625,0.11528,0.68906,0.21528,0.69219,0.17639,0.68750,0.15417,0.67734,0.13889,0.61516,0.81280,0.9997,0.75619,0.73556,0.9485,0.68497,0.35977,0.9934,0.67079,0.56062,0.66172,0.36111,102.64,0.9792,live,0.3177,0.2267,127.47,562.26
156059.710961,100.0,0.8296,2,2,0,0.65703,0.32639,0.62578,0.28889,0.61016,0.24306,0.60625,0.20000,0.60625,0.16250,0.63359,0.18333,0.62578,0.14444,0.61719,0.12361,0.60859,0.10556,0.65000,0.17639,0.64531,0.12917,0.63594,0.10556,0.62422,0.08889,0.66484,0.18056,0.66563,0.13333,0.65859,0.10833,0.64687,0.09444,0.68047,0.19444,0.68359,0.15694,0.67891,0.13333,0.66953,0.11806,0.61460,0.80741,0.9997,0.75247,0.70906,0.9499,0.67907,0.33008,0.9939,0.66804,0.51377,0.65703,0.32639,93.95,0.9784,live,0.3119,0.2856,160.63,562.44
156059.777824,100.0,0.9410,2,2,0,0.65312,0.31667,0.62266,0.28333,0.60703,0.23889,0.60391,0.19583,0.60234,0.15972,0.63125,0.18194,0.62344,0.14306,0.61406,0.12222,0.60391,0.10417,0.64687,0.17500,0.64141,0.12917,0.63281,0.10417,0.62109,0.08750,0.66172,0.17778,0.66094,0.13194,0.65469,0.10694,0.64375,0.09028,0.67734,0.18889,0.67891,0.15278,0.67422,0.13056,0.66563,0.11389,0.61466,0.80154,0.9997,0.75102,0.69140,0.9521,0.67198,0.30742,0.9944,0.66505,0.47435,0.65312,0.31667,89.89,0.9722,live,0.3165,0.3370,188.63,559.67
156059.844565,100.0,0.0523,2,1,1,0.65078,0.31944,0.61953,0.29028,0.60469,0.24722,0.60156,0.20417,0.60000,0.16667,0.62734,0.18750,0.61953,0.15000,0.61172,0.12917,0.60234,0.10972,0.64375,0.17917,0.63828,0.13472,0.62969,0.10972,0.61797,0.09444,0.65859,0.18194,0.65781,0.13611,0.65078,0.11250,0.63906,0.09861,0.67500,0.19306,0.67656,0.15694,0.67109,0.13611,0.66172,0.12222,0.61510,0.80091,0.9997,0.75060,0.70636,0.9532,0.67100,0.31525,0.9948,0.66220,0.44337,0.65078,0.31944,89.57,0.9797,live,0.3277,0.3791,211.13,557.00
156059.911240,100.0,0.1634,2,1,1,0.64844,0.34028,0.61953,0.31111,0.60391,0.26389,0.60000,0.22083,0.59922,0.18472,0.62891,0.20556,0.62109,0.16667,0.61172,0.14583,0.60156,0.13056,0.64453,0.19722,0.63906,0.15278,0.63047,0.12778,0.61875,0.11389,0.66016,0.20000,0.65938,0.15417,0.65234,0.13056,0.64062,0.11806,0.67578,0.21389,0.67812,0.17639,0.67188,0.15556,0.66094,0.14444,0.61525,0.80216,0.9997,0.74930,0.71172,0.9545,0.67162,0.33576,0.9951,0.65945,0.42275,0.64844,0.34028,90.27,0.9835,live,0.3421,0.4075,226.21,555.16
156059.977807,100.0,0.2743,2,1,1,0.64922,0.38750,0.62187,0.36111,0.60547,0.31389,0.59844,0.27361,0.60078,0.23889,0.62969,0.25139,0.62344,0.20833,0.61328,0.19028,0.60234,0.17917,0.64687,0.24444,0.64297,0.19444,0.63359,0.17083,0.62109,0.16528,0.66406,0.25000,0.66484,0.19722,0.65547,0.17500,0.64297,0.17083,0.68047,0.26667,0.68437,0.22361,0.67656,0.20278,0.66406,0.19722,0.61517,0.80655,0.9996,0.74886,0.78450,0.9551,0.67217,0.38287,0.9955,0.65740,0.41570,0.64922,0.38750,91.47,0.9901,live,0.3557,0.4176,231.49,554.39
156060.044823,100.0,0.3860,2,1,1,0.66016,0.42500,0.63438,0.42222,0.61328,0.40278,0.60078,0.38472,0.59844,0.35556,0.63594,0.32917,0.62734,0.28611,0.61641,0.28056,0.60547,0.28750,0.65391,0.32917,0.64922,0.28611,0.63906,0.28333,0.62813,0.29444,0.67188,0.34167,0.67266,0.30278,0.66250,0.29722,0.65078,0.30694,0.68984,0.36667,0.69531,0.34306,0.69141,0.33750,0.68281,0.34444,0.61533,0.81044,0.9996,0.75615,0.88288,0.9530,0.67800,0.50427,0.9957,0.65795,0.41756,0.66016,0.42500,68.96,0.8622,live,0.3626,0.3941,211.82,537.52
156060.111577,100.0,0.4973,2,1,1,0.67422,0.67222,0.64766,0.65000,0.62891,0.61389,0.61875,0.59306,0.61484,0.57639,0.65000,0.53056,0.64297,0.48333,0.63047,0.48472,0.62266,0.50139,0.67344,0.53611,0.67656,0.48750,0.66641,0.51250,0.65938,0.54583,0.69375,0.55556,0.70156,0.51111,0.68984,0.53889,0.68125,0.57083,0.71172,0.58750,0.72031,0.56389,0.71094,0.58472,0.70312,0.60694,0.61457,0.81936,0.9996,0.75785,0.95839,0.9518,0.68873,0.65028,0.9960,0.66121,0.46849,0.67422,0.67222,92.81,0.9810,live,0.3446,0.2624,141.68,539.84
156060.178524,100.0,0.6089,2,1,1,0.68672,0.59167,0.65938,0.61528,0.63438,0.65139,0.62109,0.69583,0.61641,0.73333,0.65391,0.61389,0.64219,0.65833,0.63438,0.69583,0.62891,0.72500,0.68203,0.62083,0.67578,0.66528,0.66719,0.70278,0.65938,0.73611,0.70625,0.63333,0.70391,0.68333,0.69844,0.72222,0.69375,0.75139,0.72500,0.65000,0.72734,0.68889,0.72578,0.71528,0.72266,0.73472,0.61886,0.81990,0.9997,0.76198,1.00000,0.9516,0.69936,0.77843,0.9961,0.66631,0.49313,0.68672,0.59167,56.49,0.9910,live,0.3194,0.2050,105.74,515.73
156060.245665,100.0,0.7208,2,1,1,0.70156,0.73611,0.67266,0.74861,0.65078,0.74583,0.63203,0.76111,0.62109,0.78750,0.66797,0.70694,0.65000,0.72778,0.63438,0.77361,0.62031,0.81667,0.69531,0.72500,0.68672,0.74583,0.66953,0.79444,0.65469,0.83333,0.71719,0.74722,0.71484,0.77917,0.70312,0.82917,0.69141,0.86250,0.73281,0.77083,0.73203,0.80278,0.72734,0.84028,0.72031,0.86667,0.63223,0.82216,0.9997,0.79184,1.00000,0.9500,0.70689,0.88124,0.9959,0.67336,0.54172,0.70156,0.73611,50.31,0.9960,live,0.2961,0.1898,93.01,490.06
156060.311472,100.0,0.8304,2,1,1,0.71016,0.85694,0.67422,0.84583,0.64844,0.83056,0.63047,0.83056,0.62109,0.83750,0.66016,0.76389,0.64531,0.76111,0.63125,0.79861,0.61953,0.84167,0.68594,0.77639,0.67734,0.75972,0.66094,0.81528,0.65000,0.86250,0.70937,0.80000,0.70625,0.79444,0.69219,0.85417,0.68125,0.90000,0.72891,0.83333,0.72891,0.84583,0.72109,0.89167,0.71406,0.92500,0.63319,0.81826,0.9997,0.79661,1.00000,0.9458,0.71404,0.90119,0.9947,0.68072,0.60477,0.71016,0.85694,72.26,0.9303,live,0.2961,0.2884,139.36,483.28
156060.378235,100.0,0.9417,2,1,1,0.68281,0.87083,0.65391,0.86250,0.63281,0.84167,0.61875,0.83611,0.61797,0.83333,0.65234,0.75000,0.64297,0.75139,0.63281,0.78611,0.62187,0.82083,0.68047,0.76389,0.67656,0.75556,0.66172,0.80833,0.64922,0.85139,0.70625,0.79722,0.70859,0.79306,0.69297,0.84861,0.67812,0.89167,0.72656,0.84028,0.72969,0.85417,0.72031,0.89583,0.71094,0.92222,0.63232,0.82225,0.9997,0.79442,1.00000,0.9460,0.71692,0.89852,0.9948,0.68114,0.65798,0.68281,0.87083,86.92,0.9992,live,0.3081,0.3629,177.07,487.87
156060.444709,100.0,0.0525,2,2,0,0.67656,0.85417,0.65078,0.84167,0.62734,0.81806,0.61016,0.81667,0.61641,0.82500,0.65547,0.72222,0.64297,0.72361,0.62969,0.76528,0.61797,0.80833,0.68828,0.73611,0.67891,0.73889,0.66250,0.79167,0.65000,0.83750,0.71250,0.76944,0.71016,0.77778,0.69219,0.82639,0.67500,0.86944,0.72891,0.81111,0.73203,0.83056,0.72188,0.87222,0.70937,0.90278,0.63552,0.83149,0.9997,0.80427,1.00000,0.9458,0.71578,0.88626,0.9948,0.68022,0.69722,0.67656,0.85417,93.15,0.9987,live,0.3270,0.4129,204.96,496.40
156060.511635,100.0,0.1641,2,2,0,0.68047,0.81944,0.65312,0.80694,0.62734,0.78056,0.61016,0.78194,0.61719,0.78056,0.65391,0.68333,0.64219,0.69167,0.62813,0.73750,0.61797,0.77778,0.68516,0.69722,0.67812,0.70139,0.66172,0.75000,0.64922,0.79167,0.71016,0.72778,0.70937,0.73194,0.69453,0.77917,0.67891,0.82083,0.72734,0.76806,0.73594,0.78056,0.72734,0.81806,0.71562,0.85000,0.62603,0.83476,0.9997,0.80186,1.00000,0.9448,0.71537,0.86267,0.9949,0.68027,0.72166,0.68047,0.81944,93.62,0.9961,live,0.3475,0.4410,222.38,504.24
156060.578470,100.0,0.2754,2,2,0,0.68437,0.79167,0.65703,0.75694,0.63359,0.71944,0.61797,0.69861,0.62500,0.67778,0.65391,0.62361,0.64219,0.60972,0.63125,0.64722,0.62656,0.68889,0.68203,0.63194,0.67891,0.60556,0.66719,0.63333,0.65938,0.67778,0.70703,0.65278,0.71250,0.63611,0.70000,0.66250,0.68906,0.69722,0.72813,0.68611,0.74219,0.67639,0.73359,0.69167,0.72266,0.71389,0.62345,0.82520,0.9997,0.77352,1.00000,0.9427,0.71248,0.76146,0.9950,0.68109,0.73566,0.68437,0.79167,110.42,0.9729,live,0.3644,0.4414,230.95,523.23
156060.645112,100.0,0.3865,2,2,0,0.68281,0.61667,0.65781,0.59167,0.63828,0.55694,0.62656,0.53333,0.63047,0.51528,0.66016,0.48056,0.65547,0.43611,0.64531,0.43889,0.63984,0.45833,0.68359,0.48472,0.68750,0.43194,0.67734,0.44722,0.67109,0.47639,0.70547,0.50139,0.71562,0.44861,0.70469,0.46667,0.69531,0.49583,0.72500,0.53056,0.73984,0.49167,0.73125,0.49861,0.72109,0.51667,0.61616,0.82341,0.9997,0.76460,0.94849,0.9436,0.70883,0.62123,0.9952,0.68144,0.71186,0.68281,0.61667,92.47,0.9740,live,0.3644,0.3683,194.10,527.03
156060.711375,100.0,0.4969,2,2,0,0.69063,0.54444,0.65938,0.48472,0.64062,0.43611,0.63281,0.39306,0.63516,0.35000,0.66016,0.42361,0.65625,0.37083,0.65547,0.33750,0.65781,0.30833,0.67734,0.43056,0.68359,0.37222,0.68906,0.33472,0.69453,0.30417,0.69453,0.43889,0.70312,0.38889,0.70859,0.34722,0.71406,0.31389,0.71016,0.45278,0.71875,0.41250,0.72422,0.37917,0.72813,0.35139,0.61691,0.82199,0.9997,0.76639,0.86862,0.9447,0.70511,0.50462,0.9955,0.69063,0.54444,0.69063,0.54444,79.25,0.5280,live,0.3644,0.3727,194.10,520.85
156060.778653,100.0,0.6091,2,2,0,0.67266,0.38194,0.64531,0.34306,0.63125,0.29306,0.62969,0.25000,0.63672,0.21667,0.65938,0.22917,0.65469,0.18472,0.64766,0.16250,0.63906,0.14861,0.67969,0.22639,0.68047,0.17639,0.67422,0.15139,0.66406,0.13611,0.69766,0.23750,0.70234,0.18889,0.69844,0.16250,0.68984,0.14861,0.71406,0.26111,0.72109,0.22083,0.72031,0.19722,0.71484,0.18194,0.61361,0.81371,0.9997,0.75694,0.80359,0.9451,0.69852,0.40913,0.9959,0.67968,0.64588,0.67266,0.38194,99.81,0.9870,live,0.3464,0.2641,140.02,530.21
156060.845555,100.0,0.7206,2,2,0,0.66719,0.33889,0.63672,0.29167,0.62422,0.24028,0.62656,0.19306,0.62969,0.15278,0.65156,0.18194,0.64531,0.13889,0.63828,0.11389,0.63047,0.08889,0.66953,0.17500,0.66797,0.12778,0.66172,0.10139,0.65234,0.08056,0.68594,0.18194,0.68906,0.13472,0.68437,0.10833,0.67578,0.09028,0.70234,0.19861,0.70781,0.15972,0.70547,0.13472,0.69766,0.11528,0.61321,0.81088,0.9997,0.75066,0.73555,0.9462,0.69146,0.35240,0.9961,0.67718,0.58448,0.66719,0.33889,102.37,0.9771,live,0.3307,0.2592,140.02,540.28
156060.911637,100.0,0.8307,2,2,0,0.66094,0.30833,0.62969,0.26944,0.61719,0.22083,0.61719,0.17500,0.61953,0.13750,0.64219,0.16250,0.63672,0.12222,0.62969,0.09861,0.62266,0.07639,0.65938,0.15694,0.65703,0.10972,0.65000,0.08194,0.63984,0.06111,0.67578,0.16250,0.67734,0.11389,0.67188,0.08750,0.66250,0.06944,0.69141,0.17639,0.69531,0.13750,0.69219,0.11389,0.68359,0.09583,0.61335,0.81078,0.9997,0.74735,0.70419,0.9488,0.68369,0.32234,0.9964,0.67393,0.52925,0.66094,0.30833,95.80,0.9794,live,0.3204,0.2735,148.93,544.43
156060.978459,100.0,0.9421,2,2,0,0.65703,0.30278,0.62578,0.26667,0.61250,0.22083,0.61094,0.17500,0.61250,0.13889,0.63672,0.16667,0.62969,0.12639,0.62187,0.10278,0.61328,0.08194,0.65391,0.15833,0.65000,0.11250,0.64297,0.08472,0.63281,0.06389,0.66953,0.16111,0.66953,0.11528,0.66406,0.08889,0.65391,0.06944,0.68594,0.17361,0.68828,0.13611,0.68359,0.11250,0.67500,0.09444,0.61341,0.80428,0.9997,0.74498,0.69264,0.9498,0.67753,0.30205,0.9966,0.67055,0.48396,0.65703,0.30278,92.19,0.9769,live,0.3204,0.3332,181.76,545.47
156061.045239,100.0,0.0534,2,1,1,0.65547,0.30833,0.62422,0.27639,0.61172,0.22917,0.61016,0.18333,0.61250,0.14583,0.63516,0.17361,0.62891,0.13333,0.62109,0.11111,0.61250,0.08889,0.65234,0.16528,0.64922,0.12083,0.64219,0.09306,0.63125,0.07222,0.66797,0.16806,0.66875,0.12500,0.66250,0.09861,0.65312,0.07917,0.68359,0.18056,0.68672,0.14306,0.68281,0.12083,0.67422,0.10417,0.61496,0.80041,0.9997,0.74257,0.69359,0.9515,0.67299,0.29546,0.9968,0.66754,0.44883,0.65547,0.30833,91.12,0.9773,live,0.3311,0.3799,207.28,545.62
156061.111511,100.0,0.1638,2,1,1,0.65547,0.33056,0.62656,0.29722,0.61328,0.24861,0.61250,0.20139,0.61562,0.16528,0.63828,0.19444,0.63125,0.15278,0.62422,0.12917,0.61562,0.10833,0.65547,0.18750,0.65234,0.14028,0.64531,0.11250,0.63594,0.09028,0.67188,0.19028,0.67266,0.14583,0.66641,0.11944,0.65625,0.09861,0.68750,0.20417,0.69219,0.16667,0.68828,0.14444,0.67891,0.12639,0.61504,0.80024,0.9997,0.74269,0.71039,0.9518,0.67353,0.32295,0.9970,0.66512,0.42518,0.65547,0.33056,91.66,0.9788,live,0.3455,0.4111,224.52,546.14
156061.178657,100.0,0.2758,2,1,1,0.66016,0.37917,0.63203,0.35278,0.61562,0.30278,0.61328,0.25833,0.61719,0.22222,0.64141,0.24028,0.63516,0.19722,0.62656,0.17361,0.61719,0.15556,0.66016,0.23333,0.65781,0.18333,0.65078,0.15694,0.64062,0.14028,0.67734,0.24028,0.67891,0.19028,0.67344,0.16667,0.66328,0.15278,0.69453,0.25694,0.69922,0.21528,0.69609,0.19306,0.68828,0.18056,0.61511,0.80190,0.9996,0.74295,0.76286,0.9519,0.67374,0.36501,0.9971,0.66413,0.41598,0.66016,0.37917,93.82,0.9884,live,0.3536,0.3907,214.19,548.16
156061.245338,100.0,0.3869,2,1,1,0.67109,0.51111,0.64062,0.48750,0.61953,0.44167,0.61172,0.40278,0.61953,0.37222,0.64141,0.36528,0.63516,0.31111,0.62813,0.28472,0.62109,0.28194,0.66406,0.35694,0.66484,0.29583,0.65938,0.27639,0.65078,0.28889,0.68516,0.36528,0.68750,0.30694,0.68125,0.29028,0.67422,0.30000,0.70469,0.38611,0.70859,0.34583,0.70391,0.33889,0.69844,0.35139,0.61548,0.80815,0.9996,0.75367,0.84503,0.9521,0.68109,0.49350,0.9972,0.66552,0.43500,0.67109,0.51111,101.29,0.9765,live,0.3440,0.3002,166.72,555.31
156061.311743,100.0,0.4976,2,1,1,0.69063,0.70556,0.66094,0.69583,0.63516,0.66806,0.62422,0.64444,0.62734,0.62222,0.65000,0.58750,0.64062,0.54028,0.63984,0.58056,0.64141,0.61944,0.67656,0.58750,0.67578,0.53333,0.67188,0.57500,0.67031,0.61528,0.70156,0.60139,0.70703,0.55417,0.70234,0.59306,0.69844,0.62917,0.72422,0.62639,0.73516,0.60000,0.73359,0.61667,0.73047,0.63472,0.61520,0.81594,0.9996,0.76731,0.93342,0.9518,0.69579,0.67100,0.9972,0.67054,0.48911,0.69063,0.70556,89.24,0.9884,live,0.3364,0.3015,166.72,552.92
156061.379022,100.0,0.6097,2,1,1,0.69063,0.70556,0.66094,0.69583,0.63516,0.66806,0.62422,0.64444,0.62734,0.62222,0.65000,0.58750,0.64062,0.54028,0.63984,0.58056,0.64141,0.61944,0.67656,0.58750,0.67578,0.53333,0.67188,0.57500,0.67031,0.61528,0.70156,0.60139,0.70703,0.55417,0.70234,0.59306,0.69844,0.62917,0.72422,0.62639,0.73516,0.60000,0.73359,0.61667,0.73047,0.63472,0.62994,0.81308,0.9996,0.78340,0.99763,0.9515,0.72225,0.85245,0.9969,0.67054,0.48911,0.69063,0.70556,89.24,0.5930,hold,0.3364,0.3015,166.72,552.92
156061.445620,100.0,0.7207,2,1,1,0.69766,0.84861,0.67344,0.84861,0.64453,0.83750,0.62969,0.85000,0.63906,0.87222,0.67188,0.75694,0.66016,0.77083,0.65000,0.82361,0.64297,0.86667,0.70234,0.76667,0.69609,0.78056,0.68437,0.83889,0.67422,0.88889,0.72734,0.79167,0.72891,0.81528,0.71797,0.87639,0.70547,0.92083,0.74453,0.82500,0.75469,0.85833,0.75156,0.90556,0.74687,0.93750,0.62976,0.81571,0.9996,0.79190,1.00000,0.9445,0.72487,0.91059,0.9960,0.67597,0.56101,0.69766,0.84861,75.14,0.9991,live,0.3110,0.1952,105.52,540.68
156061.511988,100.0,0.8313,2,1,1,0.69766,0.90833,0.66953,0.90000,0.63984,0.86528,0.62109,0.87083,0.63750,0.89028,0.66797,0.78750,0.65859,0.78194,0.64609,0.83333,0.63828,0.88611,0.70391,0.80000,0.69844,0.79722,0.68437,0.85833,0.67344,0.91528,0.73125,0.82917,0.73203,0.83611,0.71797,0.90000,0.70234,0.95278,0.75078,0.86528,0.75781,0.88611,0.75313,0.93333,0.74531,0.97083,0.63022,0.81556,0.9997,0.77468,1.00000,0.9435,0.72405,0.92583,0.9947,0.68030,0.63048,0.69766,0.90833,91.99,0.9975,live,0.3110,0.2875,155.82,542.03
156061.578768,100.0,0.9426,2,1,1,0.70078,0.91111,0.66953,0.90417,0.63906,0.87083,0.61953,0.87917,0.63203,0.89861,0.66563,0.79306,0.65625,0.78611,0.64219,0.84167,0.63359,0.89583,0.70234,0.80833,0.69766,0.79861,0.68125,0.86250,0.66953,0.92361,0.72969,0.84028,0.72813,0.83889,0.71484,0.90139,0.70156,0.95417,0.74844,0.87917,0.75313,0.89444,0.75078,0.93750,0.74531,0.97361,0.63115,0.81643,0.9997,0.77389,1.00000,0.9438,0.72278,0.88950,0.9943,0.68440,0.68660,0.70078,0.91111,89.55,0.9982,live,0.3203,0.3630,196.57,541.46
156061.645199,100.0,0.0533,2,2,0,0.70234,0.91389,0.66953,0.90694,0.63906,0.86667,0.62109,0.87361,0.63359,0.89306,0.66328,0.79028,0.65234,0.79028,0.64062,0.84306,0.63438,0.89583,0.70000,0.80139,0.69375,0.79583,0.67891,0.85972,0.67109,0.92083,0.72734,0.83194,0.72656,0.83194,0.71094,0.89583,0.69766,0.94861,0.74766,0.86944,0.75078,0.88889,0.74609,0.93472,0.74062,0.97083,0.63215,0.81693,0.9997,0.81020,1.00000,0.9425,0.72164,0.91111,0.9932,0.68799,0.73206,0.70234,0.91389,92.87,0.9978,live,0.3387,0.4226,229.62,543.35
156061.712187,100.0,0.1650,2,2,0,0.69219,0.89722,0.66328,0.88750,0.63438,0.85278,0.61797,0.86250,0.63125,0.88194,0.65859,0.77083,0.65234,0.77361,0.64141,0.82639,0.63594,0.88056,0.69688,0.78194,0.69375,0.77778,0.67969,0.84028,0.66953,0.90000,0.72422,0.81111,0.72500,0.81528,0.71094,0.87500,0.69688,0.92778,0.74375,0.84861,0.74766,0.87361,0.74375,0.91806,0.73672,0.95278,0.63209,0.82092,0.9997,0.80537,1.00000,0.9410,0.72234,0.91786,0.9926,0.68883,0.76509,0.69219,0.89722,95.28,0.9989,live,0.3612,0.4634,253.35,546.75
156061.778976,100.0,0.2763,2,2,0,0.69609,0.85417,0.66563,0.83472,0.63828,0.80833,0.62500,0.81806,0.63828,0.81944,0.66094,0.71806,0.65312,0.71667,0.64062,0.76250,0.63359,0.80694,0.69453,0.73056,0.69219,0.71806,0.67969,0.76806,0.67031,0.81806,0.72109,0.75694,0.72500,0.75278,0.71328,0.80278,0.70234,0.84722,0.74141,0.79167,0.75234,0.79306,0.74609,0.82778,0.73750,0.85694,0.63184,0.82003,0.9997,0.82238,1.00000,0.9420,0.72161,0.85579,0.9927,0.69028,0.78291,0.69609,0.85417,96.53,0.9959,live,0.3787,0.4585,252.49,550.64
156061.846005,100.0,0.3880,2,2,0,0.69375,0.72778,0.66406,0.71667,0.63828,0.68333,0.62656,0.65833,0.63047,0.63194,0.65781,0.60000,0.65000,0.55278,0.64531,0.59167,0.64453,0.63056,0.68516,0.60417,0.68437,0.54583,0.67578,0.58750,0.67188,0.62917,0.71094,0.62083,0.71797,0.57083,0.70781,0.60972,0.70078,0.64861,0.73438,0.64583,0.74922,0.61389,0.74141,0.64167,0.73281,0.66944,0.62809,0.81998,0.9997,0.78728,0.98103,0.9411,0.71959,0.71246,0.9930,0.69097,0.77188,0.69375,0.72778,93.65,0.9791,live,0.3787,0.3861,213.14,551.99
156061.912136,100.0,0.4982,2,2,0,0.68594,0.54583,0.65703,0.52083,0.63516,0.48056,0.62734,0.44583,0.63672,0.41667,0.65781,0.39444,0.65625,0.34028,0.64922,0.33611,0.64375,0.35694,0.68125,0.39167,0.68281,0.33056,0.67656,0.33889,0.67109,0.36944,0.70391,0.40278,0.70781,0.34861,0.70156,0.36389,0.69531,0.39444,0.72500,0.42778,0.72891,0.39028,0.72344,0.39861,0.71875,0.41944,0.62146,0.81889,0.9997,0.77540,0.90583,0.9419,0.70875,0.55065,0.9934,0.68997,0.72667,0.68594,0.54583,103.46,0.9706,live,0.3622,0.2872,160.92,560.25
156061.979036,100.0,0.6097,2,2,0,0.67578,0.41528,0.64531,0.37500,0.62969,0.32361,0.62813,0.27778,0.63359,0.24028,0.65703,0.26250,0.65234,0.21528,0.64453,0.19028,0.63516,0.17222,0.67812,0.25833,0.67969,0.20278,0.67344,0.17500,0.66406,0.15556,0.69688,0.26667,0.70156,0.21389,0.69688,0.19028,0.68906,0.17778,0.71406,0.28750,0.71953,0.24444,0.71719,0.22639,0.71094,0.21806,0.61909,0.81938,0.9997,0.75860,0.80413,0.9443,0.69863,0.42971,0.9940,0.68713,0.66439,0.67578,0.41528,101.26,0.9709,live,0.3482,0.2843,160.92,565.92
156062.045648,100.0,0.7207,2,2,0,0.66641,0.35972,0.63359,0.29861,0.62266,0.24583,0.62344,0.19722,0.62578,0.15694,0.64922,0.20139,0.64219,0.15694,0.63516,0.12500,0.62891,0.09306,0.66641,0.19306,0.66484,0.14444,0.66016,0.10833,0.65469,0.07639,0.68281,0.19583,0.68437,0.15139,0.68047,0.11944,0.67422,0.09306,0.69844,0.20972,0.70312,0.17083,0.70078,0.14583,0.69531,0.12222,0.61491,0.81927,0.9997,0.74382,0.74415,0.9454,0.68716,0.35565,0.9945,0.68299,0.60346,0.66641,0.35972,103.73,0.9715,live,0.3264,0.2269,129.92,572.70
156062.112232,100.0,0.8317,2,2,0,0.65859,0.33056,0.62266,0.27222,0.61328,0.22222,0.61406,0.17500,0.61562,0.13750,0.63750,0.18333,0.63047,0.14167,0.62422,0.11250,0.61875,0.08194,0.65312,0.17500,0.65078,0.12917,0.64687,0.09583,0.64141,0.06528,0.66797,0.17500,0.66797,0.13472,0.66484,0.09861,0.65859,0.06806,0.68437,0.18611,0.68750,0.14722,0.68437,0.12083,0.67812,0.09861,0.61335,0.81339,0.9997,0.74054,0.70296,0.9466,0.67545,0.30894,0.9949,0.67811,0.54888,0.65859,0.33056,97.69,0.9777,live,0.3207,0.2948,169.30,574.31
156062.179039,100.0,0.9431,2,2,0,0.65156,0.30417,0.61641,0.26389,0.60469,0.21806,0.60547,0.17222,0.60625,0.13472,0.62813,0.16944,0.62187,0.12917,0.61484,0.10556,0.60703,0.08194,0.64531,0.16111,0.64219,0.11389,0.63438,0.08611,0.62422,0.06111,0.66016,0.16250,0.66094,0.11528,0.65469,0.08750,0.64453,0.06806,0.67656,0.17222,0.67891,0.13333,0.67422,0.10833,0.66563,0.08889,0.61353,0.80624,0.9997,0.74089,0.69546,0.9485,0.66921,0.28915,0.9952,0.67280,0.49994,0.65156,0.30417,91.78,0.9677,live,0.3276,0.3588,205.06,571.47
156062.245727,100.0,0.0542,2,1,1,0.64766,0.30694,0.61406,0.27222,0.60156,0.22639,0.60156,0.17917,0.60234,0.14306,0.62656,0.17917,0.61953,0.13889,0.61172,0.11528,0.60234,0.09306,0.64297,0.16944,0.63906,0.12361,0.63125,0.09583,0.62031,0.07222,0.65781,0.16944,0.65703,0.12500,0.65078,0.09722,0.64141,0.07639,0.67422,0.17917,0.67578,0.14167,0.67031,0.12083,0.66250,0.10139,0.61360,0.80139,0.9997,0.74182,0.70685,0.9502,0.66542,0.28898,0.9955,0.66777,0.46134,0.64766,0.30694,88.54,0.9647,live,0.3427,0.4119,233.43,566.64
156062.312114,100.0,0.1648,2,1,1,0.64922,0.32361,0.61562,0.28889,0.60234,0.24028,0.60234,0.19306,0.60469,0.15556,0.62813,0.19306,0.62031,0.15139,0.61250,0.12778,0.60391,0.10556,0.64531,0.18194,0.64062,0.13611,0.63359,0.10694,0.62344,0.08472,0.66094,0.18472,0.66094,0.13750,0.65391,0.11111,0.64375,0.09028,0.67812,0.19306,0.67969,0.15417,0.67422,0.13056,0.66484,0.11250,0.61365,0.80150,0.9997,0.74087,0.71899,0.9509,0.66731,0.31184,0.9958,0.66406,0.43379,0.64922,0.32361,91.24,0.9696,live,0.3620,0.4496,253.71,564.33
156062.379004,100.0,0.2763,2,1,1,0.65000,0.36111,0.61953,0.33194,0.60469,0.27917,0.60391,0.23194,0.60547,0.19444,0.62891,0.22222,0.62187,0.18056,0.61328,0.15694,0.60469,0.13889,0.64766,0.21528,0.64375,0.16667,0.63594,0.13889,0.62656,0.11944,0.66406,0.21806,0.66406,0.17083,0.65781,0.14444,0.64844,0.12639,0.68125,0.23056,0.68359,0.19028,0.67969,0.16667,0.67109,0.15000,0.61372,0.80165,0.9996,0.74127,0.75187,0.9514,0.66796,0.33757,0.9961,0.66125,0.41926,0.65000,0.36111,94.51,0.9787,live,0.3787,0.4547,256.73,564.66
156062.445837,100.0,0.3877,2,1,1,0.65078,0.42222,0.62187,0.40972,0.60156,0.37083,0.59609,0.33194,0.60000,0.30139,0.62422,0.30000,0.61719,0.25139,0.60938,0.23333,0.60313,0.23472,0.64453,0.29167,0.64141,0.23611,0.63438,0.21389,0.62734,0.21806,0.66406,0.29861,0.66328,0.25000,0.65781,0.22778,0.65078,0.22778,0.68437,0.31806,0.68828,0.28194,0.68672,0.26250,0.68203,0.25833,0.61532,0.80945,0.9996,0.75296,0.81806,0.9510,0.66885,0.43641,0.9963,0.65915,0.41985,0.65078,0.42222,88.31,0.9638,live,0.3931,0.4588,257.14,560.48
156062.512529,100.0,0.4989,2,1,1,0.66719,0.62083,0.63984,0.60694,0.61719,0.57917,0.60391,0.55833,0.60391,0.53472,0.62969,0.49444,0.61797,0.44167,0.61094,0.46667,0.61250,0.50139,0.65312,0.49167,0.65078,0.43194,0.64141,0.45833,0.63828,0.49306,0.67578,0.50278,0.67891,0.44583,0.66797,0.47500,0.66328,0.50694,0.69922,0.52500,0.70625,0.48472,0.69609,0.50278,0.68984,0.52917,0.61561,0.81555,0.9996,0.76880,0.91206,0.9500,0.68058,0.59955,0.9964,0.66076,0.46005,0.66719,0.62083,92.39,0.9882,live,0.3802,0.3217,180.09,559.74
156062.579647,100.0,0.6107,2,1,1,0.68516,0.77500,0.66016,0.76667,0.63438,0.75833,0.62266,0.76806,0.62578,0.78333,0.64922,0.65139,0.63906,0.68194,0.62969,0.73333,0.62500,0.77361,0.67812,0.65833,0.67109,0.68472,0.66328,0.73194,0.65781,0.77222,0.70391,0.68472,0.70391,0.71250,0.69766,0.75972,0.69219,0.79861,0.72500,0.71944,0.73203,0.74861,0.73125,0.78611,0.73125,0.81528,0.62002,0.78989,0.9996,0.77606,0.92341,0.9455,0.70487,0.79220,0.9935,0.66564,0.52304,0.68516,0.77500,89.54,0.9960,live,0.3558,0.2443,136.09,557.04
156062.646172,100.0,0.7216,2,1,1,0.68906,0.79722,0.66719,0.80417,0.64687,0.81944,0.63516,0.85139,0.63047,0.88056,0.66406,0.74444,0.65391,0.79028,0.64609,0.84306,0.63906,0.87917,0.69297,0.75417,0.68516,0.80556,0.67422,0.86389,0.66563,0.90417,0.71641,0.77639,0.71328,0.82778,0.70469,0.88194,0.69844,0.91667,0.73359,0.80278,0.73438,0.83611,0.73125,0.87222,0.72813,0.89306,0.62083,0.79160,0.9996,0.77562,0.93800,0.9426,0.71524,0.89224,0.9905,0.67032,0.57787,0.68906,0.79722,59.16,0.9973,live,0.3312,0.2191,116.75,532.79
156062.712584,100.0,0.8323,2,1,1,0.69063,0.89583,0.66953,0.89306,0.64531,0.89028,0.63047,0.89306,0.63594,0.90417,0.66953,0.77778,0.65781,0.80833,0.64687,0.86111,0.63750,0.90139,0.70000,0.78611,0.69297,0.82083,0.67891,0.87778,0.66719,0.91944,0.72422,0.81528,0.72500,0.84444,0.71016,0.90417,0.69453,0.94861,0.73906,0.85556,0.74687,0.89306,0.73984,0.93611,0.73281,0.96389,0.63155,0.80944,0.9997,0.77482,0.98287,0.9402,0.71884,0.90763,0.9894,0.67438,0.64147,0.69063,0.89583,85.67,0.9998,live,0.3262,0.3038,161.17,530.54
156062.779174,100.0,0.9433,2,1,1,0.68828,0.91111,0.66250,0.90278,0.63672,0.87778,0.62109,0.87639,0.63594,0.88333,0.66484,0.77361,0.65547,0.78194,0.64453,0.83333,0.63672,0.88056,0.69766,0.78750,0.69219,0.79028,0.67812,0.85139,0.66719,0.90000,0.72344,0.81667,0.72422,0.82778,0.70937,0.88750,0.69375,0.93333,0.74219,0.85833,0.75000,0.87917,0.74062,0.92778,0.72969,0.96111,0.63131,0.81379,0.9997,0.80576,1.00000,0.9385,0.72683,0.93254,0.9890,0.67716,0.69539,0.68828,0.91111,97.08,0.9986,live,0.3346,0.3729,200.15,536.77
156062.846138,100.0,0.0549,2,2,0,0.69531,0.88889,0.66406,0.88333,0.63516,0.85139,0.61797,0.84722,0.63281,0.84583,0.66406,0.75972,0.65625,0.75000,0.64375,0.80278,0.63750,0.84861,0.69609,0.77361,0.69375,0.75417,0.67812,0.81528,0.66797,0.86389,0.72266,0.80000,0.72344,0.79306,0.70781,0.85000,0.69219,0.89583,0.74062,0.83611,0.75000,0.84583,0.74062,0.88889,0.72969,0.92083,0.62690,0.82054,0.9997,0.82079,1.00000,0.9394,0.72495,0.89488,0.9895,0.68079,0.73409,0.69531,0.88889,91.49,0.9977,live,0.3508,0.4243,228.37,538.23
156062.912742,100.0,0.1659,2,2,0,0.69297,0.85972,0.66172,0.83750,0.63750,0.80694,0.62500,0.80000,0.63672,0.79167,0.66250,0.71250,0.65547,0.69861,0.64531,0.74028,0.63906,0.78472,0.69375,0.72778,0.69453,0.69444,0.68047,0.73889,0.66875,0.78889,0.71953,0.75556,0.72500,0.73056,0.71250,0.77639,0.69922,0.82083,0.73906,0.79306,0.75078,0.78056,0.74297,0.81111,0.73203,0.84167,0.62871,0.82051,0.9997,0.81786,1.00000,0.9395,0.72360,0.86969,0.9900,0.68323,0.75922,0.69297,0.85972,99.47,0.9930,live,0.3691,0.4525,246.71,545.26
156062.979612,100.0,0.2773,2,2,0,0.69531,0.81111,0.66328,0.76944,0.63906,0.72083,0.62656,0.68889,0.63594,0.65833,0.65938,0.65556,0.65547,0.60694,0.64766,0.62917,0.64453,0.66111,0.68516,0.65833,0.68828,0.59722,0.67891,0.61389,0.67188,0.64722,0.70937,0.67222,0.71797,0.61806,0.70937,0.63889,0.69922,0.67083,0.73047,0.69583,0.74687,0.65833,0.73828,0.67083,0.72734,0.69583,0.62679,0.82151,0.9997,0.79474,1.00000,0.9406,0.72186,0.74500,0.9907,0.68565,0.76960,0.69531,0.81111,105.44,0.9742,live,0.3849,0.4572,254.09,555.75
156063.046355,100.0,0.3886,2,2,0,0.68594,0.59167,0.65781,0.56389,0.63594,0.52361,0.62578,0.49167,0.63516,0.46389,0.66016,0.43889,0.65703,0.38750,0.64766,0.37917,0.64141,0.39444,0.68281,0.44028,0.68437,0.37917,0.67578,0.38611,0.67031,0.41528,0.70469,0.45556,0.71094,0.39861,0.70156,0.40833,0.69453,0.43611,0.72500,0.48194,0.73516,0.43889,0.72656,0.44167,0.71875,0.46250,0.62008,0.82121,0.9997,0.77662,0.94056,0.9418,0.71258,0.59213,0.9915,0.68570,0.73401,0.68594,0.59167,101.50,0.9696,live,0.3849,0.4005,225.15,562.14
156063.112873,100.0,0.4994,2,2,0,0.67344,0.45278,0.64375,0.41250,0.62813,0.35972,0.62578,0.31667,0.63281,0.28333,0.65703,0.30000,0.65156,0.24722,0.64453,0.22361,0.63750,0.21806,0.67812,0.29444,0.67891,0.23611,0.67266,0.21111,0.66250,0.20694,0.69688,0.30556,0.70078,0.25000,0.69531,0.22500,0.68594,0.22083,0.71328,0.32778,0.72109,0.28611,0.71719,0.26389,0.70859,0.25694,0.62021,0.82142,0.9997,0.77815,0.85454,0.9432,0.70146,0.47536,0.9921,0.68325,0.67776,0.67344,0.45278,101.08,0.9757,live,0.3725,0.3161,179.37,567.46
156063.179818,100.0,0.6110,2,2,0,0.66406,0.39028,0.63281,0.32778,0.62031,0.27500,0.62109,0.22639,0.62578,0.18750,0.64766,0.22639,0.64219,0.18611,0.63516,0.15694,0.62891,0.13056,0.66406,0.21944,0.66328,0.17500,0.65781,0.14306,0.65078,0.11667,0.67969,0.22361,0.68203,0.18194,0.67812,0.15278,0.67109,0.12917,0.69531,0.24028,0.70000,0.20000,0.69766,0.17639,0.69219,0.15694,0.61364,0.82138,0.9997,0.75242,0.77785,0.9440,0.68868,0.38316,0.9928,0.67941,0.62027,0.66406,0.39028,104.96,0.9727,live,0.3491,0.2425,139.44,574.94
156063.246495,100.0,0.7221,2,2,0,0.65547,0.33750,0.62187,0.28750,0.61016,0.23889,0.61172,0.19167,0.61484,0.15417,0.63672,0.19028,0.63125,0.14861,0.62344,0.12500,0.61484,0.10139,0.65234,0.18056,0.65078,0.13333,0.64297,0.10556,0.63281,0.08750,0.66797,0.18194,0.66953,0.13611,0.66406,0.10833,0.65312,0.09306,0.68359,0.19167,0.68828,0.15417,0.68359,0.13056,0.67344,0.11667,0.61225,0.81519,0.9997,0.74233,0.72326,0.9455,0.67545,0.33313,0.9934,0.67462,0.56371,0.65547,0.33750,98.19,0.9760,live,0.3328,0.2583,148.94,576.64
156063.312888,100.0,0.8328,2,2,0,0.64687,0.31944,0.61562,0.27778,0.60313,0.23194,0.60078,0.18750,0.60391,0.15278,0.62578,0.18750,0.61875,0.15000,0.61094,0.12639,0.60313,0.10417,0.64062,0.17778,0.63750,0.13472,0.63125,0.10694,0.62266,0.08472,0.65547,0.17639,0.65469,0.13611,0.64844,0.10972,0.63984,0.08889,0.67109,0.18611,0.67266,0.14861,0.66797,0.12778,0.66016,0.11111,0.61231,0.80231,0.9997,0.74189,0.69477,0.9482,0.66327,0.30073,0.9940,0.66907,0.51486,0.64687,0.31944,89.99,0.9704,live,0.3328,0.3227,184.64,572.24
156063.379699,100.0,0.9442,2,2,0,0.64297,0.31111,0.61094,0.27778,0.59766,0.23333,0.59609,0.18889,0.59844,0.15556,0.62187,0.18889,0.61484,0.15000,0.60625,0.12778,0.59766,0.10972,0.63672,0.17917,0.63281,0.13472,0.62500,0.10833,0.61406,0.08889,0.65156,0.17778,0.65000,0.13194,0.64375,0.10694,0.63438,0.09167,0.66719,0.18611,0.66797,0.14722,0.66250,0.12500,0.65391,0.10972,0.61245,0.79443,0.9997,0.74227,0.68585,0.9501,0.65885,0.28844,0.9944,0.66385,0.47411,0.64297,0.31111,85.15,0.9744,live,0.3413,0.3799,214.58,564.88
156063.446268,100.0,0.0551,2,1,1,0.64141,0.31667,0.61016,0.28472,0.59688,0.23889,0.59609,0.19444,0.59922,0.16111,0.62187,0.19583,0.61484,0.15833,0.60703,0.13750,0.59766,0.11667,0.63672,0.18472,0.63281,0.14167,0.62500,0.11528,0.61406,0.09444,0.65156,0.18472,0.65000,0.14167,0.64375,0.11667,0.63359,0.09722,0.66719,0.19167,0.66797,0.15556,0.66250,0.13333,0.65312,0.11667,0.61295,0.79481,0.9997,0.74365,0.69976,0.9512,0.66018,0.30992,0.9947,0.65936,0.44262,0.64141,0.31667,84.91,0.9770,live,0.3565,0.4260,237.82,558.23
156063.513019,100.0,0.1664,2,1,1,0.64219,0.33333,0.61094,0.30139,0.59766,0.25417,0.59688,0.20833,0.60000,0.17222,0.62344,0.20833,0.61719,0.16944,0.60938,0.14722,0.60000,0.12917,0.63906,0.19861,0.63516,0.15417,0.62656,0.12639,0.61562,0.10694,0.65469,0.19861,0.65312,0.15417,0.64609,0.12917,0.63594,0.11111,0.67109,0.20694,0.67188,0.16944,0.66641,0.14722,0.65703,0.13194,0.61322,0.79522,0.9997,0.74339,0.71206,0.9525,0.66176,0.33116,0.9951,0.65593,0.42076,0.64219,0.33333,87.37,0.9764,live,0.3749,0.4584,254.04,554.15
156063.579732,100.0,0.2775,2,1,1,0.64219,0.37361,0.61328,0.34722,0.59766,0.29583,0.59688,0.25000,0.60078,0.21806,0.62422,0.24167,0.61797,0.20000,0.60938,0.17778,0.60000,0.16111,0.64141,0.23333,0.63828,0.18472,0.63125,0.15694,0.62109,0.13889,0.65781,0.23611,0.65859,0.18750,0.65234,0.16250,0.64219,0.14722,0.67344,0.25000,0.67578,0.20833,0.67109,0.18472,0.66172,0.17083,0.61291,0.80037,0.9997,0.74383,0.76671,0.9513,0.66259,0.36291,0.9954,0.65318,0.41133,0.64219,0.37361,89.90,0.9849,live,0.3843,0.4273,236.03,552.38
156063.646609,100.0,0.3890,2,1,1,0.63984,0.43056,0.61328,0.41806,0.59453,0.38472,0.58750,0.35278,0.58984,0.32222,0.61875,0.31806,0.61016,0.27222,0.60078,0.25694,0.59219,0.25556,0.63750,0.31111,0.63750,0.25694,0.62891,0.23333,0.61875,0.22639,0.65547,0.32083,0.65781,0.27500,0.65078,0.25556,0.64062,0.25278,0.67344,0.34167,0.67734,0.30556,0.67266,0.28889,0.66484,0.28472,0.61349,0.80481,0.9997,0.74700,0.84292,0.9502,0.66320,0.47254,0.9957,0.65051,0.41518,0.63984,0.43056,80.14,0.9403,live,0.3843,0.3611,196.35,543.80
156063.713041,100.0,0.4997,2,1,1,0.65547,0.64028,0.62891,0.62361,0.60703,0.59028,0.59453,0.56806,0.59375,0.54306,0.62578,0.50139,0.62500,0.45278,0.61406,0.44444,0.60391,0.45556,0.65000,0.50000,0.65391,0.43750,0.64297,0.44028,0.63359,0.46667,0.67266,0.51667,0.68047,0.45556,0.66953,0.46944,0.66016,0.49722,0.69297,0.54583,0.70391,0.50694,0.69453,0.51389,0.68516,0.53472,0.61266,0.81539,0.9997,0.75048,0.93218,0.9477,0.66540,0.59896,0.9959,0.65150,0.46020,0.65547,0.64028,95.80,0.9867,live,0.3661,0.2829,154.91,547.52
156063.780049,100.0,0.6114,2,1,1,0.67031,0.79722,0.64141,0.78750,0.61250,0.76667,0.59922,0.75972,0.60781,0.75972,0.64062,0.66389,0.63125,0.64722,0.62031,0.69583,0.61719,0.74028,0.66953,0.67500,0.66953,0.65000,0.65781,0.70139,0.65156,0.74861,0.69531,0.70000,0.70312,0.68889,0.69297,0.73889,0.68281,0.78056,0.71562,0.73611,0.72734,0.74583,0.72109,0.78333,0.71484,0.81250,0.61743,0.80466,0.9997,0.75048,1.00000,0.9411,0.68736,0.77481,0.9955,0.65527,0.52760,0.67031,0.79722,93.31,0.9959,live,0.3375,0.2076,113.97,549.00
156063.846716,100.0,0.7225,2,1,1,0.67578,0.84028,0.64766,0.84028,0.61562,0.82639,0.60156,0.83750,0.61641,0.86111,0.65312,0.74861,0.64453,0.75833,0.63281,0.81389,0.62578,0.85694,0.68516,0.76250,0.67969,0.77083,0.66641,0.83194,0.65547,0.88333,0.70859,0.78889,0.71094,0.81250,0.70000,0.87500,0.68828,0.91944,0.72422,0.82222,0.72891,0.85556,0.72266,0.89861,0.71484,0.92778,0.62775,0.80677,0.9997,0.74692,0.99110,0.9382,0.70554,0.90909,0.9945,0.65937,0.59014,0.67578,0.84028,74.50,0.9985,live,0.3207,0.2439,130.91,536.76
156063.912917,100.0,0.8329,2,1,1,0.68125,0.91389,0.65078,0.90417,0.62109,0.87222,0.60313,0.88472,0.61719,0.91944,0.65781,0.79028,0.64922,0.79861,0.63594,0.85278,0.62344,0.90000,0.69219,0.80972,0.68906,0.81250,0.67422,0.87361,0.65938,0.92639,0.71719,0.84444,0.72109,0.85972,0.70547,0.92361,0.68672,0.97222,0.73281,0.88611,0.74375,0.91250,0.74141,0.95972,0.73438,0.99306,0.62777,0.81123,0.9997,0.74698,1.00000,0.9367,0.71334,0.92669,0.9943,0.66375,0.65489,0.68125,0.91389,89.35,0.9987,live,0.3207,0.3283,176.19,536.68
156063.979979,100.0,0.9446,2,1,1,0.68516,0.92083,0.65391,0.90833,0.62266,0.87222,0.60547,0.87917,0.62500,0.89722,0.65703,0.79167,0.65078,0.78611,0.63516,0.84167,0.62500,0.89306,0.69375,0.81250,0.69219,0.80139,0.67422,0.86667,0.66016,0.92500,0.72109,0.84722,0.72266,0.84722,0.70625,0.91111,0.68906,0.96250,0.73906,0.89028,0.74375,0.90694,0.73750,0.95278,0.72813,0.98889,0.62953,0.81330,0.9997,0.74461,1.00000,0.9359,0.71385,0.93245,0.9942,0.66803,0.70808,0.68516,0.92083,94.42,0.9978,live,0.3345,0.3976,214.83,540.26
156064.046790,100.0,0.0560,2,2,0,0.69063,0.92083,0.65859,0.90833,0.62656,0.85972,0.60859,0.86389,0.62891,0.88472,0.66094,0.78472,0.65312,0.77361,0.64062,0.83194,0.63281,0.88611,0.69844,0.80556,0.69609,0.78750,0.67891,0.85417,0.66563,0.91528,0.72578,0.83889,0.72578,0.83056,0.70859,0.89306,0.69063,0.94583,0.74375,0.88056,0.74766,0.89306,0.73906,0.93750,0.72813,0.97222,0.62928,0.82335,0.9997,0.77616,1.00000,0.9348,0.71556,0.91120,0.9942,0.67255,0.75063,0.69063,0.92083,97.28,0.9985,live,0.3555,0.4508,245.92,545.47
156064.113117,100.0,0.1665,2,2,0,0.69219,0.90278,0.66094,0.88611,0.62891,0.84306,0.61250,0.84444,0.63125,0.86667,0.66406,0.76528,0.65859,0.75556,0.64531,0.80972,0.63828,0.85972,0.70078,0.78611,0.69922,0.76806,0.68203,0.83056,0.66953,0.88750,0.72813,0.81944,0.72891,0.81250,0.71172,0.87083,0.69453,0.91944,0.74531,0.85972,0.74922,0.87361,0.74219,0.91528,0.73203,0.94722,0.62978,0.82707,0.9997,0.78415,1.00000,0.9326,0.71625,0.92732,0.9938,0.67648,0.78106,0.69219,0.90278,97.26,0.9984,live,0.3793,0.4877,268.27,550.04
156064.179831,100.0,0.2777,2,2,0,0.69219,0.85972,0.66172,0.83056,0.63438,0.79444,0.62109,0.79167,0.63594,0.79861,0.66484,0.71250,0.66094,0.69861,0.65000,0.74306,0.64297,0.78611,0.69844,0.73194,0.70000,0.70556,0.68750,0.75139,0.67656,0.80139,0.72500,0.75972,0.73125,0.74306,0.71953,0.79028,0.70781,0.83333,0.74531,0.79583,0.75469,0.79167,0.74844,0.82639,0.73984,0.85694,0.62727,0.82764,0.9997,0.77936,1.00000,0.9320,0.71551,0.91762,0.9940,0.67962,0.79679,0.69219,0.85972,101.32,0.9965,live,0.4006,0.4978,277.28,556.99
156064.246937,100.0,0.3896,2,2,0,0.68984,0.79722,0.66016,0.75833,0.63906,0.70278,0.62656,0.66528,0.63672,0.63472,0.65938,0.65694,0.66016,0.59861,0.65469,0.60278,0.65156,0.62639,0.68516,0.66111,0.69219,0.59861,0.68906,0.59444,0.68516,0.61667,0.70781,0.67222,0.72031,0.62083,0.71797,0.62778,0.71094,0.65278,0.72656,0.69028,0.74375,0.65000,0.74375,0.65139,0.73828,0.66944,0.61966,0.82792,0.9998,0.76649,1.00000,0.9325,0.71399,0.73344,0.9944,0.68166,0.79688,0.68984,0.79722,96.49,0.9035,live,0.4075,0.4386,245.46,559.62
156064.313087,100.0,0.4998,2,2,0,0.68359,0.55000,0.65391,0.52361,0.63281,0.48056,0.62500,0.44444,0.63594,0.41667,0.65781,0.38611,0.65703,0.33056,0.65234,0.32639,0.64844,0.34722,0.68281,0.38472,0.68594,0.32222,0.67969,0.33194,0.67422,0.36250,0.70547,0.39722,0.71172,0.34028,0.70391,0.35417,0.69766,0.38611,0.72656,0.42222,0.73203,0.38194,0.72500,0.38750,0.71953,0.40972,0.61570,0.82700,0.9997,0.76202,0.91790,0.9335,0.70517,0.56089,0.9946,0.68205,0.74750,0.68359,0.55000,110.12,0.9735,live,0.3961,0.3444,196.89,571.75
156064.380494,100.0,0.6121,2,2,0,0.66875,0.45833,0.63750,0.38889,0.62422,0.33194,0.62344,0.28194,0.62500,0.24028,0.65000,0.29861,0.64687,0.25000,0.64531,0.21944,0.64453,0.19167,0.66719,0.29861,0.67109,0.24861,0.67188,0.21667,0.67188,0.18750,0.68437,0.30694,0.68984,0.25972,0.69063,0.22361,0.68984,0.19167,0.70078,0.32222,0.70625,0.28194,0.70625,0.25278,0.70469,0.22500,0.61155,0.82549,0.9997,0.75010,0.82026,0.9350,0.69511,0.43700,0.9950,0.67939,0.68967,0.66875,0.45833,101.48,0.9239,live,0.3722,0.2632,151.66,576.21
156064.446940,100.0,0.7229,2,2,0,0.66250,0.37083,0.62656,0.30417,0.61719,0.24722,0.61797,0.20139,0.61875,0.16111,0.63750,0.23056,0.63359,0.18472,0.63047,0.15833,0.62734,0.13194,0.65234,0.22500,0.65078,0.17778,0.64766,0.15000,0.64531,0.12917,0.66641,0.22361,0.66719,0.17917,0.66563,0.15000,0.66328,0.12778,0.68203,0.22639,0.68359,0.18056,0.68281,0.15694,0.68203,0.13611,0.60830,0.82124,0.9997,0.73983,0.72667,0.9373,0.67378,0.33635,0.9954,0.67601,0.62590,0.66250,0.37083,93.95,0.9420,live,0.3444,0.2180,125.31,574.70
156064.513176,100.0,0.8333,2,2,0,0.65000,0.31667,0.61406,0.26389,0.60469,0.21667,0.60547,0.16806,0.60625,0.13194,0.62266,0.19167,0.61641,0.15278,0.60859,0.12639,0.60156,0.10000,0.63750,0.17917,0.63359,0.13611,0.62656,0.10556,0.61875,0.07917,0.65156,0.17500,0.65000,0.13472,0.64453,0.10417,0.63672,0.08194,0.66797,0.17917,0.66797,0.14167,0.66406,0.11806,0.65703,0.09861,0.60870,0.80668,0.9997,0.73607,0.67773,0.9400,0.65791,0.29026,0.9957,0.67081,0.56405,0.65000,0.31667,89.30,0.9633,live,0.3357,0.2958,168.59,570.03
156064.580450,100.0,0.9454,2,2,0,0.63828,0.29028,0.60781,0.25972,0.59609,0.21806,0.59531,0.17500,0.59375,0.14306,0.61172,0.18333,0.60391,0.15139,0.59688,0.13056,0.59062,0.11250,0.62656,0.17222,0.62109,0.13333,0.61406,0.10972,0.60547,0.08889,0.64062,0.17083,0.63828,0.12917,0.63203,0.10556,0.62344,0.08611,0.65703,0.17361,0.65625,0.13750,0.65156,0.11528,0.64375,0.09861,0.60881,0.79988,0.9997,0.73478,0.66798,0.9434,0.65179,0.27742,0.9960,0.66430,0.50930,0.63828,0.29028,79.07,0.9721,live,0.3424,0.3729,208.30,558.56
156064.647040,100.0,0.0564,2,1,1,0.63594,0.29306,0.60469,0.26528,0.59297,0.22500,0.59141,0.18333,0.58828,0.15278,0.60938,0.19722,0.60078,0.16389,0.59375,0.14167,0.58672,0.11944,0.62422,0.18472,0.61797,0.14583,0.61016,0.11944,0.60156,0.09583,0.63906,0.18056,0.63594,0.14028,0.62891,0.11389,0.62031,0.09306,0.65469,0.18194,0.65312,0.14583,0.64766,0.12500,0.63984,0.10833,0.61017,0.79544,0.9996,0.73530,0.67130,0.9457,0.64735,0.28608,0.9962,0.65863,0.46605,0.63594,0.29306,74.73,0.9728,live,0.3600,0.4402,240.07,545.33
156064.713460,100.0,0.1671,2,1,1,0.63828,0.30000,0.60703,0.27500,0.59453,0.23472,0.59219,0.19306,0.59062,0.15972,0.61250,0.20417,0.60313,0.17083,0.59609,0.14722,0.58906,0.12361,0.62813,0.19167,0.62187,0.15278,0.61328,0.12500,0.60469,0.10139,0.64297,0.18889,0.63984,0.14722,0.63203,0.11944,0.62266,0.09861,0.66016,0.19028,0.65938,0.15417,0.65312,0.13056,0.64453,0.11250,0.61034,0.79593,0.9996,0.73542,0.68451,0.9473,0.64765,0.29811,0.9963,0.65456,0.43284,0.63828,0.30000,75.30,0.9641,live,0.3843,0.4951,264.46,534.11
156064.780265,100.0,0.2784,2,1,1,0.64219,0.32500,0.61172,0.29861,0.59766,0.25417,0.59609,0.20972,0.59688,0.17639,0.61641,0.21806,0.60781,0.18056,0.60000,0.15694,0.59219,0.13472,0.63359,0.20694,0.62813,0.16389,0.62031,0.13611,0.61016,0.11111,0.65000,0.20417,0.64766,0.16111,0.64141,0.13194,0.63203,0.11111,0.66719,0.20833,0.66797,0.17083,0.66328,0.14722,0.65469,0.12917,0.61041,0.80100,0.9996,0.73583,0.70123,0.9477,0.65490,0.31771,0.9964,0.65209,0.41127,0.64219,0.32500,81.19,0.9573,live,0.4106,0.5303,280.27,528.47
156064.847089,100.0,0.3898,2,1,1,0.64297,0.37361,0.61562,0.36250,0.59844,0.31944,0.59453,0.27639,0.59453,0.24306,0.61562,0.26667,0.60391,0.22639,0.59531,0.20417,0.58750,0.18611,0.63516,0.25556,0.62969,0.20556,0.62266,0.17917,0.61406,0.16111,0.65391,0.25833,0.65234,0.20972,0.64766,0.18333,0.63906,0.16667,0.67266,0.27083,0.67578,0.23056,0.67266,0.21111,0.66563,0.19861,0.61055,0.80442,0.9995,0.73648,0.79842,0.9479,0.65949,0.39448,0.9967,0.65026,0.40374,0.64297,0.37361,81.60,0.9674,live,0.4229,0.4789,250.83,523.81
156064.913532,100.0,0.5005,2,1,1,0.65156,0.52917,0.62344,0.50694,0.60391,0.46806,0.59375,0.43611,0.59453,0.40556,0.62109,0.39028,0.61094,0.34583,0.59922,0.33056,0.58984,0.33472,0.64141,0.38194,0.63750,0.32222,0.62813,0.31528,0.61875,0.33194,0.66172,0.38889,0.66328,0.33333,0.65391,0.33333,0.64687,0.35278,0.68125,0.40833,0.68516,0.36944,0.67812,0.36944,0.67109,0.38611,0.61007,0.80827,0.9995,0.74638,0.89322,0.9456,0.66522,0.52102,0.9968,0.65052,0.42883,0.65156,0.52917,96.79,0.9822,live,0.4177,0.3943,209.22,530.64
156064.980677,100.0,0.6125,2,1,1,0.66797,0.68750,0.64297,0.67639,0.62187,0.65139,0.61016,0.64028,0.60313,0.63056,0.63516,0.56667,0.62656,0.52500,0.61562,0.52361,0.60625,0.53750,0.66016,0.56667,0.66328,0.51667,0.65391,0.53889,0.64609,0.57083,0.68203,0.58472,0.69063,0.54028,0.67969,0.56806,0.67031,0.59861,0.70156,0.61389,0.71094,0.59722,0.70156,0.61806,0.69219,0.64028,0.61071,0.81574,0.9996,0.76732,0.97354,0.9461,0.67796,0.65988,0.9969,0.65401,0.48056,0.66797,0.68750,85.99,0.9862,live,0.3981,0.3088,163.32,528.88
156065.049007,100.0,0.7263,2,1,1,0.66953,0.65000,0.64687,0.66667,0.62656,0.68750,0.61719,0.72500,0.61328,0.75417,0.64297,0.63889,0.63438,0.67639,0.62891,0.72222,0.62422,0.75556,0.67031,0.64306,0.66797,0.68056,0.66094,0.72639,0.65469,0.76389,0.69375,0.65694,0.69453,0.70000,0.68984,0.74306,0.68594,0.77500,0.71172,0.67361,0.71484,0.70972,0.71328,0.73889,0.71250,0.75694,0.61702,0.81571,0.9996,0.77614,1.00000,0.9463,0.69804,0.75945,0.9969,0.65712,0.51445,0.66953,0.65000,47.03,0.9954,live,0.3691,0.2371,118.38,499.27
156065.113923,100.0,0.8345,2,1,1,0.68203,0.78056,0.66328,0.77917,0.64531,0.78194,0.63281,0.80139,0.62578,0.81944,0.66641,0.70000,0.65000,0.72222,0.63828,0.76667,0.62891,0.80556,0.69063,0.70972,0.68125,0.73472,0.66797,0.78333,0.65625,0.82639,0.70937,0.73472,0.70781,0.76806,0.69609,0.81944,0.68672,0.85833,0.72188,0.76806,0.72109,0.79722,0.71250,0.83194,0.70547,0.85556,0.63101,0.81705,0.9996,0.81730,1.00000,0.9470,0.71074,0.83455,0.9965,0.66210,0.56767,0.68203,0.78056,62.89,0.9997,live,0.3470,0.2463,119.39,484.65
156065.180608,100.0,0.9457,2,1,1,0.68359,0.83750,0.66328,0.82639,0.64297,0.81389,0.62813,0.81944,0.62813,0.83333,0.66797,0.71111,0.65078,0.73333,0.63750,0.77500,0.62656,0.80972,0.69688,0.72222,0.68906,0.74167,0.67578,0.79167,0.66172,0.83333,0.71797,0.75139,0.72031,0.77222,0.70859,0.82639,0.69609,0.86528,0.73125,0.78889,0.73750,0.82639,0.73203,0.86806,0.72734,0.89444,0.62977,0.82098,0.9996,0.81517,1.00000,0.9468,0.71723,0.86016,0.9963,0.66640,0.62164,0.68359,0.83750,86.67,0.9999,live,0.3470,0.3237,158.24,488.89
156065.247321,100.0,0.0569,2,2,0,0.68672,0.82639,0.66328,0.81806,0.63984,0.79583,0.62187,0.80278,0.62578,0.81667,0.66484,0.71250,0.65156,0.72361,0.63828,0.76806,0.62656,0.81111,0.69688,0.72639,0.69063,0.73611,0.67656,0.78611,0.66328,0.83194,0.72109,0.75556,0.72109,0.76806,0.70781,0.82222,0.69297,0.86528,0.73750,0.79583,0.74453,0.82639,0.73828,0.87222,0.73125,0.90417,0.63252,0.82107,0.9997,0.82998,1.00000,0.9480,0.71967,0.83910,0.9961,0.67046,0.66259,0.68672,0.82639,84.78,0.9980,live,0.3535,0.3830,188.15,491.27
156065.313803,100.0,0.1677,2,2,0,0.69141,0.81250,0.66250,0.80417,0.63516,0.78056,0.61641,0.79583,0.61797,0.81944,0.66250,0.70417,0.64922,0.71250,0.63438,0.75833,0.62031,0.80556,0.69531,0.71806,0.68750,0.73056,0.67188,0.78194,0.65703,0.82917,0.71953,0.74722,0.71641,0.76111,0.70234,0.81528,0.68750,0.86389,0.73594,0.78611,0.74141,0.81111,0.73750,0.85694,0.72891,0.89306,0.63626,0.82135,0.9997,0.82573,1.00000,0.9479,0.72225,0.84499,0.9959,0.67465,0.69257,0.69141,0.81250,81.39,0.9963,live,0.3670,0.4284,210.29,490.92
156065.380705,100.0,0.2792,2,2,0,0.68984,0.79167,0.66016,0.78333,0.63203,0.77222,0.61250,0.78056,0.61641,0.79167,0.65703,0.68056,0.64297,0.69444,0.63047,0.73750,0.61953,0.78194,0.68906,0.69306,0.68047,0.71528,0.66719,0.76528,0.65391,0.81111,0.71484,0.72083,0.71094,0.74167,0.70078,0.79722,0.68828,0.84583,0.73359,0.75833,0.73672,0.78333,0.73281,0.82778,0.72656,0.86389,0.63326,0.81332,0.9997,0.79556,0.99072,0.9475,0.72048,0.82247,0.9955,0.67769,0.71239,0.68984,0.79167,83.79,0.9964,live,0.3832,0.4570,224.98,492.34
156065.447388,100.0,0.3903,2,2,0,0.70156,0.73750,0.66641,0.71667,0.63750,0.69583,0.61562,0.69861,0.60313,0.70694,0.65781,0.61944,0.63594,0.62778,0.62031,0.66389,0.61172,0.70139,0.68672,0.62361,0.67344,0.62917,0.65938,0.66667,0.64922,0.70833,0.71172,0.64583,0.70937,0.65417,0.69922,0.69167,0.68828,0.73056,0.73047,0.68194,0.73672,0.70278,0.73125,0.73750,0.72500,0.76667,0.62702,0.81248,0.9997,0.79105,0.93847,0.9478,0.71379,0.74636,0.9949,0.68246,0.71741,0.70156,0.73750,85.94,0.9862,live,0.3912,0.4277,211.77,495.13
156065.513815,100.0,0.5010,2,2,0,0.68516,0.55833,0.65781,0.55833,0.63359,0.54167,0.61953,0.53611,0.61016,0.53889,0.64922,0.47500,0.63750,0.45833,0.63281,0.49583,0.63125,0.52778,0.67109,0.47361,0.66406,0.45139,0.65781,0.48889,0.65625,0.52500,0.69297,0.48472,0.68750,0.46111,0.68047,0.49167,0.67578,0.52083,0.71250,0.50278,0.71797,0.48889,0.71562,0.51528,0.71328,0.53750,0.62617,0.81415,0.9997,0.78396,0.89814,0.9470,0.71363,0.57839,0.9951,0.68300,0.68560,0.68516,0.55833,68.95,0.9710,live,0.3855,0.3596,174.52,485.36
156065.581008,100.0,0.6130,2,2,0,0.69219,0.43472,0.66250,0.41806,0.63594,0.39306,0.61875,0.37083,0.60703,0.35139,0.65469,0.31111,0.65078,0.27083,0.64219,0.27222,0.63594,0.28889,0.68125,0.30833,0.68047,0.25417,0.67344,0.26667,0.66953,0.29444,0.70469,0.31806,0.70547,0.26528,0.70000,0.28333,0.69609,0.31111,0.72578,0.33889,0.72656,0.30139,0.72109,0.31389,0.71797,0.33472,0.61582,0.81329,0.9997,0.75030,0.80591,0.9466,0.71042,0.45040,0.9954,0.68484,0.63542,0.69219,0.43472,91.92,0.7029,live,0.3710,0.3048,150.38,493.30
156065.650260,100.0,0.7284,2,2,0,0.68594,0.32917,0.65625,0.30417,0.63359,0.26528,0.62109,0.22917,0.61172,0.20139,0.65625,0.19583,0.65078,0.14583,0.64453,0.12361,0.63672,0.12361,0.68047,0.19028,0.68281,0.13333,0.67891,0.11111,0.67031,0.11528,0.70234,0.20278,0.70781,0.15000,0.70703,0.12639,0.70156,0.12361,0.72109,0.22639,0.73281,0.19167,0.73594,0.17361,0.73359,0.16528,0.60732,0.80423,0.9997,0.73582,0.70583,0.9480,0.70230,0.35250,0.9958,0.68506,0.57417,0.68594,0.32917,93.99,0.8599,live,0.3443,0.2227,111.75,501.77
156065.714257,100.0,0.8351,2,2,0,0.68516,0.30556,0.65156,0.25972,0.63438,0.20833,0.62578,0.16389,0.61641,0.12778,0.65781,0.18333,0.65391,0.13750,0.65234,0.10556,0.65000,0.07639,0.67656,0.18194,0.67656,0.13194,0.67578,0.09861,0.67500,0.06806,0.69453,0.18611,0.69844,0.13750,0.69922,0.10000,0.70000,0.06667,0.71250,0.19861,0.72109,0.15556,0.72500,0.12500,0.72813,0.09722,0.60486,0.79705,0.9997,0.72514,0.67506,0.9481,0.69654,0.27565,0.9961,0.68508,0.52045,0.68516,0.30556,84.96,0.5826,live,0.3338,0.2861,143.82,502.73
156065.780638,100.0,0.9457,2,2,0,0.67031,0.22778,0.64219,0.19722,0.62344,0.15000,0.61484,0.11111,0.60391,0.08056,0.64766,0.07500,0.63906,0.02500,0.63203,0.00000,0.62344,0.00000,0.67031,0.07083,0.66953,0.01111,0.66484,0.00000,0.65859,0.00000,0.69141,0.08333,0.69688,0.02500,0.69609,0.00000,0.69297,0.00000,0.70937,0.11111,0.71953,0.07361,0.72266,0.05556,0.72266,0.04444,0.60331,0.78762,0.9997,0.71119,0.64791,0.9489,0.69339,0.25474,0.9963,0.68213,0.46191,0.67031,0.22778,101.92,0.9673,live,0.3338,0.3585,184.91,515.78
156065.847653,100.0,0.0574,2,1,1,0.66484,0.22639,0.63359,0.19167,0.61719,0.14306,0.60938,0.10417,0.59922,0.07361,0.64219,0.07778,0.63359,0.04028,0.62578,0.01250,0.61875,0.00000,0.66328,0.07361,0.66172,0.02639,0.65938,0.00000,0.65625,0.00000,0.68203,0.08333,0.68594,0.04028,0.68594,0.00833,0.68359,0.00000,0.69922,0.10833,0.71016,0.07639,0.71328,0.05833,0.71172,0.04028,0.60388,0.78471,0.9997,0.71053,0.60812,0.9512,0.68611,0.22791,0.9965,0.67867,0.41481,0.66484,0.22639,98.21,0.9864,live,0.3486,0.4161,218.28,524.60
156065.914089,100.0,0.1681,2,1,1,0.66172,0.23194,0.63125,0.20417,0.61328,0.15833,0.60469,0.12083,0.59453,0.08889,0.63672,0.08611,0.62969,0.04306,0.62109,0.02222,0.61094,0.00833,0.65859,0.08056,0.65859,0.02639,0.65156,0.00000,0.64062,0.00000,0.67891,0.09306,0.68516,0.04444,0.68203,0.01806,0.67422,0.00417,0.69688,0.11806,0.70781,0.08333,0.70937,0.06250,0.70625,0.05139,0.60291,0.78194,0.9997,0.71301,0.64283,0.9530,0.68501,0.24361,0.9968,0.67528,0.37824,0.66172,0.23194,98.18,0.9894,live,0.3686,0.4593,244.53,532.34
156065.981223,100.0,0.2800,2,1,1,0.66406,0.25972,0.63281,0.23194,0.61328,0.18750,0.60547,0.15000,0.59453,0.11806,0.63750,0.11389,0.62891,0.06944,0.62031,0.04722,0.61016,0.03750,0.65938,0.10833,0.66016,0.05556,0.65312,0.03056,0.64219,0.01944,0.67969,0.11944,0.68516,0.07222,0.68203,0.04722,0.67500,0.03194,0.69766,0.14444,0.70859,0.11250,0.71094,0.09167,0.70703,0.07778,0.60441,0.78263,0.9997,0.71539,0.65025,0.9542,0.68474,0.25946,0.9970,0.67304,0.35453,0.66406,0.25972,98.27,0.9815,live,0.3896,0.4854,261.73,539.22
156066.047741,100.0,0.3909,2,1,1,0.66641,0.31389,0.63438,0.29167,0.61250,0.24861,0.60156,0.21111,0.59141,0.17500,0.63594,0.17639,0.62734,0.12639,0.61797,0.10556,0.60703,0.09444,0.65859,0.17222,0.65703,0.11667,0.65000,0.09028,0.64062,0.07639,0.67891,0.18611,0.68203,0.13611,0.67891,0.11250,0.67188,0.09861,0.69766,0.21111,0.70781,0.17639,0.70937,0.15694,0.70703,0.14444,0.60591,0.78361,0.9996,0.72129,0.69299,0.9550,0.68520,0.28586,0.9972,0.67171,0.34640,0.66641,0.31389,93.97,0.9744,live,0.4007,0.4516,244.82,542.17
156066.114018,100.0,0.5014,2,1,1,0.66641,0.45972,0.63281,0.42917,0.60938,0.38611,0.59844,0.34861,0.58906,0.31528,0.63359,0.31528,0.62578,0.26528,0.61797,0.23750,0.60781,0.22083,0.65859,0.31250,0.65859,0.25556,0.65391,0.22500,0.64453,0.20694,0.68047,0.32639,0.68594,0.27500,0.68437,0.24861,0.67734,0.23333,0.70000,0.35417,0.71094,0.31667,0.71250,0.29722,0.70937,0.28472,0.60603,0.80002,0.9996,0.73013,0.82243,0.9534,0.68379,0.43853,0.9973,0.67065,0.36907,0.66641,0.45972,98.86,0.9848,live,0.4007,0.3810,208.91,548.29
156066.181159,100.0,0.6133,2,1,1,0.67188,0.65556,0.64062,0.63611,0.61641,0.58889,0.59844,0.55556,0.58437,0.53056,0.63594,0.51528,0.63047,0.46250,0.62187,0.44306,0.61250,0.44444,0.66094,0.51250,0.66094,0.44028,0.65547,0.43889,0.65000,0.46111,0.68516,0.52639,0.69063,0.46111,0.68437,0.46806,0.67734,0.49028,0.70703,0.55417,0.71797,0.51528,0.71250,0.52500,0.70547,0.54722,0.60453,0.80774,0.9996,0.74109,0.94165,0.9509,0.68293,0.61981,0.9974,0.67089,0.42637,0.67188,0.65556,98.97,0.9550,live,0.3822,0.2980,165.03,553.75
156066.247874,100.0,0.7244,2,1,1,0.66563,0.52917,0.63672,0.57083,0.61484,0.62361,0.60391,0.67500,0.59688,0.70833,0.62891,0.58889,0.63125,0.62361,0.63438,0.65556,0.63828,0.69167,0.65938,0.58472,0.66172,0.61806,0.66328,0.65694,0.66406,0.70000,0.68672,0.58472,0.68828,0.62361,0.68750,0.66667,0.68750,0.70694,0.71250,0.58889,0.71719,0.63889,0.71328,0.67500,0.70937,0.70972,0.61138,0.81500,0.9996,0.75202,1.00000,0.9488,0.69519,0.80820,0.9973,0.66984,0.44693,0.66563,0.52917,71.33,0.9851,live,0.3686,0.3066,165.15,538.66
156066.314188,100.0,0.8350,2,1,1,0.68516,0.86389,0.65547,0.87361,0.62656,0.84861,0.60938,0.83472,0.61328,0.82222,0.65234,0.77639,0.64609,0.72917,0.64453,0.74444,0.64531,0.78472,0.68437,0.77917,0.68828,0.72500,0.68984,0.74861,0.69063,0.80000,0.71172,0.79722,0.72266,0.76528,0.72734,0.80556,0.72734,0.85278,0.73359,0.82361,0.74766,0.82083,0.75391,0.85139,0.75625,0.88611,0.61802,0.83452,0.9996,0.77019,1.00000,0.9453,0.71348,0.94492,0.9969,0.67290,0.53032,0.68516,0.86389,78.65,0.9937,live,0.3477,0.2522,133.85,530.65
156066.381216,100.0,0.9467,2,1,1,0.69219,0.94444,0.65859,0.93611,0.63359,0.89583,0.61797,0.87222,0.62187,0.85694,0.66016,0.82222,0.65625,0.75972,0.64844,0.76667,0.64297,0.80556,0.69063,0.83056,0.70312,0.75000,0.69766,0.76250,0.68984,0.80972,0.71562,0.85278,0.72969,0.78472,0.72734,0.80556,0.72109,0.85000,0.73516,0.88472,0.75313,0.85278,0.75859,0.87222,0.75859,0.90833,0.61773,0.84269,0.9997,0.75903,1.00000,0.9368,0.71648,0.97885,0.9966,0.67676,0.61314,0.69219,0.94444,88.74,0.9872,live,0.3477,0.3624,192.38,530.86
156066.448191,100.0,0.0583,2,2,0,0.68906,0.94583,0.65859,0.93750,0.63516,0.90417,0.62422,0.88194,0.62422,0.85972,0.66172,0.82500,0.66094,0.76528,0.65391,0.76528,0.64687,0.79861,0.69219,0.83333,0.70547,0.75833,0.70312,0.76250,0.69531,0.80278,0.71641,0.85694,0.73203,0.79167,0.73359,0.80556,0.72500,0.84306,0.73516,0.89167,0.75625,0.85833,0.76328,0.87222,0.75938,0.90278,0.61747,0.84479,0.9997,0.75628,1.00000,0.9310,0.71788,0.97486,0.9963,0.67922,0.67968,0.68906,0.94583,87.79,0.9885,live,0.3666,0.4530,240.26,530.36
156066.514379,100.0,0.1686,2,2,0,0.69141,0.94583,0.66016,0.93194,0.63750,0.89583,0.62500,0.87222,0.62266,0.84306,0.66172,0.80972,0.66094,0.75000,0.65391,0.74583,0.64531,0.77639,0.69219,0.81528,0.70391,0.74167,0.70156,0.74444,0.69375,0.78056,0.71719,0.83889,0.73125,0.77222,0.73125,0.78056,0.72266,0.81667,0.73828,0.87500,0.75547,0.83611,0.76094,0.84583,0.75781,0.87500,0.62047,0.84374,0.9997,0.75634,1.00000,0.9278,0.71767,0.97649,0.9962,0.68166,0.73291,0.69141,0.94583,96.64,0.9865,live,0.3942,0.5197,278.70,536.30
156066.581257,100.0,0.2801,2,2,0,0.69531,0.91667,0.66250,0.90278,0.63672,0.86944,0.62266,0.84306,0.62031,0.81806,0.65859,0.77917,0.65625,0.72083,0.65000,0.72361,0.64297,0.75833,0.68984,0.78194,0.69922,0.70833,0.69766,0.71389,0.69141,0.75139,0.71797,0.80278,0.72891,0.73750,0.72891,0.75000,0.72109,0.78472,0.74141,0.83472,0.75547,0.79583,0.75625,0.80556,0.75000,0.83333,0.62040,0.84493,0.9997,0.76619,1.00000,0.9247,0.71684,0.95986,0.9960,0.68439,0.76966,0.69531,0.91667,100.89,0.9859,live,0.4241,0.5606,305.31,544.59
156066.647947,100.0,0.3912,2,2,0,0.70000,0.87500,0.66406,0.83472,0.63750,0.78750,0.62031,0.75139,0.62422,0.71389,0.66172,0.70556,0.66016,0.64861,0.65078,0.64306,0.64375,0.66667,0.69141,0.70833,0.69766,0.64028,0.69453,0.63611,0.68750,0.66250,0.71797,0.72639,0.72734,0.66667,0.72734,0.66528,0.72031,0.69306,0.74062,0.75556,0.75625,0.70694,0.75859,0.70694,0.75469,0.73056,0.61946,0.84084,0.9997,0.76335,1.00000,0.9232,0.71622,0.87790,0.9962,0.68751,0.79073,0.70000,0.87500,114.92,0.9724,live,0.4453,0.5417,304.44,561.98
156066.714707,100.0,0.5025,2,2,0,0.70000,0.70972,0.66406,0.69028,0.63750,0.64444,0.62500,0.60694,0.61875,0.57778,0.66406,0.56111,0.65938,0.50972,0.65234,0.50139,0.64687,0.51528,0.69375,0.55694,0.69844,0.49306,0.69141,0.49444,0.68437,0.52222,0.72031,0.56944,0.72813,0.51250,0.72188,0.52500,0.71641,0.55556,0.74375,0.59583,0.75469,0.55556,0.74922,0.56389,0.74375,0.58750,0.61727,0.83294,0.9997,0.76256,0.96362,0.9272,0.71584,0.71315,0.9964,0.69001,0.77453,0.70000,0.70972,107.77,0.9336,live,0.4453,0.4607,263.61,572.14
156066.781385,100.0,0.6136,2,2,0,0.70234,0.62500,0.66797,0.56250,0.64375,0.50972,0.63047,0.46111,0.62187,0.41667,0.66328,0.47361,0.65938,0.41667,0.65938,0.38194,0.65938,0.35000,0.68516,0.47500,0.68828,0.42083,0.68984,0.38194,0.69141,0.34583,0.70625,0.48472,0.71250,0.43750,0.71641,0.40000,0.71797,0.36528,0.72656,0.50278,0.73672,0.46111,0.74375,0.43056,0.74766,0.40000,0.61714,0.81592,0.9997,0.76218,0.86345,0.9292,0.70906,0.55269,0.9966,0.69248,0.74462,0.70234,0.62500,101.78,0.5662,live,0.4453,0.4321,249.23,576.76
156066.848147,100.0,0.7249,2,2,0,0.68594,0.42500,0.65312,0.39167,0.63203,0.33889,0.62500,0.29306,0.61797,0.25417,0.65859,0.26667,0.65156,0.21667,0.64609,0.18750,0.64062,0.16389,0.68281,0.26111,0.68359,0.20278,0.68047,0.17083,0.67578,0.14583,0.70469,0.27222,0.70781,0.21806,0.70703,0.19167,0.70391,0.17083,0.72344,0.29583,0.73438,0.25556,0.73828,0.23611,0.73906,0.21944,0.61319,0.81447,0.9997,0.75184,0.79506,0.9314,0.70514,0.43163,0.9968,0.69117,0.68070,0.68594,0.42500,106.90,0.9726,live,0.4234,0.3236,189.16,584.52
156066.914860,100.0,0.8361,2,2,0,0.67891,0.36944,0.64375,0.31250,0.62734,0.25556,0.62344,0.20417,0.61719,0.16250,0.65234,0.19306,0.64531,0.14444,0.64141,0.11111,0.63828,0.07778,0.67344,0.18611,0.67500,0.13472,0.67422,0.09861,0.67266,0.06389,0.69297,0.19167,0.69766,0.14444,0.69766,0.10972,0.69609,0.07639,0.71094,0.21250,0.71953,0.17222,0.72109,0.14444,0.72031,0.11667,0.61027,0.81126,0.9997,0.74392,0.76188,0.9354,0.69586,0.35822,0.9970,0.68872,0.61845,0.67891,0.36944,115.04,0.9567,live,0.3862,0.2167,129.44,597.20
156066.981636,100.0,0.9474,2,2,0,0.67422,0.32222,0.63594,0.27083,0.62031,0.21528,0.61797,0.16389,0.61250,0.11944,0.64609,0.15000,0.63906,0.09861,0.63281,0.06667,0.62734,0.03472,0.66797,0.14028,0.66641,0.08333,0.66172,0.04583,0.65625,0.01389,0.68594,0.14722,0.68906,0.09306,0.68672,0.05833,0.68203,0.02639,0.70469,0.16389,0.71094,0.12222,0.71094,0.09583,0.70781,0.06806,0.61240,0.80738,0.9997,0.74243,0.71951,0.9388,0.68816,0.31788,0.9972,0.68582,0.55920,0.67422,0.32222,114.13,0.9577,live,0.3663,0.2757,167.56,607.71
156067.047820,100.0,0.0577,2,1,1,0.66797,0.30417,0.63281,0.25972,0.61719,0.20556,0.61328,0.15556,0.60625,0.11389,0.64219,0.14306,0.63438,0.09306,0.62813,0.06250,0.62187,0.03333,0.66328,0.13472,0.66094,0.07639,0.65625,0.04028,0.65000,0.00833,0.68125,0.14028,0.68281,0.08472,0.67891,0.04861,0.67344,0.01667,0.69844,0.15833,0.70312,0.11528,0.70234,0.08750,0.69844,0.05833,0.61228,0.80495,0.9997,0.74259,0.71187,0.9415,0.68344,0.30357,0.9974,0.68225,0.50820,0.66797,0.30417,106.90,0.9616,live,0.3604,0.3337,204.13,611.75
156067.114765,100.0,0.1693,2,1,1,0.66641,0.30833,0.63047,0.27083,0.61484,0.21806,0.61172,0.16667,0.60625,0.12361,0.63984,0.15278,0.63281,0.10139,0.62656,0.07222,0.62031,0.04444,0.66094,0.14444,0.65859,0.08611,0.65312,0.05000,0.64609,0.01944,0.67891,0.15000,0.68047,0.09444,0.67656,0.05972,0.67031,0.02917,0.69688,0.16528,0.70156,0.12361,0.70000,0.09583,0.69453,0.07083,0.61221,0.80464,0.9997,0.74224,0.71468,0.9424,0.68084,0.30391,0.9974,0.67908,0.46822,0.66641,0.30833,104.74,0.9549,live,0.3604,0.3794,232.84,613.75
156067.181381,100.0,0.2803,2,1,1,0.66328,0.33611,0.63203,0.29722,0.61719,0.23889,0.61484,0.18889,0.60938,0.14861,0.64297,0.17778,0.63672,0.12917,0.62969,0.09722,0.62344,0.06944,0.66406,0.16944,0.66250,0.11250,0.65703,0.07639,0.65078,0.04444,0.68203,0.17500,0.68437,0.12083,0.68047,0.08611,0.67344,0.05417,0.69844,0.19167,0.70469,0.15139,0.70391,0.12500,0.69844,0.10000,0.61233,0.80429,0.9997,0.74217,0.73444,0.9439,0.68116,0.33610,0.9975,0.67592,0.44180,0.66328,0.33611,105.49,0.9641,live,0.3692,0.4093,252.12,616.05
156067.248233,100.0,0.3917,2,1,1,0.66563,0.39167,0.63438,0.35417,0.61875,0.29861,0.61641,0.25000,0.61172,0.20972,0.64844,0.23472,0.64297,0.18194,0.63516,0.15556,0.62656,0.13056,0.66875,0.22917,0.66641,0.17083,0.66094,0.13750,0.65312,0.10833,0.68750,0.23750,0.68828,0.18194,0.68359,0.15139,0.67656,0.12500,0.70391,0.25556,0.70937,0.21528,0.70703,0.19028,0.70078,0.16806,0.60886,0.81074,0.9996,0.73871,0.79504,0.9448,0.68194,0.37360,0.9976,0.67386,0.43177,0.66563,0.39167,103.58,0.9707,live,0.3751,0.4020,247.93,616.71
156067.314790,100.0,0.5026,2,1,1,0.66797,0.45139,0.63750,0.43194,0.62266,0.38472,0.61797,0.34167,0.61328,0.30417,0.65234,0.31806,0.64687,0.27083,0.63906,0.25278,0.63047,0.23611,0.67344,0.31389,0.67344,0.26250,0.66641,0.23889,0.65703,0.21944,0.69219,0.32500,0.69453,0.27917,0.68828,0.25833,0.67891,0.24167,0.71016,0.34583,0.71562,0.31528,0.71250,0.30000,0.70547,0.29028,0.61063,0.81175,0.9996,0.73940,0.88593,0.9445,0.68209,0.50070,0.9977,0.67268,0.43570,0.66797,0.45139,91.80,0.9277,live,0.3751,0.3723,226.67,608.80
156067.381614,100.0,0.6140,2,1,1,0.67578,0.67500,0.64062,0.62500,0.62500,0.55556,0.62344,0.50000,0.62266,0.45417,0.65938,0.48611,0.65781,0.43056,0.65156,0.40139,0.64297,0.37778,0.68281,0.48611,0.68516,0.42361,0.67969,0.38750,0.67031,0.35694,0.70312,0.50000,0.70937,0.44167,0.70547,0.41250,0.69688,0.39028,0.72188,0.52778,0.73125,0.48333,0.73047,0.46111,0.72500,0.44444,0.61045,0.82822,0.9996,0.74067,1.00000,0.9401,0.68220,0.64798,0.9978,0.67330,0.48356,0.67578,0.67500,120.17,0.9782,live,0.3599,0.2905,180.78,622.26
156067.448282,100.0,0.7251,2,1,1,0.67734,0.73194,0.64453,0.70972,0.62813,0.65972,0.62734,0.61528,0.62656,0.57361,0.66328,0.59028,0.66172,0.53889,0.65703,0.52222,0.65000,0.50556,0.68984,0.59167,0.69531,0.53750,0.69141,0.51250,0.68516,0.49028,0.71250,0.61250,0.72031,0.56667,0.71719,0.54167,0.71094,0.51806,0.73281,0.64444,0.74531,0.61667,0.74531,0.60000,0.74062,0.58194,0.61510,0.84755,0.9996,0.76843,1.00000,0.9353,0.69709,0.80260,0.9978,0.67411,0.53323,0.67734,0.73194,99.48,0.9480,live,0.3346,0.2196,135.96,619.22
156067.515138,100.0,0.8366,2,1,1,0.69063,0.79722,0.65469,0.78194,0.63594,0.73194,0.63438,0.68611,0.63516,0.64028,0.66875,0.66944,0.67031,0.61528,0.66719,0.59306,0.66094,0.57083,0.69688,0.67222,0.70391,0.61389,0.70234,0.58056,0.69844,0.55278,0.72109,0.69167,0.73047,0.63889,0.73125,0.60833,0.72891,0.57917,0.74297,0.72361,0.75625,0.68611,0.75938,0.66528,0.75625,0.64722,0.62532,0.86018,0.9996,0.76807,1.00000,0.9284,0.70175,0.87856,0.9977,0.67741,0.58603,0.69063,0.79722,93.66,0.9169,live,0.3074,0.1834,112.33,612.35
156067.581725,100.0,0.9475,2,1,1,0.68125,0.87500,0.64531,0.83472,0.63359,0.76389,0.63750,0.70833,0.64062,0.66111,0.66875,0.69861,0.67266,0.64444,0.67109,0.61389,0.66641,0.58889,0.69766,0.70417,0.70625,0.64167,0.70781,0.60694,0.70391,0.57361,0.72109,0.72639,0.73281,0.66528,0.73516,0.63056,0.73359,0.59861,0.74219,0.76111,0.75547,0.71806,0.75938,0.69306,0.75781,0.66806,0.62476,0.86690,0.9996,0.74271,1.00000,0.9160,0.70332,0.89692,0.9976,0.67818,0.64383,0.68125,0.87500,117.54,0.9874,live,0.2963,0.2457,153.17,623.49
156067.648619,100.0,0.0590,2,2,0,0.68203,0.89306,0.64609,0.84167,0.63438,0.76944,0.63906,0.70833,0.64219,0.65833,0.67109,0.69861,0.67266,0.64444,0.67031,0.61389,0.66641,0.58611,0.70000,0.70139,0.70625,0.64028,0.70625,0.60417,0.70234,0.56944,0.72422,0.72083,0.73359,0.66250,0.73516,0.62639,0.73359,0.59306,0.74453,0.75417,0.75547,0.71250,0.75859,0.68611,0.75703,0.65972,0.62441,0.86771,0.9996,0.73785,1.00000,0.9077,0.70438,0.89925,0.9974,0.67895,0.69367,0.68203,0.89306,127.71,0.9885,live,0.2963,0.2946,188.74,640.62
156067.715300,100.0,0.1702,2,2,0,0.68281,0.89583,0.64531,0.84028,0.63125,0.76389,0.63516,0.70278,0.63906,0.65278,0.66875,0.69306,0.67031,0.63750,0.66719,0.60694,0.66250,0.58056,0.69688,0.69444,0.70234,0.63333,0.70234,0.59722,0.69766,0.56528,0.72031,0.71389,0.72891,0.65556,0.72969,0.61806,0.72656,0.58472,0.74141,0.74583,0.75156,0.70278,0.75469,0.67639,0.75234,0.65000,0.62690,0.86662,0.9996,0.73778,1.00000,0.9038,0.70449,0.89306,0.9975,0.67972,0.73410,0.68281,0.89583,131.29,0.9865,live,0.3025,0.3310,217.86,658.28
156067.781879,100.0,0.2811,2,2,0,0.67969,0.88472,0.64375,0.82778,0.62969,0.75417,0.63359,0.69306,0.63594,0.64167,0.66641,0.68472,0.66719,0.62917,0.66406,0.59861,0.65859,0.56944,0.69375,0.68611,0.69844,0.62222,0.69766,0.58472,0.69375,0.55000,0.71641,0.70417,0.72422,0.64306,0.72500,0.60556,0.72188,0.56944,0.73672,0.73472,0.74687,0.69167,0.74922,0.66250,0.74687,0.63472,0.62669,0.86825,0.9997,0.74087,1.00000,0.9090,0.70439,0.89137,0.9976,0.67972,0.76423,0.67969,0.88472,129.10,0.9831,live,0.3122,0.3563,239.54,672.24
156067.848671,100.0,0.3924,2,2,0,0.68359,0.83889,0.64453,0.78056,0.62734,0.70833,0.62969,0.64861,0.63281,0.59861,0.66406,0.63750,0.66250,0.58056,0.65781,0.54861,0.65234,0.51944,0.69063,0.63750,0.69375,0.57361,0.69219,0.53333,0.68828,0.49722,0.71328,0.65278,0.71875,0.59306,0.71875,0.55417,0.71562,0.51528,0.73516,0.68194,0.74453,0.63472,0.74609,0.60556,0.74453,0.57778,0.62394,0.86427,0.9997,0.74675,1.00000,0.9057,0.70510,0.87319,0.9977,0.68049,0.77916,0.68359,0.83889,129.94,0.9726,live,0.3210,0.3612,247.50,685.13
156067.914829,100.0,0.5027,2,2,0,0.68516,0.76389,0.64609,0.67917,0.63281,0.60833,0.63438,0.55000,0.63516,0.50556,0.66406,0.56528,0.66094,0.50417,0.65859,0.46250,0.65781,0.42361,0.68750,0.55972,0.69063,0.49583,0.69141,0.45000,0.69141,0.40972,0.70859,0.56667,0.71250,0.50833,0.71328,0.46389,0.71250,0.42500,0.72891,0.58889,0.73672,0.53611,0.73750,0.50278,0.73672,0.47083,0.62130,0.84864,0.9997,0.74567,1.00000,0.9058,0.70123,0.74145,0.9978,0.68142,0.77611,0.68516,0.76389,128.79,0.9309,live,0.3210,0.3063,213.09,695.64
156067.982142,100.0,0.6149,2,2,0,0.68203,0.66528,0.64297,0.57639,0.63359,0.50833,0.63594,0.45278,0.63672,0.40972,0.66250,0.47500,0.66172,0.41389,0.66172,0.37500,0.66250,0.33889,0.68203,0.47361,0.68672,0.41111,0.68828,0.36944,0.68984,0.33333,0.70078,0.47778,0.70625,0.42083,0.70781,0.37639,0.70859,0.33889,0.72031,0.49306,0.72656,0.43889,0.72734,0.40417,0.72813,0.37361,0.61678,0.83636,0.9997,0.74259,1.00000,0.9056,0.69774,0.61823,0.9978,0.68155,0.75394,0.68203,0.66528,121.43,0.8885,live,0.3089,0.2535,177.32,699.59
156068.048896,100.0,0.7262,2,2,0,0.68203,0.56528,0.64141,0.48333,0.63203,0.42361,0.63203,0.37361,0.63438,0.33333,0.65547,0.39444,0.65312,0.33472,0.65234,0.29861,0.65312,0.26389,0.67422,0.39167,0.67500,0.33194,0.67578,0.29028,0.67578,0.25833,0.69141,0.39306,0.69453,0.33889,0.69453,0.29722,0.69531,0.26389,0.71016,0.40139,0.71406,0.35139,0.71484,0.31944,0.71562,0.28889,0.61377,0.83196,0.9997,0.74064,0.91784,0.9074,0.69118,0.52790,0.9978,0.68164,0.71621,0.68203,0.56528,111.64,0.8556,live,0.2893,0.1999,139.16,696.02
156068.115113,100.0,0.8365,2,2,0,0.67500,0.47500,0.63672,0.41111,0.62422,0.36250,0.62422,0.31806,0.63047,0.28611,0.65234,0.32917,0.64766,0.28333,0.64531,0.25000,0.64375,0.21806,0.67031,0.32222,0.67109,0.27083,0.67031,0.23472,0.66875,0.20000,0.68672,0.32222,0.68906,0.27500,0.68750,0.24167,0.68594,0.21111,0.70391,0.33194,0.70781,0.29028,0.70781,0.26389,0.70547,0.23611,0.61170,0.83241,0.9997,0.73924,0.85467,0.9111,0.68879,0.47179,0.9979,0.68031,0.66797,0.67500,0.47500,98.64,0.8127,live,0.2738,0.2036,139.16,683.52
156068.182169,100.0,0.9483,2,2,0,0.66484,0.41111,0.62969,0.36806,0.61719,0.32917,0.61719,0.29028,0.62109,0.25972,0.64453,0.29722,0.64062,0.25556,0.63672,0.22500,0.63516,0.19722,0.66328,0.28889,0.66328,0.24444,0.66172,0.21111,0.65938,0.18194,0.68047,0.28750,0.68281,0.24444,0.68047,0.21250,0.67812,0.18333,0.69844,0.29306,0.70234,0.25556,0.70078,0.23056,0.69766,0.20417,0.61162,0.83260,0.9997,0.73914,0.81803,0.9150,0.68550,0.43800,0.9980,0.67722,0.61660,0.66484,0.41111,84.59,0.8916,live,0.2564,0.1769,117.18,662.41
156068.248741,100.0,0.0592,2,1,1,0.65938,0.37361,0.62578,0.35000,0.61172,0.31944,0.61094,0.28333,0.61406,0.25556,0.63750,0.29028,0.63281,0.24861,0.62891,0.21944,0.62578,0.19444,0.65625,0.28056,0.65547,0.23611,0.65312,0.20417,0.65078,0.17639,0.67344,0.27639,0.67344,0.23472,0.67109,0.20278,0.66875,0.17500,0.69141,0.27778,0.69453,0.24167,0.69297,0.21667,0.68984,0.19306,0.61173,0.83153,0.9997,0.73648,0.81327,0.9194,0.68321,0.43088,0.9981,0.67365,0.56800,0.65938,0.37361,70.79,0.9101,live,0.2564,0.2404,152.38,633.89
156068.315279,100.0,0.1701,2,1,1,0.65469,0.36667,0.62187,0.35000,0.60703,0.32083,0.60547,0.28333,0.60781,0.25556,0.63281,0.29167,0.62734,0.25139,0.62344,0.22222,0.62109,0.19583,0.65156,0.28056,0.65000,0.23611,0.64766,0.20417,0.64609,0.17639,0.66797,0.27639,0.66797,0.23472,0.66484,0.20139,0.66250,0.17500,0.68516,0.27778,0.68828,0.24167,0.68672,0.21667,0.68359,0.19444,0.61074,0.83300,0.9997,0.73339,0.82035,0.9228,0.67892,0.42175,0.9983,0.66986,0.52773,0.65469,0.36667,66.41,0.8062,live,0.2642,0.2999,181.66,605.64
156068.382176,100.0,0.2816,2,1,1,0.65547,0.37500,0.62031,0.35417,0.60625,0.32500,0.60547,0.28750,0.60781,0.25972,0.63203,0.29583,0.62578,0.25417,0.62266,0.22500,0.61953,0.19722,0.65078,0.28611,0.64922,0.24028,0.64687,0.20833,0.64375,0.17917,0.66797,0.28194,0.66797,0.23889,0.66484,0.20556,0.66250,0.17917,0.68594,0.28194,0.68906,0.24583,0.68750,0.22083,0.68359,0.19861,0.61063,0.83340,0.9996,0.73265,0.82285,0.9259,0.67533,0.42477,0.9984,0.66698,0.49719,0.65547,0.37500,68.98,0.8301,live,0.2797,0.3499,203.89,582.63
156068.448517,100.0,0.3922,2,1,1,0.65469,0.39861,0.61953,0.37500,0.60703,0.34028,0.60625,0.30278,0.60859,0.27500,0.63281,0.31250,0.62734,0.26667,0.62344,0.23611,0.62109,0.20833,0.65234,0.30278,0.65000,0.25278,0.64844,0.22083,0.64609,0.19167,0.66953,0.29861,0.66953,0.25278,0.66719,0.21806,0.66563,0.19028,0.68750,0.30139,0.69141,0.26389,0.68984,0.23750,0.68594,0.21389,0.61029,0.83279,0.9996,0.72853,0.83393,0.9284,0.67311,0.43898,0.9985,0.66452,0.47747,0.65469,0.39861,72.30,0.8247,live,0.2989,0.3866,218.32,564.77
156068.515146,100.0,0.5032,2,1,1,0.65156,0.45000,0.62031,0.43472,0.60625,0.39306,0.60547,0.35139,0.60703,0.32083,0.63125,0.35139,0.62656,0.30278,0.62344,0.27222,0.62031,0.24583,0.65156,0.34167,0.65078,0.28750,0.64844,0.25556,0.64531,0.22639,0.66953,0.34167,0.67109,0.29028,0.66797,0.25694,0.66563,0.22778,0.68828,0.35000,0.69297,0.30972,0.69219,0.28333,0.68906,0.25833,0.60901,0.83277,0.9996,0.73011,0.88506,0.9277,0.67116,0.48527,0.9985,0.66193,0.47198,0.65156,0.45000,78.15,0.7958,live,0.3117,0.3698,204.58,553.26
156068.582264,100.0,0.6151,2,1,1,0.65625,0.41111,0.63438,0.42361,0.61797,0.42917,0.60781,0.42778,0.60469,0.41389,0.63203,0.39028,0.62734,0.36944,0.62422,0.35139,0.62109,0.33056,0.65391,0.37917,0.65234,0.34583,0.65078,0.32778,0.64844,0.30417,0.67188,0.37778,0.67422,0.35139,0.67344,0.33333,0.67109,0.31389,0.68906,0.38611,0.69609,0.37361,0.69766,0.36806,0.69844,0.35972,0.61046,0.83469,0.9996,0.73460,1.00000,0.9278,0.67134,0.58989,0.9985,0.66079,0.45980,0.65625,0.41111,44.10,0.7467,live,0.3203,0.3597,186.53,518.62
156068.649142,100.0,0.7266,2,1,1,0.66172,0.77500,0.62344,0.72222,0.60625,0.64444,0.60703,0.58611,0.60703,0.54306,0.64219,0.58333,0.63750,0.52500,0.63047,0.48750,0.62344,0.45417,0.66563,0.57917,0.66563,0.51250,0.66250,0.46944,0.65781,0.43194,0.68672,0.59306,0.68906,0.52639,0.68672,0.48750,0.68281,0.45417,0.70625,0.61667,0.71328,0.56806,0.71328,0.53611,0.71016,0.50972,0.61813,0.83701,0.9996,0.75560,1.00000,0.9240,0.67692,0.75450,0.9984,0.66098,0.52284,0.66172,0.77500,123.56,0.9590,live,0.3128,0.2786,151.95,545.35
156068.715620,100.0,0.8374,2,1,1,0.65391,0.85139,0.62109,0.81667,0.60547,0.75139,0.60625,0.69722,0.60859,0.65278,0.64219,0.68056,0.64141,0.62639,0.63516,0.60833,0.62656,0.59167,0.66719,0.68333,0.67266,0.62222,0.66953,0.59444,0.66406,0.56944,0.68906,0.70417,0.69609,0.65000,0.69609,0.62222,0.69063,0.59722,0.70937,0.73472,0.72109,0.69306,0.72422,0.67639,0.72031,0.66111,0.62925,0.84363,0.9996,0.75026,1.00000,0.9249,0.68337,0.88348,0.9983,0.65956,0.58855,0.65391,0.85139,112.63,0.9740,live,0.2934,0.2052,115.13,561.00
156068.782441,100.0,0.9487,2,1,1,0.65859,0.92778,0.62266,0.89444,0.60625,0.82778,0.60625,0.77222,0.60938,0.72361,0.64297,0.75278,0.64453,0.69583,0.63984,0.67500,0.63203,0.66528,0.67109,0.75556,0.67734,0.69306,0.67422,0.66389,0.66563,0.64444,0.69453,0.77778,0.70391,0.72083,0.70234,0.69306,0.69688,0.67083,0.71484,0.81528,0.72734,0.78056,0.72969,0.75972,0.72734,0.74167,0.62848,0.84735,0.9996,0.71736,1.00000,0.9160,0.68365,0.94022,0.9980,0.65937,0.65640,0.65859,0.92778,115.85,0.9895,live,0.2851,0.2473,142.72,577.09
156068.848726,100.0,0.0592,2,2,0,0.65625,0.96806,0.62266,0.92083,0.60859,0.84861,0.61094,0.79306,0.61406,0.74583,0.64531,0.77361,0.64844,0.72083,0.64375,0.69444,0.63516,0.68333,0.67422,0.77778,0.68203,0.72083,0.68047,0.68889,0.67422,0.66944,0.69766,0.80139,0.70703,0.75000,0.70703,0.71944,0.70156,0.69722,0.71719,0.84028,0.73047,0.80556,0.73359,0.78472,0.73203,0.76528,0.62549,0.85203,0.9996,0.70220,1.00000,0.9049,0.68356,0.94837,0.9974,0.65875,0.71873,0.65625,0.96806,126.00,0.9954,live,0.2902,0.3131,187.40,598.56
156068.915481,100.0,0.1705,2,2,0,0.65938,0.96806,0.62500,0.91111,0.61172,0.84028,0.61406,0.78194,0.61719,0.73472,0.64844,0.76528,0.64922,0.71389,0.64609,0.68889,0.63984,0.67083,0.67656,0.77083,0.68359,0.71250,0.68281,0.68194,0.67578,0.65833,0.69922,0.79444,0.71016,0.73889,0.70937,0.70833,0.70391,0.68889,0.71953,0.83333,0.73203,0.79444,0.73594,0.77083,0.73516,0.75139,0.62266,0.84722,0.9996,0.70530,1.00000,0.8981,0.68465,0.94896,0.9971,0.65887,0.76859,0.65938,0.96806,129.39,0.9946,live,0.3026,0.3591,222.58,619.89
156068.982568,100.0,0.2823,2,2,0,0.66172,0.94583,0.62656,0.89028,0.61172,0.82083,0.61406,0.76389,0.61719,0.71528,0.64844,0.74306,0.65000,0.69167,0.64687,0.66528,0.64141,0.64583,0.67656,0.74722,0.68281,0.68889,0.68203,0.65694,0.67656,0.63056,0.70000,0.76944,0.70859,0.71667,0.70937,0.68611,0.70547,0.66250,0.72109,0.80556,0.73359,0.76667,0.73750,0.74444,0.73750,0.72361,0.62235,0.84778,0.9996,0.72751,1.00000,0.8932,0.68738,0.93437,0.9969,0.65944,0.80404,0.66172,0.94583,130.24,0.9912,live,0.3179,0.3879,247.96,639.28
156069.049119,100.0,0.3932,2,2,0,0.66641,0.89861,0.62813,0.83750,0.61016,0.76389,0.61094,0.70972,0.61172,0.66111,0.64687,0.69028,0.64531,0.63889,0.64062,0.61111,0.63359,0.58889,0.67422,0.69167,0.67734,0.63333,0.67578,0.59861,0.67188,0.56806,0.69844,0.70972,0.70469,0.65833,0.70547,0.62500,0.70312,0.59306,0.72031,0.74167,0.73203,0.70139,0.73516,0.67917,0.73281,0.65694,0.62396,0.85541,0.9996,0.74874,1.00000,0.8934,0.68992,0.91916,0.9970,0.66083,0.82296,0.66641,0.89861,133.71,0.9862,live,0.3321,0.3969,261.50,658.83
156069.115668,100.0,0.5041,2,2,0,0.67031,0.81806,0.63359,0.74028,0.61562,0.66667,0.61406,0.60694,0.61484,0.55694,0.64687,0.60833,0.64219,0.55000,0.64062,0.51111,0.64062,0.47500,0.67188,0.60833,0.67578,0.55000,0.67812,0.50833,0.68047,0.47361,0.69453,0.62083,0.70000,0.56806,0.70312,0.52639,0.70469,0.48889,0.71484,0.64861,0.72422,0.60278,0.72813,0.57222,0.73047,0.54444,0.62148,0.85424,0.9996,0.77629,1.00000,0.8966,0.68995,0.77777,0.9972,0.66273,0.82198,0.67031,0.81806,132.83,0.9672,live,0.3421,0.3872,261.52,675.41
156069.182429,100.0,0.6154,2,2,0,0.67656,0.61111,0.63828,0.56528,0.61875,0.49861,0.61562,0.44444,0.61484,0.39861,0.65234,0.42639,0.64766,0.36389,0.64297,0.32639,0.63906,0.29306,0.68047,0.42222,0.68125,0.35139,0.67891,0.30972,0.67812,0.27222,0.70391,0.43611,0.70859,0.36806,0.70859,0.33056,0.70781,0.29583,0.72500,0.46389,0.73438,0.41389,0.73750,0.38472,0.73906,0.35833,0.60898,0.83873,0.9996,0.75576,0.98672,0.8980,0.68940,0.60479,0.9973,0.66550,0.77980,0.67656,0.61111,123.07,0.9461,live,0.3375,0.3166,216.25,682.98
156069.249147,100.0,0.7266,2,2,0,0.68203,0.52361,0.63984,0.43889,0.62344,0.36944,0.62109,0.31111,0.62109,0.25972,0.64922,0.33194,0.64531,0.26806,0.64531,0.23194,0.64687,0.19722,0.67344,0.32639,0.67500,0.26528,0.67734,0.22639,0.67969,0.19306,0.69531,0.32917,0.69922,0.27361,0.70156,0.23056,0.70312,0.19306,0.71875,0.34167,0.72578,0.28333,0.72969,0.24722,0.73359,0.21250,0.60455,0.82863,0.9996,0.73392,0.84123,0.9012,0.69013,0.47782,0.9975,0.66880,0.72856,0.68203,0.52361,128.78,0.8639,live,0.3206,0.2440,169.26,693.74
156069.315899,100.0,0.8378,2,2,0,0.68203,0.42500,0.63984,0.34028,0.62813,0.26944,0.62500,0.21111,0.62266,0.15833,0.65469,0.23611,0.65078,0.17500,0.64922,0.14306,0.64844,0.11111,0.67578,0.23194,0.67578,0.17222,0.67656,0.13750,0.67734,0.11111,0.69609,0.23333,0.69922,0.17500,0.70078,0.13472,0.70156,0.09861,0.71797,0.24306,0.72266,0.18472,0.72500,0.15139,0.72734,0.11944,0.59911,0.81930,0.9996,0.72189,0.79682,0.9027,0.69024,0.39532,0.9976,0.67145,0.66785,0.68203,0.42500,124.91,0.9062,live,0.2940,0.1728,121.02,700.43
156069.382697,100.0,0.9492,2,2,0,0.68047,0.34722,0.63594,0.26667,0.62344,0.20000,0.62266,0.14306,0.62109,0.08750,0.65000,0.15556,0.64687,0.09306,0.64766,0.05417,0.64922,0.01944,0.67266,0.15139,0.67344,0.08611,0.67500,0.04444,0.67734,0.01111,0.69297,0.15278,0.69688,0.09167,0.70000,0.04583,0.70156,0.00278,0.71562,0.16250,0.72188,0.10139,0.72500,0.06528,0.72813,0.02917,0.59787,0.80359,0.9996,0.71236,0.73073,0.9058,0.68969,0.32469,0.9978,0.67325,0.60373,0.68047,0.34722,127.33,0.9266,live,0.2815,0.2245,158.93,708.06
156069.449356,100.0,0.0603,2,1,1,0.67578,0.29861,0.63438,0.23889,0.61875,0.17361,0.61875,0.11250,0.61797,0.06250,0.64766,0.10278,0.64453,0.03750,0.64453,0.00000,0.64609,0.00000,0.67188,0.09306,0.67344,0.02500,0.67578,0.00000,0.67812,0.00000,0.69219,0.10000,0.69766,0.03333,0.70000,0.00000,0.70234,0.00000,0.71484,0.11944,0.72422,0.06389,0.72813,0.02639,0.73203,0.00000,0.59767,0.79848,0.9996,0.70837,0.71211,0.9088,0.68944,0.29569,0.9978,0.67376,0.54270,0.67578,0.29861,129.70,0.9430,live,0.2815,0.2829,202.68,716.47
156069.515834,100.0,0.1710,2,1,1,0.67344,0.28472,0.63281,0.23333,0.61719,0.17222,0.61719,0.11389,0.61719,0.06250,0.64609,0.10417,0.64219,0.03611,0.64062,0.00000,0.64062,0.00000,0.67109,0.09583,0.67266,0.01944,0.67500,0.00000,0.67734,0.00000,0.69219,0.10278,0.69766,0.02917,0.70156,0.00000,0.70469,0.00000,0.71484,0.12083,0.72266,0.05833,0.72656,0.01806,0.72969,0.00000,0.59790,0.79811,0.9996,0.70572,0.72389,0.9128,0.68849,0.30231,0.9979,0.67369,0.49111,0.67344,0.28472,122.21,0.9491,live,0.2909,0.3335,239.63,718.49
156069.582718,100.0,0.2825,2,1,1,0.67266,0.30000,0.63125,0.25000,0.61641,0.18750,0.61719,0.12778,0.61719,0.07639,0.64687,0.12083,0.64297,0.05278,0.64219,0.00972,0.64375,0.00000,0.67188,0.11250,0.67266,0.03750,0.67578,0.00000,0.67969,0.00000,0.69297,0.12083,0.69766,0.04861,0.70078,0.00278,0.70391,0.00000,0.71484,0.14028,0.72266,0.08611,0.72578,0.05139,0.72891,0.01528,0.59835,0.79910,0.9996,0.70650,0.73101,0.9163,0.68850,0.30582,0.9980,0.67349,0.45289,0.67266,0.30000,120.83,0.9499,live,0.3053,0.3712,266.96,719.27
156069.649621,100.0,0.3940,2,1,1,0.66797,0.35000,0.63203,0.30556,0.61641,0.23889,0.61797,0.18056,0.61641,0.13194,0.64844,0.17083,0.64531,0.10417,0.64297,0.06250,0.64219,0.02500,0.67344,0.16528,0.67500,0.08750,0.67656,0.03889,0.67734,0.00000,0.69453,0.17500,0.70000,0.10139,0.70234,0.05694,0.70312,0.01806,0.71484,0.19583,0.72344,0.14167,0.72734,0.10694,0.72969,0.07500,0.59924,0.80230,0.9996,0.71115,0.73374,0.9197,0.68850,0.33153,0.9981,0.67238,0.43231,0.66797,0.35000,119.41,0.9386,live,0.3207,0.3907,280.92,718.93
156069.715929,100.0,0.5045,2,1,1,0.66016,0.42778,0.62734,0.39583,0.61328,0.33611,0.61328,0.28333,0.61328,0.23750,0.64687,0.26389,0.64375,0.20000,0.64141,0.16667,0.63984,0.13472,0.67188,0.26111,0.67500,0.18889,0.67500,0.15000,0.67578,0.11389,0.69297,0.27639,0.70000,0.20972,0.70078,0.17083,0.70078,0.13333,0.71406,0.30417,0.72422,0.25972,0.72656,0.22917,0.72734,0.20000,0.59883,0.80733,0.9995,0.71657,0.84660,0.9228,0.68239,0.45641,0.9982,0.66994,0.43140,0.66016,0.42778,110.88,0.9248,live,0.3264,0.3524,251.07,712.49
156069.782701,100.0,0.6158,2,1,1,0.66641,0.68333,0.62969,0.62639,0.61328,0.54722,0.61172,0.48333,0.60938,0.43333,0.64844,0.47500,0.64531,0.40556,0.64141,0.36250,0.63750,0.32361,0.67578,0.47500,0.67891,0.39861,0.67734,0.35139,0.67500,0.31250,0.69922,0.49028,0.70547,0.41806,0.70547,0.37778,0.70391,0.34306,0.71953,0.52083,0.72969,0.47083,0.73359,0.43889,0.73516,0.41250,0.59941,0.80896,0.9995,0.71879,0.97073,0.9198,0.67852,0.63061,0.9983,0.66923,0.48179,0.66641,0.68333,133.59,0.9590,live,0.3209,0.2960,214.05,723.18
156069.849960,100.0,0.7279,2,1,1,0.67266,0.88056,0.63359,0.83056,0.61406,0.75278,0.61328,0.69861,0.61484,0.65139,0.65312,0.66944,0.65078,0.60833,0.64687,0.57500,0.63984,0.55278,0.68437,0.67083,0.68906,0.60000,0.68828,0.56389,0.68281,0.54444,0.71016,0.69167,0.71797,0.62639,0.72031,0.59167,0.71719,0.57083,0.73281,0.72917,0.74766,0.68194,0.75078,0.65417,0.74766,0.63333,0.61249,0.84297,0.9996,0.75364,1.00000,0.9181,0.68987,0.84952,0.9982,0.66992,0.56154,0.67266,0.88056,137.48,0.9762,live,0.3049,0.2316,170.34,735.38
156069.916126,100.0,0.8382,2,1,1,0.68516,0.95556,0.64609,0.93194,0.62266,0.86806,0.62187,0.81250,0.62656,0.76389,0.66094,0.78194,0.66328,0.71944,0.66172,0.70694,0.65938,0.70556,0.69375,0.78611,0.70156,0.72361,0.70312,0.70000,0.70312,0.69028,0.72109,0.81111,0.73203,0.75417,0.73516,0.73333,0.73594,0.72222,0.74531,0.85000,0.75938,0.80972,0.76641,0.79444,0.77031,0.78750,0.61287,0.84625,0.9996,0.71928,1.00000,0.9042,0.69817,0.96447,0.9978,0.67296,0.64034,0.68516,0.95556,119.52,0.9746,live,0.2869,0.2053,150.55,733.19
156069.983071,100.0,0.9498,2,1,1,0.68516,0.99861,0.64609,0.97361,0.62656,0.90972,0.62891,0.85278,0.63438,0.80556,0.66563,0.82639,0.66953,0.77083,0.66875,0.74444,0.66797,0.73472,0.69844,0.83194,0.70625,0.77083,0.70859,0.74167,0.70937,0.72778,0.72500,0.85694,0.73594,0.79861,0.74062,0.77083,0.74297,0.75833,0.74844,0.89722,0.76172,0.85417,0.76953,0.83472,0.77578,0.82639,0.62341,0.86581,0.9996,0.71101,1.00000,0.8931,0.69876,1.00000,0.9970,0.67540,0.71200,0.68516,0.99861,118.59,0.9713,live,0.2869,0.2767,202.18,730.59
156070.049916,100.0,0.0612,2,2,0,0.68984,0.99444,0.64922,0.96250,0.62578,0.89861,0.62734,0.84167,0.63516,0.79306,0.66406,0.81111,0.66719,0.75556,0.66797,0.72778,0.66797,0.71528,0.69688,0.81389,0.70391,0.75278,0.70703,0.72361,0.70859,0.70972,0.72500,0.83750,0.73359,0.78056,0.73906,0.75278,0.74141,0.73889,0.74922,0.87639,0.76328,0.82917,0.77187,0.81250,0.77656,0.80417,0.62243,0.86229,0.9996,0.70442,1.00000,0.8843,0.70233,0.99594,0.9962,0.67829,0.76849,0.68984,0.99444,124.77,0.9882,live,0.2950,0.3316,242.98,732.76
156070.116346,100.0,0.1719,2,2,0,0.68828,0.97778,0.64687,0.94028,0.62422,0.87083,0.62422,0.81250,0.63047,0.76250,0.66172,0.78333,0.66406,0.72917,0.66328,0.70278,0.66250,0.68472,0.69375,0.78611,0.69922,0.72917,0.70312,0.70000,0.70391,0.67917,0.72188,0.80833,0.72969,0.75278,0.73438,0.72639,0.73672,0.70833,0.74687,0.84444,0.75859,0.79861,0.76641,0.78194,0.77031,0.77222,0.61812,0.86035,0.9996,0.70576,1.00000,0.8763,0.70339,0.96336,0.9958,0.68029,0.81035,0.68828,0.97778,130.40,0.9865,live,0.3085,0.3698,273.21,738.72
156070.183091,100.0,0.2831,2,2,0,0.68437,0.94306,0.64297,0.90417,0.62109,0.83194,0.62109,0.77500,0.62422,0.72361,0.65781,0.74583,0.65781,0.69444,0.65625,0.66528,0.65234,0.64444,0.68906,0.74583,0.69375,0.68750,0.69531,0.65694,0.69375,0.63056,0.71641,0.76528,0.72344,0.70972,0.72734,0.68333,0.72734,0.65833,0.74141,0.80000,0.75313,0.75833,0.75859,0.73889,0.75938,0.71944,0.61802,0.86156,0.9996,0.71394,1.00000,0.8731,0.70389,0.94287,0.9957,0.68111,0.83689,0.68437,0.94306,132.07,0.9919,live,0.3235,0.3923,292.34,745.16
156070.249530,100.0,0.3939,2,2,0,0.67891,0.88889,0.63984,0.82500,0.61875,0.75694,0.61641,0.69861,0.61719,0.64861,0.65234,0.67917,0.64922,0.62778,0.64609,0.59444,0.64375,0.56111,0.68125,0.67500,0.68359,0.61944,0.68437,0.58194,0.68516,0.54583,0.70703,0.68889,0.71250,0.63611,0.71484,0.60000,0.71484,0.56528,0.73125,0.71944,0.74062,0.67222,0.74531,0.64583,0.74687,0.62083,0.61980,0.86124,0.9996,0.75544,1.00000,0.8729,0.70472,0.88740,0.9959,0.68067,0.84729,0.67891,0.88889,138.27,0.9763,live,0.3368,0.3970,299.82,755.30
156070.316178,100.0,0.5050,2,2,0,0.67266,0.79167,0.63594,0.71389,0.61797,0.63750,0.61484,0.57083,0.61484,0.51528,0.64375,0.59028,0.63828,0.52917,0.63672,0.49583,0.63750,0.46250,0.66719,0.58750,0.66719,0.52917,0.66797,0.49306,0.66875,0.46111,0.68984,0.59306,0.69297,0.53750,0.69375,0.49583,0.69453,0.45833,0.71328,0.60833,0.71797,0.55278,0.72188,0.51944,0.72578,0.48611,0.61557,0.83419,0.9996,0.74850,1.00000,0.8769,0.69122,0.69911,0.9962,0.67906,0.83616,0.67266,0.79167,132.16,0.9092,live,0.3368,0.3469,263.60,759.81
156070.382986,100.0,0.6163,2,2,0,0.67109,0.62222,0.62734,0.54028,0.61016,0.46944,0.60859,0.40833,0.60781,0.35556,0.63594,0.42639,0.63047,0.36250,0.63047,0.32778,0.63047,0.29306,0.65781,0.42222,0.65781,0.35972,0.65938,0.32083,0.65938,0.29028,0.67891,0.42500,0.68125,0.36528,0.68281,0.32500,0.68359,0.28889,0.70156,0.43611,0.70625,0.37639,0.70859,0.34028,0.71094,0.30556,0.60952,0.82686,0.9996,0.74234,0.92878,0.8838,0.67895,0.55059,0.9965,0.67747,0.79338,0.67109,0.62222,129.21,0.8914,live,0.3249,0.2708,206.23,761.67
156070.449879,100.0,0.7278,2,2,0,0.66641,0.51250,0.62422,0.43611,0.60938,0.36944,0.60469,0.31389,0.60156,0.26667,0.63047,0.33889,0.62656,0.27778,0.62500,0.24028,0.62422,0.20556,0.65156,0.33194,0.65156,0.26806,0.65234,0.22917,0.65234,0.19583,0.67109,0.33194,0.67344,0.27222,0.67422,0.22917,0.67422,0.19167,0.69219,0.33889,0.69453,0.28056,0.69531,0.24583,0.69531,0.21250,0.60816,0.82467,0.9996,0.73332,0.84399,0.8891,0.67120,0.46990,0.9968,0.67526,0.73720,0.66641,0.51250,118.21,0.8688,live,0.3155,0.2730,206.23,755.39
156070.516182,100.0,0.8383,2,2,0,0.66094,0.43333,0.61562,0.36528,0.60000,0.30417,0.59688,0.24861,0.60000,0.20694,0.62500,0.26389,0.61953,0.20833,0.61641,0.17083,0.61406,0.13333,0.64453,0.25417,0.64375,0.19583,0.64219,0.15278,0.63984,0.11528,0.66328,0.25278,0.66328,0.20139,0.66094,0.15972,0.65781,0.12222,0.68281,0.26389,0.68437,0.21389,0.68281,0.18194,0.68047,0.15139,0.60481,0.82367,0.9996,0.73123,0.81503,0.8933,0.67037,0.41432,0.9970,0.67239,0.67643,0.66094,0.43333,115.06,0.8873,live,0.2885,0.1652,123.52,747.58
156070.583266,100.0,0.9501,2,2,0,0.65469,0.38194,0.61172,0.33333,0.59453,0.27917,0.59297,0.22361,0.59688,0.18056,0.61953,0.22917,0.61328,0.18056,0.60938,0.15139,0.60469,0.11806,0.64062,0.21667,0.63750,0.16389,0.63281,0.12917,0.62656,0.09306,0.65859,0.21667,0.65938,0.16667,0.65469,0.13194,0.64844,0.10000,0.67969,0.22500,0.68125,0.18194,0.67812,0.15278,0.67266,0.12361,0.60478,0.81863,0.9996,0.72740,0.78891,0.8972,0.66911,0.38558,0.9971,0.66885,0.61753,0.65469,0.38194,108.43,0.9133,live,0.2772,0.2258,166.17,735.94
156070.650048,100.0,0.0614,2,1,1,0.65234,0.37222,0.61328,0.32917,0.59531,0.27500,0.59375,0.21667,0.59922,0.17500,0.61797,0.23056,0.61172,0.18333,0.60625,0.15694,0.60078,0.12778,0.63828,0.21806,0.63438,0.16667,0.62969,0.13472,0.62187,0.10139,0.65625,0.21806,0.65469,0.16667,0.65000,0.13194,0.64297,0.10278,0.67578,0.22500,0.67578,0.18056,0.67422,0.15278,0.66797,0.12639,0.60484,0.81808,0.9996,0.72755,0.77745,0.9011,0.66824,0.37825,0.9972,0.66555,0.56847,0.65234,0.37222,101.95,0.9440,live,0.2772,0.2798,201.73,721.03
156070.716447,100.0,0.1721,2,1,1,0.65234,0.37500,0.61406,0.33194,0.59844,0.27778,0.59844,0.22222,0.60391,0.17778,0.61953,0.23611,0.61172,0.19028,0.60547,0.16389,0.59844,0.13611,0.63828,0.22500,0.63438,0.17222,0.62813,0.14028,0.62031,0.10972,0.65625,0.22500,0.65469,0.17222,0.65000,0.14028,0.64219,0.11111,0.67500,0.23056,0.67656,0.18611,0.67422,0.15694,0.66875,0.13056,0.60447,0.81837,0.9996,0.72866,0.78407,0.9054,0.66781,0.37306,0.9974,0.66291,0.52977,0.65234,0.37500,99.26,0.9555,live,0.2859,0.3255,229.79,705.98
156070.783021,100.0,0.2830,2,1,1,0.65078,0.39028,0.61562,0.35139,0.60156,0.29306,0.60391,0.23333,0.61094,0.18889,0.62187,0.24861,0.61406,0.20556,0.60781,0.17778,0.60078,0.15278,0.64141,0.23750,0.63906,0.18611,0.63359,0.15417,0.62500,0.12500,0.66016,0.23750,0.66094,0.18472,0.65547,0.15417,0.64687,0.12917,0.67891,0.24444,0.68281,0.19861,0.68047,0.16944,0.67344,0.14583,0.60447,0.81746,0.9996,0.72646,0.79655,0.9068,0.66776,0.39806,0.9975,0.66048,0.50188,0.65078,0.39028,100.80,0.9740,live,0.2993,0.3604,250.09,693.84
156070.850138,100.0,0.3949,2,1,1,0.65000,0.43472,0.61953,0.40000,0.60547,0.34167,0.60625,0.28472,0.61406,0.24306,0.62578,0.27778,0.61875,0.22778,0.61250,0.20278,0.60703,0.19861,0.64531,0.27083,0.64687,0.20833,0.63984,0.18056,0.63125,0.18333,0.66484,0.27778,0.66797,0.21389,0.66172,0.19028,0.65391,0.20278,0.68516,0.29028,0.69141,0.23750,0.68594,0.20833,0.67578,0.20972,0.60555,0.81762,0.9996,0.72729,0.80098,0.9087,0.66758,0.40994,0.9976,0.65839,0.48844,0.65000,0.43472,106.29,0.9902,live,0.3114,0.3664,251.75,687.11
156070.916764,100.0,0.5059,2,1,1,0.65078,0.49583,0.62187,0.48056,0.60313,0.42917,0.60391,0.38333,0.61484,0.34722,0.62187,0.34028,0.61719,0.28194,0.60703,0.27500,0.60469,0.30139,0.64453,0.33333,0.64766,0.25556,0.63438,0.25833,0.62891,0.29444,0.66641,0.34444,0.67031,0.27083,0.65625,0.27778,0.65312,0.31111,0.68828,0.36806,0.69297,0.31528,0.68203,0.31667,0.67656,0.34167,0.60552,0.81996,0.9996,0.73125,0.87584,0.9119,0.66426,0.49575,0.9978,0.65687,0.48992,0.65078,0.49583,106.58,0.9944,live,0.3114,0.3245,221.13,681.39
156070.984611,100.0,0.6190,2,1,1,0.64141,0.56250,0.62031,0.55278,0.60313,0.52222,0.60078,0.49722,0.61484,0.47500,0.61953,0.42222,0.61484,0.37083,0.60547,0.40000,0.60469,0.44028,0.64219,0.42222,0.64609,0.34861,0.63281,0.38333,0.62891,0.42500,0.66406,0.43889,0.67109,0.37222,0.65469,0.40694,0.64766,0.44583,0.68672,0.46667,0.68984,0.43056,0.67500,0.45139,0.66641,0.47639,0.60578,0.82003,0.9996,0.73965,0.95549,0.9131,0.66458,0.58210,0.9979,0.65377,0.50444,0.64141,0.56250,96.93,0.9863,live,0.3041,0.2707,181.20,669.41
156071.050186,100.0,0.7283,2,1,1,0.65703,0.54583,0.63359,0.55000,0.60938,0.54028,0.59844,0.55972,0.59609,0.57778,0.62656,0.48889,0.61562,0.46667,0.60547,0.51111,0.60234,0.55278,0.65078,0.49722,0.64687,0.44722,0.63203,0.50000,0.62578,0.54583,0.67266,0.51528,0.67500,0.47778,0.65625,0.52639,0.64531,0.56389,0.69297,0.54167,0.69219,0.53472,0.67656,0.56667,0.66484,0.59167,0.60770,0.82573,0.9996,0.74248,0.99675,0.9151,0.66389,0.67305,0.9979,0.65443,0.51272,0.65703,0.54583,57.92,0.9918,live,0.2885,0.2179,137.43,630.79
156071.116844,100.0,0.8394,2,1,1,0.65078,0.61389,0.62969,0.60972,0.61484,0.59583,0.61250,0.60556,0.61250,0.62361,0.62891,0.53194,0.61797,0.50694,0.60938,0.54861,0.60625,0.59028,0.65312,0.54028,0.65156,0.49444,0.63750,0.54444,0.62891,0.58889,0.67344,0.56250,0.67500,0.53194,0.65859,0.57778,0.64766,0.61250,0.68906,0.59167,0.68672,0.59306,0.67266,0.62361,0.66172,0.64444,0.60952,0.83327,0.9996,0.74568,1.00000,0.9174,0.66396,0.71751,0.9980,0.65370,0.53295,0.65078,0.61389,64.53,0.9983,live,0.2650,0.1578,94.94,601.56
156071.183732,100.0,0.9509,2,1,1,0.66563,0.64167,0.64531,0.62917,0.62969,0.61111,0.62109,0.61389,0.61562,0.62778,0.63438,0.54444,0.62031,0.52222,0.61094,0.56806,0.60703,0.60417,0.65859,0.55556,0.65312,0.51389,0.63750,0.56111,0.62891,0.59861,0.67734,0.58194,0.67969,0.55278,0.66094,0.59167,0.64844,0.62083,0.69375,0.61528,0.68672,0.61944,0.67031,0.64722,0.65938,0.66389,0.61037,0.83759,0.9996,0.74533,1.00000,0.9193,0.66531,0.73067,0.9980,0.65608,0.55469,0.66563,0.64167,68.88,0.9999,live,0.2358,0.1029,59.58,578.96
156071.250850,100.0,0.0627,2,2,0,0.66484,0.64722,0.64375,0.63611,0.62969,0.62083,0.62109,0.61944,0.61797,0.63056,0.63359,0.53750,0.61953,0.52222,0.61094,0.56111,0.60859,0.59306,0.65625,0.54306,0.65000,0.51944,0.63906,0.56111,0.63359,0.59444,0.67578,0.56806,0.67344,0.55278,0.65938,0.58611,0.65000,0.61250,0.69141,0.60278,0.68125,0.61389,0.66406,0.64028,0.65312,0.65694,0.61029,0.83755,0.9996,0.74510,1.00000,0.9192,0.66581,0.73976,0.9980,0.65783,0.57320,0.66484,0.64722,74.68,0.9999,live,0.2133,0.1103,62.15,563.25
156071.316979,100.0,0.1730,2,2,0,0.66094,0.65417,0.63984,0.64722,0.62344,0.63333,0.61719,0.62639,0.62344,0.62778,0.63125,0.54167,0.62031,0.51667,0.61172,0.55694,0.60781,0.59167,0.65547,0.54722,0.65234,0.51250,0.63984,0.55556,0.63359,0.59028,0.67578,0.57083,0.67578,0.54306,0.66016,0.57778,0.65000,0.60556,0.69141,0.60556,0.68594,0.60417,0.66875,0.62917,0.65625,0.64722,0.60997,0.83786,0.9996,0.74499,1.00000,0.9198,0.66620,0.73694,0.9981,0.65846,0.58939,0.66094,0.65417,77.22,0.9999,live,0.1988,0.1328,73.20,551.26
156071.383734,100.0,0.2842,2,2,0,0.66016,0.66806,0.63750,0.66667,0.61797,0.64861,0.61250,0.63611,0.62422,0.63194,0.63047,0.55833,0.62109,0.51667,0.61172,0.55694,0.60781,0.59444,0.65547,0.56250,0.65391,0.50556,0.63984,0.55417,0.63281,0.59167,0.67656,0.58472,0.67812,0.53889,0.66016,0.58056,0.65000,0.61111,0.69375,0.61667,0.68906,0.60139,0.67188,0.63056,0.66016,0.65278,0.60989,0.83814,0.9996,0.74495,1.00000,0.9204,0.66705,0.73932,0.9981,0.65880,0.60513,0.66016,0.66806,77.97,0.9998,live,0.1910,0.1557,84.26,541.25
156071.450498,100.0,0.3955,2,2,0,0.64766,0.68333,0.62813,0.68056,0.61016,0.65278,0.60781,0.63056,0.62500,0.61944,0.62578,0.55833,0.61797,0.50694,0.61172,0.55139,0.60938,0.59028,0.65078,0.56111,0.65156,0.49722,0.63984,0.54583,0.63359,0.58472,0.67266,0.58194,0.67734,0.52917,0.66172,0.57222,0.65234,0.60417,0.69297,0.61389,0.69141,0.59167,0.67578,0.61806,0.66406,0.64028,0.60937,0.82877,0.9997,0.74466,1.00000,0.9192,0.67000,0.73224,0.9980,0.65657,0.62077,0.64766,0.68333,88.44,0.9985,live,0.1910,0.1749,94.43,539.98
156071.517014,100.0,0.5063,2,2,0,0.65391,0.66389,0.63047,0.65278,0.61172,0.59861,0.61406,0.55417,0.63281,0.53333,0.62422,0.51111,0.62109,0.44861,0.61719,0.47778,0.61562,0.50833,0.64922,0.51111,0.65078,0.44167,0.64141,0.47639,0.63750,0.50556,0.67266,0.52500,0.67656,0.46389,0.66094,0.50278,0.65312,0.53333,0.69453,0.55278,0.69688,0.51250,0.68047,0.53750,0.66953,0.56250,0.60718,0.81931,0.9997,0.74396,0.97399,0.9203,0.67001,0.66014,0.9979,0.65604,0.62939,0.65391,0.66389,104.21,0.9984,live,0.1861,0.1639,90.20,550.21
156071.583595,100.0,0.6173,2,2,0,0.66250,0.59167,0.63125,0.53472,0.61719,0.47500,0.61953,0.42361,0.63203,0.38611,0.63359,0.41944,0.62891,0.36806,0.62187,0.36944,0.62031,0.37778,0.65156,0.41806,0.65000,0.36111,0.64219,0.37083,0.63906,0.38889,0.67109,0.42500,0.67031,0.36806,0.66016,0.38472,0.65625,0.41111,0.68984,0.44028,0.68828,0.38750,0.67734,0.40278,0.67188,0.42917,0.60662,0.81859,0.9997,0.74271,0.90735,0.9222,0.67020,0.54016,0.9980,0.65733,0.62185,0.66250,0.59167,110.80,0.9764,live,0.1814,0.1599,90.20,563.96
156071.650019,100.0,0.7280,2,2,0,0.65469,0.42083,0.62656,0.37778,0.61172,0.31806,0.61641,0.26250,0.63047,0.22361,0.63047,0.25139,0.62891,0.19583,0.62266,0.22500,0.62266,0.26250,0.65078,0.25139,0.65156,0.18750,0.64219,0.22222,0.63984,0.25833,0.67109,0.26111,0.67031,0.19861,0.65703,0.23750,0.65312,0.27639,0.69141,0.27917,0.68594,0.22917,0.67188,0.25556,0.66641,0.29028,0.60550,0.81770,0.9997,0.73794,0.82015,0.9236,0.66657,0.42301,0.9980,0.65680,0.58164,0.65469,0.42083,110.20,0.9881,live,0.1751,0.1464,84.26,575.63
156071.717155,100.0,0.8399,2,2,0,0.65234,0.39722,0.62187,0.32778,0.61562,0.27500,0.61719,0.22500,0.62344,0.18889,0.62969,0.25417,0.62578,0.20972,0.61953,0.19028,0.61562,0.17778,0.64219,0.25139,0.63984,0.20278,0.63438,0.19306,0.63125,0.19167,0.65625,0.25278,0.65391,0.20000,0.64766,0.20000,0.64375,0.21111,0.67188,0.25556,0.66719,0.20833,0.66094,0.20972,0.65625,0.22361,0.60454,0.81518,0.9997,0.73085,0.74695,0.9256,0.66352,0.36206,0.9981,0.65591,0.54476,0.65234,0.39722,92.96,0.9316,live,0.1628,0.1064,61.05,573.49
156071.783548,100.0,0.9506,2,2,0,0.64219,0.33472,0.61328,0.26667,0.60625,0.21389,0.60859,0.16528,0.61797,0.12778,0.62656,0.18472,0.62656,0.14028,0.61875,0.14722,0.61641,0.16389,0.63828,0.18472,0.63750,0.13472,0.62891,0.15000,0.62656,0.17222,0.65234,0.18889,0.65000,0.13750,0.63906,0.15694,0.63516,0.18472,0.66953,0.19722,0.66172,0.15139,0.65234,0.16667,0.64844,0.19306,0.60436,0.81129,0.9997,0.72320,0.72233,0.9283,0.66200,0.32734,0.9982,0.65316,0.50275,0.64219,0.33472,94.67,0.9682,live,0.1628,0.1597,91.46,572.83
156071.850927,100.0,0.0629,2,1,1,0.63750,0.29583,0.60859,0.24306,0.60000,0.19306,0.60391,0.14167,0.61641,0.10556,0.62187,0.15417,0.62266,0.10833,0.61562,0.13333,0.61484,0.16250,0.63438,0.15556,0.63594,0.10278,0.62500,0.13889,0.62422,0.17222,0.64922,0.16111,0.64844,0.10694,0.63672,0.14444,0.63594,0.18056,0.66641,0.17222,0.66016,0.12639,0.64922,0.15000,0.64687,0.18333,0.60435,0.81083,0.9997,0.72050,0.71270,0.9318,0.65580,0.30030,0.9983,0.65003,0.46137,0.63750,0.29583,89.97,0.9844,live,0.1719,0.2136,121.50,568.87
156071.917067,100.0,0.1731,2,1,1,0.63594,0.29167,0.60859,0.24444,0.59844,0.19583,0.60156,0.14583,0.61406,0.10972,0.61953,0.15833,0.61953,0.11250,0.61406,0.14167,0.61484,0.17222,0.63281,0.15833,0.63203,0.10972,0.62422,0.14861,0.62500,0.18194,0.64844,0.16389,0.64609,0.11389,0.63594,0.15278,0.63672,0.18750,0.66563,0.17500,0.65859,0.13194,0.64922,0.15694,0.64766,0.18750,0.60486,0.80650,0.9997,0.71920,0.70869,0.9337,0.65617,0.30124,0.9984,0.64721,0.42743,0.63594,0.29167,86.69,0.9883,live,0.1877,0.2596,146.17,563.02
156071.984035,100.0,0.2847,2,1,1,0.63672,0.30000,0.61094,0.25833,0.60078,0.20833,0.60313,0.15833,0.61719,0.12500,0.62344,0.16806,0.62422,0.12222,0.61797,0.15417,0.61797,0.18472,0.63750,0.17083,0.63672,0.12222,0.62813,0.16389,0.62813,0.19722,0.65234,0.17639,0.65000,0.12917,0.63984,0.17083,0.63906,0.20694,0.67031,0.18889,0.66328,0.14583,0.65312,0.17361,0.65234,0.20278,0.60507,0.80646,0.9997,0.71964,0.70867,0.9355,0.65603,0.30541,0.9984,0.64511,0.40194,0.63672,0.30000,85.55,0.9903,live,0.2071,0.2953,164.51,557.05
156072.050678,100.0,0.3958,2,1,1,0.64062,0.33333,0.61484,0.29722,0.60234,0.24306,0.60547,0.19306,0.61953,0.15694,0.62344,0.19722,0.62187,0.15139,0.61797,0.19028,0.61953,0.21806,0.63984,0.20000,0.63750,0.15278,0.63047,0.20000,0.63359,0.22778,0.65703,0.20694,0.65312,0.16250,0.64375,0.20833,0.64609,0.23750,0.67734,0.22083,0.66875,0.17917,0.65938,0.20972,0.66094,0.23750,0.60542,0.80982,0.9997,0.72229,0.72157,0.9371,0.65854,0.31331,0.9985,0.64422,0.38822,0.64062,0.33333,90.29,0.9908,live,0.2264,0.3142,174.45,555.21
156072.117093,100.0,0.5065,2,1,1,0.64453,0.39167,0.61797,0.36806,0.60078,0.31944,0.60156,0.27083,0.61562,0.23889,0.62266,0.26389,0.61875,0.21944,0.61562,0.26528,0.61875,0.29167,0.64219,0.26806,0.63750,0.22917,0.63203,0.28056,0.63516,0.30417,0.66094,0.27917,0.65469,0.24722,0.64766,0.29722,0.65078,0.31667,0.68203,0.29722,0.67031,0.26806,0.66328,0.30278,0.66641,0.32222,0.60684,0.81907,0.9996,0.72637,0.79083,0.9372,0.66295,0.40647,0.9985,0.64428,0.38891,0.64453,0.39167,87.04,0.9892,live,0.2408,0.3067,169.05,551.25
156072.184055,100.0,0.6181,2,1,1,0.65625,0.59722,0.62578,0.55139,0.60313,0.49861,0.60156,0.45278,0.61641,0.42917,0.62969,0.42361,0.61875,0.38194,0.61641,0.43056,0.62031,0.46111,0.65312,0.43056,0.64219,0.39583,0.63672,0.45278,0.63906,0.47917,0.67578,0.44583,0.66406,0.41806,0.65547,0.47222,0.65625,0.49722,0.69844,0.46806,0.68516,0.44444,0.67422,0.47917,0.67422,0.49861,0.60688,0.81918,0.9996,0.73276,0.91134,0.9354,0.66413,0.53993,0.9984,0.64667,0.43057,0.65625,0.59722,112.70,0.9940,live,0.2408,0.2476,140.19,566.25
156072.251025,100.0,0.7297,2,1,1,0.65547,0.48750,0.62734,0.52361,0.60938,0.57083,0.60625,0.62639,0.61016,0.67083,0.63125,0.53194,0.63203,0.59167,0.63125,0.62361,0.63125,0.64028,0.66250,0.54028,0.66250,0.60417,0.66016,0.64028,0.65859,0.66250,0.68828,0.55139,0.68750,0.60833,0.68672,0.63889,0.68437,0.65694,0.70781,0.56111,0.71250,0.60556,0.71172,0.62639,0.70937,0.63750,0.60788,0.82726,0.9996,0.74286,1.00000,0.9335,0.67633,0.71215,0.9983,0.64843,0.44196,0.65547,0.48750,67.31,0.9647,live,0.2349,0.2079,113.70,546.76
156072.317243,100.0,0.8401,2,1,1,0.66641,0.87361,0.63438,0.84722,0.60391,0.80000,0.59844,0.76806,0.62031,0.76111,0.64531,0.65278,0.62656,0.69722,0.62344,0.75139,0.63203,0.75556,0.67812,0.66111,0.65391,0.73194,0.64766,0.78194,0.65781,0.77639,0.70469,0.69167,0.67891,0.76806,0.67031,0.80694,0.67656,0.79444,0.72656,0.73194,0.70391,0.78889,0.69375,0.81806,0.69766,0.80694,0.61439,0.83218,0.9996,0.77755,1.00000,0.9325,0.68955,0.85608,0.9981,0.65203,0.52829,0.66641,0.87361,140.35,0.9970,live,0.2240,0.1743,101.50,582.20
156072.384338,100.0,0.9519,2,1,1,0.66797,0.89444,0.63594,0.86667,0.61016,0.82361,0.60234,0.79306,0.62891,0.78889,0.64687,0.67917,0.62813,0.72361,0.62578,0.77917,0.63203,0.78333,0.67812,0.68750,0.65391,0.75278,0.64766,0.80556,0.65312,0.79306,0.70469,0.71806,0.67969,0.78889,0.67031,0.82917,0.67578,0.81389,0.72578,0.75833,0.70312,0.81250,0.69375,0.84028,0.69766,0.82639,0.61889,0.84035,0.9997,0.77546,1.00000,0.9317,0.70104,0.88902,0.9979,0.65522,0.60152,0.66797,0.89444,136.42,0.9996,live,0.2291,0.2526,154.22,610.56
156072.450662,100.0,0.0624,2,2,0,0.66875,0.88194,0.63750,0.85278,0.61016,0.80833,0.60391,0.77778,0.63125,0.77639,0.65000,0.66944,0.62891,0.71528,0.62656,0.76944,0.63281,0.76944,0.68125,0.67917,0.65547,0.74583,0.64844,0.79722,0.65469,0.78750,0.70625,0.71111,0.68047,0.78056,0.67109,0.82083,0.67656,0.80556,0.72734,0.75139,0.70469,0.80417,0.69531,0.83194,0.69844,0.82083,0.62051,0.84947,0.9997,0.78646,1.00000,0.9308,0.70305,0.88288,0.9977,0.65792,0.65760,0.66875,0.88194,134.31,0.9997,live,0.2432,0.3072,194.75,634.00
156072.517415,100.0,0.1737,2,2,0,0.66953,0.86806,0.63750,0.83889,0.61094,0.79444,0.60625,0.76250,0.63281,0.75833,0.65000,0.65417,0.62891,0.69861,0.62734,0.75417,0.63516,0.75694,0.68125,0.66389,0.65625,0.72778,0.64922,0.78194,0.65547,0.77222,0.70703,0.69444,0.68125,0.76250,0.67109,0.80417,0.67656,0.79028,0.72813,0.73472,0.70625,0.78472,0.69531,0.81250,0.69766,0.80278,0.62148,0.84912,0.9997,0.78896,1.00000,0.9308,0.70317,0.86674,0.9976,0.66024,0.69969,0.66953,0.86806,135.30,0.9998,live,0.2613,0.3436,225.20,655.34
156072.583951,100.0,0.2846,2,2,0,0.67031,0.85139,0.63828,0.82361,0.61172,0.78194,0.60625,0.74722,0.63281,0.74306,0.64922,0.64028,0.62813,0.68472,0.62656,0.73889,0.63516,0.73889,0.67969,0.64861,0.65547,0.71250,0.64844,0.76528,0.65547,0.75417,0.70547,0.67917,0.68047,0.74583,0.67031,0.78750,0.67656,0.77361,0.72656,0.71806,0.70547,0.76667,0.69453,0.79583,0.69766,0.78750,0.62103,0.84883,0.9997,0.79101,1.00000,0.9305,0.70279,0.84006,0.9976,0.66226,0.73003,0.67031,0.85139,133.65,0.9998,live,0.2804,0.3673,247.19,672.93
156072.651100,100.0,0.3965,2,2,0,0.67734,0.80833,0.64375,0.77361,0.61484,0.72917,0.60938,0.69167,0.63516,0.68333,0.64609,0.59583,0.63047,0.62917,0.62891,0.68333,0.63594,0.68611,0.67500,0.59583,0.65781,0.65278,0.65234,0.70417,0.65625,0.69722,0.70078,0.61806,0.68359,0.68333,0.67656,0.72500,0.67969,0.71389,0.72422,0.65000,0.70703,0.70278,0.70078,0.73472,0.70469,0.72500,0.61764,0.84067,0.9997,0.75949,1.00000,0.9295,0.69986,0.80642,0.9975,0.66528,0.74569,0.67734,0.80833,136.83,0.9995,live,0.2972,0.3740,258.29,690.69
156072.717430,100.0,0.5070,2,2,0,0.67656,0.73056,0.64609,0.66944,0.62344,0.61667,0.62031,0.56806,0.64141,0.54722,0.64609,0.56389,0.63750,0.52778,0.63438,0.55417,0.63672,0.56111,0.66953,0.56389,0.66250,0.52917,0.65703,0.56111,0.65938,0.56944,0.69141,0.57222,0.68672,0.54722,0.67969,0.57639,0.68047,0.58472,0.71328,0.58889,0.71094,0.55694,0.70234,0.58056,0.69922,0.59583,0.60971,0.82429,0.9997,0.75023,0.95500,0.9290,0.69682,0.65598,0.9975,0.66753,0.74267,0.67656,0.73056,111.67,0.9732,live,0.3035,0.3320,228.45,688.21
156072.784213,100.0,0.6183,2,2,0,0.67500,0.50417,0.64453,0.47222,0.61797,0.41944,0.61875,0.37083,0.63828,0.34861,0.64219,0.35139,0.63828,0.31111,0.63750,0.36111,0.64141,0.38472,0.66797,0.35417,0.66406,0.32083,0.66094,0.38194,0.66250,0.40139,0.69141,0.36389,0.68672,0.34306,0.68125,0.40000,0.68125,0.41944,0.71406,0.38194,0.70781,0.36111,0.70156,0.39861,0.70156,0.41528,0.60985,0.82279,0.9997,0.74857,0.86749,0.9313,0.69225,0.51394,0.9975,0.66903,0.69497,0.67500,0.50417,105.48,0.9919,live,0.3035,0.3232,220.27,681.58
156072.851246,100.0,0.7301,2,2,0,0.66953,0.42917,0.63906,0.36667,0.62500,0.31389,0.62344,0.26389,0.63438,0.22778,0.64375,0.27778,0.63906,0.24028,0.63594,0.25556,0.63750,0.25972,0.66094,0.27917,0.65625,0.23889,0.65312,0.26250,0.65547,0.26667,0.67891,0.28333,0.67422,0.25000,0.67031,0.27361,0.67188,0.27917,0.69844,0.29444,0.69219,0.25833,0.68672,0.27639,0.68828,0.28472,0.60844,0.81683,0.9997,0.74107,0.79610,0.9322,0.68632,0.41370,0.9976,0.66913,0.64181,0.66953,0.42917,99.32,0.9662,live,0.2912,0.2354,158.05,671.30
156072.917602,100.0,0.8407,2,2,0,0.66250,0.35556,0.63203,0.29444,0.62187,0.24028,0.62266,0.19167,0.63125,0.15694,0.64297,0.20694,0.63672,0.17222,0.63359,0.18889,0.63516,0.18889,0.65703,0.20833,0.65078,0.17222,0.64687,0.19861,0.65000,0.19861,0.67344,0.21389,0.66563,0.18056,0.66094,0.20833,0.66406,0.21250,0.69063,0.22500,0.68203,0.18889,0.67656,0.20972,0.67969,0.21806,0.60765,0.81621,0.9997,0.73613,0.73699,0.9349,0.68171,0.34964,0.9977,0.66780,0.58456,0.66250,0.35556,94.79,0.9743,live,0.2709,0.1781,117.38,658.99
156072.984374,100.0,0.9519,2,2,0,0.65625,0.30972,0.62500,0.25000,0.61406,0.20000,0.61562,0.15139,0.62813,0.11806,0.63906,0.15833,0.63438,0.12361,0.62891,0.15833,0.63281,0.18056,0.65234,0.16111,0.64687,0.12361,0.64141,0.16944,0.64609,0.18750,0.66797,0.16667,0.66172,0.13056,0.65469,0.17500,0.65859,0.19583,0.68594,0.17917,0.67656,0.14167,0.66875,0.17361,0.67188,0.19444,0.60771,0.81104,0.9997,0.73044,0.71623,0.9379,0.67637,0.31343,0.9979,0.66549,0.52959,0.65625,0.30972,95.39,0.9907,live,0.2655,0.2409,156.25,648.59
156073.051207,100.0,0.0633,2,1,1,0.65156,0.28611,0.62187,0.24306,0.60859,0.19444,0.61016,0.14583,0.62422,0.11528,0.63438,0.15139,0.63047,0.11389,0.62578,0.15139,0.62891,0.17639,0.64922,0.15556,0.64375,0.11806,0.63828,0.16528,0.64297,0.18472,0.66484,0.16111,0.65859,0.12361,0.65078,0.16944,0.65469,0.19167,0.68203,0.17361,0.67422,0.13611,0.66484,0.16806,0.66719,0.19028,0.60821,0.80728,0.9997,0.73091,0.71061,0.9407,0.67538,0.30367,0.9979,0.66271,0.48089,0.65156,0.28611,86.62,0.9932,live,0.2720,0.3017,190.99,633.12
156073.117364,100.0,0.1736,2,1,1,0.64922,0.28750,0.62187,0.24722,0.60859,0.20000,0.61016,0.15139,0.62344,0.11667,0.63359,0.15694,0.62891,0.12222,0.62500,0.15833,0.62969,0.17917,0.64766,0.15972,0.64297,0.12222,0.63828,0.17083,0.64297,0.18889,0.66406,0.16528,0.65781,0.12917,0.65078,0.17778,0.65469,0.19861,0.68203,0.17778,0.67266,0.14028,0.66484,0.17361,0.66719,0.19583,0.60864,0.80691,0.9997,0.73185,0.70146,0.9428,0.67257,0.29803,0.9981,0.66001,0.44221,0.64922,0.28750,85.35,0.9959,live,0.2867,0.3537,218.82,618.60
156073.184435,100.0,0.2854,2,1,1,0.65156,0.29444,0.62500,0.25972,0.61094,0.20833,0.61250,0.15833,0.62656,0.12639,0.63594,0.16528,0.63125,0.13056,0.62734,0.16667,0.63203,0.18611,0.65156,0.16667,0.64609,0.13194,0.64062,0.17917,0.64531,0.19583,0.66797,0.17361,0.66172,0.13750,0.65391,0.18611,0.65781,0.20556,0.68672,0.18750,0.67656,0.15139,0.66797,0.18472,0.67031,0.20556,0.60887,0.80704,0.9996,0.73141,0.70293,0.9432,0.67286,0.30410,0.9981,0.65832,0.41266,0.65156,0.29444,85.81,0.9959,live,0.3064,0.3962,240.18,606.15
156073.251818,100.0,0.3977,2,1,1,0.65469,0.32083,0.62813,0.29306,0.61406,0.23611,0.61641,0.18333,0.63125,0.15694,0.63828,0.18611,0.63516,0.15139,0.63047,0.19583,0.63438,0.21111,0.65625,0.19028,0.65078,0.15417,0.64375,0.20556,0.64922,0.21806,0.67344,0.19861,0.66719,0.16389,0.65859,0.21389,0.66328,0.22917,0.69375,0.21250,0.68437,0.18056,0.67422,0.21528,0.67734,0.23194,0.60916,0.80774,0.9996,0.73280,0.71251,0.9431,0.67505,0.32158,0.9981,0.65759,0.39430,0.65469,0.32083,89.85,0.9960,live,0.3269,0.4201,251.26,598.11
156073.317789,100.0,0.5076,2,1,1,0.66094,0.37361,0.63516,0.35417,0.61562,0.30278,0.61641,0.25139,0.63438,0.22639,0.63750,0.24861,0.63516,0.20556,0.63125,0.24722,0.63359,0.27222,0.65938,0.25278,0.65469,0.21806,0.64844,0.26806,0.65234,0.28750,0.67969,0.26528,0.67344,0.24028,0.66563,0.28889,0.66953,0.30556,0.70234,0.28472,0.69141,0.25833,0.68359,0.29583,0.68594,0.31250,0.60921,0.81175,0.9996,0.73338,0.80186,0.9427,0.67854,0.40737,0.9982,0.65826,0.39016,0.66094,0.37361,87.99,0.9929,live,0.3352,0.3730,219.96,589.69
156073.384693,100.0,0.6191,2,1,1,0.67344,0.57361,0.64453,0.53611,0.62109,0.48333,0.62500,0.44306,0.64766,0.43611,0.64766,0.41111,0.64531,0.37500,0.64297,0.42083,0.64531,0.45000,0.67344,0.41806,0.67578,0.38194,0.66953,0.43472,0.66563,0.46111,0.69766,0.43333,0.70000,0.41111,0.68984,0.45972,0.68437,0.48333,0.71875,0.45694,0.72266,0.43611,0.71250,0.46806,0.70781,0.48611,0.60861,0.81314,0.9996,0.73730,0.90008,0.9416,0.68112,0.53868,0.9982,0.66130,0.42685,0.67344,0.57361,108.11,0.9923,live,0.3297,0.3046,181.79,596.77
156073.451553,100.0,0.7306,2,1,1,0.68750,0.77917,0.65469,0.76111,0.62813,0.72778,0.63281,0.73333,0.65078,0.75000,0.65938,0.60417,0.65781,0.66111,0.65312,0.71250,0.65547,0.72500,0.69375,0.61389,0.69219,0.68472,0.68047,0.73333,0.68047,0.73333,0.72188,0.64167,0.71562,0.73333,0.69844,0.76944,0.69375,0.75833,0.74453,0.68056,0.73750,0.74444,0.72188,0.77500,0.71641,0.76806,0.60959,0.81348,0.9996,0.74086,1.00000,0.9345,0.69541,0.72572,0.9979,0.66654,0.49731,0.68750,0.77917,118.56,0.9994,live,0.3118,0.2303,140.57,610.52
156073.518127,100.0,0.8415,2,1,1,0.70156,0.90556,0.66172,0.88750,0.62891,0.86528,0.63125,0.88611,0.65469,0.92500,0.67500,0.74028,0.65781,0.83472,0.65000,0.87500,0.65234,0.86528,0.71172,0.75556,0.68672,0.87222,0.67656,0.90556,0.68203,0.88472,0.74062,0.79028,0.71406,0.90556,0.70000,0.92778,0.70312,0.90139,0.76172,0.83194,0.74141,0.91250,0.72891,0.93333,0.73125,0.91389,0.61818,0.81798,0.9996,0.76552,1.00000,0.9316,0.70968,0.92392,0.9971,0.67354,0.57896,0.70156,0.90556,113.79,0.9898,live,0.2956,0.2220,137.46,619.18
156073.584441,100.0,0.9521,2,1,1,0.70000,0.87917,0.66875,0.88056,0.64375,0.89306,0.63984,0.93056,0.65391,0.96667,0.66875,0.79722,0.65859,0.87361,0.65938,0.92639,0.66094,0.93889,0.70391,0.81111,0.68672,0.91389,0.67734,0.96111,0.67266,0.96389,0.73203,0.84028,0.71172,0.93750,0.70156,0.97361,0.69844,0.97500,0.75000,0.87500,0.73438,0.94306,0.72500,0.97222,0.72344,0.97917,0.61653,0.81800,0.9997,0.75128,1.00000,0.9315,0.70877,0.93923,0.9969,0.67883,0.63900,0.70000,0.87917,75.68,0.9989,live,0.2956,0.3023,181.22,599.37
156073.651512,100.0,0.0638,2,2,0,0.68906,0.95833,0.66094,0.94167,0.63438,0.91250,0.63359,0.92500,0.66094,0.94722,0.67266,0.78750,0.65859,0.87222,0.65312,0.91806,0.65625,0.90556,0.70937,0.80556,0.68828,0.92222,0.67422,0.94861,0.67500,0.90833,0.73984,0.84444,0.71641,0.95417,0.70078,0.96389,0.70000,0.92639,0.76016,0.88889,0.74141,0.96528,0.73047,0.97083,0.73125,0.94722,0.61923,0.81754,0.9997,0.74678,1.00000,0.9316,0.71073,0.94677,0.9965,0.68088,0.70287,0.68906,0.95833,118.83,0.9999,live,0.3091,0.3705,227.12,613.01
156073.718118,100.0,0.1749,2,2,0,0.68750,0.94444,0.65938,0.92917,0.63047,0.89861,0.62969,0.90139,0.66016,0.92500,0.67031,0.76250,0.65703,0.84722,0.64766,0.89444,0.64922,0.88750,0.70703,0.78056,0.68516,0.89306,0.66953,0.92361,0.67109,0.89306,0.73672,0.81667,0.71328,0.92639,0.69688,0.94028,0.69609,0.90694,0.75859,0.86250,0.73828,0.93333,0.72656,0.94306,0.72656,0.92222,0.61973,0.82183,0.9997,0.76012,1.00000,0.9265,0.71099,0.93957,0.9957,0.68220,0.75118,0.68750,0.94444,123.97,0.9998,live,0.3284,0.4165,261.84,628.71
156073.784913,100.0,0.2862,2,2,0,0.68750,0.91806,0.65859,0.90139,0.62969,0.87083,0.62734,0.87778,0.65781,0.90417,0.66719,0.73889,0.65547,0.82083,0.64844,0.86806,0.65000,0.86111,0.70391,0.75556,0.68516,0.86389,0.67109,0.89861,0.67266,0.86806,0.73359,0.79028,0.71328,0.89583,0.69688,0.91528,0.69531,0.88472,0.75625,0.83333,0.73828,0.90139,0.72578,0.91667,0.72500,0.89722,0.62265,0.82491,0.9997,0.76710,1.00000,0.9216,0.71354,0.93334,0.9951,0.68326,0.78456,0.68750,0.91806,122.57,0.9996,live,0.3495,0.4456,285.86,641.51
156073.851272,100.0,0.3968,2,2,0,0.68750,0.86806,0.65703,0.84306,0.62813,0.81111,0.63125,0.81528,0.66016,0.83750,0.66484,0.67917,0.65625,0.75139,0.65234,0.79583,0.65625,0.78611,0.70000,0.69306,0.68437,0.79306,0.67422,0.82778,0.67812,0.79861,0.72969,0.72500,0.71250,0.82639,0.69766,0.84861,0.69844,0.81944,0.75313,0.76528,0.73594,0.83611,0.72344,0.85278,0.72422,0.83333,0.62129,0.82489,0.9997,0.74939,1.00000,0.9207,0.71319,0.91059,0.9953,0.68411,0.80126,0.68750,0.86806,126.73,0.9997,live,0.3684,0.4543,297.93,655.77
156073.918079,100.0,0.5081,2,2,0,0.68594,0.74028,0.65781,0.72083,0.63281,0.68333,0.63594,0.65556,0.65703,0.66250,0.65703,0.56806,0.65781,0.56944,0.65547,0.62639,0.65781,0.64444,0.68828,0.56667,0.69219,0.58889,0.68281,0.64861,0.68125,0.65556,0.71562,0.58333,0.71719,0.63611,0.70234,0.68056,0.69844,0.67500,0.74141,0.61389,0.74062,0.65556,0.72813,0.69028,0.72344,0.68611,0.61874,0.82360,0.9997,0.74516,0.99311,0.9184,0.70986,0.70260,0.9954,0.68448,0.78906,0.68594,0.74028,120.70,0.9989,live,0.3756,0.4084,271.20,663.98
156073.984691,100.0,0.6191,2,2,0,0.68125,0.55972,0.65312,0.52917,0.62656,0.48750,0.62500,0.45139,0.64453,0.44028,0.64922,0.39444,0.64922,0.37361,0.64766,0.41944,0.64609,0.45417,0.67891,0.40000,0.68203,0.37361,0.67500,0.43056,0.67031,0.46111,0.70391,0.41528,0.70469,0.40694,0.69531,0.45833,0.68906,0.48333,0.72734,0.44028,0.72813,0.42778,0.71875,0.46389,0.71328,0.48056,0.61141,0.82333,0.9997,0.73764,0.90317,0.9194,0.69780,0.55527,0.9957,0.68383,0.74319,0.68125,0.55972,112.63,0.9940,live,0.3814,0.4076,271.20,665.40
156074.051945,100.0,0.7312,2,2,0,0.66797,0.40139,0.63906,0.35833,0.61719,0.30278,0.61953,0.25000,0.63906,0.22222,0.64375,0.23194,0.64062,0.19722,0.63672,0.24028,0.63984,0.26389,0.66797,0.23889,0.66484,0.20417,0.65703,0.25972,0.65938,0.27917,0.68984,0.25417,0.68437,0.22917,0.67500,0.28056,0.67656,0.29861,0.71094,0.27778,0.70312,0.25417,0.69453,0.28889,0.69609,0.30417,0.60849,0.82377,0.9997,0.73462,0.79767,0.9233,0.68892,0.42452,0.9960,0.68066,0.67483,0.66797,0.40139,109.90,0.9942,live,0.3562,0.2417,160.66,664.68
156074.118577,100.0,0.8423,2,2,0,0.65391,0.32917,0.62500,0.26667,0.61328,0.21250,0.61484,0.15972,0.62813,0.12639,0.63594,0.16667,0.63125,0.13056,0.62734,0.15694,0.63047,0.16667,0.65156,0.16944,0.64766,0.13194,0.64219,0.16944,0.64609,0.17778,0.66875,0.17639,0.66406,0.14306,0.65781,0.17917,0.66094,0.18889,0.68750,0.19028,0.68047,0.15556,0.67344,0.18194,0.67500,0.19444,0.60423,0.81704,0.9996,0.72508,0.74313,0.9277,0.67912,0.32668,0.9963,0.67531,0.60570,0.65391,0.32917,102.82,0.9810,live,0.3307,0.2144,141.29,658.95
156074.184887,100.0,0.9528,2,2,0,0.64531,0.27778,0.61562,0.21389,0.60469,0.16528,0.60547,0.11667,0.61797,0.08333,0.62969,0.12083,0.62656,0.08472,0.62109,0.11667,0.62266,0.14167,0.64297,0.12083,0.63984,0.08194,0.63203,0.12361,0.63516,0.14861,0.65859,0.12778,0.65391,0.09028,0.64453,0.13056,0.64687,0.15556,0.67656,0.14167,0.66797,0.10417,0.65859,0.13194,0.65938,0.15556,0.60352,0.80350,0.9996,0.71503,0.66981,0.9298,0.66684,0.26722,0.9966,0.66931,0.54012,0.64531,0.27778,98.87,0.9849,live,0.3234,0.2903,189.02,651.06
156074.251820,100.0,0.0644,2,1,1,0.63906,0.24722,0.61094,0.20139,0.59844,0.15556,0.59844,0.10833,0.61016,0.07500,0.62266,0.10972,0.61953,0.07083,0.61406,0.10833,0.61797,0.13472,0.63672,0.11250,0.63281,0.07361,0.62656,0.11806,0.63047,0.14167,0.65156,0.11806,0.64687,0.08056,0.63906,0.12361,0.64141,0.14861,0.66797,0.12917,0.66016,0.09306,0.65156,0.12361,0.65312,0.14583,0.60354,0.79762,0.9996,0.71304,0.63782,0.9318,0.65882,0.24883,0.9967,0.66326,0.48154,0.63906,0.24722,87.65,0.9879,live,0.3308,0.3644,231.80,636.05
156074.318415,100.0,0.1753,2,1,1,0.63672,0.24306,0.61016,0.20278,0.59922,0.15556,0.59922,0.10972,0.61016,0.07917,0.62266,0.11389,0.61875,0.07639,0.61406,0.11250,0.61719,0.13750,0.63594,0.11667,0.63203,0.07778,0.62578,0.12222,0.62891,0.14444,0.65156,0.12222,0.64531,0.08611,0.63828,0.12917,0.64141,0.15417,0.66875,0.13333,0.65938,0.09722,0.65078,0.12778,0.65312,0.15139,0.60379,0.79244,0.9996,0.71384,0.63916,0.9337,0.65744,0.24778,0.9968,0.65795,0.43384,0.63672,0.24306,83.84,0.9931,live,0.3487,0.4301,266.71,620.09
156074.384866,100.0,0.2861,2,1,1,0.63984,0.25833,0.61406,0.22639,0.60156,0.17500,0.60156,0.12639,0.61406,0.09583,0.62422,0.12778,0.62031,0.09167,0.61562,0.12917,0.62031,0.15000,0.63984,0.13056,0.63594,0.09306,0.62891,0.13750,0.63281,0.15694,0.65547,0.13750,0.65000,0.10278,0.64219,0.14722,0.64609,0.16667,0.67422,0.15139,0.66406,0.11667,0.65625,0.14722,0.65859,0.16806,0.60535,0.79295,0.9996,0.71714,0.66542,0.9359,0.65953,0.26085,0.9970,0.65433,0.39874,0.63984,0.25833,85.75,0.9932,live,0.3726,0.4813,292.37,607.42
156074.451837,100.0,0.3977,2,1,1,0.64219,0.30417,0.61641,0.28194,0.60000,0.23194,0.60078,0.18333,0.61484,0.15556,0.62109,0.17500,0.61797,0.13333,0.61484,0.17500,0.61719,0.19861,0.64062,0.17917,0.63516,0.14028,0.62969,0.19167,0.63359,0.20972,0.65938,0.18889,0.65312,0.15556,0.64531,0.20556,0.64922,0.22222,0.68047,0.20556,0.67031,0.17639,0.66250,0.21111,0.66484,0.22639,0.60617,0.79722,0.9996,0.72494,0.69113,0.9387,0.66108,0.26260,0.9972,0.65190,0.37982,0.64219,0.30417,88.06,0.9955,live,0.3951,0.4977,297.59,597.93
156074.518411,100.0,0.5087,2,1,1,0.64922,0.45833,0.61953,0.41250,0.59922,0.36250,0.59453,0.31806,0.60859,0.29306,0.62734,0.29167,0.61641,0.25972,0.61250,0.30278,0.61719,0.32917,0.64844,0.29722,0.63594,0.27083,0.62969,0.32222,0.63281,0.34722,0.66797,0.31111,0.65391,0.29167,0.64687,0.34028,0.64922,0.36389,0.68594,0.33194,0.67344,0.31111,0.66406,0.34306,0.66563,0.36250,0.60632,0.80228,0.9996,0.73960,0.82626,0.9395,0.66193,0.42384,0.9974,0.65136,0.39553,0.64922,0.45833,105.51,0.9923,live,0.4032,0.4399,264.91,602.15
156074.585288,100.0,0.6201,2,1,1,0.65781,0.64583,0.63203,0.62361,0.60859,0.58333,0.59922,0.55000,0.61094,0.53194,0.62500,0.48333,0.61484,0.46667,0.61250,0.51667,0.61562,0.55278,0.65156,0.48472,0.64453,0.47500,0.63828,0.53194,0.63594,0.56528,0.67422,0.50139,0.66797,0.50139,0.66094,0.54861,0.65781,0.57222,0.69453,0.52639,0.68984,0.52361,0.68125,0.55694,0.67891,0.57222,0.60636,0.81186,0.9996,0.75489,0.92097,0.9393,0.66879,0.59390,0.9975,0.65265,0.44559,0.65781,0.64583,108.21,0.9957,live,0.3945,0.3549,215.69,607.80
156074.651776,100.0,0.7310,2,1,1,0.67969,0.83056,0.64531,0.80972,0.61562,0.77917,0.60859,0.76250,0.62422,0.75833,0.64375,0.63472,0.63203,0.68472,0.62969,0.73611,0.63359,0.73611,0.67266,0.64583,0.65625,0.72083,0.65078,0.76389,0.65391,0.75417,0.69688,0.67222,0.68047,0.75000,0.67266,0.78472,0.67500,0.77361,0.71797,0.70694,0.70234,0.76667,0.69688,0.79444,0.70078,0.78472,0.61384,0.80969,0.9996,0.76798,1.00000,0.9396,0.68566,0.77497,0.9974,0.65806,0.52258,0.67969,0.83056,122.88,0.9982,live,0.3857,0.3460,215.69,623.34
156074.718497,100.0,0.8422,2,1,1,0.68047,0.83750,0.65234,0.83750,0.62422,0.83750,0.61797,0.85694,0.63594,0.88333,0.65156,0.73194,0.63750,0.80833,0.63438,0.85556,0.63672,0.85833,0.68281,0.74583,0.66016,0.84167,0.65469,0.87639,0.65703,0.86944,0.70703,0.77500,0.68281,0.86944,0.67578,0.89444,0.67734,0.88472,0.72344,0.80972,0.70312,0.87917,0.69766,0.89722,0.70000,0.88889,0.62495,0.80965,0.9996,0.79550,1.00000,0.9370,0.71304,0.93273,0.9953,0.66254,0.58557,0.68047,0.83750,79.21,0.9994,live,0.3655,0.2733,165.49,605.57
156074.785339,100.0,0.9536,2,1,1,0.68203,0.91389,0.65234,0.90417,0.62344,0.88611,0.61641,0.89861,0.63594,0.92083,0.65234,0.77639,0.63594,0.84722,0.63359,0.89167,0.63750,0.88611,0.68359,0.79167,0.65859,0.88889,0.65234,0.92222,0.65703,0.90139,0.70859,0.82639,0.68281,0.92361,0.67422,0.94444,0.67812,0.92639,0.72578,0.86528,0.70312,0.93472,0.69531,0.95000,0.69922,0.93611,0.61954,0.81543,0.9996,0.78702,1.00000,0.9352,0.71322,0.94451,0.9941,0.66644,0.65123,0.68203,0.91389,93.46,0.9999,live,0.3586,0.3272,196.36,600.19
156074.852645,100.0,0.0657,2,2,0,0.68359,0.95417,0.64922,0.93611,0.61875,0.90972,0.60938,0.91389,0.62969,0.93333,0.64922,0.80000,0.63281,0.86806,0.63281,0.91111,0.63828,0.90417,0.68047,0.81111,0.65703,0.90417,0.65156,0.93750,0.65703,0.91111,0.70547,0.84306,0.68203,0.93472,0.67344,0.95694,0.67812,0.93472,0.72422,0.88194,0.70391,0.95000,0.69766,0.96111,0.70234,0.94306,0.61988,0.81593,0.9996,0.79324,1.00000,0.9344,0.71095,0.96483,0.9930,0.66987,0.71182,0.68359,0.95417,102.18,0.9997,live,0.3659,0.3992,240.21,601.73
156074.918230,100.0,0.1750,2,2,0,0.68281,0.95139,0.64844,0.93750,0.61641,0.91250,0.60469,0.92500,0.62500,0.95139,0.64453,0.81111,0.62578,0.88472,0.62578,0.92639,0.63281,0.91528,0.67578,0.82083,0.65000,0.91944,0.64687,0.94306,0.65312,0.91250,0.70156,0.85139,0.67656,0.94583,0.67031,0.96111,0.67578,0.93194,0.72031,0.88611,0.70000,0.95417,0.69609,0.95972,0.70234,0.93750,0.61980,0.81589,0.9996,0.76247,1.00000,0.9327,0.71234,0.96492,0.9912,0.67246,0.75973,0.68281,0.95139,96.22,0.9996,live,0.3827,0.4590,274.86,598.80
156074.985305,100.0,0.2868,2,2,0,0.68750,0.92778,0.65156,0.91250,0.61797,0.88889,0.60469,0.89444,0.62500,0.91944,0.64219,0.77639,0.62344,0.85139,0.62500,0.89028,0.63281,0.88333,0.67188,0.78472,0.65000,0.88056,0.64844,0.90417,0.65469,0.88333,0.69766,0.81250,0.67578,0.90417,0.67188,0.92083,0.67734,0.89861,0.71719,0.84722,0.69844,0.91528,0.69609,0.92361,0.70234,0.90556,0.62121,0.81585,0.9996,0.80004,1.00000,0.9338,0.71237,0.95181,0.9908,0.67547,0.79334,0.68750,0.92778,101.61,0.9995,live,0.4036,0.4988,299.33,600.11
156075.052281,100.0,0.3985,2,2,0,0.69063,0.88194,0.65625,0.84444,0.62500,0.80972,0.61016,0.79444,0.62813,0.78750,0.64531,0.70139,0.63125,0.73750,0.63047,0.76944,0.63359,0.76944,0.67188,0.70000,0.65469,0.76667,0.65312,0.79028,0.65469,0.77639,0.69531,0.71667,0.67891,0.78611,0.67500,0.80278,0.67578,0.78611,0.71562,0.74306,0.70078,0.79861,0.69766,0.81250,0.69922,0.80000,0.62031,0.81456,0.9997,0.78658,0.99800,0.9338,0.69892,0.81978,0.9909,0.67850,0.81106,0.69063,0.88194,118.85,0.9971,live,0.4193,0.4908,301.19,613.66
156075.118928,100.0,0.5095,2,2,0,0.67188,0.66806,0.64375,0.65000,0.62344,0.60833,0.62187,0.57917,0.63672,0.56250,0.64062,0.52361,0.62734,0.52083,0.62500,0.56667,0.62734,0.59722,0.66484,0.52500,0.65547,0.52222,0.65078,0.56944,0.65000,0.59306,0.68672,0.53750,0.68047,0.54444,0.67266,0.58611,0.67031,0.60139,0.70547,0.55972,0.70234,0.56389,0.69375,0.59306,0.69141,0.60278,0.61964,0.81498,0.9997,0.76899,0.94384,0.9337,0.69562,0.65972,0.9914,0.67717,0.78246,0.67188,0.66806,97.72,0.9978,live,0.4193,0.4345,265.21,610.38
156075.185554,100.0,0.6206,2,2,0,0.66797,0.47500,0.63828,0.44444,0.61562,0.40278,0.61172,0.36806,0.62500,0.34722,0.63672,0.33056,0.62500,0.30417,0.62578,0.35000,0.63125,0.37361,0.65938,0.33333,0.64922,0.30694,0.64609,0.36389,0.64922,0.38611,0.68047,0.34444,0.67031,0.32778,0.66563,0.37917,0.66719,0.40139,0.70000,0.36250,0.68984,0.34861,0.68359,0.38333,0.68437,0.40000,0.61627,0.81568,0.9997,0.76048,0.82631,0.9351,0.69137,0.49928,0.9919,0.67533,0.72097,0.66797,0.47500,97.25,0.9947,live,0.4059,0.3448,209.35,607.16
156075.252868,100.0,0.7328,2,2,0,0.65781,0.33333,0.63203,0.30278,0.61250,0.25833,0.61094,0.21250,0.62422,0.18333,0.63047,0.19722,0.62656,0.16250,0.62734,0.20000,0.63047,0.22222,0.65078,0.19861,0.64531,0.16528,0.64297,0.21250,0.64609,0.23056,0.67031,0.20556,0.66484,0.18056,0.65859,0.22639,0.66094,0.24306,0.69063,0.22083,0.68203,0.19583,0.67500,0.22778,0.67578,0.24444,0.61294,0.81038,0.9997,0.74504,0.72477,0.9358,0.67799,0.35832,0.9925,0.67183,0.64344,0.65781,0.33333,92.89,0.9930,live,0.3818,0.2722,163.64,601.18
156075.318997,100.0,0.8430,2,2,0,0.65156,0.29167,0.62266,0.23889,0.61094,0.19167,0.61016,0.14722,0.61953,0.11389,0.63281,0.14583,0.62734,0.11528,0.62422,0.14722,0.62734,0.16528,0.64609,0.14722,0.64141,0.11389,0.63594,0.15417,0.64062,0.16944,0.66172,0.15278,0.65547,0.12083,0.64922,0.15972,0.65312,0.17500,0.67812,0.16528,0.66953,0.13194,0.66250,0.16111,0.66563,0.17917,0.61296,0.79895,0.9997,0.73924,0.65473,0.9387,0.67088,0.29731,0.9932,0.66778,0.57309,0.65156,0.29167,92.19,0.9875,live,0.3651,0.2889,172.04,595.41
156075.385504,100.0,0.9538,2,2,0,0.64531,0.27361,0.61953,0.22917,0.60938,0.18472,0.60859,0.14583,0.61250,0.11667,0.62578,0.15972,0.62187,0.13194,0.61797,0.13750,0.61797,0.14306,0.63750,0.15833,0.63281,0.12639,0.62969,0.14583,0.63125,0.15556,0.65000,0.15972,0.64531,0.12917,0.64141,0.15278,0.64219,0.16528,0.66563,0.16528,0.65859,0.13333,0.65312,0.15000,0.65391,0.16389,0.61292,0.78951,0.9997,0.73450,0.63270,0.9417,0.66216,0.27109,0.9936,0.66328,0.51319,0.64531,0.27361,75.68,0.9864,live,0.3651,0.3723,215.35,578.45
156075.452424,100.0,0.0654,2,1,1,0.63906,0.24722,0.61484,0.21806,0.60156,0.17500,0.60000,0.13056,0.60938,0.10000,0.62031,0.13194,0.61641,0.10000,0.61406,0.13194,0.61719,0.15278,0.63359,0.13333,0.62969,0.10000,0.62578,0.14028,0.62969,0.15833,0.64766,0.13889,0.64375,0.10417,0.63750,0.14583,0.64062,0.16528,0.66406,0.14861,0.65703,0.11528,0.65000,0.14306,0.65156,0.16389,0.61298,0.78044,0.9997,0.73393,0.62262,0.9446,0.65774,0.25858,0.9939,0.65844,0.46000,0.63906,0.24722,75.96,0.9926,live,0.3805,0.4507,254.07,563.73
156075.519132,100.0,0.1765,2,1,1,0.63906,0.25278,0.61406,0.22639,0.60156,0.18194,0.60000,0.13889,0.60859,0.10694,0.61953,0.14028,0.61484,0.10694,0.61328,0.13889,0.61719,0.16111,0.63281,0.14167,0.62891,0.10694,0.62500,0.14861,0.62891,0.16944,0.64766,0.14583,0.64219,0.11250,0.63672,0.15556,0.63984,0.17778,0.66406,0.15556,0.65625,0.12361,0.64922,0.15139,0.65078,0.17222,0.61297,0.78135,0.9997,0.73453,0.62271,0.9453,0.65671,0.26004,0.9941,0.65456,0.41855,0.63906,0.25278,75.05,0.9939,live,0.4050,0.5167,284.26,550.12
156075.585441,100.0,0.2871,2,1,1,0.63984,0.26667,0.61484,0.23889,0.60313,0.19583,0.60313,0.15278,0.61094,0.12222,0.62266,0.15278,0.61875,0.12083,0.61562,0.15278,0.61953,0.17361,0.63594,0.15278,0.63203,0.11806,0.62656,0.15972,0.63047,0.17917,0.65078,0.15833,0.64531,0.12500,0.63828,0.16667,0.64219,0.18611,0.66797,0.16944,0.65859,0.13611,0.65156,0.16528,0.65391,0.18472,0.61264,0.78243,0.9996,0.73476,0.63918,0.9450,0.65801,0.27189,0.9941,0.65162,0.38818,0.63984,0.26667,76.25,0.9944,live,0.4344,0.5685,306.42,539.00
156075.652297,100.0,0.3985,2,1,1,0.63984,0.30000,0.61562,0.27500,0.60078,0.23056,0.60000,0.18750,0.61094,0.15833,0.62109,0.18194,0.61562,0.14583,0.61406,0.18611,0.61797,0.20278,0.63750,0.18333,0.63047,0.15000,0.62578,0.19583,0.63125,0.20833,0.65312,0.19028,0.64531,0.15694,0.63984,0.20278,0.64453,0.21667,0.67188,0.20139,0.66172,0.17083,0.65391,0.20278,0.65703,0.21944,0.61233,0.78417,0.9996,0.73513,0.65062,0.9450,0.65880,0.29146,0.9944,0.64926,0.37054,0.63984,0.30000,80.21,0.9962,live,0.4573,0.5614,298.73,532.08
156075.718676,100.0,0.5091,2,1,1,0.63047,0.34444,0.60859,0.32778,0.59219,0.29861,0.58984,0.26528,0.60156,0.24306,0.61328,0.24167,0.60781,0.21528,0.60625,0.25556,0.61016,0.27778,0.63281,0.24444,0.62344,0.22222,0.61875,0.27222,0.62422,0.28750,0.65000,0.25278,0.63984,0.24167,0.63438,0.28750,0.63906,0.30139,0.66797,0.26667,0.65547,0.25556,0.64844,0.28889,0.65156,0.30278,0.61232,0.79389,0.9996,0.73695,0.76514,0.9464,0.65927,0.38321,0.9948,0.64551,0.36532,0.63047,0.34444,73.82,0.9933,live,0.4796,0.5813,303.06,521.38
156075.785810,100.0,0.6210,2,1,1,0.64531,0.53611,0.61641,0.51667,0.59141,0.47639,0.58437,0.44028,0.59844,0.42222,0.61016,0.40833,0.60313,0.37639,0.60234,0.42083,0.60391,0.45139,0.63203,0.40972,0.62813,0.38472,0.62344,0.43472,0.62266,0.46389,0.65312,0.41806,0.64922,0.39861,0.64375,0.44306,0.64141,0.46944,0.67266,0.43194,0.67031,0.41528,0.66328,0.44722,0.66016,0.46528,0.61240,0.80718,0.9996,0.74888,0.86289,0.9468,0.65872,0.51553,0.9952,0.64547,0.39948,0.64531,0.53611,89.89,0.9933,live,0.4631,0.3879,203.07,523.53
156075.852548,100.0,0.7322,2,1,1,0.66484,0.74167,0.63516,0.72361,0.61094,0.69306,0.59766,0.67639,0.60000,0.67500,0.62578,0.57083,0.60469,0.61667,0.60391,0.66389,0.60859,0.67917,0.65156,0.57500,0.62813,0.65000,0.62813,0.68750,0.63359,0.68194,0.67422,0.59722,0.65234,0.67639,0.65156,0.70833,0.65625,0.70139,0.69375,0.62917,0.67500,0.68750,0.67266,0.71111,0.67656,0.70694,0.61207,0.81638,0.9995,0.75669,0.91987,0.9463,0.65782,0.67791,0.9949,0.64934,0.46792,0.66484,0.74167,109.91,0.9987,live,0.4475,0.3762,203.07,539.84
156075.919448,100.0,0.8437,2,1,1,0.65703,0.72361,0.62969,0.73194,0.60938,0.75278,0.59844,0.78889,0.59375,0.82500,0.62422,0.68750,0.60469,0.74722,0.60859,0.78611,0.61250,0.80278,0.65234,0.69722,0.63281,0.76389,0.63438,0.80139,0.63594,0.82083,0.67656,0.71806,0.66016,0.78194,0.66094,0.81111,0.66172,0.82500,0.69453,0.74028,0.68672,0.78194,0.68516,0.79861,0.68437,0.80694,0.61610,0.79598,0.9996,0.75674,0.96394,0.9410,0.67707,0.81145,0.9939,0.65088,0.51906,0.65703,0.72361,54.12,0.9965,live,0.4065,0.2199,113.01,514.03
156075.986090,100.0,0.9548,2,1,1,0.66016,0.84722,0.62734,0.84444,0.59922,0.83611,0.59062,0.85694,0.60391,0.88056,0.62813,0.74028,0.60781,0.80833,0.61094,0.85000,0.61797,0.84722,0.65781,0.75556,0.63125,0.83750,0.62891,0.87083,0.63203,0.86111,0.68047,0.78750,0.65078,0.87083,0.64687,0.89583,0.65078,0.88472,0.69609,0.82639,0.67109,0.88472,0.66563,0.90139,0.66875,0.89722,0.62078,0.79530,0.9996,0.76400,0.97579,0.9396,0.67940,0.88201,0.9922,0.65274,0.58469,0.66016,0.84722,77.13,0.9955,live,0.3896,0.3127,158.81,507.88
156076.052446,100.0,0.0654,2,2,0,0.66719,0.89167,0.63125,0.87222,0.60000,0.85000,0.58594,0.85833,0.60625,0.88056,0.63281,0.74167,0.60938,0.81667,0.61016,0.85278,0.61562,0.84306,0.66328,0.75972,0.63281,0.85139,0.62891,0.88056,0.63516,0.85139,0.68828,0.79444,0.65703,0.88194,0.65078,0.89722,0.65781,0.87222,0.70469,0.83472,0.68125,0.89583,0.67500,0.90278,0.68203,0.88333,0.62242,0.79575,0.9996,0.76629,0.99002,0.9380,0.69303,0.90888,0.9897,0.65563,0.64608,0.66719,0.89167,97.17,0.9998,live,0.3896,0.3919,202.57,516.90
156076.119276,100.0,0.1768,2,2,0,0.67188,0.89167,0.63438,0.87222,0.60234,0.84306,0.58828,0.84861,0.60703,0.87083,0.63281,0.73333,0.61094,0.80139,0.61016,0.84306,0.61562,0.83750,0.66328,0.74722,0.63438,0.84028,0.62969,0.86944,0.63594,0.84583,0.68828,0.78194,0.65938,0.86944,0.65156,0.88889,0.65781,0.86389,0.70547,0.82083,0.68203,0.88611,0.67656,0.89583,0.68203,0.87778,0.62192,0.79587,0.9996,0.76560,0.98045,0.9364,0.69200,0.91009,0.9880,0.65888,0.69520,0.67188,0.89167,102.03,0.9994,live,0.4006,0.4507,238.13,528.33
156076.186048,100.0,0.2881,2,2,0,0.67188,0.88056,0.63438,0.85833,0.60234,0.82917,0.58750,0.83472,0.60469,0.85833,0.63281,0.72222,0.61172,0.79306,0.61328,0.83056,0.62031,0.82222,0.66328,0.73472,0.63516,0.82917,0.63203,0.85556,0.63828,0.83194,0.68828,0.76806,0.65859,0.85556,0.65312,0.87361,0.65938,0.85139,0.70547,0.80694,0.68281,0.86944,0.67734,0.87917,0.68281,0.86389,0.62256,0.79417,0.9996,0.76536,0.98814,0.9366,0.69117,0.89649,0.9883,0.66148,0.73227,0.67188,0.88056,102.38,0.9995,live,0.4171,0.4920,265.00,538.64
156076.253154,100.0,0.3999,2,2,0,0.67656,0.84861,0.63906,0.82778,0.60469,0.80000,0.58906,0.79583,0.61094,0.80972,0.63203,0.67778,0.61016,0.74722,0.61172,0.78472,0.61797,0.77500,0.66094,0.68750,0.63359,0.78194,0.63359,0.80833,0.63984,0.78472,0.68594,0.71806,0.65859,0.80833,0.65703,0.82778,0.66328,0.80694,0.70469,0.75556,0.68203,0.82222,0.68047,0.83333,0.68750,0.81528,0.61950,0.79370,0.9997,0.76423,0.97565,0.9356,0.68223,0.84863,0.9877,0.66449,0.75554,0.67656,0.84861,109.47,0.9994,live,0.4338,0.5101,282.01,552.83
156076.319315,100.0,0.5102,2,2,0,0.68516,0.79167,0.64844,0.75139,0.61797,0.71667,0.59922,0.68889,0.60625,0.66944,0.63438,0.61389,0.61406,0.64167,0.61719,0.67222,0.62500,0.67083,0.65781,0.60694,0.63750,0.66111,0.64062,0.68611,0.64766,0.67361,0.68047,0.61806,0.66172,0.67917,0.66328,0.70000,0.66953,0.68611,0.70000,0.63889,0.68359,0.69028,0.68516,0.70833,0.69063,0.69583,0.61459,0.79661,0.9997,0.76526,0.94629,0.9379,0.68033,0.72448,0.9886,0.66863,0.76277,0.68516,0.79167,119.66,0.9955,live,0.4385,0.4597,263.24,572.64
156076.386270,100.0,0.6218,2,2,0,0.66094,0.58194,0.63359,0.55556,0.60938,0.51667,0.60156,0.48611,0.61641,0.47361,0.62813,0.43889,0.61797,0.42222,0.61641,0.46806,0.61875,0.49444,0.65312,0.44028,0.64375,0.42361,0.63828,0.47500,0.63750,0.50278,0.67578,0.45139,0.66797,0.43889,0.66094,0.48333,0.65938,0.50417,0.69688,0.46944,0.68906,0.46528,0.68047,0.49444,0.67891,0.50694,0.61395,0.79820,0.9997,0.76054,0.88739,0.9392,0.67907,0.58356,0.9895,0.66709,0.72660,0.66094,0.58194,99.40,0.9972,live,0.4264,0.3714,213.72,575.49
156076.453177,100.0,0.7333,2,2,0,0.65547,0.43472,0.62734,0.39861,0.60625,0.35139,0.60078,0.30694,0.61250,0.27917,0.62969,0.28472,0.62578,0.23750,0.62187,0.27222,0.62187,0.30556,0.65078,0.29167,0.64531,0.24722,0.63828,0.29444,0.63828,0.32639,0.67031,0.30417,0.66250,0.27778,0.65469,0.32222,0.65469,0.35000,0.69063,0.32361,0.68047,0.29861,0.67188,0.33056,0.67188,0.35000,0.61395,0.81247,0.9997,0.75857,0.80725,0.9396,0.67706,0.44479,0.9903,0.66476,0.66823,0.65547,0.43472,97.69,0.9861,live,0.4049,0.3068,176.93,576.77
156076.519471,100.0,0.8438,2,2,0,0.65547,0.37222,0.62500,0.31250,0.61328,0.25833,0.61406,0.20972,0.62031,0.16806,0.63281,0.21389,0.63125,0.17639,0.62813,0.15278,0.62734,0.13333,0.64844,0.21667,0.64297,0.17083,0.63672,0.20000,0.63906,0.22083,0.66484,0.22361,0.65625,0.19167,0.65000,0.22500,0.65234,0.24583,0.68203,0.23750,0.67109,0.20694,0.66406,0.23194,0.66641,0.25139,0.61154,0.81126,0.9997,0.74268,0.72686,0.9414,0.67091,0.35492,0.9911,0.66291,0.60902,0.65547,0.37222,99.51,0.9882,live,0.3723,0.2241,129.82,579.20
156076.586009,100.0,0.9547,2,2,0,0.65234,0.31667,0.62500,0.26111,0.61484,0.20972,0.62109,0.16111,0.63594,0.12917,0.63047,0.16528,0.62734,0.12083,0.62422,0.08889,0.62187,0.05833,0.64609,0.16667,0.64141,0.12500,0.63672,0.16250,0.63828,0.18750,0.66094,0.17500,0.65469,0.14028,0.64766,0.18056,0.65000,0.20139,0.67734,0.18889,0.66875,0.15556,0.66094,0.18333,0.66328,0.20139,0.61126,0.80552,0.9997,0.73410,0.66321,0.9440,0.66798,0.30131,0.9919,0.66079,0.55055,0.65234,0.31667,95.15,0.9797,live,0.3533,0.2666,154.14,578.21
156076.653119,100.0,0.0665,2,1,1,0.64687,0.27500,0.62187,0.23611,0.61172,0.18611,0.61953,0.13889,0.63359,0.11250,0.62656,0.14444,0.62344,0.09583,0.62031,0.06806,0.61953,0.04028,0.64141,0.14722,0.63828,0.10833,0.63359,0.14722,0.63438,0.17361,0.65703,0.15417,0.65234,0.12361,0.64531,0.16667,0.64687,0.19167,0.67344,0.16806,0.66563,0.13611,0.65859,0.16806,0.65938,0.18889,0.61133,0.79537,0.9997,0.73129,0.65169,0.9458,0.66455,0.28684,0.9925,0.65801,0.49544,0.64687,0.27500,84.08,0.9871,live,0.3533,0.3389,192.95,569.36
156076.719575,100.0,0.1773,2,1,1,0.64531,0.27361,0.62187,0.24028,0.61094,0.19028,0.61797,0.14306,0.63281,0.11806,0.62422,0.15000,0.62109,0.10278,0.61797,0.07500,0.61875,0.04861,0.63984,0.15278,0.63750,0.11250,0.63203,0.14861,0.63281,0.17778,0.65469,0.16111,0.65000,0.12778,0.64375,0.16944,0.64453,0.19722,0.67031,0.17361,0.66406,0.14028,0.65703,0.16944,0.65703,0.19306,0.61125,0.79214,0.9997,0.73093,0.64233,0.9475,0.66190,0.28257,0.9930,0.65547,0.45108,0.64531,0.27361,80.12,0.9880,live,0.3622,0.4028,225.05,558.72
156076.786515,100.0,0.2889,2,1,1,0.64609,0.28472,0.62344,0.25417,0.61172,0.20278,0.61719,0.15694,0.63281,0.13056,0.62734,0.15972,0.62344,0.11250,0.61953,0.08194,0.61875,0.05417,0.64375,0.16250,0.63984,0.12083,0.63359,0.15972,0.63438,0.18889,0.65938,0.17083,0.65234,0.14167,0.64531,0.18472,0.64766,0.20972,0.67578,0.18472,0.66641,0.15694,0.65859,0.18611,0.66016,0.20694,0.61127,0.79219,0.9997,0.73163,0.65791,0.9492,0.66143,0.28884,0.9935,0.65359,0.41781,0.64609,0.28472,81.79,0.9888,live,0.3785,0.4525,249.12,550.57
156076.852913,100.0,0.3995,2,1,1,0.64922,0.31111,0.62734,0.28194,0.61562,0.23056,0.62344,0.18472,0.63672,0.15417,0.63125,0.18056,0.62656,0.12917,0.62344,0.09583,0.62344,0.06806,0.64844,0.18472,0.64453,0.14167,0.63906,0.18611,0.64062,0.21389,0.66563,0.19583,0.65938,0.16667,0.65078,0.21111,0.65234,0.23333,0.68281,0.21250,0.67422,0.18333,0.66563,0.21250,0.66641,0.23056,0.61231,0.79488,0.9997,0.73180,0.66195,0.9501,0.66220,0.30366,0.9940,0.65272,0.39647,0.64922,0.31111,85.17,0.9905,live,0.3976,0.4846,264.52,545.82
156076.919453,100.0,0.5104,2,1,1,0.65391,0.36250,0.63203,0.34306,0.61641,0.29167,0.62266,0.24583,0.63984,0.21944,0.63125,0.22917,0.62656,0.17083,0.62344,0.13611,0.62187,0.10694,0.65156,0.23333,0.64531,0.19722,0.64062,0.24167,0.64375,0.26667,0.66953,0.24583,0.66094,0.22639,0.65391,0.26944,0.65781,0.28750,0.68906,0.26528,0.67734,0.24444,0.66953,0.27639,0.67188,0.29167,0.60965,0.80124,0.9996,0.73226,0.73990,0.9515,0.66757,0.36367,0.9945,0.65296,0.38967,0.65391,0.36250,88.75,0.9930,live,0.4065,0.4470,243.28,544.22
156076.986311,100.0,0.6218,2,1,1,0.66094,0.50556,0.63438,0.47778,0.61641,0.42500,0.62266,0.38194,0.63984,0.35972,0.63281,0.35694,0.62656,0.29444,0.62266,0.25417,0.62031,0.22083,0.65625,0.35972,0.65234,0.32361,0.64687,0.36806,0.64531,0.40139,0.67734,0.37361,0.67109,0.35278,0.66406,0.39306,0.66406,0.41806,0.69688,0.39722,0.69063,0.37500,0.68203,0.40278,0.68047,0.42083,0.61075,0.80716,0.9996,0.74245,0.83779,0.9515,0.66827,0.47498,0.9949,0.65455,0.41285,0.66094,0.50556,98.90,0.9974,live,0.3991,0.3656,201.15,550.12
156077.053171,100.0,0.7333,2,1,1,0.67422,0.68472,0.65000,0.67500,0.62734,0.64306,0.63281,0.61806,0.64922,0.60833,0.63828,0.55000,0.63359,0.49722,0.62891,0.45972,0.62500,0.42639,0.66641,0.54306,0.66875,0.52639,0.66563,0.58194,0.66328,0.61389,0.69063,0.55278,0.69141,0.56528,0.68359,0.60694,0.67891,0.62083,0.71094,0.57361,0.71016,0.59306,0.70078,0.62222,0.69688,0.62639,0.61044,0.81085,0.9996,0.74666,0.92263,0.9493,0.67620,0.64220,0.9952,0.65849,0.46722,0.67422,0.68472,99.29,0.9983,live,0.3924,0.3620,201.15,555.60
156077.123751,100.0,0.8509,2,1,1,0.69219,0.81111,0.66563,0.80417,0.64609,0.78889,0.64687,0.80833,0.66016,0.83889,0.66094,0.69167,0.64062,0.71389,0.64219,0.75139,0.65234,0.77083,0.69063,0.69444,0.67500,0.75000,0.67266,0.80000,0.67812,0.81250,0.71484,0.71806,0.69922,0.80000,0.69297,0.83889,0.69609,0.83611,0.73594,0.74861,0.72344,0.81528,0.71484,0.84444,0.71484,0.84167,0.62252,0.79581,0.9996,0.74750,0.97414,0.9316,0.69845,0.85054,0.9874,0.66523,0.53600,0.69219,0.81111,88.77,0.9975,live,0.3599,0.2115,116.93,552.84
156077.186729,100.0,0.9559,2,1,1,0.70234,0.91111,0.66875,0.90694,0.64219,0.89861,0.64609,0.93056,0.66797,0.96250,0.66328,0.80000,0.65703,0.81111,0.65234,0.84306,0.65156,0.87361,0.69844,0.80000,0.68203,0.91111,0.67188,0.94028,0.67109,0.94306,0.72656,0.82778,0.70391,0.94861,0.69297,0.95000,0.69297,0.93056,0.74844,0.86389,0.72969,0.95000,0.72109,0.95000,0.72266,0.92361,0.62317,0.80958,0.9997,0.77831,1.00000,0.9281,0.71909,0.94434,0.9870,0.67265,0.61102,0.70234,0.91111,90.23,0.9976,live,0.3478,0.2927,161.40,551.46
156077.253440,100.0,0.0671,2,2,0,0.70781,0.91944,0.68047,0.91806,0.65547,0.91667,0.65469,0.94167,0.67109,0.96806,0.67031,0.81111,0.66016,0.82222,0.65625,0.86250,0.65625,0.88750,0.70000,0.81389,0.68437,0.91806,0.67500,0.94722,0.67266,0.93611,0.72656,0.84444,0.70469,0.94583,0.69609,0.95278,0.69531,0.93333,0.74375,0.88056,0.72734,0.95417,0.72109,0.95833,0.72344,0.94167,0.62279,0.82426,0.9997,0.77835,1.00000,0.9252,0.72083,0.97054,0.9870,0.67968,0.67271,0.70781,0.91944,82.14,0.9999,live,0.3535,0.3796,206.69,544.43
156077.319807,100.0,0.1777,2,2,0,0.70234,0.91250,0.67500,0.90278,0.65000,0.88889,0.65000,0.91528,0.67109,0.94444,0.66719,0.79583,0.66250,0.79583,0.65859,0.81944,0.65859,0.84306,0.70000,0.79306,0.68437,0.90833,0.67500,0.92639,0.67422,0.90972,0.72813,0.82361,0.70703,0.93889,0.70000,0.93056,0.70156,0.89722,0.74766,0.85972,0.72891,0.94583,0.72500,0.93750,0.73047,0.90694,0.62997,0.82396,0.9997,0.78106,1.00000,0.9243,0.72000,0.96265,0.9868,0.68421,0.72067,0.70234,0.91250,90.87,0.9999,live,0.3698,0.4439,241.70,544.53
156077.386733,100.0,0.2892,2,2,0,0.69844,0.88611,0.67344,0.87778,0.64844,0.86667,0.64922,0.89444,0.67188,0.92083,0.66797,0.77361,0.65938,0.77917,0.65469,0.79028,0.65547,0.80833,0.70078,0.77083,0.68516,0.87917,0.67656,0.89028,0.67812,0.87222,0.72891,0.79722,0.70859,0.90972,0.70000,0.89583,0.70234,0.86250,0.74766,0.83333,0.72891,0.91806,0.72422,0.90556,0.72891,0.87222,0.62966,0.82899,0.9997,0.78249,1.00000,0.9223,0.72417,0.94425,0.9872,0.68706,0.75376,0.69844,0.88611,89.31,1.0000,live,0.3913,0.4891,265.80,543.48
156077.453350,100.0,0.4002,2,2,0,0.69922,0.86944,0.67344,0.86250,0.64766,0.85139,0.64922,0.87917,0.67344,0.90278,0.66797,0.75972,0.66328,0.76250,0.66094,0.77083,0.66094,0.78472,0.70234,0.75417,0.68594,0.86389,0.67344,0.88611,0.67109,0.87500,0.72969,0.78056,0.70937,0.89306,0.69844,0.88611,0.69844,0.85417,0.75000,0.81528,0.73203,0.89861,0.72422,0.89306,0.72656,0.86389,0.62934,0.83316,0.9997,0.78207,1.00000,0.9215,0.72275,0.94400,0.9878,0.68949,0.77689,0.69922,0.86944,89.95,1.0000,live,0.4145,0.5206,282.69,543.03
156077.519975,100.0,0.5113,2,2,0,0.69688,0.84861,0.67188,0.84444,0.64531,0.83472,0.64766,0.86389,0.67266,0.88750,0.66563,0.74722,0.66250,0.74861,0.66094,0.75278,0.66172,0.76944,0.70000,0.73750,0.68516,0.84722,0.67422,0.86806,0.67109,0.86389,0.72813,0.76111,0.70937,0.87639,0.70156,0.86389,0.70156,0.83194,0.74922,0.79444,0.73203,0.87917,0.72656,0.87083,0.72891,0.84028,0.62917,0.83333,0.9997,0.78508,1.00000,0.9214,0.72226,0.92714,0.9883,0.69097,0.79124,0.69688,0.84861,88.28,0.9999,live,0.4318,0.5105,276.40,541.43
156077.586661,100.0,0.6224,2,2,0,0.70156,0.82500,0.67344,0.80278,0.64922,0.78333,0.65156,0.79583,0.67031,0.80000,0.66172,0.69722,0.65859,0.68194,0.65625,0.68472,0.65703,0.69861,0.69141,0.68194,0.68906,0.74861,0.68359,0.76806,0.68281,0.77222,0.71875,0.69583,0.71328,0.79028,0.70547,0.79722,0.70078,0.78056,0.74141,0.72083,0.73438,0.79722,0.72734,0.80556,0.72422,0.78750,0.61692,0.82280,0.9997,0.76904,0.96676,0.9233,0.71366,0.81387,0.9889,0.69309,0.79799,0.70156,0.82500,100.78,0.9989,live,0.4318,0.4412,242.23,549.02
156077.653393,100.0,0.7336,2,2,0,0.69531,0.65278,0.67109,0.64444,0.64687,0.63056,0.64766,0.61806,0.66094,0.61250,0.65391,0.53333,0.64922,0.49444,0.65156,0.49028,0.65547,0.49722,0.68281,0.51944,0.68437,0.52083,0.68281,0.57222,0.68203,0.60278,0.70859,0.52639,0.71094,0.56528,0.70312,0.60556,0.69922,0.61667,0.73203,0.54583,0.73125,0.58889,0.72266,0.61667,0.71875,0.61806,0.61452,0.82233,0.9997,0.76380,0.92047,0.9247,0.70935,0.66763,0.9895,0.69353,0.76895,0.69531,0.65278,97.24,0.9989,live,0.4166,0.3472,192.08,553.15
156077.719971,100.0,0.8446,2,2,0,0.68516,0.48472,0.65703,0.46528,0.64062,0.42083,0.65000,0.38611,0.66719,0.37083,0.65625,0.35278,0.65234,0.30139,0.64922,0.27639,0.64687,0.26389,0.68125,0.35417,0.67969,0.33056,0.67578,0.37639,0.67422,0.40417,0.70312,0.36528,0.70000,0.35139,0.69375,0.39444,0.69063,0.41667,0.72109,0.38333,0.71953,0.37083,0.71016,0.40139,0.70625,0.41806,0.61426,0.82193,0.9997,0.76407,0.81704,0.9277,0.69865,0.49438,0.9903,0.69186,0.71210,0.68516,0.48472,92.06,0.9889,live,0.4041,0.3473,192.08,553.05
156077.786637,100.0,0.9557,2,2,0,0.67109,0.41111,0.64609,0.35556,0.63359,0.30556,0.63672,0.26250,0.64922,0.23750,0.65547,0.26944,0.65312,0.23194,0.64766,0.22222,0.64453,0.22222,0.66953,0.27361,0.66719,0.23333,0.66250,0.24722,0.66094,0.26111,0.68516,0.28056,0.68125,0.25000,0.67500,0.26806,0.67422,0.28333,0.70078,0.29444,0.69531,0.26250,0.68906,0.27639,0.68672,0.29167,0.61293,0.81688,0.9997,0.74926,0.75804,0.9309,0.68424,0.37761,0.9912,0.68770,0.65190,0.67109,0.41111,88.97,0.9387,live,0.3762,0.2492,137.24,550.75
156077.853318,100.0,0.0669,2,1,1,0.66094,0.34306,0.63594,0.29167,0.62813,0.24167,0.63203,0.19583,0.64219,0.16389,0.64687,0.20694,0.64453,0.16944,0.63984,0.17778,0.64062,0.18611,0.65938,0.20833,0.65469,0.16944,0.64922,0.19444,0.65234,0.20833,0.67344,0.21389,0.66641,0.18056,0.66016,0.20833,0.66328,0.22500,0.68906,0.22500,0.68047,0.19028,0.67422,0.21111,0.67578,0.22778,0.61198,0.80836,0.9997,0.74684,0.70010,0.9343,0.68037,0.33682,0.9920,0.68235,0.59013,0.66094,0.34306,86.13,0.9729,live,0.3581,0.2757,150.70,546.67
156077.920065,100.0,0.1781,2,1,1,0.65703,0.30417,0.63125,0.25833,0.62031,0.20833,0.62500,0.16250,0.63594,0.12917,0.63750,0.16250,0.63438,0.12083,0.63047,0.09028,0.62734,0.06111,0.65312,0.16250,0.64609,0.11944,0.63984,0.15556,0.64062,0.18194,0.66797,0.17083,0.65938,0.13750,0.65156,0.17917,0.65469,0.20278,0.68359,0.18472,0.67266,0.15556,0.66484,0.18333,0.66797,0.20417,0.61201,0.80296,0.9997,0.74061,0.66571,0.9374,0.67484,0.29630,0.9927,0.67729,0.53294,0.65703,0.30417,90.19,0.9901,live,0.3581,0.3516,191.96,546.00
156077.986863,100.0,0.2894,2,1,1,0.65156,0.28194,0.62734,0.24861,0.61562,0.19861,0.61953,0.15278,0.63047,0.12222,0.63438,0.15000,0.63047,0.10694,0.62422,0.07917,0.62109,0.05278,0.64922,0.15278,0.64375,0.10972,0.63594,0.14861,0.63594,0.17778,0.66484,0.16111,0.65547,0.13194,0.64844,0.17500,0.64922,0.20139,0.68047,0.17639,0.67031,0.14583,0.66250,0.17639,0.66406,0.19722,0.61204,0.79059,0.9997,0.73912,0.65221,0.9409,0.67181,0.28796,0.9932,0.67214,0.48274,0.65156,0.28194,84.27,0.9889,live,0.3697,0.4225,228.62,541.16
156078.053070,100.0,0.3998,2,1,1,0.64922,0.27917,0.62578,0.24722,0.61406,0.19583,0.61719,0.15000,0.62813,0.11944,0.63281,0.15000,0.62891,0.10694,0.62422,0.07917,0.62109,0.05417,0.64844,0.15139,0.64375,0.10972,0.63594,0.14722,0.63438,0.17639,0.66250,0.16111,0.65469,0.12917,0.64687,0.17222,0.64766,0.20000,0.67812,0.17500,0.66953,0.14444,0.66094,0.17222,0.66094,0.19583,0.61205,0.79128,0.9997,0.73635,0.65759,0.9425,0.67170,0.28256,0.9937,0.66756,0.44203,0.64922,0.27917,82.93,0.9887,live,0.3900,0.4822,258.44,535.93
156078.120351,100.0,0.5119,2,1,1,0.64766,0.28333,0.62422,0.25417,0.61250,0.20417,0.61484,0.15833,0.62500,0.12500,0.63203,0.15694,0.62891,0.11389,0.62266,0.08333,0.61953,0.05694,0.64766,0.15833,0.64375,0.11250,0.63438,0.14861,0.63281,0.17917,0.66328,0.16667,0.65469,0.13333,0.64609,0.17639,0.64687,0.20417,0.67969,0.18194,0.66953,0.15000,0.66016,0.17917,0.66094,0.20139,0.61404,0.79027,0.9997,0.73713,0.66829,0.9441,0.67220,0.28927,0.9942,0.66358,0.41029,0.64766,0.28333,82.62,0.9896,live,0.4153,0.5305,281.77,531.10
156078.186859,100.0,0.6228,2,1,1,0.64453,0.30278,0.62266,0.27639,0.60938,0.22500,0.61328,0.18056,0.62266,0.14722,0.63125,0.17500,0.62734,0.12778,0.62187,0.09583,0.61797,0.06944,0.64766,0.17778,0.64297,0.13056,0.63359,0.16944,0.63203,0.20139,0.66406,0.18750,0.65391,0.15556,0.64531,0.19861,0.64766,0.22500,0.68125,0.20417,0.67031,0.17222,0.66094,0.20139,0.66328,0.22500,0.60926,0.79119,0.9997,0.73383,0.67519,0.9438,0.67200,0.30964,0.9946,0.65977,0.38879,0.64453,0.30278,84.04,0.9923,live,0.4350,0.5249,277.11,527.88
156078.254004,100.0,0.7347,2,1,1,0.63672,0.35000,0.61719,0.33472,0.59844,0.28611,0.59922,0.24583,0.61016,0.22083,0.62109,0.21944,0.61562,0.17222,0.60781,0.14444,0.60313,0.12083,0.64062,0.22361,0.63047,0.18889,0.62266,0.23750,0.62422,0.26667,0.65859,0.23750,0.64531,0.21667,0.63750,0.26389,0.63984,0.28472,0.67812,0.25833,0.66328,0.23889,0.65391,0.27083,0.65625,0.28889,0.60883,0.80097,0.9997,0.73494,0.76797,0.9438,0.66960,0.36551,0.9950,0.65516,0.38103,0.63672,0.35000,87.52,0.9955,live,0.4396,0.4605,242.96,527.55
156078.320259,100.0,0.8451,2,1,1,0.63516,0.49861,0.61172,0.48750,0.58906,0.44861,0.58828,0.41528,0.60234,0.40417,0.60469,0.36111,0.60000,0.31250,0.59297,0.28472,0.58516,0.26111,0.62969,0.36389,0.62266,0.33889,0.61719,0.39028,0.61562,0.42361,0.65312,0.37778,0.64766,0.36250,0.64062,0.40556,0.63750,0.42778,0.67422,0.40000,0.67109,0.38472,0.66094,0.41528,0.65781,0.43056,0.60835,0.81188,0.9996,0.74022,0.85101,0.9437,0.65725,0.47719,0.9953,0.65116,0.40455,0.63516,0.49861,95.95,0.9990,live,0.4282,0.3761,200.56,533.32
156078.387169,100.0,0.9566,2,1,1,0.64062,0.66528,0.61328,0.64444,0.58828,0.61667,0.58281,0.60972,0.59531,0.61111,0.59844,0.51667,0.59141,0.49028,0.58359,0.48472,0.57578,0.49167,0.62734,0.50139,0.61719,0.55417,0.61328,0.60000,0.61406,0.61944,0.65312,0.51667,0.63828,0.59861,0.63438,0.62778,0.63672,0.62361,0.67500,0.54444,0.65938,0.61389,0.65469,0.63750,0.65703,0.62917,0.60579,0.81340,0.9996,0.74179,0.89353,0.9433,0.64953,0.62076,0.9955,0.64905,0.45669,0.64062,0.66528,109.15,0.9993,live,0.4025,0.2856,156.47,547.91
156078.453793,100.0,0.0676,2,2,0,0.63047,0.71389,0.60469,0.70417,0.57812,0.68333,0.57422,0.68056,0.59062,0.68611,0.59688,0.57917,0.58672,0.55278,0.57344,0.55833,0.56172,0.57639,0.62578,0.57222,0.60625,0.63611,0.60391,0.68472,0.60781,0.69306,0.65234,0.59583,0.62969,0.67778,0.62500,0.70972,0.62656,0.70694,0.67266,0.63056,0.65234,0.69306,0.64531,0.71528,0.64687,0.71250,0.60600,0.81802,0.9996,0.74336,0.93733,0.9438,0.64187,0.69190,0.9956,0.64533,0.50813,0.63047,0.71389,98.20,0.9996,live,0.3681,0.2112,116.77,552.87
156078.520049,100.0,0.1781,2,2,0,0.63672,0.74722,0.60703,0.73333,0.57812,0.71111,0.57031,0.70139,0.59062,0.70139,0.59766,0.60139,0.58828,0.57778,0.57500,0.58056,0.56328,0.59167,0.62656,0.59306,0.60469,0.65694,0.60156,0.70417,0.60625,0.70139,0.65312,0.61667,0.62891,0.69722,0.62266,0.72500,0.62578,0.71806,0.67344,0.65278,0.65234,0.71250,0.64531,0.73056,0.64922,0.72222,0.60637,0.81958,0.9996,0.74432,0.96055,0.9438,0.63949,0.70898,0.9957,0.64361,0.55595,0.63672,0.74722,103.63,0.9998,live,0.3445,0.2372,133.12,561.14
156078.587334,100.0,0.2902,2,2,0,0.64219,0.75694,0.61172,0.73889,0.58125,0.71389,0.57031,0.70139,0.59219,0.70556,0.60156,0.60556,0.59062,0.58333,0.57656,0.58750,0.56641,0.60278,0.63047,0.59722,0.60938,0.65972,0.60703,0.70556,0.61250,0.70556,0.65703,0.61944,0.63359,0.70556,0.62891,0.72917,0.63359,0.71806,0.67734,0.65556,0.65547,0.72083,0.65000,0.74028,0.65312,0.73056,0.60573,0.82142,0.9997,0.74531,0.96826,0.9453,0.64107,0.71822,0.9959,0.64333,0.59615,0.64219,0.75694,106.49,0.9998,live,0.3323,0.2769,157.96,570.48
156078.653833,100.0,0.4010,2,2,0,0.64844,0.76250,0.61641,0.74306,0.58672,0.71806,0.57891,0.70972,0.60156,0.71667,0.60781,0.61250,0.59766,0.58750,0.58359,0.59306,0.57422,0.61528,0.63750,0.60278,0.61953,0.66944,0.61484,0.70972,0.61875,0.70833,0.66328,0.62500,0.64297,0.71250,0.63594,0.73194,0.63828,0.71667,0.68359,0.66111,0.66406,0.72917,0.65703,0.74444,0.66016,0.73333,0.60705,0.82139,0.9997,0.74738,0.96607,0.9438,0.64675,0.72475,0.9958,0.64435,0.62942,0.64844,0.76250,106.15,0.9997,live,0.3323,0.3124,180.71,578.45
156078.720105,100.0,0.5115,2,2,0,0.65469,0.76528,0.62187,0.74583,0.59062,0.72222,0.58281,0.72222,0.60781,0.73472,0.61328,0.62083,0.60234,0.60556,0.58906,0.61806,0.58125,0.64167,0.64375,0.61389,0.62500,0.69028,0.62031,0.72639,0.62422,0.71944,0.67031,0.63889,0.64922,0.73056,0.64219,0.74306,0.64453,0.72500,0.68984,0.67500,0.67109,0.74583,0.66484,0.75556,0.66797,0.74167,0.61043,0.80664,0.9997,0.75044,0.95859,0.9434,0.66139,0.74187,0.9958,0.64642,0.65659,0.65469,0.76528,102.79,0.9997,live,0.3323,0.3432,200.09,583.04
156078.786946,100.0,0.6229,2,2,0,0.65938,0.76667,0.62891,0.74861,0.59766,0.72778,0.58984,0.73889,0.61484,0.75556,0.61875,0.63056,0.60781,0.62361,0.59531,0.64028,0.58828,0.66111,0.65000,0.62222,0.63125,0.70972,0.62734,0.74167,0.63203,0.73056,0.67656,0.64861,0.65625,0.74722,0.64922,0.75833,0.65156,0.73611,0.69609,0.68472,0.67812,0.75972,0.67188,0.76667,0.67500,0.74861,0.61351,0.79452,0.9997,0.75420,0.95417,0.9442,0.67271,0.73650,0.9958,0.64901,0.67861,0.65938,0.76667,99.37,0.9998,live,0.3387,0.3674,214.79,584.62
156078.854177,100.0,0.7350,2,2,0,0.66875,0.73889,0.63750,0.72083,0.60625,0.69444,0.59609,0.69444,0.61875,0.70139,0.62422,0.60139,0.61562,0.58333,0.60469,0.58889,0.59688,0.60417,0.65391,0.58889,0.63984,0.66389,0.63672,0.69861,0.63906,0.70000,0.68047,0.60833,0.66563,0.70278,0.66016,0.71806,0.66094,0.70139,0.70156,0.63750,0.68672,0.71111,0.68203,0.72639,0.68359,0.71250,0.61296,0.80289,0.9997,0.75435,0.95177,0.9433,0.67658,0.72690,0.9958,0.65296,0.69066,0.66875,0.73889,102.62,0.9990,live,0.3387,0.3508,206.37,588.35
156078.920700,100.0,0.8458,2,2,0,0.67656,0.68611,0.64531,0.64028,0.61953,0.60139,0.60781,0.57778,0.62031,0.57361,0.63359,0.54583,0.62578,0.51528,0.62187,0.49167,0.61953,0.46944,0.65625,0.53889,0.64922,0.53750,0.64687,0.54167,0.64687,0.54028,0.67891,0.54583,0.67266,0.55694,0.66953,0.55972,0.66797,0.55417,0.69922,0.56111,0.69609,0.57222,0.69219,0.57639,0.68984,0.57083,0.61186,0.80320,0.9997,0.75224,0.92234,0.9434,0.67803,0.63295,0.9959,0.65768,0.68975,0.67656,0.68611,100.86,0.9609,live,0.3294,0.2870,169.46,590.36
156078.987465,100.0,0.9571,2,2,0,0.66250,0.50417,0.63516,0.47361,0.61250,0.42361,0.61328,0.38889,0.62891,0.38889,0.63906,0.34306,0.62969,0.30694,0.62031,0.28611,0.61016,0.27361,0.66484,0.34306,0.65000,0.33889,0.64375,0.38889,0.64219,0.42222,0.68594,0.36111,0.66953,0.36667,0.66172,0.41111,0.66016,0.43472,0.70469,0.38889,0.69063,0.39306,0.67891,0.42083,0.67656,0.43750,0.61446,0.80767,0.9997,0.75641,0.83725,0.9452,0.67768,0.51426,0.9962,0.65864,0.65264,0.66250,0.50417,106.28,0.9963,live,0.3102,0.2229,132.88,596.04
156079.054218,100.0,0.0684,2,1,1,0.66172,0.42917,0.63594,0.37361,0.62031,0.32222,0.61875,0.28056,0.63203,0.25833,0.64766,0.27639,0.64453,0.23333,0.63906,0.21806,0.63672,0.20972,0.66328,0.28056,0.65391,0.24306,0.64687,0.26944,0.64766,0.29028,0.67969,0.28889,0.66719,0.26250,0.66094,0.29167,0.66250,0.31111,0.69609,0.30417,0.68437,0.27639,0.67578,0.30139,0.67578,0.32083,0.61439,0.81361,0.9997,0.74670,0.77808,0.9460,0.67838,0.41135,0.9964,0.65926,0.60794,0.66172,0.42917,95.95,0.9576,live,0.2844,0.1670,99.11,593.60
156079.120568,100.0,0.1789,2,1,1,0.65859,0.35972,0.63359,0.30139,0.62266,0.24722,0.62500,0.20139,0.63906,0.17361,0.64687,0.20556,0.64453,0.16250,0.63906,0.15694,0.63750,0.15833,0.66094,0.20972,0.65469,0.16667,0.64687,0.19722,0.64844,0.21667,0.67578,0.21667,0.66563,0.18472,0.65859,0.21806,0.66094,0.23750,0.69219,0.23194,0.68047,0.20000,0.67344,0.22500,0.67578,0.24444,0.61463,0.81365,0.9997,0.74414,0.71289,0.9476,0.67814,0.34102,0.9965,0.65912,0.55830,0.65859,0.35972,95.66,0.9782,live,0.2629,0.1648,97.46,591.25
156079.187425,100.0,0.2904,2,1,1,0.65703,0.31528,0.63125,0.26528,0.61953,0.21111,0.62266,0.16389,0.63594,0.13472,0.64297,0.16389,0.63906,0.11944,0.63359,0.08750,0.62969,0.05694,0.65781,0.16389,0.65391,0.11528,0.64453,0.14861,0.64141,0.18194,0.67266,0.17222,0.66406,0.13750,0.65469,0.17917,0.65547,0.21111,0.68828,0.18889,0.67734,0.15417,0.66875,0.18194,0.66953,0.20833,0.61450,0.80661,0.9997,0.73899,0.69144,0.9495,0.67848,0.31113,0.9968,0.65871,0.50969,0.65703,0.31528,94.90,0.9821,live,0.2558,0.2237,131.69,588.63
156079.253799,100.0,0.4010,2,1,1,0.65391,0.29306,0.62734,0.25556,0.61562,0.20417,0.61953,0.15694,0.63125,0.12500,0.63672,0.15556,0.63359,0.11111,0.62734,0.08333,0.62422,0.05694,0.65234,0.15833,0.65078,0.10972,0.64141,0.14167,0.63828,0.17222,0.66797,0.16806,0.66172,0.13472,0.65078,0.17778,0.65000,0.20833,0.68437,0.18194,0.67500,0.15000,0.66563,0.17917,0.66484,0.20417,0.61534,0.79771,0.9997,0.73906,0.67056,0.9517,0.67651,0.29643,0.9969,0.65775,0.46637,0.65391,0.29306,87.83,0.9841,live,0.2558,0.2798,162.62,581.23
156079.320586,100.0,0.5123,2,1,1,0.65391,0.29167,0.62813,0.26111,0.61484,0.21250,0.61484,0.16528,0.62578,0.13333,0.63594,0.16944,0.63281,0.12500,0.62656,0.09444,0.62344,0.06667,0.65078,0.16806,0.65234,0.11250,0.64297,0.13056,0.63672,0.15972,0.66563,0.17500,0.65938,0.14028,0.65078,0.17917,0.64922,0.21250,0.68203,0.18750,0.67344,0.15139,0.66484,0.17778,0.66328,0.20417,0.61607,0.79728,0.9997,0.73901,0.68001,0.9542,0.67665,0.29741,0.9971,0.65698,0.43143,0.65391,0.29167,80.91,0.9853,live,0.2689,0.3284,187.11,569.74
156079.387296,100.0,0.6235,2,1,1,0.65469,0.30000,0.62813,0.26944,0.61484,0.22222,0.61562,0.17639,0.62656,0.14306,0.63672,0.17778,0.63281,0.13194,0.62734,0.10139,0.62422,0.07500,0.65234,0.17639,0.65391,0.12083,0.64375,0.13611,0.63672,0.16250,0.66797,0.18333,0.66094,0.14861,0.65234,0.18750,0.65078,0.22083,0.68516,0.19583,0.67422,0.16111,0.66563,0.18889,0.66484,0.21806,0.61607,0.79750,0.9997,0.73909,0.68770,0.9553,0.67639,0.30000,0.9972,0.65652,0.40514,0.65469,0.30000,81.97,0.9859,live,0.2866,0.3671,205.73,560.39
156079.454248,100.0,0.7351,2,1,1,0.65781,0.31528,0.63125,0.28611,0.61719,0.23472,0.61875,0.18889,0.62969,0.15556,0.64062,0.18889,0.63672,0.14167,0.63125,0.10972,0.62656,0.08333,0.65703,0.18750,0.65781,0.13056,0.64687,0.14306,0.63828,0.16944,0.67266,0.19583,0.66406,0.16111,0.65469,0.20000,0.65391,0.23333,0.69063,0.20972,0.67812,0.17639,0.67031,0.20417,0.66953,0.23194,0.61600,0.80043,0.9997,0.73918,0.69460,0.9569,0.67699,0.30905,0.9973,0.65678,0.38717,0.65781,0.31528,84.55,0.9895,live,0.3058,0.3933,217.89,554.02
156079.520672,100.0,0.8458,2,1,1,0.66016,0.34861,0.63594,0.32222,0.62031,0.26667,0.62266,0.21944,0.63516,0.18750,0.64453,0.21389,0.64062,0.16528,0.63438,0.13333,0.63047,0.10556,0.66172,0.21528,0.66328,0.15139,0.65156,0.16806,0.64375,0.19583,0.67969,0.22639,0.67109,0.19167,0.66016,0.23333,0.65859,0.26667,0.69766,0.24444,0.68828,0.20972,0.67812,0.23889,0.67656,0.26389,0.61599,0.80702,0.9996,0.73914,0.74526,0.9578,0.67938,0.34630,0.9975,0.65745,0.37946,0.66016,0.34861,88.89,0.9909,live,0.3237,0.4051,223.44,551.54
156079.587753,100.0,0.9576,2,1,1,0.66172,0.40417,0.63828,0.39028,0.62031,0.34722,0.61953,0.30833,0.63047,0.28472,0.64375,0.27361,0.63750,0.22222,0.63125,0.19583,0.62656,0.17500,0.66406,0.27778,0.66641,0.21528,0.65391,0.24722,0.64609,0.28472,0.68281,0.29583,0.67344,0.27500,0.66172,0.31944,0.66094,0.34861,0.70000,0.32222,0.68828,0.30139,0.67656,0.33333,0.67500,0.35417,0.61174,0.81037,0.9996,0.73893,0.81422,0.9570,0.68033,0.44097,0.9977,0.65831,0.38440,0.66172,0.40417,86.14,0.9912,live,0.3237,0.3006,164.55,547.38
156079.654402,100.0,0.0687,2,2,0,0.66172,0.40417,0.63828,0.39028,0.62031,0.34722,0.61953,0.30833,0.63047,0.28472,0.64375,0.27361,0.63750,0.22222,0.63125,0.19583,0.62656,0.17500,0.66406,0.27778,0.66641,0.21528,0.65391,0.24722,0.64609,0.28472,0.68281,0.29583,0.67344,0.27500,0.66172,0.31944,0.66094,0.34861,0.70000,0.32222,0.68828,0.30139,0.67656,0.33333,0.67500,0.35417,0.61114,0.82217,0.9996,0.74933,0.92434,0.9538,0.68032,0.57033,0.9977,0.65831,0.38440,0.66172,0.40417,86.14,0.5947,hold,0.3237,0.3006,164.55,547.38
156079.720825,100.0,0.1794,2,2,0,0.67734,0.79306,0.64609,0.77917,0.62422,0.76528,0.62422,0.79861,0.63594,0.83472,0.64453,0.66944,0.63281,0.68056,0.62109,0.70972,0.61328,0.74444,0.67578,0.67917,0.66016,0.76250,0.64922,0.80972,0.64531,0.83611,0.70000,0.71528,0.67734,0.81528,0.66484,0.84306,0.65859,0.84583,0.71641,0.75833,0.69531,0.83333,0.68516,0.85139,0.68203,0.84861,0.61313,0.79287,0.9995,0.74916,0.95012,0.9418,0.68709,0.81085,0.9941,0.66211,0.46613,0.67734,0.79306,87.10,0.9990,live,0.2965,0.1727,94.04,544.41
156079.787774,100.0,0.2909,2,2,0,0.67969,0.90972,0.64922,0.90972,0.62422,0.91389,0.62422,0.95556,0.63750,0.99306,0.63828,0.81944,0.61719,0.82917,0.59766,0.85972,0.58359,0.89861,0.66953,0.81528,0.65312,0.91250,0.64922,0.95417,0.65000,0.98056,0.69766,0.84444,0.67578,0.95278,0.67109,0.96528,0.67188,0.95694,0.71641,0.88194,0.69688,0.96528,0.68906,0.97361,0.68828,0.95972,0.61236,0.81393,0.9996,0.74913,0.97672,0.9380,0.69610,0.94789,0.9930,0.66563,0.55485,0.67969,0.90972,78.46,0.9997,live,0.2858,0.2368,126.82,535.57
156079.854406,100.0,0.4020,2,2,0,0.68125,0.93056,0.65000,0.93333,0.62813,0.93333,0.62891,0.97222,0.63750,0.99861,0.63984,0.85556,0.61094,0.87778,0.58984,0.90694,0.57578,0.93472,0.66875,0.85556,0.65469,0.94722,0.65234,0.96528,0.65234,0.96806,0.69531,0.88472,0.67031,0.98472,0.66484,0.99861,0.66328,0.99444,0.71406,0.92083,0.69141,0.99861,0.68359,0.99861,0.68125,0.99861,0.61842,0.83033,0.9996,0.74788,1.00000,0.9359,0.69559,0.97254,0.9929,0.66875,0.62999,0.68125,0.93056,70.14,0.9995,live,0.2968,0.3470,181.06,521.80
156079.920997,100.0,0.5130,2,2,0,0.69063,0.92917,0.65547,0.92222,0.62813,0.91944,0.62344,0.95694,0.63516,0.98194,0.63594,0.83194,0.60781,0.85000,0.58828,0.87361,0.57422,0.89583,0.66484,0.82917,0.64687,0.92639,0.64766,0.95833,0.65156,0.96667,0.69297,0.85694,0.66719,0.96944,0.67109,0.96667,0.67734,0.93889,0.71406,0.89167,0.68984,0.97500,0.68828,0.97361,0.69297,0.94722,0.61829,0.82950,0.9996,0.74780,0.99081,0.9355,0.69517,0.93821,0.9921,0.67313,0.68983,0.69063,0.92917,81.85,0.9996,live,0.3213,0.4332,224.47,518.12
156079.987964,100.0,0.6246,2,2,0,0.69297,0.91389,0.65547,0.88889,0.62734,0.86944,0.61953,0.88472,0.63047,0.90556,0.64062,0.77361,0.61094,0.79444,0.59141,0.81944,0.57734,0.84028,0.66484,0.77222,0.63828,0.87639,0.63828,0.91667,0.64531,0.93056,0.68984,0.80139,0.66172,0.90972,0.66016,0.91528,0.66250,0.89861,0.71016,0.83889,0.68828,0.91250,0.68750,0.91250,0.69141,0.89444,0.62348,0.82477,0.9996,0.76559,0.99783,0.9362,0.69836,0.91486,0.9919,0.67710,0.73464,0.69297,0.91389,97.08,0.9973,live,0.3515,0.4888,257.05,525.84
156080.054544,100.0,0.7356,2,2,0,0.70078,0.85417,0.66172,0.82778,0.62891,0.80556,0.61953,0.81111,0.63281,0.82778,0.64062,0.72361,0.61641,0.73472,0.59766,0.74167,0.58359,0.74861,0.66406,0.71528,0.64141,0.78750,0.64062,0.82361,0.64609,0.84167,0.68828,0.73333,0.66641,0.81528,0.66563,0.82917,0.66953,0.82500,0.70859,0.76250,0.69141,0.82361,0.68984,0.83194,0.69453,0.82222,0.62036,0.80553,0.9997,0.76358,0.98253,0.9362,0.69810,0.84363,0.9916,0.68183,0.75854,0.70078,0.85417,97.54,0.9997,live,0.3810,0.5155,274.72,532.97
156080.121452,100.0,0.8471,2,2,0,0.67578,0.70972,0.64844,0.69306,0.62813,0.67222,0.63438,0.67778,0.65234,0.69167,0.63438,0.59722,0.62422,0.57500,0.61094,0.57361,0.59844,0.58056,0.66094,0.58750,0.66016,0.57639,0.65156,0.59167,0.64297,0.60833,0.68594,0.59861,0.67656,0.65139,0.66797,0.68333,0.66406,0.69444,0.70781,0.62361,0.69688,0.67361,0.69141,0.69167,0.69141,0.69028,0.61890,0.80590,0.9997,0.76254,0.97183,0.9369,0.69674,0.72275,0.9919,0.68062,0.74878,0.67578,0.70972,89.26,0.9994,live,0.4039,0.5083,271.06,533.28
156080.188036,100.0,0.9581,2,2,0,0.67812,0.55278,0.65312,0.53333,0.63438,0.49861,0.64062,0.47361,0.65859,0.46528,0.64609,0.42639,0.63516,0.38056,0.62578,0.35417,0.61797,0.33611,0.67031,0.42500,0.67266,0.37361,0.66953,0.34444,0.66484,0.32500,0.69141,0.43889,0.68672,0.41944,0.67812,0.45556,0.67266,0.48333,0.71016,0.46389,0.70703,0.44306,0.69922,0.46667,0.69453,0.48750,0.61512,0.80968,0.9997,0.76208,0.89919,0.9392,0.69230,0.55234,0.9925,0.68012,0.70958,0.67812,0.55278,88.67,0.9985,live,0.4039,0.3977,212.05,533.13
156080.254869,100.0,0.0694,2,1,1,0.67500,0.41806,0.65078,0.38056,0.63984,0.32639,0.65234,0.28889,0.66875,0.26667,0.65703,0.27361,0.64766,0.22361,0.63984,0.19028,0.63203,0.16389,0.67734,0.27361,0.67969,0.20833,0.67344,0.17222,0.66563,0.14722,0.69609,0.28750,0.68516,0.25556,0.67422,0.29167,0.67031,0.32222,0.71250,0.31111,0.70234,0.27917,0.68984,0.30556,0.68437,0.33056,0.61509,0.81928,0.9997,0.76152,0.82194,0.9409,0.69192,0.44389,0.9931,0.67910,0.65127,0.67500,0.41806,94.31,0.9970,live,0.4039,0.3948,212.05,537.06
156080.321349,100.0,0.1802,2,1,1,0.66875,0.36389,0.64453,0.30556,0.63906,0.25694,0.65000,0.21250,0.66328,0.18333,0.65469,0.21389,0.64531,0.16806,0.63906,0.13611,0.63359,0.10417,0.67109,0.20833,0.67422,0.15278,0.67031,0.11806,0.66641,0.08611,0.68672,0.21667,0.67812,0.17639,0.66641,0.21111,0.66250,0.24167,0.70156,0.23333,0.69141,0.19583,0.67969,0.21806,0.67422,0.24444,0.61332,0.81888,0.9997,0.74513,0.73541,0.9433,0.68826,0.36029,0.9937,0.67703,0.59380,0.66875,0.36389,96.52,0.9900,live,0.3804,0.2732,148.12,542.11
156080.387756,100.0,0.2909,2,1,1,0.65781,0.31944,0.63281,0.27639,0.62656,0.22778,0.63594,0.18472,0.65000,0.15833,0.64297,0.18889,0.63359,0.14722,0.62578,0.11944,0.61953,0.09444,0.65781,0.18472,0.65938,0.12778,0.65234,0.09722,0.64687,0.07361,0.67344,0.19167,0.66328,0.15278,0.65234,0.19028,0.64922,0.22361,0.68750,0.20417,0.67578,0.16944,0.66406,0.19167,0.65938,0.21667,0.61334,0.81318,0.9997,0.74327,0.70654,0.9457,0.67980,0.33850,0.9943,0.67319,0.53893,0.65781,0.31944,85.56,0.9908,live,0.3652,0.2961,159.48,538.66
156080.454400,100.0,0.4020,2,1,1,0.64922,0.30972,0.62578,0.27222,0.61875,0.22639,0.62734,0.18472,0.63828,0.15833,0.63125,0.18889,0.62187,0.14861,0.61484,0.12500,0.60859,0.10417,0.64531,0.18472,0.64531,0.13194,0.63828,0.10417,0.63281,0.08194,0.66016,0.19028,0.65234,0.15278,0.64219,0.18611,0.63906,0.21667,0.67500,0.20139,0.66406,0.16806,0.65312,0.18750,0.64844,0.20972,0.61533,0.81153,0.9997,0.74160,0.69680,0.9483,0.66967,0.30545,0.9947,0.66839,0.49309,0.64922,0.30972,80.38,0.9920,live,0.3652,0.3608,191.90,531.90
156080.521294,100.0,0.5135,2,1,1,0.64453,0.31111,0.62187,0.27639,0.61406,0.23194,0.62187,0.18889,0.63359,0.16250,0.62578,0.19861,0.61641,0.15833,0.60859,0.13472,0.60234,0.11250,0.63984,0.19306,0.63906,0.14028,0.63125,0.11111,0.62500,0.08750,0.65391,0.19583,0.64609,0.15833,0.63594,0.19028,0.63203,0.22083,0.66875,0.20556,0.65938,0.17083,0.64844,0.19028,0.64297,0.21667,0.61525,0.80080,0.9997,0.73853,0.67901,0.9499,0.66681,0.29897,0.9950,0.66362,0.45669,0.64453,0.31111,76.75,0.9952,live,0.3747,0.4177,218.58,523.33
156080.588095,100.0,0.6248,2,1,1,0.64219,0.31944,0.61953,0.28472,0.61094,0.24028,0.61797,0.19722,0.63125,0.16944,0.62422,0.20972,0.61406,0.16806,0.60625,0.14167,0.60000,0.11806,0.63828,0.20278,0.63750,0.14861,0.62891,0.11944,0.62266,0.09722,0.65234,0.20694,0.64297,0.16528,0.63359,0.19861,0.63125,0.22917,0.66719,0.21528,0.65703,0.17639,0.64609,0.19583,0.64141,0.22083,0.61416,0.80061,0.9997,0.73889,0.69377,0.9510,0.66719,0.32215,0.9953,0.65933,0.42924,0.64219,0.31944,75.78,0.9957,live,0.3907,0.4637,238.84,515.09
156080.654834,100.0,0.7360,2,1,1,0.64297,0.32639,0.62031,0.29306,0.61094,0.24722,0.61875,0.20556,0.63203,0.17639,0.62422,0.21389,0.61406,0.17083,0.60625,0.14444,0.60000,0.12083,0.63906,0.20833,0.63828,0.15139,0.63047,0.12222,0.62344,0.10139,0.65391,0.21250,0.64375,0.17222,0.63438,0.20694,0.63203,0.23889,0.66875,0.22083,0.65781,0.18472,0.64766,0.20417,0.64375,0.22917,0.61512,0.80194,0.9997,0.73990,0.69645,0.9524,0.66768,0.33397,0.9956,0.65606,0.40867,0.64297,0.32639,77.43,0.9967,live,0.4077,0.4850,246.89,509.03
156080.721214,100.0,0.8467,2,1,1,0.64844,0.33750,0.62500,0.30278,0.61641,0.25694,0.62500,0.21250,0.63750,0.18194,0.62891,0.21944,0.61875,0.17639,0.61094,0.14722,0.60391,0.12222,0.64453,0.21389,0.64531,0.15556,0.63672,0.12639,0.62891,0.10556,0.66016,0.21944,0.65000,0.18056,0.63984,0.21528,0.63750,0.24722,0.67656,0.22917,0.66484,0.19583,0.65391,0.21528,0.65078,0.24028,0.61496,0.80434,0.9996,0.73778,0.69967,0.9538,0.66876,0.34226,0.9959,0.65454,0.39444,0.64844,0.33750,81.26,0.9968,live,0.4257,0.5080,257.30,506.45
156080.788278,100.0,0.9585,2,1,1,0.65156,0.36250,0.62891,0.32639,0.61953,0.27917,0.62813,0.23611,0.64141,0.20556,0.63672,0.23750,0.62656,0.19028,0.61875,0.16111,0.61172,0.13472,0.65234,0.23194,0.65391,0.17222,0.64609,0.14167,0.63750,0.11944,0.66875,0.23889,0.65703,0.19861,0.64609,0.23472,0.64297,0.26667,0.68516,0.25417,0.67188,0.21806,0.66016,0.24028,0.65625,0.26667,0.61383,0.81187,0.9996,0.73807,0.75818,0.9547,0.67257,0.36714,0.9962,0.65394,0.38805,0.65156,0.36250,84.55,0.9957,live,0.4174,0.3795,192.24,506.56
156080.854965,100.0,0.0696,2,2,0,0.65000,0.41806,0.62891,0.39583,0.61797,0.34583,0.62734,0.30694,0.63906,0.28056,0.63672,0.28611,0.62578,0.23750,0.61797,0.20972,0.60859,0.18889,0.65547,0.28611,0.65859,0.21806,0.64844,0.19167,0.63672,0.17778,0.67344,0.30139,0.65938,0.27083,0.64687,0.30972,0.64375,0.33889,0.68828,0.32500,0.67500,0.29722,0.66094,0.31944,0.65547,0.34306,0.61386,0.81579,0.9996,0.74040,0.83374,0.9522,0.67272,0.42270,0.9965,0.65315,0.39405,0.65000,0.41806,86.62,0.9980,live,0.3959,0.2977,151.26,508.13
156080.921539,100.0,0.1806,2,2,0,0.65469,0.59583,0.62891,0.57222,0.61016,0.53194,0.61484,0.50278,0.63047,0.49028,0.62578,0.45694,0.62031,0.40556,0.61328,0.37917,0.60391,0.36389,0.65000,0.45556,0.65312,0.39722,0.64844,0.36944,0.64219,0.35556,0.67109,0.47222,0.66016,0.45278,0.65000,0.48472,0.64375,0.51389,0.68906,0.49861,0.67891,0.48194,0.66875,0.50278,0.66406,0.52222,0.61325,0.81789,0.9996,0.74473,0.91817,0.9525,0.67008,0.54450,0.9967,0.65346,0.43441,0.65469,0.59583,94.22,0.9976,live,0.3636,0.2167,111.62,514.99
156080.988321,100.0,0.2919,2,2,0,0.66172,0.79583,0.63359,0.76806,0.61406,0.73611,0.61797,0.72778,0.63281,0.72917,0.63203,0.64583,0.62656,0.61667,0.61562,0.63333,0.60625,0.65833,0.66016,0.64722,0.65234,0.62778,0.63750,0.65972,0.62734,0.69167,0.68281,0.66944,0.66250,0.71528,0.65078,0.75694,0.64609,0.77917,0.70078,0.70694,0.68047,0.74583,0.67031,0.77222,0.66719,0.78472,0.61338,0.82453,0.9996,0.75650,0.98562,0.9525,0.67583,0.74522,0.9966,0.65511,0.50669,0.66172,0.79583,100.28,0.9982,live,0.3282,0.1668,87.62,525.39
156081.054934,100.0,0.4029,2,2,0,0.67031,0.89306,0.64687,0.87917,0.62344,0.87083,0.61719,0.90833,0.62656,0.95417,0.63828,0.79306,0.61406,0.80139,0.60000,0.83750,0.59297,0.87500,0.66797,0.80556,0.65312,0.83889,0.64453,0.87083,0.64141,0.89583,0.69141,0.84306,0.66875,0.91667,0.65781,0.94028,0.65469,0.94583,0.70859,0.88611,0.68828,0.94167,0.68047,0.95417,0.67891,0.95139,0.62104,0.82625,0.9996,0.75584,1.00000,0.9483,0.69420,0.95754,0.9950,0.65815,0.58397,0.67031,0.89306,76.85,0.9982,live,0.3184,0.2737,141.69,517.67
156081.121409,100.0,0.5137,2,2,0,0.66641,0.94028,0.63828,0.92639,0.61797,0.91806,0.60781,0.94028,0.60391,0.96389,0.64609,0.85972,0.62422,0.88889,0.60859,0.92639,0.59766,0.96250,0.67344,0.87639,0.66172,0.92500,0.65156,0.97222,0.64141,0.99861,0.69453,0.90833,0.67891,0.96806,0.67109,0.99861,0.66406,0.99861,0.70547,0.94444,0.69375,0.98750,0.68672,0.99861,0.68203,0.99861,0.60710,0.82573,0.9996,0.73379,0.99954,0.9354,0.68599,0.97884,0.9902,0.65980,0.65523,0.66641,0.94028,64.49,0.9979,live,0.3301,0.3836,192.56,501.99
156081.188429,100.0,0.6254,2,2,0,0.67109,0.99028,0.64844,0.97083,0.62734,0.95000,0.61250,0.96528,0.60469,0.98750,0.65703,0.88472,0.63047,0.90694,0.60938,0.94861,0.59375,0.98750,0.68594,0.90694,0.66172,0.98056,0.65000,0.99861,0.64375,0.99861,0.70547,0.94583,0.67891,0.99861,0.67031,0.99861,0.66875,0.99861,0.71719,0.98750,0.69531,0.99861,0.68750,0.99861,0.68750,0.99861,0.60221,0.82425,0.9995,0.72922,1.00000,0.9156,0.68083,0.97631,0.9857,0.66206,0.72224,0.67109,0.99028,76.72,0.9943,live,0.3579,0.4847,240.89,496.99
156081.256997,100.0,0.7397,2,2,0,0.66953,0.98889,0.64844,0.97083,0.62656,0.94861,0.61250,0.96250,0.60625,0.98056,0.65547,0.87778,0.63047,0.90417,0.61094,0.94306,0.59688,0.97778,0.68594,0.89722,0.66484,0.96667,0.65547,0.99028,0.65156,0.99861,0.70703,0.93611,0.68047,0.99861,0.67109,0.99861,0.66875,0.99861,0.72109,0.97778,0.69844,0.99861,0.69141,0.99861,0.69219,0.99861,0.60285,0.82420,0.9995,0.72582,1.00000,0.9134,0.68407,0.98038,0.9840,0.66356,0.77557,0.66953,0.98889,82.09,0.9972,live,0.3948,0.5626,279.33,496.46
156081.321807,100.0,0.8477,2,2,0,0.67188,0.98333,0.65156,0.96806,0.62813,0.95000,0.61406,0.96250,0.60938,0.97083,0.65547,0.86944,0.63281,0.89028,0.61406,0.92500,0.60000,0.96111,0.68672,0.88611,0.66953,0.95417,0.65781,0.97778,0.65312,0.98611,0.70859,0.92361,0.68359,0.99861,0.67266,0.99861,0.67031,0.99861,0.72266,0.96667,0.70234,0.99861,0.69375,0.99861,0.69375,0.99861,0.60494,0.82749,0.9995,0.72690,1.00000,0.9120,0.69170,0.98321,0.9843,0.66522,0.81712,0.67188,0.98333,83.54,0.9987,live,0.4357,0.6223,309.32,497.03
156081.388573,100.0,0.9589,2,2,0,0.66797,0.97778,0.64609,0.95556,0.62578,0.93333,0.61406,0.95139,0.60938,0.96806,0.65469,0.86111,0.63438,0.87917,0.61484,0.91389,0.60078,0.95000,0.68594,0.87639,0.67344,0.91944,0.66016,0.95417,0.65312,0.97778,0.70781,0.91111,0.68906,0.97778,0.67422,0.99861,0.66641,0.99861,0.72109,0.95417,0.70547,0.99861,0.69766,0.99861,0.69609,0.99861,0.60291,0.82788,0.9996,0.71829,1.00000,0.9043,0.69175,0.96977,0.9846,0.66577,0.84925,0.66797,0.97778,85.14,0.9983,live,0.4758,0.6580,328.14,498.69
156081.455256,100.0,0.0701,2,1,1,0.66875,0.96944,0.64531,0.95139,0.62266,0.93611,0.62109,0.96667,0.64062,0.99861,0.65234,0.85139,0.63281,0.86667,0.61406,0.89861,0.60234,0.93194,0.68437,0.86667,0.67266,0.90417,0.66016,0.93056,0.65391,0.95000,0.70703,0.90139,0.68203,0.97083,0.66563,0.98611,0.65781,0.98472,0.72266,0.94444,0.70312,0.99861,0.69297,0.99861,0.68906,0.99861,0.61095,0.82477,0.9996,0.74115,1.00000,0.9014,0.69451,0.98504,0.9845,0.66637,0.87329,0.66875,0.96944,86.93,0.9995,live,0.5037,0.6310,316.43,501.44
156081.521742,100.0,0.1809,2,1,1,0.67656,0.94722,0.64844,0.93194,0.62422,0.91667,0.62422,0.94722,0.64219,0.98333,0.65000,0.82639,0.62969,0.82639,0.61328,0.85694,0.60156,0.89306,0.68125,0.83333,0.66875,0.86667,0.65938,0.89583,0.65391,0.91667,0.70469,0.86528,0.67812,0.95417,0.66484,0.97639,0.66250,0.97361,0.72266,0.90694,0.69844,0.97361,0.69141,0.98472,0.69297,0.97500,0.61989,0.82487,0.9996,0.76085,1.00000,0.9047,0.69631,0.97343,0.9853,0.66840,0.88808,0.67656,0.94722,87.74,0.9998,live,0.5112,0.5454,275.12,504.44
156081.588470,100.0,0.2921,2,1,1,0.70234,0.94583,0.67109,0.88472,0.65156,0.84028,0.63438,0.80833,0.61719,0.79028,0.66484,0.77639,0.63828,0.77361,0.62500,0.77778,0.61797,0.78333,0.68203,0.77778,0.65703,0.79722,0.64922,0.81528,0.64766,0.83333,0.69844,0.79722,0.67500,0.82917,0.66953,0.84583,0.67031,0.85694,0.71250,0.82778,0.69297,0.85417,0.68906,0.86667,0.69141,0.87500,0.62138,0.80038,0.9996,0.76025,1.00000,0.9060,0.69629,0.87002,0.9849,0.67519,0.89963,0.70234,0.94583,103.05,0.9761,live,0.4985,0.4407,228.32,518.10
156081.655125,100.0,0.4032,2,1,1,0.66641,0.71389,0.64453,0.69583,0.62734,0.66389,0.63125,0.63750,0.64531,0.62083,0.64219,0.58194,0.64062,0.54583,0.63047,0.55278,0.61875,0.57222,0.66875,0.57917,0.66563,0.56389,0.65547,0.59444,0.64844,0.62222,0.68984,0.59583,0.67656,0.62083,0.66797,0.65694,0.66484,0.67500,0.70703,0.62222,0.69375,0.64861,0.68437,0.67222,0.68047,0.68472,0.61730,0.80693,0.9997,0.75917,0.97325,0.9079,0.69302,0.70402,0.9860,0.67344,0.86248,0.66641,0.71389,92.23,0.9983,live,0.4698,0.3390,177.07,522.34
156081.721870,100.0,0.5144,2,1,1,0.66250,0.53333,0.63594,0.50556,0.61875,0.45833,0.62578,0.42500,0.64219,0.40833,0.63594,0.39028,0.62656,0.34583,0.61719,0.32222,0.60703,0.31250,0.65859,0.38889,0.66016,0.32500,0.65156,0.30000,0.64141,0.29306,0.67891,0.40417,0.67188,0.37361,0.66094,0.40556,0.65547,0.43750,0.69688,0.43333,0.68984,0.40833,0.67891,0.42917,0.67344,0.45278,0.61568,0.80976,0.9997,0.75816,0.89076,0.9128,0.68211,0.53630,0.9873,0.67125,0.79665,0.66250,0.53333,95.23,0.9987,live,0.4291,0.2439,128.82,528.22
156081.788366,100.0,0.6253,2,1,1,0.65469,0.45139,0.63047,0.38611,0.62187,0.33472,0.62656,0.28889,0.63438,0.25278,0.63750,0.30000,0.63750,0.25694,0.63438,0.23194,0.63203,0.21111,0.65156,0.30278,0.65312,0.25556,0.64922,0.23333,0.64453,0.22083,0.66719,0.31111,0.67188,0.26528,0.66563,0.24861,0.65938,0.24306,0.68281,0.32500,0.68594,0.28889,0.67891,0.27639,0.67031,0.27222,0.61258,0.81036,0.9997,0.75142,0.80241,0.9156,0.67151,0.40653,0.9883,0.66794,0.72760,0.65469,0.45139,94.22,0.9645,live,0.3954,0.2418,128.82,532.67
156081.855126,100.0,0.7365,2,1,1,0.64453,0.34306,0.61875,0.29306,0.61406,0.24028,0.62422,0.19722,0.63359,0.16111,0.62734,0.19167,0.61719,0.15278,0.61094,0.12500,0.60703,0.09583,0.64453,0.18750,0.64375,0.13333,0.64219,0.09861,0.63984,0.06806,0.65938,0.19583,0.66094,0.14306,0.65469,0.11667,0.65000,0.09444,0.67266,0.21250,0.66016,0.17083,0.64922,0.19306,0.64453,0.21806,0.61233,0.80377,0.9997,0.73782,0.70715,0.9198,0.66080,0.32980,0.9893,0.66326,0.65069,0.64453,0.34306,95.94,0.9927,live,0.3845,0.3345,179.89,537.82
156081.922026,100.0,0.8480,2,1,1,0.63438,0.32222,0.61016,0.27361,0.60469,0.22500,0.61406,0.18056,0.62578,0.14722,0.61641,0.19306,0.60781,0.15278,0.60156,0.12361,0.59766,0.09444,0.63047,0.18750,0.63125,0.13889,0.63125,0.10694,0.63047,0.07917,0.64297,0.19028,0.64141,0.13750,0.63594,0.10556,0.63281,0.08056,0.65547,0.19861,0.64219,0.15694,0.63125,0.17222,0.62656,0.19583,0.61201,0.79782,0.9997,0.72920,0.67100,0.9244,0.65156,0.29568,0.9901,0.65748,0.58500,0.63438,0.32222,84.02,0.9931,live,0.3920,0.4265,227.67,533.78
156081.989007,100.0,0.9597,2,1,1,0.62656,0.29306,0.60234,0.26806,0.59531,0.21667,0.60391,0.17361,0.61719,0.14583,0.60391,0.18056,0.59453,0.14583,0.58906,0.12361,0.58437,0.09861,0.61875,0.17500,0.61797,0.12639,0.61641,0.10139,0.61406,0.07778,0.63203,0.17639,0.63047,0.12361,0.62500,0.09722,0.62031,0.07361,0.64453,0.18472,0.63047,0.14861,0.62109,0.16944,0.61719,0.19444,0.61155,0.79321,0.9997,0.72621,0.65315,0.9283,0.64252,0.29031,0.9908,0.65130,0.52661,0.62656,0.29306,76.26,0.9899,live,0.4142,0.5152,270.31,524.63
156082.055543,100.0,0.0706,2,2,0,0.62266,0.29167,0.60000,0.26528,0.59297,0.22083,0.60156,0.18056,0.61250,0.15278,0.60078,0.18750,0.59062,0.15417,0.58516,0.13056,0.58047,0.10833,0.61406,0.18194,0.61328,0.13472,0.61016,0.10833,0.60781,0.08611,0.62734,0.18333,0.62578,0.13194,0.61953,0.10417,0.61484,0.08194,0.63984,0.18889,0.62813,0.15278,0.61953,0.16806,0.61484,0.19167,0.61135,0.78991,0.9997,0.72350,0.64783,0.9312,0.63630,0.28876,0.9914,0.64557,0.47962,0.62266,0.29167,71.76,0.9953,live,0.4465,0.5937,304.77,513.34
156082.121840,100.0,0.1811,2,2,0,0.62500,0.29722,0.60234,0.27222,0.59453,0.22500,0.60234,0.18333,0.61562,0.15694,0.60156,0.19583,0.59219,0.15972,0.58672,0.13611,0.58125,0.11111,0.61641,0.18750,0.61406,0.14028,0.61094,0.11250,0.60781,0.08750,0.62969,0.18889,0.62813,0.13889,0.62109,0.10972,0.61562,0.08750,0.64219,0.19444,0.63125,0.15833,0.62266,0.17361,0.61875,0.19583,0.61126,0.79022,0.9997,0.72434,0.65769,0.9346,0.63884,0.29454,0.9918,0.64145,0.44314,0.62500,0.29722,71.97,0.9959,live,0.4846,0.6583,331.50,503.56
156082.188636,100.0,0.2924,2,2,0,0.62891,0.31250,0.60703,0.28472,0.60000,0.23611,0.60938,0.19306,0.62109,0.16528,0.60781,0.20417,0.59844,0.16389,0.59219,0.13750,0.58672,0.11250,0.62266,0.19722,0.62109,0.14583,0.61641,0.11389,0.61250,0.08611,0.63672,0.19861,0.63516,0.14444,0.62656,0.11389,0.62031,0.09306,0.65000,0.20694,0.63906,0.16667,0.62891,0.18056,0.62422,0.20278,0.61109,0.79192,0.9997,0.72591,0.67041,0.9372,0.64446,0.31299,0.9924,0.63894,0.41701,0.62891,0.31250,75.15,0.9960,live,0.5146,0.6511,323.76,497.25
156082.255479,100.0,0.4038,2,2,0,0.63516,0.34167,0.61250,0.31389,0.60391,0.26528,0.61406,0.21944,0.62813,0.19306,0.61562,0.22500,0.60547,0.17917,0.59844,0.14861,0.59297,0.11944,0.63203,0.21944,0.62891,0.16111,0.62422,0.12222,0.61953,0.09028,0.64609,0.22222,0.64531,0.16250,0.63516,0.13056,0.62813,0.10556,0.66016,0.23194,0.64687,0.18750,0.63750,0.20417,0.63281,0.23194,0.61108,0.79458,0.9997,0.72733,0.70951,0.9400,0.64921,0.32803,0.9930,0.63819,0.40194,0.63516,0.34167,79.55,0.9958,live,0.5265,0.5806,287.32,494.85
156082.322509,100.0,0.5155,2,2,0,0.63828,0.39722,0.61562,0.38056,0.60469,0.33611,0.61562,0.29583,0.62656,0.26944,0.61719,0.27361,0.60547,0.22361,0.59766,0.19444,0.59062,0.16806,0.63516,0.26667,0.63047,0.20278,0.62422,0.16389,0.61875,0.13750,0.65234,0.27500,0.65078,0.22083,0.64062,0.19861,0.63359,0.18472,0.66641,0.29306,0.65625,0.26111,0.64531,0.27500,0.64062,0.29583,0.60920,0.80276,0.9997,0.72980,0.79781,0.9402,0.65164,0.38231,0.9936,0.63821,0.40100,0.63828,0.39722,83.70,0.9968,live,0.5182,0.4805,238.21,495.74
156082.389075,100.0,0.6264,2,2,0,0.65078,0.55417,0.62422,0.53194,0.60781,0.48889,0.61641,0.45417,0.63125,0.43750,0.61875,0.41250,0.60938,0.36250,0.59844,0.33472,0.58828,0.31667,0.63906,0.40972,0.63594,0.35000,0.62734,0.31806,0.61641,0.30139,0.65781,0.42222,0.65703,0.36944,0.64531,0.36389,0.63438,0.36944,0.67500,0.44583,0.66719,0.41667,0.65625,0.42500,0.64844,0.44167,0.60911,0.80963,0.9996,0.73501,0.89078,0.9409,0.65819,0.51351,0.9941,0.64072,0.43163,0.65078,0.55417,93.71,0.9974,live,0.4902,0.3625,182.62,503.72
156082.455581,100.0,0.7373,2,2,0,0.66016,0.74028,0.63125,0.72500,0.61484,0.67222,0.61641,0.62500,0.61719,0.59167,0.63125,0.61806,0.62813,0.57778,0.61719,0.56528,0.60313,0.56806,0.65312,0.61806,0.65234,0.57083,0.63984,0.57083,0.62734,0.58750,0.67344,0.63056,0.66719,0.61528,0.65625,0.65278,0.65000,0.68472,0.69297,0.65556,0.68594,0.65000,0.67656,0.67361,0.67109,0.69306,0.60859,0.81860,0.9997,0.74073,0.96835,0.9375,0.66399,0.67247,0.9944,0.64461,0.49336,0.66016,0.74028,85.37,0.9944,live,0.4500,0.2670,134.76,504.74
156082.522540,100.0,0.8489,2,2,0,0.66172,0.84028,0.63359,0.82917,0.61094,0.81528,0.61484,0.83750,0.63281,0.86806,0.63984,0.72639,0.61797,0.73194,0.60156,0.76528,0.59141,0.80000,0.66563,0.73472,0.65312,0.73333,0.63828,0.77639,0.62813,0.81667,0.68672,0.76111,0.68125,0.78611,0.66563,0.84444,0.65391,0.88333,0.70312,0.80139,0.69844,0.83056,0.68516,0.86667,0.67422,0.89028,0.61721,0.81024,0.9997,0.74625,1.00000,0.9361,0.68511,0.86388,0.9938,0.64803,0.56274,0.66172,0.84028,80.03,0.9967,live,0.4112,0.2345,117.66,501.79
156082.589163,100.0,0.9599,2,2,0,0.65703,0.86389,0.63047,0.86111,0.61484,0.85556,0.61406,0.87361,0.61797,0.89722,0.64141,0.77361,0.62187,0.80000,0.60938,0.83333,0.60000,0.86528,0.66719,0.77917,0.65234,0.80833,0.63906,0.85139,0.62813,0.89028,0.68828,0.80417,0.68281,0.84583,0.66953,0.90139,0.65781,0.93889,0.70391,0.84167,0.70234,0.87917,0.68828,0.91667,0.67656,0.94028,0.63002,0.82620,0.9997,0.77065,1.00000,0.9329,0.70016,0.93762,0.9923,0.64983,0.62297,0.65703,0.86389,71.57,0.9994,live,0.3958,0.3255,160.52,493.10
156082.655831,100.0,0.0710,2,1,1,0.66641,0.90000,0.63984,0.89444,0.62109,0.89167,0.62656,0.91111,0.64062,0.92778,0.63906,0.77639,0.61719,0.79306,0.60234,0.82083,0.59297,0.85000,0.66641,0.77778,0.65312,0.79861,0.64141,0.84028,0.63125,0.87778,0.68828,0.80278,0.68516,0.84583,0.66719,0.90417,0.65234,0.94444,0.70469,0.84583,0.69844,0.88889,0.68281,0.92639,0.66953,0.95000,0.62831,0.83023,0.9997,0.77264,1.00000,0.9311,0.70708,0.95370,0.9921,0.65315,0.67838,0.66641,0.90000,86.00,1.0000,live,0.3958,0.4046,200.63,495.85
156082.722315,100.0,0.1819,2,1,1,0.66875,0.89306,0.64375,0.87917,0.62891,0.86944,0.63359,0.89028,0.64453,0.91389,0.64062,0.76250,0.62344,0.76667,0.60781,0.79306,0.59609,0.82361,0.66875,0.76944,0.66016,0.77083,0.64531,0.80833,0.63516,0.84583,0.69141,0.80139,0.68672,0.83056,0.66797,0.88056,0.65469,0.91667,0.70781,0.84722,0.69844,0.88333,0.68516,0.90972,0.67734,0.92222,0.62952,0.82974,0.9997,0.78414,1.00000,0.9310,0.70452,0.92627,0.9922,0.65627,0.72131,0.66875,0.89306,88.75,1.0000,live,0.4080,0.4633,231.79,500.25
156082.789064,100.0,0.2931,2,1,1,0.67031,0.87361,0.64375,0.86250,0.62813,0.85556,0.63281,0.87361,0.64219,0.89444,0.63750,0.74861,0.62109,0.74861,0.60625,0.77500,0.59453,0.80556,0.66641,0.75556,0.65938,0.74722,0.64531,0.78750,0.63281,0.82639,0.68828,0.78611,0.68828,0.80694,0.66953,0.86250,0.65391,0.90278,0.70469,0.83056,0.69922,0.85972,0.68594,0.89306,0.67578,0.91250,0.62893,0.82909,0.9997,0.78091,1.00000,0.9282,0.70684,0.92426,0.9921,0.65908,0.75177,0.67031,0.87361,85.65,1.0000,live,0.4256,0.5060,253.97,501.89
156082.855839,100.0,0.4044,2,1,1,0.67109,0.86806,0.64609,0.85556,0.63203,0.84306,0.63828,0.85556,0.64766,0.87778,0.63828,0.73056,0.62031,0.72917,0.60469,0.75556,0.59375,0.78611,0.66563,0.73611,0.65547,0.72639,0.63906,0.76389,0.62734,0.80417,0.68906,0.76667,0.68672,0.77639,0.66797,0.82639,0.65547,0.86389,0.70703,0.81250,0.69844,0.83056,0.68594,0.85694,0.67891,0.87361,0.62603,0.82783,0.9997,0.77773,1.00000,0.9260,0.70563,0.89978,0.9922,0.66148,0.77503,0.67109,0.86806,92.43,1.0000,live,0.4450,0.5331,270.94,508.21
156082.922198,100.0,0.5150,2,1,1,0.67344,0.83472,0.64766,0.80833,0.62969,0.77917,0.63281,0.76806,0.64687,0.77083,0.64531,0.70139,0.62969,0.68750,0.61484,0.69861,0.60234,0.71806,0.66953,0.70417,0.66016,0.68194,0.64609,0.71250,0.63594,0.74861,0.69219,0.72500,0.68594,0.71806,0.67109,0.75833,0.66094,0.79306,0.71016,0.76111,0.70469,0.76806,0.69219,0.79028,0.68437,0.80972,0.61802,0.81689,0.9997,0.74878,1.00000,0.9198,0.69970,0.82158,0.9922,0.66387,0.78697,0.67344,0.83472,90.24,0.9999,live,0.4632,0.5463,279.83,512.20
156082.989261,100.0,0.6268,2,1,1,0.67422,0.72639,0.64687,0.70139,0.63359,0.66667,0.64375,0.64167,0.65859,0.62361,0.64141,0.58333,0.62813,0.55556,0.61406,0.56250,0.60469,0.58194,0.66563,0.58194,0.66250,0.54306,0.65156,0.57222,0.64219,0.60833,0.68750,0.59722,0.68672,0.58750,0.67500,0.62361,0.66641,0.65278,0.70703,0.62500,0.70156,0.63889,0.68984,0.66528,0.68281,0.68472,0.61097,0.81686,0.9997,0.74557,0.97030,0.9192,0.69445,0.70513,0.9925,0.66594,0.77485,0.67422,0.72639,97.31,0.9971,live,0.4535,0.4093,213.15,520.80
156083.056528,100.0,0.7389,2,1,1,0.67500,0.57361,0.64844,0.55694,0.63438,0.50556,0.64375,0.46389,0.65703,0.44028,0.64375,0.42083,0.64219,0.37500,0.63516,0.36944,0.63125,0.37917,0.66719,0.41667,0.67031,0.35556,0.66250,0.36944,0.65781,0.39861,0.68906,0.42639,0.69297,0.37917,0.68437,0.40139,0.67969,0.42778,0.71016,0.45000,0.71250,0.41528,0.70547,0.42778,0.70078,0.44722,0.61050,0.81660,0.9997,0.74627,0.89653,0.9216,0.69191,0.55459,0.9929,0.66775,0.73460,0.67500,0.57361,104.44,0.9948,live,0.4270,0.3063,163.40,533.50
156083.122417,100.0,0.8487,2,1,1,0.66953,0.44028,0.63984,0.40694,0.63047,0.35139,0.64453,0.31528,0.66016,0.30000,0.64453,0.28472,0.63750,0.23750,0.62969,0.21111,0.62109,0.19444,0.66641,0.27778,0.66484,0.22222,0.65859,0.19306,0.64844,0.17361,0.68594,0.28472,0.68906,0.23194,0.68437,0.20417,0.67578,0.18611,0.70391,0.30556,0.70937,0.26111,0.70859,0.23472,0.70391,0.21250,0.61057,0.81801,0.9997,0.74275,0.79611,0.9240,0.68719,0.44345,0.9932,0.66811,0.67574,0.66953,0.44028,104.38,0.9853,live,0.4042,0.3002,163.47,544.63
156083.189156,100.0,0.9599,2,1,1,0.66328,0.36806,0.63750,0.31389,0.62969,0.25000,0.64687,0.20278,0.66797,0.19861,0.64141,0.20833,0.63359,0.15972,0.62813,0.12778,0.62344,0.09861,0.65938,0.20278,0.65703,0.15139,0.65469,0.11667,0.65156,0.08611,0.67578,0.20694,0.67734,0.15972,0.67578,0.12083,0.67344,0.08611,0.69219,0.21806,0.69453,0.17222,0.69453,0.14306,0.69297,0.11667,0.60989,0.81614,0.9997,0.73923,0.72456,0.9275,0.67951,0.34393,0.9938,0.66714,0.61420,0.66328,0.36806,104.25,0.9704,live,0.3725,0.2283,126.57,554.34
156083.256211,100.0,0.0717,2,2,0,0.65781,0.32361,0.63125,0.27083,0.62422,0.21250,0.63672,0.16667,0.65469,0.15278,0.63672,0.18472,0.63281,0.14167,0.62891,0.11667,0.62578,0.09306,0.65156,0.18056,0.65156,0.13472,0.64922,0.11111,0.64687,0.09444,0.66719,0.18056,0.66953,0.13750,0.66875,0.10417,0.66719,0.07917,0.68281,0.18611,0.68359,0.14167,0.68359,0.11667,0.68281,0.09444,0.61012,0.80773,0.9997,0.73143,0.67070,0.9311,0.67337,0.27902,0.9943,0.66528,0.55608,0.65781,0.32361,92.49,0.9521,live,0.3597,0.3011,166.93,554.41
156083.322768,100.0,0.1826,2,2,0,0.64766,0.28194,0.62031,0.23333,0.61562,0.18056,0.62813,0.13750,0.64531,0.12917,0.62656,0.14722,0.61875,0.10417,0.61172,0.07222,0.60547,0.04306,0.64219,0.13611,0.63906,0.08889,0.63438,0.05278,0.62891,0.02222,0.65703,0.13611,0.65703,0.09028,0.65312,0.05556,0.64844,0.02778,0.67188,0.14306,0.67500,0.10417,0.67422,0.07500,0.67109,0.05000,0.61001,0.79871,0.9997,0.72959,0.64187,0.9341,0.66876,0.26028,0.9947,0.66175,0.50126,0.64766,0.28194,92.17,0.9731,live,0.3597,0.3717,206.04,554.24
156083.389495,100.0,0.2938,2,2,0,0.64297,0.26250,0.61562,0.23333,0.60859,0.18194,0.62031,0.13889,0.63672,0.12917,0.61953,0.13889,0.61094,0.10000,0.60391,0.07222,0.59844,0.04861,0.63516,0.12778,0.63047,0.08056,0.62344,0.05000,0.61641,0.02361,0.65000,0.12778,0.64844,0.08194,0.64375,0.05000,0.63750,0.02639,0.66484,0.13611,0.66719,0.09722,0.66484,0.07083,0.65938,0.04861,0.61004,0.79127,0.9997,0.72685,0.62564,0.9377,0.66138,0.23727,0.9951,0.65800,0.45350,0.64297,0.26250,86.17,0.9814,live,0.3736,0.4373,240.44,549.78
156083.456165,100.0,0.4049,2,2,0,0.64062,0.26528,0.61328,0.23472,0.60547,0.18472,0.61719,0.14444,0.63359,0.13611,0.61875,0.14722,0.60938,0.10694,0.60156,0.07917,0.59609,0.05417,0.63438,0.13611,0.62813,0.08750,0.62187,0.05556,0.61484,0.02917,0.64922,0.13472,0.64687,0.08750,0.64141,0.05556,0.63516,0.03056,0.66484,0.14167,0.66563,0.10278,0.66250,0.07639,0.65781,0.05417,0.60913,0.78890,0.9997,0.72643,0.62965,0.9405,0.66090,0.24114,0.9954,0.65452,0.41586,0.64062,0.26528,84.05,0.9751,live,0.3949,0.4919,267.76,544.32
156083.523040,100.0,0.5164,2,2,0,0.64141,0.27917,0.61562,0.24861,0.60703,0.19861,0.61797,0.15556,0.63516,0.14583,0.62031,0.15694,0.61094,0.11389,0.60391,0.08611,0.59766,0.06111,0.63594,0.14583,0.63047,0.09583,0.62344,0.06389,0.61641,0.03750,0.65156,0.14583,0.64922,0.09722,0.64375,0.06528,0.63672,0.03889,0.66719,0.15278,0.66797,0.11389,0.66563,0.08611,0.65938,0.06389,0.60895,0.78894,0.9997,0.72664,0.65210,0.9421,0.66125,0.25712,0.9956,0.65190,0.38852,0.64141,0.27917,86.29,0.9810,live,0.4166,0.5155,278.93,541.14
156083.589730,100.0,0.6275,2,2,0,0.64453,0.30694,0.61875,0.27361,0.61016,0.22083,0.62266,0.17778,0.64062,0.17222,0.62422,0.17083,0.61562,0.12778,0.60781,0.10000,0.60156,0.07500,0.64141,0.16250,0.63594,0.11389,0.62969,0.08194,0.62266,0.05417,0.65781,0.16528,0.65625,0.11806,0.65078,0.08611,0.64297,0.05833,0.67344,0.17639,0.67578,0.13611,0.67266,0.10972,0.66641,0.08611,0.60647,0.79205,0.9997,0.72678,0.69406,0.9435,0.66916,0.28044,0.9959,0.65043,0.37221,0.64453,0.30694,92.40,0.9813,live,0.4285,0.4826,261.91,542.73
156083.656306,100.0,0.7385,2,2,0,0.64844,0.36250,0.62109,0.33611,0.61094,0.28611,0.62422,0.24583,0.64297,0.23889,0.62734,0.22222,0.61953,0.17361,0.61094,0.14722,0.60313,0.12361,0.64687,0.21528,0.64297,0.16111,0.63516,0.13056,0.62734,0.10556,0.66563,0.22083,0.66406,0.17083,0.65859,0.14167,0.65078,0.12083,0.68203,0.23889,0.68594,0.19722,0.68281,0.17222,0.67578,0.15417,0.60652,0.80243,0.9996,0.72710,0.78442,0.9452,0.67404,0.35461,0.9962,0.65003,0.37026,0.64844,0.36250,95.11,0.9861,live,0.4382,0.4822,263.34,546.08
156083.722961,100.0,0.8496,2,2,0,0.65859,0.51667,0.62969,0.48056,0.61641,0.43333,0.62344,0.39861,0.63750,0.38056,0.63359,0.35556,0.62813,0.30417,0.61875,0.27639,0.60703,0.26389,0.65469,0.35139,0.65391,0.29306,0.64375,0.26528,0.62891,0.25556,0.67344,0.36528,0.67812,0.30972,0.67031,0.28889,0.65781,0.28333,0.69063,0.39028,0.69766,0.35000,0.69453,0.33611,0.68672,0.33472,0.60834,0.80862,0.9996,0.73581,0.88134,0.9450,0.67404,0.47868,0.9965,0.65174,0.39954,0.65859,0.51667,104.10,0.9957,live,0.4167,0.3186,177.00,555.50
156083.789546,100.0,0.9606,2,2,0,0.67266,0.70833,0.64844,0.68611,0.63438,0.63889,0.63594,0.60139,0.64141,0.57639,0.65156,0.57639,0.64766,0.53611,0.63438,0.51806,0.62109,0.50972,0.67188,0.58611,0.67188,0.54167,0.66094,0.54861,0.65078,0.56667,0.69063,0.60833,0.69141,0.57083,0.67891,0.59167,0.66953,0.61806,0.70703,0.64306,0.70859,0.61667,0.69844,0.63333,0.69141,0.65417,0.60825,0.82265,0.9996,0.74476,0.97555,0.9437,0.68118,0.65408,0.9967,0.65592,0.46130,0.67266,0.70833,84.21,0.9905,live,0.3859,0.2461,135.21,549.48
156083.856960,100.0,0.0729,2,1,1,0.67266,0.81806,0.65234,0.80000,0.64062,0.77083,0.63828,0.77083,0.64297,0.79028,0.65859,0.71944,0.65156,0.71389,0.64375,0.74167,0.63984,0.76667,0.68437,0.73750,0.69297,0.74861,0.68281,0.80278,0.67266,0.84583,0.70547,0.76667,0.71562,0.78611,0.70469,0.83750,0.69453,0.87361,0.71953,0.79722,0.73125,0.82222,0.72656,0.85972,0.72109,0.88472,0.62061,0.82268,0.9996,0.78529,1.00000,0.9385,0.71576,0.89971,0.9962,0.65927,0.53265,0.67266,0.81806,72.76,0.9678,live,0.3561,0.2200,117.88,535.92
156083.922708,100.0,0.1825,2,1,1,0.68516,0.86389,0.66484,0.85556,0.64375,0.84722,0.63125,0.85694,0.62656,0.86944,0.66797,0.79167,0.64687,0.79306,0.63359,0.82083,0.62344,0.85000,0.69141,0.80278,0.67734,0.82639,0.66172,0.86944,0.65000,0.90694,0.71094,0.82917,0.70547,0.86667,0.69219,0.91806,0.68125,0.95556,0.72500,0.86111,0.72266,0.89861,0.71250,0.93611,0.70469,0.96111,0.61983,0.82717,0.9996,0.74480,1.00000,0.9325,0.71579,0.94883,0.9953,0.66445,0.59890,0.68516,0.86389,60.18,0.9972,live,0.3499,0.3217,165.65,514.94
156083.989672,100.0,0.2941,2,1,1,0.67969,0.92778,0.65781,0.91667,0.64062,0.90000,0.63047,0.89306,0.62656,0.89306,0.66172,0.80833,0.64141,0.80139,0.62734,0.82639,0.61641,0.85417,0.68828,0.81667,0.67656,0.82500,0.66094,0.86667,0.64922,0.90694,0.70859,0.84722,0.70703,0.87083,0.69141,0.92639,0.67734,0.96944,0.72344,0.89028,0.72500,0.92500,0.71406,0.96667,0.70391,0.99583,0.62364,0.82759,0.9996,0.74378,1.00000,0.9286,0.71634,0.95008,0.9936,0.66750,0.66468,0.67969,0.92778,82.64,0.9986,live,0.3617,0.4158,213.15,512.64
156084.056455,100.0,0.4054,2,1,1,0.68125,0.89861,0.65469,0.88611,0.63203,0.86944,0.62969,0.87222,0.64219,0.87361,0.65156,0.79306,0.63672,0.76389,0.62422,0.78333,0.61250,0.81250,0.67969,0.79861,0.67031,0.77639,0.65625,0.81667,0.64219,0.85694,0.70234,0.82500,0.70156,0.82222,0.68750,0.87639,0.67266,0.91528,0.72031,0.86389,0.72266,0.88333,0.71250,0.92222,0.70078,0.94861,0.62490,0.82803,0.9997,0.77357,1.00000,0.9258,0.71836,0.93665,0.9929,0.67025,0.71146,0.68125,0.89861,78.65,0.9995,live,0.3842,0.4865,247.02,507.76
156084.123170,100.0,0.5166,2,1,1,0.68828,0.86944,0.66016,0.83889,0.63750,0.81389,0.62891,0.79583,0.63828,0.78333,0.65469,0.73889,0.64297,0.70972,0.62813,0.71250,0.61484,0.72778,0.68047,0.74444,0.67344,0.71389,0.65938,0.73889,0.64766,0.77361,0.70234,0.76667,0.69922,0.75833,0.68359,0.79167,0.66875,0.82500,0.71953,0.80278,0.71797,0.81389,0.70781,0.83889,0.69766,0.85833,0.62463,0.82314,0.9997,0.77003,1.00000,0.9266,0.71447,0.90144,0.9929,0.67385,0.74306,0.68828,0.86944,87.82,0.9982,live,0.4104,0.5296,270.14,510.06
156084.189585,100.0,0.6273,2,1,1,0.67500,0.74722,0.64609,0.72222,0.62969,0.67639,0.63281,0.63889,0.64375,0.61528,0.64531,0.61806,0.63906,0.57639,0.62656,0.57639,0.61562,0.59028,0.67031,0.62083,0.67031,0.57639,0.65859,0.59306,0.64687,0.62361,0.69297,0.64028,0.69688,0.61389,0.68359,0.64583,0.67188,0.67778,0.71328,0.66944,0.72031,0.66111,0.71016,0.68333,0.70078,0.70556,0.62187,0.82113,0.9997,0.76852,1.00000,0.9258,0.70630,0.74978,0.9932,0.67408,0.74389,0.67500,0.74722,90.15,0.9925,live,0.4314,0.5270,270.77,513.76
156084.256586,100.0,0.7390,2,1,1,0.67891,0.58472,0.65312,0.55972,0.63516,0.52222,0.63359,0.49583,0.64687,0.47778,0.65234,0.44306,0.64844,0.39444,0.63828,0.37222,0.62813,0.36806,0.67344,0.44306,0.67734,0.38750,0.66875,0.38194,0.65938,0.39861,0.69297,0.45833,0.69844,0.40833,0.68984,0.41528,0.68203,0.43889,0.71172,0.48333,0.71875,0.44444,0.71250,0.45000,0.70547,0.47222,0.61502,0.81716,0.9997,0.75698,0.93134,0.9259,0.69727,0.58701,0.9936,0.67505,0.71206,0.67891,0.58472,93.83,0.9898,live,0.4402,0.4805,249.72,519.67
156084.323306,100.0,0.8502,2,1,1,0.67031,0.43750,0.64453,0.39861,0.63125,0.34861,0.63594,0.30972,0.65000,0.29861,0.65703,0.27500,0.65234,0.22917,0.64453,0.20139,0.63594,0.18056,0.67656,0.27361,0.67656,0.21806,0.66953,0.18889,0.65859,0.17222,0.69375,0.28472,0.69688,0.23194,0.68984,0.20694,0.67891,0.19583,0.70859,0.30556,0.71328,0.26667,0.70781,0.25139,0.69844,0.24861,0.60888,0.81733,0.9997,0.74708,0.83626,0.9278,0.69065,0.47163,0.9940,0.67410,0.65715,0.67031,0.43750,103.24,0.9906,live,0.4304,0.3855,204.93,531.64
156084.389794,100.0,0.9610,2,1,1,0.66250,0.37639,0.63438,0.31250,0.62578,0.25833,0.62891,0.21389,0.63984,0.18472,0.65391,0.20556,0.64766,0.16111,0.63984,0.13056,0.63438,0.10000,0.66797,0.20139,0.66563,0.15278,0.66016,0.11667,0.65547,0.08472,0.68125,0.20833,0.68281,0.16389,0.68047,0.13194,0.67500,0.10417,0.69453,0.22500,0.69922,0.18472,0.69688,0.15972,0.69141,0.13750,0.60535,0.81586,0.9997,0.73806,0.75785,0.9312,0.68459,0.37048,0.9945,0.67178,0.60099,0.66250,0.37639,105.00,0.9718,live,0.4037,0.2823,153.43,543.44
156084.456614,100.0,0.0723,2,2,0,0.65391,0.32083,0.62344,0.27500,0.61328,0.22083,0.61641,0.17500,0.62813,0.15000,0.63828,0.17222,0.63281,0.13056,0.62500,0.10278,0.61797,0.07639,0.65234,0.16389,0.64922,0.11528,0.64141,0.08333,0.63281,0.05694,0.66641,0.16667,0.66719,0.11806,0.66016,0.08750,0.65156,0.06389,0.68047,0.17778,0.68359,0.13750,0.67891,0.11111,0.67109,0.09167,0.60559,0.80544,0.9997,0.73507,0.70198,0.9343,0.67438,0.31938,0.9949,0.66821,0.54496,0.65391,0.32083,96.12,0.9729,live,0.3815,0.2803,153.43,547.44
156084.523069,100.0,0.1831,2,2,0,0.64453,0.29722,0.61328,0.26389,0.60234,0.21944,0.60391,0.17500,0.61484,0.14861,0.62344,0.16944,0.61641,0.13056,0.60938,0.10556,0.60234,0.08333,0.63750,0.15972,0.63281,0.11389,0.62500,0.08611,0.61562,0.06111,0.65078,0.15972,0.64922,0.11250,0.64297,0.08611,0.63516,0.06528,0.66484,0.16667,0.66563,0.12778,0.66172,0.10417,0.65469,0.08611,0.60582,0.80136,0.9997,0.73163,0.68611,0.9372,0.66690,0.29469,0.9953,0.66347,0.49541,0.64453,0.29722,86.46,0.9730,live,0.3722,0.3300,179.52,544.00
156084.590052,100.0,0.2947,2,2,0,0.63516,0.28889,0.60703,0.26389,0.59609,0.22222,0.59688,0.17917,0.60859,0.15694,0.61406,0.17361,0.60703,0.13472,0.59922,0.11111,0.59297,0.09028,0.62813,0.16389,0.62344,0.11806,0.61562,0.09028,0.60703,0.06667,0.64219,0.16250,0.63906,0.11806,0.63359,0.09028,0.62500,0.07083,0.65625,0.16806,0.65625,0.13194,0.65156,0.10972,0.64375,0.09167,0.60582,0.79870,0.9997,0.72418,0.66682,0.9404,0.65484,0.27637,0.9956,0.65781,0.45411,0.63516,0.28889,80.74,0.9759,live,0.3722,0.3908,209.81,536.85
156084.656623,100.0,0.4057,2,2,0,0.63281,0.29444,0.60469,0.26944,0.59219,0.22778,0.59375,0.18472,0.60469,0.16250,0.61328,0.18056,0.60625,0.14167,0.59844,0.11806,0.59141,0.09583,0.62734,0.17083,0.62187,0.12500,0.61406,0.09722,0.60547,0.07361,0.64062,0.16944,0.63750,0.12500,0.63203,0.09722,0.62344,0.07500,0.65469,0.17500,0.65469,0.13750,0.65000,0.11528,0.64219,0.09583,0.60504,0.79498,0.9997,0.72203,0.66570,0.9422,0.65173,0.28253,0.9959,0.65281,0.42218,0.63281,0.29444,79.65,0.9646,live,0.3845,0.4405,233.38,529.78
156084.723121,100.0,0.5165,2,2,0,0.63359,0.30972,0.60469,0.28333,0.59219,0.24167,0.59297,0.20139,0.59688,0.17083,0.61484,0.19306,0.60781,0.15278,0.60078,0.12778,0.59375,0.10417,0.62969,0.18194,0.62500,0.13611,0.61719,0.10694,0.60859,0.08194,0.64375,0.18194,0.64141,0.13750,0.63516,0.10833,0.62578,0.08611,0.65859,0.18889,0.65938,0.15139,0.65469,0.12778,0.64609,0.10833,0.60600,0.79510,0.9997,0.72238,0.68199,0.9439,0.65045,0.28636,0.9961,0.64897,0.39969,0.63359,0.30972,82.07,0.9650,live,0.4010,0.4761,250.07,525.30
156084.790170,100.0,0.6283,2,2,0,0.63281,0.34861,0.60469,0.32222,0.59062,0.27639,0.58672,0.23750,0.58516,0.20556,0.61484,0.21944,0.60781,0.17361,0.60078,0.14583,0.59297,0.12361,0.63125,0.21111,0.62734,0.16111,0.61953,0.13056,0.60938,0.10556,0.64687,0.21250,0.64453,0.16528,0.63828,0.13611,0.62891,0.11250,0.66172,0.22361,0.66406,0.18333,0.65938,0.15833,0.65078,0.13889,0.60457,0.79762,0.9997,0.72262,0.73530,0.9455,0.65193,0.33566,0.9964,0.64574,0.38947,0.63281,0.34861,88.05,0.9570,live,0.4094,0.4476,235.27,525.66
156084.856717,100.0,0.7392,2,2,0,0.62656,0.40417,0.60156,0.38611,0.58516,0.34444,0.57656,0.30833,0.56875,0.27500,0.61016,0.28333,0.60234,0.23611,0.59297,0.21528,0.58359,0.20139,0.62734,0.27639,0.62500,0.22500,0.61719,0.20000,0.60703,0.18611,0.64453,0.28333,0.64531,0.23889,0.63750,0.21806,0.62656,0.20694,0.66016,0.30139,0.66484,0.26806,0.66016,0.25139,0.65156,0.24167,0.60574,0.80627,0.9996,0.72652,0.84026,0.9449,0.65279,0.43265,0.9966,0.64190,0.39241,0.62656,0.40417,83.10,0.9638,live,0.4036,0.3773,197.08,522.41
156084.923224,100.0,0.8500,2,2,0,0.64062,0.60694,0.60859,0.58611,0.58594,0.54167,0.57031,0.50556,0.55703,0.47778,0.60469,0.48472,0.59688,0.43056,0.58281,0.40972,0.57188,0.39861,0.62266,0.48611,0.61875,0.42639,0.60703,0.44722,0.60469,0.47639,0.64062,0.49861,0.63594,0.44444,0.62422,0.47083,0.62266,0.50000,0.65859,0.51944,0.65547,0.47917,0.64375,0.49306,0.63906,0.51667,0.60515,0.81909,0.9996,0.73045,0.92534,0.9417,0.65236,0.57292,0.9967,0.64165,0.43532,0.64062,0.60694,82.44,0.9852,live,0.4036,0.3798,197.15,519.07
156084.990146,100.0,0.9616,2,2,0,0.65156,0.80139,0.61797,0.79167,0.59297,0.75278,0.57344,0.72222,0.55078,0.70000,0.61953,0.71806,0.60391,0.71528,0.59844,0.74583,0.59219,0.77917,0.64766,0.72917,0.63828,0.74722,0.63281,0.79028,0.62734,0.83056,0.67266,0.75278,0.67188,0.77917,0.66875,0.82778,0.66406,0.86944,0.68984,0.78472,0.69531,0.80972,0.69531,0.84583,0.69297,0.87500,0.61255,0.81368,0.9996,0.73999,0.97843,0.9380,0.66080,0.82138,0.9955,0.64363,0.50853,0.65156,0.80139,69.34,0.9904,live,0.3725,0.2309,117.00,506.71
156085.057017,100.0,0.0730,2,1,1,0.65469,0.83611,0.62422,0.83750,0.59453,0.84167,0.56953,0.84444,0.54844,0.83611,0.61562,0.82500,0.60234,0.86111,0.59531,0.90417,0.58672,0.93750,0.64297,0.83889,0.63281,0.88889,0.62422,0.93333,0.61797,0.96944,0.66875,0.85278,0.66406,0.90278,0.66016,0.94028,0.65781,0.97083,0.68984,0.86667,0.69141,0.89722,0.69297,0.92500,0.69297,0.94722,0.61361,0.83195,0.9996,0.73974,1.00000,0.9372,0.65972,0.92560,0.9946,0.64584,0.57405,0.65469,0.83611,53.87,0.8077,live,0.3559,0.2802,135.80,484.69
156085.123412,100.0,0.1837,2,1,1,0.68828,0.90556,0.64687,0.90556,0.60547,0.90278,0.57344,0.89167,0.55078,0.86528,0.61797,0.88889,0.59922,0.92361,0.58828,0.95833,0.57578,0.99167,0.64375,0.89861,0.62422,0.94583,0.60938,0.99028,0.59688,0.99861,0.66797,0.91667,0.65547,0.97917,0.64609,0.99861,0.63594,0.99861,0.69141,0.93889,0.68828,0.99444,0.68437,0.99861,0.67891,0.99861,0.61190,0.83368,0.9996,0.74311,0.99911,0.9387,0.65636,0.96267,0.9941,0.65433,0.64035,0.68828,0.90556,68.25,0.9365,live,0.3606,0.3822,181.81,475.67
156085.190290,100.0,0.2951,2,1,1,0.69531,0.93472,0.65156,0.93750,0.60703,0.92222,0.57734,0.89861,0.55547,0.86528,0.61797,0.89583,0.59922,0.91944,0.58750,0.94444,0.57578,0.97083,0.64062,0.89722,0.61953,0.91944,0.60313,0.95000,0.58984,0.98194,0.66484,0.91528,0.65469,0.96250,0.64531,0.99861,0.63594,0.99861,0.68750,0.94306,0.68750,0.99444,0.68672,0.99861,0.68359,0.99861,0.60515,0.84588,0.9997,0.74310,0.99768,0.9416,0.65584,0.97353,0.9940,0.66253,0.69922,0.69531,0.93472,71.21,0.9726,live,0.3818,0.4781,224.62,469.86
156085.256954,100.0,0.4062,2,1,1,0.68359,0.91111,0.64219,0.90694,0.60469,0.89167,0.57891,0.87222,0.55625,0.85139,0.62344,0.87639,0.60859,0.89583,0.59609,0.92222,0.58672,0.94861,0.64922,0.89028,0.64531,0.93750,0.63672,0.98333,0.63047,0.99861,0.67500,0.91250,0.67578,0.97083,0.66641,0.99861,0.65781,0.99861,0.69766,0.93889,0.70547,0.99861,0.70312,0.99861,0.69844,0.99861,0.61721,0.86137,0.9997,0.77547,1.00000,0.9399,0.66680,0.95856,0.9928,0.66674,0.74160,0.68359,0.91111,64.87,0.9912,live,0.4130,0.5553,255.56,460.18
156085.323565,100.0,0.5173,2,1,1,0.70781,0.90278,0.65547,0.89444,0.60781,0.87083,0.57734,0.84306,0.55625,0.81806,0.62734,0.84722,0.61016,0.85417,0.59531,0.87500,0.58437,0.89861,0.65391,0.85833,0.64219,0.87639,0.62734,0.90972,0.61953,0.94722,0.68047,0.87917,0.67344,0.90417,0.66016,0.93889,0.65078,0.97778,0.70547,0.91111,0.71094,0.95000,0.70859,0.98472,0.70469,0.99861,0.61237,0.86163,0.9997,0.74614,1.00000,0.9400,0.68048,0.93487,0.9928,0.67495,0.77384,0.70781,0.90278,75.83,0.9784,live,0.4483,0.6093,280.01,459.56
156085.390205,100.0,0.6283,2,1,1,0.68828,0.86528,0.64531,0.85139,0.61094,0.81111,0.58672,0.77361,0.56094,0.74861,0.62813,0.75972,0.60391,0.75694,0.58906,0.76111,0.57422,0.76806,0.65234,0.76250,0.63281,0.75972,0.61328,0.77778,0.59922,0.80278,0.67969,0.78056,0.66953,0.77778,0.65781,0.80833,0.65078,0.84306,0.70547,0.81250,0.70859,0.82083,0.70703,0.85000,0.70547,0.87917,0.61944,0.82523,0.9997,0.74611,1.00000,0.9384,0.69009,0.90616,0.9929,0.67762,0.79212,0.68828,0.86528,86.32,0.9948,live,0.4801,0.6247,291.46,466.56
156085.457211,100.0,0.7400,2,1,1,0.68828,0.86528,0.64531,0.85139,0.61094,0.81111,0.58672,0.77361,0.56094,0.74861,0.62813,0.75972,0.60391,0.75694,0.58906,0.76111,0.57422,0.76806,0.65234,0.76250,0.63281,0.75972,0.61328,0.77778,0.59922,0.80278,0.67969,0.78056,0.66953,0.77778,0.65781,0.80833,0.65078,0.84306,0.70547,0.81250,0.70859,0.82083,0.70703,0.85000,0.70547,0.87917,0.61378,0.82087,0.9997,0.74777,0.97979,0.9355,0.68905,0.69788,0.9933,0.67762,0.79212,0.68828,0.86528,86.32,0.5969,hold,0.4801,0.6247,291.46,466.56
156085.523788,100.0,0.8510,2,1,1,0.67109,0.51250,0.63750,0.48194,0.61484,0.42917,0.60469,0.38472,0.59375,0.34722,0.64375,0.38611,0.63828,0.33611,0.63281,0.30694,0.62734,0.28056,0.66953,0.38333,0.67266,0.32917,0.67188,0.29167,0.67109,0.25972,0.69141,0.39583,0.70000,0.34306,0.70469,0.30972,0.70703,0.27778,0.70937,0.41806,0.72656,0.37639,0.73750,0.35000,0.74453,0.32361,0.61369,0.81665,0.9997,0.74774,0.89435,0.9359,0.68806,0.53163,0.9937,0.67631,0.73620,0.67109,0.51250,90.36,0.9589,live,0.4727,0.4389,208.77,475.63
156085.590819,100.0,0.9627,2,1,1,0.66797,0.44861,0.63359,0.38611,0.61797,0.32639,0.61250,0.27500,0.60391,0.23472,0.64375,0.29306,0.64141,0.24306,0.64219,0.21528,0.64297,0.18750,0.66250,0.29028,0.66719,0.24028,0.67109,0.20972,0.67422,0.18611,0.68047,0.29306,0.68828,0.24583,0.69219,0.20972,0.69531,0.17917,0.69766,0.30417,0.70703,0.25694,0.71250,0.22778,0.71797,0.20000,0.60958,0.80950,0.9997,0.74442,0.79526,0.9368,0.68313,0.40754,0.9941,0.67465,0.67868,0.66797,0.44861,102.65,0.9108,live,0.4469,0.3294,162.20,492.47
156085.657247,100.0,0.0734,2,2,0,0.65625,0.34583,0.62344,0.30694,0.60625,0.25417,0.60000,0.20694,0.59375,0.17083,0.63281,0.18611,0.62656,0.13472,0.62266,0.10000,0.62031,0.06806,0.65234,0.17778,0.65391,0.11667,0.65469,0.07639,0.65625,0.04028,0.66953,0.18194,0.67422,0.12639,0.67656,0.08889,0.67812,0.05417,0.68594,0.19861,0.69375,0.15556,0.70000,0.12778,0.70469,0.10000,0.60945,0.80525,0.9997,0.74292,0.72285,0.9393,0.67362,0.34191,0.9945,0.67097,0.61211,0.65625,0.34583,105.29,0.9212,live,0.4135,0.2612,132.99,509.18
156085.723653,100.0,0.1841,2,2,0,0.64531,0.33056,0.61328,0.28889,0.59766,0.24167,0.59219,0.19861,0.58437,0.16944,0.62031,0.18194,0.61484,0.13611,0.61094,0.10556,0.60938,0.07639,0.63828,0.17361,0.63906,0.12222,0.63984,0.08611,0.64062,0.05417,0.65469,0.17639,0.65781,0.12917,0.65859,0.09444,0.65938,0.06250,0.67031,0.19028,0.67656,0.15000,0.68047,0.12361,0.68281,0.09583,0.60951,0.80471,0.9997,0.73787,0.69345,0.9420,0.66045,0.31167,0.9949,0.66584,0.55580,0.64531,0.33056,98.82,0.9381,live,0.3984,0.3298,171.25,519.22
156085.790623,100.0,0.2957,2,2,0,0.63594,0.30972,0.60625,0.28333,0.58984,0.24306,0.58594,0.20417,0.57812,0.17778,0.61328,0.18472,0.60625,0.14167,0.60313,0.11389,0.60156,0.09028,0.63125,0.17778,0.63047,0.12639,0.62969,0.09583,0.62969,0.06944,0.64687,0.18194,0.64922,0.13472,0.65000,0.10556,0.64922,0.07778,0.66250,0.19306,0.66797,0.15417,0.67109,0.13056,0.67344,0.10556,0.60881,0.79938,0.9997,0.73634,0.69770,0.9438,0.65324,0.30836,0.9953,0.65986,0.50659,0.63594,0.30972,85.91,0.9353,live,0.3984,0.3987,206.84,518.77
156085.857360,100.0,0.4069,2,2,0,0.63125,0.31250,0.60156,0.28889,0.58594,0.25139,0.58125,0.21528,0.57500,0.18889,0.60938,0.20000,0.60313,0.15694,0.59922,0.12917,0.59688,0.10417,0.62656,0.19167,0.62578,0.14306,0.62422,0.11111,0.62344,0.08333,0.64297,0.19306,0.64531,0.14861,0.64453,0.11806,0.64375,0.09167,0.65859,0.20278,0.66406,0.16528,0.66563,0.14028,0.66641,0.11389,0.60881,0.79481,0.9997,0.73336,0.69047,0.9449,0.64295,0.30636,0.9956,0.65413,0.46777,0.63125,0.31250,80.59,0.9200,live,0.4091,0.4576,235.46,514.54
156085.924065,100.0,0.5181,2,2,0,0.62969,0.32361,0.59922,0.30139,0.58437,0.26111,0.57969,0.22361,0.57266,0.19722,0.60781,0.21250,0.60156,0.16944,0.59766,0.14167,0.59531,0.11667,0.62578,0.20417,0.62422,0.15556,0.62187,0.12361,0.61953,0.09444,0.64219,0.20556,0.64375,0.15972,0.64219,0.12917,0.63984,0.10139,0.65781,0.21250,0.66172,0.17500,0.66250,0.15000,0.66172,0.12361,0.60880,0.79526,0.9997,0.73278,0.70640,0.9458,0.64478,0.32430,0.9959,0.64925,0.43894,0.62969,0.32361,80.66,0.9174,live,0.4259,0.5028,256.88,510.87
156085.990440,100.0,0.6287,2,2,0,0.63203,0.34444,0.60000,0.31944,0.58516,0.27500,0.58125,0.23333,0.57969,0.20139,0.61094,0.22500,0.60625,0.18056,0.60234,0.15278,0.59922,0.12778,0.62891,0.21806,0.62891,0.16806,0.62578,0.13611,0.62187,0.10556,0.64531,0.21944,0.64766,0.17361,0.64609,0.14167,0.64375,0.11250,0.66172,0.22917,0.66563,0.19028,0.66563,0.16389,0.66406,0.13750,0.60880,0.80037,0.9997,0.73111,0.72924,0.9462,0.64560,0.34050,0.9961,0.64580,0.42004,0.63203,0.34444,84.40,0.9499,live,0.4307,0.4526,230.96,510.33
156086.057282,100.0,0.7401,2,2,0,0.63047,0.39167,0.60000,0.36389,0.58516,0.31528,0.58359,0.26806,0.58594,0.23333,0.61250,0.25833,0.61172,0.21389,0.60938,0.19722,0.60625,0.19722,0.63281,0.25139,0.63516,0.20000,0.63281,0.17222,0.62656,0.16528,0.65078,0.25694,0.65469,0.20694,0.65312,0.17917,0.64844,0.17222,0.66875,0.26944,0.67344,0.22917,0.67109,0.20278,0.66563,0.18750,0.60800,0.81211,0.9997,0.72982,0.79855,0.9456,0.64621,0.38598,0.9964,0.64274,0.41436,0.63047,0.39167,93.23,0.9771,live,0.4354,0.4565,235.67,516.22
156086.124172,100.0,0.8516,2,2,0,0.63125,0.43750,0.60547,0.43056,0.58437,0.39861,0.57656,0.36806,0.58437,0.34444,0.60703,0.31944,0.60703,0.27361,0.60156,0.30694,0.60078,0.34306,0.62891,0.32222,0.62891,0.26944,0.62031,0.31111,0.61875,0.34722,0.64844,0.33333,0.65000,0.28472,0.63906,0.32639,0.63438,0.36111,0.66875,0.35278,0.66719,0.31806,0.65703,0.35000,0.65156,0.37778,0.60432,0.81626,0.9996,0.73189,0.87171,0.9444,0.64659,0.48522,0.9965,0.64044,0.41899,0.63125,0.43750,83.43,0.9661,live,0.4253,0.3797,195.28,514.34
156086.190614,100.0,0.9623,2,2,0,0.64062,0.67083,0.61562,0.64167,0.59141,0.60556,0.58281,0.57500,0.60000,0.56806,0.61328,0.49722,0.60469,0.49861,0.60391,0.55139,0.60781,0.57222,0.64062,0.50139,0.63203,0.50417,0.62500,0.56250,0.62344,0.58333,0.66484,0.52083,0.65625,0.53611,0.64531,0.58611,0.64219,0.60278,0.68594,0.54861,0.67812,0.55972,0.66641,0.59444,0.66172,0.60556,0.60427,0.81684,0.9996,0.73442,0.96065,0.9417,0.65443,0.63064,0.9967,0.64048,0.46936,0.64062,0.67083,114.32,0.9988,live,0.4145,0.3651,195.28,534.93
156086.257537,100.0,0.0739,2,1,1,0.65078,0.68472,0.62734,0.68611,0.60078,0.68611,0.58984,0.68889,0.60391,0.69583,0.62266,0.58750,0.61094,0.63194,0.61172,0.68333,0.61641,0.68750,0.65078,0.59306,0.63594,0.64861,0.63047,0.70278,0.63203,0.70278,0.67500,0.61528,0.66094,0.67222,0.65234,0.72222,0.65156,0.72222,0.69375,0.64306,0.68281,0.69028,0.67344,0.72639,0.67031,0.73056,0.60748,0.81824,0.9997,0.74105,1.00000,0.9421,0.66288,0.75654,0.9967,0.64254,0.51243,0.65078,0.68472,76.69,0.9996,live,0.3765,0.2032,106.90,525.96
156086.324018,100.0,0.1847,2,1,1,0.64375,0.79306,0.62031,0.78333,0.59609,0.75556,0.58750,0.73333,0.60703,0.72500,0.62969,0.62639,0.61250,0.66528,0.61172,0.72083,0.61562,0.72500,0.65859,0.63333,0.63828,0.68750,0.63125,0.74583,0.63594,0.73889,0.68203,0.66111,0.66250,0.72222,0.65156,0.76667,0.65391,0.75833,0.70000,0.69722,0.68281,0.74444,0.67188,0.77500,0.67266,0.76944,0.61110,0.82441,0.9997,0.78808,1.00000,0.9404,0.67512,0.78975,0.9964,0.64278,0.56856,0.64375,0.79306,110.27,0.9998,live,0.3465,0.2098,113.77,542.24
156086.391078,100.0,0.2965,2,1,1,0.65156,0.83194,0.61953,0.80833,0.59531,0.76389,0.58672,0.73194,0.61250,0.72778,0.63125,0.63333,0.61172,0.66944,0.61094,0.72361,0.61797,0.72639,0.66016,0.63889,0.63594,0.69167,0.63125,0.74722,0.63750,0.73889,0.68359,0.66528,0.66016,0.72222,0.65078,0.76667,0.65547,0.75417,0.70312,0.70278,0.68281,0.74722,0.67344,0.77639,0.67734,0.76667,0.61435,0.82431,0.9997,0.77763,1.00000,0.9411,0.67902,0.79172,0.9964,0.64454,0.62123,0.65156,0.83194,125.88,0.9999,live,0.3317,0.2641,149.97,567.80
156086.457634,100.0,0.4074,2,1,1,0.65312,0.82361,0.62187,0.79861,0.59453,0.75556,0.58594,0.71944,0.61016,0.71389,0.63047,0.62639,0.61172,0.65833,0.61016,0.71250,0.61641,0.71389,0.65938,0.63194,0.63750,0.67778,0.63047,0.73472,0.63594,0.72639,0.68359,0.65833,0.66094,0.71111,0.65078,0.75556,0.65703,0.74444,0.70391,0.69444,0.68437,0.73333,0.67422,0.76389,0.67656,0.75833,0.61608,0.82194,0.9997,0.77255,1.00000,0.9408,0.67788,0.78267,0.9964,0.64625,0.66171,0.65312,0.82361,125.66,0.9997,live,0.3264,0.3024,178.45,590.14
156086.524186,100.0,0.5183,2,1,1,0.65234,0.81667,0.62031,0.79028,0.59297,0.74583,0.58516,0.70972,0.60781,0.70278,0.62891,0.61667,0.60938,0.65000,0.60781,0.70278,0.61562,0.70417,0.65781,0.62083,0.63516,0.66667,0.62813,0.72361,0.63438,0.71528,0.68125,0.64722,0.65938,0.69861,0.64922,0.74444,0.65469,0.73333,0.70234,0.68333,0.68281,0.72222,0.67188,0.75417,0.67344,0.74722,0.61608,0.81715,0.9997,0.76718,1.00000,0.9414,0.67780,0.77905,0.9964,0.64747,0.69270,0.65234,0.81667,127.30,0.9996,live,0.3264,0.3283,200.60,610.98
156086.590682,100.0,0.6291,2,1,1,0.65391,0.80000,0.62109,0.77639,0.59375,0.73194,0.58437,0.69583,0.60703,0.68472,0.62500,0.60417,0.60781,0.63194,0.60859,0.68611,0.61641,0.68750,0.65312,0.60556,0.63281,0.64861,0.62969,0.70556,0.63594,0.69583,0.67812,0.62778,0.65781,0.67917,0.65000,0.72639,0.65625,0.71250,0.70000,0.65972,0.68047,0.70278,0.67266,0.73333,0.67656,0.72361,0.60994,0.81700,0.9997,0.76029,1.00000,0.9404,0.67752,0.77070,0.9963,0.64876,0.71416,0.65391,0.80000,126.69,0.9996,live,0.3264,0.3437,216.12,628.88
156086.658190,100.0,0.7416,2,1,1,0.66094,0.75694,0.62656,0.71944,0.59688,0.67639,0.58516,0.63750,0.60625,0.62361,0.62187,0.56250,0.60703,0.57639,0.60938,0.63056,0.61641,0.63472,0.64922,0.55694,0.63359,0.58472,0.62969,0.64167,0.63516,0.63611,0.67422,0.57361,0.65859,0.60833,0.65156,0.65556,0.65547,0.64861,0.69688,0.59861,0.68281,0.62917,0.67422,0.65972,0.67656,0.65556,0.60827,0.81699,0.9997,0.75182,0.99326,0.9389,0.67703,0.74209,0.9964,0.65119,0.72272,0.66094,0.75694,128.96,0.9990,live,0.3264,0.3391,219.12,646.26
156086.724298,100.0,0.8518,2,1,1,0.65938,0.67083,0.62969,0.61250,0.60781,0.56944,0.59766,0.52778,0.60938,0.50000,0.62656,0.52500,0.61797,0.49306,0.61562,0.50694,0.61719,0.50556,0.64531,0.52639,0.63672,0.49306,0.63359,0.51528,0.63672,0.51389,0.66484,0.53194,0.65703,0.50417,0.65234,0.52639,0.65391,0.52778,0.68437,0.54306,0.67734,0.51389,0.67109,0.53056,0.67031,0.53889,0.60599,0.81301,0.9998,0.75071,0.93843,0.9360,0.67608,0.61347,0.9964,0.65283,0.71234,0.65938,0.67083,97.79,0.9641,live,0.3192,0.2865,183.10,639.12
156086.790988,100.0,0.9630,2,1,1,0.65391,0.47639,0.62500,0.44444,0.60156,0.40000,0.59766,0.35417,0.61406,0.32917,0.62422,0.33889,0.61797,0.30139,0.61797,0.34167,0.62187,0.36667,0.64687,0.34167,0.63984,0.30417,0.63672,0.35694,0.63906,0.37778,0.66797,0.35139,0.66016,0.32500,0.65469,0.37361,0.65703,0.39306,0.68906,0.36944,0.68047,0.34444,0.67266,0.37778,0.67266,0.39444,0.60651,0.81333,0.9998,0.75007,0.85454,0.9362,0.67587,0.49759,0.9966,0.65305,0.66515,0.65391,0.47639,94.63,0.9933,live,0.3051,0.2411,152.00,630.56
156086.858287,100.0,0.0751,2,2,0,0.65547,0.41250,0.62500,0.35556,0.61016,0.30694,0.60703,0.25833,0.61875,0.22639,0.62734,0.26944,0.62266,0.23750,0.62031,0.25556,0.62109,0.25972,0.64297,0.26944,0.63828,0.23472,0.63516,0.25972,0.63828,0.26389,0.66094,0.27361,0.65547,0.24306,0.65156,0.26667,0.65391,0.27361,0.67969,0.28472,0.67188,0.25278,0.66719,0.27083,0.66875,0.27917,0.60652,0.81308,0.9998,0.74257,0.78556,0.9370,0.67337,0.39788,0.9966,0.65353,0.61462,0.65547,0.41250,94.58,0.9704,live,0.2825,0.1795,111.85,622.99
156086.924216,100.0,0.1850,2,2,0,0.65234,0.34861,0.62187,0.29028,0.61016,0.24167,0.60859,0.19444,0.61875,0.16250,0.62969,0.20833,0.62578,0.17361,0.62187,0.19306,0.62266,0.20417,0.64297,0.20972,0.63984,0.17083,0.63516,0.20000,0.63828,0.20972,0.65859,0.21389,0.65469,0.17639,0.65000,0.20417,0.65234,0.21806,0.67656,0.22361,0.67031,0.18611,0.66406,0.20694,0.66563,0.22083,0.60598,0.80575,0.9998,0.73437,0.69279,0.9396,0.66904,0.33430,0.9968,0.65329,0.56142,0.65234,0.34861,90.50,0.9756,live,0.2659,0.1903,116.70,613.39
156086.991247,100.0,0.2967,2,2,0,0.64609,0.30694,0.61484,0.25000,0.60313,0.20417,0.60391,0.15972,0.61562,0.12917,0.62500,0.16389,0.62187,0.13056,0.61797,0.16250,0.61953,0.18472,0.63828,0.16389,0.63594,0.12639,0.63047,0.16806,0.63281,0.19028,0.65391,0.16944,0.65000,0.13333,0.64297,0.17361,0.64531,0.19861,0.67109,0.18194,0.66406,0.14444,0.65703,0.17222,0.65781,0.19583,0.60636,0.80344,0.9998,0.72752,0.68206,0.9420,0.66325,0.31396,0.9970,0.65185,0.51052,0.64609,0.30694,91.47,0.9864,live,0.2659,0.2527,153.06,605.64
156087.058005,100.0,0.4080,2,2,0,0.64062,0.28750,0.61172,0.24722,0.59844,0.20278,0.59922,0.15694,0.61172,0.12778,0.62109,0.16111,0.61953,0.12361,0.61484,0.15694,0.61719,0.18611,0.63516,0.16250,0.63281,0.12361,0.62734,0.16389,0.62969,0.19167,0.65078,0.16806,0.64687,0.12778,0.63906,0.16944,0.64062,0.19861,0.66797,0.17917,0.66094,0.14167,0.65234,0.16806,0.65234,0.19444,0.60590,0.79358,0.9998,0.72630,0.68312,0.9443,0.66134,0.30226,0.9972,0.64961,0.46592,0.64062,0.28750,82.88,0.9873,live,0.2743,0.3123,185.06,592.64
156087.124465,100.0,0.5188,2,2,0,0.63984,0.29444,0.61250,0.25833,0.59922,0.21389,0.60000,0.16806,0.61250,0.13750,0.62109,0.17083,0.61875,0.13611,0.61484,0.16806,0.61719,0.19306,0.63594,0.17222,0.63359,0.13333,0.62813,0.17639,0.63047,0.20139,0.65156,0.17778,0.64844,0.13889,0.64141,0.18194,0.64297,0.20972,0.66953,0.19028,0.66250,0.15278,0.65391,0.18056,0.65469,0.20556,0.60585,0.79324,0.9997,0.72624,0.67575,0.9460,0.65918,0.29854,0.9971,0.64765,0.43162,0.63984,0.29444,81.99,0.9926,live,0.2899,0.3612,209.72,580.56
156087.191179,100.0,0.6300,2,2,0,0.64141,0.31389,0.61484,0.28056,0.60000,0.23472,0.60078,0.18750,0.61406,0.15972,0.62344,0.19028,0.62109,0.15694,0.61719,0.19167,0.62031,0.21389,0.63906,0.19167,0.63594,0.15278,0.63047,0.19722,0.63438,0.21806,0.65547,0.19861,0.65156,0.16111,0.64375,0.20417,0.64687,0.22639,0.67422,0.21111,0.66641,0.17361,0.65781,0.20417,0.65938,0.22500,0.60484,0.79459,0.9997,0.72637,0.69203,0.9469,0.66384,0.32592,0.9972,0.64641,0.40808,0.64141,0.31389,82.94,0.9939,live,0.3093,0.3973,226.72,570.61
156087.257996,100.0,0.7413,2,2,0,0.64687,0.35417,0.62109,0.33333,0.60313,0.28056,0.60313,0.23056,0.61875,0.20417,0.62656,0.22778,0.62422,0.19167,0.62031,0.23472,0.62344,0.25278,0.64453,0.23056,0.64062,0.19028,0.63438,0.24306,0.63906,0.25694,0.66250,0.24028,0.65781,0.20417,0.64922,0.25417,0.65312,0.26667,0.68281,0.25556,0.67500,0.22500,0.66563,0.25833,0.66797,0.27222,0.60658,0.80229,0.9997,0.72687,0.74505,0.9478,0.66629,0.36296,0.9974,0.64650,0.39729,0.64687,0.35417,85.75,0.9953,live,0.3284,0.4158,234.48,563.88
156087.324700,100.0,0.8525,2,2,0,0.63984,0.38750,0.61875,0.37778,0.60313,0.35000,0.60156,0.31806,0.61484,0.29722,0.62891,0.30278,0.62734,0.27639,0.62422,0.31944,0.62578,0.34306,0.64922,0.30833,0.64453,0.28472,0.63750,0.33611,0.63984,0.35556,0.66797,0.31944,0.66172,0.30417,0.65391,0.35139,0.65625,0.36667,0.68516,0.33611,0.67656,0.32778,0.66875,0.36250,0.66875,0.37639,0.60564,0.81200,0.9997,0.73087,0.85246,0.9474,0.66729,0.46524,0.9976,0.64517,0.39534,0.63984,0.38750,66.38,0.9890,live,0.3337,0.3576,194.56,544.01
156087.391878,100.0,0.9645,2,2,0,0.64766,0.63194,0.62109,0.58750,0.60000,0.53611,0.59766,0.49028,0.61562,0.47083,0.62891,0.47361,0.62109,0.43333,0.61641,0.47917,0.62031,0.50417,0.65234,0.48056,0.64297,0.44444,0.63516,0.49861,0.63828,0.51806,0.67344,0.49444,0.66172,0.47083,0.65312,0.52222,0.65625,0.54167,0.69453,0.51806,0.68203,0.49028,0.67344,0.52639,0.67500,0.54444,0.60538,0.81796,0.9997,0.73362,0.97270,0.9416,0.66642,0.58917,0.9976,0.64567,0.44266,0.64766,0.63194,104.29,0.9910,live,0.3251,0.2857,158.25,553.82
156087.458224,100.0,0.0750,2,1,1,0.65234,0.59444,0.62656,0.60000,0.60391,0.61250,0.59688,0.63056,0.60781,0.64861,0.62969,0.56667,0.62031,0.59583,0.61875,0.64444,0.62109,0.66389,0.65625,0.57778,0.64297,0.61806,0.63672,0.66806,0.63672,0.68750,0.67812,0.59583,0.66406,0.64028,0.65547,0.68750,0.65312,0.70417,0.69688,0.61528,0.68594,0.65556,0.67578,0.69167,0.67266,0.70556,0.61892,0.83345,0.9997,0.73906,1.00000,0.9368,0.67289,0.77823,0.9972,0.64700,0.47302,0.65234,0.59444,50.00,0.9966,live,0.3251,0.3024,158.25,523.36
156087.524802,100.0,0.1860,2,1,1,0.65312,0.89861,0.61875,0.86111,0.58984,0.80694,0.58828,0.75972,0.61016,0.74583,0.63125,0.69028,0.61875,0.69583,0.61406,0.75417,0.61953,0.76528,0.65938,0.69444,0.64141,0.71944,0.63359,0.77917,0.63984,0.78056,0.68281,0.71667,0.66250,0.75139,0.65156,0.80139,0.65703,0.80000,0.70391,0.75139,0.68437,0.77500,0.67344,0.80972,0.67812,0.80972,0.62167,0.83409,0.9997,0.74129,1.00000,0.9332,0.67607,0.88761,0.9967,0.64823,0.55813,0.65312,0.89861,131.76,0.9987,live,0.3046,0.2116,117.53,555.42
156087.591595,100.0,0.2973,2,1,1,0.64766,0.93472,0.61484,0.90278,0.59141,0.84861,0.58750,0.80417,0.61250,0.79167,0.62969,0.72778,0.61172,0.74167,0.61172,0.80139,0.61875,0.80972,0.65703,0.73194,0.63672,0.76111,0.63125,0.82361,0.63828,0.81944,0.67969,0.75833,0.66094,0.79444,0.65156,0.84444,0.65859,0.83611,0.70078,0.79444,0.68359,0.82083,0.67266,0.85417,0.67578,0.85000,0.62101,0.83358,0.9996,0.72420,1.00000,0.9294,0.67505,0.93149,0.9965,0.64811,0.63345,0.64766,0.93472,130.47,0.9994,live,0.3046,0.2944,171.54,582.72
156087.658572,100.0,0.4089,2,1,1,0.65156,0.93056,0.61719,0.90000,0.59141,0.84444,0.58828,0.79861,0.61172,0.78472,0.62891,0.72361,0.61172,0.73611,0.61172,0.79444,0.61875,0.79861,0.65703,0.72639,0.63594,0.75694,0.63125,0.81944,0.63828,0.81250,0.67969,0.75139,0.66016,0.78611,0.65234,0.83750,0.65859,0.82778,0.70156,0.78611,0.68281,0.81528,0.67344,0.84861,0.67812,0.84167,0.62290,0.83433,0.9997,0.73027,1.00000,0.9269,0.67547,0.91991,0.9960,0.64880,0.69287,0.65156,0.93056,131.10,0.9993,live,0.3133,0.3529,214.28,607.18
156087.724457,100.0,0.5188,2,1,1,0.65234,0.89861,0.61797,0.86389,0.59219,0.80972,0.58828,0.76389,0.61250,0.75000,0.63047,0.69167,0.61172,0.70278,0.61172,0.76111,0.61797,0.76667,0.65703,0.69583,0.63594,0.72222,0.63125,0.78333,0.63828,0.77917,0.68047,0.71806,0.66094,0.74861,0.65234,0.79861,0.65859,0.79167,0.70234,0.75139,0.68437,0.77500,0.67500,0.80833,0.68047,0.80417,0.62578,0.83829,0.9997,0.75397,1.00000,0.9258,0.67831,0.89066,0.9959,0.64951,0.73402,0.65234,0.89861,130.78,0.9994,live,0.3268,0.3881,243.92,628.48
156087.791732,100.0,0.6309,2,1,1,0.65234,0.85417,0.61719,0.80278,0.59297,0.74583,0.58672,0.69722,0.60859,0.68056,0.62656,0.65139,0.61094,0.64444,0.61094,0.69583,0.61797,0.70139,0.65156,0.65139,0.63594,0.65417,0.63047,0.71111,0.63594,0.71250,0.67422,0.66667,0.65938,0.67917,0.65000,0.73056,0.65469,0.72917,0.69609,0.69306,0.68281,0.70000,0.67109,0.73472,0.67188,0.73750,0.62351,0.83166,0.9997,0.75173,1.00000,0.9267,0.67821,0.88429,0.9960,0.65008,0.75805,0.65234,0.85417,129.60,0.9981,live,0.3407,0.4041,261.23,646.38
156087.858424,100.0,0.7420,2,1,1,0.64844,0.76944,0.61562,0.71250,0.59375,0.65972,0.58828,0.60833,0.60313,0.58194,0.61797,0.61528,0.60938,0.56944,0.60781,0.59306,0.61094,0.59722,0.63750,0.61667,0.62969,0.57361,0.62734,0.60556,0.63203,0.60833,0.65859,0.62361,0.65078,0.58750,0.64609,0.61806,0.64922,0.62500,0.67891,0.63750,0.67266,0.59861,0.66563,0.62083,0.66641,0.63472,0.61753,0.83489,0.9997,0.75108,1.00000,0.9248,0.67148,0.71671,0.9961,0.64975,0.76033,0.64844,0.76944,102.71,0.9585,live,0.3530,0.4090,262.87,642.76
156087.925063,100.0,0.8531,2,1,1,0.64297,0.58194,0.61172,0.54028,0.58750,0.49028,0.58437,0.43750,0.60078,0.41111,0.61172,0.42917,0.60625,0.38611,0.60625,0.42917,0.61016,0.45556,0.63438,0.43194,0.62656,0.39167,0.62500,0.44444,0.62734,0.46667,0.65625,0.44028,0.64687,0.40972,0.64297,0.45972,0.64531,0.47917,0.67812,0.45694,0.66719,0.42778,0.66172,0.46250,0.66406,0.47917,0.60706,0.82796,0.9997,0.74774,0.95351,0.9248,0.66360,0.58078,0.9963,0.64839,0.72465,0.64297,0.58194,103.39,0.9894,live,0.3530,0.3574,228.79,640.07
156087.991876,100.0,0.9645,2,1,1,0.64062,0.44028,0.60781,0.39722,0.58594,0.35000,0.58281,0.29722,0.59766,0.26667,0.61484,0.29306,0.61172,0.25278,0.60938,0.29028,0.61094,0.31806,0.63359,0.29583,0.62734,0.25417,0.62422,0.30278,0.62656,0.32778,0.65234,0.30278,0.64453,0.26667,0.63906,0.31250,0.64062,0.33611,0.67109,0.31667,0.66094,0.28472,0.65547,0.31528,0.65859,0.33472,0.60379,0.82397,0.9997,0.73769,0.82329,0.9261,0.66137,0.45331,0.9963,0.64684,0.66778,0.64062,0.44028,96.64,0.9852,live,0.3530,0.3615,228.79,632.84
156088.058484,100.0,0.0755,2,2,0,0.63594,0.37222,0.60313,0.30972,0.59062,0.25972,0.58984,0.21111,0.59922,0.17639,0.60703,0.22778,0.60313,0.18889,0.59922,0.20139,0.60000,0.21111,0.62187,0.22778,0.61953,0.18611,0.61562,0.20694,0.61719,0.21944,0.63906,0.22917,0.63672,0.19167,0.63203,0.21528,0.63203,0.23056,0.65781,0.23750,0.65234,0.19861,0.64687,0.21528,0.64687,0.23056,0.60415,0.81357,0.9997,0.72168,0.74531,0.9287,0.65574,0.35367,0.9965,0.64466,0.60867,0.63594,0.37222,95.57,0.9523,live,0.3314,0.2329,145.74,625.71
156088.124744,100.0,0.1859,2,2,0,0.62891,0.30556,0.59609,0.24306,0.58516,0.19444,0.58516,0.14861,0.59453,0.11667,0.60781,0.16528,0.60703,0.12917,0.60156,0.14444,0.60078,0.16250,0.62031,0.16667,0.61875,0.12500,0.61250,0.15139,0.61250,0.17500,0.63516,0.16944,0.63203,0.12778,0.62500,0.15556,0.62422,0.18194,0.65234,0.17778,0.64687,0.13611,0.63906,0.15278,0.63750,0.17500,0.60204,0.80597,0.9997,0.70523,0.67563,0.9326,0.64626,0.28992,0.9968,0.64151,0.54804,0.62891,0.30556,89.91,0.9742,live,0.3166,0.2490,153.24,615.36
156088.191720,100.0,0.2975,2,2,0,0.61875,0.26250,0.58750,0.21111,0.57656,0.16806,0.57734,0.12222,0.58984,0.09444,0.59922,0.13194,0.59844,0.09583,0.59297,0.12500,0.59453,0.15278,0.61328,0.13333,0.61328,0.09583,0.60547,0.13333,0.60625,0.16111,0.62813,0.13889,0.62734,0.09861,0.61875,0.13611,0.61797,0.16806,0.64531,0.15000,0.64141,0.11111,0.63203,0.13333,0.63047,0.16111,0.60152,0.80008,0.9997,0.69858,0.64680,0.9356,0.63704,0.26592,0.9969,0.63696,0.49094,0.61875,0.26250,84.70,0.9790,live,0.3166,0.3231,194.69,602.50
156088.258278,100.0,0.4085,2,2,0,0.61406,0.25139,0.58437,0.21111,0.57188,0.17083,0.57266,0.12778,0.58437,0.10000,0.59609,0.13750,0.59453,0.10139,0.58984,0.13194,0.59062,0.15972,0.60938,0.13889,0.60703,0.10139,0.60078,0.14028,0.60234,0.16806,0.62422,0.14306,0.62031,0.10278,0.61250,0.14167,0.61406,0.17222,0.64062,0.15139,0.63359,0.11250,0.62656,0.13750,0.62656,0.16389,0.60003,0.79420,0.9997,0.69716,0.64190,0.9395,0.62603,0.27258,0.9971,0.63238,0.44303,0.61406,0.25139,75.97,0.9892,live,0.3302,0.3925,229.58,584.90
156088.325021,100.0,0.5197,2,2,0,0.61172,0.24722,0.58281,0.21389,0.57031,0.17639,0.57109,0.13333,0.58281,0.10694,0.59453,0.14306,0.59219,0.10972,0.58828,0.13611,0.59062,0.16111,0.60781,0.14306,0.60547,0.10556,0.60000,0.14306,0.60234,0.17222,0.62266,0.14583,0.61875,0.10694,0.61250,0.14583,0.61406,0.17639,0.63984,0.15278,0.63359,0.11528,0.62500,0.13889,0.62500,0.16528,0.59919,0.79044,0.9997,0.69723,0.65111,0.9426,0.62595,0.28690,0.9973,0.62825,0.40387,0.61172,0.24722,72.17,0.9915,live,0.3528,0.4556,258.17,566.67
156088.392052,100.0,0.6314,2,2,0,0.61250,0.24583,0.58359,0.21806,0.57031,0.17917,0.57109,0.13611,0.58281,0.10972,0.59531,0.14722,0.59297,0.11528,0.58828,0.14028,0.59062,0.16528,0.60859,0.14722,0.60547,0.10833,0.59922,0.14444,0.60234,0.17639,0.62344,0.15000,0.61875,0.10972,0.61172,0.15000,0.61406,0.18333,0.64062,0.15694,0.63359,0.11944,0.62500,0.14306,0.62500,0.17083,0.59948,0.79006,0.9996,0.69839,0.64619,0.9439,0.62745,0.28371,0.9974,0.62510,0.37226,0.61250,0.24583,69.34,0.9917,live,0.3816,0.5126,281.19,548.60
156088.458634,100.0,0.7424,2,2,0,0.61094,0.26111,0.58437,0.23333,0.57188,0.19306,0.57266,0.15000,0.58437,0.12361,0.59531,0.15694,0.59297,0.12500,0.58906,0.15417,0.59062,0.17778,0.60938,0.15833,0.60703,0.12222,0.60078,0.16111,0.60391,0.18889,0.62422,0.16111,0.62031,0.12222,0.61250,0.16389,0.61562,0.19306,0.64219,0.16944,0.63516,0.13472,0.62656,0.15972,0.62734,0.18472,0.59927,0.79034,0.9996,0.69922,0.66100,0.9451,0.62823,0.29707,0.9975,0.62227,0.35003,0.61094,0.26111,72.37,0.9923,live,0.4043,0.5081,271.79,534.87
156088.525173,100.0,0.8533,2,2,0,0.60781,0.30000,0.58516,0.28472,0.57031,0.24028,0.56953,0.20000,0.58203,0.17500,0.59297,0.19722,0.58828,0.16389,0.58437,0.20139,0.58906,0.22222,0.60859,0.19861,0.60391,0.16528,0.59766,0.21111,0.60313,0.22917,0.62422,0.20556,0.61953,0.17083,0.61094,0.21528,0.61562,0.23472,0.64297,0.21806,0.63516,0.18611,0.62578,0.21667,0.62813,0.23611,0.59943,0.79844,0.9996,0.70756,0.74241,0.9453,0.62838,0.34126,0.9976,0.61937,0.34002,0.60781,0.30000,72.34,0.9933,live,0.4137,0.4564,238.59,522.77
156088.592337,100.0,0.9652,2,2,0,0.61250,0.46806,0.58516,0.42639,0.56563,0.37778,0.56328,0.32917,0.57812,0.30139,0.59219,0.32778,0.58672,0.28333,0.58281,0.32083,0.58672,0.34861,0.60859,0.32917,0.60234,0.28611,0.59688,0.33056,0.60000,0.35694,0.62656,0.33611,0.61719,0.29722,0.61016,0.34028,0.61328,0.36528,0.64453,0.35000,0.63203,0.31806,0.62500,0.34722,0.62891,0.36806,0.59943,0.80140,0.9996,0.71937,0.85154,0.9467,0.62873,0.46963,0.9977,0.61800,0.36563,0.61250,0.46806,91.92,0.9890,live,0.4064,0.3732,196.41,526.22
156088.658510,100.0,0.0755,2,1,1,0.62109,0.65694,0.59219,0.61806,0.56953,0.56667,0.56484,0.52083,0.57969,0.49861,0.59766,0.50417,0.58437,0.46111,0.58203,0.50556,0.58672,0.53472,0.61797,0.50694,0.60313,0.46944,0.59844,0.52083,0.60313,0.54722,0.63750,0.51667,0.62031,0.49028,0.61484,0.54028,0.61953,0.56389,0.65859,0.53333,0.63906,0.50972,0.63359,0.54583,0.63750,0.56528,0.59947,0.81728,0.9996,0.73010,0.96812,0.9455,0.62911,0.61755,0.9977,0.61862,0.42389,0.62109,0.65694,101.00,0.9919,live,0.3846,0.2851,152.77,535.79
156088.725301,100.0,0.1868,2,1,1,0.62656,0.64722,0.60313,0.65278,0.58047,0.65556,0.57031,0.65556,0.58125,0.66389,0.60391,0.59722,0.59766,0.61111,0.60000,0.65833,0.60234,0.67639,0.63125,0.60417,0.62187,0.63194,0.61797,0.68611,0.61719,0.70278,0.65312,0.61944,0.64453,0.65417,0.63828,0.70417,0.63672,0.72083,0.67188,0.63750,0.66563,0.66806,0.65938,0.70417,0.65625,0.72083,0.60697,0.82704,0.9996,0.73666,1.00000,0.9423,0.64687,0.78119,0.9975,0.62021,0.46856,0.62656,0.64722,56.98,0.9956,live,0.3545,0.2172,111.33,512.52
156088.792174,100.0,0.2983,2,1,1,0.64219,0.74861,0.61797,0.74444,0.59219,0.73750,0.57578,0.72778,0.58672,0.72778,0.61797,0.67083,0.60078,0.67917,0.59922,0.73056,0.60547,0.73889,0.64062,0.68194,0.62266,0.69722,0.61797,0.75139,0.62266,0.75694,0.65938,0.70278,0.64453,0.72222,0.63906,0.76944,0.64375,0.77222,0.67500,0.72778,0.66406,0.75139,0.65781,0.78194,0.66094,0.78333,0.61211,0.82610,0.9996,0.73573,1.00000,0.9384,0.65522,0.88808,0.9972,0.62460,0.52457,0.64219,0.74861,60.09,0.9988,live,0.3395,0.2714,134.14,494.29
156088.859034,100.0,0.4097,2,1,1,0.62578,0.86250,0.59609,0.84167,0.57422,0.79306,0.56797,0.75417,0.59062,0.74306,0.61562,0.69722,0.59375,0.69583,0.59375,0.75556,0.60156,0.76250,0.64141,0.70556,0.61641,0.71806,0.61250,0.78333,0.62187,0.77917,0.66250,0.73056,0.63984,0.74722,0.63047,0.80139,0.64062,0.79583,0.68203,0.76528,0.65938,0.77639,0.64922,0.80833,0.65625,0.80833,0.61361,0.82701,0.9996,0.73451,1.00000,0.9360,0.65487,0.90300,0.9968,0.62484,0.59216,0.62578,0.86250,108.25,0.9995,live,0.3395,0.3549,182.01,512.91
156088.925463,100.0,0.5204,2,1,1,0.63281,0.89028,0.59844,0.85417,0.57422,0.79444,0.56875,0.74444,0.58906,0.73472,0.61641,0.68889,0.59375,0.68750,0.59297,0.74583,0.60313,0.75278,0.64219,0.69444,0.61562,0.70694,0.61094,0.76944,0.62109,0.76806,0.66406,0.71806,0.63906,0.73611,0.62969,0.78889,0.63984,0.78611,0.68359,0.75278,0.66172,0.76389,0.65156,0.79583,0.65859,0.79444,0.61630,0.82932,0.9996,0.73347,1.00000,0.9330,0.65762,0.88442,0.9966,0.62643,0.65178,0.63281,0.89028,126.00,0.9990,live,0.3530,0.4146,224.72,542.08
156088.992215,100.0,0.6317,2,1,1,0.63750,0.85278,0.60234,0.80417,0.57656,0.74722,0.56953,0.69722,0.58984,0.68194,0.61406,0.65000,0.59453,0.64444,0.59297,0.70139,0.60156,0.70972,0.63906,0.65278,0.61875,0.65833,0.61250,0.71944,0.62109,0.71944,0.66172,0.67083,0.64062,0.68472,0.63125,0.73750,0.63984,0.73611,0.68203,0.69861,0.66328,0.70833,0.65234,0.74028,0.65703,0.74306,0.61355,0.82556,0.9996,0.73396,1.00000,0.9339,0.65742,0.84115,0.9966,0.62865,0.69198,0.63750,0.85278,127.91,0.9984,live,0.3697,0.4459,253.77,569.12
156089.059360,100.0,0.7436,2,1,1,0.63672,0.77361,0.60313,0.71250,0.58125,0.65833,0.57656,0.60556,0.59219,0.57778,0.60703,0.61250,0.59609,0.57083,0.59375,0.59306,0.59844,0.60139,0.62578,0.61528,0.61406,0.57778,0.61250,0.60694,0.61797,0.61389,0.64609,0.62083,0.63438,0.58889,0.63047,0.61806,0.63594,0.62778,0.66641,0.63472,0.65625,0.60139,0.65078,0.62222,0.65391,0.63472,0.60915,0.83092,0.9996,0.73556,1.00000,0.9338,0.65688,0.71589,0.9968,0.63026,0.70831,0.63672,0.77361,105.39,0.9675,live,0.3861,0.4606,265.63,576.71
156089.125680,100.0,0.8541,2,1,1,0.63750,0.56389,0.60703,0.51806,0.58437,0.46667,0.58125,0.41389,0.59844,0.38750,0.61250,0.40972,0.60547,0.36944,0.60313,0.41111,0.60781,0.43750,0.63203,0.41250,0.62344,0.37500,0.61953,0.42361,0.62344,0.44861,0.65234,0.42083,0.64141,0.39167,0.63594,0.43750,0.63906,0.45972,0.67266,0.43611,0.66094,0.40556,0.65469,0.43750,0.65703,0.45556,0.60407,0.82678,0.9996,0.73516,0.95490,0.9324,0.65591,0.55941,0.9969,0.63171,0.67942,0.63750,0.56389,101.62,0.9874,live,0.3933,0.4260,247.35,580.67
156089.192430,100.0,0.9654,2,1,1,0.63438,0.41944,0.60391,0.36806,0.58594,0.32083,0.58594,0.27083,0.60234,0.24583,0.61641,0.27222,0.61172,0.23333,0.60625,0.26806,0.61094,0.29167,0.63281,0.27639,0.62578,0.23611,0.61953,0.27917,0.62500,0.30139,0.65000,0.28333,0.64141,0.24722,0.63359,0.28889,0.63750,0.30972,0.66875,0.29861,0.65781,0.26250,0.64922,0.29167,0.65312,0.31111,0.60259,0.82503,0.9996,0.73384,0.82308,0.9341,0.65726,0.43749,0.9970,0.63224,0.62743,0.63438,0.41944,94.66,0.9908,live,0.3864,0.3549,205.52,579.14
156089.259147,100.0,0.0766,2,2,0,0.62891,0.36111,0.59844,0.29583,0.58906,0.25000,0.59062,0.20556,0.60156,0.17500,0.61484,0.21806,0.61094,0.18333,0.60469,0.20694,0.60625,0.22778,0.62734,0.21944,0.62500,0.17917,0.61641,0.21111,0.61875,0.23472,0.64297,0.22361,0.63828,0.18472,0.62969,0.21528,0.63203,0.24167,0.65938,0.23472,0.65234,0.19306,0.64453,0.21389,0.64609,0.23750,0.60199,0.81620,0.9996,0.72219,0.73771,0.9358,0.65602,0.35362,0.9972,0.63158,0.57416,0.62891,0.36111,90.96,0.9799,live,0.3711,0.3013,173.30,575.13
156089.325617,100.0,0.1874,2,2,0,0.62813,0.33194,0.59844,0.27639,0.58984,0.23472,0.58906,0.19444,0.59609,0.16806,0.61172,0.21389,0.60859,0.18056,0.60234,0.18889,0.60156,0.20139,0.62187,0.21389,0.61875,0.17639,0.61250,0.19583,0.61250,0.21389,0.63516,0.21528,0.62969,0.17917,0.62422,0.20139,0.62422,0.22222,0.65156,0.22083,0.64531,0.18056,0.63828,0.19444,0.63750,0.21250,0.60017,0.81009,0.9996,0.70846,0.70398,0.9389,0.64627,0.31961,0.9974,0.63089,0.52572,0.62813,0.33194,77.40,0.9762,live,0.3468,0.2361,132.65,561.85
156089.392107,100.0,0.2982,2,2,0,0.62266,0.29861,0.59297,0.25972,0.58125,0.22222,0.58203,0.17917,0.59375,0.15417,0.60547,0.19028,0.60391,0.15694,0.59844,0.18333,0.60000,0.20833,0.61797,0.19028,0.61641,0.15139,0.60859,0.18750,0.61016,0.21667,0.63281,0.19167,0.62891,0.15278,0.62031,0.19028,0.62187,0.22222,0.65000,0.19861,0.64297,0.16250,0.63438,0.18611,0.63438,0.21250,0.60020,0.80461,0.9996,0.70912,0.69602,0.9411,0.64095,0.31492,0.9976,0.62924,0.48030,0.62266,0.29861,74.16,0.9887,live,0.3384,0.3002,164.46,547.82
156089.459237,100.0,0.4101,2,2,0,0.62109,0.29861,0.59141,0.26806,0.57891,0.23194,0.57969,0.18889,0.59141,0.16389,0.60469,0.20000,0.60078,0.16528,0.59609,0.19167,0.59922,0.21667,0.61719,0.20000,0.61406,0.16111,0.60781,0.19722,0.61094,0.22639,0.63203,0.20139,0.62734,0.16111,0.62031,0.20000,0.62266,0.23194,0.64922,0.20694,0.64141,0.16944,0.63359,0.19306,0.63438,0.21944,0.59930,0.80427,0.9996,0.70991,0.71738,0.9422,0.63967,0.32879,0.9977,0.62761,0.44396,0.62109,0.29861,69.40,0.9924,live,0.3384,0.3580,190.47,532.05
156089.525729,100.0,0.5209,2,2,0,0.62109,0.31250,0.59375,0.28472,0.58203,0.24444,0.58437,0.20278,0.59531,0.17361,0.60703,0.21250,0.60547,0.17917,0.60000,0.20556,0.60234,0.22917,0.62031,0.21111,0.61875,0.17222,0.61172,0.21111,0.61484,0.24028,0.63516,0.21389,0.63125,0.17500,0.62266,0.21389,0.62578,0.24583,0.65391,0.22083,0.64609,0.18472,0.63672,0.20833,0.63750,0.23472,0.59980,0.80608,0.9996,0.71129,0.73416,0.9444,0.63985,0.34097,0.9977,0.62631,0.41767,0.62109,0.31250,71.44,0.9938,live,0.3500,0.4030,209.40,519.64
156089.592170,100.0,0.6316,2,2,0,0.62422,0.34583,0.59922,0.32361,0.58594,0.27778,0.58672,0.23472,0.60078,0.20694,0.60938,0.23750,0.60781,0.20139,0.60234,0.23611,0.60547,0.25972,0.62422,0.24028,0.62266,0.20000,0.61484,0.24444,0.61953,0.26806,0.64141,0.24583,0.63750,0.20556,0.62813,0.24861,0.63125,0.27222,0.66016,0.25833,0.65312,0.22083,0.64297,0.24861,0.64531,0.27083,0.60029,0.81320,0.9996,0.71396,0.76045,0.9455,0.64335,0.34251,0.9979,0.62589,0.40330,0.62422,0.34583,75.25,0.9950,live,0.3643,0.4297,219.75,511.47
156089.659104,100.0,0.7432,2,2,0,0.63906,0.35694,0.61953,0.35556,0.60078,0.33750,0.59141,0.32083,0.59844,0.30833,0.61719,0.30139,0.61250,0.28194,0.60938,0.32083,0.61172,0.34167,0.63438,0.30694,0.62813,0.28611,0.62187,0.32639,0.62500,0.34861,0.65000,0.31667,0.64297,0.30000,0.63750,0.34167,0.63906,0.36111,0.66641,0.32917,0.65859,0.32083,0.65234,0.35000,0.65312,0.36667,0.59969,0.81417,0.9996,0.71822,0.86252,0.9424,0.64822,0.46741,0.9979,0.62852,0.39403,0.63906,0.35694,47.93,0.9904,live,0.3829,0.4672,226.42,484.60
156089.725703,100.0,0.8542,2,2,0,0.63906,0.67222,0.61328,0.63889,0.59453,0.58333,0.59375,0.54028,0.61016,0.52778,0.62578,0.52639,0.61719,0.48889,0.61016,0.52778,0.61172,0.55694,0.64766,0.53750,0.63828,0.50278,0.62734,0.54722,0.62813,0.57917,0.66797,0.55417,0.65547,0.52500,0.64531,0.56806,0.64609,0.59861,0.68750,0.57639,0.67500,0.54722,0.66328,0.57917,0.66328,0.60556,0.60088,0.81866,0.9996,0.72763,0.98525,0.9365,0.65538,0.64840,0.9978,0.63063,0.44967,0.63906,0.67222,95.89,0.9918,live,0.3751,0.3395,168.24,495.49
156089.792724,100.0,0.9659,2,2,0,0.66016,0.89444,0.62656,0.85556,0.60000,0.80278,0.59609,0.75694,0.61484,0.74444,0.64297,0.67500,0.62734,0.68611,0.62109,0.74167,0.62734,0.75972,0.67109,0.68472,0.65078,0.71250,0.64062,0.76944,0.64531,0.77639,0.69453,0.71250,0.66953,0.75139,0.65781,0.79861,0.66250,0.80139,0.71406,0.75139,0.68984,0.77917,0.67891,0.81250,0.68281,0.81667,0.62412,0.81667,0.9996,0.76548,1.00000,0.9361,0.67880,0.86617,0.9973,0.63654,0.53862,0.66016,0.89444,135.37,0.9988,live,0.3516,0.2444,130.41,533.50
156089.859351,100.0,0.0769,2,1,1,0.65547,0.94444,0.62734,0.91528,0.60391,0.86389,0.59688,0.82361,0.62266,0.81944,0.65156,0.73889,0.62969,0.76667,0.62578,0.82222,0.63281,0.82500,0.67891,0.75278,0.65312,0.79583,0.64531,0.85278,0.65312,0.84583,0.70156,0.78750,0.67578,0.83611,0.66406,0.87917,0.67109,0.86667,0.71953,0.83056,0.69844,0.86528,0.68672,0.89306,0.69063,0.88611,0.62180,0.82659,0.9996,0.76077,1.00000,0.9313,0.69032,0.94681,0.9964,0.64032,0.61979,0.65547,0.94444,128.62,0.9995,live,0.3407,0.2910,163.59,562.08
156089.925860,100.0,0.1878,2,1,1,0.65078,0.96389,0.62109,0.92500,0.59922,0.87083,0.59609,0.82917,0.62266,0.82500,0.64609,0.75000,0.62500,0.76944,0.62109,0.82778,0.62813,0.83472,0.67422,0.76111,0.64922,0.79861,0.63984,0.85694,0.64766,0.85278,0.69688,0.79444,0.67188,0.83472,0.66016,0.88056,0.66641,0.87222,0.71562,0.83611,0.69375,0.86806,0.68281,0.89583,0.68672,0.89028,0.62186,0.83992,0.9996,0.75517,1.00000,0.9287,0.69428,0.96545,0.9961,0.64241,0.68861,0.65078,0.96389,133.89,0.9996,live,0.3407,0.3606,213.15,591.03
156089.992663,100.0,0.2991,2,1,1,0.65391,0.94722,0.62031,0.91111,0.59688,0.85278,0.59219,0.80833,0.61797,0.80278,0.64219,0.73472,0.62109,0.75139,0.61797,0.80694,0.62578,0.81250,0.67109,0.74306,0.64453,0.77500,0.63594,0.83611,0.64531,0.83056,0.69375,0.77361,0.66797,0.81111,0.65625,0.85972,0.66563,0.85139,0.71406,0.81389,0.69063,0.84306,0.67891,0.87361,0.68437,0.86806,0.62491,0.84448,0.9996,0.75364,1.00000,0.9271,0.69507,0.95066,0.9961,0.64471,0.74033,0.65391,0.94722,133.42,0.9996,live,0.3525,0.4065,250.50,616.17
156090.059194,100.0,0.4100,2,1,1,0.65312,0.92917,0.61797,0.89167,0.59375,0.83194,0.58984,0.78611,0.61641,0.77917,0.64141,0.71528,0.61953,0.72778,0.61641,0.78611,0.62422,0.79306,0.66953,0.72361,0.64297,0.75278,0.63516,0.81389,0.64453,0.80972,0.69219,0.75278,0.66641,0.78750,0.65469,0.83611,0.66328,0.82917,0.71172,0.79167,0.68906,0.81667,0.67656,0.84861,0.67969,0.84444,0.62426,0.84416,0.9996,0.75449,1.00000,0.9241,0.69417,0.93197,0.9960,0.64640,0.77810,0.65312,0.92917,133.47,0.9994,live,0.3674,0.4352,277.77,638.33
156090.126006,100.0,0.5213,2,1,1,0.65703,0.89722,0.62031,0.85556,0.59609,0.79861,0.59141,0.75417,0.61641,0.74861,0.63984,0.68056,0.61797,0.69306,0.61562,0.75278,0.62344,0.76111,0.66641,0.68889,0.64141,0.71944,0.63516,0.78056,0.64375,0.77778,0.68984,0.71667,0.66563,0.75139,0.65469,0.80000,0.66328,0.79444,0.71094,0.75417,0.68906,0.77917,0.67812,0.81111,0.68359,0.80694,0.61576,0.83826,0.9996,0.74945,1.00000,0.9251,0.69293,0.90304,0.9960,0.64852,0.80192,0.65703,0.89722,134.33,0.9994,live,0.3819,0.4482,295.11,658.44
156090.192828,100.0,0.6327,2,1,1,0.65938,0.83750,0.62266,0.77222,0.59844,0.71389,0.59531,0.66806,0.61641,0.65694,0.63672,0.63472,0.61875,0.62222,0.61641,0.66111,0.62187,0.67083,0.66094,0.63750,0.64375,0.63333,0.63672,0.67778,0.64062,0.68333,0.68281,0.65278,0.66641,0.65556,0.65625,0.69444,0.65938,0.70278,0.70234,0.68056,0.68906,0.67778,0.67734,0.70556,0.67656,0.71667,0.61535,0.83024,0.9996,0.74838,1.00000,0.9250,0.69091,0.79780,0.9960,0.65069,0.80904,0.65938,0.83750,127.20,0.9925,live,0.3937,0.4473,300.15,671.01
156090.260110,100.0,0.7448,2,1,1,0.65469,0.60694,0.62500,0.56389,0.60234,0.51389,0.60156,0.46528,0.62187,0.44583,0.63281,0.45139,0.62500,0.41250,0.62344,0.45278,0.62578,0.48333,0.65625,0.45694,0.64687,0.42500,0.64219,0.47222,0.64297,0.50556,0.67812,0.46944,0.66563,0.44583,0.65938,0.49167,0.65938,0.52222,0.70000,0.49028,0.68437,0.46667,0.67812,0.49722,0.67891,0.52222,0.60268,0.82969,0.9997,0.74401,0.95121,0.9239,0.68223,0.60328,0.9961,0.65149,0.76862,0.65469,0.60694,104.00,0.9824,live,0.3937,0.3909,260.12,665.37
156090.327360,100.0,0.8569,2,1,1,0.64609,0.42778,0.61797,0.37639,0.60000,0.32639,0.60156,0.27639,0.61953,0.25278,0.63125,0.28194,0.62813,0.23889,0.62266,0.27083,0.62422,0.29861,0.64844,0.28611,0.64375,0.24306,0.63594,0.28472,0.63906,0.31111,0.66641,0.29583,0.66016,0.25694,0.65078,0.29583,0.65234,0.32222,0.68516,0.31111,0.67656,0.27222,0.66719,0.29861,0.66875,0.32222,0.60012,0.82163,0.9996,0.73871,0.82253,0.9258,0.67232,0.44319,0.9961,0.65041,0.70045,0.64609,0.42778,94.66,0.9868,live,0.3767,0.2993,195.64,653.68
156090.392799,100.0,0.9660,2,1,1,0.63359,0.35833,0.60391,0.29167,0.59609,0.24861,0.59766,0.20417,0.60781,0.17361,0.61875,0.22222,0.61719,0.18333,0.61016,0.19583,0.61094,0.21111,0.63125,0.22222,0.62969,0.18056,0.62187,0.20417,0.62344,0.22361,0.64609,0.22500,0.64141,0.18611,0.63438,0.20972,0.63594,0.23333,0.66328,0.23333,0.65625,0.19444,0.64844,0.21111,0.64922,0.23333,0.60068,0.81338,0.9997,0.72605,0.73209,0.9290,0.65902,0.34800,0.9963,0.64705,0.63203,0.63359,0.35833,88.28,0.9744,live,0.3475,0.2145,137.01,638.80
156090.459748,100.0,0.0776,2,2,0,0.62344,0.31111,0.59297,0.25417,0.58437,0.21389,0.58594,0.17222,0.59688,0.14583,0.60781,0.18333,0.60547,0.14861,0.59922,0.17222,0.59922,0.19861,0.61875,0.18194,0.61719,0.14306,0.60859,0.17500,0.60938,0.20417,0.63359,0.18333,0.62891,0.14306,0.61953,0.17778,0.62109,0.20972,0.65000,0.19028,0.64375,0.15000,0.63438,0.17222,0.63359,0.20000,0.60106,0.80519,0.9997,0.71024,0.68807,0.9338,0.64255,0.30648,0.9966,0.64233,0.56784,0.62344,0.31111,83.75,0.9826,live,0.3353,0.2796,174.06,622.44
156090.526038,100.0,0.1881,2,2,0,0.61641,0.28194,0.58672,0.24167,0.57656,0.20417,0.57656,0.16389,0.58828,0.14028,0.60078,0.17222,0.59844,0.13889,0.59219,0.16528,0.59375,0.19167,0.61250,0.17361,0.61016,0.13472,0.60234,0.17083,0.60469,0.20000,0.62656,0.17639,0.62187,0.13611,0.61328,0.17361,0.61562,0.20417,0.64297,0.18194,0.63516,0.14444,0.62656,0.16667,0.62656,0.19444,0.60041,0.80007,0.9996,0.70757,0.66405,0.9373,0.63451,0.30386,0.9968,0.63714,0.51066,0.61641,0.28194,73.43,0.9907,live,0.3353,0.3590,215.61,600.62
156090.592723,100.0,0.2992,2,2,0,0.61406,0.27222,0.58516,0.24028,0.57266,0.20694,0.57344,0.16806,0.58437,0.14306,0.59766,0.17639,0.59375,0.14444,0.58906,0.16806,0.59141,0.19167,0.60859,0.17500,0.60547,0.13750,0.59922,0.17222,0.60156,0.20139,0.62266,0.17500,0.61719,0.13611,0.61016,0.17222,0.61328,0.20417,0.63906,0.18056,0.63125,0.14306,0.62344,0.16528,0.62422,0.19306,0.60054,0.79701,0.9996,0.70617,0.64901,0.9403,0.62556,0.29570,0.9969,0.63253,0.46298,0.61406,0.27222,67.23,0.9926,live,0.3530,0.4339,250.34,576.95
156090.659688,100.0,0.4108,2,2,0,0.61172,0.27083,0.58437,0.24306,0.57188,0.20972,0.57266,0.17083,0.58437,0.14583,0.59688,0.17778,0.59297,0.14722,0.58906,0.17361,0.59219,0.19722,0.60859,0.17778,0.60469,0.14167,0.60000,0.17639,0.60313,0.20556,0.62266,0.17778,0.61719,0.14167,0.61094,0.17917,0.61406,0.21111,0.63984,0.18333,0.63203,0.14722,0.62344,0.17083,0.62422,0.19722,0.60057,0.79323,0.9997,0.70679,0.67670,0.9426,0.62936,0.30965,0.9971,0.62836,0.42455,0.61172,0.27083,66.12,0.9931,live,0.3797,0.5014,278.41,555.32
156090.726261,100.0,0.5218,2,2,0,0.61094,0.28194,0.58516,0.25694,0.57422,0.22083,0.57500,0.18056,0.58672,0.15556,0.59922,0.18750,0.59609,0.15833,0.59062,0.18472,0.59297,0.20556,0.61172,0.18750,0.60781,0.15278,0.60078,0.18889,0.60469,0.21528,0.62578,0.19028,0.62031,0.15278,0.61250,0.19028,0.61562,0.22083,0.64219,0.19583,0.63438,0.16111,0.62500,0.18472,0.62578,0.20972,0.59976,0.79300,0.9996,0.70667,0.69195,0.9444,0.63127,0.32627,0.9972,0.62488,0.39603,0.61094,0.28194,66.69,0.9918,live,0.4118,0.5577,299.31,536.69
156090.792744,100.0,0.6326,2,2,0,0.61016,0.31528,0.58750,0.29722,0.57578,0.25417,0.57656,0.21250,0.58984,0.18611,0.60000,0.21667,0.59766,0.18333,0.59219,0.21528,0.59609,0.23611,0.61406,0.21806,0.61094,0.17917,0.60313,0.22222,0.60859,0.24444,0.62891,0.22361,0.62500,0.18333,0.61484,0.22500,0.61953,0.24861,0.64687,0.23333,0.63906,0.19722,0.62969,0.22500,0.63203,0.24861,0.59978,0.79901,0.9996,0.70935,0.74057,0.9464,0.63177,0.33546,0.9974,0.62193,0.37988,0.61016,0.31528,69.74,0.9967,live,0.4449,0.5958,311.30,522.51
156090.860221,100.0,0.7450,2,2,0,0.61953,0.32917,0.60000,0.32500,0.58125,0.30556,0.57422,0.28611,0.58359,0.27500,0.60391,0.26944,0.59844,0.25417,0.59375,0.29444,0.59609,0.31250,0.61953,0.27639,0.61250,0.25972,0.60391,0.30139,0.60703,0.32083,0.63359,0.28750,0.62656,0.27083,0.61797,0.31389,0.62031,0.33194,0.64766,0.30278,0.63984,0.29444,0.63203,0.32361,0.63281,0.33889,0.59932,0.80621,0.9996,0.71423,0.83915,0.9466,0.63267,0.43810,0.9976,0.62145,0.36973,0.61953,0.32917,46.76,0.9902,live,0.4527,0.4883,240.98,493.48
156090.928092,100.0,0.8581,2,2,0,0.62500,0.61389,0.59609,0.57222,0.57656,0.51667,0.57266,0.47361,0.58672,0.46111,0.61016,0.46111,0.60000,0.41944,0.59297,0.45972,0.59453,0.49167,0.63047,0.47083,0.62031,0.43333,0.61016,0.47917,0.61094,0.51111,0.65078,0.48611,0.63750,0.45417,0.62656,0.49861,0.62813,0.52778,0.67031,0.50972,0.65547,0.48056,0.64531,0.50972,0.64687,0.53194,0.59891,0.81493,0.9995,0.71789,0.93716,0.9412,0.63362,0.58427,0.9975,0.62216,0.41857,0.62500,0.61389,98.56,0.9919,live,0.4395,0.3794,191.67,505.23
156090.993340,100.0,0.9669,2,2,0,0.63438,0.82222,0.60078,0.77778,0.57891,0.71667,0.57422,0.67222,0.59375,0.66944,0.62813,0.60972,0.60313,0.61250,0.59844,0.67083,0.60781,0.68611,0.65391,0.61944,0.62578,0.63889,0.61641,0.69722,0.62344,0.70417,0.67422,0.64861,0.64609,0.67083,0.63438,0.72222,0.64141,0.72917,0.69063,0.68750,0.66797,0.70000,0.65547,0.73333,0.65859,0.74167,0.60618,0.81459,0.9996,0.72484,1.00000,0.9371,0.64504,0.75410,0.9975,0.62461,0.49930,0.63438,0.82222,129.95,0.9987,live,0.4089,0.2697,145.12,538.16
156091.059738,100.0,0.0776,2,1,1,0.62813,0.87361,0.60078,0.84444,0.58047,0.79167,0.57344,0.75000,0.59844,0.75000,0.63203,0.67361,0.60781,0.69861,0.60234,0.75278,0.60938,0.75972,0.65859,0.69028,0.62969,0.72639,0.62031,0.78333,0.62891,0.77917,0.68047,0.72639,0.65156,0.76528,0.63828,0.80833,0.64531,0.80139,0.69688,0.77083,0.67344,0.79722,0.65938,0.82361,0.66328,0.82083,0.61126,0.81458,0.9996,0.72606,1.00000,0.9342,0.66244,0.87676,0.9973,0.62531,0.57416,0.62813,0.87361,126.32,0.9998,live,0.3830,0.2650,149.59,564.53
156091.126685,100.0,0.1891,2,1,1,0.63516,0.91111,0.60156,0.87083,0.58047,0.81111,0.57500,0.76806,0.60156,0.76528,0.63281,0.69583,0.60859,0.71250,0.60234,0.76944,0.61094,0.77639,0.66016,0.70972,0.62969,0.74306,0.62031,0.80000,0.62969,0.79583,0.68125,0.74306,0.65078,0.78056,0.63750,0.82500,0.64687,0.81944,0.69766,0.78750,0.67188,0.81389,0.65859,0.84167,0.66250,0.83750,0.61351,0.81511,0.9996,0.72590,1.00000,0.9324,0.66518,0.89177,0.9970,0.62728,0.64155,0.63516,0.91111,132.31,0.9996,live,0.3737,0.3314,196.22,592.05
156091.193196,100.0,0.3000,2,1,1,0.63516,0.90694,0.60469,0.86528,0.58281,0.80694,0.57734,0.76389,0.60156,0.75972,0.63359,0.69444,0.61016,0.70833,0.60469,0.76250,0.61250,0.76944,0.66094,0.70833,0.63203,0.73611,0.62266,0.79444,0.63203,0.79167,0.68281,0.74167,0.65312,0.77500,0.63984,0.82222,0.64922,0.81667,0.70078,0.78472,0.67500,0.80694,0.66094,0.83611,0.66484,0.83472,0.61839,0.81538,0.9996,0.73319,1.00000,0.9294,0.67088,0.92805,0.9965,0.62885,0.69463,0.63516,0.90694,132.31,0.9995,live,0.3737,0.3799,234.12,616.26
156091.259722,100.0,0.4109,2,1,1,0.63750,0.90139,0.60547,0.86250,0.58203,0.80139,0.57734,0.75556,0.60234,0.75139,0.63203,0.68889,0.60859,0.70000,0.60391,0.75694,0.61172,0.76389,0.66016,0.70000,0.63125,0.72778,0.62266,0.78750,0.63125,0.78333,0.68203,0.73333,0.65312,0.76667,0.64062,0.81389,0.64922,0.80694,0.70078,0.77500,0.67500,0.79861,0.66094,0.82917,0.66406,0.82500,0.61883,0.81536,0.9996,0.74073,1.00000,0.9276,0.67353,0.91159,0.9963,0.63058,0.73598,0.63750,0.90139,132.63,0.9993,live,0.3810,0.4139,263.96,637.80
156091.326666,100.0,0.5224,2,1,1,0.63906,0.87917,0.60469,0.83750,0.58203,0.77917,0.57656,0.73333,0.60234,0.72917,0.63203,0.66528,0.60859,0.67639,0.60391,0.73333,0.61094,0.74167,0.65938,0.67778,0.63125,0.70556,0.62187,0.76389,0.63047,0.76111,0.68125,0.70972,0.65391,0.74167,0.64141,0.78889,0.64922,0.78333,0.70078,0.75139,0.67734,0.77083,0.66250,0.80139,0.66641,0.80000,0.61937,0.81964,0.9996,0.75229,1.00000,0.9268,0.67248,0.87600,0.9962,0.63228,0.76462,0.63906,0.87917,132.62,0.9994,live,0.3904,0.4334,284.65,656.76
156091.393444,100.0,0.6337,2,1,1,0.63984,0.82361,0.60703,0.75694,0.58437,0.69583,0.57969,0.64861,0.60078,0.64167,0.62813,0.61250,0.60781,0.60278,0.60391,0.64861,0.61094,0.66111,0.65391,0.61806,0.63203,0.61806,0.62344,0.66806,0.62969,0.67500,0.67500,0.63889,0.65312,0.64722,0.64219,0.69167,0.64766,0.69722,0.69375,0.67083,0.67500,0.67361,0.66328,0.70139,0.66563,0.70833,0.61446,0.82065,0.9996,0.74708,1.00000,0.9266,0.65698,0.77680,0.9963,0.63379,0.77642,0.63984,0.82361,131.40,0.9957,live,0.3986,0.4360,293.24,672.55
156091.460283,100.0,0.7451,2,1,1,0.63906,0.61250,0.61094,0.57083,0.58906,0.51806,0.58672,0.46944,0.60469,0.45694,0.62344,0.45972,0.61562,0.41806,0.60938,0.45972,0.61094,0.49167,0.64609,0.46944,0.63828,0.43056,0.62813,0.48056,0.62734,0.51250,0.66719,0.48611,0.65547,0.45417,0.64531,0.50139,0.64453,0.53194,0.68828,0.50972,0.67422,0.47917,0.66328,0.51111,0.66328,0.53611,0.59897,0.81854,0.9996,0.73229,0.95921,0.9251,0.65517,0.60263,0.9965,0.63485,0.74363,0.63906,0.61250,100.71,0.9906,live,0.3986,0.3886,258.16,664.36
156091.526955,100.0,0.8563,2,1,1,0.63672,0.45694,0.60938,0.40278,0.59219,0.34722,0.59453,0.29722,0.61250,0.27083,0.62891,0.29722,0.62344,0.25556,0.61484,0.29444,0.61719,0.32361,0.64609,0.30556,0.63906,0.25972,0.62813,0.30972,0.63203,0.33750,0.66406,0.31806,0.65312,0.27917,0.64141,0.32639,0.64531,0.35139,0.68281,0.33750,0.66953,0.30278,0.65859,0.33333,0.66172,0.35417,0.59739,0.81596,0.9996,0.72797,0.86418,0.9264,0.65529,0.47488,0.9966,0.63522,0.68630,0.63672,0.45694,101.06,0.9922,live,0.3986,0.3928,258.19,657.40
156091.593721,100.0,0.9675,2,1,1,0.63359,0.38333,0.60234,0.31111,0.59453,0.26111,0.59844,0.21528,0.61016,0.18472,0.61797,0.23472,0.61562,0.19583,0.61016,0.21389,0.61250,0.23194,0.63125,0.23611,0.62891,0.19306,0.62187,0.22222,0.62578,0.24306,0.64687,0.24028,0.64219,0.20139,0.63516,0.23056,0.63750,0.25139,0.66563,0.25139,0.65703,0.21111,0.64922,0.23194,0.65156,0.25278,0.59716,0.81313,0.9996,0.71662,0.77717,0.9286,0.65472,0.37337,0.9969,0.63490,0.62570,0.63359,0.38333,95.13,0.9826,live,0.3675,0.2259,146.18,647.01
156091.660506,100.0,0.0788,2,2,0,0.62656,0.32917,0.59766,0.26389,0.58906,0.21944,0.59141,0.17639,0.60469,0.15000,0.61484,0.18611,0.61406,0.15000,0.60547,0.17500,0.60469,0.20000,0.62656,0.18750,0.62578,0.14722,0.61641,0.18056,0.61641,0.20972,0.64141,0.19306,0.63750,0.15278,0.62813,0.18611,0.62891,0.21806,0.65859,0.20556,0.65234,0.16250,0.64297,0.18472,0.64297,0.21250,0.59763,0.80832,0.9996,0.70912,0.71160,0.9310,0.65087,0.32359,0.9971,0.63323,0.56640,0.62656,0.32917,90.45,0.9829,live,0.3444,0.2389,151.56,634.49
156091.726857,100.0,0.1894,2,2,0,0.62187,0.29444,0.59297,0.24861,0.58359,0.20833,0.58594,0.16528,0.59766,0.14028,0.61016,0.17639,0.60859,0.14028,0.60156,0.16806,0.60234,0.19722,0.62187,0.17778,0.62109,0.13611,0.61250,0.17361,0.61328,0.20417,0.63672,0.18333,0.63359,0.14028,0.62422,0.17778,0.62422,0.20972,0.65312,0.19167,0.64766,0.15139,0.63750,0.17361,0.63594,0.20278,0.59792,0.80055,0.9996,0.70777,0.67448,0.9341,0.64277,0.30303,0.9973,0.63096,0.51201,0.62187,0.29444,77.63,0.9891,live,0.3382,0.3102,190.55,614.24
156091.793646,100.0,0.3007,2,2,0,0.62031,0.28611,0.59219,0.24722,0.58203,0.20972,0.58359,0.16944,0.59609,0.14444,0.60859,0.18194,0.60547,0.14583,0.59922,0.17222,0.60156,0.19861,0.62031,0.18333,0.61797,0.14028,0.61016,0.17778,0.61250,0.20833,0.63438,0.18472,0.63047,0.14167,0.62109,0.18056,0.62344,0.21250,0.65156,0.19167,0.64453,0.15139,0.63438,0.17500,0.63516,0.20278,0.59943,0.79940,0.9996,0.70563,0.67679,0.9362,0.63941,0.30137,0.9974,0.62883,0.46683,0.62031,0.28611,71.21,0.9936,live,0.3452,0.3769,223.05,591.80
156091.859897,100.0,0.4112,2,2,0,0.61953,0.28750,0.59141,0.25417,0.58203,0.21667,0.58359,0.17500,0.59688,0.15139,0.60938,0.18333,0.60547,0.15139,0.60000,0.17917,0.60313,0.20417,0.62187,0.18611,0.61875,0.14861,0.61094,0.18611,0.61484,0.21528,0.63672,0.18889,0.63203,0.15000,0.62266,0.19028,0.62500,0.22222,0.65391,0.19722,0.64609,0.15972,0.63594,0.18333,0.63672,0.21111,0.59935,0.79960,0.9996,0.70452,0.70287,0.9394,0.63940,0.32160,0.9975,0.62697,0.43096,0.61953,0.28750,71.39,0.9923,live,0.3614,0.4351,248.95,572.18
156091.926717,100.0,0.5225,2,2,0,0.62109,0.30694,0.59531,0.27639,0.58359,0.23333,0.58594,0.19028,0.60000,0.16528,0.61016,0.20000,0.60781,0.16667,0.60234,0.20000,0.60625,0.22361,0.62422,0.20139,0.62187,0.16250,0.61406,0.20556,0.61875,0.23194,0.63984,0.20694,0.63594,0.16528,0.62578,0.20833,0.62891,0.23750,0.65781,0.21667,0.65000,0.17917,0.63984,0.20556,0.64141,0.23194,0.59941,0.80090,0.9995,0.70464,0.71797,0.9418,0.64276,0.33944,0.9976,0.62579,0.40616,0.62109,0.30694,74.19,0.9932,live,0.3826,0.4792,266.86,556.94
156091.993562,100.0,0.6339,2,2,0,0.62187,0.34861,0.60000,0.33056,0.58672,0.28194,0.58828,0.23889,0.60313,0.21528,0.61250,0.23889,0.61094,0.20278,0.60391,0.24167,0.60625,0.26250,0.62891,0.24306,0.62578,0.20278,0.61562,0.25000,0.62031,0.27083,0.64531,0.25278,0.64062,0.21528,0.62969,0.25972,0.63281,0.27917,0.66406,0.27083,0.65625,0.23472,0.64531,0.26389,0.64766,0.28333,0.59887,0.80997,0.9995,0.71218,0.78980,0.9438,0.64291,0.37799,0.9977,0.62501,0.39465,0.62187,0.34861,76.03,0.9960,live,0.3968,0.4618,251.61,544.85
156092.060598,100.0,0.7457,2,2,0,0.63828,0.34306,0.62187,0.34028,0.60469,0.33333,0.59375,0.32778,0.59688,0.33056,0.62109,0.30139,0.61641,0.30417,0.61250,0.34306,0.61328,0.36806,0.63594,0.31250,0.63047,0.31389,0.62500,0.35833,0.62500,0.38611,0.64922,0.32500,0.64531,0.32778,0.63906,0.36944,0.63828,0.39444,0.66250,0.34028,0.66094,0.34861,0.65547,0.37639,0.65391,0.39306,0.59909,0.81718,0.9994,0.72026,0.90787,0.9418,0.64967,0.49921,0.9978,0.62766,0.38433,0.63828,0.34306,37.60,0.9932,live,0.4028,0.4300,217.81,506.54
156092.126835,100.0,0.8561,2,2,0,0.65000,0.71250,0.62109,0.65972,0.60156,0.59444,0.60313,0.54306,0.62109,0.52361,0.64531,0.53194,0.63203,0.48750,0.62109,0.53611,0.62500,0.56528,0.66797,0.54722,0.65547,0.50972,0.63984,0.56389,0.64297,0.58889,0.68750,0.57083,0.67266,0.53889,0.65703,0.58889,0.65938,0.61389,0.70469,0.60139,0.69063,0.57083,0.67656,0.60139,0.67734,0.62361,0.59947,0.81980,0.9994,0.72319,1.00000,0.9368,0.65531,0.65989,0.9978,0.63213,0.44996,0.65000,0.71250,112.15,0.9898,live,0.4028,0.4137,217.81,526.51
156092.193945,100.0,0.9679,2,2,0,0.65234,0.90694,0.62031,0.85833,0.59531,0.79444,0.59766,0.75278,0.61875,0.75417,0.65156,0.67778,0.63125,0.68750,0.62109,0.74306,0.62656,0.76111,0.68125,0.69583,0.65391,0.72639,0.64062,0.78056,0.64844,0.79028,0.70391,0.73056,0.67578,0.76806,0.65938,0.81389,0.66641,0.81944,0.72188,0.77778,0.70000,0.79722,0.68359,0.83056,0.68672,0.83750,0.61425,0.82977,0.9995,0.75139,1.00000,0.9325,0.68267,0.87930,0.9975,0.63617,0.54136,0.65234,0.90694,141.36,0.9977,live,0.3723,0.2333,131.86,565.10
156092.261155,100.0,0.0799,2,1,1,0.64844,0.95694,0.62187,0.92361,0.60078,0.86667,0.59609,0.82639,0.62344,0.83194,0.65547,0.74444,0.63203,0.77361,0.62500,0.82778,0.63203,0.83194,0.68437,0.76389,0.65625,0.80556,0.64375,0.86111,0.65156,0.85556,0.70625,0.80417,0.67734,0.85139,0.66172,0.89167,0.66875,0.88194,0.72344,0.85278,0.69922,0.88750,0.68359,0.91111,0.68516,0.90278,0.61983,0.84008,0.9995,0.74713,1.00000,0.9282,0.69491,0.96331,0.9972,0.63863,0.62448,0.64844,0.95694,134.59,0.9996,live,0.3579,0.2925,173.78,594.19
156092.327113,100.0,0.1898,2,1,1,0.64844,0.96944,0.62109,0.92500,0.60078,0.86528,0.59922,0.82083,0.62734,0.82639,0.65703,0.74861,0.63281,0.77083,0.62500,0.82639,0.63203,0.83194,0.68516,0.76667,0.65625,0.80417,0.64297,0.85972,0.65078,0.85278,0.70703,0.80417,0.67812,0.84444,0.66172,0.88750,0.66875,0.87778,0.72344,0.85139,0.69922,0.88333,0.68359,0.90833,0.68672,0.90000,0.61793,0.84676,0.9995,0.73189,1.00000,0.9227,0.69353,0.97013,0.9966,0.64059,0.69347,0.64844,0.96944,138.42,0.9996,live,0.3579,0.3590,223.47,622.55
156092.393900,100.0,0.3012,2,1,1,0.65078,0.95278,0.62187,0.90972,0.60156,0.84722,0.60000,0.80278,0.62734,0.80417,0.65703,0.73194,0.63438,0.75000,0.62734,0.80556,0.63516,0.80972,0.68672,0.74861,0.65703,0.78194,0.64453,0.83889,0.65312,0.83333,0.70781,0.78611,0.67891,0.82361,0.66328,0.86806,0.67188,0.85833,0.72578,0.83194,0.70078,0.86111,0.68516,0.88889,0.68828,0.88194,0.61906,0.84627,0.9995,0.74004,1.00000,0.9213,0.69611,0.94422,0.9964,0.64263,0.74533,0.65078,0.95278,139.12,0.9994,live,0.3660,0.4026,260.90,648.01
156092.461014,100.0,0.4130,2,1,1,0.65312,0.94444,0.62422,0.90000,0.60313,0.83611,0.60234,0.79028,0.62891,0.78889,0.65625,0.72222,0.63516,0.73750,0.62813,0.79444,0.63594,0.79722,0.68594,0.73611,0.65859,0.76806,0.64609,0.82639,0.65391,0.81806,0.70859,0.77083,0.68047,0.80972,0.66563,0.85556,0.67344,0.84444,0.72734,0.81528,0.70156,0.84722,0.68672,0.87639,0.68906,0.86806,0.62325,0.84584,0.9996,0.74591,1.00000,0.9187,0.69728,0.93743,0.9963,0.64473,0.78515,0.65312,0.94444,140.44,0.9994,live,0.3778,0.4315,289.69,671.37
156092.527210,100.0,0.5233,2,1,1,0.65625,0.91528,0.62422,0.87222,0.60313,0.80972,0.60156,0.76528,0.62891,0.76528,0.65703,0.69444,0.63516,0.70694,0.62734,0.76389,0.63438,0.77500,0.68594,0.70972,0.66016,0.73750,0.64609,0.79583,0.65312,0.79583,0.70781,0.74444,0.68125,0.78056,0.66484,0.82778,0.67266,0.81944,0.72656,0.78889,0.70312,0.81528,0.68750,0.84444,0.69141,0.83889,0.61600,0.84809,0.9996,0.74711,1.00000,0.9144,0.69783,0.91524,0.9962,0.64703,0.81118,0.65625,0.91528,137.95,0.9996,live,0.3903,0.4472,308.62,690.13
156092.594058,100.0,0.6348,2,1,1,0.66016,0.84444,0.62891,0.76250,0.61016,0.70278,0.60625,0.66250,0.62109,0.64722,0.65391,0.64167,0.63516,0.62083,0.63125,0.65278,0.63672,0.66528,0.67500,0.65000,0.65547,0.63472,0.64922,0.66806,0.65547,0.67639,0.69453,0.66806,0.67578,0.65972,0.66719,0.69167,0.67266,0.69861,0.70937,0.69722,0.69609,0.68889,0.68516,0.71111,0.68672,0.72222,0.61108,0.83393,0.9996,0.72981,1.00000,0.9077,0.69381,0.80566,0.9963,0.64966,0.81783,0.66016,0.84444,123.08,0.9897,live,0.4011,0.4503,313.39,695.93
156092.660705,100.0,0.7458,2,1,1,0.65469,0.58194,0.62891,0.52917,0.61094,0.47222,0.61328,0.42500,0.63359,0.41389,0.64687,0.43056,0.64375,0.38194,0.63594,0.41667,0.63438,0.44861,0.66875,0.44028,0.66406,0.39583,0.65469,0.43611,0.65078,0.47083,0.68906,0.45556,0.67969,0.42083,0.66953,0.46111,0.66641,0.49583,0.70937,0.47917,0.69922,0.44444,0.68906,0.46806,0.68516,0.49583,0.59988,0.82816,0.9996,0.72424,0.93940,0.9109,0.67937,0.58465,0.9966,0.65066,0.77065,0.65469,0.58194,100.55,0.9836,live,0.4011,0.3883,265.93,684.82
156092.727222,100.0,0.8567,2,1,1,0.64531,0.40556,0.61953,0.34722,0.60547,0.29028,0.61094,0.23889,0.62969,0.21250,0.64062,0.24722,0.63906,0.20417,0.63047,0.23889,0.63281,0.26667,0.65859,0.25556,0.65547,0.20972,0.64375,0.25278,0.64766,0.27778,0.67656,0.26806,0.66953,0.22917,0.65703,0.27083,0.66094,0.29444,0.69453,0.29028,0.68672,0.25000,0.67500,0.27778,0.67812,0.30000,0.59823,0.81789,0.9996,0.72008,0.82233,0.9125,0.67101,0.42090,0.9968,0.64959,0.69763,0.64531,0.40556,100.83,0.9926,live,0.3822,0.2961,199.92,675.24
156092.793912,100.0,0.9678,2,1,1,0.63594,0.33750,0.60938,0.26389,0.60391,0.21806,0.60781,0.17361,0.62109,0.14583,0.63203,0.18889,0.63047,0.14861,0.62187,0.17222,0.62266,0.19444,0.64375,0.19167,0.64297,0.14722,0.63203,0.18194,0.63438,0.20694,0.65859,0.19861,0.65547,0.15556,0.64375,0.18889,0.64531,0.21528,0.67500,0.21250,0.66953,0.16944,0.65859,0.19028,0.65938,0.21389,0.59772,0.81048,0.9996,0.70692,0.73025,0.9165,0.66232,0.34458,0.9970,0.64686,0.62561,0.63594,0.33750,93.28,0.9855,live,0.3678,0.3023,199.92,661.37
156092.860723,100.0,0.0792,2,2,0,0.63438,0.29028,0.60391,0.23194,0.59609,0.19028,0.60000,0.14583,0.61250,0.12083,0.62422,0.16111,0.62422,0.12639,0.61562,0.15278,0.61562,0.18333,0.63516,0.16111,0.63516,0.11806,0.62500,0.15556,0.62656,0.18750,0.65078,0.16528,0.64766,0.12222,0.63672,0.15833,0.63750,0.19306,0.66875,0.17361,0.66250,0.13333,0.65234,0.15833,0.65234,0.18750,0.59801,0.80454,0.9996,0.70518,0.69338,0.9209,0.65376,0.30432,0.9972,0.64436,0.55854,0.63438,0.29028,84.86,0.9844,live,0.3540,0.2913,187.32,643.10
156092.927463,100.0,0.1904,2,2,0,0.62969,0.26944,0.60156,0.22639,0.59141,0.18611,0.59375,0.14444,0.60703,0.11806,0.61797,0.15278,0.61719,0.11667,0.60938,0.14583,0.60938,0.17361,0.63047,0.15417,0.62969,0.11528,0.61953,0.15139,0.62031,0.18194,0.64531,0.15972,0.64219,0.11944,0.63125,0.15694,0.63203,0.18889,0.66094,0.16806,0.65547,0.12917,0.64609,0.15139,0.64531,0.17917,0.59837,0.80216,0.9995,0.70441,0.67925,0.9257,0.64738,0.29098,0.9973,0.64143,0.50072,0.62969,0.26944,76.92,0.9905,live,0.3540,0.3680,228.62,621.31
156092.993956,100.0,0.3013,2,2,0,0.62734,0.26806,0.60156,0.23056,0.59141,0.19306,0.59297,0.15139,0.60625,0.12639,0.61875,0.16111,0.61641,0.12778,0.61016,0.15417,0.61094,0.18194,0.63047,0.16250,0.62891,0.12361,0.62031,0.16111,0.62187,0.19167,0.64531,0.16667,0.64141,0.12500,0.63203,0.16389,0.63281,0.19722,0.66172,0.17361,0.65547,0.13333,0.64609,0.15833,0.64609,0.18611,0.59853,0.79831,0.9995,0.70514,0.67506,0.9298,0.64595,0.29100,0.9975,0.63861,0.45419,0.62734,0.26806,72.65,0.9908,live,0.3691,0.4378,262.28,599.06
156093.060869,100.0,0.4128,2,2,0,0.62891,0.28194,0.60234,0.24861,0.59219,0.20833,0.59531,0.16667,0.60859,0.14167,0.62031,0.17778,0.61797,0.14722,0.61172,0.17500,0.61328,0.20000,0.63281,0.17917,0.63203,0.14028,0.62266,0.17778,0.62500,0.20694,0.64844,0.18333,0.64453,0.14306,0.63438,0.18056,0.63594,0.21389,0.66563,0.19306,0.65859,0.15556,0.64844,0.17778,0.64766,0.20417,0.59865,0.79663,0.9995,0.70706,0.70772,0.9329,0.64742,0.31138,0.9976,0.63667,0.41974,0.62891,0.28194,72.10,0.9907,live,0.3919,0.4959,287.19,579.09
156093.127448,100.0,0.5237,2,2,0,0.62734,0.32222,0.60469,0.30139,0.59297,0.25417,0.59453,0.21111,0.61016,0.18889,0.61953,0.21250,0.61797,0.17639,0.61094,0.21250,0.61406,0.23611,0.63516,0.21528,0.63281,0.17500,0.62344,0.22222,0.62734,0.24722,0.65156,0.22361,0.64766,0.18472,0.63594,0.23056,0.63906,0.25556,0.66953,0.23889,0.66250,0.20139,0.65156,0.23194,0.65312,0.25556,0.59753,0.80037,0.9995,0.71432,0.76533,0.9361,0.65232,0.32723,0.9977,0.63481,0.40024,0.62734,0.32222,76.19,0.9941,live,0.4175,0.5339,301.35,564.46
156093.194087,100.0,0.6348,2,2,0,0.64687,0.33194,0.62656,0.33056,0.60703,0.31528,0.59766,0.29861,0.60703,0.28611,0.62813,0.27222,0.62266,0.26806,0.61797,0.30694,0.62031,0.32361,0.64531,0.28194,0.63828,0.27361,0.63047,0.31667,0.63281,0.33611,0.66016,0.29444,0.65391,0.28750,0.64531,0.32917,0.64687,0.34861,0.67500,0.30972,0.66875,0.30972,0.66094,0.33889,0.66094,0.35417,0.59784,0.80638,0.9995,0.72038,0.86151,0.9382,0.65353,0.45351,0.9978,0.63722,0.38658,0.64687,0.33194,47.62,0.9927,live,0.4363,0.5222,277.28,531.01
156093.261239,100.0,0.7467,2,2,0,0.65234,0.66667,0.62266,0.61806,0.60547,0.55556,0.60938,0.50972,0.62578,0.48889,0.64375,0.49444,0.63359,0.45417,0.62578,0.50278,0.62734,0.53333,0.66719,0.50833,0.65781,0.47083,0.64531,0.52778,0.64609,0.55694,0.68750,0.52778,0.67500,0.49722,0.66172,0.55139,0.66172,0.57917,0.70703,0.55694,0.69453,0.52917,0.68125,0.56250,0.68047,0.58611,0.59792,0.82088,0.9995,0.72294,0.96082,0.9365,0.65978,0.61344,0.9979,0.64024,0.44260,0.65234,0.66667,109.57,0.9940,live,0.4363,0.4115,224.76,546.18
156093.327415,100.0,0.8570,2,2,0,0.68047,0.59167,0.65000,0.60000,0.62109,0.62639,0.61172,0.66250,0.62109,0.70139,0.65078,0.59583,0.63750,0.64306,0.63203,0.68750,0.63125,0.70556,0.67812,0.61667,0.66094,0.66944,0.65156,0.71250,0.64922,0.72917,0.69922,0.64028,0.68281,0.69583,0.67188,0.73611,0.66797,0.75000,0.71484,0.66250,0.70469,0.70833,0.69531,0.73889,0.69063,0.75139,0.60628,0.82090,0.9995,0.72955,1.00000,0.9317,0.68085,0.81274,0.9978,0.64829,0.47241,0.68047,0.59167,54.68,0.9943,live,0.4177,0.3326,172.96,520.01
156093.394178,100.0,0.9683,2,2,0,0.69609,0.72639,0.66563,0.74306,0.64062,0.72917,0.62656,0.73750,0.62891,0.75833,0.66406,0.67083,0.64453,0.69306,0.63359,0.74306,0.63047,0.77222,0.69219,0.69167,0.66484,0.71806,0.65391,0.77083,0.65234,0.79028,0.71328,0.71944,0.68906,0.75000,0.67500,0.79722,0.66797,0.80972,0.72734,0.75139,0.70937,0.78194,0.69766,0.81944,0.68984,0.83194,0.61866,0.82551,0.9995,0.74080,1.00000,0.9286,0.69297,0.89568,0.9976,0.65785,0.52321,0.69609,0.72639,56.57,0.9944,live,0.3885,0.2554,127.28,498.34
156093.460913,100.0,0.0795,2,1,1,0.68203,0.84306,0.65781,0.81250,0.63672,0.78472,0.62266,0.77778,0.62656,0.77639,0.65469,0.70694,0.63594,0.71528,0.63281,0.76667,0.63672,0.77639,0.68437,0.72083,0.65938,0.74444,0.65078,0.80694,0.65625,0.80556,0.70703,0.75694,0.68125,0.79306,0.66719,0.83889,0.67266,0.83333,0.72266,0.79583,0.69844,0.83194,0.68437,0.85972,0.68828,0.85833,0.62211,0.84058,0.9996,0.73608,1.00000,0.9222,0.69922,0.94216,0.9973,0.66269,0.58718,0.68203,0.84306,90.56,0.9999,live,0.3717,0.2953,148.77,503.74
156093.527770,100.0,0.1909,2,1,1,0.64766,0.90833,0.62187,0.87778,0.60313,0.81944,0.60391,0.78194,0.63125,0.77083,0.65469,0.70972,0.63438,0.72639,0.62969,0.78333,0.63594,0.78750,0.68437,0.72500,0.66016,0.75000,0.64766,0.81667,0.65703,0.80972,0.70703,0.76250,0.68359,0.79583,0.66641,0.84583,0.67344,0.83611,0.72500,0.80972,0.70312,0.83056,0.68828,0.85972,0.69219,0.85833,0.62193,0.84510,0.9996,0.73562,1.00000,0.9149,0.69916,0.95049,0.9968,0.65968,0.65141,0.64766,0.90833,130.12,0.9999,live,0.3717,0.3613,193.99,536.98
156093.594469,100.0,0.3021,2,1,1,0.65469,0.93472,0.62344,0.88889,0.60313,0.82222,0.60078,0.77361,0.62969,0.77361,0.65703,0.71111,0.63594,0.72083,0.62813,0.78056,0.63438,0.78750,0.68750,0.72500,0.66016,0.75278,0.64609,0.81389,0.65391,0.80972,0.70937,0.76111,0.68203,0.79583,0.66563,0.84167,0.67266,0.83333,0.72656,0.80833,0.70234,0.83472,0.68750,0.86250,0.69141,0.85556,0.62162,0.84729,0.9996,0.73531,1.00000,0.9172,0.69807,0.93183,0.9969,0.65868,0.70807,0.65469,0.93472,140.10,0.9997,live,0.3783,0.4084,234.21,573.41
156093.661317,100.0,0.4135,2,1,1,0.65391,0.92778,0.62344,0.88472,0.60078,0.81944,0.59922,0.77361,0.62578,0.77222,0.65469,0.70139,0.63203,0.71667,0.62500,0.77500,0.63281,0.78056,0.68437,0.71528,0.65625,0.74722,0.64375,0.80833,0.65312,0.80278,0.70781,0.75000,0.67891,0.79028,0.66328,0.83750,0.67188,0.82778,0.72734,0.79722,0.70234,0.82778,0.68594,0.85694,0.68828,0.85000,0.62135,0.84346,0.9996,0.74206,1.00000,0.9150,0.69764,0.91992,0.9966,0.65773,0.75201,0.65391,0.92778,142.41,0.9995,live,0.3889,0.4373,265.52,607.14
156093.727911,100.0,0.5245,2,1,1,0.65781,0.88194,0.62578,0.82083,0.60391,0.76111,0.60156,0.71389,0.62344,0.71389,0.65469,0.65139,0.63359,0.65139,0.62656,0.70694,0.63047,0.73056,0.68203,0.66389,0.65703,0.67917,0.64531,0.74028,0.65078,0.75000,0.70391,0.69722,0.68047,0.71667,0.66641,0.76667,0.67109,0.77222,0.72422,0.74028,0.70625,0.74861,0.69063,0.77778,0.69063,0.78333,0.61650,0.83721,0.9996,0.73780,1.00000,0.9127,0.69373,0.86681,0.9967,0.65774,0.77800,0.65781,0.88194,142.12,0.9991,live,0.3991,0.4456,283.70,636.61
156093.794530,100.0,0.6355,2,1,1,0.65859,0.78750,0.63203,0.70833,0.61562,0.64583,0.61328,0.58889,0.62734,0.55556,0.63750,0.62083,0.63203,0.57639,0.62969,0.55833,0.63203,0.54167,0.65625,0.62222,0.65312,0.58056,0.65234,0.58472,0.65703,0.58333,0.67656,0.63056,0.67109,0.59861,0.66953,0.60694,0.67266,0.60694,0.69453,0.64722,0.68906,0.61528,0.68516,0.62083,0.68672,0.62639,0.60085,0.82928,0.9996,0.72882,0.99085,0.9117,0.68359,0.69068,0.9967,0.65791,0.77990,0.65859,0.78750,107.11,0.9443,live,0.3991,0.3837,244.55,637.33
156093.861502,100.0,0.7472,2,1,1,0.65859,0.78750,0.63203,0.70833,0.61562,0.64583,0.61328,0.58889,0.62734,0.55556,0.63750,0.62083,0.63203,0.57639,0.62969,0.55833,0.63203,0.54167,0.65625,0.62222,0.65312,0.58056,0.65234,0.58472,0.65703,0.58333,0.67656,0.63056,0.67109,0.59861,0.66953,0.60694,0.67266,0.60694,0.69453,0.64722,0.68906,0.61528,0.68516,0.62083,0.68672,0.62639,0.59975,0.82240,0.9996,0.72678,0.87149,0.9150,0.67740,0.50806,0.9969,0.65791,0.77990,0.65859,0.78750,107.11,0.5666,hold,0.3991,0.3837,244.55,637.33
156093.927573,100.0,0.8573,2,1,1,0.64219,0.34028,0.61484,0.29722,0.60000,0.24583,0.60313,0.19722,0.62109,0.17083,0.63125,0.20000,0.62813,0.16111,0.62109,0.19444,0.62500,0.21944,0.64844,0.20278,0.64687,0.15833,0.63594,0.20139,0.63906,0.22778,0.66719,0.21250,0.66172,0.17083,0.64922,0.21389,0.65234,0.23889,0.68672,0.22917,0.67734,0.19167,0.66641,0.21944,0.66953,0.24306,0.59789,0.81440,0.9996,0.72038,0.76365,0.9181,0.66770,0.37982,0.9971,0.65477,0.69197,0.64219,0.34028,93.39,0.9905,live,0.3803,0.2947,185.10,628.09
156093.994519,100.0,0.9689,2,1,1,0.63672,0.29722,0.60547,0.23194,0.59766,0.18611,0.60000,0.14167,0.61328,0.11250,0.62344,0.15417,0.62109,0.11667,0.61328,0.14444,0.61484,0.17083,0.63594,0.15417,0.63516,0.11250,0.62578,0.14861,0.62813,0.17778,0.65234,0.15972,0.64844,0.11667,0.63828,0.15417,0.63984,0.18611,0.67109,0.16944,0.66406,0.12778,0.65391,0.15139,0.65469,0.17917,0.59839,0.80246,0.9996,0.71255,0.72111,0.9221,0.65725,0.29922,0.9973,0.65116,0.61302,0.63672,0.29722,92.84,0.9867,live,0.3524,0.2252,139.54,619.57
156094.061545,100.0,0.0806,2,2,0,0.63125,0.25972,0.60156,0.21250,0.59219,0.16944,0.59453,0.12500,0.60703,0.09861,0.61875,0.13750,0.61875,0.10000,0.61094,0.13056,0.61172,0.15972,0.63125,0.14028,0.63203,0.09583,0.62266,0.13472,0.62344,0.16667,0.64609,0.14444,0.64531,0.10000,0.63438,0.13889,0.63516,0.17222,0.66406,0.15417,0.65859,0.11250,0.64844,0.13611,0.64766,0.16528,0.59781,0.79951,0.9996,0.70675,0.68018,0.9268,0.65102,0.28304,0.9974,0.64718,0.54236,0.63125,0.25972,80.38,0.9887,live,0.3403,0.2848,171.77,603.09
156094.128156,100.0,0.1916,2,2,0,0.62813,0.25139,0.60000,0.20972,0.58984,0.17083,0.59141,0.12778,0.60469,0.10139,0.61719,0.14167,0.61562,0.10417,0.60859,0.13194,0.61016,0.15833,0.62969,0.14306,0.62813,0.10000,0.61953,0.13889,0.62031,0.16806,0.64375,0.14583,0.64141,0.10139,0.63125,0.14167,0.63203,0.17361,0.66094,0.15417,0.65547,0.11250,0.64531,0.13611,0.64453,0.16389,0.59765,0.79587,0.9995,0.70244,0.66390,0.9305,0.64612,0.26487,0.9975,0.64337,0.48417,0.62813,0.25139,74.15,0.9930,live,0.3449,0.3661,213.83,584.11
156094.194456,100.0,0.3021,2,2,0,0.62734,0.25556,0.59922,0.22083,0.58828,0.18056,0.59062,0.13750,0.60469,0.11111,0.61797,0.14722,0.61484,0.11250,0.60859,0.14167,0.61016,0.16806,0.62969,0.14861,0.62813,0.10833,0.61953,0.14722,0.62109,0.17778,0.64453,0.15278,0.64062,0.10972,0.63125,0.15139,0.63281,0.18472,0.66172,0.16111,0.65469,0.12222,0.64453,0.14583,0.64453,0.17500,0.59773,0.79517,0.9995,0.70340,0.66870,0.9343,0.64544,0.27509,0.9976,0.64016,0.43845,0.62734,0.25556,73.46,0.9901,live,0.3612,0.4357,246.99,566.91
156094.261719,100.0,0.4142,2,2,0,0.62656,0.27083,0.59922,0.23611,0.58828,0.19444,0.59062,0.15278,0.60391,0.12639,0.61562,0.16111,0.61328,0.12917,0.60703,0.15694,0.61016,0.18194,0.62969,0.16250,0.62734,0.12222,0.61875,0.16111,0.62109,0.19167,0.64531,0.16667,0.64141,0.12639,0.63047,0.16667,0.63203,0.19861,0.66328,0.17639,0.65625,0.13750,0.64531,0.16111,0.64531,0.18889,0.59815,0.79468,0.9995,0.70381,0.69572,0.9379,0.64666,0.29850,0.9978,0.63744,0.40492,0.62656,0.27083,75.74,0.9905,live,0.3844,0.4901,271.25,553.42
156094.327972,100.0,0.5246,2,2,0,0.62656,0.30278,0.60078,0.27500,0.58828,0.22639,0.59062,0.18056,0.60547,0.15556,0.61562,0.18611,0.61250,0.15000,0.60625,0.18611,0.60938,0.21111,0.63125,0.19028,0.62813,0.14861,0.61875,0.19583,0.62344,0.22222,0.64766,0.19722,0.64375,0.15556,0.63203,0.20139,0.63516,0.23056,0.66797,0.20972,0.65938,0.16944,0.64766,0.19722,0.64922,0.22361,0.59685,0.79479,0.9995,0.70927,0.74876,0.9399,0.64681,0.30054,0.9979,0.63527,0.38449,0.62656,0.30278,80.23,0.9948,live,0.4098,0.5253,286.16,544.78
156094.394998,100.0,0.6363,2,2,0,0.62578,0.34861,0.60313,0.33194,0.58828,0.28889,0.58828,0.24583,0.60391,0.22500,0.61484,0.24583,0.61328,0.20556,0.60781,0.24861,0.61094,0.27361,0.63359,0.25000,0.63125,0.20972,0.62187,0.26111,0.62578,0.28194,0.65078,0.26250,0.64687,0.22778,0.63672,0.27500,0.63906,0.29444,0.67031,0.28056,0.66250,0.25000,0.65234,0.28194,0.65312,0.30139,0.59647,0.80214,0.9995,0.71315,0.83858,0.9410,0.64706,0.41053,0.9980,0.63337,0.37732,0.62578,0.34861,74.36,0.9926,live,0.4098,0.4282,228.20,532.94
156094.462026,100.0,0.7480,2,2,0,0.64297,0.57500,0.61094,0.51806,0.59062,0.45556,0.59141,0.40278,0.60781,0.38889,0.62656,0.40278,0.62109,0.35417,0.61406,0.39722,0.61406,0.42917,0.64922,0.41389,0.64531,0.36389,0.63359,0.41528,0.63281,0.44861,0.67031,0.43194,0.66328,0.39028,0.65000,0.43889,0.64844,0.47222,0.69063,0.45972,0.68125,0.42222,0.66875,0.45278,0.66641,0.47917,0.59628,0.81427,0.9995,0.71526,0.93195,0.9398,0.64882,0.54442,0.9981,0.63529,0.41685,0.64297,0.57500,109.18,0.9829,live,0.4098,0.4167,228.20,547.60
156094.527911,100.0,0.8578,2,2,0,0.64844,0.81250,0.61484,0.75833,0.59141,0.69028,0.59453,0.64583,0.61719,0.64444,0.64844,0.59028,0.62656,0.58333,0.61797,0.64028,0.62656,0.65833,0.67656,0.60417,0.65469,0.60556,0.63906,0.66389,0.64531,0.67639,0.69688,0.63333,0.67422,0.64444,0.65781,0.69444,0.66328,0.70556,0.71406,0.67500,0.69609,0.67917,0.68047,0.71250,0.68203,0.72222,0.59981,0.82160,0.9995,0.71696,1.00000,0.9279,0.66505,0.75073,0.9979,0.63792,0.49598,0.64844,0.81250,136.98,0.9965,live,0.3891,0.2950,171.23,580.51
156094.594985,100.0,0.9696,2,2,0,0.65781,0.84444,0.63125,0.83194,0.60469,0.80972,0.59531,0.80000,0.61562,0.80972,0.65312,0.70278,0.63281,0.73194,0.62422,0.79028,0.62656,0.80417,0.68203,0.72500,0.65625,0.76806,0.64375,0.82500,0.64687,0.82917,0.70312,0.76528,0.67812,0.81111,0.66328,0.85694,0.66563,0.85972,0.71797,0.80833,0.69922,0.84583,0.68516,0.87778,0.68359,0.88333,0.61741,0.82175,0.9995,0.73476,1.00000,0.9226,0.69121,0.92042,0.9976,0.64190,0.56568,0.65781,0.84444,96.85,0.9991,live,0.3615,0.2356,136.76,580.58
156094.661907,100.0,0.0812,2,1,1,0.66250,0.93750,0.63125,0.91667,0.60391,0.88333,0.59922,0.86250,0.62266,0.86667,0.65703,0.76667,0.63438,0.80139,0.62656,0.86250,0.63203,0.87083,0.68750,0.79028,0.66016,0.84028,0.64375,0.90000,0.64922,0.89167,0.70859,0.83194,0.68437,0.88333,0.66641,0.92639,0.66797,0.91806,0.72266,0.87917,0.70469,0.92361,0.68828,0.95000,0.68516,0.94306,0.61371,0.83592,0.9995,0.72245,1.00000,0.9133,0.69587,0.94334,0.9971,0.64602,0.64004,0.66250,0.93750,109.58,0.9998,live,0.3544,0.3219,189.85,589.81
156094.728331,100.0,0.1919,2,1,1,0.64844,0.99444,0.61953,0.95694,0.59688,0.90139,0.59766,0.86528,0.62813,0.86944,0.65469,0.77639,0.63672,0.80139,0.62734,0.85972,0.63125,0.86667,0.68750,0.79722,0.66250,0.83889,0.64453,0.90000,0.65078,0.89167,0.71094,0.83889,0.68516,0.88889,0.66406,0.93056,0.66797,0.91806,0.72813,0.89028,0.70547,0.92778,0.68594,0.95417,0.68281,0.94583,0.61286,0.84116,0.9996,0.72470,1.00000,0.9108,0.69358,0.96805,0.9966,0.64650,0.71092,0.64844,0.99444,139.77,0.9998,live,0.3605,0.3886,240.78,619.67
156094.795157,100.0,0.3033,2,1,1,0.64844,0.98750,0.62187,0.94722,0.60000,0.88889,0.60078,0.84722,0.62969,0.85000,0.65938,0.76389,0.63906,0.78889,0.62891,0.84583,0.63281,0.85278,0.69141,0.78472,0.66484,0.82639,0.64687,0.88333,0.65312,0.87778,0.71484,0.82639,0.68750,0.87361,0.66719,0.91667,0.67109,0.90556,0.73281,0.87639,0.70937,0.91250,0.69063,0.93889,0.68906,0.93056,0.61040,0.84024,0.9996,0.72346,1.00000,0.9059,0.69216,0.94830,0.9959,0.64689,0.76624,0.64844,0.98750,144.03,0.9997,live,0.3734,0.4323,280.56,649.01
156094.861429,100.0,0.4137,2,1,1,0.65000,0.97639,0.62344,0.93333,0.60234,0.87222,0.60234,0.82778,0.63203,0.83194,0.66094,0.74583,0.63984,0.76944,0.63047,0.82917,0.63750,0.83750,0.69375,0.76528,0.66563,0.80139,0.64844,0.86528,0.65547,0.85972,0.71719,0.80556,0.68906,0.85139,0.66953,0.89861,0.67500,0.88750,0.73594,0.85694,0.71094,0.89444,0.69297,0.92361,0.69375,0.91528,0.60961,0.85207,0.9996,0.72335,1.00000,0.9017,0.69495,0.94794,0.9955,0.64751,0.80827,0.65000,0.97639,148.29,0.9998,live,0.3887,0.4585,310.81,677.90
156094.928234,100.0,0.5250,2,1,1,0.65312,0.94444,0.62344,0.89722,0.60234,0.83472,0.60234,0.79167,0.63203,0.78889,0.66016,0.70833,0.63984,0.72500,0.63047,0.78333,0.63594,0.79722,0.69219,0.72639,0.66563,0.75833,0.64922,0.82222,0.65469,0.82500,0.71641,0.76528,0.68906,0.80556,0.67031,0.85417,0.67500,0.85000,0.73516,0.81389,0.71172,0.84583,0.69531,0.87500,0.69688,0.87083,0.61093,0.85266,0.9996,0.73487,1.00000,0.8983,0.69641,0.92691,0.9955,0.64863,0.83550,0.65312,0.94444,149.59,0.9997,live,0.4032,0.4692,330.47,704.26
156094.995276,100.0,0.6368,2,1,1,0.65469,0.87778,0.62266,0.79861,0.60156,0.72917,0.60234,0.68472,0.62656,0.68611,0.65234,0.64861,0.63203,0.63750,0.62813,0.68750,0.63438,0.70000,0.68047,0.65694,0.65781,0.65694,0.64766,0.71250,0.65469,0.71806,0.70234,0.68472,0.68125,0.69028,0.66797,0.73611,0.67266,0.74028,0.72109,0.72222,0.70312,0.72500,0.68984,0.75556,0.69297,0.75972,0.60387,0.84345,0.9996,0.73492,1.00000,0.8921,0.69203,0.83917,0.9955,0.64984,0.84396,0.65469,0.87778,142.69,0.9961,live,0.4032,0.4264,308.08,722.48
156095.061843,100.0,0.7477,2,1,1,0.65156,0.64722,0.62344,0.59306,0.60625,0.53194,0.61250,0.48611,0.63203,0.47361,0.64531,0.47917,0.63672,0.43889,0.62813,0.48333,0.62969,0.51111,0.66953,0.49306,0.66094,0.45556,0.64844,0.50833,0.65000,0.53333,0.69141,0.51111,0.67969,0.48194,0.66563,0.53194,0.66719,0.55556,0.71250,0.53889,0.70156,0.50833,0.68828,0.53889,0.68828,0.55694,0.59511,0.82202,0.9996,0.72219,0.98847,0.8919,0.67990,0.63396,0.9958,0.65019,0.80461,0.65156,0.64722,110.27,0.9919,live,0.4082,0.4308,308.11,715.18
156095.128552,100.0,0.8589,2,1,1,0.64219,0.46389,0.61562,0.40972,0.59922,0.34861,0.60313,0.29722,0.62344,0.27500,0.63516,0.30556,0.63359,0.25833,0.62344,0.29444,0.62422,0.32500,0.65391,0.31528,0.65156,0.26667,0.63906,0.31389,0.64062,0.34306,0.67344,0.33056,0.66719,0.28750,0.65312,0.33333,0.65469,0.35972,0.69297,0.35417,0.68281,0.31528,0.67109,0.34444,0.67188,0.36667,0.59320,0.82063,0.9995,0.71534,0.86080,0.8929,0.66894,0.47946,0.9958,0.64859,0.73647,0.64219,0.46389,101.64,0.9921,live,0.3861,0.2856,200.64,702.54
156095.195493,100.0,0.9705,2,1,1,0.63281,0.38889,0.60313,0.31111,0.59609,0.26111,0.60156,0.21528,0.61328,0.18194,0.62266,0.23472,0.61953,0.19583,0.61406,0.21111,0.61484,0.22778,0.63516,0.23611,0.63125,0.19028,0.62344,0.21806,0.62734,0.23889,0.65078,0.24028,0.64375,0.19861,0.63594,0.22778,0.63906,0.24861,0.66875,0.25278,0.66016,0.21111,0.65156,0.23056,0.65391,0.25139,0.59356,0.81308,0.9995,0.71366,0.77082,0.8986,0.65900,0.37159,0.9960,0.64543,0.66695,0.63281,0.38889,97.62,0.9841,live,0.3550,0.2134,146.95,688.52
156095.262113,100.0,0.0815,2,2,0,0.62266,0.32500,0.59375,0.25972,0.58750,0.21667,0.59062,0.17500,0.60156,0.14583,0.61719,0.18611,0.61484,0.15000,0.60625,0.17222,0.60547,0.20000,0.62656,0.18750,0.62422,0.14306,0.61328,0.17500,0.61406,0.20694,0.64062,0.19028,0.63438,0.14722,0.62344,0.18194,0.62578,0.21528,0.65781,0.19861,0.64844,0.15556,0.63906,0.17778,0.63984,0.20833,0.59448,0.80725,0.9995,0.70538,0.71198,0.9054,0.64338,0.31922,0.9964,0.64088,0.59856,0.62266,0.32500,88.42,0.9840,live,0.3387,0.2645,177.09,669.56
156095.328348,100.0,0.1919,2,2,0,0.61797,0.28750,0.58906,0.24167,0.58047,0.20139,0.58359,0.15972,0.59531,0.13472,0.60938,0.17222,0.60781,0.13750,0.60000,0.16389,0.60000,0.19167,0.61953,0.17222,0.61719,0.13194,0.60781,0.16806,0.60938,0.20000,0.63359,0.17500,0.62891,0.13333,0.61875,0.16944,0.62031,0.20278,0.65000,0.18194,0.64297,0.14028,0.63203,0.16389,0.63203,0.19444,0.59461,0.80119,0.9996,0.70209,0.68550,0.9117,0.63948,0.30322,0.9966,0.63630,0.53635,0.61797,0.28750,76.39,0.9905,live,0.3387,0.3449,222.19,644.21
156095.395288,100.0,0.3035,2,2,0,0.61641,0.27361,0.58828,0.23611,0.57812,0.20139,0.57969,0.16111,0.59141,0.13472,0.60547,0.17083,0.60234,0.13750,0.59531,0.16250,0.59688,0.18750,0.61562,0.16944,0.61328,0.13056,0.60391,0.16528,0.60625,0.19583,0.62969,0.17083,0.62422,0.13194,0.61484,0.16944,0.61719,0.20139,0.64531,0.17639,0.63828,0.13889,0.62891,0.16250,0.62969,0.19028,0.59474,0.80096,0.9996,0.70194,0.67353,0.9169,0.63557,0.29650,0.9968,0.63232,0.48380,0.61641,0.27361,70.16,0.9918,live,0.3537,0.4216,260.32,617.43
156095.461960,100.0,0.4146,2,2,0,0.61562,0.27083,0.58828,0.24028,0.57734,0.20417,0.57891,0.16389,0.59141,0.13750,0.60391,0.17500,0.60078,0.14167,0.59531,0.16667,0.59766,0.19306,0.61562,0.17361,0.61250,0.13333,0.60547,0.16944,0.60781,0.20000,0.62969,0.17500,0.62422,0.13472,0.61641,0.17361,0.61875,0.20694,0.64687,0.17917,0.63828,0.14167,0.62969,0.16528,0.63047,0.19444,0.59552,0.80134,0.9995,0.70163,0.67597,0.9206,0.63297,0.29545,0.9969,0.62898,0.44121,0.61562,0.27083,68.22,0.9905,live,0.3785,0.4916,291.25,592.45
156095.528608,100.0,0.5257,2,2,0,0.61562,0.28194,0.58984,0.25139,0.57969,0.21528,0.58203,0.17500,0.59375,0.14861,0.60781,0.18472,0.60469,0.15278,0.59766,0.17778,0.59922,0.20139,0.61953,0.18472,0.61641,0.14583,0.60781,0.18333,0.61016,0.21250,0.63359,0.18750,0.62891,0.14583,0.61875,0.18472,0.62031,0.21806,0.65000,0.19306,0.64141,0.15694,0.63125,0.17917,0.63203,0.20694,0.59615,0.80154,0.9995,0.70175,0.69593,0.9235,0.63453,0.31081,0.9971,0.62631,0.40935,0.61562,0.28194,68.22,0.9913,live,0.4096,0.5511,314.40,570.48
156095.595464,100.0,0.6371,2,2,0,0.61562,0.31111,0.59141,0.28472,0.58047,0.24167,0.58203,0.20139,0.59531,0.17500,0.60703,0.20417,0.60391,0.16944,0.59844,0.20139,0.60078,0.22500,0.62109,0.20694,0.61875,0.16667,0.60938,0.20833,0.61250,0.23611,0.63750,0.21111,0.63203,0.17222,0.62109,0.21389,0.62422,0.24306,0.65625,0.22222,0.64687,0.18333,0.63594,0.20972,0.63750,0.23611,0.59626,0.80270,0.9995,0.70561,0.74417,0.9273,0.63766,0.32326,0.9973,0.62417,0.38971,0.61562,0.31111,74.97,0.9940,live,0.4332,0.5406,300.58,556.00
156095.662118,100.0,0.7482,2,2,0,0.62187,0.35833,0.59922,0.34167,0.58281,0.30000,0.58281,0.25694,0.59844,0.23333,0.61094,0.25417,0.60703,0.21944,0.60078,0.26111,0.60547,0.28056,0.62813,0.25694,0.62344,0.22083,0.61328,0.26944,0.61875,0.28889,0.64375,0.26528,0.63750,0.23333,0.62656,0.27917,0.63203,0.29861,0.66250,0.28194,0.65312,0.25139,0.64297,0.28333,0.64531,0.30278,0.59607,0.80682,0.9995,0.71385,0.81480,0.9298,0.63915,0.39763,0.9974,0.62371,0.38343,0.62187,0.35833,73.60,0.9955,live,0.4402,0.4724,256.17,542.27
156095.728667,100.0,0.8591,2,2,0,0.64531,0.56944,0.61328,0.51111,0.59297,0.44861,0.59375,0.39167,0.61016,0.36944,0.62500,0.39444,0.61719,0.34306,0.61172,0.39028,0.61484,0.42083,0.64609,0.40278,0.63828,0.35139,0.63047,0.40556,0.63281,0.43333,0.66641,0.41667,0.65625,0.36944,0.64687,0.42222,0.64922,0.45278,0.68672,0.43889,0.67266,0.39861,0.66328,0.43333,0.66641,0.45833,0.59717,0.81354,0.9995,0.72060,0.92955,0.9291,0.64881,0.52543,0.9976,0.62803,0.42063,0.64531,0.56944,110.45,0.9860,live,0.4276,0.3701,206.02,556.72
156095.795827,100.0,0.9710,2,2,0,0.66328,0.77361,0.63047,0.71944,0.60547,0.65556,0.60703,0.60833,0.62891,0.60278,0.65469,0.56250,0.63594,0.54722,0.62891,0.60278,0.63594,0.62361,0.68203,0.57361,0.66328,0.56389,0.65156,0.62361,0.65625,0.63889,0.70391,0.59861,0.68359,0.59722,0.67031,0.65000,0.67422,0.66389,0.72266,0.63611,0.70469,0.63056,0.69297,0.66528,0.69609,0.67639,0.59651,0.81637,0.9995,0.72366,1.00000,0.9259,0.66720,0.70006,0.9976,0.63508,0.49123,0.66328,0.77361,131.27,0.9968,live,0.3988,0.2677,156.44,584.43
156095.862288,100.0,0.0818,2,1,1,0.65938,0.83194,0.63594,0.81389,0.61328,0.77083,0.61094,0.73889,0.63672,0.73611,0.66328,0.65278,0.64453,0.67500,0.63984,0.73750,0.64453,0.74861,0.69219,0.66944,0.66953,0.70278,0.65938,0.76667,0.66484,0.76528,0.71484,0.70556,0.69375,0.73889,0.67969,0.79028,0.68359,0.78611,0.73281,0.74861,0.71562,0.77222,0.70234,0.80556,0.70312,0.80556,0.60294,0.83048,0.9995,0.73981,1.00000,0.9200,0.69439,0.85733,0.9975,0.63994,0.55937,0.65938,0.83194,119.38,0.9990,live,0.3655,0.2139,128.37,600.25
156095.928936,100.0,0.1929,2,1,1,0.66250,0.90972,0.63203,0.87222,0.61016,0.81250,0.60938,0.76528,0.63750,0.76250,0.66328,0.69444,0.64297,0.70417,0.63672,0.76806,0.64375,0.77500,0.69375,0.70694,0.66797,0.73333,0.65469,0.80139,0.66328,0.79583,0.71719,0.74167,0.69063,0.77500,0.67500,0.82778,0.68281,0.82083,0.73516,0.78611,0.71250,0.81389,0.69766,0.84444,0.70234,0.83889,0.60535,0.84462,0.9996,0.73767,1.00000,0.9105,0.69745,0.91151,0.9969,0.64445,0.62944,0.66250,0.90972,137.08,0.9997,live,0.3511,0.2857,179.11,626.92
156095.995417,100.0,0.3037,2,1,1,0.66328,0.92222,0.63047,0.87500,0.60859,0.80556,0.60313,0.75417,0.62969,0.75139,0.66016,0.69583,0.63750,0.69861,0.63125,0.76111,0.63984,0.76806,0.68984,0.70556,0.66172,0.72639,0.65078,0.79306,0.66016,0.78750,0.71328,0.73889,0.68516,0.76806,0.67109,0.81944,0.68047,0.81111,0.73281,0.78333,0.70703,0.80556,0.69453,0.83750,0.70000,0.83194,0.60943,0.84354,0.9996,0.74025,1.00000,0.9087,0.69446,0.89712,0.9966,0.64822,0.68800,0.66328,0.92222,142.23,0.9991,live,0.3511,0.3387,221.52,654.10
156096.062424,100.0,0.4154,2,1,1,0.66484,0.92222,0.62891,0.87361,0.60547,0.80139,0.60391,0.74861,0.63125,0.74306,0.65938,0.68889,0.63516,0.69028,0.63047,0.75278,0.63984,0.75972,0.68828,0.70000,0.65938,0.72083,0.65000,0.78611,0.66094,0.78194,0.71172,0.73333,0.68359,0.75833,0.67109,0.81111,0.68203,0.80417,0.73203,0.77778,0.70781,0.79583,0.69453,0.82778,0.70156,0.82361,0.61274,0.84386,0.9996,0.74662,1.00000,0.9073,0.69596,0.89740,0.9963,0.65154,0.73484,0.66484,0.92222,144.69,0.9991,live,0.3511,0.3759,255.51,679.78
156096.128849,100.0,0.5261,2,1,1,0.66328,0.90972,0.62813,0.86111,0.60625,0.79167,0.60391,0.73889,0.63203,0.73194,0.66016,0.68056,0.63594,0.68056,0.63047,0.74306,0.63906,0.75278,0.68828,0.69167,0.66016,0.70833,0.65000,0.77500,0.66094,0.77361,0.71094,0.72500,0.68516,0.74722,0.67031,0.80139,0.68125,0.79583,0.73047,0.76806,0.70859,0.78333,0.69375,0.81528,0.69844,0.81389,0.61306,0.84737,0.9996,0.75284,1.00000,0.9060,0.69597,0.88615,0.9961,0.65389,0.76982,0.66328,0.90972,142.14,0.9993,live,0.3601,0.4009,280.87,700.55
156096.195798,100.0,0.6377,2,1,1,0.66406,0.87361,0.62969,0.82083,0.60703,0.75417,0.60391,0.70556,0.63047,0.70139,0.65938,0.64583,0.63516,0.64583,0.62969,0.70833,0.63906,0.71944,0.68750,0.65833,0.65938,0.67083,0.64922,0.73750,0.66016,0.73750,0.71094,0.69028,0.68359,0.70694,0.66953,0.76250,0.67969,0.75972,0.73125,0.73056,0.70937,0.74028,0.69453,0.77222,0.70000,0.77361,0.61287,0.83405,0.9996,0.75427,1.00000,0.9052,0.69520,0.86663,0.9962,0.65593,0.79058,0.66406,0.87361,141.64,0.9994,live,0.3695,0.4120,296.03,718.46
156096.262470,100.0,0.7488,2,1,1,0.66328,0.80000,0.62969,0.72361,0.60859,0.65972,0.60625,0.60833,0.62500,0.59583,0.64609,0.60139,0.63438,0.56111,0.63047,0.60000,0.63594,0.61250,0.66875,0.60972,0.65625,0.57639,0.64844,0.62361,0.65391,0.63194,0.68984,0.62500,0.67734,0.60139,0.66719,0.64306,0.67266,0.65139,0.70937,0.65139,0.69922,0.62361,0.68750,0.65139,0.68984,0.66250,0.60570,0.82839,0.9997,0.74455,1.00000,0.9031,0.68990,0.76294,0.9961,0.65740,0.79246,0.66328,0.80000,123.17,0.9808,live,0.3695,0.3750,270.34,720.93
156096.329013,100.0,0.8597,2,1,1,0.66719,0.68472,0.63516,0.60000,0.61875,0.54444,0.61250,0.49306,0.62109,0.45972,0.64219,0.53889,0.63516,0.48472,0.62969,0.45972,0.62734,0.44167,0.65469,0.53750,0.65078,0.48472,0.64766,0.47639,0.64844,0.47083,0.67109,0.53611,0.66641,0.48750,0.66328,0.48750,0.66328,0.49028,0.68672,0.54028,0.68047,0.49722,0.67422,0.49861,0.67266,0.50833,0.59642,0.81483,0.9997,0.73305,0.93967,0.9043,0.67823,0.58846,0.9961,0.65935,0.77091,0.66719,0.68472,95.24,0.9491,live,0.3591,0.3117,219.10,702.99
156096.395916,100.0,0.9712,2,1,1,0.65156,0.50139,0.61719,0.42778,0.60469,0.37778,0.60469,0.32917,0.61406,0.29583,0.62734,0.35972,0.62266,0.31667,0.61875,0.31111,0.61797,0.30556,0.64141,0.35972,0.63750,0.31389,0.63359,0.32500,0.63516,0.32778,0.65859,0.36111,0.65312,0.31944,0.64844,0.33472,0.65000,0.34306,0.67656,0.36806,0.66875,0.32917,0.66406,0.34167,0.66563,0.35139,0.59361,0.81473,0.9997,0.73115,0.85780,0.9097,0.67073,0.45783,0.9964,0.65780,0.71701,0.65156,0.50139,93.48,0.9649,live,0.3389,0.2473,169.65,685.93
156096.462201,100.0,0.0817,2,2,0,0.63750,0.34167,0.60859,0.29861,0.59453,0.25556,0.59766,0.20972,0.61250,0.18194,0.62266,0.21806,0.62109,0.17639,0.61562,0.20278,0.61719,0.23194,0.63906,0.21806,0.63672,0.17500,0.62813,0.21111,0.63047,0.24306,0.65625,0.22222,0.65078,0.18194,0.64062,0.21944,0.64297,0.25278,0.67578,0.23333,0.66719,0.19306,0.65625,0.21944,0.65781,0.24722,0.59417,0.80795,0.9997,0.72554,0.77108,0.9131,0.66260,0.37566,0.9964,0.65374,0.64194,0.63750,0.34167,85.26,0.9876,live,0.3239,0.2551,169.65,665.01
156096.529313,100.0,0.1935,2,2,0,0.63125,0.30278,0.60000,0.25833,0.58906,0.21944,0.59141,0.17778,0.60391,0.15139,0.61562,0.18472,0.61250,0.15278,0.60625,0.17917,0.60781,0.20556,0.62891,0.18472,0.62578,0.14583,0.61797,0.18194,0.62031,0.21250,0.64453,0.18611,0.63906,0.14444,0.63047,0.18333,0.63281,0.21667,0.66328,0.19167,0.65469,0.15139,0.64531,0.17639,0.64609,0.20694,0.59596,0.80197,0.9997,0.72024,0.70607,0.9181,0.64830,0.32965,0.9966,0.64924,0.57411,0.63125,0.30278,80.87,0.9877,live,0.3097,0.2453,157.86,643.43
156096.595677,100.0,0.3041,2,2,0,0.62422,0.27917,0.59453,0.24722,0.58281,0.21111,0.58359,0.16944,0.59609,0.14306,0.60938,0.17639,0.60625,0.14306,0.60000,0.16806,0.60156,0.19306,0.62187,0.17500,0.61875,0.13611,0.61094,0.17222,0.61406,0.20278,0.63594,0.17639,0.63125,0.13472,0.62266,0.17361,0.62578,0.20694,0.65391,0.18056,0.64609,0.14167,0.63672,0.16667,0.63750,0.19444,0.59620,0.80183,0.9997,0.71556,0.68297,0.9230,0.64187,0.31534,0.9968,0.64424,0.51512,0.62422,0.27917,72.27,0.9926,live,0.3097,0.3245,200.62,618.25
156096.663064,100.0,0.4164,2,2,0,0.62187,0.27361,0.59219,0.24583,0.57891,0.21250,0.57891,0.16944,0.59219,0.14444,0.60703,0.18056,0.60313,0.14722,0.59766,0.16944,0.60000,0.19444,0.61875,0.17778,0.61406,0.13611,0.60703,0.17222,0.61094,0.20278,0.63359,0.17778,0.62656,0.13472,0.61875,0.17361,0.62187,0.20833,0.65078,0.18056,0.64219,0.14306,0.63359,0.16528,0.63438,0.19583,0.59639,0.80199,0.9997,0.71272,0.67877,0.9272,0.63825,0.31113,0.9969,0.63976,0.46682,0.62187,0.27361,67.82,0.9927,live,0.3256,0.3977,235.80,592.89
156096.728966,100.0,0.5263,2,2,0,0.62031,0.28056,0.59219,0.25278,0.58047,0.21806,0.58125,0.17778,0.59297,0.15139,0.60859,0.18472,0.60391,0.15278,0.59766,0.17778,0.60000,0.20139,0.62031,0.18333,0.61562,0.14583,0.60859,0.18056,0.61172,0.21111,0.63516,0.18333,0.62891,0.14444,0.62031,0.18333,0.62344,0.21667,0.65234,0.18889,0.64375,0.15278,0.63359,0.17639,0.63516,0.20417,0.59676,0.80208,0.9997,0.71279,0.70032,0.9316,0.64045,0.32302,0.9971,0.63587,0.42957,0.62031,0.28056,68.60,0.9906,live,0.3498,0.4605,263.01,571.14
156096.796062,100.0,0.6381,2,2,0,0.62266,0.30139,0.59453,0.27500,0.58125,0.23611,0.58125,0.19306,0.59531,0.16806,0.60781,0.20139,0.60391,0.16806,0.59922,0.19722,0.60234,0.22222,0.62109,0.20000,0.61797,0.16111,0.61094,0.20000,0.61484,0.23056,0.63672,0.20139,0.63203,0.16111,0.62266,0.20139,0.62656,0.23611,0.65625,0.20833,0.64766,0.17222,0.63750,0.19722,0.63828,0.22500,0.59119,0.80215,0.9997,0.70921,0.71641,0.9348,0.64111,0.34207,0.9972,0.63323,0.40393,0.62266,0.30139,72.33,0.9909,live,0.3783,0.5079,281.73,554.68
156096.862632,100.0,0.7490,2,2,0,0.62187,0.34028,0.59766,0.32361,0.58516,0.27500,0.58516,0.23056,0.60000,0.20417,0.60938,0.23194,0.60703,0.19722,0.60156,0.23611,0.60547,0.25833,0.62500,0.23194,0.62266,0.19306,0.61406,0.24167,0.61875,0.26528,0.64219,0.23889,0.63750,0.20000,0.62656,0.24722,0.63047,0.27222,0.66172,0.25139,0.65312,0.21667,0.64297,0.24722,0.64531,0.26944,0.59200,0.80383,0.9997,0.71057,0.77053,0.9358,0.64298,0.37505,0.9974,0.63096,0.39120,0.62187,0.34028,77.00,0.9949,live,0.4015,0.5074,275.80,543.56
156096.929055,100.0,0.8598,2,2,0,0.63984,0.35139,0.61875,0.34722,0.59844,0.33333,0.58672,0.31667,0.59297,0.30694,0.61797,0.29444,0.61094,0.28472,0.60547,0.32639,0.60938,0.34444,0.63438,0.30278,0.62500,0.28750,0.61797,0.33194,0.62266,0.35139,0.65000,0.31250,0.63984,0.29722,0.63281,0.34306,0.63750,0.35972,0.66484,0.32639,0.65547,0.32083,0.64844,0.35278,0.65078,0.36667,0.59339,0.81079,0.9997,0.71576,0.87742,0.9370,0.64715,0.48434,0.9975,0.63274,0.38324,0.63984,0.35139,46.58,0.9942,live,0.4146,0.4743,242.76,511.87
156096.996138,100.0,0.9716,2,2,0,0.64375,0.65972,0.61406,0.60556,0.59375,0.54583,0.58984,0.49444,0.60547,0.47500,0.62969,0.49028,0.61953,0.44167,0.61250,0.48611,0.61641,0.51806,0.65000,0.49861,0.63984,0.45417,0.62969,0.50694,0.63359,0.53750,0.67109,0.51250,0.65625,0.47778,0.64609,0.52778,0.65078,0.55556,0.69219,0.53750,0.67578,0.50417,0.66563,0.53889,0.66953,0.56111,0.59362,0.81746,0.9997,0.72440,0.99153,0.9329,0.65114,0.62949,0.9975,0.63494,0.43853,0.64375,0.65972,108.54,0.9886,live,0.4042,0.3567,188.53,528.59
156097.064487,100.0,0.0855,2,1,1,0.65938,0.87222,0.62422,0.80833,0.60078,0.73750,0.60000,0.68750,0.62187,0.68194,0.65859,0.63611,0.62891,0.62361,0.62187,0.68472,0.63359,0.70556,0.68359,0.65000,0.65000,0.65694,0.63984,0.71944,0.65078,0.73194,0.70312,0.68194,0.67266,0.68889,0.65859,0.74444,0.66797,0.75833,0.71953,0.72778,0.69531,0.72083,0.68047,0.75556,0.68516,0.76806,0.59837,0.81700,0.9997,0.74456,1.00000,0.9259,0.67222,0.82135,0.9972,0.63983,0.52527,0.65938,0.87222,141.14,0.9970,live,0.3757,0.2460,139.40,566.78
156097.129220,100.0,0.1934,2,1,1,0.65391,0.93472,0.62656,0.89583,0.60547,0.84028,0.60156,0.79861,0.62734,0.80556,0.66328,0.72778,0.63828,0.74444,0.63047,0.80417,0.63828,0.81667,0.69063,0.75139,0.66172,0.77639,0.64922,0.83889,0.65859,0.84028,0.71172,0.79306,0.68281,0.82222,0.66797,0.87083,0.67656,0.86806,0.72813,0.84167,0.70469,0.85556,0.68906,0.88750,0.69375,0.89028,0.61420,0.81743,0.9997,0.74265,1.00000,0.9200,0.69199,0.94655,0.9963,0.64264,0.60716,0.65391,0.93472,130.63,0.9988,live,0.3576,0.2748,162.91,592.82
156097.196260,100.0,0.3051,2,1,1,0.65859,0.99167,0.62891,0.94722,0.60781,0.88750,0.60391,0.84167,0.63125,0.84583,0.66406,0.77639,0.63906,0.78750,0.63125,0.84444,0.63906,0.85278,0.69375,0.79306,0.66250,0.82083,0.65078,0.87917,0.66094,0.87639,0.71641,0.83194,0.68437,0.86806,0.66953,0.91389,0.67891,0.90694,0.73281,0.87917,0.70547,0.90694,0.68984,0.93472,0.69453,0.92917,0.61324,0.82590,0.9997,0.71345,1.00000,0.9074,0.69313,0.96322,0.9954,0.64583,0.68406,0.65859,0.99167,136.22,0.9996,live,0.3576,0.3508,217.43,619.76
156097.262838,100.0,0.4161,2,1,1,0.65703,0.98472,0.62891,0.93750,0.60859,0.87778,0.60625,0.83333,0.63281,0.83611,0.66641,0.76528,0.64062,0.78056,0.63281,0.83611,0.64062,0.84444,0.69531,0.78472,0.66484,0.81389,0.65234,0.87222,0.66094,0.86944,0.71641,0.82361,0.68594,0.85833,0.67109,0.90417,0.67969,0.89861,0.73438,0.87083,0.70859,0.89583,0.69375,0.92500,0.69609,0.92222,0.61709,0.82782,0.9997,0.70811,1.00000,0.8975,0.69142,0.97143,0.9950,0.64807,0.74419,0.65703,0.98472,138.66,0.9993,live,0.3660,0.4042,260.81,645.23
156097.329642,100.0,0.5274,2,1,1,0.66328,0.96528,0.63047,0.91389,0.60938,0.84861,0.60469,0.79861,0.63359,0.80000,0.66797,0.73889,0.64141,0.74444,0.63359,0.80417,0.64297,0.81667,0.69688,0.75556,0.66484,0.77778,0.65156,0.83889,0.66172,0.84028,0.71797,0.79167,0.68594,0.82222,0.67031,0.86944,0.68047,0.86528,0.73594,0.83750,0.70859,0.85833,0.69297,0.88889,0.69844,0.88611,0.61888,0.83059,0.9997,0.71062,1.00000,0.8927,0.69531,0.96941,0.9947,0.65111,0.78841,0.66328,0.96528,140.81,0.9994,live,0.3789,0.4376,292.86,669.18
156097.396107,100.0,0.6382,2,1,1,0.66719,0.93194,0.63281,0.87500,0.61172,0.80833,0.60781,0.75833,0.63203,0.75972,0.66484,0.69722,0.64062,0.70139,0.63359,0.76389,0.64219,0.77500,0.69297,0.71250,0.66328,0.73472,0.65234,0.79583,0.66250,0.79583,0.71562,0.74861,0.68594,0.77361,0.67109,0.82361,0.68125,0.82083,0.73516,0.79444,0.71094,0.80833,0.69609,0.83750,0.70156,0.83750,0.61866,0.83450,0.9997,0.74148,1.00000,0.8893,0.69608,0.92968,0.9943,0.65433,0.81712,0.66719,0.93194,144.06,0.9993,live,0.3922,0.4531,313.82,692.60
156097.463562,100.0,0.7506,2,1,1,0.66875,0.87361,0.63125,0.79861,0.60938,0.73472,0.60391,0.68611,0.62500,0.67917,0.66094,0.64583,0.63359,0.63611,0.62969,0.68611,0.63984,0.69583,0.68594,0.65417,0.65703,0.65694,0.64844,0.71111,0.66016,0.71389,0.70781,0.68194,0.68047,0.68472,0.66797,0.73333,0.67734,0.73889,0.72578,0.72083,0.70469,0.71528,0.68984,0.74583,0.69453,0.75417,0.61561,0.81752,0.9997,0.75318,1.00000,0.8886,0.69578,0.85168,0.9945,0.65721,0.82842,0.66875,0.87361,138.72,0.9968,live,0.4033,0.4540,322.06,709.37
156097.529695,100.0,0.8608,2,1,1,0.66406,0.77083,0.63438,0.69306,0.61719,0.63333,0.61328,0.57778,0.62656,0.54583,0.64375,0.60139,0.63750,0.55833,0.63438,0.55556,0.63594,0.55000,0.66016,0.60278,0.65391,0.56111,0.65000,0.57222,0.65234,0.57778,0.67812,0.61111,0.67031,0.57639,0.66641,0.59167,0.66953,0.60000,0.69609,0.62639,0.68828,0.59028,0.68359,0.60278,0.68516,0.61389,0.60272,0.81233,0.9997,0.74503,0.99101,0.8915,0.68397,0.68421,0.9947,0.65858,0.81690,0.66406,0.77083,106.75,0.9546,live,0.4033,0.4027,282.34,701.10
156097.596492,100.0,0.9721,2,1,1,0.65625,0.51528,0.62500,0.46250,0.60469,0.40556,0.60625,0.35278,0.62500,0.33194,0.63906,0.35833,0.63359,0.31111,0.62734,0.35139,0.62891,0.38056,0.65938,0.36528,0.65312,0.31806,0.64531,0.36667,0.64687,0.39583,0.68047,0.37778,0.67031,0.33472,0.66172,0.38194,0.66406,0.41111,0.70078,0.40000,0.68750,0.36250,0.67969,0.39306,0.68203,0.41667,0.59466,0.81101,0.9997,0.73119,0.88750,0.8952,0.68032,0.53253,0.9950,0.65812,0.75658,0.65625,0.51528,102.10,0.9899,live,0.3880,0.3180,219.58,690.48
156097.663294,100.0,0.0835,2,2,0,0.64531,0.43056,0.61250,0.35972,0.60156,0.30556,0.60156,0.25694,0.61250,0.22639,0.62187,0.28750,0.61797,0.24167,0.61484,0.24722,0.61562,0.25139,0.63516,0.28611,0.63203,0.24028,0.62969,0.25556,0.63281,0.26528,0.65234,0.28889,0.64844,0.24583,0.64453,0.26389,0.64687,0.27778,0.67109,0.29722,0.66406,0.25694,0.65938,0.27083,0.66094,0.28333,0.59347,0.81006,0.9997,0.72605,0.78326,0.8990,0.66608,0.40150,0.9952,0.65556,0.69137,0.64531,0.43056,94.25,0.9702,live,0.3767,0.3251,219.58,675.48
156097.729786,100.0,0.1943,2,2,0,0.63438,0.35278,0.60313,0.28889,0.59453,0.24306,0.59453,0.19861,0.60313,0.16944,0.61953,0.21944,0.61719,0.17917,0.60859,0.18611,0.60703,0.19861,0.62969,0.21944,0.62656,0.17639,0.61797,0.19306,0.61797,0.21250,0.64375,0.22222,0.63750,0.17917,0.62969,0.20000,0.62969,0.22222,0.65938,0.22778,0.65234,0.18611,0.64453,0.19861,0.64375,0.21806,0.59304,0.79516,0.9997,0.71485,0.70236,0.9047,0.64812,0.34232,0.9954,0.65132,0.62365,0.63438,0.35278,85.23,0.9744,live,0.3496,0.2262,148.33,655.79
156097.796301,100.0,0.3052,2,2,0,0.62656,0.30556,0.59531,0.25000,0.58594,0.20972,0.58750,0.16806,0.59922,0.14167,0.61250,0.17917,0.60938,0.14306,0.60313,0.16944,0.60391,0.19583,0.62344,0.17917,0.62031,0.13889,0.61250,0.17361,0.61406,0.20417,0.63828,0.18194,0.63203,0.13889,0.62422,0.17500,0.62578,0.20833,0.65547,0.18750,0.64766,0.14583,0.63828,0.16944,0.63906,0.19861,0.59349,0.79156,0.9997,0.71128,0.67352,0.9097,0.63940,0.31529,0.9955,0.64637,0.56003,0.62656,0.30556,82.97,0.9862,live,0.3414,0.3044,193.87,636.83
156097.863241,100.0,0.4167,2,2,0,0.62578,0.28056,0.59531,0.24306,0.58437,0.20556,0.58594,0.16389,0.59766,0.13750,0.61172,0.17361,0.60859,0.13889,0.60234,0.16667,0.60234,0.19444,0.62266,0.17222,0.62031,0.13333,0.61172,0.16806,0.61406,0.20000,0.63750,0.17361,0.63203,0.13333,0.62344,0.17083,0.62578,0.20278,0.65391,0.17917,0.64531,0.14028,0.63750,0.16528,0.63828,0.19306,0.59394,0.79220,0.9997,0.70859,0.68594,0.9141,0.64034,0.30856,0.9958,0.64225,0.50414,0.62578,0.28056,73.18,0.9913,live,0.3488,0.3823,234.41,613.10
156097.929687,100.0,0.5275,2,2,0,0.62422,0.27361,0.59609,0.24167,0.58516,0.20694,0.58594,0.16667,0.59766,0.14167,0.61250,0.17778,0.60938,0.14306,0.60313,0.16944,0.60547,0.19583,0.62422,0.17778,0.62031,0.13750,0.61328,0.17361,0.61641,0.20417,0.63828,0.17778,0.63281,0.13611,0.62422,0.17500,0.62734,0.20694,0.65547,0.18194,0.64687,0.14306,0.63828,0.16528,0.63906,0.19444,0.59410,0.79250,0.9997,0.70745,0.67435,0.9178,0.64168,0.31494,0.9956,0.63864,0.45803,0.62422,0.27361,67.97,0.9919,live,0.3680,0.4552,267.90,588.47
156097.996628,100.0,0.6390,2,2,0,0.62500,0.28056,0.59766,0.25139,0.58672,0.21528,0.58906,0.17500,0.60078,0.15000,0.61562,0.18333,0.61172,0.15139,0.60469,0.17639,0.60625,0.20000,0.62734,0.18333,0.62344,0.14583,0.61484,0.18194,0.61797,0.21111,0.64141,0.18472,0.63594,0.14583,0.62656,0.18472,0.62891,0.21806,0.65859,0.19028,0.65000,0.15417,0.63984,0.17639,0.64062,0.20556,0.59431,0.79240,0.9997,0.70798,0.69360,0.9217,0.64253,0.32082,0.9958,0.63592,0.42254,0.62500,0.28056,68.56,0.9888,live,0.3949,0.5177,293.67,567.22
156098.063321,100.0,0.7502,2,2,0,0.62734,0.30278,0.60078,0.27639,0.58828,0.23194,0.58906,0.18889,0.60391,0.16389,0.61484,0.19722,0.61250,0.16528,0.60703,0.19722,0.61016,0.22222,0.62891,0.19861,0.62656,0.15972,0.61875,0.20139,0.62187,0.23056,0.64531,0.20278,0.64062,0.15972,0.63047,0.20278,0.63359,0.23472,0.66406,0.21250,0.65547,0.17361,0.64531,0.20000,0.64687,0.22778,0.59405,0.79748,0.9997,0.70898,0.70396,0.9239,0.64373,0.33756,0.9961,0.63420,0.39859,0.62734,0.30278,74.21,0.9935,live,0.4252,0.5629,311.05,552.58
156098.129635,100.0,0.8607,2,2,0,0.62813,0.34444,0.60469,0.33194,0.58906,0.28194,0.58984,0.23472,0.60391,0.20833,0.61406,0.23194,0.61328,0.19306,0.60781,0.23333,0.61016,0.25694,0.63203,0.23611,0.62969,0.19444,0.62031,0.24444,0.62422,0.26667,0.65000,0.24583,0.64609,0.20694,0.63516,0.25417,0.63750,0.27639,0.66953,0.26389,0.66172,0.22917,0.65078,0.26111,0.65312,0.28194,0.59476,0.80276,0.9997,0.71068,0.78362,0.9241,0.64871,0.38494,0.9964,0.63299,0.38776,0.62813,0.34444,78.58,0.9947,live,0.4517,0.5724,310.72,542.86
156098.196534,100.0,0.9722,2,2,0,0.64219,0.53056,0.61094,0.47500,0.59062,0.41528,0.58906,0.36250,0.60547,0.33889,0.62500,0.35278,0.61562,0.30556,0.60781,0.35139,0.61094,0.38194,0.64531,0.36111,0.63516,0.31389,0.62500,0.37083,0.62891,0.39722,0.66641,0.37639,0.65156,0.33750,0.64141,0.39306,0.64609,0.41944,0.68594,0.40000,0.66953,0.36528,0.65859,0.40278,0.66250,0.42500,0.59531,0.81163,0.9997,0.71682,0.89269,0.9254,0.65086,0.49544,0.9966,0.63483,0.41632,0.64219,0.53056,111.61,0.9924,live,0.4415,0.3951,220.50,558.07
156098.263234,100.0,0.0834,2,1,1,0.65469,0.72222,0.62578,0.68750,0.60156,0.63333,0.59531,0.58750,0.61562,0.57917,0.63828,0.53194,0.62344,0.51389,0.61875,0.56944,0.62266,0.59722,0.66641,0.54167,0.65078,0.53333,0.64062,0.59306,0.64062,0.61250,0.68984,0.56528,0.67266,0.56806,0.66172,0.61667,0.66172,0.63472,0.70937,0.59722,0.69453,0.59583,0.68359,0.62639,0.68359,0.64028,0.59581,0.81696,0.9997,0.72257,0.97456,0.9217,0.65846,0.65425,0.9966,0.63880,0.47750,0.65469,0.72222,121.48,0.9986,live,0.4306,0.3811,220.50,578.57
156098.330097,100.0,0.1948,2,1,1,0.67422,0.69306,0.64609,0.69306,0.62109,0.70833,0.60859,0.74167,0.61016,0.77778,0.64844,0.64306,0.63516,0.69306,0.62813,0.75000,0.62734,0.78194,0.67578,0.66111,0.65938,0.72222,0.65078,0.77500,0.64844,0.80139,0.69766,0.68750,0.68203,0.75000,0.67422,0.79306,0.67031,0.81389,0.71406,0.71389,0.70703,0.75833,0.70000,0.78611,0.69688,0.80000,0.60586,0.81897,0.9997,0.75715,1.00000,0.9162,0.68916,0.84502,0.9960,0.64588,0.52061,0.67422,0.69306,55.84,0.9903,live,0.3941,0.2279,125.22,549.34
156098.396967,100.0,0.3063,2,1,1,0.67500,0.79028,0.65156,0.79444,0.63125,0.80694,0.61875,0.83056,0.61484,0.85417,0.65391,0.74167,0.64687,0.78472,0.64062,0.83194,0.63594,0.85972,0.68125,0.75278,0.67188,0.81389,0.66328,0.86389,0.65938,0.89306,0.70234,0.77361,0.69297,0.83333,0.68516,0.87361,0.68047,0.89722,0.71797,0.79583,0.71406,0.83194,0.70937,0.85694,0.70625,0.86944,0.61259,0.82149,0.9997,0.75560,1.00000,0.9102,0.69651,0.94317,0.9950,0.65171,0.57454,0.67500,0.79028,54.58,0.9912,live,0.3702,0.2613,136.60,522.72
156098.463630,100.0,0.4174,2,1,1,0.67656,0.91944,0.65391,0.91111,0.63203,0.89861,0.62422,0.90000,0.63438,0.90972,0.66094,0.78333,0.64922,0.81667,0.64297,0.87917,0.64375,0.89861,0.69063,0.79861,0.67734,0.85139,0.66328,0.91111,0.66172,0.91528,0.71250,0.83333,0.69688,0.89583,0.68047,0.94167,0.67578,0.94444,0.72813,0.87361,0.71406,0.92361,0.70000,0.95417,0.69453,0.95694,0.60026,0.82530,0.9997,0.73263,1.00000,0.9047,0.69624,0.93895,0.9946,0.65668,0.64352,0.67656,0.91944,92.61,1.0000,live,0.3702,0.3544,186.63,526.67
156098.530144,100.0,0.5282,2,1,1,0.66563,0.97222,0.64141,0.95278,0.62031,0.91806,0.61406,0.89583,0.63359,0.89722,0.65703,0.78889,0.64609,0.79722,0.63984,0.86111,0.64141,0.88056,0.69141,0.80000,0.67656,0.83750,0.65938,0.90833,0.66172,0.90694,0.71719,0.83611,0.70000,0.89861,0.67812,0.94444,0.67734,0.93472,0.73750,0.88194,0.72031,0.93333,0.70312,0.95972,0.70156,0.95139,0.59949,0.82358,0.9997,0.72498,0.98145,0.9064,0.69495,0.92826,0.9944,0.65847,0.70926,0.66563,0.97222,124.07,1.0000,live,0.3797,0.4229,233.77,552.80
156098.596875,100.0,0.6394,2,1,1,0.66719,0.96944,0.63984,0.94306,0.61562,0.90000,0.60859,0.86944,0.63203,0.87222,0.65625,0.76250,0.64453,0.77778,0.63750,0.84583,0.63906,0.86250,0.69063,0.77361,0.67266,0.81667,0.65781,0.88194,0.66016,0.88333,0.71719,0.80833,0.69844,0.87361,0.67891,0.91944,0.67969,0.90972,0.73828,0.85417,0.71953,0.91111,0.70391,0.94167,0.70312,0.93056,0.60881,0.82305,0.9997,0.73834,1.00000,0.9034,0.69676,0.92888,0.9938,0.66021,0.76130,0.66719,0.96944,135.25,0.9999,live,0.3950,0.4645,271.20,583.85
156098.663702,100.0,0.7508,2,1,1,0.67109,0.93333,0.63984,0.89583,0.61328,0.84861,0.60703,0.81389,0.63203,0.82083,0.65391,0.71389,0.63906,0.71806,0.63359,0.78472,0.63672,0.81250,0.68672,0.72361,0.66797,0.75278,0.65547,0.82083,0.65781,0.83333,0.71328,0.75556,0.69375,0.80833,0.67812,0.85972,0.67891,0.85833,0.73516,0.80000,0.71797,0.84306,0.70312,0.87639,0.70156,0.87361,0.61266,0.82078,0.9997,0.74167,1.00000,0.8988,0.70052,0.91055,0.9931,0.66239,0.79571,0.67109,0.93333,139.79,0.9996,live,0.4106,0.4819,296.12,614.44
156098.730214,100.0,0.8617,2,1,1,0.66797,0.85556,0.63906,0.79444,0.61484,0.73889,0.60781,0.70139,0.62656,0.69583,0.64687,0.65833,0.63906,0.63472,0.63438,0.67222,0.63438,0.69583,0.67500,0.66528,0.66484,0.65139,0.65625,0.69444,0.65547,0.71111,0.69922,0.68333,0.68828,0.68750,0.67891,0.72222,0.67734,0.73056,0.72031,0.71111,0.71172,0.71667,0.70156,0.74028,0.69922,0.74444,0.60961,0.82009,0.9997,0.74027,1.00000,0.8936,0.69914,0.81703,0.9929,0.66350,0.80768,0.66797,0.85556,126.74,0.9930,live,0.4177,0.4497,284.16,631.95
156098.797086,100.0,0.9731,2,1,1,0.66250,0.65000,0.63359,0.61389,0.60859,0.55556,0.60703,0.50694,0.62734,0.49861,0.64297,0.47639,0.64141,0.42361,0.63438,0.47083,0.63203,0.50694,0.66875,0.49306,0.66484,0.44444,0.65391,0.50417,0.65078,0.53611,0.69219,0.51528,0.68437,0.48056,0.67266,0.53611,0.66875,0.56806,0.71562,0.54444,0.70625,0.51111,0.69375,0.54583,0.68906,0.56944,0.59661,0.81842,0.9997,0.73447,0.95794,0.8951,0.68382,0.63438,0.9933,0.66330,0.77614,0.66250,0.65000,111.96,0.9958,live,0.4103,0.3766,239.82,636.73
156098.863956,100.0,0.0846,2,2,0,0.65547,0.55278,0.62422,0.47778,0.61016,0.41944,0.61016,0.36944,0.62031,0.33472,0.63750,0.39306,0.63594,0.34583,0.63359,0.32361,0.63281,0.30278,0.65547,0.39583,0.65625,0.34444,0.65156,0.35139,0.65078,0.35972,0.67344,0.40417,0.67422,0.35694,0.66797,0.36944,0.66641,0.38194,0.69219,0.41944,0.69219,0.37361,0.68516,0.38333,0.68203,0.39583,0.59554,0.81510,0.9997,0.72701,0.86747,0.8983,0.67415,0.50220,0.9937,0.66174,0.73147,0.65547,0.55278,102.42,0.9495,live,0.3954,0.3279,207.92,634.07
156098.930158,100.0,0.1949,2,2,0,0.64766,0.38056,0.61562,0.34028,0.59844,0.28333,0.59609,0.23056,0.60469,0.19167,0.63672,0.21667,0.63828,0.16111,0.63125,0.15000,0.62734,0.16250,0.65781,0.21806,0.66328,0.15278,0.65156,0.15556,0.64531,0.18333,0.67656,0.22778,0.68203,0.16806,0.66953,0.17500,0.66406,0.20972,0.69609,0.24861,0.70078,0.19444,0.68984,0.19444,0.68203,0.22083,0.59578,0.81574,0.9997,0.72469,0.78136,0.9035,0.66649,0.40081,0.9941,0.65892,0.66129,0.64766,0.38056,107.35,0.9626,live,0.3720,0.2653,168.53,635.27
156098.996937,100.0,0.3062,2,2,0,0.64375,0.33194,0.60859,0.28333,0.59062,0.23056,0.58594,0.18194,0.58516,0.14028,0.62969,0.16389,0.63047,0.11250,0.62891,0.08194,0.62734,0.05278,0.65234,0.16111,0.65703,0.10833,0.65703,0.07361,0.65547,0.04444,0.67031,0.17083,0.67812,0.12222,0.67891,0.08889,0.67656,0.05833,0.68672,0.19028,0.69766,0.15139,0.69922,0.12361,0.69922,0.09722,0.59867,0.81572,0.9997,0.72082,0.72915,0.9088,0.65546,0.33153,0.9945,0.65589,0.59542,0.64375,0.33194,109.28,0.9445,live,0.3526,0.2643,168.53,637.73
156099.063786,100.0,0.4176,2,2,0,0.63828,0.29861,0.60391,0.26250,0.58672,0.20972,0.58281,0.16250,0.57734,0.12639,0.62500,0.14167,0.62266,0.08889,0.62187,0.05833,0.62187,0.03056,0.64609,0.14028,0.65078,0.08194,0.65312,0.04583,0.65469,0.01528,0.66406,0.15000,0.67188,0.09583,0.67500,0.05972,0.67656,0.02778,0.67969,0.16944,0.69141,0.12778,0.69766,0.10139,0.70156,0.07361,0.59844,0.81185,0.9997,0.71293,0.71809,0.9137,0.65292,0.30158,0.9950,0.65237,0.53606,0.63828,0.29861,102.14,0.9231,live,0.3448,0.3089,196.09,634.74
156099.130480,100.0,0.5288,2,2,0,0.63672,0.29583,0.60391,0.26111,0.58672,0.20833,0.58281,0.16250,0.57656,0.13056,0.62187,0.14583,0.61953,0.09167,0.61875,0.06111,0.61875,0.03333,0.64297,0.14306,0.64766,0.08333,0.64922,0.04722,0.65078,0.01806,0.66094,0.15139,0.66797,0.09583,0.67031,0.05833,0.67266,0.02639,0.67734,0.16944,0.68828,0.12917,0.69453,0.10139,0.70000,0.07500,0.59974,0.80800,0.9997,0.71308,0.71426,0.9182,0.64881,0.29488,0.9954,0.64924,0.48801,0.63672,0.29583,99.44,0.9123,live,0.3448,0.3664,230.88,630.17
156099.197194,100.0,0.6400,2,2,0,0.63906,0.30972,0.60547,0.27500,0.58906,0.22222,0.58516,0.17500,0.58047,0.14167,0.62500,0.15972,0.62187,0.10417,0.62031,0.07083,0.61875,0.04167,0.64609,0.15694,0.65078,0.09444,0.65234,0.05417,0.65391,0.02083,0.66406,0.16528,0.67188,0.10694,0.67500,0.06806,0.67734,0.03333,0.68047,0.18472,0.69297,0.14167,0.69922,0.11389,0.70391,0.08472,0.60213,0.80791,0.9997,0.71276,0.71800,0.9226,0.64827,0.29796,0.9957,0.64720,0.45235,0.63906,0.30972,99.39,0.9246,live,0.3565,0.4100,256.68,626.11
156099.263970,100.0,0.7513,2,2,0,0.64531,0.35000,0.60938,0.31389,0.59297,0.25694,0.58984,0.20833,0.58359,0.17222,0.63047,0.19028,0.62813,0.12917,0.62734,0.09028,0.62734,0.05833,0.65312,0.18889,0.65781,0.12083,0.66172,0.07917,0.66406,0.04306,0.67188,0.20000,0.68047,0.13611,0.68516,0.09583,0.68828,0.05972,0.68984,0.22361,0.70234,0.17500,0.70859,0.14306,0.71406,0.11250,0.60185,0.80928,0.9997,0.71368,0.72752,0.9251,0.64965,0.33047,0.9960,0.64682,0.43188,0.64531,0.35000,105.02,0.9331,live,0.3703,0.4332,271.41,626.59
156099.330154,100.0,0.8616,2,2,0,0.65000,0.41806,0.61484,0.39028,0.59766,0.33056,0.59297,0.27917,0.58828,0.23750,0.63594,0.25972,0.63516,0.18889,0.63438,0.15000,0.63359,0.11528,0.66016,0.25694,0.66797,0.18056,0.67109,0.13611,0.67344,0.09861,0.68047,0.27083,0.69063,0.19861,0.69609,0.15556,0.70000,0.11667,0.69844,0.29722,0.71328,0.24583,0.72109,0.21250,0.72734,0.18194,0.60127,0.81029,0.9997,0.71903,0.82337,0.9278,0.65563,0.42568,0.9963,0.64746,0.42912,0.65000,0.41806,105.85,0.9368,live,0.3821,0.4356,273.40,627.61
156099.397045,100.0,0.9731,2,2,0,0.66563,0.40139,0.63672,0.40417,0.61719,0.40417,0.60156,0.39028,0.59219,0.36250,0.64687,0.34861,0.64375,0.30556,0.64219,0.27778,0.64297,0.24861,0.67266,0.34583,0.67969,0.29444,0.68203,0.26250,0.68516,0.22917,0.69375,0.35833,0.70625,0.31806,0.71016,0.29167,0.71250,0.26111,0.71094,0.37778,0.72891,0.36111,0.73828,0.34028,0.74609,0.31528,0.60155,0.82268,0.9996,0.72036,0.93871,0.9282,0.65710,0.54948,0.9966,0.65109,0.42357,0.66563,0.40139,57.76,0.7437,live,0.3905,0.4289,254.72,593.88
156099.464229,100.0,0.0850,2,1,1,0.66641,0.81528,0.62734,0.76667,0.60703,0.69306,0.60156,0.62917,0.59609,0.57500,0.64844,0.61389,0.64766,0.54167,0.64844,0.49583,0.65078,0.45417,0.67734,0.61528,0.68594,0.53472,0.69219,0.48194,0.69766,0.43889,0.70156,0.63472,0.71484,0.55972,0.72344,0.51389,0.72969,0.47222,0.72188,0.66806,0.74219,0.61389,0.75391,0.58056,0.76406,0.54861,0.60683,0.84656,0.9997,0.76039,1.00000,0.9260,0.67952,0.77777,0.9968,0.65415,0.50191,0.66641,0.81528,130.21,0.9770,live,0.3704,0.2788,171.85,616.37
156099.530736,100.0,0.1959,2,1,1,0.66250,0.98472,0.62656,0.93750,0.60703,0.86667,0.59922,0.80972,0.59375,0.76111,0.64844,0.79028,0.65000,0.71944,0.65156,0.67778,0.65469,0.64028,0.67812,0.79583,0.68906,0.71250,0.69609,0.66389,0.70312,0.61944,0.70234,0.82083,0.71719,0.74444,0.72656,0.70278,0.73594,0.66389,0.72266,0.85694,0.74531,0.80417,0.76094,0.77361,0.77500,0.74444,0.60901,0.85317,0.9996,0.72295,1.00000,0.9133,0.69453,0.93856,0.9963,0.65582,0.59847,0.66250,0.98472,126.26,0.9246,live,0.3397,0.1997,126.46,633.31
156099.597524,100.0,0.3072,2,1,1,0.65625,0.99861,0.62344,0.99861,0.60469,0.94028,0.59766,0.88750,0.58984,0.84028,0.64766,0.86111,0.65000,0.79583,0.65156,0.76250,0.65391,0.72778,0.67734,0.86667,0.68906,0.79028,0.69609,0.74722,0.70312,0.70694,0.70234,0.89167,0.71719,0.82083,0.72813,0.78333,0.73828,0.74861,0.72266,0.93056,0.74297,0.87778,0.75938,0.85278,0.77344,0.82778,0.60644,0.85484,0.9997,0.68921,1.00000,0.8981,0.69167,0.98624,0.9957,0.65591,0.67850,0.65625,0.99861,101.18,0.9481,live,0.3311,0.2919,183.92,630.16
156099.663707,100.0,0.4175,2,1,1,0.65703,0.99861,0.62266,0.99861,0.60313,0.94444,0.59609,0.89306,0.58906,0.84444,0.64531,0.86528,0.64766,0.80278,0.65000,0.76806,0.65312,0.73472,0.67500,0.86944,0.68594,0.79722,0.69297,0.75556,0.70156,0.71528,0.70000,0.89444,0.71406,0.82778,0.72422,0.79028,0.73438,0.75417,0.72109,0.93333,0.74062,0.88611,0.75547,0.86111,0.76953,0.83611,0.60634,0.85448,0.9997,0.67498,1.00000,0.8826,0.68585,0.98697,0.9949,0.65613,0.74252,0.65703,0.99861,99.04,0.9558,live,0.3376,0.3674,229.95,625.85
156099.730448,100.0,0.5287,2,1,1,0.65938,0.99861,0.61953,0.97500,0.60000,0.91250,0.59609,0.85972,0.58984,0.81528,0.64219,0.83750,0.64531,0.77778,0.64844,0.74167,0.65234,0.70556,0.67266,0.84306,0.68516,0.77083,0.69219,0.72639,0.69922,0.68472,0.69766,0.86806,0.71172,0.80139,0.72109,0.76111,0.72969,0.72222,0.71875,0.90694,0.73906,0.85833,0.75391,0.83056,0.76797,0.80278,0.60706,0.86201,0.9996,0.67027,1.00000,0.8780,0.67905,0.98775,0.9947,0.65678,0.79374,0.65938,0.99861,110.51,0.9535,live,0.3530,0.4233,266.83,630.31
156099.797440,100.0,0.6404,2,1,1,0.65859,0.98333,0.61875,0.94306,0.59844,0.87778,0.59453,0.82361,0.58906,0.77778,0.64141,0.79861,0.64297,0.73611,0.64453,0.69861,0.64687,0.66389,0.67109,0.80417,0.68203,0.72917,0.68906,0.68333,0.69531,0.64167,0.69609,0.82778,0.70937,0.75833,0.71797,0.71667,0.72656,0.67639,0.71797,0.86667,0.73516,0.81389,0.74844,0.78472,0.76094,0.75556,0.60686,0.86091,0.9997,0.67577,1.00000,0.8704,0.67899,0.96281,0.9946,0.65714,0.83166,0.65859,0.98333,121.91,0.9709,live,0.3719,0.4578,294.12,642.45
156099.863842,100.0,0.7511,2,1,1,0.66484,0.93750,0.62422,0.87778,0.60234,0.80694,0.59609,0.75139,0.59062,0.70694,0.64297,0.73333,0.64297,0.67083,0.64297,0.63056,0.64375,0.59167,0.67344,0.73472,0.68125,0.66667,0.68594,0.61944,0.69141,0.57361,0.69766,0.75417,0.70859,0.69028,0.71641,0.64583,0.72266,0.60278,0.71875,0.79028,0.73516,0.73889,0.74766,0.70694,0.75938,0.67361,0.61048,0.86220,0.9997,0.72901,1.00000,0.8790,0.68358,0.95536,0.9950,0.65868,0.85283,0.66484,0.93750,131.96,0.9795,live,0.3893,0.4686,309.44,660.37
156099.931066,100.0,0.8631,2,1,1,0.66875,0.84028,0.63047,0.76806,0.61094,0.69306,0.60703,0.62917,0.60234,0.57917,0.64531,0.63333,0.64453,0.57222,0.64766,0.53472,0.65078,0.49861,0.67109,0.63611,0.67656,0.57361,0.68125,0.53472,0.68594,0.50000,0.69297,0.64861,0.70156,0.59028,0.70703,0.54583,0.71172,0.50556,0.71406,0.67361,0.72734,0.62083,0.73594,0.58750,0.74531,0.55417,0.61074,0.85684,0.9997,0.73469,1.00000,0.8862,0.68326,0.77967,0.9954,0.66070,0.85032,0.66875,0.84028,131.24,0.9356,live,0.4016,0.4578,309.31,675.62
156099.997283,100.0,0.9735,2,1,1,0.67266,0.67222,0.63750,0.59167,0.61875,0.51944,0.61094,0.45833,0.60703,0.40417,0.64766,0.47083,0.64531,0.40833,0.64453,0.37778,0.64453,0.35000,0.66719,0.47222,0.67188,0.41528,0.67422,0.39306,0.67656,0.37778,0.68672,0.47917,0.69297,0.42222,0.69609,0.38750,0.69922,0.35694,0.70469,0.49306,0.71250,0.43750,0.71797,0.40833,0.72266,0.38056,0.60642,0.84534,0.9997,0.73331,0.94867,0.8905,0.67697,0.59231,0.9956,0.66309,0.81470,0.67266,0.67222,125.69,0.9268,live,0.3958,0.3692,252.92,685.04
156100.064359,100.0,0.0853,2,2,0,0.65859,0.42639,0.62109,0.39028,0.60313,0.33056,0.60078,0.27778,0.59609,0.23611,0.63438,0.26250,0.63203,0.20139,0.63203,0.16389,0.63281,0.13056,0.65859,0.25833,0.66172,0.19167,0.66406,0.14861,0.66719,0.11250,0.67812,0.26806,0.68437,0.20278,0.68750,0.16250,0.68984,0.12639,0.69766,0.28750,0.70625,0.23611,0.71172,0.20417,0.71719,0.17222,0.60635,0.83492,0.9997,0.73098,0.82356,0.8957,0.67575,0.44099,0.9959,0.66219,0.73704,0.65859,0.42639,109.45,0.8959,live,0.3730,0.2690,183.37,681.63
156100.130699,100.0,0.1958,2,2,0,0.64375,0.36667,0.60859,0.30833,0.59375,0.25417,0.59141,0.20556,0.58672,0.16806,0.62109,0.19861,0.61797,0.14583,0.61641,0.11250,0.61641,0.07917,0.64062,0.19167,0.64219,0.13333,0.64297,0.09444,0.64531,0.05833,0.65859,0.19722,0.66172,0.14444,0.66328,0.10556,0.66484,0.06944,0.67656,0.21389,0.68281,0.16806,0.68594,0.13750,0.68906,0.10833,0.60334,0.82475,0.9997,0.72396,0.76865,0.9018,0.66027,0.34980,0.9962,0.65850,0.66296,0.64375,0.36667,110.02,0.9208,live,0.3544,0.2700,183.37,679.05
156100.197798,100.0,0.3077,2,2,0,0.63516,0.31111,0.60000,0.27083,0.58359,0.22222,0.57969,0.17917,0.57812,0.14861,0.60859,0.16667,0.60547,0.11806,0.60469,0.09028,0.60547,0.06250,0.62891,0.16250,0.62969,0.10694,0.63047,0.07500,0.63047,0.04583,0.64531,0.16806,0.64844,0.11806,0.64922,0.08472,0.65000,0.05417,0.66328,0.18194,0.66875,0.14167,0.67188,0.11389,0.67422,0.08611,0.60333,0.80883,0.9997,0.71723,0.70071,0.9074,0.64531,0.31065,0.9965,0.65383,0.59259,0.63516,0.31111,96.82,0.9182,live,0.3413,0.2814,187.74,667.28
156100.264333,100.0,0.4185,2,2,0,0.62734,0.29583,0.59453,0.26389,0.57812,0.21944,0.57578,0.17639,0.57344,0.14722,0.60391,0.16667,0.59922,0.12083,0.59766,0.09306,0.59688,0.06667,0.62266,0.16111,0.62266,0.10833,0.62344,0.07778,0.62422,0.05000,0.63984,0.16528,0.64141,0.11667,0.64141,0.08472,0.64219,0.05556,0.65703,0.17639,0.66172,0.13611,0.66406,0.10833,0.66563,0.08194,0.60336,0.80254,0.9997,0.71481,0.70653,0.9128,0.63738,0.29718,0.9967,0.64854,0.53324,0.62734,0.29583,89.32,0.9138,live,0.3413,0.3543,230.86,651.52
156100.330975,100.0,0.5296,2,2,0,0.62500,0.29306,0.59297,0.26250,0.57812,0.21944,0.57656,0.17778,0.57422,0.14722,0.60469,0.17083,0.60078,0.12361,0.59844,0.09583,0.59766,0.07083,0.62266,0.16528,0.62344,0.11250,0.62344,0.08056,0.62344,0.05278,0.63984,0.16806,0.64141,0.11944,0.64219,0.08611,0.64219,0.05833,0.65625,0.17917,0.66172,0.13889,0.66406,0.11111,0.66484,0.08611,0.60295,0.80239,0.9996,0.71306,0.70200,0.9176,0.63568,0.30232,0.9969,0.64383,0.48520,0.62500,0.29306,85.33,0.9329,live,0.3552,0.4188,265.84,634.77
156100.397772,100.0,0.6409,2,2,0,0.62656,0.31111,0.59375,0.28333,0.57969,0.23611,0.57891,0.19306,0.57734,0.16250,0.60703,0.18750,0.60391,0.13889,0.60078,0.10833,0.60000,0.08056,0.62656,0.18194,0.62656,0.12778,0.62656,0.09306,0.62578,0.06111,0.64375,0.18611,0.64609,0.13333,0.64687,0.09861,0.64687,0.06667,0.66016,0.19722,0.66563,0.15556,0.66797,0.12778,0.66875,0.10139,0.60337,0.80217,0.9996,0.71399,0.72451,0.9200,0.63755,0.31488,0.9971,0.64037,0.45039,0.62656,0.31111,86.60,0.9253,live,0.3757,0.4690,291.21,620.95
156100.464506,100.0,0.7522,2,2,0,0.62813,0.35972,0.59453,0.33472,0.58047,0.28611,0.57812,0.24167,0.57578,0.20694,0.60781,0.22917,0.60469,0.17361,0.60234,0.14028,0.60078,0.11111,0.62813,0.22361,0.62891,0.16111,0.62891,0.12361,0.62891,0.09167,0.64609,0.22917,0.64922,0.16944,0.65000,0.13194,0.65000,0.10000,0.66406,0.24444,0.67031,0.19722,0.67344,0.16667,0.67422,0.13889,0.60313,0.80599,0.9996,0.71862,0.75197,0.9237,0.63856,0.32702,0.9972,0.63792,0.43225,0.62813,0.35972,90.81,0.9165,live,0.3971,0.4948,302.73,611.82
156100.530987,100.0,0.8630,2,2,0,0.62500,0.41667,0.59766,0.40556,0.58047,0.37083,0.57500,0.33333,0.57109,0.29583,0.60625,0.30556,0.60156,0.24861,0.59922,0.21806,0.59766,0.19028,0.62813,0.30000,0.62969,0.23333,0.62891,0.19444,0.62891,0.16111,0.64766,0.30972,0.65156,0.24583,0.65234,0.20833,0.65234,0.17500,0.66641,0.32917,0.67422,0.28472,0.67734,0.25556,0.67891,0.22639,0.60416,0.81066,0.9996,0.72630,0.86120,0.9270,0.63901,0.46216,0.9974,0.63534,0.42914,0.62500,0.41667,82.20,0.9299,live,0.4176,0.5109,305.32,597.59
156100.597363,100.0,0.9736,2,2,0,0.63438,0.65833,0.60234,0.62222,0.58047,0.56528,0.57266,0.51528,0.56641,0.47222,0.61172,0.48611,0.60625,0.42361,0.60234,0.38333,0.59922,0.34583,0.63672,0.48056,0.63828,0.40972,0.63672,0.36250,0.63594,0.32083,0.65859,0.49444,0.66328,0.42639,0.66484,0.38333,0.66484,0.34583,0.67812,0.52083,0.68750,0.47222,0.69297,0.44167,0.69688,0.41250,0.60411,0.82110,0.9995,0.73165,0.95962,0.9235,0.64321,0.61340,0.9974,0.63515,0.47497,0.63438,0.65833,114.43,0.9846,live,0.4089,0.3689,224.38,608.27
156100.664588,100.0,0.0856,2,1,1,0.64453,0.84722,0.60703,0.81250,0.58437,0.75417,0.57812,0.70972,0.57422,0.67222,0.61875,0.66528,0.61641,0.60972,0.61406,0.57778,0.61094,0.54722,0.64766,0.66667,0.65234,0.60000,0.65312,0.56250,0.65312,0.52917,0.67188,0.68611,0.67812,0.62639,0.68047,0.59306,0.68281,0.56250,0.69219,0.71806,0.70234,0.67361,0.70859,0.64861,0.71250,0.62778,0.60955,0.83884,0.9996,0.75989,1.00000,0.9211,0.66094,0.81501,0.9974,0.63702,0.54942,0.64453,0.84722,119.44,0.9857,live,0.3848,0.2752,170.99,621.27
156100.731236,100.0,0.1967,2,1,1,0.64375,0.91111,0.61250,0.89722,0.59141,0.84722,0.58594,0.80556,0.58047,0.76528,0.62344,0.76667,0.62578,0.70972,0.62578,0.69444,0.62422,0.68472,0.65312,0.76944,0.66406,0.70833,0.66563,0.68472,0.66484,0.66806,0.67812,0.79444,0.69141,0.73889,0.69531,0.71389,0.69688,0.69167,0.69844,0.83056,0.71328,0.79444,0.72344,0.78056,0.73047,0.76944,0.62394,0.84587,0.9996,0.74065,1.00000,0.9161,0.68027,0.94996,0.9971,0.63837,0.62176,0.64375,0.91111,101.82,0.9810,live,0.3564,0.2270,140.74,620.03
156100.797955,100.0,0.3079,2,1,1,0.65234,0.97083,0.61641,0.94444,0.59531,0.88889,0.59219,0.84444,0.58672,0.80417,0.63047,0.80556,0.63359,0.75556,0.63359,0.73333,0.63281,0.72222,0.66016,0.80972,0.66953,0.75139,0.67344,0.72639,0.67422,0.71667,0.68437,0.83472,0.69688,0.77778,0.70391,0.75278,0.70703,0.74167,0.70469,0.87222,0.71953,0.83056,0.73047,0.81528,0.73750,0.81389,0.62318,0.85320,0.9995,0.71936,1.00000,0.9107,0.68169,0.97136,0.9970,0.64116,0.69158,0.65234,0.97083,110.68,0.9865,live,0.3469,0.3034,189.73,625.32
156100.864629,100.0,0.4190,2,1,1,0.65000,0.96250,0.61562,0.93333,0.59453,0.87778,0.59219,0.83472,0.58906,0.79306,0.63047,0.79583,0.63516,0.74583,0.63594,0.72222,0.63516,0.71389,0.66016,0.80139,0.67031,0.74583,0.67422,0.71944,0.67500,0.70694,0.68437,0.82500,0.69531,0.77222,0.70234,0.74722,0.70703,0.73194,0.70469,0.86250,0.71953,0.82500,0.72969,0.80972,0.73750,0.79861,0.62280,0.85760,0.9995,0.71710,1.00000,0.9061,0.68091,0.97739,0.9968,0.64293,0.74576,0.65000,0.96250,111.54,0.9879,live,0.3469,0.3619,228.24,630.59
156100.931234,100.0,0.5300,2,1,1,0.65234,0.94583,0.61641,0.91528,0.59453,0.85833,0.59141,0.81389,0.58984,0.77222,0.62891,0.77500,0.63203,0.72500,0.63359,0.70139,0.63359,0.69167,0.65938,0.77778,0.66875,0.72361,0.67266,0.69583,0.67344,0.68056,0.68359,0.80139,0.69453,0.75000,0.69922,0.72361,0.70156,0.70556,0.70391,0.83611,0.71797,0.79861,0.72813,0.78333,0.73438,0.77361,0.62173,0.86065,0.9996,0.72866,1.00000,0.9029,0.68138,0.95212,0.9964,0.64481,0.78578,0.65234,0.94583,114.12,0.9945,live,0.3571,0.4035,257.08,637.09
156100.997985,100.0,0.6413,2,1,1,0.65156,0.92917,0.61484,0.90000,0.59219,0.84306,0.58984,0.79583,0.58750,0.75278,0.62734,0.75972,0.62969,0.71250,0.63125,0.68611,0.63125,0.67083,0.65703,0.76389,0.66563,0.70972,0.66875,0.68056,0.66953,0.65972,0.68203,0.78611,0.69141,0.73472,0.69688,0.70694,0.69922,0.68472,0.70234,0.82083,0.71562,0.78333,0.72500,0.76667,0.73281,0.75417,0.62171,0.86024,0.9996,0.74165,1.00000,0.9023,0.68614,0.94227,0.9964,0.64616,0.81445,0.65156,0.92917,113.05,0.9949,live,0.3707,0.4327,277.79,642.03
156101.064490,100.0,0.7521,2,1,1,0.65078,0.90278,0.61250,0.87361,0.58984,0.81667,0.58516,0.77083,0.58281,0.72917,0.62422,0.73333,0.62578,0.68472,0.62578,0.65972,0.62422,0.64167,0.65312,0.73611,0.66094,0.68194,0.66328,0.65278,0.66406,0.63056,0.67812,0.75694,0.68672,0.70556,0.69141,0.67917,0.69375,0.65556,0.69844,0.79167,0.71094,0.75417,0.72031,0.73750,0.72656,0.72222,0.62187,0.85993,0.9996,0.76557,1.00000,0.9038,0.68519,0.92586,0.9964,0.64709,0.83212,0.65078,0.90278,112.79,0.9919,live,0.3849,0.4496,290.55,646.20
156101.131021,100.0,0.8630,2,1,1,0.65469,0.85556,0.61641,0.80139,0.59219,0.74722,0.58437,0.70278,0.58203,0.66528,0.62344,0.67639,0.62109,0.62778,0.62109,0.59444,0.62187,0.56111,0.65078,0.67222,0.65469,0.61944,0.65859,0.58333,0.66328,0.54722,0.67422,0.68333,0.68047,0.63611,0.68594,0.60417,0.69063,0.57361,0.69453,0.70972,0.70312,0.66944,0.71172,0.64722,0.71953,0.62778,0.62163,0.85739,0.9996,0.76286,1.00000,0.9032,0.68452,0.85060,0.9965,0.64861,0.83681,0.65469,0.85556,119.50,0.9700,live,0.3849,0.3988,261.09,654.69
156101.199645,100.0,0.9774,2,1,1,0.64766,0.67361,0.61562,0.63889,0.59453,0.58333,0.58672,0.53750,0.58203,0.49444,0.62422,0.50694,0.62109,0.44583,0.61875,0.40556,0.61875,0.37083,0.65000,0.50417,0.65391,0.43333,0.65469,0.39028,0.65625,0.35278,0.67188,0.51806,0.67812,0.45000,0.68125,0.41111,0.68281,0.37500,0.69141,0.54583,0.70312,0.50000,0.71016,0.46806,0.71484,0.44028,0.60621,0.83847,0.9996,0.75326,0.99966,0.9049,0.66888,0.66051,0.9967,0.64842,0.80417,0.64766,0.67361,110.97,0.9763,live,0.3725,0.3162,207.45,656.03
156101.265383,100.0,0.0870,2,2,0,0.64844,0.57361,0.61406,0.50417,0.59766,0.44306,0.59375,0.38750,0.59219,0.34028,0.62422,0.40278,0.62031,0.34861,0.62031,0.31806,0.62109,0.29028,0.64297,0.40000,0.64531,0.34722,0.64844,0.31667,0.65156,0.29444,0.66094,0.40417,0.66641,0.35417,0.66953,0.31806,0.67266,0.28750,0.67891,0.41528,0.68516,0.36528,0.68828,0.33611,0.69219,0.30972,0.60309,0.83238,0.9996,0.73932,0.89837,0.9077,0.65821,0.52398,0.9969,0.64842,0.75806,0.64844,0.57361,110.78,0.9150,live,0.3480,0.2365,155.39,657.06
156101.331223,100.0,0.1967,2,2,0,0.64453,0.46250,0.61016,0.39444,0.59688,0.33889,0.59375,0.29028,0.59297,0.25000,0.61953,0.32083,0.61562,0.26944,0.61328,0.24306,0.61172,0.22222,0.63516,0.31944,0.63594,0.26528,0.63516,0.24444,0.63516,0.23194,0.65078,0.31944,0.65391,0.26806,0.65312,0.24306,0.65234,0.22639,0.66875,0.32361,0.67188,0.27361,0.67266,0.25000,0.67266,0.23333,0.60211,0.83161,0.9996,0.72285,0.80772,0.9109,0.65600,0.40994,0.9971,0.64764,0.69894,0.64453,0.46250,94.58,0.8749,live,0.3287,0.2404,155.39,646.32
156101.398228,100.0,0.3084,2,2,0,0.63516,0.34861,0.60000,0.30556,0.58516,0.25139,0.58516,0.20139,0.58437,0.16389,0.61406,0.19722,0.61094,0.14583,0.61016,0.11250,0.61016,0.08056,0.63438,0.19028,0.63594,0.13333,0.63594,0.09583,0.63594,0.06111,0.65078,0.19583,0.65547,0.14306,0.65625,0.10694,0.65625,0.07222,0.66797,0.21111,0.67500,0.16667,0.67734,0.13750,0.67969,0.10833,0.59853,0.82000,0.9996,0.71613,0.75710,0.9142,0.64856,0.34617,0.9973,0.64515,0.62888,0.63516,0.34861,100.89,0.9357,live,0.3116,0.2337,149.88,641.40
156101.464774,100.0,0.4193,2,2,0,0.62969,0.34028,0.59609,0.28750,0.58359,0.23611,0.58203,0.19028,0.57969,0.15556,0.60859,0.19444,0.60703,0.14583,0.60703,0.11250,0.60781,0.08194,0.62734,0.18750,0.62969,0.13611,0.63125,0.10000,0.63203,0.06806,0.64375,0.19028,0.64766,0.14306,0.64766,0.10556,0.64844,0.07222,0.66016,0.20417,0.66563,0.16111,0.66719,0.13056,0.66875,0.10278,0.59893,0.80815,0.9996,0.71274,0.72777,0.9174,0.64436,0.31384,0.9974,0.64205,0.57116,0.62969,0.34028,97.58,0.8751,live,0.3116,0.3016,191.45,634.68
156101.531444,100.0,0.5304,2,2,0,0.62969,0.31528,0.59688,0.28333,0.58203,0.23611,0.58125,0.19028,0.57891,0.15556,0.60781,0.18472,0.60469,0.13611,0.60391,0.10694,0.60313,0.07917,0.62734,0.17778,0.62813,0.12361,0.62734,0.08889,0.62734,0.05833,0.64375,0.18194,0.64687,0.13056,0.64687,0.09583,0.64609,0.06389,0.66016,0.19444,0.66563,0.15278,0.66719,0.12500,0.66797,0.09722,0.59964,0.80848,0.9996,0.71157,0.71859,0.9208,0.64281,0.31204,0.9975,0.63958,0.51998,0.62969,0.31528,89.96,0.9052,live,0.3214,0.3665,228.41,623.29
156101.598446,100.0,0.6421,2,2,0,0.63359,0.32639,0.60000,0.29444,0.58516,0.24583,0.58516,0.20000,0.58359,0.16667,0.61250,0.19583,0.60938,0.14583,0.60703,0.11528,0.60625,0.08750,0.63203,0.19028,0.63281,0.13472,0.63281,0.09861,0.63203,0.06667,0.64922,0.19444,0.65234,0.14167,0.65312,0.10694,0.65312,0.07500,0.66641,0.20833,0.67109,0.16667,0.67344,0.13889,0.67422,0.11111,0.59989,0.80872,0.9996,0.71259,0.72397,0.9250,0.64232,0.32389,0.9977,0.63838,0.48126,0.63359,0.32639,90.05,0.9407,live,0.3388,0.4179,256.32,613.34
156101.665319,100.0,0.7535,2,2,0,0.63906,0.36389,0.60469,0.32778,0.59141,0.27639,0.59062,0.22917,0.59062,0.19167,0.61953,0.22222,0.61797,0.16806,0.61641,0.13472,0.61484,0.10556,0.64062,0.21806,0.64297,0.15972,0.64297,0.12222,0.64219,0.08889,0.65781,0.22500,0.66328,0.16944,0.66406,0.13194,0.66484,0.09861,0.67500,0.24167,0.68281,0.19861,0.68516,0.16944,0.68672,0.14028,0.59993,0.81042,0.9996,0.71652,0.73905,0.9278,0.64681,0.34879,0.9978,0.63852,0.45779,0.63906,0.36389,95.43,0.9624,live,0.3586,0.4490,273.21,608.44
156101.731324,100.0,0.8635,2,2,0,0.64375,0.42639,0.61172,0.40000,0.59688,0.34444,0.59688,0.29583,0.59688,0.25694,0.62813,0.28472,0.62656,0.22222,0.62578,0.18750,0.62500,0.15556,0.65078,0.28056,0.65469,0.21389,0.65547,0.17500,0.65547,0.14167,0.67031,0.29167,0.67656,0.22778,0.67891,0.18889,0.67969,0.15417,0.68828,0.31389,0.69688,0.26806,0.70078,0.23472,0.70312,0.20556,0.60003,0.81067,0.9995,0.71679,0.82831,0.9283,0.65430,0.44886,0.9979,0.63957,0.45151,0.64375,0.42639,97.05,0.9521,live,0.3697,0.4200,254.24,605.30
156101.800619,100.0,0.9790,2,2,0,0.65312,0.60139,0.61953,0.55556,0.60234,0.49028,0.60078,0.43611,0.59844,0.39167,0.63750,0.41806,0.63516,0.35556,0.63359,0.31667,0.63359,0.28194,0.66328,0.41667,0.66875,0.34722,0.67031,0.30556,0.67188,0.26944,0.68437,0.43056,0.69297,0.36667,0.69688,0.32778,0.70000,0.29444,0.70156,0.45694,0.71484,0.41250,0.72109,0.38333,0.72500,0.35694,0.60000,0.82472,0.9995,0.72139,0.93785,0.9290,0.66325,0.56262,0.9980,0.64228,0.48148,0.65312,0.60139,118.72,0.9524,live,0.3697,0.3577,221.09,618.14
156101.865227,100.0,0.0867,2,1,1,0.66172,0.56389,0.63828,0.56528,0.62031,0.56389,0.60469,0.56111,0.59766,0.54583,0.64297,0.51667,0.64531,0.48750,0.64531,0.48056,0.64687,0.46806,0.66797,0.52222,0.67734,0.49167,0.67891,0.47917,0.68125,0.46111,0.68828,0.53750,0.70156,0.51667,0.70547,0.50972,0.70937,0.49861,0.70625,0.56111,0.72578,0.56250,0.73359,0.56111,0.73828,0.55417,0.60079,0.83118,0.9995,0.72864,1.00000,0.9291,0.67570,0.73199,0.9981,0.64617,0.49797,0.66172,0.56389,54.20,0.8017,live,0.3697,0.3792,221.09,582.99
156101.931576,100.0,0.1973,2,1,1,0.66797,0.89028,0.63359,0.85139,0.61172,0.79306,0.60703,0.74722,0.61250,0.70278,0.65000,0.70417,0.65234,0.64306,0.65312,0.61667,0.65391,0.60417,0.68125,0.70833,0.69141,0.64167,0.69609,0.61806,0.69844,0.61111,0.70547,0.73333,0.71953,0.67222,0.72813,0.64722,0.73438,0.63472,0.72500,0.77361,0.74375,0.73333,0.75234,0.71250,0.75859,0.70000,0.60418,0.84888,0.9996,0.73031,1.00000,0.9322,0.68317,0.85672,0.9982,0.65053,0.57643,0.66797,0.89028,121.90,0.9703,live,0.3417,0.2141,128.65,600.80
156101.998720,100.0,0.3092,2,1,1,0.66406,0.92083,0.63047,0.88611,0.61094,0.82917,0.61094,0.78472,0.61562,0.74444,0.65156,0.74167,0.65703,0.68611,0.65938,0.66111,0.66172,0.65278,0.68203,0.74722,0.69297,0.68889,0.70000,0.66389,0.70469,0.66111,0.70625,0.77361,0.72109,0.71667,0.73125,0.69444,0.73828,0.69306,0.72578,0.81389,0.74375,0.77222,0.75625,0.75556,0.76562,0.75694,0.61303,0.86143,0.9996,0.73173,1.00000,0.9336,0.68800,0.91155,0.9982,0.65323,0.64531,0.66406,0.92083,118.93,0.9819,live,0.3215,0.2292,140.83,614.33
156102.065308,100.0,0.4202,2,1,1,0.66406,0.91111,0.62969,0.87917,0.60938,0.82222,0.60859,0.77778,0.61484,0.73750,0.65078,0.73333,0.65547,0.68194,0.65938,0.65556,0.66172,0.64861,0.68125,0.74028,0.69219,0.68194,0.69844,0.65833,0.70234,0.65694,0.70625,0.76667,0.71953,0.70972,0.72969,0.68611,0.73672,0.68333,0.72656,0.80694,0.74141,0.76389,0.75391,0.74861,0.76484,0.74861,0.61269,0.86428,0.9996,0.73209,1.00000,0.9346,0.68980,0.91076,0.9982,0.65540,0.69847,0.66406,0.91111,118.57,0.9912,live,0.3151,0.2862,179.14,625.98
156102.131891,100.0,0.5311,2,1,1,0.66250,0.89167,0.62813,0.85972,0.60781,0.80278,0.60703,0.75694,0.61328,0.71528,0.64922,0.71250,0.65391,0.65972,0.65703,0.63333,0.65859,0.62500,0.67891,0.71944,0.68906,0.66389,0.69531,0.63750,0.69922,0.63056,0.70312,0.74722,0.71484,0.69028,0.72422,0.66528,0.73047,0.65694,0.72188,0.78750,0.73828,0.74722,0.75000,0.72917,0.75938,0.72222,0.61344,0.86527,0.9996,0.73825,1.00000,0.9366,0.68887,0.89851,0.9983,0.65682,0.73711,0.66250,0.89167,117.55,0.9913,live,0.3151,0.3257,206.98,635.49
156102.198474,100.0,0.6421,2,1,1,0.66016,0.87778,0.62500,0.84444,0.60469,0.78611,0.60469,0.74028,0.61016,0.69861,0.64531,0.69722,0.65078,0.64722,0.65312,0.62222,0.65469,0.60833,0.67500,0.70556,0.68437,0.65139,0.68984,0.62639,0.69375,0.61250,0.69922,0.73194,0.71094,0.67917,0.71797,0.65556,0.72422,0.63889,0.71875,0.77222,0.73438,0.73472,0.74531,0.71667,0.75469,0.70278,0.61339,0.86490,0.9996,0.74546,1.00000,0.9341,0.68821,0.87965,0.9983,0.65749,0.76524,0.66016,0.87778,118.00,0.9927,live,0.3219,0.3527,227.19,644.20
156102.265315,100.0,0.7535,2,1,1,0.66016,0.85556,0.62578,0.82500,0.60547,0.77083,0.60313,0.72917,0.60938,0.69306,0.64297,0.67778,0.64766,0.62917,0.64922,0.60278,0.65078,0.58333,0.67188,0.68472,0.68203,0.63194,0.68672,0.60694,0.68906,0.58611,0.69531,0.70972,0.70703,0.65833,0.71562,0.63472,0.72109,0.61389,0.71484,0.74722,0.73047,0.70972,0.74219,0.69306,0.75078,0.67778,0.61335,0.86391,0.9996,0.74612,1.00000,0.9306,0.68801,0.86526,0.9982,0.65802,0.78331,0.66016,0.85556,115.83,0.9916,live,0.3304,0.3694,240.19,650.29
156102.331845,100.0,0.8644,2,1,1,0.66250,0.80139,0.63438,0.75278,0.61328,0.70417,0.60781,0.66111,0.61875,0.62639,0.64531,0.61667,0.64531,0.56528,0.64609,0.53056,0.64922,0.49861,0.67266,0.61667,0.67969,0.56250,0.68594,0.52778,0.69219,0.49444,0.69531,0.63194,0.70547,0.58750,0.71328,0.55694,0.71953,0.52917,0.71328,0.66111,0.72656,0.62361,0.73594,0.60278,0.74453,0.58472,0.61127,0.85314,0.9996,0.74223,1.00000,0.9295,0.68213,0.76843,0.9983,0.65892,0.78692,0.66250,0.80139,120.31,0.9819,live,0.3304,0.3353,220.94,658.88
156102.398576,100.0,0.9756,2,1,1,0.65781,0.61389,0.62891,0.57083,0.61016,0.51667,0.61016,0.47083,0.61875,0.43194,0.64609,0.43056,0.64453,0.37222,0.64375,0.33611,0.64453,0.30556,0.67266,0.43194,0.67891,0.36667,0.68125,0.32917,0.68125,0.29861,0.69375,0.44861,0.70391,0.38889,0.70781,0.35556,0.71016,0.32778,0.71094,0.47917,0.72344,0.43472,0.72969,0.40833,0.73438,0.38333,0.60174,0.83836,0.9996,0.72785,0.96022,0.9299,0.67212,0.59872,0.9983,0.65870,0.75232,0.65781,0.61389,118.44,0.9686,live,0.3304,0.3322,220.94,665.09
156102.465781,100.0,0.0876,2,2,0,0.64922,0.51111,0.61719,0.43333,0.60547,0.37222,0.60781,0.32083,0.61250,0.27361,0.63203,0.33194,0.63203,0.27361,0.63359,0.24306,0.63672,0.21111,0.65234,0.33194,0.65625,0.27500,0.66016,0.24167,0.66328,0.21528,0.67031,0.33750,0.67656,0.28472,0.68047,0.24861,0.68359,0.21806,0.68984,0.35139,0.69844,0.29861,0.70234,0.26944,0.70625,0.24028,0.59779,0.83441,0.9995,0.72093,0.84279,0.9309,0.66578,0.47256,0.9984,0.65680,0.70407,0.64922,0.51111,115.36,0.9098,live,0.3119,0.2273,151.94,668.34
156102.532256,100.0,0.1984,2,2,0,0.63984,0.41528,0.60469,0.34167,0.59531,0.28333,0.59688,0.23333,0.60000,0.19167,0.62031,0.25417,0.62031,0.20000,0.62109,0.16944,0.62187,0.13750,0.63750,0.25139,0.64141,0.19722,0.64297,0.16250,0.64375,0.13333,0.65312,0.25417,0.65938,0.20417,0.66094,0.16806,0.66328,0.13472,0.67031,0.26667,0.67812,0.21667,0.68125,0.18472,0.68516,0.15556,0.59692,0.82789,0.9995,0.71311,0.78792,0.9323,0.65464,0.37559,0.9985,0.65341,0.64632,0.63984,0.41528,103.80,0.9262,live,0.2835,0.1542,102.22,662.88
156102.598208,100.0,0.3083,2,2,0,0.63281,0.34861,0.59766,0.28611,0.58750,0.23611,0.58750,0.18889,0.59297,0.15417,0.61250,0.20417,0.61094,0.15417,0.60938,0.12083,0.60938,0.08750,0.63047,0.19583,0.63203,0.14306,0.63203,0.10417,0.63203,0.06806,0.64609,0.19722,0.64922,0.15000,0.65000,0.11250,0.65000,0.07917,0.66328,0.21111,0.66797,0.16806,0.66953,0.13889,0.67109,0.11111,0.59682,0.81926,0.9995,0.70472,0.72509,0.9350,0.64518,0.32913,0.9985,0.64929,0.58677,0.63281,0.34861,97.21,0.9102,live,0.2723,0.2214,144.63,653.32
156102.665055,100.0,0.4197,2,2,0,0.62813,0.30556,0.59453,0.26389,0.58359,0.21806,0.58437,0.17361,0.58984,0.14306,0.60859,0.18333,0.60703,0.13750,0.60547,0.10972,0.60469,0.08333,0.62734,0.17778,0.62734,0.12639,0.62734,0.09306,0.62578,0.06250,0.64219,0.18194,0.64609,0.13194,0.64609,0.10000,0.64531,0.06944,0.65938,0.19167,0.66406,0.15278,0.66484,0.12639,0.66406,0.10000,0.59626,0.81356,0.9995,0.70067,0.69819,0.9372,0.64103,0.30671,0.9985,0.64506,0.53053,0.62813,0.30556,85.00,0.9050,live,0.2723,0.2915,185.45,636.12
156102.732084,100.0,0.5315,2,2,0,0.62500,0.29722,0.59375,0.25972,0.58203,0.21667,0.58203,0.17361,0.58516,0.14583,0.60703,0.18611,0.60469,0.14028,0.60234,0.11250,0.60156,0.08611,0.62500,0.17917,0.62578,0.12917,0.62578,0.09583,0.62422,0.06528,0.64141,0.18056,0.64375,0.13333,0.64375,0.10139,0.64297,0.07083,0.65781,0.19028,0.66328,0.15139,0.66406,0.12500,0.66328,0.09861,0.59621,0.80656,0.9995,0.69934,0.69099,0.9395,0.63823,0.30228,0.9985,0.64105,0.48387,0.62500,0.29722,80.25,0.8812,live,0.2872,0.3553,219.39,617.57
156102.798960,100.0,0.6429,2,2,0,0.62500,0.30556,0.59375,0.27083,0.58281,0.22639,0.58437,0.18333,0.58828,0.15278,0.61016,0.19167,0.60703,0.14722,0.60469,0.11806,0.60391,0.09167,0.62813,0.18611,0.62891,0.13611,0.62813,0.10278,0.62656,0.07222,0.64531,0.18889,0.64766,0.14028,0.64766,0.10694,0.64687,0.07639,0.66172,0.20000,0.66641,0.16111,0.66719,0.13333,0.66641,0.10833,0.59638,0.80587,0.9995,0.70041,0.71214,0.9414,0.63781,0.30658,0.9985,0.63784,0.44821,0.62500,0.30556,81.47,0.9270,live,0.3089,0.4075,245.36,602.13
156102.865633,100.0,0.7540,2,2,0,0.62969,0.33750,0.59766,0.30278,0.58750,0.25417,0.58984,0.20972,0.59375,0.17778,0.61562,0.21667,0.61328,0.16667,0.61172,0.13472,0.61016,0.10556,0.63438,0.21250,0.63594,0.15833,0.63516,0.12222,0.63359,0.08750,0.65156,0.21667,0.65547,0.16528,0.65625,0.12917,0.65547,0.09722,0.66797,0.22917,0.67422,0.18750,0.67578,0.15972,0.67500,0.13194,0.59446,0.80642,0.9995,0.70701,0.72770,0.9417,0.63798,0.33111,0.9985,0.63621,0.42607,0.62969,0.33750,84.69,0.9148,live,0.3329,0.4425,261.44,590.85
156102.931920,100.0,0.8645,2,2,0,0.63516,0.39306,0.60391,0.37222,0.58906,0.32639,0.58906,0.28056,0.59453,0.24583,0.61797,0.27083,0.61641,0.21667,0.61406,0.18750,0.61250,0.15833,0.63906,0.26806,0.64141,0.20694,0.64062,0.17222,0.63906,0.14028,0.65781,0.27639,0.66328,0.21944,0.66250,0.18333,0.66250,0.15139,0.67578,0.29583,0.68281,0.25139,0.68437,0.22361,0.68437,0.19583,0.59518,0.80824,0.9994,0.70975,0.82012,0.9425,0.64032,0.41936,0.9986,0.63600,0.41946,0.63516,0.39306,86.05,0.9512,live,0.3477,0.4149,241.41,581.90
156102.999206,100.0,0.9767,2,2,0,0.64766,0.59167,0.61562,0.54722,0.59688,0.49028,0.59219,0.44028,0.59766,0.39722,0.62891,0.41250,0.62500,0.35139,0.62109,0.31528,0.61641,0.28333,0.65312,0.40833,0.65547,0.34306,0.65312,0.30278,0.64922,0.26806,0.67344,0.41944,0.67812,0.35972,0.67734,0.32361,0.67266,0.29444,0.69141,0.44167,0.70078,0.39861,0.70156,0.37083,0.69922,0.34583,0.59657,0.82282,0.9994,0.71438,0.93247,0.9413,0.64623,0.55332,0.9986,0.63833,0.45390,0.64766,0.59167,116.94,0.9420,live,0.3477,0.3466,206.64,596.27
156103.065933,100.0,0.0879,2,1,1,0.66953,0.78750,0.63594,0.75972,0.61172,0.71250,0.60234,0.67083,0.61016,0.63194,0.64141,0.60972,0.63672,0.55278,0.63281,0.51806,0.62891,0.49306,0.66953,0.60556,0.67344,0.54306,0.67266,0.50833,0.66953,0.48333,0.69297,0.62222,0.70000,0.56528,0.70078,0.53750,0.69922,0.51389,0.71250,0.65556,0.72422,0.61806,0.72813,0.59722,0.73047,0.57917,0.59944,0.84052,0.9994,0.76042,1.00000,0.9412,0.67749,0.77235,0.9986,0.64457,0.52062,0.66953,0.78750,117.63,0.9790,live,0.3338,0.2705,164.85,609.42
156103.132224,100.0,0.1984,2,1,1,0.66797,0.84167,0.64062,0.83889,0.61641,0.81250,0.60781,0.78472,0.61562,0.75694,0.64687,0.71667,0.64687,0.66111,0.64453,0.65139,0.64141,0.65694,0.67578,0.71667,0.68359,0.65972,0.68281,0.64583,0.67969,0.64861,0.70000,0.74167,0.71172,0.69306,0.71406,0.67778,0.71094,0.67500,0.72188,0.77778,0.73828,0.75000,0.74453,0.73889,0.74375,0.73472,0.60817,0.85040,0.9995,0.75126,1.00000,0.9398,0.68996,0.89704,0.9985,0.64925,0.58483,0.66797,0.84167,93.26,0.9480,live,0.3229,0.2732,164.85,603.43
156103.199269,100.0,0.3101,2,1,1,0.66797,0.93472,0.63672,0.91806,0.61250,0.86944,0.60703,0.83056,0.61953,0.80556,0.64766,0.76944,0.65078,0.71389,0.64844,0.69306,0.64141,0.70000,0.67734,0.77361,0.68984,0.71111,0.68984,0.68889,0.68203,0.70000,0.70156,0.80000,0.71484,0.74583,0.71562,0.72361,0.71016,0.72361,0.72188,0.84167,0.73906,0.80556,0.74453,0.78889,0.74453,0.78333,0.60859,0.85379,0.9995,0.73625,1.00000,0.9294,0.69485,0.94947,0.9981,0.65299,0.65481,0.66797,0.93472,110.73,0.9950,live,0.3151,0.2797,170.84,610.74
156103.265928,100.0,0.4212,2,1,1,0.66797,0.95278,0.63516,0.92361,0.61172,0.87222,0.60469,0.82639,0.61797,0.80694,0.64531,0.76944,0.64687,0.71806,0.64453,0.69306,0.63750,0.70000,0.67578,0.77222,0.68516,0.71389,0.68594,0.68750,0.67969,0.69722,0.70078,0.79861,0.71172,0.74583,0.71250,0.72222,0.70781,0.71806,0.72109,0.84028,0.73594,0.81111,0.74062,0.79444,0.73984,0.78472,0.60916,0.85534,0.9995,0.73946,1.00000,0.9183,0.69909,0.95823,0.9978,0.65599,0.71440,0.66797,0.95278,120.22,0.9975,live,0.3201,0.3428,213.89,624.01
156103.332456,100.0,0.5321,2,1,1,0.66484,0.94028,0.63203,0.91111,0.60859,0.85833,0.60234,0.81528,0.61562,0.79167,0.64297,0.75972,0.64609,0.70694,0.64297,0.68472,0.63750,0.68889,0.67266,0.76250,0.68281,0.70417,0.68281,0.67917,0.67656,0.68611,0.69844,0.78889,0.70859,0.73611,0.71094,0.71111,0.70625,0.70833,0.71953,0.82917,0.73359,0.79583,0.73672,0.77639,0.73359,0.76944,0.61084,0.85493,0.9996,0.74134,1.00000,0.9150,0.70072,0.95816,0.9977,0.65776,0.75958,0.66484,0.94028,119.42,0.9964,live,0.3323,0.3881,246.46,635.12
156103.399118,100.0,0.6432,2,1,1,0.66250,0.92083,0.62969,0.89306,0.60625,0.84167,0.60078,0.79861,0.61250,0.77500,0.63906,0.74306,0.64219,0.68889,0.63828,0.66528,0.63125,0.67083,0.66953,0.74583,0.67812,0.68611,0.67734,0.66111,0.67031,0.66528,0.69531,0.76944,0.70469,0.71667,0.70625,0.69306,0.70156,0.69167,0.71641,0.80972,0.72969,0.77361,0.73359,0.75278,0.73281,0.74444,0.61624,0.85983,0.9996,0.74139,1.00000,0.9169,0.69902,0.94189,0.9978,0.65871,0.79183,0.66250,0.92083,118.36,0.9950,live,0.3479,0.4187,269.67,644.13
156103.465930,100.0,0.7545,2,1,1,0.66406,0.87639,0.62969,0.83472,0.60625,0.78194,0.60000,0.73750,0.60938,0.70278,0.63906,0.68889,0.63672,0.64028,0.63047,0.61667,0.62187,0.60556,0.66719,0.68750,0.67266,0.63333,0.67109,0.60694,0.66484,0.59444,0.69141,0.70556,0.69922,0.65556,0.69844,0.62778,0.69297,0.61250,0.71250,0.73750,0.72422,0.70139,0.72734,0.68056,0.72500,0.66806,0.61656,0.86075,0.9996,0.76047,1.00000,0.9171,0.69825,0.90810,0.9978,0.65978,0.80874,0.66406,0.87639,123.19,0.9941,live,0.3627,0.4301,281.93,655.53
156103.532563,100.0,0.8656,2,1,1,0.66406,0.79306,0.63203,0.72917,0.61016,0.67222,0.60234,0.62083,0.60625,0.57361,0.63359,0.60972,0.62734,0.55417,0.62578,0.52083,0.62578,0.48889,0.65703,0.60833,0.65859,0.55278,0.66094,0.51667,0.66250,0.48611,0.67891,0.61667,0.68281,0.56528,0.68516,0.52639,0.68672,0.48889,0.69922,0.63750,0.70625,0.59444,0.70937,0.56528,0.71172,0.53611,0.60640,0.83860,0.9996,0.74208,1.00000,0.9161,0.68086,0.73663,0.9979,0.66064,0.80560,0.66406,0.79306,119.50,0.9455,live,0.3672,0.3878,257.07,662.90
156103.599092,100.0,0.9765,2,1,1,0.66406,0.64028,0.63047,0.57222,0.61094,0.51528,0.60313,0.46389,0.60469,0.41667,0.63047,0.46806,0.62500,0.41389,0.62266,0.38194,0.62266,0.35278,0.65078,0.46389,0.65156,0.40833,0.65391,0.37778,0.65469,0.35139,0.67188,0.46667,0.67422,0.41528,0.67578,0.37778,0.67578,0.34583,0.69219,0.47778,0.69609,0.42639,0.69844,0.39583,0.70000,0.36528,0.60083,0.83407,0.9996,0.73087,0.92958,0.9181,0.67180,0.57809,0.9980,0.66132,0.77254,0.66406,0.64028,115.27,0.8714,live,0.3672,0.3859,257.17,666.35
156103.666273,100.0,0.0884,2,2,0,0.65781,0.43611,0.62187,0.39861,0.60234,0.34583,0.59844,0.29444,0.60078,0.25139,0.62578,0.27778,0.61875,0.22222,0.61406,0.18889,0.61094,0.15694,0.64922,0.26944,0.64531,0.20694,0.64141,0.16806,0.63828,0.13333,0.66953,0.27500,0.66875,0.21389,0.66641,0.17639,0.66250,0.14306,0.68984,0.29028,0.69219,0.23889,0.69141,0.20972,0.68984,0.18333,0.59923,0.83166,0.9996,0.72887,0.81845,0.9205,0.66675,0.43996,0.9979,0.66062,0.70525,0.65781,0.43611,109.22,0.9174,live,0.3449,0.2435,161.95,665.03
156103.732648,100.0,0.1991,2,2,0,0.65781,0.37222,0.61719,0.30694,0.60156,0.25278,0.59922,0.20278,0.60469,0.15972,0.62266,0.21250,0.61719,0.15833,0.61484,0.12083,0.61328,0.08472,0.64141,0.20417,0.64062,0.14722,0.63984,0.10278,0.63984,0.06389,0.65859,0.20417,0.65859,0.15139,0.65703,0.10972,0.65469,0.07222,0.67812,0.21250,0.68047,0.16389,0.67891,0.13333,0.67656,0.10139,0.59934,0.82223,0.9996,0.71927,0.75597,0.9230,0.66204,0.35870,0.9980,0.66006,0.63865,0.65781,0.37222,108.80,0.8584,live,0.3162,0.1853,122.93,663.56
156103.799336,100.0,0.3102,2,2,0,0.65078,0.31389,0.61094,0.25972,0.59688,0.21111,0.59609,0.16389,0.60078,0.12639,0.61797,0.17083,0.61328,0.12222,0.61016,0.08889,0.60781,0.05833,0.63672,0.16111,0.63594,0.10694,0.63438,0.07083,0.63125,0.03611,0.65312,0.16111,0.65469,0.10972,0.65234,0.07500,0.64844,0.04167,0.67266,0.16944,0.67500,0.12500,0.67266,0.09722,0.66797,0.06806,0.59950,0.81544,0.9996,0.71151,0.69753,0.9271,0.65690,0.30502,0.9981,0.65820,0.57370,0.65078,0.31389,100.10,0.8227,live,0.3057,0.2582,169.37,656.01
156103.866649,100.0,0.4224,2,2,0,0.64453,0.28750,0.60781,0.24583,0.59375,0.20139,0.59297,0.15556,0.59688,0.12083,0.61562,0.16528,0.61016,0.11806,0.60781,0.09028,0.60547,0.06250,0.63359,0.15833,0.63125,0.10556,0.62891,0.07222,0.62578,0.04167,0.64922,0.15833,0.64844,0.10694,0.64609,0.07500,0.64219,0.04444,0.66719,0.16389,0.66797,0.12361,0.66563,0.09722,0.66172,0.06944,0.59927,0.80978,0.9995,0.71021,0.68934,0.9315,0.65196,0.28387,0.9982,0.65547,0.51646,0.64453,0.28750,87.28,0.8839,live,0.3057,0.3290,210.58,640.13
156103.932748,100.0,0.5326,2,2,0,0.64141,0.28750,0.60625,0.25278,0.59219,0.20972,0.59062,0.16528,0.59375,0.13472,0.61484,0.17361,0.60938,0.12917,0.60547,0.10000,0.60313,0.07222,0.63203,0.16389,0.62969,0.11250,0.62656,0.08056,0.62422,0.05139,0.64844,0.16389,0.64766,0.11389,0.64531,0.08056,0.64219,0.05139,0.66641,0.16944,0.66797,0.13056,0.66641,0.10417,0.66250,0.07917,0.60013,0.80645,0.9995,0.71128,0.68143,0.9356,0.65011,0.28139,0.9983,0.65266,0.47067,0.64141,0.28750,83.87,0.8999,live,0.3210,0.3907,243.67,623.70
156103.999630,100.0,0.6440,2,2,0,0.64219,0.30417,0.60703,0.27222,0.59453,0.22639,0.59453,0.18194,0.59688,0.15000,0.61875,0.18750,0.61406,0.14167,0.61016,0.11250,0.60703,0.08472,0.63750,0.17917,0.63516,0.12778,0.63203,0.09444,0.62813,0.06250,0.65391,0.18056,0.65391,0.13056,0.65156,0.09583,0.64922,0.06389,0.67266,0.18889,0.67500,0.14722,0.67266,0.12083,0.66875,0.09444,0.60023,0.80540,0.9995,0.71187,0.71115,0.9387,0.65094,0.30394,0.9984,0.65056,0.43737,0.64219,0.30417,85.03,0.9137,live,0.3422,0.4389,267.74,610.07
156104.065855,100.0,0.7544,2,2,0,0.64766,0.33611,0.61250,0.30556,0.59922,0.25694,0.60000,0.20972,0.60313,0.17500,0.62422,0.21250,0.62031,0.16250,0.61719,0.13194,0.61406,0.10278,0.64453,0.20417,0.64375,0.15000,0.64141,0.11528,0.63672,0.08333,0.66172,0.20694,0.66328,0.15417,0.66094,0.11806,0.65859,0.08750,0.68047,0.21667,0.68359,0.17361,0.68203,0.14583,0.67812,0.12083,0.60034,0.80758,0.9995,0.71340,0.72249,0.9404,0.65392,0.32493,0.9984,0.64998,0.41711,0.64766,0.33611,89.19,0.9435,live,0.3652,0.4697,282.34,601.08
156104.133185,100.0,0.8666,2,2,0,0.65547,0.39028,0.62031,0.36111,0.60547,0.30694,0.60469,0.25694,0.61094,0.22083,0.63203,0.25833,0.62891,0.20139,0.62656,0.16667,0.62266,0.13750,0.65469,0.25000,0.65547,0.18750,0.65312,0.15139,0.64844,0.11944,0.67344,0.25417,0.67656,0.19444,0.67500,0.15833,0.67188,0.12500,0.69297,0.26944,0.69844,0.22222,0.69688,0.19306,0.69297,0.16528,0.60097,0.81328,0.9995,0.72188,0.80861,0.9426,0.65988,0.38528,0.9985,0.65108,0.41175,0.65547,0.39028,94.60,0.9006,live,0.3779,0.4358,260.18,597.07
156104.199835,100.0,0.9777,2,2,0,0.66797,0.44583,0.63516,0.43194,0.61641,0.38750,0.61406,0.34444,0.61797,0.30556,0.64375,0.32500,0.63984,0.26944,0.63750,0.24028,0.63438,0.21389,0.66797,0.31944,0.67109,0.25833,0.66953,0.22500,0.66641,0.19583,0.68984,0.33056,0.69453,0.27083,0.69375,0.23750,0.69141,0.20694,0.71016,0.35139,0.71797,0.31250,0.71953,0.28611,0.71875,0.26111,0.60131,0.82095,0.9995,0.72474,0.89651,0.9413,0.66459,0.49247,0.9985,0.65446,0.41856,0.66797,0.44583,89.32,0.8502,live,0.3779,0.3591,211.76,589.73
156104.266370,100.0,0.0886,2,1,1,0.67812,0.71528,0.64375,0.66528,0.62500,0.59861,0.62344,0.54444,0.63047,0.50278,0.66172,0.51389,0.65938,0.45139,0.65781,0.41528,0.65625,0.38750,0.69063,0.51250,0.69688,0.44028,0.69609,0.40278,0.69219,0.37639,0.71406,0.53194,0.72344,0.46389,0.72422,0.43056,0.72266,0.40694,0.73359,0.56528,0.74453,0.52083,0.74922,0.49583,0.75078,0.47639,0.60121,0.82633,0.9994,0.72299,0.98748,0.9320,0.68330,0.66853,0.9984,0.65919,0.47791,0.67812,0.71528,130.45,0.9473,live,0.3580,0.2674,163.88,612.89
156104.333049,100.0,0.1997,2,1,1,0.67188,0.91111,0.63906,0.87083,0.61719,0.81250,0.61172,0.76667,0.62500,0.72500,0.65469,0.71528,0.65703,0.63889,0.65391,0.62083,0.64766,0.63611,0.68516,0.71806,0.69922,0.63333,0.69688,0.61944,0.68594,0.64306,0.71094,0.74167,0.72656,0.66806,0.72734,0.64583,0.71797,0.65417,0.73125,0.78056,0.75625,0.73472,0.76094,0.71250,0.75547,0.71111,0.60869,0.84233,0.9995,0.73076,1.00000,0.9284,0.69135,0.88224,0.9982,0.66173,0.56455,0.67188,0.91111,128.08,0.9789,live,0.3271,0.1862,117.57,631.55
156104.399461,100.0,0.3104,2,1,1,0.66875,0.97778,0.63516,0.96250,0.60859,0.90972,0.60391,0.86667,0.62500,0.85694,0.64687,0.80694,0.65234,0.73472,0.65156,0.72917,0.64844,0.75972,0.67891,0.81528,0.69609,0.73056,0.69609,0.73750,0.68906,0.78056,0.70703,0.84583,0.72578,0.77361,0.72422,0.78333,0.71328,0.82222,0.73281,0.88611,0.75234,0.83472,0.75156,0.84306,0.74219,0.87222,0.61585,0.84689,0.9995,0.72138,1.00000,0.9162,0.69518,0.99280,0.9978,0.66313,0.64719,0.66875,0.97778,118.25,0.9816,live,0.3160,0.2658,170.36,640.91
156104.466490,100.0,0.4221,2,1,1,0.66172,0.99861,0.62891,0.98333,0.60625,0.93056,0.60234,0.88750,0.62578,0.87222,0.64453,0.83333,0.65078,0.77361,0.65078,0.75278,0.64766,0.76944,0.67578,0.84167,0.69297,0.76944,0.69531,0.75556,0.68906,0.78472,0.70312,0.87083,0.71953,0.80556,0.72422,0.79444,0.71641,0.82222,0.72578,0.91111,0.74844,0.86111,0.75469,0.85278,0.74766,0.87361,0.61552,0.85540,0.9995,0.70482,1.00000,0.9074,0.69355,0.98787,0.9973,0.66285,0.71748,0.66172,0.99861,114.24,0.9885,live,0.3206,0.3416,220.77,646.26
156104.533063,100.0,0.5331,2,1,1,0.66406,0.98333,0.63047,0.95694,0.60703,0.90000,0.60234,0.85556,0.62187,0.84306,0.64531,0.80278,0.64844,0.74583,0.64844,0.72361,0.64609,0.73611,0.67578,0.81250,0.68906,0.74583,0.69219,0.72778,0.68828,0.74444,0.70234,0.84167,0.71719,0.78056,0.72031,0.76806,0.71328,0.78750,0.72500,0.88333,0.74453,0.83472,0.74844,0.82639,0.74141,0.84028,0.61462,0.85448,0.9996,0.70587,1.00000,0.9004,0.69271,0.97987,0.9968,0.66309,0.77065,0.66406,0.98333,119.90,0.9888,live,0.3341,0.3953,258.96,655.03
156104.599668,100.0,0.6441,2,1,1,0.65781,0.95556,0.62500,0.92222,0.60313,0.86250,0.60000,0.81528,0.61953,0.80556,0.64219,0.76250,0.64531,0.71111,0.64531,0.68889,0.64297,0.69583,0.67266,0.77083,0.68359,0.71250,0.68594,0.68889,0.68203,0.69861,0.69844,0.79861,0.71094,0.74583,0.71406,0.72639,0.70937,0.73194,0.72109,0.84167,0.74141,0.80000,0.74766,0.78333,0.74453,0.78333,0.62006,0.85535,0.9996,0.72050,1.00000,0.8979,0.69597,0.95224,0.9965,0.66204,0.80763,0.65781,0.95556,126.50,0.9936,live,0.3509,0.4278,285.53,667.51
156104.666226,100.0,0.7550,2,1,1,0.66250,0.91389,0.62734,0.86944,0.60391,0.80972,0.59844,0.76111,0.61641,0.74167,0.64062,0.71667,0.64297,0.65833,0.63828,0.63611,0.63203,0.63472,0.66953,0.72361,0.67734,0.66667,0.67734,0.63750,0.67344,0.63056,0.69453,0.74861,0.70312,0.69722,0.70703,0.67083,0.70469,0.65833,0.71641,0.78750,0.73125,0.75139,0.73750,0.73056,0.73906,0.71389,0.62002,0.85514,0.9996,0.74031,1.00000,0.8965,0.69550,0.93354,0.9964,0.66213,0.82888,0.66250,0.91389,126.46,0.9925,live,0.3676,0.4433,300.73,678.46
156104.732749,100.0,0.8659,2,1,1,0.66172,0.83194,0.62969,0.75972,0.60781,0.70139,0.60234,0.65000,0.61094,0.60972,0.63984,0.63472,0.63594,0.58472,0.63359,0.55139,0.63203,0.51806,0.66484,0.63611,0.66875,0.58472,0.67188,0.54861,0.67578,0.51250,0.68672,0.65000,0.69219,0.60556,0.69609,0.57222,0.70000,0.53889,0.70547,0.67778,0.71641,0.64028,0.72344,0.61528,0.72891,0.58889,0.60551,0.84673,0.9996,0.73397,1.00000,0.8990,0.69072,0.77389,0.9967,0.66205,0.82949,0.66172,0.83194,124.91,0.9243,live,0.3803,0.4384,301.17,686.98
156104.799920,100.0,0.9779,2,1,1,0.65547,0.60139,0.62422,0.55833,0.60625,0.50278,0.60313,0.45556,0.61250,0.41806,0.63906,0.42917,0.63750,0.37361,0.63203,0.34306,0.62578,0.32083,0.66484,0.42639,0.66875,0.36250,0.66641,0.32639,0.66016,0.29861,0.68672,0.43750,0.69375,0.37917,0.69297,0.34861,0.68828,0.32361,0.70625,0.46250,0.71562,0.41667,0.71719,0.39444,0.71484,0.37639,0.60124,0.82966,0.9995,0.73034,0.95669,0.8993,0.67874,0.60255,0.9968,0.66073,0.78387,0.65547,0.60139,115.22,0.9689,live,0.3803,0.3683,253.19,687.50
156104.866962,100.0,0.0896,2,2,0,0.65703,0.50556,0.61875,0.42917,0.60469,0.36944,0.60469,0.31667,0.61016,0.27083,0.62969,0.33889,0.62734,0.28056,0.62656,0.25000,0.62734,0.21944,0.65000,0.33472,0.65156,0.28056,0.65312,0.24583,0.65469,0.21806,0.66875,0.33472,0.67188,0.28611,0.67422,0.25000,0.67500,0.21944,0.68750,0.34306,0.69375,0.29167,0.69609,0.26250,0.69766,0.23472,0.59902,0.82686,0.9996,0.72969,0.83803,0.9028,0.66410,0.46078,0.9969,0.65999,0.72821,0.65703,0.50556,111.43,0.8804,live,0.3620,0.2785,190.80,685.23
156104.933379,100.0,0.2003,2,2,0,0.65156,0.41528,0.61328,0.34028,0.60313,0.28194,0.60156,0.23611,0.60391,0.19583,0.62578,0.26528,0.62422,0.21250,0.62344,0.18056,0.62266,0.14861,0.64297,0.26111,0.64453,0.20833,0.64531,0.16944,0.64531,0.14028,0.65859,0.25833,0.66094,0.20833,0.66094,0.17083,0.66172,0.14167,0.67578,0.26111,0.67812,0.20972,0.67891,0.17917,0.67969,0.15000,0.59899,0.82417,0.9996,0.72163,0.78541,0.9062,0.66154,0.38895,0.9972,0.65831,0.66562,0.65156,0.41528,100.95,0.8381,live,0.3318,0.1945,131.40,675.69
156104.999730,100.0,0.3109,2,2,0,0.63906,0.34861,0.60234,0.29028,0.59219,0.24167,0.59297,0.19444,0.59922,0.16389,0.61797,0.21389,0.61484,0.16806,0.61172,0.13750,0.61016,0.10556,0.63359,0.20556,0.63438,0.15556,0.63125,0.11806,0.62891,0.08333,0.64922,0.20417,0.65078,0.15833,0.64844,0.12222,0.64531,0.09028,0.66563,0.21389,0.66875,0.17222,0.66719,0.14444,0.66484,0.11667,0.59916,0.81993,0.9996,0.71563,0.72693,0.9098,0.65354,0.32889,0.9973,0.65446,0.60222,0.63906,0.34861,91.93,0.9206,live,0.3168,0.2482,164.01,660.79
156105.067391,100.0,0.4236,2,2,0,0.63125,0.31111,0.59766,0.27361,0.58672,0.23056,0.58828,0.18611,0.59531,0.15833,0.61250,0.19861,0.60938,0.15972,0.60625,0.13472,0.60313,0.10972,0.62969,0.19167,0.62891,0.14583,0.62578,0.11528,0.62109,0.08611,0.64453,0.19028,0.64609,0.14722,0.64297,0.11528,0.63906,0.08611,0.66094,0.19722,0.66406,0.16111,0.66172,0.13472,0.65781,0.11111,0.59939,0.81307,0.9996,0.71457,0.70865,0.9143,0.64792,0.30451,0.9975,0.64982,0.54400,0.63125,0.31111,80.72,0.9483,live,0.3168,0.3225,206.26,639.62
156105.133334,100.0,0.5335,2,2,0,0.62656,0.30833,0.59531,0.27778,0.58359,0.24028,0.58516,0.20139,0.58750,0.17222,0.61016,0.21111,0.60547,0.17083,0.60234,0.14444,0.59922,0.11944,0.62656,0.20139,0.62500,0.15694,0.62187,0.12639,0.61719,0.09722,0.64219,0.20000,0.64219,0.15694,0.63906,0.12500,0.63516,0.09722,0.65859,0.20417,0.66094,0.16806,0.65859,0.14444,0.65469,0.12083,0.60083,0.81069,0.9996,0.71400,0.70549,0.9197,0.64281,0.30309,0.9976,0.64516,0.49687,0.62656,0.30833,74.44,0.9273,live,0.3300,0.3901,240.47,616.46
156105.199961,100.0,0.6446,2,2,0,0.62578,0.32778,0.59453,0.30139,0.58359,0.26111,0.58516,0.22083,0.58750,0.19306,0.60938,0.23194,0.60469,0.18889,0.60078,0.16111,0.59766,0.13611,0.62656,0.22500,0.62500,0.17778,0.62187,0.14583,0.61719,0.11667,0.64219,0.22361,0.64297,0.17778,0.63984,0.14444,0.63594,0.11667,0.65859,0.22778,0.66094,0.19167,0.65938,0.16528,0.65547,0.14167,0.60102,0.81359,0.9995,0.71485,0.73470,0.9239,0.64164,0.33690,0.9977,0.64129,0.46305,0.62578,0.32778,73.14,0.8849,live,0.3508,0.4456,265.19,595.15
156105.266889,100.0,0.7561,2,2,0,0.62578,0.36806,0.59609,0.34583,0.58281,0.30139,0.58203,0.26111,0.58672,0.23333,0.60859,0.26528,0.60469,0.22083,0.60078,0.19167,0.59688,0.16667,0.62656,0.25694,0.62578,0.20694,0.62187,0.17500,0.61641,0.14583,0.64297,0.25833,0.64453,0.20833,0.64062,0.17639,0.63594,0.14861,0.66016,0.26667,0.66406,0.22639,0.66172,0.20000,0.65703,0.17639,0.60114,0.81643,0.9995,0.72106,0.78173,0.9272,0.64232,0.36122,0.9979,0.63819,0.44405,0.62578,0.36806,77.11,0.8360,live,0.3744,0.4820,279.20,579.25
156105.333385,100.0,0.8670,2,2,0,0.62891,0.41667,0.60156,0.40556,0.58516,0.36944,0.58281,0.33056,0.58516,0.29583,0.61094,0.31944,0.60625,0.27083,0.60078,0.24722,0.59531,0.22639,0.63047,0.31111,0.62891,0.25833,0.62422,0.22778,0.61875,0.20000,0.64844,0.31528,0.64922,0.26528,0.64609,0.23333,0.64062,0.20556,0.66563,0.32639,0.67031,0.28750,0.66797,0.26250,0.66250,0.24028,0.60027,0.82800,0.9995,0.72734,0.87357,0.9296,0.64245,0.46243,0.9980,0.63633,0.43857,0.62891,0.41667,75.02,0.8965,live,0.3870,0.4445,250.57,563.76
156105.400358,100.0,0.9786,2,2,0,0.63594,0.62083,0.60625,0.58056,0.58906,0.52778,0.58516,0.47917,0.58984,0.43750,0.62109,0.45694,0.61719,0.40139,0.61094,0.36944,0.60313,0.34167,0.64297,0.45278,0.64297,0.39167,0.63750,0.35556,0.62969,0.32500,0.66172,0.46250,0.66484,0.40417,0.66094,0.37222,0.65391,0.34583,0.67891,0.48333,0.68594,0.43611,0.68516,0.40972,0.68125,0.38611,0.60130,0.83218,0.9995,0.73090,0.97982,0.9287,0.64294,0.59201,0.9981,0.63625,0.47503,0.63594,0.62083,107.63,0.9788,live,0.3870,0.3674,210.74,573.60
156105.466798,100.0,0.0893,2,1,1,0.64219,0.78750,0.61016,0.75000,0.59062,0.69722,0.58672,0.65556,0.59219,0.61944,0.62344,0.61250,0.62187,0.55833,0.61562,0.52917,0.60625,0.51250,0.64766,0.60972,0.65156,0.54583,0.64766,0.51389,0.63672,0.49583,0.66953,0.62500,0.67500,0.56389,0.67109,0.53611,0.66172,0.52222,0.68906,0.65278,0.69922,0.60556,0.69922,0.58472,0.69219,0.57500,0.61587,0.84346,0.9996,0.76642,1.00000,0.9256,0.66114,0.77528,0.9980,0.63744,0.53752,0.64219,0.78750,114.84,0.9857,live,0.3819,0.3587,210.74,587.45
156105.533648,100.0,0.2007,2,1,1,0.63828,0.85833,0.60703,0.82917,0.58750,0.78056,0.58359,0.74028,0.58828,0.70139,0.62187,0.69444,0.62344,0.63889,0.61641,0.62222,0.60547,0.61944,0.64609,0.69583,0.65156,0.63889,0.64687,0.61806,0.63672,0.61667,0.66797,0.71667,0.67578,0.66389,0.67344,0.63889,0.66406,0.62917,0.68672,0.75000,0.70000,0.71528,0.70000,0.69306,0.69297,0.68056,0.61902,0.85008,0.9996,0.75438,1.00000,0.9204,0.66739,0.89887,0.9977,0.63761,0.60168,0.63828,0.85833,107.26,0.9914,live,0.3496,0.2021,120.11,594.19
156105.600302,100.0,0.3118,2,1,1,0.63203,0.91250,0.60234,0.88056,0.58437,0.82500,0.58125,0.78056,0.58906,0.74583,0.61875,0.73750,0.62109,0.68611,0.61406,0.66389,0.60391,0.66111,0.64453,0.74028,0.65078,0.68194,0.64609,0.65556,0.63516,0.65278,0.66719,0.76111,0.67656,0.70694,0.67422,0.67917,0.66484,0.67361,0.68594,0.79722,0.69844,0.75833,0.69922,0.73194,0.69375,0.72083,0.62010,0.85184,0.9996,0.72701,1.00000,0.9161,0.66773,0.92835,0.9976,0.63649,0.66385,0.63203,0.91250,114.06,0.9979,live,0.3352,0.2696,163.12,605.01
156105.666919,100.0,0.4229,2,1,1,0.63359,0.92917,0.60156,0.89444,0.58125,0.83611,0.57656,0.79028,0.58594,0.75556,0.61562,0.75000,0.61562,0.69861,0.60938,0.67361,0.60000,0.67361,0.64062,0.75139,0.64687,0.69306,0.64297,0.66389,0.63125,0.66667,0.66250,0.77083,0.67188,0.71806,0.66953,0.69028,0.65781,0.68889,0.68281,0.80278,0.69531,0.76667,0.69688,0.74444,0.68984,0.73889,0.61943,0.85316,0.9996,0.70396,1.00000,0.9151,0.66300,0.93547,0.9976,0.63591,0.71691,0.63359,0.92917,116.01,0.9953,live,0.3352,0.3266,201.19,615.94
156105.733531,100.0,0.5339,2,1,1,0.63281,0.93333,0.60078,0.89583,0.57969,0.83889,0.57344,0.79306,0.58203,0.75833,0.61406,0.75278,0.61328,0.70278,0.60625,0.67917,0.59688,0.67500,0.63750,0.75417,0.64219,0.69583,0.63750,0.66944,0.62656,0.67361,0.66016,0.77222,0.66875,0.71806,0.66563,0.69167,0.65312,0.69306,0.67969,0.80417,0.69219,0.76944,0.69219,0.74722,0.68359,0.74167,0.62138,0.85267,0.9996,0.70523,1.00000,0.9145,0.66295,0.94691,0.9976,0.63529,0.76019,0.63281,0.93333,115.95,0.9958,live,0.3415,0.3704,231.69,625.51
156105.800633,100.0,0.6457,2,1,1,0.62891,0.93056,0.59766,0.89167,0.57656,0.83472,0.57188,0.78889,0.57969,0.75278,0.61094,0.75139,0.61094,0.70139,0.60469,0.67778,0.59453,0.67361,0.63516,0.75278,0.63906,0.69583,0.63516,0.66944,0.62500,0.67083,0.65703,0.77222,0.66641,0.71667,0.66250,0.68889,0.65000,0.69028,0.67656,0.80417,0.68906,0.76528,0.68828,0.74306,0.67891,0.73750,0.61760,0.85258,0.9996,0.70495,1.00000,0.9092,0.66284,0.92887,0.9975,0.63402,0.79427,0.62891,0.93056,115.26,0.9958,live,0.3528,0.4044,256.16,633.44
156105.867234,100.0,0.7567,2,1,1,0.62344,0.90972,0.59297,0.87222,0.57344,0.81528,0.56953,0.76944,0.57578,0.73194,0.60703,0.72917,0.60625,0.67778,0.60000,0.65694,0.58906,0.65417,0.63047,0.73056,0.63438,0.67500,0.62969,0.64722,0.61797,0.64306,0.65156,0.75000,0.65938,0.69722,0.65547,0.66944,0.64453,0.65972,0.67109,0.78194,0.68281,0.74444,0.68281,0.72083,0.67500,0.70694,0.61751,0.85250,0.9996,0.71139,1.00000,0.9040,0.66174,0.91569,0.9971,0.63190,0.81736,0.62344,0.90972,115.44,0.9946,live,0.3660,0.4259,272.82,640.54
156105.933777,100.0,0.8676,2,1,1,0.62578,0.85972,0.59219,0.80000,0.57266,0.74722,0.56797,0.70417,0.57031,0.66389,0.60391,0.66944,0.60156,0.61944,0.59453,0.59167,0.58437,0.57361,0.62734,0.66806,0.62969,0.61250,0.62500,0.58056,0.61406,0.56111,0.64844,0.67917,0.65391,0.62917,0.65000,0.59861,0.63906,0.58194,0.66797,0.70556,0.67969,0.66389,0.67891,0.63750,0.67031,0.61944,0.61854,0.85307,0.9996,0.76003,1.00000,0.9055,0.66168,0.85821,0.9971,0.63068,0.82583,0.62578,0.85972,121.83,0.9875,live,0.3660,0.3880,252.74,651.39
156106.000623,100.0,0.9790,2,1,1,0.63359,0.75278,0.60156,0.68333,0.58125,0.62361,0.57109,0.57083,0.57031,0.52500,0.60547,0.58333,0.60156,0.52778,0.60000,0.49583,0.60000,0.46528,0.62500,0.58194,0.62656,0.52500,0.62969,0.49306,0.63125,0.46528,0.64375,0.58611,0.64766,0.53611,0.65078,0.49861,0.65234,0.46528,0.66172,0.60000,0.66641,0.55278,0.66875,0.52361,0.67031,0.49583,0.61338,0.84697,0.9996,0.75203,1.00000,0.9014,0.65178,0.69915,0.9971,0.63126,0.81122,0.63359,0.75278,109.86,0.9425,live,0.3574,0.3185,207.77,652.32
156106.067429,100.0,0.0904,2,2,0,0.62969,0.59167,0.59531,0.52639,0.57812,0.46806,0.57266,0.41528,0.57500,0.37083,0.60078,0.43472,0.59766,0.38333,0.59766,0.35556,0.59844,0.32778,0.61875,0.43194,0.61953,0.38056,0.62187,0.35139,0.62422,0.32778,0.63594,0.43472,0.63984,0.38750,0.64219,0.35417,0.64453,0.32500,0.65469,0.44444,0.65938,0.39722,0.66172,0.37083,0.66484,0.34583,0.60085,0.84283,0.9995,0.74369,0.92497,0.9044,0.64513,0.53874,0.9972,0.63095,0.76731,0.62969,0.59167,103.71,0.8813,live,0.3380,0.2492,161.63,648.71
156106.133327,100.0,0.2002,2,2,0,0.62187,0.42222,0.58750,0.38611,0.56953,0.33472,0.56797,0.28472,0.56875,0.24583,0.59609,0.27639,0.59062,0.22500,0.58594,0.19306,0.58203,0.16389,0.61797,0.26944,0.61562,0.21250,0.61172,0.17500,0.60625,0.14306,0.63750,0.27500,0.63750,0.21806,0.63438,0.18333,0.62891,0.15278,0.65625,0.29028,0.66016,0.24444,0.65938,0.21389,0.65625,0.18750,0.59800,0.83609,0.9996,0.72918,0.83680,0.9062,0.64239,0.43307,0.9974,0.62913,0.69829,0.62187,0.42222,100.63,0.9335,live,0.3224,0.2514,161.75,643.32
156106.200782,100.0,0.3126,2,2,0,0.62031,0.38056,0.58359,0.33333,0.56875,0.28056,0.56719,0.22917,0.56953,0.18889,0.59531,0.23194,0.58984,0.18056,0.58516,0.14722,0.58203,0.11389,0.61406,0.22083,0.61406,0.16667,0.61016,0.12917,0.60547,0.09444,0.63203,0.22222,0.63359,0.17083,0.63125,0.13333,0.62578,0.10000,0.65000,0.23472,0.65547,0.19306,0.65469,0.16250,0.65156,0.13333,0.59728,0.82880,0.9996,0.71299,0.76794,0.9112,0.63904,0.36617,0.9976,0.62737,0.63474,0.62031,0.38056,102.16,0.9197,live,0.3032,0.2158,138.02,639.68
156106.267335,100.0,0.4236,2,2,0,0.61953,0.37083,0.58437,0.31528,0.57266,0.25972,0.57188,0.21528,0.57188,0.17778,0.59609,0.22917,0.59297,0.18750,0.59141,0.16111,0.59062,0.13611,0.61406,0.22222,0.61406,0.18056,0.61484,0.15278,0.61406,0.12778,0.63047,0.22222,0.63203,0.18333,0.63125,0.15000,0.63047,0.12083,0.64766,0.23056,0.65000,0.18750,0.65000,0.16250,0.65078,0.13750,0.59754,0.82063,0.9995,0.70928,0.74898,0.9154,0.63468,0.34705,0.9977,0.62580,0.58196,0.61953,0.37083,96.70,0.9493,live,0.3032,0.2783,176.01,632.54
156106.333779,100.0,0.5343,2,2,0,0.61875,0.34167,0.58281,0.30278,0.56953,0.25278,0.57031,0.20417,0.57266,0.16806,0.59609,0.20556,0.59062,0.15694,0.58672,0.12500,0.58359,0.09444,0.61562,0.19722,0.61484,0.14306,0.61172,0.10694,0.60859,0.07361,0.63281,0.19861,0.63438,0.14722,0.63203,0.11111,0.62969,0.07778,0.65078,0.20972,0.65469,0.16667,0.65391,0.13889,0.65078,0.11111,0.59775,0.81853,0.9996,0.70835,0.74897,0.9196,0.63428,0.34320,0.9979,0.62439,0.53390,0.61875,0.34167,94.95,0.9412,live,0.3093,0.3369,210.55,625.00
156106.400646,100.0,0.6457,2,2,0,0.62187,0.35000,0.58672,0.31389,0.57188,0.26250,0.57188,0.21250,0.57422,0.17361,0.59922,0.21528,0.59375,0.16528,0.58984,0.13472,0.58672,0.10417,0.61875,0.20556,0.61719,0.15139,0.61406,0.11528,0.61016,0.08333,0.63594,0.20694,0.63750,0.15556,0.63516,0.11944,0.63125,0.08750,0.65391,0.21806,0.65781,0.17639,0.65703,0.14861,0.65391,0.12222,0.59797,0.81888,0.9995,0.70877,0.77583,0.9228,0.63456,0.35604,0.9979,0.62389,0.49712,0.62187,0.35000,94.70,0.9236,live,0.3226,0.3832,236.89,618.19
156106.467381,100.0,0.7570,2,2,0,0.62187,0.36667,0.58828,0.33056,0.57422,0.27778,0.57422,0.22639,0.57812,0.18889,0.60234,0.22917,0.59766,0.18056,0.59375,0.15000,0.58984,0.11944,0.62187,0.22222,0.62187,0.16806,0.61875,0.13194,0.61406,0.09861,0.63984,0.22500,0.64141,0.17361,0.63984,0.13750,0.63594,0.10417,0.65703,0.23750,0.66172,0.19583,0.66094,0.16667,0.65781,0.13889,0.59793,0.82052,0.9995,0.70942,0.78894,0.9248,0.63513,0.36786,0.9980,0.62348,0.47103,0.62187,0.36667,94.92,0.9413,live,0.3396,0.4175,255.65,612.35
156106.534305,100.0,0.8685,2,2,0,0.62266,0.41111,0.58984,0.37917,0.57500,0.32500,0.57422,0.27639,0.57578,0.23750,0.60391,0.27361,0.59922,0.21944,0.59531,0.18611,0.59141,0.15556,0.62422,0.26667,0.62344,0.20694,0.62031,0.16944,0.61641,0.13889,0.64219,0.27083,0.64453,0.21250,0.64219,0.17500,0.63750,0.14306,0.65938,0.28472,0.66484,0.23750,0.66406,0.20694,0.66094,0.17917,0.59751,0.82075,0.9995,0.71135,0.81619,0.9261,0.63844,0.39646,0.9982,0.62332,0.45905,0.62266,0.41111,94.94,0.9230,live,0.3537,0.4179,253.77,607.22
156106.600807,100.0,0.9793,2,2,0,0.61562,0.47361,0.58594,0.45417,0.56875,0.41111,0.56641,0.36806,0.56875,0.33056,0.59922,0.34861,0.59297,0.29583,0.58750,0.26944,0.58203,0.24722,0.62031,0.34167,0.61953,0.28333,0.61562,0.25139,0.61094,0.22500,0.63906,0.35000,0.64219,0.29583,0.63828,0.26250,0.63281,0.23333,0.65781,0.36944,0.66484,0.32778,0.66328,0.30139,0.65859,0.27778,0.59749,0.82089,0.9995,0.71384,0.91174,0.9278,0.63676,0.49794,0.9982,0.62178,0.46196,0.61562,0.47361,89.13,0.9080,live,0.3537,0.3713,222.26,598.53
156106.667698,100.0,0.0908,2,1,1,0.61953,0.71250,0.58594,0.67639,0.56328,0.61667,0.55781,0.56389,0.55781,0.51528,0.59453,0.53889,0.58906,0.48056,0.58281,0.44583,0.57500,0.41667,0.61875,0.53750,0.61875,0.47083,0.61484,0.43194,0.60703,0.40139,0.63984,0.55139,0.64375,0.49028,0.64062,0.45833,0.63438,0.43194,0.65938,0.57917,0.66875,0.53333,0.67031,0.50556,0.66719,0.48611,0.60484,0.82757,0.9995,0.72400,1.00000,0.9305,0.63684,0.67391,0.9984,0.62133,0.51207,0.61953,0.71250,112.92,0.9899,live,0.3411,0.2838,172.55,608.00
156106.735893,100.0,0.2045,2,1,1,0.62578,0.88889,0.58906,0.85694,0.56250,0.80694,0.55234,0.76806,0.55469,0.72639,0.59297,0.71806,0.58828,0.65278,0.57734,0.63750,0.56484,0.64583,0.61875,0.71806,0.62656,0.64306,0.61875,0.62500,0.60625,0.63611,0.64297,0.73750,0.65234,0.66944,0.64687,0.65139,0.63672,0.65417,0.66406,0.77361,0.67969,0.73056,0.68047,0.70972,0.67422,0.70278,0.61006,0.83144,0.9995,0.72486,1.00000,0.9296,0.63617,0.85922,0.9981,0.62222,0.58743,0.62578,0.88889,112.27,0.9834,live,0.3168,0.2058,126.74,615.88
156106.800974,100.0,0.3129,2,1,1,0.61953,0.94861,0.58672,0.93333,0.56172,0.89583,0.55312,0.86528,0.55391,0.83194,0.59062,0.80556,0.58828,0.74167,0.57891,0.73333,0.56875,0.75278,0.61719,0.80833,0.62578,0.73889,0.61719,0.73333,0.60625,0.76250,0.64219,0.83194,0.65234,0.76944,0.64766,0.76250,0.63828,0.78611,0.66406,0.86667,0.68125,0.82500,0.68281,0.81528,0.67656,0.82778,0.61426,0.83531,0.9995,0.70167,1.00000,0.9242,0.63640,0.96751,0.9975,0.62168,0.65967,0.61953,0.94861,99.08,0.9864,live,0.3022,0.2357,144.56,613.31
156106.867585,100.0,0.4240,2,1,1,0.62109,0.98472,0.58906,0.96806,0.56563,0.93194,0.55547,0.90417,0.55391,0.87083,0.59141,0.84306,0.59297,0.78472,0.58203,0.77361,0.56875,0.78750,0.61953,0.84722,0.62891,0.77639,0.61953,0.77083,0.60547,0.79722,0.64375,0.86806,0.65547,0.80417,0.64922,0.80000,0.63906,0.82361,0.66563,0.90417,0.68359,0.86111,0.68437,0.85417,0.67656,0.86806,0.61506,0.84313,0.9995,0.69827,1.00000,0.9175,0.63887,0.99411,0.9967,0.62156,0.72468,0.62109,0.98472,98.47,0.9906,live,0.3022,0.3133,191.29,610.61
156106.934226,100.0,0.5350,2,1,1,0.62266,0.98194,0.58984,0.95972,0.56484,0.91806,0.55391,0.88750,0.55469,0.85694,0.59297,0.82917,0.59453,0.77361,0.58437,0.75972,0.57188,0.77222,0.62031,0.83333,0.62891,0.76528,0.62187,0.75556,0.61094,0.78056,0.64453,0.85556,0.65547,0.79583,0.65312,0.78472,0.64375,0.80278,0.66641,0.89167,0.68516,0.85278,0.68672,0.84167,0.67969,0.85139,0.61497,0.85362,0.9995,0.68911,1.00000,0.9154,0.63894,0.98721,0.9964,0.62178,0.77613,0.62266,0.98194,103.36,0.9934,live,0.3150,0.3732,228.32,611.76
156107.001038,100.0,0.6464,2,1,1,0.62734,0.95556,0.59219,0.93194,0.56641,0.88889,0.55781,0.85694,0.55937,0.82083,0.59531,0.79722,0.59766,0.73750,0.58672,0.72361,0.57422,0.73889,0.62344,0.80139,0.63203,0.73333,0.62422,0.71944,0.61172,0.74167,0.64766,0.82361,0.65703,0.76111,0.65469,0.74861,0.64687,0.76250,0.66875,0.85972,0.68516,0.81944,0.68594,0.80417,0.68047,0.80694,0.61813,0.85245,0.9995,0.69133,1.00000,0.9082,0.64727,0.97206,0.9960,0.62290,0.81202,0.62734,0.95556,105.87,0.9949,live,0.3327,0.4135,254.15,614.57
156107.067650,100.0,0.7574,2,1,1,0.63203,0.91806,0.59453,0.88194,0.56875,0.83472,0.55937,0.79583,0.56172,0.75972,0.59609,0.74583,0.59609,0.69028,0.58594,0.66944,0.57578,0.67500,0.62422,0.74583,0.62891,0.68750,0.62500,0.66111,0.61797,0.66667,0.64844,0.76528,0.65547,0.71250,0.65547,0.68472,0.65078,0.68056,0.67031,0.79861,0.68516,0.76250,0.68828,0.74028,0.68672,0.73056,0.62181,0.84906,0.9995,0.71901,1.00000,0.9108,0.64815,0.95123,0.9960,0.62472,0.83322,0.63203,0.91806,114.49,0.9908,live,0.3506,0.4323,269.44,623.26
156107.134490,100.0,0.8688,2,1,1,0.63438,0.77361,0.60156,0.75000,0.57734,0.70417,0.56953,0.66806,0.57031,0.63472,0.60391,0.61528,0.59922,0.56111,0.59375,0.53333,0.58672,0.51944,0.63047,0.61111,0.63359,0.54861,0.63047,0.51667,0.62344,0.50417,0.65469,0.62361,0.65938,0.56667,0.66016,0.53889,0.65625,0.52639,0.67578,0.65000,0.68750,0.60556,0.69297,0.58611,0.69453,0.57778,0.61020,0.84827,0.9995,0.72826,1.00000,0.9106,0.64997,0.77003,0.9961,0.62665,0.82130,0.63438,0.77361,109.13,0.9895,live,0.3643,0.4264,267.40,627.04
156107.201145,100.0,0.9799,2,1,1,0.64297,0.66806,0.61406,0.60417,0.59531,0.55000,0.58672,0.50139,0.58359,0.45833,0.61719,0.52917,0.61172,0.48056,0.61016,0.44861,0.60938,0.41944,0.63594,0.52778,0.63594,0.47639,0.63594,0.44444,0.63750,0.41806,0.65469,0.52917,0.65859,0.48194,0.65859,0.44722,0.66016,0.41806,0.67422,0.53750,0.67969,0.49167,0.68281,0.46389,0.68437,0.43889,0.60352,0.83701,0.9995,0.72690,0.94151,0.9082,0.65134,0.59300,0.9962,0.62992,0.79065,0.64297,0.66806,95.53,0.9012,live,0.3643,0.3730,231.49,620.57
156107.267767,100.0,0.0909,2,2,0,0.64297,0.44583,0.60781,0.40972,0.58984,0.35417,0.58750,0.30556,0.58672,0.26389,0.61562,0.29167,0.61016,0.23750,0.60703,0.20417,0.60391,0.17222,0.63906,0.28611,0.63828,0.22361,0.63516,0.18472,0.63203,0.15000,0.66016,0.29306,0.66250,0.23333,0.66172,0.19444,0.66016,0.16111,0.67969,0.31250,0.68594,0.26528,0.68828,0.23611,0.68906,0.20972,0.60251,0.83459,0.9995,0.72693,0.84522,0.9113,0.65126,0.46662,0.9964,0.63253,0.72169,0.64297,0.44583,105.44,0.9312,live,0.3501,0.2854,177.53,622.02
156107.334439,100.0,0.2021,2,2,0,0.64375,0.38194,0.60469,0.31528,0.59219,0.26250,0.59219,0.21250,0.59297,0.17083,0.61562,0.22083,0.61172,0.16667,0.60938,0.13194,0.60859,0.09722,0.63516,0.21250,0.63516,0.15833,0.63594,0.11806,0.63516,0.08472,0.65156,0.21389,0.65391,0.16528,0.65391,0.12639,0.65312,0.09028,0.66953,0.22639,0.67500,0.18056,0.67578,0.15139,0.67578,0.12083,0.60135,0.82748,0.9995,0.72413,0.76914,0.9142,0.65121,0.35711,0.9966,0.63477,0.65374,0.64375,0.38194,107.46,0.9222,live,0.3383,0.2846,177.78,624.75
156107.401318,100.0,0.3135,2,2,0,0.63906,0.32500,0.60078,0.26667,0.58906,0.21806,0.58828,0.17083,0.59062,0.13194,0.61172,0.17639,0.60781,0.12639,0.60469,0.09306,0.60313,0.06111,0.63047,0.16806,0.63047,0.11250,0.62969,0.07361,0.62734,0.03889,0.64687,0.16944,0.65000,0.11806,0.64844,0.08056,0.64609,0.04583,0.66563,0.18194,0.67031,0.13889,0.66953,0.10972,0.66797,0.08056,0.60144,0.81140,0.9995,0.71742,0.70976,0.9192,0.65065,0.31069,0.9969,0.63563,0.58799,0.63906,0.32500,100.92,0.8833,live,0.3287,0.2851,177.48,622.44
156107.468050,100.0,0.4247,2,2,0,0.63281,0.28889,0.59844,0.24583,0.58516,0.20139,0.58516,0.15833,0.58828,0.12361,0.60781,0.16667,0.60469,0.11806,0.60234,0.08889,0.60156,0.06111,0.62656,0.15972,0.62578,0.10556,0.62422,0.07083,0.62266,0.04028,0.64219,0.16111,0.64453,0.10972,0.64297,0.07639,0.64062,0.04583,0.66016,0.17083,0.66328,0.12917,0.66328,0.10278,0.66094,0.07500,0.60154,0.80769,0.9995,0.71237,0.68562,0.9237,0.64823,0.28765,0.9971,0.63507,0.52817,0.63281,0.28889,86.49,0.8726,live,0.3346,0.3612,220.35,610.02
156107.534450,100.0,0.5354,2,2,0,0.63047,0.28472,0.59531,0.24583,0.58359,0.20278,0.58281,0.16111,0.58359,0.12917,0.60625,0.16944,0.60234,0.12361,0.59922,0.09444,0.59766,0.06667,0.62422,0.16250,0.62344,0.10972,0.62109,0.07500,0.61875,0.04583,0.63984,0.16250,0.64141,0.11389,0.63984,0.08056,0.63828,0.05000,0.65703,0.17083,0.66094,0.13056,0.66016,0.10556,0.65859,0.07778,0.60316,0.79807,0.9995,0.71141,0.65980,0.9283,0.64209,0.27754,0.9972,0.63415,0.47948,0.63047,0.28472,82.69,0.9085,live,0.3514,0.4280,255.22,596.35
156107.601316,100.0,0.6469,2,2,0,0.62891,0.28889,0.59609,0.25556,0.58359,0.21111,0.58281,0.16667,0.58437,0.13611,0.60859,0.17500,0.60391,0.13056,0.60000,0.10139,0.59766,0.07361,0.62578,0.16667,0.62500,0.11667,0.62266,0.08194,0.61953,0.05139,0.64219,0.16806,0.64375,0.11944,0.64219,0.08472,0.63984,0.05417,0.65859,0.17778,0.66328,0.13889,0.66250,0.11250,0.66094,0.08611,0.60341,0.79926,0.9995,0.71148,0.69680,0.9316,0.64139,0.29985,0.9974,0.63310,0.44136,0.62891,0.28889,81.68,0.9267,live,0.3753,0.4840,282.49,583.60
156107.668022,100.0,0.7580,2,2,0,0.62891,0.30833,0.59688,0.27639,0.58516,0.22917,0.58594,0.18472,0.58672,0.15139,0.61094,0.18750,0.60625,0.14028,0.60313,0.10972,0.60078,0.08333,0.62969,0.18056,0.62891,0.12778,0.62656,0.09306,0.62344,0.06111,0.64609,0.18333,0.64844,0.13194,0.64687,0.09583,0.64531,0.06528,0.66406,0.19306,0.66797,0.15278,0.66719,0.12500,0.66484,0.10000,0.60368,0.79995,0.9995,0.71253,0.71263,0.9350,0.64243,0.31053,0.9975,0.63226,0.41476,0.62891,0.30833,86.13,0.9447,live,0.3993,0.5089,292.94,575.58
156107.734470,100.0,0.8688,2,2,0,0.63203,0.35417,0.59922,0.32500,0.58516,0.27222,0.58516,0.22500,0.58594,0.18750,0.61094,0.22361,0.60703,0.17083,0.60313,0.13611,0.59922,0.10694,0.63203,0.21667,0.63203,0.15833,0.62891,0.11944,0.62422,0.08750,0.65000,0.22083,0.65312,0.16250,0.65078,0.12639,0.64766,0.09444,0.66797,0.23333,0.67344,0.18750,0.67266,0.15833,0.67031,0.13194,0.60275,0.80711,0.9995,0.71737,0.75736,0.9381,0.64350,0.34385,0.9977,0.63221,0.40264,0.63203,0.35417,92.14,0.9202,live,0.4222,0.5266,301.66,572.85
156107.801057,100.0,0.9798,2,2,0,0.62813,0.41528,0.59922,0.40000,0.58281,0.35694,0.57969,0.31389,0.58047,0.27500,0.60938,0.29167,0.60469,0.23472,0.60000,0.20694,0.59609,0.18056,0.63203,0.28611,0.63281,0.22500,0.62969,0.19167,0.62656,0.16250,0.65234,0.29583,0.65625,0.24028,0.65547,0.20694,0.65234,0.17778,0.67109,0.31667,0.67969,0.27500,0.67969,0.24861,0.67812,0.22500,0.60229,0.80809,0.9995,0.71989,0.83736,0.9404,0.64468,0.45228,0.9978,0.63140,0.40517,0.62813,0.41528,89.04,0.9434,live,0.4348,0.4918,279.47,568.22
156107.868796,100.0,0.0927,2,1,1,0.63125,0.63611,0.60000,0.60417,0.57891,0.55694,0.56797,0.51806,0.56484,0.48056,0.60703,0.47917,0.60313,0.42222,0.59609,0.39028,0.58828,0.37361,0.63281,0.47778,0.63516,0.41389,0.63125,0.37917,0.62187,0.36111,0.65469,0.49583,0.66094,0.43750,0.65781,0.40972,0.65078,0.39306,0.67344,0.52917,0.68594,0.49028,0.68906,0.46806,0.68750,0.45278,0.60200,0.81460,0.9995,0.72041,0.94224,0.9349,0.64641,0.59310,0.9978,0.63137,0.45136,0.63125,0.63611,104.39,0.9818,live,0.4131,0.3145,180.87,575.19
156107.934904,100.0,0.2028,2,1,1,0.64297,0.84444,0.60625,0.82639,0.57578,0.77917,0.55859,0.74306,0.56016,0.71111,0.60234,0.70417,0.59844,0.63889,0.58984,0.65278,0.58516,0.68611,0.63203,0.70556,0.63672,0.61806,0.62969,0.65000,0.62578,0.69444,0.66094,0.72222,0.66797,0.64444,0.66094,0.68194,0.65703,0.72361,0.68672,0.75278,0.69688,0.70417,0.69219,0.72917,0.68984,0.76111,0.61083,0.81681,0.9995,0.72904,1.00000,0.9290,0.66160,0.81808,0.9976,0.63369,0.52997,0.64297,0.84444,103.67,0.9682,live,0.3801,0.2300,133.57,580.80
156108.001328,100.0,0.3135,2,1,1,0.62344,0.85556,0.59609,0.86528,0.57031,0.86528,0.56094,0.89444,0.56172,0.92361,0.59844,0.79583,0.59844,0.80278,0.59844,0.84722,0.59688,0.89167,0.63125,0.80278,0.63359,0.80417,0.63203,0.84722,0.63047,0.89583,0.65859,0.81944,0.66953,0.82917,0.67031,0.87778,0.66641,0.91944,0.68047,0.84167,0.69766,0.85694,0.69844,0.89028,0.69297,0.91944,0.61448,0.82606,0.9995,0.72429,1.00000,0.9259,0.67215,0.91471,0.9964,0.63164,0.59509,0.62344,0.85556,69.16,0.9810,live,0.3562,0.2472,138.65,560.90
156108.068422,100.0,0.4254,2,1,1,0.63828,0.97083,0.61016,0.97778,0.58047,0.95694,0.56484,0.96667,0.57734,0.97778,0.61172,0.89444,0.60547,0.86389,0.59922,0.89861,0.59453,0.94722,0.64453,0.90556,0.64687,0.87222,0.63828,0.92083,0.62969,0.97917,0.67266,0.93056,0.68125,0.91944,0.67578,0.97639,0.66797,0.99861,0.69297,0.96111,0.70391,0.97083,0.70312,0.99861,0.70078,0.99861,0.61011,0.82647,0.9995,0.71085,1.00000,0.9236,0.66232,0.95780,0.9951,0.63297,0.67024,0.63828,0.97083,74.31,0.9969,live,0.3562,0.3522,192.70,547.10
156108.134841,100.0,0.5361,2,1,1,0.63828,0.99861,0.60938,0.99861,0.57969,0.98472,0.56406,0.96528,0.58203,0.94167,0.61250,0.90833,0.60781,0.85972,0.60234,0.88056,0.59922,0.92222,0.64766,0.92083,0.65078,0.87083,0.64375,0.91111,0.63594,0.96528,0.67656,0.94722,0.68516,0.90833,0.68047,0.95139,0.67188,0.99861,0.69844,0.98472,0.71094,0.96944,0.71094,0.99861,0.70547,0.99861,0.60883,0.82506,0.9995,0.70498,1.00000,0.9193,0.66246,0.96645,0.9935,0.63403,0.73591,0.63828,0.99861,82.70,0.9945,live,0.3719,0.4436,239.98,540.99
156108.201402,100.0,0.6470,2,1,1,0.65000,0.99306,0.61797,0.98889,0.58906,0.94861,0.57109,0.93333,0.58359,0.92639,0.61562,0.89444,0.60938,0.82778,0.60391,0.84306,0.60078,0.89306,0.65000,0.90556,0.65625,0.83056,0.64687,0.86528,0.63828,0.92361,0.67812,0.92639,0.68594,0.86250,0.68203,0.89861,0.67422,0.95139,0.70078,0.95278,0.71016,0.91667,0.71562,0.94583,0.71328,0.98750,0.60924,0.82618,0.9995,0.70440,1.00000,0.9168,0.66869,0.94332,0.9924,0.63722,0.78734,0.65000,0.99306,83.63,0.9926,live,0.3980,0.5167,277.09,536.28
156108.268033,100.0,0.7580,2,1,1,0.66016,0.95417,0.62422,0.94444,0.59219,0.90278,0.57188,0.87778,0.58828,0.87361,0.61641,0.83472,0.61094,0.76944,0.60859,0.78056,0.60781,0.82500,0.65078,0.84028,0.65625,0.76667,0.65391,0.79722,0.64922,0.85417,0.67891,0.86111,0.68750,0.80278,0.68594,0.84167,0.67891,0.88889,0.70234,0.88889,0.71250,0.85833,0.71484,0.88750,0.71250,0.92361,0.61419,0.83429,0.9996,0.72525,1.00000,0.9127,0.68088,0.96906,0.9921,0.64181,0.82071,0.66016,0.95417,93.45,0.9938,live,0.4269,0.5588,301.31,539.21
156108.334689,100.0,0.8691,2,1,1,0.66172,0.90000,0.62578,0.87361,0.59453,0.82361,0.57344,0.79722,0.58672,0.78472,0.61797,0.75139,0.61250,0.69583,0.60781,0.70000,0.60625,0.73889,0.65078,0.75417,0.65547,0.68750,0.65469,0.70278,0.65156,0.75000,0.67812,0.77222,0.68594,0.70833,0.68594,0.73750,0.67812,0.78194,0.70078,0.80139,0.71484,0.76806,0.71641,0.79028,0.71094,0.82500,0.61406,0.83486,0.9996,0.73125,1.00000,0.9141,0.68454,0.91368,0.9925,0.64579,0.83657,0.66172,0.90000,106.37,0.9820,live,0.4517,0.5646,311.16,551.09
156108.401815,100.0,0.9810,2,1,1,0.66953,0.80556,0.63828,0.75972,0.61406,0.71667,0.59375,0.69167,0.58125,0.67222,0.62891,0.66806,0.62500,0.61528,0.61562,0.59167,0.60703,0.59306,0.65312,0.66806,0.65781,0.60972,0.65312,0.58611,0.64844,0.59167,0.67578,0.67778,0.68594,0.62500,0.68516,0.61389,0.68125,0.62500,0.69688,0.69583,0.71016,0.66111,0.71016,0.65556,0.70781,0.66389,0.61174,0.82652,0.9996,0.73080,1.00000,0.9127,0.68339,0.73934,0.9929,0.65054,0.83036,0.66953,0.80556,97.18,0.5066,live,0.4456,0.5009,277.96,554.93
156108.468583,100.0,0.0923,2,2,0,0.65859,0.58611,0.63125,0.56250,0.61094,0.52222,0.59844,0.49028,0.59766,0.45833,0.63359,0.43889,0.63281,0.38056,0.62969,0.36806,0.62578,0.39028,0.66016,0.43889,0.66719,0.36944,0.66328,0.36528,0.65547,0.39444,0.68281,0.45556,0.69219,0.39444,0.68828,0.39583,0.68125,0.42361,0.70312,0.48472,0.71406,0.44306,0.71094,0.43750,0.70547,0.45417,0.60434,0.82134,0.9996,0.73031,0.92544,0.9160,0.67843,0.58361,0.9934,0.65215,0.78151,0.65859,0.58611,101.07,0.9543,live,0.4548,0.4966,278.62,561.11
156108.534865,100.0,0.2028,2,2,0,0.66172,0.45139,0.63047,0.41389,0.61172,0.36250,0.60703,0.32083,0.60547,0.28472,0.64062,0.29444,0.63516,0.24722,0.62969,0.21806,0.62422,0.19722,0.66484,0.29167,0.66719,0.23611,0.66328,0.20694,0.65703,0.18750,0.68516,0.30278,0.69141,0.24861,0.68984,0.22222,0.68594,0.20556,0.70156,0.32778,0.71250,0.28889,0.71406,0.27222,0.71094,0.26111,0.60097,0.82142,0.9996,0.72972,0.82120,0.9185,0.67499,0.46569,0.9938,0.65406,0.71549,0.66172,0.45139,103.86,0.9614,live,0.4434,0.3915,222.60,568.55
156108.602165,100.0,0.3149,2,2,0,0.65469,0.38889,0.62422,0.32778,0.61172,0.27222,0.61172,0.22361,0.61094,0.18194,0.63828,0.21806,0.63359,0.16944,0.63125,0.13750,0.62891,0.10556,0.65781,0.21389,0.66094,0.16528,0.66094,0.13056,0.66094,0.10139,0.67422,0.22083,0.68047,0.17778,0.68125,0.14167,0.67969,0.11111,0.68984,0.24028,0.69844,0.20139,0.70000,0.17361,0.70000,0.14583,0.60112,0.81942,0.9996,0.72790,0.74787,0.9219,0.66828,0.37261,0.9943,0.65419,0.65017,0.65469,0.38889,108.71,0.9622,live,0.4062,0.2367,136.93,578.60
156108.668183,100.0,0.4250,2,2,0,0.65234,0.33611,0.62109,0.27778,0.60938,0.22222,0.60859,0.17500,0.60781,0.13472,0.63516,0.16806,0.63047,0.12083,0.62656,0.08889,0.62266,0.05694,0.65391,0.16111,0.65391,0.10972,0.65078,0.07361,0.64609,0.04167,0.67031,0.16667,0.67344,0.11806,0.67188,0.08333,0.66797,0.05000,0.68516,0.18472,0.69141,0.14444,0.69219,0.11528,0.68984,0.08750,0.60128,0.81317,0.9996,0.72559,0.71860,0.9261,0.66441,0.32338,0.9947,0.65382,0.58736,0.65234,0.33611,107.73,0.9513,live,0.3887,0.3093,181.47,586.73
156108.734809,100.0,0.5360,2,2,0,0.64687,0.31667,0.61641,0.26667,0.60469,0.21528,0.60391,0.17083,0.60234,0.13472,0.62969,0.16528,0.62500,0.11944,0.62031,0.09028,0.61719,0.05972,0.64766,0.15694,0.64766,0.10833,0.64531,0.07222,0.64297,0.04167,0.66328,0.16111,0.66563,0.11528,0.66406,0.07917,0.66172,0.04722,0.67734,0.17639,0.68359,0.13611,0.68437,0.10833,0.68203,0.08056,0.60443,0.80551,0.9996,0.72530,0.69207,0.9291,0.66256,0.30964,0.9950,0.65243,0.53322,0.64687,0.31667,99.00,0.9645,live,0.3887,0.3743,219.93,587.60
156108.801696,100.0,0.6475,2,2,0,0.64531,0.30556,0.61641,0.26944,0.60234,0.21944,0.60156,0.17361,0.59844,0.13611,0.62734,0.16250,0.62187,0.11528,0.61641,0.08750,0.61094,0.06250,0.64609,0.15556,0.64375,0.10278,0.63984,0.06944,0.63438,0.04306,0.66172,0.16111,0.66328,0.10972,0.66094,0.07639,0.65625,0.04722,0.67656,0.17778,0.68125,0.13611,0.68047,0.10972,0.67734,0.08333,0.60334,0.80281,0.9996,0.72431,0.69678,0.9324,0.66241,0.30367,0.9953,0.65101,0.48769,0.64531,0.30556,94.45,0.9586,live,0.3962,0.4302,251.69,585.10
156108.868579,100.0,0.7590,2,2,0,0.64609,0.31667,0.61562,0.28333,0.60234,0.23333,0.60078,0.18611,0.59922,0.14861,0.62734,0.17500,0.62266,0.12917,0.61797,0.10000,0.61328,0.07361,0.64687,0.16806,0.64687,0.11528,0.64219,0.08194,0.63672,0.05417,0.66328,0.17361,0.66641,0.12361,0.66328,0.09028,0.65859,0.05972,0.67969,0.18750,0.68516,0.14861,0.68516,0.12222,0.68125,0.09722,0.60341,0.80330,0.9996,0.72385,0.70919,0.9355,0.66006,0.30330,0.9957,0.65002,0.45348,0.64609,0.31667,95.46,0.9606,live,0.4100,0.4730,276.03,583.62
156108.935172,100.0,0.8699,2,2,0,0.65000,0.34583,0.61875,0.30972,0.60547,0.25556,0.60391,0.20972,0.60156,0.17083,0.63281,0.19583,0.62734,0.14861,0.62266,0.12083,0.61641,0.09583,0.65234,0.19028,0.65234,0.13750,0.64844,0.10417,0.64219,0.07639,0.66953,0.19722,0.67422,0.14583,0.67109,0.11250,0.66641,0.08333,0.68437,0.21667,0.69219,0.17639,0.69219,0.15000,0.68828,0.12500,0.60493,0.80344,0.9996,0.72655,0.71539,0.9383,0.66470,0.33197,0.9960,0.65002,0.43195,0.65000,0.34583,98.21,0.9714,live,0.4100,0.4308,251.74,584.29
156109.001947,100.0,0.9812,2,2,0,0.65156,0.39722,0.62187,0.36667,0.60625,0.31389,0.60313,0.26806,0.60078,0.23056,0.63438,0.24861,0.63047,0.19722,0.62500,0.16944,0.61797,0.14583,0.65625,0.24306,0.65781,0.18750,0.65234,0.15556,0.64531,0.13056,0.67500,0.25278,0.68047,0.19722,0.67891,0.16667,0.67266,0.14028,0.69063,0.27222,0.70000,0.23194,0.70000,0.20833,0.69531,0.18750,0.60495,0.81256,0.9995,0.72662,0.79169,0.9403,0.66495,0.38455,0.9963,0.65033,0.42501,0.65156,0.39722,99.33,0.9776,live,0.4151,0.4383,256.74,585.70
156109.068744,100.0,0.0926,2,1,1,0.65625,0.43194,0.62891,0.42639,0.60781,0.40139,0.59453,0.38056,0.58750,0.35000,0.63125,0.34167,0.62578,0.28333,0.61875,0.26806,0.61094,0.27639,0.65547,0.33889,0.66016,0.28056,0.65312,0.26806,0.64297,0.28194,0.67656,0.35556,0.68359,0.30139,0.67812,0.28472,0.66875,0.28750,0.69531,0.38194,0.70547,0.35694,0.70469,0.34306,0.70000,0.34028,0.60361,0.81984,0.9995,0.72850,0.88533,0.9399,0.66499,0.50277,0.9965,0.65151,0.42639,0.65625,0.43194,72.01,0.6923,live,0.4068,0.3688,209.21,567.26
156109.135214,100.0,0.2033,2,1,1,0.65234,0.68611,0.62422,0.65694,0.60469,0.61250,0.59062,0.58472,0.57969,0.55972,0.62656,0.53194,0.62734,0.47917,0.61641,0.46806,0.60547,0.47917,0.65156,0.53611,0.66016,0.47083,0.65000,0.47361,0.63828,0.50000,0.67422,0.55694,0.68672,0.49444,0.67969,0.49861,0.67109,0.52361,0.69453,0.59028,0.71016,0.55278,0.70547,0.55417,0.69766,0.57083,0.60366,0.81977,0.9995,0.73113,0.96821,0.9340,0.66499,0.64151,0.9966,0.65168,0.47834,0.65234,0.68611,102.01,0.9747,live,0.3845,0.2833,162.20,572.64
156109.202315,100.0,0.3152,2,1,1,0.65234,0.68611,0.62422,0.65694,0.60469,0.61250,0.59062,0.58472,0.57969,0.55972,0.62656,0.53194,0.62734,0.47917,0.61641,0.46806,0.60547,0.47917,0.65156,0.53611,0.66016,0.47083,0.65000,0.47361,0.63828,0.50000,0.67422,0.55694,0.68672,0.49444,0.67969,0.49861,0.67109,0.52361,0.69453,0.59028,0.71016,0.55278,0.70547,0.55417,0.69766,0.57083,0.60560,0.82398,0.9996,0.73614,1.00000,0.9356,0.66818,0.77179,0.9967,0.65168,0.47834,0.65234,0.68611,102.01,0.5848,hold,0.3845,0.2833,162.20,572.64
156109.269037,100.0,0.4264,2,1,1,0.64531,0.81667,0.61250,0.81389,0.58594,0.76528,0.56953,0.75000,0.57969,0.75278,0.61328,0.71944,0.61172,0.65278,0.59688,0.67500,0.58437,0.71667,0.64375,0.73194,0.65234,0.65972,0.63984,0.68889,0.62656,0.73889,0.67031,0.75556,0.68203,0.69028,0.67500,0.72222,0.66250,0.76667,0.69141,0.78472,0.70859,0.75417,0.70937,0.77778,0.70391,0.80972,0.60966,0.83309,0.9996,0.75312,1.00000,0.9370,0.67027,0.82620,0.9968,0.65041,0.54600,0.64531,0.81667,78.99,0.9902,live,0.3433,0.1554,87.17,560.80
156109.335315,100.0,0.5368,2,1,1,0.64766,0.85278,0.61484,0.83889,0.58906,0.78889,0.57188,0.77500,0.57422,0.76944,0.61641,0.73611,0.60781,0.68194,0.59375,0.70139,0.58203,0.74306,0.64766,0.74861,0.65000,0.68472,0.63516,0.71389,0.62187,0.76528,0.67266,0.77222,0.68047,0.71250,0.67109,0.74583,0.66016,0.79167,0.69297,0.80139,0.70781,0.77778,0.70781,0.80278,0.70312,0.83472,0.61432,0.83466,0.9996,0.75866,1.00000,0.9359,0.67566,0.86622,0.9967,0.64986,0.60736,0.64766,0.85278,86.38,0.9899,live,0.3240,0.2363,131.31,555.69
156109.401821,100.0,0.6477,2,1,1,0.64766,0.84444,0.61719,0.83611,0.58984,0.78056,0.57266,0.76667,0.57891,0.76667,0.61406,0.73194,0.60703,0.67500,0.59375,0.69306,0.58359,0.73611,0.64609,0.74306,0.65000,0.67639,0.63750,0.70694,0.62656,0.75972,0.67266,0.76528,0.68125,0.70417,0.67188,0.73750,0.65938,0.78056,0.69453,0.79306,0.71094,0.77083,0.70781,0.79722,0.69922,0.82778,0.61398,0.83394,0.9996,0.74639,1.00000,0.9365,0.67326,0.84633,0.9967,0.64942,0.65478,0.64766,0.84444,86.81,0.9890,live,0.3240,0.3000,165.46,551.51
156109.469405,100.0,0.7603,2,1,1,0.64766,0.81389,0.61641,0.80278,0.58828,0.75694,0.56953,0.73889,0.57734,0.73472,0.61406,0.70000,0.60547,0.64444,0.59297,0.65833,0.58437,0.69722,0.64453,0.71111,0.64844,0.64167,0.63750,0.66806,0.62734,0.71944,0.67031,0.73194,0.67891,0.66944,0.67344,0.69722,0.66406,0.74028,0.69141,0.75972,0.70625,0.72778,0.70703,0.75000,0.70078,0.78194,0.61382,0.83185,0.9996,0.74588,1.00000,0.9375,0.67345,0.81140,0.9968,0.64906,0.68660,0.64766,0.81389,85.72,0.9773,live,0.3240,0.3443,188.38,547.05
156109.535192,100.0,0.8700,2,1,1,0.65469,0.77639,0.62422,0.73194,0.60156,0.68611,0.58203,0.65972,0.56641,0.63472,0.61797,0.61250,0.61328,0.56389,0.60000,0.55556,0.58906,0.56528,0.64453,0.61528,0.65234,0.55139,0.64219,0.55972,0.63125,0.59167,0.66953,0.63194,0.68203,0.57222,0.67188,0.59306,0.66172,0.62639,0.69141,0.66111,0.70469,0.62222,0.69609,0.64028,0.68672,0.66528,0.60891,0.83261,0.9996,0.73719,1.00000,0.9351,0.67007,0.72968,0.9968,0.65019,0.70456,0.65469,0.77639,109.86,0.9310,live,0.3304,0.3592,201.30,560.50
156109.602497,100.0,0.9822,2,1,1,0.64687,0.58750,0.61562,0.55139,0.59609,0.50139,0.58594,0.46250,0.58437,0.42917,0.62422,0.42917,0.62109,0.37222,0.61250,0.35000,0.60313,0.35139,0.64687,0.42778,0.65078,0.36250,0.64219,0.34583,0.62891,0.35694,0.66797,0.44167,0.67734,0.38056,0.67031,0.35972,0.65938,0.36389,0.68594,0.47083,0.69688,0.43472,0.69453,0.42361,0.68906,0.42500,0.60365,0.83167,0.9996,0.73317,0.94709,0.9368,0.66223,0.58828,0.9970,0.64953,0.68115,0.64687,0.58750,103.72,0.9435,live,0.3304,0.3527,200.30,567.92
156109.669136,100.0,0.0932,2,2,0,0.64219,0.50278,0.61016,0.43472,0.59688,0.37639,0.59375,0.32500,0.59141,0.28194,0.62266,0.33611,0.62031,0.28611,0.61953,0.25694,0.61875,0.22917,0.64141,0.33472,0.64531,0.28472,0.64687,0.25278,0.64687,0.22639,0.65781,0.34306,0.66484,0.29722,0.66641,0.26111,0.66563,0.22917,0.67266,0.36111,0.68047,0.31944,0.68125,0.29306,0.68125,0.26667,0.59959,0.83213,0.9996,0.73028,0.84283,0.9387,0.65879,0.47756,0.9972,0.64806,0.64547,0.64219,0.50278,104.82,0.9250,live,0.3219,0.2833,162.94,575.24
156109.735532,100.0,0.2039,2,2,0,0.63750,0.42361,0.60078,0.35972,0.58828,0.30556,0.58672,0.25833,0.58672,0.21667,0.61406,0.26389,0.61016,0.21389,0.60781,0.18611,0.60547,0.15833,0.63047,0.25833,0.63125,0.20972,0.63047,0.17778,0.62891,0.15417,0.64531,0.26111,0.64844,0.21806,0.64766,0.18472,0.64609,0.15556,0.66094,0.27361,0.66484,0.23056,0.66406,0.20556,0.66250,0.18056,0.59940,0.83190,0.9996,0.72173,0.79559,0.9400,0.65264,0.39324,0.9974,0.64595,0.60110,0.63750,0.42361,102.67,0.9628,live,0.2994,0.1970,114.30,580.13
156109.802519,100.0,0.3155,2,2,0,0.62969,0.37222,0.59688,0.32083,0.58281,0.26944,0.57969,0.22361,0.57734,0.18611,0.60703,0.22083,0.60078,0.17639,0.59297,0.15000,0.58516,0.12083,0.62344,0.20972,0.62187,0.16111,0.61484,0.12917,0.60703,0.10139,0.63906,0.21250,0.63984,0.16528,0.63594,0.13333,0.62813,0.10417,0.65391,0.22778,0.65859,0.18750,0.65625,0.15972,0.65156,0.13194,0.59804,0.82856,0.9996,0.71645,0.75961,0.9415,0.64246,0.34334,0.9975,0.64269,0.55532,0.62969,0.37222,99.70,0.9532,live,0.2809,0.1968,114.58,582.30
156109.868956,100.0,0.4263,2,2,0,0.62344,0.35000,0.59219,0.31667,0.57734,0.26667,0.57422,0.22083,0.57266,0.18472,0.60234,0.21389,0.59531,0.17083,0.58750,0.14444,0.57969,0.12083,0.61875,0.20556,0.61641,0.15417,0.60938,0.12361,0.60078,0.09861,0.63438,0.20694,0.63516,0.15694,0.63047,0.12639,0.62266,0.10000,0.64844,0.21806,0.65156,0.17778,0.64922,0.15139,0.64453,0.12500,0.59812,0.82533,0.9996,0.71514,0.74458,0.9421,0.63999,0.33832,0.9976,0.63884,0.51426,0.62344,0.35000,91.29,0.9573,live,0.2733,0.2384,137.81,578.15
156109.935572,100.0,0.5373,2,2,0,0.61875,0.35417,0.58828,0.32361,0.57422,0.27500,0.57109,0.23056,0.56953,0.19444,0.59844,0.22222,0.59141,0.18056,0.58359,0.15417,0.57578,0.13056,0.61562,0.21250,0.61250,0.16389,0.60625,0.13333,0.59766,0.10694,0.63047,0.21528,0.63047,0.16667,0.62578,0.13611,0.61875,0.10833,0.64531,0.22639,0.64766,0.18750,0.64531,0.16111,0.64062,0.13750,0.59847,0.82259,0.9996,0.71577,0.74089,0.9434,0.63826,0.35009,0.9977,0.63482,0.48224,0.61875,0.35417,89.68,0.9654,live,0.2733,0.2813,161.27,573.34
156110.002543,100.0,0.6489,2,2,0,0.61641,0.38194,0.58750,0.35139,0.57344,0.30139,0.57031,0.25833,0.56719,0.22361,0.59844,0.24583,0.59062,0.20278,0.58281,0.17639,0.57500,0.15417,0.61562,0.23750,0.61328,0.18750,0.60547,0.15694,0.59688,0.13194,0.63125,0.24167,0.63203,0.19306,0.62578,0.16111,0.61797,0.13472,0.64609,0.25417,0.65078,0.21528,0.64766,0.18889,0.64141,0.16528,0.59758,0.82218,0.9996,0.71542,0.75067,0.9444,0.63897,0.37567,0.9978,0.63114,0.46218,0.61641,0.38194,91.38,0.9541,live,0.2797,0.3090,176.20,570.33
156110.069749,100.0,0.7609,2,2,0,0.61875,0.43750,0.58984,0.41667,0.57422,0.36944,0.56953,0.32778,0.56641,0.29167,0.60234,0.30972,0.59375,0.26250,0.58594,0.24028,0.57734,0.22361,0.62109,0.30139,0.61875,0.24861,0.61172,0.22083,0.60391,0.20139,0.63906,0.30833,0.63906,0.25833,0.63281,0.23056,0.62422,0.20833,0.65625,0.32500,0.66172,0.28611,0.65938,0.26250,0.65156,0.24444,0.59842,0.82217,0.9996,0.71763,0.86704,0.9429,0.63926,0.46338,0.9979,0.62866,0.45725,0.61875,0.43750,89.11,0.9622,live,0.2866,0.3183,180.18,566.05
156110.135648,100.0,0.8707,2,2,0,0.63516,0.62500,0.60625,0.60000,0.58516,0.55972,0.57344,0.52778,0.56953,0.49861,0.61094,0.48472,0.60859,0.43056,0.59688,0.40694,0.58516,0.40556,0.63438,0.48333,0.63672,0.41944,0.62734,0.41667,0.61719,0.43889,0.65625,0.49722,0.66094,0.44028,0.65234,0.44444,0.64375,0.46667,0.67500,0.52500,0.68281,0.48750,0.67578,0.48889,0.66953,0.50417,0.59835,0.83442,0.9996,0.72406,0.96876,0.9408,0.64090,0.60092,0.9980,0.62996,0.49080,0.63516,0.62500,95.72,0.9621,live,0.2866,0.2882,163.40,567.04
156110.202578,100.0,0.9823,2,2,0,0.66797,0.85000,0.63906,0.84028,0.61172,0.81111,0.59219,0.79167,0.58672,0.77083,0.61953,0.72917,0.60703,0.67222,0.60938,0.71389,0.61484,0.75694,0.64609,0.72639,0.63828,0.66250,0.64062,0.70556,0.64375,0.75139,0.67266,0.73750,0.67031,0.67083,0.67188,0.71806,0.67422,0.76528,0.69766,0.75972,0.70234,0.73056,0.70391,0.76528,0.70625,0.80000,0.60566,0.83215,0.9996,0.73703,1.00000,0.9384,0.68335,0.82595,0.9979,0.63756,0.56264,0.66797,0.85000,94.45,0.9889,live,0.2788,0.2430,137.78,567.00
156110.272414,100.0,0.0987,2,1,1,0.65938,0.89583,0.63047,0.89722,0.60391,0.87361,0.59375,0.85556,0.60469,0.84861,0.63125,0.80139,0.63047,0.75417,0.62891,0.77083,0.62500,0.80694,0.65859,0.80417,0.66641,0.76250,0.66641,0.78889,0.66406,0.83194,0.68203,0.81944,0.69375,0.78333,0.69688,0.81528,0.69453,0.85556,0.70156,0.84167,0.71797,0.82361,0.72500,0.84444,0.72578,0.87083,0.61561,0.83235,0.9996,0.74175,1.00000,0.9324,0.70118,0.95532,0.9972,0.64193,0.62928,0.65938,0.89583,76.03,0.9909,live,0.2695,0.2272,125.82,553.70
156110.336106,100.0,0.2048,2,1,1,0.66719,0.95139,0.63828,0.94861,0.61328,0.90417,0.59766,0.88194,0.60625,0.86944,0.64297,0.85000,0.63672,0.78889,0.62891,0.79722,0.62109,0.83333,0.67344,0.86250,0.68125,0.79167,0.67656,0.81667,0.66953,0.86667,0.69922,0.88472,0.71016,0.82917,0.70937,0.85972,0.70234,0.90278,0.71797,0.91250,0.73750,0.88889,0.74531,0.90833,0.74453,0.93750,0.61479,0.83587,0.9996,0.72753,1.00000,0.9239,0.69854,0.97528,0.9964,0.64698,0.69370,0.66719,0.95139,80.15,0.9923,live,0.2778,0.3153,171.85,544.97
156110.402916,100.0,0.3162,2,1,1,0.66719,0.95833,0.63750,0.95139,0.61406,0.90694,0.59844,0.88333,0.60625,0.87778,0.63984,0.85556,0.63438,0.79306,0.63047,0.80139,0.62578,0.84583,0.67109,0.86944,0.67969,0.79444,0.67734,0.81389,0.66953,0.86667,0.69688,0.89306,0.70781,0.82917,0.70781,0.85278,0.70078,0.89444,0.71641,0.92222,0.73359,0.88611,0.74219,0.90417,0.74141,0.93750,0.61637,0.84324,0.9997,0.74208,1.00000,0.9207,0.69929,0.98049,0.9958,0.65102,0.74663,0.66719,0.95833,80.83,0.9905,live,0.2982,0.3911,210.31,537.77
156110.469253,100.0,0.4267,2,1,1,0.66563,0.95694,0.63594,0.95278,0.61094,0.90972,0.59453,0.88611,0.60391,0.87639,0.63828,0.85556,0.63359,0.79306,0.62813,0.80278,0.62109,0.84444,0.67031,0.86944,0.67812,0.79444,0.67500,0.81944,0.66797,0.86944,0.69531,0.89167,0.70547,0.82917,0.70625,0.85556,0.70000,0.89722,0.71484,0.92083,0.73203,0.88889,0.73828,0.91111,0.73672,0.94306,0.61264,0.84662,0.9996,0.73095,1.00000,0.9126,0.69711,0.98278,0.9949,0.65394,0.78869,0.66563,0.95694,80.27,0.9905,live,0.3261,0.4535,240.82,531.03
156110.536326,100.0,0.5385,2,1,1,0.66563,0.95833,0.63672,0.95278,0.61250,0.90972,0.59844,0.88889,0.60313,0.88194,0.63984,0.85972,0.63516,0.79583,0.62813,0.80556,0.62109,0.84583,0.67109,0.87222,0.68047,0.79722,0.67422,0.82361,0.66563,0.87639,0.69609,0.89444,0.70625,0.83333,0.70625,0.86389,0.70000,0.90694,0.71484,0.92361,0.73125,0.89167,0.73828,0.91528,0.73828,0.94861,0.61493,0.84796,0.9997,0.74380,1.00000,0.9118,0.69668,0.97753,0.9944,0.65628,0.82262,0.66563,0.95833,78.73,0.9893,live,0.3586,0.5066,265.43,524.00
156110.603014,100.0,0.6497,2,1,1,0.67109,0.94167,0.64062,0.92917,0.61406,0.88889,0.59922,0.86250,0.60781,0.84861,0.64219,0.81111,0.63672,0.75139,0.63125,0.76111,0.62578,0.79861,0.67344,0.82083,0.68281,0.75278,0.67812,0.78056,0.67031,0.82917,0.69922,0.84444,0.71094,0.79167,0.70625,0.82639,0.69766,0.86806,0.71953,0.87917,0.73594,0.84583,0.73750,0.86944,0.73281,0.90139,0.61487,0.85029,0.9997,0.74124,1.00000,0.9060,0.69967,0.97979,0.9943,0.65924,0.84643,0.67109,0.94167,93.79,0.9876,live,0.3904,0.5352,282.93,528.64
156110.669472,100.0,0.7604,2,1,1,0.67656,0.90000,0.64453,0.84444,0.62266,0.79444,0.61016,0.75556,0.61094,0.71389,0.65234,0.72917,0.65078,0.68056,0.64609,0.65833,0.64141,0.65833,0.67969,0.73472,0.68906,0.67917,0.68906,0.65417,0.68359,0.65556,0.70234,0.75556,0.71406,0.70694,0.71484,0.69028,0.70937,0.69167,0.72031,0.79028,0.73984,0.75833,0.74609,0.73611,0.74609,0.72361,0.61477,0.85057,0.9997,0.75472,1.00000,0.9077,0.69957,0.89707,0.9947,0.66271,0.85714,0.67656,0.90000,110.06,0.9618,live,0.4164,0.5349,291.20,544.45
156110.736261,100.0,0.8718,2,1,1,0.68281,0.69028,0.65078,0.65833,0.63125,0.60556,0.62813,0.56250,0.62656,0.52500,0.66484,0.52639,0.66172,0.47083,0.65859,0.44028,0.65469,0.41806,0.69219,0.52500,0.69922,0.46667,0.70078,0.43333,0.69922,0.41111,0.71484,0.54167,0.72500,0.48889,0.72891,0.46528,0.72969,0.44861,0.73281,0.57083,0.74687,0.53194,0.75313,0.51389,0.75625,0.50139,0.61209,0.83684,0.9997,0.75304,1.00000,0.9099,0.69733,0.70851,0.9950,0.66673,0.82377,0.68281,0.69028,109.93,0.9718,live,0.4109,0.3857,215.30,558.26
156110.802991,100.0,0.9830,2,1,1,0.68359,0.51389,0.65000,0.46944,0.63594,0.40694,0.63672,0.35556,0.63516,0.31528,0.66875,0.34306,0.66563,0.28472,0.66406,0.25000,0.66406,0.21944,0.69453,0.34028,0.69922,0.27500,0.70078,0.23472,0.70156,0.20278,0.71484,0.35278,0.72344,0.29306,0.72656,0.25972,0.72813,0.23194,0.73203,0.37639,0.74141,0.33333,0.74609,0.30694,0.74844,0.28333,0.60636,0.82869,0.9996,0.74356,0.89230,0.9125,0.69364,0.53769,0.9954,0.67010,0.76179,0.68359,0.51389,112.88,0.9241,live,0.3897,0.2934,167.98,572.55
156110.869462,100.0,0.0938,2,2,0,0.67344,0.44167,0.63906,0.37222,0.62813,0.31250,0.62969,0.25972,0.62891,0.21806,0.65625,0.26944,0.65391,0.21389,0.65234,0.17500,0.65312,0.13750,0.67656,0.26250,0.68125,0.20417,0.68359,0.16250,0.68594,0.12361,0.69375,0.26667,0.69922,0.21528,0.70234,0.17500,0.70469,0.13750,0.71016,0.28333,0.71797,0.23889,0.72109,0.20694,0.72344,0.17639,0.60091,0.82926,0.9996,0.74067,0.81925,0.9164,0.68872,0.42677,0.9957,0.67077,0.69777,0.67344,0.44167,112.01,0.9311,live,0.3714,0.2877,168.17,584.49
156110.935898,100.0,0.2045,2,2,0,0.66172,0.37917,0.62578,0.32083,0.61328,0.26667,0.61328,0.21806,0.61172,0.18056,0.64062,0.21944,0.63594,0.17083,0.63281,0.14028,0.63125,0.10833,0.65938,0.21250,0.66016,0.15833,0.65859,0.12222,0.65703,0.08889,0.67500,0.21667,0.67891,0.16667,0.67891,0.13056,0.67812,0.09722,0.69141,0.22917,0.69688,0.18889,0.69844,0.16111,0.69922,0.13194,0.60122,0.82703,0.9997,0.74062,0.78249,0.9205,0.68034,0.38349,0.9961,0.66896,0.63405,0.66172,0.37917,104.51,0.9423,live,0.3544,0.2773,163.49,589.60
156111.003389,100.0,0.3170,2,2,0,0.65078,0.34722,0.61797,0.31111,0.60391,0.25972,0.60313,0.21389,0.60156,0.17778,0.62891,0.21250,0.62422,0.16667,0.62109,0.13750,0.61875,0.11111,0.64844,0.20556,0.64844,0.15139,0.64609,0.11944,0.64375,0.09028,0.66484,0.20694,0.66719,0.15694,0.66563,0.12361,0.66328,0.09306,0.68125,0.21806,0.68516,0.17778,0.68594,0.15139,0.68594,0.12639,0.60145,0.82726,0.9997,0.73311,0.74961,0.9235,0.67122,0.36618,0.9963,0.66532,0.57668,0.65078,0.34722,92.74,0.9266,live,0.3544,0.3468,203.08,585.62
156111.069704,100.0,0.4275,2,2,0,0.64531,0.34306,0.61250,0.30833,0.59922,0.26528,0.59844,0.22083,0.59688,0.18611,0.62578,0.22083,0.61953,0.17639,0.61562,0.14861,0.61250,0.12083,0.64453,0.21250,0.64375,0.16111,0.64141,0.12778,0.63828,0.09861,0.66016,0.21389,0.66250,0.16528,0.66094,0.13194,0.65859,0.10139,0.67656,0.22222,0.68047,0.18333,0.68125,0.15694,0.68047,0.13056,0.60273,0.82483,0.9996,0.73023,0.76066,0.9261,0.66709,0.35206,0.9965,0.66132,0.52996,0.64531,0.34306,86.56,0.9333,live,0.3643,0.4091,236.30,577.67
156111.136136,100.0,0.5382,2,2,0,0.64375,0.35833,0.61094,0.32500,0.59922,0.27778,0.59844,0.23472,0.59688,0.20139,0.62422,0.23889,0.61719,0.19306,0.61172,0.16389,0.60703,0.13611,0.64375,0.23056,0.64297,0.17778,0.64062,0.14306,0.63672,0.11250,0.66016,0.23194,0.66328,0.18333,0.66172,0.14722,0.65859,0.11528,0.67578,0.24167,0.68203,0.20278,0.68203,0.17361,0.68125,0.14583,0.60330,0.82398,0.9997,0.72900,0.77091,0.9290,0.66649,0.36991,0.9967,0.65781,0.49563,0.64375,0.35833,85.27,0.9011,live,0.3811,0.4580,260.95,569.74
156111.203068,100.0,0.6498,2,2,0,0.64766,0.38750,0.61562,0.35556,0.60313,0.30556,0.60234,0.25972,0.60234,0.22500,0.62656,0.26250,0.61797,0.21667,0.61094,0.18611,0.60625,0.15694,0.64687,0.25417,0.64609,0.19861,0.64375,0.16250,0.63984,0.12917,0.66484,0.25694,0.66719,0.20417,0.66563,0.16806,0.66328,0.13472,0.68203,0.26806,0.68906,0.22639,0.68984,0.19722,0.68828,0.16944,0.60288,0.82396,0.9996,0.72885,0.77305,0.9310,0.66635,0.39464,0.9970,0.65578,0.47401,0.64766,0.38750,89.42,0.9060,live,0.4005,0.4888,276.52,565.75
156111.269758,100.0,0.7609,2,2,0,0.65312,0.44306,0.62266,0.41806,0.60938,0.36389,0.60859,0.31528,0.60781,0.27639,0.63594,0.31528,0.62656,0.26528,0.61953,0.23472,0.61328,0.20694,0.65859,0.30694,0.65938,0.24444,0.65625,0.20556,0.65234,0.17361,0.67812,0.31389,0.68359,0.25556,0.68281,0.21944,0.67891,0.18750,0.69609,0.33194,0.70625,0.29028,0.70859,0.26250,0.70703,0.23611,0.60034,0.82502,0.9996,0.72707,0.85474,0.9291,0.66666,0.46229,0.9971,0.65525,0.46782,0.65312,0.44306,91.96,0.9404,live,0.4104,0.4557,257.06,564.08
156111.336073,100.0,0.8714,2,2,0,0.66328,0.63194,0.63125,0.59028,0.61562,0.53194,0.61484,0.48472,0.61484,0.44306,0.64375,0.46389,0.63594,0.40694,0.62969,0.36944,0.62344,0.33889,0.66953,0.45833,0.67344,0.39306,0.67188,0.35000,0.66875,0.31250,0.69063,0.47083,0.69844,0.40972,0.70000,0.37361,0.69922,0.34167,0.70781,0.49722,0.72266,0.45417,0.72969,0.42639,0.73359,0.40139,0.60023,0.82444,0.9996,0.72756,0.97262,0.9243,0.66685,0.61736,0.9972,0.65685,0.50064,0.66328,0.63194,111.69,0.9494,live,0.4168,0.4457,257.06,576.80
156111.402918,100.0,0.9829,2,2,0,0.67969,0.89861,0.64687,0.86389,0.62422,0.81528,0.61797,0.77361,0.62344,0.73472,0.65625,0.72083,0.65000,0.66250,0.64297,0.63472,0.63594,0.61944,0.68437,0.71944,0.69219,0.65000,0.68984,0.61528,0.68359,0.59444,0.70781,0.74028,0.72031,0.67917,0.72031,0.65694,0.71562,0.64028,0.72656,0.77639,0.74609,0.74167,0.75391,0.72222,0.75547,0.70417,0.60675,0.83417,0.9996,0.73479,1.00000,0.9183,0.68897,0.87120,0.9970,0.66142,0.58024,0.67969,0.89861,116.40,0.9834,live,0.4065,0.3595,212.59,591.40
156111.469896,100.0,0.0945,2,1,1,0.69219,0.91250,0.66719,0.89861,0.64297,0.87222,0.62891,0.85278,0.62422,0.83472,0.66250,0.81250,0.66016,0.77222,0.65859,0.77222,0.65703,0.79306,0.68984,0.82083,0.69688,0.77500,0.69766,0.77500,0.69688,0.79722,0.71328,0.84861,0.72656,0.81667,0.73047,0.82500,0.73125,0.84722,0.73438,0.88750,0.75313,0.89306,0.76016,0.89722,0.76250,0.90694,0.60863,0.84838,0.9996,0.69618,1.00000,0.9039,0.69108,0.98787,0.9961,0.66757,0.64669,0.69219,0.91250,77.77,0.8392,live,0.3739,0.2255,129.98,576.42
156111.536630,100.0,0.2057,2,1,1,0.67031,0.99722,0.64375,0.99444,0.62422,0.96944,0.62031,0.95000,0.62813,0.92778,0.65469,0.88889,0.65703,0.83889,0.65781,0.82222,0.65703,0.83333,0.68437,0.89444,0.69766,0.84028,0.70312,0.82639,0.70547,0.84444,0.70781,0.92361,0.72656,0.88194,0.73594,0.87361,0.73906,0.88750,0.72500,0.96528,0.74687,0.94722,0.75859,0.94722,0.76328,0.96111,0.60862,0.83526,0.9997,0.71141,1.00000,0.8963,0.69089,0.97588,0.9946,0.66812,0.71680,0.67031,0.99722,83.96,0.9863,live,0.3637,0.3171,180.02,567.70
156111.603432,100.0,0.3170,2,1,1,0.67031,0.99861,0.64219,0.99861,0.62031,0.98194,0.61328,0.95556,0.62109,0.92500,0.65391,0.88750,0.65781,0.83889,0.65703,0.81667,0.65312,0.82222,0.68516,0.89167,0.69609,0.83611,0.70078,0.81667,0.70156,0.82639,0.71016,0.92083,0.72500,0.86806,0.73359,0.85278,0.73672,0.86250,0.72813,0.96389,0.74609,0.92917,0.75703,0.92222,0.76250,0.93194,0.60365,0.82680,0.9997,0.70373,1.00000,0.8779,0.69526,0.98095,0.9937,0.66856,0.77316,0.67031,0.99861,87.48,0.9904,live,0.3688,0.3920,220.51,562.56
156111.669971,100.0,0.4279,2,1,1,0.67500,0.99861,0.64375,0.99861,0.62031,0.96250,0.61328,0.92639,0.62187,0.89028,0.65547,0.86389,0.65781,0.80694,0.65547,0.78472,0.65078,0.79306,0.68516,0.86806,0.69531,0.80972,0.69844,0.78750,0.69688,0.80139,0.71016,0.89444,0.72422,0.84167,0.72969,0.82083,0.73047,0.82778,0.72891,0.93750,0.74687,0.90556,0.75469,0.89167,0.75859,0.89583,0.60367,0.82624,0.9997,0.69610,1.00000,0.8676,0.69581,0.98104,0.9930,0.66985,0.81825,0.67500,0.99861,96.20,0.9854,live,0.3831,0.4483,253.00,564.32
156111.736552,100.0,0.5389,2,1,1,0.67266,0.99722,0.63984,0.96944,0.61797,0.92222,0.61406,0.88194,0.62422,0.84583,0.65391,0.81944,0.65391,0.76528,0.65156,0.74028,0.64844,0.74583,0.68437,0.82361,0.69375,0.76389,0.69688,0.73750,0.69531,0.74167,0.70937,0.85000,0.72344,0.80000,0.72891,0.77639,0.72734,0.77639,0.72969,0.89306,0.74922,0.86250,0.75703,0.84444,0.75938,0.83889,0.60384,0.83150,0.9996,0.68857,1.00000,0.8556,0.69472,0.98319,0.9922,0.67041,0.85404,0.67266,0.99722,117.83,0.9882,live,0.4004,0.4794,278.76,581.44
156111.803363,100.0,0.6503,2,1,1,0.67344,0.93611,0.64062,0.88056,0.61953,0.82222,0.61484,0.77361,0.61953,0.72917,0.65391,0.74167,0.65078,0.69444,0.64687,0.66111,0.64375,0.62917,0.68125,0.74306,0.68672,0.69444,0.68984,0.66111,0.69297,0.63056,0.70469,0.75972,0.71406,0.71528,0.71953,0.68333,0.72109,0.65278,0.72422,0.79028,0.73984,0.75139,0.74844,0.72778,0.75234,0.70278,0.60628,0.83351,0.9997,0.72774,1.00000,0.8571,0.69405,0.91611,0.9923,0.67101,0.87046,0.67344,0.93611,125.41,0.9721,live,0.4152,0.4828,290.60,601.96
156111.869968,100.0,0.7613,2,1,1,0.67109,0.73194,0.63672,0.69167,0.61797,0.63333,0.61328,0.58194,0.61172,0.53611,0.64687,0.55417,0.64141,0.49444,0.63672,0.46111,0.63203,0.43194,0.67500,0.55000,0.67812,0.48611,0.67656,0.45000,0.67422,0.42083,0.69844,0.56389,0.70625,0.50417,0.70781,0.47222,0.70781,0.44861,0.71875,0.59028,0.73125,0.54444,0.73672,0.51667,0.73906,0.49444,0.60412,0.82425,0.9997,0.73249,1.00000,0.8601,0.68774,0.73029,0.9927,0.67103,0.84275,0.67109,0.73194,119.31,0.9650,live,0.4152,0.4335,266.88,615.63
156111.936704,100.0,0.8725,2,1,1,0.66172,0.53333,0.62813,0.49028,0.61172,0.43333,0.61094,0.37917,0.60938,0.33333,0.64062,0.36944,0.63438,0.30972,0.63047,0.27500,0.62734,0.24306,0.66563,0.36389,0.66563,0.29861,0.66328,0.25694,0.66016,0.22222,0.68750,0.37222,0.69141,0.30833,0.69141,0.27083,0.68984,0.23889,0.70625,0.39167,0.71484,0.34444,0.71797,0.31250,0.71953,0.28472,0.59712,0.81508,0.9997,0.72993,0.91483,0.8643,0.67188,0.54227,0.9932,0.66917,0.78087,0.66172,0.53333,111.38,0.9263,live,0.4011,0.3366,209.32,621.95
156112.003650,100.0,0.9841,2,1,1,0.65469,0.44861,0.61641,0.37500,0.60547,0.31528,0.60391,0.26250,0.60391,0.21667,0.62656,0.28333,0.62266,0.22778,0.62109,0.19306,0.62031,0.15833,0.64687,0.27639,0.64844,0.22222,0.65000,0.18472,0.65156,0.15139,0.66484,0.27778,0.66875,0.22917,0.67109,0.19028,0.67188,0.15556,0.68359,0.28889,0.68984,0.24028,0.69141,0.20972,0.69297,0.17917,0.59426,0.80858,0.9997,0.72842,0.80843,0.8731,0.66448,0.41544,0.9936,0.66627,0.71442,0.65469,0.44861,110.66,0.9170,live,0.3752,0.2571,161.23,626.99
156112.069892,100.0,0.0945,2,2,0,0.64375,0.36806,0.60391,0.30139,0.59453,0.24583,0.59453,0.19861,0.59219,0.15694,0.61719,0.21944,0.61172,0.16806,0.60859,0.13333,0.60625,0.10000,0.63516,0.21250,0.63516,0.15833,0.63359,0.11806,0.63281,0.08611,0.65156,0.21250,0.65312,0.16389,0.65156,0.12361,0.65078,0.08889,0.66875,0.21944,0.67266,0.17639,0.67266,0.14583,0.67188,0.11806,0.59409,0.80678,0.9997,0.72231,0.72088,0.8810,0.64702,0.33484,0.9941,0.66177,0.64515,0.64375,0.36806,100.62,0.8854,live,0.3545,0.2606,162.66,624.20
156112.137001,100.0,0.2063,2,2,0,0.62578,0.30972,0.59297,0.26528,0.58125,0.22083,0.58047,0.17500,0.57734,0.14028,0.60469,0.18472,0.59844,0.14444,0.59297,0.11806,0.58984,0.09028,0.62266,0.17639,0.62109,0.13056,0.61641,0.10000,0.61250,0.07083,0.63828,0.17778,0.64062,0.13333,0.63750,0.10139,0.63359,0.07083,0.65547,0.18611,0.65938,0.14861,0.65781,0.12361,0.65547,0.09583,0.59484,0.80383,0.9997,0.71553,0.70357,0.8885,0.63971,0.30796,0.9945,0.65457,0.57806,0.62578,0.30972,87.96,0.9163,live,0.3545,0.3454,211.58,612.62
156112.203641,100.0,0.3174,2,2,0,0.61953,0.28611,0.58828,0.25694,0.57578,0.21667,0.57500,0.17639,0.57188,0.14306,0.59688,0.18750,0.59062,0.14861,0.58672,0.12222,0.58359,0.09861,0.61484,0.17917,0.61250,0.13333,0.60938,0.10417,0.60547,0.07639,0.63125,0.17778,0.63125,0.13472,0.62891,0.10278,0.62656,0.07500,0.64844,0.18194,0.65156,0.14583,0.65078,0.12083,0.64766,0.09861,0.59492,0.79024,0.9997,0.70893,0.66668,0.8949,0.63400,0.29006,0.9948,0.64756,0.51967,0.61953,0.28611,75.92,0.9247,live,0.3678,0.4284,254.35,593.77
156112.270202,100.0,0.4283,2,2,0,0.61875,0.29306,0.58828,0.26667,0.57578,0.22778,0.57422,0.18611,0.57188,0.15278,0.59844,0.19861,0.59141,0.15833,0.58672,0.13056,0.58359,0.10417,0.61641,0.18889,0.61406,0.14306,0.61016,0.11111,0.60625,0.08194,0.63281,0.18750,0.63281,0.14167,0.62969,0.10972,0.62656,0.08194,0.64922,0.19167,0.65312,0.15556,0.65234,0.12917,0.64922,0.10556,0.59429,0.78895,0.9997,0.70832,0.67118,0.9004,0.63090,0.29319,0.9951,0.64180,0.47435,0.61875,0.29306,73.95,0.8905,live,0.3915,0.4996,287.64,575.77
156112.336485,100.0,0.5388,2,2,0,0.62266,0.31528,0.59141,0.28750,0.57969,0.24583,0.57891,0.20139,0.57500,0.16806,0.60234,0.21528,0.59609,0.17222,0.59219,0.14306,0.58828,0.11528,0.62109,0.20556,0.61953,0.15833,0.61641,0.12500,0.61250,0.09306,0.63906,0.20556,0.63984,0.15833,0.63750,0.12500,0.63359,0.09583,0.65625,0.21111,0.66016,0.17222,0.65859,0.14583,0.65547,0.12222,0.59139,0.78911,0.9997,0.70835,0.70374,0.9051,0.63328,0.31960,0.9955,0.63797,0.44253,0.62266,0.31528,77.77,0.8392,live,0.4206,0.5527,311.00,562.67
156112.403722,100.0,0.6509,2,2,0,0.63203,0.35833,0.60078,0.33194,0.58750,0.28333,0.58672,0.23611,0.58516,0.19861,0.61172,0.24722,0.60625,0.19722,0.60234,0.16389,0.59766,0.13611,0.63281,0.23889,0.63203,0.18333,0.62813,0.14722,0.62266,0.11389,0.65156,0.24028,0.65312,0.18611,0.65078,0.15000,0.64609,0.11806,0.66953,0.25000,0.67422,0.20833,0.67422,0.17917,0.67109,0.15278,0.59181,0.79844,0.9997,0.70953,0.78627,0.9060,0.64278,0.35851,0.9958,0.63678,0.42569,0.63203,0.35833,83.93,0.8242,live,0.4432,0.5462,303.47,555.58
156112.469958,100.0,0.7613,2,2,0,0.64453,0.41250,0.61406,0.39861,0.59844,0.35556,0.59531,0.31250,0.59375,0.27222,0.62500,0.30000,0.61875,0.24861,0.61406,0.22083,0.60859,0.19583,0.64766,0.29444,0.64922,0.23472,0.64609,0.20139,0.64062,0.17222,0.66797,0.30417,0.67344,0.24722,0.67188,0.21389,0.66719,0.18472,0.68672,0.32361,0.69531,0.28333,0.69688,0.25694,0.69375,0.23194,0.59181,0.80293,0.9997,0.71214,0.86729,0.9089,0.64778,0.45604,0.9961,0.63833,0.42306,0.64453,0.41250,83.60,0.9194,live,0.4635,0.5561,305.35,549.11
156112.537015,100.0,0.8730,2,2,0,0.66563,0.65139,0.63203,0.60694,0.61406,0.54722,0.60859,0.49583,0.60625,0.44861,0.64297,0.46667,0.63750,0.40833,0.63203,0.37361,0.62500,0.35139,0.67031,0.46111,0.67422,0.39306,0.67266,0.35694,0.66563,0.33333,0.69297,0.47500,0.70000,0.40972,0.70000,0.37639,0.69609,0.35417,0.71250,0.50278,0.72500,0.45833,0.72891,0.43472,0.72813,0.41528,0.59192,0.80724,0.9997,0.71924,0.94398,0.9078,0.66322,0.60520,0.9963,0.64379,0.46872,0.66563,0.65139,122.16,0.9360,live,0.4472,0.3732,213.15,571.17
156112.603394,100.0,0.9836,2,2,0,0.67656,0.84444,0.64531,0.80417,0.62422,0.75556,0.61719,0.71806,0.62031,0.67500,0.65547,0.65556,0.65234,0.59861,0.64766,0.57361,0.63984,0.57361,0.68516,0.65556,0.69219,0.58750,0.69141,0.55972,0.68359,0.55833,0.71016,0.67778,0.72266,0.61389,0.72500,0.59028,0.71875,0.58472,0.72969,0.71667,0.75078,0.67361,0.75625,0.64861,0.75313,0.63472,0.59567,0.82033,0.9997,0.74313,1.00000,0.9075,0.68287,0.80755,0.9961,0.65035,0.54387,0.67656,0.84444,123.55,0.9903,live,0.4316,0.3603,213.15,591.59
156112.670423,100.0,0.0954,2,1,1,0.67500,0.91944,0.64609,0.89583,0.62422,0.85139,0.61875,0.81528,0.62734,0.77917,0.66016,0.74722,0.66094,0.68472,0.65469,0.67222,0.64453,0.69444,0.69063,0.75000,0.70234,0.68333,0.70000,0.66667,0.69219,0.68333,0.71484,0.77778,0.72813,0.72083,0.72813,0.70278,0.72188,0.70972,0.73516,0.82083,0.75469,0.78472,0.76016,0.76667,0.75781,0.76389,0.60303,0.82560,0.9997,0.72946,1.00000,0.9007,0.69578,0.93192,0.9957,0.65528,0.61898,0.67500,0.91944,115.87,0.9925,live,0.3965,0.2368,143.04,604.02
156112.737028,100.0,0.2064,2,1,1,0.67500,0.96667,0.64375,0.94028,0.62344,0.89306,0.61719,0.85556,0.62734,0.82083,0.66094,0.79028,0.66172,0.73611,0.65781,0.71389,0.64922,0.72778,0.69141,0.79444,0.70547,0.72917,0.70391,0.70556,0.69297,0.72778,0.71562,0.82083,0.73047,0.76528,0.73203,0.74306,0.72656,0.75833,0.73438,0.86389,0.75547,0.82778,0.76094,0.80972,0.75938,0.81528,0.61061,0.82643,0.9997,0.71911,1.00000,0.8916,0.69806,0.95747,0.9950,0.65922,0.68852,0.67500,0.96667,117.01,0.9966,live,0.3817,0.3139,193.28,615.78
156112.804246,100.0,0.3184,2,1,1,0.67422,0.97222,0.64453,0.94167,0.62422,0.89444,0.61797,0.85833,0.63047,0.82639,0.66016,0.79167,0.66172,0.73750,0.65625,0.72083,0.64687,0.74028,0.69063,0.79583,0.70547,0.72778,0.70469,0.70833,0.69609,0.73194,0.71562,0.82361,0.73125,0.76528,0.73359,0.74861,0.72578,0.76667,0.73672,0.86528,0.75859,0.82778,0.76250,0.81528,0.75703,0.82361,0.61240,0.82811,0.9997,0.71613,1.00000,0.8857,0.69967,0.96534,0.9947,0.66222,0.74526,0.67422,0.97222,120.60,0.9934,live,0.3817,0.3726,234.26,628.72
156112.870416,100.0,0.4287,2,1,1,0.67578,0.95556,0.64531,0.92361,0.62500,0.87361,0.62031,0.83750,0.63125,0.80278,0.66328,0.77083,0.66328,0.71528,0.65781,0.69861,0.64844,0.71667,0.69297,0.77500,0.70469,0.71250,0.70469,0.69028,0.69609,0.70972,0.71797,0.80000,0.73203,0.74583,0.73359,0.72639,0.72734,0.74167,0.73906,0.84167,0.75781,0.80278,0.76172,0.78472,0.75703,0.78889,0.61266,0.83595,0.9997,0.71274,1.00000,0.8790,0.70123,0.95719,0.9945,0.66493,0.78732,0.67578,0.95556,122.66,0.9960,live,0.3872,0.4126,264.73,641.59
156112.937096,100.0,0.5398,2,1,1,0.68047,0.91667,0.65078,0.88056,0.63047,0.83056,0.62578,0.79306,0.63047,0.75556,0.66406,0.72639,0.66484,0.67222,0.65859,0.65417,0.64922,0.66389,0.69297,0.73056,0.70234,0.67222,0.70078,0.64722,0.69141,0.65139,0.71797,0.75278,0.72813,0.70139,0.72969,0.67778,0.72422,0.67639,0.73828,0.79167,0.75547,0.75556,0.76094,0.73333,0.76016,0.72361,0.61270,0.84073,0.9997,0.72500,1.00000,0.8852,0.70050,0.92123,0.9949,0.66804,0.81319,0.68047,0.91667,124.01,0.9966,live,0.3956,0.4339,283.73,653.89
156113.003698,100.0,0.6508,2,1,1,0.67812,0.84444,0.65000,0.78333,0.63281,0.73056,0.62969,0.68472,0.63516,0.64444,0.66563,0.64722,0.66328,0.60278,0.65781,0.57500,0.65234,0.55417,0.69219,0.64722,0.69766,0.60000,0.69844,0.56806,0.69609,0.54444,0.71406,0.66389,0.72344,0.61944,0.72656,0.59028,0.72344,0.56667,0.73359,0.69444,0.74844,0.65278,0.75391,0.62917,0.75391,0.60833,0.61369,0.84052,0.9997,0.74012,1.00000,0.8829,0.69998,0.83469,0.9952,0.67006,0.81944,0.67812,0.84444,127.17,0.9794,live,0.4023,0.4326,288.56,666.99
156113.070554,100.0,0.7622,2,1,1,0.68281,0.65833,0.65312,0.62083,0.63516,0.56806,0.63281,0.52222,0.63438,0.48056,0.66641,0.48889,0.66250,0.43472,0.65781,0.40556,0.65078,0.38750,0.69375,0.48333,0.69844,0.41944,0.69609,0.38750,0.68672,0.37083,0.71562,0.49583,0.72422,0.43472,0.72500,0.40556,0.72109,0.38889,0.73438,0.52361,0.74609,0.47917,0.75000,0.45556,0.74844,0.44028,0.60145,0.82342,0.9997,0.73942,0.98799,0.8830,0.69967,0.65261,0.9954,0.67261,0.78722,0.68281,0.65833,114.60,0.9601,live,0.4023,0.3812,255.20,669.47
156113.137222,100.0,0.8734,2,1,1,0.67344,0.56944,0.64297,0.49722,0.63125,0.43750,0.63047,0.38333,0.63047,0.33472,0.65391,0.39167,0.65000,0.33750,0.64844,0.30417,0.64844,0.27222,0.67500,0.39028,0.67812,0.33611,0.67969,0.30139,0.68047,0.27083,0.69453,0.39722,0.70078,0.34722,0.70312,0.30972,0.70469,0.27500,0.71250,0.41111,0.72188,0.36389,0.72500,0.33333,0.72656,0.30417,0.59541,0.82056,0.9997,0.73917,0.89579,0.8864,0.69071,0.52145,0.9954,0.67277,0.74366,0.67344,0.56944,115.05,0.9423,live,0.3836,0.2983,200.48,671.97
156113.203797,100.0,0.9843,2,1,1,0.66797,0.46806,0.63438,0.39583,0.62344,0.33472,0.62031,0.28333,0.61953,0.23611,0.64141,0.31528,0.63672,0.26111,0.63438,0.23056,0.63281,0.20139,0.66016,0.31111,0.66016,0.25556,0.66172,0.22500,0.66250,0.20000,0.67734,0.30972,0.68047,0.26111,0.68281,0.22639,0.68437,0.19861,0.69453,0.31528,0.69922,0.26667,0.70156,0.23889,0.70391,0.21389,0.59519,0.81824,0.9997,0.73754,0.82107,0.8922,0.67792,0.42438,0.9955,0.67181,0.68854,0.66797,0.46806,102.93,0.8906,live,0.3540,0.2195,146.06,665.44
156113.270891,100.0,0.0961,2,2,0,0.65547,0.38472,0.61953,0.32083,0.60938,0.26528,0.60859,0.21528,0.60547,0.17361,0.62656,0.24722,0.62266,0.19861,0.62031,0.16944,0.61719,0.13889,0.64375,0.24028,0.64375,0.19167,0.64219,0.15833,0.64141,0.13056,0.66016,0.23750,0.66094,0.19167,0.65938,0.15694,0.65859,0.12778,0.67734,0.23889,0.67891,0.19306,0.67891,0.16389,0.67969,0.13611,0.59530,0.81216,0.9997,0.73214,0.74014,0.8986,0.65977,0.34933,0.9959,0.66854,0.62778,0.65547,0.38472,96.18,0.9105,live,0.3285,0.2124,139.08,654.84
156113.337624,100.0,0.2074,2,2,0,0.63984,0.32639,0.60703,0.27361,0.59609,0.22361,0.59531,0.17778,0.59297,0.14028,0.61641,0.20139,0.61016,0.15972,0.60391,0.12917,0.59922,0.09861,0.63203,0.19167,0.62969,0.14583,0.62500,0.10972,0.62031,0.07778,0.64687,0.18889,0.64687,0.14583,0.64375,0.10972,0.63984,0.07778,0.66406,0.19444,0.66563,0.15556,0.66328,0.12778,0.65938,0.10278,0.59558,0.80333,0.9997,0.72946,0.68041,0.9046,0.64790,0.30970,0.9961,0.66280,0.56750,0.63984,0.32639,88.38,0.9197,live,0.3206,0.2843,181.90,639.89
156113.404029,100.0,0.3180,2,2,0,0.63359,0.28750,0.60000,0.25139,0.58750,0.20833,0.58672,0.16528,0.58594,0.13056,0.60781,0.18472,0.60078,0.14583,0.59609,0.12083,0.59141,0.09583,0.62500,0.17500,0.62109,0.13194,0.61641,0.10139,0.61094,0.07361,0.64062,0.17222,0.63906,0.12917,0.63516,0.09722,0.63047,0.07083,0.65703,0.17500,0.65859,0.13889,0.65547,0.11389,0.65078,0.09028,0.59568,0.79607,0.9997,0.72249,0.69074,0.9104,0.64706,0.30525,0.9963,0.65696,0.51150,0.63359,0.28750,78.13,0.9075,live,0.3276,0.3595,222.64,619.36
156113.470865,100.0,0.4294,2,2,0,0.62969,0.28333,0.59844,0.25417,0.58516,0.21389,0.58281,0.17083,0.58359,0.13611,0.60547,0.19444,0.59922,0.15694,0.59375,0.12917,0.58906,0.10417,0.62187,0.18194,0.61875,0.13889,0.61406,0.10694,0.60859,0.07917,0.63828,0.17917,0.63594,0.13611,0.63203,0.10417,0.62656,0.07639,0.65469,0.18056,0.65625,0.14583,0.65312,0.11944,0.64844,0.09722,0.59578,0.78647,0.9997,0.71677,0.66880,0.9148,0.64246,0.28594,0.9965,0.65151,0.46587,0.62969,0.28333,72.30,0.9229,live,0.3458,0.4288,256.02,597.09
156113.537136,100.0,0.5399,2,2,0,0.63047,0.29444,0.60000,0.26667,0.58750,0.22500,0.58672,0.18194,0.58516,0.14722,0.60859,0.20139,0.60156,0.16389,0.59609,0.13750,0.59062,0.11250,0.62578,0.19167,0.62266,0.14861,0.61719,0.11806,0.61094,0.08750,0.64219,0.19028,0.64141,0.14583,0.63594,0.11389,0.63125,0.08611,0.65938,0.19306,0.66094,0.15556,0.65859,0.13056,0.65312,0.10972,0.59497,0.78520,0.9997,0.71472,0.69092,0.9189,0.64478,0.30725,0.9968,0.64730,0.43158,0.63047,0.29444,73.49,0.9328,live,0.3711,0.4861,281.15,578.36
156113.604258,100.0,0.6518,2,2,0,0.63594,0.32222,0.60469,0.29306,0.59297,0.24861,0.59297,0.20417,0.59219,0.16944,0.61484,0.22361,0.60781,0.18194,0.60234,0.15139,0.59688,0.12500,0.63359,0.21389,0.63047,0.16528,0.62500,0.13194,0.61875,0.10000,0.65078,0.21250,0.65000,0.16389,0.64609,0.12917,0.64062,0.10000,0.66875,0.21667,0.67031,0.17639,0.66797,0.15000,0.66328,0.12639,0.59249,0.78565,0.9997,0.71459,0.71976,0.9217,0.64687,0.31559,0.9970,0.64503,0.40971,0.63594,0.32222,77.51,0.9155,live,0.3916,0.4854,274.12,564.76
156113.670565,100.0,0.7623,2,2,0,0.64453,0.36944,0.61250,0.35139,0.59844,0.30139,0.59766,0.25278,0.59688,0.21528,0.62031,0.25972,0.61484,0.21250,0.60859,0.18194,0.60313,0.15417,0.64219,0.25139,0.63984,0.19722,0.63438,0.16389,0.62734,0.13333,0.66094,0.25417,0.66172,0.20000,0.65781,0.16528,0.65156,0.13611,0.67891,0.26667,0.68281,0.22222,0.68047,0.19306,0.67578,0.16806,0.59233,0.79716,0.9997,0.71507,0.78963,0.9245,0.64938,0.39017,0.9972,0.64493,0.40166,0.64453,0.36944,82.79,0.8952,live,0.4016,0.4470,248.81,556.60
156113.737413,100.0,0.8737,2,2,0,0.66094,0.35833,0.63516,0.36111,0.61562,0.35694,0.60234,0.35139,0.59297,0.33472,0.63047,0.32222,0.62031,0.29028,0.61250,0.26944,0.60625,0.24861,0.65391,0.31528,0.65000,0.27361,0.64297,0.25000,0.63594,0.22500,0.67500,0.31944,0.67500,0.28750,0.67031,0.26667,0.66328,0.24583,0.69453,0.33333,0.70000,0.31944,0.70078,0.30417,0.69844,0.28889,0.59226,0.79902,0.9997,0.71540,0.89550,0.9257,0.65437,0.51025,0.9974,0.64813,0.39299,0.66094,0.35833,52.04,0.7059,live,0.4016,0.4088,215.56,527.28
156113.804242,100.0,0.9851,2,2,0,0.66719,0.73750,0.63359,0.70278,0.61250,0.64861,0.60469,0.60278,0.60547,0.55972,0.63984,0.55139,0.63516,0.49028,0.62656,0.45972,0.61641,0.45000,0.66719,0.54444,0.67109,0.47361,0.66563,0.44028,0.65312,0.43472,0.69063,0.55972,0.70000,0.49028,0.69375,0.46667,0.68203,0.46667,0.71172,0.59028,0.72344,0.53889,0.72109,0.52361,0.71250,0.52778,0.59285,0.80390,0.9997,0.72562,0.98186,0.9253,0.67342,0.68548,0.9975,0.65194,0.46189,0.66719,0.73750,123.50,0.9865,live,0.3852,0.3106,171.73,552.93
156113.870642,100.0,0.0957,2,1,1,0.67891,0.72083,0.64922,0.72778,0.62187,0.72500,0.61094,0.73750,0.61250,0.73750,0.64062,0.65278,0.63906,0.62361,0.63594,0.64167,0.63672,0.68056,0.67344,0.65833,0.67891,0.61111,0.67500,0.63472,0.67109,0.67639,0.70156,0.67917,0.71016,0.65417,0.70703,0.67778,0.70312,0.71528,0.72656,0.71250,0.73672,0.71667,0.73672,0.73333,0.73281,0.75556,0.60148,0.81343,0.9997,0.73024,1.00000,0.9200,0.68774,0.88765,0.9970,0.65733,0.51368,0.67891,0.72083,73.56,0.9826,live,0.3732,0.3183,171.73,539.54
156113.937659,100.0,0.2074,2,1,1,0.66172,0.96667,0.63125,0.94028,0.60781,0.88750,0.60547,0.85278,0.62656,0.83472,0.64219,0.79722,0.64219,0.73333,0.63516,0.73611,0.62734,0.77222,0.67266,0.80556,0.68594,0.72083,0.68125,0.73194,0.67266,0.77361,0.69766,0.83194,0.71641,0.76528,0.71016,0.78750,0.70078,0.82778,0.72031,0.87778,0.73906,0.83056,0.73438,0.84722,0.72578,0.87778,0.61169,0.82341,0.9997,0.72265,1.00000,0.9131,0.69327,0.95765,0.9959,0.65821,0.60428,0.66172,0.96667,113.89,0.9965,live,0.3555,0.2749,153.07,556.80
156114.004857,100.0,0.3194,2,1,1,0.66016,0.98056,0.63047,0.95694,0.60781,0.90833,0.60391,0.87222,0.62891,0.85694,0.64141,0.81250,0.64141,0.75000,0.63359,0.75694,0.62578,0.79583,0.67109,0.82500,0.68672,0.74444,0.68047,0.75556,0.66953,0.79722,0.69688,0.85556,0.71328,0.78611,0.70703,0.80278,0.69375,0.84167,0.71797,0.90000,0.73750,0.85139,0.73203,0.86250,0.71953,0.89306,0.61135,0.82914,0.9997,0.71461,1.00000,0.9080,0.69245,0.97322,0.9950,0.65860,0.67953,0.66016,0.98056,111.69,0.9974,live,0.3555,0.3630,207.05,570.40
156114.070750,100.0,0.4292,2,1,1,0.65703,0.96944,0.62891,0.94722,0.60547,0.89583,0.60078,0.85833,0.62187,0.83472,0.64141,0.80278,0.63984,0.73750,0.63047,0.74306,0.62109,0.78056,0.66953,0.81389,0.68359,0.73611,0.67734,0.74167,0.66563,0.78333,0.69375,0.84444,0.71172,0.77222,0.70625,0.78750,0.69297,0.82639,0.71406,0.88750,0.73359,0.83889,0.72969,0.84861,0.71797,0.87639,0.61793,0.83122,0.9997,0.71220,1.00000,0.9042,0.69212,0.96283,0.9945,0.65829,0.73752,0.65703,0.96944,109.97,0.9970,live,0.3685,0.4279,248.67,581.13
156114.137433,100.0,0.5404,2,1,1,0.65781,0.93333,0.62656,0.90694,0.60391,0.85556,0.60391,0.81389,0.62266,0.78333,0.63594,0.76111,0.63594,0.70000,0.62813,0.70139,0.61797,0.73333,0.66484,0.76806,0.67656,0.69444,0.67188,0.69306,0.66250,0.72778,0.69063,0.79444,0.70469,0.72917,0.69844,0.74167,0.68750,0.77361,0.71250,0.83611,0.72813,0.79167,0.72109,0.80139,0.70937,0.82639,0.61744,0.83138,0.9997,0.71672,1.00000,0.9008,0.69152,0.93211,0.9945,0.65819,0.77668,0.65781,0.93333,114.34,0.9970,live,0.3861,0.4662,276.81,593.71
156114.204423,100.0,0.6520,2,1,1,0.65625,0.88333,0.62500,0.83889,0.60625,0.77917,0.60938,0.73611,0.62500,0.70417,0.63594,0.68750,0.63750,0.63333,0.62813,0.62500,0.61953,0.64444,0.66328,0.69167,0.66953,0.62778,0.66328,0.61528,0.65391,0.63889,0.68672,0.71389,0.69844,0.65000,0.69219,0.64444,0.68203,0.67083,0.70703,0.75417,0.72109,0.70833,0.71406,0.70417,0.70234,0.72778,0.61053,0.82546,0.9997,0.71960,1.00000,0.8987,0.68709,0.87547,0.9945,0.65780,0.79801,0.65625,0.88333,124.50,0.9968,live,0.4025,0.4773,292.14,612.11
156114.271021,100.0,0.7630,2,1,1,0.65703,0.79167,0.62266,0.71667,0.60625,0.65139,0.60938,0.60000,0.62266,0.55972,0.63281,0.59861,0.62656,0.55000,0.61953,0.51944,0.61328,0.48889,0.65391,0.60000,0.65469,0.55000,0.65391,0.51667,0.65234,0.48333,0.67422,0.61389,0.67734,0.56667,0.67969,0.53333,0.67812,0.50278,0.69297,0.63750,0.70078,0.59722,0.70391,0.57083,0.70469,0.54306,0.59732,0.80666,0.9997,0.72499,0.98652,0.8955,0.67621,0.71228,0.9946,0.65765,0.79674,0.65703,0.79167,120.64,0.9580,live,0.4141,0.4667,291.92,625.52
156114.337907,100.0,0.8745,2,1,1,0.64766,0.56944,0.61172,0.52361,0.59922,0.46250,0.60781,0.41528,0.61641,0.37778,0.62578,0.39444,0.62031,0.34306,0.61016,0.32222,0.59844,0.31389,0.64687,0.39028,0.64844,0.32778,0.63984,0.29861,0.62734,0.28194,0.66563,0.40000,0.66953,0.34167,0.66250,0.31389,0.65234,0.30139,0.68281,0.42361,0.68750,0.37778,0.68437,0.35833,0.67734,0.35000,0.58969,0.79694,0.9997,0.72423,0.91203,0.8997,0.66702,0.56392,0.9950,0.65565,0.75128,0.64766,0.56944,112.07,0.9791,live,0.4086,0.3837,242.15,631.15
156114.404657,100.0,0.9858,2,1,1,0.64375,0.48194,0.60391,0.40556,0.59531,0.34722,0.60469,0.29444,0.61094,0.24861,0.61484,0.30833,0.60859,0.25417,0.60391,0.22222,0.59922,0.19167,0.63203,0.30556,0.62969,0.25000,0.62656,0.21528,0.62344,0.18750,0.64844,0.30694,0.65000,0.25556,0.64687,0.21806,0.64219,0.18611,0.66641,0.31667,0.66953,0.26806,0.66563,0.24028,0.66094,0.21667,0.58857,0.79723,0.9997,0.72477,0.81453,0.9034,0.65410,0.44882,0.9952,0.65327,0.69741,0.64375,0.48194,111.75,0.9496,live,0.3930,0.3221,204.83,635.87
156114.471345,100.0,0.0969,2,2,0,0.63906,0.40000,0.59766,0.32500,0.59297,0.26806,0.59922,0.21806,0.60391,0.17500,0.61250,0.23611,0.60938,0.18194,0.60703,0.15000,0.60469,0.11944,0.62734,0.23056,0.62578,0.17778,0.62187,0.14167,0.61875,0.11250,0.64062,0.23194,0.64062,0.18056,0.63594,0.14444,0.63125,0.11389,0.65781,0.23889,0.65625,0.19028,0.65078,0.16111,0.64453,0.13611,0.58942,0.79626,0.9998,0.72237,0.74914,0.9071,0.64607,0.36592,0.9953,0.65043,0.63793,0.63906,0.40000,105.55,0.9179,live,0.3619,0.2201,139.88,635.56
156114.538087,100.0,0.2081,2,2,0,0.62734,0.33750,0.59219,0.27500,0.58750,0.22361,0.59453,0.17639,0.60234,0.14306,0.60859,0.19167,0.60469,0.15000,0.59609,0.12361,0.58750,0.10000,0.62187,0.18333,0.62031,0.13472,0.61328,0.10278,0.60391,0.07778,0.63594,0.18194,0.63594,0.13333,0.63047,0.10139,0.62187,0.07778,0.65156,0.18750,0.65156,0.14583,0.64766,0.12083,0.64062,0.09861,0.58982,0.79495,0.9998,0.71179,0.70215,0.9120,0.63793,0.32401,0.9954,0.64581,0.57785,0.62734,0.33750,96.59,0.9272,live,0.3424,0.2534,159.36,628.84
156114.604880,100.0,0.3195,2,2,0,0.62187,0.29861,0.58750,0.25556,0.58359,0.20972,0.58984,0.16667,0.59609,0.13472,0.60234,0.17500,0.59844,0.13611,0.59219,0.11667,0.58437,0.10000,0.61797,0.16528,0.61484,0.11944,0.60859,0.09444,0.59922,0.07361,0.63125,0.16389,0.63203,0.11806,0.62578,0.09028,0.61719,0.06944,0.64687,0.16667,0.64687,0.12917,0.64297,0.10556,0.63438,0.08611,0.59222,0.79174,0.9998,0.70685,0.67852,0.9174,0.63399,0.29925,0.9957,0.64102,0.52200,0.62187,0.29861,86.53,0.9526,live,0.3424,0.3248,199.95,615.68
156114.671775,100.0,0.4309,2,2,0,0.61953,0.29167,0.58828,0.25417,0.58281,0.21250,0.58750,0.17083,0.59297,0.14167,0.60469,0.18194,0.59922,0.14444,0.59141,0.12222,0.58359,0.10278,0.61875,0.17222,0.61641,0.12778,0.60938,0.10000,0.60000,0.07639,0.63203,0.16944,0.63203,0.12361,0.62578,0.09444,0.61797,0.07222,0.64687,0.17083,0.64687,0.13194,0.64219,0.10833,0.63359,0.09028,0.59241,0.79112,0.9997,0.70644,0.67416,0.9211,0.63279,0.29585,0.9958,0.63673,0.47593,0.61953,0.29167,78.91,0.9600,live,0.3510,0.3901,233.52,598.61
156114.738036,100.0,0.5414,2,2,0,0.61875,0.29306,0.58906,0.26111,0.58281,0.22083,0.58828,0.17778,0.59453,0.14722,0.60703,0.19028,0.60156,0.15417,0.59375,0.12917,0.58516,0.11111,0.62109,0.18056,0.61875,0.13611,0.61172,0.10556,0.60234,0.08194,0.63516,0.17639,0.63516,0.13056,0.62813,0.10000,0.61953,0.07778,0.64922,0.17639,0.65000,0.13750,0.64453,0.11250,0.63594,0.09444,0.59231,0.79061,0.9997,0.70575,0.67610,0.9247,0.63130,0.29476,0.9961,0.63313,0.43936,0.61875,0.29306,76.02,0.9703,live,0.3683,0.4474,260.15,581.52
156114.805009,100.0,0.6530,2,2,0,0.62266,0.30417,0.59141,0.27361,0.58437,0.22917,0.59141,0.18333,0.59844,0.15139,0.60938,0.19861,0.60391,0.15972,0.59609,0.13472,0.58828,0.11389,0.62500,0.18889,0.62266,0.14306,0.61562,0.11111,0.60547,0.08750,0.63906,0.18472,0.63984,0.13889,0.63281,0.10694,0.62344,0.08333,0.65391,0.18611,0.65547,0.14722,0.65078,0.12083,0.64219,0.10139,0.59466,0.79293,0.9997,0.70758,0.69390,0.9267,0.63437,0.31363,0.9962,0.63104,0.41232,0.62266,0.30417,78.14,0.9546,live,0.3904,0.4910,278.87,568.00
156114.871570,100.0,0.7639,2,2,0,0.62578,0.33194,0.59531,0.29444,0.58906,0.24722,0.59531,0.20278,0.60078,0.16806,0.61562,0.21389,0.61172,0.17222,0.60313,0.14722,0.59453,0.12639,0.63203,0.20556,0.63047,0.15833,0.62344,0.12639,0.61484,0.09861,0.64687,0.20556,0.64766,0.15833,0.64219,0.12639,0.63359,0.09861,0.66172,0.21111,0.66484,0.17222,0.66094,0.14722,0.65234,0.12500,0.59491,0.79851,0.9997,0.70956,0.73618,0.9294,0.64094,0.32227,0.9964,0.62998,0.39624,0.62578,0.33194,83.70,0.9518,live,0.4030,0.4601,257.73,560.10
156114.938051,100.0,0.8747,2,2,0,0.62500,0.38194,0.59844,0.35139,0.59062,0.29722,0.59453,0.25000,0.60156,0.21528,0.61875,0.25139,0.61484,0.20556,0.60547,0.18056,0.59609,0.16111,0.63672,0.24444,0.63594,0.19306,0.62813,0.16250,0.61875,0.13750,0.65234,0.24861,0.65391,0.19722,0.64844,0.16667,0.63906,0.14306,0.66719,0.26111,0.67266,0.21667,0.66875,0.19028,0.65938,0.17083,0.59363,0.80253,0.9997,0.71022,0.80443,0.9307,0.64452,0.39146,0.9966,0.62899,0.39338,0.62500,0.38194,89.81,0.9725,live,0.4030,0.3965,221.10,557.56
156115.004865,100.0,0.9861,2,2,0,0.62969,0.42778,0.60391,0.40972,0.59219,0.37361,0.59062,0.34028,0.59375,0.30833,0.61641,0.31528,0.61250,0.27222,0.60391,0.25694,0.59453,0.25000,0.63594,0.31250,0.63516,0.26528,0.62813,0.24583,0.61797,0.23472,0.65312,0.32361,0.65547,0.28333,0.64844,0.26250,0.63828,0.25278,0.67109,0.34583,0.67500,0.31806,0.67031,0.30000,0.66172,0.28889,0.59089,0.80378,0.9997,0.71109,0.88878,0.9315,0.64370,0.50054,0.9968,0.62913,0.40026,0.62969,0.42778,79.71,0.9357,live,0.3889,0.3252,178.20,548.04
